liquidity_rank,code,name,industry,market,ticker,trade_date,close,return_1d,return_5d,return_20d,return_60d,return_120d,ma20,ma60,distance_ma20,distance_ma60,distance_high_120d,volatility_20d,latest_volume,avg_volume_20d,volume_ratio_20d,avg_turnover_20d,history_days,in_yahoo_pool,universe_source,universe_label
1,285A,キオクシアホールディングス,電気機器,プライム,285A.T,2026-07-31,46500.0,0.17721518987341778,-0.16979110873058378,-0.3902439024390244,0.07118175535590887,1.2371902814529707,62712.0,69880.66666666667,-0.2585151167240719,-0.3345799028820561,-0.5722171113155474,1.6622692417329217,1179600.0,49953655.0,0.023613887712520737,2932425450400.0,276,True,jpx_liquidity,JPX流動性
2,8035,東京エレクトロン,電気機器,プライム,8035.T,2026-07-31,55500.0,0.06240428790199082,-0.11426747526332592,-0.23910063065533316,0.07308584686774933,0.3479063053326543,65830.0,62787.833333333336,-0.15691933768798416,-0.11607078866128528,-0.2956852791878173,0.7666278251320687,14096600.0,4340605.0,3.247611796051472,307614975450.0,276,True,jpx_liquidity,JPX流動性
3,6976,太陽誘電,電気機器,プライム,6976.T,2026-07-31,10225.0,0.17218846727043458,-0.10424879544459043,-0.4987745098039216,0.5422322775263952,2.033384935603872,12860.9,13811.15,-0.20495455216975478,-0.259656147388161,-0.5486647539174575,1.3239468018931837,787700.0,24721240.0,0.03186328841109912,302265050790.0,276,True,jpx_liquidity,JPX流動性
4,9984,ソフトバンクグループ,情報・通信業,プライム,9984.T,2026-07-31,5260.0,0.1380354824751191,-0.043636363636363584,-0.15092816787732044,-0.18119551681195512,0.22496311742633668,5720.65,6369.7,-0.08052406632113474,-0.17421542615821783,-0.3906394810009268,0.9006719538569321,55655400.0,52221515.0,1.0657561351868095,292402319825.0,276,True,jpx_liquidity,JPX流動性
5,6857,アドバンテスト,電気機器,プライム,6857.T,2026-07-31,32500.0,0.16341507069983896,0.12281913974779757,0.1278847822314766,0.09372370856469803,0.2502588426510175,29004.0,28647.25,0.12053509860708878,0.13448934889038222,-0.09470752089136492,1.0081157912980658,18131300.0,9445535.0,1.9195630528074905,286152805525.0,276,True,jpx_liquidity,JPX流動性
6,6981,村田製作所,電気機器,プライム,6981.T,2026-07-31,7416.0,0.15586034912718194,-0.10768860546263992,-0.3180689655172414,0.31303116147308785,1.256167000680506,8534.35,8892.65,-0.13104102831498599,-0.16605286388196994,-0.3946122448979592,1.1084804307767497,2959500.0,32152385.0,0.0920460488389897,263770010225.0,276,True,jpx_liquidity,JPX流動性
7,5803,フジクラ,非鉄金属,プライム,5803.T,2026-07-31,4172.0,0.12150537634408609,-0.09166122360113216,-0.22280178837555886,-0.3579562942443829,0.1547443515312743,4683.7,5135.3,-0.10925123299955164,-0.18758397756703604,-0.46887332908975177,0.8144722468660794,73627300.0,39259885.0,1.8753824673709565,190894060630.0,276,True,jpx_liquidity,JPX流動性
8,8306,三菱ＵＦＪフィナンシャル・グループ,銀行業,プライム,8306.T,2026-07-31,3571.0,0.01304964539007103,-0.04874800213106023,0.08015728977616465,0.2472930492490395,0.26257201593517654,3567.25,3268.875,0.0010512299390286195,0.09242476387136245,-0.060015793629902614,0.3398222330362244,50098300.0,43431520.0,1.1535009596716854,158439775650.0,276,True,jpx_liquidity,JPX流動性
9,6920,レーザーテック,電気機器,プライム,6920.T,2026-07-31,37910.0,0.12760261748958945,-0.12184387305999533,-0.20590699622957687,-0.15605520926090832,0.1809968847352026,42839.0,43814.867513020836,-0.11505870818646557,-0.1347685808080108,-0.3379725696449929,0.9955010008170632,6540800.0,3403385.0,1.9218513333049303,154867835750.0,276,True,jpx_liquidity,JPX流動性
10,4062,イビデン,電気機器,プライム,4062.T,2026-07-31,16650.0,0.2197802197802199,-0.041450777202072575,-0.2890691716481639,0.016793893129771087,0.9878749607808137,17954.25,19692.916666666668,-0.07264296754250388,-0.15451833358017908,-0.369914853358562,1.2895719149185128,1063700.0,8541195.0,0.12453760861331464,146495576125.0,276,True,jpx_liquidity,JPX流動性
11,6146,ディスコ,機械,プライム,6146.T,2026-07-31,58480.0,0.1274339695392328,-0.03957956971588106,-0.23913609159510796,-0.2364538451494973,-0.12115388002136818,66759.0,71273.5,-0.12401324166030048,-0.17949869165959298,-0.33905967450271246,0.9541887908671689,4260400.0,1853605.0,2.298440066788771,129023756150.0,276,True,jpx_liquidity,JPX流動性
12,9983,ファーストリテイリング,小売業,プライム,9983.T,2026-07-31,78190.0,-0.003949044585987216,0.025846234584098626,-0.05017006802721091,0.03207497360084477,0.26671063561198527,80919.0,79379.83333333333,-0.0337250831077992,-0.014989113523795838,-0.11046643913538112,0.31421751277296134,1447200.0,1260680.0,1.1479518989751563,104994201250.0,276,False,jpx_liquidity,JPX流動性
13,7203,トヨタ自動車,輸送用機器,プライム,7203.T,2026-07-31,3067.0,-0.018873960332693507,0.05868139454608223,0.09810239885427863,0.02988582941571516,-0.1339267727934127,2934.15,2889.05,0.04527716715232688,0.06159464183728214,-0.21078417976363673,0.35513237415214205,37342500.0,32419180.0,1.151864421000161,97564539872.5,276,True,jpx_liquidity,JPX流動性
14,3436,ＳＵＭＣＯ,金属製品,プライム,3436.T,2026-07-31,3357.0,0.17521442324523018,-0.0734198178305272,-0.26655014201441996,0.10682492581602365,1.0507025045815515,4214.4,3905.7007080078124,-0.20344533029612755,-0.14048713637550814,-0.36743923120407007,1.369110549358577,13867600.0,22792620.0,0.6084250077437346,95979097602.5,276,True,jpx_liquidity,JPX流動性
15,8316,三井住友フィナンシャルグループ,銀行業,プライム,8316.T,2026-07-31,6814.0,0.02220222022202223,-0.04845691942466135,0.03666514529134335,0.19775004394445417,0.24741831329354902,6917.2,6396.95,-0.014919331521424883,0.06519513205512006,-0.05544774050457446,0.3197901336349907,15724400.0,12830520.0,1.2255465873557736,90020706790.0,276,True,jpx_liquidity,JPX流動性
16,5016,ＪＸ金属,非鉄金属,プライム,5016.T,2026-07-31,3797.0,0.13682634730538923,0.0071618037135279256,-0.06200592885375489,-0.28032600454890066,0.5412185591408782,3779.5,4067.3166666666666,0.0046302420955153245,-0.06646068866041899,-0.33618881118881117,0.8479290118463022,37341100.0,21823345.0,1.7110621676007962,84301913080.0,276,True,jpx_liquidity,JPX流動性
17,8411,みずほフィナンシャルグループ,銀行業,プライム,8411.T,2026-07-31,8167.0,0.0446405730365822,-0.0560564031437818,0.02433212090806469,0.17917990181923193,0.18673876396940825,8317.45,7742.333333333333,-0.018088476636469175,0.05484995909932411,-0.06833219256217204,0.432612913643858,13976600.0,9770530.0,1.4304853472636592,82979686325.0,276,True,jpx_liquidity,JPX流動性
18,6525,ＫＯＫＵＳＡＩ　ＥＬＥＣＴＲＩＣ,電気機器,プライム,6525.T,2026-07-31,7422.0,0.15571473061351604,-0.13324769356533928,-0.288398849472675,0.05922648779791628,0.14766396179913843,9336.2,8668.25,-0.20502988367858455,-0.14377181091915903,-0.38149999999999995,1.3842542091484167,913300.0,8927725.0,0.10229929797344789,81612862580.0,276,True,jpx_liquidity,JPX流動性
19,7974,任天堂,その他製品,プライム,7974.T,2026-07-31,7679.0,-0.05721301411909152,0.10187975319271048,0.07594227266358411,0.03714208535926522,-0.2232752232444043,7247.9,7196.066666666667,0.059479297451675794,0.06711073642082255,-0.23391533636358763,0.4224123612944656,18014300.0,9353250.0,1.9259936385748269,72010763340.0,276,True,jpx_liquidity,JPX流動性
20,7011,三菱重工業,機械,プライム,7011.T,2026-07-31,3764.0,0.007494646680942241,-0.0458808618504436,-0.006335797254487852,-0.1685442898166556,-0.18788268140121644,3837.3,3848.616666666667,-0.01910197274125036,-0.021986254801508842,-0.2733933878341328,0.44027563495484795,22424900.0,17955970.0,1.2488826835865732,70209666695.0,276,True,jpx_liquidity,JPX流動性
21,6758,ソニーグループ,電気機器,プライム,6758.T,2026-07-31,3787.0,-0.0057757941716986005,0.11088295687885008,0.13723723723723724,0.20990415335463264,0.08468166659522414,3497.9,3441.983333333333,0.08264958975385239,0.10023775052174377,-0.0057757941716986005,0.27200908691889275,39278600.0,17342470.0,2.2648792242396842,65020778320.0,276,True,jpx_liquidity,JPX流動性
22,6723,ルネサスエレクトロニクス,電気機器,プライム,6723.T,2026-07-31,3442.0,0.07697121401752183,-0.12372708757637474,-0.28913672036348614,-0.049958597847088004,0.32793209876543217,4162.9,4280.6,-0.1731725479833769,-0.1959071158248844,-0.3281280499707203,0.7567558053732466,25693900.0,14808735.0,1.7350502929520988,63036261070.0,276,True,jpx_liquidity,JPX流動性
23,7735,ＳＣＲＥＥＮホールディングス,電気機器,プライム,7735.T,2026-07-31,12600.0,0.05175292153589317,-0.20504731861198733,-0.30213237330379394,0.11504424778761058,0.21716356852389196,16458.25,14438.75,-0.23442650342533378,-0.1273482815340663,-0.35351462288352997,0.9501316658169912,8553700.0,3744365.0,2.2844193875329997,62975111850.0,276,True,jpx_liquidity,JPX流動性
24,5801,古河電気工業,非鉄金属,プライム,5801.T,2026-07-31,3145.0,0.13231323132313233,-0.0717237308146399,-0.20900402414486918,-0.93207343412527,-0.7777095820638094,3440.35,24873.25,-0.08584882352086265,-0.8735589438452956,-0.9477053541735949,0.8551371381037491,39342900.0,17579230.0,2.2380331789276324,62336877092.5,276,True,jpx_liquidity,JPX流動性
25,6501,日立製作所,電気機器,プライム,6501.T,2026-07-31,5267.0,0.002283539486203523,0.08597938144329897,0.1280788177339902,0.08597938144329897,-0.015549508793080702,4857.6,4857.533333333334,0.08428030303030298,0.08429518411264958,-0.08949327203648305,0.3580494331255472,19901100.0,12216480.0,1.6290371694628896,60693473730.0,276,True,jpx_liquidity,JPX流動性
26,4063,信越化学工業,化学,プライム,4063.T,2026-07-31,5800.0,0.007644197359277349,-0.13458669054013728,-0.17425968109339407,-0.24782777849824922,0.13978200364203652,6850.8,7111.75,-0.15338354644713026,-0.18444827222554228,-0.2569818088649757,0.5396115589977301,18785700.0,8408265.0,2.2341945692720198,59834252440.0,276,True,jpx_liquidity,JPX流動性
27,5802,住友電気工業,非鉄金属,プライム,5802.T,2026-07-31,2184.0,0.0353164256932923,-0.11543134872417982,-0.18765110656499906,-0.807492287351256,-0.7115316413563204,2392.175,6794.375,-0.08702331560191046,-0.6785576303927882,-0.843609022556391,0.662662663027382,63080100.0,21585785.0,2.9222981698372332,56012489660.0,276,True,jpx_liquidity,JPX流動性
28,6861,キーエンス,電気機器,プライム,6861.T,2026-07-31,81150.0,0.027605419779663132,0.1299081035923142,0.009328358208955168,0.022684310018903586,0.4325556095877734,75564.0,76850.66666666667,0.07392409083690654,0.05594399528089111,-0.03587976713793517,0.5049024544040628,1256200.0,678310.0,1.8519555955241704,54448360350.0,276,False,jpx_liquidity,JPX流動性
29,6098,リクルートホールディングス,サービス業,プライム,6098.T,2026-07-31,12550.0,-0.028261711188540484,0.04106180008295324,0.07910576096302657,0.6789297658862876,0.5069642805421704,12468.5,10977.216666666667,0.006536471909211139,0.14327706021411002,-0.041984732824427495,0.3678678481737521,5277600.0,4202840.0,1.2557223210971629,52521182750.0,276,True,jpx_liquidity,JPX流動性
30,6506,安川電機,電気機器,プライム,6506.T,2026-07-31,4867.0,0.07108274647887325,-0.04885675200312678,-0.29890521463555175,-0.18516658295663824,-0.05937756857475307,5729.85,6490.733333333334,-0.15058858434339473,-0.2501617690861845,-0.36420640104506863,0.8765068843301073,8452600.0,8779810.0,0.9627315397485823,50039577410.0,276,True,jpx_liquidity,JPX流動性
31,6752,パナソニック　ホールディングス,電気機器,プライム,6752.T,2026-07-31,4284.0,0.1953125,0.10327066701004384,-0.05784033428634261,0.2791878172588833,1.0108840743402814,4140.0,3942.616666666667,0.034782608695652195,0.08658801050064047,-0.10188679245283017,0.8450222024992331,3715000.0,11487740.0,0.32338823824355356,44531544100.0,276,True,jpx_liquidity,JPX流動性
32,5706,三井金属,非鉄金属,プライム,5706.T,2026-07-31,30950.0,0.1422771729101311,-0.030084612973989344,-0.19084967320261437,-0.35601331668747405,0.49383542131298475,32901.5,42208.166666666664,-0.05931340516389827,-0.26672958234780786,-0.436247723132969,0.9634724684059821,2125900.0,1262415.0,1.6839945659707782,42336785325.0,276,True,jpx_liquidity,JPX流動性
33,6954,ファナック,電気機器,プライム,6954.T,2026-07-31,7135.0,0.07714371980676327,0.07714371980676327,-0.010264946594534585,0.005637773079633535,0.12020204064485696,6887.35,7358.783333333334,0.035957225928695324,-0.03041037127967261,-0.15341718082581868,0.5909466453932125,9476000.0,5829150.0,1.6256229467418062,41832619325.0,276,True,jpx_liquidity,JPX流動性
34,6762,ＴＤＫ,電気機器,プライム,6762.T,2026-07-31,3008.0,0.06989151698381657,-0.004303210857331985,-0.17814207650273228,0.03867403314917128,0.3725549129779788,3159.2,3443.4333333333334,-0.04786021777665228,-0.12645324917959788,-0.2683045487715884,0.5426710948649464,20004700.0,12973055.0,1.542019208274381,41561616822.5,276,True,jpx_liquidity,JPX流動性
35,8766,東京海上ホールディングス,保険業,プライム,8766.T,2026-07-31,8114.0,-0.01072909046574011,-0.0002464268112370993,0.08028225269604583,0.12538141470180308,0.3844336492549456,7881.25,7480.516666666666,0.029532117367168986,0.08468443578986307,-0.03324198737042772,0.3003139492433654,4956200.0,5198880.0,0.9533207152309728,39639623910.0,276,True,jpx_liquidity,JPX流動性
36,9432,ＮＴＴ,情報・通信業,プライム,9432.T,2026-07-31,152.39999389648438,-0.04150947234915492,0.00727026320250812,0.04312106454331732,0.01061001864951816,-0.008425865291788903,151.28000030517578,149.29666646321616,0.0074034478387707825,0.02078631430148392,-0.04928265130926213,0.21702431246026066,366355600.0,240069545.0,1.5260394649392117,37252202082.71576,276,True,jpx_liquidity,JPX流動性
37,7012,川崎重工業,輸送用機器,プライム,7012.T,2026-07-31,2763.0,0.029625489100055802,-0.008077544426494332,-0.0007233273056057588,-0.15010765918179025,0.013326241906304492,2754.825,2920.4,0.0029675206229071716,-0.05389672647582522,-0.2433830898723126,0.41788861936911886,13063400.0,14098415.0,0.9265864283325466,37048915062.5,276,True,jpx_liquidity,JPX流動性
38,8058,三菱商事,卸売業,プライム,8058.T,2026-07-31,4776.0,-0.00020933640360054628,-0.02887352582350544,0.08916761687571273,-0.11522786217117453,0.1456469039680357,4631.35,4840.666666666667,0.03123279389378908,-0.013359041454345189,-0.18803128187691265,0.2881399171021811,9120900.0,7890405.0,1.1559482688150988,36773503225.0,276,True,jpx_liquidity,JPX流動性
39,4004,レゾナック・ホールディングス,化学,プライム,4004.T,2026-07-31,13725.0,0.1319587628865979,-0.05377456049638052,-0.2332402234636871,-0.11962796664528541,0.4718498659517427,14840.75,16770.833333333332,-0.07518151036841125,-0.18161490683229808,-0.29434447300771205,0.8560852851979486,4295100.0,2420675.0,1.7743398019147552,36587222925.0,276,True,jpx_liquidity,JPX流動性
40,7013,ＩＨＩ,機械,プライム,7013.T,2026-07-31,2827.5,0.02020566480245356,-0.017717561229807166,0.009280742459396807,-0.0714285714285714,-0.23112752348686383,2832.175,2743.6,-0.0016506748347119293,0.030580259513048658,-0.3698663140097864,0.43697905809277265,15271700.0,12300915.0,1.2415092698388697,35092850597.5,276,True,jpx_liquidity,JPX流動性
41,6701,日本電気,電気機器,プライム,6701.T,2026-07-31,4740.0,-0.052379048380647775,0.11555660155330671,0.12857142857142856,0.1767626613704072,-0.10960580865099068,4416.8,4170.85,0.07317514942945125,0.1364589951688504,-0.052379048380647775,0.49877832254532417,11240600.0,7291645.0,1.541572580672811,33143013705.0,276,True,jpx_liquidity,JPX流動性
42,2914,日本たばこ産業,食料品,プライム,2914.T,2026-07-31,7135.0,0.07051762940735173,0.10431821699427335,0.17178518640170792,0.20178541350850598,0.2348563516787816,6365.6,6176.5007731119795,0.12086841774538137,0.15518483071525435,0.0,0.2934399016135627,12526600.0,4731490.0,2.64749582055547,32951686700.0,276,True,jpx_liquidity,JPX流動性
43,6503,三菱電機,電気機器,プライム,6503.T,2026-07-31,5912.0,0.11169612636329451,0.04637168141592918,-0.0001691188905801333,-0.0831265508684863,0.1890865214922428,5664.4,5946.25,0.043711602287973994,-0.005759932730712625,-0.09878048780487803,0.5927649494821571,10558100.0,5317655.0,1.9854804420369505,31437483040.0,276,True,jpx_liquidity,JPX流動性
44,6702,富士通,電気機器,プライム,6702.T,2026-07-31,3659.0,-0.06227575602255253,0.11588899054589819,0.09419856459330145,0.1293209876543211,-0.16130693017889863,3417.45,3366.233333333333,0.07068135598179937,0.08697159040272506,-0.10292592909606435,0.4658839116573533,15852800.0,8298865.0,1.9102371227872728,30402353690.0,276,True,jpx_liquidity,JPX流動性
45,8031,三井物産,卸売業,プライム,8031.T,2026-07-31,4937.0,0.0034552845528454945,-0.005839710028191725,0.08481652384091398,-0.11491574040874863,-0.031918983174537785,4779.2,5016.766666666666,0.033018078339471124,-0.0159000152820874,-0.25173254188931216,0.23134990451309997,6469000.0,6505770.0,0.994348094076489,30298441940.0,276,True,jpx_liquidity,JPX流動性
46,8136,サンリオ,卸売業,プライム,8136.T,2026-07-31,1272.5,-0.05984484669375689,0.09745579991375597,0.14433453237410077,0.49582694456376375,0.3586702436238365,1196.175,1007.590000406901,0.06380755324262766,0.2629144785935935,-0.05984484669375689,0.5369013611398341,24847400.0,25155745.0,0.9877425613910461,30236624162.5,276,True,jpx_liquidity,JPX流動性
47,6367,ダイキン工業,機械,プライム,6367.T,2026-07-31,23295.0,-0.014593908629441654,-0.02449748743718594,-0.07209719179446328,-0.06068548387096773,0.20054451612591517,24662.0,24152.583333333332,-0.05542940556321463,-0.03550689884794922,-0.10917782026768641,0.17396098233782606,1509800.0,1221715.0,1.2358037676544857,30169556950.0,276,False,jpx_liquidity,JPX流動性
48,6963,ローム,電気機器,プライム,6963.T,2026-07-31,4331.0,0.11308147005911073,-0.07615187713310578,-0.16887353674918437,0.16143738267632068,0.6088129966161901,4939.05,4943.8,-0.12311071967281162,-0.12395323435414052,-0.27210084033613446,0.9618136758959802,8443500.0,5400485.0,1.5634706882807747,27736602635.0,276,True,jpx_liquidity,JPX流動性
49,7267,本田技研工業,輸送用機器,プライム,7267.T,2026-07-31,1625.5,-0.02664670658682633,0.05826822916666674,0.064505566470203,0.2905915045653036,0.057728643404482805,1562.675,1459.15,0.04020349720831273,0.1140047287804542,-0.03731122297897538,0.33107509133758056,23442500.0,17337970.0,1.3520902389380072,27125503605.0,276,True,jpx_liquidity,JPX流動性
50,8001,伊藤忠商事,卸売業,プライム,8001.T,2026-07-31,2014.0,-0.0046948356807511304,0.028863346104725407,0.06786850477200423,0.00248880039820798,0.0023211959797040382,1939.075,1916.3916666666667,0.038639557520983026,0.050933394791426556,-0.10320954756639544,0.16794954845444898,18422100.0,13617575.0,1.352817957676018,26697451422.5,276,True,jpx_liquidity,JPX流動性
51,7741,ＨＯＹＡ,精密機器,プライム,7741.T,2026-07-31,24675.0,0.0350251677852349,0.004682410423452854,-0.035756154747948465,-0.10305343511450382,-0.0864705357896296,24902.25,26072.25,-0.009125681414330011,-0.05359146218680777,-0.17832167832167833,0.3647361632319057,2127000.0,1015675.0,2.094173825288601,26544598400.0,276,False,jpx_liquidity,JPX流動性
52,5401,日本製鉄,鉄鋼,プライム,5401.T,2026-07-31,649.5999755859375,-0.015757612748579564,0.0530068890869857,0.1985239401954566,0.11481030028730621,0.0004872219166573988,594.6499969482422,566.0666646321614,0.09240726296090118,0.1475679741856153,-0.05025387283344285,0.22382561617606525,46837400.0,40727385.0,1.15002227616627,25236459882.636414,276,True,jpx_liquidity,JPX流動性
53,9433,ＫＤＤＩ,情報・通信業,プライム,9433.T,2026-07-31,2921.0,-0.042608980662077967,-0.0005132591958939559,0.07251698182485766,0.15683168316831675,0.09211581684529158,2870.375,2746.4166666666665,0.017637068327309047,0.06356767909700523,-0.06016731016731014,0.2473480836528099,13640200.0,8328715.0,1.637731630869828,24928646135.0,276,True,jpx_liquidity,JPX流動性
54,6526,ソシオネクスト,電気機器,プライム,6526.T,2026-07-31,1912.5,0.010034327964087764,-0.20062695924764895,-0.3089430894308943,-0.06730065837600585,-0.08472530191937089,2455.15,2523.4333333333334,-0.22102519194346582,-0.24210401173005036,-0.3667218543046358,0.7671483498571535,15431200.0,10004155.0,1.5424790999339775,24018984990.0,276,True,jpx_liquidity,JPX流動性
55,6971,京セラ,電気機器,プライム,6971.T,2026-07-31,3691.0,0.03971830985915492,0.0005421523448088106,-0.050424491896063794,0.29463346194317785,0.43581576987949977,3692.85,3493.7833333333333,-0.0005009680869788591,0.05644788123667266,-0.057456588355464744,0.3634523946352781,10637100.0,6264675.0,1.6979492152426103,23576448320.0,276,True,jpx_liquidity,JPX流動性
56,7453,良品計画,小売業,プライム,7453.T,2026-07-31,4177.0,-0.011126893939393923,-0.005949547834364632,0.1900284900284901,0.1431308155446087,0.28978425410080955,4094.25,3740.6,0.020211271905721473,0.11666577554403035,-0.053692795650203906,0.700810296956556,3785400.0,5694595.0,0.6647355957710777,23238098505.0,276,False,jpx_liquidity,JPX流動性
57,8308,りそなホールディングス,銀行業,プライム,8308.T,2026-07-31,2191.5,0.006198347107438051,-0.0735573874445149,-0.002503413746017258,0.09029850746268653,0.1937749216120006,2310.0,2170.1583333333333,-0.05129870129870129,0.00983415188599901,-0.08439523710048047,0.35512063383985293,12573100.0,10017830.0,1.2550722062562452,23208270277.5,276,True,jpx_liquidity,JPX流動性
58,4502,武田薬品工業,医薬品,プライム,4502.T,2026-07-31,5513.0,-0.03585169639734176,-0.023902266288951868,0.0453166477057263,0.0382297551789077,0.035070162694135876,5507.05,5224.25,0.0010804332628175928,0.0552710915442407,-0.06400679117147712,0.26788765965428785,7218600.0,3936975.0,1.833539710056579,22767256790.0,276,True,jpx_liquidity,JPX流動性
59,8002,丸紅,卸売業,プライム,8002.T,2026-07-31,5201.0,0.0009622786759044821,-0.031471135940409734,0.08218893050353726,-0.053503184713375784,-0.009889533781246351,5114.85,5099.933333333333,0.016843113678797872,0.019817252513104844,-0.16623930974982748,0.3023090029555172,4669900.0,4414095.0,1.0579518564960655,22515850740.0,276,True,jpx_liquidity,JPX流動性
60,5713,住友金属鉱山,非鉄金属,プライム,5713.T,2026-07-31,8185.0,0.10161507402422609,0.09718498659517416,0.08828613216327619,-0.18839861179970252,-0.048093891334622496,7466.2,8424.683333333332,0.09627387425999845,-0.02845012967846461,-0.3618217027554895,0.7110097354475581,5112600.0,2883120.0,1.773287272121868,22426661010.0,276,True,jpx_liquidity,JPX流動性
61,8725,ＭＳ＆ＡＤインシュアランスグループホールディングス,保険業,プライム,8725.T,2026-07-31,4924.0,-0.012830793905372895,0.005308289097590846,0.12036405005688278,0.23007744191856117,0.24287750608891967,4694.45,4483.933333333333,0.048898166984417735,0.09814299944988769,-0.024950495049504973,0.2711672911808729,4614100.0,4838460.0,0.9536298739681635,22407393650.0,276,True,jpx_liquidity,JPX流動性
62,7182,ゆうちょ銀行,銀行業,プライム,7182.T,2026-07-31,3111.0,0.0003215434083601032,-0.09616502033701335,-0.011753494282083832,0.10436634717784887,0.1441473304318992,3288.15,3143.75,-0.05387527941243564,-0.010417495029821033,-0.09747606614447346,0.38454745199072815,11005300.0,6466730.0,1.7018338480190143,22221608200.0,276,True,jpx_liquidity,JPX流動性
63,6301,小松製作所,機械,プライム,6301.T,2026-07-31,6994.0,-0.013122618879638726,0.05299608551641066,0.0945226917057902,0.06372623574144476,0.021486011051154774,6620.35,6545.866666666667,0.056439614219792045,0.06846050433861572,-0.08984405927036354,0.41219056338347193,4503900.0,3254455.0,1.3839183519206748,22213085615.0,276,True,jpx_liquidity,JPX流動性
64,6361,荏原製作所,機械,プライム,6361.T,2026-07-31,5558.0,0.12214819301433466,-0.021651117760957628,-0.07196526966104522,-0.03557175082422348,0.09582018927444791,5701.15,5754.082495117187,-0.025108969243047397,-0.03407710878034498,-0.17527508499544553,0.7819202223357126,4341900.0,3764545.0,1.1533664758954933,21472122255.0,276,True,jpx_liquidity,JPX流動性
65,4661,オリエンタルランド,サービス業,プライム,4661.T,2026-07-31,3167.0,0.0845890410958905,0.1806150978564771,0.26427145708582844,0.4278629395852118,0.17752166432091832,2726.225,2417.391666666667,0.1616796119175783,0.31008973170117926,0.0,0.4645936811856999,21555500.0,6707075.0,3.2138450814997594,21135470407.5,276,True,jpx_liquidity,JPX流動性
66,2802,味の素,食料品,プライム,2802.T,2026-07-31,4965.0,0.02603843769373837,-0.025706436420722123,-0.17825223435948356,0.0014118596208148038,0.4048536248137864,5399.3,5380.2,-0.08043635286055606,-0.07717185234749635,-0.1959514170040486,0.307382892567534,6792600.0,3863050.0,1.7583515615899354,21102811475.0,276,True,jpx_liquidity,JPX流動性
67,3382,セブン＆アイ・ホールディングス,小売業,プライム,3382.T,2026-07-31,2109.0,-0.055530676220331365,-0.017241379310344862,0.05449999999999999,0.11410459587955635,-0.05364642610770165,2081.65,1959.2166666666667,0.013138616001729275,0.07645062227250676,-0.10186066425470608,0.3419000450655859,9083900.0,9766750.0,0.9300842142985128,20623262487.5,276,True,jpx_liquidity,JPX流動性
68,4519,中外製薬,医薬品,プライム,4519.T,2026-07-31,6932.0,-0.019657757035779988,-0.06526429341963325,-0.06576819407008083,-0.14366893143915993,-0.21503793454874875,7265.55,7518.547265625,-0.04590843088272745,-0.07801337743884518,-0.3369679579148732,0.3799472466566736,2876800.0,2796285.0,1.0287935600269644,20393940260.0,276,False,jpx_liquidity,JPX流動性
69,6273,ＳＭＣ,機械,プライム,6273.T,2026-07-31,70480.0,0.06529625151148721,-0.006904325771452724,-0.03026967528893776,-0.10603754439370883,0.10992624413237095,71558.0,70402.66666666667,-0.01506470275860139,0.0010984432407863398,-0.16650898770104072,0.5920703912650928,330300.0,287905.0,1.1472534342925618,20323555450.0,276,False,jpx_liquidity,JPX流動性
70,6871,日本マイクロニクス,電気機器,プライム,6871.T,2026-07-31,13580.0,0.13830678960603526,-0.11588541666666663,-0.1415929203539823,-0.035511363636363646,0.5292792792792793,15052.5,15154.333333333334,-0.09782428168078394,-0.10388667707806354,-0.23059490084985834,1.1271357105992077,2209400.0,1306955.0,1.6904943169428175,20229068750.0,276,True,jpx_liquidity,JPX流動性
71,8591,オリックス,その他金融業,プライム,8591.T,2026-07-31,6410.0,0.0150435471100554,-0.01912777352716144,0.021025804396304526,0.22048743335872056,0.3558841674045474,6454.7,6237.766666666666,-0.006925186298356256,0.027611378003879583,-0.03941255806983368,0.34746809716579985,3900700.0,3106910.0,1.2554917908790406,20224097055.0,276,False,jpx_liquidity,JPX流動性
72,4568,第一三共,医薬品,プライム,4568.T,2026-07-31,2567.5,-0.11128418137763929,-0.08287194141811038,-0.02783036728511923,-0.012499999999999956,-0.11341199068197727,2753.925,2646.25,-0.06769429087575007,-0.029759093056211605,-0.15073897115381896,0.45987471196223134,18478700.0,6479370.0,2.8519285053948145,19615390035.0,276,True,jpx_liquidity,JPX流動性
73,7751,キヤノン,電気機器,プライム,7751.T,2026-07-31,4428.0,-0.02766798418972327,-0.021652673442333237,0.05328258801141761,0.09522631709126883,-0.08056478405315615,4438.2,4298.7002888997395,-0.0022982290117614657,0.030078791823226814,-0.10164333536214243,0.3428755884242136,8765400.0,4123185.0,2.1258808421159854,19479837810.0,276,True,jpx_liquidity,JPX流動性
74,8750,第一ライフグループ,保険業,プライム,8750.T,2026-07-31,1918.5,0.01080084299262385,-0.0033766233766233666,0.05152096464784872,0.3104508196721312,0.3973579714259321,1880.125,1747.575,0.020410876936374,0.09780696107463194,-0.020673813169984734,0.2838029206509955,9008700.0,10208310.0,0.8824869150721324,19098090192.5,276,True,jpx_liquidity,JPX流動性
75,8053,住友商事,卸売業,プライム,8053.T,2026-07-31,1670.0,0.04899497487437188,0.041147132169575995,0.05429292929292928,-0.7743243243243243,-0.7326063275986849,1587.05,4025.85,0.05226678428530929,-0.5851807692785375,-0.7830887128198467,0.32120739529840475,32725000.0,10939820.0,2.9913654886460654,18851875195.0,276,True,jpx_liquidity,JPX流動性
76,8015,豊田通商,卸売業,プライム,8015.T,2026-07-31,6722.0,0.014641509433962252,0.046225680933852153,0.10070411003766178,-0.017251461988304073,0.18066403569919154,6330.75,6465.866666666667,0.06180152430596686,0.039613148018311506,-0.09125321076111936,0.33827963107125303,5575400.0,2780445.0,2.005218589110736,18530577005.0,276,True,jpx_liquidity,JPX流動性
77,8630,ＳＯＭＰＯホールディングス,保険業,プライム,8630.T,2026-07-31,7113.0,-0.014683474165396837,0.008793078995887216,0.09666975023126745,0.2144442547379204,0.3019272377289981,6846.65,6326.583333333333,0.03890223686036243,0.12430353402968963,-0.03369107458225784,0.27619129163100836,3011300.0,2659655.0,1.132214516544439,18363909505.0,276,False,jpx_liquidity,JPX流動性
78,8604,野村ホールディングス,証券、商品先物取引業,プライム,8604.T,2026-07-31,1520.0,0.03401360544217691,-0.050000000000000044,0.04252400548696844,0.2155137944822072,0.14237703532102342,1555.6,1413.0333333333333,-0.022885060426844905,0.07570003066688691,-0.06519065190651907,0.43534571558703206,21164100.0,11000415.0,1.9239365060318179,18066155035.0,276,True,jpx_liquidity,JPX流動性
79,9501,東京電力ホールディングス,電気・ガス業,プライム,9501.T,2026-07-31,520.0,-0.007633587786259555,0.006386660954144752,0.1368605311299651,-0.16666666666666663,-0.12176993507656864,501.054997253418,524.9633341471355,0.03781022612374074,-0.009454630112784912,-0.2727272727272727,0.2855969340104434,50038100.0,34517870.0,1.4496288444217444,18050305729.28421,276,True,jpx_liquidity,JPX流動性
80,9434,ソフトバンク,情報・通信業,プライム,9434.T,2026-07-31,223.39999389648438,-0.03706899182549839,0.008122688372706577,0.06330312901759716,0.009489339429586074,0.06637661333184353,219.92500076293945,216.71166763305663,0.015800809919244596,0.03086278803757181,-0.052988555843223706,0.23099205061510641,101869500.0,80190370.0,1.2703458033676611,17904143057.196426,276,True,jpx_liquidity,JPX流動性
81,8309,三井住友トラストグループ,銀行業,プライム,8309.T,2026-07-31,1654.0,-0.010765550239234423,-0.02877275396359369,-0.7357827476038339,-0.7031053670795189,-0.6755037515836162,3886.1625,5165.570833333333,-0.5743873294027205,-0.6798030550027949,-0.755216812194761,2.62909867243186,16815400.0,6636760.0,2.53367607085385,17880923295.0,276,True,jpx_liquidity,JPX流動性
82,7936,アシックス,その他製品,プライム,7936.T,2026-07-31,4754.0,-0.016345954893440928,-0.00813686626330068,0.06258381761287435,0.027225583405358744,0.25138194261647806,4793.25,4592.137182617187,-0.00818859855004428,0.03524781837866664,-0.04461414790996787,0.3532941952212656,3100300.0,3461500.0,0.8956521739130435,16625603950.0,276,False,jpx_liquidity,JPX流動性
83,6902,デンソー,輸送用機器,プライム,6902.T,2026-07-31,1967.5,-0.10466439135381111,-0.004805260495700514,0.018111254851228997,0.02768346826847745,-0.029833456677578418,1997.975,1922.1083333333333,-0.015252943605400415,0.023615561037575894,-0.12895919287610091,0.4768209078229692,24785700.0,7296440.0,3.3969579685435636,16393414787.5,276,True,jpx_liquidity,JPX流動性
84,1605,ＩＮＰＥＸ,鉱業,プライム,1605.T,2026-07-31,3627.0,-0.0002756339581035938,-0.035628822121776094,0.1320224719101124,-0.05792207792207793,0.05528076811172533,3497.25,3562.716516113281,0.03710057902637787,0.018043390091796674,-0.25979591836734695,0.3334034979793416,3219500.0,4658790.0,0.6910592664618924,16138647690.0,276,False,jpx_liquidity,JPX流動性
85,5108,ブリヂストン,ゴム製品,プライム,5108.T,2026-07-31,3965.0,-0.020987654320987703,0.0670075349838537,0.13124108416547786,0.19933454325468847,0.11658687693607428,3736.8,3500.8758870442707,0.06106829372725331,0.13257371238818227,-0.03762135922330101,0.29832094670579523,6368200.0,4130645.0,1.54169627261602,16091470415.0,276,True,jpx_liquidity,JPX流動性
86,3110,日東紡績,ガラス・土石製品,プライム,3110.T,2026-07-31,2800.0,0.07775211701308704,-0.12363067292644758,-0.22971114167812934,-0.9123630672926447,-0.8149330061613264,3232.3,12260.9,-0.1337437737833741,-0.7716317725452455,-0.9123630672926447,0.6722843212424019,7146600.0,4976920.0,1.43594833752602,15993130390.0,276,True,jpx_liquidity,JPX流動性
87,4578,大塚ホールディングス,医薬品,プライム,4578.T,2026-07-31,11100.0,-0.018133569217160583,-0.004930524428507388,-0.04269081500646832,-0.014209591474245165,0.18412630680605924,11179.75,11017.031982421875,-0.0071334332163062175,0.007530886513763768,-0.052496798975672165,0.2547618385246049,1839000.0,1426860.0,1.2888440351541146,15952860125.0,276,False,jpx_liquidity,JPX流動性
88,9101,日本郵船,海運業,プライム,9101.T,2026-07-31,6110.0,0.0014751680052449423,0.02758156744029594,0.17885394559135626,0.07950530035335679,0.19883508755525314,5667.85,5485.416666666667,0.07801018022707007,0.11386251424230909,-0.031542241242669244,0.2660141275982165,3780600.0,2704075.0,1.3981121085768702,15657185710.0,276,False,jpx_liquidity,JPX流動性
89,7269,スズキ,輸送用機器,プライム,7269.T,2026-07-31,2086.0,-0.031344323194799184,0.059690119380238826,0.01139393939393929,0.16862745098039222,-0.02166505008835551,2066.0,1944.325,0.00968054211035807,0.0728659046198552,-0.11529831590731698,0.3156150429838657,8776300.0,7686135.0,1.141835265708968,15530752417.5,276,True,jpx_liquidity,JPX流動性
90,6323,ローツェ,機械,プライム,6323.T,2026-07-31,3989.0,0.17116852613035816,-0.09237770193401595,-0.15145713677940864,0.009873417721518951,0.19238351926061026,4396.6,4258.816666666667,-0.09270800163762916,-0.06335484426425175,-0.2147637795275591,1.1131218114965291,4484400.0,3382365.0,1.3258178818666821,15436574660.0,276,True,jpx_liquidity,JPX流動性
91,8267,イオン,小売業,プライム,8267.T,2026-07-31,1364.0,-0.04146170063246657,0.01867064973861088,0.007385524372230501,-0.11829347123464773,-0.37368085743468005,1396.975,1396.825,-0.02360457416918693,-0.02349972258514854,-0.43003784721290605,0.3654866534326889,13302500.0,10579205.0,1.2574196265220308,15159492192.5,276,True,jpx_liquidity,JPX流動性
92,4307,野村総合研究所,情報・通信業,プライム,4307.T,2026-07-31,4686.0,-0.15961262553802014,-0.05045592705167168,-0.03101736972704716,0.1028477288773828,0.01953751085862865,5078.9,4753.333333333333,-0.07735927070822413,-0.01416549789621313,-0.15961262553802014,0.6659074504666888,7155600.0,2725280.0,2.625638466506194,14918328640.0,276,True,jpx_liquidity,JPX流動性
93,4503,アステラス製薬,医薬品,プライム,4503.T,2026-07-31,2202.0,-0.03716659379099252,0.016385875836602892,0.02921243281140451,-0.04344048653344923,0.005582137516717989,2179.8,2195.525,0.010184420589044674,0.002949180719873379,-0.17140169332079025,0.24077004304889843,8229600.0,6564355.0,1.2536799121924393,14570961445.0,276,True,jpx_liquidity,JPX流動性
94,4901,富士フイルムホールディングス,化学,プライム,4901.T,2026-07-31,3772.0,-0.015400678673975432,0.04026475455046885,0.07342060330108136,0.2856169052488071,0.2161716437900798,3668.8,3448.1833333333334,0.0281290885303096,0.09390935323431182,-0.024314536989136104,0.2916436085507031,4348800.0,3848515.0,1.1299942965013778,14168865340.0,276,False,jpx_liquidity,JPX流動性
95,6594,ニデック,電気機器,プライム,6594.T,2026-07-31,2591.0,0.04475806451612896,0.0164770498234601,-0.032486930545182924,-0.0007713073659852965,0.11058722674667809,2588.1,2663.3166666666666,0.0011205131177312033,-0.02715286078135659,-0.10624353225250083,0.3595077037869669,5345700.0,5395435.0,0.9907820222095161,14149196065.0,276,True,jpx_liquidity,JPX流動性
96,6324,ハーモニック・ドライブ・システムズ,機械,プライム,6324.T,2026-07-31,6140.0,0.11636363636363645,-0.06402439024390238,-0.24477244772447726,0.07530647985989503,0.7687188599210282,7043.0,7150.0,-0.12821240948459467,-0.14125874125874127,-0.30933633295838026,0.9863079825400317,1957700.0,1932305.0,1.0131423351903555,13796234700.0,276,True,jpx_liquidity,JPX流動性
97,8473,ＳＢＩホールディングス,証券、商品先物取引業,プライム,8473.T,2026-07-31,3038.0,0.07501769285208781,0.07596954134938905,0.145550527903469,-0.010745685444480624,-0.09697103004891405,2808.725,2871.616666666667,0.08162956501615515,0.05794064899562956,-0.13554705496920283,0.3944632839766273,12515400.0,4538020.0,2.7578988193088616,13786402355.0,276,True,jpx_liquidity,JPX流動性
98,6590,芝浦メカトロニクス,電気機器,プライム,6590.T,2026-07-31,4385.0,0.09762202753441795,-0.13339920948616601,-0.187962962962963,-0.13339920948616601,-0.07464982056069724,5229.75,5012.25,-0.16152779769587455,-0.12514339867325053,-0.26672240802675584,0.9711021518477021,2437100.0,2703805.0,0.9013593805766318,13738445750.0,276,True,jpx_liquidity,JPX流動性
99,6178,日本郵政,サービス業,プライム,6178.T,2026-07-31,2382.0,-0.01529557668458037,-0.04164152082076045,0.06458100558659208,0.27995701235894677,0.2513724581323795,2395.0,2212.025,-0.00542797494780789,0.07684135577129547,-0.05532421177870317,0.27234430918048075,6692700.0,5584025.0,1.1985440609596125,13613821942.5,276,True,jpx_liquidity,JPX流動性
100,9502,中部電力,電気・ガス業,プライム,9502.T,2026-07-31,2787.0,0.029933481152993435,-0.07084514085680949,-0.10328185328185324,0.014376706096451253,0.25171528237013296,3015.9,2898.825,-0.07589774196757193,-0.03857597474838936,-0.14246153846153842,0.43991068911515263,5747400.0,4504250.0,1.2759948937114947,13578597775.0,276,True,jpx_liquidity,JPX流動性
101,6479,ミネベアミツミ,電気機器,プライム,6479.T,2026-07-31,3702.0,0.054100227790432776,-0.04563031709203402,-0.21133361738389433,0.12522796352583576,0.14857544876832995,4061.05,4299.683333333333,-0.08841309513549456,-0.13900636093355712,-0.29431948150972165,0.5111499133137687,4227700.0,3265740.0,1.2945611101924832,13500141940.0,276,False,jpx_liquidity,JPX流動性
102,2502,アサヒグループホールディングス,食料品,プライム,2502.T,2026-07-31,1666.5,-0.047169811320754707,0.011225728155339842,0.07933937823834203,0.07933937823834203,0.013069908814589581,1636.875,1561.9833333333333,0.018098510882015972,0.066912792496719,-0.0619195046439629,0.32235166430590806,9547000.0,7892795.0,1.2095841840564718,13299018325.0,276,True,jpx_liquidity,JPX流動性
103,6504,富士電機,電気機器,プライム,6504.T,2026-07-31,14285.0,0.1252461599054746,0.1052224371373307,0.06366344005956814,0.017812611328820838,0.28030708100359036,12927.0,14136.916666666666,0.10505144271679434,0.01047493854742032,-0.17308248914616498,0.5959865990519627,2945200.0,912870.0,3.2263082366602034,13249716500.0,276,True,jpx_liquidity,JPX流動性
104,9104,商船三井,海運業,プライム,9104.T,2026-07-31,5894.0,-0.0065734030001685095,0.008728392948827768,0.15094708064831086,0.00408858603066431,0.19842669483898367,5616.95,5576.116666666667,0.04932392134521413,0.05700801334261896,-0.1466628058491386,0.2417181272673759,2683900.0,2340510.0,1.1467158867084524,13152088060.0,276,False,jpx_liquidity,JPX流動性
105,8801,三井不動産,不動産業,プライム,8801.T,2026-07-31,1560.0,-0.03165735567970207,0.006451612903225712,0.031746031746031855,-0.08181283107710413,-0.11966247776513173,1557.875,1535.2,0.0013640375511514424,0.01615424700364776,-0.26580466522250346,0.23372505879543534,10723900.0,8190015.0,1.3093871012446252,12912882595.0,276,True,jpx_liquidity,JPX流動性
106,8802,三菱地所,不動産業,プライム,8802.T,2026-07-31,3893.0,-0.046067140406763074,-0.02431077694235584,-0.04793348006847642,-0.11240310077519378,-0.034682758386888946,4156.6,4116.65,-0.0634172159938412,-0.05432815517471723,-0.2627362338171172,0.3441944950929306,4979700.0,3024730.0,1.6463287632284533,12870840330.0,276,True,jpx_liquidity,JPX流動性
107,6532,ベイカレント,サービス業,プライム,6532.T,2026-07-31,7139.0,-0.02592440987856459,0.09460288255136451,0.0890922959572844,0.39297560975609747,0.30634242986572535,6766.15,6019.616666666667,0.05510519276102377,0.18595591635126274,-0.03605184985147181,0.551053037172157,1926600.0,1927220.0,0.9996782930853768,12813632545.0,276,False,jpx_liquidity,JPX流動性
108,6315,ＴＯＷＡ,機械,プライム,6315.T,2026-07-31,2648.0,0.1359931359931359,-0.0721793973370708,-0.1902140672782875,-0.19878971255673228,-0.10242361664706623,2938.55,2993.0333333333333,-0.09887529563900566,-0.11527881413504693,-0.2519774011299435,0.9840480208388535,8262800.0,4208675.0,1.9632782288962678,12805415265.0,276,True,jpx_liquidity,JPX流動性
109,9697,カプコン,情報・通信業,プライム,9697.T,2026-07-31,3964.0,-0.03481860238616996,0.1783590963139121,0.23258706467661683,0.1839904420549583,0.1283701858669768,3464.1,3175.391666666667,0.14430876706792528,0.24834994108338337,-0.06266256798297465,0.7432199138260535,5452100.0,3274075.0,1.6652336919587976,12646034585.0,276,True,jpx_liquidity,JPX流動性
110,9766,コナミグループ,情報・通信業,プライム,9766.T,2026-07-31,20640.0,-0.05494505494505497,0.1266375545851528,0.14317363611188028,0.08774703557312247,-0.016248862317122414,19103.0,19038.083333333332,0.08045856671726948,0.08414274896370011,-0.09094913014754458,0.5961281140527487,1292500.0,611485.0,2.1137067957513267,12575203950.0,276,False,jpx_liquidity,JPX流動性
111,4911,資生堂,化学,プライム,4911.T,2026-07-31,3154.0,-0.061309523809523814,0.035796387520525386,0.16297935103244843,-0.050286058416139756,0.1636229477956097,3022.725,2812.605676269531,0.04342935596192188,0.12138008772821407,-0.10014265335235373,0.5654469638509032,4747900.0,3916230.0,1.2123649530288059,12336602992.5,276,True,jpx_liquidity,JPX流動性
112,5333,ＮＧＫ,ガラス・土石製品,プライム,5333.T,2026-07-31,5594.0,0.0665395614871307,-0.08069022185702546,-0.24323593073593075,0.046585594013096365,0.4770716661038934,6385.65,6429.65,-0.12397328384737649,-0.129968194225191,-0.28766076658601814,0.5969402654134651,3301400.0,1865905.0,1.769329092317133,12187667630.0,276,False,jpx_liquidity,JPX流動性
113,9022,東海旅客鉄道,陸運業,プライム,9022.T,2026-07-31,3988.0,-0.04456157163392427,0.02466598150051391,0.15493773530263533,0.0834012496604184,-0.13724689038914195,3806.3,3567.7,0.04773664713764014,0.11780699049808008,-0.16687316095803284,0.3095884126197161,4408300.0,3076800.0,1.4327548101924077,12139241875.0,276,False,jpx_liquidity,JPX流動性
114,9107,川崎汽船,海運業,プライム,9107.T,2026-07-31,2850.0,-0.004018871221387332,0.015680684248039922,0.14849889179931486,0.11328125,0.2632645154867208,2695.925,2595.0916666666667,0.05715107059729019,0.09822710180436789,-0.004018871221387332,0.2949477400046297,4745200.0,4516675.0,1.0505958476091373,12053534947.5,276,True,jpx_liquidity,JPX流動性
115,6988,日東電工,化学,プライム,6988.T,2026-07-31,3325.0,-0.03399186519465425,0.0009030704394943356,0.028456541911537236,0.07396640826873391,-0.03506402145316134,3298.05,3158.675,0.008171495277512486,0.052656572771810906,-0.0790090312458791,0.31302959912122885,5790000.0,3367530.0,1.7193610747343009,11709346335.0,276,True,jpx_liquidity,JPX流動性
116,2503,キリンホールディングス,食料品,プライム,2503.T,2026-07-31,2953.0,-0.037483702737939995,0.015474552957359,0.06356924185125168,0.15963086589436482,0.254727002336945,2913.55,2761.1918904622394,0.013540182938339695,0.06946569349283838,-0.05745292052345996,0.2781779576277825,4380800.0,3825830.0,1.1450587192844428,11587866682.5,276,False,jpx_liquidity,JPX流動性
117,7003,三井Ｅ＆Ｓ,機械,プライム,7003.T,2026-07-31,4868.0,0.028088701161562923,-0.001845396760303486,0.1183092120376752,-0.13794935363910044,-0.2834167266954163,4690.9,4549.183333333333,0.037753949135560516,0.07008217592168564,-0.397043964354844,0.6057850806744804,2396900.0,2432135.0,0.9855127285286385,11336212305.0,276,False,jpx_liquidity,JPX流動性
118,9020,東日本旅客鉄道,陸運業,プライム,9020.T,2026-07-31,3676.0,-0.03769633507853398,0.012114537444933848,0.0780058651026394,0.018282548476454386,-0.007089104361412857,3621.6,3527.866666666667,0.015020985199911685,0.041989493178124615,-0.06599486315337622,0.2779471437268821,4152800.0,3037845.0,1.3670216880716428,11250368635.0,276,False,jpx_liquidity,JPX流動性
119,7201,日産自動車,輸送用機器,プライム,7201.T,2026-07-31,336.20001220703125,-0.0529577120928697,0.04345127085533518,0.07756414168920278,-0.04434330905980011,-0.12969189016073135,325.41999969482424,338.91333262125653,0.03312645972071904,-0.008005941794144378,-0.27511854019904736,0.42441234576578646,57187100.0,32990880.0,1.7334214789056854,11166887740.85907,276,True,jpx_liquidity,JPX流動性
120,3563,ＦＯＯＤ　＆　ＬＩＦＥ　ＣＯＭＰＡＮＩＥＳ,小売業,プライム,3563.T,2026-07-31,5559.0,-0.031026668990761674,0.024134119380987418,0.17576142131979688,-0.4198497182216656,-0.31429628715924507,5252.95,7433.091666666666,0.05826250011898071,-0.2521281521484442,-0.4888275862068966,0.3876407955777571,2360000.0,2106245.0,1.120477437335163,11076141255.0,276,False,jpx_liquidity,JPX流動性
121,5334,日本特殊陶業,ガラス・土石製品,プライム,5334.T,2026-07-31,9415.0,0.057508704930922194,-0.002436956982411531,-0.125,0.1647903006309539,0.43767723124972413,9892.75,10035.533333333333,-0.04829294180081378,-0.0618336178778075,-0.143312101910828,0.476061665544057,1783300.0,1078950.0,1.6528106029009686,11025132965.0,276,False,jpx_liquidity,JPX流動性
122,4755,楽天グループ,サービス業,プライム,4755.T,2026-07-31,833.5999755859375,-0.004894397232120928,0.06109979823280831,0.12314734825605322,0.10998665191203405,-0.10586722460512255,804.9899932861329,766.4549957275391,0.03554079247993247,0.08760459548529997,-0.16001616779673533,0.22100998623634527,16198500.0,13118535.0,1.2347796457455043,10780283356.916504,276,True,jpx_liquidity,JPX流動性
123,1928,積水ハウス,建設業,プライム,1928.T,2026-07-31,3488.0,-0.027599665458600486,0.0057355058540173864,0.019286966686148377,0.01661323229379197,-0.0005730659025787732,3507.46787109375,3386.3892903645833,-0.005550406107548866,0.03000561982774208,-0.0883429168844746,0.22130295297542843,4541900.0,2898035.0,1.5672343501717543,10619520390.0,276,True,jpx_liquidity,JPX流動性
124,6787,メイコー,電気機器,プライム,6787.T,2026-07-31,20680.0,0.08899420747761977,-0.10476190476190472,-0.27641707487753675,-0.3371794871794872,0.4517336698540433,24185.5,31454.833333333332,-0.14494221744433644,-0.34254936973120187,-0.5240506329113924,0.8300952754921244,497000.0,433830.0,1.14561003157919,10609537500.0,276,True,jpx_liquidity,JPX流動性
125,7832,バンダイナムコホールディングス,その他製品,プライム,7832.T,2026-07-31,4609.0,-0.027431947668284495,0.12113840914619312,0.18452839886918526,0.27496542185338857,0.15520259178060325,4211.45,3875.0666666666666,0.09439741656674072,0.18939889206207217,-0.029070992205603496,0.36262725621596237,3081300.0,2341140.0,1.3161536687254927,10214401125.0,276,False,jpx_liquidity,JPX流動性
126,6383,ダイフク,機械,プライム,6383.T,2026-07-31,5983.0,0.05520282186948844,-0.03531118993872939,-0.1736187845303867,-0.18852570188525697,0.05241864555848719,6471.35,6874.6496988932295,-0.07546338862833879,-0.12970111030337717,-0.22790037424183762,0.4716520392317115,2458300.0,1553590.0,1.5823351077182526,10191809210.0,276,False,jpx_liquidity,JPX流動性
127,7270,ＳＵＢＡＲＵ,輸送用機器,プライム,7270.T,2026-07-31,2715.5,-0.03808005667729364,0.06198670316777477,0.08554867079752149,0.15898420827998283,-0.1919777551185864,2588.5,2495.4333333333334,0.04906316399459154,0.08818775630151077,-0.2148161147717894,0.34864227744279236,6220800.0,3734060.0,1.6659614467898212,10061304322.5,276,True,jpx_liquidity,JPX流動性
128,8729,ソニーフィナンシャルグループ,保険業,プライム,8729.T,2026-07-31,156.3000030517578,-0.01944787304533857,0.012961762543381994,0.06835269850583803,0.11008522488669437,0.04142381753097024,154.6599998474121,146.1683334350586,0.010603926069854719,0.06931507925552594,-0.035185166347173946,0.3222594983133131,57192400.0,63778130.0,0.8967399953557748,9910099453.93013,205,True,jpx_liquidity,JPX流動性
129,4452,花王,化学,プライム,4452.T,2026-07-31,3268.0,-0.0342789598108747,0.013962147067949182,0.0003060912151822137,-0.4545151059923218,-0.4820098272309399,3287.65,4449.1626912434895,-0.005976913600900358,-0.2654797707371245,-0.5165680473372781,0.23230667998384283,3932100.0,2984490.0,1.317511534634058,9909882740.0,276,False,jpx_liquidity,JPX流動性
130,4543,テルモ,精密機器,プライム,4543.T,2026-07-31,2324.0,-0.03788035603394746,0.07368907368907363,0.04944682772634912,0.18753193663771084,0.14141454958504118,2254.55,2234.775,0.03080437337827946,0.03992571959145774,-0.03788035603394746,0.34622536715404373,5158600.0,4364490.0,1.1819479480993198,9892255912.5,276,True,jpx_liquidity,JPX流動性
131,4186,東京応化工業,化学,プライム,4186.T,2026-07-31,8882.0,0.05775872335357857,-0.1162189054726368,-0.1652255639097744,-0.08846469622331687,0.16730187935339735,9992.45,10477.63984375,-0.11112890232125261,-0.15229000686655703,-0.23562822719449228,0.688887429589976,1787800.0,935065.0,1.9119526450032884,9715240815.0,276,False,jpx_liquidity,JPX流動性
132,7729,東京精密,精密機器,プライム,7729.T,2026-07-31,17160.0,0.11103917125283269,-0.020547945205479423,-0.10204081632653061,-0.06255121551488663,0.22446650173522253,17814.5,18091.75,-0.03673973448595247,-0.05150137493608964,-0.17973231357552577,0.8659286132823002,703100.0,545405.0,1.289133762983471,9701258350.0,276,True,jpx_liquidity,JPX流動性
133,5411,ＪＦＥホールディングス,鉄鋼,プライム,5411.T,2026-07-31,1817.5,-0.025469168900804307,0.053012746234067265,0.15690642902609797,0.047852407033727395,-0.11519903053745217,1711.075,1653.9083333333333,0.062197741186096334,0.0989121726818798,-0.21290598702668506,0.2893089550577761,7846100.0,5481645.0,1.4313404096762925,9617895380.0,276,True,jpx_liquidity,JPX流動性
134,1925,大和ハウス工業,建設業,プライム,1925.T,2026-07-31,4678.0,-0.0318708609271523,0.021620441144354574,0.049349484073575534,-0.027644980253585527,-0.10405551772270205,4622.1,4478.3,0.012094069795114626,0.04459281423754535,-0.16415128002788326,0.2296632440553594,3177200.0,2007295.0,1.5828266398312156,9614514245.0,276,False,jpx_liquidity,JPX流動性
135,8830,住友不動産,不動産業,プライム,8830.T,2026-07-31,3603.0,-0.027005130974885216,-0.020923913043478293,-0.03378921962992765,-0.2478079331941545,-0.18063599075118786,3780.8,3790.8,-0.04702708421498103,-0.04954099398543843,-0.32192684142506167,0.25837800592284765,2980500.0,2558060.0,1.1651407707403267,9587155395.0,276,False,jpx_liquidity,JPX流動性
136,5344,ＭＡＲＵＷＡ,ガラス・土石製品,プライム,5344.T,2026-07-31,55540.0,0.050699962164207246,-0.035093815149409346,-0.23990693855207335,-0.2433242506811989,0.0768838787645234,58844.0,66959.66666666667,-0.05614846033580312,-0.1705454527352287,-0.29882590581997226,0.7733205660664061,284100.0,158590.0,1.791411816634088,9545447200.0,276,False,jpx_liquidity,JPX流動性
137,9021,西日本旅客鉄道,陸運業,プライム,9021.T,2026-07-31,3001.0,-0.0445717924227953,0.008739495798319341,0.11148148148148151,0.03966741728737233,-0.04515662354110206,2978.075,2752.6666666666665,0.007697925673463724,0.09021554855897307,-0.1320840298777669,0.31973331873019883,2479800.0,3210745.0,0.7723441132821199,9543436070.0,276,False,jpx_liquidity,JPX流動性
138,5332,ＴＯＴＯ,ガラス・土石製品,プライム,5332.T,2026-07-31,7010.0,0.04362066398689901,-0.05551064403125838,-0.1714927313556317,0.0400593471810089,0.3610481350870005,7691.95,7702.016666666666,-0.08865762257944987,-0.08984876255353036,-0.24745034889962425,0.38970209643804776,2258900.0,1162205.0,1.9436330079461024,9185453915.0,276,False,jpx_liquidity,JPX流動性
139,7532,パン・パシフィック・インターナショナルホールディングス,小売業,プライム,7532.T,2026-07-31,902.2000122070312,-0.04164012236076764,0.04578648364562765,0.09930546946237961,0.01679254436949118,-0.027801710983802574,879.3750061035156,854.7022755940756,0.0259559413732402,0.055572259451329487,-0.1476617740131967,0.3737044961779653,13335800.0,10099105.0,1.3204932516297236,9176674411.509094,276,True,jpx_liquidity,JPX流動性
140,8697,日本取引所グループ,その他金融業,プライム,8697.T,2026-07-31,2192.5,0.013170055452865093,-0.013276327632763318,0.03200753118380795,0.17465845164746852,0.3382370593022659,2208.325,2069.7,-0.007166064777602843,0.05933227037734956,-0.042576419213973815,0.397878054658655,6623200.0,4022830.0,1.6464031539985533,9113115205.0,276,True,jpx_liquidity,JPX流動性
141,3407,旭化成,化学,プライム,3407.T,2026-07-31,1722.5,-0.048342541436464104,-0.06664860471416956,-0.034202410989627174,0.11452604335166616,0.14857850923093374,1847.525,1780.8833333333334,-0.06767161472781158,-0.0327833565739849,-0.09389794844818522,0.32190160255008493,12615000.0,4513545.0,2.79492062226033,9071049572.5,276,True,jpx_liquidity,JPX流動性
142,9735,セコム,サービス業,プライム,9735.T,2026-07-31,6882.0,-0.02617801047120416,0.011761246692149285,0.05925811913190704,0.22281449893390182,0.1835272452913843,6757.15,6478.2,0.018476724654625132,0.06233212929517462,-0.04043502509760177,0.20176416213072185,1442400.0,1344775.0,1.072595787399379,9003538030.0,276,False,jpx_liquidity,JPX流動性
143,1801,大成建設,建設業,プライム,1801.T,2026-07-31,13065.0,0.0011494252873562871,-0.044606946983546614,-0.0942807625649913,-0.24062772449869219,-0.2009798546415167,13819.5,14233.416666666666,-0.05459676544013892,-0.08208968331567146,-0.3520451954985445,0.38137836309929884,737600.0,632460.0,1.1662397621984,8922260425.0,276,False,jpx_liquidity,JPX流動性
144,4684,オービック,情報・通信業,プライム,4684.T,2026-07-31,4525.0,-0.04455236486486491,0.07943702290076327,0.14964430894308944,0.09830097087378631,0.09202546378264409,4273.05,4074.633333333333,0.058962567720948655,0.11052937278609942,-0.047769360269360295,0.35708815720219467,2231700.0,2037910.0,1.0950925212595257,8811837695.0,276,False,jpx_liquidity,JPX流動性
145,9201,日本航空,空運業,プライム,9201.T,2026-07-31,2943.0,-0.011918751049185827,0.05597416576964487,-0.022583859182995658,0.1202893033878949,0.00767265565035169,2954.95,2778.0833333333335,-0.0040440616592496426,0.05936347001829789,-0.07099323073963704,0.28613084181622,2744700.0,3212900.0,0.8542749540913194,8797387137.5,276,False,jpx_liquidity,JPX流動性
146,8601,大和証券グループ本社,証券、商品先物取引業,プライム,8601.T,2026-07-31,1807.0,0.008089260808926024,-0.026925148088314477,0.09714632665452339,0.18999012183075403,0.21380288432405736,1806.4,1628.1833333333334,0.00033215234720995745,0.10982587955901768,-0.0383182543906333,0.342129272984921,7658600.0,4696375.0,1.6307471187884273,8711116135.0,276,True,jpx_liquidity,JPX流動性
147,1803,清水建設,建設業,プライム,1803.T,2026-07-31,2379.5,0.02675296655879178,-0.031542531542531504,-0.07520404197434905,-0.22162250572456654,-0.1666706994619852,2486.475,2589.625,-0.04302275309423975,-0.08114109185692908,-0.32329842195826364,0.37853183648768757,6497300.0,3363080.0,1.931949284584369,8689365952.5,276,True,jpx_liquidity,JPX流動性
148,5020,ＥＮＥＯＳホールディングス,石油・石炭製品,プライム,5020.T,2026-07-31,1327.5,0.01802147239263796,0.005681818181818121,0.088560885608856,0.012585812356979309,0.01928728397197821,1281.975,1275.0416666666667,0.03551161294097005,0.04114244632528341,-0.12990887825174646,0.2588745679284776,9821800.0,6610660.0,1.4857518008791861,8685659000.0,276,True,jpx_liquidity,JPX流動性
149,1812,鹿島建設,建設業,プライム,1812.T,2026-07-31,5383.0,0.00018580453363070681,-0.035304659498207935,-0.10163551401869164,-0.14037048866176938,-0.16619763135465704,5685.2,5764.266666666666,-0.053155561809610896,-0.06614313471502586,-0.29003290245421487,0.2887432226422714,1505300.0,1546145.0,0.9735826846770517,8631272515.0,276,False,jpx_liquidity,JPX流動性
150,3099,三越伊勢丹ホールディングス,小売業,プライム,3099.T,2026-07-31,3587.0,-0.0027800945232138163,-0.012933406714364382,-0.1010025062656642,0.17877094972067042,0.3759170648679906,3799.2,3639.0833333333335,-0.05585386397136238,-0.01431221232453228,-0.13877551020408163,0.3045367727302736,2572700.0,2256855.0,1.139949177062771,8589997985.0,276,False,jpx_liquidity,JPX流動性
151,6481,ＴＨＫ,機械,プライム,6481.T,2026-07-31,6700.0,0.09728136259416975,-0.02246863145608402,-0.09861428763621682,0.07303010890454842,0.39525197834235737,7029.95,7284.336238606771,-0.04693489996372657,-0.08021818590825147,-0.17244799936698452,0.749226141127503,1914800.0,1169340.0,1.6375049173037781,8441408595.0,276,True,jpx_liquidity,JPX流動性
152,7581,サイゼリヤ,小売業,プライム,7581.T,2026-07-31,7880.0,-0.024752475247524774,0.060565275908479155,0.45925925925925926,0.5183044315992293,0.22170542635658919,6725.5,5740.166666666667,0.17166009962084594,0.37278243953427603,-0.05174488567990376,0.795538348519818,718500.0,1166070.0,0.6161722709614346,8395729900.0,276,False,jpx_liquidity,JPX流動性
153,5201,ＡＧＣ,ガラス・土石製品,プライム,5201.T,2026-07-31,6079.0,0.017405857740585784,-0.01745595603685146,-0.10339233038348083,0.06968150624670066,0.032438858695652106,6350.1,6703.106746419271,-0.042692241067069814,-0.09310708750873797,-0.260552244252524,0.28411461095928486,1569600.0,1281040.0,1.2252544807344032,8272914895.0,276,False,jpx_liquidity,JPX流動性
154,4523,エーザイ,医薬品,プライム,4523.T,2026-07-31,4828.0,-0.04034983104750545,0.036941580756013837,0.15281757402101248,0.027234042553191395,0.11146802108606546,4512.3,4219.9,0.06996431974824358,0.1441029408279817,-0.06488475692426887,0.3552182434068031,2497600.0,1774500.0,1.4074950690335306,8268063375.0,276,False,jpx_liquidity,JPX流動性
155,7261,マツダ,輸送用機器,プライム,7261.T,2026-07-31,1176.5,-0.03605079885292917,0.047640249332145945,0.056578356533453,0.18193688079577974,-0.0014110749751308216,1147.4,1114.6316670735678,0.02536168729301025,0.05550563002472897,-0.1294260748321091,0.3258640234930489,7844800.0,7021695.0,1.1172231206282814,8209693202.5,276,True,jpx_liquidity,JPX流動性
156,9202,ＡＮＡホールディングス,空運業,プライム,9202.T,2026-07-31,3116.0,-0.01173485569299082,0.05591324974584877,0.010703859876743493,0.09390907495172907,0.004544446741805874,3074.175,2943.775,0.013605276212317108,0.058504810999481904,-0.06394047889535737,0.2699644826513729,2619100.0,2720010.0,0.9629008716879718,8172256985.0,276,False,jpx_liquidity,JPX流動性
157,6326,クボタ,機械,プライム,6326.T,2026-07-31,2745.5,-0.017006802721088454,-0.01841258491240616,0.0234855545200372,0.016851851851851896,0.11651077673851162,2759.825,2779.7114298502606,-0.005190546502042648,-0.012307547280943298,-0.15314620604565088,0.31245576352214144,3440200.0,2921365.0,1.1776001971681047,8133676702.5,276,False,jpx_liquidity,JPX流動性
158,4385,メルカリ,情報・通信業,プライム,4385.T,2026-07-31,4290.0,-0.018755718206770355,0.009411764705882453,0.024110766292671393,0.0938296787353392,0.30832570905763945,4535.45,4162.433333333333,-0.05411811396884536,0.030647137491691456,-0.10344827586206895,0.40703617201911857,1222100.0,1819970.0,0.6714945850755781,7936858750.0,276,False,jpx_liquidity,JPX流動性
159,9503,関西電力,電気・ガス業,プライム,9503.T,2026-07-31,2440.5,-0.004080799836768012,0.03126980773293897,0.06525534701003921,-0.0002048340843916474,0.017318752320347963,2342.85,2325.8,0.04168000512196679,0.04931636426175934,-0.12070222166708156,0.18460918552490524,4691900.0,3421580.0,1.3712670754446776,7771783952.5,276,True,jpx_liquidity,JPX流動性
160,7911,ＴＯＰＰＡＮホールディングス,その他製品,プライム,7911.T,2026-07-31,4527.0,0.04188722669735334,-0.06698268755152514,-0.12925562608193886,-0.1375500095256239,-0.06445772318418919,4876.1,4772.016666666666,-0.07159410184368664,-0.051344470017916866,-0.2174091405652403,0.47220354062835074,2122900.0,1560915.0,1.360035620133063,7728179175.0,276,False,jpx_liquidity,JPX流動性
161,9843,ニトリホールディングス,小売業,プライム,9843.T,2026-07-31,2538.5,-0.03680516031113645,0.054632322393020294,0.07860633099638825,0.12747057517210747,-0.031337312500110626,2461.575,2480.7166666666667,0.03125031737810158,0.023293000006718412,-0.2560038410157226,0.3962863739818171,3510700.0,3078755.0,1.1402985947241662,7672196532.5,276,False,jpx_liquidity,JPX流動性
162,6965,浜松ホトニクス,電気機器,プライム,6965.T,2026-07-31,2323.0,0.07921022067363537,-0.015677966101694918,-0.12289975457806301,0.08551401869158881,0.3359739213616786,2395.275,2570.733333333333,-0.030173988372942606,-0.0963667954669225,-0.2187657642508828,0.5320953497089166,4356400.0,3148075.0,1.3838298007512528,7670268555.0,276,False,jpx_liquidity,JPX流動性
163,7309,シマノ,輸送用機器,プライム,7309.T,2026-07-31,20125.0,-0.04029566046733424,0.0837372105546581,0.17518248175182483,0.1897723913686078,0.12776688147940596,18404.0,17269.19951171875,0.09351227993914368,0.1653695926289649,-0.044623783527177774,0.4653276750971607,574000.0,387720.0,1.4804498091406169,7629389450.0,276,False,jpx_liquidity,JPX流動性
164,4188,三菱ケミカルグループ,化学,プライム,4188.T,2026-07-31,1188.0,0.044395604395604416,-0.000841042893187538,0.05179282868525892,0.272493606541065,0.1654026826509991,1184.525,1106.3166666666666,0.002933665393300977,0.0738335919492612,-0.03020408163265309,0.38983174985349667,14425300.0,5954570.0,2.4225594795258094,7620938887.5,276,True,jpx_liquidity,JPX流動性
165,1802,大林組,建設業,プライム,1802.T,2026-07-31,3164.0,-0.0195227765726681,-0.03654080389768577,-0.0335980452046426,-0.15287817938420345,-0.134433657303761,3259.25,3279.05,-0.029224514842371763,-0.03508638172641476,-0.2747746300857853,0.2256712400711153,4235300.0,2228855.0,1.900213338238692,7560321070.0,276,False,jpx_liquidity,JPX流動性
166,8795,Ｔ＆Ｄホールディングス,保険業,プライム,8795.T,2026-07-31,5088.0,0.013545816733067761,-0.0031347962382445305,0.03752039151712894,0.29169840060929175,0.30829455355000035,5001.65,4610.45,0.01726430278008273,0.10357991085468887,-0.01700154559505407,0.279015333634273,1677500.0,1517085.0,1.1057389665048432,7546182765.0,276,False,jpx_liquidity,JPX流動性
167,7733,オリンパス,精密機器,プライム,7733.T,2026-07-31,1820.0,-0.020188425302826385,0.05232726221451278,0.05937136204889404,0.18605408927989564,-0.015433575821362955,1775.525,1753.0,0.025048929189957825,0.03822019395322296,-0.060050645692547144,0.29259608656794134,5361000.0,4122560.0,1.3004055732360476,7506472807.5,276,True,jpx_liquidity,JPX流動性
168,1942,関電工,建設業,プライム,1942.T,2026-07-31,5368.0,-0.02186588921282795,-0.1014395714763977,-0.19193135631491798,-0.2358718861209964,-0.06659212080844046,6125.35,6341.383333333333,-0.12364191433958882,-0.15349700249419818,-0.2692621835012251,0.37998279491456743,6796200.0,981735.0,6.922642057174288,7500048510.0,276,True,jpx_liquidity,JPX流動性
169,3697,ＳＨＩＦＴ,情報・通信業,プライム,3697.T,2026-07-31,877.5999755859375,-0.04034994468459541,0.08748448027997213,0.28135486100578166,0.3912491955753963,0.19874334770131474,767.725,696.6033325195312,0.14311762100483572,0.2598274148528159,-0.07621055201480265,0.7191506747483026,8423200.0,9351100.0,0.9007710322849718,7422072548.199158,276,True,jpx_liquidity,JPX流動性
170,7272,ヤマハ発動機,輸送用機器,プライム,7272.T,2026-07-31,1343.0,-0.03311735061195109,0.05086071987480434,0.0887717875962708,0.21593481213218646,0.28210023866348455,1290.7,1246.1800313313802,0.040520647710544644,0.07769340403021885,-0.046841731724627356,0.3167769686498988,6636900.0,5711265.0,1.1620718002053836,7416549912.5,276,True,jpx_liquidity,JPX流動性
171,9602,東宝,情報・通信業,プライム,9602.T,2026-07-31,1522.0,-0.037622510275055365,0.05219495333563784,0.16316392816201764,0.05219495333563784,-0.01869491129099987,1415.575,1322.4833333333333,0.0751814633629444,0.15086516528248617,-0.11870295309785761,0.42192202228278863,5817300.0,5008175.0,1.161560848013498,7416361825.0,276,True,jpx_liquidity,JPX流動性
172,4507,塩野義製薬,医薬品,プライム,4507.T,2026-07-31,2908.5,-0.04357119368628737,0.01856067238662229,0.04528301886792452,-0.0769596953348144,-0.12125320460524902,2888.2,2896.358333333333,0.007028599127484325,0.004192045758610652,-0.1980976013234078,0.30961069597774005,3058800.0,2542915.0,1.2028715076988417,7407528115.0,276,False,jpx_liquidity,JPX流動性
173,6645,オムロン,電気機器,プライム,6645.T,2026-07-31,5430.0,0.050493325594892724,-0.00894323781711992,-0.07731520815632964,-0.10143968227701472,0.3686910374419454,5595.15,5727.233333333334,-0.02951663494276291,-0.05189824056990877,-0.13424744897959184,0.5585937531493962,1635100.0,1275250.0,1.2821799647128014,7244633700.0,276,False,jpx_liquidity,JPX流動性
174,5631,日本製鋼所,機械,プライム,5631.T,2026-07-31,7490.0,0.015180265654648917,-0.03429602888086647,-0.05548549810844894,-0.19609316303531177,-0.14653230342783163,7752.6,7840.2,-0.03387250728787761,-0.044667227876839855,-0.27568143793916133,0.4781917122636996,755000.0,913695.0,0.8263151270391105,7099500740.0,276,False,jpx_liquidity,JPX流動性
175,8331,千葉銀行,銀行業,プライム,8331.T,2026-07-31,2627.0,0.007285276073619729,-0.046634004717837074,0.02818003913894329,0.18253432365518796,0.22427693287236417,2711.075,2490.766666666667,-0.031011683557260472,0.054695341461129754,-0.06345811051693406,0.401319260427737,2973700.0,2563985.0,1.1597961766546996,7086684460.0,276,False,jpx_liquidity,JPX流動性
176,1944,きんでん,建設業,プライム,1944.T,2026-07-31,7090.0,-0.015687907816187674,-0.05137811078405141,-0.09531708561949725,-0.1683284457478006,0.03722691067344397,7522.2,7454.266666666666,-0.057456595145037315,-0.04886686819181851,-0.1683284457478006,0.40668079835732296,1541600.0,899905.0,1.713069712914141,7059373300.0,276,False,jpx_liquidity,JPX流動性
177,7186,横浜フィナンシャルグループ,銀行業,プライム,7186.T,2026-07-31,1839.0,-0.0027114967462038564,-0.05764796310530362,0.03314606741573023,0.21186161449752894,0.2883187500037414,1894.8,1743.6916666666666,-0.029449018366054402,0.054658937216537806,-0.07238335435056742,0.3776027701866243,4634200.0,3630140.0,1.276589883585757,7046629302.5,276,True,jpx_liquidity,JPX流動性
178,5101,横浜ゴム,ゴム製品,プライム,5101.T,2026-07-31,7669.0,-0.0032492851572654136,0.0441116405718176,0.013077939233817615,0.19828124999999996,0.22625519667412863,7663.7,7242.112141927083,0.0006915719561046973,0.05894521511224826,-0.03921322976697572,0.3513279490598628,731700.0,922400.0,0.7932567215958369,6941269995.0,276,False,jpx_liquidity,JPX流動性
179,2413,エムスリー,サービス業,プライム,2413.T,2026-07-31,1781.5,-0.07742102537545315,-0.02115384615384619,-0.03858607663248781,0.2594556380346411,-0.0717297280725333,1890.675,1661.6333333333334,-0.057743927433324016,0.07213785632610481,-0.1020665322580645,0.43420557799275467,7249100.0,3423600.0,2.1173910503563502,6754424982.5,276,True,jpx_liquidity,JPX流動性
180,6856,堀場製作所,電気機器,プライム,6856.T,2026-07-31,25675.0,0.07449257166771295,-0.0325923134890731,-0.06907179115300943,0.13606194690265494,0.3581063210790796,26542.5,26282.591015625,-0.03268343223132708,-0.0231176224316616,-0.11097645429362879,0.6956632070064184,349900.0,243290.0,1.4382013235233673,6588045425.0,276,False,jpx_liquidity,JPX流動性
181,6113,アマダ,機械,プライム,6113.T,2026-07-31,2787.0,0.06353749284487686,-0.027903732124171632,-0.07898215465961667,-0.02976501305483026,0.33529096355270593,2891.4,2913.866666666667,-0.036107076156879025,-0.043538940239773116,-0.12906249999999997,0.5317699785760254,2450200.0,2304075.0,1.0634202445666916,6584475015.0,276,False,jpx_liquidity,JPX流動性
182,2768,双日,卸売業,プライム,2768.T,2026-07-31,5381.0,0.006735266604303014,-0.0016697588126159957,0.03361505954667687,-0.0893552208495515,-0.02177019283849746,5265.75,5341.4,0.02188672079001086,0.00741378664769532,-0.23012757612351287,0.25479676309581806,2408200.0,1181340.0,2.038532513924865,6580245255.0,276,False,jpx_liquidity,JPX流動性
183,268A,リガク・ホールディングス,精密機器,プライム,268A.T,2026-07-31,2076.0,0.09148264984227139,-0.027179006560449914,-0.14743326488706365,-0.3335473515248796,0.7343358395989974,2242.75,2544.738102213542,-0.07435068554230295,-0.18419895619349191,-0.3592592592592593,0.892175856801374,3342600.0,2854325.0,1.1710649628195808,6576056345.0,276,True,jpx_liquidity,JPX流動性
184,3659,ネクソン,情報・通信業,プライム,3659.T,2026-07-31,2501.0,-0.0391855551286977,0.09789288849868316,0.11926605504587151,-0.05995113700432253,-0.3174126637554585,2338.45,2289.001359049479,0.0695118561440271,0.09261621453931967,-0.3341320553780618,0.37680060233600376,3375600.0,2677495.0,1.2607306456221208,6524065585.0,276,False,jpx_liquidity,JPX流動性
185,4751,サイバーエージェント,サービス業,プライム,4751.T,2026-07-31,1455.5,-0.05240885416666663,0.03631185475258092,0.019257703081232425,0.1723721304873138,0.06202116016052539,1488.65,1387.775,-0.022268498303832374,0.04880113851308732,-0.07645939086294418,0.43147897211280684,5850300.0,4285325.0,1.3651940051221318,6499424622.5,276,True,jpx_liquidity,JPX流動性
186,9531,東京瓦斯,電気・ガス業,プライム,9531.T,2026-07-31,6219.0,-0.007025387194635191,-0.0011243173787343075,0.03546453546453554,-0.08705226071638283,-0.12232478658864754,6130.75,6273.1,0.014394649920482783,-0.00862412523313838,-0.20271227182812934,0.15527421847355857,1219200.0,1035995.0,1.1768396565620491,6482533210.0,276,False,jpx_liquidity,JPX流動性
187,7202,いすゞ自動車,輸送用機器,プライム,7202.T,2026-07-31,2402.5,-0.023373983739837345,0.05743838028169024,0.07638888888888884,0.1081642066420665,-0.060914173042221686,2361.95,2265.391666666667,0.01716801795126921,0.0605230147840512,-0.16018024909959938,0.31755494330289835,3265000.0,2714215.0,1.202926076231986,6480730072.5,276,False,jpx_liquidity,JPX流動性
188,9024,西武ホールディングス,陸運業,プライム,9024.T,2026-07-31,3562.0,-0.015750207239568992,0.0005617977528089568,0.08597560975609753,-0.15089392133492252,-0.13464309693215437,3580.1,3238.491666666667,-0.0050557247004273664,0.09989475553176752,-0.2356999193998648,0.3474135631015669,2937800.0,1742735.0,1.6857410908715325,6436722455.0,276,False,jpx_liquidity,JPX流動性
189,4005,住友化学,化学,プライム,4005.T,2026-07-31,521.2999877929688,0.008512213525031065,-0.032120290711391664,-0.0009582215632369939,0.015585427995814971,0.04417388417013335,536.9299987792969,554.1066665649414,-0.029109960370742427,-0.059206432175505475,-0.1640474531719588,0.38774459232617065,15072700.0,11752710.0,1.2824871880613067,6400370407.961426,276,True,jpx_liquidity,JPX流動性
190,5838,楽天銀行,銀行業,プライム,5838.T,2026-07-31,5473.0,0.030308734939759052,-0.018472022955523637,0.027214714714714816,-0.13044169049888787,-0.250684556407448,5565.9,5395.616666666667,-0.016690921504159184,0.014341888631821398,-0.3977110157367668,0.40787205790766795,1513600.0,1124650.0,1.3458409282888009,6372162330.0,276,False,jpx_liquidity,JPX流動性
191,6268,ナブテスコ,機械,プライム,6268.T,2026-07-31,4693.0,0.08208439013142721,-0.04361116771958429,-0.1002684049079755,-0.10660574909575482,0.07072781200091272,5054.2,5219.270491536458,-0.07146531597483274,-0.10083219338600213,-0.19364261168384878,0.7449654764198701,1942300.0,1213045.0,1.6011772028242974,6351447260.0,276,False,jpx_liquidity,JPX流動性
192,4704,トレンドマイクロ,情報・通信業,プライム,4704.T,2026-07-31,6341.0,-0.05961738098769098,0.011485085340564583,0.012777511579619816,0.14561878952122864,0.03899721448467974,6388.95,6097.266666666666,-0.007505145602955121,0.039974196087864566,-0.06736284747757026,0.33119944376446414,904200.0,994215.0,0.9094612332342602,6333114120.0,276,False,jpx_liquidity,JPX流動性
193,543A,ＡＲＣＨＩＯＮ,輸送用機器,プライム,543A.T,2026-07-31,267.0,-0.025547445255474477,-0.046428571428571375,-0.10402684563758391,-0.1188118811881188,-0.4053452115812918,296.25,313.7,-0.09873417721518984,-0.14886834555307615,-0.48554913294797686,0.5014555015526121,31701800.0,20735195.0,1.5288884430553944,6282970825.0,276,True,jpx_liquidity,JPX流動性
194,6754,アンリツ,電気機器,プライム,6754.T,2026-07-31,3564.0,0.003095975232198178,-0.09772151898734183,-0.1936651583710407,-0.1286063569682152,0.5561264920726594,3935.75,4213.016666666666,-0.09445467826970722,-0.15405034397363726,-0.25376884422110557,0.5869518954667569,5054300.0,1443690.0,3.500959347228283,6263554350.0,276,True,jpx_liquidity,JPX流動性
195,5711,三菱マテリアル,非鉄金属,プライム,5711.T,2026-07-31,4193.0,0.055905313523042066,0.006481036965914511,-0.05817610062893086,-0.2147940074906367,-0.04504519131592777,4180.35,4686.3,0.0030260624110420853,-0.10526428098926666,-0.3126229508196722,0.546705913423178,1626200.0,1461115.0,1.112985630836724,6200800205.0,276,False,jpx_liquidity,JPX流動性
196,4689,ＬＩＮＥヤフー,情報・通信業,プライム,4689.T,2026-07-31,446.79998779296875,-0.025305423773925972,0.026418562652176014,0.024770614204056685,0.016147317236357983,0.1609251755830161,446.9250030517578,425.20333404541014,-0.00027972312565960333,0.0507913556135291,-0.05459165886023243,0.2737789950708891,25549200.0,13308085.0,1.9198254294288022,6169691704.740295,276,True,jpx_liquidity,JPX流動性
197,5831,しずおかフィナンシャルグループ,銀行業,プライム,5831.T,2026-07-31,3180.0,0.006329113924050667,-0.059171597633136064,0.027131782945736482,0.12208892025405782,0.2351574486074124,3302.8,3071.975,-0.037180574058374716,0.03516467419168445,-0.08172105111175276,0.41241089256927177,1792200.0,1849190.0,0.9691811009144544,6154631655.0,276,False,jpx_liquidity,JPX流動性
198,6134,ＦＵＪＩ,機械,プライム,6134.T,2026-07-31,7330.0,0.12821302139448987,-0.013193322563274101,-0.13254437869822489,0.16868622448979598,0.9236037226459854,7593.1,7759.05,-0.03464987949585818,-0.055296718026047076,-0.1793551276309897,0.8309081582357405,1269100.0,801835.0,1.5827445796204955,6129093010.0,276,True,jpx_liquidity,JPX流動性
199,6841,横河電機,電気機器,プライム,6841.T,2026-07-31,5782.0,0.03157894736842115,-0.0017265193370166187,0.03545845272206294,0.008371119637251567,0.07418479133492051,5648.6,5339.633333333333,0.023616471338030687,0.08284588829445227,-0.06565701277848135,0.43031496503870503,1135700.0,1075355.0,1.0561163522743653,6052077030.0,276,False,jpx_liquidity,JPX流動性
200,8593,三菱ＨＣキャピタル,その他金融業,プライム,8593.T,2026-07-31,1473.0,-0.011741026501174145,0.023627519110493322,0.10751879699248112,0.042831858407079704,0.08696266275413,1419.65,1357.6166666666666,0.03757968513365961,0.08498962642866803,-0.029644268774703608,0.23128395110703326,6968600.0,4097970.0,1.7005004917068696,6052025000.0,276,True,jpx_liquidity,JPX流動性
201,4980,デクセリアルズ,化学,プライム,4980.T,2026-07-31,3304.0,0.0535714285714286,-0.06955787102224731,-0.1923735028110486,0.25033112582781447,0.129335109135031,3745.65,3982.175,-0.11791010905984278,-0.17030266123412463,-0.3419637522405895,0.6240788789510433,2843400.0,1577805.0,1.802123836595777,6041182080.0,276,False,jpx_liquidity,JPX流動性
202,9147,ＮＩＰＰＯＮ　ＥＸＰＲＥＳＳホールディングス,陸運業,プライム,9147.T,2026-07-31,5278.0,0.0011380880121396597,-0.039140724558529016,0.01774006941766304,0.22573153738968887,0.4738899748673555,5436.15,5126.118391927083,-0.029092280382255753,0.029628970004303534,-0.05547602004294916,0.3149759546880153,1243100.0,1100980.0,1.1290849970026704,6014827665.0,276,False,jpx_liquidity,JPX流動性
203,2801,キッコーマン,食料品,プライム,2801.T,2026-07-31,1647.5,-0.04187263739459146,0.021388716676999486,0.0018242626938278494,0.1835488505747127,0.15651246066357016,1649.95,1547.2166666666667,-0.0014848934816207304,0.06481531351997671,-0.057494279176201424,0.3066457750395123,4126900.0,3507245.0,1.1766785610928236,5875721550.0,276,False,jpx_liquidity,JPX流動性
204,9042,阪急阪神ホールディングス,陸運業,プライム,9042.T,2026-07-31,4715.0,-0.0586943501696946,-0.0008476372112735664,0.07501139990880068,0.055991041433370636,0.125632433272993,4731.5,4582.35,-0.0034872661946528938,0.028948028849825835,-0.07747994521620039,0.3471929895695811,1773900.0,1206270.0,1.4705662911288517,5867335425.0,276,False,jpx_liquidity,JPX流動性
205,7211,三菱自動車工業,輸送用機器,プライム,7211.T,2026-07-31,368.1000061035156,-0.03789858799970036,0.06080693401589521,0.11918520198990579,0.1874193745274697,-0.024824018986901675,363.9100006103516,347.3450002034505,0.011513850914062651,0.05975328819447023,-0.1837320426511967,0.6154560653300587,10786600.0,16276150.0,0.6627242929071064,5865873562.173309,276,True,jpx_liquidity,JPX流動性
206,7550,ゼンショーホールディングス,小売業,プライム,7550.T,2026-07-31,9974.0,-0.022156862745098094,0.09280157773638664,0.2079447741310403,0.1303263825929284,0.1662473294227671,9255.65,8368.116666666667,0.07761205317832887,0.19190498857767668,-0.03399515738498793,0.3992532856178006,701500.0,618485.0,1.1342231420325473,5845738640.0,276,False,jpx_liquidity,JPX流動性
207,9412,スカパーＪＳＡＴ,情報・通信業,プライム,9412.T,2026-07-31,2102.0,0.0263671875,-0.05015815634884768,-0.19463601532567054,-0.3968436154949785,-0.08904450627664551,2370.6,3173.7166666666667,-0.11330464861216571,-0.3376850485498075,-0.5400437636761488,0.40662179536740173,2421400.0,2406240.0,1.0063002859232661,5799354470.0,276,False,jpx_liquidity,JPX流動性
208,6278,ユニオンツール,機械,プライム,6278.T,2026-07-31,15620.0,0.14432234432234425,-0.1602150537634408,-0.27483751160631387,-0.07573964497041419,0.472196041470311,18439.5,20901.943619791666,-0.15290544754467317,-0.2527010748794811,-0.4090049186530458,1.062016978275575,452900.0,307600.0,1.472366710013004,5768004550.0,276,True,jpx_liquidity,JPX流動性
209,6305,日立建機,機械,プライム,6305.T,2026-07-31,5394.0,-0.03644158628081462,0.007847533632286963,0.03611217825585866,-0.023003079152327466,-0.011314617463328291,5351.45,5297.616666666667,0.007951116052658636,0.0181937160421195,-0.21828144809367278,0.3939656310295843,3270300.0,945215.0,3.4598477595044512,5687848875.0,276,False,jpx_liquidity,JPX流動性
210,1878,大東建託,不動産業,プライム,1878.T,2026-07-31,3369.0,-0.03880171184022829,0.026821091130752928,0.07911595131326066,-0.058675607711651256,0.06511028519595441,3258.2,3202.4083333333333,0.03400650666011917,0.05202074480404062,-0.11295418641390209,0.3321714110588763,2488800.0,1657285.0,1.5017332565008432,5585595665.0,276,False,jpx_liquidity,JPX流動性
211,6269,三井海洋開発,機械,プライム,6269.T,2026-07-31,10325.0,0.018746916625554944,-0.01666666666666672,0.14000220823672294,-0.16767432486900447,-0.3023648648648649,10025.45,10291.893245442709,0.02987895805175822,0.0032167798254174595,-0.3598884066955983,0.5364983969440046,408000.0,559675.0,0.7289945057399384,5571802175.0,276,False,jpx_liquidity,JPX流動性
212,4021,日産化学,化学,プライム,4021.T,2026-07-31,7503.0,0.026261797291752265,-0.015483532344836681,-0.11646255299105035,0.08644656820156382,0.3786600744735036,7908.65,7711.066666666667,-0.05129193983802538,-0.026982864454550115,-0.13230021972938588,0.33632519262089006,1161400.0,674050.0,1.7230175802981975,5513112530.0,276,False,jpx_liquidity,JPX流動性
213,6724,セイコーエプソン,電気機器,プライム,6724.T,2026-07-31,2950.0,-0.003546698192872788,0.00958247775496246,0.08396105089105266,0.2227979274611398,0.4864508611443157,2892.3,2784.775,0.019949521142343496,0.05933154384106443,-0.04900064474532562,0.37824818578910446,2700600.0,1847540.0,1.4617274862790521,5465475055.0,276,False,jpx_liquidity,JPX流動性
214,6586,マキタ,機械,プライム,6586.T,2026-07-31,5183.0,-0.021521616009061773,-0.07825004446025252,-0.10359737115185053,-0.10699517574086836,-0.045662151773104065,5674.95,5665.3,-0.0866879884404268,-0.08513229661271249,-0.1403217780726489,0.4926146609511429,1866500.0,900995.0,2.071598621523982,5394789415.0,276,False,jpx_liquidity,JPX流動性
215,4324,電通グループ,サービス業,プライム,4324.T,2026-07-31,3545.0,-0.05793250066436351,0.04819633353045538,0.14170692431561993,0.219050894085282,0.1913964039657201,3454.75,3199.75,0.026123453216585935,0.1078990546136418,-0.08492514197212186,0.45177187937204605,1590200.0,1479975.0,1.074477609419078,5266800235.0,276,False,jpx_liquidity,JPX流動性
216,7912,大日本印刷,その他製品,プライム,7912.T,2026-07-31,2921.5,-0.00561606535057857,-0.06928958266964003,-0.02616666666666667,-0.08703125,0.020198307743683586,3112.525,2900.8416666666667,-0.06137300102007215,0.007121496347324507,-0.10713308536084087,0.2816300550300644,2034900.0,1670425.0,1.218192974841732,5217415162.5,276,False,jpx_liquidity,JPX流動性
217,2587,サントリービバレッジ＆フード,食料品,プライム,2587.T,2026-07-31,4600.0,-0.05968928863450529,-0.006479481641468721,0.01590106007067127,0.009879253567508295,-0.08621374652363922,4670.1,4425.51865234375,-0.015010385216590705,0.03942619190269259,-0.12297426120114396,0.2958493973673156,2075500.0,1055600.0,1.9661803713527852,5195088880.0,276,False,jpx_liquidity,JPX流動性
218,8303,ＳＢＩ新生銀行,銀行業,プライム,8303.T,2026-07-31,1491.0,0.0514809590973202,0.04741833508956805,0.05594900849858364,-0.11931482575310104,-0.18511952237085294,1449.65,1462.6833333333334,0.028524126513296277,0.019359396542883545,-0.2790998380224049,0.31499568929896316,12815200.0,3112195.0,4.117736838469312,5169972115.0,161,True,jpx_liquidity,JPX流動性
219,6728,アルバック,電気機器,プライム,6728.T,2026-07-31,8648.0,0.07109239534307643,-0.10122635626688836,-0.12407576217968197,-0.1752026704816404,0.013002225606184803,9469.95,9540.982975260416,-0.08679560082154614,-0.09359444174420017,-0.23604240282685507,0.7303059566730394,872100.0,544835.0,1.6006680921746952,5132160060.0,276,False,jpx_liquidity,JPX流動性
220,4612,日本ペイントホールディングス,化学,プライム,4612.T,2026-07-31,1210.0,-0.011841567986933477,0.07987505577867027,0.13295880149812733,0.2075848303393213,0.17475728155339798,1122.8,1058.3428181966146,0.07766298539365879,0.14329684030152423,-0.023011707710940632,0.30500688090485684,4295700.0,4418730.0,0.9721571582785099,5096163225.0,276,False,jpx_liquidity,JPX流動性
221,7259,アイシン,輸送用機器,プライム,7259.T,2026-07-31,2223.5,-0.11713321421481038,-0.035567122099327664,-0.012874583795782435,-0.014842711564023059,-0.19070711346780944,2327.375,2324.8166666666666,-0.0446318277028841,-0.04358049738689074,-0.22929079770882255,0.5068120540360123,6740700.0,1939730.0,3.475071272806009,5066933190.0,276,True,jpx_liquidity,JPX流動性
222,9962,ミスミグループ本社,卸売業,プライム,9962.T,2026-07-31,3861.0,0.10980166714573159,0.0775886128942227,-0.05018450184501844,0.11848203939745083,0.3758460898021183,3792.15,3684.65,0.01815592737629057,0.04786071947132009,-0.07786004299020777,0.5712884649468478,3530500.0,1231700.0,2.8663635625558173,5050715065.0,276,True,jpx_liquidity,JPX流動性
223,6806,ヒロセ電機,電気機器,プライム,6806.T,2026-07-31,27375.0,0.051671148674606204,-0.03405081157374734,-0.052768166089965374,0.22237106496985937,0.625374960528182,27489.25,27109.0,-0.004156170139236193,0.009812239477664297,-0.1267942583732058,0.4162459133921343,281200.0,175640.0,1.6010020496470052,5043749250.0,276,False,jpx_liquidity,JPX流動性
224,4506,住友ファーマ,医薬品,プライム,4506.T,2026-07-31,1248.0,-0.03293297171638898,-0.02841572596340991,-0.1624161073825503,-0.24683162341581166,-0.4258109040717737,1353.35,1463.3083333333334,-0.07784386891787043,-0.14713804905550787,-0.6080402010050252,0.3743853716948046,4559700.0,3659965.0,1.245831585821176,5037202615.0,276,True,jpx_liquidity,JPX流動性
225,9532,大阪瓦斯,電気・ガス業,プライム,9532.T,2026-07-31,5515.0,-0.0007247689798877133,-0.0014484881405033567,0.03393325834270722,-0.0428670600485942,-0.10185888410018618,5453.2,5501.983333333334,0.011332795422871023,0.0023658135399657887,-0.17371549810900888,0.1791068440562122,1367100.0,886215.0,1.5426279176046445,5011710805.0,276,False,jpx_liquidity,JPX流動性
226,3391,ツルハホールディングス,小売業,プライム,3391.T,2026-07-31,2424.0,-0.05145764038348655,0.009579341940858077,0.15209125475285168,0.16594516594516584,-0.013863041764527684,2369.25,2139.383333333333,0.023108578664134294,0.13303677851094164,-0.11265569093865668,0.40395393273177604,1735500.0,2132700.0,0.8137572091714728,5004938342.5,276,False,jpx_liquidity,JPX流動性
227,3003,ヒューリック,不動産業,プライム,3003.T,2026-07-31,1758.5,-0.038808417600437295,-0.0062164453235377115,0.02626203676685157,-0.03379120879120878,-0.044033704811089924,1790.3,1730.0287821451823,-0.017762386192258228,0.016457077563480915,-0.1506882395556629,0.34488044979811733,4368100.0,2767495.0,1.5783587684891933,4998113917.5,276,False,jpx_liquidity,JPX流動性
228,7220,武蔵精密工業,輸送用機器,プライム,7220.T,2026-07-31,3225.0,0.059113300492610765,0.06611570247933884,-0.18354430379746833,-0.3484848484848485,0.16348959504051286,3347.0,4968.5,-0.0364505527337915,-0.3509107376471772,-0.6688911704312115,0.6706771919606836,1378400.0,1475380.0,0.9342677818595887,4947605825.0,276,False,jpx_liquidity,JPX流動性
229,8354,ふくおかフィナンシャルグループ,銀行業,プライム,8354.T,2026-07-31,7360.0,0.005189838841846539,-0.03740517917865549,0.05172906544727063,0.12314970242636969,0.2760699300083609,7443.05,6969.75,-0.011158060203814268,0.05599196527852501,-0.05677303601179029,0.3641074168745481,902600.0,656470.0,1.37492954742791,4915661340.0,276,False,jpx_liquidity,JPX流動性
230,5110,住友ゴム工業,ゴム製品,プライム,5110.T,2026-07-31,2280.0,-0.01596892533448424,0.0656695489600374,0.04948216340621414,0.09720885466794993,-0.09934821252222004,2244.275,2124.863289388021,0.0159182809593299,0.07301020794455915,-0.18352730528200534,0.35950096943249105,2750700.0,2141800.0,1.2842935848351853,4913828227.5,276,False,jpx_liquidity,JPX流動性
231,6407,ＣＫＤ,機械,プライム,6407.T,2026-07-31,6000.0,0.1428571428571428,-0.058084772370486704,-0.1957104557640751,-0.07264296754250388,0.4146096900994014,6552.0,6775.666666666667,-0.08424908424908428,-0.11447828012003747,-0.26650366748166254,0.9641966522819364,1415400.0,719580.0,1.9669807387642793,4889531600.0,276,True,jpx_liquidity,JPX流動性
232,429A,テクセンドフォトマスク,その他製品,プライム,429A.T,2026-07-31,3935.0,0.08253094910591474,-0.04141291108404388,-0.1546723952738991,-0.13134657836644592,0.3430791769380255,4076.75,4219.166666666667,-0.03477034402403878,-0.06735137270393055,-0.24181117533718688,0.9320795543909075,1451100.0,1206800.0,1.2024361948955917,4883123850.0,193,False,jpx_liquidity,JPX流動性
233,4768,大塚商会,情報・通信業,プライム,4768.T,2026-07-31,3274.0,-0.036208419193405894,0.08195637805684064,0.16326168058269674,0.08626410086264102,0.04234320280165549,3046.25,2929.2213460286457,0.07476405416495702,0.11770317543219977,-0.04296989184448996,0.3476165204026997,1895400.0,1563840.0,1.2120165745856353,4851551960.0,276,False,jpx_liquidity,JPX流動性
234,3402,東レ,繊維製品,プライム,3402.T,2026-07-31,1158.0,0.002163565556036362,0.0034662045060658286,0.02206531332744932,0.017574692442882345,-0.013108464027329902,1161.3,1144.5166666666667,-0.0028416429863084014,0.01178080994888675,-0.12800026546974863,0.2319731388527939,4680300.0,4123880.0,1.1349263315130411,4836738790.0,276,True,jpx_liquidity,JPX流動性
235,3092,ＺＯＺＯ,小売業,プライム,3092.T,2026-07-31,1143.0,-0.04391468005018817,0.01645175633614948,-0.007381676074685206,0.12888888888888883,0.02237743423822569,1169.0,1098.7783335367837,-0.022241231822070162,0.040246212646798396,-0.06655777868517765,0.32139898084162594,5789500.0,4025840.0,1.4380849710867794,4797553670.0,276,True,jpx_liquidity,JPX流動性
236,4204,積水化学工業,化学,プライム,4204.T,2026-07-31,2665.0,-0.025237746891002222,0.0035774807004329556,0.022640061396776767,0.10903037869330001,-0.034542499016706585,2667.925,2486.258333333333,-0.0010963576562310617,0.07189183210379735,-0.11375872401468956,0.20167589747285453,1931800.0,1778940.0,1.0859275748479431,4768908915.0,276,False,jpx_liquidity,JPX流動性
237,2871,ニチレイ,食料品,プライム,2871.T,2026-07-31,2203.5,-0.04589738038536484,0.02488372093023261,0.012172714745062096,0.1796038543897216,0.1584411427160295,2163.1,2034.575,0.018676898895104266,0.08302716783603459,-0.0639337298215803,0.4762775598437813,1506200.0,2223450.0,0.6774157278103847,4744625740.0,276,False,jpx_liquidity,JPX流動性
238,6674,ジーエス・ユアサ　コーポレーション,電気機器,プライム,6674.T,2026-07-31,5482.0,0.04319695528068501,-0.06290598290598293,-0.16964556195092395,-0.15596612779060814,0.5170960751914893,5931.0,6390.033333333334,-0.07570392851121233,-0.14210150181793524,-0.27071970200878015,0.47735369946076717,768400.0,802245.0,0.9578121396830145,4731372640.0,276,False,jpx_liquidity,JPX流動性
239,6997,日本ケミコン,電気機器,プライム,6997.T,2026-07-31,3120.0,0.18721461187214605,-0.03703703703703709,-0.3929961089494164,0.054054054054053946,1.0690088953724586,3588.7,4172.383333333333,-0.1306043971354529,-0.25222594600208514,-0.4782608695652174,1.255926508234715,2390400.0,1241375.0,1.9256066861343268,4717681550.0,276,True,jpx_liquidity,JPX流動性
240,7167,めぶきフィナンシャルグループ,銀行業,プライム,7167.T,2026-07-31,1497.0,0.02149437052200609,-0.028552887735236898,0.01182832037850634,0.11342506507995531,0.25565221059538046,1515.7,1425.6583333333333,-0.012337533812759816,0.05004120903208453,-0.04375598850207596,0.31821204534070885,4818800.0,2999985.0,1.6062746980401568,4679034092.5,276,True,jpx_liquidity,JPX流動性
241,4182,三菱瓦斯化学,化学,プライム,4182.T,2026-07-31,4201.0,0.08665287118468701,-0.04152407027150351,-0.13345709570957098,-0.10693027210884354,0.3361876280487881,4475.6,4859.966666666666,-0.06135490213602657,-0.13559077908627626,-0.25842894969108565,0.5937806194036632,2746100.0,1014700.0,2.7063171380703657,4677551250.0,276,True,jpx_liquidity,JPX流動性
242,5076,インフロニア・ホールディングス,建設業,プライム,5076.T,2026-07-31,2597.0,0.005420054200542035,-0.06934241175416589,-0.030065359477124187,0.20482486662027366,0.11856845943980687,2780.45,2614.2166666666667,-0.06597852865543341,-0.006585784141839857,-0.10924369747899154,0.3753168302813754,2474100.0,1609260.0,1.5374147123522612,4618348117.5,276,False,jpx_liquidity,JPX流動性
243,5805,ＳＷＣＣ,非鉄金属,プライム,5805.T,2026-07-31,11350.0,0.07481060606060597,-0.0017590149516271136,-0.09849086576648136,-0.3195443645083933,-0.06279561301516146,11353.5,13388.333333333334,-0.00030827498128327413,-0.15224698120253954,-0.4035733053074093,0.5973103596763141,625500.0,398420.0,1.5699513076652778,4612516000.0,276,False,jpx_liquidity,JPX流動性
244,8233,高島屋,小売業,プライム,8233.T,2026-07-31,2275.5,-0.007415485278080669,0.01766547406082286,-0.04229797979797978,0.18856098197962923,0.06772376930989288,2340.225,2193.2083333333335,-0.02765759702592696,0.03752113532306156,-0.1254803996925442,0.438064792258965,1346600.0,2014850.0,0.6683375933692335,4597556182.5,276,False,jpx_liquidity,JPX流動性
245,1911,住友林業,建設業,プライム,1911.T,2026-07-31,1347.5,-0.025316455696202556,0.021607278241091654,0.0018587360594795044,-0.020000000000000018,-0.18407508325764455,1354.025,1321.4977294921875,-0.00481896567640927,0.0196763641189186,-0.262855579868709,0.26748379276155027,5118900.0,3235135.0,1.5822832741137542,4583582722.5,276,True,jpx_liquidity,JPX流動性
246,3064,ＭｏｎｏｔａＲＯ,小売業,プライム,3064.T,2026-07-31,2003.0,-0.03586040914560773,0.07284413497589726,0.07284413497589726,0.09334061135371186,-0.0805600183612577,1956.5,1880.7239969889322,0.023766930743674974,0.06501538939622908,-0.09550688643034544,0.360241875066386,3134400.0,2297265.0,1.3644050642829626,4569458922.5,276,False,jpx_liquidity,JPX流動性
247,2875,東洋水産,食料品,プライム,2875.T,2026-07-31,10365.0,-0.08718626155878473,-0.030855539971949564,-0.009082217973231388,-0.041165587419056404,-0.07990256837300314,10788.75,10538.216666666667,-0.039277024678484485,-0.016436999935156682,-0.15027829135305748,0.39192475873797145,1257000.0,379185.0,3.315004549230587,4517627925.0,276,False,jpx_liquidity,JPX流動性
248,8113,ユニ・チャーム,化学,プライム,8113.T,2026-07-31,1006.5,-0.023763336566440363,0.051504374388062324,0.05735893915912693,0.07647058823529407,0.05216394071461017,979.2200012207031,943.8898915608723,0.027858906829200114,0.0663320043989366,-0.08082191780821912,0.3023498001452196,8591200.0,4323600.0,1.9870478305116106,4470756090.010681,276,True,jpx_liquidity,JPX流動性
249,6996,ニチコン,電気機器,プライム,6996.T,2026-07-31,2929.0,0.15269578905942538,-0.03809523809523807,-0.3180442374854482,0.161840539468465,0.7325599295953436,3220.55,3609.4,-0.09052801540109612,-0.1885077852274617,-0.3859538784067086,0.9248899308902642,2527600.0,1324955.0,1.9076874308938794,4453907010.0,276,True,jpx_liquidity,JPX流動性
250,3088,マツキヨココカラ＆カンパニー,小売業,プライム,3088.T,2026-07-31,2534.5,-0.039234268385140214,0.030913158429936916,0.059352142110762784,0.07644935230409855,0.022255067671527407,2499.7,2373.3166666666666,0.013921670600472114,0.0679148027724914,-0.0682938649789181,0.3181316723534472,2042100.0,1775240.0,1.1503233365629435,4452172820.0,276,False,jpx_liquidity,JPX流動性
251,5019,出光興産,石油・石炭製品,プライム,5019.T,2026-07-31,1311.0,0.0019105846388995928,-0.01687289088863897,0.08977556109725682,-0.043065693430656915,-0.013485844795667612,1277.075,1304.525,0.02656461053579462,0.00496349245894101,-0.20976491862567814,0.22039269281954735,3884800.0,3443090.0,1.1282888335768162,4434007707.5,276,False,jpx_liquidity,JPX流動性
252,3197,すかいらーくホールディングス,小売業,プライム,3197.T,2026-07-31,3141.0,-0.04702669902912626,0.05385002516356319,0.11402730980670328,0.043521594684385434,-0.01905059337913806,3023.125,2869.965987141927,0.038991110192267975,0.09443805747955358,-0.15450874831763117,0.36126232534866504,1238900.0,1418905.0,0.8731380888783956,4282923707.5,276,False,jpx_liquidity,JPX流動性
253,6869,シスメックス,電気機器,プライム,6869.T,2026-07-31,1599.0,-0.04251497005988025,0.045098039215686336,0.04646596858638752,0.21228203184230487,0.10157491730834756,1576.45,1467.175,0.014304291287386084,0.08984954078415996,-0.04394618834080721,0.42466308492665733,2330300.0,2734960.0,0.8520417117617808,4267196372.5,276,False,jpx_liquidity,JPX流動性
254,5844,京都フィナンシャルグループ,銀行業,プライム,5844.T,2026-07-31,4437.0,-0.008048289738430636,-0.04251186879585667,-0.044367865604135304,-0.01378084018670811,0.20818464492580047,4637.05,4549.35,-0.04314165255927804,-0.024695835668831934,-0.07965152457996272,0.32357525717205404,1205500.0,921190.0,1.3086333981046256,4262287525.0,276,False,jpx_liquidity,JPX流動性
255,3038,神戸物産,卸売業,プライム,3038.T,2026-07-31,2751.0,-0.03794369645042839,0.034599473486273125,0.0326576576576576,-0.0275715800636267,-0.2652243589743589,2708.475,2677.008333333333,0.01570071719325461,0.02763968484720203,-0.2911620716310229,0.3040654478100364,1751000.0,1538440.0,1.1381659343230806,4259521530.0,276,False,jpx_liquidity,JPX流動性
256,6141,ＤＭＧ森精機,機械,プライム,6141.T,2026-07-31,3720.0,0.06316090311517586,0.029045643153526868,0.029045643153526868,0.036500417943716945,0.33333333333333326,3596.35,3530.230183919271,0.034382081832969646,0.053755649403588235,-0.026942191995814824,0.5776678598575496,1346600.0,1161875.0,1.1589887036040882,4258115355.0,276,False,jpx_liquidity,JPX流動性
257,7752,リコー,電気機器,プライム,7752.T,2026-07-31,1579.5,-0.03777033201340241,0.014776742691936962,0.11036906854130057,0.19162580158430775,0.12445974630953738,1535.075,1476.675,0.02893995407390526,0.06963278988267563,-0.03894128384545181,0.2947905567859079,4210800.0,2660360.0,1.58279330616909,4250703217.5,276,False,jpx_liquidity,JPX流動性
258,6370,栗田工業,機械,プライム,6370.T,2026-07-31,8742.0,0.06870415647921768,-0.022475679302247586,-0.039340659340659334,0.045944005743000726,0.13424305327749675,8880.5,8876.566666666668,-0.01559596869545632,-0.015159765224542654,-0.08585172017149434,0.5244802634113317,832300.0,459040.0,1.81313175322412,4223334670.0,276,False,jpx_liquidity,JPX流動性
259,5406,神戸製鋼所,鉄鋼,プライム,5406.T,2026-07-31,2077.0,0.003139338324076313,0.04661123708742765,0.11816958277254375,0.04872506942691235,-0.0699019511698612,1957.575,1942.5416666666667,0.061006602556734624,0.06921773449732949,-0.0910360216072803,0.24752860088214487,2486300.0,2167380.0,1.1471454013601676,4137529960.0,276,False,jpx_liquidity,JPX流動性
260,8304,あおぞら銀行,銀行業,プライム,8304.T,2026-07-31,3038.0,-0.003934426229508237,0.0013183915622940745,0.08849874596918661,0.1586575133485888,0.2023433798128913,2973.175,2801.25,0.021803291094536936,0.08451584114234723,-0.027528809218950068,0.22975332159181142,1850100.0,1346160.0,1.3743537172401497,4131938335.0,276,False,jpx_liquidity,JPX流動性
261,5938,ＬＩＸＩＬ,金属製品,プライム,5938.T,2026-07-31,1735.0,-0.08006362672322376,-0.043286462641301315,-0.05294759825327511,0.033045549270616315,-0.0031777692214359776,1865.075,1759.8833333333334,-0.0697425036526681,-0.014139194832990865,-0.10150181253236668,0.3814037205523428,6437700.0,2016840.0,3.1919735824358897,4119376237.5,276,True,jpx_liquidity,JPX流動性
262,6814,古野電気,電気機器,プライム,6814.T,2026-07-31,7230.0,0.025531914893617058,-0.025606469002695365,0.24226804123711343,-0.01498637602179842,0.005191449860687536,7013.5,6403.5,0.03086903828331078,0.1290700398219724,-0.12899385562031274,0.7754378107625424,400200.0,576415.0,0.6942914393275678,4103580700.0,276,False,jpx_liquidity,JPX流動性
263,2579,コカ・コーラ　ボトラーズジャパンホールディングス,食料品,プライム,2579.T,2026-07-31,3828.0,-0.14762859051436206,-0.10098637858149362,-0.11573111573111572,0.1338862559241707,0.11020881670533633,4294.05,3899.265214029948,-0.10853390156146303,-0.01827657523102777,-0.16619472881725117,0.6039204493518336,3157900.0,879265.0,3.591522464785929,4090965950.0,276,False,jpx_liquidity,JPX流動性
264,1963,日揮ホールディングス,建設業,プライム,1963.T,2026-07-31,2259.5,0.014365881032547767,-0.013964651974689102,-0.09547638110488388,-0.09056148118333673,0.03226002180091436,2323.4,2513.1833333333334,-0.027502797624171516,-0.100941037595082,-0.21079287460705554,0.36704521239884613,1436200.0,1708890.0,0.8404285822961104,4001376835.0,276,False,jpx_liquidity,JPX流動性
265,7181,かんぽ生命保険,保険業,プライム,7181.T,2026-07-31,1771.0,0.0028312570781428015,0.0011305822498586249,0.11982295289282319,0.12587412587412583,0.10694560291473665,1692.9,1570.875,0.046133853151397064,0.12739715126919715,-0.013645224171540016,0.2913559861875991,2305400.0,2335155.0,0.9872578051564029,3970460945.0,276,False,jpx_liquidity,JPX流動性
266,6302,住友重機械工業,機械,プライム,6302.T,2026-07-31,5238.0,0.023646667969513313,-0.007202426080363922,-0.0022857142857143353,-0.03322259136212624,0.04259554140127397,5233.25,5240.277775065104,0.0009076577652511464,-0.000434666856009458,-0.16605636045215733,0.3747752990658982,1012500.0,737440.0,1.3729930570622695,3967810480.0,276,False,jpx_liquidity,JPX流動性
267,9005,東急,陸運業,プライム,9005.T,2026-07-31,1747.0,-0.037730652712751334,0.0002862868594331047,0.05082706766917289,0.05209274314965362,0.005953513545809086,1748.05,1686.2,-0.000600669317239233,0.036057407187759516,-0.11859549511004652,0.23825579964228022,3035800.0,2225345.0,1.3641929678319542,3962899792.5,276,False,jpx_liquidity,JPX流動性
268,5714,ＤＯＷＡホールディングス,非鉄金属,プライム,5714.T,2026-07-31,8235.0,0.030663329161451758,-0.0049540840985983214,-0.06313993174061439,-0.16378960194963443,-0.06696073466397146,8351.35,9351.75,-0.013931879277003123,-0.11941615205710165,-0.29252577319587625,0.3950511787444243,641000.0,464180.0,1.3809298117109743,3952729655.0,276,False,jpx_liquidity,JPX流動性
269,6101,ツガミ,機械,プライム,6101.T,2026-07-31,6010.0,0.08093525179856109,-0.1135693215339233,-0.2304737516005122,0.1491395793499044,0.8676512371682699,7006.5,6798.166666666667,-0.14222507671447937,-0.11593812057172281,-0.26528117359413206,0.8021556463115733,892200.0,553620.0,1.6115747263465916,3905499850.0,276,False,jpx_liquidity,JPX流動性
270,6368,オルガノ,機械,プライム,6368.T,2026-07-31,14680.0,0.08861698183166489,-0.0303830911492734,-0.08335935060880428,-0.1277480689245395,-0.11470049987261433,15012.0,16020.0,-0.02211564082067674,-0.08364544319600498,-0.22348585030415236,0.7962190444599362,643100.0,242730.0,2.6494458863758084,3899266500.0,276,True,jpx_liquidity,JPX流動性
271,6622,ダイヘン,電気機器,プライム,6622.T,2026-07-31,13790.0,0.12571428571428567,-0.058703071672355,-0.19497956800934035,-0.18402366863905328,0.189058976010261,14779.0,16122.0,-0.06691927735300085,-0.14464706612082867,-0.2910025706940874,0.8525663766739325,366500.0,264120.0,1.3876268362865365,3893706800.0,276,True,jpx_liquidity,JPX流動性
272,7701,島津製作所,精密機器,プライム,7701.T,2026-07-31,4094.0,-0.006792819019893259,-0.01681075888568684,-0.009915356711003631,0.06559083810515354,-0.033147612300646445,4131.05,3920.5833333333335,-0.008968664141077998,0.044232363381299544,-0.050448416019533426,0.2549507803266629,777200.0,956350.0,0.8126731845035813,3864643730.0,276,False,jpx_liquidity,JPX流動性
273,3086,Ｊ．フロント　リテイリング,小売業,プライム,3086.T,2026-07-31,2981.5,-0.004341292369343774,0.014978723404255323,-0.09706238643246512,0.30481400437636763,0.2843681008023262,3134.775,2707.7166666666667,-0.048895056264006254,0.10111225325150963,-0.17569809234171962,0.44730078186533584,1168200.0,1274885.0,0.9163179424026481,3849052642.5,276,False,jpx_liquidity,JPX流動性
274,3626,ＴＩＳ,情報・通信業,プライム,3626.T,2026-07-31,3780.0,-0.039878079756159535,0.08309455587392556,0.14963503649635035,0.10300554420776198,-0.1346425671072201,3537.0,3387.8,0.06870229007633588,0.11576834523879809,-0.04036557501904037,0.3479946015972853,1748600.0,1027640.0,1.7015686427153478,3828925445.0,276,False,jpx_liquidity,JPX流動性
275,6330,東洋エンジニアリング,建設業,プライム,6330.T,2026-07-31,1942.0,0.02696985721840295,0.030785562632696495,-0.04757233938205008,-0.1534437663469922,-0.6747068676716919,1953.0,2018.2166666666667,-0.005632360471070186,-0.03776436292766716,-0.7164963503649635,0.6878863001749289,1672900.0,1954945.0,0.855727398980534,3816809390.0,276,False,jpx_liquidity,JPX流動性
276,3498,霞ヶ関キャピタル,不動産業,プライム,3498.T,2026-07-31,7430.0,0.005412719891745521,0.07060518731988474,0.06142857142857139,0.15552099533437014,0.04795486600846255,6970.5,6404.166666666667,0.06592066566243449,0.16018217306441107,-0.04865556978233032,0.40033716525950497,383200.0,559635.0,0.6847320128297908,3804597000.0,276,False,jpx_liquidity,JPX流動性
277,3289,東急不動産ホールディングス,不動産業,プライム,3289.T,2026-07-31,1336.5,-0.0357142857142857,0.006779661016949046,0.017897943640518,0.012499999999999956,-0.06421034097843903,1338.925,1316.525,-0.0018111544709374927,0.01517251856212365,-0.13874226854079197,0.23488128176438872,4411000.0,2791835.0,1.5799644319954438,3802209645.0,276,False,jpx_liquidity,JPX流動性
278,4183,三井化学,化学,プライム,4183.T,2026-07-31,2118.5,0.00331517878285581,-0.023957613453121418,-0.0011786892975012009,0.0764735772357723,-0.04599077321642531,2150.6,2117.4083333333333,-0.014926067144052757,0.0005155673799337457,-0.09986370429506264,0.30355765617536584,2297200.0,1712640.0,1.3413210014947683,3784396867.5,276,False,jpx_liquidity,JPX流動性
279,4680,ラウンドワン,サービス業,プライム,4680.T,2026-07-31,1216.0,-0.02564102564102566,0.03401360544217691,0.02099076406381184,0.4232209331149288,0.11334502247372846,1247.525,1058.7099538167317,-0.02527003466864397,0.1485676465175616,-0.07878787878787874,0.43287613783383605,2837600.0,3051940.0,0.9297692615189027,3770096850.0,276,False,jpx_liquidity,JPX流動性
280,2269,明治ホールディングス,食料品,プライム,2269.T,2026-07-31,3789.0,-0.04027355623100304,0.012289607266898317,-0.004204993429697712,0.03694581280788167,0.025401910331484423,3810.9,3737.6,-0.0057466740140124095,0.013752140410958846,-0.057931377424167096,0.2563614380215902,1553100.0,943955.0,1.6453114820092059,3753021695.0,276,False,jpx_liquidity,JPX流動性
281,4528,小野薬品工業,医薬品,プライム,4528.T,2026-07-31,2384.0,-0.02990844354018307,-0.02094455852156063,-0.007493755203996644,0.009955517898750266,0.004357108900568951,2425.525,2377.7833333333333,-0.017120004947382528,0.0026144798727105734,-0.09440754324043954,0.25800967680489084,3274400.0,1453895.0,2.2521571365194872,3748412120.0,276,False,jpx_liquidity,JPX流動性
282,5830,いよぎんホールディングス,銀行業,プライム,5830.T,2026-07-31,3634.0,0.012538311507383604,0.021934758155230494,0.11918694179242384,0.16474358974358982,0.2228200599528234,3435.2,3215.8333333333335,0.057871448532836656,0.13003368748380395,-0.03989431968295909,0.39242045833300604,1098400.0,1062840.0,1.0334575288848744,3738270340.0,276,False,jpx_liquidity,JPX流動性
283,6254,野村マイクロ・サイエンス,機械,プライム,6254.T,2026-07-31,4010.0,0.12957746478873244,-0.02669902912621358,-0.14680851063829792,-0.014742014742014753,0.19348281950957147,4192.0,4494.75,-0.04341603053435117,-0.10784804494132039,-0.26422018348623855,0.9483143638581986,1493400.0,882995.0,1.6912893051489533,3720319950.0,276,True,jpx_liquidity,JPX流動性
284,8377,ほくほくフィナンシャルグループ,銀行業,プライム,8377.T,2026-07-31,7469.0,0.031344932339132825,-0.03176043557168784,0.05928237129485181,0.20779430789133246,0.3631370565441443,7513.2,6853.683333333333,-0.005882979289783319,0.08977897529552226,-0.06695815115552783,0.49583031448873804,653900.0,490595.0,1.3328713093284685,3720118745.0,276,False,jpx_liquidity,JPX流動性
285,7747,朝日インテック,精密機器,プライム,7747.T,2026-07-31,3593.0,-0.008006626173384879,0.0633323468481799,-0.04972229568897113,0.08451554482342294,0.39996103643093717,3584.1,3597.7807088216146,0.0024831896431460887,-0.0013287938339022753,-0.0701345755693582,0.3771991122236785,1070600.0,1032050.0,1.0373528414321012,3716842690.0,276,False,jpx_liquidity,JPX流動性
286,7731,ニコン,精密機器,プライム,7731.T,2026-07-31,1909.0,0.03750000000000009,-0.15042278593680458,-0.14047726249437187,0.028556034482758674,-0.028208106824647028,2162.9,2083.75,-0.11738869110915906,-0.08386322735452911,-0.17945411562432834,0.5503518753022867,2604800.0,1710285.0,1.5230210169650087,3684053292.5,276,False,jpx_liquidity,JPX流動性
287,2267,ヤクルト本社,食料品,プライム,2267.T,2026-07-31,2819.0,-0.028935583878746174,0.026584122359796014,0.01021322343666009,-0.0481175080195847,0.12721064999325926,2835.375,2760.4666666666667,-0.005775250187365022,0.021204144226821597,-0.08681567865241335,0.25763960728799135,4328100.0,1118095.0,3.8709590866607937,3651621440.0,276,False,jpx_liquidity,JPX流動性
288,8804,東京建物,不動産業,プライム,8804.T,2026-07-31,3387.0,-0.03090128755364807,-0.011672016340822822,0.03546316111280956,-0.0364153627311522,-0.08853606027987082,3430.15,3316.3658081054687,-0.012579624797749434,0.021298673301327398,-0.22565157750342935,0.24938864504344851,1091900.0,1058470.0,1.0315833230984346,3632546545.0,276,False,jpx_liquidity,JPX流動性
289,4042,東ソー,化学,プライム,4042.T,2026-07-31,2710.5,0.011003356956359678,-0.037464488636363646,-0.04492600422832982,-0.0009214891264283098,0.05705102760630032,2759.1,2776.4416666666666,-0.01761443949113839,-0.023750423953921795,-0.11014445173998688,0.23598576711072028,1883500.0,1281375.0,1.4699053750853575,3625026217.5,276,False,jpx_liquidity,JPX流動性
290,8359,八十二長野銀行,銀行業,プライム,8359.T,2026-07-31,2508.0,0.005613472333600544,-0.06207928197456991,0.01620745542949753,0.08689057421451785,0.28462478367658095,2578.225,2420.625,-0.027237731384964436,0.03609604957397372,-0.07093906278940543,0.354284223961452,2199600.0,1360660.0,1.6165684300266048,3601401517.5,276,False,jpx_liquidity,JPX流動性
291,6770,アルプスアルパイン,電気機器,プライム,6770.T,2026-07-31,2214.0,-0.012709030100334417,0.02216066481994461,0.05328258801141761,0.08822806586384857,0.12397410825385413,2132.35,2132.725,0.03829108729805153,0.03810852313354984,-0.06444115782801607,0.262842091615856,2560400.0,1624495.0,1.576120579010708,3584193325.0,276,False,jpx_liquidity,JPX流動性
292,9831,ヤマダホールディングス,小売業,プライム,9831.T,2026-07-31,713.0999755859375,-0.023819335269079422,-0.01573502334584198,0.11404468486844888,0.3454716520489387,0.3356962576386999,693.7499969482421,650.7516642252605,0.0278918612220751,0.09580968407496049,-0.06759938942497268,0.3317322754211274,5543600.0,5040575.0,1.099795162258274,3578902132.147217,276,True,jpx_liquidity,JPX流動性
293,9616,共立メンテナンス,サービス業,プライム,9616.T,2026-07-31,3472.0,0.012835472578763163,0.13315926892950403,0.13205086403651767,0.451808488396404,0.2618700448774356,3111.65,2796.733333333333,0.11580672633490274,0.24144835641581852,0.0,0.38908358296389445,1891600.0,1090465.0,1.7346728230617214,3545803770.0,276,False,jpx_liquidity,JPX流動性
294,2897,日清食品ホールディングス,食料品,プライム,2897.T,2026-07-31,2885.5,-0.053313648293963234,-0.002764817694833277,0.013167134831460592,0.031088082901554515,-0.10241458590879193,2915.9,2761.4083333333333,-0.010425597585651092,0.04493781856480239,-0.11973305563619963,0.3338106971969019,2002600.0,1152585.0,1.7374857385789335,3526054717.5,276,False,jpx_liquidity,JPX流動性
295,8366,滋賀銀行,銀行業,プライム,8366.T,2026-07-31,2400.0,0.01608806096528359,-0.096045197740113,-0.07443116081758583,0.24159337816864968,0.4624054728335021,2681.9,2350.9333333333334,-0.10511204742906155,0.020871143375680523,-0.16983742649602218,0.5129690198632214,1683500.0,1300160.0,1.2948406349987693,3518551740.0,276,False,jpx_liquidity,JPX流動性
296,5214,日本電気硝子,ガラス・土石製品,プライム,5214.T,2026-07-31,5323.0,0.037621832358674556,-0.03516403842668114,-0.15292807129217056,-0.25966620305980526,-0.2315576728742601,5729.85,6280.495393880208,-0.07100534918017054,-0.15245539305915323,-0.3505368472425573,0.34309790689478126,874200.0,603210.0,1.4492465310588352,3511995675.0,276,False,jpx_liquidity,JPX流動性
297,3778,さくらインターネット,情報・通信業,プライム,3778.T,2026-07-31,3075.0,0.0520013684570646,0.09119943222143356,0.10096670247046191,-0.004854368932038833,0.10822842358835771,2892.65,2933.95,0.0630390818107962,0.048075120571243524,-0.2234848484848485,0.5616342389059947,1633200.0,1196465.0,1.3650211247299335,3501103835.0,276,False,jpx_liquidity,JPX流動性
298,3132,マクニカホールディングス,卸売業,プライム,3132.T,2026-07-31,3295.0,0.06119162640901776,-0.02457075192421554,0.050366592285623124,0.22878985642364347,0.28951469592452894,3249.75,3229.2166666666667,0.013924148011385418,0.020371297476684314,-0.07935177423861417,0.7395000389732908,1959200.0,988700.0,1.981591989481137,3469114995.0,276,False,jpx_liquidity,JPX流動性
299,4043,トクヤマ,化学,プライム,4043.T,2026-07-31,3792.0,-0.0023677979479084232,-0.16567656765676564,-0.23532970356926797,-0.09628217349857005,0.006636580833554451,4525.95,4760.983333333334,-0.16216484936864084,-0.203525882258217,-0.3255069370330843,0.543148907253237,1640100.0,734025.0,2.2343925615612545,3457582350.0,276,False,jpx_liquidity,JPX流動性
300,8253,クレディセゾン,その他金融業,プライム,8253.T,2026-07-31,4551.0,-0.0063318777292576955,-0.010652173913043517,0.0070812126576675904,0.052741151977793166,0.09590932703349009,4631.6,4381.866666666667,-0.017402193626392726,0.0385984664070107,-0.0374365482233503,0.2586845775566371,982900.0,722640.0,1.3601516661131408,3415920950.0,276,False,jpx_liquidity,JPX流動性
301,4443,Ｓａｎｓａｎ,情報・通信業,プライム,4443.T,2026-07-31,1989.0,-0.012413108242303905,0.11303861219921663,0.1867541766109786,0.5810875247707679,0.4009635194123857,1813.35,1595.5031453450522,0.09686491852096957,0.24662869252435593,-0.030229156509020028,0.4976886946987417,1482700.0,1895030.0,0.7824150541152383,3415189165.0,276,False,jpx_liquidity,JPX流動性
302,6999,ＫＯＡ,電気機器,プライム,6999.T,2026-07-31,2259.0,0.08137865007180478,-0.18799424874191228,-0.21860947768938088,0.128935532233883,0.4547886685186291,2460.5,2547.483333333333,-0.08189392399918716,-0.11324248114151869,-0.2641693811074919,0.9947595580044029,1435700.0,1288650.0,1.114111667248671,3350448445.0,276,False,jpx_liquidity,JPX流動性
303,5991,日本発條,金属製品,プライム,5991.T,2026-07-31,3610.0,0.08083832335329344,-0.013391637059305794,-0.08514951849974661,0.2633420822397201,0.2819891250933322,3697.3,3683.8083333333334,-0.023611824845157336,-0.020035877726175655,-0.14918689606410562,0.5205909380218391,1434400.0,876760.0,1.6360235412199462,3292707175.0,276,False,jpx_liquidity,JPX流動性
304,9023,東京地下鉄,陸運業,プライム,9023.T,2026-07-31,1457.5,-0.02833333333333332,0.015679442508710784,0.004825922095829105,-0.0535714285714286,-0.1008458563311655,1463.55,1440.3833333333334,-0.004133784291619702,0.011883410666142069,-0.14904262092113163,0.2197990364287055,3024600.0,2264685.0,1.33554997714914,3291672615.0,276,False,jpx_liquidity,JPX流動性
305,3231,野村不動産ホールディングス,不動産業,プライム,3231.T,2026-07-31,920.0,-0.05417910100304846,-0.027997886951928175,-0.017094017094017144,-0.09493359567142157,-0.10183370771626887,952.0500030517578,938.7216644287109,-0.03366420140646276,-0.019943786468489155,-0.19145712243685453,0.2676224859664723,12122400.0,2979225.0,4.0689776703672935,3277293649.527893,276,True,jpx_liquidity,JPX流動性
306,4203,住友ベークライト,化学,プライム,4203.T,2026-07-31,6513.0,0.0806371329019413,-0.041501103752759394,-0.1126702997275204,0.14948817507942103,0.2053613569901318,6950.75,6863.366666666667,-0.06297881523576587,-0.05104880500823217,-0.15645641756249196,0.5178485461084078,985900.0,444140.0,2.2197955599585715,3275535930.0,276,False,jpx_liquidity,JPX流動性
307,4722,フューチャー,情報・通信業,プライム,4722.T,2026-07-31,2445.0,-0.0016333197223356022,0.10633484162895934,0.5387035871617369,0.5949119373776908,0.2936507936507937,2071.95,1709.7112040201823,0.18004778107579833,0.43006608031278826,-0.0016333197223356022,0.5795707241952303,4032200.0,1261690.0,3.1958722031560844,3239289335.0,276,False,jpx_liquidity,JPX流動性
308,3349,コスモス薬品,小売業,プライム,3349.T,2026-07-31,6383.0,-0.0722383720930233,0.023572803078896643,0.0026704366949419356,0.0007339163274144855,-0.10295892712867039,6468.2,6186.12451171875,-0.01317213444234866,0.03182533554057909,-0.1478228955243437,0.4819050117124707,499500.0,497435.0,1.0041512961492456,3228032025.0,276,False,jpx_liquidity,JPX流動性
309,3994,マネーフォワード,情報・通信業,プライム,3994.T,2026-07-31,5455.0,0.015639545708434177,0.008877381172553989,0.2274977497749775,0.17539323421676367,0.4819342569953817,5183.45,4544.6,0.0523878883755029,0.20032566122431006,-0.08319327731092441,0.6031886750375994,562800.0,613425.0,0.9174715735419978,3201521995.0,276,False,jpx_liquidity,JPX流動性
310,9435,光通信,情報・通信業,プライム,9435.T,2026-07-31,39180.0,-0.01705970898143505,0.04675394068928673,0.11592138991740253,0.022175841377511052,-0.09583748714418261,37756.5,36805.713151041666,0.03770211751618935,0.06450864949185586,-0.1202852533444243,0.2652548605923226,75100.0,83855.0,0.8955935841631387,3196022150.0,276,False,jpx_liquidity,JPX流動性
311,6448,ブラザー工業,電気機器,プライム,6448.T,2026-07-31,4011.0,-0.008160237388724068,0.017761989342806483,0.08552097428958061,0.28598909907021475,0.25801434877285634,3859.5,3733.9,0.03925378935095214,0.07421194997187919,-0.017393434590886825,0.24379242254508454,1562100.0,768520.0,2.0326081299120387,3171693985.0,276,False,jpx_liquidity,JPX流動性
312,3405,クラレ,化学,プライム,3405.T,2026-07-31,1840.0,-0.022056869519000766,0.011266831547128264,0.09198813056379818,0.08650723354000589,0.08490566037735858,1779.975,1696.3277180989583,0.03372238374134473,0.08469606454468148,-0.02696985721840295,0.24538065715970997,2759300.0,1729135.0,1.5957689827572745,3166520005.0,276,False,jpx_liquidity,JPX流動性
313,4091,日本酸素ホールディングス,化学,プライム,4091.T,2026-07-31,5781.0,-0.008574858514834527,-0.019338422391857457,-0.07504,0.014566514566514588,0.18937305475350885,6031.9,5889.716666666666,-0.04159551716706178,-0.018458726084729538,-0.09700093720712277,0.22660805027415648,822500.0,522230.0,1.5749765429025526,3151822240.0,276,False,jpx_liquidity,JPX流動性
314,7649,スギホールディングス,小売業,プライム,7649.T,2026-07-31,2822.5,-0.04966329966329963,-0.027227296226089992,-0.09708893154190656,-0.09996811224489799,-0.19018887416110775,2998.025,2986.35,-0.05854687669382341,-0.05486630836974904,-0.24208601255423534,0.43415152646932814,964700.0,1022150.0,0.9437949420339481,3113353005.0,276,False,jpx_liquidity,JPX流動性
315,2282,日本ハム,食料品,プライム,2282.T,2026-07-31,6250.0,-0.049574209245742074,-0.00015997440409531993,0.02728468113083493,-0.05259966651508263,-0.07737141675024983,6273.55,6124.366666666667,-0.003753855472579337,0.020513685768868584,-0.15665902037511803,0.27155866645731863,880800.0,471165.0,1.8694088058323517,3112737155.0,276,False,jpx_liquidity,JPX流動性
316,9508,九州電力,電気・ガス業,プライム,9508.T,2026-07-31,1779.0,-0.019564618352163166,-0.0014033118158854885,0.08541793776693107,0.018608645863154916,0.0558842622646758,1764.575,1702.3083333333334,0.008174772962328047,0.045051572129999995,-0.10454305795383068,0.24419630887896882,2385200.0,1825195.0,1.3068192713655253,3098868830.0,276,False,jpx_liquidity,JPX流動性
317,5105,ＴＯＹＯ　ＴＩＲＥ,ゴム製品,プライム,5105.T,2026-07-31,4280.0,0.0054028658679821095,0.0724129290904536,0.10995850622406644,0.10823407560849296,0.004459047172025388,4037.05,3831.0073771158854,0.06018008199056246,0.11719962367238557,-0.11332090325253785,0.266500185920202,715000.0,777920.0,0.9191176470588235,3097609115.0,276,False,jpx_liquidity,JPX流動性
318,6135,牧野フライス製作所,機械,プライム,6135.T,2026-07-31,13920.0,-0.011363636363636354,-0.05370496261046909,-0.08421052631578951,0.01978021978021971,0.22240062733652888,14623.0,14270.5,-0.048074950420570306,-0.024561157632879027,-0.11394016549968178,0.22919751976843508,601500.0,189760.0,3.169793423271501,3079149700.0,276,False,jpx_liquidity,JPX流動性
319,6779,日本電波工業,電気機器,プライム,6779.T,2026-07-31,2566.0,0.07679395719681081,-0.08910188143414977,-0.26051873198847264,0.22132317943836277,1.5059960476388685,2968.0,3291.3166666666666,-0.13544474393530992,-0.2203727991330724,-0.4687370600414079,0.9426471403510519,2207600.0,1005355.0,2.1958412699991547,3070017860.0,276,False,jpx_liquidity,JPX流動性
320,9506,東北電力,電気・ガス業,プライム,9506.T,2026-07-31,1180.5,0.0012722646310432406,0.03371278458844129,0.11001410437235548,0.08054919908466829,0.07121715133831574,1128.825,1062.2,0.045777689190086956,0.1113726228582188,-0.09205837809438511,0.2024676781131593,3642200.0,2574240.0,1.4148641929268444,3016510462.5,276,False,jpx_liquidity,JPX流動性
321,7717,ブイ・テクノロジー,精密機器,プライム,7717.T,2026-07-31,5460.0,0.08982035928143706,-0.13470681458003164,-0.3192019950124688,0.16791443850267385,0.7350052176239086,6543.25,6491.5,-0.16555228670767586,-0.15890010013094047,-0.417910447761194,0.8623216755982521,433300.0,473930.0,0.9142700398793071,3013663125.0,276,True,jpx_liquidity,JPX流動性
322,3861,王子ホールディングス,パルプ・紙,プライム,3861.T,2026-07-31,879.7999877929688,-0.014450570446582156,0.02195372615045499,0.08309737906484349,0.055422281142171625,-0.04154358192312413,848.2800018310547,813.6416666666667,0.03715752569184305,0.08131137309786518,-0.09063550916872187,0.16984149434271625,7998400.0,3306280.0,2.4191538526682557,3005541771.015625,276,True,jpx_liquidity,JPX流動性
323,3186,ネクステージ,小売業,プライム,3186.T,2026-07-31,3350.0,0.0,-0.007407407407407418,-0.17487684729064035,-0.06424581005586594,-0.026162790697674465,3538.0,3681.0,-0.05313736574335781,-0.08992121706058132,-0.20897284533648175,0.43344648935470576,696100.0,821300.0,0.8475587483258249,3004383075.0,276,False,jpx_liquidity,JPX流動性
324,6951,日本電子,電気機器,プライム,6951.T,2026-07-31,8223.0,0.05898261429491303,0.0035391750061020133,0.098743987172635,0.26391023670458047,0.3232094754180901,7919.8,7250.8,0.038283795045329416,0.13408175649583498,-0.05046189376443422,0.6011372444893598,436100.0,369285.0,1.1809307174675385,3000536275.0,276,False,jpx_liquidity,JPX流動性
325,6471,日本精工,機械,プライム,6471.T,2026-07-31,1152.0,0.019469026548672552,0.04018058690744919,-0.006896551724137945,-0.1135051943055021,0.055277127009524696,1139.325,1178.8833333333334,0.011125008228556332,-0.02280406599465601,-0.1698636745162001,0.3906388671927733,7598100.0,2343270.0,3.242520068109949,2965813745.0,276,True,jpx_liquidity,JPX流動性
326,2501,サッポロホールディングス,食料品,プライム,2501.T,2026-07-31,2011.5,-0.03293269230769236,0.007765531062124298,0.07942044539844373,0.11656952539550369,0.22577696526508229,2018.675,1819.084092203776,-0.0035543116152921828,0.10577625774469657,-0.0700416088765603,0.4390898994393556,1355400.0,1456290.0,0.9307212162412706,2963324030.0,276,False,jpx_liquidity,JPX流動性
327,7762,シチズン時計,精密機器,プライム,7762.T,2026-07-31,2133.0,0.047642436149312406,-0.02066115702479343,-0.1041579168416632,0.10118740320082598,0.5450819744609932,2225.9,2253.0666666666666,-0.04173592704074758,-0.053290330216593684,-0.16221523959151607,0.5190191432818739,1297200.0,1311705.0,0.9889418733632943,2930211475.0,276,False,jpx_liquidity,JPX流動性
328,5471,大同特殊鋼,鉄鋼,プライム,5471.T,2026-07-31,2274.5,0.06111499883368321,-0.05426195426195424,-0.18021265092809513,0.1986824769433464,0.12826007277099416,2442.625,2313.125,-0.0688296402435904,-0.01669818967846526,-0.23106828938471935,0.4915184387172712,1523800.0,1195950.0,1.2741335340106192,2918375330.0,276,False,jpx_liquidity,JPX流動性
329,6264,マルマエ,機械,プライム,6264.T,2026-07-31,2019.0,0.12229016120066705,0.02591463414634143,-0.2585383767903048,-0.12407809110629064,0.4214201750738784,2110.2,2324.4166666666665,-0.043218652260449186,-0.13139497364930264,-0.34975845410628015,1.004834025627102,1141600.0,1317435.0,0.8665323146872521,2906198100.0,276,True,jpx_liquidity,JPX流動性
330,9684,スクウェア・エニックス・ホールディングス,情報・通信業,プライム,9684.T,2026-07-31,2764.5,-0.04458268532918608,0.10293237582286063,0.10757211538461542,0.12583995113011603,0.07323191802357765,2605.025,2548.5583333333334,0.06121822247387265,0.0847309099588982,-0.054386865059004585,0.43552035779812326,1255300.0,1085975.0,1.1559197955754046,2895622612.5,276,False,jpx_liquidity,JPX流動性
331,2432,ディー・エヌ・エー,情報・通信業,プライム,2432.T,2026-07-31,2471.5,-0.014356929212362868,0.0356170123611983,-0.07243385250516043,-0.023508494666139912,-0.007924149875496389,2497.6,2577.3416666666667,-0.010450032030749457,-0.04106621486609263,-0.10469117913421477,0.237780893795803,998400.0,1203665.0,0.8294666705437144,2886966415.0,276,False,jpx_liquidity,JPX流動性
332,4151,協和キリン,医薬品,プライム,4151.T,2026-07-31,2554.5,-0.03603773584905656,-0.02425515660809774,-0.029076396807297566,0.06726551075830378,0.11137698499021109,2652.925,2498.105114746094,-0.03710055881715468,0.022575064964645453,-0.11455805892547666,0.2272797786490705,1226500.0,1083285.0,1.1322043598868257,2864419930.0,276,False,jpx_liquidity,JPX流動性
333,3046,ジンズホールディングス,小売業,プライム,3046.T,2026-07-31,6380.0,-0.047761194029850795,-0.07670043415340089,-0.1841432225063938,-0.03186646433990892,0.26733828736527876,6984.5,7652.833333333333,-0.08654878659889753,-0.1663218415837271,-0.30043859649122806,0.8592233582670699,454300.0,408375.0,1.1124579124579124,2858761750.0,276,False,jpx_liquidity,JPX流動性
334,6465,ホシザキ,機械,プライム,6465.T,2026-07-31,5704.0,-0.01993127147766327,0.04949402023919047,0.029788770536197884,0.08235294117647052,0.11145752143413867,5555.0,5305.092862955729,0.026822682268226927,0.07519324304947594,-0.023956194387405927,0.2986607281987817,413900.0,516110.0,0.8019608223053225,2838512800.0,276,False,jpx_liquidity,JPX流動性
335,4971,メック,化学,プライム,4971.T,2026-07-31,8520.0,0.14670255720053826,0.007092198581560183,-0.17361784675072744,-0.18234165067178498,0.4639175257731958,8698.0,9979.387483723958,-0.020464474591860182,-0.14624018619420975,-0.26541569677516375,0.8640836175673702,478600.0,313945.0,1.5244708468043766,2837237150.0,276,True,jpx_liquidity,JPX流動性
336,7826,フルヤ金属,その他製品,プライム,7826.T,2026-07-31,6660.0,0.12881355932203387,-0.004484304932735439,-0.12598425196850394,-0.1685393258426966,0.5652173913043479,6869.5,8284.503141276042,-0.030497124972705403,-0.19608938684352084,-0.3798882681564246,0.7815873289108856,607600.0,414570.0,1.4656149745519453,2833308900.0,276,True,jpx_liquidity,JPX流動性
337,7721,東京計器,精密機器,プライム,7721.T,2026-07-31,6880.0,0.04400606980273136,-0.014326647564469885,0.08176100628930816,-0.10649350649350653,-0.03760818356522322,6607.0,6305.666666666667,0.04131981232026649,0.09108209546968338,-0.24868650349346832,0.7661524132074539,309900.0,420385.0,0.7371813932466668,2814835850.0,276,False,jpx_liquidity,JPX流動性
338,7173,東京きらぼしフィナンシャルグループ,銀行業,プライム,7173.T,2026-07-31,1703.0,0.005312868949232552,-0.03893905191873592,-0.04002254791431792,-0.8594884488448845,-0.8343663086981357,1743.6,6005.758333333333,-0.02328515714613444,-0.716438806645289,-0.8621052631578947,0.41193201657891904,1553700.0,1623395.0,0.957068365986097,2797765175.0,276,False,jpx_liquidity,JPX流動性
339,1721,コムシスホールディングス,建設業,プライム,1721.T,2026-07-31,5266.0,0.0030476190476189657,-0.0005693680015183,-0.04722272480550027,-0.08876968333621738,0.08097514976613951,5295.75,5393.733333333334,-0.005617712316480228,-0.023681803574518656,-0.1079112315771642,0.22416078752110638,440100.0,535550.0,0.8217720100830922,2776203230.0,276,False,jpx_liquidity,JPX流動性
340,2670,エービーシー・マート,小売業,プライム,2670.T,2026-07-31,2723.0,-0.034225926582727384,0.03261281759575274,-0.012332245194051517,0.04189783814807724,0.10016881198148808,2726.0,2704.116666666667,-0.0011005135730007831,0.0069831799663475635,-0.07726194510335482,0.4959589524839746,706000.0,1016145.0,0.6947827327792786,2774744865.0,276,False,jpx_liquidity,JPX流動性
341,5301,東海カーボン,ガラス・土石製品,プライム,5301.T,2026-07-31,1537.5,0.0062172774869109215,-0.05790441176470584,-0.11357739982703952,0.3090676883780332,0.4229523368810735,1638.25,1666.7623168945313,-0.061498550282313436,-0.07755293936292584,-0.19057646749144508,0.23369871284782873,2318300.0,1681225.0,1.3789350027509704,2740543755.0,276,False,jpx_liquidity,JPX流動性
342,6966,三井ハイテック,電気機器,プライム,6966.T,2026-07-31,903.0,0.06863905325443787,0.01607729761626131,-0.10059760956175301,0.3049132947976878,0.20239680426098539,940.0820770263672,907.7940256754557,-0.039445573883999385,-0.005280961914117754,-0.3159090909090909,0.6554891240004197,3102000.0,2917360.0,1.0632900978967286,2729078110.0,276,False,jpx_liquidity,JPX流動性
343,4208,ＵＢＥ,化学,プライム,4208.T,2026-07-31,3183.0,0.005687203791469253,-0.02779474648747704,-0.005933791380387299,0.3273561301084238,0.2066611233815323,3218.95,3025.0583333333334,-0.0111682380900604,0.052211114386223834,-0.04299458809380641,0.24788686927380812,893200.0,839490.0,1.0639793207780914,2716546110.0,276,False,jpx_liquidity,JPX流動性
344,7282,豊田合成,輸送用機器,プライム,7282.T,2026-07-31,5562.0,0.05882352941176472,0.10995809219716612,0.07603017991874639,0.2083423854008255,0.26342941450887203,5115.9,4911.4,0.08719873336069917,0.13246732092682345,0.0,0.3196262357412577,1902200.0,451990.0,4.208500188057258,2710651400.0,276,False,jpx_liquidity,JPX流動性
345,8252,丸井グループ,小売業,プライム,8252.T,2026-07-31,2967.5,-0.023527476143468284,0.01574533629984587,0.03397212543554007,-0.007193041150886592,-0.007088502330771407,2977.55,2866.3,-0.003375258182062524,0.03530684157275932,-0.05388304088651141,0.21955514771247736,1746600.0,855390.0,2.0418756356749554,2701062587.5,276,False,jpx_liquidity,JPX流動性
346,4368,扶桑化学工業,化学,プライム,4368.T,2026-07-31,3745.0,0.11791044776119408,-0.04828462515883103,-0.12805587892898718,0.12293853073463268,0.4951007601762871,3936.75,4123.166666666667,-0.048707690353718136,-0.09171753102388946,-0.23493360572012256,0.724315423210805,1180900.0,674430.0,1.7509600699850243,2685861500.0,276,True,jpx_liquidity,JPX流動性
347,1893,五洋建設,建設業,プライム,1893.T,2026-07-31,1508.0,0.03252310852447793,-0.0388782664117272,-0.0978163326353575,-0.1804347826086956,-0.0962438427744674,1596.8,1706.9166666666667,-0.05561122244488981,-0.11653566372113466,-0.3093229142322842,0.41214806884741834,2083500.0,1651275.0,1.2617522823272926,2674831717.5,276,False,jpx_liquidity,JPX流動性
348,4733,オービックビジネスコンサルタント,情報・通信業,プライム,4733.T,2026-07-31,8003.0,-0.040292601031298725,0.04778737889499873,0.25478206334274067,0.3121823249713067,0.2586211914468879,7042.25,6361.816666666667,0.13642656821328414,0.2579740063765854,-0.05020175646807501,0.43410813412779903,306400.0,364700.0,0.8401425829448862,2674710560.0,276,False,jpx_liquidity,JPX流動性
349,4613,関西ペイント,化学,プライム,4613.T,2026-07-31,2832.0,-0.004744333157617242,0.06406161938756338,0.0494719288493608,0.19796954314720816,0.15066257568541808,2731.9,2548.5333333333333,0.03664116548922003,0.11122737260646653,-0.011173184357541888,0.21859404478147468,1893300.0,919005.0,2.060162893564235,2660571945.0,276,False,jpx_liquidity,JPX流動性
350,9064,ヤマトホールディングス,陸運業,プライム,9064.T,2026-07-31,2069.5,-0.032491818606825595,0.012227928588897097,0.08407543216343627,0.1355281207133059,0.10614979533740532,2015.95,1863.6416666666667,0.02656315880850224,0.11046025478789279,-0.050688073394495436,0.23895726284563437,1771300.0,1288175.0,1.3750460923399384,2652673920.0,276,False,jpx_liquidity,JPX流動性
351,9007,小田急電鉄,陸運業,プライム,9007.T,2026-07-31,1765.5,-0.028075970272502082,0.018459763484280467,0.060042029420594334,0.09658385093167698,0.09361580017716564,1738.7,1680.1666666666667,0.01541381491919247,0.050788612240849185,-0.048247978436657735,0.22375238899065203,2068000.0,1463900.0,1.4126647995081631,2613814300.0,276,False,jpx_liquidity,JPX流動性
352,6473,ジェイテクト,機械,プライム,6473.T,2026-07-31,2216.0,0.054735840076154174,0.0940508516415699,0.06846673095467692,0.15206654536002073,0.23390408098082793,2094.925,2051.4083333333333,0.05779443178156729,0.0802334981252717,0.0,0.37279257119606724,2612800.0,1184935.0,2.2050154649833114,2603603925.0,276,False,jpx_liquidity,JPX流動性
353,6432,竹内製作所,機械,プライム,6432.T,2026-07-31,7450.0,0.01085481682496603,-0.01844532279314892,0.030428769017980528,0.02900552486187835,0.16421962772533005,7354.0,7235.5,0.013054120206690278,0.029645497892336392,-0.04364569961489084,0.35747304768066696,480000.0,342055.0,1.4032830977474382,2589719500.0,276,False,jpx_liquidity,JPX流動性
354,6136,オーエスジー,機械,プライム,6136.T,2026-07-31,3676.0,0.03229429935411399,-0.04766839378238341,-0.012358946802794146,0.10191411055516153,0.42364857639359355,3836.8,3593.853133138021,-0.04190992493744794,0.022857602639496655,-0.10363326018044383,0.635300463283171,592900.0,654815.0,0.9054465765139772,2559506545.0,276,False,jpx_liquidity,JPX流動性
355,6460,セガサミーホールディングス,機械,プライム,6460.T,2026-07-31,2748.5,-0.055660539426215405,0.09067460317460307,0.19240780911062916,0.217766947275144,0.15135194562865717,2531.35,2345.3083333333334,0.08578426531297523,0.17191414064248844,-0.059216156084203275,0.4150332398240822,1563300.0,952230.0,1.6417252134463312,2542898877.5,276,False,jpx_liquidity,JPX流動性
356,4205,日本ゼオン,化学,プライム,4205.T,2026-07-31,2261.0,-0.023326133909287283,0.020767494356659144,-0.013955516790231104,0.16366443643849715,0.2127475880402152,2270.8,2234.258333333333,-0.004315659679408168,0.011968923319073177,-0.0674365848628583,0.31508625008573554,2301400.0,1038130.0,2.2168707194667334,2542002167.5,276,False,jpx_liquidity,JPX流動性
357,9956,バローホールディングス,小売業,プライム,9956.T,2026-07-31,3265.0,-0.04111600587371511,0.013975155279503104,-0.05087209302325579,-0.10425240054869689,-0.07049745620211767,3313.25,3485.8333333333335,-0.01456274051158224,-0.06335166148697113,-0.17026683608640403,0.3815682157064012,289000.0,779165.0,0.37090988429921773,2533945825.0,276,False,jpx_liquidity,JPX流動性
358,4061,デンカ,化学,プライム,4061.T,2026-07-31,3430.0,0.05247008284749932,-0.07121581370159757,-0.18079770718891808,-0.21076852277956737,0.14270423224844064,3770.25,4027.4,-0.09024600490683643,-0.14833391269801854,-0.243326715199647,0.507729508575127,845500.0,669315.0,1.2632318116283066,2527608735.0,276,False,jpx_liquidity,JPX流動性
359,4902,コニカミノルタ,電気機器,プライム,4902.T,2026-07-31,590.7999877929688,-0.144759701457855,-0.08629754082870755,0.043079029532436586,0.1451830971785173,-0.12259779088266165,620.4399993896484,594.5316670735677,-0.047772567252010956,-0.006276670339474544,-0.144759701457855,0.6208384981602869,11781200.0,3641945.0,3.234864886756939,2521945840.5270386,276,True,jpx_liquidity,JPX流動性
360,6703,沖電気工業,電気機器,プライム,6703.T,2026-07-31,2750.0,-0.009365994236311237,-0.17910447761194026,-0.19472913616398246,-0.19354838709677424,0.33699328915779625,3280.35,3286.85,-0.1616748212843141,-0.1633326741408948,-0.28664072632944226,0.613724084250618,2174100.0,717875.0,3.02852167856521,2513179515.0,276,False,jpx_liquidity,JPX流動性
361,9513,電源開発,電気・ガス業,プライム,9513.T,2026-07-31,3800.0,-0.00026308866087876304,-0.008868022952529975,0.03176758077654096,-0.008350730688935326,0.18584823370340553,3718.05,3876.85,0.0220411237073197,-0.019822794278860356,-0.1460674157303371,0.1577364015088365,1203000.0,641235.0,1.8760672764275188,2510550920.0,276,False,jpx_liquidity,JPX流動性
362,7951,ヤマハ,その他製品,プライム,7951.T,2026-07-31,1243.5,-0.019708316909735957,0.0332363938512672,0.0766233766233766,0.12330623306233068,0.08203264786643616,1213.325,1151.8083333333334,0.024869676302721855,0.07960670539803338,-0.03492433061699651,0.2544028127683924,3389500.0,1979310.0,1.7124654551333545,2507812822.5,276,False,jpx_liquidity,JPX流動性
363,1808,長谷工コーポレーション,建設業,プライム,1808.T,2026-07-31,2780.0,-0.018708083303918155,0.007246376811594235,-0.0071428571428571175,0.00907441016333932,-0.12224563798814758,2817.9,2754.866666666667,-0.013449732069981235,0.009123248554073982,-0.19152221846312345,0.21973777973157588,1234900.0,858025.0,1.4392354535124268,2507408482.5,276,False,jpx_liquidity,JPX流動性
364,4527,ロート製薬,医薬品,プライム,4527.T,2026-07-31,2388.5,-0.03825246627743106,0.016382978723404218,-0.0012544428183148826,0.0006284038542103687,-0.06070613789757007,2435.775,2408.0833333333335,-0.019408607116831456,-0.008132332075994064,-0.07898654116484582,0.369541795484521,1095400.0,1010895.0,1.0835942407470607,2490444695.0,276,False,jpx_liquidity,JPX流動性
365,6941,山一電機,電気機器,プライム,6941.T,2026-07-31,8580.0,0.12010443864229758,-0.06024096385542166,-0.05817782656421511,-0.19285042333019753,0.3614848905335881,8818.5,9324.833333333334,-0.027045415887055668,-0.07987631593057964,-0.2366548042704626,0.9000303227168927,450200.0,274460.0,1.640311885156307,2474533500.0,276,True,jpx_liquidity,JPX流動性
366,9861,吉野家ホールディングス,小売業,プライム,9861.T,2026-07-31,3843.0,-0.022634791454730463,0.06395348837209291,0.23489717223650386,0.2009375,0.2619385456125809,3576.8,3279.9666666666667,0.07442406620442843,0.17165824855943668,-0.048762376237623806,0.3611878944522844,571600.0,678715.0,0.8421797072408891,2473951460.0,276,False,jpx_liquidity,JPX流動性
367,4536,参天製薬,医薬品,プライム,4536.T,2026-07-31,1884.0,-0.0271107668474051,-0.04535089941727899,-0.13399218570443572,0.15653775322283603,0.08042360296049966,2068.875,1969.1916666666666,-0.0893601595069784,-0.0432622522777959,-0.15742397137745978,0.2538083654975626,1465900.0,1168820.0,1.2541708731883439,2460931167.5,276,False,jpx_liquidity,JPX流動性
368,8227,しまむら,小売業,プライム,8227.T,2026-07-31,3350.0,-0.04503990877993158,0.015151515151515138,0.012084592145015005,0.056449069694102905,-0.6755994398265047,3388.9,3298.5666666666666,-0.011478650889669262,0.015592631142819613,-0.6947765450936424,0.31589654640940634,614000.0,727655.0,0.8438064742219871,2456326045.0,276,False,jpx_liquidity,JPX流動性
369,8698,マネックスグループ,証券、商品先物取引業,プライム,8698.T,2026-07-31,705.0,-0.015363128491620137,-0.04081632653061229,0.03982300884955747,0.030701754385964897,0.020851469625154273,725.0,672.0166666666667,-0.02758620689655178,0.04908112398006015,-0.08203125,0.36461080642534777,1962200.0,3466655.0,0.5660211356480527,2442153110.0,276,False,jpx_liquidity,JPX流動性
370,1969,高砂熱学工業,建設業,プライム,1969.T,2026-07-31,4264.0,0.007799574568659873,-0.037254459245879445,-0.16572099393465078,-0.09141274238227148,-0.07769368077624084,4628.25,4658.716666666666,-0.0787014530330038,-0.08472648046851239,-0.23771375019465957,0.3548879237400167,781900.0,522625.0,1.496101411145659,2441631200.0,276,False,jpx_liquidity,JPX流動性
371,9142,九州旅客鉄道,陸運業,プライム,9142.T,2026-07-31,3596.0,-0.041833200106581425,-0.016680339075745176,0.026841804683038317,-0.01989642954483506,-0.0775793316171095,3635.9,3556.9166666666665,-0.010973899172144419,0.010987981163461003,-0.11855603535203318,0.22367691116424168,1011800.0,644395.0,1.570154951543696,2408225660.0,276,False,jpx_liquidity,JPX流動性
372,1662,石油資源開発,鉱業,プライム,1662.T,2026-07-31,1767.0,0.001133144475920611,-0.014500836586726185,0.10162094763092266,-0.16532829475673128,-0.06484870109369034,1709.25,1755.9666666666667,0.03378674857393604,0.00628333871182063,-0.344097995545657,0.2804638446032681,1333500.0,1385625.0,0.9623815967523681,2399724890.0,276,False,jpx_liquidity,JPX流動性
373,8334,群馬銀行,銀行業,プライム,8334.T,2026-07-31,2538.5,0.02565656565656571,-0.027021847451130676,0.055289960507171054,0.1419253261358524,0.30194842190172166,2531.275,2365.008333333333,0.002854292797108249,0.0733577401066241,-0.04513823584728227,0.368614861438421,962400.0,941140.0,1.0225896253479823,2394889647.5,276,False,jpx_liquidity,JPX流動性
374,5233,太平洋セメント,ガラス・土石製品,プライム,5233.T,2026-07-31,4074.0,-0.02395783421178721,-0.011404998786702203,0.03479806959613918,0.10406504065040645,-0.04013937593284844,4068.95,4118.6,0.0012411064279482797,-0.010828922449376055,-0.14323033472493996,0.3158270578581215,775700.0,570285.0,1.3601970944352386,2392484285.0,276,False,jpx_liquidity,JPX流動性
375,2264,森永乳業,食料品,プライム,2264.T,2026-07-31,1191.0,-0.05551149881046791,-0.05363528009535157,-0.09532852259779723,-0.7454040188114579,-0.7021773621056503,1252.05,2848.795833333333,-0.04876003354498615,-0.5819286218884879,-0.7746878547105562,0.3109912207038454,1774000.0,1940550.0,0.9141738167014506,2390108305.0,276,False,jpx_liquidity,JPX流動性
376,4022,ラサ工業,化学,プライム,4022.T,2026-07-31,1826.0,0.10599636583888561,-0.03129973474801062,-0.11013645224171542,-0.1991228070175438,0.225351166601516,1862.2,2049.7,-0.019439372784878173,-0.10913792262282274,-0.31172257821334337,0.8493134997704473,1828400.0,1272635.0,1.4367041610516762,2386995690.0,276,True,jpx_liquidity,JPX流動性
377,9009,京成電鉄,陸運業,プライム,9009.T,2026-07-31,1279.5,-0.015390534821084989,0.0268860353130016,0.08570216376750106,0.13230088495575232,0.08350099262085497,1259.7,1144.4833333333333,0.015718028101928905,0.11797171940759288,-0.052731009277785956,0.2963426109678222,1995000.0,1915035.0,1.041756416984546,2385968785.0,276,False,jpx_liquidity,JPX流動性
378,6103,オークマ,機械,プライム,6103.T,2026-07-31,4945.0,0.025933609958506132,0.015400410677617993,0.03235908141962418,0.0366876310272537,0.24859596509603588,4903.5,4556.0,0.008463342510451666,0.0853819139596137,-0.0303921568627451,0.41116199408671394,439700.0,488060.0,0.9009138220710569,2375787650.0,276,False,jpx_liquidity,JPX流動性
379,3769,ＧＭＯペイメントゲートウェイ,情報・通信業,プライム,3769.T,2026-07-31,9881.0,-0.021683168316831702,0.053299221831361265,0.039120832895152,0.2948499541344516,0.10340591848129543,9802.65,8840.533333333333,0.007992736657944643,0.11769274855212353,-0.03740867023867511,0.34779846060491865,227800.0,245165.0,0.9291701507148247,2357671480.0,276,False,jpx_liquidity,JPX流動性
380,3445,ＲＳ　Ｔｅｃｈｎｏｌｏｇｉｅｓ,金属製品,プライム,3445.T,2026-07-31,6310.0,0.12880143112701248,0.006379585326953707,-0.16534391534391535,-0.06932153392330387,0.6117496807151979,7095.5,7030.833333333333,-0.1107039673032203,-0.10252459405001779,-0.2532544378698225,1.171205515648697,354800.0,320380.0,1.1074349210312753,2355414600.0,276,True,jpx_liquidity,JPX流動性
381,8050,セイコーグループ,精密機器,プライム,8050.T,2026-07-31,7940.0,0.09366391184573009,0.08469945355191255,0.012755102040816313,0.3277591973244147,1.0228996119372962,7531.5,7195.833333333333,0.05423886344021778,0.10341632889403596,-0.02457002457002455,0.6838249447823886,477200.0,304330.0,1.5680346991752374,2352614300.0,276,True,jpx_liquidity,JPX流動性
382,6055,ジャパンマテリアル,サービス業,プライム,6055.T,2026-07-31,2267.0,0.12283308568598317,0.012957998212689947,-0.08955823293172693,0.17278841179513704,0.30259328882559733,2381.5,2293.366666666667,-0.04807894184337602,-0.011496925916774536,-0.16593083149374543,0.8165388181150347,1216800.0,949495.0,1.2815233360891842,2339107645.0,276,True,jpx_liquidity,JPX流動性
383,7276,小糸製作所,電気機器,プライム,7276.T,2026-07-31,2696.5,0.005969035627681363,0.09591546433651699,0.040717869548436925,0.04495252857973253,0.07010769223614477,2557.6,2678.3,0.05430872693149835,0.006795355262666503,-0.07320845506100704,0.3081481974032278,1579100.0,854960.0,1.8469869935435577,2326845855.0,276,False,jpx_liquidity,JPX流動性
384,5021,コスモエネルギーホールディングス,石油・石炭製品,プライム,5021.T,2026-07-31,3984.0,-0.0010030090270812808,0.0037792894935753107,0.028129032258064512,0.019186492709132752,-0.11772285325874221,3911.95,3785.65,0.018417924564475552,0.05239522935295127,-0.1773747901528543,0.20403248377481858,947100.0,575115.0,1.646801074567695,2325362505.0,276,False,jpx_liquidity,JPX流動性
385,7966,リンテック,その他製品,プライム,7966.T,2026-07-31,6200.0,0.05982905982905984,-0.06344410876132933,-0.11680911680911676,0.15456238361266283,0.288110421058398,6547.0,6125.0,-0.053001374675423873,0.012244897959183598,-0.15184678522571815,0.526126642914112,602100.0,344050.0,1.7500363319284988,2325331350.0,276,False,jpx_liquidity,JPX流動性
386,5929,三和ホールディングス,金属製品,プライム,5929.T,2026-07-31,3442.0,-0.1275031685678073,-0.09062087186261558,-0.09421052631578952,-0.047592695074709424,-0.02298303425781656,3775.1,3637.65,-0.08823607321660354,-0.05378472365400744,-0.1517866683095358,0.495641364641474,2208600.0,528250.0,4.180974917179366,2312643880.0,276,False,jpx_liquidity,JPX流動性
387,4631,ＤＩＣ,化学,プライム,4631.T,2026-07-31,4424.0,0.028598000465008155,-0.010954616588419452,-0.07640918580375788,0.18733225979602786,0.17006083046813014,4568.4,4658.038419596354,-0.03160844059189205,-0.05024398652697992,-0.14822291512859975,0.2788090183230343,625700.0,491685.0,1.2725627180003458,2309836495.0,276,False,jpx_liquidity,JPX流動性
388,6961,エンプラス,電気機器,プライム,6961.T,2026-07-31,11380.0,0.10378273520853543,-0.13460076045627378,-0.12123552123552128,-0.1430722891566265,0.006239692582389544,12271.0,12831.666666666666,-0.07261021921603783,-0.11313157552928943,-0.3530415008527572,0.8129952255880237,464600.0,179925.0,2.582187022370432,2303136800.0,276,True,jpx_liquidity,JPX流動性
389,3635,コーエーテクモホールディングス,情報・通信業,プライム,3635.T,2026-07-31,1609.5,-0.03680430879712748,0.07085828343313372,0.03272377285851791,0.04006462035541203,0.008501379621256966,1575.725,1525.4166666666667,0.02143457773405899,0.05512155148866427,-0.11449311219946212,0.4404127896164121,1848000.0,1405320.0,1.315002988643156,2301481700.0,276,False,jpx_liquidity,JPX流動性
390,4732,ユー・エス・エス,サービス業,プライム,4732.T,2026-07-31,2017.5,-0.022529069767441845,0.03196930946291565,0.05407523510971779,0.1980403800475059,0.18977571053121856,1989.775,1878.425,0.013933736226457771,0.07403809042149678,-0.022529069767441845,0.1858629610258925,1364600.0,1131050.0,1.206489545112948,2295611470.0,276,False,jpx_liquidity,JPX流動性
391,8358,スルガ銀行,銀行業,プライム,8358.T,2026-07-31,2605.0,0.002694380292532772,-0.051001821493624755,0.040751098681582,0.14656690140845074,0.3348910698896561,2646.4,2444.3,-0.01564389359129381,0.06574479401055511,-0.05650126765664609,0.3845209870926606,830100.0,869550.0,0.9546317060548559,2281887915.0,276,False,jpx_liquidity,JPX流動性
392,6923,スタンレー電気,電気機器,プライム,6923.T,2026-07-31,3491.0,-0.015787989850577944,0.016894844159627054,-0.03403431101272825,0.14010450685826248,0.16826919855975575,3533.1,3539.7,-0.01191588123744014,-0.013758228098426417,-0.07816213361499869,0.2460195117604154,1018300.0,624550.0,1.6304539268273157,2272725005.0,276,False,jpx_liquidity,JPX流動性
393,7867,タカラトミー,その他製品,プライム,7867.T,2026-07-31,3627.0,-0.027092274678111594,0.061457418788410934,0.1229102167182663,0.39098753595397895,0.3525325653786182,3456.4,3127.0916666666667,0.04935771322763571,0.1598636645871696,-0.027092274678111594,0.3530897262258084,611100.0,636070.0,0.9607433144150801,2257947285.0,276,False,jpx_liquidity,JPX流動性
394,6845,アズビル,電気機器,プライム,6845.T,2026-07-31,1665.5,0.01276983885679539,0.018966044661976156,-0.025738520035098023,0.14981014842940965,0.21931649235743045,1668.325,1623.9583333333333,-0.001693315151424346,0.025580500320718347,-0.04391504018369685,0.21034322425221305,1808300.0,1299180.0,1.3918779537862345,2229060920.0,276,False,jpx_liquidity,JPX流動性
395,9509,北海道電力,電気・ガス業,プライム,9509.T,2026-07-31,1026.0,0.00835380835380839,0.018362282878412017,0.10287005639338842,0.007858546168958647,0.03169953542175863,1000.1299987792969,957.6633321126302,0.02586663858926208,0.07135771580250161,-0.1653852512858094,0.2718070820385371,2266400.0,2195085.0,1.0324884913340486,2211506150.583191,276,False,jpx_liquidity,JPX流動性
396,8524,北洋銀行,銀行業,プライム,8524.T,2026-07-31,1157.0,0.014912280701754321,-0.04930156121610518,0.031194295900178304,0.14667988107036667,0.25506131738122306,1181.95,1071.5881632486978,-0.02110918397563355,0.07970584192752006,-0.08392715756136182,0.5075128692453337,2105900.0,1851660.0,1.1373038246762364,2210275005.0,276,False,jpx_liquidity,JPX流動性
397,2809,キユーピー,食料品,プライム,2809.T,2026-07-31,4553.0,-0.03742071881606768,0.017430167597765278,0.040210189627598814,0.13053066430987492,0.029115061242238394,4548.2,4262.98632405599,0.00105536256101324,0.06803063718676872,-0.06026831785345721,0.32194964172522816,442400.0,476640.0,0.9281638133601879,2195282105.0,276,False,jpx_liquidity,JPX流動性
398,9143,ＳＧホールディングス,陸運業,プライム,9143.T,2026-07-31,1581.5,-0.029754601226993915,-0.004406672961913771,0.01900773195876293,0.07438858695652173,0.0748078633340854,1600.75,1511.4166666666667,-0.01202561299390914,0.04636930032530184,-0.04728915662650601,0.21663333503326815,1504000.0,1343635.0,1.1193516096261262,2189915407.5,276,False,jpx_liquidity,JPX流動性
399,5393,ニチアス,ガラス・土石製品,プライム,5393.T,2026-07-31,3359.0,0.053969250078443665,-0.002079619726678583,-0.1407009465336403,0.020352369380315816,0.2822238032282469,3488.2,3586.6666666666665,-0.03703916059858947,-0.06347583643122667,-0.17327098203298053,0.46113445700307454,662700.0,615965.0,1.0758728174490433,2180339535.0,276,False,jpx_liquidity,JPX流動性
400,4088,エア・ウォーター,化学,プライム,4088.T,2026-07-31,2517.0,-0.014487079091620947,-0.02856040138942495,-0.08738216098622187,0.3153906454141626,0.08594411622692255,2602.25,2526.075,-0.03276011144202129,-0.003592529913007292,-0.11993006993006994,0.216991767342836,885800.0,822835.0,1.0765220244642,2153520405.0,276,False,jpx_liquidity,JPX流動性
401,4812,電通総研,情報・通信業,プライム,4812.T,2026-07-31,2687.0,-0.009948415622697104,0.010910458991723049,0.13615221987315018,0.2573701450631727,0.11911703456892964,2694.25,2294.7126729329425,-0.0026909158392873778,0.17095269995858042,-0.016831320892791823,0.5528768292483689,554600.0,817050.0,0.6787834281867695,2148089255.0,276,False,jpx_liquidity,JPX流動性
402,4676,フジ・メディア・ホールディングス,情報・通信業,プライム,4676.T,2026-07-31,3981.0,-0.040722891566265074,-0.018249075215783006,-0.0037537537537537524,0.006573957016434928,0.03313406255531981,4108.15,3972.95,-0.030950671226707804,0.0020262021923256324,-0.09233926128590975,0.2892369994139534,826700.0,508170.0,1.6268177971938524,2138809000.0,276,False,jpx_liquidity,JPX流動性
403,9449,ＧＭＯインターネットグループ,情報・通信業,プライム,9449.T,2026-07-31,4254.0,0.009971509971509862,0.08631256384065367,0.2037351443123938,0.3929273084479372,0.12250647388635527,3969.35,3490.7833333333333,0.07171199314749277,0.21863765057508577,-0.0009394081728510972,0.30754513321387567,668000.0,531180.0,1.2575774690312136,2135762550.0,276,False,jpx_liquidity,JPX流動性
404,3288,オープンハウスグループ,不動産業,プライム,3288.T,2026-07-31,8509.0,-0.019248501613646885,0.015393794749403389,0.0233313289236321,-0.08564367075005375,-0.046980727568918246,8595.45,8588.25,-0.010057646778237395,-0.009227723925130271,-0.2684187573687372,0.22693043447156422,220200.0,255600.0,0.8615023474178404,2128188150.0,276,False,jpx_liquidity,JPX流動性
405,6507,シンフォニアテクノロジー,電気機器,プライム,6507.T,2026-07-31,13330.0,0.0881632653061224,-0.06783216783216783,-0.1298955613577023,-0.11369680851063835,0.22617434953989002,14176.0,14556.5,-0.05967832957110608,-0.08425789166351805,-0.19891826923076927,0.735170312243306,232300.0,145320.0,1.598541150564272,2112349450.0,276,True,jpx_liquidity,JPX流動性
406,1959,クラフティア,建設業,プライム,1959.T,2026-07-31,8491.0,0.03840039134156781,-0.04262036306235206,-0.07019272886552785,-0.11237716914070672,-0.004945981930422949,8846.6,9059.45,-0.0401962335812629,-0.0627466347294815,-0.1854024998599363,0.426629196528009,597900.0,215955.0,2.768632353962631,2095628345.0,276,False,jpx_liquidity,JPX流動性
407,3105,日清紡ホールディングス,電気機器,プライム,3105.T,2026-07-31,2179.5,0.045825335892514474,-0.032837807854448675,-0.12276111893741193,0.03171597633136103,0.3408182097816057,2260.4,2287.908455403646,-0.03579012564147943,-0.04738321375910115,-0.12276111893741193,0.4960579082162773,1151700.0,898270.0,1.2821312077660392,2048689927.5,276,False,jpx_liquidity,JPX流動性
408,2767,円谷フィールズホールディングス,卸売業,プライム,2767.T,2026-07-31,2410.0,-0.001657000828500399,0.6338983050847458,0.7325664989216392,0.6947960618846696,0.41378347802685944,1617.35,1465.95,0.4900918168609145,0.6439851290971725,-0.001657000828500399,1.1274170763649753,3838100.0,804325.0,4.771827308612812,2021803980.0,276,False,jpx_liquidity,JPX流動性
409,6753,シャープ,電気機器,プライム,6753.T,2026-07-31,618.4000244140625,-0.022910411503655803,0.05385146093807136,-0.039154680123989705,0.10547014198256233,-0.13352947479749233,630.1899963378906,621.9533304850261,-0.018708598981800884,-0.005713139389723287,-0.19865230707271453,0.3019330470366755,3430300.0,3219375.0,1.0655173752669385,2021729993.112793,276,False,jpx_liquidity,JPX流動性
410,5741,ＵＡＣＪ,非鉄金属,プライム,5741.T,2026-07-31,2355.0,0.056053811659192876,-0.024440762220381163,-0.06916996047430835,-0.15772532188841204,-0.0589317861933385,2419.25,2784.266666666667,-0.026557817505425185,-0.15417584522555317,-0.3412587412587412,0.5145830607504029,909600.0,817705.0,1.1123816046129105,2009933310.0,276,False,jpx_liquidity,JPX流動性
411,2212,山崎製パン,食料品,プライム,2212.T,2026-07-31,3359.0,-0.06642579210672594,0.0,0.03800988875154521,0.04284383731760322,0.009011715229798822,3355.1,3206.4,0.001162409466185732,0.04759231536926145,-0.08623503808487487,0.39182301990479795,1117200.0,563925.0,1.9811145099082326,2008839580.0,276,False,jpx_liquidity,JPX流動性
412,4202,ダイセル,化学,プライム,4202.T,2026-07-31,1450.5,0.003459010722933309,-0.014605978260869512,0.04090419806243273,0.15854632587859419,0.004183302705697001,1446.3,1338.0916666666667,0.0029039618336446082,0.08400645197451584,-0.10179193419846067,0.2116301518800036,3849500.0,1243120.0,3.0966439281807068,2007782182.5,276,False,jpx_liquidity,JPX流動性
413,9401,ＴＢＳホールディングス,情報・通信業,プライム,9401.T,2026-07-31,6034.0,-0.02896684905053104,-0.010981806261268656,-0.05939204988308655,0.04611650485436902,-0.014394747535813823,6312.65,6066.033333333334,-0.044141525349892574,-0.005280771069507306,-0.07962172056131789,0.23619918559017175,485600.0,310420.0,1.5643321950905225,1967369555.0,276,False,jpx_liquidity,JPX流動性
414,3923,ラクス,情報・通信業,プライム,3923.T,2026-07-31,1060.0,-0.022140221402214055,0.10324730793856607,0.05367793240556651,0.18847401164314515,0.25799692176460765,1026.3149993896484,961.881669108073,0.03282130791266247,0.10200665429346367,-0.03985507246376807,0.3873138456830057,1962700.0,1950740.0,1.0061310066948952,1960016613.630371,276,False,jpx_liquidity,JPX流動性
415,8341,七十七銀行,銀行業,プライム,8341.T,2026-07-31,3495.0,0.025227339395717197,-0.03745524648857068,0.013925152306353272,0.13326848249027234,0.22129422967755752,3528.05,3327.575,-0.00936778106886249,0.050314418157366925,-0.04949687245036716,0.38114608838638053,1194800.0,531435.0,2.248252373291183,1956194100.0,276,False,jpx_liquidity,JPX流動性
416,6508,明電舎,電気機器,プライム,6508.T,2026-07-31,9620.0,0.15071770334928236,0.06651884700665178,0.014767932489451407,0.04907306434023995,0.5000987540242074,8941.0,9638.166666666666,0.07594228833463812,-0.0018848674540454802,-0.1333333333333333,0.7371511847676838,772700.0,191335.0,4.038466563880106,1953754800.0,276,True,jpx_liquidity,JPX流動性
417,3687,フィックスターズ,情報・通信業,プライム,3687.T,2026-07-31,2090.0,0.003842459173871271,-0.025186567164179108,-0.1053082191780822,0.5785498489425982,0.4017437961099932,2205.6,2242.9166666666665,-0.052412042074718834,-0.06817759613598362,-0.4250343878954608,0.530951987410179,1080200.0,898115.0,1.2027412970499323,1948121110.0,276,False,jpx_liquidity,JPX流動性
418,1332,ニッスイ,水産・農林業,プライム,1332.T,2026-07-31,1262.0,-0.025858741798533424,-0.004339250493096691,-0.014062499999999978,0.04039571310799661,-0.035365171380467686,1279.5,1280.2583333333334,-0.013677217663149666,-0.014261444630315534,-0.1803695316367423,0.2519939424867715,2197600.0,1490055.0,1.4748448882759362,1944221715.0,276,False,jpx_liquidity,JPX流動性
419,2181,パーソルホールディングス,サービス業,プライム,2181.T,2026-07-31,263.79998779296875,-0.03228179792191643,0.015005748318861922,0.04641008094481758,0.1206456866306167,0.0006267085737992062,261.89499816894534,247.94499918619792,0.007273867914020071,0.06394558736336631,-0.046965319990271426,0.25525296855293067,10367900.0,7316220.0,1.4171115685422253,1932794330.6362915,276,True,jpx_liquidity,JPX流動性
420,8410,セブン銀行,銀行業,プライム,8410.T,2026-07-31,318.6000061035156,-0.02538999066361869,0.025756599622647203,0.10740351958778671,0.19058295529437208,0.08999045725812183,306.0399993896484,286.50166575113934,0.04104040889725624,0.11203544059062298,-0.04467764286801912,0.26390114835792616,10546800.0,6076235.0,1.7357459018619261,1926503768.6006165,276,True,jpx_liquidity,JPX流動性
421,1961,三機工業,建設業,プライム,1961.T,2026-07-31,2309.0,0.03728661275831091,-0.05291222313371613,-0.19010873377762194,-0.09415457041977249,0.008687628163499328,2532.9,2555.7166666666667,-0.08839669943542983,-0.09653521843188151,-0.26112,0.472577442971034,1673100.0,711050.0,2.352999085858941,1926238130.0,276,False,jpx_liquidity,JPX流動性
422,7180,九州フィナンシャルグループ,銀行業,プライム,7180.T,2026-07-31,1484.5,0.002024974687816483,-0.07478965409784977,-0.002016806722689113,0.1485493230174082,0.23991534619834298,1539.65,1456.2416666666666,-0.03581982918195703,0.019404975135766334,-0.07795031055900625,0.31532838904259264,1436300.0,1249745.0,1.1492744519882057,1925369272.5,276,False,jpx_liquidity,JPX流動性
423,2371,カカクコム,サービス業,プライム,2371.T,2026-07-31,3690.0,-0.0021633315305570333,0.004628369180506464,0.049786628733997196,0.36262924667651397,0.7713215015842494,3631.7,3429.516666666667,0.01605308808546968,0.07595336563461319,-0.0021633315305570333,0.11793739990698293,421800.0,598955.0,0.7042265278693725,1924569855.0,276,False,jpx_liquidity,JPX流動性
424,5444,大和工業,鉄鋼,プライム,5444.T,2026-07-31,13500.0,0.005961251862891315,0.027397260273972712,0.09223300970873782,0.11386138613861396,0.13351678091073782,12910.25,12200.166666666666,0.04568075753761547,0.10654226035163461,-0.017824663514005135,0.1982726205901999,341000.0,136850.0,2.491779320423822,1921130700.0,276,False,jpx_liquidity,JPX流動性
425,5074,テスホールディングス,建設業,プライム,5074.T,2026-07-31,678.0,0.059374999999999956,-0.06224066390041494,-0.2179930795847751,-0.2549450549450549,0.808,761.9,925.4326039632161,-0.11011943824648907,-0.2673696635536422,-0.49213483146067416,0.9341401018180839,1948500.0,2483650.0,0.7845308316389186,1918568465.0,276,False,jpx_liquidity,JPX流動性
426,4912,ライオン,化学,プライム,4912.T,2026-07-31,1708.0,-0.024557395773843527,0.029225670382645452,-0.012431338537149506,0.0990990990990992,0.015156017830609159,1701.4,1647.3098897298178,0.0038791583401904806,0.03684195101878274,-0.08882368631635107,0.23396680568071754,948300.0,1121485.0,0.8455752863390951,1917319545.0,276,False,jpx_liquidity,JPX流動性
427,5857,ＡＲＥホールディングス,非鉄金属,プライム,5857.T,2026-07-31,3095.0,0.03615667894208241,0.004870129870129913,0.045608108108108114,-0.22817955112219457,-0.1182107408385592,3034.35,3224.2166666666667,0.019987806284706755,-0.04007691790770884,-0.3307013573060037,0.34716178944722115,604500.0,634735.0,0.9523659479940447,1911763150.0,276,False,jpx_liquidity,JPX流動性
428,3774,インターネットイニシアティブ,情報・通信業,プライム,3774.T,2026-07-31,3503.0,-0.018767507002801165,0.026369762672135977,0.05798852310480207,0.26439270889731104,0.42615138191672775,3489.8,3213.108333333333,0.003782451716430657,0.0902215663441166,-0.029908612572694504,0.24008824644340104,553500.0,552770.0,1.001320621596686,1908841410.0,276,False,jpx_liquidity,JPX流動性
429,4626,太陽ホールディングス,化学,プライム,4626.T,2026-07-31,4725.0,0.005319148936170137,-0.010471204188481686,-0.05443265959575749,-0.03136531365313655,-0.07822863831447524,4815.85,4948.2,-0.018864790223948047,-0.04510731174972715,-0.22490157480314965,0.11580007164900516,525100.0,380435.0,1.380262068421675,1896365475.0,276,False,jpx_liquidity,JPX流動性
430,9364,上組,倉庫・運輸関連業,プライム,9364.T,2026-07-31,5179.0,-0.009372609028309054,0.005045604502231793,0.00602175602175592,-0.016707803303588342,-0.028726693855184893,5204.35,4981.116666666667,-0.004870925283656957,0.03972670117476995,-0.09068375804587647,0.15450380125756208,809800.0,340695.0,2.3769060303203746,1893226245.0,276,False,jpx_liquidity,JPX流動性
431,8418,山口フィナンシャルグループ,銀行業,プライム,8418.T,2026-07-31,2976.0,0.016219907802629274,-0.04645946811919255,0.014487813192432197,0.10899944102850756,0.1978479471479404,3032.925,2898.516666666667,-0.018769010113998896,0.026732064101753217,-0.06179066834804536,0.368115824408453,1360400.0,580915.0,2.341822814008934,1891397635.0,276,False,jpx_liquidity,JPX流動性
432,9468,ＫＡＤＯＫＡＷＡ,情報・通信業,プライム,9468.T,2026-07-31,3473.0,-0.029888268156424536,-0.002298190175237025,-0.05057408419901588,-0.006863025450386084,0.06982110321601187,3650.65,3428.35,-0.04866256694013393,0.013023757784356826,-0.10880164228894018,0.2060551905184464,663000.0,513895.0,1.2901468198756556,1881066145.0,276,False,jpx_liquidity,JPX流動性
433,4461,第一工業製薬,化学,プライム,4461.T,2026-07-31,12620.0,0.22168441432720232,0.2019047619047618,0.03697617091207883,0.41005586592178767,0.17117450236176524,10748.0,10853.166666666666,0.17417193896538885,0.1627942689537616,-0.043939393939393945,1.2970769058121803,842200.0,135605.0,6.2106854467018175,1875034500.0,276,True,jpx_liquidity,JPX流動性
434,7956,ピジョン,その他製品,プライム,7956.T,2026-07-31,2020.5,-0.018698397280233148,0.03855050115651504,-0.03854389721627405,0.17368573918094676,0.2414746543778803,2038.225,1944.5915893554688,-0.00869629211691536,0.03903565718377444,-0.040598290598290565,0.24954500640567448,1107100.0,914950.0,1.2100114760369418,1873271392.5,276,False,jpx_liquidity,JPX流動性
435,4516,日本新薬,医薬品,プライム,4516.T,2026-07-31,3400.0,-0.027181688125894166,-0.16379734382685684,-0.16748285994123413,-0.29063217191737956,-0.33364275358504836,3950.7,4039.6833333333334,-0.13939301895866552,-0.15834987065817863,-0.38685631338024606,0.44374216544918965,1789800.0,428390.0,4.177968673405075,1856563935.0,276,False,jpx_liquidity,JPX流動性
436,7327,第四北越フィナンシャルグループ,銀行業,プライム,7327.T,2026-07-31,2308.0,0.02623388172521124,-0.024101479915433432,0.05436272270443121,0.14257425742574248,0.2827428667573746,2290.05,2146.5,0.007838256806619759,0.07523876077335201,-0.039134054954204855,0.36441798535247194,930900.0,805535.0,1.1556294884766025,1854498545.0,276,False,jpx_liquidity,JPX流動性
437,3116,トヨタ紡織,輸送用機器,プライム,3116.T,2026-07-31,2240.5,-0.07398222773300267,0.0029095792300806167,0.014030323602625128,0.005159264244055661,-0.14699456264208488,2251.85,2229.258333333333,-0.005040300197615255,0.005042783287416253,-0.30473677527629195,0.3737435045920183,2732500.0,714355.0,3.8251289624906386,1831445645.0,276,False,jpx_liquidity,JPX流動性
438,6952,カシオ計算機,電気機器,プライム,6952.T,2026-07-31,1764.5,0.003126776577600854,0.02557396105783205,-0.05388739946380694,0.07166717279076829,0.13350434043372728,1807.175,1790.4666666666667,-0.023614204490433943,-0.014502736716684672,-0.11353931173072096,0.22882007275209973,1779500.0,967590.0,1.8391054062154424,1818409792.5,276,False,jpx_liquidity,JPX流動性
439,8056,ＢＩＰＲＯＧＹ,情報・通信業,プライム,8056.T,2026-07-31,4868.0,-0.04078817733990148,0.05322371267849424,0.10535876475930972,0.138180967968202,-0.035220944752779815,4690.15,4540.65,0.03791989595215517,0.07209320251505846,-0.04248623131392604,0.29159285675668095,484700.0,384065.0,1.2620259591475402,1790430810.0,276,False,jpx_liquidity,JPX流動性
440,9989,サンドラッグ,小売業,プライム,9989.T,2026-07-31,3780.0,-0.03398926654740608,0.0010593220338983578,-0.0026385224274406704,0.0015898251192367763,-0.07915805024792089,3843.25,3779.8,-0.016457425356143918,5.291285253172795e-05,-0.09837822124245066,0.20920343181430703,642200.0,457840.0,1.4026734230298794,1781524645.0,276,False,jpx_liquidity,JPX流動性
441,9041,近鉄グループホールディングス,陸運業,プライム,9041.T,2026-07-31,3464.0,-0.031319910514541416,-0.004311583788444984,0.026978950489178866,-0.02174526969782542,0.0829885644059245,3490.9,3490.2833333333333,-0.007705749233722026,-0.007530429716785192,-0.05069882159495753,0.2089786571480645,719700.0,501710.0,1.4344940304159775,1774912895.0,276,False,jpx_liquidity,JPX流動性
442,7189,西日本フィナンシャルホールディングス,銀行業,プライム,7189.T,2026-07-31,4268.0,0.02032034425053797,-0.03895519027246119,0.009699550508635024,0.05984603923516274,0.1166655115729216,4334.2,4166.733333333334,-0.015273868303262383,0.02430361114222168,-0.05783664459161153,0.3597037361193808,408600.0,412305.0,0.9910139338596428,1773318695.0,276,False,jpx_liquidity,JPX流動性
443,4369,トリケミカル研究所,化学,プライム,4369.T,2026-07-31,3245.0,0.11973775017253274,-0.006125574272588086,-0.08333333333333337,-0.01666666666666672,-0.02844311377245512,3281.55,3519.9333333333334,-0.011138029284941675,-0.07810753991552877,-0.22368421052631582,0.7877346432286946,885500.0,528220.0,1.6763848396501457,1766715075.0,276,True,jpx_liquidity,JPX流動性
444,9001,東武鉄道,陸運業,プライム,9001.T,2026-07-31,3096.0,-0.014326647564469885,0.027888446215139417,0.07836990595611293,0.0729509617050772,0.13581199635643526,3014.6,2893.825,0.027001923970012554,0.06986427997546496,-0.031894934333958735,0.19419591942642547,847400.0,557580.0,1.5197819147028229,1755468957.5,276,False,jpx_liquidity,JPX流動性
445,6592,マブチモーター,電気機器,プライム,6592.T,2026-07-31,1665.0,-0.004186602870813405,0.03191819026960019,0.04881889763779523,0.07801877630301068,0.12462006079027366,1632.175,1583.652254231771,0.020111201311133975,0.051367177074925996,-0.11671087533156499,0.29789052269418254,2306200.0,990915.0,2.327343919508737,1743325710.0,276,False,jpx_liquidity,JPX流動性
446,2492,インフォマート,サービス業,プライム,2492.T,2026-07-31,569.0,0.003527336860670305,0.09213051823416496,0.4225000000000001,0.3777239709443099,0.2560706401766004,510.35,424.58835652669273,0.11492113255608882,0.34012153478407625,0.0,0.7971624938443216,3489800.0,3344005.0,1.0435989180638188,1742850130.0,276,False,jpx_liquidity,JPX流動性
447,6925,ウシオ電機,電気機器,プライム,6925.T,2026-07-31,3786.0,0.0504994450610432,-0.09077809798270897,-0.1917164816396243,0.11846381093057601,0.3912460567045062,4112.25,4144.133333333333,-0.07933612985591831,-0.08641935587658056,-0.2158243579121789,0.6220030318809197,422400.0,436130.0,0.9685185609795245,1728665820.0,276,False,jpx_liquidity,JPX流動性
448,9008,京王電鉄,陸運業,プライム,9008.T,2026-07-31,809.7999877929688,-0.026214512305160476,0.03290814769511319,0.09373306468193054,0.07173109311577375,0.05694550993274072,782.254995727539,755.4249979654948,0.035212292942675694,0.07197933610075968,-0.036869648489615825,0.22329513831010572,2558100.0,2172800.0,1.1773287923416789,1724889413.4378052,276,False,jpx_liquidity,JPX流動性
449,4194,ビジョナル,情報・通信業,プライム,4194.T,2026-07-31,8713.0,-0.031888888888888856,0.03886967926553009,0.0961127185809536,0.16953020134228192,-0.008985441310282116,8505.85,7902.166666666667,0.024353827071956324,0.1026089890958175,-0.0627151462994836,0.4120759633773668,175800.0,207935.0,0.8454565128525742,1724072710.0,276,False,jpx_liquidity,JPX流動性
450,9706,日本空港ビルデング,不動産業,プライム,9706.T,2026-07-31,5667.0,-0.01580409864536292,0.07005287009063443,0.10381768601480323,0.10360272638753654,0.1682567189767672,5436.95,5062.983333333334,0.042312325844453325,0.11930054414557945,-0.02039757994814173,0.3029032526266224,297200.0,316155.0,0.9400452309784757,1712978215.0,276,False,jpx_liquidity,JPX流動性
451,4403,日油,化学,プライム,4403.T,2026-07-31,2788.5,-0.005350454788657033,0.01436886140414706,0.020680819912152204,-0.15088306942752738,-0.0711918441610021,2775.15,2752.0,0.004810550781038758,0.01326308139534893,-0.15958408679927671,0.1980643541178529,745700.0,609200.0,1.224064346684176,1705421757.5,276,False,jpx_liquidity,JPX流動性
452,6266,タツモ,機械,プライム,6266.T,2026-07-31,4005.0,0.13135593220338992,-0.09797297297297303,-0.1630094043887147,0.241860465116279,0.5607950116913485,4607.75,4199.25,-0.13081221854484293,-0.04625826040364356,-0.25418994413407825,1.0040734633984754,362600.0,353610.0,1.0254234891547185,1687841750.0,276,True,jpx_liquidity,JPX流動性
453,8439,東京センチュリー,その他金融業,プライム,8439.T,2026-07-31,2623.0,-0.0022822365918599985,-0.017418992320659354,0.060440671113806355,0.19362912400455068,0.22909230185966445,2618.65,2472.8083333333334,0.001661161285395174,0.06073728587941507,-0.037431192660550505,0.24087906298157052,1337400.0,614010.0,2.178140421165779,1686610177.5,276,False,jpx_liquidity,JPX流動性
454,8368,百五銀行,銀行業,プライム,8368.T,2026-07-31,2017.0,0.0723019670388092,-0.030288461538461542,-0.011274509803921529,0.0820815450643777,0.4157146181530047,2047.35,1971.4833333333333,-0.014824040833272267,0.02308752293112626,-0.049929345266132796,0.5308056530641246,1532000.0,793855.0,1.929823456424662,1686242525.0,276,False,jpx_liquidity,JPX流動性
455,4047,関東電化工業,化学,プライム,4047.T,2026-07-31,2669.0,0.10016488046166527,-0.043369175627240186,-0.20209267563527655,0.47214561500275787,1.0383913409299086,2905.8,3216.1666666666665,-0.08149218803771774,-0.170130072031922,-0.39409761634506246,0.7283257034569978,881300.0,571830.0,1.5411923124005387,1685881140.0,276,True,jpx_liquidity,JPX流動性
456,9065,山九,陸運業,プライム,9065.T,2026-07-31,9472.0,0.009592837348113337,0.026218851570964263,0.10602522185894436,0.09616942483508861,0.037929869175392206,8996.0,8825.483333333334,0.05291240551356169,0.07325566682844564,-0.04318267776283369,0.22231174028356224,331700.0,175625.0,1.8886832740213524,1668192770.0,276,False,jpx_liquidity,JPX流動性
457,8088,岩谷産業,卸売業,プライム,8088.T,2026-07-31,2051.5,0.0009758477677481725,0.036634663971702786,0.0635044064282011,0.07267973856209142,0.11804843298872925,1996.725,1961.6583333333333,0.02743242058871398,0.04579883516922334,-0.029105537150970195,0.29314967386692986,988800.0,819405.0,1.2067292730700936,1667278012.5,276,False,jpx_liquidity,JPX流動性
458,6417,ＳＡＮＫＹＯ,機械,プライム,6417.T,2026-07-31,1854.0,-0.03185378590078325,0.07696776067383104,0.14515132798023478,0.016168813373526936,-0.21403935255501405,1715.425,1668.6916666666666,0.08078173047495518,0.11105007415989587,-0.21387646571613217,0.27562814891816967,1267600.0,929160.0,1.3642429721468854,1641742067.5,276,False,jpx_liquidity,JPX流動性
459,1980,ダイダン,建設業,プライム,1980.T,2026-07-31,2441.0,0.017931609674728843,-0.07186311787072241,-0.1275911365260901,-0.17338300033863863,-0.10520784111574089,2663.45,2655.6666666666665,-0.08351949539131576,-0.08083343793146724,-0.32146956148780337,0.42851092515045125,745400.0,607450.0,1.227096880401679,1630574235.0,276,False,jpx_liquidity,JPX流動性
460,5384,フジミインコーポレーテッド,ガラス・土石製品,プライム,5384.T,2026-07-31,3820.0,0.06703910614525133,-0.052109181141439254,-0.14253647586980922,0.12850812407680956,0.35416665765142086,4053.5,4036.6666666666665,-0.057604539287035905,-0.05367464905037156,-0.24950884086444003,0.6392080804175999,562700.0,397170.0,1.4167736737417227,1630184525.0,276,False,jpx_liquidity,JPX流動性
461,7389,あいちフィナンシャルグループ,銀行業,プライム,7389.T,2026-07-31,1737.0,0.0388755980861244,-0.04978118161925604,0.18485675306957705,0.11704180064308689,0.5782475960831919,1657.2,1484.9333333333334,0.04815351194786377,0.16974948370297205,-0.0736,0.6330838072639106,852500.0,954365.0,0.8932641075479507,1625012675.0,276,False,jpx_liquidity,JPX流動性
462,6376,日機装,精密機器,プライム,6376.T,2026-07-31,3750.0,0.06382978723404253,-0.0625,-0.04580152671755722,0.4183055975794252,1.0270270270270272,3838.25,3555.977461751302,-0.022992249071842608,0.054562364451304024,-0.10820451843043999,0.6160343413874243,316000.0,425800.0,0.742132456552372,1620374875.0,276,False,jpx_liquidity,JPX流動性
463,4092,日本化学工業,化学,プライム,4092.T,2026-07-31,5930.0,0.06846846846846844,0.14478764478764483,0.35233751425313575,0.6358620689655172,0.8011208509313643,4849.25,4723.833333333333,0.2228695159045213,0.255336414635007,0.0,0.9636637755531159,429800.0,314385.0,1.3671135709400895,1615779000.0,276,False,jpx_liquidity,JPX流動性
464,6480,日本トムソン,機械,プライム,6480.T,2026-07-31,1782.0,0.12713472485768507,0.011350737797956922,-0.16220028208744708,0.48006644518272434,0.8966818788632751,1883.45,2004.7166666666667,-0.053863919934163396,-0.11109633115236572,-0.30930232558139537,0.7907690687420529,1469600.0,841380.0,1.7466543060210606,1613014310.0,276,True,jpx_liquidity,JPX流動性
465,7337,ひろぎんホールディングス,銀行業,プライム,7337.T,2026-07-31,2204.5,0.00045382346267297535,-0.04318576388888884,0.017070357554786586,0.14997391757955136,0.23562959296114006,2233.625,2112.05,-0.013039341876993626,0.0437726379583816,-0.06291179596174279,0.302744484624338,1040700.0,701815.0,1.4828694171540933,1612690850.0,276,False,jpx_liquidity,JPX流動性
466,4922,コーセーホールディングス,化学,プライム,4922.T,2026-07-31,5685.0,-0.04196157735085948,0.03551912568306004,0.07690850539874972,-0.006986899563318771,0.013549652344446494,5512.4,5346.142854817708,0.0313112256004644,0.06338348120962167,-0.09214308527626958,0.3372257858108893,394400.0,290205.0,1.35903929980531,1612295845.0,276,False,jpx_liquidity,JPX流動性
467,9048,名古屋鉄道,陸運業,プライム,9048.T,2026-07-31,1895.0,-0.0289520881373303,-0.010185427004439807,0.028773072747014128,0.06073327735796252,0.11524482979840767,1905.1,1849.8666666666666,-0.005301558973282217,0.024398154821969165,-0.049887189771872675,0.20724076291095972,1469100.0,797910.0,1.8411850960634657,1591133590.0,276,False,jpx_liquidity,JPX流動性
468,1515,日鉄鉱業,鉱業,プライム,1515.T,2026-07-31,3025.0,0.10522469857508221,0.0881294964028776,0.27422072451558543,0.21339751303650223,-0.13459377299206743,2650.2,2497.05,0.14142328880839194,0.2114294867944173,-0.3153674761093618,0.6702320881924516,838100.0,573705.0,1.4608553176283978,1588774060.0,276,True,jpx_liquidity,JPX流動性
469,2726,パルグループホールディングス,小売業,プライム,2726.T,2026-07-31,1495.0,-0.026058631921824116,0.07015032211882599,0.005379959650302579,-0.009277667329357198,-0.07475113100293562,1463.6,1434.35,0.021453949166438946,0.04228396137623314,-0.09613059250302303,0.3468466890371567,1126000.0,1082285.0,1.040391394133708,1586181100.0,276,False,jpx_liquidity,JPX流動性
470,1951,エクシオグループ,建設業,プライム,1951.T,2026-07-31,2618.0,-0.003236245954692518,-0.008145482098882328,-0.04067423964822281,-0.11673414304993257,0.014860537366555793,2651.95,2760.425,-0.012801900488319862,-0.05159531593866895,-0.125,0.1880336622626168,868100.0,578205.0,1.5013706211464792,1584384505.0,276,False,jpx_liquidity,JPX流動性
471,4666,パーク２４,不動産業,プライム,4666.T,2026-07-31,1975.0,-0.024450481600395202,0.012820512820512775,-0.012499999999999956,0.04941551540913913,-0.07860975040821083,2002.425,1926.05,-0.013695893728853714,0.02541470886010222,-0.12222222222222223,0.21219947134650366,1339200.0,766005.0,1.7482914602385102,1582601722.5,276,False,jpx_liquidity,JPX流動性
472,4401,ＡＤＥＫＡ,化学,プライム,4401.T,2026-07-31,3945.0,0.0151827071538857,-0.02399802078179114,-0.049168474331164114,0.004327902240325976,-0.15603945995199697,4094.1,4111.766666666666,-0.03641826042353624,-0.040558397444731775,-0.19096314354942767,0.3205463562966609,700700.0,374765.0,1.869705015142823,1575565305.0,276,False,jpx_liquidity,JPX流動性
473,2002,日清製粉グループ本社,食料品,プライム,2002.T,2026-07-31,2012.5,-0.04778802933522597,-0.017813567593948254,0.018729435585927545,0.020020273694880908,0.0032104877556038414,2047.625,1989.1583333333333,-0.01715401990110499,0.011734443797418503,-0.07407407407407407,0.27285982976228257,1311700.0,728125.0,1.8014763948497854,1536208800.0,276,False,jpx_liquidity,JPX流動性
474,8361,大垣共立銀行,銀行業,プライム,8361.T,2026-07-31,7210.0,0.021246458923512845,-0.11206896551724133,-0.06119791666666663,0.001388888888888884,0.25564093591767545,7788.5,7491.5,-0.07427617641394368,-0.03757591937529203,-0.12393681652490884,0.518521193861116,195000.0,199355.0,0.9781545484186501,1533185400.0,276,False,jpx_liquidity,JPX流動性
475,4078,堺化学工業,化学,プライム,4078.T,2026-07-31,4020.0,0.059288537549407216,-0.01831501831501836,-0.09255079006772005,0.025510204081632626,0.20877421946472174,4073.5,4348.0,-0.0131336688351541,-0.07543698252069919,-0.3699059561128527,0.5357463134250646,440700.0,367065.0,1.2006047975154264,1523346450.0,276,False,jpx_liquidity,JPX流動性
476,7599,ＩＤＯＭ,卸売業,プライム,7599.T,2026-07-31,1284.0,-0.00696055684454755,-0.008494208494208455,-0.09449929478138219,-0.04535315985130106,-0.1519127889533921,1342.6,1337.8666666666666,-0.04364665574258897,-0.0402631054414988,-0.16187989556135773,0.4582635596923415,928600.0,1136300.0,0.8172137639707824,1520620675.0,276,False,jpx_liquidity,JPX流動性
477,2331,ＡＬＳＯＫ,サービス業,プライム,2331.T,2026-07-31,1173.0,-0.028973509933774788,0.013390928725701912,0.0896423594983744,-0.008453085376162295,-0.025941171169682642,1138.4,1112.4333333333334,0.03039353478566409,0.05444521019986204,-0.10080490609428905,0.22318629649141264,1643200.0,1293855.0,1.2700032074691523,1509439142.5,276,False,jpx_liquidity,JPX流動性
478,5032,ＡＮＹＣＯＬＯＲ,情報・通信業,プライム,5032.T,2026-07-31,2618.0,-0.02712746191007065,0.058633238980994706,0.10046237915090384,-0.039970663733039924,-0.3616536991224153,2496.8,2559.3166666666666,0.04854213393143225,0.02292929753384687,-0.39371676159329283,0.3367092955181342,668900.0,605575.0,1.1045700367419395,1486942775.0,276,False,jpx_liquidity,JPX流動性
479,7988,ニフコ,化学,プライム,7988.T,2026-07-31,5209.0,-0.023800599700149916,0.013818606461658334,0.03744274048994223,0.13239130434782598,0.0685462125819638,5131.75,4691.25,0.015053344375700384,0.11036504130029301,-0.045748135511229915,0.1976872752044539,508100.0,274895.0,1.8483420942541697,1485710615.0,276,False,jpx_liquidity,JPX流動性
480,5726,大阪チタニウムテクノロジーズ,非鉄金属,プライム,5726.T,2026-07-31,2836.0,0.09118891881492885,0.07832699619771866,0.06817325800376639,0.12094861660079048,0.16779553090799926,2648.65,2639.35,0.0707341475846186,0.07450698088544527,-0.15572705844593393,0.6961537405901678,1379200.0,503650.0,2.7384096098481088,1472016350.0,276,True,jpx_liquidity,JPX流動性
481,2175,エス・エム・エス,サービス業,プライム,2175.T,2026-07-31,2207.0,0.01845869866174432,-0.07424496644295298,0.0009070294784581101,0.297472075249853,0.32139703171141987,2378.5,2118.8333333333335,-0.07210426739541731,0.041610949421851506,-0.12973186119873814,0.4654043530481031,820500.0,595510.0,1.3778106161105608,1465669425.0,276,False,jpx_liquidity,JPX流動性
482,3941,レンゴー,パルプ・紙,プライム,3941.T,2026-07-31,1492.0,-0.018098058571898612,0.020868970236058937,0.060789193032349864,0.20663162151233316,0.10902805484027178,1456.6,1411.1666666666667,0.024303171769875176,0.057281209401204514,-0.02884534476469225,0.2512708455090079,1006500.0,988440.0,1.01827121524827,1464220232.5,276,False,jpx_liquidity,JPX流動性
483,1860,戸田建設,建設業,プライム,1860.T,2026-07-31,1490.5,0.002016806722689113,-0.02262295081967214,-0.07220666044195456,0.04194337644180357,0.09322887432803428,1540.15,1538.9583333333333,-0.03223711976106225,-0.03148774874780014,-0.08754208754208759,0.18394542469232014,1050900.0,957665.0,1.0973565912923622,1459291620.0,276,False,jpx_liquidity,JPX流動性
484,2206,江崎グリコ,食料品,プライム,2206.T,2026-07-31,5054.0,-0.031800766283524906,0.002777777777777768,-0.046954554026023,-0.10071174377224201,-0.11473112629181992,5197.95,5330.046630859375,-0.027693609980857792,-0.05179065962784413,-0.1965023847376789,0.21757605832164062,303700.0,274485.0,1.1064356886532962,1456719415.0,276,False,jpx_liquidity,JPX流動性
485,8282,ケーズホールディングス,小売業,プライム,8282.T,2026-07-31,1886.5,-0.03553169734151329,0.0015927794000532014,0.03031130529765158,0.07431662870159461,0.18085704738822383,1845.4,1954.1583333333333,0.022271594234312353,-0.03462274892430239,-0.11783960720130937,0.24983873679342752,798500.0,818945.0,0.9750349535072563,1455521525.0,276,False,jpx_liquidity,JPX流動性
486,9504,中国電力,電気・ガス業,プライム,9504.T,2026-07-31,940.5999755859375,-0.004656110491071397,0.015547358226213781,0.0331721774626621,0.04360367061493409,0.02117473869106945,934.7599975585938,902.4316660563151,0.006247569475155812,0.042294958128431315,-0.14974717171633578,0.19120169162597062,2102400.0,1521735.0,1.3815808928624236,1455465993.3932495,276,False,jpx_liquidity,JPX流動性
487,2222,寿スピリッツ,食料品,プライム,2222.T,2026-07-31,2543.0,0.0015754233950373564,0.044782251437962106,0.020670278948424547,0.278531925590749,0.3584032333146907,2556.4,2319.4083333333333,-0.005241746205601694,0.0964003032382541,-0.0418236623963828,0.24696477328367844,550300.0,571185.0,0.9634356644519727,1455194730.0,276,False,jpx_liquidity,JPX流動性
488,3397,トリドールホールディングス,小売業,プライム,3397.T,2026-07-31,4345.0,-0.03637170104235976,0.06756756756756754,0.11639260020554976,0.08760951188986232,0.035413015711851736,4122.75,3899.4,0.05390819234734101,0.11427399087039025,-0.052137870855148316,0.34948101533484893,350900.0,345170.0,1.0166005156879219,1453147615.0,276,False,jpx_liquidity,JPX流動性
489,6490,ＰＩＬＬＡＲ,機械,プライム,6490.T,2026-07-31,9490.0,0.1034883720930233,-0.058531746031746046,-0.08131655372700874,0.001054852320675037,0.45782005963738426,9784.0,9808.166666666666,-0.030049059689288615,-0.032438953932946935,-0.1586879432624113,0.7742672376837861,216100.0,145960.0,1.480542614414908,1445501500.0,276,True,jpx_liquidity,JPX流動性
490,5232,住友大阪セメント,ガラス・土石製品,プライム,5232.T,2026-07-31,5455.0,0.0062719055524811385,-0.04163738580463805,-0.07148936170212761,0.3439270756343926,0.2988193386413007,5599.0,5455.216666666666,-0.025718878371137732,-3.971733478347339e-05,-0.14391086001255493,0.39270904171591914,324100.0,253820.0,1.2768891340319912,1440354400.0,276,False,jpx_liquidity,JPX流動性
491,7164,全国保証,その他金融業,プライム,7164.T,2026-07-31,3130.0,-0.015413652091852748,0.021540469973890364,0.025221094005895894,0.007078507078507101,0.036522633952800865,3112.6,2997.116666666667,0.005590181841547359,0.04433705728283299,-0.04076003677597306,0.19824865333638064,1124400.0,422120.0,2.663697526769639,1436992665.0,276,False,jpx_liquidity,JPX流動性
492,9301,三菱倉庫,倉庫・運輸関連業,プライム,9301.T,2026-07-31,1603.0,0.00031201248049916863,-0.008964451313755784,0.0216698534098152,0.1304654442877291,0.24277478146257936,1598.85,1515.9666666666667,0.002595615598711687,0.05741111282130218,-0.020769700671960933,0.18518623103061813,1338900.0,871680.0,1.535999449339207,1425366527.5,276,False,jpx_liquidity,JPX流動性
493,4540,ツムラ,医薬品,プライム,4540.T,2026-07-31,3817.0,-0.03023373983739841,0.004738088970781762,0.024148108398175383,0.05209481808158767,-0.04847894426805355,3851.9,3777.0333333333333,-0.009060463667281082,0.010581496942044577,-0.07138253978945186,0.24417116184173607,550100.0,346685.0,1.5867430087831893,1399357835.0,276,False,jpx_liquidity,JPX流動性
494,6472,ＮＴＮ,機械,プライム,6472.T,2026-07-31,391.0,0.04853849932896526,0.04853849932896526,-0.026151930261519296,-0.04166666666666663,0.07169344167130909,384.8949951171875,411.37666575113934,0.015861481599556138,-0.049532867193459396,-0.18439715273666102,0.4274590829549498,6450100.0,3488130.0,1.849156998162339,1389557893.0587769,276,True,jpx_liquidity,JPX流動性
495,2127,日本Ｍ＆Ａセンターホールディングス,サービス業,プライム,2127.T,2026-07-31,637.5999755859375,-0.09147907284656476,-0.03975907291274472,-0.018170693539428018,-0.022535662244557386,-0.14542349950847144,674.9050048828125,654.0366689046224,-0.055274489042131836,-0.025131149521345653,-0.11518427001485554,0.39142863695925817,9352100.0,1684445.0,5.552036427428619,1387139401.0501099,276,True,jpx_liquidity,JPX流動性
496,9404,日本テレビホールディングス,情報・通信業,プライム,9404.T,2026-07-31,2916.0,-0.02929427430093212,0.022978424837747813,0.016204913748039784,-0.02213279678068414,-0.2152061070748721,2906.25,2869.775,0.0033548387096773435,0.016107534562814108,-0.20268168477787418,0.23764453168181207,574900.0,469760.0,1.2238164168937329,1381343437.5,276,False,jpx_liquidity,JPX流動性
497,9006,京浜急行電鉄,陸運業,プライム,9006.T,2026-07-31,1557.0,-0.03918543659364393,-0.00032102728731941976,0.043565683646112685,0.0035449564937157785,0.03727708000381247,1572.3,1521.6333333333334,-0.009730967372638788,0.023242568292843213,-0.05722070844686644,0.2658455606157127,1043400.0,852420.0,1.2240444851129724,1367215265.0,276,False,jpx_liquidity,JPX流動性
498,4099,四国化成ホールディングス,化学,プライム,4099.T,2026-07-31,2791.0,0.1786317567567568,0.011598405219282348,-0.14778625954198477,-0.47831775700934576,-0.37139639639639643,2795.0,4403.363834635416,-0.0014311270125223485,-0.366166388966792,-0.5828101644245143,0.9654228988149826,994200.0,465255.0,2.1368926717606476,1364234215.0,276,True,jpx_liquidity,JPX流動性
499,8714,池田泉州ホールディングス,銀行業,プライム,8714.T,2026-07-31,946.0,0.0010582010582009804,-0.09646609360076408,-0.05870646766169152,0.0193965517241379,0.14174821591528208,1021.5,988.95,-0.0739109153206069,-0.043429900399413524,-0.1289134438305709,0.4441401081014222,1462300.0,1304805.0,1.1207038599637493,1347957640.0,276,False,jpx_liquidity,JPX流動性
500,4187,大阪有機化学工業,化学,プライム,4187.T,2026-07-31,4535.0,0.09145607701564384,-0.12620423892100197,-0.2287414965986394,-0.06696213883595503,0.10854865118353096,5085.5,5396.325382486979,-0.10824894307344413,-0.15961331488317776,-0.2637987012987013,0.7410166230719947,358900.0,253490.0,1.4158349441792575,1341819300.0,276,True,jpx_liquidity,JPX流動性
501,8544,京葉銀行,銀行業,プライム,8544.T,2026-07-31,2650.0,-0.008975317875841382,-0.0682137834036568,0.01805608912792933,0.24005615348619558,0.4088036078268398,2681.4,2519.9166666666665,-0.011710300589244493,0.051622077449651194,-0.09710391822827935,0.4868557468206724,767100.0,480425.0,1.5967112452516001,1340999105.0,276,False,jpx_liquidity,JPX流動性
502,2737,トーメンデバイス,卸売業,プライム,2737.T,2026-07-31,21150.0,0.23323615160349864,0.28026634382566584,0.2664670658682635,0.2604290822407629,1.0316299614763649,16248.5,15787.666666666666,0.3016586146413516,0.3396533158794841,0.0,1.2653385143559936,12100.0,88310.0,0.13701732533121957,1338816000.0,276,True,jpx_liquidity,JPX流動性
503,6707,サンケン電気,電気機器,プライム,6707.T,2026-07-31,8340.0,0.050907258064516236,-0.09974093264248707,-0.27446715963462376,-0.156809220503488,0.12323232323232314,9578.5,9496.85,-0.129299994779976,-0.12181407519335363,-0.2865697177074422,0.5590913313568373,187800.0,143225.0,1.3112235992319776,1330196645.0,276,False,jpx_liquidity,JPX流動性
504,1979,大氣社,建設業,プライム,1979.T,2026-07-31,4235.0,0.010739856801909253,-0.07025246981339184,-0.14097363083164305,0.17966573816155984,0.20614338680887756,4570.75,4465.25,-0.07345621615708586,-0.05156486198981025,-0.14702920443101708,0.3018959106388385,289500.0,285995.0,1.0122554590115211,1326839525.0,276,False,jpx_liquidity,JPX流動性
505,6617,東光高岳,電気機器,プライム,6617.T,2026-07-31,6990.0,0.051127819548872244,-0.12075471698113205,-0.08865710560625817,-0.1118170266836086,0.5603243176785573,7534.5,7702.833333333333,-0.07226756918176391,-0.09254170543306572,-0.18720930232558142,0.7031504630322096,256400.0,170895.0,1.5003364639105883,1300977700.0,276,False,jpx_liquidity,JPX流動性
506,4373,シンプレクス・ホールディングス,情報・通信業,プライム,4373.T,2026-07-31,1131.0,-0.026678141135972444,0.08022922636103158,0.14242424242424234,0.26368715083798877,0.2585151449251837,1073.65,1020.3833333333333,0.05341591766404319,0.10840697123630005,-0.04395604395604391,0.4410967032223325,1555800.0,1166310.0,1.3339506649175605,1297371525.0,276,False,jpx_liquidity,JPX流動性
507,4617,中国塗料,化学,プライム,4617.T,2026-07-31,3585.0,-0.008298755186721962,-0.012396694214875992,0.05908419497784334,0.10819165378670781,-0.17423905867427558,3639.5,3402.3,-0.01497458442093691,0.05369896834494314,-0.22672384620966635,0.4723768959477455,660000.0,332285.0,1.986246746016221,1296727650.0,276,False,jpx_liquidity,JPX流動性
508,3401,帝人,繊維製品,プライム,3401.T,2026-07-31,1637.0,-0.010278113663845234,-0.03478773584905659,-0.0015248551387617715,0.025689223057644206,0.1067131151031473,1697.35,1650.4666666666667,-0.035555424632515376,-0.008159308478410177,-0.06027554535017221,0.29022983811891584,955200.0,750095.0,1.2734386977649497,1294648690.0,276,False,jpx_liquidity,JPX流動性
509,7419,ノジマ,小売業,プライム,7419.T,2026-07-31,1305.0,-0.05571635311143275,-0.09312022237665041,-0.013605442176870763,0.08029801324503305,0.23770464472675146,1367.4,1399.9,-0.04563405002193954,-0.06779055646831922,-0.174573055028463,0.38194877554607726,1620300.0,877645.0,1.8461906579539564,1275618520.0,276,False,jpx_liquidity,JPX流動性
510,8628,松井証券,証券、商品先物取引業,プライム,8628.T,2026-07-31,1049.0,-0.002851711026615966,-0.05239385727190604,0.08255933952528371,0.15274725274725265,0.17239756265303163,1061.6,987.9166666666666,-0.011868877166540948,0.061830451286376986,-0.0658949243098842,0.3081803522300159,998600.0,1181695.0,0.8450573117428778,1273412975.0,276,False,jpx_liquidity,JPX流動性
511,3656,ＫＬａｂ,情報・通信業,プライム,3656.T,2026-07-31,226.0,0.027272727272727337,0.008928571428571397,0.14141414141414144,0.07109004739336489,-0.2541254125412541,213.8,234.15,0.05706267539756782,-0.034806747811232164,-0.47926267281105994,1.0113304962790555,3493900.0,5629330.0,0.6206600074964517,1272096500.0,276,False,jpx_liquidity,JPX流動性
512,8283,ＰＡＬＴＡＣ,卸売業,プライム,8283.T,2026-07-31,6620.0,0.0,0.0,-0.0031621743713295958,0.41091219096334175,0.3687433375051905,6621.8,6538.133333333333,-0.0002718294119423703,0.012521412839546553,-0.008982035928143728,0.05243086419564698,68200.0,198930.0,0.3428341627708239,1261661775.0,276,False,jpx_liquidity,JPX流動性
513,6235,オプトラン,機械,プライム,6235.T,2026-07-31,3005.0,0.11131656804733736,-0.07253086419753085,-0.201859229747676,-0.361317747077577,0.4405560882070949,3326.0,3732.8909830729167,-0.09651232711966329,-0.19499390321699583,-0.37655601659751037,0.7309628052638121,640600.0,371325.0,1.725173365650037,1258067475.0,276,True,jpx_liquidity,JPX流動性
514,7380,十六フィナンシャルグループ,銀行業,プライム,7380.T,2026-07-31,2366.0,0.02735562310030404,-0.07650273224043713,-0.028336755646817258,0.11446066886481399,0.3867934639742845,2465.05,2264.7833333333333,-0.040181740735482085,0.04469154518092244,-0.08152173913043481,0.4712529657319635,575000.0,501415.0,1.1467546842435907,1247262045.0,276,False,jpx_liquidity,JPX流動性
515,7459,メディパルホールディングス,卸売業,プライム,7459.T,2026-07-31,2883.0,-0.03964023984010656,0.002259690596210673,0.07554560716284264,0.023066004258339268,0.027916636925642724,2812.975,2733.475,0.024893573529803925,0.054701433157427815,-0.05907310704960833,0.30386308129733003,442900.0,440320.0,1.005859375,1247090295.0,276,False,jpx_liquidity,JPX流動性
516,6436,アマノ,機械,プライム,6436.T,2026-07-31,3874.0,-0.00971370143149286,-0.001288992008249501,0.04392347076259773,0.06987020160176738,0.01872859231760482,3805.5,3672.133333333333,0.01800026277755884,0.054972586325841455,-0.04085169596434757,0.32801164796423293,748400.0,296360.0,2.5253070589823188,1243981830.0,276,False,jpx_liquidity,JPX流動性
517,6740,ジャパンディスプレイ,電気機器,プライム,6740.T,2026-07-31,48.0,0.0,0.02127659574468077,-0.07692307692307687,-0.4606741573033708,1.0869565217391304,49.35,55.916666666666664,-0.027355623100303927,-0.14157973174366612,-0.6390977443609023,0.606933669047282,12254900.0,26010045.0,0.47116027673154737,1243787110.0,276,True,jpx_liquidity,JPX流動性
518,4967,小林製薬,化学,プライム,4967.T,2026-07-31,5588.0,-0.02563208369659986,0.02739474168045586,0.015077202543142487,-0.040027486686136426,0.038082853427456875,5592.1,5616.9998779296875,-0.000733177160637366,-0.005162876724216003,-0.0864803008010463,0.25225752216602854,232500.0,219165.0,1.0608445691602217,1235809695.0,276,False,jpx_liquidity,JPX流動性
519,3387,クリエイト・レストランツ・ホールディングス,小売業,プライム,3387.T,2026-07-31,779.0,-0.028678304239401542,0.016971279373368064,0.07596685082872923,0.07005494505494503,0.054367022216068595,771.1,732.4166666666666,0.010245104396316984,0.06360223006030274,-0.04064039408866993,0.2841305843241407,1481400.0,1576290.0,0.9398016862379385,1226371635.0,276,False,jpx_liquidity,JPX流動性
520,6005,三浦工業,機械,プライム,6005.T,2026-07-31,3217.0,0.008463949843260155,0.005626758361988227,0.0180379746835444,-0.028683574879227014,0.004046793733759824,3200.95,3203.95,0.005014136428247884,0.004073097270556714,-0.07513758881217358,0.1738812979319996,615800.0,366310.0,1.681089787338593,1225927090.0,276,False,jpx_liquidity,JPX流動性
521,8242,エイチ・ツー・オー　リテイリング,小売業,プライム,8242.T,2026-07-31,2863.5,-0.023029682702149445,0.036185996019540534,0.00017464198393302155,0.22976164913034136,0.35060100492791224,2845.7,2669.575,0.006255051481182106,0.07264264911081364,-0.029322033898305122,0.232534608119801,522900.0,425060.0,1.2301792688091093,1223499057.5,276,False,jpx_liquidity,JPX流動性
522,3863,日本製紙,パルプ・紙,プライム,3863.T,2026-07-31,1376.0,-0.048409405255878335,-0.08813783962889332,0.04006046863189727,-0.025495750708215303,0.17633138836359663,1421.65,1341.6833333333334,-0.03211057573945775,0.025577322020844395,-0.13459119496855343,0.40678977269772376,985800.0,841015.0,1.1721550745230465,1219900355.0,276,False,jpx_liquidity,JPX流動性
523,5463,丸一鋼管,鉄鋼,プライム,5463.T,2026-07-31,1789.0,0.0033651149747615516,-0.002230897936419396,-0.05643459915611815,0.19585561497326198,0.15797098002485588,1823.1,1754.6833333333334,-0.01870440458559597,0.019557185057132775,-0.07545219638242895,0.2522068558038692,830400.0,722555.0,1.149255074008207,1217858082.5,276,False,jpx_liquidity,JPX流動性
524,8876,リログループ,サービス業,プライム,8876.T,2026-07-31,2014.0,-0.017560975609756113,0.006748312921769584,-0.024697336561743333,0.04786680541103028,0.17954098623187464,2057.875,1938.1416666666667,-0.021320536961671577,0.03913972576824021,-0.07572280862781089,0.26897545220802127,612800.0,607625.0,1.0085167660975107,1210912690.0,276,False,jpx_liquidity,JPX流動性
525,1518,三井松島ホールディングス,その他製品,プライム,1518.T,2026-07-31,2326.0,0.01350762527233118,0.037929495760821164,0.5006451612903227,0.720414201183432,0.6604073213200516,1799.2,1560.0666666666666,0.29279679857714536,0.4909619247040726,-0.023099538009239806,1.0376748381727865,622500.0,533205.0,1.1674684220890652,1210061505.0,276,False,jpx_liquidity,JPX流動性
526,1719,安藤・間,建設業,プライム,1719.T,2026-07-31,1824.5,-0.0035499726925177777,0.0008228195282500295,0.012767138495697994,-0.0526998961578401,-0.09373640647417758,1821.725,1801.9666666666667,0.0015232815051668958,0.012504855805693715,-0.148993873404339,0.1090589169992008,736100.0,657945.0,1.1187865247095121,1207611345.0,276,False,jpx_liquidity,JPX流動性
527,3291,飯田グループホールディングス,不動産業,プライム,3291.T,2026-07-31,2289.0,-0.02074866310160428,0.014178112538768328,0.056786703601108046,0.02278820375335111,-0.08777336776200739,2257.425,2185.275,0.01398717565367602,0.04746542197206294,-0.16141412193564786,0.18048705486536806,877000.0,534595.0,1.6404942058941816,1197334692.5,276,False,jpx_liquidity,JPX流動性
528,6387,サムコ,機械,プライム,6387.T,2026-07-31,8520.0,0.15603799185888745,-0.12285382968254566,-0.3545454545454545,-0.40709812108559496,0.758513931888545,10648.9908203125,12105.3302734375,-0.1999241858910743,-0.2961778152641339,-0.47472256473489516,1.0931181597074568,314100.0,102305.0,3.070231171496994,1185963000.0,276,True,jpx_liquidity,JPX流動性
529,4118,カネカ,化学,プライム,4118.T,2026-07-31,5718.0,0.004391357807834284,-0.021058038007190527,0.01221455124800852,0.1452032845984379,0.219536767264223,5711.0,5561.6,0.0012257047802486376,0.02812140391254303,-0.02854230377166156,0.19321584833483194,265800.0,208275.0,1.2761973352538711,1176820815.0,276,False,jpx_liquidity,JPX流動性
530,4392,ＦＩＧ,情報・通信業,プライム,4392.T,2026-07-31,875.0,0.07099143206854341,-0.13793103448275867,-0.2152466367713004,1.507163323782235,1.6041666666666665,1031.4,1258.4666666666667,-0.15163854954430878,-0.3047094347618795,-0.6596654998055231,0.6532805313537289,1505300.0,1119155.0,1.345032636230013,1173740805.0,276,False,jpx_liquidity,JPX流動性
531,7240,ＮＯＫ,輸送用機器,プライム,7240.T,2026-07-31,3047.0,0.01330229464582633,0.013976705490848618,0.029913807672807158,0.026444332154286654,0.02491618492244263,2971.85,2928.866666666667,0.025287278967646376,0.040334145175608294,-0.06349709455890118,0.2157512013863542,374500.0,393260.0,0.9522961908152368,1170610715.0,276,False,jpx_liquidity,JPX流動性
532,2593,伊藤園,食料品,プライム,2593.T,2026-07-31,2984.0,-0.05058860960865419,-0.005001667222407469,0.0191256830601092,0.031098825155494225,0.039892512785887346,3030.35,2910.266666666667,-0.015295262923424646,0.02533559353094783,-0.07787391841779978,0.3328960062702628,463800.0,374715.0,1.2377406829190185,1162610660.0,276,False,jpx_liquidity,JPX流動性
533,3101,東洋紡,化学,プライム,3101.T,2026-07-31,1520.0,0.03754266211604085,-0.05707196029776673,-0.05940594059405946,0.01672240802675584,0.15073798536754834,1670.9,1690.65,-0.09031061104793825,-0.1009375092420075,-0.20626631853785904,0.5292795400042015,880200.0,675300.0,1.3034207019102622,1159846935.0,276,False,jpx_liquidity,JPX流動性
534,5832,ちゅうぎんフィナンシャルグループ,銀行業,プライム,5832.T,2026-07-31,3323.0,0.004230885463886391,-0.025513196480938416,0.048926767676767735,0.12758737699355271,0.17066679373036964,3303.15,3129.391666666667,0.00600941525513532,0.061867721894830474,-0.04070438799076215,0.36240642780887905,439700.0,349265.0,1.2589294661646602,1157001670.0,276,False,jpx_liquidity,JPX流動性
535,4272,日本化薬,化学,プライム,4272.T,2026-07-31,1922.0,0.01051524710830698,-0.030272452068617506,-0.04378109452736323,0.08281690140845077,0.09308995335578096,1974.3,2028.8333333333333,-0.026490401661348306,-0.052657520742627084,-0.11855079110295808,0.15574853070989203,1232900.0,554610.0,2.2230035520455815,1148904422.5,276,False,jpx_liquidity,JPX流動性
536,5947,リンナイ,金属製品,プライム,5947.T,2026-07-31,3580.0,-0.0445689885241527,0.00646612313747541,0.0028011204481792618,-0.02981029810298108,-0.12590570639137577,3622.95,3529.016666666667,-0.011854980057687703,0.014446895027415474,-0.15815183887326756,0.2401949956256852,425100.0,306855.0,1.3853448697267439,1147820580.0,276,False,jpx_liquidity,JPX流動性
537,9744,メイテックグループホールディングス,サービス業,プライム,9744.T,2026-07-31,3339.0,-0.017941176470588238,0.023291449586270385,0.0705354280218018,0.07640232108317213,-0.022013475168632723,3249.6,3108.4166666666665,0.02751107828655841,0.0741803168815851,-0.03271535478541432,0.12720058843305612,422800.0,343460.0,1.2310021545449252,1142528815.0,276,False,jpx_liquidity,JPX流動性
538,2784,アルフレッサ　ホールディングス,卸売業,プライム,2784.T,2026-07-31,2319.5,-0.028278173439463816,-0.012558535547041338,0.07012687427912345,-0.022751211291341944,-0.07024224250320843,2295.725,2243.925,0.010356205555979159,0.03367982441480888,-0.12230036378538567,0.2233749505093728,740500.0,474355.0,1.5610671332651707,1130636507.5,276,False,jpx_liquidity,JPX流動性
539,9072,ニッコンホールディングス,陸運業,プライム,9072.T,2026-07-31,5043.0,-0.00019825535289452745,-0.027386692381870748,-0.1091679915209327,-0.022863786087967464,0.37471298485435867,5314.2,5697.966666666666,-0.05103308117872862,-0.11494743738994606,-0.22486935136796804,0.18513583369417688,208300.0,214155.0,0.9726599892601153,1129792330.0,276,False,jpx_liquidity,JPX流動性
540,6875,メガチップス,電気機器,プライム,6875.T,2026-07-31,9060.0,0.03661327231121292,-0.0463157894736842,-0.16497695852534566,-0.17032967032967028,0.09467453177656293,9801.5,10868.333333333334,-0.07565168596643368,-0.16638552369268522,-0.30892448512585813,0.37755932272772175,138200.0,114645.0,1.2054603340747525,1122022800.0,276,False,jpx_liquidity,JPX流動性
541,8060,キヤノンマーケティングジャパン,卸売業,プライム,8060.T,2026-07-31,3602.0,-0.0024923843810579216,0.007834359261331914,0.04375543320776587,-0.0317204301075269,0.046940851620403956,3552.9,3542.1666666666665,0.013819696585887664,0.016891732931821446,-0.06465853025188262,0.21930375205980315,416400.0,304970.0,1.3653802013312786,1114539310.0,276,False,jpx_liquidity,JPX流動性
542,6474,不二越,機械,プライム,6474.T,2026-07-31,5480.0,0.05791505791505802,-0.028368794326241176,-0.0820770519262981,0.05791505791505802,0.10261569416498983,5933.0,5852.0,-0.07635260407888078,-0.06356801093643194,-0.16843702579666164,0.7128245801085086,208100.0,178620.0,1.1650431082745494,1105820050.0,276,False,jpx_liquidity,JPX流動性
543,1861,熊谷組,建設業,プライム,1861.T,2026-07-31,1431.0,0.004915730337078594,-0.017844886753603295,-0.0027874564459929863,-0.05978975032851508,-0.1853479332153245,1462.35,1431.0,-0.02143809621499637,0.0,-0.2870797236026911,0.17672565397117745,755000.0,747700.0,1.0097632740403906,1100248855.0,276,False,jpx_liquidity,JPX流動性
544,2433,博報堂ＤＹホールディングス,サービス業,プライム,2433.T,2026-07-31,1302.5,-0.0530716103235187,0.04702572347266876,0.13954505686789154,0.33795582948125324,0.14528305775188732,1253.025,1170.6916666666666,0.0394844476367191,0.1125901354612302,-0.06463195691202872,0.40166318396333445,1019700.0,854030.0,1.1939861597367774,1100039645.0,276,False,jpx_liquidity,JPX流動性
545,7278,エクセディ,輸送用機器,プライム,7278.T,2026-07-31,6040.0,-0.016286644951140072,0.01342281879194629,-0.0033003300330033403,0.004991680532445919,0.0876328226320533,6001.5,5978.333333333333,0.006415062900941404,0.010315026484527534,-0.03205128205128205,0.1817299572039395,399200.0,171415.0,2.328851034040195,1088549750.0,276,False,jpx_liquidity,JPX流動性
546,4023,クレハ,化学,プライム,4023.T,2026-07-31,4290.0,0.007042253521126751,0.0035087719298245723,0.07788944723618085,0.1470588235294117,-0.0028356905448418956,4204.5,3956.25,0.020335354976810605,0.08436018957345981,-0.10346703048045969,0.2184903850202927,244300.0,261845.0,0.9329947106112395,1079750950.0,276,False,jpx_liquidity,JPX流動性
547,3048,ビックカメラ,小売業,プライム,3048.T,2026-07-31,1744.0,-0.034864416159380185,0.014248328002326227,0.08121512709237444,0.08728179551122195,0.0115354644411092,1694.725,1705.65,0.029075513726415814,0.02248409697182896,-0.06387546967257107,0.24496145621400553,657000.0,638210.0,1.0294417198100938,1078113512.5,276,False,jpx_liquidity,JPX流動性
548,7245,大同メタル工業,輸送用機器,プライム,7245.T,2026-07-31,1365.0,0.06640625,0.050808314087759765,-0.2387060791968767,0.5234375,0.34033196891823336,1388.8,1286.9666666666667,-0.017137096774193505,0.06063353104198499,-0.2387060791968767,0.635493737426756,621200.0,778160.0,0.7982934100956102,1073294360.0,276,False,jpx_liquidity,JPX流動性
549,2531,宝ホールディングス,食料品,プライム,2531.T,2026-07-31,2089.5,-0.03554119547657508,-0.032638888888888884,0.048945783132530174,0.14024556616643924,0.2969724274521188,2149.875,2114.241666666667,-0.028083028083028094,-0.011702383439294639,-0.1003229278794403,0.33038995703200763,578200.0,539890.0,1.0709588990349885,1068994605.0,276,False,jpx_liquidity,JPX流動性
550,2327,日鉄ソリューションズ,情報・通信業,プライム,2327.T,2026-07-31,3915.0,-0.004070211142202962,0.03026315789473677,0.12338593974175027,0.09052924791086348,-0.07399370013773587,3810.65,3544.4,0.027383779670135056,0.1045593048188691,-0.017565872020075313,0.24689266535029605,501000.0,277785.0,1.803553107619202,1067459325.0,276,False,jpx_liquidity,JPX流動性
551,9418,Ｕ－ＮＥＸＴ　ＨＯＬＤＩＮＧＳ,情報・通信業,プライム,9418.T,2026-07-31,1711.0,-0.032786885245901676,0.036341611144760755,0.01543026706231454,0.11176088369070825,-0.07831595221884569,1710.0,1626.6666666666667,0.0005847953216373547,0.05184426229508188,-0.08857864818574213,0.29038554842938535,559000.0,622170.0,0.8984682643007538,1062517320.0,276,False,jpx_liquidity,JPX流動性
552,4114,日本触媒,化学,プライム,4114.T,2026-07-31,2158.0,-0.008727606798346388,0.005357558816678321,0.03974945796193685,-0.02770894345573327,-0.010298566387784924,2116.775,2086.45,0.019475381181278006,0.034292698123607135,-0.12873604367927216,0.15335183314190803,508800.0,507635.0,1.0022949560215508,1061534847.5,276,False,jpx_liquidity,JPX流動性
553,5331,ノリタケ,ガラス・土石製品,プライム,5331.T,2026-07-31,3400.0,0.07765451664025358,-0.024390243902439046,-0.14249684741488022,-0.04225352112676062,0.09276110892842415,3515.5,3772.75,-0.03285450149338642,-0.09880060963488169,-0.25110132158590304,0.5411581332609061,467700.0,296930.0,1.5751187148486174,1053349300.0,276,False,jpx_liquidity,JPX流動性
554,6516,山洋電気,電気機器,プライム,6516.T,2026-07-31,5500.0,0.0436432637571158,-0.038461538461538436,-0.15644171779141103,-0.23928077455048413,0.3239117454854892,5793.0,6522.333333333333,-0.050578284136026275,-0.15674349670363363,-0.28385416666666663,0.47140199987330217,461100.0,172485.0,2.6732759370380035,1045325750.0,276,False,jpx_liquidity,JPX流動性
555,4432,ウイングアーク１ｓｔ,情報・通信業,プライム,4432.T,2026-07-31,3190.0,-0.018461538461538418,0.12681031437654533,0.29780309194467036,0.2383540372670807,-0.009015397597395669,2802.4,2559.0,0.13831001998287173,0.24658069558421247,-0.018461538461538418,0.43061919777755564,309600.0,360180.0,0.8595702148925537,1039586080.0,276,False,jpx_liquidity,JPX流動性
556,8386,百十四銀行,銀行業,プライム,8386.T,2026-07-31,2846.0,0.03906535231836439,-0.04045853000674304,0.08419047619047615,0.16687166871668713,0.31111302063955315,2762.05,2579.133333333333,0.030394091345196328,0.10347145035800143,-0.05133333333333334,0.42554916724925207,573300.0,361710.0,1.5849713859168948,1038282935.0,276,False,jpx_liquidity,JPX流動性
557,4784,ＧＭＯインターネット,サービス業,プライム,4784.T,2026-07-31,560.0,0.016333938294010864,0.12676056338028174,0.20171673819742497,-0.06666666666666665,-0.24068707795730404,518.2,518.8833333333333,0.080663836356619,0.07924067709504379,-0.3673809817832029,0.5207321396031862,1800800.0,1950480.0,0.9232599155079775,1037574840.0,276,False,jpx_liquidity,JPX流動性
558,6849,日本光電工業,電気機器,プライム,6849.T,2026-07-31,1590.5,-0.0337181044957473,0.050528401585204774,0.084924965893588,0.10990928122819255,-0.07414177252428544,1549.3,1466.1666666666667,0.02659265474730521,0.08480163692167775,-0.09651423630300604,0.2936550951210019,737200.0,663130.0,1.1116975555320978,1034997960.0,276,False,jpx_liquidity,JPX流動性
559,8367,南都銀行,銀行業,プライム,8367.T,2026-07-31,1720.0,0.012360211889346662,-0.10509885535900099,-0.05701754385964908,0.1436170212765957,0.29304485862369134,1852.95,1762.7666666666667,-0.07175045198197472,-0.0242611047028346,-0.1174961518727553,0.42666023868225467,1883300.0,499540.0,3.770068462985947,1034100870.0,276,False,jpx_liquidity,JPX流動性
560,8381,山陰合同銀行,銀行業,プライム,8381.T,2026-07-31,2336.0,-0.008067940552016983,-0.06969334926324178,-0.014345991561181437,0.21730067743616477,0.48218792534018884,2442.25,2218.016666666667,-0.04350496468420517,0.053193168070573504,-0.08284255987436195,0.32624523085103474,721800.0,418905.0,1.7230637017939627,1033704135.0,276,False,jpx_liquidity,JPX流動性
561,2229,カルビー,食料品,プライム,2229.T,2026-07-31,2904.0,-0.06893235011221543,-0.012412854956640018,-0.026156941649899346,-0.01224489795918371,-0.011279186080553116,3005.925,2921.641666666667,-0.03390803163751599,-0.006038271861995459,-0.0910798122065728,0.35554908176344224,861500.0,318955.0,2.701007979182016,1028201662.5,276,False,jpx_liquidity,JPX流動性
562,3433,トーカロ,金属製品,プライム,3433.T,2026-07-31,2911.0,0.0906706631697265,-0.01622169651909433,-0.11114503816793897,-0.09736434108527137,0.12424268796401061,2995.4,3133.7,-0.028176537357281206,-0.07106615183329601,-0.14129793510324484,0.581758395749806,639500.0,327585.0,1.9521650869240044,1021041755.0,276,True,jpx_liquidity,JPX流動性
563,1414,ショーボンドホールディングス,建設業,プライム,1414.T,2026-07-31,1322.5,-0.014897579143389184,0.032396565183450354,0.048770816812053974,0.0003782148260211837,-0.07839721254355403,1286.35,1270.5212443033854,0.02810277140747086,0.04091136289902342,-0.1361854996734161,0.15108015642980477,1853900.0,736300.0,2.5178595681108242,1016323942.5,276,False,jpx_liquidity,JPX流動性
564,8388,阿波銀行,銀行業,プライム,8388.T,2026-07-31,8340.0,0.015834348355663774,-0.03917050691244239,0.10463576158940402,0.3031250000000001,0.5807598111008907,8005.0,7207.0,0.04184884447220494,0.15720826973775504,-0.05869074492099324,0.39296919243414835,145000.0,123090.0,1.1779998375172638,1014323950.0,276,False,jpx_liquidity,JPX流動性
565,2146,ＵＴグループ,サービス業,プライム,2146.T,2026-07-31,184.0,0.0,0.016574585635359185,0.05142857142857138,0.01098901098901095,-0.11462969713723303,180.85,177.68333333333334,0.017417749516173586,0.03555013600975521,-0.1269837052389634,0.15737356795770022,8028600.0,5437685.0,1.476473903876374,1011404065.0,276,True,jpx_liquidity,JPX流動性
566,3107,ダイワボウホールディングス,卸売業,プライム,3107.T,2026-07-31,3576.0,-0.0072182121043864456,0.018223234624145768,0.032928942807625594,0.08462238398544142,0.16373297527703357,3482.2,3450.733333333333,0.026936993854459912,0.036301462491064695,-0.021614227086183324,0.21345013015837996,294300.0,294305.0,0.9999830108221063,1007782055.0,276,False,jpx_liquidity,JPX流動性
567,7004,カナデビア,機械,プライム,7004.T,2026-07-31,1188.0,0.01106382978723408,-0.011647254575707144,-0.09104820198928842,-0.045016077170418,0.17510227708232673,1229.05,1305.5833333333333,-0.033399780318131844,-0.09006191357630688,-0.182381280110117,0.3053654922699341,926500.0,813815.0,1.1384651302814521,1001702095.0,276,False,jpx_liquidity,JPX流動性
568,8338,筑波銀行,銀行業,プライム,8338.T,2026-07-31,622.0,0.023026315789473673,-0.07164179104477608,-0.020472440944881876,-0.018927444794952675,0.1766398124922426,640.55,636.0166666666667,-0.02895948794005143,-0.022038206545950012,-0.14440789893468753,0.5289628946025169,1889000.0,1607390.0,1.1751970585856575,1000080935.0,276,False,jpx_liquidity,JPX流動性
569,8541,愛媛銀行,銀行業,プライム,8541.T,2026-07-31,2781.0,0.022426470588235325,-0.004652827487473199,0.26236949614162497,0.4919527896995708,0.6049100686304443,2475.65,2148.5833333333335,0.12334134469735214,0.2943412325951207,-0.051500682128240105,0.5825966056922312,311600.0,368955.0,0.8445474380344486,997985480.0,276,False,jpx_liquidity,JPX流動性
570,2607,不二製油,食料品,プライム,2607.T,2026-07-31,3964.0,-0.04204929917834699,0.03363754889178616,0.0027826966860611257,0.17941088961618568,-0.024574656467857836,3997.5,3753.2166666666667,-0.008380237648530353,0.05616071547517021,-0.06259319050694367,0.31242608888993834,239500.0,244760.0,0.9785095603856839,993843550.0,276,False,jpx_liquidity,JPX流動性
571,9987,スズケン,卸売業,プライム,9987.T,2026-07-31,5091.0,-0.036707663197729445,-0.016041747197526046,0.033915515840779786,-0.06741161384869021,-0.18627654585414888,5117.55,5121.233333333334,-0.005188029428144336,-0.005903525843384161,-0.22286082961784082,0.2483097064632949,168900.0,193640.0,0.8722371410865524,988743950.0,276,False,jpx_liquidity,JPX流動性
572,4483,ＪＭＤＣ,情報・通信業,プライム,4483.T,2026-07-31,3130.0,-0.021874999999999978,-0.021874999999999978,0.0313014827018121,-0.06146926536731634,-0.04196642703771414,3199.0,2903.233333333333,-0.02156924038762109,0.07810831601547719,-0.24619395115049314,0.31124214704303055,206400.0,331220.0,0.6231507759193285,988322275.0,276,False,jpx_liquidity,JPX流動性
573,9533,東邦瓦斯,電気・ガス業,プライム,9533.T,2026-07-31,1161.5,-0.031679866611087903,-0.04166666666666663,-0.047950819672131106,-0.047950819672131106,-0.10267840134110562,1211.0,1230.0583333333334,-0.04087530966143682,-0.05573583908622226,-0.17221491005424405,0.19291978802653567,1396200.0,782945.0,1.7832670238650223,985512532.5,276,False,jpx_liquidity,JPX流動性
574,4180,Ａｐｐｉｅｒ　Ｇｒｏｕｐ,情報・通信業,プライム,4180.T,2026-07-31,953.0,-0.016511867905056765,0.11854460093896724,0.09163802978235958,-0.005219206680584509,-0.059230009871668265,913.1,894.85,0.043697294929361474,0.06498295803765997,-0.09839167455061493,0.48246940111949443,684100.0,1130530.0,0.6051144153627059,975339090.0,276,False,jpx_liquidity,JPX流動性
575,9507,四国電力,電気・ガス業,プライム,9507.T,2026-07-31,1666.0,0.048458149779735615,0.07622739018087854,0.13102511880515944,0.07310789049919486,0.08620020159517261,1531.6,1493.6,0.08775137111517384,0.11542581681842545,-0.09505703422053235,0.24623680140885804,1613900.0,562010.0,2.8716570879521717,968373550.0,276,False,jpx_liquidity,JPX流動性
576,546A,ＭＩＲＡＩＮＩホールディングス,卸売業,プライム,546A.T,2026-07-31,2310.0,0.05047748976807642,0.05143377332726451,-0.045454545454545414,0.18583162217659144,,2232.15,2026.8,0.03487668839459701,0.13972764949674366,-0.045454545454545414,0.43400704599007356,301000.0,574430.0,0.523997702069878,967462230.0,82,False,jpx_liquidity,JPX流動性
577,8360,山梨中央銀行,銀行業,プライム,8360.T,2026-07-31,6440.0,0.0238473767885532,-0.09167842031029616,-0.0015503875968991832,0.15412186379928317,0.31088062765852453,6616.5,6168.833333333333,-0.026675734905161286,0.04395752843595502,-0.11294765840220389,0.5422847640472193,158400.0,146465.0,1.081487044686444,967209900.0,276,False,jpx_liquidity,JPX流動性
578,2810,ハウス食品グループ本社,食料品,プライム,2810.T,2026-07-31,3873.0,-0.03536737235367371,-0.011737688185761708,0.019210526315789567,0.29531772575250836,0.30895812141443124,3914.15,3634.875,-0.010513138229245156,0.06551119364489844,-0.05743489900219034,0.23099243709333409,275300.0,246110.0,1.1186055016049734,963569105.0,276,False,jpx_liquidity,JPX流動性
579,7984,コクヨ,その他製品,プライム,7984.T,2026-07-31,909.7999877929688,0.01178822891685738,0.061238773763610865,0.12418139319892019,0.13441394986654465,-0.018766203823320615,862.129995727539,823.3030212402343,0.05529327630597258,0.10506091235087944,-0.05504777801409422,0.1683535816323671,1776500.0,1061915.0,1.672921090671099,962638778.2119751,276,False,jpx_liquidity,JPX流動性
580,8522,名古屋銀行,銀行業,プライム,8522.T,2026-07-31,6510.0,0.02681388012618302,-0.055152394775036306,0.031695721077654504,0.08681135225375636,0.30879589713344546,6561.0,6143.0,-0.007773205304069553,0.05974279667914706,-0.06866952789699576,0.4174270854901525,169200.0,152835.0,1.107076258710374,962372550.0,276,False,jpx_liquidity,JPX流動性
581,3097,物語コーポレーション,小売業,プライム,3097.T,2026-07-31,5480.0,0.02238805970149249,0.10150753768844223,0.1759656652360515,0.28941176470588226,0.3110047846889952,5093.25,4831.925284830729,0.07593383399597498,0.13412349673614088,0.0,0.2874375560686826,283600.0,182595.0,1.5531641063555957,952051275.0,276,False,jpx_liquidity,JPX流動性
582,6058,ベクトル,サービス業,プライム,6058.T,2026-07-31,1776.0,-0.007266629401900482,0.014857142857142902,-0.04772117962466493,0.41176470588235303,0.2051890836598338,1824.45,1574.4,-0.026555948368001348,0.12804878048780477,-0.10393541876892032,0.5027160559154086,390000.0,543920.0,0.7170172084130019,950166950.0,276,False,jpx_liquidity,JPX流動性
583,9076,セイノーホールディングス,陸運業,プライム,9076.T,2026-07-31,2634.0,-0.008469791078486777,-0.02642764738495662,-0.006037735849056647,0.09453563266154164,0.11073654837741254,2689.425,2641.6916666666666,-0.02060849438076917,-0.0029116443692961402,-0.046515837104072366,0.13128301300659068,538000.0,344950.0,1.5596463255544282,949134275.0,276,False,jpx_liquidity,JPX流動性
584,8020,兼松,卸売業,プライム,8020.T,2026-07-31,2098.5,0.006474820143884896,-0.009440641963653573,0.018689320388349584,-0.027797081306462856,0.030897643531388574,2097.25,2112.266666666667,0.0005960185957802899,-0.0065174851660144695,-0.13403761875497433,0.20755702917633254,534700.0,450610.0,1.1866137014269547,943242162.5,276,False,jpx_liquidity,JPX流動性
585,8425,みずほリース,その他金融業,プライム,8425.T,2026-07-31,1368.0,0.017100371747211796,0.03167420814479649,0.09440000000000004,-0.03865073787772311,-0.0323822983469263,1317.55,1304.9333333333334,0.038290766953815725,0.048329416573005046,-0.09638811849765705,0.17771892966147887,1495700.0,684685.0,2.1845082045028006,937557780.0,276,False,jpx_liquidity,JPX流動性
586,4413,ボードルア,情報・通信業,プライム,4413.T,2026-07-31,2869.0,-0.05779967159277499,-0.022154055896387193,0.03238575026988122,0.44898989898989905,0.4536457315711344,3040.8,2605.25,-0.056498289923704315,0.10123788503982345,-0.10900621118012421,0.4845886594160047,195300.0,313080.0,0.6238022230739747,934883220.0,276,False,jpx_liquidity,JPX流動性
587,8111,ゴールドウイン,繊維製品,プライム,8111.T,2026-07-31,2291.5,-0.025101042331418855,-0.004128639721860061,0.029193801931282293,0.029887640449438146,-0.11361884563248303,2297.35,2204.4,-0.002546412170544299,0.0395118853202685,-0.12498059730197852,0.24663966860556005,362800.0,403975.0,0.8980753759514821,930014655.0,276,False,jpx_liquidity,JPX流動性
588,4206,アイカ工業,化学,プライム,4206.T,2026-07-31,3687.0,-0.021237058667374575,0.015422748554117405,-0.00887096774193552,0.07117954677513083,0.06726369171797342,3702.8,3565.05,-0.0042670411580426615,0.03420709386965104,-0.06188375359753695,0.1448154662388378,558300.0,231045.0,2.4164123871972993,926189605.0,276,False,jpx_liquidity,JPX流動性
589,9045,京阪ホールディングス,陸運業,プライム,9045.T,2026-07-31,3264.0,-0.02828222685323012,0.01872659176029967,0.04181295882540703,-0.025671641791044753,-0.01897384472081498,3250.05,3189.866666666667,0.004292241657820606,0.023240260825948766,-0.05930126507320288,0.23430618171344683,553800.0,269305.0,2.056404448487774,926159730.0,276,False,jpx_liquidity,JPX流動性
590,5715,古河機械金属,非鉄金属,プライム,5715.T,2026-07-31,3555.0,0.05333333333333323,-0.006983240223463638,0.0014084507042253502,-0.16842105263157892,-0.24553328646655437,3596.0,3803.3333333333335,-0.01140155728587322,-0.06529360210341806,-0.4552979179919856,0.5008411019297856,277000.0,250595.0,1.105369221253417,921800625.0,276,False,jpx_liquidity,JPX流動性
591,6544,ジャパンエレベーターサービスホールディングス,サービス業,プライム,6544.T,2026-07-31,1693.0,-0.002944640753828054,0.01559688062387532,-0.05154061624649864,0.005344418052256605,0.04019303456735979,1754.125,1727.3416666666667,-0.034846433406969246,-0.019881224038865164,-0.10494316679883686,0.2295319603867336,594700.0,524215.0,1.1344581898648456,916130665.0,276,False,jpx_liquidity,JPX流動性
592,5703,日本軽金属ホールディングス,非鉄金属,プライム,5703.T,2026-07-31,2715.0,0.04866743916570093,0.026853252647503822,-0.00403521643433602,-0.07337883959044367,-0.00653256581074968,2684.8,2914.05,0.011248510131108391,-0.06830699541874719,-0.17477203647416417,0.3371011623018997,623800.0,323310.0,1.9294175868361634,911684535.0,276,False,jpx_liquidity,JPX流動性
593,7616,コロワイド,小売業,プライム,7616.T,2026-07-31,2057.5,-0.04679175353254572,0.05892949047864127,0.12003266194882967,0.08603853259435201,0.15108974920644647,1962.4,1856.8166666666666,0.048461068079902025,0.1080792395587431,-0.04679175353254572,0.321217944007953,508500.0,445295.0,1.141939613065496,906443235.0,276,False,jpx_liquidity,JPX流動性
594,9627,アインホールディングス,小売業,プライム,9627.T,2026-07-31,5883.0,-0.043725617685305584,0.008571918395336775,0.053923324973127906,0.05053571428571435,-0.07680092598942478,5810.35,5667.333333333333,0.012503549700104033,0.03805434654746498,-0.08487554385051865,0.31664215336843143,215900.0,149455.0,1.444581981198354,903932110.0,276,False,jpx_liquidity,JPX流動性
595,2121,ＭＩＸＩ,情報・通信業,プライム,2121.T,2026-07-31,2896.0,-0.03176195252423941,0.024407499115670417,0.03207412687099076,0.12335143522110159,0.12496204135477029,2916.95,2741.55,-0.007182159447367886,0.05633674381280662,-0.03273213092852367,0.24021511709545829,293200.0,319455.0,0.9178131505219828,895746910.0,276,False,jpx_liquidity,JPX流動性
596,7283,愛三工業,輸送用機器,プライム,7283.T,2026-07-31,2404.0,-0.004966887417218513,0.04840819886611425,0.2110831234256927,0.3808156232050546,0.12918468027329455,2334.55,1996.05,0.02974877385363328,0.20437864782946313,-0.011513157894736836,0.5646500008497383,406600.0,374440.0,1.0858882598013033,886843630.0,276,False,jpx_liquidity,JPX流動性
597,2353,日本駐車場開発,不動産業,プライム,2353.T,2026-07-31,246.0,-0.03149606299212604,-0.01337880570402128,-0.019920318725099584,-0.03149606299212604,-0.1338028169014085,255.00242462158204,249.3674748738607,-0.03530329029200974,-0.013504066139997106,-0.1487889273356401,0.24816415347106102,3520700.0,3345110.0,1.052491547363166,885775315.0,276,False,jpx_liquidity,JPX流動性
598,5901,東洋製罐グループホールディングス,金属製品,プライム,5901.T,2026-07-31,4072.0,-0.008280565026790088,-0.006102025872589678,-0.0004909180166912108,0.1532143868592466,0.04734884461032607,4089.8,3967.6833333333334,-0.0043522910655777736,0.026291580729308928,-0.06261510128913439,0.15552999925826239,351800.0,208060.0,1.6908584062289724,885036220.0,276,False,jpx_liquidity,JPX流動性
599,9505,北陸電力,電気・ガス業,プライム,9505.T,2026-07-31,961.5,-0.02256786818292622,0.028122313355088524,0.0871777176137214,0.07514258428301357,0.02042235306440232,929.1000061035156,882.7433339436849,0.03487245041829712,0.08921808075793347,-0.14084842413593268,0.29271250407963956,1360000.0,910155.0,1.4942509792288128,880841533.4799194,276,False,jpx_liquidity,JPX流動性
600,1417,ミライト・ワン,建設業,プライム,1417.T,2026-07-31,3552.0,0.009664582148948275,-0.023907666941467398,-0.08382770183131283,-0.1338697878566203,-0.06234050225295551,3689.55,3833.383333333333,-0.03728096922388913,-0.0734033903905601,-0.1504424778761062,0.18846468932397123,287900.0,236560.0,1.2170273926276631,877722500.0,276,False,jpx_liquidity,JPX流動性
