liquidity_rank,code,name,industry,market,ticker,trade_date,close,return_1d,return_5d,return_20d,return_60d,return_120d,ma20,ma60,distance_ma20,distance_ma60,distance_high_120d,volatility_20d,latest_volume,avg_volume_20d,volume_ratio_20d,avg_turnover_20d,history_days,in_yahoo_pool,universe_source,universe_label
1,285A,キオクシアホールディングス,電気機器,プライム,285A.T,2026-07-02,76260.0,-0.13468739362305682,-0.26567164179104474,-0.00858034321372858,2.4901601830663616,5.718942731277533,88639.0,59839.5,-0.13965635893906747,0.27440904419321677,-0.29843606255749766,1.2749214127623048,44758400.0,37173075.0,1.2040542785335893,3295550889600.0,256,True,jpx_liquidity,JPX流動性
2,6976,太陽誘電,電気機器,プライム,6976.T,2026-07-02,20400.0,-0.0995365261531671,0.08395324123273107,0.2674743709226468,3.6788990825688073,4.615300845368951,18256.25,11460.483333333334,0.11742553919890453,0.780029638075183,-0.0995365261531671,1.5749061693400697,23081500.0,25980100.0,0.8884299906466873,484551095475.0,256,True,jpx_liquidity,JPX流動性
3,9984,ソフトバンクグループ,情報・通信業,プライム,9984.T,2026-07-02,6195.0,0.03249999999999997,-0.12967125597077833,-0.16022773485156572,0.716541978387365,0.3442353835899443,6696.4,6059.333333333333,-0.07487605280449194,0.022389701837385978,-0.28232159406858204,0.8740492895025266,73627900.0,63117170.0,1.1665272698379854,422593488530.0,256,True,jpx_liquidity,JPX流動性
4,8035,東京エレクトロン,電気機器,プライム,8035.T,2026-07-02,72940.0,-0.07436548223350259,-0.03185558800106181,0.14577442664153306,0.8984903695991671,0.9935572470934426,70391.5,55638.0,0.03620465539163109,0.310974513821489,-0.07436548223350259,0.8204213399059668,4530000.0,5166230.0,0.8768483013725676,361288869350.0,256,True,jpx_liquidity,JPX流動性
5,6981,村田製作所,電気機器,プライム,6981.T,2026-07-02,10875.0,-0.08536585365853655,-0.08033826638477803,0.0980411954765752,1.8701504354711007,2.2965747194370247,10550.05,7581.966666666666,0.030800801891934126,0.4343244276990579,-0.11224489795918369,1.2097063405042505,21447000.0,34978680.0,0.6131449214207054,357175174335.0,256,True,jpx_liquidity,JPX流動性
6,5803,フジクラ,非鉄金属,プライム,5803.T,2026-07-02,5368.0,-0.0786131136285616,-0.16594157862026104,0.11716961498439127,0.16291161178509528,0.754418856126714,5225.95,5470.25,0.02718166075067696,-0.018692015904209103,-0.3166136218968809,1.155770586415601,34213100.0,51732105.0,0.6613513987107232,274175429185.0,256,True,jpx_liquidity,JPX流動性
7,6857,アドバンテスト,電気機器,プライム,6857.T,2026-07-02,28815.0,-0.09953124999999996,-0.19735376044568242,0.02289669861554855,0.3368128044537231,0.3626550922460181,29808.5,28007.25,-0.033329419460892074,0.0288407465924001,-0.19735376044568242,0.9318255836341679,9115500.0,8785200.0,1.0375973227701134,265156808150.0,256,True,jpx_liquidity,JPX流動性
8,4062,イビデン,電気機器,プライム,4062.T,2026-07-02,23420.0,-0.09171999224355243,-0.11186954872961696,0.16199454229719668,1.8526187576126674,2.2778097109469964,22564.25,17336.866666666665,0.03792503628527433,0.35087847477245027,-0.11371807000946077,1.2077224482689883,7721400.0,9428655.0,0.8189291049465698,216581109950.0,256,True,jpx_liquidity,JPX流動性
9,6920,レーザーテック,電気機器,プライム,6920.T,2026-07-02,47740.0,-0.06005119117936597,-0.09874317509290442,0.11672514619883034,0.3312883435582823,0.5055187637969094,48228.6025390625,43571.200846354164,-0.010130970281935103,0.09567785768279236,-0.1663099571314155,0.9462242511824199,2350700.0,3746815.0,0.6273861933402103,184940257900.0,256,False,jpx_liquidity,JPX流動性
10,6146,ディスコ,機械,プライム,6146.T,2026-07-02,76860.0,-0.0906294368196876,-0.10596719785971853,0.06439551308683011,0.17075399847677075,0.5126585334127531,79486.0,72776.0,-0.03303726442392374,0.056117401341101436,-0.13132911392405067,0.9187458293355574,1368500.0,2002650.0,0.683344568446808,156458022500.0,256,False,jpx_liquidity,JPX流動性
11,5801,古河電気工業,非鉄金属,プライム,5801.T,2026-07-02,3976.0,-0.08618708342909676,-0.20352564102564108,-0.9221917808219178,-0.8889385474860335,-0.6201883169741816,18525.9,38168.8,-0.7853815469153995,-0.8958311500492548,-0.9338875956102428,3.267697766287007,26552800.0,21479300.0,1.236204159353424,155321625120.0,256,True,jpx_liquidity,JPX流動性
12,5016,ＪＸ金属,非鉄金属,プライム,5016.T,2026-07-02,4048.0,-0.04053093150035558,-0.17167996726007773,0.032126466088730155,0.10843373493975905,1.0176786217448255,4206.4,4365.683333333333,-0.03765690376569031,-0.0727682951504347,-0.29230769230769227,1.1092938142499682,26667500.0,30317435.0,0.8796093732863615,136853545125.0,256,True,jpx_liquidity,JPX流動性
13,8306,三菱ＵＦＪフィナンシャル・グループ,銀行業,プライム,8306.T,2026-07-02,3306.0,0.018170619032953583,0.02257964738632845,0.04323130325023672,0.1971754481260184,0.3238862691944002,3235.05,3025.725,0.021931654843047266,0.09263069181766359,-0.02015411973918202,0.2505024194897432,34768500.0,40611300.0,0.8561287129444268,127528510445.0,256,True,jpx_liquidity,JPX流動性
14,8316,三井住友フィナンシャルグループ,銀行業,プライム,8316.T,2026-07-02,6573.0,0.02176278563656142,0.036750788643533205,0.07244248653940288,0.2233389168062534,0.2875741456068355,6391.35,5933.533333333334,0.028421225562674568,0.10777164814669171,-0.023038049940546923,0.3172878709291977,11873800.0,14320100.0,0.8291701873590268,90954288275.0,256,True,jpx_liquidity,JPX流動性
15,5706,三井金属,非鉄金属,プライム,5706.T,2026-07-02,38250.0,-0.11376274328081559,-0.17546885104548393,-0.16938110749185664,0.21351522842639592,1.0665872913112477,44056.0,43805.5,-0.13178681677864534,-0.12682197440960608,-0.30327868852459017,1.0914832425988272,1595100.0,1971980.0,0.8088824430268056,86665148700.0,256,False,jpx_liquidity,JPX流動性
16,6723,ルネサスエレクトロニクス,電気機器,プライム,6723.T,2026-07-02,4842.0,-0.054850673433535,-0.00041288191577204536,0.0008267879288963442,1.131631080783623,1.176179775280899,4624.2,3853.3416666666667,0.047100038925651955,0.25657167696436645,-0.054850673433535,0.6682357847105473,14915000.0,17204095.0,0.8669447593726959,78918556000.0,256,True,jpx_liquidity,JPX流動性
17,9983,ファーストリテイリング,小売業,プライム,9983.T,2026-07-02,82320.0,-0.004715270221254952,-0.02348754448398571,0.043742868010650415,0.28024883359253505,0.44650240787212203,81634.0,76416.5,0.008403361344537785,0.07725425791550244,-0.024413368096705357,0.21295053111031395,717600.0,957395.0,0.7495338914450148,77865739900.0,256,False,jpx_liquidity,JPX流動性
18,5802,住友電気工業,非鉄金属,プライム,5802.T,2026-07-02,2688.5,-0.05134086097388846,-0.12140522875816995,-0.8003341997772002,-0.7139893617021277,-0.5948850601225503,6005.7,9373.433333333332,-0.5523419418219357,-0.7131787356464903,-0.8074829931972789,2.60184101532324,20864900.0,17650590.0,1.182107793563841,77361185945.0,256,True,jpx_liquidity,JPX流動性
19,7011,三菱重工業,機械,プライム,7011.T,2026-07-02,3788.0,0.013918629550321304,0.04698728579325584,0.02350716022696564,-0.21132625442431818,-0.08726822051855354,3718.2,4122.016666666666,0.01877252433973431,-0.08103234258312064,-0.2687604019967309,0.3658133721765059,17061600.0,21220265.0,0.8040238894283366,77057325900.0,256,True,jpx_liquidity,JPX流動性
20,8411,みずほフィナンシャルグループ,銀行業,プライム,8411.T,2026-07-02,7973.0,0.02034809316611219,0.032103559870550136,0.04290385873119695,0.2326839826839826,0.37294142287875265,7775.7,7210.283333333334,0.025373921318980974,0.10578178851039133,-0.033458601042550606,0.34335256098303374,9670300.0,9989820.0,0.9680154397176326,76921029010.0,256,True,jpx_liquidity,JPX流動性
21,7974,任天堂,その他製品,プライム,7974.T,2026-07-02,7137.0,0.02249283667621782,0.040530689604898695,-0.01856435643564358,-0.1830357142857143,-0.3167351135602634,7118.5,7528.1,0.0025988621198285156,-0.05195201976594366,-0.3296387869581907,0.4056642822910615,9343000.0,10241330.0,0.9122838537572757,73740138285.0,256,True,jpx_liquidity,JPX流動性
22,7203,トヨタ自動車,輸送用機器,プライム,7203.T,2026-07-02,2793.0,0.0251422279317306,0.03425291612664316,-0.01602959309494456,-0.14193548387096777,-0.16605259714485554,2779.3,2986.4166666666665,0.0049292987442881575,-0.06476546585930743,-0.2812912338049681,0.26220439062248174,30358500.0,25943940.0,1.1701576553137265,73591378997.5,256,True,jpx_liquidity,JPX流動性
23,6525,ＫＯＫＵＳＡＩ　ＥＬＥＣＴＲＩＣ,電気機器,プライム,6525.T,2026-07-02,10430.0,-0.08669001751313488,0.02758620689655178,0.23184126609188604,0.9889397406559879,0.7594577078906679,9423.2,7735.466666666666,0.10684268613634429,0.3483349420849422,-0.08669001751313488,1.040991844134841,5765900.0,7027340.0,0.8204953794750218,65846145120.0,256,True,jpx_liquidity,JPX流動性
24,6758,ソニーグループ,電気機器,プライム,6758.T,2026-07-02,3330.0,0.024615384615384706,0.041601501407569685,-0.05932203389830504,0.0018050541516245744,-0.18043097243245199,3298.7,3371.016666666667,0.009488586412829347,-0.012167447011534716,-0.18681052031933343,0.27057084865857156,19252900.0,19730635.0,0.9757871452185902,64831722215.0,256,True,jpx_liquidity,JPX流動性
25,6501,日立製作所,電気機器,プライム,6501.T,2026-07-02,4669.0,0.038478647686832845,0.025252525252525304,-0.09917036465367546,-0.029515693203076232,-0.07342448396249512,4725.85,4908.183333333333,-0.012029581979961401,-0.04873154018289183,-0.19286958176159852,0.34218886644609153,16571400.0,13103580.0,1.2646467606562481,63868041895.0,256,True,jpx_liquidity,JPX流動性
26,6752,パナソニック　ホールディングス,電気機器,プライム,6752.T,2026-07-02,4547.0,-0.0467505241090147,-0.013665943600867703,0.19657894736842096,0.674769797421731,1.2041614712184,4201.35,3558.991666666667,0.08227117474145196,0.27760906061876134,-0.0467505241090147,0.6216233994722912,18343300.0,14616200.0,1.2549978790656942,62903214455.0,256,True,jpx_liquidity,JPX流動性
27,6762,ＴＤＫ,電気機器,プライム,6762.T,2026-07-02,3660.0,-0.010810810810810811,-0.06345957011258951,-0.07341772151898729,0.819537658463833,0.6422291758981187,3774.8,3221.9583333333335,-0.030412207269259306,0.13595509977110187,-0.10970566772074919,0.728516216335113,14570500.0,15854090.0,0.9190372957388283,60348038030.0,256,True,jpx_liquidity,JPX流動性
28,3436,ＳＵＭＣＯ,金属製品,プライム,3436.T,2026-07-02,4577.0,-0.032142101924296895,0.20954646214251005,0.04832798900595514,1.6334867663981587,2.1587301587301586,3948.2021240234376,3236.3423746744793,0.15926182505970155,0.4142508641287892,-0.032142101924296895,1.2158250441019283,23403000.0,13830305.0,1.6921535714505211,57778956485.0,256,True,jpx_liquidity,JPX流動性
29,4004,レゾナック・ホールディングス,化学,プライム,4004.T,2026-07-02,17900.0,-0.04175588865096358,0.00731570061902076,0.002239641657334923,0.584070796460177,1.6514590431047251,17659.5,16289.916666666666,0.013618732127183675,0.09883926150635114,-0.07969151670951158,0.7078110870564457,2591200.0,3089150.0,0.8388067915122283,54356346700.0,256,False,jpx_liquidity,JPX流動性
30,7735,ＳＣＲＥＥＮホールディングス,電気機器,プライム,7735.T,2026-07-02,18055.0,-0.07362750128270912,0.024397163120567278,0.3433779761904763,0.9642080069625762,1.2771641938386455,15532.25,12446.566666666668,0.16242012586714738,0.4506008350361679,-0.07362750128270912,0.8538502791993022,4075500.0,3281610.0,1.2419208863941784,53116514025.0,256,True,jpx_liquidity,JPX流動性
31,4063,信越化学工業,化学,プライム,4063.T,2026-07-02,7024.0,-0.03237360517977683,-0.017622377622377616,-0.08074859311608429,0.08899224806201556,0.43308224191268474,7152.6,7099.533333333334,-0.017979475994743255,-0.010639196942522133,-0.10017934921854987,0.4759102176188895,7304400.0,7078460.0,1.0319193722928433,50749141975.0,256,True,jpx_liquidity,JPX流動性
32,6098,リクルートホールディングス,サービス業,プライム,6098.T,2026-07-02,11630.0,0.008673026886383273,0.034697508896797125,0.0956194065002356,0.6753097090175741,0.29183408327077065,11066.75,9266.7,0.05089570108658825,0.2550314567213785,0.0,0.35123351640592454,5231300.0,4180715.0,1.2512931400490108,47521490250.0,256,True,jpx_liquidity,JPX流動性
33,6861,キーエンス,電気機器,プライム,6861.T,2026-07-02,80400.0,-0.015067989709665608,0.03916246607212104,0.004497751124437732,0.3926901091287025,0.41261387099191826,76637.5,73460.5,0.04909476431251014,0.094465733285235,-0.04479030533444217,0.33757617700172127,461300.0,613610.0,0.751780446863643,46728687150.0,256,False,jpx_liquidity,JPX流動性
34,8766,東京海上ホールディングス,保険業,プライム,8766.T,2026-07-02,7511.0,0.05610236220472431,0.0964963503649634,0.08227665706051868,0.037001242579041804,0.290003495351719,7225.7,7231.15,0.03948406382772607,0.038700621616202246,-0.055101270600075525,0.36081253533674507,8398100.0,6150675.0,1.3653948550362358,45401239010.0,256,True,jpx_liquidity,JPX流動性
35,6954,ファナック,電気機器,プライム,6954.T,2026-07-02,7209.0,-0.027781523937963626,-0.02011689547369855,-0.07576923076923081,0.3066884176182707,0.15480122194036228,7295.5,7184.683333333333,-0.011856623946268297,0.0033845147431688094,-0.14463692453725674,0.5608585201745594,3966700.0,6074565.0,0.6530014906417168,44084567960.0,256,True,jpx_liquidity,JPX流動性
36,8058,三菱商事,卸売業,プライム,8058.T,2026-07-02,4385.0,0.00943830570902393,-0.003409090909090917,-0.1043709150326797,-0.1990867579908676,0.21195174260708471,4573.3,4997.766666666666,-0.0411737694881158,-0.12260809828390007,-0.25450527031621895,0.22387863334561933,8436000.0,9032715.0,0.9339384670057673,41698850575.0,256,True,jpx_liquidity,JPX流動性
37,3110,日東紡績,ガラス・土石製品,プライム,3110.T,2026-07-02,3635.0,-0.07974683544303796,-0.110812133072407,-0.8249879634087627,-0.822509765625,-0.6512033785174813,9154.9,20137.133333333335,-0.6029448710526604,-0.8194877125840487,-0.8862284820031299,2.831843522012955,6260500.0,6797130.0,0.9210505021972509,39629440450.0,256,True,jpx_liquidity,JPX流動性
38,7012,川崎重工業,輸送用機器,プライム,7012.T,2026-07-02,2765.0,0.024643320363164634,-0.060003399626041176,-0.02811950790861162,-0.12527681113571654,0.2422232442363903,2944.55,3073.9416666666666,-0.06097705931296804,-0.10050342529813783,-0.24283541205101133,0.5942563214469069,26201200.0,12705780.0,2.0621480932300105,39285539225.0,256,True,jpx_liquidity,JPX流動性
39,7013,ＩＨＩ,機械,プライム,7013.T,2026-07-02,2801.5,0.04787731438189646,0.030342037513791942,0.10360449084104784,-0.17602941176470588,-0.06411484814526636,2670.625,2846.0333333333333,0.04900538263515086,-0.015647509399046577,-0.37566064675452404,0.5582996383839877,14849100.0,14779965.0,1.0046776159483464,39157582602.5,256,True,jpx_liquidity,JPX流動性
40,9432,ＮＴＴ,情報・通信業,プライム,9432.T,2026-07-02,146.10000610351562,0.02310926457446727,0.01599445760046314,-0.005445798680784653,-0.07414446591870238,-0.0684873374028192,146.0349998474121,149.85333353678385,0.0004451416179096501,-0.025046672934685876,-0.07544320704264573,0.18396690132654642,263408800.0,246617350.0,1.0680870587572204,36407787146.87569,256,True,jpx_liquidity,JPX流動性
41,6503,三菱電機,電気機器,プライム,6503.T,2026-07-02,5913.0,-0.020053032814053684,-0.012195121951219523,-0.0065524193548387455,0.11439879381831886,0.24142754145490253,5878.0,6021.816666666667,0.005954406260632927,-0.01807040511030722,-0.09862804878048781,0.41516376455239146,5264200.0,6235235.0,0.8442664951681853,36075123645.0,256,True,jpx_liquidity,JPX流動性
42,8136,サンリオ,卸売業,プライム,8136.T,2026-07-02,1112.0,0.017383348581884617,0.10591745400298369,0.20777667563444369,0.12051589343375158,0.1318381860379847,951.7100006103516,935.8050018310547,0.1684231533627376,0.18828174440635714,-0.05727808012868907,0.5047071784814643,27165700.0,35822310.0,0.7583458464850535,35492931702.41669,256,True,jpx_liquidity,JPX流動性
43,6506,安川電機,電気機器,プライム,6506.T,2026-07-02,6942.0,-0.04930156121610518,-0.038903502699709214,0.0,0.6219626168224299,0.40732508656199684,6851.8,6304.833333333333,0.01316442394699191,0.1010600333077798,-0.09314173742651866,0.6595938763403578,4322500.0,4744120.0,0.9111278804077468,32665708230.0,256,True,jpx_liquidity,JPX流動性
44,2802,味の素,食料品,プライム,2802.T,2026-07-02,6042.0,-0.021538461538461506,0.05224660397074188,0.18053927315357554,0.3100607111882048,0.8273709660900848,5463.0,5153.233333333334,0.10598572213069746,0.1724677710434226,-0.021538461538461506,0.6440355643410537,5376600.0,5748085.0,0.9353723892391987,32320522070.0,256,True,jpx_liquidity,JPX流動性
45,8031,三井物産,卸売業,プライム,8031.T,2026-07-02,4551.0,0.02499999999999991,0.02361673414304999,-0.09720293592541163,-0.2867889045604137,-0.03363373575922457,4707.55,5411.95,-0.0332550902274007,-0.1590831400881383,-0.3102359323755842,0.2158923607047801,9651400.0,6486390.0,1.4879462998678772,31627465920.0,256,True,jpx_liquidity,JPX流動性
46,2914,日本たばこ産業,食料品,プライム,2914.T,2026-07-02,6089.0,0.019079497907949827,0.04452021634414849,0.010622406639004156,-0.0026208026208026647,0.08037615330021297,6005.5023193359375,6018.400773111979,0.013903529833836581,0.011730562577924708,-0.05640787230745392,0.22558393647059463,4939200.0,4986990.0,0.9904170652036599,30602270535.0,256,True,jpx_liquidity,JPX流動性
47,6971,京セラ,電気機器,プライム,6971.T,2026-07-02,3887.0,0.017272965192357992,0.0924676784710512,-0.006644518272425293,0.568287270526528,0.7614167669653815,3650.15,3150.125,0.06488774433927369,0.23391928891710645,-0.006644518272425293,0.4659013145743217,8105400.0,8291100.0,0.9776024894163621,30216847405.0,256,True,jpx_liquidity,JPX流動性
48,6701,日本電気,電気機器,プライム,6701.T,2026-07-02,4200.0,0.05501130369253948,0.1179132286398723,-0.005681818181818232,0.03806228373702414,-0.22280340493355755,3927.9,4105.1,0.06927365767967619,0.023117585442498312,-0.29600162380577844,0.47379527893766726,9290900.0,7260890.0,1.2795814287229252,28913999075.0,256,True,jpx_liquidity,JPX流動性
49,6963,ローム,電気機器,プライム,6963.T,2026-07-02,5211.0,-0.053061966200254385,-0.07932862190812717,-0.05202837911588143,0.4442904656319291,1.3058436295081788,5236.25,4509.383333333333,-0.004822153258534301,0.15559038005935766,-0.08289334741288279,0.8194792772198133,4079600.0,5504690.0,0.7411134868630205,28238332660.0,256,True,jpx_liquidity,JPX流動性
50,7741,ＨＯＹＡ,精密機器,プライム,7741.T,2026-07-02,25590.0,-0.012159814707585426,-0.020290964777947895,-0.03178206583427923,-0.07198549410698096,0.06759822503711965,26341.75,27402.333333333332,-0.028538346920762625,-0.0661379201284562,-0.14785214785214784,0.31133206718751916,1068900.0,1042595.0,1.0252303147435007,27428092675.0,256,False,jpx_liquidity,JPX流動性
51,6367,ダイキン工業,機械,プライム,6367.T,2026-07-02,25105.0,0.012502520669489758,0.05262054507337521,0.057275215834912574,0.27017455097394394,0.25101767526132046,23804.5,23024.916666666668,0.05463252746329483,0.09034053688214572,-0.02618308766485644,0.13763496163360253,1461900.0,1099890.0,1.3291329132913292,26534748325.0,256,False,jpx_liquidity,JPX流動性
52,7267,本田技研工業,輸送用機器,プライム,7267.T,2026-07-02,1527.0,0.03701188455008486,0.07991513437057995,0.014955134596211339,0.20330969267139487,0.006389016047762652,1438.2,1367.2833333333333,0.06174384647476017,0.11681314528810183,-0.07331319034707162,0.27811693762149686,26070800.0,18271505.0,1.4268556421597454,26527730562.5,256,True,jpx_liquidity,JPX流動性
53,6526,ソシオネクスト,電気機器,プライム,6526.T,2026-07-02,2767.5,0.01765030336458917,0.025949953660797,-0.03856175091193326,0.4851086664877917,0.2332250386998378,2537.875,2338.275,0.09047923952125303,0.1835648073900631,-0.08360927152317876,0.6693473349610812,17865700.0,9842495.0,1.8151596724204584,26251828090.0,256,True,jpx_liquidity,JPX流動性
54,5713,住友金属鉱山,非鉄金属,プライム,5713.T,2026-07-02,7521.0,0.025218102508178797,-0.01724813798510383,-0.13092211694014333,-0.20328389830508475,0.15284839778256232,8187.65,9261.133333333333,-0.08142140907342155,-0.18789636977475754,-0.41359328361930814,0.712943758323605,2866400.0,3067710.0,0.9343777606097056,25418092140.0,256,False,jpx_liquidity,JPX流動性
55,8001,伊藤忠商事,卸売業,プライム,8001.T,2026-07-02,1886.0,0.018358531317494542,0.03969128996692395,0.01698571043407937,-0.07639569049951034,-0.046594531318217,1852.75,1933.275,0.017946296046417398,-0.024453324022707612,-0.16020516718481725,0.19817030072868488,16130400.0,13373100.0,1.2061825605132692,25388711295.0,256,True,jpx_liquidity,JPX流動性
56,9433,ＫＤＤＩ,情報・通信業,プライム,9433.T,2026-07-02,2723.5,0.0258003766478343,0.020610830054337725,0.030262909022129802,-0.007832422586520948,0.011195850885392433,2707.075,2661.9166666666665,0.006067434407986516,0.02313495914597885,-0.02032374100719425,0.2371776518823782,7386400.0,9245030.0,0.7989590082455114,25183173030.0,256,True,jpx_liquidity,JPX流動性
57,6702,富士通,電気機器,プライム,6702.T,2026-07-02,3344.0,0.03305529811553898,0.04926262943206772,-0.04045911047345763,0.02169263672471744,-0.21554326955402592,3295.35,3405.133333333333,0.014763226971338472,-0.01795328621493042,-0.2708748634589546,0.3311658298118221,7583700.0,7459185.0,1.0166928424486052,24734143885.0,256,True,jpx_liquidity,JPX流動性
58,6301,小松製作所,機械,プライム,6301.T,2026-07-02,6390.0,0.02092986100015981,0.022399999999999975,-0.08123652048885699,-0.015863237332511937,0.27990886407931836,6505.45,6608.583333333333,-0.017746658570890528,-0.03307567179047444,-0.16844488686554515,0.3181878424239978,3299300.0,3523260.0,0.9364338709036517,22950894015.0,256,False,jpx_liquidity,JPX流動性
59,8591,オリックス,その他金融業,プライム,8591.T,2026-07-02,6278.0,0.01274399096628498,0.017668990111849636,0.0044800000000000395,0.33460884353741505,0.37802013268166457,6223.15,5744.466666666666,0.008813864361296275,0.09287778383836054,-0.03191981495759444,0.2501754972115661,3281100.0,3635050.0,0.9026285745725643,22524831965.0,256,False,jpx_liquidity,JPX流動性
60,8725,ＭＳ＆ＡＤインシュアランスグループホールディングス,保険業,プライム,8725.T,2026-07-02,4395.0,0.0266292922214435,0.03363123236124177,0.03484812809041671,0.0626208897485494,0.18689154807752972,4468.65,4266.416666666667,-0.016481487697626696,0.03013848467683644,-0.059490691204793444,0.30008469738123456,6095600.0,4781545.0,1.274818076584033,21757567395.0,256,True,jpx_liquidity,JPX流動性
61,6273,ＳＭＣ,機械,プライム,6273.T,2026-07-02,72680.0,-0.033382098683335526,-0.0034279446044152007,0.11695097587213765,0.17244716889820944,0.27460083435781857,69264.0,70274.5,0.04931854931854929,0.034230054998612536,-0.14049195837275308,0.5448938994717719,407800.0,302895.0,1.3463411413195991,21434852450.0,256,False,jpx_liquidity,JPX流動性
62,8308,りそなホールディングス,銀行業,プライム,8308.T,2026-07-02,2197.0,0.039016315913927624,0.0427147603227338,0.047687172150691515,0.20515633571036762,0.4255710082373907,2148.225,2034.2416666666666,0.022704791164798843,0.08000934008987803,-0.026152482269503508,0.33391288223560955,10956300.0,9836190.0,1.1138764094634204,21236808560.0,256,True,jpx_liquidity,JPX流動性
63,8053,住友商事,卸売業,プライム,8053.T,2026-07-02,1584.0,0.011817310763334365,0.03360522022838497,-0.7661992619926199,-0.7375310687655343,-0.711718808109437,3298.85,5526.35,-0.5198326689603953,-0.7133732029277915,-0.794258994674633,2.607193102834494,14840700.0,8661895.0,1.713331782479469,20854275487.5,256,True,jpx_liquidity,JPX流動性
64,7182,ゆうちょ銀行,銀行業,プライム,7182.T,2026-07-02,3148.0,0.01976028506640759,0.03213114754098356,-0.023875968992248087,0.19764124025109386,0.42303150483981833,3148.95,2941.225,-0.00030168786420869953,0.0703023400113898,-0.04490291262135926,0.352645365689104,4817700.0,6777955.0,0.7107896113208187,20526894220.0,256,True,jpx_liquidity,JPX流動性
65,8002,丸紅,卸売業,プライム,8002.T,2026-07-02,4806.0,0.02956298200514129,0.04319513783373119,-0.03260869565217395,-0.19739478957915835,0.0913976664439744,4829.95,5373.2,-0.004958643464218038,-0.10556093203305295,-0.2295608772654626,0.2830096952584542,4952800.0,4144530.0,1.1950209070751086,20396547830.0,256,True,jpx_liquidity,JPX流動性
66,6361,荏原製作所,機械,プライム,6361.T,2026-07-02,5989.0,-0.04936507936507939,-0.06856438831525768,0.09288321167883207,0.33474481836416303,0.5411734431291817,6030.997485351562,5574.749161783854,-0.006963605183648025,0.07430842647700242,-0.11132106585781276,0.7313760685658002,2787200.0,3305650.0,0.8431624642657268,20305363190.0,256,False,jpx_liquidity,JPX流動性
67,4502,武田薬品工業,医薬品,プライム,4502.T,2026-07-02,5274.0,0.024077669902912602,0.04352987732489111,0.08742268041237122,-0.09100310237849019,0.0915137691397494,5056.95,5228.45,0.04292112834811501,0.008711950960609727,-0.10458404074702887,0.22498598023293923,3538100.0,4049625.0,0.873685835108189,20293120605.0,256,False,jpx_liquidity,JPX流動性
68,6871,日本マイクロニクス,電気機器,プライム,6871.T,2026-07-02,15820.0,-0.09028177113283498,-0.10368271954674224,0.07839127471029306,0.5632411067193677,1.0439276485788112,15519.0,14283.166666666666,0.019395579612088376,0.10759752155801117,-0.10368271954674224,1.0470539490939395,1153000.0,1210810.0,0.9522551019565415,19158661150.0,256,False,jpx_liquidity,JPX流動性
69,8750,第一ライフグループ,保険業,プライム,8750.T,2026-07-02,1824.5,0.01870463428252367,0.06977425974787455,0.10743550834597881,0.23904923599320882,0.3971298753779142,1759.225,1607.1,0.03710440677002658,0.13527471843693606,-0.0054510765876260026,0.24242649252411505,10389700.0,10657850.0,0.9748401413042969,18955049785.0,256,True,jpx_liquidity,JPX流動性
70,8309,三井住友トラストグループ,銀行業,プライム,8309.T,2026-07-02,6260.0,0.02287581699346397,0.046997825723365194,0.09325881942018865,0.22194026937341405,0.3129108581240947,6008.95,5632.033333333334,0.04177934580916798,0.11149910334337498,0.0,0.2585885417373659,2595000.0,3157870.0,0.8217564370920906,18900520960.0,256,False,jpx_liquidity,JPX流動性
71,6479,ミネベアミツミ,電気機器,プライム,6479.T,2026-07-02,4694.0,-0.06082432973189278,-0.10522302706824249,-0.05515297906602257,0.8127051554354123,0.48511327695760786,4718.8,3932.733333333333,-0.005255573450877349,0.1935719007984269,-0.10522302706824249,0.7469493540379241,3382500.0,3936290.0,0.8593116868929881,18781884580.0,256,False,jpx_liquidity,JPX流動性
72,8801,三井不動産,不動産業,プライム,8801.T,2026-07-02,1512.0,0.022312373225152227,0.025084745762711913,0.030323679727427555,-0.10664697193500738,-0.13687029435652043,1503.9,1590.7833333333333,0.0053859964093356805,-0.04952486720378846,-0.2883952909079649,0.2828078164396959,9257700.0,12293060.0,0.753083447083151,18441847305.0,256,True,jpx_liquidity,JPX流動性
73,6787,メイコー,電気機器,プライム,6787.T,2026-07-02,28580.0,-0.03184281842818426,-0.11790123456790125,-0.23378016085790887,0.07161604799400068,1.6725883969749789,32844.0,32887.833333333336,-0.12982584338083059,-0.1309856228493821,-0.34223245109321054,1.025192153910243,365600.0,550310.0,0.6643528193200197,18117461850.0,256,False,jpx_liquidity,JPX流動性
74,7751,キヤノン,電気機器,プライム,7751.T,2026-07-02,4204.0,0.013989387361312167,0.006223073240785082,-0.048653541525231936,-0.06327985739750441,-0.11120507399577162,4235.300866699219,4259.866955566406,-0.007390470638184765,-0.013114718405325965,-0.14708865895719214,0.18004260175815084,3968700.0,4216940.0,0.941132669660939,18068211465.0,256,True,jpx_liquidity,JPX流動性
75,9501,東京電力ホールディングス,電気・ガス業,プライム,9501.T,2026-07-02,457.3999938964844,0.005053807431603552,-0.049459720920179806,-0.15452866192886439,-0.2919504738444514,-0.3629526547402725,493.445002746582,565.4283340454101,-0.07304767228255671,-0.19105576011026337,-0.39815790276778373,0.4264305199562603,24127200.0,37495490.0,0.643469387918387,18025296752.855225,256,True,jpx_liquidity,JPX流動性
76,1605,ＩＮＰＥＸ,鉱業,プライム,1605.T,2026-07-02,3204.0,-0.00031201248049916863,-0.009286011073640688,-0.12171052631578949,-0.31465240641711234,0.028241335044929317,3408.7995483398436,3758.6165161132812,-0.060079668937877306,-0.1475586864836108,-0.3461224489795919,0.3103769086613734,4501300.0,5164665.0,0.8715570128943504,17897164105.0,256,True,jpx_liquidity,JPX流動性
77,7220,武蔵精密工業,輸送用機器,プライム,7220.T,2026-07-02,3950.0,0.0050890585241729624,-0.005037783375314908,-0.5516458569807037,0.424963924963925,0.5317081150841136,4904.5,5086.7,-0.19461718829646246,-0.22346511490750387,-0.5944558521560575,1.1641484868081118,1181200.0,3556665.0,0.33210887165364184,17649962700.0,256,False,jpx_liquidity,JPX流動性
78,4568,第一三共,医薬品,プライム,4568.T,2026-07-02,2641.0,0.024238898584448387,0.02902785895187998,0.10409698996655514,-0.07770211279902217,-0.2417485979668066,2554.7,2651.1666666666665,0.03378087446666944,-0.0038347897152196664,-0.24431750309222777,0.37717550338951283,4718800.0,7273345.0,0.6487798942577315,17411055115.0,256,True,jpx_liquidity,JPX流動性
79,9434,ソフトバンク,情報・通信業,プライム,9434.T,2026-07-02,210.10000610351562,0.01792641626184799,0.03344812075593828,-0.017765254330992408,-0.039762325534265064,-0.008706307286981407,209.65000228881837,216.4683344523112,0.0021464527058641103,-0.02941921443109985,-0.08373308631796372,0.1591291808724529,82530600.0,81496670.0,1.0126867760363705,17184994325.32463,256,True,jpx_liquidity,JPX流動性
80,9101,日本郵船,海運業,プライム,9101.T,2026-07-02,5183.0,0.02027559055118111,-0.01669512426484543,-0.04689223979404189,-0.15914990266061002,0.03244220199940906,5380.65,5577.483333333334,-0.03673348015574318,-0.07072783722646714,-0.17847519416706292,0.2645608208523909,2848600.0,3196405.0,0.8911886947993136,17039193590.0,256,False,jpx_liquidity,JPX流動性
81,4519,中外製薬,医薬品,プライム,4519.T,2026-07-02,7420.0,0.019090784232935087,-0.006309307100942463,-0.01942645698427381,-0.15480123020845193,-0.1286989196806012,7459.091796875,7939.180598958334,-0.005240825282694317,-0.06539473343463842,-0.2902917264466762,0.23453803893274972,2366800.0,2270120.0,1.0425880570190122,17020957650.0,256,False,jpx_liquidity,JPX流動性
82,8802,三菱地所,不動産業,プライム,8802.T,2026-07-02,4089.0,0.027386934673366836,0.026355421686746983,0.040193335029254706,-0.08194881005837451,0.06570472144415485,4063.8,4242.083333333333,0.0062010925734534705,-0.03608682840585398,-0.2256173799327491,0.3651344079815615,3375400.0,4112575.0,0.8207509893436594,16813651885.0,256,False,jpx_liquidity,JPX流動性
83,9104,商船三井,海運業,プライム,9104.T,2026-07-02,5121.0,0.017889087656529412,-0.025499524262607043,-0.0746295627032888,-0.24312740171445457,0.09929551769978895,5449.25,5789.233333333334,-0.06023764738266735,-0.11542691317791076,-0.2585782539452729,0.30725103301489126,2629600.0,3073735.0,0.8555064115806991,16706193755.0,256,False,jpx_liquidity,JPX流動性
84,4901,富士フイルムホールディングス,化学,プライム,4901.T,2026-07-02,3514.0,0.013848817080207798,0.029592733665396942,-0.009582863585118395,0.12917737789203088,0.04568038543585762,3435.45,3244.9333333333334,0.022864544673914633,0.08291901220364051,-0.009582863585118395,0.23783184174808591,4407100.0,4935175.0,0.8929977153799004,16606449645.0,256,True,jpx_liquidity,JPX流動性
85,6902,デンソー,輸送用機器,プライム,6902.T,2026-07-02,1932.5,0.03314621758887992,0.03869927438860521,0.013371788148925035,0.0049401976079042065,-0.09756685119632658,1889.425,1894.0916666666667,0.02279794117257894,0.02027796965124007,-0.14445420088084626,0.23396915955265332,8038400.0,8597990.0,0.9349161838987949,16375267067.5,256,True,jpx_liquidity,JPX流動性
86,6594,ニデック,電気機器,プライム,6594.T,2026-07-02,2678.0,-0.02511831088460137,0.009042954031650341,-0.06494413407821231,0.22619047619047628,0.28011472275334603,2686.7,2576.7833333333333,-0.003238173223657159,0.03928023957518101,-0.07623318385650224,0.4662680782388661,3619300.0,5963280.0,0.6069310849062932,15970424445.0,256,False,jpx_liquidity,JPX流動性
87,8630,ＳＯＭＰＯホールディングス,保険業,プライム,8630.T,2026-07-02,6486.0,0.037760000000000016,0.062407862407862336,0.12331139591271212,0.07794582017616758,0.2088007769331235,6218.15,6009.483333333334,0.04307551281329669,0.07929411568936873,0.0,0.2784358517540821,2470600.0,2577440.0,0.9585480166366628,15865650635.0,256,False,jpx_liquidity,JPX流動性
88,5401,日本製鉄,鉄鋼,プライム,5401.T,2026-07-02,542.0,0.020715630885122405,-0.009140767824497242,0.0027752081406104967,-0.07350427350427347,-0.14996766477658452,549.2199951171875,563.9433319091797,-0.013145907252788525,-0.038910526408553414,-0.20757016583943122,0.25937000556789674,35748000.0,27565800.0,1.296824325795007,15401466753.345337,256,True,jpx_liquidity,JPX流動性
89,7269,スズキ,輸送用機器,プライム,7269.T,2026-07-02,2062.5,0.036171816126601364,0.06506584043377228,0.11126077586206895,0.1255115961800819,-0.12672810512093136,1912.5,1863.3166666666666,0.07843137254901955,0.10689719943827769,-0.12581424587509116,0.314793954343469,12378400.0,7542785.0,1.6410914536209107,15112624585.0,256,True,jpx_liquidity,JPX流動性
90,8604,野村ホールディングス,証券、商品先物取引業,プライム,8604.T,2026-07-02,1458.0,0.012851684612712688,0.03148213654050225,0.08040014820303809,0.15622521808088807,0.10350832342982286,1407.725,1329.1416666666667,0.03571365145891425,0.09694853194730935,-0.0034021682627281002,0.26156553712574965,8388500.0,10530090.0,0.7966218712280712,14790636177.5,256,True,jpx_liquidity,JPX流動性
91,7936,アシックス,その他製品,プライム,7936.T,2026-07-02,4474.0,0.03708854891052393,-0.0070410637508161456,0.025206232813932195,0.03901532745006975,0.16237983891919971,4388.411547851562,4491.620515950521,0.019503287514212042,-0.003922975213054403,-0.08619281045751637,0.3379205733276118,3000500.0,3368490.0,0.8907552048544006,14726223380.0,256,False,jpx_liquidity,JPX流動性
92,6504,富士電機,電気機器,プライム,6504.T,2026-07-02,13430.0,-0.047179851010996754,-0.060181945416375116,-0.1007700033478407,0.24467099165894357,0.121540173519888,14131.25,13817.0,-0.049624060150375904,-0.028008974451762314,-0.22257597684515196,0.5423656480350226,826000.0,1049375.0,0.787135199523526,14543151100.0,256,False,jpx_liquidity,JPX流動性
93,3687,フィックスターズ,情報・通信業,プライム,3687.T,2026-07-02,2336.0,0.0,-0.13095238095238093,-0.27,0.9178981937602628,0.49839640795381657,2547.0,1940.15,-0.08284255987436195,0.20403061618946983,-0.3573590096286108,1.3565235396350674,1428800.0,5753185.0,0.24834939255386365,14466005270.0,256,False,jpx_liquidity,JPX流動性
94,5333,ＮＧＫ,ガラス・土石製品,プライム,5333.T,2026-07-02,7392.0,-0.03498694516971279,-0.05870368012224625,0.16299559471365632,0.7876662636033858,1.1867307926753523,6989.0,5815.783333333334,0.05766204034912015,0.27102396639031134,-0.05870368012224625,0.5920973901637652,1818600.0,2025840.0,0.897701694112072,14291949160.0,256,False,jpx_liquidity,JPX流動性
95,8830,住友不動産,不動産業,プライム,8830.T,2026-07-02,3729.0,0.016630316248636756,0.06756369882622382,0.059977259806708316,-0.18043956043956044,-0.03965184482105588,3563.95,4111.866666666667,0.0463109751820312,-0.09311261714063368,-0.29821404154150843,0.3430463051812827,3350700.0,3985035.0,0.8408207205206478,14079726810.0,256,False,jpx_liquidity,JPX流動性
96,4503,アステラス製薬,医薬品,プライム,4503.T,2026-07-02,2139.5,0.009436187780136773,-0.0034932463903120103,-0.005115089514066473,-0.17298028604561266,0.019699935618539666,2147.9,2299.733333333333,-0.003910796592020205,-0.0696747448979591,-0.19492003762935084,0.19164848740003723,6188700.0,6426115.0,0.9630546605530713,13808837985.0,256,True,jpx_liquidity,JPX流動性
97,8015,豊田通商,卸売業,プライム,8015.T,2026-07-02,6107.0,0.015295095594347385,0.017833333333333368,-0.051118707271597286,0.004275612563723108,0.12057716398416174,6151.9,6468.416666666667,-0.007298558169020919,-0.0558740547016916,-0.17439502501013926,0.31428649656124485,3315900.0,2156195.0,1.5378479219180083,13697049175.0,256,False,jpx_liquidity,JPX流動性
98,6315,ＴＯＷＡ,機械,プライム,6315.T,2026-07-02,3270.0,-0.07627118644067798,-0.03254437869822491,0.01869158878504673,0.402229845626072,0.44248697699168904,3134.55,2911.5666666666666,0.043211944298224614,0.12310668941119896,-0.07627118644067798,0.9504080260571351,3935000.0,4606795.0,0.8541730205055793,13627226515.0,256,True,jpx_liquidity,JPX流動性
99,6324,ハーモニック・ドライブ・システムズ,機械,プライム,6324.T,2026-07-02,8130.0,0.014981273408239737,0.029113924050632844,0.1765557163531115,1.1884253028263796,1.122408563750498,7394.5,6285.666666666667,0.09946581918993846,0.293418889537042,-0.06659012629161887,1.0017632685526479,2363700.0,1769395.0,1.335880343281178,13368132050.0,256,False,jpx_liquidity,JPX流動性
100,5332,ＴＯＴＯ,ガラス・土石製品,プライム,5332.T,2026-07-02,8461.0,0.023962241316713095,-0.04589535408209289,0.05419885372539257,0.6233691481197237,0.9506507468264729,8261.7,6993.433333333333,0.024123364440732376,0.20984923952469692,-0.09168008588298449,0.5834364921305022,1385200.0,1680800.0,0.8241313660161828,13232134835.0,256,False,jpx_liquidity,JPX流動性
101,5108,ブリヂストン,ゴム製品,プライム,5108.T,2026-07-02,3505.0,0.030276308054085765,0.041406266377970624,0.027557900908824484,0.05034462091699132,-0.007082152974504208,3404.4776611328125,3375.909220377604,0.029526508578628707,0.038238818402811514,-0.08173958606235265,0.23989359063453378,3921100.0,3810860.0,1.0289278535553654,13188892165.0,256,True,jpx_liquidity,JPX流動性
102,9107,川崎汽船,海運業,プライム,9107.T,2026-07-02,2481.5,0.026049204052098318,0.014098896608091493,-0.04040989945862339,-0.08024462564862866,0.1648361546905912,2557.3,2562.1,-0.029640636608923576,-0.031458569142500226,-0.11776317445492868,0.3973086053896697,5384500.0,5076325.0,1.0607082879839254,13152074965.0,256,True,jpx_liquidity,JPX流動性
103,6178,日本郵政,サービス業,プライム,6178.T,2026-07-02,2237.5,0.03181922988240715,0.02473093656972747,0.04288044744814723,0.22468527640941427,0.3110116510209664,2206.275,2026.775,0.014152814132417646,0.10397059367714712,-0.03472821397756687,0.2815391728687299,4825100.0,5950405.0,0.8108859817104886,13037460977.5,256,True,jpx_liquidity,JPX流動性
104,7453,良品計画,小売業,プライム,7453.T,2026-07-02,3510.0,0.010944700460829404,-0.004819960306209237,-0.0148751052483862,0.011235955056179803,0.23708317056255312,3554.25,3619.983333333333,-0.012449883941759832,-0.03038227616149236,-0.12599601593625498,0.2612014070514007,4326800.0,3525840.0,1.2271685612506524,12847436985.0,256,True,jpx_liquidity,JPX流動性
105,4661,オリエンタルランド,サービス業,プライム,4661.T,2026-07-02,2505.0,0.03855721393034828,0.046803175929795326,0.1469780219780219,-0.08325709057639519,-0.12153597642744363,2334.2,2349.608333333333,0.07317282152343418,0.06613513599784371,-0.14164431504831243,0.288950426934148,4709600.0,5408270.0,0.8708145118494454,12713723645.0,256,True,jpx_liquidity,JPX流動性
106,3382,セブン＆アイ・ホールディングス,小売業,プライム,3382.T,2026-07-02,2000.0,0.026694045174537884,0.04684637529442548,0.08166576527852887,-0.08256880733944949,-0.10986302626143118,1924.925,1934.5583333333334,0.03900151953972242,0.03382770399789781,-0.14827943504476626,0.23358863483255424,6744100.0,6475965.0,1.0414046400806676,12631716027.5,256,True,jpx_liquidity,JPX流動性
107,9502,中部電力,電気・ガス業,プライム,9502.T,2026-07-02,3108.0,-0.003207184092366866,0.023378333882120517,0.11258278145695355,0.1372118551042809,0.29090747766708436,2887.95,2803.891666666667,0.07619591751934762,0.10845937343038092,-0.003207184092366866,0.265514348594945,4713700.0,4117440.0,1.1448132820393253,12351839055.0,256,True,jpx_liquidity,JPX流動性
108,1801,大成建設,建設業,プライム,1801.T,2026-07-02,14425.0,0.004176818656456582,0.0525355709595039,0.10494063577173507,-0.10012476606363074,-0.047218885644980446,14103.25,15078.416666666666,0.022813890415329885,-0.043334567621489795,-0.2845963983977423,0.553761157039486,509800.0,887330.0,0.5745325865236158,12149821125.0,256,False,jpx_liquidity,JPX流動性
109,4578,大塚ホールディングス,医薬品,プライム,4578.T,2026-07-02,11595.0,0.08720112517580869,0.07656633398139179,0.07610208816705333,0.03342245989304815,0.2813570560282903,10593.845947265625,10909.448649088541,0.09450336145323912,0.06284014646044778,-0.010243277848911658,0.3721345832346641,1927500.0,1099745.0,1.7526790301388049,12135310300.0,256,True,jpx_liquidity,JPX流動性
110,1812,鹿島建設,建設業,プライム,1812.T,2026-07-02,5992.0,0.0057066129573681845,0.05679012345679002,0.09844179651695684,-0.012036273701566347,0.011990049332760044,5769.4,5908.083333333333,0.0385828682358651,0.014203703964907,-0.20971152730924303,0.4802107662583856,2130200.0,2054245.0,1.0369746549218812,11915941525.0,256,False,jpx_liquidity,JPX流動性
111,9412,スカパーＪＳＡＴ,情報・通信業,プライム,9412.T,2026-07-02,2610.0,0.022727272727272707,0.00694444444444442,-0.23572474377745245,-0.14983713355048855,0.2961219915465507,3051.8,3459.6833333333334,-0.14476702274067765,-0.24559569517441382,-0.42888402625820565,0.7841607697328996,2530200.0,4132490.0,0.6122700841381347,11822697795.0,256,False,jpx_liquidity,JPX流動性
112,9022,東海旅客鉄道,陸運業,プライム,9022.T,2026-07-02,3453.0,0.020390070921985748,0.03352289733612701,0.047315741583257465,-0.16634476098503137,-0.21026690192750097,3379.6,3662.75,0.021718546573558983,-0.057265715650808846,-0.27863917371817637,0.26477194200876636,2448300.0,3504285.0,0.6986589275701035,11817801480.0,256,False,jpx_liquidity,JPX流動性
113,3563,ＦＯＯＤ　＆　ＬＩＦＥ　ＣＯＭＰＡＮＩＥＳ,小売業,プライム,3563.T,2026-07-02,4728.0,-0.010464629552113802,-0.04320550440149751,-0.5195610202215222,-0.515126653676546,-0.43261730469218773,6579.775,8806.791666666666,-0.2814343955530394,-0.46314160945860905,-0.5652413793103448,1.7392651678447408,2247400.0,2144060.0,1.048198278033264,11806000270.0,256,False,jpx_liquidity,JPX流動性
114,4980,デクセリアルズ,化学,プライム,4980.T,2026-07-02,4091.0,-0.026647632643350017,-0.18522206731726742,-0.051472293067470476,0.8822176213480561,0.5532143014388107,4385.05,3536.0,-0.06705738817117257,0.15695701357466074,-0.18522206731726742,0.7718242656076144,1906700.0,2667005.0,0.7149217942973485,11698567320.0,256,False,jpx_liquidity,JPX流動性
115,6965,浜松ホトニクス,電気機器,プライム,6965.T,2026-07-02,2648.5,-0.03673395162756865,-0.033217740463588274,-0.09313473720253385,0.43278333784149314,0.5664355213217123,2666.375,2424.75,-0.006703858234494375,0.09227755438705021,-0.10929880612073317,0.6606300536044918,3037000.0,4454250.0,0.6818207330078015,11604293615.0,256,False,jpx_liquidity,JPX流動性
116,7201,日産自動車,輸送用機器,プライム,7201.T,2026-07-02,312.0,0.027329560287638888,0.0331125827814569,-0.11739745403111734,-0.12186881306114594,-0.2055004066678926,324.5949966430664,349.98499806722003,-0.038802189723571745,-0.1085332179293137,-0.3272962306776285,0.3785963713946055,35074300.0,35398095.0,0.9908527563418313,11455831141.421814,256,True,jpx_liquidity,JPX流動性
117,8267,イオン,小売業,プライム,8267.T,2026-07-02,1354.0,0.04314329738058542,0.041538461538461524,0.013852489704230697,-0.3024214322514168,-0.4534553723245006,1347.95,1496.8666666666666,0.004488297043658829,-0.0954438159711396,-0.4555368362397141,0.38184773238459957,8241200.0,8334820.0,0.9887676038594715,11376404160.0,256,True,jpx_liquidity,JPX流動性
118,4755,楽天グループ,サービス業,プライム,4755.T,2026-07-02,742.2000122070312,0.015599376853427271,0.0616507482852795,-0.03245986725509509,-0.005493736638080837,-0.2607569599531562,729.4999969482421,759.4866638183594,0.017409205362464375,-0.02276096794697957,-0.26514850276531554,0.35796500294500855,10821500.0,15784480.0,0.685578492291162,11376218449.48059,256,True,jpx_liquidity,JPX流動性
119,9020,東日本旅客鉄道,陸運業,プライム,9020.T,2026-07-02,3410.0,0.03490136570561453,0.020041878552198522,0.03963414634146334,-0.06318681318681318,-0.17088859314099691,3385.65,3499.3,0.0071921196815973865,-0.025519389592204234,-0.17820312186509368,0.2712755628855781,3174500.0,3348955.0,0.9479076308878441,11270509775.0,256,False,jpx_liquidity,JPX流動性
120,5201,ＡＧＣ,ガラス・土石製品,プライム,5201.T,2026-07-02,6780.0,-0.02544200086244075,-0.052710924438199025,-0.1647160280891955,0.2111468381564845,0.2976076555023923,7166.3702392578125,6484.056746419271,-0.05391435641173725,0.045641681613005636,-0.17528281230993792,0.41881237995549275,979000.0,1607420.0,0.6090505281755857,11080674840.0,256,False,jpx_liquidity,JPX流動性
121,9766,コナミグループ,情報・通信業,プライム,9766.T,2026-07-02,18055.0,0.03319027181688128,0.03883774453394717,-0.07788559754851887,-0.05471204188481671,-0.16302450401639879,18328.75,19308.916666666668,-0.014935552069835656,-0.06493977307547905,-0.1907747112545235,0.3823315755234832,764500.0,591820.0,1.2917779054442229,11073258450.0,256,False,jpx_liquidity,JPX流動性
122,8795,Ｔ＆Ｄホールディングス,保険業,プライム,8795.T,2026-07-02,4904.0,0.018483904465212975,0.045628997867803944,0.18884848484848482,0.18111753371868988,0.36073235244207247,4743.45,4244.016666666666,0.033846672780360354,0.15550912853782384,-0.0160513643659711,0.4317303077329525,1814200.0,2357435.0,0.7695652266128228,11044206325.0,256,False,jpx_liquidity,JPX流動性
123,6779,日本電波工業,電気機器,プライム,6779.T,2026-07-02,3470.0,-0.0771276595744681,-0.12923462986198242,-0.1995386389850058,1.7627388535031847,2.472656208960614,4107.0,2873.0666666666666,-0.15510104699293892,0.20776870243178025,-0.2815734989648033,1.1418193951151625,1327200.0,2764240.0,0.4801319711747171,11016850650.0,256,False,jpx_liquidity,JPX流動性
124,4307,野村総合研究所,情報・通信業,プライム,4307.T,2026-07-02,4836.0,0.06262359920896499,0.13334895711272554,0.019607843137254832,0.08649741631094132,-0.18907718110364646,4536.85,4606.2,0.06593782029381612,0.049889279666536446,-0.21311619201464682,0.4967327082658928,3019000.0,2372005.0,1.2727629157611389,10848502190.0,256,True,jpx_liquidity,JPX流動性
125,7270,ＳＵＢＡＲＵ,輸送用機器,プライム,7270.T,2026-07-02,2501.5,0.039692435577722396,0.04164064126587541,0.01091129521115386,-0.014575536734291905,-0.2571678919792587,2469.4,2464.075,0.012999109095326755,0.015188255227621017,-0.2887558080192454,0.30377668788145845,4179900.0,4375980.0,0.9551917513334156,10833390305.0,256,True,jpx_liquidity,JPX流動性
126,5020,ＥＮＥＯＳホールディングス,石油・石炭製品,プライム,5020.T,2026-07-02,1219.5,0.011613438407299892,0.023929471032745564,-0.05244755244755239,-0.16643882433356116,0.10042384983958175,1228.475,1305.0166666666667,-0.00730580597895758,-0.06552917587259421,-0.20069595256346873,0.2350948218390445,6904700.0,8765040.0,0.787754533921123,10790572532.5,256,True,jpx_liquidity,JPX流動性
127,268A,リガク・ホールディングス,精密機器,プライム,268A.T,2026-07-02,2435.0,-0.09344750558451231,-0.1211233748123618,-0.2068403908794788,0.03177966101694918,0.9511217948717949,2633.864306640625,2646.0381022135416,-0.07550286707604437,-0.07975625975944856,-0.24845679012345678,1.0028306921077734,2077600.0,4227160.0,0.4914883751738756,10760195800.0,256,False,jpx_liquidity,JPX流動性
128,6590,芝浦メカトロニクス,電気機器,プライム,6590.T,2026-07-02,5400.0,0.015037593984962516,0.11917098445595853,0.042471042471042386,0.26909518213866046,0.4125141844372464,4739.0,4878.666666666667,0.1394809031441233,0.10685979775895049,-0.08798662855395512,1.0083891824386233,4659300.0,2092070.0,2.2271243314038247,10739815500.0,256,True,jpx_liquidity,JPX流動性
129,4543,テルモ,精密機器,プライム,4543.T,2026-07-02,2214.5,0.026895432413633236,0.00957374059721916,-0.027021089630931416,0.01489459211732358,-0.014278659906385438,2234.35,2189.3416666666667,-0.008884015485487895,0.011491277819435819,-0.07767596834652224,0.24936747665296402,5058400.0,4740495.0,1.0670615621364437,10609404410.0,256,True,jpx_liquidity,JPX流動性
130,6383,ダイフク,機械,プライム,6383.T,2026-07-02,7240.0,-0.016437983969569303,0.024869086153928466,0.059098888238736214,0.23108314912429861,0.4448213929355418,6938.549096679688,6867.8163655598955,0.04344581253515467,0.05419242662143642,-0.06568589495418764,0.3747811369714084,1546000.0,1525315.0,1.0135611332741106,10555917560.0,256,False,jpx_liquidity,JPX流動性
131,5344,ＭＡＲＵＷＡ,ガラス・土石製品,プライム,5344.T,2026-07-02,73070.0,-0.010427952329360779,0.05775911986103077,-0.039563617245005234,0.3020313613684962,0.6262870879329869,69344.5,70249.16666666667,0.053724520329658354,0.04015468748146467,-0.07751546521903796,0.6270024698648142,176800.0,148095.0,1.1938282858975657,10542190150.0,256,False,jpx_liquidity,JPX流動性
132,4452,花王,化学,プライム,4452.T,2026-07-02,3267.0,0.02639019792648445,0.07251488413803675,-0.44125192406362235,-0.46791530944625404,-0.47769784172661867,4107.338073730469,5361.129357910157,-0.20459432816233603,-0.3906134730400308,-0.5167159763313609,1.8039581539231115,3475200.0,2761700.0,1.2583553608284752,10450747945.0,256,False,jpx_liquidity,JPX流動性
133,1925,大和ハウス工業,建設業,プライム,1925.T,2026-07-02,4458.0,0.01525848326121615,0.02459204780510227,0.05464868701206527,-0.10964649490712997,-0.1305213538330029,4342.95,4567.183333333333,0.026491209891893908,-0.023906054424499446,-0.20346011251909013,0.20192779584245224,1870700.0,2403235.0,0.7784091027302782,10279642730.0,256,False,jpx_liquidity,JPX流動性
134,8473,ＳＢＩホールディングス,証券、商品先物取引業,プライム,8473.T,2026-07-02,2652.0,-0.003943661971830936,-0.031232876712328772,-0.07110332749562176,-0.10040705563093621,-0.21375795038693635,2803.975,2964.9583333333335,-0.0541998412967305,-0.10555235458620837,-0.28785401632509955,0.3129107744947419,5464800.0,3497110.0,1.5626617406944592,10072951157.5,256,True,jpx_liquidity,JPX流動性
135,3086,Ｊ．フロント　リテイリング,小売業,プライム,3086.T,2026-07-02,3302.0,-0.011968880909634994,0.028019925280199143,0.5036429872495447,0.30875941339674995,0.507277451884945,2746.05,2478.6,0.20245443455144652,0.3322036633583476,-0.08708874758086815,0.7085729826199099,2077200.0,3382210.0,0.6141546503617458,9904371637.5,256,False,jpx_liquidity,JPX流動性
136,1928,積水ハウス,建設業,プライム,1928.T,2026-07-02,3422.0,0.01754385964912286,0.043292682926829196,0.03885853066180944,-0.03876404494382024,-0.0021878311369951664,3292.2,3383.6833333333334,0.03942652329749108,0.011323951709429014,-0.10559330893883956,0.2303372876388101,2666900.0,3183055.0,0.8378428899280722,9803264020.0,256,False,jpx_liquidity,JPX流動性
137,6988,日東電工,化学,プライム,6988.T,2026-07-02,3233.0,0.012527403695584027,0.0062247121070651,0.056881333769205566,0.04695595854922274,-0.12325371486251546,3110.8,3126.3333333333335,0.03928249967853925,0.03411877598891144,-0.14304898864212312,0.23926893933393673,2632600.0,3069045.0,0.8577912673160544,9544256640.0,256,False,jpx_liquidity,JPX流動性
138,4186,東京応化工業,化学,プライム,4186.T,2026-07-02,10640.0,-0.0650263620386643,-0.07267747000727787,0.009966777408637828,0.3814593612048818,0.771856786011657,10644.61953125,10146.823177083334,-0.00043397805214540064,0.048604062011301075,-0.08433734939759041,0.5830859943407614,623300.0,901515.0,0.6913917128389433,9474879685.0,256,False,jpx_liquidity,JPX流動性
139,6326,クボタ,機械,プライム,6326.T,2026-07-02,2682.5,0.008269122345423874,-0.017027336833768336,-0.07817869415807566,0.06448412698412698,0.1964763603925066,2761.8342895507812,2730.8114298502605,-0.028725217096093436,-0.017691236136692767,-0.17257865515114124,0.3042694473466605,2963200.0,3402975.0,0.8707674902107715,9439686680.0,256,False,jpx_liquidity,JPX流動性
140,9735,セコム,サービス業,プライム,9735.T,2026-07-02,6497.0,0.026382306477093165,0.019297144650141096,0.024117276166456536,0.06108116936142416,0.18330274700667237,6439.05,6200.783333333334,0.008999774811501604,0.04777084615653382,-0.016202301635372507,0.20100555079891774,1741600.0,1419695.0,1.2267423636767052,9345030055.0,256,False,jpx_liquidity,JPX流動性
141,2502,アサヒグループホールディングス,食料品,プライム,2502.T,2026-07-02,1544.0,0.02082644628099173,0.0025974025974024872,0.037634408602150504,-0.05853658536585371,-0.07239411234604987,1522.95,1550.4583333333333,0.01382185889228138,-0.004165434952030256,-0.10854503464203236,0.2379457843541095,5856600.0,6013365.0,0.973930569656091,9304516527.5,256,True,jpx_liquidity,JPX流動性
142,1802,大林組,建設業,プライム,1802.T,2026-07-02,3274.0,0.00831536803202959,0.050368944497914736,0.06057661159701966,-0.13454929949775307,0.00028292223084736,3184.0,3432.75,0.0282663316582914,-0.04624572136042526,-0.24956135869180185,0.38870188741591366,2330700.0,2920180.0,0.7981357313590258,9267142045.0,256,False,jpx_liquidity,JPX流動性
143,7911,ＴＯＰＰＡＮホールディングス,その他製品,プライム,7911.T,2026-07-02,5199.0,-0.010468214693566846,-0.002685593708037559,0.2215695488721805,0.20878865380144163,0.12306519410395489,4701.35,4689.883333333333,0.1058525742605847,0.10855636067706032,-0.10123925818393731,0.7285810548850972,1107100.0,2019915.0,0.5480923702234995,9243164275.0,256,False,jpx_liquidity,JPX流動性
144,5334,日本特殊陶業,ガラス・土石製品,プライム,5334.T,2026-07-02,10760.0,-0.0023180343069076903,-0.009208103130755041,0.052322738386308076,0.4316125598722724,0.5671209317239854,10497.2,9478.333333333334,0.025035247494569868,0.1352206787409882,-0.0146520146520146,0.3107767945526151,669300.0,867055.0,0.7719233497298326,9093978435.0,256,False,jpx_liquidity,JPX流動性
145,2503,キリンホールディングス,食料品,プライム,2503.T,2026-07-02,2776.5,0.01554498902706647,-0.0005751778547474773,0.056707897240723115,0.09311023622047254,0.17498942022852315,2731.7006713867186,2646.3752237955728,0.016399794121857214,0.0491709471258559,-0.019943522767384425,0.2094500127906124,2216900.0,3323055.0,0.6671270863708244,9038190180.0,256,False,jpx_liquidity,JPX流動性
146,9201,日本航空,空運業,プライム,9201.T,2026-07-02,3011.0,0.05501051156271908,0.06924715909090917,0.137084592145015,0.14552025870268204,0.04127738902547762,2768.825,2640.3083333333334,0.0874648993706717,0.14039711271095223,-0.04952790273769858,0.3544745716699157,7506700.0,3020470.0,2.485275470373816,9017042595.0,256,True,jpx_liquidity,JPX流動性
147,9503,関西電力,電気・ガス業,プライム,9503.T,2026-07-02,2291.0,0.009251101321585908,-0.007365684575389997,-0.017160017160017138,-0.14959168522642907,-0.06829279674416555,2310.775,2383.016666666667,-0.008557734959050545,-0.03861352207635993,-0.17456619128837692,0.19455239622850046,6925900.0,3666160.0,1.889142863377485,8779039677.5,256,True,jpx_liquidity,JPX流動性
148,6645,オムロン,電気機器,プライム,6645.T,2026-07-02,5885.0,-0.0194935021659447,0.00926084719602116,-0.055680359435173354,0.3290424570912376,0.49006065153435086,5788.1,5539.133333333333,0.016741244968124125,0.062440574337742305,-0.06170280612244894,0.5139971375246372,1294100.0,1550910.0,0.8344133444235965,8758094680.0,256,False,jpx_liquidity,JPX流動性
149,3407,旭化成,化学,プライム,3407.T,2026-07-02,1783.5,0.0005610098176718203,-0.0058528428093646,-0.0013997760358342992,0.1432692307692307,0.27384160348288167,1780.325,1686.9833333333333,0.0017833822476231997,0.057212578666060665,-0.04014058075624827,0.1871739380592786,4101200.0,4942695.0,0.8297497620225404,8755761392.5,256,True,jpx_liquidity,JPX流動性
150,3099,三越伊勢丹ホールディングス,小売業,プライム,3099.T,2026-07-02,3990.0,-0.0015015015015015232,-0.03436592449177156,0.15451388888888884,0.30691123485096616,0.7455115907538845,3842.05,3405.516666666667,0.03850808813003459,0.17162838727359042,-0.04201680672268904,0.3385753773706255,2314900.0,2178060.0,1.0628265520692726,8468596995.0,256,False,jpx_liquidity,JPX流動性
151,5631,日本製鋼所,機械,プライム,5631.T,2026-07-02,7930.0,0.01238350568109281,-0.0018879798615480947,0.08988455195162182,-0.16640386839062338,-0.007519940179766205,7746.25,8433.233333333334,0.023721155397773197,-0.059672644339656244,-0.23313134884613484,0.6131067061657944,829200.0,1085105.0,0.7641656798190037,8440300745.0,256,False,jpx_liquidity,JPX流動性
152,5411,ＪＦＥホールディングス,鉄鋼,プライム,5411.T,2026-07-02,1571.0,0.011916264090177098,0.016170763260025867,-0.01873828856964399,-0.151269584008644,-0.20997742938580033,1589.625,1676.125,-0.011716599827003238,-0.06271906928182569,-0.3196562891988568,0.20322021420571554,5976000.0,5278290.0,1.1321848553224625,8436739110.0,256,True,jpx_liquidity,JPX流動性
153,7532,パン・パシフィック・インターナショナルホールディングス,小売業,プライム,7532.T,2026-07-02,820.7000122070312,0.03414823267992806,0.006727815970200002,-0.0065366947566801725,-0.13683211743400447,-0.10530903398173785,827.2168273925781,874.7872731526693,-0.007878001232262344,-0.06182904416374457,-0.2246575227141887,0.24641471369332973,8356400.0,10187615.0,0.8202508634258362,8411613086.716003,256,True,jpx_liquidity,JPX流動性
154,8697,日本取引所グループ,その他金融業,プライム,8697.T,2026-07-02,2124.5,0.027072758037224975,0.04758382642998038,0.04193231976459044,0.12615955473098328,0.2557507336917817,2095.25,1965.0083333333334,0.013960147953704816,0.08116589836345045,-0.059331414655744985,0.3858629598782691,4650100.0,3979795.0,1.168427016969467,8400461290.0,256,True,jpx_liquidity,JPX流動性
155,8729,ソニーフィナンシャルグループ,保険業,プライム,8729.T,2026-07-02,146.3000030517578,0.01597224341498471,0.06400002219460221,0.03392228305129197,-0.010148849587470643,-0.10162618499371046,141.40500106811524,142.15666605631512,0.03461689435782134,0.02914627298449246,-0.15569028112551653,0.2695717233250527,55756200.0,58675820.0,0.9502415134547757,8334533409.009094,185,True,jpx_liquidity,JPX流動性
156,6532,ベイカレント,サービス業,プライム,6532.T,2026-07-02,6555.0,0.042461832061068794,0.1905194333454414,0.11917363838142392,0.38671461815104724,0.03407804097770262,5753.4,5490.616666666667,0.1393263113984775,0.1938549707531334,-0.07861824307931087,0.5092221854353917,2776700.0,1343220.0,2.067196736201069,8196572975.0,256,False,jpx_liquidity,JPX流動性
157,6323,ローツェ,機械,プライム,6323.T,2026-07-02,4701.0,-0.07460629921259843,-0.02791563275434239,0.06261301989150092,0.7417562060022231,0.9522009599550985,4483.85,4005.725,0.04842936315889235,0.1735703274688103,-0.07460629921259843,0.865793295084826,1728900.0,1884855.0,0.9172588872884121,8183518430.0,256,False,jpx_liquidity,JPX流動性
158,7733,オリンパス,精密機器,プライム,7733.T,2026-07-02,1718.0,0.04374240583232081,0.050443289513910194,-0.08714133900106269,0.10838709677419356,-0.13867778404263387,1700.6,1683.2416666666666,0.010231682935434527,0.020649639336795644,-0.1704804484473138,0.3525552972764088,3453700.0,4881310.0,0.7075354771567468,8159959865.0,256,False,jpx_liquidity,JPX流動性
159,7832,バンダイナムコホールディングス,その他製品,プライム,7832.T,2026-07-02,3891.0,0.013545194060953447,0.042883945322969685,0.046248991664425976,-0.02162433995473978,-0.06613402685262182,3695.35,3751.0666666666666,0.05294491726088202,0.03730494437137888,-0.07598962953978672,0.20366069332585204,1953900.0,2236050.0,0.8738176695512175,8106683165.0,256,False,jpx_liquidity,JPX流動性
160,4911,資生堂,化学,プライム,4911.T,2026-07-02,2712.0,0.030003797949107458,0.09759502102092665,0.07725918570009926,-0.1988183161004431,0.17428014721801266,2559.9670288085936,2888.0140096028645,0.05938864426006396,-0.06094638357625848,-0.2262482168330956,0.303073222042348,2968000.0,3138260.0,0.9457470063028557,8085175735.0,256,False,jpx_liquidity,JPX流動性
161,5838,楽天銀行,銀行業,プライム,5838.T,2026-07-02,5328.0,0.04001561585008795,0.0656000000000001,0.07527749747729562,-0.11333000499251122,-0.23569071869172287,5090.95,5685.333333333333,0.046563018690028324,-0.06285178236397748,-0.41366787718719045,0.48948984902824794,1166100.0,1662495.0,0.7014156433553184,8051399140.0,256,False,jpx_liquidity,JPX流動性
162,8303,ＳＢＩ新生銀行,銀行業,プライム,8303.T,2026-07-02,1412.0,0.032918800292611516,0.012186379928315505,-0.004231311706629048,-0.18168646769052443,-0.1724805579034836,1428.05,1551.5583333333334,-0.011239102272329382,-0.08994720361786812,-0.31890278327018406,0.4182367095156329,3997000.0,5718950.0,0.6989045191862142,7968291130.0,141,True,jpx_liquidity,JPX流動性
163,7729,東京精密,精密機器,プライム,7729.T,2026-07-02,19110.0,-0.08652007648183557,-0.047357926221335944,0.04283765347885393,0.3586917881265552,0.674515988888382,19008.0,17616.25,0.005366161616161547,0.08479386929681398,-0.08652007648183557,0.7342812591481382,638400.0,406580.0,1.570170692114713,7958550525.0,256,False,jpx_liquidity,JPX流動性
164,1803,清水建設,建設業,プライム,1803.T,2026-07-02,2573.0,0.005274467669466709,0.03395619851316045,0.04466098254161599,-0.10566562391379908,-0.04027403757016035,2529.35,2727.141666666667,0.017257398145768654,-0.05652132727489412,-0.2682693169567608,0.4670175240857731,2648600.0,3171760.0,0.8350568769389866,7936968337.5,256,False,jpx_liquidity,JPX流動性
165,7003,三井Ｅ＆Ｓ,機械,プライム,7003.T,2026-07-02,4353.0,0.0614484272128748,0.059381844731078104,0.050941574118783306,-0.2664307381193124,-0.23066652398885734,4203.95,4916.016666666666,0.03545475088904482,-0.11452700526510284,-0.4608324521028423,0.4620218691080529,3103100.0,1914505.0,1.6208367175849632,7932492020.0,256,True,jpx_liquidity,JPX流動性
166,3197,すかいらーくホールディングス,小売業,プライム,3197.T,2026-07-02,2819.5,0.01475616339751662,0.007734795830831587,0.06657839984868552,-0.18886651323360182,-0.15228502705953095,2743.697961425781,2919.6159871419272,0.02762769067147164,-0.03429080659334682,-0.241049798115747,0.26298117679380956,1423900.0,2958880.0,0.4812293840912778,7862870717.5,256,False,jpx_liquidity,JPX流動性
167,9843,ニトリホールディングス,小売業,プライム,9843.T,2026-07-02,2353.5,0.018831168831168865,-0.01814768460575722,-0.14090162438401166,-0.010718789407313967,-0.11733433198521437,2506.425,2455.866666666667,-0.06101319608605893,-0.041682501764482405,-0.31022455774295965,0.35987416561376606,3091400.0,3236940.0,0.9550377825971442,7848731807.5,256,False,jpx_liquidity,JPX流動性
168,9021,西日本旅客鉄道,陸運業,プライム,9021.T,2026-07-02,2700.0,0.018483591097699037,0.023696682464454888,0.0933387325369508,-0.15413533834586468,-0.11488637512308253,2617.325,2770.9416666666666,0.03158759420400603,-0.025602006538090194,-0.21913591491835072,0.20796339299223504,2392300.0,3060785.0,0.7815968779251075,7787118567.5,256,False,jpx_liquidity,JPX流動性
169,6754,アンリツ,電気機器,プライム,6754.T,2026-07-02,4420.0,-0.057167235494880564,-0.03048914235577982,-0.04576856649395511,0.4723517654896736,0.9526501493906274,4270.05,4078.1,0.035116684816336896,0.08383806184252474,-0.07453936348408707,0.7005074310691509,1660200.0,1796880.0,0.9239348203552825,7763487280.0,256,False,jpx_liquidity,JPX流動性
170,6278,ユニオンツール,機械,プライム,6278.T,2026-07-02,21540.0,-0.05774278215223094,-0.0819064014844697,-0.05110132158590308,0.5105189340813465,1.48729792147806,23505.330859375,20191.610286458334,-0.08361213339786433,0.06677970178762682,-0.1850170261066969,0.6144583079700658,166100.0,335030.0,0.49577649762707815,7748431850.0,256,False,jpx_liquidity,JPX流動性
171,8601,大和証券グループ本社,証券、商品先物取引業,プライム,8601.T,2026-07-02,1647.0,0.009500459699662844,0.03617489776659322,0.07471451876019586,0.08426596445029633,0.20917675716222783,1591.3,1532.4,0.035002827876578824,0.0747846515270163,0.0,0.2092712521658426,5103100.0,4770070.0,1.0698165855008417,7726838052.5,256,True,jpx_liquidity,JPX流動性
172,9697,カプコン,情報・通信業,プライム,9697.T,2026-07-02,3216.0,0.06525339516396156,0.11318795430944961,0.14143744454303464,-0.045980421239988134,-0.11650591576637626,2908.25,3178.5583333333334,0.10581965099286506,0.01177944927863006,-0.17688698831141103,0.3811063209581616,2743000.0,2671210.0,1.0268754609334347,7681540967.5,256,True,jpx_liquidity,JPX流動性
173,2413,エムスリー,サービス業,プライム,2413.T,2026-07-02,1853.0,0.04306220095693769,0.0625,0.19935275080906156,0.14065866420437056,-0.09364001154760271,1684.025,1550.9416666666666,0.10033995932364426,0.1947580233514048,-0.1291464970462256,0.2896952588598023,4247300.0,4541875.0,0.9351424246594193,7598224555.0,256,True,jpx_liquidity,JPX流動性
174,6997,日本ケミコン,電気機器,プライム,6997.T,2026-07-02,5140.0,-0.11226252158894645,-0.14046822742474918,0.039433771486349745,2.4871099050203527,2.4675232218156395,5123.5,3693.016666666667,0.0032204547672489703,0.3918160853141739,-0.14046822742474918,1.1581442145551262,1062600.0,1485345.0,0.7153893539884674,7535532100.0,256,False,jpx_liquidity,JPX流動性
175,2801,キッコーマン,食料品,プライム,2801.T,2026-07-02,1644.5,0.023972602739726012,0.00488848151542931,0.1341379310344828,0.05551989730423612,0.17397964790224263,1581.275,1492.225,0.03998355757221228,0.1020456030424366,-0.014088729016786594,0.3518604045106442,3358800.0,4785285.0,0.7019017676063182,7389820185.0,256,False,jpx_liquidity,JPX流動性
176,4523,エーザイ,医薬品,プライム,4523.T,2026-07-02,4188.0,0.019226089072767127,0.06052165105089902,0.09777195281782447,-0.16689874676745575,-0.11079133647574113,3901.2,4343.7,0.07351584127960642,-0.035845016921058015,-0.1888436955258571,0.2516559770279736,1778100.0,1879305.0,0.9461476450070638,7357059800.0,256,False,jpx_liquidity,JPX流動性
177,4507,塩野義製薬,医薬品,プライム,4507.T,2026-07-02,2782.5,0.018671059857221284,0.023542394702961156,-0.015566955598797061,-0.21883773161145426,-0.01818158323767516,2794.775,3025.0416666666665,-0.004392124589636004,-0.08017795898128122,-0.2328370554177006,0.2365517139387134,2776300.0,2591570.0,1.071281115308481,7287088630.0,256,False,jpx_liquidity,JPX流動性
178,9202,ＡＮＡホールディングス,空運業,プライム,9202.T,2026-07-02,3083.0,0.042787079316759735,0.03041443850267389,0.09500976735926114,0.04757050628610271,0.04985859961743411,2936.5,2857.15,0.04988932402520008,0.07904730238174396,-0.07385381785442457,0.29252518707274683,4148400.0,2376230.0,1.7457906010781785,7276183532.5,256,True,jpx_liquidity,JPX流動性
179,7272,ヤマハ発動機,輸送用機器,プライム,7272.T,2026-07-02,1233.5,0.013974517057131042,0.012852769053199875,-0.017522899243329393,0.041807432432432456,0.04889455782312924,1215.0900939941407,1197.0216979980469,0.015151062540016191,0.030474219525812307,-0.06940777065258397,0.23906257103008585,6976800.0,5802870.0,1.2023016197157614,7268863685.0,256,True,jpx_liquidity,JPX流動性
180,4204,積水化学工業,化学,プライム,4204.T,2026-07-02,2606.0,0.006371886464568544,0.023365403494993053,0.09795660417105534,-0.015861027190332333,-0.011472526955543905,2466.6,2445.8166666666666,0.05651504094705273,0.06549278018930282,-0.13337907496520862,0.19261635570043342,1761500.0,3007190.0,0.5857627885168546,7222529697.5,256,False,jpx_liquidity,JPX流動性
181,4385,メルカリ,情報・通信業,プライム,4385.T,2026-07-02,4189.0,0.06617459913463986,0.07190378710337764,0.11557922769640472,0.057027504415846586,0.3404799999999999,3863.25,3943.4333333333334,0.08432019672555491,0.06227230078696233,-0.011795234725171078,0.45714757914920684,2612500.0,1814445.0,1.4398342192791735,7180945075.0,256,True,jpx_liquidity,JPX流動性
182,7261,マツダ,輸送用機器,プライム,7261.T,2026-07-02,1113.5,0.018755718206770355,0.01968864468864462,-0.010222222222222244,0.0758454106280193,-0.08144307556224373,1113.2,1082.7133341471354,0.00026949335249737416,0.02843473418300113,-0.17604414307314364,0.31826106907124546,5960200.0,6509730.0,0.9155832884005942,7123115507.5,256,True,jpx_liquidity,JPX流動性
183,4188,三菱ケミカルグループ,化学,プライム,4188.T,2026-07-02,1129.5,0.01300448430493284,0.03150684931506853,0.03150684931506853,0.226384364820847,0.2362943572881746,1090.325,1028.284999593099,0.0359296540022469,0.09843088292346258,-0.01525719267654757,0.3519325547605357,4771600.0,6447585.0,0.7400600379832138,7050628090.0,256,True,jpx_liquidity,JPX流動性
184,4182,三菱瓦斯化学,化学,プライム,4182.T,2026-07-02,4848.0,-0.060100814269096525,-0.0805992793476199,-0.08129619101762364,0.2734436564223799,0.7171994787541467,5057.35,4787.616666666667,-0.04139519708938477,0.012612399349711145,-0.14421888790820825,0.6719249680927643,1862900.0,1351185.0,1.3787157199051203,7049792985.0,256,False,jpx_liquidity,JPX流動性
185,9024,西武ホールディングス,陸運業,プライム,9024.T,2026-07-02,3280.0,0.03502682234143273,0.08681245858184239,0.23773584905660372,-0.2711111111111111,-0.242344708885202,2987.9,3395.5916666666667,0.0977609692426118,-0.03404168640222249,-0.29620879720144766,0.3966451517903117,1745200.0,2414095.0,0.7229210118077375,7027081330.0,256,False,jpx_liquidity,JPX流動性
186,6113,アマダ,機械,プライム,6113.T,2026-07-02,3026.0,-0.01046435578809679,-0.020077720207253846,0.025936599423631135,0.35361216730038025,0.6291955298156877,2990.475,2781.775,0.01187938370994579,0.08779466347925324,-0.027634961439588657,0.5449550374097261,2691100.0,2322945.0,1.1584863180144171,7003073117.5,256,False,jpx_liquidity,JPX流動性
187,4689,ＬＩＮＥヤフー,情報・通信業,プライム,4689.T,2026-07-02,436.0,0.022034678298160637,0.0641932804719536,0.07257072570725698,0.10885042335765038,0.06935107804863927,412.93999938964845,415.31166687011716,0.05584346550209651,0.04981399459782776,-0.02852047268520297,0.21471120876595007,16346700.0,16620215.0,0.9835432333456576,6749609704.014587,256,True,jpx_liquidity,JPX流動性
188,9147,ＮＩＰＰＯＮ　ＥＸＰＲＥＳＳホールディングス,陸運業,プライム,9147.T,2026-07-02,5186.0,0.028152260111022898,0.05454238199912442,0.019461372125024523,0.3752320339432511,0.5329589122080993,5070.85517578125,4612.88505859375,0.02270718058931931,0.12424218989340385,-0.018360779859928122,0.2329620383816606,1051200.0,1345865.0,0.781059021521475,6746122790.0,256,False,jpx_liquidity,JPX流動性
189,6841,横河電機,電気機器,プライム,6841.T,2026-07-02,5584.0,-0.022751137556877854,0.0008962179602078901,0.05100696405044225,0.13265720081135912,0.09208486113534309,5329.1,5266.35,0.04783171642491224,0.06031691778936077,-0.09765284665427876,0.43450428245822426,1179100.0,1266165.0,0.9312372400121627,6720199075.0,256,False,jpx_liquidity,JPX流動性
190,6996,ニチコン,電気機器,プライム,6996.T,2026-07-02,4295.0,-0.09958071278825997,-0.04872646733111852,-0.009227220299884653,1.3690016547159405,1.618770281070574,4315.0,3252.45,-0.004634994206257237,0.32054297529554643,-0.09958071278825997,0.9964920225094649,1571900.0,1587925.0,0.9899082135491286,6674130775.0,256,False,jpx_liquidity,JPX流動性
191,6269,三井海洋開発,機械,プライム,6269.T,2026-07-02,9057.0,0.003990688393747943,-0.05186871775495017,-0.07985370313928686,-0.4051231527093596,-0.2809051210797936,9708.579736328125,11504.576578776041,-0.06711380593497174,-0.21274808003724344,-0.4384996900185989,0.4098818431330702,513800.0,701765.0,0.7321539261718667,6632002380.0,256,False,jpx_liquidity,JPX流動性
192,1944,きんでん,建設業,プライム,1944.T,2026-07-02,7837.0,0.0035856063516455094,-0.039818671894143565,0.1941185433490782,0.08983451536643017,0.12868404056860872,7602.2,7406.6,0.030885796216884698,0.05811033402640886,-0.08070381231671553,0.4369438910285952,558600.0,876225.0,0.6375074895146795,6620185290.0,256,False,jpx_liquidity,JPX流動性
193,5101,横浜ゴム,ゴム製品,プライム,5101.T,2026-07-02,7570.0,0.02532845726669386,0.0074705622416886275,0.09503833357442493,0.2572662348447101,0.2553897180762852,7355.58642578125,6806.712141927083,0.02914975935395625,0.11213752574775682,-0.05161613630669004,0.4819919269109007,1058600.0,862210.0,1.2277751359877525,6555114935.0,256,False,jpx_liquidity,JPX流動性
194,9531,東京瓦斯,電気・ガス業,プライム,9531.T,2026-07-02,6006.0,0.0031735426757975027,-0.010217534607778522,-0.034249879401833105,-0.1835236541598695,-0.03294163931580418,6187.7,6524.533333333334,-0.029364707403397028,-0.07947439408182455,-0.23001928036657737,0.15710210038763586,811300.0,1058955.0,0.7661326496404475,6489066490.0,256,False,jpx_liquidity,JPX流動性
195,5805,ＳＷＣＣ,非鉄金属,プライム,5805.T,2026-07-02,12590.0,-0.033768227168073706,-0.09942775393419168,-0.1662251655629139,-0.014095536413469056,0.16005897763107946,13496.5,14485.833333333334,-0.06716556144185526,-0.13087499280906634,-0.33841303205465056,0.5861710055159856,398100.0,476520.0,0.8354318811382523,6482898550.0,256,False,jpx_liquidity,JPX流動性
196,3092,ＺＯＺＯ,小売業,プライム,3092.T,2026-07-02,1151.5,0.025835189309576734,0.026292335115864596,0.11850412821758138,0.016328331862312417,-0.08356706219386534,1111.225,1070.136666870117,0.03624378501203629,0.07603078714034761,-0.10044681619028051,0.3253319402992907,4208000.0,5828220.0,0.722004316926952,6406035182.5,256,True,jpx_liquidity,JPX流動性
197,1942,関電工,建設業,プライム,1942.T,2026-07-02,6643.0,-0.012340172465060917,-0.004495729057395481,0.14811614241272042,0.08670047439882222,0.28948136645256284,6398.75,6400.033333333334,0.03817151787458495,0.03796334394091683,-0.09569833923223525,0.4499215919357273,928000.0,993040.0,0.9345041488761782,6294562280.0,256,False,jpx_liquidity,JPX流動性
198,6481,ＴＨＫ,機械,プライム,6481.T,2026-07-02,7433.0,-0.02785770337431337,-0.05027707247855684,-0.047905725630844165,0.4973811442385174,0.8362154150197629,7454.608715820313,6802.302905273437,-0.00289870557182359,0.09271817258205584,-0.08191134019325308,0.5296856712721778,798300.0,851385.0,0.9376486548388802,6281808535.0,256,False,jpx_liquidity,JPX流動性
199,4684,オービック,情報・通信業,プライム,4684.T,2026-07-02,3936.0,0.046251993620414655,0.06753458096013021,-0.0058095478656226,-0.0010152284263958977,-0.18648123803704975,3835.15,4026.233333333333,0.026296233524112367,-0.02241135221505619,-0.19011963248524377,0.2765910072173994,2001500.0,1618555.0,1.2365968410094188,6242579160.0,256,False,jpx_liquidity,JPX流動性
200,7186,横浜フィナンシャルグループ,銀行業,プライム,7186.T,2026-07-02,1780.0,0.02357676825761934,0.041240128692600075,0.08569685879841415,0.21212121212121215,0.37045470202363906,1724.425,1611.0083333333334,0.03222813401568647,0.10489807108384497,-0.02036323610346724,0.32392372725535656,2767400.0,3582380.0,0.7725031961991748,6165094150.0,256,False,jpx_liquidity,JPX流動性
201,6674,ジーエス・ユアサ　コーポレーション,電気機器,プライム,6674.T,2026-07-02,6602.0,-0.009749512524373727,-0.07392341141815117,-0.08114126652748788,0.12681344939409445,0.7568493255256603,6757.35,6536.75,-0.022989781497184558,0.009982024706467252,-0.12172409205800183,0.6222266983980356,742000.0,941555.0,0.7880580529018485,6119000245.0,256,False,jpx_liquidity,JPX流動性
202,7202,いすゞ自動車,輸送用機器,プライム,7202.T,2026-07-02,2232.0,0.03597122302158273,0.029282914456997933,0.018015963511972544,-0.02447552447552448,-0.07717483796532287,2191.85,2244.7916666666665,0.01831785934256458,-0.005698375870069494,-0.21978036045382132,0.4191064375752267,2868300.0,2767370.0,1.0364714512334816,6118593337.5,256,False,jpx_liquidity,JPX流動性
203,4005,住友化学,化学,プライム,4005.T,2026-07-02,521.7999877929688,-0.0007660367765444098,0.0023050562107318484,-0.12243523508595733,-0.013424156349698513,0.1717161680233965,544.3200012207031,549.0266677856446,-0.041372746504318325,-0.04959081514653474,-0.16324565711747663,0.3323425971094859,11616500.0,11148130.0,1.0420133242077372,6118503427.573242,256,True,jpx_liquidity,JPX流動性
204,4704,トレンドマイクロ,情報・通信業,プライム,4704.T,2026-07-02,6261.0,0.05015095605501507,0.0988065988065987,0.005783132530120527,0.177765237020316,-0.027190801740211268,5934.15,5817.4,0.05507949748489671,0.07625399663079735,-0.06244384546271342,0.53386205097181,1102100.0,1023605.0,1.076684854020838,6108845270.0,256,True,jpx_liquidity,JPX流動性
205,8593,三菱ＨＣキャピタル,その他金融業,プライム,8593.T,2026-07-02,1330.0,0.01681957186544336,0.02111324376199608,0.05681366706396496,-0.09493024838380404,0.030025552676243183,1310.65,1367.1583333333333,0.014763666882844362,-0.02717924649059178,-0.12298054731289154,0.15369744998939586,4069700.0,4703660.0,0.8652198500741975,6087868227.5,256,True,jpx_liquidity,JPX流動性
206,6134,ＦＵＪＩ,機械,プライム,6134.T,2026-07-02,8450.0,-0.053963278101209156,-0.001536098310291889,0.08500256805341544,0.7188771358828316,1.2882708795660198,8064.8,7130.65,0.04776311873822037,0.18502520808060985,-0.053963278101209156,0.6162895530997653,996900.0,745415.0,1.3373758242053084,6067282310.0,256,False,jpx_liquidity,JPX流動性
207,5844,京都フィナンシャルグループ,銀行業,プライム,5844.T,2026-07-02,4643.0,0.015307238136890389,0.024492497793468626,0.03592146363230708,0.07055568365229425,0.38123273116641765,4578.95,4456.383333333333,0.013987922995446489,0.041876259896852064,-0.03692180045633686,0.34712918933143194,1202900.0,1280780.0,0.9391933040803261,5872431075.0,256,False,jpx_liquidity,JPX流動性
208,8331,千葉銀行,銀行業,プライム,8331.T,2026-07-02,2555.0,0.022204440888177635,0.04842018875666798,0.07240293809024134,0.19504209541627682,0.4456160397341078,2460.85,2308.55,0.03825913810268822,0.10675532260509835,0.0,0.31531214996482015,1921900.0,2428630.0,0.7913515026990525,5870654027.5,256,False,jpx_liquidity,JPX流動性
209,7701,島津製作所,精密機器,プライム,7701.T,2026-07-02,4135.0,0.015222194942303036,0.05511610104618536,0.019226029085531282,0.07878945995303943,-0.006051614781151238,3879.7,3793.6666666666665,0.06580405701471759,0.08997451893506736,-0.053960834098288,0.26996375348599805,1243100.0,1619340.0,0.7676584287425742,5853720325.0,256,False,jpx_liquidity,JPX流動性
210,8233,高島屋,小売業,プライム,8233.T,2026-07-02,2376.0,-0.02822085889570547,-0.08685626441199079,0.18681318681318682,0.20762388818297328,0.44951382859340394,2270.35,2056.5333333333333,0.04653467527033284,0.1553423236514524,-0.08685626441199079,0.39220699507600776,2385600.0,2437265.0,0.9788020588651624,5844032760.0,256,False,jpx_liquidity,JPX流動性
211,6728,アルバック,電気機器,プライム,6728.T,2026-07-02,9873.0,-0.11293800539083554,-0.03772158802390768,0.0873348017621145,0.1295046333371468,0.35432098765432096,9478.69892578125,9641.099641927083,0.041598649488305384,0.024053309963153024,-0.12782685512367487,0.7580654238546536,737400.0,584520.0,1.2615479367686306,5799651385.0,256,False,jpx_liquidity,JPX流動性
212,7912,大日本印刷,その他製品,プライム,7912.T,2026-07-02,3000.0,0.015400236926721877,0.06401844298634507,0.11982082866741317,0.052816283558519084,0.09584232712391683,2750.225,2854.075,0.09081984201292626,0.05112864938727957,-0.0831419668261244,0.2905990544054415,1851800.0,2129280.0,0.8696836489329727,5782296705.0,256,False,jpx_liquidity,JPX流動性
213,5019,出光興産,石油・石炭製品,プライム,5019.T,2026-07-02,1203.0,0.013906447534766109,-0.005374121537825571,-0.1388690050107373,-0.24576802507836992,0.03187977016510546,1271.6,1365.6166666666666,-0.05394778232148467,-0.11907929262726236,-0.2748643761301989,0.21776932343793254,3373700.0,4526020.0,0.7454010366723965,5745390095.0,256,False,jpx_liquidity,JPX流動性
214,1911,住友林業,建設業,プライム,1911.T,2026-07-02,1345.0,0.012801204819277157,0.016628873771730834,0.04750778816199386,-0.05014124293785316,-0.14819506016466122,1320.0431884765626,1347.481062825521,0.018906056817913353,-0.0018412598840672478,-0.26422319474835887,0.29385921394181147,2175900.0,4336115.0,0.5018086466802656,5690339852.5,256,False,jpx_liquidity,JPX流動性
215,6268,ナブテスコ,機械,プライム,6268.T,2026-07-02,5216.0,-0.024864460646849884,-0.0125341538452437,-0.00571864277544798,0.25717040250662815,0.3618798955613578,5096.711474609375,5120.220491536458,0.02340499869080137,0.01870612967192753,-0.09286956521739131,0.6508895772101149,881500.0,1122415.0,0.7853601386296513,5654308390.0,256,False,jpx_liquidity,JPX流動性
216,9042,阪急阪神ホールディングス,陸運業,プライム,9042.T,2026-07-02,4386.0,0.04478323010957608,0.06224267377088877,-0.006793478260869512,-0.08567854909318329,0.10308985773285984,4385.25,4560.583333333333,0.0001710278775439722,-0.0382809216657225,-0.11304347826086958,0.30116778495837,1175300.0,1305530.0,0.9002474090982207,5642096365.0,256,False,jpx_liquidity,JPX流動性
217,6724,セイコーエプソン,電気機器,プライム,6724.T,2026-07-02,2721.5,0.003502949852507431,-0.01662149954832881,-0.09704711347047112,0.3703423967774422,0.39441625009983783,2773.925,2522.741666666667,-0.018899213208720567,0.07878663755371962,-0.12266279819471304,0.32675500555180687,1937000.0,2029365.0,0.9544857627878671,5626332042.5,256,False,jpx_liquidity,JPX流動性
218,2768,双日,卸売業,プライム,2768.T,2026-07-02,5206.0,0.009110292692382282,-0.005539637058261659,0.009893307468477275,-0.1813178172668659,0.06105235167079681,5203.1,5634.416666666667,0.0005573600353634411,-0.07603567361306263,-0.2551652409029934,0.22330741774321947,1035100.0,1076245.0,0.9617698572351091,5590415750.0,256,False,jpx_liquidity,JPX流動性
219,4506,住友ファーマ,医薬品,プライム,4506.T,2026-07-02,1490.0,0.011884550084889645,-0.0023434884499498043,0.053375751148815764,-0.26310583580613256,-0.39455505891913856,1460.175,1677.2083333333333,0.02042563391374319,-0.11161900976324746,-0.532035175879397,0.4980856233598267,2823100.0,3921435.0,0.7199150311046849,5577922665.0,256,False,jpx_liquidity,JPX流動性
220,6407,ＣＫＤ,機械,プライム,6407.T,2026-07-02,7460.0,-0.05089058524173029,-0.04846938775510201,0.18412698412698414,0.5302564102564102,1.3764998096072434,7189.0,6460.666666666667,0.03769648073445553,0.1546795996285213,-0.08801955990220045,0.7711571938368262,726300.0,765785.0,0.948438530396913,5566486100.0,256,False,jpx_liquidity,JPX流動性
221,1878,大東建託,不動産業,プライム,1878.T,2026-07-02,3122.0,0.03309066843150221,0.03893510815307821,0.06881205066757956,-0.16568679850347412,0.08091180700437839,3034.775,3310.641666666667,0.028741834238123154,-0.056980394032375425,-0.17798841495523965,0.23518852843949284,1585100.0,1820180.0,0.8708479381160105,5396114647.5,256,False,jpx_liquidity,JPX流動性
222,7173,東京きらぼしフィナンシャルグループ,銀行業,プライム,7173.T,2026-07-02,1774.0,0.007954545454545547,0.020273184759166174,-0.8529021558872305,-0.8457391304347825,-0.797564478838656,5228.675,9370.891666666666,-0.6607171032814241,-0.8106903736481854,-0.8563562753036438,3.0994216222103685,1884400.0,2368830.0,0.7954981995331029,5343887170.0,256,False,jpx_liquidity,JPX流動性
223,4768,大塚商会,情報・通信業,プライム,4768.T,2026-07-02,2814.5,0.028879546700785852,0.05633348794445592,-0.05490261920752182,-0.08501300390117039,-0.1201938105658018,2796.9890380859374,2918.5880126953125,0.0062606473159600995,-0.03566382519305533,-0.13319987680936252,0.2752263815299825,1512100.0,1921555.0,0.7869147643445022,5340479152.5,256,False,jpx_liquidity,JPX流動性
224,4751,サイバーエージェント,サービス業,プライム,4751.T,2026-07-02,1428.0,0.04424131627056682,0.10398144568998835,0.034407823252444736,0.06487695749440725,0.050772626931567366,1348.275,1325.6083333333333,0.059131111976414186,0.077241266588296,-0.02956167176350666,0.368221221198444,4500800.0,3871680.0,1.1624927679973551,5249051137.5,256,True,jpx_liquidity,JPX流動性
225,9962,ミスミグループ本社,卸売業,プライム,9962.T,2026-07-02,4065.0,0.02110022607385087,0.07910804353597034,0.07882165605095537,0.47309295162167064,0.6434139285465768,3804.95,3457.2833333333333,0.0683451819340597,0.17577867015045534,0.0,0.3010837816688017,1373900.0,1364835.0,1.0066418284994156,5235840275.0,256,False,jpx_liquidity,JPX流動性
226,3659,ネクソン,情報・通信業,プライム,3659.T,2026-07-02,2234.5,0.021952892750971786,0.0620069694949994,0.013148945817275104,-0.16232427366447988,-0.4409557167875907,2178.8040771484375,2408.4430257161457,0.025562611817973035,-0.07222218830126736,-0.49457136394480883,0.24297729280438768,2198100.0,2407480.0,0.9130293917291109,5232478807.5,256,False,jpx_liquidity,JPX流動性
227,4392,ＦＩＧ,情報・通信業,プライム,4392.T,2026-07-02,1115.0,0.013636363636363669,-0.03879310344827591,-0.181951577402788,2.4952978056426334,2.912280701754386,1268.3,1026.65,-0.120870456516597,0.08605659182778935,-0.5663166083236095,0.9647570019035858,977900.0,3994120.0,0.2448349073137512,5228971280.0,256,False,jpx_liquidity,JPX流動性
228,7259,アイシン,輸送用機器,プライム,7259.T,2026-07-02,2252.5,0.028773692623886626,0.04185938945420897,-0.07684426229508201,0.0035642682111829416,-0.2367825189525481,2283.4,2310.608333333333,-0.01353245160725236,-0.025148499853934525,-0.2563395285157275,0.3355077515842736,2007600.0,2308265.0,0.8697441584913344,5208701630.0,256,False,jpx_liquidity,JPX流動性
229,4021,日産化学,化学,プライム,4021.T,2026-07-02,8492.0,0.0,-0.0049214905085540606,0.1418582761866345,0.37433241624858393,0.6222304201969908,7938.0,7256.683333333333,0.06979087931468886,0.17023157962430036,-0.0049214905085540606,0.3148054934349323,674200.0,644755.0,1.0456685097440113,5187589065.0,256,False,jpx_liquidity,JPX流動性
230,7717,ブイ・テクノロジー,精密機器,プライム,7717.T,2026-07-02,8020.0,-0.09684684684684686,-0.09988776655443321,0.3593220338983052,0.8165345413363534,1.5892631940030468,7456.5,5912.166666666667,0.07557164889693557,0.3565246807431004,-0.14498933901918976,0.9620461440032372,707900.0,617605.0,1.1462018604123996,5152417400.0,256,False,jpx_liquidity,JPX流動性
231,5991,日本発條,金属製品,プライム,5991.T,2026-07-02,3946.0,0.009207161125319718,-0.016450648055832517,-0.01003512293025588,0.5790316126450581,0.5583768360646617,3927.35,3337.425,0.004748749156555876,0.18234866701124353,-0.06999764317699742,0.5315152050242729,1121000.0,1310270.0,0.8555488563425859,5150474375.0,256,False,jpx_liquidity,JPX流動性
232,9005,東急,陸運業,プライム,9005.T,2026-07-02,1662.5,0.009717582751290532,0.007270524083611063,-0.00329736211031173,-0.1327595200834637,-0.07543118869195431,1675.025,1701.725,-0.007477500335815956,-0.02305014029881436,-0.16122782519774037,0.18507303270238856,2331700.0,3123470.0,0.7465094910468165,5127113205.0,256,False,jpx_liquidity,JPX流動性
233,9532,大阪瓦斯,電気・ガス業,プライム,9532.T,2026-07-02,5334.0,0.006795016987542368,-0.004665049449524172,-0.019305019305019266,-0.17913204062788546,-0.010297263286068059,5455.85,5712.816666666667,-0.022333825160149257,-0.0663099638532072,-0.20083381086372687,0.19513749273813022,756200.0,936360.0,0.807595369302405,5071382860.0,256,False,jpx_liquidity,JPX流動性
234,5831,しずおかフィナンシャルグループ,銀行業,プライム,5831.T,2026-07-02,3096.0,0.01708278580814726,0.03510531594784361,0.0798744332054413,0.12377495462794919,0.2627054773958062,3018.975,2897.758333333333,0.025513626313566684,0.06841207715159126,-0.008010253123998723,0.2537302613282527,1453200.0,1714235.0,0.8477250785335733,5056855420.0,256,False,jpx_liquidity,JPX流動性
235,3003,ヒューリック,不動産業,プライム,3003.T,2026-07-02,1713.5,0.02943826975067587,0.028022095200598063,0.05026049647563591,-0.08759318423855167,-0.011537352177675264,1686.5863464355468,1751.8121154785156,0.015957471505288146,-0.021869991159440327,-0.1724221202608066,0.24580988987177818,4112400.0,2908050.0,1.414143498220457,5021767140.0,256,True,jpx_liquidity,JPX流動性
236,7309,シマノ,輸送用機器,プライム,7309.T,2026-07-02,17125.0,-0.002039627039627012,-0.0021670546242978928,0.08730158730158721,0.005873715124816492,0.01541654313667351,16701.59853515625,16726.782845052083,0.02535095451806635,0.023807157576970273,-0.08909574468085102,0.30770406139680867,217000.0,314005.0,0.6910717982197736,5007541875.0,256,False,jpx_liquidity,JPX流動性
237,8113,ユニ・チャーム,化学,プライム,8113.T,2026-07-02,951.9000244140625,0.022339221752246008,0.030466286105134355,0.0752287784247303,-0.009263076074085053,0.061677504276068884,920.7396697998047,936.12822265625,0.03384274147874278,0.01684790755806964,-0.1306849092109018,0.23420330835450742,4074200.0,5556765.0,0.7331963831473888,4951648125.795593,256,True,jpx_liquidity,JPX流動性
238,7550,ゼンショーホールディングス,小売業,プライム,7550.T,2026-07-02,8257.0,0.03057913130304546,0.023933531746031855,0.11011024468943265,-0.13421411345286782,-0.06951544452617431,7878.55,8159.816666666667,0.048035488763795264,0.011909989807777466,-0.1675152492816454,0.36146817213165766,519200.0,655630.0,0.7919100712291994,4949153815.0,256,False,jpx_liquidity,JPX流動性
239,2875,東洋水産,食料品,プライム,2875.T,2026-07-02,10460.0,0.022982885085574667,0.06376487338553849,0.038213399503722156,-0.04952294411631075,-0.021290216292135566,10040.4,10567.466666666667,0.04179116369865743,-0.010169577066720503,-0.14249020043926497,0.23445806267047084,482200.0,486945.0,0.9902555730113257,4947712975.0,256,False,jpx_liquidity,JPX流動性
240,6586,マキタ,機械,プライム,6586.T,2026-07-02,5782.0,0.016168717047451597,-0.012805190370496877,0.07652206293055297,0.09238617041375408,0.2390292126028084,5699.65,5615.266666666666,0.014448255594641912,0.029692861128590042,-0.028825143211257065,0.29393305867264313,608000.0,874715.0,0.6950835414963731,4942046555.0,256,False,jpx_liquidity,JPX流動性
241,5110,住友ゴム工業,ゴム製品,プライム,5110.T,2026-07-02,2172.5,0.027672658467360556,0.01827982188891486,0.08979182342613501,0.05563654033041798,-0.10633484162895923,2126.6648681640627,2070.496622721354,0.021552588055637756,0.04926517443171585,-0.2220232766338407,0.3886551160591859,1930800.0,2297010.0,0.840571003173691,4912364085.0,256,False,jpx_liquidity,JPX流動性
242,9602,東宝,情報・通信業,プライム,9602.T,2026-07-02,1308.5,0.04179936305732479,0.02386541471048509,0.08364389233954461,-0.24232773595830925,-0.173360943410806,1275.125,1360.1416666666667,0.02617390451916468,-0.037967858740204696,-0.24232773595830925,0.3786511738179838,2957500.0,3832990.0,0.7715908468323684,4882823747.5,256,False,jpx_liquidity,JPX流動性
243,9023,東京地下鉄,陸運業,プライム,9023.T,2026-07-02,1450.5,0.03978494623655915,0.051849166062364116,0.05875912408759132,-0.13065627809409652,-0.08052548846882235,1374.675,1485.1333333333334,0.05515849200720169,-0.023320016160165213,-0.15312955172974374,0.2578271195561834,3401300.0,3544745.0,0.9595330552691378,4876016152.5,256,False,jpx_liquidity,JPX流動性
244,3402,東レ,繊維製品,プライム,3402.T,2026-07-02,1133.0,0.007111111111111068,-0.021588946459412783,0.02487562189054726,0.002211410880141429,0.09037040378615457,1144.075,1137.5916666666667,-0.009680309420274091,-0.004036304766648846,-0.1468258210511444,0.2824196497131771,3827300.0,4249855.0,0.9005719018648871,4846285935.0,256,True,jpx_liquidity,JPX流動性
245,6856,堀場製作所,電気機器,プライム,6856.T,2026-07-02,27580.0,-0.038354253835425345,-0.029816080886951646,0.04687796545834133,0.48399246704331444,0.6894333843797855,26945.273046875,24436.674348958335,0.023556152206021697,0.12863148258861412,-0.038354253835425345,0.45567584873474826,192100.0,175245.0,1.0961796342263688,4845736050.0,256,False,jpx_liquidity,JPX流動性
246,5711,三菱マテリアル,非鉄金属,プライム,5711.T,2026-07-02,4452.0,0.014816503305219886,0.006329113924050667,-0.10476573496883168,-0.1420312198882251,0.21837916360519438,4622.6,5095.116666666667,-0.036905637520010415,-0.1262221669768766,-0.27016393442622955,0.4720686482133717,917500.0,1047300.0,0.876062255323212,4826476585.0,256,False,jpx_liquidity,JPX流動性
247,5214,日本電気硝子,ガラス・土石製品,プライム,5214.T,2026-07-02,6284.0,-0.009145380006307158,-0.04992193929543676,-0.016126506967277243,-0.018124999999999947,0.01028938906752419,6376.786181640625,6858.478727213542,-0.014550618289157158,-0.08376182970927437,-0.23328452903855534,0.4481356394163852,580800.0,757420.0,0.7668136568878562,4809417310.0,256,False,jpx_liquidity,JPX流動性
248,7731,ニコン,精密機器,プライム,7731.T,2026-07-02,2221.0,-0.019426048565121423,-0.021370345891165488,0.11384152457372121,0.10059464816650143,0.2840265846614196,2087.575,1985.4583333333333,0.06391387135791549,0.11863339699061926,-0.045347087900279415,0.4922232605682776,2399000.0,2258030.0,1.0624305257237503,4721887642.5,256,False,jpx_liquidity,JPX流動性
249,6370,栗田工業,機械,プライム,6370.T,2026-07-02,9100.0,-0.03754627181385506,-0.030057557024088633,0.029528227175019905,0.18412491867273917,0.3997395466603757,8987.45,8599.75,0.012523018208724368,0.058170295648129366,-0.04841576911011192,0.4283950692735986,413800.0,519245.0,0.7969263064641932,4702606670.0,256,False,jpx_liquidity,JPX流動性
250,4183,三井化学,化学,プライム,4183.T,2026-07-02,2121.0,-0.0025864095932283115,-0.03017832647462282,0.003786086133459543,0.12759170653907503,0.07103806273591795,2113.875,2052.3,0.003370587191768637,0.03347463821078778,-0.09880147123428262,0.30099408752606793,1340300.0,2209580.0,0.606585866997348,4686600205.0,256,False,jpx_liquidity,JPX流動性
251,6305,日立建機,機械,プライム,6305.T,2026-07-02,5206.0,0.0,-0.014201855709146005,-0.02491103202846978,-0.043542164247657555,0.1280172291577002,5325.55,5356.416666666667,-0.02244838561275364,-0.02808158439255104,-0.2455271076706823,0.28357320526144925,1111500.0,859535.0,1.2931410588283199,4680954505.0,256,False,jpx_liquidity,JPX流動性
252,5076,インフロニア・ホールディングス,建設業,プライム,5076.T,2026-07-02,2677.5,0.016514806378132185,-0.00980029585798814,0.0796370967741935,0.18736141906873605,0.2830304256212999,2662.675,2396.65,0.005567709164655765,0.11718440322950774,-0.0411817367949866,0.32830895399328,1412600.0,1786570.0,0.7906771075300716,4665968995.0,256,False,jpx_liquidity,JPX流動性
253,3088,マツキヨココカラ＆カンパニー,小売業,プライム,3088.T,2026-07-02,2392.5,0.031472300064669056,0.009919797382861972,0.04704595185995619,-0.07980769230769236,-0.1091522324919516,2354.45,2341.7,0.016160886831319443,0.021693641371653083,-0.12049440598226935,0.24969417946941275,2014500.0,1985485.0,1.0146135578964333,4647472712.5,256,False,jpx_liquidity,JPX流動性
254,6254,野村マイクロ・サイエンス,機械,プライム,6254.T,2026-07-02,4700.0,-0.09441233140655103,-0.04858299595141702,0.054994388327721744,0.49920255183413076,0.583816428936242,4658.25,4310.0,0.008962593248537543,0.09048723897911826,-0.13761467889908252,0.9917539274123756,1307500.0,949040.0,1.3777079996628172,4645531225.0,256,False,jpx_liquidity,JPX流動性
255,6869,シスメックス,電気機器,プライム,6869.T,2026-07-02,1528.0,0.040163376446562316,0.06703910614525133,0.021049114600734997,0.06853146853146863,0.009444152246411486,1437.65,1408.7083333333333,0.06284561610962336,0.08468159365849326,-0.03669647530924913,0.3255616681027781,3105100.0,3254115.0,0.9542072114845357,4628032092.5,256,False,jpx_liquidity,JPX流動性
256,429A,テクセンドフォトマスク,その他製品,プライム,429A.T,2026-07-02,4655.0,-0.018967334035827177,0.04489337822671158,0.11363636363636354,0.3937125748502994,0.5424000906015092,4176.5,4106.0,0.11456961570693158,0.13370677057963953,-0.10308285163776498,0.6940103717374999,1558800.0,1030125.0,1.5132144157262468,4504667250.0,173,False,jpx_liquidity,JPX流動性
257,8354,ふくおかフィナンシャルグループ,銀行業,プライム,8354.T,2026-07-02,6998.0,0.012002892263195841,0.03169688928202863,0.03720171928264415,0.10727848101265813,0.3833964289368472,6890.65,6629.783333333334,0.015579081799249828,0.05553977379854036,-0.025761149593229393,0.28598565892599664,775900.0,666565.0,1.1640275141959149,4499322105.0,256,False,jpx_liquidity,JPX流動性
258,4612,日本ペイントホールディングス,化学,プライム,4612.T,2026-07-02,1068.0,0.022498803255146083,0.025899186262771323,0.08857407662472272,0.08448417266280694,0.02200956937799048,1034.9584564208985,1016.407817586263,0.0319254781427325,0.05075933254454568,-0.13766653209527657,0.32299334560980253,2901800.0,4417300.0,0.6569171213184525,4482628785.000305,256,False,jpx_liquidity,JPX流動性
259,6806,ヒロセ電機,電気機器,プライム,6806.T,2026-07-02,28900.0,-0.024801754681963883,-0.044628099173553704,0.007319623562216826,0.38742198751800294,0.6580589567433162,28690.75,25090.083333333332,0.007293291391824885,0.15184950229340277,-0.07814992025518341,0.5106355350139984,117600.0,158955.0,0.7398320279324337,4474205850.0,256,False,jpx_liquidity,JPX流動性
260,3289,東急不動産ホールディングス,不動産業,プライム,3289.T,2026-07-02,1313.0,0.021789883268482413,0.03426545884206389,0.033044846577497955,-0.03597650513950068,-0.06165268914451949,1299.875,1325.9416666666666,0.010097124723531081,-0.009760358990151596,-0.15388596976734747,0.22834764356900702,3540500.0,3370630.0,1.0503971067723246,4388590737.5,256,False,jpx_liquidity,JPX流動性
261,6368,オルガノ,機械,プライム,6368.T,2026-07-02,16015.0,-0.04587429252308606,-0.06345029239766087,0.026931708881051675,0.11022530329289437,0.1846496641134303,16244.75,16265.75,-0.014143030825343628,-0.015415827736194099,-0.15286961121396458,0.6404085229845421,195800.0,275520.0,0.7106562137049942,4384765350.0,256,False,jpx_liquidity,JPX流動性
262,5471,大同特殊鋼,鉄鋼,プライム,5471.T,2026-07-02,2774.5,0.005800253761102159,-0.06203515889114264,0.24836895388076496,0.48886503890528576,0.7424120451464542,2549.65,2125.1583333333333,0.08818857490243759,0.3055497825652207,-0.06203515889114264,0.6740629120479865,1136900.0,1695590.0,0.6705040723288059,4378671742.5,256,False,jpx_liquidity,JPX流動性
263,3038,神戸物産,卸売業,プライム,3038.T,2026-07-02,2664.0,0.03839407522900018,0.03900156006240252,0.03859649122807007,-0.20596125186289116,-0.2974683544303798,2617.6,2778.483333333333,0.01772616136919325,-0.04120353430228718,-0.32659251769464104,0.34672489045961186,1326800.0,1671160.0,0.7939395390028483,4366268880.0,256,False,jpx_liquidity,JPX流動性
264,4047,関東電化工業,化学,プライム,4047.T,2026-07-02,3345.0,-0.06302521008403361,-0.17509247842170161,-0.24063564131668558,1.436270939548434,1.963599055229941,3826.0,2792.8,-0.12571876633559853,0.19772271555428245,-0.24063564131668558,0.7897174743215238,628000.0,1180200.0,0.5321132011523471,4356454550.0,256,False,jpx_liquidity,JPX流動性
265,4042,東ソー,化学,プライム,4042.T,2026-07-02,2838.0,-0.0012317437972901857,-0.038780694326841614,-0.009424083769633551,0.21359846055163567,0.21791638504832656,2893.95,2661.0666666666666,-0.01933343699787482,0.06648962821926041,-0.06828627708470125,0.34858371645138814,1212700.0,1524495.0,0.7954765348525249,4337697822.5,256,False,jpx_liquidity,JPX流動性
266,1963,日揮ホールディングス,建設業,プライム,1963.T,2026-07-02,2498.0,0.006243705941591182,-0.0167289903562291,-0.03812090874085483,0.011540797732334518,0.2844448450389647,2592.525,2578.258333333333,-0.036460593436900335,-0.031128895152089053,-0.12748864827104434,0.3667277744469243,1111900.0,1657380.0,0.6708781329568355,4327746992.5,256,False,jpx_liquidity,JPX流動性
267,6622,ダイヘン,電気機器,プライム,6622.T,2026-07-02,17130.0,-0.07654986522911056,-0.09508716323296351,0.08692893401015223,0.4275,0.6197716987993216,17086.5,15927.5,0.002545869546132895,0.07549835190707888,-0.119280205655527,0.72811456398335,277000.0,247115.0,1.120935596786921,4305630050.0,256,False,jpx_liquidity,JPX流動性
268,2587,サントリービバレッジ＆フード,食料品,プライム,2587.T,2026-07-02,4528.0,0.026291931097008225,0.031463990528635355,0.07912297426120118,-0.01736111111111116,-0.04573234984193886,4342.50595703125,4396.635319010416,0.04271589833248335,0.029878457378891943,-0.13670162059103907,0.17675527163762175,1089700.0,977665.0,1.11459446743005,4295036915.0,256,False,jpx_liquidity,JPX流動性
269,3626,ＴＩＳ,情報・通信業,プライム,3626.T,2026-07-02,3288.0,0.037878787878787845,0.08550676791020129,-0.026931044687777406,-0.06003430531732423,-0.35690616219185556,3163.3,3384.7833333333333,0.03942085796478345,-0.02859365690566107,-0.36488044132436925,0.35556866230079354,897500.0,1379935.0,0.6503929532912782,4271785905.0,256,False,jpx_liquidity,JPX流動性
270,3064,ＭｏｎｏｔａＲＯ,小売業,プライム,3064.T,2026-07-02,1867.0,0.046818054387440355,0.07132170568237872,0.015778019586507153,0.062002275312855515,-0.2232161431246099,1802.7469909667968,1839.2323303222656,0.03564172307881375,0.015097423647870034,-0.22563251762754044,0.46967619750001266,2593800.0,2310420.0,1.1226530241254837,4250164772.5,256,False,jpx_liquidity,JPX流動性
271,6966,三井ハイテック,電気機器,プライム,6966.T,2026-07-02,1004.0,-0.014720314033366044,-0.03831417624521072,0.17426900584795324,0.6298701298701299,0.364012229523049,996.25,818.7333333333333,0.007779171894604753,0.22628450451917592,-0.23939393939393938,1.219275377874739,3963400.0,3780125.0,1.0484838464336497,4224013380.0,256,True,jpx_liquidity,JPX流動性
272,6740,ジャパンディスプレイ,電気機器,プライム,6740.T,2026-07-02,52.0,-0.03703703703703709,-0.054545454545454564,-0.03703703703703709,-0.4347826086956522,1.6,54.05,71.0,-0.037927844588344084,-0.2676056338028169,-0.6090225563909775,1.4216804571140778,38938800.0,79442885.0,0.4901483625626134,4207822265.0,256,True,jpx_liquidity,JPX流動性
273,5714,ＤＯＷＡホールディングス,非鉄金属,プライム,5714.T,2026-07-02,8790.0,0.021855382469193163,0.00629650829994266,-0.10616229408175715,-0.033428634264350165,0.21365573041270824,9220.45,9814.833333333334,-0.04668427245958717,-0.10441678411927535,-0.2448453608247423,0.47276533044715424,429400.0,453000.0,0.9479028697571744,4122129435.0,256,False,jpx_liquidity,JPX流動性
274,2579,コカ・コーラ　ボトラーズジャパンホールディングス,食料品,プライム,2579.T,2026-07-02,4329.0,0.04012493993272459,0.013321501447154382,0.2277368122518435,0.273235294117647,0.36863736958583626,3936.395642089844,3621.065214029948,0.09973701670437807,0.19550456678524686,-0.018144704014515733,0.4105436741012922,1502100.0,970445.0,1.5478466064537404,4110422380.0,256,False,jpx_liquidity,JPX流動性
275,4061,デンカ,化学,プライム,4061.T,2026-07-02,4187.0,-0.0035697287006187794,-0.0563443768311922,-0.00781990521327014,0.1047493403693931,0.5454309768493792,4218.95,4055.866666666667,-0.007572974318254544,0.03233176633025403,-0.07632914184866535,0.4782034495894564,645500.0,962895.0,0.670374236027812,4102397470.0,256,False,jpx_liquidity,JPX流動性
276,6141,ＤＭＧ森精機,機械,プライム,6141.T,2026-07-02,3615.0,0.005843071786310494,-0.005114104174424372,0.08428314337132581,0.46090119216003234,0.35596399099774945,3523.8405517578126,3248.3718505859374,0.02586934536431107,0.11286520333191863,-0.05440753335077164,0.49737673500577373,946000.0,1159120.0,0.8161363793222445,4066960545.0,256,False,jpx_liquidity,JPX流動性
277,3697,ＳＨＩＦＴ,情報・通信業,プライム,3697.T,2026-07-02,684.9000244140625,0.07267035930158583,0.11547235246589982,-0.01111745804692077,0.047728333523650024,-0.2833525000879732,650.975,664.825,0.0521141739914166,0.03019595294109334,-0.30431688733970286,0.5664101741883624,7705400.0,6151320.0,1.2526417094217177,4048951839.154663,256,True,jpx_liquidity,JPX流動性
278,4203,住友ベークライト,化学,プライム,4203.T,2026-07-02,7340.0,-0.02755696873343927,-0.033192834562697615,0.10558819099261929,0.46770645870825844,0.4414372948809928,7050.35,6301.833333333333,0.04108306679810214,0.164740419454656,-0.04934593964512368,0.4708629450763034,332900.0,569725.0,0.5843169950414674,4036643970.0,256,False,jpx_liquidity,JPX流動性
279,4022,ラサ工業,化学,プライム,4022.T,2026-07-02,2052.0,-0.050439611291069,-0.1074380165289256,-0.16990291262135926,0.33855185909980423,0.6954717949778282,2168.2,2045.85,-0.053592841988746365,0.003006085490138588,-0.22653599698454585,0.949999634294972,1227700.0,2032975.0,0.6038933090667618,3902650055.0,256,False,jpx_liquidity,JPX流動性
280,7826,フルヤ金属,その他製品,プライム,7826.T,2026-07-02,7620.0,-0.0390920554854981,-0.13578056396750937,-0.1505016722408027,0.24306688417618272,1.1374474053295933,8610.509423828125,8402.169807942708,-0.11503493870955628,-0.09309140684151729,-0.2905027932960894,0.5394060568779457,555100.0,449120.0,1.2359725685785536,3898088300.0,256,False,jpx_liquidity,JPX流動性
281,2432,ディー・エヌ・エー,情報・通信業,プライム,2432.T,2026-07-02,2664.5,0.05420375865479721,0.12998303647158616,0.012348024316109374,0.040820312499999956,0.07606889180736487,2542.325,2623.0833333333335,0.04805640506229536,0.01578930647774568,-0.03477630863973913,0.4272562377396566,2190000.0,1468985.0,1.4908252977395957,3856627017.5,256,True,jpx_liquidity,JPX流動性
282,8804,東京建物,不動産業,プライム,8804.T,2026-07-02,3271.0,0.011753789050417573,0.012537906833171686,0.04205160879260905,-0.11546782044348292,-0.0731085293284216,3264.247424316406,3394.8658081054687,0.0020686470128741252,-0.03648621627686455,-0.25217192501143115,0.2580049819104594,1077900.0,1167505.0,0.9232508640219956,3853645015.0,256,False,jpx_liquidity,JPX流動性
283,2897,日清食品ホールディングス,食料品,プライム,2897.T,2026-07-02,2848.0,0.03188405797101446,0.04226898444647764,0.10366208099205587,-0.07622445669802136,-0.0024578954042923096,2708.75,2774.991666666667,0.0514074757729579,0.02630938831648133,-0.13117301765790912,0.26760316114469535,960500.0,1431950.0,0.6707636439819826,3830293600.0,256,False,jpx_liquidity,JPX流動性
284,7181,かんぽ生命保険,保険業,プライム,7181.T,2026-07-02,1581.5,0.041145490454246314,0.07329487614523233,0.12602349590601647,-0.023464032108675537,-0.004742886975482308,1518.15,1530.15,0.04172841945789285,0.033558801424696805,-0.09166330950625834,0.31505544703265875,2319000.0,2502300.0,0.926747392398993,3827767097.5,256,False,jpx_liquidity,JPX流動性
285,7747,朝日インテック,精密機器,プライム,7747.T,2026-07-02,3781.0,0.01258703802892347,0.056979377984382795,0.007729211087420085,0.07690116775847344,0.2739218328840971,3650.4421264648436,3551.4140421549478,0.03576494819316345,0.06464635075490732,-0.01020942408376968,0.2920288904169098,943200.0,1049810.0,0.8984482906430687,3805643395.0,256,False,jpx_liquidity,JPX流動性
286,8253,クレディセゾン,その他金融業,プライム,8253.T,2026-07-02,4519.0,0.017105559306774598,0.060798122065727656,0.1171817058096416,0.0658018867924528,0.10890662983296329,4298.25,4288.65,0.051358110859070605,0.05371154092779795,-0.026929854065426917,0.2388043104469396,677900.0,878835.0,0.7713620873087668,3772636930.0,256,False,jpx_liquidity,JPX流動性
287,4528,小野薬品工業,医薬品,プライム,4528.T,2026-07-02,2402.0,0.014358108108108114,0.026276436658833502,0.09405602368480981,-0.051530108588351387,0.11505324234526526,2298.525,2375.383333333333,0.04501800067434547,0.011205208983813275,-0.0875700163018186,0.22327566367530466,1440100.0,1678110.0,0.8581678197495992,3756123960.0,256,False,jpx_liquidity,JPX流動性
288,6302,住友重機械工業,機械,プライム,6302.T,2026-07-02,5250.0,0.0009532888465204614,0.006324249990336428,0.01961545931248776,0.046650717703349276,0.23268372857478292,5197.383325195313,5232.827775065104,0.010123685614955136,0.0032816338838290715,-0.16414583665021498,0.49580359136029006,535800.0,710650.0,0.7539576444100471,3754792005.0,256,False,jpx_liquidity,JPX流動性
289,4324,電通グループ,サービス業,プライム,4324.T,2026-07-02,3105.0,0.020710059171597628,0.023064250411861664,0.009756097560975618,0.12622415669205655,-0.08271787296898081,3076.4,3049.883333333333,0.009296580418671097,0.01807172951970837,-0.12337662337662336,0.281541525675324,1331100.0,1212910.0,1.0974433387473101,3752111740.0,256,False,jpx_liquidity,JPX流動性
290,9435,光通信,情報・通信業,プライム,9435.T,2026-07-02,35110.0,0.023018648018648058,-0.002796513533345868,-0.034112792297111394,-0.14678007290400974,-0.20634902414367262,35751.139453125,37449.046484375,-0.017933399128876037,-0.0624594403318367,-0.22500475741002723,0.2868054062368424,63200.0,109330.0,0.5780664044635507,3746235850.0,256,False,jpx_liquidity,JPX流動性
291,5406,神戸製鋼所,鉄鋼,プライム,5406.T,2026-07-02,1857.5,0.00459707950243371,-0.009333333333333305,-0.0427724813192476,-0.044250064316953996,-0.09688139244396432,1918.1,1931.3666666666666,-0.03159376466294761,-0.03824580176386316,-0.19297835845252265,0.21666924169634846,3717200.0,1859235.0,1.9993169233582628,3745213470.0,256,False,jpx_liquidity,JPX流動性
292,7167,めぶきフィナンシャルグループ,銀行業,プライム,7167.T,2026-07-02,1479.5,0.03353126091512393,0.0717131474103585,0.1032811334824757,0.15046656298600314,0.39913690332234375,1402.45,1357.0833333333333,0.05493957003814742,0.0902057107767884,0.0,0.2565678312479194,2971700.0,2622955.0,1.1329588193468816,3702603972.5,256,False,jpx_liquidity,JPX流動性
293,8359,八十二長野銀行,銀行業,プライム,8359.T,2026-07-02,2468.0,0.02300518134715035,0.0477605603905753,0.05312566673778529,0.21726263871763263,0.45738005200270093,2370.75,2259.1,0.04102077401666149,0.09247045283519983,0.0,0.30490241065570206,1455700.0,1554595.0,0.9363853608174476,3696434872.5,256,False,jpx_liquidity,JPX流動性
294,4043,トクヤマ,化学,プライム,4043.T,2026-07-02,4959.0,-0.007207207207207245,-0.037087378640776714,-0.1171443831226634,0.3366576819407008,0.20872982010143737,4994.35,4538.35,-0.007077998137895891,0.0926878711425958,-0.11792956243329777,0.5907809055116258,471700.0,773565.0,0.6097742271173076,3678730025.0,256,False,jpx_liquidity,JPX流動性
295,2269,明治ホールディングス,食料品,プライム,2269.T,2026-07-02,3805.0,0.004753102719831093,0.014666666666666606,0.03706732079585717,-0.04324867990947956,0.09275887245016112,3710.0,3739.4,0.025606469002695365,0.017542921324276595,-0.05395325708602683,0.20346539989155024,765900.0,980000.0,0.781530612244898,3654676510.0,256,False,jpx_liquidity,JPX流動性
296,3861,王子ホールディングス,パルプ・紙,プライム,3861.T,2026-07-02,812.2999877929688,0.022275374717925622,0.03941137273572459,0.04948318836300869,-0.047155439539039556,-0.06087285108184637,792.0450012207032,810.6133310953776,0.02557302494308855,0.0020807167028846774,-0.16040375647808136,0.16008942987116112,3648100.0,4567540.0,0.7987012702680217,3654664968.015747,256,False,jpx_liquidity,JPX流動性
297,4151,協和キリン,医薬品,プライム,4151.T,2026-07-02,2631.0,0.025930980697991712,0.042248963295280495,0.14416177429876065,0.011728513747356173,0.046539379474940246,2461.240344238281,2438.955114746094,0.06897321350965302,0.07874063942086895,-0.08804159445407278,0.23088702288323146,1322700.0,1481240.0,0.8929680537927682,3640251920.0,256,False,jpx_liquidity,JPX流動性
298,3231,野村不動産ホールディングス,不動産業,プライム,3231.T,2026-07-02,936.0,0.012329682798053465,0.02485493541052919,0.05619497529563855,-0.10258868648130393,-0.011497127587408063,924.3649932861329,964.2016632080079,0.012587026551605485,-0.029248718690421782,-0.17739550717488684,0.24604406433435808,2619900.0,3987200.0,0.6570776484751204,3586967603.3633423,256,False,jpx_liquidity,JPX流動性
299,5938,ＬＩＸＩＬ,金属製品,プライム,5938.T,2026-07-02,1832.0,0.02260675411666191,0.04238975817923185,0.0776470588235294,0.11673270344407194,-0.007664809268441819,1744.525,1682.6333333333334,0.0501425889568794,0.08876958735315665,-0.02941533499484983,0.1795827745638957,2368600.0,1965965.0,1.2048027304657,3515915680.0,256,False,jpx_liquidity,JPX流動性
300,3405,クラレ,化学,プライム,3405.T,2026-07-02,1685.0,0.01812688821752273,0.01064420191914861,0.029636419187289986,0.0020814748736246447,0.05345420443888704,1682.433154296875,1659.969384765625,0.001525674703074742,0.015078961976102478,-0.1006138243928476,0.2610161457541703,2116700.0,2001315.0,1.0576545921056906,3460366325.0,256,False,jpx_liquidity,JPX流動性
301,6941,山一電機,電気機器,プライム,6941.T,2026-07-02,9110.0,-0.06372045220966083,-0.1626838235294118,-0.07418699186991873,0.12054120541205404,0.5709684470540131,9759.5,9675.0,-0.066550540499001,-0.05839793281653749,-0.18950177935943058,0.8621631788335068,282900.0,355560.0,0.7956463044211948,3438739250.0,256,False,jpx_liquidity,JPX流動性
302,5301,東海カーボン,ガラス・土石製品,プライム,5301.T,2026-07-02,1734.5,-0.00715512306811672,0.020825113246808913,-0.04566712517193949,0.7398936277682098,0.7844650205761317,1759.4619506835938,1469.3323170979818,-0.0141872637108722,0.18046814857086924,-0.08686496446433267,0.3198688747620624,2169200.0,1900725.0,1.141248734035697,3432742517.5,256,False,jpx_liquidity,JPX流動性
303,4680,ラウンドワン,サービス業,プライム,4680.T,2026-07-02,1191.0,0.016645326504481472,0.019376217321557254,0.2818857295189303,0.391517660973713,0.058170763939946024,1054.3448608398437,946.749956258138,0.12961142434108597,0.2579879113036532,0.0,0.4940181766052721,3389100.0,3309305.0,1.024112313612677,3421887301.2924194,256,False,jpx_liquidity,JPX流動性
304,8304,あおぞら銀行,銀行業,プライム,8304.T,2026-07-02,2791.0,0.018427294289363294,0.023281393217231994,0.08052651955090973,0.05679666792881477,0.11640479705186224,2743.625,2687.6666666666665,0.017267301471593166,0.03844722807887879,-0.025655025230238437,0.22486152699173853,1036100.0,1268365.0,0.816878422220733,3404473562.5,256,False,jpx_liquidity,JPX流動性
305,6101,ツガミ,機械,プライム,6101.T,2026-07-02,7810.0,-0.04523227383863082,0.003856041131105492,0.235759493670886,1.263768115942029,1.7466903163714704,7298.5,5890.833333333333,0.0700828937452902,0.3257886546894895,-0.04523227383863082,0.6111208087243051,445200.0,471135.0,0.9449520837976376,3402773950.0,256,False,jpx_liquidity,JPX流動性
306,6770,アルプスアルパイン,電気機器,プライム,6770.T,2026-07-02,2102.0,0.0019065776930409228,-0.005205868433506899,-0.006850933144342042,-0.041714155459311564,0.06791694109446156,2094.05,2167.3333333333335,0.0037964709534155094,-0.030144570901261214,-0.11176843439678852,0.3914779598438182,1525100.0,1624935.0,0.9385606193478508,3391149987.5,256,False,jpx_liquidity,JPX流動性
307,5105,ＴＯＹＯ　ＴＩＲＥ,ゴム製品,プライム,5105.T,2026-07-02,3856.0,0.02744471089794831,0.032379583584523974,0.06167400881057272,0.024986709197235557,-0.10533642691415313,3744.7721313476563,3789.524043782552,0.029702172722673836,0.01754203310215563,-0.20116014087424905,0.32165811526869603,962500.0,867250.0,1.1098299221677717,3361305845.0,256,False,jpx_liquidity,JPX流動性
308,2371,カカクコム,サービス業,プライム,2371.T,2026-07-02,3515.0,0.03687315634218291,0.0635400907715582,0.05523866706694691,0.5794203549764099,0.5618221069884333,3344.45,2991.9666666666667,0.05099493190210658,0.1748125536157934,-0.003684807256235878,0.1662596156439978,1789200.0,937880.0,1.9077067428668912,3341294050.0,256,False,jpx_liquidity,JPX流動性
309,7211,三菱自動車工業,輸送用機器,プライム,7211.T,2026-07-02,328.8999938964844,0.046452455203825016,0.06302521132732819,-0.01762244358304088,0.05079870254467855,-0.10316293859525028,322.929997253418,331.64500020345054,0.01848696836417285,-0.008276941625178114,-0.2706587293171113,0.2969079180700062,15071800.0,10224655.0,1.4740644060850954,3321213873.9001465,256,True,jpx_liquidity,JPX流動性
310,4091,日本酸素ホールディングス,化学,プライム,4091.T,2026-07-02,6250.0,0.038205980066445155,0.1017098536929315,0.1120996441281139,0.06491736241267687,0.3390082175352751,5634.65,5803.633333333333,0.10920820281650157,0.07691158986611835,-0.023742580443611327,0.3345649085228078,780300.0,562550.0,1.3870767042929517,3274276580.0,256,False,jpx_liquidity,JPX流動性
311,1969,高砂熱学工業,建設業,プライム,1969.T,2026-07-02,5111.0,0.003928501276762919,0.027749849185602304,0.12453245324532447,0.15034886338059872,0.14223382813667973,4859.55,4614.45,0.05174347418999692,0.1076076238771686,-0.08629338115499652,0.35710733736624406,543100.0,662330.0,0.8199839958932859,3210407350.0,256,False,jpx_liquidity,JPX流動性
312,4676,フジ・メディア・ホールディングス,情報・通信業,プライム,4676.T,2026-07-02,3996.0,0.016018306636155666,0.0017548257708699389,0.04116727462219916,-0.04034582132564846,0.07458841438094077,4002.15,3958.616666666667,-0.0015366740377047439,0.009443534568051914,-0.08891928864569087,0.4561519120151047,579400.0,790830.0,0.7326479774414223,3191838975.0,256,False,jpx_liquidity,JPX流動性
313,6473,ジェイテクト,機械,プライム,6473.T,2026-07-02,2074.0,0.026732673267326756,0.013685239491691092,0.01591966691158464,0.22179675994108994,0.19132184199801938,2045.675,1940.825,0.013846285455900942,0.06861772699753965,-0.04247460757156052,0.40277091830413747,1558400.0,1514590.0,1.0289253197234896,3166869345.0,256,False,jpx_liquidity,JPX流動性
314,2282,日本ハム,食料品,プライム,2282.T,2026-07-02,6084.0,0.019266208745183366,0.017561465127947873,0.04249485949280318,-0.17905815679395498,-0.06152656697734371,6006.6,6314.55,0.01288582559184892,-0.03651091526712125,-0.17905815679395498,0.20603377403701503,400400.0,528385.0,0.7577807848443843,3158693675.0,256,False,jpx_liquidity,JPX流動性
315,3391,ツルハホールディングス,小売業,プライム,3391.T,2026-07-02,2104.0,0.043133366385721406,0.054108216432865675,0.07182883341823731,-0.16041500399042297,-0.26194443830681624,2036.3,2065.775,0.03324657466974412,0.018503951301569677,-0.28216857791650585,0.3180849340804435,1952800.0,1518825.0,1.2857307458067915,3112368822.5,256,False,jpx_liquidity,JPX流動性
316,6330,東洋エンジニアリング,建設業,プライム,6330.T,2026-07-02,2039.0,0.05211558307533548,0.04190086867654563,0.032405063291139236,-0.1207416990081932,-0.38398791540785493,2004.6,2158.3,0.01716053077920776,-0.055274984941852456,-0.7233378561736771,0.7729417168609971,1798400.0,1483265.0,1.21246034929699,3111611790.0,256,True,jpx_liquidity,JPX流動性
317,1808,長谷工コーポレーション,建設業,プライム,1808.T,2026-07-02,2800.0,0.009372746935832676,0.014125316914161523,0.06605749095754798,-0.0349819059107358,-0.08260740815635348,2732.45,2749.8,0.024721403868323444,0.01825587315441113,-0.18570583154559195,0.21364678997789566,561500.0,1142400.0,0.49150910364145656,3111517082.5,256,False,jpx_liquidity,JPX流動性
318,5032,ＡＮＹＣＯＬＯＲ,情報・通信業,プライム,5032.T,2026-07-02,2379.0,0.07793384685092897,0.15822784810126578,-0.16143813887909764,-0.21525356804358842,-0.48049618336482536,2346.3,2726.755480957031,0.013936836721646806,-0.12753453083185018,-0.496747580517214,0.8129338552672545,908700.0,1326030.0,0.685278613606027,3102455815.0,256,True,jpx_liquidity,JPX流動性
319,4088,エア・ウォーター,化学,プライム,4088.T,2026-07-02,2758.0,0.0007256894049347817,-0.03566433566433569,0.10852090032154349,0.25420645748067305,0.24041170172454485,2586.25,2397.7166666666667,0.06640889318511367,0.15026101221300814,-0.03566433566433569,0.38257573715143595,840700.0,1183675.0,0.7102456333030603,3101601330.0,256,False,jpx_liquidity,JPX流動性
320,9616,共立メンテナンス,サービス業,プライム,9616.T,2026-07-02,3067.0,0.026782725142283192,0.025581006520648764,0.20962334845198183,0.21827209533267133,0.07593168265748895,2817.325,2591.616666666667,0.08862129857222723,0.1834311915985516,0.0,0.24294931736048725,1131600.0,1071725.0,1.0558678765541534,3098453262.5,256,False,jpx_liquidity,JPX流動性
321,4368,扶桑化学工業,化学,プライム,4368.T,2026-07-02,4295.0,-0.0673181324647123,-0.10799584631360337,0.020190023752969077,0.5203539823008849,1.0259461959383236,4308.5,3831.85,-0.0031333410699779796,0.12086850998864773,-0.12257405515832487,0.6540680493033618,783000.0,696600.0,1.124031007751938,3093972175.0,256,False,jpx_liquidity,JPX流動性
322,6264,マルマエ,機械,プライム,6264.T,2026-07-02,2723.0,-0.07191547375596452,-0.05876253024542,0.28686200378071836,0.692355500310752,1.3242631758217955,2558.0,2227.3166666666666,0.06450351837372947,0.22254731029115749,-0.12302737520128826,1.2193469746982275,998900.0,1127900.0,0.8856281585246919,3051041170.0,256,False,jpx_liquidity,JPX流動性
323,6753,シャープ,電気機器,プライム,6753.T,2026-07-02,643.5999755859375,0.011631504616347321,0.0708818229383319,-0.04169148454118299,0.009726939024789605,-0.19064390630520323,619.6450012207031,610.2033315022786,0.038659190856124015,0.054730353571552426,-0.21252907720712144,0.7201675744581497,3556000.0,4900070.0,0.7257039185154498,3046000334.7738647,256,False,jpx_liquidity,JPX流動性
324,3498,霞ヶ関キャピタル,不動産業,プライム,3498.T,2026-07-02,7000.0,0.021897810218978186,0.03703703703703698,0.26126126126126126,0.03857566765578646,-0.05660377358490565,6291.5,6244.0,0.11261225462926161,0.12107623318385641,-0.18509895227008144,0.5849159864872203,608700.0,471760.0,1.2902747159572665,3042917900.0,256,False,jpx_liquidity,JPX流動性
325,9831,ヤマダホールディングス,小売業,プライム,9831.T,2026-07-02,640.0999755859375,-0.006672949511500881,-0.03235075497212769,-0.015230806790865414,0.1827419829049688,0.25905771024427326,663.3799987792969,597.8916636149089,-0.035093043559042414,0.07059525084499962,-0.07406337785494754,0.25995147877167074,3703700.0,5028250.0,0.7365783324218167,3021986368.17688,256,False,jpx_liquidity,JPX流動性
326,9684,スクウェア・エニックス・ホールディングス,情報・通信業,プライム,9684.T,2026-07-02,2496.0,0.026104830421377123,0.05650793650793662,0.007060722211014836,-0.038335580812945524,-0.12440404310313813,2435.675,2529.8333333333335,0.024767261642049787,-0.013373740035575565,-0.131642917884513,0.20827395219968234,1156300.0,1242285.0,0.9307848038091098,2991945807.5,256,False,jpx_liquidity,JPX流動性
327,2264,森永乳業,食料品,プライム,2264.T,2026-07-02,1316.5,0.029722330856472468,0.07755269081235938,-0.7290594772586951,-0.7351639509153087,-0.6456531798851004,2589.7375,4053.3458333333333,-0.4916473194677067,-0.6752065937296657,-0.7509458948164964,2.6544840153637024,2405000.0,1593820.0,1.5089533322457993,2984029930.0,256,False,jpx_liquidity,JPX流動性
328,1893,五洋建設,建設業,プライム,1893.T,2026-07-02,1671.5,0.003903903903903938,-0.0023873470605789704,0.0391669257071805,-0.06489510489510486,0.07415429809887897,1710.3,1753.2833333333333,-0.022686078465766202,-0.04664581689591907,-0.2344384954504397,0.5153280565894409,1273200.0,1742065.0,0.7308567705567818,2970219227.5,256,False,jpx_liquidity,JPX流動性
329,7282,豊田合成,輸送用機器,プライム,7282.T,2026-07-02,5169.0,0.007405963749756328,0.011348072784191032,0.09721927403948216,0.254611650485437,0.3115221877633647,4927.65,4636.866666666667,0.048978722108916184,0.11476140497174803,-0.010717703349282348,0.34666722556197704,472100.0,602365.0,0.7837440754359898,2970056055.0,256,False,jpx_liquidity,JPX流動性
330,2871,ニチレイ,食料品,プライム,2871.T,2026-07-02,2177.0,0.036666666666666625,0.013500931098696434,0.13120290984671334,0.08281522009450382,0.18195369685279528,2086.9,1955.65,0.04317408596482819,0.11318487459412463,-0.005936073059360725,0.2891652166479879,1317700.0,1433745.0,0.9190616183491486,2954268400.0,256,False,jpx_liquidity,JPX流動性
331,4208,ＵＢＥ,化学,プライム,4208.T,2026-07-02,3202.0,0.014254038644282652,0.006601697579377452,0.08874532471948315,0.3018906281764586,0.2746044762499158,3122.925,2756.266666666667,0.025320813019845012,0.1617163312693497,-0.0267477203647416,0.3000883215463781,790800.0,944600.0,0.8371797586279907,2944006907.5,256,False,jpx_liquidity,JPX流動性
332,4971,メック,化学,プライム,4971.T,2026-07-02,10310.0,-0.03554724041159962,-0.08276451957482434,-0.024597918637653704,0.5228951255539143,0.9903474903474903,10542.162451171875,9890.220817057292,-0.022022279797639377,0.042443863560531536,-0.1110840180460021,0.709631353015571,220200.0,277475.0,0.7935850076583476,2914616650.0,256,False,jpx_liquidity,JPX流動性
333,8524,北洋銀行,銀行業,プライム,8524.T,2026-07-02,1122.0,0.011722272317403082,0.03203575972001249,0.1402439024390243,0.12424849699398788,0.2847880756590788,1046.5144897460937,1012.438163248698,0.07213040143593297,0.10821583058439987,0.0,0.3226307669240925,1690500.0,2800690.0,0.603601255404918,2897355925.0,256,False,jpx_liquidity,JPX流動性
334,6845,アズビル,電気機器,プライム,6845.T,2026-07-02,1709.5,-0.0017518248175182327,-0.004657933042212514,0.0379477838494231,0.19629111266620014,0.21724048763591508,1638.4,1549.1166666666666,0.04339599609375,0.10353212045574378,-0.005815644082582172,0.241932031155704,1075400.0,1778460.0,0.6046804538758251,2892005305.0,256,False,jpx_liquidity,JPX流動性
335,8227,しまむら,小売業,プライム,8227.T,2026-07-02,3310.0,0.025085165685970967,0.014403922770456656,0.015960712093308738,0.0042475728155340065,-0.6685024623382496,3292.45,3279.4333333333334,0.005330377074822756,0.009320715977353844,-0.6984210042567034,0.2512874964410292,707100.0,866150.0,0.816371298273971,2870737715.0,256,False,jpx_liquidity,JPX流動性
336,8252,丸井グループ,小売業,プライム,8252.T,2026-07-02,2870.0,0.018272130565903932,0.02978112665949051,0.06810569408262013,-0.0804229413649471,-0.08951531285402681,2802.775,2885.5583333333334,0.023985157567053994,-0.0053917930383201584,-0.09261508574350252,0.16758486688336696,733100.0,1019820.0,0.7188523464925183,2862887525.0,256,False,jpx_liquidity,JPX流動性
337,7752,リコー,電気機器,プライム,7752.T,2026-07-02,1422.5,0.01825340014316401,-0.030003409478349785,-0.0616754617414248,0.04981549815498165,0.04759773739917783,1452.85,1415.1583333333333,-0.020889974876965867,0.005187876503806921,-0.08256138225470122,0.2812280860781444,2312600.0,1936375.0,1.1942934607191273,2854630452.5,256,False,jpx_liquidity,JPX流動性
338,7721,東京計器,精密機器,プライム,7721.T,2026-07-02,6360.0,0.015974440894568787,-0.009345794392523366,0.1480144404332131,-0.12517193947730398,0.10667892073044172,5881.5,6662.0,0.08135679673552665,-0.045331732212548825,-0.3054718259038457,0.7099988869459973,311900.0,466940.0,0.6679659056838138,2852398150.0,256,False,jpx_liquidity,JPX流動性
339,5233,太平洋セメント,ガラス・土石製品,プライム,5233.T,2026-07-02,3937.0,0.011822153687997883,-0.037878787878787845,-0.11028248587570622,0.11498159161710553,0.010435981302555186,4175.45,3976.0666666666666,-0.05710761714306234,-0.009825455642930137,-0.17204168576634482,0.2909051780300337,460700.0,678660.0,0.6788377096042201,2845678585.0,256,False,jpx_liquidity,JPX流動性
340,4194,ビジョナル,情報・通信業,プライム,4194.T,2026-07-02,7949.0,0.0814965986394558,0.126239727968263,0.01364447844937522,0.0775382946997425,-0.1962588473205258,7493.55,7543.15,0.060778936552101426,0.05380378223951543,-0.22448780487804876,0.5964634274576691,301600.0,381820.0,0.7899010004714263,2821950895.0,256,True,jpx_liquidity,JPX流動性
341,6135,牧野フライス製作所,機械,プライム,6135.T,2026-07-02,15200.0,-0.013627514600908497,-0.03246339910884788,0.08185053380782925,0.317157712305026,0.4136085617190428,14645.0,13310.666666666666,0.03789689313758959,0.14194130021035756,-0.03246339910884788,0.47543187653675667,149300.0,192800.0,0.7743775933609959,2807986050.0,256,False,jpx_liquidity,JPX流動性
342,9513,電源開発,電気・ガス業,プライム,9513.T,2026-07-02,3683.0,0.013204951856946368,0.006009287080032788,-0.054671457905544174,-0.16617613764998873,0.14509947757799746,3837.85,3955.7,-0.04034811157288587,-0.06893849381904593,-0.17235955056179775,0.2507518037250332,554900.0,734525.0,0.7554542050985331,2768214275.0,256,False,jpx_liquidity,JPX流動性
343,5929,三和ホールディングス,金属製品,プライム,5929.T,2026-07-02,3800.0,0.015499732763228247,0.013603627634035664,0.09731446722494952,0.06831599662637045,-0.0610662262358177,3685.1,3592.6,0.031179615207185707,0.05772977787674671,-0.09275280579927547,0.2520479940354286,404400.0,777100.0,0.5203963453866941,2760826610.0,256,False,jpx_liquidity,JPX流動性
344,6448,ブラザー工業,電気機器,プライム,6448.T,2026-07-02,3695.0,0.010391030899644438,-0.01807068828062719,-0.02890932982917216,0.24097397145256094,0.20304892497422355,3767.1,3457.641666666667,-0.019139391043508258,0.06864746443264558,-0.05110426296866977,0.24833023937416804,611400.0,726990.0,0.8410019395039822,2747834690.0,256,False,jpx_liquidity,JPX流動性
345,2267,ヤクルト本社,食料品,プライム,2267.T,2026-07-02,2790.5,0.03237143914169449,0.02384883507613278,0.03948593779102261,0.03313587560162912,0.1535694543926347,2692.525,2721.1,0.036387777272262944,0.025504391606335775,-0.09604794298671848,0.1990717574015951,941000.0,1024010.0,0.9189363385123193,2731982455.0,256,False,jpx_liquidity,JPX流動性
346,8377,ほくほくフィナンシャルグループ,銀行業,プライム,8377.T,2026-07-02,7051.0,0.029794070395793737,0.07353836784409262,0.10223542285446308,0.1367080444945994,0.49274547174100314,6583.45,6396.716666666666,0.07101899460009564,0.10228424478182818,0.0,0.3642499241300367,528600.0,403350.0,1.3105243584975828,2718390110.0,256,False,jpx_liquidity,JPX流動性
347,7762,シチズン時計,精密機器,プライム,7762.T,2026-07-02,2381.0,-0.022176591375769994,-0.06480754124116261,0.05540780141843982,0.35207268597387853,0.8762763846604995,2343.3,2119.55,0.01608842231041696,0.12335165483239363,-0.06480754124116261,0.40470830196599467,1142100.0,1141585.0,1.000451127160921,2707050495.0,256,False,jpx_liquidity,JPX流動性
348,6103,オークマ,機械,プライム,6103.T,2026-07-02,4790.0,0.003141361256544517,0.05973451327433632,0.1754601226993866,0.2621870882740447,0.33405988740225134,4397.75,4335.833333333333,0.08919333750213188,0.10474726119546429,-0.0607843137254902,0.385187980127971,499700.0,641515.0,0.7789373592199714,2706898550.0,256,False,jpx_liquidity,JPX流動性
349,6471,日本精工,機械,プライム,6471.T,2026-07-02,1160.0,-0.003008165019338205,-0.029694688414889203,-0.014443500424808797,0.03432902362906831,0.18686165510192887,1165.325,1197.5166666666667,-0.004569540686074736,-0.03132872193845593,-0.1640988389225626,0.4523431367592451,2344800.0,2300535.0,1.0192411765089424,2702896100.0,256,False,jpx_liquidity,JPX流動性
350,5021,コスモエネルギーホールディングス,石油・石炭製品,プライム,5021.T,2026-07-02,3875.0,0.016260162601626105,0.054708764289602696,0.057876057876057985,-0.14459161147902866,-0.06514048337514444,3678.6,3889.4166666666665,0.05338987658348282,-0.003706639813168211,-0.19988135337407387,0.22170938614433056,542500.0,735495.0,0.737598488093053,2676207745.0,256,False,jpx_liquidity,JPX流動性
351,6707,サンケン電気,電気機器,プライム,6707.T,2026-07-02,11495.0,-0.01668092386655262,0.06287563569116972,0.24069077172153275,0.3761522806177422,0.941722972972973,9752.1,9284.383333333333,0.17872048071697377,0.23810053800019038,-0.01668092386655262,0.8596952922192781,250500.0,261825.0,0.9567459180750502,2653984545.0,256,False,jpx_liquidity,JPX流動性
352,6507,シンフォニアテクノロジー,電気機器,プライム,6507.T,2026-07-02,15320.0,-0.07038834951456308,-0.03768844221105527,0.020652898067954784,0.2629843363561417,0.5814335431033606,15111.0,14315.166666666666,0.013830984051353301,0.07019361749193753,-0.07932692307692313,0.6600339116466093,138700.0,185435.0,0.7479709871383504,2649901150.0,256,False,jpx_liquidity,JPX流動性
353,3778,さくらインターネット,情報・通信業,プライム,3778.T,2026-07-02,2793.0,-0.08426229508196725,-0.06557377049180324,-0.045128205128205146,-0.058645096056622825,0.007683234443777831,2889.1,3100.15,-0.033262953861063926,-0.09907585116849182,-0.2946969696969697,0.6152804512738623,2065100.0,844375.0,2.4457142857142857,2647863980.0,256,False,jpx_liquidity,JPX流動性
354,3769,ＧＭＯペイメントゲートウェイ,情報・通信業,プライム,3769.T,2026-07-02,9509.0,0.04574947762014747,0.14884620031412354,0.2036708860759493,0.1132053383282603,0.002530311017395981,8431.6,8378.633333333333,0.1277812040419375,0.1349106258379449,-0.047862220887153306,0.44002170820908754,323800.0,310510.0,1.0428005539274097,2646555445.0,256,False,jpx_liquidity,JPX流動性
355,5074,テスホールディングス,建設業,プライム,5074.T,2026-07-02,867.0,-0.005733944954128489,-0.14068521340121665,-0.06270270270270273,0.391653290529695,1.4285714285714284,932.9478118896484,898.7659372965495,-0.07068756799597797,-0.035343948828434835,-0.35056179775280893,0.978719972787568,1425400.0,2785440.0,0.5117324372451031,2643331135.0,256,False,jpx_liquidity,JPX流動性
356,6480,日本トムソン,機械,プライム,6480.T,2026-07-02,2127.0,-0.06587615283267456,-0.12827868852459012,0.07315842583249244,1.3659621802002224,1.6201860555760734,2146.4,1719.9333333333334,-0.009038389862094709,0.2366758401488429,-0.1755813953488372,0.9668528371672328,1048000.0,1242575.0,0.8434098545359435,2622212330.0,256,False,jpx_liquidity,JPX流動性
357,9468,ＫＡＤＯＫＡＷＡ,情報・通信業,プライム,9468.T,2026-07-02,3658.0,0.010497237569060847,0.08836655757215106,0.12831585441085758,-0.061329227610982806,0.1794359929947813,3329.65,3409.9666666666667,0.09861396843512082,0.07273775892237455,-0.061329227610982806,0.4325113084350083,607200.0,776045.0,0.7824288539968688,2604130960.0,256,False,jpx_liquidity,JPX流動性
358,9041,近鉄グループホールディングス,陸運業,プライム,9041.T,2026-07-02,3373.0,0.014436090225563802,0.015352197471402818,-0.059659882910510165,-0.000592592592592589,0.11243441328575621,3450.3,3449.0666666666666,-0.022403848940671822,-0.02205427555280659,-0.0756371608659907,0.20604210555021338,611600.0,748810.0,0.8167625966533567,2590490840.0,256,False,jpx_liquidity,JPX流動性
359,1721,コムシスホールディングス,建設業,プライム,1721.T,2026-07-02,5527.0,0.019553587898911706,0.03308411214953266,0.02961997019374074,0.07571039314908523,0.20610223396386274,5413.5,5438.066666666667,0.02096610326036763,0.016353851246153628,-0.06369642554633237,0.17771370498688407,668000.0,456800.0,1.4623467600700526,2547694460.0,256,False,jpx_liquidity,JPX流動性
360,4666,パーク２４,不動産業,プライム,4666.T,2026-07-02,2000.0,0.015486164001015545,-0.027946537059538312,0.1104941699056079,0.03734439834024905,-0.033816425120772986,1974.35,1901.9583333333333,0.01299161749436517,0.05154774683987995,-0.13755929279862011,0.6289251489044012,860900.0,1264265.0,0.6809490098990323,2545224705.0,256,False,jpx_liquidity,JPX流動性
361,3105,日清紡ホールディングス,電気機器,プライム,3105.T,2026-07-02,2484.5,0.0060741040696496995,0.013909569515616615,0.04831223628691994,0.6334648257725182,0.8893536121673005,2271.9253662109377,2143.2251220703124,0.09356585253660388,0.15923426541399577,0.0,0.5008398826217164,872000.0,1114230.0,0.7826032327257388,2544194302.5,256,False,jpx_liquidity,JPX流動性
362,6055,ジャパンマテリアル,サービス業,プライム,6055.T,2026-07-02,2490.0,-0.07228017883755589,-0.08388520971302427,0.02807597027250197,0.5313653136531364,0.6054926870795416,2429.15,2105.4166666666665,0.025049914579173826,0.18266376410053442,-0.08388520971302427,0.7528849658905173,835000.0,1127235.0,0.7407505977014553,2538700690.0,256,False,jpx_liquidity,JPX流動性
363,5741,ＵＡＣＪ,非鉄金属,プライム,5741.T,2026-07-02,2530.0,0.01810865191146882,0.012810248198558805,-0.22153846153846157,-0.04851447912749152,0.17349742632716425,2784.15,2945.266666666667,-0.09128459314332926,-0.14099459018990934,-0.29230769230769227,0.5452812914704855,636500.0,914770.0,0.6958033166806957,2519272580.0,256,False,jpx_liquidity,JPX流動性
364,6703,沖電気工業,電気機器,プライム,6703.T,2026-07-02,3415.0,0.00589101620029453,-0.11413748378728927,-0.0029197080291970545,0.23151821132347639,0.7106146885613502,3302.5,3278.3166666666666,0.034065102195306673,0.04169314536423685,-0.11413748378728927,0.6540032088843387,653400.0,720620.0,0.9067192140101579,2476419885.0,256,False,jpx_liquidity,JPX流動性
365,4536,参天製薬,医薬品,プライム,4536.T,2026-07-02,2175.5,0.019208245490747178,0.022321428571428603,0.16212606837606836,0.19172829361818677,0.335892626042255,1997.3,1863.8416666666667,0.08922044760426573,0.16721288020709912,0.0,0.2645509598531209,1047300.0,1218515.0,0.8594888039950267,2463655602.5,256,False,jpx_liquidity,JPX流動性
366,7649,スギホールディングス,小売業,プライム,7649.T,2026-07-02,3126.0,0.021902582543314786,0.014605647517039966,0.09722709722709721,-0.1498504215392984,-0.14226566775262628,3038.425,3119.8083333333334,0.028822498498399574,0.0019846304660808833,-0.20172770664897732,0.27090524695524215,526600.0,826215.0,0.637364366417942,2462202105.0,256,False,jpx_liquidity,JPX流動性
367,4403,日油,化学,プライム,4403.T,2026-07-02,2732.0,0.027453930048890518,0.05788964181994194,0.01902275270421483,-0.15626930203829525,-0.07939464635340132,2658.725,2894.7,0.027560202728751593,-0.05620616989670768,-0.1766124171187462,0.24761586687029163,666900.0,929975.0,0.7171160515067609,2450546460.0,256,False,jpx_liquidity,JPX流動性
368,5830,いよぎんホールディングス,銀行業,プライム,5830.T,2026-07-02,3247.0,0.02493686868686873,0.047419354838709626,0.07409857757194849,0.05731032237056333,0.258866159184328,3108.35,3101.4583333333335,0.0446056589508903,0.046926848928595444,-0.09766832445998685,0.2571105809566894,831500.0,788345.0,1.0547412617572256,2444705740.0,256,False,jpx_liquidity,JPX流動性
369,4078,堺化学工業,化学,プライム,4078.T,2026-07-02,4430.0,-0.05240641711229943,-0.13307240704500978,-0.1414728682170543,0.26031294452347087,0.40216544477825256,4779.25,4208.5,-0.07307631950619864,0.05263157894736836,-0.3056426332288401,0.8023845126407476,276400.0,537750.0,0.5139934913993491,2442343850.0,256,False,jpx_liquidity,JPX流動性
370,3288,オープンハウスグループ,不動産業,プライム,3288.T,2026-07-02,8315.0,0.006414911643669807,-0.0100011906179307,0.017249816491313963,-0.19075425790754252,-0.07364081996434935,8447.65,8944.483333333334,-0.01570259184506928,-0.07037671264783318,-0.2850983626185274,0.3186752267246752,387200.0,282030.0,1.3729035918164734,2422970675.0,256,False,jpx_liquidity,JPX流動性
371,4631,ＤＩＣ,化学,プライム,4631.T,2026-07-02,4790.0,-0.006017846026146523,-0.056436521225253666,-0.026224842447651997,0.30127682694919855,0.31955922865013764,4930.615258789063,4365.988419596354,-0.028518805749122134,0.09711697321516177,-0.07775491940913037,0.33560039713090656,267800.0,501045.0,0.5344829306748895,2413913230.0,256,False,jpx_liquidity,JPX流動性
372,4527,ロート製薬,医薬品,プライム,4527.T,2026-07-02,2391.5,0.026394849785407626,0.015498938428874842,0.01787614386039582,-0.029226709965496256,-0.07905981138163443,2365.875,2399.325,0.010831087863898192,-0.0032613339168307,-0.10132124964587108,0.28778681914924287,928100.0,998775.0,0.9292383169382493,2394513912.5,256,False,jpx_liquidity,JPX流動性
373,9143,ＳＧホールディングス,陸運業,プライム,9143.T,2026-07-02,1552.0,0.029860650298606517,0.041960389392413644,0.09604519774011289,0.029860650298606517,0.0889244917189731,1488.675,1480.7833333333333,0.04253782726249855,0.04809391425709375,-0.009385912770530691,0.2902840683850036,1056200.0,1605135.0,0.658013188921804,2387701957.5,256,False,jpx_liquidity,JPX流動性
374,6387,サムコ,機械,プライム,6387.T,2026-07-02,13200.0,-0.061166429587482196,-0.0820584144645341,0.024844720496894457,0.5961305925030229,1.891566265060241,13867.0,11973.333333333334,-0.04809980529314195,0.10244988864142535,-0.18618988902589395,1.1673990629778235,92200.0,166650.0,0.5532553255325533,2375298200.0,256,False,jpx_liquidity,JPX流動性
375,5393,ニチアス,ガラス・土石製品,プライム,5393.T,2026-07-02,3909.0,-0.008119766556711538,-0.03790302731971451,0.10611205432937187,0.350259067357513,0.7115036676306343,3810.5,3452.4666666666667,0.025849626033328965,0.1322339583293104,-0.03790302731971451,0.32162639083086275,413100.0,638225.0,0.6472638959614556,2371841800.0,256,False,jpx_liquidity,JPX流動性
376,3132,マクニカホールディングス,卸売業,プライム,3132.T,2026-07-02,3137.0,-0.023045780130800386,-0.05767497747071193,-0.09752589182968929,0.3701681589866783,0.30466230775775993,3262.9,2956.725,-0.03858530754849987,0.060971175878717254,-0.10191812195820216,0.48315145955687855,460000.0,753860.0,0.6101928740084366,2367636080.0,256,False,jpx_liquidity,JPX流動性
377,4613,関西ペイント,化学,プライム,4613.T,2026-07-02,2698.5,0.02119205298013238,0.01907099697885206,0.131209390064976,0.08373493975903612,0.11615383395839185,2567.975,2444.55,0.050827987032584065,0.10388415045713928,-0.00837569747761946,0.22259113928587168,944700.0,894600.0,1.056002682763246,2351185725.0,256,False,jpx_liquidity,JPX流動性
378,6952,カシオ計算機,電気機器,プライム,6952.T,2026-07-02,1865.0,-0.018421052631578894,-0.03542798034652184,0.0062044780145671385,0.1875198981216173,0.4677572089817663,1855.65,1742.8083333333334,0.005038665696656119,0.07011193619493428,-0.06304948505400654,0.30436334284220784,988300.0,1281350.0,0.7712958988566746,2350105445.0,256,False,jpx_liquidity,JPX流動性
379,6923,スタンレー電気,電気機器,プライム,6923.T,2026-07-02,3614.0,0.02234794908062243,0.014598540145985384,-0.01953336950623985,0.24128456122273745,0.18645019539272778,3609.0,3362.2,0.0013854253255749516,0.07489144012848725,-0.04568259836282018,0.23368649100463673,657700.0,652575.0,1.0078535034287246,2345457530.0,256,False,jpx_liquidity,JPX流動性
380,7951,ヤマハ,その他製品,プライム,7951.T,2026-07-02,1155.0,0.0158311345646438,0.006535947712418277,0.03125,-0.0008650519031141446,0.06357823231107185,1121.9,1138.8166666666666,0.029503520812906636,0.014210657261192194,-0.04977375565610864,0.20451055805674676,1850100.0,2076250.0,0.8910776640577965,2342882817.5,256,False,jpx_liquidity,JPX流動性
381,9989,サンドラッグ,小売業,プライム,9989.T,2026-07-02,3790.0,0.014725568942436373,-0.0005274261603375185,0.015541264737406246,-0.03953370501773945,-0.10084307545883309,3793.6,3782.55,-0.000948966680725416,0.0019695707921905115,-0.10251786686579056,0.18998750424108185,541800.0,619110.0,0.8751271987207443,2303358050.0,256,False,jpx_liquidity,JPX流動性
382,6376,日機装,精密機器,プライム,6376.T,2026-07-02,3930.0,0.010282776349614497,-0.04967183342903159,0.2300469483568075,0.477999247837533,1.4274243360098828,3810.8823852539062,3169.0107950846354,0.03125722672707387,0.24013462058750745,-0.06539833531510109,0.4135046546457849,355200.0,606305.0,0.5858437585043831,2303163700.0,256,False,jpx_liquidity,JPX流動性
383,8050,セイコーグループ,精密機器,プライム,8050.T,2026-07-02,7840.0,-0.02608695652173909,-0.03685503685503688,0.1200000000000001,0.33333333333333326,1.0980881069679547,7473.5,6751.0,0.049039941125309516,0.16130943563916467,-0.03685503685503688,0.5449709038641701,286400.0,306340.0,0.9349089247241626,2297340350.0,256,False,jpx_liquidity,JPX流動性
384,3923,ラクス,情報・通信業,プライム,3923.T,2026-07-02,1006.0,0.08674515148975681,0.12970241437394714,0.040869115364718045,0.3236842105263158,-0.02504007246820017,931.1000061035156,899.638335164388,0.08044248029803724,0.11822713714859301,-0.051008640256689275,0.5740824630918759,2844000.0,2552830.0,1.1140577320072234,2295188725.0445557,256,True,jpx_liquidity,JPX流動性
385,9007,小田急電鉄,陸運業,プライム,9007.T,2026-07-02,1665.5,0.013077858880778503,0.005129752564876355,0.01000606428138262,-0.024597364568082036,-0.013913415782241034,1663.075,1649.9666666666667,0.0014581422966493118,0.009414331602658699,-0.059828717053756364,0.20484003667507283,1410800.0,1376100.0,1.0252161906838166,2267436982.5,256,False,jpx_liquidity,JPX流動性
386,3480,ジェイ・エス・ビー,不動産業,プライム,3480.T,2026-07-02,8980.0,0.0,0.0,0.37519142419601836,0.8050251256281407,1.5916305916305915,8294.5,6502.666666666667,0.0826451262885044,0.38097190896042643,0.0,0.6632714858426217,124800.0,256225.0,0.48707190945458095,2259278300.0,256,False,jpx_liquidity,JPX流動性
387,1662,石油資源開発,鉱業,プライム,1662.T,2026-07-02,1604.0,0.021656050955414008,0.02230720203951564,-0.0679837303893085,-0.37757081878152887,0.035253867872291345,1639.5,1962.1666666666667,-0.021652942970417866,-0.18253631190011044,-0.4046028210838901,0.25415045049540747,1012700.0,1415750.0,0.71530990641003,2253397870.0,256,False,jpx_liquidity,JPX流動性
388,2501,サッポロホールディングス,食料品,プライム,2501.T,2026-07-02,1863.5,-0.0045405982905982745,-0.07691139268673597,0.17756714060031586,0.04956350323852443,0.1195554220486632,1798.527276611328,1750.7257588704426,0.03612551459941682,0.06441570906132021,-0.08919843597262955,0.41904867936020074,1344200.0,1207875.0,1.1128634999482563,2241286695.0,256,False,jpx_liquidity,JPX流動性
389,7276,小糸製作所,電気機器,プライム,7276.T,2026-07-02,2591.0,0.01072752096742735,-0.014828897338403091,-0.09516326174262268,0.03910166432725082,0.12131627399721956,2728.925,2676.0916666666667,-0.050541880044339904,-0.03179699250461654,-0.10946898092455748,0.2573440647318905,672300.0,843060.0,0.7974521386378194,2240686160.0,256,False,jpx_liquidity,JPX流動性
390,4443,Ｓａｎｓａｎ,情報・通信業,プライム,4443.T,2026-07-02,1676.0,0.0661577608142494,0.1736694677871149,0.07367072389493923,0.3804862844146468,-0.0369068768135431,1507.95,1418.3554178873699,0.1114426870917471,0.1816502259330668,-0.1504700051040634,0.6790570930876038,2009800.0,1471325.0,1.3659796441982566,2206384635.0,256,True,jpx_liquidity,JPX流動性
391,7966,リンテック,その他製品,プライム,7966.T,2026-07-02,7020.0,-0.012658227848101222,0.044642857142857206,0.21663778162911607,0.5344262295081967,0.5907647974067929,6299.5,5589.0,0.11437415667910145,0.2560386473429952,-0.012658227848101222,0.35712034240977697,386900.0,336625.0,1.1493501670998887,2201854150.0,256,False,jpx_liquidity,JPX流動性
392,9508,九州電力,電気・ガス業,プライム,9508.T,2026-07-02,1639.0,-0.002130898021308947,-0.006064281382656134,0.017696367587705764,-0.14233385661957088,-0.01916991371314436,1646.325,1704.8,-0.004449303752296796,-0.03859690286250583,-0.17501184484897614,0.1933219950345201,3873200.0,1218635.0,3.178310158497007,2191107920.0,256,True,jpx_liquidity,JPX流動性
393,8366,滋賀銀行,銀行業,プライム,8366.T,2026-07-02,2593.0,-0.029565868263473072,0.11144449207029572,0.2508441871683551,0.3640189374013676,0.7753613576884275,2335.7,2115.3333333333335,0.11015969516633128,0.22581153482508665,-0.029565868263473072,0.3682422118926042,1334000.0,900815.0,1.4808812020226128,2190695330.0,256,False,jpx_liquidity,JPX流動性
394,4732,ユー・エス・エス,サービス業,プライム,4732.T,2026-07-02,1914.0,0.01673306772908356,0.003933910306844979,0.056291390728476776,0.1298701298701299,0.1359806749467003,1886.175,1790.3,0.014752077617400383,0.06909456515667767,-0.007003891050583633,0.18376206799082812,919200.0,1144875.0,0.802882410743531,2172014055.0,256,False,jpx_liquidity,JPX流動性
395,9506,東北電力,電気・ガス業,プライム,9506.T,2026-07-02,1063.5,0.0014124293785311437,0.018678160919540332,0.07272541235668228,-0.10667786644267119,-0.07578080320643532,1037.1649993896485,1068.0333333333333,0.02539133178023656,-0.004244561655379009,-0.18204496832137118,0.19925230129104188,1949700.0,2114795.0,0.9219333315995167,2153251469.864197,256,False,jpx_liquidity,JPX流動性
396,6925,ウシオ電機,電気機器,プライム,6925.T,2026-07-02,4684.0,-0.029826014913007404,0.03904170363797688,0.08677494199535962,0.5212731406300748,0.856762931758654,4377.5,3839.25,0.07001713306681889,0.22002995376701184,-0.029826014913007404,0.5912275552985632,755100.0,471995.0,1.5998050826809607,2151853585.0,256,False,jpx_liquidity,JPX流動性
397,9064,ヤマトホールディングス,陸運業,プライム,9064.T,2026-07-02,1909.0,0.0377820059798859,0.05353200883002218,0.06026103860038878,0.07458485786659153,-0.13925368251366865,1800.25,1797.7166666666667,0.060408276628246105,0.061902598666827346,-0.14741149063836212,0.21051649464593808,1371500.0,1158255.0,1.1841088534044748,2145653400.0,256,False,jpx_liquidity,JPX流動性
398,4369,トリケミカル研究所,化学,プライム,4369.T,2026-07-02,3540.0,-0.015299026425591111,-0.020746887966805017,-0.1376370280146163,0.30147058823529416,0.274387990386614,3635.0,3455.3333333333335,-0.02613480055020634,0.02450318348446845,-0.15311004784688997,0.6746463205736163,610500.0,594585.0,1.0267665682787155,2121722800.0,256,False,jpx_liquidity,JPX流動性
399,6508,明電舎,電気機器,プライム,6508.T,2026-07-02,9480.0,-0.049147442326980983,-0.08050436469447142,0.001055966209081216,0.17910447761194037,0.6341395155836325,9786.5,9448.333333333334,-0.031318653246819594,0.0033515611218908337,-0.1459459459459459,0.5701176561835581,236200.0,216435.0,1.0913207198466053,2120849200.0,256,False,jpx_liquidity,JPX流動性
400,5232,住友大阪セメント,ガラス・土石製品,プライム,5232.T,2026-07-02,5875.0,-0.035462157281234585,-0.07799748901443815,0.05855855855855863,0.5608395324123272,0.5556629843361856,5817.9,4926.666666666667,0.009814537891679187,0.1924898511502029,-0.07799748901443815,0.6111197201119911,255100.0,374905.0,0.6804390445579547,2119033680.0,256,False,jpx_liquidity,JPX流動性
401,9401,ＴＢＳホールディングス,情報・通信業,プライム,9401.T,2026-07-02,6415.0,0.0006239276243955594,0.07077282590552492,0.12603124451465675,0.14553571428571432,0.1110003317461441,6070.75,5857.016666666666,0.05670633776716216,0.0952674996656433,0.0,0.2819899280532085,449900.0,341770.0,1.316382362407467,2111298525.0,256,False,jpx_liquidity,JPX流動性
402,8334,群馬銀行,銀行業,プライム,8334.T,2026-07-02,2405.5,0.019927920288318912,0.03752426137588949,0.08088070096607503,0.07797445664351343,0.3826644909854613,2325.9,2250.075,0.034223311406337276,0.0690754752619358,0.0,0.23495057721568563,865400.0,904490.0,0.956782275094252,2109031107.5,256,False,jpx_liquidity,JPX流動性
403,7581,サイゼリヤ,小売業,プライム,7581.T,2026-07-02,5400.0,0.009345794392523255,0.0,0.04854368932038833,-0.19402985074626866,-0.014598540145985384,5291.0,5327.333333333333,0.020601020601020537,0.013640345388562292,-0.2447552447552448,0.2572992178296277,300000.0,403815.0,0.742914453400691,2102076650.0,256,False,jpx_liquidity,JPX流動性
404,6951,日本電子,電気機器,プライム,6951.T,2026-07-02,7484.0,-0.03680823680823686,0.023103212576896848,0.022404371584699545,0.2315287148263947,0.5063825939619808,6971.9,6719.433333333333,0.0734520001721195,0.11378439650168914,-0.03680823680823686,0.5065211459410329,287000.0,305650.0,0.9389824963193195,2098523820.0,256,False,jpx_liquidity,JPX流動性
405,3046,ジンズホールディングス,小売業,プライム,3046.T,2026-07-02,7820.0,0.0038510911424902705,-0.008871989860583018,-0.020050125313283207,0.47547169811320744,0.43476134941042166,8303.5,7412.333333333333,-0.05822845787920761,0.05499842604667893,-0.14254385964912286,0.47390205069098257,151300.0,248850.0,0.6079967852119751,2091123550.0,256,False,jpx_liquidity,JPX流動性
406,6460,セガサミーホールディングス,機械,プライム,6460.T,2026-07-02,2305.0,0.03828828828828823,0.07559496033597757,-0.022269353128313907,-0.06071719641401796,-0.04920119558824709,2205.9,2304.9333333333334,0.04492497393354178,2.8923468502251026e-05,-0.16004207049316466,0.3017880807835331,935700.0,947630.0,0.9874106982683115,2081413962.5,256,False,jpx_liquidity,JPX流動性
407,6962,大真空,電気機器,プライム,6962.T,2026-07-02,931.0,-0.008519701810436597,-0.03722854188210967,-0.05193482688391038,0.5262295081967212,0.627858783834476,995.9,855.4166666666666,-0.06516718546038758,0.08835849975645393,-0.2324814509480626,0.9437065652780702,771100.0,2017175.0,0.38226727973527336,2081042170.0,256,False,jpx_liquidity,JPX流動性
408,6961,エンプラス,電気機器,プライム,6961.T,2026-07-02,12950.0,-0.032137518684603905,-0.03141361256544506,-0.02704733283245675,0.031872509960159334,0.37093380081492233,12759.0,13942.5,0.014969825221412325,-0.07118522503137892,-0.2637862421830586,0.8068105682840462,161100.0,164100.0,0.9817184643510055,2077721750.0,256,False,jpx_liquidity,JPX流動性
409,7956,ピジョン,その他製品,プライム,7956.T,2026-07-02,2101.5,0.02039329934450107,0.06725565854192883,0.1319687584163749,0.2690217391304348,0.30690298507462677,1970.1497680664063,1828.7415893554687,0.0666701760762618,0.1491508763360403,0.0,0.2425684526287747,1060400.0,1016650.0,1.0430334923523337,2073725980.0,256,False,jpx_liquidity,JPX流動性
410,4912,ライオン,化学,プライム,4912.T,2026-07-02,1729.5,0.011995318899941543,0.028995043589741254,0.09635499207606979,0.04406881980078481,0.05457317073170742,1664.8296691894532,1615.318223063151,0.03884501340130031,0.07068686238202937,-0.07735396105628167,0.2062678066393564,954000.0,1223820.0,0.7795264009413149,2065040785.0,256,False,jpx_liquidity,JPX流動性
411,5857,ＡＲＥホールディングス,非鉄金属,プライム,5857.T,2026-07-02,2960.0,0.015785861358956765,0.034965034965035,-0.06329113924050633,-0.1754874651810585,-0.06803923315492,3070.3,3453.766666666667,-0.03592482819268483,-0.14296468589848765,-0.35989532071915054,0.4697287571085931,670200.0,667050.0,1.0047222846863053,2056014215.0,256,False,jpx_liquidity,JPX流動性
412,3349,コスモス薬品,小売業,プライム,3349.T,2026-07-02,6366.0,0.04738400789733466,0.06099999999999994,0.1050164901926749,-0.037614160694676935,-0.17152429964540472,6070.4,6141.822208658854,0.048695308381655256,0.036500208525264144,-0.17864067394268057,0.2998722534657239,498200.0,327965.0,1.519064534325309,2051846920.0,256,False,jpx_liquidity,JPX流動性
413,5384,フジミインコーポレーテッド,ガラス・土石製品,プライム,5384.T,2026-07-02,4455.0,-0.0357142857142857,-0.056144067796610186,0.042105263157894646,0.6071428571428572,0.8955221554982844,4378.5,3690.75,0.01747173689619741,0.20707173338752294,-0.12475442043222007,0.707460569263609,367400.0,474490.0,0.7743050433096588,2047572275.0,256,False,jpx_liquidity,JPX流動性
414,9142,九州旅客鉄道,陸運業,プライム,9142.T,2026-07-02,3502.0,0.01980198019801982,0.016250725478816008,0.030303030303030276,-0.06861702127659575,-0.12855272978236287,3472.35,3578.9,0.008538885769003635,-0.021487049093296795,-0.14159711785395446,0.18550124152098466,710300.0,582510.0,1.2193782080994318,2029119055.0,256,False,jpx_liquidity,JPX流動性
415,2607,不二製油,食料品,プライム,2607.T,2026-07-02,3953.0,0.02568759730150494,0.016195372750642756,0.16504568228706162,0.10728291316526617,0.07169234255843926,3804.45,3583.25,0.03904637989722559,0.10318844624293577,-0.06519447075528462,0.5554020393495738,175400.0,537975.0,0.3260374552720851,2027940585.0,256,False,jpx_liquidity,JPX流動性
416,8358,スルガ銀行,銀行業,プライム,8358.T,2026-07-02,2503.0,0.010496568429551933,0.05969517358171039,0.10801239486498448,0.19703491152558583,0.4781763173162654,2382.6,2312.0,0.05053303114244945,0.08261245674740492,0.0,0.2652868860161133,953600.0,835690.0,1.1410929890270316,2021310875.0,256,False,jpx_liquidity,JPX流動性
417,1951,エクシオグループ,建設業,プライム,1951.T,2026-07-02,2729.0,0.016766020864381614,-0.011231884057971042,-0.023438897835033057,-0.019051042415528352,0.046871789396591534,2785.775,2821.025,-0.020380325044197733,-0.03262112175539034,-0.08790106951871657,0.2506932943374698,494700.0,724115.0,0.6831787768517431,2020509762.5,256,False,jpx_liquidity,JPX流動性
418,7189,西日本フィナンシャルホールディングス,銀行業,プライム,7189.T,2026-07-02,4227.0,0.01051876643557259,0.015129682997118143,0.059929789368104336,0.054640718562874335,0.2994359161527289,4133.8,4074.75,0.022545841598529126,0.03736425547579603,-0.039761473751464216,0.257231497228091,450000.0,488960.0,0.9203206806282722,2013406175.0,256,False,jpx_liquidity,JPX流動性
419,6465,ホシザキ,機械,プライム,6465.T,2026-07-02,5539.0,0.03960210210210202,0.05545597999225893,0.08906802988596141,0.06437355880092244,0.06416906820365043,5236.1785888671875,5193.609529622396,0.05783252156002683,0.06650297224071755,-0.017385133936490993,0.3212584842643266,544100.0,368450.0,1.4767268286063238,2010200915.0,256,False,jpx_liquidity,JPX流動性
420,9009,京成電鉄,陸運業,プライム,9009.T,2026-07-02,1178.5,0.03513394817742643,0.05458612975391497,0.13045563549160666,-0.04420113544201132,-0.06806397144537335,1101.95,1118.3083333333334,0.06946776169517666,0.05382385597293515,-0.12750566192565116,0.1910307871247014,2465300.0,1748085.0,1.4102861130894664,1975943125.0,256,False,jpx_liquidity,JPX流動性
421,2181,パーソルホールディングス,サービス業,プライム,2181.T,2026-07-02,252.10000610351562,0.04044574052136696,0.04779717251982207,0.069126390334185,0.05879882251625568,-0.10494466155285698,243.30500030517578,240.03333231608073,0.03614806842156271,0.05027082560160956,-0.12016153778070982,0.24623906003721505,9980600.0,7929950.0,1.2585955775257094,1967885356.796646,256,True,jpx_liquidity,JPX流動性
422,6432,竹内製作所,機械,プライム,6432.T,2026-07-02,7230.0,0.014025245441795287,0.00277392510402219,-0.03728362183754996,0.11059907834101379,0.08848426164218148,7368.0,7060.5,-0.018729641693811083,0.024006798385383554,-0.07188703465982027,0.3446636715698045,240200.0,280810.0,0.8553826430682668,1949751950.0,256,False,jpx_liquidity,JPX流動性
423,4902,コニカミノルタ,電気機器,プライム,4902.T,2026-07-02,566.4000244140625,0.031318302667020737,-0.03934862980416365,-0.10662456717024837,0.024046373920077135,-0.1688220655088266,579.7300018310547,573.4799987792969,-0.022993423446932115,-0.01234563433825897,-0.21529531391703427,0.3875577272207746,3287800.0,3458330.0,0.9506900729542872,1934448473.4197998,256,False,jpx_liquidity,JPX流動性
424,1959,クラフティア,建設業,プライム,1959.T,2026-07-02,9132.0,-0.014780450965584224,-0.03833192923336137,0.05841446453407517,-0.042265338227582605,0.18589634290519608,9164.25,9258.083333333334,-0.003519109583435598,-0.013618729578656508,-0.12390715212824621,0.31713987721797704,127900.0,211535.0,0.6046280757321484,1924774405.0,256,False,jpx_liquidity,JPX流動性
425,6814,古野電気,電気機器,プライム,6814.T,2026-07-02,5820.0,0.03743315508021383,-0.05057096247960846,-0.05672609400324147,-0.12481203007518793,-0.28261213022372333,5934.5,6472.166666666667,-0.019293959052995246,-0.10076481343187504,-0.3292382404704228,0.44576059782690663,325600.0,318885.0,1.0210577480910046,1907481950.0,256,False,jpx_liquidity,JPX流動性
426,8341,七十七銀行,銀行業,プライム,8341.T,2026-07-02,3447.0,0.021938926771420064,0.03296373988612533,0.09742120343839544,0.07349735284957948,0.35808430717501794,3298.45,3205.525,0.045036304931104,0.07533087403779404,0.0,0.22524913696171467,708100.0,564450.0,1.2544955266188325,1903181125.0,256,False,jpx_liquidity,JPX流動性
427,9301,三菱倉庫,倉庫・運輸関連業,プライム,9301.T,2026-07-02,1569.0,0.009003215434083556,0.05160857908847194,0.03907284768211916,0.10298769771528993,0.30408484291625615,1479.75,1449.325,0.06031424227065374,0.0825729218774256,0.0,0.23697177864264105,958800.0,1300160.0,0.7374476987447699,1892736602.5,256,False,jpx_liquidity,JPX流動性
428,9509,北海道電力,電気・ガス業,プライム,9509.T,2026-07-02,930.2999877929688,0.005621027288145397,0.0012915856619999388,0.01906009739683645,-0.15041097005208337,-0.1410703359330332,924.1099975585937,970.4066660563151,0.006698326228185447,-0.04132976376423492,-0.24323382988241404,0.20543743501543005,1913800.0,2038090.0,0.9390164320515777,1880520560.559082,256,False,jpx_liquidity,JPX流動性
429,4401,ＡＤＥＫＡ,化学,プライム,4401.T,2026-07-02,4149.0,-0.011436740528949274,-0.04686423156443831,0.03388985796162469,0.11352657004830924,0.07148574849828226,4115.5,4048.3333333333335,0.008139958692746863,0.024866200082338308,-0.14912701713221177,0.344817022366768,435200.0,451440.0,0.9640262271841219,1878932655.0,256,False,jpx_liquidity,JPX流動性
430,9364,上組,倉庫・運輸関連業,プライム,9364.T,2026-07-02,5148.0,0.010204081632652962,0.09160305343511443,0.08538899430740043,-0.06485013623978197,0.021953215107931134,4820.2,5034.033333333334,0.06800547695116399,0.022639235602995633,-0.09612666275732229,0.3249079280194982,358400.0,380805.0,0.9411641128661651,1878439010.0,256,False,jpx_liquidity,JPX流動性
431,4202,ダイセル,化学,プライム,4202.T,2026-07-02,1393.5,0.0007181328545780019,0.035674470457079055,0.09037558685446001,0.12333736396614259,0.009069340086419464,1327.0,1270.7666666666667,0.050113036925395704,0.09658211578312303,-0.137088631717032,0.27924698712273927,1015300.0,1414895.0,0.7175797497340792,1877916450.0,256,False,jpx_liquidity,JPX流動性
432,5331,ノリタケ,ガラス・土石製品,プライム,5331.T,2026-07-02,3965.0,-0.031746031746031744,-0.08640552995391704,0.005069708491761693,0.24489795918367352,0.3982475758063111,4122.75,3703.3333333333335,-0.03826329513067739,0.0706570657065706,-0.12665198237885467,0.4691524918075781,387800.0,459565.0,0.8438414587707941,1875274100.0,256,False,jpx_liquidity,JPX流動性
433,3186,ネクステージ,小売業,プライム,3186.T,2026-07-02,4060.0,-0.007334963325183352,0.03969270166453276,0.09139784946236551,0.1751085383502171,0.45990650845019787,3869.0,3665.5833333333335,0.049366761437063866,0.10759997271921251,-0.04132231404958675,0.42981713935309873,307400.0,477885.0,0.6432509913472907,1868320350.0,256,False,jpx_liquidity,JPX流動性
434,3774,インターネットイニシアティブ,情報・通信業,プライム,3774.T,2026-07-02,3311.0,0.04745333755140768,0.07850162866449506,0.03436426116838498,0.30895433880213474,0.22189571718390866,3087.75,2943.425,0.07230183790786171,0.12488002921766306,0.0,0.27566640083424754,675500.0,597605.0,1.1303452949690849,1859278797.5,256,False,jpx_liquidity,JPX流動性
435,8283,ＰＡＬＴＡＣ,卸売業,プライム,8283.T,2026-07-02,6641.0,0.0003012501882813101,0.00045194335643272687,0.001357056694813119,0.34514887583552767,0.38580948050057096,6638.15,5901.616666666667,0.0004293364868224181,0.12528487956689838,-0.0009026628554235083,0.009576582459438444,231200.0,285565.0,0.8096230280321468,1854284540.0,256,False,jpx_liquidity,JPX流動性
436,7245,大同メタル工業,輸送用機器,プライム,7245.T,2026-07-02,1793.0,0.012422360248447228,0.02633085289066961,0.5951957295373667,1.0468036529680367,0.8328540601664287,1461.05,1122.7166666666667,0.22719961671400712,0.5970191351335303,0.0,0.5982410142324784,1174900.0,1194955.0,0.983216941223728,1847304745.0,256,False,jpx_liquidity,JPX流動性
437,7180,九州フィナンシャルグループ,銀行業,プライム,7180.T,2026-07-02,1487.5,0.014319809069212486,0.043127629733520356,0.061741613133476037,0.2108262108262109,0.4441360770212228,1444.575,1372.7,0.029714621947631636,0.08363080061193262,0.0,0.24191466856805205,1334500.0,1276660.0,1.045305719612113,1836582077.5,256,False,jpx_liquidity,JPX流動性
438,1961,三機工業,建設業,プライム,1961.T,2026-07-02,2851.0,-0.005580746424834304,-0.08767999999999998,0.2654238792720818,0.17809917355371896,0.4659890904121906,2777.85,2533.3888916015626,0.026333315333801455,0.12537005646916266,-0.08767999999999998,0.5518033140613233,486200.0,673645.0,0.7217451328221838,1832318035.0,256,False,jpx_liquidity,JPX流動性
439,8056,ＢＩＰＲＯＧＹ,情報・通信業,プライム,8056.T,2026-07-02,4404.0,0.04459203036053139,0.06428226196230069,-0.02587923025879235,-0.04675324675324677,-0.17057830038750033,4322.25,4544.616666666667,0.01891376019434321,-0.03094137019257215,-0.19361774260688946,0.30285233306888715,549700.0,414035.0,1.3276655355223592,1822869910.0,256,False,jpx_liquidity,JPX流動性
440,543A,ＡＲＣＨＩＯＮ,輸送用機器,プライム,543A.T,2026-07-02,298.0,0.03114186851211076,0.05673758865248235,-0.05696202531645567,-0.4258188824662813,-0.25125628140703515,292.3,340.46666666666664,0.019500513171399225,-0.12473076169962793,-0.4258188824662813,0.4413473109963305,5032200.0,6218835.0,0.8091869297062875,1815594465.0,256,True,jpx_liquidity,JPX流動性
441,4205,日本ゼオン,化学,プライム,4205.T,2026-07-02,2293.0,0.007247968372501745,-0.05423798721385853,0.05961182994454717,0.30173147885325013,0.29122093091196044,2291.625,2080.525,0.0006000109092891837,0.10212566539695511,-0.05423798721385853,0.28311875488532884,702200.0,787610.0,0.8915580045961834,1813703177.5,256,False,jpx_liquidity,JPX流動性
442,8418,山口フィナンシャルグループ,銀行業,プライム,8418.T,2026-07-02,2933.5,0.013298791018998335,0.019284225156358525,0.07316627034936896,0.13022539009824707,0.3705425005512115,2874.95,2778.7083333333335,0.020365571575157837,0.05570633837664385,0.0,0.2644639915865329,465600.0,637385.0,0.7304847148897449,1808591000.0,256,False,jpx_liquidity,JPX流動性
443,3915,テラスカイ,情報・通信業,プライム,3915.T,2026-07-02,2202.0,-0.022636484687083902,-0.10633116883116878,-0.36814921090387376,0.39367088607594947,0.02704954891607647,2501.45,2132.4166666666665,-0.11971056787063494,0.03263120872249803,-0.36814921090387376,0.8200257346462819,141700.0,1002620.0,0.1413297161437035,1789034785.0,256,False,jpx_liquidity,JPX流動性
444,7327,第四北越フィナンシャルグループ,銀行業,プライム,7327.T,2026-07-02,2189.0,0.020037278657968338,0.03891789273849078,0.08259149357072215,0.13009808982963356,0.3410470468721769,2105.7,2034.8666666666666,0.03955929144702486,0.07574615863447232,0.0,0.24664647305409568,816100.0,842735.0,0.9683945724338019,1775721830.0,256,False,jpx_liquidity,JPX流動性
445,6490,ＰＩＬＬＡＲ,機械,プライム,6490.T,2026-07-02,10330.0,-0.0842198581560284,-0.046168051708217916,0.10481283422459886,0.37367021276595747,1.1352811141657333,10007.0,9452.333333333334,0.03227740581592875,0.0928518531579503,-0.0842198581560284,0.7282858862844738,172500.0,170920.0,1.0092440908027147,1759352200.0,256,False,jpx_liquidity,JPX流動性
446,1980,ダイダン,建設業,プライム,1980.T,2026-07-02,2798.0,-0.0099079971691437,-0.03650137741046833,0.17071129707112975,0.02829841969864022,0.13450046713993746,2697.25,2694.2,0.03735285939382704,0.0385272065919382,-0.22223344245918641,0.37169089182462234,556700.0,644935.0,0.8631877631079101,1746674895.0,256,False,jpx_liquidity,JPX流動性
447,6235,オプトラン,機械,プライム,6235.T,2026-07-02,3765.0,-0.04562737642585546,-0.08188598017201776,-0.039540816326530615,0.37358628237869396,0.9640062597809076,3823.67294921875,3829.290983072917,-0.015344656825510672,-0.016789265521244046,-0.21887966804979253,0.6672448642314613,377600.0,487875.0,0.7739687419933384,1745748025.0,256,False,jpx_liquidity,JPX流動性
448,8282,ケーズホールディングス,小売業,プライム,8282.T,2026-07-02,1831.0,-0.010002703433360405,-0.04535974973931178,-0.12455175711212052,0.04034090909090904,0.14717861729796655,1988.775,1934.6916666666666,-0.07933275508793103,-0.05359596490396834,-0.14379237783493104,0.21498018180024875,1468600.0,839225.0,1.7499478685692156,1744892427.5,256,False,jpx_liquidity,JPX流動性
449,6472,ＮＴＮ,機械,プライム,6472.T,2026-07-02,401.5,-0.00864197530864197,-0.04631828978622332,-0.06301050175029177,0.2188828398283864,0.09839992392556751,423.725,400.98166707356773,-0.05245147206324863,0.0012926599118985305,-0.16249477448534366,0.34175340296655426,3857100.0,4042725.0,0.954084188264104,1739038169.549408,256,True,jpx_liquidity,JPX流動性
450,9404,日本テレビホールディングス,情報・通信業,プライム,9404.T,2026-07-02,2869.5,0.017012227538543367,0.06336853807670928,0.02775787965616039,-0.0743548387096774,-0.23384030517392884,2814.05,2931.775,0.019704696078605588,-0.021241398129119737,-0.2547069425385198,0.2242751731388018,484800.0,620530.0,0.7812676260615925,1738816652.5,256,False,jpx_liquidity,JPX流動性
451,4967,小林製薬,化学,プライム,4967.T,2026-07-02,5505.0,0.014372581536760576,0.0010382198627005845,-0.021681180024880065,-0.09352873373950277,0.029934518241347075,5446.9996337890625,5716.949877929687,0.010648131101597125,-0.037073943703428425,-0.10004904364884748,0.19297790850388014,221600.0,310340.0,0.714055551975253,1724319880.0,256,False,jpx_liquidity,JPX流動性
452,4092,日本化学工業,化学,プライム,4092.T,2026-07-02,4385.0,-0.06503198294243073,-0.1679316888045541,-0.15510597302504814,0.49914529914529915,0.5690887174398733,4996.25,4201.366666666667,-0.12234175631723798,0.043707999777850004,-0.21274685816876127,0.7506190400911212,259300.0,361825.0,0.716644786844469,1715826400.0,256,False,jpx_liquidity,JPX流動性
453,2222,寿スピリッツ,食料品,プライム,2222.T,2026-07-02,2491.5,0.01116071428571419,0.018810059292578174,0.16752577319587636,0.3144289105776841,0.40148217973036004,2354.075,2129.383333333333,0.058377494344912684,0.17005705877288424,0.0,0.31911001976636155,551100.0,731955.0,0.7529151382257105,1709407047.5,256,False,jpx_liquidity,JPX流動性
454,2670,エービーシー・マート,小売業,プライム,2670.T,2026-07-02,2757.0,0.014348785871964642,-0.01816239316239321,0.023765317489788274,0.03783173348390734,0.06033035230975736,2742.6,2719.0833333333335,0.005250492233646931,0.013944650464310815,-0.05078326734377692,0.22254333608199559,500000.0,629110.0,0.794773569010189,1700737212.5,256,False,jpx_liquidity,JPX流動性
455,5444,大和工業,鉄鋼,プライム,5444.T,2026-07-02,12360.0,0.01812191103789118,0.02148760330578514,0.0528109028960817,0.012699713232281917,0.14726395100226886,12009.5,11917.75,0.029185228360880888,0.03710851461055986,-0.03402228016913522,0.25556053015239305,128600.0,142545.0,0.9021712441685081,1690711475.0,256,False,jpx_liquidity,JPX流動性
456,9072,ニッコンホールディングス,陸運業,プライム,9072.T,2026-07-02,5661.0,0.03265231667274726,-0.06507018992568125,-0.05916569719129139,0.1781477627471384,0.6470379152221539,6034.05,5585.283333333334,-0.061824147960325204,0.013556459385826392,-0.1298801106670765,0.4361645110019268,239900.0,278295.0,0.8620348910328968,1688965280.0,256,False,jpx_liquidity,JPX流動性
457,1332,ニッスイ,水産・農林業,プライム,1332.T,2026-07-02,1280.0,0.028112449799196693,0.006685017695635009,0.022364217252396124,-0.06227106227106227,0.13759706574389652,1272.7,1284.3583333333333,0.005735837196511273,-0.0033933935882379807,-0.16867908121634723,0.21422095942189445,1627000.0,1283695.0,1.2674350215588595,1682166232.5,256,False,jpx_liquidity,JPX流動性
458,3635,コーエーテクモホールディングス,情報・通信業,プライム,3635.T,2026-07-02,1558.5,0.01762977473065619,0.03658131027602263,0.07445708376421933,-0.028063610851262855,-0.1493036003453363,1488.35,1544.3833333333334,0.04713273087647396,0.009140649450158023,-0.15330374979416572,0.24434008311479083,859900.0,1138270.0,0.755444666028271,1672883940.0,256,False,jpx_liquidity,JPX流動性
459,3397,トリドールホールディングス,小売業,プライム,3397.T,2026-07-02,3892.0,0.02583025830258312,0.0340063761955367,0.04315196998123838,-0.13798449612403096,-0.07275725618222628,3740.15,3928.866666666667,0.040599975936793875,-0.009383537237201645,-0.13798449612403096,0.3153988720345401,318900.0,441515.0,0.7222857660555134,1645122745.0,256,False,jpx_liquidity,JPX流動性
460,9008,京王電鉄,陸運業,プライム,9008.T,2026-07-02,740.4000244140625,0.008994326425303623,0.005568432281770619,0.012166813963174983,-0.0852483295264912,-0.07688009926188999,736.7800018310547,755.2683319091797,0.004913301900175471,-0.019686125932928733,-0.11013777308102934,0.22614477893360102,2235900.0,2183940.0,1.0237918624138025,1643711841.8859863,256,False,jpx_liquidity,JPX流動性
461,3994,マネーフォワード,情報・通信業,プライム,3994.T,2026-07-02,4444.0,0.08841538084741618,0.12791878172588822,0.0796890184645287,0.2066250339397231,-0.049004921891718345,4098.45,4330.95,0.08431236199050862,0.026102818088410196,-0.22726482350895494,0.6246130586811718,541600.0,390985.0,1.3852193818177168,1642811125.0,256,True,jpx_liquidity,JPX流動性
462,6592,マブチモーター,電気機器,プライム,6592.T,2026-07-02,1587.5,0.01018135539293663,0.007555426085124051,0.030509574813372353,-0.022475369458128114,0.10166551006245661,1562.9317626953125,1576.135587565104,0.01571932818251698,0.007210301273922859,-0.15782493368700268,0.16360439271468796,876800.0,1038160.0,0.8445711643677275,1640857805.0,256,False,jpx_liquidity,JPX流動性
463,2531,宝ホールディングス,食料品,プライム,2531.T,2026-07-02,1992.0,-0.09248291571753986,-0.13013100436681224,-0.08707607699358388,0.1963963963963964,0.2536262362574997,2194.8,1992.9583333333333,-0.0924002186987426,-0.00048085969350419866,-0.1423035522066738,0.5036448980085859,1415200.0,723920.0,1.9549121449883966,1623840900.0,256,False,jpx_liquidity,JPX流動性
464,8368,百五銀行,銀行業,プライム,8368.T,2026-07-02,2040.0,0.02564102564102555,0.0658307210031348,0.0736842105263158,0.27819548872180455,0.7566720812137919,1949.2,1881.3166666666666,0.04658321362610307,0.08434695558961369,0.0,0.30253541918338833,775800.0,820660.0,0.9453366802329832,1599147805.0,256,False,jpx_liquidity,JPX流動性
465,2002,日清製粉グループ本社,食料品,プライム,2002.T,2026-07-02,1975.5,0.01620370370370372,0.00790816326530619,0.041655681518586896,-0.0887915129151291,0.04538319282209624,1946.575,1992.1916666666666,0.014859432593144373,-0.00837854456774989,-0.09088817303267371,0.17632939098739664,909800.0,822070.0,1.1067184059751602,1583095790.0,256,False,jpx_liquidity,JPX流動性
466,8088,岩谷産業,卸売業,プライム,8088.T,2026-07-02,1929.0,0.01366263794009459,0.023342175066312976,-0.027721774193548376,-0.06268221574344024,0.18866204391553398,1885.525,1948.7166666666667,0.023057238700096683,-0.01011776981432222,-0.08707998106956938,0.2748296103251958,699500.0,836040.0,0.8366824553849098,1577728462.5,256,False,jpx_liquidity,JPX流動性
467,4922,コーセーホールディングス,化学,プライム,4922.T,2026-07-02,5279.0,0.028042843232716663,0.07071843285226542,-0.0009462528387584879,-0.12801453584407008,-0.0026450028339316534,5117.478564453125,5433.509521484375,0.03156269899571851,-0.028436413127360227,-0.156978601085915,0.20112379547640633,409800.0,293995.0,1.3939012568240956,1576544435.0,256,False,jpx_liquidity,JPX流動性
468,2809,キユーピー,食料品,プライム,2809.T,2026-07-02,4377.0,0.025058548009367687,0.011789181692094308,0.09836888331242166,0.0756984044697886,0.022349688890368924,4193.0,4075.2844807942706,0.043882661578821924,0.07403544970360576,-0.05455658450938561,0.21647309787157534,302400.0,381235.0,0.7932115361915879,1570749150.0,256,False,jpx_liquidity,JPX流動性
469,8698,マネックスグループ,証券、商品先物取引業,プライム,8698.T,2026-07-02,678.0,0.027272727272727337,0.10965630114566283,0.07619047619047614,-0.017391304347826098,-0.0683884217466878,632.95,660.0833333333334,0.0711746583458408,0.0271430374952657,-0.10101290654650341,0.2984814806316012,4054300.0,2347355.0,1.7271780365560385,1567677085.0,256,True,jpx_liquidity,JPX流動性
470,5726,大阪チタニウムテクノロジーズ,非鉄金属,プライム,5726.T,2026-07-02,2655.0,0.0015088645794039124,-0.001879699248120259,-0.08919382504288165,-0.01739452257586971,0.3900805188259566,2722.25,2656.5333333333333,-0.024703829552759626,-0.0005771933346717661,-0.20961048666218418,0.6461483928068908,341300.0,595335.0,0.5732906682792042,1557352900.0,256,False,jpx_liquidity,JPX流動性
471,7164,全国保証,その他金融業,プライム,7164.T,2026-07-02,3053.0,0.010258107213765744,0.03456455438834283,0.08919015340706382,-0.04294670846394988,2.7109700482697008e-05,2903.95,3028.0833333333335,0.051326641298920395,0.008228527396317853,-0.0643579528041679,0.12148850226663696,350600.0,534575.0,0.6558481036337277,1552003317.5,256,False,jpx_liquidity,JPX流動性
472,9449,ＧＭＯインターネットグループ,情報・通信業,プライム,9449.T,2026-07-02,3534.0,0.04866468842729965,0.09513480012395403,0.08906009244992297,0.17898248540450368,-0.08732135626553972,3229.95,3206.0583333333334,0.0941345841266894,0.1022881159887401,-0.13161969679772378,0.7643734118125498,627300.0,457595.0,1.3708628809318284,1537868985.0,256,False,jpx_liquidity,JPX流動性
473,7867,タカラトミー,その他製品,プライム,7867.T,2026-07-02,3230.0,0.025071405902888033,0.024746192893400965,0.09176947777589994,0.17433193964733684,0.17821440415840373,3026.125,2870.1833333333334,0.0673716386467842,0.12536365272833905,-0.004008633980881915,0.311090956310972,435300.0,508375.0,0.8562576837964101,1535905400.0,256,False,jpx_liquidity,JPX流動性
474,8410,セブン銀行,銀行業,プライム,8410.T,2026-07-02,287.70001220703125,0.02823454166805739,0.03489213024111959,0.04808747616404818,0.04656245396413805,-0.026497340497212196,281.79499969482424,274.07833201090494,0.020954993944541034,0.04969995291559326,-0.05623457441451585,0.1676498062530229,7331400.0,5251625.0,1.396025039868612,1531327764.4569397,256,True,jpx_liquidity,JPX流動性
475,1860,戸田建設,建設業,プライム,1860.T,2026-07-02,1606.5,-0.000311138767890462,-0.0018639328984156878,0.04419889502762442,0.0862068965517242,0.27540170151789933,1586.7,1504.35,0.012478729438457181,0.06790308106491172,-0.016528925619834656,0.2257006944358034,1209700.0,938365.0,1.2891572042861785,1529786370.0,256,False,jpx_liquidity,JPX流動性
476,1515,日鉄鉱業,鉱業,プライム,1515.T,2026-07-02,2374.0,-0.007939824488090275,-0.009595327492699202,-0.013300083125519557,-0.08797541298501732,0.0837417187506444,2408.55,2484.266666666667,-0.014344730231882319,-0.04438600257621306,-0.4627049217466528,0.6845593346979552,447400.0,644785.0,0.6938747024201866,1522804980.0,256,False,jpx_liquidity,JPX流動性
477,3097,物語コーポレーション,小売業,プライム,3097.T,2026-07-02,4660.0,-0.006396588486140775,0.0011065619469616816,0.04250559284116329,-0.03118503118503113,0.07870370370370372,4653.525854492187,4611.675284830729,0.0013912344553890232,0.010478776623372932,-0.11068702290076338,0.383876467469565,218000.0,328840.0,0.6629363824352269,1519323250.0,256,False,jpx_liquidity,JPX流動性
478,5947,リンナイ,金属製品,プライム,5947.T,2026-07-02,3570.0,0.0014025245441795509,0.007620660457239525,0.04385964912280693,-0.025389025389025432,-0.0943102854640242,3512.3,3522.25,0.016427981664436375,0.013556675420540953,-0.16050337004959914,0.161167837518668,242200.0,443415.0,0.5462151708895729,1513636480.0,256,False,jpx_liquidity,JPX流動性
479,7988,ニフコ,化学,プライム,7988.T,2026-07-02,5021.0,0.01866504361939536,0.052399916160134064,0.15107748739110494,0.10692239858906527,0.03815874013280496,4573.5,4519.016666666666,0.09784628840056842,0.11108242574896465,-0.08018840245764736,0.23874588803888377,230600.0,331180.0,0.6962980856331904,1510338515.0,256,False,jpx_liquidity,JPX流動性
480,4626,太陽ホールディングス,化学,プライム,4626.T,2026-07-02,4997.0,-0.003589232303090717,-0.010495049504950504,-0.0006000000000000449,0.052000000000000046,0.03265137425087827,5116.2,4938.6,-0.023298541886556445,0.011825213623293918,-0.1802821522309711,0.22210751285891042,224100.0,291155.0,0.7696931187855266,1505656345.0,256,False,jpx_liquidity,JPX流動性
481,6136,オーエスジー,機械,プライム,6136.T,2026-07-02,3722.0,-0.01716398204383418,0.020285087719298156,0.10576351752822344,0.4261723701480027,0.6406109899854291,3540.8,3298.3466552734376,0.051174875734297354,0.12844415369416073,-0.01716398204383418,0.3140056812751844,466000.0,419920.0,1.1097351876547914,1503865830.0,256,False,jpx_liquidity,JPX流動性
482,2212,山崎製パン,食料品,プライム,2212.T,2026-07-02,3236.0,0.029917250159134268,0.02893481717011137,0.07152317880794712,-0.10829429594929729,-0.027644230769230727,3134.65,3181.366666666667,0.03233215829518454,0.017172913108622012,-0.10829429594929729,0.24378148740285097,533100.0,477195.0,1.117153364976582,1493206965.0,256,False,jpx_liquidity,JPX流動性
483,9001,東武鉄道,陸運業,プライム,9001.T,2026-07-02,2871.0,0.0075451833655026945,-0.004507628294036059,0.012698412698412653,-0.026779661016949174,0.09634308231073785,2871.25,2848.9666666666667,-8.707009142361333e-05,0.0077337982192373644,-0.07634225558774232,0.1519105223009915,438500.0,538510.0,0.814283857309985,1489512330.0,256,False,jpx_liquidity,JPX流動性
484,9065,山九,陸運業,プライム,9065.T,2026-07-02,8564.0,-0.004533302336394263,-0.003954408001860865,-0.0140455906055722,-0.03732014388489213,0.0016002467013684907,8592.75,8743.266666666666,-0.0033458438800151313,-0.02050339689970948,-0.13490460856850806,0.11512452558549793,168900.0,171935.0,0.9823479803414081,1482432970.0,256,False,jpx_liquidity,JPX流動性
485,6417,ＳＡＮＫＹＯ,機械,プライム,6417.T,2026-07-02,1619.0,0.03055378739656267,0.03582853486884208,-0.004611128189363711,-0.1771283354510801,-0.34733669673095746,1584.525,1737.8916666666667,0.021757308972720546,-0.06841143722997689,-0.3587093853084308,0.22503700576776617,946100.0,942790.0,1.0035108560761146,1477154172.5,256,False,jpx_liquidity,JPX流動性
486,3853,アステリア,情報・通信業,プライム,3853.T,2026-07-02,1166.0,-0.0034188034188034067,-0.01018675721561968,-0.4131857070961248,-0.26108998732572875,0.21777156928071406,1420.05,1646.1,-0.1789021513326995,-0.29165907296033045,-0.5760000000000001,0.7865675022238118,413000.0,1035075.0,0.3990049030263507,1475280400.0,256,False,jpx_liquidity,JPX流動性
487,8439,東京センチュリー,その他金融業,プライム,8439.T,2026-07-02,2473.5,0.0028380295965944047,-0.00821972734562948,0.050095521120781195,0.19463897609273118,0.23342358066800561,2447.95,2305.866666666667,0.010437304683510673,0.0726986238001619,-0.011193284029582196,0.1880185301702591,754000.0,579410.0,1.3013237603769352,1469889682.5,256,False,jpx_liquidity,JPX流動性
488,4461,第一工業製薬,化学,プライム,4461.T,2026-07-02,12170.0,-0.05658914728682174,-0.04623824451410663,0.08081705150976903,0.5887728459530026,0.5123591668558822,11839.5,10060.0,0.027915030195531987,0.20974155069582512,-0.078030303030303,0.7585181131743427,130000.0,125585.0,1.0351554723892185,1464573450.0,256,False,jpx_liquidity,JPX流動性
489,6584,三櫻工業,輸送用機器,プライム,6584.T,2026-07-02,940.0,0.005347593582887722,-0.08382066276803124,-0.15315315315315314,0.380323054331865,0.09881780282101738,1012.8,863.3833333333333,-0.07187993680884674,0.08874003436094435,-0.16592724046140195,0.7311389099853465,657800.0,1519140.0,0.43300814934765725,1462763745.0,256,False,jpx_liquidity,JPX流動性
490,9706,日本空港ビルデング,不動産業,プライム,9706.T,2026-07-02,5134.0,0.027210884353741527,0.05312820512820515,0.11584438165616162,-0.06773197748320314,0.18144557196909128,4809.5,4986.583333333333,0.06747063104272799,0.029562659803807012,-0.09677176607710691,0.2559418639943949,331800.0,297905.0,1.1137778822107718,1458806590.0,256,False,jpx_liquidity,JPX流動性
491,6875,メガチップス,電気機器,プライム,6875.T,2026-07-02,10850.0,0.022620169651272448,0.03136882129277563,-0.09280936454849498,0.24712643678160928,0.38567711680282546,10827.0,10731.333333333334,0.0021243188325481555,0.011057961110765957,-0.17238749046529367,0.5582301439859798,108200.0,136840.0,0.7907044723764981,1458487150.0,256,False,jpx_liquidity,JPX流動性
492,5463,丸一鋼管,鉄鋼,プライム,5463.T,2026-07-02,1896.0,0.010391686650679466,0.15083459787556897,0.11234966265767077,0.29996571820363394,0.3130055160150922,1695.05,1636.55,0.11855107518952246,0.15853472243438937,-0.013784135240572204,0.46983288262189166,1992900.0,765935.0,2.6019179173167437,1457510597.5,256,False,jpx_liquidity,JPX流動性
493,6999,ＫＯＡ,電気機器,プライム,6999.T,2026-07-02,2891.0,-0.049013157894736814,-0.047446457990115376,0.02047299682315562,0.8603603603603605,1.1089592069062304,2842.4,2347.4666666666667,0.017098226850548848,0.23154038396001364,-0.05830618892508144,0.6463478613621028,345100.0,522545.0,0.66042159048503,1421689790.0,256,False,jpx_liquidity,JPX流動性
494,7337,ひろぎんホールディングス,銀行業,プライム,7337.T,2026-07-02,2167.5,0.020960904380593393,0.04508196721311486,0.0848348348348349,0.1975138121546962,0.3807308445150581,2084.625,1989.7833333333333,0.039755351681957096,0.08931458198966391,0.0,0.2058080919569533,635400.0,673010.0,0.9441167293205153,1414099602.5,256,False,jpx_liquidity,JPX流動性
495,9504,中国電力,電気・ガス業,プライム,9504.T,2026-07-02,910.4000244140625,0.013695634297395731,0.019941798470743066,0.06591739894325777,-0.11093747615814209,-0.07556382510473647,885.370004272461,911.0183339436849,0.028270689113947922,-0.0006787015217858405,-0.1770463366795495,0.20365223848911546,1459600.0,1598710.0,0.9129860950391253,1408313161.14563,256,False,jpx_liquidity,JPX流動性
496,4733,オービックビジネスコンサルタント,情報・通信業,プライム,4733.T,2026-07-02,6378.0,0.052822713766919716,0.11445046304385809,0.0645968953430145,0.008060692271218528,-0.23279273873526962,5911.85,6146.533333333334,0.07885010614274712,0.037658083689450894,-0.24670762612750397,0.3348868054487014,245800.0,237765.0,1.0337938721006035,1406673660.0,256,True,jpx_liquidity,JPX流動性
497,7004,カナデビア,機械,プライム,7004.T,2026-07-02,1307.0,0.009266409266409203,0.01870615744349191,0.006933744221879756,0.21355617455896003,0.39661259346262656,1337.85,1295.6333333333334,-0.023059386328811105,0.008773058221204444,-0.10048176187198898,0.4262075076268564,917600.0,1036780.0,0.8850479368814985,1397490595.0,256,False,jpx_liquidity,JPX流動性
498,9048,名古屋鉄道,陸運業,プライム,9048.T,2026-07-02,1842.0,0.02219755826859049,0.025327024770386952,0.004362050163576825,0.019087136929460513,0.11913688817393076,1825.0,1806.275,0.009315068493150669,0.019778272965079946,-0.0353495679497251,0.1877388560734373,801500.0,758380.0,1.0568580395052611,1394404957.5,256,False,jpx_liquidity,JPX流動性
499,3445,ＲＳ　Ｔｅｃｈｎｏｌｏｇｉｅｓ,金属製品,プライム,3445.T,2026-07-02,7560.0,-0.05853051058530512,0.06779661016949157,-0.006570302233902758,1.0941828254847645,0.9585492227979275,7087.0,6256.083333333333,0.06674192182870042,0.20842380083385503,-0.05853051058530512,0.6783709050225751,234200.0,198380.0,1.1805625567093456,1394156500.0,256,False,jpx_liquidity,JPX流動性
500,5310,東洋炭素,ガラス・土石製品,プライム,5310.T,2026-07-02,7390.0,-0.014666666666666717,-0.06691919191919193,-0.08877928483353881,0.36346863468634694,0.5221421215242019,7990.5,7022.833333333333,-0.07515174269444969,0.05228184256116952,-0.16118047673098757,0.579029837896113,140500.0,179195.0,0.7840620553028823,1393893450.0,256,False,jpx_liquidity,JPX流動性
501,4118,カネカ,化学,プライム,4118.T,2026-07-02,5649.0,0.005339028296849957,-0.019781363872982793,0.024854862119013,0.135249196141479,0.29440828338811187,5650.65,5314.133333333333,-0.0002920018051020268,0.06301435166599756,-0.035183603757472204,0.22653714251293616,313800.0,235070.0,1.3349215127408858,1387013105.0,256,False,jpx_liquidity,JPX流動性
502,4483,ＪＭＤＣ,情報・通信業,プライム,4483.T,2026-07-02,3035.0,0.05345366192294332,0.12365790447982228,0.1345794392523365,-0.10207100591715978,-0.21853519730330473,2759.9,3002.3166666666666,0.09967752454799084,0.01088603800398591,-0.2690730484797912,0.36216138178022045,652400.0,478100.0,1.3645680819912152,1367889915.0,256,True,jpx_liquidity,JPX流動性
503,2331,ＡＬＳＯＫ,サービス業,プライム,2331.T,2026-07-02,1076.5,0.02280285035629448,0.013176470588235345,0.011272898074213167,-0.1586557248925361,-0.11908778257689978,1070.225,1144.3,0.0058632530542643835,-0.05925019662675868,-0.1747796090456113,0.1510826614859903,1183800.0,1279420.0,0.9252630098013163,1351513747.5,256,False,jpx_liquidity,JPX流動性
504,1979,大氣社,建設業,プライム,1979.T,2026-07-02,4930.0,-0.004040404040404066,-0.0010131712259371373,0.12685714285714278,0.41463414634146334,0.5207351963267295,4730.5,4107.0,0.04217313180424909,0.20038957876795704,-0.007049345417925457,0.23080415020957193,170100.0,292850.0,0.5808434352057368,1350028175.0,256,False,jpx_liquidity,JPX流動性
505,2730,エディオン,小売業,プライム,2730.T,2026-07-02,2205.0,0.0059306569343065,-0.029489436619718257,-0.17322834645669294,0.00869167429094242,0.0506847724649413,2361.45,2278.0333333333333,-0.06625166740773669,-0.03205981767899213,-0.17322834645669294,0.3910758144203417,512200.0,665825.0,0.7692712048961814,1348390325.0,256,False,jpx_liquidity,JPX流動性
506,2206,江崎グリコ,食料品,プライム,2206.T,2026-07-02,5303.0,0.003405865657521323,-0.012555375048324158,0.014151845477146763,-0.10843981170141226,-0.011187768040275992,5342.039892578125,5541.029964192709,-0.007308049614598411,-0.042957711062908466,-0.1569157392686804,0.1470659656888894,184800.0,248455.0,0.7437966633796864,1344418410.0,256,False,jpx_liquidity,JPX流動性
507,8012,長瀬産業,卸売業,プライム,8012.T,2026-07-02,1170.5,0.004290004290004257,-0.03024026512013256,0.05308142150247419,-0.004253509145044632,0.211560161354589,1172.3,1168.5,-0.001535443145952331,0.0017115960633291571,-0.055667607906413896,0.3290891963044957,615000.0,1179925.0,0.5212195690404051,1338725802.5,256,False,jpx_liquidity,JPX流動性
508,2737,トーメンデバイス,卸売業,プライム,2737.T,2026-07-02,16700.0,-0.07067334446299389,-0.10263299301450834,0.17028731604765235,0.3963210702341138,0.2947613453833886,16196.0,14715.833333333334,0.031118794764139368,0.1348320969477319,-0.10263299301450834,0.605612545612288,93700.0,79025.0,1.1857007276178424,1333141300.0,256,False,jpx_liquidity,JPX流動性
509,4099,四国化成ホールディングス,化学,プライム,4099.T,2026-07-02,3275.0,-0.06827880512091034,-0.0939160376874838,-0.4776714513556619,-0.2825848849945235,0.20139398385913432,4423.09150390625,5096.113834635416,-0.25956765825267547,-0.3573534449443282,-0.5104633781763827,1.8543083925103783,308900.0,313640.0,0.9848871317434,1324485975.0,256,False,jpx_liquidity,JPX流動性
510,8060,キヤノンマーケティングジャパン,卸売業,プライム,8060.T,2026-07-02,3451.0,0.017693895606015975,0.037270814547640585,-0.03197755960729309,-0.006048387096774244,-0.005045408678102881,3398.25,3557.9,0.015522695505039374,-0.030045813541695998,-0.10386912490262268,0.2073192850738554,254800.0,392850.0,0.6485936107929235,1316254695.0,256,False,jpx_liquidity,JPX流動性
511,9006,京浜急行電鉄,陸運業,プライム,9006.T,2026-07-02,1492.0,0.018430034129692796,0.03216879972327913,0.0343154246100521,-0.07069448769853626,-0.021441483189239885,1465.5,1519.0916666666667,0.0180825656772432,-0.017834122364790428,-0.08410067526089626,0.15951761103350867,782300.0,900465.0,0.868773355988295,1310945537.5,256,False,jpx_liquidity,JPX流動性
512,3401,帝人,繊維製品,プライム,3401.T,2026-07-02,1639.5,0.01047765793528499,0.005211526670754196,0.008302583025830312,-0.0270029673590505,0.2414282671967063,1623.375,1626.8666666666666,0.00993300993300994,0.007765438675572778,-0.05613126079447328,0.19413087959435046,715200.0,804175.0,0.8893586594957565,1310128935.0,256,False,jpx_liquidity,JPX流動性
513,3116,トヨタ紡織,輸送用機器,プライム,3116.T,2026-07-02,2209.5,0.022916666666666696,0.04221698113207539,-0.012293249888243207,-0.0981632653061224,-0.1143659418127031,2177.375,2274.9416666666666,0.014754004248234587,-0.028766305363141176,-0.3143565744132859,0.22975733220812752,807800.0,583840.0,1.3835982460948204,1294407430.0,256,False,jpx_liquidity,JPX流動性
514,7419,ノジマ,小売業,プライム,7419.T,2026-07-02,1323.0,0.018475750577367167,-0.014157973174366623,-0.1631878557874763,0.19296663660955815,0.10887220251385599,1427.0,1334.8666666666666,-0.07288016818500354,-0.00888977675672964,-0.1631878557874763,0.3206409493790684,529800.0,917570.0,0.5773946401909391,1284312985.0,256,False,jpx_liquidity,JPX流動性
515,2593,伊藤園,食料品,プライム,2593.T,2026-07-02,2928.0,0.028451001053740876,0.032258064516129004,0.0804428044280443,-0.03278147521961261,-0.030558013115217886,2821.575,2894.4892130533854,0.037718295632758414,0.011577444060074438,-0.06760871728530204,0.253727136957359,332400.0,461520.0,0.7202288091523661,1253132330.0,256,False,jpx_liquidity,JPX流動性
516,4272,日本化薬,化学,プライム,4272.T,2026-07-02,2010.0,0.006257822277847325,-0.023086269744835963,-0.0273409145898863,0.13335212855934597,0.22107125681739048,2060.75,1959.7166666666667,-0.024626956205265116,0.02565847103747987,-0.07819307498280215,0.22997297285823098,659800.0,601255.0,1.0973713316313378,1250501515.0,256,False,jpx_liquidity,JPX流動性
517,4180,Ａｐｐｉｅｒ　Ｇｒｏｕｐ,情報・通信業,プライム,4180.T,2026-07-02,873.0,0.09949622166246841,0.19099590723055937,-0.06830309498399145,0.06854345165238684,-0.16936251189343487,805.55,891.8,0.0837316119421514,-0.02108095985646996,-0.2355516637478109,0.7346409461913025,2026700.0,1504790.0,1.3468324483815017,1246201700.0,256,True,jpx_liquidity,JPX流動性
518,2229,カルビー,食料品,プライム,2229.T,2026-07-02,2982.0,0.033264033264033266,0.041564792176039145,0.05259442287327931,-0.04941026458399744,0.020719373021167664,2852.975,2935.5333333333333,0.045224721562579395,0.0158290373129244,-0.053633767058076764,0.20470496464106583,413100.0,428200.0,0.9647361046240075,1246044090.0,256,False,jpx_liquidity,JPX流動性
519,3291,飯田グループホールディングス,不動産業,プライム,3291.T,2026-07-02,2166.0,0.014519906323185117,-0.00023078698361411742,0.024597918637653704,-0.11555737035524705,-0.12775056238963467,2165.175,2205.608333333333,0.00038103155634061636,-0.017958008561507866,-0.20647574841092764,0.22665204657532081,989300.0,558380.0,1.7717325119094522,1241341632.5,256,False,jpx_liquidity,JPX流動性
520,8338,筑波銀行,銀行業,プライム,8338.T,2026-07-02,635.0,0.08547008547008539,0.017628205128205066,0.04269293924466333,0.07993197278911568,0.5465135905836624,646.6,621.4666666666667,-0.017939993813795296,0.021776442823428388,-0.1265257489124222,0.5797915137003421,2832500.0,1823220.0,1.553570057371025,1236541545.0,256,True,jpx_liquidity,JPX流動性
521,6266,タツモ,機械,プライム,6266.T,2026-07-02,4785.0,-0.056213017751479244,-0.007261410788381717,0.20680958385876425,1.1257219013771658,1.3115942028985508,4319.0,3565.733333333333,0.107895346144941,0.34193994690199303,-0.056213017751479244,0.9400588672894318,184500.0,279360.0,0.6604381443298969,1230108075.0,256,False,jpx_liquidity,JPX流動性
522,3101,東洋紡,化学,プライム,3101.T,2026-07-02,1616.0,0.010000000000000009,-0.06046511627906981,-0.1404255319148936,0.15099715099715105,0.3194654430847945,1717.7,1618.6333333333334,-0.05920707923385926,-0.0016268868798781089,-0.15613577023498693,0.3692758473910798,521500.0,743940.0,0.7009973922628169,1227905480.0,256,False,jpx_liquidity,JPX流動性
523,4023,クレハ,化学,プライム,4023.T,2026-07-02,3980.0,0.016602809706258048,0.047368421052631504,0.015306122448979664,-0.019704433497536922,-0.01336716910938096,3839.5,3896.4166666666665,0.03659330642010672,0.021451333490172697,-0.16825146417534487,0.2648192931860202,352200.0,314685.0,1.1192144525477858,1223479700.0,256,False,jpx_liquidity,JPX流動性
524,4114,日本触媒,化学,プライム,4114.T,2026-07-02,2075.5,0.0033840947546530664,-0.004795013186286279,0.014418377321603115,-0.07898824051475484,0.052148130857864405,2072.2,2113.9666666666667,0.0015925103754463876,-0.01819643955281547,-0.16204432745891073,0.1835729621857098,638000.0,580055.0,1.0998956995457327,1221489550.0,256,False,jpx_liquidity,JPX流動性
525,9247,ＴＲＥホールディングス,サービス業,プライム,9247.T,2026-07-02,2080.0,-0.00048053820278715076,-0.03614457831325302,0.20930232558139528,0.306532663316583,0.3174459670296763,1962.2,1731.65,0.060034654979105095,0.20116651748332504,-0.03614457831325302,0.502590036994453,238300.0,638405.0,0.3732740188438374,1213585340.0,256,False,jpx_liquidity,JPX流動性
526,3863,日本製紙,パルプ・紙,プライム,3863.T,2026-07-02,1323.0,0.02004626060138781,0.061797752808988804,0.11363636363636354,0.0255813953488373,0.13777741944525723,1235.15,1322.6,0.07112496457920092,0.0003024345985180865,-0.12384105960264902,0.271967306297392,849200.0,1015800.0,0.8359913368773381,1208495855.0,256,False,jpx_liquidity,JPX流動性
527,3941,レンゴー,パルプ・紙,プライム,3941.T,2026-07-02,1406.5,-0.00635817732250088,-0.000710479573712286,0.019941986947063173,0.12250598563447723,0.16623743531670465,1405.825,1347.2583333333334,0.0004801451105223009,0.04397201724489852,-0.08449797413642068,0.17972772043639523,781600.0,857505.0,0.9114815657051563,1203778155.0,256,False,jpx_liquidity,JPX流動性
528,8242,エイチ・ツー・オー　リテイリング,小売業,プライム,8242.T,2026-07-02,2863.0,0.02122347066167296,-0.0020913210177762043,0.12428823875908113,0.11683245562707234,0.40006384956526664,2676.275,2536.366666666667,0.06977048322762047,0.1287800134050019,-0.004520166898470124,0.2707673346449904,424100.0,443335.0,0.9566129450641163,1199514892.5,256,False,jpx_liquidity,JPX流動性
529,8361,大垣共立銀行,銀行業,プライム,8361.T,2026-07-02,7680.0,0.04065040650406515,0.08016877637130793,0.06815020862308763,0.22098569157392678,0.589721245111033,7308.0,7205.333333333333,0.05090311986863716,0.06587712805329393,-0.035175879396984966,0.3321697507371136,221600.0,159430.0,1.3899517029417299,1197912950.0,256,False,jpx_liquidity,JPX流動性
530,9987,スズケン,卸売業,プライム,9987.T,2026-07-02,4924.0,0.01233552631578938,-0.009255533199195143,-0.01912350597609558,-0.195687683763476,-0.20119401642010215,4995.1,5363.65,-0.014233949270284985,-0.08196843567346856,-0.24835331468046518,0.1449101549182625,170500.0,242185.0,0.7040072671717902,1187601790.0,256,False,jpx_liquidity,JPX流動性
531,6005,三浦工業,機械,プライム,6005.T,2026-07-02,3160.0,0.014446227929374,-0.006601697579377563,0.0034931724356939142,-0.038929440389294356,0.026402382475120723,3149.55,3248.1833333333334,0.0033179343080758095,-0.027148508653555115,-0.09152464427928775,0.17020990649124648,274600.0,385600.0,0.7121369294605809,1184633965.0,256,False,jpx_liquidity,JPX流動性
532,9302,三井倉庫ホールディングス,倉庫・運輸関連業,プライム,9302.T,2026-07-02,3541.0,0.0,0.014322543683758182,-0.07882414151925077,-0.15002400384061454,-0.07571527392984922,3701.25,3884.35,-0.04329618372171562,-0.08839316745401415,-0.16975381008206336,0.2894210055444178,383500.0,312305.0,1.2279662509405869,1179584135.0,256,False,jpx_liquidity,JPX流動性
533,8595,ジャフコ　グループ,証券、商品先物取引業,プライム,8595.T,2026-07-02,2379.0,0.00273972602739736,0.02675873974967624,0.07964601769911495,0.04456641053787047,0.013030611572337536,2267.25,2253.383333333333,0.049288785974197724,0.055745804457001835,-0.023134577858689886,0.18145121858653573,367500.0,511945.0,0.7178505503520886,1179055547.5,256,False,jpx_liquidity,JPX流動性
534,1885,東亜建設工業,建設業,プライム,1885.T,2026-07-02,2056.0,0.005378973105134577,0.006363191385217792,-0.04726598702502316,-0.3624806201550388,-0.28479498371603285,2149.35,2527.0833333333335,-0.04343173517575072,-0.18641384995877996,-0.5464175968972708,0.5153892521029854,412200.0,542000.0,0.7605166051660517,1178691425.0,256,False,jpx_liquidity,JPX流動性
535,9519,レノバ,電気・ガス業,プライム,9519.T,2026-07-02,981.0,0.01552795031055898,0.11098527746319364,-0.0030487804878048808,0.06054054054054059,0.48861911987860385,921.05,1058.8,0.06508875739644981,-0.07347941065357,-0.28654545454545455,0.6323144287522473,764000.0,1302360.0,0.5866273534199453,1178003780.0,256,False,jpx_liquidity,JPX流動性
536,9861,吉野家ホールディングス,小売業,プライム,9861.T,2026-07-02,3112.0,0.01599738818152141,0.01865793780687408,0.009406422315926033,-0.0830878020035356,0.009346954780503403,3080.05,3197.65,0.010373208227139052,-0.026785295451347113,-0.09927641099855278,0.24657285305304613,341700.0,375575.0,0.9098049657192305,1169546755.0,256,False,jpx_liquidity,JPX流動性
537,8020,兼松,卸売業,プライム,8020.T,2026-07-02,2060.0,0.0026770503772206578,0.0,0.021825396825396748,-0.08464785603199287,0.1535225990841962,2068.15,2151.9666666666667,-0.003940719967120421,-0.042736101860313847,-0.1499249438338085,0.22251783583545104,548900.0,569025.0,0.9646324853916788,1163615307.5,256,False,jpx_liquidity,JPX流動性
538,7380,十六フィナンシャルグループ,銀行業,プライム,7380.T,2026-07-02,2435.0,0.02655986509274877,0.08656849620705032,0.16842610364683308,0.3021390374331552,0.702461348255861,2234.1,2122.483333333333,0.089924354326127,0.1472410462587066,0.0,0.2683758416876228,487800.0,515440.0,0.9463759118423095,1155537420.0,256,False,jpx_liquidity,JPX流動性
539,8714,池田泉州ホールディングス,銀行業,プライム,8714.T,2026-07-02,1005.0,0.020304568527918843,0.041450777202072464,0.03182751540041062,0.09836065573770503,0.2718673259666733,991.6,962.7,0.013513513513513598,0.04393892178248682,-0.02142161635832518,0.2441890635409899,1089500.0,1165630.0,0.9346876796238944,1150945690.0,256,False,jpx_liquidity,JPX流動性
540,6632,ＪＶＣケンウッド,電気機器,プライム,6632.T,2026-07-02,1120.5,0.017711171662125436,0.016787658802177807,-0.11000794281175541,-0.0845588235294118,-0.06815882220431235,1122.575,1160.1,-0.001848428835489857,-0.03413498836307205,-0.15539941958148773,0.30423005080458687,722600.0,1062355.0,0.6801869431593017,1149038737.5,256,False,jpx_liquidity,JPX流動性
541,8381,山陰合同銀行,銀行業,プライム,8381.T,2026-07-02,2370.0,0.03947368421052633,0.06949458483754523,0.13505747126436773,0.2721417069243157,0.5973104358826185,2194.5,2044.0833333333333,0.07997265892002736,0.15944392351909986,0.0,0.24877147356807788,607600.0,513510.0,1.1832291484099628,1147805920.0,256,False,jpx_liquidity,JPX流動性
542,4587,ペプチドリーム,医薬品,プライム,4587.T,2026-07-02,1049.5,0.041170634920634885,0.05234133444897582,0.0551980954772493,-0.1470946769605851,-0.35256014805675506,994.7300018310547,1102.8783335367839,0.055060165138406614,-0.04839911340501779,-0.4113853056646102,0.47905506852826896,969900.0,1173890.0,0.8262273296475819,1134633806.5356445,256,False,jpx_liquidity,JPX流動性
543,8876,リログループ,サービス業,プライム,8876.T,2026-07-02,2065.0,0.02941176470588225,0.12534059945504095,0.164364251480124,0.03353353353353361,0.2633124417734116,1846.25,1906.7333333333333,0.11848341232227488,0.08300409076605719,0.0,0.2136164504111787,1053100.0,577315.0,1.8241341382087768,1130162825.0,256,False,jpx_liquidity,JPX流動性
544,5901,東洋製罐グループホールディングス,金属製品,プライム,5901.T,2026-07-02,4074.0,-0.0012257906349595338,-0.009000243249817519,0.07351778656126484,0.17474048442906565,0.07411398217729848,4012.7,3728.0,0.01527649712163881,0.09281115879828317,-0.06215469613259672,0.16879237725900467,186500.0,279945.0,0.6662022897354838,1105336710.0,256,False,jpx_liquidity,JPX流動性
545,1719,安藤・間,建設業,プライム,1719.T,2026-07-02,1801.5,0.01808420457756421,0.04042737510828753,0.04768828147717352,-0.10639880952380953,-0.0412771703806577,1765.375,1848.9833333333333,0.020463074417616633,-0.02568077952748804,-0.15972182128688228,0.20770684947113824,628600.0,615650.0,1.0210346787947697,1100746782.5,256,False,jpx_liquidity,JPX流動性
546,6800,ヨコオ,電気機器,プライム,6800.T,2026-07-02,5800.0,-0.055374592833876246,-0.08661417322834641,0.13502935420743634,0.7873651771956858,1.617862952062302,5756.0,4986.166666666667,0.007644197359277349,0.163218237122706,-0.08661417322834641,0.6785257041417724,156700.0,189735.0,0.8258887395578043,1099971600.0,256,False,jpx_liquidity,JPX流動性
547,3107,ダイワボウホールディングス,卸売業,プライム,3107.T,2026-07-02,3462.0,0.013466042154566704,0.02274741506646971,-0.010008578781812938,0.08765315739868051,0.12483663303663128,3417.1,3345.366666666667,0.0131397969038074,0.03486414045296482,-0.03538590136528286,0.20160396551309362,391000.0,308080.0,1.2691508699039211,1078451305.0,256,False,jpx_liquidity,JPX流動性
548,6104,芝浦機械,機械,プライム,6104.T,2026-07-02,4595.0,-0.006486486486486531,0.03724604966139955,0.1289926289926291,0.1812339331619537,0.07565324329016909,4253.0,4315.333333333333,0.0804138255349165,0.06480766259848614,-0.0651068158697864,0.40699590833799953,134700.0,254515.0,0.5292418914405831,1073469550.0,256,False,jpx_liquidity,JPX流動性
549,8111,ゴールドウイン,繊維製品,プライム,8111.T,2026-07-02,2226.5,0.017131110095934154,0.026746599031588714,0.06786570743405274,0.01481312670920687,-0.12011211938715638,2160.45,2182.4166666666665,0.03057233446735652,0.020199320325327452,-0.14980113458121547,0.17228073692086224,354600.0,509490.0,0.6959901077548136,1065239937.5,256,False,jpx_liquidity,JPX流動性
550,5832,ちゅうぎんフィナンシャルグループ,銀行業,プライム,5832.T,2026-07-02,3168.0,0.02094747019013865,0.0325945241199479,0.07371631926792066,0.06148433573462886,0.2793552491745548,3080.175,3017.575,0.028512990333341426,0.04984963091223915,-0.06612625926154891,0.22934429491845118,409800.0,337590.0,1.2138985159513018,1061092472.5,256,False,jpx_liquidity,JPX流動性
551,2585,ライフドリンク　カンパニー,食料品,プライム,2585.T,2026-07-02,1523.0,0.024899057873485786,-0.052860696517412986,-0.14438202247191012,0.08785714285714286,-0.10407705312360127,1628.05,1547.3666666666666,-0.06452504529959147,-0.015747183386829122,-0.1732158432433457,0.5285518353983262,571000.0,679635.0,0.8401568488968343,1060877260.0,256,False,jpx_liquidity,JPX流動性
552,9744,メイテックグループホールディングス,サービス業,プライム,9744.T,2026-07-02,3119.0,0.01364965875853108,0.019947678221059473,0.036212624584717634,-0.04850518608907872,-0.09134874648696145,3059.65,3090.266666666667,0.019397643521317676,0.009298010959140512,-0.12942419267250949,0.09708669794663811,282500.0,348560.0,0.8104773927014001,1060448255.0,256,False,jpx_liquidity,JPX流動性
553,2127,日本Ｍ＆Ａセンターホールディングス,サービス業,プライム,2127.T,2026-07-02,649.4000244140625,0.02219429701246689,0.041038853994960434,0.04070516733022833,-0.0007693491017342069,-0.08377878807319428,637.4800018310547,652.2583333333333,0.018698661210970746,-0.004382173094920172,-0.12960787087093695,0.2171419071154955,1676300.0,1661690.0,1.008792253669457,1058356289.5605469,256,False,jpx_liquidity,JPX流動性
554,2270,雪印メグミルク,食料品,プライム,2270.T,2026-07-02,3670.0,0.019444444444444375,0.009628610729023324,0.06376811594202891,0.11380880121396064,0.16424568561744946,3630.0,3410.6666666666665,0.011019283746556363,0.07603596559812353,-0.022636484687083902,0.2976325212350521,188600.0,290140.0,0.6500310195078238,1053212200.0,256,False,jpx_liquidity,JPX流動性
555,2980,ＳＲＥホールディングス,不動産業,プライム,2980.T,2026-07-02,2515.0,0.05406538139145023,0.06567796610169485,0.016572352465642703,-0.2201550387596899,-0.22486782081509327,2452.9,2943.55,0.02531697174772707,-0.14558950926602232,-0.3805418719211823,0.5161736576842044,376400.0,426555.0,0.8824184454525208,1048650855.0,256,True,jpx_liquidity,JPX流動性
556,2726,パルグループホールディングス,小売業,プライム,2726.T,2026-07-02,1487.0,0.03986013986013992,0.017099863201094356,0.06518624641833815,0.032638888888888884,-0.23262181758485123,1425.1,1448.5333333333333,0.04343554838256969,0.026555596465390297,-0.23339382355332594,0.33663733666782275,1127900.0,751310.0,1.5012444929523099,1044809300.0,256,False,jpx_liquidity,JPX流動性
557,2327,日鉄ソリューションズ,情報・通信業,プライム,2327.T,2026-07-02,3485.0,0.05001506477854778,0.08431860609831987,0.015147101660355267,-0.08769633507853403,-0.19415232938084148,3264.65,3530.1666666666665,0.06749574992725105,-0.01279448562390817,-0.24177930641197742,0.3186276772994132,472200.0,308270.0,1.5317740941382554,1042818135.0,256,True,jpx_liquidity,JPX流動性
558,6544,ジャパンエレベーターサービスホールディングス,サービス業,プライム,6544.T,2026-07-02,1785.0,0.02941176470588225,0.06950269622528471,0.06060606060606055,0.0950920245398772,0.045959285274888684,1668.075,1679.4916666666666,0.07009576907513138,0.06282158788125392,-0.05630452022204602,0.3539722171776512,597300.0,628715.0,0.9500330038252627,1038698867.5,256,False,jpx_liquidity,JPX流動性
559,2784,アルフレッサ　ホールディングス,卸売業,プライム,2784.T,2026-07-02,2167.5,0.00673478866697641,-0.0025310630464795425,-0.01477272727272727,-0.16650644106902524,-0.10661935957924751,2187.625,2293.525,-0.009199474315753409,-0.05494816930271096,-0.1798172185836704,0.0892855090502533,393500.0,480050.0,0.8197062805957712,1037505437.5,256,False,jpx_liquidity,JPX流動性
560,6516,山洋電気,電気機器,プライム,6516.T,2026-07-02,6520.0,-0.00911854103343468,-0.08555399719495094,-0.04398826979472137,0.4345434543454345,0.5694371964664344,6669.5,6439.25,-0.022415473423794907,0.012540280312148155,-0.15104166666666663,0.39704075454355187,187300.0,153130.0,1.2231437340821525,1035854150.0,256,False,jpx_liquidity,JPX流動性
561,8544,京葉銀行,銀行業,プライム,8544.T,2026-07-02,2603.0,0.02399685287175446,0.0568412505075111,0.04875100725221593,0.1934892251260889,0.5611034871526437,2479.95,2361.5833333333335,0.04961793584548091,0.10222661350082918,0.0,0.258832454310059,462300.0,417390.0,1.107597211241285,1031003400.0,256,False,jpx_liquidity,JPX流動性
562,4540,ツムラ,医薬品,プライム,4540.T,2026-07-02,3727.0,0.007842076798269426,0.008114687584527935,0.0040409482758621,-0.030437044745057262,-0.07767155355553212,3725.35,3738.8333333333335,0.0004429114042976412,-0.0031649801631525865,-0.10184021127811305,0.16224016145067655,254000.0,273280.0,0.9294496487119438,1026239225.0,256,False,jpx_liquidity,JPX流動性
563,1861,熊谷組,建設業,プライム,1861.T,2026-07-02,1435.0,0.010563380281690238,0.05359765051395016,0.06296296296296289,-0.10144020037570445,-0.06718687114274435,1388.3,1451.6333333333334,0.03363826262335223,-0.011458357252749796,-0.285086934570134,0.29714964407700445,661700.0,722930.0,0.9153030030570042,1020719040.0,256,False,jpx_liquidity,JPX流動性
564,1414,ショーボンドホールディングス,建設業,プライム,1414.T,2026-07-02,1261.0,0.018578352180937063,0.030128180261901116,0.02063941723998375,-0.12703357563170647,-0.04542013626040875,1247.4137329101563,1301.6879109700521,0.010891548434493803,-0.03125780813292678,-0.17635532331809278,0.17316502272942708,937800.0,797915.0,1.1753131599230495,1019713527.5,256,False,jpx_liquidity,JPX流動性
565,8078,阪和興業,卸売業,プライム,8078.T,2026-07-02,1719.0,0.011176470588235343,0.026881720430107503,-0.0017421602787456303,0.05719557195571956,0.2060135009334112,1705.1,1701.3333333333333,0.00815201454460146,0.010384012539184972,-0.09191759112519815,0.33983808473956084,527600.0,582175.0,0.9062567097522223,1006028325.0,256,False,jpx_liquidity,JPX流動性
566,2810,ハウス食品グループ本社,食料品,プライム,2810.T,2026-07-02,3800.0,0.020956475013433673,0.02981029810298108,0.1024078909196402,0.22383252818035437,0.32691178774867446,3596.5,3349.4083333333333,0.05658278882246637,0.1345287351746205,0.0,0.11864623088036055,277500.0,273160.0,1.015888124176307,1000945995.0,256,False,jpx_liquidity,JPX流動性
567,3656,ＫＬａｂ,情報・通信業,プライム,3656.T,2026-07-02,198.0,0.020618556701030855,-0.052631578947368474,-0.1574468085106383,-0.41764705882352937,-0.4375,224.7,261.06666666666666,-0.11882510013351133,-0.2415730337078652,-0.543778801843318,0.5964106421976811,2438300.0,4504870.0,0.5412586822705205,997971775.0,256,False,jpx_liquidity,JPX流動性
568,7459,メディパルホールディングス,卸売業,プライム,7459.T,2026-07-02,2680.5,0.022896393817973593,0.0260287081339714,0.013613159387407814,-0.10946843853820598,-0.028012396521912786,2629.975,2744.4166666666665,0.019211209232026905,-0.02328970941001418,-0.11579864939238438,0.21122211283423328,440100.0,377260.0,1.1665694746328792,997874302.5,256,False,jpx_liquidity,JPX流動性
569,8086,ニプロ,精密機器,プライム,8086.T,2026-07-02,1566.0,0.020860495436766602,-0.034822804314329714,-0.09059233449477355,-0.049180327868852514,0.06380329393564388,1649.55,1631.2333333333333,-0.050650177321087564,-0.0399901914706664,-0.10488711060302947,0.21065053136662437,693900.0,597650.0,1.161047435790178,991181315.0,256,False,jpx_liquidity,JPX流動性
570,6258,平田機工,機械,プライム,6258.T,2026-07-02,3070.0,-0.011272141706924366,-0.025396825396825418,0.08749557208643277,0.2551103843008995,0.30746814359615926,2939.35,3004.266666666667,0.04444860258220351,0.02187999289898812,-0.1634877384196185,0.4994772806455747,214500.0,342590.0,0.6261128462593771,990005285.0,256,False,jpx_liquidity,JPX流動性
571,7389,あいちフィナンシャルグループ,銀行業,プライム,7389.T,2026-07-02,1466.0,0.025174825174825166,0.08271787296898081,0.10308502633559069,0.023743016759776525,0.5972715646627831,1371.4,1447.75,0.06898060376257842,0.01260576757036791,-0.12425328554360815,0.26714407942919116,538000.0,725230.0,0.7418336251947658,988834910.0,256,False,jpx_liquidity,JPX流動性
572,4887,サワイグループホールディングス,医薬品,プライム,4887.T,2026-07-02,1702.0,0.016119402985074638,0.03120266585883069,-0.008736167734420541,-0.26032159930465015,-0.27187363503566686,1674.05,1901.8333333333333,0.016696036558047966,-0.10507405135395664,-0.28958882743298575,0.1934544817818761,458700.0,592580.0,0.7740726990448547,986532817.5,256,False,jpx_liquidity,JPX流動性
573,6013,タクマ,機械,プライム,6013.T,2026-07-02,3610.0,0.0,-0.02826379542395696,0.11248073959938365,0.3070238957277336,0.4783718569290982,3563.25,3172.6833333333334,0.013120044902827477,0.13783810759556836,-0.02826379542395696,0.26691701671601537,209300.0,276320.0,0.7574551244933411,982063650.0,256,False,jpx_liquidity,JPX流動性
574,9076,セイノーホールディングス,陸運業,プライム,9076.T,2026-07-02,2650.0,0.01396594604935908,0.02455055093756031,-0.013402829486224843,0.06361629540437486,0.14360296040439113,2658.325,2566.4333333333334,-0.003131671259157476,0.03256140168586752,-0.040723981900452455,0.14131777838142628,375900.0,371785.0,1.0110682249149374,977446142.5,256,False,jpx_liquidity,JPX流動性
575,7240,ＮＯＫ,輸送用機器,プライム,7240.T,2026-07-02,2958.5,0.01859184024789129,0.02423403150424086,-0.00050675675675671,0.03011838440111414,0.05981732999325429,2930.1,2890.2,0.009692501962390354,0.023631582589440203,-0.0906977861019066,0.2514306977911908,361100.0,331880.0,1.0880438712787754,974634007.5,256,False,jpx_liquidity,JPX流動性
576,4206,アイカ工業,化学,プライム,4206.T,2026-07-02,3720.0,0.017505470459518557,0.016393442622950838,0.08867427568042152,0.016115815350997043,0.08049645857789156,3562.35,3526.516666666667,0.04425449492610212,0.05486528254982481,-0.05348726969971174,0.14429429780955486,179100.0,275685.0,0.6496544969802492,973720065.0,256,False,jpx_liquidity,JPX流動性
577,3191,ジョイフル本田,小売業,プライム,3191.T,2026-07-02,2225.0,0.0018009905447995411,0.01459188326493388,0.01830663615560635,0.03009259259259256,0.0475517890772128,2200.706579589844,2167.8188598632814,0.011038918425319455,0.02637726850495481,-0.02197802197802201,0.18509513747821613,168200.0,456990.0,0.3680605702531784,965366455.0,256,False,jpx_liquidity,JPX流動性
578,3387,クリエイト・レストランツ・ホールディングス,小売業,プライム,3387.T,2026-07-02,724.0,-0.012278308321964526,0.0240452616690241,0.049275362318840665,-0.09950248756218905,-0.0630650668917877,711.45,722.7166666666667,0.01764003092276334,0.0017757074003181827,-0.09950248756218905,0.20170441225379657,1373900.0,1368775.0,1.0037442238497927,958588300.0,256,False,jpx_liquidity,JPX流動性
579,4681,リゾートトラスト,サービス業,プライム,4681.T,2026-07-02,1756.0,0.01885697708152012,0.0014257199885943095,0.0923794712286159,-0.02579750346740639,-0.09156848689747421,1713.575,1739.975,0.024758180995871237,0.009209902441127182,-0.10600621991853032,0.21187356248289393,498300.0,565090.0,0.8818064379125449,956177845.0,256,False,jpx_liquidity,JPX流動性
580,7278,エクセディ,輸送用機器,プライム,7278.T,2026-07-02,6060.0,0.028862478777589073,0.04663212435233155,-0.0049261083743842304,0.06878306878306883,0.09123425581957667,5901.5,5883.166666666667,0.026857578581716446,0.030057508711294867,-0.028846153846153855,0.19793955763720691,204100.0,156305.0,1.3057803653114104,952830350.0,256,False,jpx_liquidity,JPX流動性
581,5703,日本軽金属ホールディングス,非鉄金属,プライム,5703.T,2026-07-02,2726.0,-0.005835156819839482,-0.03401842664776755,-0.1414173228346457,-0.05116602854159413,0.08629700106346361,2950.8,2996.35,-0.07618273010708965,-0.09022644217130837,-0.17142857142857137,0.28363743307047334,285900.0,317605.0,0.9001747453598022,943635310.0,256,False,jpx_liquidity,JPX流動性
582,6143,ソディック,機械,プライム,6143.T,2026-07-02,1863.0,-0.016367476240760293,-0.08821544878891308,-0.04608294930875578,0.48092209856915735,0.9345794392523366,1950.8910766601562,1738.3803588867188,-0.04505176004527223,0.07168721187869909,-0.09869578173900728,0.5238074157080972,340700.0,487625.0,0.6986926429120738,941116265.0,256,False,jpx_liquidity,JPX流動性
583,5715,古河機械金属,非鉄金属,プライム,5715.T,2026-07-02,3550.0,0.0014104372355430161,-0.03532608695652173,-0.03924221921515558,-0.2058165548098434,-0.08301979149370442,3799.5,4098.166666666667,-0.06566653507040399,-0.13375899792590185,-0.4560640249990293,0.5967366075463804,154800.0,247600.0,0.6252019386106623,934629900.0,256,False,jpx_liquidity,JPX流動性
584,2433,博報堂ＤＹホールディングス,サービス業,プライム,2433.T,2026-07-02,1143.0,0.017809439002671512,0.03158844765342961,0.017809439002671512,0.09325681492109039,-0.006576033920121294,1131.55,1106.8583333333333,0.010118863505810705,0.03265247735708421,-0.04987531172069826,0.2314414545033174,677900.0,838775.0,0.8082024380793419,931196890.0,256,False,jpx_liquidity,JPX流動性
585,4544,Ｈ．Ｕ．グループホールディングス,サービス業,プライム,4544.T,2026-07-02,3389.0,0.04020871700429707,0.05972482801751089,0.02759248029108541,0.05313859540087007,0.010004185145237265,3274.85,3208.383333333333,0.034856558315648156,0.05629522656789776,-0.021086077411900606,0.27702856813891663,256900.0,285270.0,0.9005503558032741,929512570.0,256,False,jpx_liquidity,JPX流動性
586,4776,サイボウズ,情報・通信業,プライム,4776.T,2026-07-02,2474.0,0.08223972003499558,0.14272517321016176,0.030833333333333268,0.21692080668962133,-0.09211009174311924,2308.1,2277.016666666667,0.07187730167670381,0.08650939460258655,-0.09708029197080292,0.5498296804319719,651100.0,393705.0,1.6537763045935407,927693515.0,256,True,jpx_liquidity,JPX流動性
587,7995,バルカー,化学,プライム,7995.T,2026-07-02,7010.0,-0.03708791208791207,-0.08723958333333337,-0.12919254658385093,0.4291539245667686,0.7557695635610502,7640.0,6835.916666666667,-0.08246073298429324,0.025465982372517626,-0.16943127962085303,0.4412495347384828,87000.0,124500.0,0.6987951807228916,916081900.0,256,False,jpx_liquidity,JPX流動性
588,6914,オプテックスグループ,電気機器,プライム,6914.T,2026-07-02,4295.0,-0.008083140877598205,-0.0004029680082493492,-0.05396475770925113,0.6032101530421798,0.6731593299571483,4224.907629394531,3745.819209798177,0.016590272913378223,0.14661166475020893,-0.0683297180043384,0.5007153372207611,115600.0,216150.0,0.5348137867221837,908773275.0,256,False,jpx_liquidity,JPX流動性
589,1417,ミライト・ワン,建設業,プライム,1417.T,2026-07-02,3877.0,0.014390371533228752,0.007012987012986915,0.0064901349948078835,0.06248287201973146,0.10842785160731605,3860.7,3885.05,0.004222032273939913,-0.002072045404821088,-0.07270987801961248,0.2093434086938889,245200.0,235815.0,1.0397981468524056,906414060.0,256,False,jpx_liquidity,JPX流動性
590,2811,カゴメ,食料品,プライム,2811.T,2026-07-02,2658.0,0.02230769230769236,0.029833397907787607,0.05791044776119403,-0.07111654726542027,-0.008578888474449875,2578.25,2627.325,0.030931833608067505,0.01167537324084389,-0.08722527472527475,0.14548272972020318,450100.0,338665.0,1.32904197363176,904793482.5,256,False,jpx_liquidity,JPX流動性
591,2146,ＵＴグループ,サービス業,プライム,2146.T,2026-07-02,175.0,0.011560693641618602,0.01744186046511631,-0.005681818181818232,-0.1116751269035533,-0.08919594747470061,174.1,180.56666666666666,0.0051694428489375,-0.030828872069411095,-0.18111193785967106,0.18055601476944916,5035100.0,5121310.0,0.9831664164051775,902715645.0,256,True,jpx_liquidity,JPX流動性
592,2492,インフォマート,サービス業,プライム,2492.T,2026-07-02,400.0,0.05263157894736836,0.10309046609258354,0.08695652173913038,-0.15074309978768574,-0.017199017199017175,374.71506958007814,404.1883565266927,0.06747775169079073,-0.010362387879464086,-0.17864476386036965,0.5722289806302787,2247700.0,2387055.0,0.9416205324133713,897844995.0,256,True,jpx_liquidity,JPX流動性
593,6617,東光高岳,電気機器,プライム,6617.T,2026-07-02,7670.0,0.0013054830287206887,-0.035220125786163514,0.015894039735099286,0.534,0.9472374438987987,7643.0,7235.166666666667,0.003532644249640171,0.06009997466080019,-0.10813953488372097,0.458740483703649,153500.0,115940.0,1.323960669311713,895654100.0,256,False,jpx_liquidity,JPX流動性
594,4373,シンプレクス・ホールディングス,情報・通信業,プライム,4373.T,2026-07-02,990.0,0.04761904761904767,0.08078602620087327,-0.08587257617728528,0.18990384615384626,-0.013268067722966403,973.7,958.1666666666666,0.01674026907671755,0.03322316924682567,-0.11764705882352944,0.37281295420725963,985800.0,927880.0,1.0624218648963228,895527740.0,256,False,jpx_liquidity,JPX流動性
595,4516,日本新薬,医薬品,プライム,4516.T,2026-07-02,4084.0,0.024843161856963558,0.011642308645033461,0.015667744342203527,-0.23102993786480885,-0.2533917477966259,4019.2,4407.283333333334,0.016122611464968184,-0.0733520649530891,-0.2818129705249065,0.18532850285570274,284400.0,215700.0,1.3184979137691237,889080940.0,256,False,jpx_liquidity,JPX流動性
596,8174,日本瓦斯,小売業,プライム,8174.T,2026-07-02,2832.5,0.008725071225071268,0.004967181124711617,0.04136029411764697,-0.0231074323159165,-0.036401708808256106,2767.2,2800.9166666666665,0.023597860653367997,0.011276070334116817,-0.0860638827002721,0.20546508458931642,155800.0,323085.0,0.4822260395871056,877547525.0,256,False,jpx_liquidity,JPX流動性
597,8367,南都銀行,銀行業,プライム,8367.T,2026-07-02,1824.0,0.018425460636515956,0.053117782909930744,0.10144927536231885,0.2442019099590722,0.5397853584341028,1755.6,1648.5666666666666,0.038961038961039085,0.10641567422205145,0.0,0.2534192433741804,501300.0,489805.0,1.0234685231877991,873526755.0,256,False,jpx_liquidity,JPX流動性
598,8522,名古屋銀行,銀行業,プライム,8522.T,2026-07-02,6310.0,0.03442622950819674,0.07130730050933787,0.10896309314587005,0.08793103448275863,0.4634212077442119,5919.0,5895.166666666667,0.06605845582023995,0.07036838087698949,0.0,0.2562890570481794,285200.0,140415.0,2.031122031122031,873489350.0,256,False,jpx_liquidity,JPX流動性
599,8336,武蔵野銀行,銀行業,プライム,8336.T,2026-07-02,2568.0,0.014218009478673022,0.04220779220779214,0.06600249066002495,0.17046490428441197,0.5691228591509931,2480.35,2432.3166666666666,0.035337754752353456,0.05578358081116086,0.0,0.2480433350047917,317700.0,355240.0,0.894324963405022,869331850.0,256,False,jpx_liquidity,JPX流動性
600,3993,ＰＫＳＨＡ　Ｔｅｃｈｎｏｌｏｇｙ,情報・通信業,プライム,3993.T,2026-07-02,2713.0,0.027651515151515094,0.03470633104500376,-0.034863038064745666,-0.04303350970017639,-0.22816500711237553,2698.95,2936.133333333333,0.005205728153541367,-0.07599564052495345,-0.24847645429362886,0.48329347715051785,386400.0,339535.0,1.1380270075249974,865346205.0,256,False,jpx_liquidity,JPX流動性
