liquidity_rank,code,name,industry,market,ticker,trade_date,close,return_1d,return_5d,return_20d,return_60d,return_120d,ma20,ma60,distance_ma20,distance_ma60,distance_high_120d,volatility_20d,latest_volume,avg_volume_20d,volume_ratio_20d,avg_turnover_20d,history_days,in_yahoo_pool,universe_source,universe_label
1,285A,キオクシアホールディングス,電気機器,プライム,285A.T,2026-10-05,19120.0,-0.00932642487046631,0.07536557930258714,-0.6250980392156863,-0.7656575560730482,-0.1783412118607649,31305.41669921875,47528.138899739584,-0.3892430762476593,-0.5977119987733254,-0.8241030358785648,2.4986575181718793,37320000.0,52216965.0,0.714710247905063,1338335464588.7598,318,True,jpx_liquidity,JPX流動性
2,9984,ソフトバンクグループ,情報・通信業,プライム,9984.T,2026-10-05,6497.0,0.029635499207606886,0.041436242686543334,0.319455727051178,0.08663656129787589,0.8224403927068724,6252.527172851563,5766.942390950521,0.03909984241411002,0.12659353250954686,-0.24733549582947179,0.857167677510947,56205300.0,71242785.0,0.7889262049483327,456233896355.0,318,True,jpx_liquidity,JPX流動性
3,6857,アドバンテスト,電気機器,プライム,6857.T,2026-10-05,40300.0,0.04323064975407709,0.19478209309220285,0.23847572218807622,0.36309825807542695,0.8153153153153154,33593.0,32499.666666666668,0.19965468996517122,0.2400127180791598,0.0,0.5715182780440207,15464300.0,10334065.0,1.4964392037402512,366853240850.0,318,True,jpx_liquidity,JPX流動性
4,6976,太陽誘電,電気機器,プライム,6976.T,2026-10-05,10490.0,0.03912828132738988,0.15937223695844382,0.1842402348159855,-0.42942616263258093,1.2898930364549224,9312.42138671875,10335.590462239583,0.12645246218783623,0.014939595209827905,-0.5369675568307217,0.6566679976822064,19346900.0,28613485.0,0.6761462296536056,266633697770.0,318,True,jpx_liquidity,JPX流動性
5,5803,フジクラ,非鉄金属,プライム,5803.T,2026-10-05,5566.0,-0.005716327259735587,0.12717699473471034,0.09351669941060914,0.039596563317146005,0.27368421052631575,5080.00546875,5023.551822916666,0.09566811182382162,0.10798100551262735,-0.2914067472947167,0.5370044562678549,34492600.0,35257175.0,0.9783143431088849,179123403650.0,318,True,jpx_liquidity,JPX流動性
6,8035,東京エレクトロン,電気機器,プライム,8035.T,2026-10-05,12765.0,0.05495867768595031,0.1732536764705883,-0.7596497834682734,-0.8234928097345133,-0.6679240374609782,25678.533740234376,48676.01124674479,-0.5028921772118484,-0.7377558334578276,-0.838007614213198,2.861237230170199,16639700.0,11033460.0,1.5081125956862127,176520333150.0,318,True,jpx_liquidity,JPX流動性
7,4062,イビデン,電気機器,プライム,4062.T,2026-10-05,12265.0,0.013636363636363669,0.10098743267504484,-0.3929720366245979,-0.4266012155212716,0.40685937141546225,14237.92998046875,17223.643326822916,-0.13856859692210655,-0.28789746935253047,-0.5358561967833491,1.9843192617076877,13985600.0,12870630.0,1.0866290150520992,173849040900.0,318,True,jpx_liquidity,JPX流動性
8,6981,村田製作所,電気機器,プライム,6981.T,2026-10-05,8745.0,0.03283335301759771,0.0973773371815787,0.2637283236994219,-0.14682926829268295,1.309825673534073,7665.707202148437,7762.702400716146,0.1407949416003098,0.12654067470024777,-0.2861224489795918,0.5846837294150443,20804000.0,21062780.0,0.987713872527748,162011111695.0,318,True,jpx_liquidity,JPX流動性
9,6920,レーザーテック,電気機器,プライム,6920.T,2026-10-05,46190.0,0.0013006720138737382,0.15474999999999994,0.42782071097372487,-0.018069727891156462,0.26305715066994795,38263.0,39199.166666666664,0.2071714188641769,0.17834137630476854,-0.1933778156661098,0.5871183720611373,5324800.0,3871420.0,1.3754126392899764,157666600400.0,318,True,jpx_liquidity,JPX流動性
10,8306,三菱ＵＦＪフィナンシャル・グループ,銀行業,プライム,8306.T,2026-10-05,3615.0,0.020033860045146623,-0.015790906615845368,-0.018729641693811083,0.07270029673590495,0.2860192102454642,3635.86376953125,3604.70458984375,-0.005738325430696745,0.0028561037110383936,-0.048433798367991554,0.2842492763974761,34028700.0,43345550.0,0.7850563668012056,157110967430.0,318,True,jpx_liquidity,JPX流動性
11,8316,三井住友フィナンシャルグループ,銀行業,プライム,8316.T,2026-10-05,3374.0,0.015959048479373683,-0.009104258443465518,-0.5159948357480992,-0.5038235294117648,-0.37726098191214474,4601.802209472657,6097.284069824219,-0.2668089921260124,-0.4466388704606852,-0.5322983088439146,1.7145013824947946,22641400.0,20984110.0,1.0789783316995574,88744618920.0,318,True,jpx_liquidity,JPX流動性
12,5801,古河電気工業,非鉄金属,プライム,5801.T,2026-10-05,4378.0,-0.011515014675999136,0.16004239533651288,0.1668443496801706,0.12602880658436222,-0.8800876472199397,3895.1609375,3748.0703125,0.12395869394035786,0.16806773485522752,-0.927203192550715,0.7202710248257077,24559000.0,21712415.0,1.1311040250474211,87099087750.0,318,True,jpx_liquidity,JPX流動性
13,6146,ディスコ,機械,プライム,6146.T,2026-10-05,63730.0,0.0570575551501078,0.17520146047317864,0.15515678810947975,-0.18294871794871792,0.013840279987273219,54720.5900390625,60314.36334635417,0.16464387453618645,0.05663056797982913,-0.2797242314647378,0.45282466268700633,2180200.0,1466835.0,1.4863294099199977,83060818400.0,318,True,jpx_liquidity,JPX流動性
14,8411,みずほフィナンシャルグループ,銀行業,プライム,8411.T,2026-10-05,8668.0,0.026284631778356715,-0.006419073819348919,-0.00011535355865732733,0.0577181208053692,0.32558495182749647,8578.613818359376,8437.304606119791,0.010419653283532337,0.02734230949927774,-0.02111801242236022,0.33367968932810277,8452700.0,9493235.0,0.8903919475289509,81206474700.0,318,True,jpx_liquidity,JPX流動性
15,6525,ＫＯＫＵＳＡＩ　ＥＬＥＣＴＲＩＣ,電気機器,プライム,6525.T,2026-10-05,10485.0,0.0432835820895523,0.1475320126956332,0.2591569592890597,-0.0696539485359361,1.0367132867132867,8935.86455078125,8815.33818359375,0.1733615634408101,0.18940417050745273,-0.12624999999999997,0.560759763975288,5057000.0,8926085.0,0.5665417705522634,80021150040.0,318,True,jpx_liquidity,JPX流動性
16,9983,ファーストリテイリング,小売業,プライム,9983.T,2026-10-05,74690.0,0.04068552319910834,0.10081061164333094,0.06093750000000009,-0.140802944898194,0.14748809340912583,68705.0,74554.96393229166,0.08711156393275599,0.0018112283956166486,-0.1502844141069397,0.27785287177578205,1134400.0,1133905.0,1.0004365445076968,78559223650.0,318,True,jpx_liquidity,JPX流動性
17,7203,トヨタ自動車,輸送用機器,プライム,7203.T,2026-10-05,2893.5,0.0129529144057412,-0.014643282819683301,-0.07644430258538137,-0.01009237085186454,-0.11023985239852396,2964.8608276367186,2985.8452758789062,-0.024068862515074674,-0.03092768289935044,-0.14696344339622647,0.21022869890935017,23901000.0,25751525.0,0.9281392072896654,76360244795.0,318,True,jpx_liquidity,JPX流動性
18,6098,リクルートホールディングス,サービス業,プライム,6098.T,2026-10-05,16635.0,-0.0029967036260113433,0.012353943524829658,0.017120146744114884,0.39848675914249676,1.3842625770388417,16432.711962890626,15018.403987630209,0.012310082326410399,0.10764099925007264,-0.0867416964040626,0.4389400986272744,2917200.0,4566095.0,0.6388828966545812,72418618550.0,318,False,jpx_liquidity,JPX流動性
19,5016,ＪＸ金属,非鉄金属,プライム,5016.T,2026-10-05,3712.0,0.027685492801771794,0.04829144309517086,0.014207650273224015,-0.07707608155146695,-0.0040246847330291935,3627.0556884765624,3742.168562825521,0.023419632566798576,-0.008061786186013498,-0.35104895104895106,0.3688672232061282,17571000.0,18159195.0,0.9676089716532038,66463587170.0,318,True,jpx_liquidity,JPX流動性
20,7974,任天堂,その他製品,プライム,7974.T,2026-10-05,7742.0,-0.013632309848388369,-0.03212901612701591,-0.12232173222990594,0.10081046495094559,-0.12460425146992316,8233.45,8040.316666666667,-0.05968943759906242,-0.03710260168028212,-0.1495111501702735,0.30729050164275545,8755700.0,7603920.0,1.1514718724026556,62232158465.0,318,True,jpx_liquidity,JPX流動性
21,7011,三菱重工業,機械,プライム,7011.T,2026-10-05,3871.0,0.015211119853133948,-0.00025826446280996507,0.03947368421052633,-0.05815085158150857,-0.19084448160535117,3801.235986328125,3891.861995442708,0.018352981483600317,-0.0053604150062712685,-0.2018556701030928,0.28916103415556244,14233100.0,15884155.0,0.8960564789250671,59827628345.0,318,True,jpx_liquidity,JPX流動性
22,6501,日立製作所,電気機器,プライム,6501.T,2026-10-05,5642.0,0.021731256791017728,0.02768670309653909,0.05754451733833177,0.17419354838709666,0.18429890848026864,5382.537646484375,5256.479215494792,0.04820446610068663,0.07334201633838644,-0.021675047685104865,0.21863937614350507,9943600.0,10005570.0,0.9938064498074572,53789703365.0,318,True,jpx_liquidity,JPX流動性
23,6758,ソニーグループ,電気機器,プライム,6758.T,2026-10-05,3723.0,-0.007993605115907298,0.016518771331057946,-0.05025510204081629,0.08796025715955591,0.12443370582905477,3721.250537109375,3680.8001790364583,0.0004701276823957379,0.01146484973671913,-0.0798319327731093,0.25615711542115843,12492000.0,14185150.0,0.8806392600712717,52199484780.0,318,True,jpx_liquidity,JPX流動性
24,8766,東京海上ホールディングス,保険業,プライム,8766.T,2026-10-05,509.5,0.004138758629831596,0.22525056094858464,-0.9344694533762058,-0.9347631241997439,-0.9299848838807201,2877.273472595215,6118.574490865071,-0.8229226367070189,-0.9167289699977217,-0.9392946503038246,3.4522298607608533,108374100.0,66252390.0,1.6357764602907154,51697949012.19574,318,True,jpx_liquidity,JPX流動性
25,6861,キーエンス,電気機器,プライム,6861.T,2026-10-05,81680.0,0.0175657157094804,0.04050955414012747,0.04691104844911553,0.009516747002842774,0.40126951449648307,77815.559765625,78987.35325520833,0.04966153615053881,0.03408959325541283,-0.0682181154460415,0.19770592141234802,435600.0,592760.0,0.7348673999595114,45001062800.0,318,False,jpx_liquidity,JPX流動性
26,8001,伊藤忠商事,卸売業,プライム,8001.T,2026-10-05,2197.5,0.010112617789014067,-0.0029491833030852455,0.018776077885952702,0.16054924742540266,0.07483492296404992,2243.311169433594,2088.7370564778644,-0.02042122825303838,0.052071151409329275,-0.06352942253602889,0.2775213197716554,11489400.0,19479475.0,0.5898208242265256,43349979535.0,318,True,jpx_liquidity,JPX流動性
27,8058,三菱商事,卸売業,プライム,8058.T,2026-10-05,4709.0,0.0031955688112483838,-0.009882253994953794,-0.031069958847736667,0.04481917017972048,-0.1319815668202765,4853.210913085937,4764.320304361979,-0.029714536554983573,-0.011611373885028309,-0.19942196531791911,0.2978601195990367,6952500.0,8537525.0,0.8143460780495518,41216119015.0,318,True,jpx_liquidity,JPX流動性
28,5802,住友電気工業,非鉄金属,プライム,5802.T,2026-10-05,2466.0,0.005709624796084833,0.13067400275103158,0.14405010438413357,-0.04879459980713596,-0.7316940485257317,2163.889373779297,2249.7047912597654,0.13961463551764575,0.09614381832698848,-0.8234156820622986,0.5184422159796077,20652900.0,18586510.0,1.1111768696759101,40900461470.0,318,True,jpx_liquidity,JPX流動性
29,4063,信越化学工業,化学,プライム,4063.T,2026-10-05,6218.0,0.03117744610281914,0.07317915084570248,0.05928449744463382,-0.1614295347269049,-0.054152722847581436,5831.42841796875,6230.042805989583,0.06629106186746325,-0.001933021387590661,-0.20343325646938248,0.22474069004658856,6995600.0,6804735.0,1.0280488512778234,39351602790.0,318,True,jpx_liquidity,JPX流動性
30,5706,三井金属,非鉄金属,プライム,5706.T,2026-10-05,2647.5,0.036812218523595064,0.22117158671586723,-0.8994874715261959,-0.9294376332622601,-0.9160855784469096,10117.988592529297,23938.912864176433,-0.7383373211198514,-0.8894060054012782,-0.951775956284153,3.211964732285605,22637000.0,9287000.0,2.4374932701625927,37260624090.0,318,True,jpx_liquidity,JPX流動性
31,6723,ルネサスエレクトロニクス,電気機器,プライム,6723.T,2026-10-05,3862.0,0.0802797202797203,0.11650766117374967,0.20274057925879796,-0.18004246284501058,0.670054054054054,3376.9,3673.133333333333,0.14365246231751017,0.051418407535800625,-0.2461448370095647,0.4764641964894157,18812000.0,10483075.0,1.7945116294598675,36316943045.0,318,True,jpx_liquidity,JPX流動性
32,6752,パナソニック　ホールディングス,電気機器,プライム,6752.T,2026-10-05,4710.0,0.031085814360770625,0.06033318325078785,0.09636871508379885,0.03357472021066488,0.6610827014635867,4346.2529296875,4302.434309895833,0.08369210816698924,0.0947290907305065,-0.016290726817042578,0.4544618304117411,8066300.0,8260425.0,0.9764993931910283,36087356185.0,318,True,jpx_liquidity,JPX流動性
33,9432,ＮＴＴ,情報・通信業,プライム,9432.T,2026-10-05,170.0,0.0005886174638507491,-0.011627906976744207,-0.02968034839508804,0.15646258503401356,0.09395113691729629,172.59923629760743,162.78474502563478,-0.015059373108265994,0.044323901316606795,-0.04073000512735958,0.1618048599788948,166990100.0,200641240.0,0.8322820373319064,34235984711.321564,318,True,jpx_liquidity,JPX流動性
34,4004,レゾナック・ホールディングス,化学,プライム,4004.T,2026-10-05,18000.0,0.04166666666666674,0.2464035388339365,0.16655865197666886,0.07462686567164178,0.5273652948663556,15108.11181640625,15304.953938802084,0.19141294549153276,0.1760897858284478,-0.07455012853470433,0.7810711788829985,3862700.0,2121379.35,1.8208435940512007,34101542271.325783,318,True,jpx_liquidity,JPX流動性
35,3436,ＳＵＭＣＯ,金属製品,プライム,3436.T,2026-10-05,3647.0,0.016443701226309893,0.20761589403973502,0.1681614349775784,-0.29472055695223365,1.0686330119115146,3143.475,3581.258333333333,0.16018100986965056,0.018357141693678525,-0.3127944224609007,0.5777049486162119,10931200.0,10876745.0,1.0050065529715002,33913535925.0,318,True,jpx_liquidity,JPX流動性
36,8031,三井物産,卸売業,プライム,8031.T,2026-10-05,4925.0,0.004691962464300259,-0.005251464350636281,-0.037898026958390285,0.05528176558817233,-0.22781436186892445,5024.000439453125,4908.850146484375,-0.019705499759849032,0.003289946328304927,-0.2280564263322884,0.2973025102321778,5647900.0,6658525.0,0.8482208897616214,33302270760.0,318,True,jpx_liquidity,JPX流動性
37,6762,ＴＤＫ,電気機器,プライム,6762.T,2026-10-05,3447.0,0.07786116322701697,0.17444633730834758,0.19521497919556174,-0.015424164524421635,0.6600048157958103,2928.9060913085937,3037.5686971028645,0.176889901055151,0.13478915004873393,-0.16151787886159086,0.4964583553896075,22431900.0,10274355.0,2.183290337933622,32130054042.5,318,True,jpx_liquidity,JPX流動性
38,7013,ＩＨＩ,機械,プライム,7013.T,2026-10-05,2720.0,0.004616805170821747,-0.015740908268500053,0.04615384615384621,-0.11429501790947572,-0.18587249326548938,2725.364636230469,2771.8048787434896,-0.001968410450166047,-0.01868994428171067,-0.2097617664148751,0.38928088487063994,8104300.0,11732600.0,0.6907505582735285,31348302307.5,318,True,jpx_liquidity,JPX流動性
39,6503,三菱電機,電気機器,プライム,6503.T,2026-10-05,5367.0,0.019566869300911893,0.035500675284584116,0.01724791508718737,-0.11186496773125931,-0.0035276643148904885,5183.9755859375,5517.791861979166,0.03530580170149489,-0.02732829830320549,-0.181859756097561,0.31726138654406294,4546900.0,6074345.0,0.7485416123055243,30799485010.0,318,True,jpx_liquidity,JPX流動性
40,7741,ＨＯＹＡ,精密機器,プライム,7741.T,2026-10-05,24500.0,0.013234077750206685,0.03857566765578646,0.003276003276003303,-0.04203323558162264,-0.12515622210319588,23380.25,24561.416666666668,0.04789298660193975,-0.0025005343747137587,-0.18414918414918413,0.2443461118796756,1215800.0,1263265.0,0.9624267275670584,29449515425.0,318,False,jpx_liquidity,JPX流動性
41,6594,ニデック,電気機器,プライム,6594.T,2026-10-05,2180.0,0.029759093056211716,-0.06837606837606836,-0.12096774193548387,-0.1949778434268833,0.020599250936329527,2558.05,2604.4333333333334,-0.14778835441058624,-0.16296571231105939,-0.24801655743359774,0.915359723947272,14826800.0,11325755.0,1.3091224381950695,28063422615.0,318,True,jpx_liquidity,JPX流動性
42,7735,ＳＣＲＥＥＮホールディングス,電気機器,プライム,7735.T,2026-10-05,15785.0,0.02069188490139018,0.1356115107913669,0.2008368200836821,-0.11618141097424417,0.7112966175195143,13474.170947265626,14295.723649088543,0.17150064829801792,0.10417635283586435,-0.19009748589020015,0.4900397814693371,2193600.0,1926660.0,1.138550652424403,26792909250.0,318,False,jpx_liquidity,JPX流動性
43,6954,ファナック,電気機器,プライム,6954.T,2026-10-05,6186.0,0.018271604938271624,0.04088844018172644,0.0805240174672488,-0.17266283268690652,0.12390988372093026,5902.2,6295.933333333333,0.048083765375622756,-0.017461006575673177,-0.2660180351210252,0.2612545326285368,3752100.0,4668310.0,0.8037383978356193,26790838595.0,318,True,jpx_liquidity,JPX流動性
44,6702,富士通,電気機器,プライム,6702.T,2026-10-05,4063.0,-0.0014745637748833085,0.027826966860612146,0.0689292291502237,0.21319796954314718,0.2146487294469357,3913.1105346679688,3688.320178222656,0.03830442917573995,0.1015854924931967,-0.0014745637748833085,0.32116483594797907,6478800.0,6754025.0,0.9592502248659133,26611266165.0,318,True,jpx_liquidity,JPX流動性
45,2914,日本たばこ産業,食料品,プライム,2914.T,2026-10-05,6930.0,0.014641288433382194,0.011678832116788218,-0.010424103955447683,0.11972855065438681,0.1386789352612554,6816.7,6751.466666666666,0.01662094561884775,0.026443636938146886,-0.028731604765241725,0.18116004317685055,2893000.0,3848710.0,0.7516804331841058,26251576490.0,318,False,jpx_liquidity,JPX流動性
46,9433,ＫＤＤＩ,情報・通信業,プライム,9433.T,2026-10-05,2893.0,-0.0012083549110996072,-0.01581901683959852,-0.031145344943067643,0.05680365296803647,0.07049028677150782,2974.301025390625,2918.0420084635416,-0.027334497986782447,-0.008581784769002399,-0.06917631917631917,0.13899854039429604,8500500.0,8672375.0,0.9801813228786809,26195578785.0,318,True,jpx_liquidity,JPX流動性
47,8002,丸紅,卸売業,プライム,8002.T,2026-10-05,4805.0,0.01693121693121702,0.0049147756980028046,-0.055992141453831024,-0.04397134898527655,-0.1882074674776144,4934.355078125,4999.301692708334,-0.02621519450403098,-0.03886576659130814,-0.21474097074685405,0.27335541987777057,4000000.0,5228690.0,0.7650099738175337,25888564970.0,318,True,jpx_liquidity,JPX流動性
48,6701,日本電気,電気機器,プライム,6701.T,2026-10-05,4927.0,0.0028495827396701756,0.03551912568306004,0.03183246073298429,0.13342535081665519,0.20937653411880208,4747.71650390625,4668.47216796875,0.03776204749088152,0.055377396015136915,-0.04663312693498456,0.34164306528365945,3984500.0,5570210.0,0.7153231206722906,25794574685.0,318,True,jpx_liquidity,JPX流動性
49,4502,武田薬品工業,医薬品,プライム,4502.T,2026-10-05,5639.0,-0.0007088428141059921,-0.03242964996568287,-0.031765109890109944,0.02211346746420162,-0.027423249396343552,5739.579370117188,5639.7431233723955,-0.017523822501845476,-0.00013176546451487692,-0.04553148273527419,0.20898824444489938,3269900.0,4380005.0,0.7465516591876037,25263921265.0,318,False,jpx_liquidity,JPX流動性
50,8725,ＭＳ＆ＡＤインシュアランスグループホールディングス,保険業,プライム,8725.T,2026-10-05,4830.0,0.011306532663316604,-0.03148185281732507,-0.05939629990262907,0.061072056239015904,0.18121790168745422,5006.811450195312,4892.803816731771,-0.03531418188084856,-0.012835956454457231,-0.0782442748091603,0.2998785143867379,3482300.0,4951335.0,0.703305270194806,24811352120.0,318,False,jpx_liquidity,JPX流動性
51,8308,りそなホールディングス,銀行業,プライム,8308.T,2026-10-05,2546.0,0.029102667744543176,0.001967729240456517,0.01132075471698113,0.11519929916776173,0.36587982832618016,2490.2705810546877,2403.3901936848956,0.022378860903424336,0.05933693442280963,-0.0015686274509804088,0.346754420714892,8808000.0,9680280.0,0.9098910362096965,24009175462.5,318,True,jpx_liquidity,JPX流動性
52,5713,住友金属鉱山,非鉄金属,プライム,5713.T,2026-10-05,9672.0,-0.005347593582887722,0.031349968010236706,-0.036173393124065756,0.22059565875820297,0.013411567476948827,9687.895458984374,9160.015152994793,-0.0016407545943978308,0.05589344978734223,-0.1644060475161987,0.44586103243447334,2138400.0,2551450.0,0.8381116619961199,23969029230.0,318,False,jpx_liquidity,JPX流動性
53,6301,小松製作所,機械,プライム,6301.T,2026-10-05,7777.0,0.03693333333333326,0.05651406058959374,0.050945945945946036,0.15231886205363754,0.21382862494147026,7324.802416992187,7093.417472330729,0.06173512366132883,0.09636857415141842,0.0,0.3584926613502961,3770300.0,3165760.0,1.1909620438694026,23739639440.0,318,True,jpx_liquidity,JPX流動性
54,7012,川崎重工業,輸送用機器,プライム,7012.T,2026-10-05,2354.5,0.0019148936170212405,-0.010714285714285676,-0.030471484455425135,-0.2159507159507159,-0.2525396825396825,2378.2779296875,2605.2009765625,-0.009997960873573963,-0.0962309544706581,-0.3165457184325109,0.24386661235257362,7452400.0,10339335.0,0.7207813655326962,23638036722.5,318,True,jpx_liquidity,JPX流動性
55,7267,本田技研工業,輸送用機器,プライム,7267.T,2026-10-05,1676.5,0.00720937218383888,-0.0038621509209744165,-0.009160756501182088,0.048467792370231466,0.33905750798722045,1665.2138427734376,1639.0212809244792,0.006777602333502886,0.022866523767391955,-0.04363947518539646,0.25603504197994664,14484900.0,14108290.0,1.0266942343827636,23551759212.5,318,True,jpx_liquidity,JPX流動性
56,6367,ダイキン工業,機械,プライム,6367.T,2026-10-05,20525.0,-0.002914743745445758,-0.010366441658630654,-0.011795859412614296,-0.21510516252390055,0.041085467917828966,20620.11669921875,22099.122233072918,-0.004612810907241527,-0.07123007947877369,-0.21510516252390055,0.14450666411134486,1340500.0,1121245.0,1.1955460225017727,23487976650.0,318,False,jpx_liquidity,JPX流動性
57,5401,日本製鉄,鉄鋼,プライム,5401.T,2026-10-05,639.0,-0.005447470817120603,-0.04754810441678359,-0.07592190889370931,0.14311270125223619,0.09044368600682584,671.7100402832032,651.4850128173828,-0.04869666719498811,-0.019163929440818017,-0.09310243806265428,0.22677725154812303,28622200.0,35065545.0,0.8162485425508145,23124434227.83142,318,True,jpx_liquidity,JPX流動性
58,7936,アシックス,その他製品,プライム,7936.T,2026-10-05,4279.0,0.03332528374788701,0.02663147792706333,0.015665796344647598,-0.09419983065198989,0.02124105011933164,4127.85,4565.616666666667,0.03661712513778359,-0.06277720789816643,-0.1897367922741905,0.2968231752492009,5028900.0,5488130.0,0.9163230462835247,22228601635.0,318,False,jpx_liquidity,JPX流動性
59,8591,オリックス,その他金融業,プライム,8591.T,2026-10-05,5850.0,0.018276762402088753,-0.028840930956741007,-0.06936048361438119,-0.08422041327489038,0.23652504755865578,6021.558813476562,6256.069604492188,-0.028490764400175728,-0.06490810207747821,-0.12333283380788251,0.23512673078347315,4002300.0,3645425.0,1.0978966787137303,22037293165.0,318,True,jpx_liquidity,JPX流動性
60,4519,中外製薬,医薬品,プライム,4519.T,2026-10-05,6089.0,0.009449602122015843,-0.04291103426595411,-0.10875292740046838,-0.19254740750563581,-0.3032383567913949,6456.0,6861.383333333333,-0.056846344485749656,-0.11256962274371296,-0.3178355366345508,0.3010865960135936,3878500.0,3297390.0,1.1762333239319582,21563679080.0,318,True,jpx_liquidity,JPX流動性
61,1605,ＩＮＰＥＸ,鉱業,プライム,1605.T,2026-10-05,3661.0,-0.009469696969697017,-0.04036697247706422,-0.0962725253023945,0.106376548806286,-0.18281250000000004,3831.9,3717.016666666667,-0.04459928495002485,-0.015070329699893747,-0.14402618657937805,0.3166184371169835,3913900.0,5731990.0,0.6828169623464102,21421004045.0,318,True,jpx_liquidity,JPX流動性
62,7182,ゆうちょ銀行,銀行業,プライム,7182.T,2026-10-05,3397.0,0.000589101620029453,-0.009620991253644351,0.002952465308532659,0.041385652973635834,0.2744325642468579,3332.7,3282.4,0.01929366579650149,0.03491347794296851,-0.029982866933181085,0.317864390156705,4248200.0,6210330.0,0.6840538264472258,20519842960.0,318,True,jpx_liquidity,JPX流動性
63,6273,ＳＭＣ,機械,プライム,6273.T,2026-10-05,75190.0,0.02368958475153171,0.08389793859016859,0.1306766917293234,-0.00791661169019664,0.2102044101078384,68749.6171875,71070.5390625,0.0936788170752314,0.05796298989483262,-0.11080889309366126,0.2904158123516076,291500.0,290495.0,1.0034596120415153,20112850450.0,318,False,jpx_liquidity,JPX流動性
64,9104,商船三井,海運業,プライム,9104.T,2026-10-05,7049.0,-0.012330110690766394,0.003988035892322994,0.001562944018187018,0.31046662948503445,0.026055312954876175,7051.074169921875,6491.641389973958,-0.0002941636794465685,0.08585788655652737,-0.03880090873578568,0.3083766895655043,1782000.0,2906750.0,0.6130558183538316,19932162000.0,318,False,jpx_liquidity,JPX流動性
65,9434,ソフトバンク,情報・通信業,プライム,9434.T,2026-10-05,238.5,0.004633555736295758,-0.006663915297135836,-0.011603825181706329,0.13355516596326833,0.11085236790895392,241.25148010253906,232.3654935201009,-0.011405028899178604,0.026400247243975716,-0.03469525867078849,0.1443896602744841,67141900.0,81817235.0,0.8206327187664066,19830776022.392197,318,True,jpx_liquidity,JPX流動性
66,9501,東京電力ホールディングス,電気・ガス業,プライム,9501.T,2026-10-05,522.9000244140625,-0.0020991900494991,-0.006837560467117809,-0.07303661222300195,0.11540110501236889,-0.1621534291470902,540.7100006103516,525.9683303833008,-0.03293812982224342,-0.00583363254400171,-0.21380237015735892,0.3729751628564075,30480500.0,37678815.0,0.8089559079817134,19809456061.380005,318,True,jpx_liquidity,JPX流動性
67,8053,住友商事,卸売業,プライム,8053.T,2026-10-05,1741.5,0.0078125,-0.014988687782805377,-0.026006711409395922,0.09459459459459452,-0.711910669975186,1786.585382080078,1714.6117940266927,-0.025235503733712528,0.015681803931933525,-0.7738017924405767,0.29523062047554416,9004800.0,11034620.0,0.8160498503799859,19454967450.0,318,True,jpx_liquidity,JPX流動性
68,9101,日本郵船,海運業,プライム,9101.T,2026-10-05,7076.0,-0.009102366615319935,-0.01489628289015732,-0.002958996759193977,0.3176908752327747,0.12157235695038837,7209.059057617187,6537.369685872396,-0.01845720177262178,0.08239251258676905,-0.04913921453133241,0.29056553044204075,2244900.0,2727730.0,0.8229920116727095,19429761020.0,318,False,jpx_liquidity,JPX流動性
69,6330,東洋エンジニアリング,建設業,プライム,6330.T,2026-10-05,2613.0,-0.006463878326996242,-0.015819209039548032,0.0456182472989195,0.206371191135734,0.18396012686905294,2698.35,2355.2166666666667,-0.03163044082494859,0.10945206739648872,-0.10144429160935353,0.6268290647526888,3239400.0,7100250.0,0.45623745642759056,19102693390.0,318,False,jpx_liquidity,JPX流動性
70,8136,サンリオ,卸売業,プライム,8136.T,2026-10-05,1179.5,-0.0012701100762065876,0.008550662676357401,-0.09616858237547887,0.021212121212121238,0.19298066697405458,1207.6050598144532,1225.4683532714844,-0.023273386928977846,-0.037510844852719605,-0.18906840838776207,0.3277298454702346,11411600.0,15419890.0,0.7400571599408297,18199145302.5,318,True,jpx_liquidity,JPX流動性
71,8750,第一ライフグループ,保険業,プライム,8750.T,2026-10-05,1816.0,0.016512734396865403,-0.0479685452162516,-0.01625135427952329,-0.03172487336710206,0.23202170963364988,1852.9158630371094,1859.8302876790365,-0.01992311889251175,-0.02356682110695929,-0.07299642674834095,0.2725158827526585,8326600.0,9672345.0,0.860866728802581,17956162100.0,318,True,jpx_liquidity,JPX流動性
72,6971,京セラ,電気機器,プライム,6971.T,2026-10-05,3855.0,0.0509814612868047,0.048979591836734615,0.0948594149389379,-0.0049044914816727125,0.5404595404595405,3582.495458984375,3655.065152994792,0.07606556494920969,0.054700761446452084,-0.015577119509703752,0.3159328952855681,5518300.0,4926470.0,1.1201326710606174,17863964135.0,318,True,jpx_liquidity,JPX流動性
73,4568,第一三共,医薬品,プライム,4568.T,2026-10-05,2716.0,0.0025839793281654533,-0.02302158273381294,-0.05792577176552205,-0.015228426395939132,-0.054646710755308026,2780.9490478515627,2770.708015950521,-0.02335499382908124,-0.019745139377940757,-0.09466666666666668,0.28578678160781723,4799800.0,6182230.0,0.77638651425133,17152278285.0,318,True,jpx_liquidity,JPX流動性
74,8015,豊田通商,卸売業,プライム,8015.T,2026-10-05,7387.0,0.016932819383259856,0.008051310043668103,-0.020031838684001047,0.17515112949411393,0.2256512361041978,7397.639013671875,7052.763004557291,-0.0014381633994592358,0.04739092965788494,-0.04152069547164916,0.2513210025597803,1775400.0,2288815.0,0.7756852344990749,16754880675.0,318,False,jpx_liquidity,JPX流動性
75,4661,オリエンタルランド,サービス業,プライム,4661.T,2026-10-05,2837.0,0.007278537191549805,-0.01969592259847963,-0.055278055278055294,0.10755416747999225,0.07238707238707232,3013.1910766601563,2921.0303588867187,-0.0584732505100366,-0.028767369237047147,-0.11010037641154324,0.28436222576859194,3400000.0,5494880.0,0.6187578254666162,16426896587.5,318,False,jpx_liquidity,JPX流動性
76,9697,カプコン,情報・通信業,プライム,9697.T,2026-10-05,4415.0,-0.0074190647482014205,0.012150389729481903,0.04521780303030298,0.3382843285844195,0.2797101449275363,4329.439721679688,4005.7965738932294,0.019762436670931915,0.10215282243078705,-0.0074190647482014205,0.2098814799259026,2825200.0,3713830.0,0.760724104226634,16315259795.0,318,False,jpx_liquidity,JPX流動性
77,8630,ＳＯＭＰＯホールディングス,保険業,プライム,8630.T,2026-10-05,6575.0,0.007971792120190058,-0.034366279923630505,-0.042661619103086745,-0.028803545051698687,0.08301762477351349,6715.633569335938,6811.561189778646,-0.02094122138796861,-0.03472936426580542,-0.1067789702486075,0.24512977524265084,2073700.0,2401990.0,0.863325825669549,16259387965.0,318,False,jpx_liquidity,JPX流動性
78,8309,三井住友トラストグループ,銀行業,プライム,8309.T,2026-10-05,1755.0,0.0068846815834766595,-0.017219655606887874,-0.011267605633802802,-0.731651376146789,-0.660015497869043,1761.7179321289063,2298.3101440429687,-0.003813284752564372,-0.23639548624505002,-0.740269350303389,0.201781466708718,6601200.0,9654290.0,0.6837582049016551,16211575042.5,318,True,jpx_liquidity,JPX流動性
79,5108,ブリヂストン,ゴム製品,プライム,5108.T,2026-10-05,3829.0,0.012962962962963065,-0.0007828810020876764,-0.06564177647632996,0.06184137548530222,0.14332636607942661,3818.8,3902.516666666667,0.0026709961244368863,-0.018838271030232723,-0.11365740740740737,0.21770652663403744,3050400.0,4234045.0,0.7204458148177452,16084169355.0,318,False,jpx_liquidity,JPX流動性
80,8604,野村ホールディングス,証券、商品先物取引業,プライム,8604.T,2026-10-05,1527.0,0.013271400132714106,-0.04263322884012544,-0.05066832452595582,0.02483221476510078,0.19717757742061925,1603.55,1578.9583333333333,-0.04773783168594681,-0.03290671592558381,-0.08835820895522384,0.296387668172748,9389000.0,10112355.0,0.9284681955884658,15885071012.5,318,True,jpx_liquidity,JPX流動性
81,2802,味の素,食料品,プライム,2802.T,2026-10-05,5321.0,0.02091327705295476,0.06825938566552892,0.01837320574162682,-0.12641602364143822,0.15724227925184864,5047.915063476563,5243.155021158854,0.05409856011629488,0.014846972581775919,-0.13829959514170043,0.23785929518515808,3177900.0,3085200.0,1.030046674445741,15694687165.0,318,False,jpx_liquidity,JPX流動性
82,4578,大塚ホールディングス,医薬品,プライム,4578.T,2026-10-05,11425.0,0.00927561837455837,0.031137184115523464,-0.06275635767022147,-0.021832191780821963,0.020544886109870486,11435.0,11623.25,-0.0008745080891998658,-0.01705633106058979,-0.10074773711137353,0.28280999459528544,850000.0,1388180.0,0.612312524312409,15527953075.0,318,False,jpx_liquidity,JPX流動性
83,3382,セブン＆アイ・ホールディングス,小売業,プライム,3382.T,2026-10-05,1980.0,0.0010111223458038054,-0.010000000000000009,-0.03249450280967503,-0.049447911665866484,-0.11250560286866873,2019.975,2042.043739827474,-0.01978984888426838,-0.030383159095659584,-0.12234042553191493,0.14419400616647643,6301300.0,7744565.0,0.8136415666987107,15511922745.0,318,True,jpx_liquidity,JPX流動性
84,6871,日本マイクロニクス,電気機器,プライム,6871.T,2026-10-05,15060.0,0.0026631158455392434,0.13233082706766908,0.2655462184873949,-0.005940594059405946,0.4140845070422534,13260.5,14012.833333333334,0.13570378190867616,0.07472911735670862,-0.14674220963172802,0.6458870739016136,1170200.0,1145980.0,1.0211347492975444,15282918750.0,318,False,jpx_liquidity,JPX流動性
85,8267,イオン,小売業,プライム,8267.T,2026-10-05,1226.0,-0.003252032520325243,-0.030830039525691744,-0.09753404490246598,-0.15738831615120275,-0.3604590505998957,1326.0,1360.3248718261718,-0.07541478129713419,-0.09874470033459515,-0.37464932415200203,0.2923469882782535,11138600.0,11498695.0,0.9686838376007016,15282099055.0,318,True,jpx_liquidity,JPX流動性
86,3563,ＦＯＯＤ　＆　ＬＩＦＥ　ＣＯＭＰＡＮＩＥＳ,小売業,プライム,3563.T,2026-10-05,5340.0,0.05387803433984617,0.05868358445678035,-0.10999999999999999,0.15684575389948008,-0.4400754954388172,5215.974145507813,5452.508048502604,0.02377808076349508,-0.020634182930459155,-0.5089655172413793,0.4072104815873363,2706200.0,2921270.0,0.926377910977075,15279322830.0,318,True,jpx_liquidity,JPX流動性
87,6963,ローム,電気機器,プライム,6963.T,2026-10-05,5370.0,0.027161438408569216,0.11111111111111116,0.1501392161062325,-0.07125562089242476,0.5126760563380282,4828.1,4810.033333333334,0.11223876887388395,0.1164163796508686,-0.09747899159663864,0.5111933499004122,3668200.0,3049200.0,1.2030040666404302,14965880285.0,318,True,jpx_liquidity,JPX流動性
88,6506,安川電機,電気機器,プライム,6506.T,2026-10-05,4931.0,0.02600915522263847,0.10734336402425337,0.1018994413407821,-0.33803195059739566,0.13669893960350388,4508.85,5021.013736979166,0.09362697805427089,-0.017927403049353585,-0.35584585238406274,0.307872498152911,4630100.0,3299245.0,1.4033816827789387,14805186825.0,318,True,jpx_liquidity,JPX流動性
89,5020,ＥＮＥＯＳホールディングス,石油・石炭製品,プライム,5020.T,2026-10-05,1362.0,-0.0014662756598240456,-0.03506907545164717,0.01263940520446094,0.08095238095238089,-0.07441386340468914,1400.3276977539062,1334.0425659179687,-0.027370520354187855,0.020956928059333357,-0.069672131147541,0.3448214178316634,7947600.0,10558390.0,0.7527283989320341,14667266647.5,318,True,jpx_liquidity,JPX流動性
90,8801,三井不動産,不動産業,プライム,8801.T,2026-10-05,1420.0,-0.0042075736325385416,-0.035653650254668934,-0.06270627062706269,-0.0871102539376406,-0.15071770334928225,1474.9028015136719,1506.2259338378906,-0.03722469132021844,-0.057246347908899264,-0.20537213206491323,0.20758925697762656,8428600.0,9846335.0,0.8560139381810592,14517104660.0,318,True,jpx_liquidity,JPX流動性
91,7832,バンダイナムコホールディングス,その他製品,プライム,7832.T,2026-10-05,5710.0,-0.005572971090212486,0.032549728752260476,0.012231873781244351,0.4250062390816072,0.4175769612711022,5530.711181640625,5072.837060546875,0.03241695551822166,0.1256028789902499,-0.01211072664359858,0.32658475400543024,1657800.0,2685185.0,0.6173876287853537,14502129835.0,318,False,jpx_liquidity,JPX流動性
92,6902,デンソー,輸送用機器,プライム,6902.T,2026-10-05,1842.0,0.01880530973451333,-0.021513944223107595,-0.04162330905306977,-0.07530120481927716,-0.03459119496855345,1875.8424133300782,1932.1558044433593,-0.018041181439116594,-0.04666073213973165,-0.1657608695652174,0.19694150594269294,7814500.0,7412920.0,1.0541729844649612,13975472892.5,318,True,jpx_liquidity,JPX流動性
93,6361,荏原製作所,機械,プライム,6361.T,2026-10-05,4870.0,0.035949797915337145,0.0668127053669223,0.1169724770642202,-0.2174192511650329,0.0665790626368814,4463.0,5111.6,0.091194263948017,-0.047265044213162244,-0.27736409930331407,0.3449713324874509,3022300.0,3080480.0,0.9811133329870669,13657511190.0,318,False,jpx_liquidity,JPX流動性
94,7751,キヤノン,電気機器,プライム,7751.T,2026-10-05,4627.0,0.004341219882787017,0.00872029649008077,-0.011113485787561439,0.06662056247118486,0.0270810210876804,4520.05,4524.266666666666,0.0236612426853684,0.02270717906401032,-0.025894736842105304,0.20831609523849168,2951200.0,3000990.0,0.9834088084265525,13556813720.0,318,False,jpx_liquidity,JPX流動性
95,3110,日東紡績,ガラス・土石製品,プライム,3110.T,2026-10-05,3360.0,-0.0029673590504450953,0.08808290155440424,0.07006369426751591,-0.04409672830725464,-0.8448753462603878,3040.346142578125,3099.9820475260417,0.10513732398601738,0.08387724460580892,-0.8948356807511737,0.5658886804006027,4102100.0,4382730.0,0.9359691333940261,13510886260.0,318,True,jpx_liquidity,JPX流動性
96,7269,スズキ,輸送用機器,プライム,7269.T,2026-10-05,1969.0,0.008450704225352101,0.005361245851416951,-0.0721017907634307,-0.08183725810212172,0.1290137614678899,1999.3224792480469,2042.9074930826823,-0.015166377391730879,-0.036177601449372654,-0.12682926829268293,0.23210978267382257,7380400.0,6846960.0,1.0779090282402701,13497904140.0,318,True,jpx_liquidity,JPX流動性
97,9843,ニトリホールディングス,小売業,プライム,9843.T,2026-10-05,3121.0,0.03722166832834839,0.05886344359626805,0.03310162197947708,0.31410526315789467,0.3247028862478778,3122.6652099609373,2860.6050699869793,-0.0005332656077332576,0.09102792019249484,-0.07989386792452835,0.4648071136904962,4272600.0,4233195.0,1.0093085718942785,13483700092.5,318,True,jpx_liquidity,JPX流動性
98,9107,川崎汽船,海運業,プライム,9107.T,2026-10-05,3241.0,-0.007046568627451011,-0.031670152375261384,-0.03138075313807531,0.23749522718594873,0.17854545454545456,3350.261572265625,3073.3705240885415,-0.032612848253438464,0.05454255339459002,-0.07119940965969307,0.318187550593114,2607300.0,4060205.0,0.642159693907081,13406290565.0,318,False,jpx_liquidity,JPX流動性
99,6787,メイコー,電気機器,プライム,6787.T,2026-10-05,24950.0,0.04568315171835713,0.08102253032928952,0.3559782608695652,-0.09666908037653876,0.008896077638495647,21502.22578125,21297.241927083334,0.16034499190109286,0.1715131980668123,-0.4257767548906789,0.7029431001495308,572600.0,592190.0,0.9669194008679647,13309890800.0,318,True,jpx_liquidity,JPX流動性
100,4503,アステラス製薬,医薬品,プライム,4503.T,2026-10-05,2235.0,-0.0044543429844098315,-0.034140017286084734,-0.06465787821720026,0.012228260869565188,-0.14433384379785608,2292.597265625,2275.407421875,-0.025123150275283113,-0.017758323844133117,-0.14824695121951215,0.2512807390040967,4295600.0,5796280.0,0.7410960133050853,13178271277.5,318,True,jpx_liquidity,JPX流動性
101,6526,ソシオネクスト,電気機器,プライム,6526.T,2026-10-05,2257.5,0.0182679296346413,0.07321131447587348,0.16516129032258076,-0.16388888888888886,0.20818838640620818,2015.3396911621094,2131.9298970540362,0.12015855684271926,0.05889973357917633,-0.2524834437086093,0.6359281136927158,5006900.0,6344175.0,0.7892121513041491,13151162445.0,318,True,jpx_liquidity,JPX流動性
102,7532,パン・パシフィック・インターナショナルホールディングス,小売業,プライム,7532.T,2026-10-05,692.5999755859375,0.011094854869981852,-0.036449655887553334,-0.09934983668928798,-0.18775657831493298,-0.2916752053257513,729.5699951171875,823.1799997965495,-0.050673711609140026,-0.158628761926778,-0.2897867443433736,0.22981596270510987,15306400.0,18354730.0,0.8339212835056685,13032795877.502747,318,True,jpx_liquidity,JPX流動性
103,9503,関西電力,電気・ガス業,プライム,9503.T,2026-10-05,2606.0,-0.010066476733143426,-0.04681784930504751,-0.10230795728556663,0.14298245614035077,0.010861132660977546,2834.8813354492186,2574.343778483073,-0.08073753655475313,0.012296812019247927,-0.13879709187045608,0.3401214910267883,3215300.0,4680995.0,0.6868838783207416,12890641075.0,318,False,jpx_liquidity,JPX流動性
104,4901,富士フイルムホールディングス,化学,プライム,4901.T,2026-10-05,3404.0,0.02715751357875673,0.026073850791258568,0.017334130304841544,-0.06018774157923801,0.08063492063492061,3288.25986328125,3432.769954427083,0.0351979896756871,-0.008380973618689391,-0.12222795255286234,0.24042012440724628,4834100.0,3899005.0,1.239829135894927,12872384595.0,318,True,jpx_liquidity,JPX流動性
105,4755,楽天グループ,サービス業,プライム,4755.T,2026-10-05,659.0,-0.0046820354934979935,-0.04187262038980688,-0.09316087941353168,-0.15142928056005844,-0.13494354087717086,707.9599975585937,768.7199981689453,-0.06915644630689965,-0.14273077119145217,-0.2566271855611957,0.26321051363602616,17315100.0,18425360.0,0.9397428327044899,12715161232.592468,318,True,jpx_liquidity,JPX流動性
106,8802,三菱地所,不動産業,プライム,8802.T,2026-10-05,3465.0,-0.009433962264150941,-0.0391014975041597,-0.08163265306122447,-0.18528097813308253,-0.22309417040358748,3606.264855957031,3814.704951985677,-0.03917206905191173,-0.09167287021861137,-0.2738893545683152,0.21880891550135548,3035600.0,3540675.0,0.8573506464162907,12713656105.0,318,False,jpx_liquidity,JPX流動性
107,6326,クボタ,機械,プライム,6326.T,2026-10-05,2729.0,0.017144986954901187,-0.008177357804833751,-0.07538539725563276,-0.023089314480042922,0.08942115768463066,2797.35,2767.766666666667,-0.02443383916921371,-0.014006479351583168,-0.09874504623513869,0.2840325725832498,4724900.0,4624575.0,1.0216938853840623,12712381017.5,318,True,jpx_liquidity,JPX流動性
108,6178,日本郵政,サービス業,プライム,6178.T,2026-10-05,2465.5,0.00020283975659229903,-0.03502935420743636,-0.02046086611044895,0.059974204643164164,0.32696447793326167,2484.9782104492188,2426.217736816406,-0.007838382794389864,0.01619074108127605,-0.03502935420743636,0.2534529277348118,4462300.0,5117345.0,0.8719951459203943,12444096025.0,318,True,jpx_liquidity,JPX流動性
109,7201,日産自動車,輸送用機器,プライム,7201.T,2026-10-05,279.79998779296875,-0.00427050607484436,-0.07320306906363594,-0.11901768760743248,-0.1231589393884186,-0.19919864716464708,304.99000091552733,320.37666676839194,-0.08259291467570251,-0.126653040574759,-0.29874689776198304,0.26015184713545586,51636800.0,40713810.0,1.2682870996352342,12167702709.576569,318,True,jpx_liquidity,JPX流動性
110,8473,ＳＢＩホールディングス,証券、商品先物取引業,プライム,8473.T,2026-10-05,3073.0,0.005233889434085759,-0.03938730853391681,-0.04772234273318876,0.11623683254631301,0.02604340567612695,3225.5585693359376,3075.6278564453123,-0.04729679094537276,-0.0008544130070240463,-0.10329734461628248,0.31852770103902606,2899400.0,3715540.0,0.7803441760820768,11823669230.0,318,False,jpx_liquidity,JPX流動性
111,4543,テルモ,精密機器,プライム,4543.T,2026-10-05,2283.5,0.017829284599955475,0.005282852740479793,-0.07513163223977315,-0.004360148245040385,0.026292134831460645,2288.1331176757812,2359.7443725585936,-0.0020248462119578647,-0.03231043728517269,-0.14555659494855,0.288778780597101,5514000.0,5036810.0,1.0947405202896276,11618588162.5,318,True,jpx_liquidity,JPX流動性
112,9766,コナミグループ,情報・通信業,プライム,9766.T,2026-10-05,22205.0,-0.006487695749440747,0.04701056205205578,0.0223296500920811,0.18426666666666658,0.16104575163398693,21226.35302734375,20724.11767578125,0.04610528108128409,0.07145695403714813,-0.02202158114952657,0.31112999900065597,1002600.0,508790.0,1.9705575974370566,11401998500.0,318,False,jpx_liquidity,JPX流動性
113,7453,良品計画,小売業,プライム,7453.T,2026-10-05,4312.0,0.023255813953488413,0.06917927101413346,0.014588235294117569,0.17493188010899186,0.2208380520951303,4089.75,4194.37353515625,0.05434317501069752,0.028043869688246126,-0.0472823685373398,0.26026102522817557,2948500.0,2779965.0,1.0606248639821005,11313221345.0,318,False,jpx_liquidity,JPX流動性
114,1812,鹿島建設,建設業,プライム,1812.T,2026-10-05,4838.0,-0.009418509418509413,0.0047767393561786164,-0.008809670149559468,-0.22306086397944436,-0.19754519820865812,4915.7564697265625,5138.368823242187,-0.015817803466347757,-0.05845606525626201,-0.2636225266362253,0.28724612259205584,1848900.0,2244865.0,0.8236130012272453,11103364410.0,318,False,jpx_liquidity,JPX流動性
115,3659,ネクソン,情報・通信業,プライム,3659.T,2026-10-05,2680.5,-0.0016759776536312554,0.010365623822088166,-0.14278861528621678,0.16114359974009096,0.02192146397255046,2793.5399536132813,2679.696651204427,-0.0404647706817548,0.00029979094656562566,-0.16365054602184093,0.5146961188671912,1961500.0,3729335.0,0.52596508492801,11074836877.5,318,False,jpx_liquidity,JPX流動性
116,4307,野村総合研究所,情報・通信業,プライム,4307.T,2026-10-05,4973.0,-0.020098522167487642,0.001611278952668771,-0.03249027237354085,-0.02241006487124042,0.11128491620111736,5021.624829101563,5025.474943033854,-0.009683086800863716,-0.010441787816809933,-0.10814203730272598,0.36056871024450604,2075100.0,2163970.0,0.9589319630124262,10865007475.0,318,False,jpx_liquidity,JPX流動性
117,1803,清水建設,建設業,プライム,1803.T,2026-10-05,2110.0,0.009810959559703347,-0.0238260467268101,-0.11936560934891483,-0.2142990132191398,-0.25704225352112675,2283.51875,2376.63125,-0.07598744262555324,-0.11218873352776115,-0.3910533910533911,0.41969099516752856,3657000.0,4575235.0,0.7993032051905531,10534215662.5,318,True,jpx_liquidity,JPX流動性
118,6988,日東電工,化学,プライム,6988.T,2026-10-05,3554.0,0.0136908157444382,0.031640058055152354,0.024798154555939922,0.09996904982977406,0.14867485455720741,3370.4238403320314,3385.1246134440103,0.05446678766961366,0.04988749480160992,-0.007262569832402255,0.32093897893374007,2324000.0,3122505.0,0.7442742285440695,10532309565.0,318,False,jpx_liquidity,JPX流動性
119,8601,大和証券グループ本社,証券、商品先物取引業,プライム,8601.T,2026-10-05,1755.5,0.0025699600228441533,-0.05133747635774111,-0.034643937310970596,0.024511234315728103,0.1668328348288468,1825.825,1815.6083333333333,-0.0385168348554763,-0.03310644274416752,-0.06572645023948909,0.27056762463673023,6324500.0,5628290.0,1.1236983168955401,10365560737.5,318,True,jpx_liquidity,JPX流動性
120,9020,東日本旅客鉄道,陸運業,プライム,9020.T,2026-10-05,3300.0,0.0012135922330096527,-0.026261434051342625,-0.0691114245416079,-0.05768132495716738,-0.076664801343033,3440.2185302734374,3521.122843424479,-0.04075861141945902,-0.06279895739434793,-0.16137229987293522,0.19990474218398474,2414200.0,2914125.0,0.8284476472354481,10050462415.0,318,False,jpx_liquidity,JPX流動性
121,4689,ＬＩＮＥヤフー,情報・通信業,プライム,4689.T,2026-10-05,488.3999938964844,-0.019080136807503312,-0.053121354294180745,-0.08607789748515526,0.11328921884323684,0.21734790387906378,527.0100021362305,497.17166697184246,-0.07326238227593551,-0.01764314754455798,-0.1354222467894688,0.28170961544213874,16409600.0,19510345.0,0.8410717493719357,10011496753.437042,318,True,jpx_liquidity,JPX流動性
122,9502,中部電力,電気・ガス業,プライム,9502.T,2026-10-05,2626.5,-0.003225806451612856,-0.06213176218532401,-0.09054709141274242,-0.17921874999999998,-0.03561593537727192,2853.1707275390627,2884.5319091796873,-0.07944520296357183,-0.08945365047220688,-0.1918461538461539,0.28794098888865943,3183700.0,3545530.0,0.8979475565007207,9943548475.0,318,False,jpx_liquidity,JPX流動性
123,1801,大成建設,建設業,プライム,1801.T,2026-10-05,12095.0,-0.001238645747316247,-0.009012699713232264,-0.04046013486711619,-0.19927176431645155,-0.23570300157977886,12434.334130859375,12948.694710286458,-0.0272900926811368,-0.06592901673774743,-0.348505251817937,0.33934842897344897,654800.0,798290.0,0.8202532914103897,9910104800.0,318,False,jpx_liquidity,JPX流動性
124,7272,ヤマハ発動機,輸送用機器,プライム,7272.T,2026-10-05,1805.0,0.029076396807297566,0.002777777777777768,-0.047995780590717296,0.41679748822605966,0.5168067226890756,1798.025,1672.7666666666667,0.0038792564063345747,0.07905067453121584,-0.08514951849974661,0.30709737063511106,4883300.0,5614060.0,0.8698339526118353,9878607810.0,318,True,jpx_liquidity,JPX流動性
125,8830,住友不動産,不動産業,プライム,8830.T,2026-10-05,3063.0,-0.008416963418582113,-0.02916006339144217,-0.07181818181818178,-0.2062710546773776,-0.3443921232876712,3183.396630859375,3439.965543619792,-0.037820179142073584,-0.10958410450330269,-0.38183652875882945,0.25096926863585106,2582300.0,3045555.0,0.8478914352228083,9706048835.0,318,False,jpx_liquidity,JPX流動性
126,7270,ＳＵＢＡＲＵ,輸送用機器,プライム,7270.T,2026-10-05,2511.5,0.009851226377161293,-0.023522550544323506,-0.0579519879969993,-0.03012164510523263,-0.004163362410785076,2569.4018310546876,2588.2006103515623,-0.022535140418624255,-0.029634723848219746,-0.11830788134105674,0.23804511143867702,2583100.0,3791445.0,0.6812969725263059,9623554747.5,318,False,jpx_liquidity,JPX流動性
127,6383,ダイフク,機械,プライム,6383.T,2026-10-05,5874.0,0.0039309519740216015,0.06606170598911065,0.05704516825625339,-0.19068613943235047,0.004102564102564044,5583.9,5973.75,0.05195293611991625,-0.01669805398618962,-0.24196670538133958,0.29118415603226405,1715200.0,1723010.0,0.9954672346649178,9621910330.0,318,False,jpx_liquidity,JPX流動性
128,5411,ＪＦＥホールディングス,鉄鋼,プライム,5411.T,2026-10-05,1704.0,-0.004091174751607252,-0.045912653975363926,-0.08065821418937147,0.030229746070133068,-0.0673234811165846,1797.859796142578,1788.244932047526,-0.052206404717409116,-0.04711039888202906,-0.1198347107438017,0.25507414428645164,5187600.0,5498595.0,0.9434410062934259,9556969350.0,318,True,jpx_liquidity,JPX流動性
129,1925,大和ハウス工業,建設業,プライム,1925.T,2026-10-05,2154.0,0.004429937048263,-0.009427454587261463,-0.5465263157894737,-0.5279421433267587,-0.5666867833433917,3032.51611328125,4100.75537109375,-0.289698745353302,-0.4747309202632375,-0.5734653465346535,1.7017072846834393,4404500.0,3477910.0,1.2664215002688397,9458296157.5,318,True,jpx_liquidity,JPX流動性
130,5334,日本特殊陶業,ガラス・土石製品,プライム,5334.T,2026-10-05,3947.0,0.05029270888770632,0.05988184747583247,-0.5047678795483062,-0.634537037037037,-0.47457401490947815,5022.480725097656,7965.243575032552,-0.21413337033299318,-0.5044721529455715,-0.6408553230209282,1.7954671956239316,2850700.0,1947675.0,1.4636425481664035,9384351255.0,318,True,jpx_liquidity,JPX流動性
131,4452,花王,化学,プライム,4452.T,2026-10-05,3470.0,0.009014248328002239,-0.007720903631684317,-0.031537817471392726,0.0429816651638113,-0.4292763157894737,3467.9,3438.85,0.0006055537933620236,0.009058260755775871,-0.4410438144329897,0.15403913329445335,2323300.0,2723015.0,0.8532086675982321,9338651150.0,318,False,jpx_liquidity,JPX流動性
132,8729,ソニーフィナンシャルグループ,保険業,プライム,8729.T,2026-10-05,149.0,0.0006716326904965264,-0.05155955307970139,-0.06289308176100628,0.0,0.03905164813018103,157.78081588745118,156.95360565185547,-0.055651986827820354,-0.05067488331231873,-0.10132691642058267,0.26375594547560993,54591000.0,58170095.0,0.9384719072575006,9299452914.284668,247,True,jpx_liquidity,JPX流動性
133,6479,ミネベアミツミ,電気機器,プライム,6479.T,2026-10-05,3918.0,0.021642764015645355,0.10771840542832911,0.2096326026551405,-0.1293333333333333,0.4914350970688999,3502.257434082031,3675.3691446940106,0.11870702646589959,0.06601537036252969,-0.2531452535264964,0.32235621384484003,4493900.0,2531740.0,1.7750242915939236,9278130620.0,318,True,jpx_liquidity,JPX流動性
134,2502,アサヒグループホールディングス,食料品,プライム,2502.T,2026-10-05,1584.5,0.00795165394402031,-0.007827175954915444,-0.04548192771084336,-0.010923845193508086,-0.02612169637369388,1608.775,1642.35,-0.015089120604186435,-0.03522391694827531,-0.10807768083309877,0.16734452793505278,5683100.0,5873965.0,0.9675066160591695,9261625595.0,318,True,jpx_liquidity,JPX流動性
135,6504,富士電機,電気機器,プライム,6504.T,2026-10-05,15210.0,0.03787103377686796,0.11854684512428304,0.16955017301038056,0.12833827893175065,0.45341614906832306,13315.716845703126,13500.405615234375,0.14225919462294234,0.1266328163382331,-0.11953690303907383,0.34723879710708433,685800.0,678420.0,1.0108782170336958,9095485400.0,318,False,jpx_liquidity,JPX流動性
136,5019,出光興産,石油・石炭製品,プライム,5019.T,2026-10-05,1526.5,-0.02147435897435901,-0.07484848484848483,0.044117647058823595,0.2275834338560514,-0.07986738999397225,1589.340106201172,1406.4550354003907,-0.03953848893385814,0.08535286346032023,-0.08042168674698791,0.42469524124871166,4847000.0,5716100.0,0.8479557740417417,9028901242.5,318,True,jpx_liquidity,JPX流動性
137,5711,三菱マテリアル,非鉄金属,プライム,5711.T,2026-10-05,5033.0,0.010439670748845664,-0.00277392510402219,-0.05837231057062675,0.08798097708603536,-0.032673457620603474,5102.0203857421875,4873.4234619140625,-0.013528049777117301,0.03274423807679194,-0.17491803278688522,0.3562885540989133,1044200.0,1946035.0,0.5365782218716518,8973193050.0,318,False,jpx_liquidity,JPX流動性
138,4684,オービック,情報・通信業,プライム,4684.T,2026-10-05,5018.0,-0.009083728278041048,0.015789473684210575,0.01929717651838314,0.2317133038782524,0.2501245640259093,4982.7921875,4670.430729166666,0.00706588016821641,0.07441910414445863,-0.013176007866273376,0.2440886625197576,1031600.0,1821610.0,0.566312218312372,8852439370.0,318,False,jpx_liquidity,JPX流動性
139,4507,塩野義製薬,医薬品,プライム,4507.T,2026-10-05,2661.0,-0.04486719310839915,-0.07604166666666667,-0.10764587525150904,-0.08963393773520356,-0.26451077943615253,2861.83017578125,2872.576725260417,-0.07017543440586071,-0.07365398577517057,-0.26206322795341097,0.27160831206219344,6383300.0,2903780.0,2.198272596408819,8767011515.0,318,True,jpx_liquidity,JPX流動性
140,6532,ベイカレント,サービス業,プライム,6532.T,2026-10-05,8014.0,-0.010128458498023685,0.049777312025150566,0.016231295967537474,0.17610801291458755,0.656127299028725,7654.9,7335.849715169271,0.04691112881944903,0.09244331756530277,-0.021728515625,0.4054694310452732,935400.0,1149940.0,0.8134337443692714,8699240805.0,318,False,jpx_liquidity,JPX流動性
141,4911,資生堂,化学,プライム,4911.T,2026-10-05,3274.0,0.003986507206378498,-0.07173235043946702,-0.06000574217628485,0.16408888888888895,-0.05156431054461186,3427.55,3358.233333333333,-0.04479876296480001,-0.02508263273348088,-0.13064259160913438,0.2706410224520546,2116300.0,2591290.0,0.8166974750027979,8674409330.0,318,False,jpx_liquidity,JPX流動性
142,9735,セコム,サービス業,プライム,9735.T,2026-10-05,6250.0,0.004338743371364195,0.0035324341682723137,-0.034599938214396,-0.05830947717342172,0.018578878748370276,6306.840087890625,6519.830029296875,-0.009012451100474217,-0.041386052716772204,-0.12855549358616847,0.15689037198024142,1637800.0,1366220.0,1.1987820409597283,8646132695.0,318,False,jpx_liquidity,JPX流動性
143,2503,キリンホールディングス,食料品,プライム,2503.T,2026-10-05,2818.5,0.004812834224598994,-0.0058201058201058364,-0.052445789208270255,-0.010705510705510735,0.07065527065527055,2841.65,2928.0916666666667,-0.008146675347069476,-0.03742767615995635,-0.10038301947015638,0.17539836369641257,2897000.0,3056020.0,0.947965000229056,8624079065.0,318,False,jpx_liquidity,JPX流動性
144,1928,積水ハウス,建設業,プライム,1928.T,2026-10-05,3313.0,0.0009063444108761143,-0.01837037037037037,-0.028730577543242486,-0.06014184397163125,-0.07406372275013973,3352.4,3425.75595703125,-0.011752774131965182,-0.032914182576205486,-0.09923871669385531,0.15785999435833384,1866600.0,2562795.0,0.7283454197467999,8512445265.0,318,False,jpx_liquidity,JPX流動性
145,9022,東海旅客鉄道,陸運業,プライム,9022.T,2026-10-05,3603.0,-0.004971002485501197,-0.038430744595676525,-0.08599695585996958,0.012363023321157574,-0.11015065448258832,3774.3524780273438,3835.1508260091146,-0.04539917218248268,-0.0605323849155347,-0.16693641618497113,0.17831407328178464,1725100.0,2236145.0,0.7714616002092888,8317696245.0,318,False,jpx_liquidity,JPX流動性
146,7186,横浜フィナンシャルグループ,銀行業,プライム,7186.T,2026-10-05,1893.5,0.003976670201484733,-0.000263991552270304,-0.015596568754873918,0.009328358208955168,0.27895981087470445,1891.4868591308593,1892.3122863769531,0.0010643166033232898,0.0006276520168460031,-0.04489281210592688,0.2651074286978331,2906100.0,4338775.0,0.6697973506346837,8222851007.5,318,False,jpx_liquidity,JPX流動性
147,8331,千葉銀行,銀行業,プライム,8331.T,2026-10-05,2805.5,0.012450378924576011,-0.002666192676857415,0.0019642857142856407,0.03696174459434487,0.2866315065351983,2762.3125854492187,2744.7291951497396,0.01563451391355053,0.02214091100777793,-0.0193988116043341,0.2686794548994106,2571300.0,2904105.0,0.885401870800126,8088555687.5,318,False,jpx_liquidity,JPX流動性
148,7733,オリンパス,精密機器,プライム,7733.T,2026-10-05,1955.0,-0.001532175689479054,-0.03217821782178221,-0.06257492208103577,0.10827664399092973,0.25079974408189387,1995.475,1953.45,-0.020283391172527754,0.0007934679669303613,-0.10608139003200734,0.20899976939829973,4291000.0,4021705.0,1.0669604060964193,8027281255.0,318,True,jpx_liquidity,JPX流動性
149,3038,神戸物産,卸売業,プライム,3038.T,2026-10-05,2953.0,-0.01402337228714523,0.0022060071270999515,0.05070272193559866,0.09512330799184121,-0.0941717791411043,3028.375,2853.5333333333333,-0.024889585999091968,0.03485736981052723,-0.09638922888616897,0.42500470748320457,2330400.0,2588005.0,0.9004619388293299,7984022402.5,318,False,jpx_liquidity,JPX流動性
150,8697,日本取引所グループ,その他金融業,プライム,8697.T,2026-10-05,2289.0,-0.00651041666666663,0.009036808463742663,0.06688417618270792,0.045682960255824634,0.2015748031496063,2227.6842041015625,2227.7030680338544,0.02752445601829212,0.02751575505987236,-0.016330038676407366,0.23601603091299234,2908800.0,3568610.0,0.8151072826674812,7839294527.5,318,False,jpx_liquidity,JPX流動性
151,7003,三井Ｅ＆Ｓ,機械,プライム,7003.T,2026-10-05,4126.0,-0.015979012640114476,-0.015979012640114476,0.002916869227029606,-0.15190133607399792,-0.2866528354080221,4252.270678710937,4392.990226236979,-0.029694882628971242,-0.06077642163699548,-0.35490931832395245,0.4156289035339128,1545900.0,1848520.0,0.8362906541449375,7834327565.0,318,False,jpx_liquidity,JPX流動性
152,1802,大林組,建設業,プライム,1802.T,2026-10-05,2948.5,-0.005564924114671133,-0.020106347623795262,-0.019128409846972727,-0.13406754772393537,-0.20375371320550906,3010.921520996094,3088.215506998698,-0.020731699767266965,-0.04524150166400831,-0.24706332992849844,0.25107158145132596,2281200.0,2582700.0,0.8832617028690904,7794828437.5,318,False,jpx_liquidity,JPX流動性
153,4385,メルカリ,情報・通信業,プライム,4385.T,2026-10-05,3556.0,0.0028200789622110367,-0.028680688336520044,-0.1632941176470588,-0.19909909909909906,-0.1002024291497976,3822.15,4333.616666666667,-0.06963358319270574,-0.17943826749789438,-0.2930417495029821,0.3968279648403407,1273400.0,2135400.0,0.5963285567106865,7735449205.0,318,False,jpx_liquidity,JPX流動性
154,7966,リンテック,その他製品,プライム,7966.T,2026-10-05,5940.0,0.008488964346349714,0.03125,0.11028037383177569,-0.15021459227467815,0.26787620064034146,5533.628881835937,5948.376293945313,0.07343664109784642,-0.0014081647715930012,-0.18741450068399457,0.36467781832621965,588100.0,1578540.0,0.3725594536723808,7702651400.0,318,False,jpx_liquidity,JPX流動性
155,5333,ＮＧＫ,ガラス・土石製品,プライム,5333.T,2026-10-05,5848.0,0.03982930298719767,0.09451618940670037,0.1368584758942457,-0.2087674198349344,0.4108564535585042,5255.87392578125,5684.624641927084,0.11265987019099466,0.02873986733757894,-0.2553164395772316,0.32269128515740275,1736600.0,1444085.0,1.2025607910891671,7663893285.0,318,True,jpx_liquidity,JPX流動性
156,7261,マツダ,輸送用機器,プライム,7261.T,2026-10-05,1079.0,0.006529850746268551,-0.04724061810154523,-0.11375770020533882,-0.07421707421707424,0.048590864917395615,1124.8712646484375,1153.165421549479,-0.04077912387847682,-0.06431464225646388,-0.15172955974842772,0.2797094804622671,5089500.0,6961365.0,0.7311066148664809,7578458575.0,318,True,jpx_liquidity,JPX流動性
157,6645,オムロン,電気機器,プライム,6645.T,2026-10-05,6597.0,0.031425891181988685,0.05047770700636933,0.05805934242181232,0.06851311953352779,0.46015936254980083,6209.6,6112.533333333334,0.06238727132182431,0.07925791815722882,-0.06332528751952293,0.2780751789284485,1133000.0,1195500.0,0.9477206189878712,7411727040.0,318,False,jpx_liquidity,JPX流動性
158,4704,トレンドマイクロ,情報・通信業,プライム,4704.T,2026-10-05,6742.0,-0.008237716975581066,0.04705699642801675,0.16683973693319487,0.058066541117388626,0.2566635601118359,6263.8,6227.416666666667,0.07634343369839391,0.08263190996801772,-0.03215618719494684,0.39962940409123937,872600.0,1187095.0,0.735071750786584,7398405135.0,318,False,jpx_liquidity,JPX流動性
159,7911,ＴＯＰＰＡＮホールディングス,その他製品,プライム,7911.T,2026-10-05,2469.0,0.03543719857412464,0.031974921630093966,-0.4985783915515841,-0.5448847926267282,-0.4301869374567274,3293.1899536132814,4368.72998453776,-0.25027100325900786,-0.4348471961557413,-0.5548142805625675,1.8056036094234331,3253000.0,2408645.0,1.3505518662982714,7362117962.5,318,False,jpx_liquidity,JPX流動性
160,3407,旭化成,化学,プライム,3407.T,2026-10-05,1646.5,0.01012269938650312,0.01667181228774317,-0.0015160703456640334,-0.13387690689110998,0.06569579288025884,1596.8682861328125,1693.6977620442708,0.031080655992850925,-0.027866696822757664,-0.13387690689110998,0.22034443598969797,3237000.0,4514745.0,0.7169840157085284,7106178362.5,318,False,jpx_liquidity,JPX流動性
161,4188,三菱ケミカルグループ,化学,プライム,4188.T,2026-10-05,1173.5,0.026684164479439998,0.024890829694323102,-0.07416173570019724,-0.028157349896480333,0.27554347826086967,1172.4531799316405,1179.9093933105469,0.0008928459458146243,-0.005432106352305288,-0.08534684333593145,0.3521742530786358,6301100.0,6175775.0,1.0202929996640098,7040724175.0,318,True,jpx_liquidity,JPX流動性
162,9202,ＡＮＡホールディングス,空運業,プライム,9202.T,2026-10-05,2932.0,-0.003737682636765216,-0.021035058430717846,-0.003737682636765216,-0.07798742138364778,0.010860196517841647,2962.9208374023438,3034.198612467448,-0.010435930994853293,-0.03368224217344129,-0.08972368829556043,0.16755345511449393,1710900.0,2451135.0,0.698003169960039,7030025317.5,318,False,jpx_liquidity,JPX流動性
163,2768,双日,卸売業,プライム,2768.T,2026-10-05,5498.0,-0.006684733514001784,-0.02448545067423702,-0.028450256229015758,0.03229440480660917,-0.14120587316463606,5687.665625,5520.321875,-0.03334683110876435,-0.004043582150723757,-0.167348175071937,0.2468629577769674,1105300.0,1225800.0,0.9016968510360581,6948419780.0,318,False,jpx_liquidity,JPX流動性
164,3099,三越伊勢丹ホールディングス,小売業,プライム,3099.T,2026-10-05,1659.5,0.03234836702954902,0.02217431475207876,-0.4983373639661427,-0.5561647499331372,-0.47048500319081044,2145.1999572753907,3152.8999857584636,-0.22641244030802432,-0.4736591685445456,-0.6015606242496998,1.7559174856861428,3497700.0,3424105.0,1.0214932077141325,6908235082.5,318,True,jpx_liquidity,JPX流動性
165,5838,楽天銀行,銀行業,プライム,5838.T,2026-10-05,6383.0,0.022097678142513955,0.004405979543666394,0.015108142493638788,0.1765898617511521,0.024394158241052732,6362.35,6005.733333333334,0.003245656086194426,0.06281775192593742,-0.06063281824871225,0.38919483534662525,862400.0,1080260.0,0.7983263288467591,6891147795.0,318,False,jpx_liquidity,JPX流動性
166,5831,しずおかフィナンシャルグループ,銀行業,プライム,5831.T,2026-10-05,3578.0,0.002802690582959677,-0.0019525801952580135,-0.01676284693597141,0.07093684525591137,0.29286359530261974,3538.2493896484375,3439.499796549479,0.011234541710897439,0.04026754227154328,-0.029826464208242975,0.26930623414654586,1736100.0,1923645.0,0.9025053999048681,6782582795.0,318,False,jpx_liquidity,JPX流動性
167,7550,ゼンショーホールディングス,小売業,プライム,7550.T,2026-10-05,11115.0,0.00451875282422054,0.06059160305343503,-0.03179442508710806,0.27086668191173113,0.22682119205298013,11066.38203125,10619.410677083333,0.004393302943338728,0.04666825099684191,-0.07374999999999998,0.340989871335833,482500.0,610645.0,0.7901481220676497,6671310225.0,318,False,jpx_liquidity,JPX流動性
168,5631,日本製鋼所,機械,プライム,5631.T,2026-10-05,7248.0,0.009189640768588081,-0.0002758620689655711,0.02648350092054952,-0.15228070175438602,-0.23455486323793429,7217.520434570312,7530.790144856771,0.004222996762669018,-0.037551191763045666,-0.2674348089751365,0.4354962276714187,718300.0,932470.0,0.7703196885690693,6603691620.0,318,False,jpx_liquidity,JPX流動性
169,9201,日本航空,空運業,プライム,9201.T,2026-10-05,3011.0,0.007360321177651397,-0.018258884903814776,0.028698325930987423,-0.03307642903018626,0.16367149758454103,2998.9544067382812,2988.259802246094,0.004016597663056842,0.007609846284721833,-0.03307642903018626,0.1769142606450228,2369800.0,2187170.0,1.0835005966614393,6587614295.0,318,False,jpx_liquidity,JPX流動性
170,8795,Ｔ＆Ｄホールディングス,保険業,プライム,8795.T,2026-10-05,4779.0,0.008866371120962668,-0.031807131280389034,-0.01908866995073888,-0.054225212744903994,0.20590461771385304,4850.160693359375,4907.003564453125,-0.014671821792792361,-0.026085891883266044,-0.0767001545595054,0.2460097686512947,1343400.0,1336955.0,1.0048206558934294,6528339310.0,318,False,jpx_liquidity,JPX流動性
171,9532,大阪瓦斯,電気・ガス業,プライム,9532.T,2026-10-05,5669.0,-0.01631094915842446,-0.018354978354978346,-0.02944701249785997,0.02792384406165005,-0.12271742494583715,5859.086669921875,5618.062223307292,-0.03244305480198839,0.009066787562691303,-0.12798031072142746,0.27263749073567933,1038200.0,1124130.0,0.9235586631439424,6504184675.0,318,False,jpx_liquidity,JPX流動性
172,5101,横浜ゴム,ゴム製品,プライム,5101.T,2026-10-05,7191.0,0.018410989944767087,0.053317709096235566,0.02144886363636367,-0.09193079934335147,0.19650582362728786,6918.15,7353.9,0.039439734611131705,-0.022151511442907834,-0.09193079934335147,0.29064306640709886,979800.0,943330.0,1.0386609139961624,6489272210.0,318,False,jpx_liquidity,JPX流動性
173,6481,ＴＨＫ,機械,プライム,6481.T,2026-10-05,6758.0,0.03698020561608106,0.05084745762711873,0.08041566746602724,-0.12495144373947953,0.36085380587998395,6279.25,6748.233333333334,0.07624318190866752,0.0014472923777582025,-0.16528411637643003,0.4101753145956054,1024700.0,1041675.0,0.983704130366957,6484306450.0,318,False,jpx_liquidity,JPX流動性
174,8354,ふくおかフィナンシャルグループ,銀行業,プライム,8354.T,2026-10-05,7853.0,0.008216715881371073,-0.005319822672577579,0.0031936637710781035,0.07222829055161117,0.22054709356543367,7763.116528320313,7623.872176106771,0.011578271606742963,0.030053996001049965,-0.016900350525788643,0.26337500698747157,821500.0,808175.0,1.016487765644817,6429003805.0,318,False,jpx_liquidity,JPX流動性
175,2801,キッコーマン,食料品,プライム,2801.T,2026-10-05,1710.5,0.038239757207890746,0.033534743202416895,-0.06657571623465208,0.031975867269985025,0.0819101834282101,1683.8120849609375,1707.4540283203125,0.01584969918996726,0.0017839260262157985,-0.07289972899729003,0.25870379110462505,6273100.0,3663230.0,1.712450487684366,6420377865.0,318,True,jpx_liquidity,JPX流動性
176,5201,ＡＧＣ,ガラス・土石製品,プライム,5201.T,2026-10-05,5810.0,0.010610540963645887,0.026501766784452263,0.027772863966035732,-0.1375983375389639,0.04308797127468589,5643.75,5900.516666666666,0.029457364341085368,-0.015340464535591458,-0.2932733244130884,0.2341931525426169,1044400.0,1209285.0,0.8636508349975399,6411072185.0,318,False,jpx_liquidity,JPX流動性
177,4186,東京応化工業,化学,プライム,4186.T,2026-10-05,9212.0,0.0341266277503367,0.10881078478574868,0.12905993381541858,-0.12015281757402096,0.18589083419155505,8333.0,9032.716666666667,0.10548421936877483,0.019848218420814634,-0.20722891566265056,0.3667354518425374,702700.0,779540.0,0.9014290479000436,6384765725.0,318,False,jpx_liquidity,JPX流動性
178,6315,ＴＯＷＡ,機械,プライム,6315.T,2026-10-05,2491.0,0.04444444444444451,0.12765957446808507,0.13588691290469668,-0.2496987951807229,0.09302325581395343,2223.75,2515.3,0.1201798763350197,-0.009660875442293215,-0.2963276836158192,0.40955972368044713,4051400.0,2818900.0,1.4372272872397034,6342068485.0,318,True,jpx_liquidity,JPX流動性
179,9531,東京瓦斯,電気・ガス業,プライム,9531.T,2026-10-05,6075.0,-0.015875587234731925,-0.0018074268813670358,-0.027688860435339357,-0.013157894736842146,-0.17560048853304389,6200.3555908203125,6133.0351969401045,-0.020217484140087505,-0.009462720345883469,-0.16803615447822517,0.22936618659939628,878300.0,1026400.0,0.855709275136399,6335049570.0,318,False,jpx_liquidity,JPX流動性
180,6305,日立建機,機械,プライム,6305.T,2026-10-05,5684.0,0.02414414414414412,0.016270337922402955,-0.02235982112143098,0.042362002567394086,0.06902388564980244,5669.554516601563,5563.018172200521,0.0025479044881107082,0.021747516196162886,-0.05737976782752907,0.2959297985069719,1108500.0,1122195.0,0.9877962386216299,6324592585.0,318,False,jpx_liquidity,JPX流動性
181,7826,フルヤ金属,その他製品,プライム,7826.T,2026-10-05,11710.0,-0.010979729729729715,0.032627865961199376,0.21096173733195456,0.5489417989417988,0.8917609046849757,10921.5,8757.333333333334,0.07219704253078785,0.33716504263093783,-0.010979729729729715,0.7590835328397988,350200.0,605380.0,0.5784796326274406,6317868400.0,318,False,jpx_liquidity,JPX流動性
182,9706,日本空港ビルデング,不動産業,プライム,9706.T,2026-10-05,5345.0,0.0014989694584972568,-0.028711611848082907,-0.07043478260869562,-0.009634982397628278,-0.03222886112619949,5492.879418945313,5573.993139648437,-0.026922021706004773,-0.0410824222261027,-0.10886962320773597,0.18272785296318794,440400.0,1237735.0,0.35581121968757445,6314501290.0,318,False,jpx_liquidity,JPX流動性
183,4203,住友ベークライト,化学,プライム,4203.T,2026-10-05,8998.0,0.048595734762848064,0.11444141689373288,0.2662538699690402,0.2243842699687033,0.8075532342306146,7824.191943359375,7433.913981119792,0.15002291164864268,0.2103987243937151,0.0,0.4871887472961032,1126700.0,763535.0,1.4756363493487528,6301172205.0,318,True,jpx_liquidity,JPX流動性
184,5332,ＴＯＴＯ,ガラス・土石製品,プライム,5332.T,2026-10-05,6235.0,0.022634082335574846,0.07741489545533087,0.05749660786974209,-0.27084551514442756,0.15249537892791132,5829.597680664063,6572.3325602213545,0.06954207503557197,-0.05132615507971083,-0.33064949006977995,0.22859784387276516,1386400.0,1096880.0,1.2639486543651084,6278620375.0,318,False,jpx_liquidity,JPX流動性
185,9506,東北電力,電気・ガス業,プライム,9506.T,2026-10-05,1241.0,0.003233629749393785,-0.06268882175226587,-0.08514559528197563,0.1307517084282459,0.0625,1348.102606201172,1257.0175354003907,-0.07944692466916681,-0.012742491611534068,-0.1341950669516042,0.29305813574034,2944500.0,4632940.0,0.6355575509287839,6217810687.5,318,False,jpx_liquidity,JPX流動性
186,8593,三菱ＨＣキャピタル,その他金融業,プライム,8593.T,2026-10-05,1315.0,0.006891271056661541,-0.022304832713754608,-0.06671398154719654,-0.04154518950437314,-0.11298482293423273,1358.0504333496094,1395.1168111165364,-0.03170017275678505,-0.057426597169607296,-0.13372859025032935,0.17199338010754228,5137400.0,4430680.0,1.1595059900511886,6093902865.0,318,True,jpx_liquidity,JPX流動性
187,2737,トーメンデバイス,卸売業,プライム,2737.T,2026-10-05,36650.0,-0.0121293800539084,-0.0626598465473146,0.08753709198813064,1.241590214067278,2.0440199335548175,36622.5,28492.333333333332,0.0007509044986004909,0.2863109374451607,-0.16132723112128144,0.9072582846956149,250700.0,155010.0,1.617315011934714,6084281000.0,318,False,jpx_liquidity,JPX流動性
188,543A,ＡＲＣＨＩＯＮ,輸送用機器,プライム,543A.T,2026-10-05,279.0,-0.0035714285714285587,-0.021052631578947323,0.0,-0.057432432432432456,-0.36734693877551017,277.1678176879883,281.73927256266273,0.006610371749848021,-0.0097227217836785,-0.36590909090909096,0.24670484106671428,16769600.0,21940750.0,0.7643129792737259,6077753475.0,318,True,jpx_liquidity,JPX流動性
189,4005,住友化学,化学,プライム,4005.T,2026-10-05,583.2000122070312,0.014613821490003343,0.019224047125710353,-0.05524052528796419,0.0557566734824797,0.09274873312312781,575.8776794433594,549.8225580851237,0.012715083471805277,0.06070586524887567,-0.06941120017982338,0.33892534370084704,5774200.0,11154645.0,0.5176498221144644,6069402934.139099,318,True,jpx_liquidity,JPX流動性
190,9021,西日本旅客鉄道,陸運業,プライム,9021.T,2026-10-05,2851.0,-0.005927475592747533,-0.03535780747758421,-0.04760314013696343,-0.0064471162223384,-0.09977897063467,2968.434460449219,2963.6698201497397,-0.03956107571647294,-0.03801699480276355,-0.11432121776949367,0.18506489394672243,3210300.0,1971875.0,1.6280443740095087,6069073812.5,318,False,jpx_liquidity,JPX流動性
191,1911,住友林業,建設業,プライム,1911.T,2026-10-05,1177.5,-0.0025412960609910717,-0.02846534653465349,-0.09631619339984654,-0.14581066376496188,-0.17944250871080136,1235.375,1306.95,-0.04684812303956287,-0.09904740043612992,-0.19487179487179485,0.23650784323643123,3672300.0,4962305.0,0.7400391551909848,6039468892.5,318,True,jpx_liquidity,JPX流動性
192,7202,いすゞ自動車,輸送用機器,プライム,7202.T,2026-10-05,2049.5,0.014101929737753593,-0.037567504108945715,-0.07450891849175889,-0.14264798159380887,-0.11046006944444442,2139.8128662109375,2246.879288736979,-0.04220596466029225,-0.08784596917439669,-0.17041084800647643,0.24119240359126703,2274300.0,2818550.0,0.8069042592822551,5922958517.5,318,False,jpx_liquidity,JPX流動性
193,6324,ハーモニック・ドライブ・システムズ,機械,プライム,6324.T,2026-10-05,6660.0,0.013698630136986356,0.04225352112676051,0.25187969924812026,-0.250843644544432,0.7480314960629921,6095.2625,6351.420833333334,0.09265187512432815,0.048584273466369954,-0.250843644544432,0.36891068675270633,716900.0,994275.0,0.7210278846395615,5922154250.0,318,False,jpx_liquidity,JPX流動性
194,5344,ＭＡＲＵＷＡ,ガラス・土石製品,プライム,5344.T,2026-10-05,59870.0,0.026049700085689853,0.0811738148984198,0.1804022082018928,-0.12316930287053307,0.025873886223440667,55540.79375,56405.93125,0.07794642383914452,0.061413200229718745,-0.24416109077136727,0.5155458826864299,123100.0,102015.0,1.2066852913787187,5876012750.0,318,False,jpx_liquidity,JPX流動性
195,4183,三井化学,化学,プライム,4183.T,2026-10-05,2169.5,0.032603522132317986,0.05648892135378625,-0.033199643493761144,-0.010038786219484397,0.13556660560062817,2133.2394165039063,2150.5631388346355,0.016997896820938996,0.008805536012128412,-0.0648706896551724,0.3918033288270293,1854700.0,2821570.0,0.6573290756564608,5826366352.5,318,False,jpx_liquidity,JPX流動性
196,6269,三井海洋開発,機械,プライム,6269.T,2026-10-05,8702.0,-0.001033176443577033,-0.030417827298050093,-0.056182212581344926,-0.15019531249999996,-0.41538461538461535,9137.9,9723.466666666667,-0.04770242615918319,-0.1050516962400242,-0.4076242341729067,0.2705068779993488,686900.0,658540.0,1.043064961885383,5818185785.0,318,False,jpx_liquidity,JPX流動性
197,4523,エーザイ,医薬品,プライム,4523.T,2026-10-05,4659.0,-0.008723404255319145,-0.03759553811196037,-0.015426880811496235,0.07350230414746539,-0.0898613010353585,4738.254248046875,4699.401416015625,-0.01672646588763016,-0.008597140877971476,-0.09761766414875073,0.2226479249194456,935900.0,1217150.0,0.7689274123978146,5779884550.0,318,False,jpx_liquidity,JPX流動性
198,8050,セイコーグループ,精密機器,プライム,8050.T,2026-10-05,10960.0,0.04780114722753348,0.10289308176100631,0.02621722846441954,0.3961783439490445,0.8513513513513513,9906.0908203125,9439.363606770834,0.1063900178995385,0.16109522384945718,-0.07197290431837422,0.7867432811256749,421700.0,582020.0,0.7245455482629463,5674220400.0,318,True,jpx_liquidity,JPX流動性
199,6856,堀場製作所,電気機器,プライム,6856.T,2026-10-05,26345.0,0.04007106198183963,0.10763085978557907,0.16907033503439095,-0.04719710669077759,0.41677870395267536,23102.75,24630.25,0.14034043566242116,0.06961967499314858,-0.08777700831024926,0.35714738598210793,237600.0,239885.0,0.9904746024136566,5633169025.0,318,True,jpx_liquidity,JPX流動性
200,7259,アイシン,輸送用機器,プライム,7259.T,2026-10-05,2187.5,0.0186263096623982,-0.0086109222750963,-0.018618214445939918,-0.07583438952260246,-0.011746103456065082,2200.7475830078124,2252.6991943359376,-0.006019583122616301,-0.02894269882986189,-0.13142743696644832,0.28597566805466806,2314700.0,2559625.0,0.9043121551008448,5630832965.0,318,False,jpx_liquidity,JPX流動性
201,2413,エムスリー,サービス業,プライム,2413.T,2026-10-05,1763.5,0.0059897318881916295,-0.009825940482874773,-0.010659186535764364,-0.07306176084099869,0.07008495145631066,1747.975,1784.4166666666667,0.008881705974055798,-0.01172185121188063,-0.11113911290322576,0.33877661176198226,2628200.0,3263965.0,0.8052169677064552,5592794665.0,318,False,jpx_liquidity,JPX流動性
202,5105,ＴＯＹＯ　ＴＩＲＥ,ゴム製品,プライム,5105.T,2026-10-05,3924.0,0.004865556978232988,0.006153846153846176,0.06543578604398581,-0.015801354401805856,0.020811654526534884,3764.3,3877.4333333333334,0.04242488643306852,0.012009662749413286,-0.08317757009345794,0.2822278154919746,841500.0,1516735.0,0.5548101678935344,5541696065.0,318,False,jpx_liquidity,JPX流動性
203,6113,アマダ,機械,プライム,6113.T,2026-10-05,2679.0,0.019988577955454057,0.0854943273905997,0.09190951701650696,-0.16281250000000003,0.20161471181879342,2456.9776245117187,2662.6258748372397,0.09036402011695333,0.006149615429453137,-0.16281250000000003,0.3630935523685108,1962400.0,2279765.0,0.8607904762113638,5524577282.5,318,False,jpx_liquidity,JPX流動性
204,7729,東京精密,精密機器,プライム,7729.T,2026-10-05,20105.0,0.04686279614683686,0.14213486337556103,0.19459298871063568,0.06771109930961239,0.4324902030637692,17380.43388671875,17692.39462890625,0.15676053492330966,0.1363639813432591,-0.03895793499043976,0.46937224929092775,404000.0,308625.0,1.3090319967598218,5516204425.0,318,True,jpx_liquidity,JPX流動性
205,6448,ブラザー工業,電気機器,プライム,6448.T,2026-10-05,4731.0,0.01763820176382014,0.019392372333548735,-0.030135301353013566,0.2585794094173983,0.5696748506967486,4586.0040283203125,4369.8346761067705,0.03161706156040922,0.08264965397157842,-0.06353919239904993,0.30537067217388303,951400.0,1199005.0,0.7934912698445795,5482296555.0,318,False,jpx_liquidity,JPX流動性
206,4506,住友ファーマ,医薬品,プライム,4506.T,2026-10-05,1579.0,-0.021382088627207918,-0.0025268477574226234,-0.033363942454851525,0.01674179008370902,-0.21266517078035407,1591.35,1442.35,-0.007760706318534538,0.09474122092418624,-0.2835753176043557,0.37457480199121296,2691900.0,3653235.0,0.73685377480507,5457272437.5,318,False,jpx_liquidity,JPX流動性
207,6134,ＦＵＪＩ,機械,プライム,6134.T,2026-10-05,8428.0,0.0457873185258717,0.1518381850485171,0.23396778916544658,-0.025664739884393106,0.6995361968138738,7177.632739257812,7438.360913085938,0.1742032932255433,0.13304531717102352,-0.056426332288401215,0.4637688064312927,756000.0,744110.0,1.015978820335703,5372686920.0,318,False,jpx_liquidity,JPX流動性
208,4751,サイバーエージェント,サービス業,プライム,4751.T,2026-10-05,1227.0,-0.0032493907392363575,0.011124845488257096,-0.03461841070023608,-0.20195121951219508,-0.08466989929130919,1235.811376953125,1348.970458984375,-0.007130033852617013,-0.09041744255556583,-0.22144670050761417,0.19912831393087496,3739300.0,4373040.0,0.855080218795163,5372552205.0,318,True,jpx_liquidity,JPX流動性
209,3402,東レ,繊維製品,プライム,3402.T,2026-10-05,1243.5,0.016346546791990102,0.004037141703673752,-0.019708316909735957,0.058297872340425494,0.10631672597864772,1237.5988830566407,1233.5246276855469,0.00476819834289488,0.008086885409957167,-0.09464870768110667,0.24708862609247606,3410100.0,4366420.0,0.7809830478973622,5360591872.5,318,False,jpx_liquidity,JPX流動性
210,5301,東海カーボン,ガラス・土石製品,プライム,5301.T,2026-10-05,2380.0,0.026747195858498607,0.066547165583688,0.3134657836644592,0.36585365853658547,1.3972603034482587,2098.175,1821.0333333333333,0.1343191106556887,0.30695026633230227,0.0,0.48186900022582635,2258700.0,2490065.0,0.9070847548156373,5322401177.5,318,False,jpx_liquidity,JPX流動性
211,1942,関電工,建設業,プライム,1942.T,2026-10-05,5522.0,0.0010877447425670095,-0.013047363717604954,-0.008617594254937133,-0.19469155607408484,-0.09102880658436219,5544.203442382813,5676.851147460938,-0.004004802964674425,-0.02727764801974719,-0.24829839368363738,0.3126457884410179,731800.0,950040.0,0.770283356490253,5298313065.0,318,False,jpx_liquidity,JPX流動性
212,4182,三菱瓦斯化学,化学,プライム,4182.T,2026-10-05,4033.0,0.030140485312899035,0.07146652497343253,0.04889466840052026,-0.16862502576788296,0.025947596031544062,3813.2979370117187,4081.9493123372395,0.05761471215135372,-0.011991651192065467,-0.2880847308031774,0.340331956844763,1448200.0,1410415.0,1.0267899873441504,5228135450.0,318,False,jpx_liquidity,JPX流動性
213,6590,芝浦メカトロニクス,電気機器,プライム,6590.T,2026-10-05,4305.0,0.010563380281690238,0.173024523160763,0.12402088772845943,-0.2628424657534246,0.021352313167259718,3889.0,4415.416666666667,0.10696837233221901,-0.025007077474757056,-0.2801003344481605,0.5251936388692277,1062700.0,1358015.0,0.782539220848076,5228046100.0,318,False,jpx_liquidity,JPX流動性
214,8303,ＳＢＩ新生銀行,銀行業,プライム,8303.T,2026-10-05,1506.5,0.004668222740913608,-0.06602603843769372,-0.031189710610932453,0.02692569870483985,-0.15078917700112737,1569.5560485839844,1528.6853495279947,-0.0401744484632276,-0.014512698466590757,-0.17901907356948232,0.3311318766303608,2609900.0,3305795.0,0.7894923913914808,5195494320.0,203,False,jpx_liquidity,JPX流動性
215,1878,大東建託,不動産業,プライム,1878.T,2026-10-05,3099.0,-0.0035369774919614683,-0.03125976867771174,-0.0662850256101235,-0.02393700787401576,-0.18404423380726698,3226.4301879882814,3257.6433959960937,-0.039495721451743404,-0.04869882203530296,-0.18102536997885832,0.18440953636122517,1795600.0,1616310.0,1.1109255031522418,5193241860.0,318,False,jpx_liquidity,JPX流動性
216,5076,インフロニア・ホールディングス,建設業,プライム,5076.T,2026-10-05,2330.0,-0.1355963643108885,-0.1714082503556188,-0.1823126864362169,-0.16081397442823697,0.05358354058331449,2747.9091186523438,2754.028039550781,-0.1520825837418156,-0.15396649324599676,-0.20260095824777546,0.5316021264429222,10031800.0,1533320.0,6.542535152479587,5169229590.0,318,True,jpx_liquidity,JPX流動性
217,6323,ローツェ,機械,プライム,6323.T,2026-10-05,4495.0,0.06567093409198677,0.21159029649595684,0.1776264081739587,-0.052687038988408874,0.5548253199584918,3752.85,4054.7166666666667,0.19775637182408046,0.10858547452966305,-0.11515748031496065,0.541106498417984,2394000.0,1301480.0,1.839444324922396,5153635280.0,318,True,jpx_liquidity,JPX流動性
218,9962,ミスミグループ本社,卸売業,プライム,9962.T,2026-10-05,4093.0,0.039624079248158584,0.07004295763824397,0.12785891430146035,-0.013734939759036169,0.45788067675868205,3700.451611328125,3737.300537109375,0.10608121113384472,0.0951755041797473,-0.022450441843802293,0.3682340182384289,1501800.0,1350675.0,1.1118885001943473,5139860200.0,318,True,jpx_liquidity,JPX流動性
219,6302,住友重機械工業,機械,プライム,6302.T,2026-10-05,6310.0,0.01512226512226511,0.052368245496998034,0.14748136024731773,0.15209056052583536,0.2716646513502621,5854.25,5638.733333333334,0.07784942563095187,0.11904564854991073,0.0,0.36104962671516155,804800.0,872650.0,0.9222483240703604,5110178850.0,318,False,jpx_liquidity,JPX流動性
220,6841,横河電機,電気機器,プライム,6841.T,2026-10-05,4733.0,0.005523688124070558,0.016756176154672398,-0.024927894519983562,-0.19149299624188587,-0.050742077817890086,4643.707763671875,5181.602587890625,0.019228651084951087,-0.08657603131104774,-0.2140484888741282,0.27029460349095025,1406000.0,1098915.0,1.27944381503574,5078559085.0,318,False,jpx_liquidity,JPX流動性
221,7167,めぶきフィナンシャルグループ,銀行業,プライム,7167.T,2026-10-05,1680.5,0.012349397590361466,-0.01868613138686126,0.004182850313713793,0.09872507355344884,0.2847859327217126,1676.7838195800782,1611.1196065266927,0.002216254937892126,0.0430634654263069,-0.021827706635622834,0.25754349558483874,2000700.0,3070010.0,0.6516916883006896,5053616175.0,318,False,jpx_liquidity,JPX流動性
222,6869,シスメックス,電気機器,プライム,6869.T,2026-10-05,1831.5,0.007148748968930363,-0.026056899760701913,-0.03959098059779764,0.15333753148614604,0.2848123465450718,1845.8654479980469,1771.296815999349,-0.007782500080722121,0.03398819636373873,-0.07499999999999996,0.29121219906167445,2378600.0,2729145.0,0.8715550108184065,5043660447.5,318,False,jpx_liquidity,JPX流動性
223,9147,ＮＩＰＰＯＮ　ＥＸＰＲＥＳＳホールディングス,陸運業,プライム,9147.T,2026-10-05,5744.0,0.012693935119887145,-0.004333506673600329,0.027549194991055348,0.03458213256484144,0.5167678901505148,5588.6,5523.783333333334,0.02780660630569365,0.03986699936939342,-0.020797817933856155,0.24150806127345573,650800.0,930530.0,0.6993863712078063,5021771925.0,318,False,jpx_liquidity,JPX流動性
224,7747,朝日インテック,精密機器,プライム,7747.T,2026-10-05,3365.0,0.02186456119040381,0.030627871362940207,-0.06553735073590672,-0.09833869239013937,-0.04674220963172804,3326.5,3592.25,0.011573726138584206,-0.06326118727816832,-0.1840446168768186,0.2735665331557888,1004100.0,1522165.0,0.6596525343835918,4970424470.0,318,False,jpx_liquidity,JPX流動性
225,7309,シマノ,輸送用機器,プライム,7309.T,2026-10-05,17525.0,0.0022876751501286208,-0.020949720670391025,-0.09337816864976722,-0.01655443322109984,0.020081490104773003,18146.25,18872.5,-0.03423572363435967,-0.07140018545502713,-0.16805126987894614,0.14919185650785058,238800.0,277980.0,0.8590546082451975,4942410650.0,318,False,jpx_liquidity,JPX流動性
226,6965,浜松ホトニクス,電気機器,プライム,6965.T,2026-10-05,2487.5,0.04123064043532865,0.08814523184601919,0.07683982683982693,-0.03957528957528955,0.3526373028820011,2280.3350463867187,2355.0450154622395,0.09084847156190601,0.05624307971529907,-0.1634437531528502,0.3426566873168503,2120600.0,2139525.0,0.9911545787032169,4778815552.5,318,True,jpx_liquidity,JPX流動性
227,2875,東洋水産,食料品,プライム,2875.T,2026-10-05,9919.0,0.04652880354505173,0.033983112686333694,-0.061145291055371476,-0.08706856879889557,-0.09827272727272729,9865.512451171875,10382.170817057291,0.005421669588159261,-0.04461213605697267,-0.13446771378708555,0.23139185989135014,1083200.0,444430.0,2.437279211574376,4763124955.0,318,True,jpx_liquidity,JPX流動性
228,9042,阪急阪神ホールディングス,陸運業,プライム,9042.T,2026-10-05,4456.0,0.007916760913820431,0.010201768306506542,-0.04130808950086062,-0.024091108190976818,-0.0759021153048528,4544.5721435546875,4647.6907145182295,-0.019489655077938317,-0.04124429233628546,-0.12815495989043235,0.18469454764504697,2169200.0,993845.0,2.1826341129653013,4760577715.0,318,False,jpx_liquidity,JPX流動性
229,4980,デクセリアルズ,化学,プライム,4980.T,2026-10-05,3474.0,0.02508114488049573,0.16032064128256507,0.1897260273972603,-0.18527204502814254,0.5554063129617193,3005.9008178710938,3238.8419392903647,0.15572675563541516,0.07260559950670475,-0.308105954989046,0.4234245484722052,2413400.0,1491890.0,1.6176795876371581,4727559002.5,318,False,jpx_liquidity,JPX流動性
230,9602,東宝,情報・通信業,プライム,9602.T,2026-10-05,1554.0,-0.00829610721123164,-0.004165331624479296,-0.004484304932735439,0.14686346863468636,-0.07306889352818369,1585.825,1514.1097981770833,-0.02006841864644593,0.02634564670999584,-0.07362146050670637,0.2069916980729044,2271300.0,3044790.0,0.745962775757934,4706865222.5,318,False,jpx_liquidity,JPX流動性
231,2269,明治ホールディングス,食料品,プライム,2269.T,2026-10-05,4094.0,0.008622813500862359,-0.031235210601041175,-0.09424778761061947,0.05433942827710525,0.017901541521631037,4261.979711914062,4113.709903971354,-0.039413540952456194,-0.004791272216916886,-0.09903169014084512,0.20568146171059795,1238800.0,1079530.0,1.147536427889915,4703698185.0,318,False,jpx_liquidity,JPX流動性
232,8377,ほくほくフィナンシャルグループ,銀行業,プライム,8377.T,2026-10-05,868.0,-0.010600692946964307,0.07906510897021013,-0.895597786865528,-0.8823688846727199,-0.8626799557032115,5050.452838134765,6924.4009460449215,-0.8281342232431241,-0.8746461958567283,-0.898975791433892,3.1769889443457733,5547800.0,3021105.0,1.8363479587766727,4673722592.850952,318,True,jpx_liquidity,JPX流動性
233,6724,セイコーエプソン,電気機器,プライム,6724.T,2026-10-05,3335.0,0.015529841656516385,0.04153653966271076,0.037002487562189046,0.15879082696316882,0.6344033325165401,3155.1336181640627,3067.044539388021,0.057007532359469426,0.0873660154493372,0.0,0.2846471575459301,1105500.0,1478915.0,0.7475074632416332,4638613085.0,318,False,jpx_liquidity,JPX流動性
234,5844,京都フィナンシャルグループ,銀行業,プライム,5844.T,2026-10-05,4689.0,-0.004035683942225976,-0.03854828788189457,-0.04325647826974088,-0.024141519250780452,0.06326530612244907,4812.665307617188,4763.171769205729,-0.02569580465557375,-0.015571928286368997,-0.07896287566293458,0.23708107769627165,856000.0,951560.0,0.8995754340241288,4625257500.0,318,False,jpx_liquidity,JPX流動性
235,8848,レオパレス２１,不動産業,プライム,8848.T,2026-10-05,1005.0,-0.007897334649555776,-0.028046421663442955,0.5485362095531587,0.5250379362670714,0.5629860031104199,862.25,723.4,0.16555523340098577,0.3892728780757535,-0.05188679245283023,0.9140939383871599,4865000.0,4417775.0,1.1012330867914277,4573010615.0,318,True,jpx_liquidity,JPX流動性
236,9024,西武ホールディングス,陸運業,プライム,9024.T,2026-10-05,3544.0,0.000564652738565874,-0.01418636995827538,0.029633933759442233,-0.012813370473537589,-0.1803885291396855,3548.1234130859375,3492.257804361979,-0.0011621391383201951,0.014816258860784082,-0.2048463091765762,0.26203916863291754,944800.0,1293715.0,0.7302999501435787,4467599010.0,318,False,jpx_liquidity,JPX流動性
237,3231,野村不動産ホールディングス,不動産業,プライム,3231.T,2026-10-05,843.0,-0.011723329425556872,-0.04724230150277686,-0.09345093250085545,-0.11662997926928065,-0.18746987951807226,890.7178802490234,919.8359608968099,-0.05357238392439445,-0.08353224288154304,-0.21178120617110796,0.19533483083878952,7317600.0,4759385.0,1.5375095731906538,4419343336.820679,318,True,jpx_liquidity,JPX流動性
238,8304,あおぞら銀行,銀行業,プライム,8304.T,2026-10-05,3398.0,0.0026556506344055375,-0.04254719639335025,-0.001762632197414793,0.1585407432662802,0.2871212121212121,3455.1,3269.5416666666665,-0.016526294463257152,0.03928940090991362,-0.04254719639335025,0.28520875522873546,916300.0,1354130.0,0.6766706298509005,4401406860.0,318,False,jpx_liquidity,JPX流動性
239,7701,島津製作所,精密機器,プライム,7701.T,2026-10-05,4026.0,0.03283735248845554,0.010795882500627574,0.021308980213089912,-0.018288222384784225,0.04789172306090572,3880.898083496094,4039.3660278320312,0.03738874698126349,-0.0033089419824637867,-0.05802526906878802,0.24475176770627524,1209300.0,1103500.0,1.095876755777073,4394980035.0,318,False,jpx_liquidity,JPX流動性
240,6370,栗田工業,機械,プライム,6370.T,2026-10-05,7955.0,0.016613418530351476,0.032044628956927834,0.03258047767393557,-0.16263157894736846,0.02671657201858535,7618.263916015625,8248.137972005208,0.044201157599235374,-0.035539896762171064,-0.1681480706891143,0.24247227625233378,509400.0,580900.0,0.8769151316922018,4379726750.0,318,False,jpx_liquidity,JPX流動性
241,7912,大日本印刷,その他製品,プライム,7912.T,2026-10-05,3029.0,0.011690046760187034,0.02313798344874174,-0.0032905561039815456,-0.03411989795918369,0.07908799429996427,2999.9529296875,3085.2259765625,0.009682508690403324,-0.01822426525305798,-0.08737571557698098,0.17621473967297305,2144900.0,1440300.0,1.489203638130945,4375087497.5,318,False,jpx_liquidity,JPX流動性
242,4021,日産化学,化学,プライム,4021.T,2026-10-05,8734.0,0.04075309818875117,0.07086807258460026,0.09613453815261042,0.010061292933965627,0.39253826530612246,8108.2546875,7964.884895833334,0.07717386004964455,0.09656324155657448,0.0,0.2313596065992434,586500.0,529245.0,1.108182410792733,4367536800.0,318,True,jpx_liquidity,JPX流動性
243,6268,ナブテスコ,機械,プライム,6268.T,2026-10-05,4979.0,0.010759236703207442,0.04119615223755746,0.15121387283236998,-0.14450171821305846,0.17846153846153845,4640.5,4771.966666666666,0.07294472578385958,0.043385326804462165,-0.14450171821305846,0.3432598629333001,924700.0,953845.0,0.9694447211024853,4302678135.0,318,False,jpx_liquidity,JPX流動性
244,5110,住友ゴム工業,ゴム製品,プライム,5110.T,2026-10-05,1999.0,0.009850972467794872,-0.010396039603960405,-0.07453703703703707,-0.13049151805132664,-0.030552861299709022,2023.925,2190.65,-0.012315179663277998,-0.08748544952411386,-0.1963819095477387,0.27099300055087955,1376500.0,2138550.0,0.6436604241191461,4242571987.5,318,False,jpx_liquidity,JPX流動性
245,5830,いよぎんホールディングス,銀行業,プライム,5830.T,2026-10-05,3870.0,0.0033704952035260582,-0.016018306636155555,-0.027638190954773822,0.1656626506024097,0.23130766783328038,3852.8752685546874,3732.8084228515627,0.00444466281716327,0.036752911375943054,-0.041842040108937884,0.3200595847942921,1062000.0,1075180.0,0.9877415874551237,4198873395.0,318,False,jpx_liquidity,JPX流動性
246,9005,東急,陸運業,プライム,9005.T,2026-10-05,1577.0,-0.004104831070413595,-0.03132678132678135,-0.04308252427184467,-0.0766978922716628,-0.17369662038249933,1633.8385620117188,1679.5961873372396,-0.03478835873584374,-0.06108384152734425,-0.18035343035343032,0.15752133859342807,2733600.0,2523460.0,1.0832745516077131,4198492135.0,318,False,jpx_liquidity,JPX流動性
247,3088,マツキヨココカラ＆カンパニー,小売業,プライム,3088.T,2026-10-05,2431.5,0.0002056766762648099,-0.01138442772921322,-0.053522771506422706,-0.012789281364189997,-0.06101564008495852,2498.006726074219,2513.7022420247395,-0.02662391793425578,-0.03270166237291772,-0.09676820208023773,0.23483158951571528,1009700.0,1687395.0,0.5983779731479588,4194407500.0,318,False,jpx_liquidity,JPX流動性
248,4151,協和キリン,医薬品,プライム,4151.T,2026-10-05,2214.5,-0.006950672645739897,-0.014024933214603741,-0.0734309623430962,-0.190458782672272,-0.16795040390757088,2273.1,2492.525,-0.0257797721173727,-0.11154351511017946,-0.190458782672272,0.2634645039438924,1717500.0,2050055.0,0.8377824009599742,4191945255.0,318,False,jpx_liquidity,JPX流動性
249,8113,ユニ・チャーム,化学,プライム,8113.T,2026-10-05,924.7999877929688,0.007956389965088517,-0.02979440206710171,-0.057864699679789355,-0.06585859818892048,-0.040265658754687794,953.0650054931641,975.7166697184244,-0.02965696729738765,-0.052183880326805765,-0.11965731766495125,0.17220231963693192,5084100.0,4425870.0,1.1487233018592955,4174502079.972534,318,True,jpx_liquidity,JPX流動性
250,8334,群馬銀行,銀行業,プライム,8334.T,2026-10-05,3032.0,0.014386082301773184,-0.042022116903633444,0.05958413419535202,0.22184162804755192,0.353873632507256,2957.6651245117187,2739.6467081705728,0.02513295872214516,0.1067120409932889,-0.04441104506384885,0.357687425883123,872200.0,1388150.0,0.6283182653171487,4145925590.0,318,False,jpx_liquidity,JPX流動性
251,6674,ジーエス・ユアサ　コーポレーション,電気機器,プライム,6674.T,2026-10-05,5718.0,0.049559471365638874,0.06520119225037257,0.14704112337011033,-0.14092548076923073,-0.035587788834542056,5272.362646484375,5500.120882161458,0.08452327417439265,0.03961351441296301,-0.23932419848343756,0.3840012811308854,1019400.0,771770.0,1.3208598416626716,4132885050.0,318,True,jpx_liquidity,JPX流動性
252,2587,サントリービバレッジ＆フード,食料品,プライム,2587.T,2026-10-05,4502.0,0.008060904612628761,-0.0006659267480577657,-0.017030567685589526,-0.025752001731227048,-0.025330158042866424,4500.3,4576.9,0.00037775259427141883,-0.016364788393890994,-0.09050505050505053,0.15373463561461326,619700.0,949605.0,0.6525871283323066,4124724610.0,318,False,jpx_liquidity,JPX流動性
253,4768,大塚商会,情報・通信業,プライム,4768.T,2026-10-05,3655.0,-0.0054421768707483276,0.007442116868798143,0.019810267857142794,0.2476531831370541,0.19288511749347248,3607.9,3398.575,0.013054685551151524,0.07545074038383737,-0.0054421768707483276,0.1857711320014174,772800.0,1151695.0,0.6710109881522451,4093757895.0,318,False,jpx_liquidity,JPX流動性
254,7181,かんぽ生命保険,保険業,プライム,7181.T,2026-10-05,1701.0,0.003539823008849474,-0.06022099447513807,0.0014718869590815142,0.02810516772438798,0.06212925382453949,1747.4671203613282,1709.8807067871094,-0.026591127134752646,-0.005193758109474422,-0.06022099447513807,0.2338053042396095,2153200.0,2347600.0,0.9171920258987902,4074754867.5,318,False,jpx_liquidity,JPX流動性
255,4088,エア・ウォーター,化学,プライム,4088.T,2026-10-05,2901.0,0.0006898930665746317,0.029453513129879427,0.07843866171003722,0.04842790025298149,0.27516483516483525,2942.75,2690.7166666666667,-0.014187409735791356,0.07815142186406354,-0.045723684210526305,0.3760624634879242,959000.0,1380065.0,0.6948948056794426,4060999840.0,318,False,jpx_liquidity,JPX流動性
256,8359,八十二長野銀行,銀行業,プライム,8359.T,2026-10-05,2799.5,0.015047135605511297,-0.01077738515901061,0.02620967741935476,0.09784313725490201,0.3465608465608465,2735.302526855469,2649.1841756184895,0.023469971790774258,0.05674042060379492,-0.02473436683504615,0.31266265659932063,1162900.0,1457960.0,0.797621333918626,3999166465.0,318,False,jpx_liquidity,JPX流動性
257,6141,ＤＭＧ森精機,機械,プライム,6141.T,2026-10-05,2888.0,0.014757554462403455,-0.011128231467214533,0.016543470608940458,-0.2349668874172185,0.1631091421667339,2846.1,3225.025,0.014721900144056832,-0.10450306586770652,-0.26081392372664447,0.2897479645894532,1560000.0,1464030.0,1.0655519354111596,3983165555.0,318,False,jpx_liquidity,JPX流動性
258,268A,リガク・ホールディングス,精密機器,プライム,268A.T,2026-10-05,1857.0,0.034540389972144814,0.0672413793103448,0.22332015810276684,-0.2243107769423559,-0.2164556962025317,1665.25,1916.75,0.11514787569434026,-0.03117255771488192,-0.4268518518518518,0.468621113530302,2168500.0,2358005.0,0.9196333341108267,3937082340.0,318,False,jpx_liquidity,JPX流動性
259,6586,マキタ,機械,プライム,6586.T,2026-10-05,5313.0,0.010460251046025215,0.008733624454148492,0.012964728312678808,-0.11875932990545701,0.013737836290784289,5248.723120117187,5395.1910400390625,0.012246193676411332,-0.01523412969607607,-0.11875932990545701,0.19764912330209244,869500.0,733785.0,1.1849519954755139,3909268150.0,318,False,jpx_liquidity,JPX流動性
260,4091,日本酸素ホールディングス,化学,プライム,4091.T,2026-10-05,5532.0,0.03459884047129225,0.013372412529767397,0.0032644178454841466,-0.12357414448669202,-0.04833992774815066,5460.150903320313,5757.533634440104,0.013158811533211523,-0.03917191783145113,-0.13589503280224935,0.2437522278968094,620400.0,711505.0,0.8719545189422422,3908833475.0,318,False,jpx_liquidity,JPX流動性
261,5714,ＤＯＷＡホールディングス,非鉄金属,プライム,5714.T,2026-10-05,8729.0,0.002987475583132282,-0.02031425364758699,-0.07029502609436578,-0.02610733013499944,-0.06230529595015577,9018.9,9004.383333333333,-0.03214360953109574,-0.030583252971238095,-0.25008591065292096,0.32589147378574973,332200.0,444460.0,0.7474238401655942,3894940870.0,318,False,jpx_liquidity,JPX流動性
262,4902,コニカミノルタ,電気機器,プライム,4902.T,2026-10-05,643.5,-0.0035614553057348175,-0.017407274376363135,-0.03508775462202407,0.09625212947189099,0.1657608695652173,633.1281005859375,636.5827006022135,0.01638199189779077,0.010866301253933841,-0.07543103448275867,0.43565207579444665,4288400.0,5856185.0,0.7322856091465689,3803474300.937195,318,True,jpx_liquidity,JPX流動性
263,7762,シチズン時計,精密機器,プライム,7762.T,2026-10-05,2462.0,0.02668890742285246,0.05011729579867774,-0.09750733137829914,0.027974947807933193,0.3792717086834734,2366.9939575195312,2408.3313191731772,0.04013784749160476,0.022284591990959113,-0.13401336616250437,0.5521822789555464,1015300.0,1653290.0,0.6141088375300159,3786407585.0,318,False,jpx_liquidity,JPX流動性
264,4612,日本ペイントホールディングス,化学,プライム,4612.T,2026-10-05,1198.5,0.03452740612861449,0.009688289806234263,0.051315789473684204,0.0960219478737998,0.21060606060606069,1148.25,1165.7416666666666,0.04376224689745256,0.02810085138931595,-0.05592753052382826,0.2419524404002443,4396800.0,3216460.0,1.3669686549809419,3782574015.0,318,True,jpx_liquidity,JPX流動性
265,3391,ツルハホールディングス,小売業,プライム,3391.T,2026-10-05,2128.5,0.03275109170305668,-0.00722947761194026,-0.04487323311644609,-0.05630680558634449,-0.15266719745222934,2213.7,2321.2962320963543,-0.038487599945791984,-0.08305541939480976,-0.1775502318392581,0.27342500847121387,2265600.0,1674125.0,1.3533039647577092,3759746757.5,318,False,jpx_liquidity,JPX流動性
266,3064,ＭｏｎｏｔａＲＯ,小売業,プライム,3064.T,2026-10-05,2089.5,0.014320388349514657,0.07956600361663657,0.13498098859315588,0.0843279709392839,0.1785109983079527,1949.875,1927.45,0.07160715430476317,0.08407481387325211,0.0,0.3568194435188101,2873200.0,1829100.0,1.5708271827674813,3735053757.5,318,False,jpx_liquidity,JPX流動性
267,3626,ＴＩＳＩ,情報・通信業,プライム,3626.T,2026-10-05,4016.0,-0.003968253968253954,0.02895208813733019,0.025274444728108136,0.19381688466111768,0.13896766874645494,3947.2821044921875,3778.8107014973957,0.017408914206969994,0.06276824039071749,-0.006042825837718091,0.292926297411674,594800.0,977575.0,0.6084443648824899,3721075935.0,318,False,jpx_liquidity,JPX流動性
268,1944,きんでん,建設業,プライム,1944.T,2026-10-05,6860.0,0.0032173150043872667,0.009268795056642576,-0.01971991997713629,-0.146553869121672,-0.036922644952969264,6866.18935546875,7073.046451822916,-0.0009014251061719714,-0.030120889672371476,-0.19530791788856305,0.27294681984369534,603400.0,535885.0,1.1259878518712036,3713322160.0,318,False,jpx_liquidity,JPX流動性
269,4204,積水化学工業,化学,プライム,4204.T,2026-10-05,2519.5,0.008203281312525013,0.014904330312185188,-0.03133410226835831,-0.060939247111442385,-0.049783141617952054,2496.178845214844,2602.742948404948,0.009342741939289523,-0.031982777421782016,-0.08680681406306634,0.17444003247694684,1421700.0,1457665.0,0.9753269784209678,3670692485.0,318,False,jpx_liquidity,JPX流動性
270,5406,神戸製鋼所,鉄鋼,プライム,5406.T,2026-10-05,1993.0,0.00025094102885825365,-0.021600392734413387,-0.018951513659857255,0.035862785862785795,0.03613205094879124,2018.537353515625,2002.3707845052083,-0.012651414882735468,-0.004679844800833832,-0.04044294655753489,0.21844197204926993,1332600.0,1839585.0,0.7244025146976084,3666893297.5,318,False,jpx_liquidity,JPX流動性
271,2282,日本ハム,食料品,プライム,2282.T,2026-10-05,1984.0,-0.006509764646970506,-0.01684836471754214,-0.6863736958583624,-0.6805667364353567,-0.7260803534447052,3468.849993896484,5334.716664632161,-0.42805252360554924,-0.628096462338211,-0.7270225646670336,2.2985176326520316,1578600.0,1279720.0,1.2335510893007846,3658787556.179199,318,False,jpx_liquidity,JPX流動性
272,3132,マクニカホールディングス,卸売業,プライム,3132.T,2026-10-05,4300.0,0.02920057443752988,0.027724665391969383,0.21331828442437928,0.3002721499848806,0.8797814207650274,3908.3592895507813,3586.9030965169272,0.10020591287405223,0.19880573416536618,0.0,0.34630529351351585,1281000.0,890400.0,1.4386792452830188,3616771040.0,318,False,jpx_liquidity,JPX流動性
273,3697,ＳＨＩＦＴ,情報・通信業,プライム,3697.T,2026-10-05,876.7999877929688,-0.015274074851967079,0.011419959741721719,-0.011499450064296757,0.28168399222932594,0.2614012639748209,865.9949981689454,855.8429097493489,0.012476965394568662,0.02448706159142877,-0.0927939356121057,0.4023000967653214,2967700.0,4307600.0,0.6889451202525768,3606597193.727722,318,False,jpx_liquidity,JPX流動性
274,6728,アルバック,電気機器,プライム,6728.T,2026-10-05,8419.0,0.03554735547355481,0.11643018167351804,0.1894602995196384,-0.1381040131040131,-0.056060096423365846,7400.9,8289.566666666668,0.13756435028172254,0.015614004752962485,-0.25627208480565367,0.3496162444716646,376300.0,488885.0,0.7697106681530421,3604481355.0,318,False,jpx_liquidity,JPX流動性
275,8233,高島屋,小売業,プライム,8233.T,2026-10-05,2103.0,0.02962056303549576,-0.00895381715362864,-0.0688510073057339,-0.06637069922308547,0.061317183951551835,2123.425,2260.4557291666665,-0.009618894003791123,-0.06965663035777026,-0.19177555726364337,0.2018668179284758,1531800.0,1716225.0,0.8925403137700476,3603357737.5,318,False,jpx_liquidity,JPX流動性
276,6952,カシオ計算機,電気機器,プライム,6952.T,2026-10-05,2240.5,0.03058877644894209,0.046718056528848306,-0.07912042745581582,0.1882789710952002,0.3770743700061463,2163.225,2127.508333333333,0.03572212784153295,0.053109858559112544,-0.11091269841269846,0.43691307561704007,1654700.0,1660520.0,0.9964950738322935,3590850262.5,318,False,jpx_liquidity,JPX流動性
277,5805,ＳＷＣＣ,非鉄金属,プライム,5805.T,2026-10-05,2847.0,0.0060070671378091856,0.12086614173228338,-0.787219730941704,-0.770032310177706,-0.7779251170046801,6467.507409667969,10546.002469889323,-0.5597994993025976,-0.7300398887513366,-0.8503941145559643,2.8855078452117584,1418900.0,870505.0,1.6299734062412048,3584147935.0,318,False,jpx_liquidity,JPX流動性
278,6770,アルプスアルパイン,電気機器,プライム,6770.T,2026-10-05,2251.5,0.019932049830124532,0.045750116117045936,-0.0019946808510638014,0.07290922087205143,0.036602209944751385,2198.0067504882813,2173.3522501627604,0.024337163432202935,0.03595724063201766,-0.048594971476864535,0.37366830549849034,1471800.0,1656965.0,0.8882505061965702,3573724105.0,318,False,jpx_liquidity,JPX流動性
279,5938,ＬＩＸＩＬ,金属製品,プライム,5938.T,2026-10-05,1663.0,-0.010707911957168359,-0.011883541295306,-0.054307648564117184,-0.11542553191489358,0.014333638304361074,1701.4933471679688,1772.7061157226562,-0.022623272216749202,-0.06188623977186081,-0.13878819264629727,0.14318532636706002,2398300.0,2073595.0,1.1565903660068624,3558301540.0,318,False,jpx_liquidity,JPX流動性
280,3086,Ｊ．フロント　リテイリング,小売業,プライム,3086.T,2026-10-05,2609.5,0.019734271199687292,-0.027938163531383897,-0.06519792226401577,-0.1726379201014585,0.026755852842809347,2653.0,2905.150996907552,-0.016396532227666794,-0.10176785895888496,-0.2785457561515068,0.24027992591965333,1383700.0,1509825.0,0.916463828589406,3551232090.0,318,False,jpx_liquidity,JPX流動性
281,9831,ヤマダホールディングス,小売業,プライム,9831.T,2026-10-05,712.2000122070312,0.007070135624568152,-0.001821987095961819,0.011360408777794762,0.09535527350968187,0.3060701048051895,712.2100006103516,702.7366678873698,-1.4024519891298048e-05,0.013466416016274074,-0.06877611980320308,0.1478338611363218,3689800.0,4935805.0,0.7475578958244906,3520207141.8096924,318,True,jpx_liquidity,JPX流動性
282,6368,オルガノ,機械,プライム,6368.T,2026-10-05,2646.5,0.03988212180746564,0.09858862598588636,-0.7881104883907126,-0.8304612427930813,-0.817167530224525,5906.658129882812,11542.052709960937,-0.5519463050331463,-0.770708030321501,-0.8600105792118488,2.8228890637855923,1460500.0,1047985.0,1.3936268171777269,3496595387.5,318,True,jpx_liquidity,JPX流動性
283,4528,小野薬品工業,医薬品,プライム,4528.T,2026-10-05,2278.5,-0.005021834061135322,-0.03840472673559825,-0.07753036437246963,-0.06943026342658776,-0.10365853658536583,2352.2587890625,2399.769596354167,-0.031356579218860814,-0.050533849807250175,-0.11462988148435982,0.21189199217101648,986000.0,1493880.0,0.6600262403941415,3491593457.5,318,False,jpx_liquidity,JPX流動性
284,6754,アンリツ,電気機器,プライム,6754.T,2026-10-05,3685.0,0.05617655488678697,0.08862629246676512,0.1465463596764156,-0.12781065088757393,0.22262773722627727,3265.7953979492186,3533.6984659830728,0.12836217550983875,0.04281676421274261,-0.22843383584589616,0.34250568291779704,1457300.0,1015830.0,1.4345904334386659,3475142945.0,318,True,jpx_liquidity,JPX流動性
285,3003,ヒューリック,不動産業,プライム,3003.T,2026-10-05,1678.5,-0.0032660332541567527,-0.0306092982962749,-0.05223037831733479,-0.042771599657827175,-0.1121396455964031,1734.775,1761.75,-0.03243936533556235,-0.047254150702426556,-0.13053613053613056,0.1508777874299649,2824800.0,1980570.0,1.426256077795786,3465285487.5,318,False,jpx_liquidity,JPX流動性
286,6806,ヒロセ電機,電気機器,プライム,6806.T,2026-10-05,25740.0,0.020820939916716297,0.05383828045035832,0.028160575194727366,-0.09589041095890416,0.2504250667962109,24485.1478515625,26042.465950520833,0.051249523018805254,-0.011614336026991467,-0.17894736842105263,0.2822810440763671,120300.0,142765.0,0.8426435050607642,3448252375.0,318,False,jpx_liquidity,JPX流動性
287,2897,日清食品ホールディングス,食料品,プライム,2897.T,2026-10-05,2850.0,0.015499732763228247,-0.0148634635326651,-0.058784676354029064,-0.020281883808868972,-0.0812379110251451,2908.042346191406,2931.847448730469,-0.019959250685404495,-0.027916680578285225,-0.09293443666454493,0.201170249867137,1117900.0,1183755.0,0.9443677112240286,3440856997.5,318,False,jpx_liquidity,JPX流動性
288,6460,セガサミーホールディングス,機械,プライム,6460.T,2026-10-05,3252.0,-0.010045662100456654,-0.002759889604415866,0.02264150943396226,0.3502179779946024,0.3089152747031596,3233.3263671875,2889.0421223958333,0.005775362797274086,0.12563260147386557,-0.03415503415503418,0.25123155655010204,808500.0,1070480.0,0.7552686645243255,3424290590.0,318,False,jpx_liquidity,JPX流動性
289,8253,クレディセゾン,その他金融業,プライム,8253.T,2026-10-05,4366.0,0.011116257526632811,-0.0502501631498804,-0.05374945817078458,-0.05763004532700189,0.01890315052508762,4575.6,4632.033333333334,-0.04580820001748409,-0.05743338058879843,-0.09867877786952928,0.21969656383388758,962700.0,745730.0,1.2909498075711048,3421100380.0,318,False,jpx_liquidity,JPX流動性
290,3289,東急不動産ホールディングス,不動産業,プライム,3289.T,2026-10-05,1190.5,-0.009567387687188011,-0.047599999999999976,-0.09742228961334343,-0.11023916292974589,-0.12687935460212685,1260.294610595703,1306.423203531901,-0.055379599348372444,-0.088733270519464,-0.1589544330625221,0.185831639191794,2591800.0,2688405.0,0.9640660540357573,3400982460.0,318,False,jpx_liquidity,JPX流動性
291,1963,日揮ホールディングス,建設業,プライム,1963.T,2026-10-05,2254.5,0.004008016032064132,-0.008357158566087541,-0.04145408163265307,-0.1165752351097179,-0.12616279069767444,2320.55,2306.55,-0.028463079873305985,-0.022566170254275986,-0.21253929444638486,0.2797076833726971,1054000.0,1494415.0,0.7052927065105744,3340026612.5,318,False,jpx_liquidity,JPX流動性
292,7731,ニコン,精密機器,プライム,7731.T,2026-10-05,1917.0,0.008947368421052593,0.030091348737238066,0.013213530655391104,-0.14343163538873993,-0.011600928074245953,1817.9101257324219,1975.0283752441405,0.05450757596042077,-0.02938103369627154,-0.17601547388781436,0.3546383827991351,1466700.0,1827940.0,0.8023786338720089,3329955875.0,318,False,jpx_liquidity,JPX流動性
293,7211,三菱自動車工業,輸送用機器,プライム,7211.T,2026-10-05,343.6000061035156,0.018677789915645615,-0.06630433124044666,-0.08177446580783598,0.0011654833399104003,0.12397773105359611,358.5520874023438,361.3440307617187,-0.04170128085755609,-0.0491056255192549,-0.15411128562844512,0.3509211694875439,6839200.0,9453210.0,0.7234791145018464,3318302061.240082,318,True,jpx_liquidity,JPX流動性
294,8341,七十七銀行,銀行業,プライム,8341.T,2026-10-05,4120.0,0.01104294478527601,-0.005311443746982114,0.03673880221439352,0.16056338028169015,0.27042861547949437,4031.9148193359374,3786.6716064453126,0.02184698452497824,0.08802674966250779,-0.019514516896715794,0.30650534143593494,766500.0,793355.0,0.9661500841363576,3267287255.0,318,False,jpx_liquidity,JPX流動性
295,9041,近鉄グループホールディングス,陸運業,プライム,9041.T,2026-10-05,3393.0,0.015868263473053812,-0.025000000000000022,-0.015094339622641506,-0.02471974705375113,0.012835820895522376,3455.654443359375,3489.3681477864584,-0.018130992084517072,-0.027617649873829198,-0.07015620718004933,0.14906684977208978,825700.0,936080.0,0.8820827279719682,3249807210.0,318,False,jpx_liquidity,JPX流動性
296,5021,コスモエネルギーホールディングス,石油・石炭製品,プライム,5021.T,2026-10-05,4122.0,-0.009134615384615352,-0.0653061224489796,-0.03375527426160341,0.03985872855701311,-0.0858283433133733,4384.485327148437,4144.928442382812,-0.059866850397045646,-0.0055316859389811235,-0.09614012486798407,0.29696100287993105,910400.0,723580.0,1.2581884518643411,3235720015.0,318,False,jpx_liquidity,JPX流動性
297,7752,リコー,電気機器,プライム,7752.T,2026-10-05,1661.5,-0.0006015037593984918,0.013109756097561043,-0.020919269298762533,0.13181198910081737,0.22439204126750179,1630.3058654785157,1607.0852884928386,0.019133915409381475,0.033859255570805935,-0.0481237467774277,0.27502295612503985,2178300.0,1939780.0,1.1229623977976884,3229420617.5,318,False,jpx_liquidity,JPX流動性
298,4324,電通グループ,サービス業,プライム,4324.T,2026-10-05,3535.0,-0.0059055118110236116,-0.015045973808860413,-0.03256704980842917,0.06959152798789714,0.250442164839052,3602.2,3567.3,-0.018655266226195066,-0.009054466963810182,-0.08750645327826534,0.21642714224336596,667400.0,945720.0,0.7057057057057057,3228477960.0,318,False,jpx_liquidity,JPX流動性
299,9684,スクウェア・エニックス・ホールディングス,情報・通信業,プライム,9684.T,2026-10-05,2839.0,-0.01560332871012482,-0.031718963165075054,-0.04475100942126509,0.11115459882583179,0.091923076923077,2907.635852050781,2811.3536173502603,-0.02360538098413234,0.00983383323930509,-0.10186649794368874,0.21800528240179468,1047800.0,1160995.0,0.9025017334269312,3226230400.0,318,False,jpx_liquidity,JPX流動性
300,8804,東京建物,不動産業,プライム,8804.T,2026-10-05,3180.0,-0.009654313298038009,-0.036363636363636376,-0.06056129985228953,-0.06443071491615182,-0.13774403470715835,3295.7,3367.8166666666666,-0.03510635069939616,-0.05576807922046423,-0.18041237113402064,0.17637349762905613,1167600.0,957835.0,1.2189990969217037,3214120915.0,318,False,jpx_liquidity,JPX流動性
301,1893,五洋建設,建設業,プライム,1893.T,2026-10-05,1429.0,-0.013802622498274686,-0.04222520107238603,-0.00244328097731239,-0.186681844052362,-0.1933389782670054,1482.60595703125,1502.7769856770833,-0.03615657739470424,-0.0490937686564602,-0.3401062110367121,0.3549481679173682,1498800.0,2152145.0,0.6964214771774206,3210981492.5,318,False,jpx_liquidity,JPX流動性
302,3994,マネーフォワード,情報・通信業,プライム,3994.T,2026-10-05,5937.0,-0.008351428094204083,-0.01378737541528241,-0.038542510121457485,0.2634603107044051,0.5505353878297206,6034.35,5757.883333333333,-0.016132640632379736,0.031108075015992664,-0.11546483909415972,0.5919061599839938,300300.0,536950.0,0.5592699506471739,3181437035.0,318,False,jpx_liquidity,JPX流動性
303,9412,スカパーＪＳＡＴ,情報・通信業,プライム,9412.T,2026-10-05,1965.0,-0.005566801619433237,-0.019461077844311392,-0.01749999999999996,-0.2623873873873874,-0.35467980295566504,1996.0553283691406,2186.63510945638,-0.01555835047644405,-0.1013589823459301,-0.5700218818380745,0.30192774264707367,995200.0,1651050.0,0.6027679355561613,3136829070.0,318,False,jpx_liquidity,JPX流動性
304,4527,ロート製薬,医薬品,プライム,4527.T,2026-10-05,2726.0,-0.02223816355810615,-0.02065744566193639,-0.10299440605462318,0.1327654269686267,0.09280416917217882,2823.1006103515624,2704.6668701171875,-0.03439502297421504,0.00788752586076824,-0.12234385061171926,0.24980922142099787,2052700.0,1065660.0,1.926224124017041,3136406462.5,318,False,jpx_liquidity,JPX流動性
305,6966,三井ハイテック,電気機器,プライム,6966.T,2026-10-05,938.0,0.03761061946902644,0.056306306306306286,0.019565217391304346,-0.08576998050682261,0.4818325434439179,899.15,923.0106923421224,0.04320747372518485,0.016239581818757065,-0.2893939393939394,0.46985241548627904,2675500.0,3408030.0,0.7850576432719195,3129368265.0,318,False,jpx_liquidity,JPX流動性
306,1721,コムシスホールディングス,建設業,プライム,1721.T,2026-10-05,5511.0,0.004373974849644524,0.011192660550458644,0.017540620384047356,-0.00379609544468551,0.07072080823780835,5455.6310546875,5355.643684895834,0.01014895339466304,0.029007963233683265,-0.0664069117397933,0.2931961502419744,508900.0,558850.0,0.910620023262056,3125741825.0,318,False,jpx_liquidity,JPX流動性
307,3349,コスモス薬品,小売業,プライム,3349.T,2026-10-05,6328.0,0.020974507905776152,0.01916572717023679,-0.01340816962893665,-0.04842105263157892,-0.06057524665461045,6474.65,6462.35,-0.02264987296610621,-0.020789650823616834,-0.09651627641347804,0.33121054490471863,334700.0,481510.0,0.6951049822433595,3094139750.0,318,False,jpx_liquidity,JPX流動性
308,3197,すかいらーくホールディングス,小売業,プライム,3197.T,2026-10-05,3199.0,0.010104199557941174,0.0123417721518988,-0.04791666666666672,0.09969061533172918,-0.04961378490790258,3262.9,3195.075,-0.019583805816911326,0.0012284531662012377,-0.06461988304093569,0.20511535851576065,841200.0,941710.0,0.8932686283463062,3090220390.0,318,False,jpx_liquidity,JPX流動性
309,9435,光通信,情報・通信業,プライム,9435.T,2026-10-05,35950.0,0.004470522492316276,-0.014258294488620815,-0.08384301732925581,-0.01641586867305067,-0.12252867952160118,37718.0181640625,38470.17272135417,-0.04687463048488216,-0.06550978441423161,-0.1278505579815623,0.23353174285044126,77300.0,82795.0,0.9336312579262033,3071803400.0,318,False,jpx_liquidity,JPX流動性
310,2267,ヤクルト本社,食料品,プライム,2267.T,2026-10-05,2727.5,0.0027573529411764053,-0.011954356094910357,-0.05047867711053089,-0.0607782369146006,-0.010161495191435277,2785.977294921875,2827.234098307292,-0.020989867730962564,-0.03527620806745513,-0.11645610625202463,0.15541390995233398,1784700.0,1055545.0,1.6907853289059207,3071632657.5,318,False,jpx_liquidity,JPX流動性
311,7649,スギホールディングス,小売業,プライム,7649.T,2026-10-05,1244.0,0.007287449392712642,-0.005197920831667369,-0.04160246533127887,-0.613664596273292,-0.6655913978494623,1274.15,2025.4308247884114,-0.023662834046226933,-0.38580968316705877,-0.6574889867841409,0.2672597212058387,1699700.0,2447915.0,0.6943460046611095,3066499005.0,318,False,jpx_liquidity,JPX流動性
312,9616,共立メンテナンス,サービス業,プライム,9616.T,2026-10-05,3214.0,0.0170886075949368,-0.005569306930693019,-0.0027924294135898142,0.019670050761421365,0.2723673792557404,3188.041638183594,3235.513879394531,0.008142416179732104,-0.0066492928778773,-0.0769672601952901,0.2276323143820489,478000.0,977870.0,0.4888175319827789,3060947555.0,318,False,jpx_liquidity,JPX流動性
313,3861,王子ホールディングス,パルプ・紙,プライム,3861.T,2026-10-05,828.0999755859375,-0.00873838713764119,-0.017791484324946483,-0.051431872181056715,-0.0019284519676425749,-0.022198663698388743,853.8271484375,859.9507151285808,-0.030131593846182025,-0.037037866219904125,-0.0762967366581846,0.16314939134266995,4094800.0,3561230.0,1.1498274472583911,3058674909.6813965,318,True,jpx_liquidity,JPX流動性
314,3092,ＺＯＺＯ,小売業,プライム,3092.T,2026-10-05,1090.0,0.0018382352941177516,-0.0032007315957933713,-0.03582485625829279,-0.06397595534564193,-0.05381944444444442,1113.6192016601562,1139.9147338867188,-0.021209405894712763,-0.043788129412562826,-0.10984075132707227,0.23706967866179657,2215700.0,2754965.0,0.8042570413780211,3018807970.0,318,False,jpx_liquidity,JPX流動性
315,9142,九州旅客鉄道,陸運業,プライム,9142.T,2026-10-05,3353.0,0.0011943863839951607,-0.024013971765390774,-0.07119113573407199,-0.06861111111111107,-0.10299625468164797,3473.6564819335936,3535.5354939778645,-0.034734719037741724,-0.0516288110496359,-0.12017843085804247,0.2081762016050051,752000.0,872150.0,0.8622370005159663,3009167590.0,318,False,jpx_liquidity,JPX流動性
316,6278,ユニオンツール,機械,プライム,6278.T,2026-10-05,16730.0,0.02199144777031159,0.15778546712802766,0.2655068078668683,-0.20295378751786564,0.21672727272727266,13976.5,15807.666666666666,0.19700926555289233,0.05834721548615662,-0.36700718880060534,0.5207240241757705,287500.0,205330.0,1.4001850679394146,2983262500.0,318,False,jpx_liquidity,JPX流動性
317,6997,日本ケミコン,電気機器,プライム,6997.T,2026-10-05,2465.0,0.05206999573196747,0.0,-0.10461314929168175,-0.5089641434262948,0.6389627659574468,2647.7,2988.4666666666667,-0.06900328587075566,-0.17516229058379995,-0.5877926421404682,0.7130369903721573,1715700.0,1087995.0,1.5769373940137592,2970141140.0,318,True,jpx_liquidity,JPX流動性
318,5214,日本電気硝子,ガラス・土石製品,プライム,5214.T,2026-10-05,5158.0,0.019569084799367475,0.06088029617441393,0.11620861285436046,-0.18373160310175662,-0.19444010620021868,4856.65,5098.583333333333,0.0620489432015896,0.0116535638984685,-0.3706686188384578,0.2357950593989931,600900.0,644870.0,0.9318157147952301,2960690785.0,318,False,jpx_liquidity,JPX流動性
319,7581,サイゼリヤ,小売業,プライム,7581.T,2026-10-05,6740.0,0.03852080123266566,0.04821150855365475,-0.031609195402298895,0.21441441441441444,0.010494752623688264,6712.0,7011.9046630859375,0.004171632896305066,-0.03877757558761108,-0.18892900120336942,0.3809544530608798,528500.0,438990.0,1.2038998610446707,2951664500.0,318,False,jpx_liquidity,JPX流動性
320,4732,ユー・エス・エス,サービス業,プライム,4732.T,2026-10-05,1805.0,-0.006057268722466924,-0.009493523769178558,-0.08930373360242183,-0.07649015093374267,0.022662889518413554,1877.1213134765626,1951.6987711588542,-0.038421231999645644,-0.07516465825909668,-0.125484496124031,0.15584399286039813,1471400.0,1546335.0,0.9515402548606867,2941052255.0,318,False,jpx_liquidity,JPX流動性
321,4680,ラウンドワン,サービス業,プライム,4680.T,2026-10-05,1247.5,0.0052377115229653715,0.024220032840722494,-0.025009769441187935,0.0012038523274477964,0.4156831397171037,1214.4348022460938,1260.1866007486979,0.027226819992931972,-0.010067239836672237,-0.08674963396778912,0.3676893635913603,1853600.0,2414295.0,0.7677603606850033,2937991432.5,318,False,jpx_liquidity,JPX流動性
322,7220,武蔵精密工業,輸送用機器,プライム,7220.T,2026-10-05,3170.0,0.007949125596184325,0.03934426229508192,0.09009628610729026,-0.17769130998702987,0.13416815742397148,2875.646240234375,3168.932080078125,0.10236090783601881,0.0003369967846860167,-0.6745379876796714,0.5445483698992839,508700.0,1069615.0,0.4755916848585706,2935772650.0,318,False,jpx_liquidity,JPX流動性
323,4666,パーク２４,不動産業,プライム,4666.T,2026-10-05,1739.5,-0.017786561264822143,-0.10931899641577059,-0.13371513944223112,-0.14310344827586208,-0.10565552699228786,1946.9,1981.0416666666667,-0.10652832708408244,-0.12192659585655696,-0.19560693641618498,0.26456918677662083,3863200.0,1446230.0,2.6712210367645532,2926701770.0,318,True,jpx_liquidity,JPX流動性
324,8252,丸井グループ,小売業,プライム,8252.T,2026-10-05,2732.0,0.0025688073394496413,-0.02550383449259852,-0.057280883367839874,-0.08368271004527927,-0.11585760517799348,2819.7076171875,2913.6858723958335,-0.03110521695685009,-0.06235602613072311,-0.119277885235332,0.1741522529149925,741000.0,1034600.0,0.7162188285327663,2910763852.5,318,False,jpx_liquidity,JPX流動性
325,8358,スルガ銀行,銀行業,プライム,8358.T,2026-10-05,2919.0,-0.005790190735694867,0.0006856359273226253,-0.0027331738981892784,0.1344733773804898,0.3749411210551108,2874.4585571289062,2800.202852376302,0.015495594034788507,0.04242447918474368,-0.025375626043405708,0.2414601298066253,1344800.0,965130.0,1.3933874193113882,2897326470.0,318,False,jpx_liquidity,JPX流動性
326,7327,第四北越フィナンシャルグループ,銀行業,プライム,7327.T,2026-10-05,2701.0,0.010097232610321694,-0.04423213021939132,0.03407350689127098,0.19778270509977824,0.3766564729867483,2667.942834472656,2483.0309448242188,0.012390507435245723,0.08778346304146112,-0.04423213021939132,0.3034541022275274,947700.0,1049540.0,0.9029670141204719,2852375970.0,318,False,jpx_liquidity,JPX流動性
327,9507,四国電力,電気・ガス業,プライム,9507.T,2026-10-05,2080.5,-0.012577123872804963,-0.026894293732460217,0.02185658153241654,0.3800995024875622,0.1548709408825979,2140.925329589844,1850.7751098632812,-0.028223931378970613,0.1241236111899564,-0.0745452507734451,0.3638436102119126,991500.0,1350485.0,0.7341806832360226,2852052932.5,318,False,jpx_liquidity,JPX流動性
328,4042,東ソー,化学,プライム,4042.T,2026-10-05,2618.5,0.005954667691125515,0.008667180277349695,-0.02367636092468306,-0.0719475456317562,0.10789083985614556,2590.0567016601562,2673.8522338867188,0.010981728053139683,-0.020701306222243532,-0.1403479973736047,0.2149068774926833,1440000.0,1070480.0,1.345190942380988,2850970922.5,318,False,jpx_liquidity,JPX流動性
329,6779,日本電波工業,電気機器,プライム,6779.T,2026-10-05,3655.0,0.005502063273727709,0.12116564417177922,0.37302779864763336,-0.0027285129604365244,1.8333333333333335,3067.8314819335938,2933.993827311198,0.19139529714204695,0.24574222548707758,-0.24327122153209113,0.6214589754332288,554900.0,924550.0,0.6001838732356282,2820091995.0,318,False,jpx_liquidity,JPX流動性
330,2579,コカ・コーラ　ボトラーズジャパンホールディングス,食料品,プライム,2579.T,2026-10-05,3773.0,-0.0034337031167459564,-0.0018518518518518823,-0.03503836317135545,-0.15156285136046777,0.09871869539895162,3795.55,3977.633333333333,-0.0059411679466744305,-0.051446002229131205,-0.17817468961010674,0.2568354122474847,682800.0,736460.0,0.9271379300980366,2810147480.0,318,False,jpx_liquidity,JPX流動性
331,2871,ニチレイ,食料品,プライム,2871.T,2026-10-05,2096.0,0.004312410158121782,-0.04335919671382926,-0.02670071975853261,-0.04292237442922375,0.04252673464312351,2150.2019775390627,2159.4006591796874,-0.02520785400871861,-0.029360303707498203,-0.10960067969413767,0.18408357585752627,1160700.0,1290610.0,0.8993421715312914,2809424980.0,318,False,jpx_liquidity,JPX流動性
332,9023,東京地下鉄,陸運業,プライム,9023.T,2026-10-05,1424.5,-0.010763888888888906,-0.046519410977242326,-0.04041764904008083,-0.02797679972705558,-0.13875453446191055,1497.3034301757812,1475.301143391927,-0.04862303038151339,-0.03443442284273435,-0.14109134760325592,0.19622619752284853,1703300.0,1864585.0,0.9135008594405726,2807833335.0,318,False,jpx_liquidity,JPX流動性
333,6407,ＣＫＤ,機械,プライム,6407.T,2026-10-05,6040.0,0.054101221640488584,0.16377649325626198,0.1796875,-0.1925133689839572,0.2326530612244897,5271.25,5842.916666666667,0.1458382736542565,0.03373030022106538,-0.2616136919315404,0.5298774753175598,865400.0,508055.0,1.7033588883093367,2799908850.0,318,True,jpx_liquidity,JPX流動性
334,7867,タカラトミー,その他製品,プライム,7867.T,2026-10-05,4175.0,-0.006425511661113714,0.02731299212598426,0.13327904451682948,0.285802279026794,0.5045045045045045,3886.08251953125,3671.594173177083,0.07434671781071711,0.13710824319870651,-0.018109125117591773,0.3090362546947196,592200.0,706020.0,0.8387864366448543,2797391325.0,318,False,jpx_liquidity,JPX流動性
335,7951,ヤマハ,その他製品,プライム,7951.T,2026-10-05,1218.0,0.01331114808652245,-0.015757575757575748,-0.07692307692307687,0.025252525252525304,0.03969270166453276,1245.3992309570312,1266.4414103190104,-0.022000359624420374,-0.038250020825525755,-0.1337126600284495,0.2538884030288511,2148400.0,2217575.0,0.9688060155800818,2781154137.5,318,False,jpx_liquidity,JPX流動性
336,3405,クラレ,化学,プライム,3405.T,2026-10-05,1788.5,0.009881422924901129,-0.0013958682300391212,-0.041532690246516624,0.03351632476162969,0.062054631828978524,1797.025,1814.0083333333334,-0.004743951809240365,-0.014061861163813139,-0.08493220772576104,0.23694024376984504,1207300.0,1551340.0,0.7782304330449805,2763802585.0,318,False,jpx_liquidity,JPX流動性
337,3778,さくらインターネット,情報・通信業,プライム,3778.T,2026-10-05,3895.0,-0.008905852417302795,0.04423592493297579,0.09103641456582623,0.3787610619469026,0.17319277108433728,3718.75,3438.366666666667,0.047394957983193375,0.13280530484435427,-0.09418604651162787,0.5546634503438335,701300.0,736380.0,0.9523615524593281,2753380775.0,318,False,jpx_liquidity,JPX流動性
338,9007,小田急電鉄,陸運業,プライム,9007.T,2026-10-05,1697.5,-0.001764187003822415,-0.026662844036697275,-0.05431754874651806,0.00029463759575731885,-0.008469626168224331,1761.5163513183593,1746.6804504394531,-0.036341616284429,-0.028156524238351466,-0.08490566037735847,0.17566543767363915,1657000.0,1521425.0,1.0891105378181638,2747681055.0,318,False,jpx_liquidity,JPX流動性
339,2181,パーソルホールディングス,サービス業,プライム,2181.T,2026-10-05,276.70001220703125,-0.009663499457531977,-0.02433002026793274,-0.06835012724905298,0.06669243915807721,0.1635828791255598,286.23661651611326,278.37387059529624,-0.033317205971602704,-0.006012986724240554,-0.09069989054588856,0.2760744134544708,7085400.0,9543695.0,0.742416852173084,2745623769.0966797,318,True,jpx_liquidity,JPX流動性
340,2432,ディー・エヌ・エー,情報・通信業,プライム,2432.T,2026-10-05,2492.0,-0.01579778830963663,-0.02063273727647863,-0.044661682959555304,-0.06421329327825764,-0.05980003772873044,2544.85,2511.608333333333,-0.020767432265162977,-0.0078070824471702105,-0.09726498822677054,0.25143281053138744,847000.0,1091910.0,0.7757049573682813,2711491180.0,318,False,jpx_liquidity,JPX流動性
341,4208,ＵＢＥ,化学,プライム,4208.T,2026-10-05,3374.0,0.016571256402530876,0.006863622799164526,-0.042021578648495206,0.03465194725544318,0.3788312219043728,3380.7359008789062,3374.978633626302,-0.0019924362849979005,-0.00028996735462305523,-0.08040337966748434,0.23545809365081305,609900.0,808535.0,0.7543272709282839,2708947055.0,318,False,jpx_liquidity,JPX流動性
342,9009,京成電鉄,陸運業,プライム,9009.T,2026-10-05,1303.0,-0.007993909402360111,-0.02688573562359975,-0.025794392523364462,0.03824701195219116,0.074639175257732,1355.8993835449219,1310.8414611816406,-0.03901423968983553,-0.005982005767937837,-0.06661891117478513,0.18312535357382947,1697600.0,1994995.0,0.8509294509510049,2686544447.5,318,False,jpx_liquidity,JPX流動性
343,4631,ＤＩＣ,化学,プライム,4631.T,2026-10-05,4976.0,0.019045668646324065,0.035803497085761915,0.004440855874041194,0.025556471558120464,0.34887503388452146,4793.95,4831.716666666666,0.03797494759019182,0.029861712365860438,-0.12317180616740087,0.2963988637134968,363400.0,576880.0,0.6299403688808765,2673240055.0,318,False,jpx_liquidity,JPX流動性
344,6471,日本精工,機械,プライム,6471.T,2026-10-05,1126.0,0.017163504968382925,0.03970452446906747,0.02456778889899902,-0.07553366174055831,0.023171285779191253,1075.8756408691406,1116.650213623047,0.04658936147152337,0.008373066393474238,-0.18346627991298037,0.266879431361189,1813700.0,2528800.0,0.7172176526415691,2659624575.0,318,False,jpx_liquidity,JPX流動性
345,3769,ＧＭＯペイメントゲートウェイ,情報・通信業,プライム,3769.T,2026-10-05,8512.0,0.0033003300330032292,-0.018563357546408366,-0.025864042114900454,-0.12553934662009447,-0.016181229773462813,8595.374584960937,9320.00819498698,-0.009699936185075031,-0.08669608202936874,-0.17077447637603504,0.32878430862299246,187200.0,317160.0,0.5902383654937571,2636077075.0,318,False,jpx_liquidity,JPX流動性
346,7282,豊田合成,輸送用機器,プライム,7282.T,2026-10-05,1050.5,0.011555127587867142,0.08545148481033182,-0.8046671625139457,-0.8014553014553014,-0.743842965130456,2435.499884033203,4277.599961344401,-0.5686717101130117,-0.754418363219304,-0.8117720838559398,2.8121222974294433,2551300.0,1616300.0,1.5784817175029389,2611180132.7856445,318,False,jpx_liquidity,JPX流動性
347,4443,Ｓａｎｓａｎ,情報・通信業,プライム,4443.T,2026-10-05,2092.0,0.011116481391976851,0.018996590355577103,-0.009000473709142587,0.2176949941792783,0.6357020299118481,2065.9,1997.1166666666666,0.012633718960259444,0.047510160481360586,-0.09632829373650109,0.46913051231432823,1142000.0,1273795.0,0.8965335866446328,2604360675.0,318,False,jpx_liquidity,JPX流動性
348,6473,ジェイテクト,機械,プライム,6473.T,2026-10-05,2172.0,0.02452830188679256,0.04072831816003841,0.012587412587412583,-0.0013793103448276334,0.30333033303330326,2077.96875,2094.014583333333,0.04525152267087762,0.03724205995859231,-0.019855595667869985,0.41554587148660654,1062600.0,1293245.0,0.8216540562693071,2602467905.0,318,False,jpx_liquidity,JPX流動性
349,1662,石油資源開発,鉱業,プライム,1662.T,2026-10-05,1720.0,-0.019384264538198415,-0.06292563334241352,-0.10602910602910598,0.0305572198921511,-0.31718936085748317,1857.914532470703,1802.9381774902345,-0.07423082712384022,-0.04600167577885994,-0.31854199683042794,0.27922584009787316,981900.0,1375210.0,0.7140000436297002,2532533035.0,318,False,jpx_liquidity,JPX流動性
350,8227,しまむら,小売業,プライム,8227.T,2026-10-05,3225.0,0.0078125,0.022835394862036118,-0.008302583025830312,-0.0608619685497962,-0.02361489554950047,3223.2,3312.347049967448,0.0005584512285927712,-0.026370138348971173,-0.09689162699523945,0.21053584249269863,643500.0,780570.0,0.8243975556324225,2527540140.0,318,False,jpx_liquidity,JPX流動性
351,4812,電通総研,情報・通信業,プライム,4812.T,2026-10-05,2862.0,-0.0006983240223463749,-0.00034928396786582105,0.003154574132492094,0.06039273805112999,0.3981436248168051,2860.0,2764.233333333333,0.0006993006993007977,0.03536845659435417,-0.015818431911966968,0.0178289460525998,762400.0,967450.0,0.7880510620703912,2524692830.0,318,False,jpx_liquidity,JPX流動性
352,4613,関西ペイント,化学,プライム,4613.T,2026-10-05,2771.5,0.003984785364970156,-0.010355293697554058,-0.010531952873973571,-0.009648025728068554,0.12411275603325889,2796.0404052734375,2812.755135091146,-0.008776842146899333,-0.014667161949669327,-0.08501155496863655,0.16925446288149604,829300.0,893975.0,0.9276545764702593,2518387947.5,318,False,jpx_liquidity,JPX流動性
353,1808,長谷工コーポレーション,建設業,プライム,1808.T,2026-10-05,2575.5,-0.0054064491214520505,-0.03701626472237807,-0.11266149870801034,-0.10245687401986414,-0.11797945205479454,2706.0944946289064,2775.0564982096353,-0.048259399251619706,-0.0719107875239231,-0.13761928679055746,0.24416976861154924,889900.0,917585.0,0.969828408267354,2498721152.5,318,False,jpx_liquidity,JPX流動性
354,9509,北海道電力,電気・ガス業,プライム,9509.T,2026-10-05,1062.0,-0.021198156682027625,-0.05473965287049398,-0.05641936916925816,0.08036622583926745,-0.012552301255230103,1115.0941223144532,1062.5580403645833,-0.04761402759818412,-0.0005251857718678865,-0.09308283518360372,0.2731762788593792,2110300.0,2279670.0,0.9257041589352845,2495295397.5,318,False,jpx_liquidity,JPX流動性
355,6417,ＳＡＮＫＹＯ,機械,プライム,6417.T,2026-10-05,2027.5,-0.020294757187726553,-0.0164928450157652,0.009208561473369903,0.24082007343941259,0.03443877551020402,2042.3815673828126,1907.9521891276042,-0.007286379597463033,0.06265765544526469,-0.033430103142890855,0.24405599000897069,786600.0,1200320.0,0.6553252466009064,2478622250.0,318,False,jpx_liquidity,JPX流動性
356,6753,シャープ,電気機器,プライム,6753.T,2026-10-05,650.5999755859375,0.01958940679871013,0.001539408924851049,0.0226343337041941,0.015768892405835233,0.03863338159111951,653.8700012207031,641.4383331298828,-0.005001033276738176,0.01428296686191266,-0.055047239526597624,0.33017489851041454,3492200.0,3709065.0,0.9415310866754829,2450706467.7630615,318,True,jpx_liquidity,JPX流動性
357,9048,名古屋鉄道,陸運業,プライム,9048.T,2026-10-05,1821.5,-0.003010399562123678,-0.022538234504963728,-0.03394325112702201,-0.022800429184549387,0.008582502768549327,1869.925,1883.2916666666667,-0.025896760565263244,-0.032810460408416176,-0.08673853096014039,0.15151426413099997,925900.0,1283565.0,0.7213503016987842,2438271262.5,318,False,jpx_liquidity,JPX流動性
358,4536,参天製薬,医薬品,プライム,4536.T,2026-10-05,1660.0,0.00881191127316927,-0.01716992303137954,-0.11111111111111116,-0.25760286225402507,-0.12215758857747228,1725.4461853027344,1885.807061767578,-0.037930006661582305,-0.11974027796668008,-0.25760286225402507,0.2474512078188697,1426400.0,1394015.0,1.0232314573372596,2437725810.0,318,False,jpx_liquidity,JPX流動性
359,4403,日油,化学,プライム,4403.T,2026-10-05,2538.5,0.011354581673306718,0.011757672379434148,-0.056319702602230515,-0.1067909922589726,-0.22630295641572695,2566.241101074219,2694.1887003580728,-0.010810013549625852,-0.05778685818754303,-0.2349306811332128,0.19390255442701476,612700.0,949620.0,0.6452054506012932,2431069420.0,318,False,jpx_liquidity,JPX流動性
360,4114,日本触媒,化学,プライム,4114.T,2026-10-05,2550.5,0.00216110019646365,0.014316961622588886,-0.04008280015054577,0.20477090222012273,0.13405958203646073,2520.3061767578124,2411.1770589192706,0.011980220308402956,0.057782127847208375,-0.06694713736967262,0.2378841120202241,597100.0,961290.0,0.6211445037397664,2429400000.0,318,False,jpx_liquidity,JPX流動性
361,9001,東武鉄道,陸運業,プライム,9001.T,2026-10-05,2764.0,0.005822416302765587,-0.04788150189459184,-0.07139257517218212,-0.06002380547525932,-0.06289201559586366,2892.284375,2962.6197916666665,-0.044353997867170314,-0.06704194450646328,-0.13570981863664788,0.16230294872949746,501700.0,841765.0,0.5960095751189465,2425380460.0,318,False,jpx_liquidity,JPX流動性
362,2492,インフォマート,サービス業,プライム,2492.T,2026-10-05,733.0,-0.006775067750677488,0.02949438202247201,0.1106060606060606,0.4959183673469387,0.5175983436853002,710.35,609.3,0.031885690152741564,0.2030198588544232,-0.006775067750677488,0.24191736583212958,3960400.0,3476860.0,1.1390737619576283,2421212110.0,318,True,jpx_liquidity,JPX流動性
363,7180,九州フィナンシャルグループ,銀行業,プライム,7180.T,2026-10-05,1722.5,0.015625,0.0,0.07926065162907259,0.1339697169190257,0.3436037441497659,1646.03740234375,1572.3124674479166,0.0464525274743921,0.09552015624213595,-0.024079320113314484,0.35853017007836513,1146700.0,1456370.0,0.7873685945192499,2398326695.0,318,False,jpx_liquidity,JPX流動性
364,4194,ビジョナル,情報・通信業,プライム,4194.T,2026-10-05,8718.0,-0.00976828714220812,0.00206896551724145,-0.025921787709497157,0.0657701711491443,0.16193522590963605,8654.2,8803.25,0.007372143005708098,-0.00968392355096126,-0.08940881554209312,0.4264679232910496,187100.0,284185.0,0.658373946548903,2398224865.0,318,False,jpx_liquidity,JPX流動性
365,1969,高砂熱学工業,建設業,プライム,1969.T,2026-10-05,4652.0,-0.001930916112422243,0.004968675739900563,0.08716989950923115,-0.10296953335904357,0.043517272319425704,4527.2159423828125,4442.888647460937,0.027563089370000293,0.04706653016356088,-0.10296953335904357,0.22479104041511971,420800.0,531635.0,0.7915204980860929,2394333540.0,318,False,jpx_liquidity,JPX流動性
366,7189,西日本フィナンシャルホールディングス,銀行業,プライム,7189.T,2026-10-05,4941.0,0.01416256157635476,-0.014559234144395639,-0.0012128562765312267,0.1442797591477536,0.2254464285714286,4907.5775390625,4648.7091796875,0.006810378577102316,0.06287569495413092,-0.026432041870712575,0.2899845025704516,415700.0,489945.0,0.8484625825347744,2389586110.0,318,False,jpx_liquidity,JPX流動性
367,5929,三和ホールディングス,金属製品,プライム,5929.T,2026-10-05,3434.0,0.0038000584624378053,-0.004637681159420315,-0.038633818589025704,-0.11357769747031488,-0.05085682697622995,3443.799353027344,3603.249784342448,-0.002845506379089535,-0.04697142703731105,-0.1312926890968884,0.23842367645483156,659400.0,684445.0,0.9634083089218272,2384814130.0,318,False,jpx_liquidity,JPX流動性
368,9064,ヤマトホールディングス,陸運業,プライム,9064.T,2026-10-05,1951.5,-0.00813214739517154,-0.031032770605759707,0.019060052219321166,-0.022049611626158816,0.07550289335905203,1968.8783813476562,1973.9427937825521,-0.00882653876049011,-0.011369525932180768,-0.10481651376146794,0.18833665718756298,1047000.0,1213655.0,0.8626833820154821,2378032670.0,318,False,jpx_liquidity,JPX流動性
369,4676,フジ・メディア・ホールディングス,情報・通信業,プライム,4676.T,2026-10-05,3919.0,0.009011328527291473,-0.019269269269269307,-0.05543504458905757,-0.04016654420769039,-0.10647514819881443,3996.6013671875,4074.0671223958334,-0.019416839473812675,-0.03806199498859586,-0.08754365541327125,0.21147923939656244,753700.0,581950.0,1.295128447461122,2364919700.0,318,False,jpx_liquidity,JPX流動性
370,7389,あいちフィナンシャルグループ,銀行業,プライム,7389.T,2026-10-05,1993.0,-0.016288252714708795,-0.0625587958607714,0.020481310803891484,0.3530210454854039,0.3375838926174497,1979.8275634765625,1818.492521158854,0.006653325151361633,0.09596271461701655,-0.0625587958607714,0.42011234296785477,976800.0,1198225.0,0.8152058252832315,2357165480.0,318,False,jpx_liquidity,JPX流動性
371,2212,山崎製パン,食料品,プライム,2212.T,2026-10-05,3526.0,0.0,-0.03131868131868132,-0.07551127425275306,0.06880872991815701,-0.008715209446162442,3717.95,3557.383333333333,-0.051627913231753975,-0.008822027426526047,-0.09334019028027774,0.25149363723813883,710400.0,633195.0,1.121929263497027,2348879070.0,318,False,jpx_liquidity,JPX流動性
372,1332,ニッスイ,水産・農林業,プライム,1332.T,2026-10-05,1101.5,0.0031876138433515333,-0.028231142479047233,-0.14546159813809156,-0.15529141104294475,-0.19037118706357958,1163.2624267578126,1238.6874755859376,-0.05309414740571805,-0.1107522908642018,-0.2012327773749093,0.24270141075624124,1447200.0,2019110.0,0.7167514399908871,2348728225.0,318,False,jpx_liquidity,JPX流動性
373,4971,メック,化学,プライム,4971.T,2026-10-05,7520.0,0.04444444444444451,0.1274362818590704,0.17683881064162765,-0.21991701244813278,0.07890961262553797,6495.0,7509.333333333333,0.15781370284834484,0.0014204545454545858,-0.35163451170765625,0.4671705044174325,470900.0,346410.0,1.3593718426142432,2329528600.0,318,True,jpx_liquidity,JPX流動性
374,9513,電源開発,電気・ガス業,プライム,9513.T,2026-10-05,3945.0,-0.017679282868525936,-0.03568809582009291,-0.05099831609333649,0.07493188010899177,-0.07697707065980341,4093.6901000976563,3933.0800333658854,-0.03632177728697861,0.0030306951633307655,-0.10177595628415304,0.22213309410454726,523800.0,563965.0,0.9287810413766812,2326875500.0,318,False,jpx_liquidity,JPX流動性
375,6507,シンフォニアテクノロジー,電気機器,プライム,6507.T,2026-10-05,14590.0,0.013194444444444509,0.13100775193798442,0.2374893977947412,-0.12108433734939761,0.1959016393442623,12529.5,13075.166666666666,0.1644518935312662,0.11585575709678664,-0.12319711538461542,0.46152380359361794,254200.0,177990.0,1.4281701219169616,2316830700.0,318,False,jpx_liquidity,JPX流動性
376,6622,ダイヘン,電気機器,プライム,6622.T,2026-10-05,2878.0,0.036743515850144126,0.1562876657292085,-0.7640983606557377,-0.8322843822843823,-0.7693910256410257,5890.834753417968,11270.44491780599,-0.5114444521924277,-0.7446418467958531,-0.8520308483290489,2.848524488946484,1482700.0,610075.0,2.4303569233290987,2315043740.0,318,False,jpx_liquidity,JPX流動性
377,6508,明電舎,電気機器,プライム,6508.T,2026-10-05,12060.0,0.025510204081632626,0.0507972466672475,0.1292134831460674,0.26813880126182976,0.46715328467153294,10985.688916015624,10524.396305338541,0.09779187197064876,0.14590895763612766,-0.04739336492891,0.40835468027888555,174000.0,218125.0,0.7977077363896848,2309574450.0,318,False,jpx_liquidity,JPX流動性
378,6941,山一電機,電気機器,プライム,6941.T,2026-10-05,9950.0,0.03430353430353428,0.18241235888294716,0.3231382978723405,0.0886214442013129,0.22536945812807874,8118.138525390625,8384.046175130208,0.2256504331479403,0.1867778149308048,-0.11476868327402134,0.5182068452124418,393700.0,273445.0,1.4397776518129788,2308525450.0,318,False,jpx_liquidity,JPX流動性
379,3288,オープンハウスグループ,不動産業,プライム,3288.T,2026-10-05,7353.0,0.0027273966998500043,-0.018945963975984026,-0.05012272316238209,-0.14678579716871665,-0.2787641000490436,7510.154052734375,8062.084684244792,-0.020925543155423942,-0.08795301860702476,-0.2953521801629133,0.2237291147590229,301100.0,303555.0,0.9919125035001894,2277855210.0,318,False,jpx_liquidity,JPX流動性
380,6996,ニチコン,電気機器,プライム,6996.T,2026-10-05,2728.0,0.027108433734939652,0.06562500000000004,0.04882737408688964,-0.31970074812967586,0.46824542518837453,2583.3271606445314,2833.2423868815104,0.056002523241916125,-0.03714556416662551,-0.4280922431865828,0.4911940679087369,673200.0,879915.0,0.7650738991834438,2237780660.0,318,False,jpx_liquidity,JPX流動性
381,9504,中国電力,電気・ガス業,プライム,9504.T,2026-10-05,977.5999755859375,-0.012525277185921668,-0.06850883698338495,-0.04297603956344831,0.03220356961906856,-0.019360064555589362,1050.2493041992188,980.839766438802,-0.06917341275334066,-0.003303078610512933,-0.11742556028909346,0.3637744619666949,1889400.0,2142730.0,0.8817723184908971,2234707054.6936035,318,False,jpx_liquidity,JPX流動性
382,4540,ツムラ,医薬品,プライム,4540.T,2026-10-05,3707.0,0.0010802052389953243,-0.018793012175754353,-0.01931216931216928,-0.022930943595150244,-0.031609195402298895,3727.84462890625,3781.814876302083,-0.005591603454880523,-0.019782797082663728,-0.08355995055624232,0.15165318605331307,306700.0,599975.0,0.5111879661652569,2234701655.0,318,False,jpx_liquidity,JPX流動性
383,2127,日本Ｍ＆Ａセンターホールディングス,サービス業,プライム,2127.T,2026-10-05,609.9000244140625,-0.005867930865423809,-0.013266383264457726,-0.07590905391808711,-0.10242822014118835,-0.06743115533017963,629.7037872314453,656.1995981852214,-0.03144933096948965,-0.07055715044508482,-0.130948938411804,0.2125902426194712,2401300.0,3561505.0,0.6742374361400588,2233355744.685669,318,False,jpx_liquidity,JPX流動性
384,2264,森永乳業,食料品,プライム,2264.T,2026-10-05,1042.0,0.0014416146083613413,-0.05186533212010924,-0.08756567425569173,-0.19753561802079322,-0.7882974400650142,1098.992901611328,1173.3393005371095,-0.05185920812387945,-0.11193633459391272,-0.802875520242149,0.24257146828300838,1462600.0,2030090.0,0.7204606692314134,2233299507.5,318,False,jpx_liquidity,JPX流動性
385,5032,ＡＮＹＣＯＬＯＲ,情報・通信業,プライム,5032.T,2026-10-05,3045.0,-0.006525285481239762,0.008278145695364225,0.042808219178082085,0.21266427718040615,-0.0052688612239711885,3071.6,2811.983333333333,-0.00865998176845939,0.08286559308673014,-0.08144796380090502,0.6221378194354387,366100.0,720505.0,0.5081158354209895,2226941385.0,318,False,jpx_liquidity,JPX流動性
386,5471,大同特殊鋼,鉄鋼,プライム,5471.T,2026-10-05,2548.5,0.03136382031566165,0.047257037189233575,0.1446216034134291,-0.08129055515501082,0.3584754797441365,2396.791015625,2367.263671875,0.06329670938600351,0.07655941764250151,-0.1384381338742393,0.381056898730946,1133400.0,914690.0,1.239108331784539,2218099257.5,318,False,jpx_liquidity,JPX流動性
387,4967,小林製薬,化学,プライム,4967.T,2026-10-05,7059.0,-0.006753904601097482,0.02008670520231215,0.243000528262018,0.24938053097345136,0.15892300114923663,6198.5,5797.45,0.13882390901024433,0.21760429154197114,-0.006753904601097482,0.6219151596022959,310000.0,336865.0,0.9202499517610913,2213420280.0,318,False,jpx_liquidity,JPX流動性
388,2222,寿スピリッツ,食料品,プライム,2222.T,2026-10-05,2423.5,0.007692307692307665,-0.03523089171974525,-0.10423211975605251,-0.05424390243902444,0.3082321187584345,2514.5829223632813,2585.7609741210936,-0.03622188059627751,-0.06275172985633237,-0.1272956427799784,0.3548111276521652,866300.0,847425.0,1.0222733575242646,2191943877.5,318,False,jpx_liquidity,JPX流動性
389,6845,アズビル,電気機器,プライム,6845.T,2026-10-05,1474.5,0.011316872427983515,0.030038421236465274,0.011663807890222921,-0.15355912743972444,0.02289281997918824,1444.03486328125,1550.0282877604166,0.021097230747964657,-0.048727038310729665,-0.15355912743972444,0.17952305431081544,1253900.0,1562760.0,0.8023624868821828,2190956402.5,318,False,jpx_liquidity,JPX流動性
390,5991,日本発條,金属製品,プライム,5991.T,2026-10-05,3661.0,0.05778676683039574,0.07739846968805186,0.11412051125989042,-0.09916338582677164,0.46645303424794715,3359.5275634765626,3510.9258544921877,0.08973655694953209,0.04274489172586615,-0.13716709875088384,0.3266917755004585,1182700.0,616635.0,1.9179903832899527,2190829815.0,318,True,jpx_liquidity,JPX流動性
391,2501,サッポロビール,食料品,プライム,2501.T,2026-10-05,1872.0,0.01794453507340954,0.04493441250348873,0.008349043899811504,-0.012397784225797959,0.02970297029702973,1844.3,1934.7916666666667,0.01501924849536418,-0.032453967912135284,-0.13453536754507633,0.2158041880608366,1424700.0,1170545.0,1.2171253561375257,2170735830.0,318,False,jpx_liquidity,JPX流動性
392,4461,第一工業製薬,化学,プライム,4461.T,2026-10-05,16220.0,0.09225589225589226,0.1556822230138939,0.2642244738893218,0.40920938314509114,1.0149068322981365,13408.556396484375,12734.685465494791,0.20967533867051968,0.2736867387850943,0.0,0.7300058762572726,221500.0,162420.0,1.3637483068587613,2169589000.0,318,True,jpx_liquidity,JPX流動性
393,4205,日本ゼオン,化学,プライム,4205.T,2026-10-05,2444.0,0.01790920449812572,0.027538364515450997,-0.01788225838858748,0.04266211604095571,0.3638392857142858,2381.9174072265623,2361.197469075521,0.02606412488740517,0.03506802459723901,-0.06646294881588999,0.2106497701250481,1244500.0,895040.0,1.3904406506971756,2169059247.5,318,False,jpx_liquidity,JPX流動性
394,8524,北洋銀行,銀行業,プライム,8524.T,2026-10-05,1351.0,-0.0073475385745774835,-0.013148283418553675,0.028158295281582868,0.187170474516696,0.34160873882820253,1328.1417602539063,1260.2972534179687,0.017210692736386646,0.0719693281375029,-0.02875629043853345,0.30349080917866667,1158400.0,1621690.0,0.7143165463189636,2160660450.0,318,False,jpx_liquidity,JPX流動性
395,3105,日清紡ホールディングス,電気機器,プライム,3105.T,2026-10-05,2790.0,0.03390772651473051,0.07060629316960854,0.22234392113910184,0.15984202868426522,0.7833173537871525,2429.275,2315.516666666667,0.14849080486976574,0.20491466987209472,0.0,0.33140303540108,1100600.0,877305.0,1.2545237973110834,2156005890.0,318,False,jpx_liquidity,JPX流動性
396,8282,ケーズホールディングス,小売業,プライム,8282.T,2026-10-05,1702.5,0.001765225066195919,-0.06224180666483059,-0.10770440251572322,-0.06712328767123288,-0.06327372764786798,1830.5151428222657,1871.1133809407552,-0.06993394363561156,-0.09011393037870319,-0.20388122515782092,0.18977992597853266,890400.0,1166845.0,0.7630833572582477,2138622640.0,318,False,jpx_liquidity,JPX流動性
397,8418,山口フィナンシャルグループ,銀行業,プライム,8418.T,2026-10-05,3500.0,0.011268419531927254,-0.0022805017103763037,0.09511889862327916,0.15664243225380048,0.33689839572192515,3313.1415893554686,3158.0638631184897,0.056399162427852145,0.10827397788715354,-0.00990099009900991,0.30794490884524456,384100.0,636465.0,0.6034895870157825,2137095550.0,318,False,jpx_liquidity,JPX流動性
398,429A,テクセンドフォトマスク,その他製品,プライム,429A.T,2026-10-05,3950.0,0.02067183462532296,0.016731016731016624,0.11267605633802824,-0.13186813186813184,0.17910447761194037,3801.870458984375,3867.956819661458,0.03896227991292367,0.021210986617405503,-0.23892100192678223,0.4955249479734616,547100.0,568945.0,0.9616043730061781,2125792475.0,235,False,jpx_liquidity,JPX流動性
399,4061,デンカ,化学,プライム,4061.T,2026-10-05,3283.0,0.03238993710691829,0.009532595325953297,0.01577970297029707,-0.2160936007640879,-0.12476672887230067,3255.2455322265623,3475.4651774088543,0.008526075068277184,-0.05537824940957903,-0.2757555702625193,0.2657435443107763,773200.0,647010.0,1.1950356254153722,2124480850.0,318,False,jpx_liquidity,JPX流動性
400,4368,扶桑化学工業,化学,プライム,4368.T,2026-10-05,3420.0,0.020895522388059806,0.11002921129503407,0.20592383638928058,-0.20649651972157768,0.204225352112676,3001.8573974609376,3396.485799153646,0.13929462568499762,0.006923097058793459,-0.30132788559754853,0.3047818813177635,625900.0,710130.0,0.8813879148888232,2110949370.0,318,False,jpx_liquidity,JPX流動性
401,9044,ＮＡＮＫＡＩ,陸運業,プライム,9044.T,2026-10-05,2977.0,0.0005041169551336377,-0.05806043347571588,-0.039677419354838706,0.018648417450812582,-0.07804273768968717,3116.947399902344,3027.374133300781,-0.04489886480173799,-0.016639546710355724,-0.08904528763769892,0.17441219969641003,390900.0,660140.0,0.5921471203078135,2109473722.5,318,False,jpx_liquidity,JPX流動性
402,9989,サンドラッグ,小売業,プライム,9989.T,2026-10-05,3569.0,0.0002802690582959233,0.0005606952621250993,-0.026990185387131937,-0.07825413223140498,-0.09919232710752146,3626.544921875,3722.4983072916666,-0.015867698626285898,-0.041235292704094095,-0.10371672526368658,0.1623820002626892,527600.0,576605.0,0.9150111428100692,2104294175.0,318,False,jpx_liquidity,JPX流動性
403,4180,Ａｐｐｉｅｒ　Ｇｒｏｕｐ,情報・通信業,プライム,4180.T,2026-10-05,1371.0,-0.023504273504273532,-0.02558635394456288,0.03160270880361171,0.48698481561822127,0.5456595264937993,1453.4,1193.8833333333334,-0.05669464703453975,0.14835341253332945,-0.107421875,0.5385252659745174,1275500.0,1497255.0,0.8518922962354442,2103777940.0,318,False,jpx_liquidity,JPX流動性
404,6951,日本電子,電気機器,プライム,6951.T,2026-10-05,7992.0,0.037787300350603736,0.04484246306706763,0.17928286852589648,0.05728270935308899,0.2971920142833955,7256.2634765625,7635.371158854166,0.10139330329086116,0.046707466307289947,-0.1121972894912242,0.449027739245363,298100.0,291315.0,1.0232909393611727,2089393390.0,318,False,jpx_liquidity,JPX流動性
405,9143,ＳＧホールディングス,陸運業,プライム,9143.T,2026-10-05,1409.5,0.0003548616039743546,-0.03755547968589967,-0.04245923913043481,-0.12153318790900591,-0.07785410533202486,1455.7168518066405,1536.7222839355468,-0.0317485174052099,-0.08278807775841612,-0.1509036144578313,0.14899828017049563,1317400.0,1441520.0,0.9138964426438759,2088917102.5,318,False,jpx_liquidity,JPX流動性
406,8056,ＢＩＰＲＯＧＹ,情報・通信業,プライム,8056.T,2026-10-05,4679.0,-0.0061597281223449984,-0.00021367521367521292,-0.012452511608273542,0.02699736611062331,-0.0046798553499255435,4706.30380859375,4663.517936197916,-0.005801539744181516,0.0033198250792418893,-0.07966168371361138,0.18125375909286517,347600.0,439260.0,0.7913308746528253,2063389000.0,318,False,jpx_liquidity,JPX流動性
407,4043,トクヤマ,化学,プライム,4043.T,2026-10-05,4166.0,0.025855700566362882,0.030168150346191913,0.055485178616670794,-0.16746602717825743,0.12321380425990824,4049.2179931640626,4176.739331054688,0.02884063219937527,-0.0025712236755689455,-0.2589825684809677,0.3204543256388133,672500.0,503390.0,1.335942311130535,2057838675.0,318,False,jpx_liquidity,JPX流動性
408,1515,日鉄鉱業,鉱業,プライム,1515.T,2026-10-05,3170.0,-0.006269592476489061,-0.012153318790900647,-0.05654761904761907,0.23298327499027627,0.21177370030581044,3345.6926513671874,3208.3975504557293,-0.05251308762488749,-0.011967828129738844,-0.20451693851944797,0.6190194464087962,364500.0,687605.0,0.5301008573236088,2054937350.0,318,False,jpx_liquidity,JPX流動性
409,9008,京王電鉄,陸運業,プライム,9008.T,2026-10-05,741.0999755859375,-0.0025572333971231043,-0.04287745412687283,-0.057724125129132275,-0.018800493097483773,-0.08517467236077003,774.9759399414063,777.3653147379557,-0.04371227880704276,-0.04665160441875771,-0.11857756143495624,0.18602683151815486,1779400.0,2599015.0,0.6846439901270289,2031912165.1245117,318,False,jpx_liquidity,JPX流動性
410,8343,秋田銀行,銀行業,プライム,8343.T,2026-10-05,1984.0,-0.02410231185440237,0.008130081300812941,-0.7711649365628604,-0.7169757489300999,-0.6213740458015267,4393.672955322266,6710.724318440755,-0.5484415840289874,-0.7043538214573856,-0.7852813852813852,2.824914651929222,1489500.0,755640.0,1.9711767508337303,2023963425.0,318,False,jpx_liquidity,JPX流動性
411,8368,百五銀行,銀行業,プライム,8368.T,2026-10-05,2623.0,0.015092879256966008,0.007296466973886417,0.09703053115851112,0.26227141482194427,0.6111793611793612,2463.0979614257812,2259.9826538085936,0.06491907389735263,0.16062837720441703,0.0,0.2940779102530103,571000.0,820255.0,0.6961249855227948,2018685230.0,318,False,jpx_liquidity,JPX流動性
412,7173,東京きらぼしフィナンシャルグループ,銀行業,プライム,7173.T,2026-10-05,1680.0,-0.002375296912114022,-0.04707884288145203,-0.0029673590504450953,-0.0561797752808989,-0.8559176672384219,1694.5813598632812,1718.0604532877603,-0.008604697424771435,-0.02215315137190088,-0.8639676113360324,0.2774336028011466,861400.0,1184930.0,0.726962774172314,2015251805.0,318,False,jpx_liquidity,JPX流動性
413,7276,小糸製作所,電気機器,プライム,7276.T,2026-10-05,2715.5,0.010606624488276983,0.028014385765663397,0.00667284522706213,0.02587835285228568,0.08641728345669142,2643.0167602539063,2632.9722534179687,0.0274244343948582,0.03134394845023469,-0.06667812338889845,0.2825307526019656,782500.0,748735.0,1.0450960620246148,2002036250.0,318,False,jpx_liquidity,JPX流動性
414,6523,ＰＨＣホールディングス,電気機器,プライム,6523.T,2026-10-05,1603.0,0.0006242197253432114,0.11011080332409962,0.07080828323313293,0.5266666666666666,0.43637992831541217,1389.5587951660157,1298.4862650553384,0.15360357947896963,0.2345144058429327,-0.04809976247030878,0.7667134470867092,1302800.0,1303320.0,0.9996010189362551,1983183525.0,318,False,jpx_liquidity,JPX流動性
415,3498,霞ヶ関キャピタル,不動産業,プライム,3498.T,2026-10-05,7410.0,-0.009358288770053513,-0.03641092327698314,0.013679890560875485,0.11764705882352944,0.16509433962264142,7391.0,7400.962068684896,0.0025706940874035134,0.0012211833044444287,-0.0863131935881628,0.34138329595267664,542500.0,249060.0,2.1781899943788647,1958194950.0,318,False,jpx_liquidity,JPX流動性
416,6814,古野電気,電気機器,プライム,6814.T,2026-10-05,7910.0,0.0012658227848101333,0.03669724770642202,0.033986928104575265,0.18947368421052624,0.18059701492537306,7546.5,7450.812646484375,0.04816802491221095,0.061629163864734826,-0.012484394506866447,0.39563821141128597,438300.0,251725.0,1.741185817856788,1946806250.0,318,False,jpx_liquidity,JPX流動性
417,4099,四国化成ホールディングス,化学,プライム,4099.T,2026-10-05,2519.0,0.07237122179650912,0.1255585344057193,0.13468468468468475,-0.1926282051282051,-0.4594420600858369,2219.55,2543.8166666666666,0.1349147349687998,-0.009755682078766093,-0.6234678624813155,0.44261207562376503,1147500.0,881365.0,1.3019577587038287,1943912710.0,318,True,jpx_liquidity,JPX流動性
418,4373,シンプレクス・ホールディングス,情報・通信業,プライム,4373.T,2026-10-05,1130.0,-0.018245004344048632,-0.006156552330694787,-0.056761268781302165,0.10784313725490202,0.34523809523809534,1145.1,1129.0,-0.013186621255785402,0.0008857395925598865,-0.102462271644162,0.3377638228840286,848200.0,1715540.0,0.49442158154283783,1943363170.0,318,False,jpx_liquidity,JPX流動性
419,6465,ホシザキ,機械,プライム,6465.T,2026-10-05,5210.0,0.006568778979907375,-0.013817906492523235,-0.06463195691202872,-0.09861591695501726,-0.02214714714714716,5340.5,5522.783333333334,-0.02443591424023972,-0.056635090398259424,-0.10848733744010952,0.15954082809694384,401900.0,359775.0,1.1170870683065806,1942379265.0,318,False,jpx_liquidity,JPX流動性
420,5233,太平洋セメント,ガラス・土石製品,プライム,5233.T,2026-10-05,4118.0,0.004390243902439028,0.00512570173297533,-0.0004854368932039055,-0.013416387158600829,0.15869442881260554,4103.774279785156,4119.4747599283855,0.003466496752737802,-0.0003579970783487152,-0.09094922737306843,0.2289328466976714,542300.0,469340.0,1.1554523373247538,1936671950.0,318,False,jpx_liquidity,JPX流動性
421,2002,日清製粉グループ本社,食料品,プライム,2002.T,2026-10-05,1962.0,0.004094165813715467,-0.015060240963855387,-0.049648825381448325,-0.03230579531442668,-0.09271676300578036,2007.6616760253905,2025.3538920084636,-0.02274371054180202,-0.03128040598654991,-0.09730848861283647,0.22036406753511498,597500.0,976880.0,0.6116411432315125,1934876305.0,318,False,jpx_liquidity,JPX流動性
422,7721,東京計器,精密機器,プライム,7721.T,2026-10-05,7370.0,-0.019946808510638347,-0.006738544474393482,0.0854197349042709,0.008207934336525335,-0.02384105960264904,7137.0,7005.166666666667,0.03264677035168839,0.052080607170897686,-0.09012345679012346,0.5105256347682348,243000.0,272620.0,0.8913505979018413,1929646100.0,318,False,jpx_liquidity,JPX流動性
423,9404,日本テレビホールディングス,情報・通信業,プライム,9404.T,2026-10-05,2847.5,0.002287926786342931,-0.019793459552495674,-0.055242203052422,-0.016747237569060824,-0.09083652618135374,2938.1911499023436,2932.0637166341144,-0.030866320560987925,-0.028841022844888875,-0.10708686108497967,0.2101188987799907,569300.0,645640.0,0.8817607335357165,1914785712.5,318,False,jpx_liquidity,JPX流動性
424,5857,ＡＲＥホールディングス,非鉄金属,プライム,5857.T,2026-10-05,3515.0,0.01736613603473236,-0.018156424581005637,-0.06887417218543046,0.13938411669367912,-0.022253129346314293,3610.79462890625,3469.714876302083,-0.026530068517152783,0.013051540346214363,-0.156062424969988,0.3018427358996895,415800.0,545675.0,0.761992028221927,1903639600.0,318,False,jpx_liquidity,JPX流動性
425,3186,ネクステージ,小売業,プライム,3186.T,2026-10-05,2839.0,0.007094714437743788,0.005667729365922858,-0.11557632398753892,-0.312590799031477,-0.18536585365853664,2942.9,3290.55,-0.03530531108770263,-0.1372262995547857,-0.32963400236127505,0.29713384611816734,1523200.0,592775.0,2.5696090422166926,1894168920.0,318,False,jpx_liquidity,JPX流動性
426,7956,ピジョン,その他製品,プライム,7956.T,2026-10-05,2027.5,0.003216229589312114,-0.005883795047805784,-0.03314258464473052,-0.03727445394112061,0.19828605200945626,2003.85,2045.6666666666667,0.011802280609826132,-0.008880560534463178,-0.05938297378798418,0.20653810924603738,1022100.0,939605.0,1.0877975319416138,1885387162.5,318,False,jpx_liquidity,JPX流動性
427,2809,キユーピー,食料品,プライム,2809.T,2026-10-05,4306.0,0.011985898942420636,-0.02579185520361993,-0.10160650949301064,-0.03604208641146178,0.056703323670608485,4515.55,4586.833333333333,-0.04640630709437388,-0.061225972893426794,-0.11124871001031988,0.18274455731490002,501300.0,422000.0,1.187914691943128,1880456160.0,318,False,jpx_liquidity,JPX流動性
428,5901,東洋製罐グループホールディングス,金属製品,プライム,5901.T,2026-10-05,4446.0,0.00907852927825692,0.0,-0.022642338975599086,0.06823642479577119,0.2857142857142858,4463.0682373046875,4315.622745768229,-0.003824328107292274,0.030210530880998565,-0.027984258854394373,0.18588979293304045,317000.0,414135.0,0.7654508795441101,1874767015.0,318,False,jpx_liquidity,JPX流動性
429,4912,ライオン,化学,プライム,4912.T,2026-10-05,1728.0,0.0011587485515642815,-0.006325474410580845,-0.08085106382978724,-0.0005783689994216523,0.0627306273062731,1755.6,1772.25,-0.015721120984278802,-0.024968260685569232,-0.09505106048703849,0.16090320717397674,946900.0,1072665.0,0.8827546344851375,1852466497.5,318,False,jpx_liquidity,JPX流動性
430,9065,山九,陸運業,プライム,9065.T,2026-10-05,1580.0,0.008296107211231751,0.05053191489361697,-0.8040674603174603,-0.8210848148567547,-0.8214487512713301,3746.576068115234,7065.692022705078,-0.5782816173288481,-0.776384252961665,-0.8331925675675675,2.7784585487844056,808400.0,746200.0,1.0833556687215224,1843989681.7675781,318,False,jpx_liquidity,JPX流動性
431,2531,宝ホールディングス,食料品,プライム,2531.T,2026-10-05,2646.5,0.017884615384615277,0.010886172650878434,0.22155550426955917,0.23841834347215718,0.5244815668202765,2527.0,2259.8416666666667,0.04728927582113185,0.1710997451886378,-0.009543413173652704,0.40008375133192614,1037400.0,696165.0,1.490163969748551,1843506197.5,318,False,jpx_liquidity,JPX流動性
432,9401,ＴＢＳホールディングス,情報・通信業,プライム,9401.T,2026-10-05,5906.0,0.018100327529736226,0.03287862889122062,-0.0050539083557951114,-0.08334626726680117,0.05937219730941701,5785.140893554688,5975.896964518229,0.020891298702848005,-0.011696480868602754,-0.09914582062233068,0.19488376070750835,460500.0,310980.0,1.480802623962956,1840210450.0,318,False,jpx_liquidity,JPX流動性
433,6103,オークマ,機械,プライム,6103.T,2026-10-05,4965.0,0.030082987551867113,0.0608974358974359,0.09361233480176212,-0.008982035928143728,0.29465449804432864,4539.971484375,4855.490494791667,0.0936192037962793,0.022553747211697894,-0.11021505376344087,0.3576827956741603,352700.0,410555.0,0.8590810001096078,1815362850.0,318,False,jpx_liquidity,JPX流動性
434,6191,エアトリ,サービス業,プライム,6191.T,2026-10-05,1469.0,-0.006089309878213767,0.14765625000000004,0.8906048906048907,0.7914634146341464,1.0318118948824342,1206.111117553711,978.203705851237,0.21796406535037338,0.5017321966917616,-0.007432432432432412,2.004945279288854,471800.0,1135385.0,0.4155418646538399,1808832260.0,318,False,jpx_liquidity,JPX流動性
435,6592,マブチモーター,電気機器,プライム,6592.T,2026-10-05,1737.0,0.011648223645893907,0.012532789274264156,0.00028793550244743393,0.049546827794561876,0.07487623762376239,1708.925,1691.2166666666667,0.0164284564858026,0.02707124062558508,-0.027435610302351643,0.21427632415696304,757800.0,1101265.0,0.6881177554902771,1807744672.5,318,False,jpx_liquidity,JPX流動性
436,7459,メディパルホールディングス,卸売業,プライム,7459.T,2026-10-05,2941.0,0.007191780821917737,-0.027447089947089998,0.008919382504288142,0.08905758192927227,-0.002035968781812003,2934.5188232421874,2873.0479410807293,0.002208599483663143,0.023651557618530328,-0.056060644883949906,0.34507619839710235,465200.0,603045.0,0.7714183850293096,1807296790.0,318,False,jpx_liquidity,JPX流動性
437,9744,メイテックグループホールディングス,サービス業,プライム,9744.T,2026-10-05,3233.0,-0.011919315403422948,-0.05162804341449101,-0.04122182680901543,0.01987381703470037,-0.019114077669902918,3323.3235107421874,3309.4078369140625,-0.027178669320103488,-0.02308806912879946,-0.055506865322816235,0.17644364922069947,456600.0,533770.0,0.8554246210914813,1806629585.0,318,False,jpx_liquidity,JPX流動性
438,8366,滋賀銀行,銀行業,プライム,8366.T,2026-10-05,3075.0,0.01821192052980125,0.014851485148514865,0.0954755967224794,0.16125377643504524,0.5793528505392913,2912.1924560546877,2759.0308186848956,0.055905489215461124,0.11452180206733331,0.0,0.3029181043832845,386400.0,632905.0,0.610518166233479,1803119965.0,318,False,jpx_liquidity,JPX流動性
439,5741,ＵＡＣＪ,非鉄金属,プライム,5741.T,2026-10-05,2146.0,0.013220018885741203,-0.009233610341643606,-0.038961038961038974,-0.16595413913719392,-0.2456942003514938,2185.7863037109373,2315.8287679036457,-0.01820228429622317,-0.0733339054499178,-0.3997202797202797,0.280730108430962,743200.0,840075.0,0.8846829152159034,1791502145.0,318,False,jpx_liquidity,JPX流動性
440,6135,牧野フライス製作所,機械,プライム,6135.T,2026-10-05,3250.0,0.023622047244094446,0.09060402684563762,-0.7877204441541477,-0.7847682119205298,-0.718370883882149,7132.673266601562,12328.391088867187,-0.5443503608642799,-0.73638084835459,-0.8021911138161899,2.7761326377726467,459200.0,411260.0,1.1165685940767398,1790604575.0,318,False,jpx_liquidity,JPX流動性
441,7278,エクセディ,輸送用機器,プライム,7278.T,2026-10-05,5670.0,0.008896797153024938,-0.01647875108412833,-0.07504078303425776,-0.07504078303425776,0.005319148936170137,5809.794677734375,5972.598225911458,-0.02406189641608647,-0.05066442015112771,-0.09713375796178347,0.2132064706463913,184300.0,309670.0,0.5951496754609746,1773706900.0,318,False,jpx_liquidity,JPX流動性
442,5444,大和工業,鉄鋼,プライム,5444.T,2026-10-05,12250.0,0.018711018711018657,-0.000407996736026095,-0.012892828364222453,-0.028163427211424064,0.03157894736842115,12201.44453125,12647.898177083332,0.003979485267145311,-0.031459628430934305,-0.10876682429974538,0.2054541343977106,156700.0,143760.0,1.0900111296605453,1768427100.0,318,False,jpx_liquidity,JPX流動性
443,6703,沖電気工業,電気機器,プライム,6703.T,2026-10-05,2710.0,0.002960769800148144,-0.005869405722670584,-0.015261627906976716,-0.23661971830985917,-0.08968760497144779,2693.3,2909.3,0.006200571789254816,-0.06850445124256699,-0.2970168612191959,0.453922317667358,406000.0,661720.0,0.6135525599951641,1761541575.0,318,False,jpx_liquidity,JPX流動性
444,8439,東京センチュリー,その他金融業,プライム,8439.T,2026-10-05,2618.5,0.012763488686907687,-0.019839041736851915,-0.03269301810121905,0.04260402150109499,0.2661992263056092,2645.5041015625,2612.0930338541666,-0.010207544772488086,0.00245280932294345,-0.050235763511062737,0.23086357891820644,778800.0,651505.0,1.1953860676433796,1733699512.5,318,False,jpx_liquidity,JPX流動性
445,3923,ラクス,情報・通信業,プライム,3923.T,2026-10-05,1019.0,0.0,-0.016409266409266432,-0.06212609295904281,-0.014029995162070596,0.2853178805372294,1052.625,1061.488333129883,-0.03194394964968528,-0.0400271315320091,-0.13387165320866978,0.4454990928379024,1309400.0,1668285.0,0.7848778835750486,1708684877.5,318,False,jpx_liquidity,JPX流動性
446,3397,トリドールホールディングス,小売業,プライム,3397.T,2026-10-05,4159.0,-0.0019198464122870407,-0.020259128386336922,-0.03860379103097544,0.06641025641025644,-0.07639351543415496,4267.5,4233.033333333334,-0.025424721734036315,-0.01748942838468881,-0.09271378708551481,0.24039182680462226,298600.0,403395.0,0.7402174047769556,1707962690.0,318,False,jpx_liquidity,JPX流動性
447,6254,野村マイクロ・サイエンス,機械,プライム,6254.T,2026-10-05,3665.0,0.04564907275320973,0.07478005865102633,0.105580693815988,-0.22021276595744677,0.16349206349206358,3373.8343017578127,3758.4447672526044,0.08630112572229343,-0.024862615533635113,-0.3275229357798165,0.34577723371382624,784800.0,479510.0,1.636670768075744,1655829525.0,318,True,jpx_liquidity,JPX流動性
448,6925,ウシオ電機,電気機器,プライム,6925.T,2026-10-05,4318.0,0.04073270667630746,0.07869098176367717,0.17785051827605014,-0.0387355298308103,0.40743155149934807,3814.8,3959.266666666667,0.13190730837789655,0.09060600447894385,-0.10563380281690138,0.46927273141884607,473800.0,434420.0,1.0906496017678744,1655482570.0,318,True,jpx_liquidity,JPX流動性
449,4922,コーセーホールディングス,化学,プライム,4922.T,2026-10-05,5363.0,-0.004085422469823574,-0.05364390329980584,-0.06697981906750172,-0.00996861731585752,-0.1326217046741064,5614.65,5654.083333333333,-0.04482024703231713,-0.05148196730976129,-0.12455109369898787,0.1648699134435773,294400.0,288210.0,1.0214773949550675,1615753175.0,318,False,jpx_liquidity,JPX流動性
450,8361,大垣共立銀行,銀行業,プライム,8361.T,2026-10-05,1859.0,0.02707182320441981,0.09805079740106315,-0.7727383863080685,-0.7658690176322418,-0.7170471841704719,3909.238488769531,6514.412829589844,-0.5244598135057406,-0.7146327614430532,-0.7754830917874396,2.8038995243698963,828500.0,694285.0,1.1933139848909309,1615685530.0,318,False,jpx_liquidity,JPX流動性
451,4722,フューチャー,情報・通信業,プライム,4722.T,2026-10-05,2426.0,0.0,0.0,-0.008581937065794798,0.4561824729891957,0.4865196078431373,2429.0,2341.6666666666665,-0.001235076163030091,0.03601423487544486,-0.010199918400652819,0.03711468029295873,156100.0,679130.0,0.22985290003386685,1612606220.0,318,False,jpx_liquidity,JPX流動性
452,4626,太陽ホールディングス,化学,プライム,4626.T,2026-10-05,4772.0,-0.005833333333333357,-0.002091175240485188,0.008879492600422756,-0.036932391523713415,0.008879492600422756,4748.5,4778.9,0.004948931241444576,-0.0014438469103768004,-0.11547729379054683,0.05122896797371312,393900.0,331950.0,1.1866244916403073,1611140280.0,318,False,jpx_liquidity,JPX流動性
453,6923,スタンレー電気,電気機器,プライム,6923.T,2026-10-05,3503.0,0.006031016657093602,0.01096681096681107,-0.03684355237833381,-0.04758020663404028,0.18364588612941368,3486.02890625,3533.99296875,0.004868316989447008,-0.00876995767225941,-0.07499339846844466,0.2721845520966846,389200.0,469185.0,0.8295235354923964,1606756430.0,318,False,jpx_liquidity,JPX流動性
454,5726,大阪チタニウムテクノロジーズ,非鉄金属,プライム,5726.T,2026-10-05,2376.0,-0.007104053489343953,-0.04959999999999998,-0.1264705882352941,-0.13284671532846715,-0.07906976744186045,2506.35,2683.55,-0.05200789993416721,-0.11460565295969893,-0.25749999999999995,0.2519702720320204,415400.0,656035.0,0.6331979238912558,1602949400.0,318,False,jpx_liquidity,JPX流動性
455,5393,ニチアス,ガラス・土石製品,プライム,5393.T,2026-10-05,3641.0,0.024767801857585203,0.0753101004134673,0.10133091349062306,-0.05428571428571427,0.24991417782354963,3366.2929077148438,3417.747635904948,0.08160522563428296,0.06532148885122102,-0.10386413979817866,0.2619562358296013,346700.0,487235.0,0.7115662873151559,1599259440.0,318,False,jpx_liquidity,JPX流動性
456,9006,京浜急行電鉄,陸運業,プライム,9006.T,2026-10-05,1501.0,-0.003981420039814165,-0.017348608837970514,-0.034105534105534074,-0.04058804729945664,-0.07857581338244324,1538.3039489746093,1551.0429829915365,-0.02425005084299181,-0.03226408522542512,-0.09112927641537993,0.16128652006422514,1247400.0,994570.0,1.2542103622671104,1581619145.0,318,False,jpx_liquidity,JPX流動性
457,7337,ひろぎんホールディングス,銀行業,プライム,7337.T,2026-10-05,2391.5,0.007371524852569422,-0.017460969597370535,0.0008369951872777559,0.07338420107719923,0.3000815438977984,2373.2963256835938,2309.657108561198,0.007670207095257231,0.03543508304130305,-0.02248109544246879,0.22860040565887435,498000.0,670575.0,0.7426462364388771,1579226850.0,318,False,jpx_liquidity,JPX流動性
458,5832,ちゅうぎんフィナンシャルグループ,銀行業,プライム,5832.T,2026-10-05,3753.0,0.011317704122878025,-0.0005326231691078487,0.06528526823729774,0.15833333333333344,0.2480877951446625,3603.402136230469,3455.650712076823,0.041515728224001736,0.08604726365543813,-0.010023740437879236,0.282524304194267,250800.0,437675.0,0.5730279316844691,1566523725.0,318,False,jpx_liquidity,JPX流動性
459,9364,上組,倉庫・運輸関連業,プライム,9364.T,2026-10-05,4690.0,-0.0027641930682542615,-0.022916666666666696,-0.03179190751445082,-0.12007504690431525,-0.14773759767399597,4788.7173828125,4965.755794270834,-0.02061457691506552,-0.05553148517472062,-0.1629484204890237,0.16158364913392714,270300.0,323675.0,0.8350969336525836,1560470445.0,318,False,jpx_liquidity,JPX流動性
460,7380,十六フィナンシャルグループ,銀行業,プライム,7380.T,2026-10-05,2842.0,0.021200143729787957,-0.010101010101010055,0.08101939901103083,0.16332378223495692,0.47866805411030167,2706.952685546875,2564.9008951822916,0.04988905612358052,0.10803501427216533,-0.010101010101010055,0.32086845454897334,567800.0,554045.0,1.0248265032623705,1553657035.0,318,False,jpx_liquidity,JPX流動性
461,4369,トリケミカル研究所,化学,プライム,4369.T,2026-10-05,3360.0,0.04347826086956519,0.11258278145695355,0.11258278145695355,-0.023255813953488413,0.21739130434782616,3044.3,3192.866666666667,0.10370200045987588,0.05234585430021088,-0.19617224880382778,0.40485370116588115,386600.0,531200.0,0.7277861445783133,1552994310.0,318,True,jpx_liquidity,JPX流動性
462,9468,ＫＡＤＯＫＡＷＡ,情報・通信業,プライム,9468.T,2026-10-05,3772.0,0.005866666666666687,0.030601092896174853,0.013161428955143606,0.01671159029649605,-0.006584145377929951,3662.35,3631.1666666666665,0.029939792756017436,0.03878459631890574,-0.015400678673975432,0.1958373490924675,582700.0,408050.0,1.428011273128293,1526788770.0,318,False,jpx_liquidity,JPX流動性
463,2670,エービーシー・マート,小売業,プライム,2670.T,2026-10-05,2710.0,0.016313519594974624,-0.004225610876354979,0.01726726726726735,-0.06936813186813184,0.010816859380827992,2696.375,2722.1527018229167,0.005053080524778597,-0.0044643718241003105,-0.08166723144696708,0.17363162572930976,617000.0,565340.0,1.0913786394028373,1524005005.0,318,False,jpx_liquidity,JPX流動性
464,3774,インターネットイニシアティブ,情報・通信業,プライム,3774.T,2026-10-05,3469.0,0.0011544011544011301,0.014475800555636686,0.06869993838570543,0.023303834808259483,0.31851007221588756,3363.0971801757814,3431.9490600585937,0.03148966983424595,0.010795888660647401,-0.044878854625550635,0.1828715422506411,503100.0,454090.0,1.1079301460062982,1511473305.0,318,False,jpx_liquidity,JPX流動性
465,2331,ＡＬＳＯＫ,サービス業,プライム,2331.T,2026-10-05,1158.5,0.0012964563526360884,-0.0252419015565839,-0.04571663920922575,0.055580865603644725,-0.11192027596780374,1196.5288024902343,1172.1429341634114,-0.031782605158428456,-0.011639309307570622,-0.10540540540540544,0.20911603511487104,905800.0,1253920.0,0.7223746331504403,1505208595.0,318,False,jpx_liquidity,JPX流動性
466,6101,ツガミ,機械,プライム,6101.T,2026-10-05,5710.0,0.034420289855072506,0.10852261696757903,0.1329365079365079,-0.29506172839506173,0.6455331412103746,5100.255932617188,5853.085310872396,0.11955166082615065,-0.024446134520986318,-0.30195599022004893,0.46607859728822526,261100.0,295185.0,0.8845300404830869,1501096650.0,318,False,jpx_liquidity,JPX流動性
467,8088,岩谷産業,卸売業,プライム,8088.T,2026-10-05,1996.0,-0.0002504382669672456,-0.04268585131894487,-0.09190172884440395,-0.02491450903761605,-0.015050579817419196,2092.8375244140625,2095.345841471354,-0.04627092322476123,-0.04741262253948175,-0.12895483307876932,0.25010297471155823,564600.0,725415.0,0.7783131035338392,1498151320.0,318,False,jpx_liquidity,JPX流動性
468,7552,ハピネット,卸売業,プライム,7552.T,2026-10-05,4870.0,-0.016161616161616155,0.13918128654970752,0.29693741677762975,0.6206322795341097,0.7568542568542569,4171.992114257812,3640.830704752604,0.16730805491140321,0.3376068251794526,-0.06165703275529866,0.582988486069645,385700.0,314480.0,1.226469091834139,1490450025.0,318,False,jpx_liquidity,JPX流動性
469,4202,ダイセル,化学,プライム,4202.T,2026-10-05,1432.0,0.019217081850533724,0.02947519769949669,-0.030795262267343526,-0.0006978367062107083,0.17280917280917274,1405.6297668457032,1441.359922281901,0.018760440178691384,-0.006493813333648624,-0.05789473684210522,0.25179125331850655,1136900.0,1030245.0,1.1035239190677946,1481943447.5,318,False,jpx_liquidity,JPX流動性
470,4516,日本新薬,医薬品,プライム,4516.T,2026-10-05,3355.0,-0.006808762581409167,-0.028099652375434547,-0.04060623391478413,-0.19273339749759388,-0.36864885208882203,3402.897265625,3624.6657552083334,-0.014075436866355928,-0.0743974130085917,-0.3662636947487722,0.1971133169404574,349400.0,446745.0,0.7821016463530649,1480070215.0,318,False,jpx_liquidity,JPX流動性
471,9301,三菱倉庫,倉庫・運輸関連業,プライム,9301.T,2026-10-05,1461.0,0.002401372212692987,-0.04634464751958223,-0.034368803701255835,-0.09113530326594088,0.04881550610193819,1515.6121704101563,1538.7623901367188,-0.03603307724520122,-0.050535671157006634,-0.10751374465485641,0.20340778611538007,954900.0,966565.0,0.9879314893462933,1475242407.5,318,False,jpx_liquidity,JPX流動性
472,6376,日機装,精密機器,プライム,6376.T,2026-10-05,3815.0,0.05972222222222223,0.04377564979480164,0.05096418732782371,-0.0626535626535627,0.432057057057057,3484.0,3686.9166666666665,0.0950057405281286,0.03473995886354908,-0.1299885974914481,0.46215530352406753,472900.0,425170.0,1.1122609779617565,1464061925.0,318,True,jpx_liquidity,JPX流動性
473,4047,関東電化工業,化学,プライム,4047.T,2026-10-05,2557.0,0.050102669404517464,0.1083658430862593,0.17671421997238834,-0.23785394932935922,0.773231622746186,2259.1049682617186,2541.5516560872397,0.13186418334846062,0.006078311993289676,-0.4195232690124858,0.523165982053507,576200.0,645815.0,0.8922059722985685,1463589325.0,318,True,jpx_liquidity,JPX流動性
474,8338,筑波銀行,銀行業,プライム,8338.T,2026-10-05,827.0,0.012239902080783294,0.04949238578680193,0.11155913978494625,0.26452599388379205,0.38758389261744974,764.1,707.0166666666667,0.08231906818479251,0.16970368449588658,0.0,0.458226013104799,1736500.0,1882120.0,0.9226298004378042,1457696680.0,318,False,jpx_liquidity,JPX流動性
475,9072,ニッコンホールディングス,陸運業,プライム,9072.T,2026-10-05,4572.0,0.010610079575596787,-0.09357652656621729,-0.13096369511499717,-0.16872727272727273,-0.022868134216712965,4988.949609375,5221.749869791666,-0.08357462833288354,-0.1244314427143538,-0.2972640639409776,0.4803018844727641,320300.0,305160.0,1.04961331760388,1457073230.0,318,False,jpx_liquidity,JPX流動性
476,8020,兼松,卸売業,プライム,8020.T,2026-10-05,2249.5,0.005363128491620017,-0.01832860571677941,-0.005086245024325531,0.061084905660377276,-0.012294182217343574,2265.6735961914064,2187.7078653971353,-0.007138537615742235,0.02824514898914421,-0.044798301486199565,0.19842778230667524,413700.0,642160.0,0.6442319671110004,1449265092.5,318,False,jpx_liquidity,JPX流動性
477,8388,阿波銀行,銀行業,プライム,8388.T,2026-10-05,2239.0,0.016802906448682986,0.05315145813734712,-0.7691752577319588,-0.7022606382978723,-0.6440381558028616,4786.597961425781,7396.365987141927,-0.5322356257944274,-0.6972837736947648,-0.7804901960784314,2.8053485664963023,601100.0,494430.0,1.215743381267318,1432135420.0,318,False,jpx_liquidity,JPX流動性
478,1980,ダイダン,建設業,プライム,1980.T,2026-10-05,3020.0,0.01683501683501687,0.04281767955801108,0.1054172767203514,0.017177500842034288,0.12770724421209856,2835.7754638671877,2726.208487955729,0.06496442982886341,0.10776560682802838,-0.0049423393739703725,0.33372213690167707,465500.0,495780.0,0.9389245229738997,1419181010.0,318,False,jpx_liquidity,JPX流動性
479,4565,ネクセラファーマ,医薬品,プライム,4565.T,2026-10-05,1234.0,0.011475409836065653,0.007346938775510292,0.07304347826086954,0.2695473251028806,0.23030907278165502,1224.75,1063.25,0.00755256174729535,0.16059252292499404,-0.05003849114703618,0.5078821084086136,758500.0,1171820.0,0.647283712515574,1410974065.0,318,False,jpx_liquidity,JPX流動性
480,3941,レンゴー,パルプ・紙,プライム,3941.T,2026-10-05,1510.0,-0.0006618133686300265,0.009021049114600777,-0.05418102098340116,0.05705285264263216,0.2017508953442102,1516.6031066894532,1524.5427022298177,-0.0043538791792843146,-0.009539058636105935,-0.07729911396272537,0.200849178999954,938300.0,924020.0,1.015454210947815,1410196870.0,318,False,jpx_liquidity,JPX流動性
481,1414,ショーボンドホールディングス,建設業,プライム,1414.T,2026-10-05,1225.0,-0.017642341619887758,-0.025844930417495027,-0.0300870942201108,-0.03883876029815614,-0.1516620498614959,1258.9,1274.6166666666666,-0.026928270712526903,-0.03892673614289255,-0.15778618081815055,0.17999057122488155,1483000.0,1100360.0,1.34774073939438,1409869665.0,318,False,jpx_liquidity,JPX流動性
482,1719,安藤・間,建設業,プライム,1719.T,2026-10-05,1753.0,-0.012672486623486301,-0.057780166621875795,-0.08721687060661287,-0.04728260869565215,-0.12720936021906892,1853.8138732910156,1855.1712910970052,-0.05438187443923048,-0.05507377760065968,-0.15150048402710548,0.2407442587732622,838500.0,745965.0,1.1240473748768374,1398879680.0,318,False,jpx_liquidity,JPX流動性
483,3635,コーエーテクモホールディングス,情報・通信業,プライム,3635.T,2026-10-05,1620.5,-0.015192950470981459,-0.031670152375261384,-0.039703703703703686,0.02207505518763786,0.016943834326953233,1661.825,1634.9083333333333,-0.024867239330254365,-0.008812930388553908,-0.07978421351504827,0.19345746443935932,580200.0,855685.0,0.6780532555788638,1392857670.0,318,False,jpx_liquidity,JPX流動性
484,9003,相鉄ホールディングス,陸運業,プライム,9003.T,2026-10-05,2469.5,0.004883011190234043,-0.043570875290472544,-0.04762822984959503,-0.021980198019802,-0.2100127959053103,2573.3852416992186,2574.6700805664063,-0.040369098266306414,-0.04084798334366391,-0.2110223642172524,0.15712131492008438,284700.0,532185.0,0.5349643451055554,1391390005.0,318,False,jpx_liquidity,JPX流動性
485,6432,竹内製作所,機械,プライム,6432.T,2026-10-05,7520.0,0.017591339648173276,0.03155006858710552,0.02732240437158473,-0.0079155672823219,0.18611987381703465,7331.5,7403.755712890625,0.025710973197844877,0.015700718880686804,-0.05170239596469106,0.24968401730861517,198000.0,191730.0,1.0327022375215147,1387117950.0,318,False,jpx_liquidity,JPX流動性
486,4023,クレハ,化学,プライム,4023.T,2026-10-05,3930.0,-0.0025380710659898,-0.0289103039288362,-0.1511879049676026,-0.050724637681159424,-0.03439803439803435,4200.761975097656,4305.837325032552,-0.06445544325118824,-0.08728553743718381,-0.158458244111349,0.2841792810972945,272800.0,328285.0,0.8309852719435856,1386592600.0,318,False,jpx_liquidity,JPX流動性
487,4082,第一稀元素化学工業,化学,プライム,4082.T,2026-10-05,2185.0,-0.0022831050228310223,-0.05818965517241381,-0.11681487469684726,0.05504587155963292,0.04645593869731801,2386.309814453125,2146.553271484375,-0.08436030109496051,0.01791091282306656,-0.2716666666666666,0.41575258404811766,383800.0,631890.0,0.6073841966164997,1383933950.0,318,False,jpx_liquidity,JPX流動性
488,1959,クラフティア,建設業,プライム,1959.T,2026-10-05,7970.0,-0.0028775178280996405,-0.006358309437725973,-0.015563241106719361,-0.14291859339713953,-0.15131508891491852,7986.3705078125,8320.490169270834,-0.0020498057029142425,-0.04212374056582158,-0.19519337574472384,0.23275418692999955,144900.0,171220.0,0.8462796402289452,1363096680.0,318,False,jpx_liquidity,JPX流動性
489,6027,弁護士ドットコム,サービス業,プライム,6027.T,2026-10-05,4980.0,-0.00994035785288272,-0.0010030090270812808,-0.0216110019646365,1.067247820672478,0.7202072538860103,5266.0,3857.4,-0.05431067223699204,0.29102504277492613,-0.14726027397260277,0.5317287531808869,134900.0,274770.0,0.4909560723514212,1361397275.0,318,False,jpx_liquidity,JPX流動性
490,8628,松井証券,証券、商品先物取引業,プライム,8628.T,2026-10-05,1115.0,0.008137432188065175,-0.011524822695035408,-0.05748098055790363,0.11499999999999999,0.1377551020408163,1150.3004943847657,1112.2668314615885,-0.03068806329918694,0.0024572957325537104,-0.08003300330033003,0.27342738156458063,946400.0,1206750.0,0.7842552309923347,1358341760.0,318,False,jpx_liquidity,JPX流動性
491,8410,セブン銀行,銀行業,プライム,8410.T,2026-10-05,336.79998779296875,0.0,-0.01434013532049172,-0.011156835708898916,0.16057882021277337,0.22874855999008648,338.4633453369141,327.01278228759764,-0.004914439235036205,0.029929122149003895,-0.023768151324728315,0.1472145712541985,4550500.0,3999170.0,1.1378611061795323,1357349294.1641235,318,True,jpx_liquidity,JPX流動性
492,7004,カナデビア,機械,プライム,7004.T,2026-10-05,1165.0,0.008658008658008587,-0.008510638297872353,0.015693112467306092,-0.13831360946745563,0.021034180543382908,1164.55,1196.0,0.0003864153535699799,-0.02591973244147161,-0.19821059876118374,0.2445389979452178,683400.0,1182475.0,0.5779403370050107,1351294900.0,318,False,jpx_liquidity,JPX流動性
493,6632,ＪＶＣケンウッド,電気機器,プライム,6632.T,2026-10-05,1006.5,-0.005434782608695676,0.004992511233150365,-0.012751348700343335,-0.12516297262059972,-0.17668711656441716,991.3360168457032,1042.2920043945312,0.015296511875505736,-0.0343397092596166,-0.21855590062111796,0.22449479453459872,1320500.0,1336355.0,0.9881356376112634,1342328497.394104,318,False,jpx_liquidity,JPX流動性
494,4733,オービックビジネスコンサルタント,情報・通信業,プライム,4733.T,2026-10-05,8116.0,-0.007823960880195546,-0.0006156877231867641,-0.04393921545529511,0.24059920513604394,0.26456840137114357,8190.833154296875,7871.561051432292,-0.00913620786642666,0.031053427264370992,-0.07351598173515983,0.21606765585526863,105700.0,163605.0,0.6460682741969989,1337810505.0,318,False,jpx_liquidity,JPX流動性
495,7616,コロワイド,小売業,プライム,7616.T,2026-10-05,2008.0,0.006516290726817031,-0.028778718258766656,-0.05171192443919714,0.09338415464198202,0.035051546391752675,2030.775,2026.0083333333334,-0.01121493026061482,-0.008888578115424095,-0.06972434561037755,0.23944681682863392,468800.0,652740.0,0.7182032662315777,1326896682.5,318,False,jpx_liquidity,JPX流動性
496,8387,四国銀行,銀行業,プライム,8387.T,2026-10-05,4685.0,0.0,0.012535119948130502,0.2888583218707015,0.4849445324881141,0.9192953707496927,4240.425769042969,3674.641923014323,0.10484188503018377,0.27495415829711,-0.01884816753926699,0.41581743955856526,311700.0,290975.0,1.071226050347968,1319768875.0,318,False,jpx_liquidity,JPX流動性
497,8346,東邦銀行,銀行業,プライム,8346.T,2026-10-05,1135.0,0.020683453237410054,0.02901178603807808,0.15816326530612246,0.3791008505467801,0.644927536231884,1036.696630859375,954.098876953125,0.094823660282503,0.18960416725840323,0.0,0.3815298894649082,1356900.0,1219865.0,1.112336201137011,1318784600.0,318,False,jpx_liquidity,JPX流動性
498,4272,日本化薬,化学,プライム,4272.T,2026-10-05,2108.5,0.011999040076793754,0.021065375302663503,0.016144578313253,0.043037348503586426,0.1912429378531073,2062.9008544921876,2037.5002848307292,0.022104380541854596,0.03484648110131139,-0.03301994955285481,0.2537991975675698,650000.0,627295.0,1.0361950916235583,1310443750.0,318,False,jpx_liquidity,JPX流動性
499,2593,伊藤園,食料品,プライム,2593.T,2026-10-05,3088.0,0.000972447325769954,-0.007712082262210762,-0.05652306752215097,0.026254569624460045,0.015414111396006014,3147.8,3054.375,-0.018997395006036033,0.011008798854102775,-0.05652306752215097,0.20613188736353982,303500.0,533600.0,0.5687781109445277,1310382800.0,318,False,jpx_liquidity,JPX流動性
500,6961,エンプラス,電気機器,プライム,6961.T,2026-10-05,11380.0,0.059590316573556734,0.1630045988758304,0.17927461139896383,-0.12123552123552128,-0.10252365930599372,9979.60078125,10898.700260416666,0.14032617631169342,0.044161205288981265,-0.3530415008527572,0.5573269428145586,173100.0,128385.0,1.3482883514429256,1299829350.0,318,True,jpx_liquidity,JPX流動性
501,4022,ラサ工業,化学,プライム,4022.T,2026-10-05,2125.0,0.029554263565891414,0.14555256064690036,0.07052896725440805,0.05721393034825861,0.3432364096080911,1910.00185546875,1991.9339518229167,0.11256436422596328,0.06680243993798496,-0.1990199773840935,0.46967792361091815,655700.0,669485.0,0.9794095461436776,1296508465.0,318,False,jpx_liquidity,JPX流動性
502,2726,パルグループホールディングス,小売業,プライム,2726.T,2026-10-05,1411.0,0.008577555396712011,-0.006338028169014076,-0.030906593406593408,-0.08850129198966405,-0.04338983050847456,1473.2,1478.3666666666666,-0.04222101547651369,-0.045568307366237404,-0.11034047919293821,0.3215091890030308,808500.0,869240.0,0.930122865951866,1285900735.0,318,False,jpx_liquidity,JPX流動性
503,6387,サムコ,機械,プライム,6387.T,2026-10-05,9720.0,0.05652173913043468,0.18248175182481763,0.18392204628501818,-0.19536423841059603,0.15714285714285725,8397.0,9272.8302734375,0.157556270096463,0.048223650533477436,-0.4007398273736128,0.652307873968931,162100.0,151520.0,1.0698257655755017,1283258850.0,318,True,jpx_liquidity,JPX流動性
504,3107,ダイワボウホールディングス,卸売業,プライム,3107.T,2026-10-05,3662.0,0.004939626783754036,-0.015591397849462396,-0.029419560031804903,0.04628571428571426,0.1422333125389894,3700.486083984375,3632.0286946614583,-0.010400277993461993,0.008251946187152859,-0.05178663904712588,0.1666202880714456,220900.0,348535.0,0.6337957450471259,1280725725.0,318,False,jpx_liquidity,JPX流動性
505,9861,吉野家ホールディングス,小売業,プライム,9861.T,2026-10-05,3649.0,-0.010843046896177877,-0.0005477951246234403,-0.050728407908428697,0.12623456790123466,0.05645628257093227,3728.25,3717.1921590169272,-0.021256621739422,-0.018345072328722956,-0.09678217821782176,0.1532988217371044,330600.0,344020.0,0.9609906400790652,1278640895.0,318,False,jpx_liquidity,JPX流動性
506,2327,日鉄ソリューションズ,情報・通信業,プライム,2327.T,2026-10-05,3709.0,-0.02931169850824389,-0.0281671688720031,-0.062910560889338,0.010351402887496697,-0.042097107438016534,3831.801513671875,3838.733837890625,-0.032047984018409914,-0.03379599716189585,-0.09048553212359,0.30462895409799146,265900.0,329785.0,0.8062828812711312,1276464050.0,318,False,jpx_liquidity,JPX流動性
507,6005,三浦工業,機械,プライム,6005.T,2026-10-05,3038.0,0.013342228152101399,-0.03371501272264632,-0.03494282083862765,-0.05269722482070471,-0.10383480825958702,3095.288232421875,3154.112744140625,-0.018508206060361077,-0.036813124184075896,-0.11814223512336719,0.24673705370767143,568300.0,399060.0,1.424096627073623,1273000540.0,318,False,jpx_liquidity,JPX流動性
508,6055,ジャパンマテリアル,サービス業,プライム,6055.T,2026-10-05,2391.0,0.019181585677749302,0.05052724077328641,0.13586698337292158,-0.0244798041615667,0.436036036036036,2221.55,2253.266666666667,0.0762755733609417,0.06112606881860394,-0.12030905077262688,0.4355601769969189,401600.0,577990.0,0.6948217097181613,1269514265.0,318,False,jpx_liquidity,JPX流動性
509,4392,ＦＩＧ,情報・通信業,プライム,4392.T,2026-10-05,916.0,0.004385964912280604,-0.01611170784103111,-0.17551755175517547,-0.19437115215479328,1.8535825545171338,969.95,1018.45,-0.05562142378473123,-0.10059403996268845,-0.6437183975106961,0.41980129422312973,456000.0,1468750.0,0.31046808510638296,1264627870.0,318,False,jpx_liquidity,JPX流動性
510,8876,リログループ,サービス業,プライム,8876.T,2026-10-05,2316.0,0.005863192182410382,0.015566761675071206,0.030707610146862407,0.08630393996247654,0.16323455549974897,2230.7418579101563,2143.6806193033854,0.03821963612128432,0.08038481998900182,0.0,0.25540804165603975,538500.0,592105.0,0.9094670708742537,1262196205.0,318,False,jpx_liquidity,JPX流動性
511,7988,ニフコ,化学,プライム,7988.T,2026-10-05,2434.0,0.015859766277128484,0.019689987431922962,-0.5178288431061806,-0.5285686616308347,-0.46902268760907506,3293.4250244140626,4494.475008138021,-0.2609517502427322,-0.4584462043747437,-0.5438530734632684,1.7327260996938896,539800.0,403275.0,1.3385406980348398,1250246715.0,318,False,jpx_liquidity,JPX流動性
512,9505,北陸電力,電気・ガス業,プライム,9505.T,2026-10-05,1051.0,-0.014995313964386137,-0.07847435335379216,0.0004759638267490818,0.14500487204028722,-0.05058717253839207,1096.1862487792969,1001.1870839436849,-0.041221324231731526,0.04975385405502997,-0.08600507263515877,0.30867493974893273,1205000.0,1112560.0,1.0830876536995757,1238051105.0,318,False,jpx_liquidity,JPX流動性
513,3046,ジンズホールディングス,小売業,プライム,3046.T,2026-10-05,5600.0,0.009009009009008917,-0.032815198618307395,0.020036429872495543,-0.2955974842767296,-0.0017825311942959443,5739.5,6278.8856201171875,-0.024305253070824984,-0.10812199189328708,-0.38596491228070173,0.22513626176016724,213100.0,223925.0,0.9516579211789662,1225356250.0,318,False,jpx_liquidity,JPX流動性
514,3116,トヨタ紡織,輸送用機器,プライム,3116.T,2026-10-05,2157.5,0.012435476302205428,-0.020875879282958976,-0.05102265229821856,-0.048091771453783405,-0.09081331647703328,2204.592810058594,2230.4226033528644,-0.021361228179521352,-0.032694523111110874,-0.1383785942492013,0.25628870199688614,459000.0,560475.0,0.8189482135688478,1222217600.0,318,False,jpx_liquidity,JPX流動性
515,8345,岩手銀行,銀行業,プライム,8345.T,2026-10-05,2791.0,-0.006761565836298944,-0.02820334261838442,0.11953469715202569,0.32841504045692527,0.6003440366972477,2690.2437377929687,2426.7979125976562,0.037452466031828724,0.15007516098136908,-0.030209170428034615,0.3500256870947014,493100.0,438820.0,1.1236953648420764,1220694865.0,318,False,jpx_liquidity,JPX流動性
516,6849,日本光電工業,電気機器,プライム,6849.T,2026-10-05,1582.0,0.012480000000000047,-0.01094091903719907,0.045604758757435526,0.05466666666666664,0.024611398963730657,1551.6852416992188,1536.0950805664063,0.01953666728671344,0.02988416538425942,-0.04641350210970463,0.22345044988935292,355900.0,793680.0,0.4484174982360649,1216542847.5,318,False,jpx_liquidity,JPX流動性
517,3687,フィックスターズ,情報・通信業,プライム,3687.T,2026-10-05,2231.0,-0.0227770477441962,0.018256503879507058,0.08406219630709422,-0.07388958073889584,0.7762738853503184,2206.5780395507813,2199.9926798502606,0.011067798197697432,0.014094283328183632,-0.38624484181568086,0.3169003602968819,672800.0,546055.0,1.2321103185576545,1202413910.0,318,False,jpx_liquidity,JPX流動性
518,8086,ニプロ,精密機器,プライム,8086.T,2026-10-05,1316.0,0.006885998469778221,-0.07519325368938856,-0.135632183908046,-0.15233494363929145,-0.19288561790861702,1419.8173034667968,1531.3974344889323,-0.07312018469792136,-0.1406541696086987,-0.24778508145184341,0.2090952441961023,863600.0,839170.0,1.0291120988595874,1201202862.5,318,False,jpx_liquidity,JPX流動性
519,2607,不二製油,食料品,プライム,2607.T,2026-10-05,4297.0,0.016800757217226625,-0.023630992956146346,-0.0776990770551621,0.049072265625,0.1909645232815964,4400.8817138671875,4284.477237955729,-0.02360475027989417,0.002922821466603498,-0.09154334038054968,0.2596522585925573,265300.0,284115.0,0.9337768157260264,1191420525.0,318,False,jpx_liquidity,JPX流動性
520,3291,飯田グループホールディングス,不動産業,プライム,3291.T,2026-10-05,2107.5,-0.003310475289666548,-0.04465095194922941,-0.1012793176972282,-0.0448674371176071,-0.14049755301794453,2210.3811279296874,2261.5020426432293,-0.04654451968925788,-0.06809723791504196,-0.15037290868776454,0.2064048383463445,520500.0,534805.0,0.9732519329475229,1189151827.5,318,False,jpx_liquidity,JPX流動性
521,4401,ＡＤＥＫＡ,化学,プライム,4401.T,2026-10-05,4733.0,0.026235906331309566,0.051310528653931486,0.022025480457784408,0.11286150952268992,0.2574388947927737,4511.461181640625,4392.853727213542,0.04910577957778428,0.07743173206047516,-0.008795811518324648,0.28498409625424165,247400.0,268455.0,0.9215697230448306,1185433435.0,318,False,jpx_liquidity,JPX流動性
522,1961,三機工業,建設業,プライム,1961.T,2026-10-05,2674.0,0.010200226671703838,0.04066939093208788,0.11976549413735338,-0.07761296998965161,0.08405401828896952,2487.940625,2460.680208333333,0.07478449169179813,0.08669139165025941,-0.14432,0.34905157518416513,415100.0,467990.0,0.8869847646317229,1181239405.0,318,False,jpx_liquidity,JPX流動性
523,6136,オーエスジー,機械,プライム,6136.T,2026-10-05,3750.0,0.0276788161140038,0.05514912774338776,0.051303616484440706,-0.06716417910447758,0.4371734839620889,3534.0,3706.85,0.06112054329371808,0.011640611300700154,-0.08558888076079008,0.28727980411316195,350700.0,331575.0,1.0576792580864058,1177550795.0,318,False,jpx_liquidity,JPX流動性
524,5463,丸一鋼管,鉄鋼,プライム,5463.T,2026-10-05,1692.0,0.015301530153015275,-0.0044130626654897975,-0.022530329289428108,-0.12399689360600574,0.16129032258064524,1707.6035095214843,1759.2011698404947,-0.009137665409142182,-0.03819982102819297,-0.12558139534883717,0.16728588707511033,851800.0,691635.0,1.2315744576257708,1177483407.5,318,False,jpx_liquidity,JPX流動性
525,1951,エクシオグループ,建設業,プライム,1951.T,2026-10-05,2534.0,0.0049573666468372135,-0.014199572067691069,-0.03466666666666662,-0.06563421828908556,-0.09273182957393489,2561.0423950195313,2605.064131673177,-0.010559136026846216,-0.027279225416816932,-0.15307486631016043,0.16254147421615647,381900.0,456560.0,0.8364727527597687,1168112270.0,318,False,jpx_liquidity,JPX流動性
526,4887,サワイグループホールディングス,医薬品,プライム,4887.T,2026-10-05,1598.0,0.005663939584644506,-0.02679658952496955,0.017834394904458595,-0.0855507868383405,-0.2986614000438885,1603.034600830078,1631.9282002766927,-0.003140668846119077,-0.020790253070533504,-0.2952590959206174,0.17903698122818543,678200.0,727420.0,0.9323362019191114,1160940475.0,318,False,jpx_liquidity,JPX流動性
527,4118,カネカ,化学,プライム,4118.T,2026-10-05,6011.0,0.008557046979865701,-0.00348143236074272,-0.025769854132901115,0.044120201493833555,0.19336906889021233,5986.786596679687,5943.028865559896,0.004044474097964601,0.01143712002376418,-0.052639873916469626,0.2189196310430464,171200.0,197695.0,0.8659804243911076,1156860195.0,318,False,jpx_liquidity,JPX流動性
528,2433,博報堂ＤＹホールディングス,サービス業,プライム,2433.T,2026-10-05,1285.0,-0.01001540832049308,-0.02281368821292773,-0.04638218923933213,0.05717811600164535,0.21340887629839478,1307.6155029296874,1288.330167643229,-0.017295223924018832,-0.0025848712751336267,-0.07719928186714542,0.2363923105935611,589100.0,884330.0,0.6661540375199303,1155738005.0,318,False,jpx_liquidity,JPX流動性
529,6472,ＮＴＮ,機械,プライム,6472.T,2026-10-05,386.0,0.02496015333016377,0.016056873391732118,0.033743991187660916,-0.06830796192808652,0.16651558513099451,377.1646759033203,380.37322387695315,0.023425640472610088,0.014792776593725465,-0.19482685666585975,0.34307109693714805,2868900.0,3033595.0,0.9457096283452472,1150432977.9249573,318,False,jpx_liquidity,JPX流動性
530,8111,ゴールドウイン,繊維製品,プライム,8111.T,2026-10-05,2114.5,0.005946717411988489,-0.01099158091674457,0.010996892182643991,-0.065827258670201,-0.05707915273132669,2105.9939880371094,2184.7729960123697,0.004038953582587768,-0.032164895913960656,-0.12840065952184665,0.18966027064891183,346600.0,555135.0,0.6243526349446531,1146888297.5,318,False,jpx_liquidity,JPX流動性
531,2121,ＭＩＸＩ,情報・通信業,プライム,2121.T,2026-10-05,3690.0,-0.0013531799729363803,-0.014686248331108098,-0.002702702702702675,0.2861624259323807,0.443661971830986,3673.0102416992186,3365.9534138997396,0.004625567908278283,0.09627185710952113,-0.02366701075279931,0.26274698030403537,138000.0,328875.0,0.41961231470923605,1141608575.0,318,False,jpx_liquidity,JPX流動性
532,6490,ＰＩＬＬＡＲ,機械,プライム,6490.T,2026-10-05,12180.0,0.05454545454545445,0.13938260056127216,0.3096774193548386,0.1711538461538462,0.6047430830039526,9952.5,9958.833333333334,0.223813112283346,0.22303482670326158,0.0,0.4817811178860034,203900.0,107175.0,1.9024959178912992,1139727250.0,318,True,jpx_liquidity,JPX流動性
533,8344,山形銀行,銀行業,プライム,8344.T,2026-10-05,5690.0,0.016071428571428514,0.006901433374624011,0.26164079822616415,0.41718555417185543,1.2062815044590929,5142.672778320312,4471.557592773437,0.10642855286982789,0.27248724453324913,-0.008710801393728262,0.45323382552262004,188500.0,214000.0,0.8808411214953271,1138922375.0,318,False,jpx_liquidity,JPX流動性
534,5947,リンナイ,金属製品,プライム,5947.T,2026-10-05,3363.0,0.004180352343983174,-0.006205673758865271,-0.07304299889746413,-0.07150745444505802,-0.08240109140518415,3427.6451416015625,3547.0317138671876,-0.01885992829799099,-0.05188330094363469,-0.11055276381909551,0.20093514015414826,331600.0,329640.0,1.005945880354326,1138147820.0,318,False,jpx_liquidity,JPX流動性
535,6480,日本トムソン,機械,プライム,6480.T,2026-10-05,1932.0,0.03205128205128216,0.04658721560130008,0.12064965197215782,-0.12737127371273715,1.008316008316008,1743.2380310058593,1804.6626770019532,0.10828238349367814,0.07056017981686735,-0.25116279069767444,0.4498135560599728,488600.0,666625.0,0.7329458091130696,1135658330.0,318,False,jpx_liquidity,JPX流動性
536,9031,西日本鉄道,陸運業,プライム,9031.T,2026-10-05,2834.5,0.0017670966601872617,-0.07096034087184533,-0.09382992327365725,-0.04352961025814073,-0.10044430339574739,3024.516564941406,3058.688854980469,-0.06282543370533245,-0.07329573735995465,-0.12650231124807398,0.20726663759795277,185600.0,363305.0,0.5108655262107595,1113458492.5,318,False,jpx_liquidity,JPX流動性
537,8060,キヤノンマーケティングジャパン,卸売業,プライム,8060.T,2026-10-05,3733.0,-0.00026780931976433386,0.01083130246412134,0.010284167794316623,0.034645232815964544,0.04273743016759779,3681.55,3620.7833333333333,0.013975092012874946,0.030992372737022933,-0.03064139184627368,0.18850302056852303,308200.0,301620.0,1.0218155294741729,1112743205.0,318,False,jpx_liquidity,JPX流動性
538,8714,池田泉州ホールディングス,銀行業,プライム,8714.T,2026-10-05,1126.0,0.007155635062611854,-0.004640883977900523,0.04452690166975892,0.10284035259549462,0.1991480298189563,1092.5488037109376,1059.2996012369792,0.030617576235901334,0.06296650983832386,-0.024263431542461023,0.28597246315403624,690600.0,1003545.0,0.6881604711298447,1106601350.0,318,False,jpx_liquidity,JPX流動性
539,1861,熊谷組,建設業,プライム,1861.T,2026-10-05,1235.0,-0.006436041834271933,-0.03816199376947038,-0.03666146645865831,-0.16100543478260865,-0.21884882985452248,1276.9382080078126,1348.3627360026042,-0.0328427857705359,-0.0840743614279067,-0.23812461443553357,0.19128244087175478,755400.0,875890.0,0.8624370640148877,1105567465.0,318,False,jpx_liquidity,JPX流動性
540,6875,メガチップス,電気機器,プライム,6875.T,2026-10-05,11790.0,0.019014693171996555,0.05267857142857135,0.11226415094339615,0.10186915887850456,0.36300578034682074,10920.5,10490.166666666666,0.07962089647909898,0.12390969320474743,-0.10068649885583525,0.32270021835477175,120000.0,100585.0,1.1930208281552916,1103246250.0,318,False,jpx_liquidity,JPX流動性
541,1860,戸田建設,建設業,プライム,1860.T,2026-10-05,1383.5,-0.014601139601139623,-0.052072627612196,-0.09840338872596932,-0.1512269938650307,-0.04355340477013481,1467.369091796875,1498.9480305989584,-0.05715609812536848,-0.07701936841187684,-0.15304560759106212,0.23000550311410278,934000.0,737270.0,1.2668357589485535,1095132670.0,318,False,jpx_liquidity,JPX流動性
542,8381,山陰合同銀行,銀行業,プライム,8381.T,2026-10-05,2575.0,0.016982622432859307,-0.027935069837674575,-0.021284682630178686,0.06098063452822422,0.36171337916446333,2576.8068969726564,2524.568965657552,-0.0007012155139678455,0.019976096921286768,-0.027935069837674575,0.22807254665305696,605400.0,409090.0,1.4798699552665673,1094075105.0,318,False,jpx_liquidity,JPX流動性
543,8362,福井銀行,銀行業,プライム,8362.T,2026-10-05,8440.0,0.023030303030302957,0.046497210167389946,0.20743919885550777,0.39504132231404965,1.4357864357864356,7689.663061523437,6753.387687174479,0.0975773492899843,0.24974314980148526,0.0,0.43745006827665567,126500.0,137545.0,0.9196990075975136,1091602700.0,318,False,jpx_liquidity,JPX流動性
544,9449,ＧＭＯインターネットグループ,情報・通信業,プライム,9449.T,2026-10-05,3954.0,-0.0035282258064516236,-0.009519038076152286,-0.01199400299850073,0.08447613823368072,0.3079722130334106,3939.65,4025.2166666666667,0.0036424555480816245,-0.01769262938226923,-0.08956942205848495,0.26404480281501735,302100.0,275745.0,1.0955774356742642,1083878225.0,318,False,jpx_liquidity,JPX流動性
545,6436,アマノ,機械,プライム,6436.T,2026-10-05,3734.0,-0.0018711574445335888,-0.02404600104547827,-0.058497226424609194,-0.002937249666221664,-0.04305484366991286,3840.7475830078124,3858.5491943359375,-0.02779343882948304,-0.03227876283624076,-0.07551374102500619,0.11114052079089831,303000.0,275785.0,1.0986819442681799,1078116345.0,318,False,jpx_liquidity,JPX流動性
546,2767,円谷フィールズホールディングス,卸売業,プライム,2767.T,2026-10-05,2425.0,-0.035785288270377746,-0.024144869215291798,-0.032322426177174735,0.6782006920415224,0.6701101928374655,2503.7883544921874,2237.3961181640625,-0.03146765754015457,0.08384920323803868,-0.07159264931087295,0.2941123637787094,408600.0,422905.0,0.9661744363391306,1077201560.0,318,False,jpx_liquidity,JPX流動性
547,7322,三十三フィナンシャルグループ,銀行業,プライム,7322.T,2026-10-05,2262.0,0.0031042128603104846,-0.012227074235807822,0.05799812909260993,0.24559471365638763,0.44907110826393337,2141.1167602539062,2015.6222534179688,0.05645803255108728,0.12223408734659436,-0.012227074235807822,0.44946973889339376,320000.0,504900.0,0.6337888690829867,1073654415.0,318,False,jpx_liquidity,JPX流動性
548,2371,カカクコム,サービス業,プライム,2371.T,2026-10-05,3810.0,0.0,0.0,0.03252032520325199,0.06513838412077155,0.7112059285874692,3777.75,3705.5333333333333,0.008536827476672615,0.028192073115880678,-0.010389610389610393,0.12378186939528961,251500.0,284675.0,0.8834635988407834,1072533425.0,318,False,jpx_liquidity,JPX流動性
549,3445,ＲＳ　Ｔｅｃｈｎｏｌｏｇｉｅｓ,金属製品,プライム,3445.T,2026-10-05,6590.0,0.03779527559055129,0.10385259631490795,0.18100358422939067,-0.17211055276381915,0.7667560321715818,5814.0,6277.166666666667,0.13347093223254225,0.04983670976820753,-0.22011834319526624,0.44436734870352945,173700.0,185540.0,0.936186267112213,1071529300.0,318,False,jpx_liquidity,JPX流動性
550,9533,東邦瓦斯,電気・ガス業,プライム,9533.T,2026-10-05,1240.0,-0.008000000000000007,-0.0014093013891685047,-0.009188973232121422,-0.011558389796731738,-0.04024767801857587,1268.4485900878906,1219.8411966959636,-0.02242786212243686,0.016525760368347964,-0.0845330380214101,0.29236372938374866,490300.0,860295.0,0.5699207829872311,1071150410.0,318,False,jpx_liquidity,JPX流動性
551,3401,帝人,繊維製品,プライム,3401.T,2026-10-05,1641.5,0.007055214723926451,-0.014114114114114118,-0.0707613925842061,-0.05769230769230771,-0.02233472304943418,1670.2607116699219,1700.986903889974,-0.017219294849584843,-0.034971994054706634,-0.1005479452054795,0.27553093141206897,592100.0,638685.0,0.9270610707938969,1067724422.5,318,False,jpx_liquidity,JPX流動性
552,2784,アルフレッサ　ホールディングス,卸売業,プライム,2784.T,2026-10-05,2226.0,0.0024769196126999127,-0.03678061445261793,-0.04484016305513838,0.009066183136899442,-0.13012895662368118,2293.7843627929688,2290.311454264323,-0.029551323085328263,-0.028079785456507134,-0.13486202876020215,0.17841421770675636,408500.0,467350.0,0.8740772440355195,1063141192.5,318,False,jpx_liquidity,JPX流動性
553,2810,ハウス食品グループ本社,食料品,プライム,2810.T,2026-10-05,4037.0,0.015342052313883192,0.003479990057171367,0.028011204481792618,0.03752248779234124,0.302258064516129,3932.501904296875,3871.667301432292,0.026572929459727446,0.0427032298220833,-0.017522511559990295,0.14994507615883274,234000.0,269735.0,0.867518119635939,1062237420.0,318,False,jpx_liquidity,JPX流動性
554,7148,ＦＰＧ,証券、商品先物取引業,プライム,7148.T,2026-10-05,1590.0,-0.009345794392523366,-0.04254359640827421,-0.05749851807943096,0.014030612244897878,-0.020332717190388205,1659.3182250976563,1636.5894083658854,-0.041775124294543775,-0.028467377417775386,-0.08092485549132944,0.24362020357253286,819500.0,623975.0,1.3133539003966506,1060069885.0,318,False,jpx_liquidity,JPX流動性
555,7717,ブイ・テクノロジー,精密機器,プライム,7717.T,2026-10-05,6950.0,0.06431852986217468,0.16610738255033564,0.29664179104477606,-0.11238825031928479,0.6144018583042974,5883.363354492188,5938.371118164063,0.18129708828766988,0.17035460763669774,-0.2590618336886994,0.5365953338256187,300600.0,166265.0,1.8079571767960785,1045208850.0,318,True,jpx_liquidity,JPX流動性
556,8360,山梨中央銀行,銀行業,プライム,8360.T,2026-10-05,1517.0,0.007973421926910307,0.04153793340199097,-0.7898891966759003,-0.765533230293663,-0.7266666666666667,3397.360028076172,5756.286676025391,-0.5534768209835466,-0.7364620482996062,-0.8001317523056654,2.775680374640968,743800.0,468445.0,1.5878064660739255,1043176210.0,318,False,jpx_liquidity,JPX流動性
557,5232,住友大阪セメント,ガラス・土石製品,プライム,5232.T,2026-10-05,1867.0,0.000535905680600246,0.021893814997263172,-0.6562960235640648,-0.6823749574685267,-0.5047745358090185,3114.1324096679687,4793.54413655599,-0.4004750747900726,-0.610517824220686,-0.7069993722536095,2.326005426609231,849500.0,390050.0,2.1779259069350085,1039511041.7004395,318,False,jpx_liquidity,JPX流動性
558,8242,エイチ・ツー・オー　リテイリング,小売業,プライム,8242.T,2026-10-05,2756.5,0.016408554572271417,-0.024593064401981612,-0.058893820416524356,-0.04767662808775264,0.07886497064579245,2817.409814453125,2857.3949381510415,-0.02161908222959319,-0.03531011299975506,-0.09504267892317797,0.16267866447384072,336800.0,372715.0,0.9036395100814295,1035268317.5,318,False,jpx_liquidity,JPX流動性
559,4206,アイカ工業,化学,プライム,4206.T,2026-10-05,4246.0,0.01384909264565426,0.0059227671167969564,0.018225419664268605,0.13620551244313628,0.14849878279686224,4163.172216796875,3993.3407389322915,0.019895353564511664,0.06327014837588396,-0.011122839313693178,0.21582575113843283,311900.0,240265.0,1.2981499594198074,1030654590.0,318,False,jpx_liquidity,JPX流動性
560,8698,マネックスグループ,証券、商品先物取引業,プライム,8698.T,2026-10-05,682.0,-0.008720930232558155,-0.03617859874110241,-0.0448179271708683,-0.008720930232558155,-0.004379562043795637,706.4925933837891,715.5475311279297,-0.03466787000056193,-0.046883721442023796,-0.11197916666666663,0.21438192314928334,1418300.0,1440710.0,0.9844451693956452,1017002440.0,318,False,jpx_liquidity,JPX流動性
561,8616,東海東京フィナンシャル・ホールディングス,証券、商品先物取引業,プライム,8616.T,2026-10-05,889.0,-0.0033632286995515237,0.011376564277588264,-0.0011235955056180247,0.16361256544502623,0.19650067294751006,878.1827362060546,842.5109120686849,0.012317782333866267,0.05517921164625239,-0.033695652173913015,0.160165751582191,1776300.0,1119740.0,1.586350402772072,1015920660.0,318,False,jpx_liquidity,JPX流動性
562,3048,ビックカメラ,小売業,プライム,3048.T,2026-10-05,1641.0,-0.002431610942249196,-0.031858407079646045,-0.06282124500285546,0.003056234718826323,-0.10499045541314422,1712.55,1719.299863688151,-0.04177980204957521,-0.04554171459083711,-0.11916264090177131,0.1644683803022402,505500.0,593090.0,0.8523158373939874,1012291177.5,318,False,jpx_liquidity,JPX流動性
563,9045,京阪ホールディングス,陸運業,プライム,9045.T,2026-10-05,3098.0,-0.0012894906511927706,-0.0315723663644889,-0.03368683718028698,-0.034890965732087276,-0.07660208643815203,3190.25,3204.6,-0.02891622913564773,-0.03326468201959676,-0.09784507862550962,0.1797874219488456,273200.0,314770.0,0.8679353178511294,1009337175.0,318,False,jpx_liquidity,JPX流動性
564,6707,サンケン電気,電気機器,プライム,6707.T,2026-10-05,7261.0,0.04504893494530804,0.045952175165658415,0.05125235268568118,-0.32044922788956476,-0.12475891996142718,6852.25,8034.383333333333,0.05965193914407685,-0.09625920263534016,-0.3788708297690334,0.28717648606074936,214800.0,143605.0,1.4957696459036942,1007313830.0,318,True,jpx_liquidity,JPX流動性
565,5384,フジミインコーポレーテッド,ガラス・土石製品,プライム,5384.T,2026-10-05,3710.0,0.042134831460674205,0.09552635464343728,0.1259484066767831,-0.1421965317919075,0.333093783686669,3360.904736328125,3720.9682454427084,0.10386943131666104,-0.002947685849279069,-0.27111984282907664,0.36064862703253286,317900.0,298155.0,1.0662239439217855,1003420875.0,318,True,jpx_liquidity,JPX流動性
566,8012,長瀬産業,卸売業,プライム,8012.T,2026-10-05,1181.5,0.026052974381241878,0.015907136715391124,0.01634408602150539,-0.029568788501026733,-0.001267962806424383,1147.010565185547,1174.136855061849,0.03006897744562087,0.006271113036276477,-0.07151277013752455,0.22797812540731754,1058700.0,872530.0,1.2133680217299119,1001428452.5,318,False,jpx_liquidity,JPX流動性
567,6544,ジャパンエレベーターサービスホールディングス,サービス業,プライム,6544.T,2026-10-05,1485.0,0.003039513677811634,-0.007021063189568744,0.0037174721189590088,-0.19424850786760717,-0.06750392464678179,1486.725,1587.6916666666666,-0.001160268375119733,-0.06467985492565198,-0.21490880253766853,0.2406225606042363,616800.0,695340.0,0.8870480628181897,998630335.0,318,False,jpx_liquidity,JPX流動性
568,8022,美津濃,その他製品,プライム,8022.T,2026-10-05,4300.0,0.0213776722090262,0.04318292091217857,0.050061050061050105,0.2703101920236337,0.2320916905444126,4061.7503173828127,3923.1667724609374,0.05865690010475677,0.09605332869973338,-0.002320185614849146,0.309462619843149,348000.0,242535.0,1.434844455439421,994510975.0,318,False,jpx_liquidity,JPX流動性
569,6258,平田機工,機械,プライム,6258.T,2026-10-05,4075.0,0.05025773195876293,0.07661822985468958,0.19852941176470584,0.3060897435897436,0.6824938067712634,3664.5,3361.366666666667,0.11202073952790292,0.21230451899524994,0.0,0.3438034948995979,343500.0,265610.0,1.2932495011483,989875175.0,318,True,jpx_liquidity,JPX流動性
570,4483,ＪＭＤＣ,情報・通信業,プライム,4483.T,2026-10-05,3630.0,0.0013793103448276334,0.012552301255230214,0.07875185735512624,0.16346153846153855,0.022535211267605604,3574.25,3396.0,0.015597677834510826,0.06890459363957602,-0.028112449799196804,0.36366057300399396,195800.0,278255.0,0.7036710930621193,987071325.0,318,False,jpx_liquidity,JPX流動性
571,9759,ＮＳＤ,情報・通信業,プライム,9759.T,2026-10-05,2948.5,-0.010736453615165287,0.008034188034188094,0.019889311656866138,0.1223829463266084,0.04316292234211927,2892.1,2821.725,0.01950140036651571,0.04492819108878443,-0.015032570569567416,0.2266165167818377,246900.0,336475.0,0.7337840849988855,980998407.5,318,False,jpx_liquidity,JPX流動性
572,2206,江崎グリコ,食料品,プライム,2206.T,2026-10-05,5020.0,0.007829753061634248,0.0,-0.021823850350740415,-0.06255835667600373,-0.1541701769165965,5020.9,5105.766666666666,-0.00017925073194036134,-0.01679799964745743,-0.15828303152246814,0.13304937618583162,274500.0,192905.0,1.4229802234260387,978147135.0,318,False,jpx_liquidity,JPX流動性
573,2175,エス・エム・エス,サービス業,プライム,2175.T,2026-10-05,2596.0,0.010903426791277315,-0.015174506828528056,0.03881552621048412,0.16048278945015637,0.5397390272835112,2611.1,2445.4666666666667,-0.005783003331929049,0.06155607654980644,-0.0370919881305638,0.25602126086036653,273800.0,396315.0,0.6908645900357039,974603040.0,318,False,jpx_liquidity,JPX流動性
574,9987,スズケン,卸売業,プライム,9987.T,2026-10-05,2576.5,0.007035372288450192,-0.003866228494104007,-0.5028940767895042,-0.48848520945006946,-0.5788656423667866,3479.321044921875,4545.023681640625,-0.2594819602058731,-0.433116265068622,-0.5876940310449672,1.7106872450447115,353900.0,300280.0,1.178566671106967,972993887.5,318,False,jpx_liquidity,JPX流動性
575,9076,セイノーホールディングス,陸運業,プライム,9076.T,2026-10-05,2614.5,0.01711729235557291,-0.02571268865287868,-0.047887836853605203,-0.022068449597905326,0.04433792690233673,2665.360070800781,2703.7950236002603,-0.019081876162983402,-0.03302581106217095,-0.0751680226388397,0.18201734906808392,391500.0,366250.0,1.0689419795221844,969191462.5,318,False,jpx_liquidity,JPX流動性
576,8570,イオンフィナンシャルサービス,その他金融業,プライム,8570.T,2026-10-05,1484.5,0.0074652188666439745,-0.07937984496124029,-0.0953686776355881,-0.024318107131120592,-0.07995041834521233,1598.775,1598.7618916829426,-0.07147659927131711,-0.07146898626828313,-0.12621331877911235,0.20794090003173635,658900.0,597905.0,1.1020145340815013,967374702.5,318,False,jpx_liquidity,JPX流動性
577,7164,全国保証,その他金融業,プライム,7164.T,2026-10-05,3003.0,0.004347826086956497,-0.025948751216347765,-0.0633187772925764,-0.039039999999999964,-0.06623134328358204,3097.4670166015626,3121.2223388671873,-0.030498150939217594,-0.03787693603080344,-0.07968127490039845,0.12472336829223069,320600.0,310000.0,1.0341935483870968,956008535.0,318,False,jpx_liquidity,JPX流動性
578,9110,ＮＳユナイテッド海運,海運業,プライム,9110.T,2026-10-05,10510.0,0.0,0.0,0.0038204393505252288,0.5410557184750733,0.3596377749029753,10498.5,9478.5,0.001095394580178155,0.10882523606055816,-0.0009505703422053591,0.0122884470850224,40000.0,133490.0,0.29964791370140087,951533100.0,318,False,jpx_liquidity,JPX流動性
579,8386,百十四銀行,銀行業,プライム,8386.T,2026-10-05,3250.0,0.012461059190031154,-0.001536098310291889,0.045016077170418,0.2343334599316369,0.43361270401411556,3120.76435546875,2970.90478515625,0.04141153570431566,0.09394283392662528,-0.001536098310291889,0.24899877519579783,236900.0,300810.0,0.7875403078355108,948509200.0,318,False,jpx_liquidity,JPX流動性
580,4413,ボードルア,情報・通信業,プライム,4413.T,2026-10-05,2953.0,0.0,-0.004383007417397167,-0.003374957813027324,0.003397893306150257,0.4468397844194023,2963.85,2960.65,-0.0036607790542706464,-0.0025838920507321728,-0.08291925465838512,0.019550161754903633,67000.0,346055.0,0.1936108422071636,946916555.0,318,False,jpx_liquidity,JPX流動性
581,3097,物語コーポレーション,小売業,プライム,3097.T,2026-10-05,5550.0,0.007259528130671544,0.0412757973733584,0.0,0.12462006079027366,0.1671924290220821,5497.0,5430.166666666667,0.009641622703292718,0.022068076486295718,-0.05772495755517826,0.2618269869552103,140900.0,174120.0,0.8092120376751666,944557350.0,318,False,jpx_liquidity,JPX流動性
582,2146,ＵＴグループ,サービス業,プライム,2146.T,2026-10-05,238.0,-0.004184100418409997,0.0,0.02586206896551735,0.34463276836158196,0.202020202020202,232.85,211.98333333333332,0.02211724286021055,0.12272977435332977,-0.016528925619834656,0.2585824884648011,3542500.0,4175460.0,0.8484095165562596,944524535.0,318,True,jpx_liquidity,JPX流動性
583,9936,王将フードサービス,小売業,プライム,9936.T,2026-10-05,2868.0,-0.0020876826722338038,-0.013415892672858587,-0.026146010186757218,-0.018144471071550816,-0.0733441033925687,2911.814245605469,2929.4547485351563,-0.015047060667277679,-0.020978220798899883,-0.07929373996789724,0.1391640114210421,253700.0,320275.0,0.7921317617672313,940757100.0,318,False,jpx_liquidity,JPX流動性
584,8174,日本瓦斯,小売業,プライム,8174.T,2026-10-05,932.0999755859375,-0.007876556055415151,-0.032422150237343295,-0.6928830393456549,-0.675791312839674,-0.678586215315194,1681.0765594482423,2491.9921864827475,-0.4455338929406829,-0.6259619188848566,-0.7019187797934322,2.284998419103736,773500.0,744355.0,1.0391547044085148,938036298.454895,318,False,jpx_liquidity,JPX流動性
585,8424,芙蓉総合リース,その他金融業,プライム,8424.T,2026-10-05,4266.0,-0.005594405594405605,-0.04005400540054005,-0.043283247364879984,0.005894836123555791,-0.025804978305549175,4408.542041015625,4409.597347005209,-0.03233314771401985,-0.03256472999801974,-0.07079067741232847,0.19595847172880787,227400.0,204435.0,1.112333993689926,928389535.0,318,False,jpx_liquidity,JPX流動性
586,6768,タムラ製作所,電気機器,プライム,6768.T,2026-10-05,983.0,0.027168234064785857,0.08980044345898008,0.23028785982478106,0.013402061855670055,0.5603174603174603,843.1897796630859,839.1632598876953,0.16581109461831733,0.1714049541820435,-0.12388591800356508,0.4255894677667444,861100.0,1069450.0,0.8051802328299593,924134380.0,318,False,jpx_liquidity,JPX流動性
587,2811,カゴメ,食料品,プライム,2811.T,2026-10-05,2636.0,0.007645259938837912,-0.01236418134132633,-0.043194192377495444,-0.015499533146591915,-0.0878892733564014,2705.55,2699.5833333333335,-0.02570641828833331,-0.023553017440963164,-0.09478021978021978,0.1537864641714932,234000.0,343295.0,0.681629502323075,922140512.5,318,False,jpx_liquidity,JPX流動性
588,1833,奥村組,建設業,プライム,1833.T,2026-10-05,5330.0,-0.005597014925373123,-0.04308797127468578,-0.0762564991334489,-0.07465277777777779,-0.16326530612244894,5583.447534179688,5685.649178059896,-0.04539265975513895,-0.06255207926516038,-0.18125960061443935,0.20236579397367319,175000.0,164450.0,1.0641532380662815,915739550.0,318,False,jpx_liquidity,JPX流動性
589,7599,ＩＤＯＭ,卸売業,プライム,7599.T,2026-10-05,1155.0,0.0060975609756097615,-0.03266331658291455,-0.0730337078651685,-0.22999999999999998,-0.17676407697790453,1206.8,1267.0643981933595,-0.04292343387470998,-0.08844412198239193,-0.22999999999999998,0.1435526779051729,523400.0,773395.0,0.6767563793404405,912370570.0,318,False,jpx_liquidity,JPX流動性
590,8153,モスフードサービス,卸売業,プライム,8153.T,2026-10-05,3775.0,-0.005270092226614009,-0.021513737687921197,-0.03080872913992294,0.010709504685408211,-0.13118527042577677,3890.6030517578124,3853.7010172526043,-0.029713401809414064,-0.020422190746056446,-0.13714285714285712,0.13180734068881256,89800.0,234480.0,0.38297509382463324,912012575.0,318,False,jpx_liquidity,JPX流動性
591,8544,京葉銀行,銀行業,プライム,8544.T,2026-10-05,2963.0,0.012299282541851753,-0.0003373819163292602,0.05145493257629519,0.11474793077501877,0.30701367445963834,2865.5847900390627,2761.828263346354,0.03399487961394754,0.0728400600875514,-0.005704697986577134,0.3348714941530367,353700.0,309805.0,1.1416858991946548,911978515.0,318,False,jpx_liquidity,JPX流動性
592,6264,マルマエ,機械,プライム,6264.T,2026-10-05,2230.0,0.05387523629489599,0.15185950413223148,0.19251336898395732,-0.14395393474088292,0.5649122807017544,1934.8,2013.2819010416667,0.15257390944800497,0.1076441897412399,-0.2818035426731079,0.45224825877565267,712300.0,464185.0,1.5345174876396264,911578795.0,318,True,jpx_liquidity,JPX流動性
593,8393,宮崎銀行,銀行業,プライム,8393.T,2026-10-05,2967.0,0.024162927166033743,-0.006695681285570854,0.1603441533046539,0.32455357142857144,0.5640484976278335,2767.2621337890623,2519.854044596354,0.0721788744810552,0.17744914883563134,-0.010010010010010006,0.35765774629743313,339900.0,314775.0,1.0798189182749582,906198965.0,318,False,jpx_liquidity,JPX流動性
594,6999,ＫＯＡ,電気機器,プライム,6999.T,2026-10-05,2531.0,0.058552906733584376,0.1347231562429949,0.1504545454545454,-0.08297101449275357,0.5928256765261171,2231.1392333984377,2338.513077799479,0.1343980519516117,0.08231167233054326,-0.17557003257328985,0.44627830598750473,584400.0,392695.0,1.488177847948153,902461055.0,318,True,jpx_liquidity,JPX流動性
595,8173,Ｊｏｓｈｉｎ,小売業,プライム,8173.T,2026-10-05,4265.0,0.00946745562130169,-0.019540229885057436,0.017899761336515496,0.17655172413793108,0.42737617135207495,4243.576708984375,4057.775569661458,0.005048404326065015,0.05106847995435859,-0.0657174151150055,0.2202869909085065,247400.0,208185.0,1.1883661166750727,901388150.0,318,False,jpx_liquidity,JPX流動性
596,2695,くら寿司,小売業,プライム,2695.T,2026-10-05,1675.0,-0.004161712247324645,-0.02785838653511319,-0.03179190751445082,0.033950617283950546,-0.048295454545454586,1697.35,1677.0,-0.013167584764485762,-0.0011926058437686793,-0.07073509015256585,0.24795110242143065,251500.0,529055.0,0.47537590609671965,900203895.0,318,False,jpx_liquidity,JPX流動性
597,7458,第一興商,卸売業,プライム,7458.T,2026-10-05,1742.5,-0.012747875354107596,-0.05683355886332886,-0.07289172652301146,0.0002870264064294137,-0.016647855530473987,1827.8591735839843,1821.7113911946615,-0.046698987984186924,-0.043481855346315545,-0.08361819616092558,0.16982902372182032,207800.0,482955.0,0.4302678303361597,895897412.5,318,False,jpx_liquidity,JPX流動性
598,6058,ベクトル,サービス業,プライム,6058.T,2026-10-05,1988.0,-0.037288135593220306,0.021058038007190527,0.033264033264033266,0.060832443970117334,0.518716577540107,1965.6,1895.2833333333333,0.01139601139601143,0.04891968659039536,-0.09140767824497253,0.3823007429824166,814600.0,443875.0,1.8352013517319066,893911145.0,318,False,jpx_liquidity,JPX流動性
599,9409,テレビ朝日ホールディングス,情報・通信業,プライム,9409.T,2026-10-05,2986.0,0.0003350083752093891,-0.016144975288303165,-0.04752791068580542,-0.06541471048513303,-0.12047128129602358,3060.048864746094,3107.0996215820314,-0.024198588983067815,-0.038975133188800526,-0.13449275362318835,0.13502077739623877,321000.0,281500.0,1.1403197158081706,881465990.0,318,False,jpx_liquidity,JPX流動性
600,8078,阪和興業,卸売業,プライム,8078.T,2026-10-05,1844.0,-0.00753498385360607,-0.025884838880084526,-0.055811571940604154,0.05251141552511407,0.14321140731556103,1889.7373901367187,1812.7791300455729,-0.02420304026127651,0.017222655224214956,-0.05822267620020427,0.21856233832079267,411400.0,483710.0,0.8505096028612185,879668395.0,318,False,jpx_liquidity,JPX流動性
