evaluation_version,factor_key,factor_label,group_name,group_value,horizon,horizon_label,ic_count,mean_ic,median_ic,positive_ic_rate,status
v4,score,総合スコア,全体,全体,1d,1営業日,1,-0.06721312459241675,-0.06721312459241675,0.0,サンプル不足
v4,score,総合スコア,全体,全体,3d,3営業日,1,0.1907482193146812,0.1907482193146812,1.0,サンプル不足
v4,score,総合スコア,全体,全体,5d,5営業日,1,0.222467581567651,0.222467581567651,1.0,サンプル不足
v4,score,総合スコア,全体,全体,10d,10営業日,1,0.025412693745994547,0.025412693745994547,1.0,サンプル不足
v4,score,総合スコア,業種,その他製品,1d,1営業日,0,,,,サンプル不足
v4,score,総合スコア,業種,その他製品,3d,3営業日,0,,,,サンプル不足
v4,score,総合スコア,業種,その他製品,5d,5営業日,0,,,,サンプル不足
v4,score,総合スコア,業種,その他製品,10d,10営業日,0,,,,サンプル不足
v4,score,総合スコア,業種,その他金融業,1d,1営業日,0,,,,サンプル不足
v4,score,総合スコア,業種,その他金融業,3d,3営業日,0,,,,サンプル不足
v4,score,総合スコア,業種,その他金融業,5d,5営業日,0,,,,サンプル不足
v4,score,総合スコア,業種,その他金融業,10d,10営業日,0,,,,サンプル不足
v4,score,総合スコア,業種,ガラス・土石製品,1d,1営業日,0,,,,サンプル不足
v4,score,総合スコア,業種,ガラス・土石製品,3d,3営業日,0,,,,サンプル不足
v4,score,総合スコア,業種,ガラス・土石製品,5d,5営業日,0,,,,サンプル不足
v4,score,総合スコア,業種,ガラス・土石製品,10d,10営業日,0,,,,サンプル不足
v4,score,総合スコア,業種,ゴム製品,1d,1営業日,0,,,,サンプル不足
v4,score,総合スコア,業種,ゴム製品,3d,3営業日,0,,,,サンプル不足
v4,score,総合スコア,業種,ゴム製品,5d,5営業日,0,,,,サンプル不足
v4,score,総合スコア,業種,ゴム製品,10d,10営業日,0,,,,サンプル不足
v4,score,総合スコア,業種,サービス業,1d,1営業日,1,-0.08571428571428573,-0.08571428571428573,0.0,サンプル不足
v4,score,総合スコア,業種,サービス業,3d,3営業日,1,0.08571428571428573,0.08571428571428573,1.0,サンプル不足
v4,score,総合スコア,業種,サービス業,5d,5営業日,1,0.14285714285714288,0.14285714285714288,1.0,サンプル不足
v4,score,総合スコア,業種,サービス業,10d,10営業日,1,0.3714285714285715,0.3714285714285715,1.0,サンプル不足
v4,score,総合スコア,業種,不動産業,1d,1営業日,0,,,,サンプル不足
v4,score,総合スコア,業種,不動産業,3d,3営業日,0,,,,サンプル不足
v4,score,総合スコア,業種,不動産業,5d,5営業日,0,,,,サンプル不足
v4,score,総合スコア,業種,不動産業,10d,10営業日,0,,,,サンプル不足
v4,score,総合スコア,業種,保険業,1d,1営業日,0,,,,サンプル不足
v4,score,総合スコア,業種,保険業,3d,3営業日,0,,,,サンプル不足
v4,score,総合スコア,業種,保険業,5d,5営業日,0,,,,サンプル不足
v4,score,総合スコア,業種,保険業,10d,10営業日,0,,,,サンプル不足
v4,score,総合スコア,業種,化学,1d,1営業日,1,-0.5659340659340659,-0.5659340659340659,0.0,サンプル不足
v4,score,総合スコア,業種,化学,3d,3営業日,1,-0.2967032967032967,-0.2967032967032967,0.0,サンプル不足
v4,score,総合スコア,業種,化学,5d,5営業日,1,-0.08241758241758242,-0.08241758241758242,0.0,サンプル不足
v4,score,総合スコア,業種,化学,10d,10営業日,1,0.15934065934065936,0.15934065934065936,1.0,サンプル不足
v4,score,総合スコア,業種,卸売業,1d,1営業日,0,,,,サンプル不足
v4,score,総合スコア,業種,卸売業,3d,3営業日,0,,,,サンプル不足
v4,score,総合スコア,業種,卸売業,5d,5営業日,0,,,,サンプル不足
v4,score,総合スコア,業種,卸売業,10d,10営業日,0,,,,サンプル不足
v4,score,総合スコア,業種,小売業,1d,1営業日,1,-0.5,-0.5,0.0,サンプル不足
v4,score,総合スコア,業種,小売業,3d,3営業日,1,-0.5,-0.5,0.0,サンプル不足
v4,score,総合スコア,業種,小売業,5d,5営業日,1,-0.5,-0.5,0.0,サンプル不足
v4,score,総合スコア,業種,小売業,10d,10営業日,1,0.5,0.5,1.0,サンプル不足
v4,score,総合スコア,業種,建設業,1d,1営業日,0,,,,サンプル不足
v4,score,総合スコア,業種,建設業,3d,3営業日,0,,,,サンプル不足
v4,score,総合スコア,業種,建設業,5d,5営業日,0,,,,サンプル不足
v4,score,総合スコア,業種,建設業,10d,10営業日,0,,,,サンプル不足
v4,score,総合スコア,業種,情報・通信業,1d,1営業日,1,-0.5,-0.5,0.0,サンプル不足
v4,score,総合スコア,業種,情報・通信業,3d,3営業日,1,-1.0,-1.0,0.0,サンプル不足
v4,score,総合スコア,業種,情報・通信業,5d,5営業日,1,-0.5,-0.5,0.0,サンプル不足
v4,score,総合スコア,業種,情報・通信業,10d,10営業日,1,-0.5,-0.5,0.0,サンプル不足
v4,score,総合スコア,業種,機械,1d,1営業日,1,-0.015584415584415586,-0.015584415584415586,0.0,サンプル不足
v4,score,総合スコア,業種,機械,3d,3営業日,1,-0.02077922077922078,-0.02077922077922078,0.0,サンプル不足
v4,score,総合スコア,業種,機械,5d,5営業日,1,0.05454545454545454,0.05454545454545454,1.0,サンプル不足
v4,score,総合スコア,業種,機械,10d,10営業日,1,-0.22987012987012984,-0.22987012987012984,0.0,サンプル不足
v4,score,総合スコア,業種,海運業,1d,1営業日,0,,,,サンプル不足
v4,score,総合スコア,業種,海運業,3d,3営業日,0,,,,サンプル不足
v4,score,総合スコア,業種,海運業,5d,5営業日,0,,,,サンプル不足
v4,score,総合スコア,業種,海運業,10d,10営業日,0,,,,サンプル不足
v4,score,総合スコア,業種,空運業,1d,1営業日,0,,,,サンプル不足
v4,score,総合スコア,業種,空運業,3d,3営業日,0,,,,サンプル不足
v4,score,総合スコア,業種,空運業,5d,5営業日,0,,,,サンプル不足
v4,score,総合スコア,業種,空運業,10d,10営業日,0,,,,サンプル不足
v4,score,総合スコア,業種,繊維製品,1d,1営業日,0,,,,サンプル不足
v4,score,総合スコア,業種,繊維製品,3d,3営業日,0,,,,サンプル不足
v4,score,総合スコア,業種,繊維製品,5d,5営業日,0,,,,サンプル不足
v4,score,総合スコア,業種,繊維製品,10d,10営業日,0,,,,サンプル不足
v4,score,総合スコア,業種,証券、商品先物取引業,1d,1営業日,0,,,,サンプル不足
v4,score,総合スコア,業種,証券、商品先物取引業,3d,3営業日,0,,,,サンプル不足
v4,score,総合スコア,業種,証券、商品先物取引業,5d,5営業日,0,,,,サンプル不足
v4,score,総合スコア,業種,証券、商品先物取引業,10d,10営業日,0,,,,サンプル不足
v4,score,総合スコア,業種,輸送用機器,1d,1営業日,1,-1.0,-1.0,0.0,サンプル不足
v4,score,総合スコア,業種,輸送用機器,3d,3営業日,1,0.5,0.5,1.0,サンプル不足
v4,score,総合スコア,業種,輸送用機器,5d,5営業日,1,0.5,0.5,1.0,サンプル不足
v4,score,総合スコア,業種,輸送用機器,10d,10営業日,1,-0.5,-0.5,0.0,サンプル不足
v4,score,総合スコア,業種,金属製品,1d,1営業日,1,-1.0,-1.0,0.0,サンプル不足
v4,score,総合スコア,業種,金属製品,3d,3営業日,1,-1.0,-1.0,0.0,サンプル不足
v4,score,総合スコア,業種,金属製品,5d,5営業日,1,-0.5,-0.5,0.0,サンプル不足
v4,score,総合スコア,業種,金属製品,10d,10営業日,1,-0.5,-0.5,0.0,サンプル不足
v4,score,総合スコア,業種,鉄鋼,1d,1営業日,0,,,,サンプル不足
v4,score,総合スコア,業種,鉄鋼,3d,3営業日,0,,,,サンプル不足
v4,score,総合スコア,業種,鉄鋼,5d,5営業日,0,,,,サンプル不足
v4,score,総合スコア,業種,鉄鋼,10d,10営業日,0,,,,サンプル不足
v4,score,総合スコア,業種,銀行業,1d,1営業日,1,-0.19999999999999998,-0.19999999999999998,0.0,サンプル不足
v4,score,総合スコア,業種,銀行業,3d,3営業日,1,0.7,0.7,1.0,サンプル不足
v4,score,総合スコア,業種,銀行業,5d,5営業日,1,0.39999999999999997,0.39999999999999997,1.0,サンプル不足
v4,score,総合スコア,業種,銀行業,10d,10営業日,1,0.09999999999999999,0.09999999999999999,1.0,サンプル不足
v4,score,総合スコア,業種,電気機器,1d,1営業日,1,0.0694522868435912,0.0694522868435912,1.0,サンプル不足
v4,score,総合スコア,業種,電気機器,3d,3営業日,1,0.08639186900056467,0.08639186900056467,1.0,サンプル不足
v4,score,総合スコア,業種,電気機器,5d,5営業日,1,-0.09203839638622249,-0.09203839638622249,0.0,サンプル不足
v4,score,総合スコア,業種,電気機器,10d,10営業日,1,-0.3325804630152457,-0.3325804630152457,0.0,サンプル不足
v4,score,総合スコア,業種,食料品,1d,1営業日,0,,,,サンプル不足
v4,score,総合スコア,業種,食料品,3d,3営業日,0,,,,サンプル不足
v4,score,総合スコア,業種,食料品,5d,5営業日,0,,,,サンプル不足
v4,score,総合スコア,業種,食料品,10d,10営業日,0,,,,サンプル不足
v4,return_20d,20日モメンタム,全体,全体,1d,1営業日,1,-0.0833123312331233,-0.0833123312331233,0.0,サンプル不足
v4,return_20d,20日モメンタム,全体,全体,3d,3営業日,1,0.11812781278127811,0.11812781278127811,1.0,サンプル不足
v4,return_20d,20日モメンタム,全体,全体,5d,5営業日,1,0.13466546654665465,0.13466546654665465,1.0,サンプル不足
v4,return_20d,20日モメンタム,全体,全体,10d,10営業日,1,-0.014641464146414639,-0.014641464146414639,0.0,サンプル不足
v4,return_20d,20日モメンタム,業種,その他製品,1d,1営業日,0,,,,サンプル不足
v4,return_20d,20日モメンタム,業種,その他製品,3d,3営業日,0,,,,サンプル不足
v4,return_20d,20日モメンタム,業種,その他製品,5d,5営業日,0,,,,サンプル不足
v4,return_20d,20日モメンタム,業種,その他製品,10d,10営業日,0,,,,サンプル不足
v4,return_20d,20日モメンタム,業種,その他金融業,1d,1営業日,0,,,,サンプル不足
v4,return_20d,20日モメンタム,業種,その他金融業,3d,3営業日,0,,,,サンプル不足
v4,return_20d,20日モメンタム,業種,その他金融業,5d,5営業日,0,,,,サンプル不足
v4,return_20d,20日モメンタム,業種,その他金融業,10d,10営業日,0,,,,サンプル不足
v4,return_20d,20日モメンタム,業種,ガラス・土石製品,1d,1営業日,0,,,,サンプル不足
v4,return_20d,20日モメンタム,業種,ガラス・土石製品,3d,3営業日,0,,,,サンプル不足
v4,return_20d,20日モメンタム,業種,ガラス・土石製品,5d,5営業日,0,,,,サンプル不足
v4,return_20d,20日モメンタム,業種,ガラス・土石製品,10d,10営業日,0,,,,サンプル不足
v4,return_20d,20日モメンタム,業種,ゴム製品,1d,1営業日,0,,,,サンプル不足
v4,return_20d,20日モメンタム,業種,ゴム製品,3d,3営業日,0,,,,サンプル不足
v4,return_20d,20日モメンタム,業種,ゴム製品,5d,5営業日,0,,,,サンプル不足
v4,return_20d,20日モメンタム,業種,ゴム製品,10d,10営業日,0,,,,サンプル不足
v4,return_20d,20日モメンタム,業種,サービス業,1d,1営業日,1,-0.7142857142857143,-0.7142857142857143,0.0,サンプル不足
v4,return_20d,20日モメンタム,業種,サービス業,3d,3営業日,1,-0.48571428571428577,-0.48571428571428577,0.0,サンプル不足
v4,return_20d,20日モメンタム,業種,サービス業,5d,5営業日,1,-0.2571428571428572,-0.2571428571428572,0.0,サンプル不足
v4,return_20d,20日モメンタム,業種,サービス業,10d,10営業日,1,-0.08571428571428573,-0.08571428571428573,0.0,サンプル不足
v4,return_20d,20日モメンタム,業種,不動産業,1d,1営業日,0,,,,サンプル不足
v4,return_20d,20日モメンタム,業種,不動産業,3d,3営業日,0,,,,サンプル不足
v4,return_20d,20日モメンタム,業種,不動産業,5d,5営業日,0,,,,サンプル不足
v4,return_20d,20日モメンタム,業種,不動産業,10d,10営業日,0,,,,サンプル不足
v4,return_20d,20日モメンタム,業種,保険業,1d,1営業日,0,,,,サンプル不足
v4,return_20d,20日モメンタム,業種,保険業,3d,3営業日,0,,,,サンプル不足
v4,return_20d,20日モメンタム,業種,保険業,5d,5営業日,0,,,,サンプル不足
v4,return_20d,20日モメンタム,業種,保険業,10d,10営業日,0,,,,サンプル不足
v4,return_20d,20日モメンタム,業種,化学,1d,1営業日,1,-0.46703296703296704,-0.46703296703296704,0.0,サンプル不足
v4,return_20d,20日モメンタム,業種,化学,3d,3営業日,1,0.3681318681318681,0.3681318681318681,1.0,サンプル不足
v4,return_20d,20日モメンタム,業種,化学,5d,5営業日,1,0.22527472527472525,0.22527472527472525,1.0,サンプル不足
v4,return_20d,20日モメンタム,業種,化学,10d,10営業日,1,-0.0934065934065934,-0.0934065934065934,0.0,サンプル不足
v4,return_20d,20日モメンタム,業種,卸売業,1d,1営業日,0,,,,サンプル不足
v4,return_20d,20日モメンタム,業種,卸売業,3d,3営業日,0,,,,サンプル不足
v4,return_20d,20日モメンタム,業種,卸売業,5d,5営業日,0,,,,サンプル不足
v4,return_20d,20日モメンタム,業種,卸売業,10d,10営業日,0,,,,サンプル不足
v4,return_20d,20日モメンタム,業種,小売業,1d,1営業日,1,-0.5,-0.5,0.0,サンプル不足
v4,return_20d,20日モメンタム,業種,小売業,3d,3営業日,1,-0.5,-0.5,0.0,サンプル不足
v4,return_20d,20日モメンタム,業種,小売業,5d,5営業日,1,-0.5,-0.5,0.0,サンプル不足
v4,return_20d,20日モメンタム,業種,小売業,10d,10営業日,1,0.5,0.5,1.0,サンプル不足
v4,return_20d,20日モメンタム,業種,建設業,1d,1営業日,0,,,,サンプル不足
v4,return_20d,20日モメンタム,業種,建設業,3d,3営業日,0,,,,サンプル不足
v4,return_20d,20日モメンタム,業種,建設業,5d,5営業日,0,,,,サンプル不足
v4,return_20d,20日モメンタム,業種,建設業,10d,10営業日,0,,,,サンプル不足
v4,return_20d,20日モメンタム,業種,情報・通信業,1d,1営業日,1,0.5,0.5,1.0,サンプル不足
v4,return_20d,20日モメンタム,業種,情報・通信業,3d,3営業日,1,-0.5,-0.5,0.0,サンプル不足
v4,return_20d,20日モメンタム,業種,情報・通信業,5d,5営業日,1,-1.0,-1.0,0.0,サンプル不足
v4,return_20d,20日モメンタム,業種,情報・通信業,10d,10営業日,1,0.5,0.5,1.0,サンプル不足
v4,return_20d,20日モメンタム,業種,機械,1d,1営業日,1,0.087012987012987,0.087012987012987,1.0,サンプル不足
v4,return_20d,20日モメンタム,業種,機械,3d,3営業日,1,0.07012987012987014,0.07012987012987014,1.0,サンプル不足
v4,return_20d,20日モメンタム,業種,機械,5d,5営業日,1,0.18311688311688312,0.18311688311688312,1.0,サンプル不足
v4,return_20d,20日モメンタム,業種,機械,10d,10営業日,1,-0.01948051948051948,-0.01948051948051948,0.0,サンプル不足
v4,return_20d,20日モメンタム,業種,海運業,1d,1営業日,0,,,,サンプル不足
v4,return_20d,20日モメンタム,業種,海運業,3d,3営業日,0,,,,サンプル不足
v4,return_20d,20日モメンタム,業種,海運業,5d,5営業日,0,,,,サンプル不足
v4,return_20d,20日モメンタム,業種,海運業,10d,10営業日,0,,,,サンプル不足
v4,return_20d,20日モメンタム,業種,空運業,1d,1営業日,0,,,,サンプル不足
v4,return_20d,20日モメンタム,業種,空運業,3d,3営業日,0,,,,サンプル不足
v4,return_20d,20日モメンタム,業種,空運業,5d,5営業日,0,,,,サンプル不足
v4,return_20d,20日モメンタム,業種,空運業,10d,10営業日,0,,,,サンプル不足
v4,return_20d,20日モメンタム,業種,繊維製品,1d,1営業日,0,,,,サンプル不足
v4,return_20d,20日モメンタム,業種,繊維製品,3d,3営業日,0,,,,サンプル不足
v4,return_20d,20日モメンタム,業種,繊維製品,5d,5営業日,0,,,,サンプル不足
v4,return_20d,20日モメンタム,業種,繊維製品,10d,10営業日,0,,,,サンプル不足
v4,return_20d,20日モメンタム,業種,証券、商品先物取引業,1d,1営業日,0,,,,サンプル不足
v4,return_20d,20日モメンタム,業種,証券、商品先物取引業,3d,3営業日,0,,,,サンプル不足
v4,return_20d,20日モメンタム,業種,証券、商品先物取引業,5d,5営業日,0,,,,サンプル不足
v4,return_20d,20日モメンタム,業種,証券、商品先物取引業,10d,10営業日,0,,,,サンプル不足
v4,return_20d,20日モメンタム,業種,輸送用機器,1d,1営業日,1,-1.0,-1.0,0.0,サンプル不足
v4,return_20d,20日モメンタム,業種,輸送用機器,3d,3営業日,1,0.5,0.5,1.0,サンプル不足
v4,return_20d,20日モメンタム,業種,輸送用機器,5d,5営業日,1,0.5,0.5,1.0,サンプル不足
v4,return_20d,20日モメンタム,業種,輸送用機器,10d,10営業日,1,-0.5,-0.5,0.0,サンプル不足
v4,return_20d,20日モメンタム,業種,金属製品,1d,1営業日,1,-1.0,-1.0,0.0,サンプル不足
v4,return_20d,20日モメンタム,業種,金属製品,3d,3営業日,1,-1.0,-1.0,0.0,サンプル不足
v4,return_20d,20日モメンタム,業種,金属製品,5d,5営業日,1,-0.5,-0.5,0.0,サンプル不足
v4,return_20d,20日モメンタム,業種,金属製品,10d,10営業日,1,-0.5,-0.5,0.0,サンプル不足
v4,return_20d,20日モメンタム,業種,鉄鋼,1d,1営業日,0,,,,サンプル不足
v4,return_20d,20日モメンタム,業種,鉄鋼,3d,3営業日,0,,,,サンプル不足
v4,return_20d,20日モメンタム,業種,鉄鋼,5d,5営業日,0,,,,サンプル不足
v4,return_20d,20日モメンタム,業種,鉄鋼,10d,10営業日,0,,,,サンプル不足
v4,return_20d,20日モメンタム,業種,銀行業,1d,1営業日,1,0.09999999999999999,0.09999999999999999,1.0,サンプル不足
v4,return_20d,20日モメンタム,業種,銀行業,3d,3営業日,1,0.8999999999999998,0.8999999999999998,1.0,サンプル不足
v4,return_20d,20日モメンタム,業種,銀行業,5d,5営業日,1,0.7,0.7,1.0,サンプル不足
v4,return_20d,20日モメンタム,業種,銀行業,10d,10営業日,1,0.3,0.3,1.0,サンプル不足
v4,return_20d,20日モメンタム,業種,電気機器,1d,1営業日,1,0.11236589497459064,0.11236589497459064,1.0,サンプル不足
v4,return_20d,20日モメンタム,業種,電気機器,3d,3営業日,1,0.18464144551101075,0.18464144551101075,1.0,サンプル不足
v4,return_20d,20日モメンタム,業種,電気機器,5d,5営業日,1,0.04912478825522304,0.04912478825522304,1.0,サンプル不足
v4,return_20d,20日モメンタム,業種,電気機器,10d,10営業日,1,-0.2941840767927725,-0.2941840767927725,0.0,サンプル不足
v4,return_20d,20日モメンタム,業種,食料品,1d,1営業日,0,,,,サンプル不足
v4,return_20d,20日モメンタム,業種,食料品,3d,3営業日,0,,,,サンプル不足
v4,return_20d,20日モメンタム,業種,食料品,5d,5営業日,0,,,,サンプル不足
v4,return_20d,20日モメンタム,業種,食料品,10d,10営業日,0,,,,サンプル不足
v4,return_60d,60日モメンタム,全体,全体,1d,1営業日,1,0.1197119711971197,0.1197119711971197,1.0,サンプル不足
v4,return_60d,60日モメンタム,全体,全体,3d,3営業日,1,0.35585958595859585,0.35585958595859585,1.0,サンプル不足
v4,return_60d,60日モメンタム,全体,全体,5d,5営業日,1,0.452001200120012,0.452001200120012,1.0,サンプル不足
v4,return_60d,60日モメンタム,全体,全体,10d,10営業日,1,0.15786378637863788,0.15786378637863788,1.0,サンプル不足
v4,return_60d,60日モメンタム,業種,その他製品,1d,1営業日,0,,,,サンプル不足
v4,return_60d,60日モメンタム,業種,その他製品,3d,3営業日,0,,,,サンプル不足
v4,return_60d,60日モメンタム,業種,その他製品,5d,5営業日,0,,,,サンプル不足
v4,return_60d,60日モメンタム,業種,その他製品,10d,10営業日,0,,,,サンプル不足
v4,return_60d,60日モメンタム,業種,その他金融業,1d,1営業日,0,,,,サンプル不足
v4,return_60d,60日モメンタム,業種,その他金融業,3d,3営業日,0,,,,サンプル不足
v4,return_60d,60日モメンタム,業種,その他金融業,5d,5営業日,0,,,,サンプル不足
v4,return_60d,60日モメンタム,業種,その他金融業,10d,10営業日,0,,,,サンプル不足
v4,return_60d,60日モメンタム,業種,ガラス・土石製品,1d,1営業日,0,,,,サンプル不足
v4,return_60d,60日モメンタム,業種,ガラス・土石製品,3d,3営業日,0,,,,サンプル不足
v4,return_60d,60日モメンタム,業種,ガラス・土石製品,5d,5営業日,0,,,,サンプル不足
v4,return_60d,60日モメンタム,業種,ガラス・土石製品,10d,10営業日,0,,,,サンプル不足
v4,return_60d,60日モメンタム,業種,ゴム製品,1d,1営業日,0,,,,サンプル不足
v4,return_60d,60日モメンタム,業種,ゴム製品,3d,3営業日,0,,,,サンプル不足
v4,return_60d,60日モメンタム,業種,ゴム製品,5d,5営業日,0,,,,サンプル不足
v4,return_60d,60日モメンタム,業種,ゴム製品,10d,10営業日,0,,,,サンプル不足
v4,return_60d,60日モメンタム,業種,サービス業,1d,1営業日,1,0.2,0.2,1.0,サンプル不足
v4,return_60d,60日モメンタム,業種,サービス業,3d,3営業日,1,0.48571428571428577,0.48571428571428577,1.0,サンプル不足
v4,return_60d,60日モメンタム,業種,サービス業,5d,5営業日,1,0.5428571428571429,0.5428571428571429,1.0,サンプル不足
v4,return_60d,60日モメンタム,業種,サービス業,10d,10営業日,1,0.7142857142857143,0.7142857142857143,1.0,サンプル不足
v4,return_60d,60日モメンタム,業種,不動産業,1d,1営業日,0,,,,サンプル不足
v4,return_60d,60日モメンタム,業種,不動産業,3d,3営業日,0,,,,サンプル不足
v4,return_60d,60日モメンタム,業種,不動産業,5d,5営業日,0,,,,サンプル不足
v4,return_60d,60日モメンタム,業種,不動産業,10d,10営業日,0,,,,サンプル不足
v4,return_60d,60日モメンタム,業種,保険業,1d,1営業日,0,,,,サンプル不足
v4,return_60d,60日モメンタム,業種,保険業,3d,3営業日,0,,,,サンプル不足
v4,return_60d,60日モメンタム,業種,保険業,5d,5営業日,0,,,,サンプル不足
v4,return_60d,60日モメンタム,業種,保険業,10d,10営業日,0,,,,サンプル不足
v4,return_60d,60日モメンタム,業種,化学,1d,1営業日,1,-0.2912087912087912,-0.2912087912087912,0.0,サンプル不足
v4,return_60d,60日モメンタム,業種,化学,3d,3営業日,1,0.2747252747252747,0.2747252747252747,1.0,サンプル不足
v4,return_60d,60日モメンタム,業種,化学,5d,5営業日,1,0.3516483516483516,0.3516483516483516,1.0,サンプル不足
v4,return_60d,60日モメンタム,業種,化学,10d,10営業日,1,-0.3681318681318681,-0.3681318681318681,0.0,サンプル不足
v4,return_60d,60日モメンタム,業種,卸売業,1d,1営業日,0,,,,サンプル不足
v4,return_60d,60日モメンタム,業種,卸売業,3d,3営業日,0,,,,サンプル不足
v4,return_60d,60日モメンタム,業種,卸売業,5d,5営業日,0,,,,サンプル不足
v4,return_60d,60日モメンタム,業種,卸売業,10d,10営業日,0,,,,サンプル不足
v4,return_60d,60日モメンタム,業種,小売業,1d,1営業日,1,0.5,0.5,1.0,サンプル不足
v4,return_60d,60日モメンタム,業種,小売業,3d,3営業日,1,0.5,0.5,1.0,サンプル不足
v4,return_60d,60日モメンタム,業種,小売業,5d,5営業日,1,0.5,0.5,1.0,サンプル不足
v4,return_60d,60日モメンタム,業種,小売業,10d,10営業日,1,1.0,1.0,1.0,サンプル不足
v4,return_60d,60日モメンタム,業種,建設業,1d,1営業日,0,,,,サンプル不足
v4,return_60d,60日モメンタム,業種,建設業,3d,3営業日,0,,,,サンプル不足
v4,return_60d,60日モメンタム,業種,建設業,5d,5営業日,0,,,,サンプル不足
v4,return_60d,60日モメンタム,業種,建設業,10d,10営業日,0,,,,サンプル不足
v4,return_60d,60日モメンタム,業種,情報・通信業,1d,1営業日,1,1.0,1.0,1.0,サンプル不足
v4,return_60d,60日モメンタム,業種,情報・通信業,3d,3営業日,1,0.5,0.5,1.0,サンプル不足
v4,return_60d,60日モメンタム,業種,情報・通信業,5d,5営業日,1,-0.5,-0.5,0.0,サンプル不足
v4,return_60d,60日モメンタム,業種,情報・通信業,10d,10営業日,1,1.0,1.0,1.0,サンプル不足
v4,return_60d,60日モメンタム,業種,機械,1d,1営業日,1,0.5,0.5,1.0,サンプル不足
v4,return_60d,60日モメンタム,業種,機械,3d,3営業日,1,0.22857142857142856,0.22857142857142856,1.0,サンプル不足
v4,return_60d,60日モメンタム,業種,機械,5d,5営業日,1,0.22337662337662337,0.22337662337662337,1.0,サンプル不足
v4,return_60d,60日モメンタム,業種,機械,10d,10営業日,1,0.11168831168831168,0.11168831168831168,1.0,サンプル不足
v4,return_60d,60日モメンタム,業種,海運業,1d,1営業日,0,,,,サンプル不足
v4,return_60d,60日モメンタム,業種,海運業,3d,3営業日,0,,,,サンプル不足
v4,return_60d,60日モメンタム,業種,海運業,5d,5営業日,0,,,,サンプル不足
v4,return_60d,60日モメンタム,業種,海運業,10d,10営業日,0,,,,サンプル不足
v4,return_60d,60日モメンタム,業種,空運業,1d,1営業日,0,,,,サンプル不足
v4,return_60d,60日モメンタム,業種,空運業,3d,3営業日,0,,,,サンプル不足
v4,return_60d,60日モメンタム,業種,空運業,5d,5営業日,0,,,,サンプル不足
v4,return_60d,60日モメンタム,業種,空運業,10d,10営業日,0,,,,サンプル不足
v4,return_60d,60日モメンタム,業種,繊維製品,1d,1営業日,0,,,,サンプル不足
v4,return_60d,60日モメンタム,業種,繊維製品,3d,3営業日,0,,,,サンプル不足
v4,return_60d,60日モメンタム,業種,繊維製品,5d,5営業日,0,,,,サンプル不足
v4,return_60d,60日モメンタム,業種,繊維製品,10d,10営業日,0,,,,サンプル不足
v4,return_60d,60日モメンタム,業種,証券、商品先物取引業,1d,1営業日,0,,,,サンプル不足
v4,return_60d,60日モメンタム,業種,証券、商品先物取引業,3d,3営業日,0,,,,サンプル不足
v4,return_60d,60日モメンタム,業種,証券、商品先物取引業,5d,5営業日,0,,,,サンプル不足
v4,return_60d,60日モメンタム,業種,証券、商品先物取引業,10d,10営業日,0,,,,サンプル不足
v4,return_60d,60日モメンタム,業種,輸送用機器,1d,1営業日,1,-0.5,-0.5,0.0,サンプル不足
v4,return_60d,60日モメンタム,業種,輸送用機器,3d,3営業日,1,1.0,1.0,1.0,サンプル不足
v4,return_60d,60日モメンタム,業種,輸送用機器,5d,5営業日,1,1.0,1.0,1.0,サンプル不足
v4,return_60d,60日モメンタム,業種,輸送用機器,10d,10営業日,1,0.5,0.5,1.0,サンプル不足
v4,return_60d,60日モメンタム,業種,金属製品,1d,1営業日,1,-0.5,-0.5,0.0,サンプル不足
v4,return_60d,60日モメンタム,業種,金属製品,3d,3営業日,1,-0.5,-0.5,0.0,サンプル不足
v4,return_60d,60日モメンタム,業種,金属製品,5d,5営業日,1,0.5,0.5,1.0,サンプル不足
v4,return_60d,60日モメンタム,業種,金属製品,10d,10営業日,1,0.5,0.5,1.0,サンプル不足
v4,return_60d,60日モメンタム,業種,鉄鋼,1d,1営業日,0,,,,サンプル不足
v4,return_60d,60日モメンタム,業種,鉄鋼,3d,3営業日,0,,,,サンプル不足
v4,return_60d,60日モメンタム,業種,鉄鋼,5d,5営業日,0,,,,サンプル不足
v4,return_60d,60日モメンタム,業種,鉄鋼,10d,10営業日,0,,,,サンプル不足
v4,return_60d,60日モメンタム,業種,銀行業,1d,1営業日,1,-0.49999999999999994,-0.49999999999999994,0.0,サンプル不足
v4,return_60d,60日モメンタム,業種,銀行業,3d,3営業日,1,0.49999999999999994,0.49999999999999994,1.0,サンプル不足
v4,return_60d,60日モメンタム,業種,銀行業,5d,5営業日,1,0.3,0.3,1.0,サンプル不足
v4,return_60d,60日モメンタム,業種,銀行業,10d,10営業日,1,-0.3,-0.3,0.0,サンプル不足
v4,return_60d,60日モメンタム,業種,電気機器,1d,1営業日,1,0.011857707509881424,0.011857707509881424,1.0,サンプル不足
v4,return_60d,60日モメンタム,業種,電気機器,3d,3営業日,1,0.04573687182382835,0.04573687182382835,1.0,サンプル不足
v4,return_60d,60日モメンタム,業種,電気機器,5d,5営業日,1,0.17108977978543197,0.17108977978543197,1.0,サンプル不足
v4,return_60d,60日モメンタム,業種,電気機器,10d,10営業日,1,-0.05477131564088086,-0.05477131564088086,0.0,サンプル不足
v4,return_60d,60日モメンタム,業種,食料品,1d,1営業日,0,,,,サンプル不足
v4,return_60d,60日モメンタム,業種,食料品,3d,3営業日,0,,,,サンプル不足
v4,return_60d,60日モメンタム,業種,食料品,5d,5営業日,0,,,,サンプル不足
v4,return_60d,60日モメンタム,業種,食料品,10d,10営業日,0,,,,サンプル不足
v4,return_120d,120日モメンタム,全体,全体,1d,1営業日,1,0.026450645064506447,0.026450645064506447,1.0,サンプル不足
v4,return_120d,120日モメンタム,全体,全体,3d,3営業日,1,0.31914791479147914,0.31914791479147914,1.0,サンプル不足
v4,return_120d,120日モメンタム,全体,全体,5d,5営業日,1,0.4600300030003,0.4600300030003,1.0,サンプル不足
v4,return_120d,120日モメンタム,全体,全体,10d,10営業日,1,0.16182418241824179,0.16182418241824179,1.0,サンプル不足
v4,return_120d,120日モメンタム,業種,その他製品,1d,1営業日,0,,,,サンプル不足
v4,return_120d,120日モメンタム,業種,その他製品,3d,3営業日,0,,,,サンプル不足
v4,return_120d,120日モメンタム,業種,その他製品,5d,5営業日,0,,,,サンプル不足
v4,return_120d,120日モメンタム,業種,その他製品,10d,10営業日,0,,,,サンプル不足
v4,return_120d,120日モメンタム,業種,その他金融業,1d,1営業日,0,,,,サンプル不足
v4,return_120d,120日モメンタム,業種,その他金融業,3d,3営業日,0,,,,サンプル不足
v4,return_120d,120日モメンタム,業種,その他金融業,5d,5営業日,0,,,,サンプル不足
v4,return_120d,120日モメンタム,業種,その他金融業,10d,10営業日,0,,,,サンプル不足
v4,return_120d,120日モメンタム,業種,ガラス・土石製品,1d,1営業日,0,,,,サンプル不足
v4,return_120d,120日モメンタム,業種,ガラス・土石製品,3d,3営業日,0,,,,サンプル不足
v4,return_120d,120日モメンタム,業種,ガラス・土石製品,5d,5営業日,0,,,,サンプル不足
v4,return_120d,120日モメンタム,業種,ガラス・土石製品,10d,10営業日,0,,,,サンプル不足
v4,return_120d,120日モメンタム,業種,ゴム製品,1d,1営業日,0,,,,サンプル不足
v4,return_120d,120日モメンタム,業種,ゴム製品,3d,3営業日,0,,,,サンプル不足
v4,return_120d,120日モメンタム,業種,ゴム製品,5d,5営業日,0,,,,サンプル不足
v4,return_120d,120日モメンタム,業種,ゴム製品,10d,10営業日,0,,,,サンプル不足
v4,return_120d,120日モメンタム,業種,サービス業,1d,1営業日,1,0.14285714285714288,0.14285714285714288,1.0,サンプル不足
v4,return_120d,120日モメンタム,業種,サービス業,3d,3営業日,1,0.3714285714285715,0.3714285714285715,1.0,サンプル不足
v4,return_120d,120日モメンタム,業種,サービス業,5d,5営業日,1,0.2571428571428572,0.2571428571428572,1.0,サンプル不足
v4,return_120d,120日モメンタム,業種,サービス業,10d,10営業日,1,0.3714285714285715,0.3714285714285715,1.0,サンプル不足
v4,return_120d,120日モメンタム,業種,不動産業,1d,1営業日,0,,,,サンプル不足
v4,return_120d,120日モメンタム,業種,不動産業,3d,3営業日,0,,,,サンプル不足
v4,return_120d,120日モメンタム,業種,不動産業,5d,5営業日,0,,,,サンプル不足
v4,return_120d,120日モメンタム,業種,不動産業,10d,10営業日,0,,,,サンプル不足
v4,return_120d,120日モメンタム,業種,保険業,1d,1営業日,0,,,,サンプル不足
v4,return_120d,120日モメンタム,業種,保険業,3d,3営業日,0,,,,サンプル不足
v4,return_120d,120日モメンタム,業種,保険業,5d,5営業日,0,,,,サンプル不足
v4,return_120d,120日モメンタム,業種,保険業,10d,10営業日,0,,,,サンプル不足
v4,return_120d,120日モメンタム,業種,化学,1d,1営業日,1,0.24175824175824176,0.24175824175824176,1.0,サンプル不足
v4,return_120d,120日モメンタム,業種,化学,3d,3営業日,1,0.34065934065934067,0.34065934065934067,1.0,サンプル不足
v4,return_120d,120日モメンタム,業種,化学,5d,5営業日,1,0.5549450549450549,0.5549450549450549,1.0,サンプル不足
v4,return_120d,120日モメンタム,業種,化学,10d,10営業日,1,-0.2582417582417582,-0.2582417582417582,0.0,サンプル不足
v4,return_120d,120日モメンタム,業種,卸売業,1d,1営業日,0,,,,サンプル不足
v4,return_120d,120日モメンタム,業種,卸売業,3d,3営業日,0,,,,サンプル不足
v4,return_120d,120日モメンタム,業種,卸売業,5d,5営業日,0,,,,サンプル不足
v4,return_120d,120日モメンタム,業種,卸売業,10d,10営業日,0,,,,サンプル不足
v4,return_120d,120日モメンタム,業種,小売業,1d,1営業日,1,-0.5,-0.5,0.0,サンプル不足
v4,return_120d,120日モメンタム,業種,小売業,3d,3営業日,1,-0.5,-0.5,0.0,サンプル不足
v4,return_120d,120日モメンタム,業種,小売業,5d,5営業日,1,-0.5,-0.5,0.0,サンプル不足
v4,return_120d,120日モメンタム,業種,小売業,10d,10営業日,1,0.5,0.5,1.0,サンプル不足
v4,return_120d,120日モメンタム,業種,建設業,1d,1営業日,0,,,,サンプル不足
v4,return_120d,120日モメンタム,業種,建設業,3d,3営業日,0,,,,サンプル不足
v4,return_120d,120日モメンタム,業種,建設業,5d,5営業日,0,,,,サンプル不足
v4,return_120d,120日モメンタム,業種,建設業,10d,10営業日,0,,,,サンプル不足
v4,return_120d,120日モメンタム,業種,情報・通信業,1d,1営業日,1,1.0,1.0,1.0,サンプル不足
v4,return_120d,120日モメンタム,業種,情報・通信業,3d,3営業日,1,0.5,0.5,1.0,サンプル不足
v4,return_120d,120日モメンタム,業種,情報・通信業,5d,5営業日,1,-0.5,-0.5,0.0,サンプル不足
v4,return_120d,120日モメンタム,業種,情報・通信業,10d,10営業日,1,1.0,1.0,1.0,サンプル不足
v4,return_120d,120日モメンタム,業種,機械,1d,1営業日,1,0.17922077922077922,0.17922077922077922,1.0,サンプル不足
v4,return_120d,120日モメンタム,業種,機械,3d,3営業日,1,0.14805194805194805,0.14805194805194805,1.0,サンプル不足
v4,return_120d,120日モメンタム,業種,機械,5d,5営業日,1,0.11428571428571428,0.11428571428571428,1.0,サンプル不足
v4,return_120d,120日モメンタム,業種,機械,10d,10営業日,1,-0.059740259740259746,-0.059740259740259746,0.0,サンプル不足
v4,return_120d,120日モメンタム,業種,海運業,1d,1営業日,0,,,,サンプル不足
v4,return_120d,120日モメンタム,業種,海運業,3d,3営業日,0,,,,サンプル不足
v4,return_120d,120日モメンタム,業種,海運業,5d,5営業日,0,,,,サンプル不足
v4,return_120d,120日モメンタム,業種,海運業,10d,10営業日,0,,,,サンプル不足
v4,return_120d,120日モメンタム,業種,空運業,1d,1営業日,0,,,,サンプル不足
v4,return_120d,120日モメンタム,業種,空運業,3d,3営業日,0,,,,サンプル不足
v4,return_120d,120日モメンタム,業種,空運業,5d,5営業日,0,,,,サンプル不足
v4,return_120d,120日モメンタム,業種,空運業,10d,10営業日,0,,,,サンプル不足
v4,return_120d,120日モメンタム,業種,繊維製品,1d,1営業日,0,,,,サンプル不足
v4,return_120d,120日モメンタム,業種,繊維製品,3d,3営業日,0,,,,サンプル不足
v4,return_120d,120日モメンタム,業種,繊維製品,5d,5営業日,0,,,,サンプル不足
v4,return_120d,120日モメンタム,業種,繊維製品,10d,10営業日,0,,,,サンプル不足
v4,return_120d,120日モメンタム,業種,証券、商品先物取引業,1d,1営業日,0,,,,サンプル不足
v4,return_120d,120日モメンタム,業種,証券、商品先物取引業,3d,3営業日,0,,,,サンプル不足
v4,return_120d,120日モメンタム,業種,証券、商品先物取引業,5d,5営業日,0,,,,サンプル不足
v4,return_120d,120日モメンタム,業種,証券、商品先物取引業,10d,10営業日,0,,,,サンプル不足
v4,return_120d,120日モメンタム,業種,輸送用機器,1d,1営業日,1,-1.0,-1.0,0.0,サンプル不足
v4,return_120d,120日モメンタム,業種,輸送用機器,3d,3営業日,1,0.5,0.5,1.0,サンプル不足
v4,return_120d,120日モメンタム,業種,輸送用機器,5d,5営業日,1,0.5,0.5,1.0,サンプル不足
v4,return_120d,120日モメンタム,業種,輸送用機器,10d,10営業日,1,-0.5,-0.5,0.0,サンプル不足
v4,return_120d,120日モメンタム,業種,金属製品,1d,1営業日,1,-0.5,-0.5,0.0,サンプル不足
v4,return_120d,120日モメンタム,業種,金属製品,3d,3営業日,1,-0.5,-0.5,0.0,サンプル不足
v4,return_120d,120日モメンタム,業種,金属製品,5d,5営業日,1,0.5,0.5,1.0,サンプル不足
v4,return_120d,120日モメンタム,業種,金属製品,10d,10営業日,1,0.5,0.5,1.0,サンプル不足
v4,return_120d,120日モメンタム,業種,鉄鋼,1d,1営業日,0,,,,サンプル不足
v4,return_120d,120日モメンタム,業種,鉄鋼,3d,3営業日,0,,,,サンプル不足
v4,return_120d,120日モメンタム,業種,鉄鋼,5d,5営業日,0,,,,サンプル不足
v4,return_120d,120日モメンタム,業種,鉄鋼,10d,10営業日,0,,,,サンプル不足
v4,return_120d,120日モメンタム,業種,銀行業,1d,1営業日,1,-0.3,-0.3,0.0,サンプル不足
v4,return_120d,120日モメンタム,業種,銀行業,3d,3営業日,1,0.3,0.3,1.0,サンプル不足
v4,return_120d,120日モメンタム,業種,銀行業,5d,5営業日,1,0.49999999999999994,0.49999999999999994,1.0,サンプル不足
v4,return_120d,120日モメンタム,業種,銀行業,10d,10営業日,1,-0.49999999999999994,-0.49999999999999994,0.0,サンプル不足
v4,return_120d,120日モメンタム,業種,電気機器,1d,1営業日,1,-0.17221908526256355,-0.17221908526256355,0.0,サンプル不足
v4,return_120d,120日モメンタム,業種,電気機器,3d,3営業日,1,-0.10333145115753813,-0.10333145115753813,0.0,サンプル不足
v4,return_120d,120日モメンタム,業種,電気機器,5d,5営業日,1,0.17221908526256355,0.17221908526256355,1.0,サンプル不足
v4,return_120d,120日モメンタム,業種,電気機器,10d,10営業日,1,-0.0016939582156973462,-0.0016939582156973462,0.0,サンプル不足
v4,return_120d,120日モメンタム,業種,食料品,1d,1営業日,0,,,,サンプル不足
v4,return_120d,120日モメンタム,業種,食料品,3d,3営業日,0,,,,サンプル不足
v4,return_120d,120日モメンタム,業種,食料品,5d,5営業日,0,,,,サンプル不足
v4,return_120d,120日モメンタム,業種,食料品,10d,10営業日,0,,,,サンプル不足
v4,distance_ma20,20日移動平均乖離,全体,全体,1d,1営業日,1,-0.0896009600960096,-0.0896009600960096,0.0,サンプル不足
v4,distance_ma20,20日移動平均乖離,全体,全体,3d,3営業日,1,0.024398439843984394,0.024398439843984394,1.0,サンプル不足
v4,distance_ma20,20日移動平均乖離,全体,全体,5d,5営業日,1,0.050405040504050404,0.050405040504050404,1.0,サンプル不足
v4,distance_ma20,20日移動平均乖離,全体,全体,10d,10営業日,1,-0.027254725472547252,-0.027254725472547252,0.0,サンプル不足
v4,distance_ma20,20日移動平均乖離,業種,その他製品,1d,1営業日,0,,,,サンプル不足
v4,distance_ma20,20日移動平均乖離,業種,その他製品,3d,3営業日,0,,,,サンプル不足
v4,distance_ma20,20日移動平均乖離,業種,その他製品,5d,5営業日,0,,,,サンプル不足
v4,distance_ma20,20日移動平均乖離,業種,その他製品,10d,10営業日,0,,,,サンプル不足
v4,distance_ma20,20日移動平均乖離,業種,その他金融業,1d,1営業日,0,,,,サンプル不足
v4,distance_ma20,20日移動平均乖離,業種,その他金融業,3d,3営業日,0,,,,サンプル不足
v4,distance_ma20,20日移動平均乖離,業種,その他金融業,5d,5営業日,0,,,,サンプル不足
v4,distance_ma20,20日移動平均乖離,業種,その他金融業,10d,10営業日,0,,,,サンプル不足
v4,distance_ma20,20日移動平均乖離,業種,ガラス・土石製品,1d,1営業日,0,,,,サンプル不足
v4,distance_ma20,20日移動平均乖離,業種,ガラス・土石製品,3d,3営業日,0,,,,サンプル不足
v4,distance_ma20,20日移動平均乖離,業種,ガラス・土石製品,5d,5営業日,0,,,,サンプル不足
v4,distance_ma20,20日移動平均乖離,業種,ガラス・土石製品,10d,10営業日,0,,,,サンプル不足
v4,distance_ma20,20日移動平均乖離,業種,ゴム製品,1d,1営業日,0,,,,サンプル不足
v4,distance_ma20,20日移動平均乖離,業種,ゴム製品,3d,3営業日,0,,,,サンプル不足
v4,distance_ma20,20日移動平均乖離,業種,ゴム製品,5d,5営業日,0,,,,サンプル不足
v4,distance_ma20,20日移動平均乖離,業種,ゴム製品,10d,10営業日,0,,,,サンプル不足
v4,distance_ma20,20日移動平均乖離,業種,サービス業,1d,1営業日,1,-0.3142857142857143,-0.3142857142857143,0.0,サンプル不足
v4,distance_ma20,20日移動平均乖離,業種,サービス業,3d,3営業日,1,-0.028571428571428574,-0.028571428571428574,0.0,サンプル不足
v4,distance_ma20,20日移動平均乖離,業種,サービス業,5d,5営業日,1,0.08571428571428573,0.08571428571428573,1.0,サンプル不足
v4,distance_ma20,20日移動平均乖離,業種,サービス業,10d,10営業日,1,0.14285714285714288,0.14285714285714288,1.0,サンプル不足
v4,distance_ma20,20日移動平均乖離,業種,不動産業,1d,1営業日,0,,,,サンプル不足
v4,distance_ma20,20日移動平均乖離,業種,不動産業,3d,3営業日,0,,,,サンプル不足
v4,distance_ma20,20日移動平均乖離,業種,不動産業,5d,5営業日,0,,,,サンプル不足
v4,distance_ma20,20日移動平均乖離,業種,不動産業,10d,10営業日,0,,,,サンプル不足
v4,distance_ma20,20日移動平均乖離,業種,保険業,1d,1営業日,0,,,,サンプル不足
v4,distance_ma20,20日移動平均乖離,業種,保険業,3d,3営業日,0,,,,サンプル不足
v4,distance_ma20,20日移動平均乖離,業種,保険業,5d,5営業日,0,,,,サンプル不足
v4,distance_ma20,20日移動平均乖離,業種,保険業,10d,10営業日,0,,,,サンプル不足
v4,distance_ma20,20日移動平均乖離,業種,化学,1d,1営業日,1,-0.14835164835164835,-0.14835164835164835,0.0,サンプル不足
v4,distance_ma20,20日移動平均乖離,業種,化学,3d,3営業日,1,0.08241758241758242,0.08241758241758242,1.0,サンプル不足
v4,distance_ma20,20日移動平均乖離,業種,化学,5d,5営業日,1,0.32417582417582413,0.32417582417582413,1.0,サンプル不足
v4,distance_ma20,20日移動平均乖離,業種,化学,10d,10営業日,1,0.13186813186813187,0.13186813186813187,1.0,サンプル不足
v4,distance_ma20,20日移動平均乖離,業種,卸売業,1d,1営業日,0,,,,サンプル不足
v4,distance_ma20,20日移動平均乖離,業種,卸売業,3d,3営業日,0,,,,サンプル不足
v4,distance_ma20,20日移動平均乖離,業種,卸売業,5d,5営業日,0,,,,サンプル不足
v4,distance_ma20,20日移動平均乖離,業種,卸売業,10d,10営業日,0,,,,サンプル不足
v4,distance_ma20,20日移動平均乖離,業種,小売業,1d,1営業日,1,-1.0,-1.0,0.0,サンプル不足
v4,distance_ma20,20日移動平均乖離,業種,小売業,3d,3営業日,1,-1.0,-1.0,0.0,サンプル不足
v4,distance_ma20,20日移動平均乖離,業種,小売業,5d,5営業日,1,-1.0,-1.0,0.0,サンプル不足
v4,distance_ma20,20日移動平均乖離,業種,小売業,10d,10営業日,1,-0.5,-0.5,0.0,サンプル不足
v4,distance_ma20,20日移動平均乖離,業種,建設業,1d,1営業日,0,,,,サンプル不足
v4,distance_ma20,20日移動平均乖離,業種,建設業,3d,3営業日,0,,,,サンプル不足
v4,distance_ma20,20日移動平均乖離,業種,建設業,5d,5営業日,0,,,,サンプル不足
v4,distance_ma20,20日移動平均乖離,業種,建設業,10d,10営業日,0,,,,サンプル不足
v4,distance_ma20,20日移動平均乖離,業種,情報・通信業,1d,1営業日,1,0.5,0.5,1.0,サンプル不足
v4,distance_ma20,20日移動平均乖離,業種,情報・通信業,3d,3営業日,1,-0.5,-0.5,0.0,サンプル不足
v4,distance_ma20,20日移動平均乖離,業種,情報・通信業,5d,5営業日,1,-1.0,-1.0,0.0,サンプル不足
v4,distance_ma20,20日移動平均乖離,業種,情報・通信業,10d,10営業日,1,0.5,0.5,1.0,サンプル不足
v4,distance_ma20,20日移動平均乖離,業種,機械,1d,1営業日,1,-0.2909090909090909,-0.2909090909090909,0.0,サンプル不足
v4,distance_ma20,20日移動平均乖離,業種,機械,3d,3営業日,1,-0.24155844155844156,-0.24155844155844156,0.0,サンプル不足
v4,distance_ma20,20日移動平均乖離,業種,機械,5d,5営業日,1,-0.1987012987012987,-0.1987012987012987,0.0,サンプル不足
v4,distance_ma20,20日移動平均乖離,業種,機械,10d,10営業日,1,-0.4194805194805195,-0.4194805194805195,0.0,サンプル不足
v4,distance_ma20,20日移動平均乖離,業種,海運業,1d,1営業日,0,,,,サンプル不足
v4,distance_ma20,20日移動平均乖離,業種,海運業,3d,3営業日,0,,,,サンプル不足
v4,distance_ma20,20日移動平均乖離,業種,海運業,5d,5営業日,0,,,,サンプル不足
v4,distance_ma20,20日移動平均乖離,業種,海運業,10d,10営業日,0,,,,サンプル不足
v4,distance_ma20,20日移動平均乖離,業種,空運業,1d,1営業日,0,,,,サンプル不足
v4,distance_ma20,20日移動平均乖離,業種,空運業,3d,3営業日,0,,,,サンプル不足
v4,distance_ma20,20日移動平均乖離,業種,空運業,5d,5営業日,0,,,,サンプル不足
v4,distance_ma20,20日移動平均乖離,業種,空運業,10d,10営業日,0,,,,サンプル不足
v4,distance_ma20,20日移動平均乖離,業種,繊維製品,1d,1営業日,0,,,,サンプル不足
v4,distance_ma20,20日移動平均乖離,業種,繊維製品,3d,3営業日,0,,,,サンプル不足
v4,distance_ma20,20日移動平均乖離,業種,繊維製品,5d,5営業日,0,,,,サンプル不足
v4,distance_ma20,20日移動平均乖離,業種,繊維製品,10d,10営業日,0,,,,サンプル不足
v4,distance_ma20,20日移動平均乖離,業種,証券、商品先物取引業,1d,1営業日,0,,,,サンプル不足
v4,distance_ma20,20日移動平均乖離,業種,証券、商品先物取引業,3d,3営業日,0,,,,サンプル不足
v4,distance_ma20,20日移動平均乖離,業種,証券、商品先物取引業,5d,5営業日,0,,,,サンプル不足
v4,distance_ma20,20日移動平均乖離,業種,証券、商品先物取引業,10d,10営業日,0,,,,サンプル不足
v4,distance_ma20,20日移動平均乖離,業種,輸送用機器,1d,1営業日,1,-1.0,-1.0,0.0,サンプル不足
v4,distance_ma20,20日移動平均乖離,業種,輸送用機器,3d,3営業日,1,0.5,0.5,1.0,サンプル不足
v4,distance_ma20,20日移動平均乖離,業種,輸送用機器,5d,5営業日,1,0.5,0.5,1.0,サンプル不足
v4,distance_ma20,20日移動平均乖離,業種,輸送用機器,10d,10営業日,1,-0.5,-0.5,0.0,サンプル不足
v4,distance_ma20,20日移動平均乖離,業種,金属製品,1d,1営業日,1,-1.0,-1.0,0.0,サンプル不足
v4,distance_ma20,20日移動平均乖離,業種,金属製品,3d,3営業日,1,-1.0,-1.0,0.0,サンプル不足
v4,distance_ma20,20日移動平均乖離,業種,金属製品,5d,5営業日,1,-0.5,-0.5,0.0,サンプル不足
v4,distance_ma20,20日移動平均乖離,業種,金属製品,10d,10営業日,1,-0.5,-0.5,0.0,サンプル不足
v4,distance_ma20,20日移動平均乖離,業種,鉄鋼,1d,1営業日,0,,,,サンプル不足
v4,distance_ma20,20日移動平均乖離,業種,鉄鋼,3d,3営業日,0,,,,サンプル不足
v4,distance_ma20,20日移動平均乖離,業種,鉄鋼,5d,5営業日,0,,,,サンプル不足
v4,distance_ma20,20日移動平均乖離,業種,鉄鋼,10d,10営業日,0,,,,サンプル不足
v4,distance_ma20,20日移動平均乖離,業種,銀行業,1d,1営業日,1,-0.09999999999999999,-0.09999999999999999,0.0,サンプル不足
v4,distance_ma20,20日移動平均乖離,業種,銀行業,3d,3営業日,1,0.6,0.6,1.0,サンプル不足
v4,distance_ma20,20日移動平均乖離,業種,銀行業,5d,5営業日,1,0.19999999999999998,0.19999999999999998,1.0,サンプル不足
v4,distance_ma20,20日移動平均乖離,業種,銀行業,10d,10営業日,1,0.3,0.3,1.0,サンプル不足
v4,distance_ma20,20日移動平均乖離,業種,電気機器,1d,1営業日,1,0.20722755505364204,0.20722755505364204,1.0,サンプル不足
v4,distance_ma20,20日移動平均乖離,業種,電気機器,3d,3営業日,1,0.30434782608695654,0.30434782608695654,1.0,サンプル不足
v4,distance_ma20,20日移動平均乖離,業種,電気機器,5d,5営業日,1,0.1225296442687747,0.1225296442687747,1.0,サンプル不足
v4,distance_ma20,20日移動平均乖離,業種,電気機器,10d,10営業日,1,-0.17108977978543197,-0.17108977978543197,0.0,サンプル不足
v4,distance_ma20,20日移動平均乖離,業種,食料品,1d,1営業日,0,,,,サンプル不足
v4,distance_ma20,20日移動平均乖離,業種,食料品,3d,3営業日,0,,,,サンプル不足
v4,distance_ma20,20日移動平均乖離,業種,食料品,5d,5営業日,0,,,,サンプル不足
v4,distance_ma20,20日移動平均乖離,業種,食料品,10d,10営業日,0,,,,サンプル不足
v4,distance_ma60,60日移動平均乖離,全体,全体,1d,1営業日,1,0.01836183618361836,0.01836183618361836,1.0,サンプル不足
v4,distance_ma60,60日移動平均乖離,全体,全体,3d,3営業日,1,0.22804680468046803,0.22804680468046803,1.0,サンプル不足
v4,distance_ma60,60日移動平均乖離,全体,全体,5d,5営業日,1,0.3491749174917491,0.3491749174917491,1.0,サンプル不足
v4,distance_ma60,60日移動平均乖離,全体,全体,10d,10営業日,1,0.12255625562556254,0.12255625562556254,1.0,サンプル不足
v4,distance_ma60,60日移動平均乖離,業種,その他製品,1d,1営業日,0,,,,サンプル不足
v4,distance_ma60,60日移動平均乖離,業種,その他製品,3d,3営業日,0,,,,サンプル不足
v4,distance_ma60,60日移動平均乖離,業種,その他製品,5d,5営業日,0,,,,サンプル不足
v4,distance_ma60,60日移動平均乖離,業種,その他製品,10d,10営業日,0,,,,サンプル不足
v4,distance_ma60,60日移動平均乖離,業種,その他金融業,1d,1営業日,0,,,,サンプル不足
v4,distance_ma60,60日移動平均乖離,業種,その他金融業,3d,3営業日,0,,,,サンプル不足
v4,distance_ma60,60日移動平均乖離,業種,その他金融業,5d,5営業日,0,,,,サンプル不足
v4,distance_ma60,60日移動平均乖離,業種,その他金融業,10d,10営業日,0,,,,サンプル不足
v4,distance_ma60,60日移動平均乖離,業種,ガラス・土石製品,1d,1営業日,0,,,,サンプル不足
v4,distance_ma60,60日移動平均乖離,業種,ガラス・土石製品,3d,3営業日,0,,,,サンプル不足
v4,distance_ma60,60日移動平均乖離,業種,ガラス・土石製品,5d,5営業日,0,,,,サンプル不足
v4,distance_ma60,60日移動平均乖離,業種,ガラス・土石製品,10d,10営業日,0,,,,サンプル不足
v4,distance_ma60,60日移動平均乖離,業種,ゴム製品,1d,1営業日,0,,,,サンプル不足
v4,distance_ma60,60日移動平均乖離,業種,ゴム製品,3d,3営業日,0,,,,サンプル不足
v4,distance_ma60,60日移動平均乖離,業種,ゴム製品,5d,5営業日,0,,,,サンプル不足
v4,distance_ma60,60日移動平均乖離,業種,ゴム製品,10d,10営業日,0,,,,サンプル不足
v4,distance_ma60,60日移動平均乖離,業種,サービス業,1d,1営業日,1,0.028571428571428574,0.028571428571428574,1.0,サンプル不足
v4,distance_ma60,60日移動平均乖離,業種,サービス業,3d,3営業日,1,0.3142857142857143,0.3142857142857143,1.0,サンプル不足
v4,distance_ma60,60日移動平均乖離,業種,サービス業,5d,5営業日,1,0.48571428571428577,0.48571428571428577,1.0,サンプル不足
v4,distance_ma60,60日移動平均乖離,業種,サービス業,10d,10営業日,1,0.7142857142857143,0.7142857142857143,1.0,サンプル不足
v4,distance_ma60,60日移動平均乖離,業種,不動産業,1d,1営業日,0,,,,サンプル不足
v4,distance_ma60,60日移動平均乖離,業種,不動産業,3d,3営業日,0,,,,サンプル不足
v4,distance_ma60,60日移動平均乖離,業種,不動産業,5d,5営業日,0,,,,サンプル不足
v4,distance_ma60,60日移動平均乖離,業種,不動産業,10d,10営業日,0,,,,サンプル不足
v4,distance_ma60,60日移動平均乖離,業種,保険業,1d,1営業日,0,,,,サンプル不足
v4,distance_ma60,60日移動平均乖離,業種,保険業,3d,3営業日,0,,,,サンプル不足
v4,distance_ma60,60日移動平均乖離,業種,保険業,5d,5営業日,0,,,,サンプル不足
v4,distance_ma60,60日移動平均乖離,業種,保険業,10d,10営業日,0,,,,サンプル不足
v4,distance_ma60,60日移動平均乖離,業種,化学,1d,1営業日,1,-0.4340659340659341,-0.4340659340659341,0.0,サンプル不足
v4,distance_ma60,60日移動平均乖離,業種,化学,3d,3営業日,1,0.2857142857142857,0.2857142857142857,1.0,サンプル不足
v4,distance_ma60,60日移動平均乖離,業種,化学,5d,5営業日,1,0.3186813186813187,0.3186813186813187,1.0,サンプル不足
v4,distance_ma60,60日移動平均乖離,業種,化学,10d,10営業日,1,-0.1868131868131868,-0.1868131868131868,0.0,サンプル不足
v4,distance_ma60,60日移動平均乖離,業種,卸売業,1d,1営業日,0,,,,サンプル不足
v4,distance_ma60,60日移動平均乖離,業種,卸売業,3d,3営業日,0,,,,サンプル不足
v4,distance_ma60,60日移動平均乖離,業種,卸売業,5d,5営業日,0,,,,サンプル不足
v4,distance_ma60,60日移動平均乖離,業種,卸売業,10d,10営業日,0,,,,サンプル不足
v4,distance_ma60,60日移動平均乖離,業種,小売業,1d,1営業日,1,-0.5,-0.5,0.0,サンプル不足
v4,distance_ma60,60日移動平均乖離,業種,小売業,3d,3営業日,1,-0.5,-0.5,0.0,サンプル不足
v4,distance_ma60,60日移動平均乖離,業種,小売業,5d,5営業日,1,-0.5,-0.5,0.0,サンプル不足
v4,distance_ma60,60日移動平均乖離,業種,小売業,10d,10営業日,1,0.5,0.5,1.0,サンプル不足
v4,distance_ma60,60日移動平均乖離,業種,建設業,1d,1営業日,0,,,,サンプル不足
v4,distance_ma60,60日移動平均乖離,業種,建設業,3d,3営業日,0,,,,サンプル不足
v4,distance_ma60,60日移動平均乖離,業種,建設業,5d,5営業日,0,,,,サンプル不足
v4,distance_ma60,60日移動平均乖離,業種,建設業,10d,10営業日,0,,,,サンプル不足
v4,distance_ma60,60日移動平均乖離,業種,情報・通信業,1d,1営業日,1,0.5,0.5,1.0,サンプル不足
v4,distance_ma60,60日移動平均乖離,業種,情報・通信業,3d,3営業日,1,-0.5,-0.5,0.0,サンプル不足
v4,distance_ma60,60日移動平均乖離,業種,情報・通信業,5d,5営業日,1,-1.0,-1.0,0.0,サンプル不足
v4,distance_ma60,60日移動平均乖離,業種,情報・通信業,10d,10営業日,1,0.5,0.5,1.0,サンプル不足
v4,distance_ma60,60日移動平均乖離,業種,機械,1d,1営業日,1,0.3103896103896104,0.3103896103896104,1.0,サンプル不足
v4,distance_ma60,60日移動平均乖離,業種,機械,3d,3営業日,1,0.0935064935064935,0.0935064935064935,1.0,サンプル不足
v4,distance_ma60,60日移動平均乖離,業種,機械,5d,5営業日,1,0.14285714285714285,0.14285714285714285,1.0,サンプル不足
v4,distance_ma60,60日移動平均乖離,業種,機械,10d,10営業日,1,-0.006493506493506493,-0.006493506493506493,0.0,サンプル不足
v4,distance_ma60,60日移動平均乖離,業種,海運業,1d,1営業日,0,,,,サンプル不足
v4,distance_ma60,60日移動平均乖離,業種,海運業,3d,3営業日,0,,,,サンプル不足
v4,distance_ma60,60日移動平均乖離,業種,海運業,5d,5営業日,0,,,,サンプル不足
v4,distance_ma60,60日移動平均乖離,業種,海運業,10d,10営業日,0,,,,サンプル不足
v4,distance_ma60,60日移動平均乖離,業種,空運業,1d,1営業日,0,,,,サンプル不足
v4,distance_ma60,60日移動平均乖離,業種,空運業,3d,3営業日,0,,,,サンプル不足
v4,distance_ma60,60日移動平均乖離,業種,空運業,5d,5営業日,0,,,,サンプル不足
v4,distance_ma60,60日移動平均乖離,業種,空運業,10d,10営業日,0,,,,サンプル不足
v4,distance_ma60,60日移動平均乖離,業種,繊維製品,1d,1営業日,0,,,,サンプル不足
v4,distance_ma60,60日移動平均乖離,業種,繊維製品,3d,3営業日,0,,,,サンプル不足
v4,distance_ma60,60日移動平均乖離,業種,繊維製品,5d,5営業日,0,,,,サンプル不足
v4,distance_ma60,60日移動平均乖離,業種,繊維製品,10d,10営業日,0,,,,サンプル不足
v4,distance_ma60,60日移動平均乖離,業種,証券、商品先物取引業,1d,1営業日,0,,,,サンプル不足
v4,distance_ma60,60日移動平均乖離,業種,証券、商品先物取引業,3d,3営業日,0,,,,サンプル不足
v4,distance_ma60,60日移動平均乖離,業種,証券、商品先物取引業,5d,5営業日,0,,,,サンプル不足
v4,distance_ma60,60日移動平均乖離,業種,証券、商品先物取引業,10d,10営業日,0,,,,サンプル不足
v4,distance_ma60,60日移動平均乖離,業種,輸送用機器,1d,1営業日,1,-1.0,-1.0,0.0,サンプル不足
v4,distance_ma60,60日移動平均乖離,業種,輸送用機器,3d,3営業日,1,0.5,0.5,1.0,サンプル不足
v4,distance_ma60,60日移動平均乖離,業種,輸送用機器,5d,5営業日,1,0.5,0.5,1.0,サンプル不足
v4,distance_ma60,60日移動平均乖離,業種,輸送用機器,10d,10営業日,1,-0.5,-0.5,0.0,サンプル不足
v4,distance_ma60,60日移動平均乖離,業種,金属製品,1d,1営業日,1,-1.0,-1.0,0.0,サンプル不足
v4,distance_ma60,60日移動平均乖離,業種,金属製品,3d,3営業日,1,-1.0,-1.0,0.0,サンプル不足
v4,distance_ma60,60日移動平均乖離,業種,金属製品,5d,5営業日,1,-0.5,-0.5,0.0,サンプル不足
v4,distance_ma60,60日移動平均乖離,業種,金属製品,10d,10営業日,1,-0.5,-0.5,0.0,サンプル不足
v4,distance_ma60,60日移動平均乖離,業種,鉄鋼,1d,1営業日,0,,,,サンプル不足
v4,distance_ma60,60日移動平均乖離,業種,鉄鋼,3d,3営業日,0,,,,サンプル不足
v4,distance_ma60,60日移動平均乖離,業種,鉄鋼,5d,5営業日,0,,,,サンプル不足
v4,distance_ma60,60日移動平均乖離,業種,鉄鋼,10d,10営業日,0,,,,サンプル不足
v4,distance_ma60,60日移動平均乖離,業種,銀行業,1d,1営業日,1,-0.49999999999999994,-0.49999999999999994,0.0,サンプル不足
v4,distance_ma60,60日移動平均乖離,業種,銀行業,3d,3営業日,1,0.49999999999999994,0.49999999999999994,1.0,サンプル不足
v4,distance_ma60,60日移動平均乖離,業種,銀行業,5d,5営業日,1,0.3,0.3,1.0,サンプル不足
v4,distance_ma60,60日移動平均乖離,業種,銀行業,10d,10営業日,1,-0.3,-0.3,0.0,サンプル不足
v4,distance_ma60,60日移動平均乖離,業種,電気機器,1d,1営業日,1,0.07622811970638058,0.07622811970638058,1.0,サンプル不足
v4,distance_ma60,60日移動平均乖離,業種,電気機器,3d,3営業日,1,0.10671936758893281,0.10671936758893281,1.0,サンプル不足
v4,distance_ma60,60日移動平均乖離,業種,電気機器,5d,5営業日,1,0.15866741953698477,0.15866741953698477,1.0,サンプル不足
v4,distance_ma60,60日移動平均乖離,業種,電気機器,10d,10営業日,1,-0.14963297571993225,-0.14963297571993225,0.0,サンプル不足
v4,distance_ma60,60日移動平均乖離,業種,食料品,1d,1営業日,0,,,,サンプル不足
v4,distance_ma60,60日移動平均乖離,業種,食料品,3d,3営業日,0,,,,サンプル不足
v4,distance_ma60,60日移動平均乖離,業種,食料品,5d,5営業日,0,,,,サンプル不足
v4,distance_ma60,60日移動平均乖離,業種,食料品,10d,10営業日,0,,,,サンプル不足
v4,avg_turnover_20d,20日平均売買代金,全体,全体,1d,1営業日,1,-0.1051065106510651,-0.1051065106510651,0.0,サンプル不足
v4,avg_turnover_20d,20日平均売買代金,全体,全体,3d,3営業日,1,-0.034695469546954696,-0.034695469546954696,0.0,サンプル不足
v4,avg_turnover_20d,20日平均売買代金,全体,全体,5d,5営業日,1,-0.06822682268226822,-0.06822682268226822,0.0,サンプル不足
v4,avg_turnover_20d,20日平均売買代金,全体,全体,10d,10営業日,1,-0.17432943294329434,-0.17432943294329434,0.0,サンプル不足
v4,avg_turnover_20d,20日平均売買代金,業種,その他製品,1d,1営業日,0,,,,サンプル不足
v4,avg_turnover_20d,20日平均売買代金,業種,その他製品,3d,3営業日,0,,,,サンプル不足
v4,avg_turnover_20d,20日平均売買代金,業種,その他製品,5d,5営業日,0,,,,サンプル不足
v4,avg_turnover_20d,20日平均売買代金,業種,その他製品,10d,10営業日,0,,,,サンプル不足
v4,avg_turnover_20d,20日平均売買代金,業種,その他金融業,1d,1営業日,0,,,,サンプル不足
v4,avg_turnover_20d,20日平均売買代金,業種,その他金融業,3d,3営業日,0,,,,サンプル不足
v4,avg_turnover_20d,20日平均売買代金,業種,その他金融業,5d,5営業日,0,,,,サンプル不足
v4,avg_turnover_20d,20日平均売買代金,業種,その他金融業,10d,10営業日,0,,,,サンプル不足
v4,avg_turnover_20d,20日平均売買代金,業種,ガラス・土石製品,1d,1営業日,0,,,,サンプル不足
v4,avg_turnover_20d,20日平均売買代金,業種,ガラス・土石製品,3d,3営業日,0,,,,サンプル不足
v4,avg_turnover_20d,20日平均売買代金,業種,ガラス・土石製品,5d,5営業日,0,,,,サンプル不足
v4,avg_turnover_20d,20日平均売買代金,業種,ガラス・土石製品,10d,10営業日,0,,,,サンプル不足
v4,avg_turnover_20d,20日平均売買代金,業種,ゴム製品,1d,1営業日,0,,,,サンプル不足
v4,avg_turnover_20d,20日平均売買代金,業種,ゴム製品,3d,3営業日,0,,,,サンプル不足
v4,avg_turnover_20d,20日平均売買代金,業種,ゴム製品,5d,5営業日,0,,,,サンプル不足
v4,avg_turnover_20d,20日平均売買代金,業種,ゴム製品,10d,10営業日,0,,,,サンプル不足
v4,avg_turnover_20d,20日平均売買代金,業種,サービス業,1d,1営業日,1,-0.028571428571428574,-0.028571428571428574,0.0,サンプル不足
v4,avg_turnover_20d,20日平均売買代金,業種,サービス業,3d,3営業日,1,-0.14285714285714288,-0.14285714285714288,0.0,サンプル不足
v4,avg_turnover_20d,20日平均売買代金,業種,サービス業,5d,5営業日,1,-0.3142857142857143,-0.3142857142857143,0.0,サンプル不足
v4,avg_turnover_20d,20日平均売買代金,業種,サービス業,10d,10営業日,1,-0.2571428571428572,-0.2571428571428572,0.0,サンプル不足
v4,avg_turnover_20d,20日平均売買代金,業種,不動産業,1d,1営業日,0,,,,サンプル不足
v4,avg_turnover_20d,20日平均売買代金,業種,不動産業,3d,3営業日,0,,,,サンプル不足
v4,avg_turnover_20d,20日平均売買代金,業種,不動産業,5d,5営業日,0,,,,サンプル不足
v4,avg_turnover_20d,20日平均売買代金,業種,不動産業,10d,10営業日,0,,,,サンプル不足
v4,avg_turnover_20d,20日平均売買代金,業種,保険業,1d,1営業日,0,,,,サンプル不足
v4,avg_turnover_20d,20日平均売買代金,業種,保険業,3d,3営業日,0,,,,サンプル不足
v4,avg_turnover_20d,20日平均売買代金,業種,保険業,5d,5営業日,0,,,,サンプル不足
v4,avg_turnover_20d,20日平均売買代金,業種,保険業,10d,10営業日,0,,,,サンプル不足
v4,avg_turnover_20d,20日平均売買代金,業種,化学,1d,1営業日,1,-0.03846153846153846,-0.03846153846153846,0.0,サンプル不足
v4,avg_turnover_20d,20日平均売買代金,業種,化学,3d,3営業日,1,-0.6813186813186813,-0.6813186813186813,0.0,サンプル不足
v4,avg_turnover_20d,20日平均売買代金,業種,化学,5d,5営業日,1,-0.5439560439560439,-0.5439560439560439,0.0,サンプル不足
v4,avg_turnover_20d,20日平均売買代金,業種,化学,10d,10営業日,1,0.010989010989010988,0.010989010989010988,1.0,サンプル不足
v4,avg_turnover_20d,20日平均売買代金,業種,卸売業,1d,1営業日,0,,,,サンプル不足
v4,avg_turnover_20d,20日平均売買代金,業種,卸売業,3d,3営業日,0,,,,サンプル不足
v4,avg_turnover_20d,20日平均売買代金,業種,卸売業,5d,5営業日,0,,,,サンプル不足
v4,avg_turnover_20d,20日平均売買代金,業種,卸売業,10d,10営業日,0,,,,サンプル不足
v4,avg_turnover_20d,20日平均売買代金,業種,小売業,1d,1営業日,1,-0.5,-0.5,0.0,サンプル不足
v4,avg_turnover_20d,20日平均売買代金,業種,小売業,3d,3営業日,1,-0.5,-0.5,0.0,サンプル不足
v4,avg_turnover_20d,20日平均売買代金,業種,小売業,5d,5営業日,1,-0.5,-0.5,0.0,サンプル不足
v4,avg_turnover_20d,20日平均売買代金,業種,小売業,10d,10営業日,1,0.5,0.5,1.0,サンプル不足
v4,avg_turnover_20d,20日平均売買代金,業種,建設業,1d,1営業日,0,,,,サンプル不足
v4,avg_turnover_20d,20日平均売買代金,業種,建設業,3d,3営業日,0,,,,サンプル不足
v4,avg_turnover_20d,20日平均売買代金,業種,建設業,5d,5営業日,0,,,,サンプル不足
v4,avg_turnover_20d,20日平均売買代金,業種,建設業,10d,10営業日,0,,,,サンプル不足
v4,avg_turnover_20d,20日平均売買代金,業種,情報・通信業,1d,1営業日,1,-0.5,-0.5,0.0,サンプル不足
v4,avg_turnover_20d,20日平均売買代金,業種,情報・通信業,3d,3営業日,1,0.5,0.5,1.0,サンプル不足
v4,avg_turnover_20d,20日平均売買代金,業種,情報・通信業,5d,5営業日,1,1.0,1.0,1.0,サンプル不足
v4,avg_turnover_20d,20日平均売買代金,業種,情報・通信業,10d,10営業日,1,-0.5,-0.5,0.0,サンプル不足
v4,avg_turnover_20d,20日平均売買代金,業種,機械,1d,1営業日,1,-0.2545454545454545,-0.2545454545454545,0.0,サンプル不足
v4,avg_turnover_20d,20日平均売買代金,業種,機械,3d,3営業日,1,-0.08181818181818182,-0.08181818181818182,0.0,サンプル不足
v4,avg_turnover_20d,20日平均売買代金,業種,機械,5d,5営業日,1,-0.08441558441558442,-0.08441558441558442,0.0,サンプル不足
v4,avg_turnover_20d,20日平均売買代金,業種,機械,10d,10営業日,1,-0.26233766233766237,-0.26233766233766237,0.0,サンプル不足
v4,avg_turnover_20d,20日平均売買代金,業種,海運業,1d,1営業日,0,,,,サンプル不足
v4,avg_turnover_20d,20日平均売買代金,業種,海運業,3d,3営業日,0,,,,サンプル不足
v4,avg_turnover_20d,20日平均売買代金,業種,海運業,5d,5営業日,0,,,,サンプル不足
v4,avg_turnover_20d,20日平均売買代金,業種,海運業,10d,10営業日,0,,,,サンプル不足
v4,avg_turnover_20d,20日平均売買代金,業種,空運業,1d,1営業日,0,,,,サンプル不足
v4,avg_turnover_20d,20日平均売買代金,業種,空運業,3d,3営業日,0,,,,サンプル不足
v4,avg_turnover_20d,20日平均売買代金,業種,空運業,5d,5営業日,0,,,,サンプル不足
v4,avg_turnover_20d,20日平均売買代金,業種,空運業,10d,10営業日,0,,,,サンプル不足
v4,avg_turnover_20d,20日平均売買代金,業種,繊維製品,1d,1営業日,0,,,,サンプル不足
v4,avg_turnover_20d,20日平均売買代金,業種,繊維製品,3d,3営業日,0,,,,サンプル不足
v4,avg_turnover_20d,20日平均売買代金,業種,繊維製品,5d,5営業日,0,,,,サンプル不足
v4,avg_turnover_20d,20日平均売買代金,業種,繊維製品,10d,10営業日,0,,,,サンプル不足
v4,avg_turnover_20d,20日平均売買代金,業種,証券、商品先物取引業,1d,1営業日,0,,,,サンプル不足
v4,avg_turnover_20d,20日平均売買代金,業種,証券、商品先物取引業,3d,3営業日,0,,,,サンプル不足
v4,avg_turnover_20d,20日平均売買代金,業種,証券、商品先物取引業,5d,5営業日,0,,,,サンプル不足
v4,avg_turnover_20d,20日平均売買代金,業種,証券、商品先物取引業,10d,10営業日,0,,,,サンプル不足
v4,avg_turnover_20d,20日平均売買代金,業種,輸送用機器,1d,1営業日,1,1.0,1.0,1.0,サンプル不足
v4,avg_turnover_20d,20日平均売買代金,業種,輸送用機器,3d,3営業日,1,-0.5,-0.5,0.0,サンプル不足
v4,avg_turnover_20d,20日平均売買代金,業種,輸送用機器,5d,5営業日,1,-0.5,-0.5,0.0,サンプル不足
v4,avg_turnover_20d,20日平均売買代金,業種,輸送用機器,10d,10営業日,1,0.5,0.5,1.0,サンプル不足
v4,avg_turnover_20d,20日平均売買代金,業種,金属製品,1d,1営業日,1,-1.0,-1.0,0.0,サンプル不足
v4,avg_turnover_20d,20日平均売買代金,業種,金属製品,3d,3営業日,1,-1.0,-1.0,0.0,サンプル不足
v4,avg_turnover_20d,20日平均売買代金,業種,金属製品,5d,5営業日,1,-0.5,-0.5,0.0,サンプル不足
v4,avg_turnover_20d,20日平均売買代金,業種,金属製品,10d,10営業日,1,-0.5,-0.5,0.0,サンプル不足
v4,avg_turnover_20d,20日平均売買代金,業種,鉄鋼,1d,1営業日,0,,,,サンプル不足
v4,avg_turnover_20d,20日平均売買代金,業種,鉄鋼,3d,3営業日,0,,,,サンプル不足
v4,avg_turnover_20d,20日平均売買代金,業種,鉄鋼,5d,5営業日,0,,,,サンプル不足
v4,avg_turnover_20d,20日平均売買代金,業種,鉄鋼,10d,10営業日,0,,,,サンプル不足
v4,avg_turnover_20d,20日平均売買代金,業種,銀行業,1d,1営業日,1,0.3,0.3,1.0,サンプル不足
v4,avg_turnover_20d,20日平均売買代金,業種,銀行業,3d,3営業日,1,0.7,0.7,1.0,サンプル不足
v4,avg_turnover_20d,20日平均売買代金,業種,銀行業,5d,5営業日,1,0.49999999999999994,0.49999999999999994,1.0,サンプル不足
v4,avg_turnover_20d,20日平均売買代金,業種,銀行業,10d,10営業日,1,0.49999999999999994,0.49999999999999994,1.0,サンプル不足
v4,avg_turnover_20d,20日平均売買代金,業種,電気機器,1d,1営業日,1,0.21626199887069456,0.21626199887069456,1.0,サンプル不足
v4,avg_turnover_20d,20日平均売買代金,業種,電気機器,3d,3営業日,1,0.11801242236024848,0.11801242236024848,1.0,サンプル不足
v4,avg_turnover_20d,20日平均売買代金,業種,電気機器,5d,5営業日,1,-0.07058159232072277,-0.07058159232072277,0.0,サンプル不足
v4,avg_turnover_20d,20日平均売買代金,業種,電気機器,10d,10営業日,1,-0.3506493506493507,-0.3506493506493507,0.0,サンプル不足
v4,avg_turnover_20d,20日平均売買代金,業種,食料品,1d,1営業日,0,,,,サンプル不足
v4,avg_turnover_20d,20日平均売買代金,業種,食料品,3d,3営業日,0,,,,サンプル不足
v4,avg_turnover_20d,20日平均売買代金,業種,食料品,5d,5営業日,0,,,,サンプル不足
v4,avg_turnover_20d,20日平均売買代金,業種,食料品,10d,10営業日,0,,,,サンプル不足
v4,volume_ratio_20d,出来高比,全体,全体,1d,1営業日,1,-0.16945694569456943,-0.16945694569456943,0.0,サンプル不足
v4,volume_ratio_20d,出来高比,全体,全体,3d,3営業日,1,-0.12890489048904888,-0.12890489048904888,0.0,サンプル不足
v4,volume_ratio_20d,出来高比,全体,全体,5d,5営業日,1,-0.15915991599159912,-0.15915991599159912,0.0,サンプル不足
v4,volume_ratio_20d,出来高比,全体,全体,10d,10営業日,1,-0.024098409840984093,-0.024098409840984093,0.0,サンプル不足
v4,volume_ratio_20d,出来高比,業種,その他製品,1d,1営業日,0,,,,サンプル不足
v4,volume_ratio_20d,出来高比,業種,その他製品,3d,3営業日,0,,,,サンプル不足
v4,volume_ratio_20d,出来高比,業種,その他製品,5d,5営業日,0,,,,サンプル不足
v4,volume_ratio_20d,出来高比,業種,その他製品,10d,10営業日,0,,,,サンプル不足
v4,volume_ratio_20d,出来高比,業種,その他金融業,1d,1営業日,0,,,,サンプル不足
v4,volume_ratio_20d,出来高比,業種,その他金融業,3d,3営業日,0,,,,サンプル不足
v4,volume_ratio_20d,出来高比,業種,その他金融業,5d,5営業日,0,,,,サンプル不足
v4,volume_ratio_20d,出来高比,業種,その他金融業,10d,10営業日,0,,,,サンプル不足
v4,volume_ratio_20d,出来高比,業種,ガラス・土石製品,1d,1営業日,0,,,,サンプル不足
v4,volume_ratio_20d,出来高比,業種,ガラス・土石製品,3d,3営業日,0,,,,サンプル不足
v4,volume_ratio_20d,出来高比,業種,ガラス・土石製品,5d,5営業日,0,,,,サンプル不足
v4,volume_ratio_20d,出来高比,業種,ガラス・土石製品,10d,10営業日,0,,,,サンプル不足
v4,volume_ratio_20d,出来高比,業種,ゴム製品,1d,1営業日,0,,,,サンプル不足
v4,volume_ratio_20d,出来高比,業種,ゴム製品,3d,3営業日,0,,,,サンプル不足
v4,volume_ratio_20d,出来高比,業種,ゴム製品,5d,5営業日,0,,,,サンプル不足
v4,volume_ratio_20d,出来高比,業種,ゴム製品,10d,10営業日,0,,,,サンプル不足
v4,volume_ratio_20d,出来高比,業種,サービス業,1d,1営業日,1,-0.08571428571428573,-0.08571428571428573,0.0,サンプル不足
v4,volume_ratio_20d,出来高比,業種,サービス業,3d,3営業日,1,-0.08571428571428573,-0.08571428571428573,0.0,サンプル不足
v4,volume_ratio_20d,出来高比,業種,サービス業,5d,5営業日,1,-0.028571428571428574,-0.028571428571428574,0.0,サンプル不足
v4,volume_ratio_20d,出来高比,業種,サービス業,10d,10営業日,1,-0.14285714285714288,-0.14285714285714288,0.0,サンプル不足
v4,volume_ratio_20d,出来高比,業種,不動産業,1d,1営業日,0,,,,サンプル不足
v4,volume_ratio_20d,出来高比,業種,不動産業,3d,3営業日,0,,,,サンプル不足
v4,volume_ratio_20d,出来高比,業種,不動産業,5d,5営業日,0,,,,サンプル不足
v4,volume_ratio_20d,出来高比,業種,不動産業,10d,10営業日,0,,,,サンプル不足
v4,volume_ratio_20d,出来高比,業種,保険業,1d,1営業日,0,,,,サンプル不足
v4,volume_ratio_20d,出来高比,業種,保険業,3d,3営業日,0,,,,サンプル不足
v4,volume_ratio_20d,出来高比,業種,保険業,5d,5営業日,0,,,,サンプル不足
v4,volume_ratio_20d,出来高比,業種,保険業,10d,10営業日,0,,,,サンプル不足
v4,volume_ratio_20d,出来高比,業種,化学,1d,1営業日,1,-0.07142857142857142,-0.07142857142857142,0.0,サンプル不足
v4,volume_ratio_20d,出来高比,業種,化学,3d,3営業日,1,-0.42857142857142855,-0.42857142857142855,0.0,サンプル不足
v4,volume_ratio_20d,出来高比,業種,化学,5d,5営業日,1,-0.16483516483516483,-0.16483516483516483,0.0,サンプル不足
v4,volume_ratio_20d,出来高比,業種,化学,10d,10営業日,1,0.0934065934065934,0.0934065934065934,1.0,サンプル不足
v4,volume_ratio_20d,出来高比,業種,卸売業,1d,1営業日,0,,,,サンプル不足
v4,volume_ratio_20d,出来高比,業種,卸売業,3d,3営業日,0,,,,サンプル不足
v4,volume_ratio_20d,出来高比,業種,卸売業,5d,5営業日,0,,,,サンプル不足
v4,volume_ratio_20d,出来高比,業種,卸売業,10d,10営業日,0,,,,サンプル不足
v4,volume_ratio_20d,出来高比,業種,小売業,1d,1営業日,1,-0.5,-0.5,0.0,サンプル不足
v4,volume_ratio_20d,出来高比,業種,小売業,3d,3営業日,1,-0.5,-0.5,0.0,サンプル不足
v4,volume_ratio_20d,出来高比,業種,小売業,5d,5営業日,1,-0.5,-0.5,0.0,サンプル不足
v4,volume_ratio_20d,出来高比,業種,小売業,10d,10営業日,1,-1.0,-1.0,0.0,サンプル不足
v4,volume_ratio_20d,出来高比,業種,建設業,1d,1営業日,0,,,,サンプル不足
v4,volume_ratio_20d,出来高比,業種,建設業,3d,3営業日,0,,,,サンプル不足
v4,volume_ratio_20d,出来高比,業種,建設業,5d,5営業日,0,,,,サンプル不足
v4,volume_ratio_20d,出来高比,業種,建設業,10d,10営業日,0,,,,サンプル不足
v4,volume_ratio_20d,出来高比,業種,情報・通信業,1d,1営業日,1,-1.0,-1.0,0.0,サンプル不足
v4,volume_ratio_20d,出来高比,業種,情報・通信業,3d,3営業日,1,-0.5,-0.5,0.0,サンプル不足
v4,volume_ratio_20d,出来高比,業種,情報・通信業,5d,5営業日,1,0.5,0.5,1.0,サンプル不足
v4,volume_ratio_20d,出来高比,業種,情報・通信業,10d,10営業日,1,-1.0,-1.0,0.0,サンプル不足
v4,volume_ratio_20d,出来高比,業種,機械,1d,1営業日,1,-0.4090909090909091,-0.4090909090909091,0.0,サンプル不足
v4,volume_ratio_20d,出来高比,業種,機械,3d,3営業日,1,-0.12467532467532469,-0.12467532467532469,0.0,サンプル不足
v4,volume_ratio_20d,出来高比,業種,機械,5d,5営業日,1,-0.05454545454545454,-0.05454545454545454,0.0,サンプル不足
v4,volume_ratio_20d,出来高比,業種,機械,10d,10営業日,1,-0.3246753246753247,-0.3246753246753247,0.0,サンプル不足
v4,volume_ratio_20d,出来高比,業種,海運業,1d,1営業日,0,,,,サンプル不足
v4,volume_ratio_20d,出来高比,業種,海運業,3d,3営業日,0,,,,サンプル不足
v4,volume_ratio_20d,出来高比,業種,海運業,5d,5営業日,0,,,,サンプル不足
v4,volume_ratio_20d,出来高比,業種,海運業,10d,10営業日,0,,,,サンプル不足
v4,volume_ratio_20d,出来高比,業種,空運業,1d,1営業日,0,,,,サンプル不足
v4,volume_ratio_20d,出来高比,業種,空運業,3d,3営業日,0,,,,サンプル不足
v4,volume_ratio_20d,出来高比,業種,空運業,5d,5営業日,0,,,,サンプル不足
v4,volume_ratio_20d,出来高比,業種,空運業,10d,10営業日,0,,,,サンプル不足
v4,volume_ratio_20d,出来高比,業種,繊維製品,1d,1営業日,0,,,,サンプル不足
v4,volume_ratio_20d,出来高比,業種,繊維製品,3d,3営業日,0,,,,サンプル不足
v4,volume_ratio_20d,出来高比,業種,繊維製品,5d,5営業日,0,,,,サンプル不足
v4,volume_ratio_20d,出来高比,業種,繊維製品,10d,10営業日,0,,,,サンプル不足
v4,volume_ratio_20d,出来高比,業種,証券、商品先物取引業,1d,1営業日,0,,,,サンプル不足
v4,volume_ratio_20d,出来高比,業種,証券、商品先物取引業,3d,3営業日,0,,,,サンプル不足
v4,volume_ratio_20d,出来高比,業種,証券、商品先物取引業,5d,5営業日,0,,,,サンプル不足
v4,volume_ratio_20d,出来高比,業種,証券、商品先物取引業,10d,10営業日,0,,,,サンプル不足
v4,volume_ratio_20d,出来高比,業種,輸送用機器,1d,1営業日,1,-0.5,-0.5,0.0,サンプル不足
v4,volume_ratio_20d,出来高比,業種,輸送用機器,3d,3営業日,1,-0.5,-0.5,0.0,サンプル不足
v4,volume_ratio_20d,出来高比,業種,輸送用機器,5d,5営業日,1,-0.5,-0.5,0.0,サンプル不足
v4,volume_ratio_20d,出来高比,業種,輸送用機器,10d,10営業日,1,-1.0,-1.0,0.0,サンプル不足
v4,volume_ratio_20d,出来高比,業種,金属製品,1d,1営業日,1,0.5,0.5,1.0,サンプル不足
v4,volume_ratio_20d,出来高比,業種,金属製品,3d,3営業日,1,0.5,0.5,1.0,サンプル不足
v4,volume_ratio_20d,出来高比,業種,金属製品,5d,5営業日,1,-0.5,-0.5,0.0,サンプル不足
v4,volume_ratio_20d,出来高比,業種,金属製品,10d,10営業日,1,-0.5,-0.5,0.0,サンプル不足
v4,volume_ratio_20d,出来高比,業種,鉄鋼,1d,1営業日,0,,,,サンプル不足
v4,volume_ratio_20d,出来高比,業種,鉄鋼,3d,3営業日,0,,,,サンプル不足
v4,volume_ratio_20d,出来高比,業種,鉄鋼,5d,5営業日,0,,,,サンプル不足
v4,volume_ratio_20d,出来高比,業種,鉄鋼,10d,10営業日,0,,,,サンプル不足
v4,volume_ratio_20d,出来高比,業種,銀行業,1d,1営業日,1,0.3,0.3,1.0,サンプル不足
v4,volume_ratio_20d,出来高比,業種,銀行業,3d,3営業日,1,0.19999999999999998,0.19999999999999998,1.0,サンプル不足
v4,volume_ratio_20d,出来高比,業種,銀行業,5d,5営業日,1,-0.09999999999999999,-0.09999999999999999,0.0,サンプル不足
v4,volume_ratio_20d,出来高比,業種,銀行業,10d,10営業日,1,0.6,0.6,1.0,サンプル不足
v4,volume_ratio_20d,出来高比,業種,電気機器,1d,1営業日,1,-0.07622811970638058,-0.07622811970638058,0.0,サンプル不足
v4,volume_ratio_20d,出来高比,業種,電気機器,3d,3営業日,1,0.023150762281197064,0.023150762281197064,1.0,サンプル不足
v4,volume_ratio_20d,出来高比,業種,電気機器,5d,5営業日,1,-0.23884810841332585,-0.23884810841332585,0.0,サンプル不足
v4,volume_ratio_20d,出来高比,業種,電気機器,10d,10営業日,1,-0.017504234895539244,-0.017504234895539244,0.0,サンプル不足
v4,volume_ratio_20d,出来高比,業種,食料品,1d,1営業日,0,,,,サンプル不足
v4,volume_ratio_20d,出来高比,業種,食料品,3d,3営業日,0,,,,サンプル不足
v4,volume_ratio_20d,出来高比,業種,食料品,5d,5営業日,0,,,,サンプル不足
v4,volume_ratio_20d,出来高比,業種,食料品,10d,10営業日,0,,,,サンプル不足
v4,distance_high_120d,120日高値接近度,全体,全体,1d,1営業日,1,0.05138521073031149,0.05138521073031149,1.0,サンプル不足
v4,distance_high_120d,120日高値接近度,全体,全体,3d,3営業日,1,0.09897540827203907,0.09897540827203907,1.0,サンプル不足
v4,distance_high_120d,120日高値接近度,全体,全体,5d,5営業日,1,-0.0005186111270572877,-0.0005186111270572877,0.0,サンプル不足
v4,distance_high_120d,120日高値接近度,全体,全体,10d,10営業日,1,0.013508294532998061,0.013508294532998061,1.0,サンプル不足
v4,distance_high_120d,120日高値接近度,業種,その他製品,1d,1営業日,0,,,,サンプル不足
v4,distance_high_120d,120日高値接近度,業種,その他製品,3d,3営業日,0,,,,サンプル不足
v4,distance_high_120d,120日高値接近度,業種,その他製品,5d,5営業日,0,,,,サンプル不足
v4,distance_high_120d,120日高値接近度,業種,その他製品,10d,10営業日,0,,,,サンプル不足
v4,distance_high_120d,120日高値接近度,業種,その他金融業,1d,1営業日,0,,,,サンプル不足
v4,distance_high_120d,120日高値接近度,業種,その他金融業,3d,3営業日,0,,,,サンプル不足
v4,distance_high_120d,120日高値接近度,業種,その他金融業,5d,5営業日,0,,,,サンプル不足
v4,distance_high_120d,120日高値接近度,業種,その他金融業,10d,10営業日,0,,,,サンプル不足
v4,distance_high_120d,120日高値接近度,業種,ガラス・土石製品,1d,1営業日,0,,,,サンプル不足
v4,distance_high_120d,120日高値接近度,業種,ガラス・土石製品,3d,3営業日,0,,,,サンプル不足
v4,distance_high_120d,120日高値接近度,業種,ガラス・土石製品,5d,5営業日,0,,,,サンプル不足
v4,distance_high_120d,120日高値接近度,業種,ガラス・土石製品,10d,10営業日,0,,,,サンプル不足
v4,distance_high_120d,120日高値接近度,業種,ゴム製品,1d,1営業日,0,,,,サンプル不足
v4,distance_high_120d,120日高値接近度,業種,ゴム製品,3d,3営業日,0,,,,サンプル不足
v4,distance_high_120d,120日高値接近度,業種,ゴム製品,5d,5営業日,0,,,,サンプル不足
v4,distance_high_120d,120日高値接近度,業種,ゴム製品,10d,10営業日,0,,,,サンプル不足
v4,distance_high_120d,120日高値接近度,業種,サービス業,1d,1営業日,1,-0.028571428571428574,-0.028571428571428574,0.0,サンプル不足
v4,distance_high_120d,120日高値接近度,業種,サービス業,3d,3営業日,1,0.028571428571428574,0.028571428571428574,1.0,サンプル不足
v4,distance_high_120d,120日高値接近度,業種,サービス業,5d,5営業日,1,0.14285714285714288,0.14285714285714288,1.0,サンプル不足
v4,distance_high_120d,120日高値接近度,業種,サービス業,10d,10営業日,1,0.3142857142857143,0.3142857142857143,1.0,サンプル不足
v4,distance_high_120d,120日高値接近度,業種,不動産業,1d,1営業日,0,,,,サンプル不足
v4,distance_high_120d,120日高値接近度,業種,不動産業,3d,3営業日,0,,,,サンプル不足
v4,distance_high_120d,120日高値接近度,業種,不動産業,5d,5営業日,0,,,,サンプル不足
v4,distance_high_120d,120日高値接近度,業種,不動産業,10d,10営業日,0,,,,サンプル不足
v4,distance_high_120d,120日高値接近度,業種,保険業,1d,1営業日,0,,,,サンプル不足
v4,distance_high_120d,120日高値接近度,業種,保険業,3d,3営業日,0,,,,サンプル不足
v4,distance_high_120d,120日高値接近度,業種,保険業,5d,5営業日,0,,,,サンプル不足
v4,distance_high_120d,120日高値接近度,業種,保険業,10d,10営業日,0,,,,サンプル不足
v4,distance_high_120d,120日高値接近度,業種,化学,1d,1営業日,1,-0.36863858808008876,-0.36863858808008876,0.0,サンプル不足
v4,distance_high_120d,120日高値接近度,業種,化学,3d,3営業日,1,-0.654746148978068,-0.654746148978068,0.0,サンプル不足
v4,distance_high_120d,120日高値接近度,業種,化学,5d,5営業日,1,-0.36313651960128146,-0.36313651960128146,0.0,サンプル不足
v4,distance_high_120d,120日高値接近度,業種,化学,10d,10営業日,1,0.2613482527433465,0.2613482527433465,1.0,サンプル不足
v4,distance_high_120d,120日高値接近度,業種,卸売業,1d,1営業日,0,,,,サンプル不足
v4,distance_high_120d,120日高値接近度,業種,卸売業,3d,3営業日,0,,,,サンプル不足
v4,distance_high_120d,120日高値接近度,業種,卸売業,5d,5営業日,0,,,,サンプル不足
v4,distance_high_120d,120日高値接近度,業種,卸売業,10d,10営業日,0,,,,サンプル不足
v4,distance_high_120d,120日高値接近度,業種,小売業,1d,1営業日,1,-0.5,-0.5,0.0,サンプル不足
v4,distance_high_120d,120日高値接近度,業種,小売業,3d,3営業日,1,-0.5,-0.5,0.0,サンプル不足
v4,distance_high_120d,120日高値接近度,業種,小売業,5d,5営業日,1,-0.5,-0.5,0.0,サンプル不足
v4,distance_high_120d,120日高値接近度,業種,小売業,10d,10営業日,1,-1.0,-1.0,0.0,サンプル不足
v4,distance_high_120d,120日高値接近度,業種,建設業,1d,1営業日,0,,,,サンプル不足
v4,distance_high_120d,120日高値接近度,業種,建設業,3d,3営業日,0,,,,サンプル不足
v4,distance_high_120d,120日高値接近度,業種,建設業,5d,5営業日,0,,,,サンプル不足
v4,distance_high_120d,120日高値接近度,業種,建設業,10d,10営業日,0,,,,サンプル不足
v4,distance_high_120d,120日高値接近度,業種,情報・通信業,1d,1営業日,1,0.5,0.5,1.0,サンプル不足
v4,distance_high_120d,120日高値接近度,業種,情報・通信業,3d,3営業日,1,-0.5,-0.5,0.0,サンプル不足
v4,distance_high_120d,120日高値接近度,業種,情報・通信業,5d,5営業日,1,-1.0,-1.0,0.0,サンプル不足
v4,distance_high_120d,120日高値接近度,業種,情報・通信業,10d,10営業日,1,0.5,0.5,1.0,サンプル不足
v4,distance_high_120d,120日高値接近度,業種,機械,1d,1営業日,1,-0.030860669992418384,-0.030860669992418384,0.0,サンプル不足
v4,distance_high_120d,120日高値接近度,業種,機械,3d,3営業日,1,-0.05891582453098055,-0.05891582453098055,0.0,サンプル不足
v4,distance_high_120d,120日高値接近度,業種,機械,5d,5営業日,1,0.002805515453856217,0.002805515453856217,1.0,サンプル不足
v4,distance_high_120d,120日高値接近度,業種,機械,10d,10営業日,1,-0.1514978345082357,-0.1514978345082357,0.0,サンプル不足
v4,distance_high_120d,120日高値接近度,業種,海運業,1d,1営業日,0,,,,サンプル不足
v4,distance_high_120d,120日高値接近度,業種,海運業,3d,3営業日,0,,,,サンプル不足
v4,distance_high_120d,120日高値接近度,業種,海運業,5d,5営業日,0,,,,サンプル不足
v4,distance_high_120d,120日高値接近度,業種,海運業,10d,10営業日,0,,,,サンプル不足
v4,distance_high_120d,120日高値接近度,業種,空運業,1d,1営業日,0,,,,サンプル不足
v4,distance_high_120d,120日高値接近度,業種,空運業,3d,3営業日,0,,,,サンプル不足
v4,distance_high_120d,120日高値接近度,業種,空運業,5d,5営業日,0,,,,サンプル不足
v4,distance_high_120d,120日高値接近度,業種,空運業,10d,10営業日,0,,,,サンプル不足
v4,distance_high_120d,120日高値接近度,業種,繊維製品,1d,1営業日,0,,,,サンプル不足
v4,distance_high_120d,120日高値接近度,業種,繊維製品,3d,3営業日,0,,,,サンプル不足
v4,distance_high_120d,120日高値接近度,業種,繊維製品,5d,5営業日,0,,,,サンプル不足
v4,distance_high_120d,120日高値接近度,業種,繊維製品,10d,10営業日,0,,,,サンプル不足
v4,distance_high_120d,120日高値接近度,業種,証券、商品先物取引業,1d,1営業日,0,,,,サンプル不足
v4,distance_high_120d,120日高値接近度,業種,証券、商品先物取引業,3d,3営業日,0,,,,サンプル不足
v4,distance_high_120d,120日高値接近度,業種,証券、商品先物取引業,5d,5営業日,0,,,,サンプル不足
v4,distance_high_120d,120日高値接近度,業種,証券、商品先物取引業,10d,10営業日,0,,,,サンプル不足
v4,distance_high_120d,120日高値接近度,業種,輸送用機器,1d,1営業日,1,-0.5,-0.5,0.0,サンプル不足
v4,distance_high_120d,120日高値接近度,業種,輸送用機器,3d,3営業日,1,1.0,1.0,1.0,サンプル不足
v4,distance_high_120d,120日高値接近度,業種,輸送用機器,5d,5営業日,1,1.0,1.0,1.0,サンプル不足
v4,distance_high_120d,120日高値接近度,業種,輸送用機器,10d,10営業日,1,0.5,0.5,1.0,サンプル不足
v4,distance_high_120d,120日高値接近度,業種,金属製品,1d,1営業日,1,-0.5,-0.5,0.0,サンプル不足
v4,distance_high_120d,120日高値接近度,業種,金属製品,3d,3営業日,1,-0.5,-0.5,0.0,サンプル不足
v4,distance_high_120d,120日高値接近度,業種,金属製品,5d,5営業日,1,-1.0,-1.0,0.0,サンプル不足
v4,distance_high_120d,120日高値接近度,業種,金属製品,10d,10営業日,1,-1.0,-1.0,0.0,サンプル不足
v4,distance_high_120d,120日高値接近度,業種,鉄鋼,1d,1営業日,0,,,,サンプル不足
v4,distance_high_120d,120日高値接近度,業種,鉄鋼,3d,3営業日,0,,,,サンプル不足
v4,distance_high_120d,120日高値接近度,業種,鉄鋼,5d,5営業日,0,,,,サンプル不足
v4,distance_high_120d,120日高値接近度,業種,鉄鋼,10d,10営業日,0,,,,サンプル不足
v4,distance_high_120d,120日高値接近度,業種,銀行業,1d,1営業日,1,0.22360679774997894,0.22360679774997894,1.0,サンプル不足
v4,distance_high_120d,120日高値接近度,業種,銀行業,3d,3営業日,1,0.8944271909999157,0.8944271909999157,1.0,サンプル不足
v4,distance_high_120d,120日高値接近度,業種,銀行業,5d,5営業日,1,0.6708203932499368,0.6708203932499368,1.0,サンプル不足
v4,distance_high_120d,120日高値接近度,業種,銀行業,10d,10営業日,1,0.44721359549995787,0.44721359549995787,1.0,サンプル不足
v4,distance_high_120d,120日高値接近度,業種,電気機器,1d,1営業日,1,0.22641561010241712,0.22641561010241712,1.0,サンプル不足
v4,distance_high_120d,120日高値接近度,業種,電気機器,3d,3営業日,1,0.15683700951678767,0.15683700951678767,1.0,サンプル不足
v4,distance_high_120d,120日高値接近度,業種,電気機器,5d,5営業日,1,-0.11406327964857284,-0.11406327964857284,0.0,サンプル不足
v4,distance_high_120d,120日高値接近度,業種,電気機器,10d,10営業日,1,-0.23325940688133145,-0.23325940688133145,0.0,サンプル不足
v4,distance_high_120d,120日高値接近度,業種,食料品,1d,1営業日,0,,,,サンプル不足
v4,distance_high_120d,120日高値接近度,業種,食料品,3d,3営業日,0,,,,サンプル不足
v4,distance_high_120d,120日高値接近度,業種,食料品,5d,5営業日,0,,,,サンプル不足
v4,distance_high_120d,120日高値接近度,業種,食料品,10d,10営業日,0,,,,サンプル不足
v4,volatility_20d,20日変動率,全体,全体,1d,1営業日,1,0.05027302730273027,0.05027302730273027,1.0,サンプル不足
v4,volatility_20d,20日変動率,全体,全体,3d,3営業日,1,-0.23530753075307528,-0.23530753075307528,0.0,サンプル不足
v4,volatility_20d,20日変動率,全体,全体,5d,5営業日,1,-0.3777737773777377,-0.3777737773777377,0.0,サンプル不足
v4,volatility_20d,20日変動率,全体,全体,10d,10営業日,1,-0.048568856885688565,-0.048568856885688565,0.0,サンプル不足
v4,volatility_20d,20日変動率,業種,その他製品,1d,1営業日,0,,,,サンプル不足
v4,volatility_20d,20日変動率,業種,その他製品,3d,3営業日,0,,,,サンプル不足
v4,volatility_20d,20日変動率,業種,その他製品,5d,5営業日,0,,,,サンプル不足
v4,volatility_20d,20日変動率,業種,その他製品,10d,10営業日,0,,,,サンプル不足
v4,volatility_20d,20日変動率,業種,その他金融業,1d,1営業日,0,,,,サンプル不足
v4,volatility_20d,20日変動率,業種,その他金融業,3d,3営業日,0,,,,サンプル不足
v4,volatility_20d,20日変動率,業種,その他金融業,5d,5営業日,0,,,,サンプル不足
v4,volatility_20d,20日変動率,業種,その他金融業,10d,10営業日,0,,,,サンプル不足
v4,volatility_20d,20日変動率,業種,ガラス・土石製品,1d,1営業日,0,,,,サンプル不足
v4,volatility_20d,20日変動率,業種,ガラス・土石製品,3d,3営業日,0,,,,サンプル不足
v4,volatility_20d,20日変動率,業種,ガラス・土石製品,5d,5営業日,0,,,,サンプル不足
v4,volatility_20d,20日変動率,業種,ガラス・土石製品,10d,10営業日,0,,,,サンプル不足
v4,volatility_20d,20日変動率,業種,ゴム製品,1d,1営業日,0,,,,サンプル不足
v4,volatility_20d,20日変動率,業種,ゴム製品,3d,3営業日,0,,,,サンプル不足
v4,volatility_20d,20日変動率,業種,ゴム製品,5d,5営業日,0,,,,サンプル不足
v4,volatility_20d,20日変動率,業種,ゴム製品,10d,10営業日,0,,,,サンプル不足
v4,volatility_20d,20日変動率,業種,サービス業,1d,1営業日,1,0.6,0.6,1.0,サンプル不足
v4,volatility_20d,20日変動率,業種,サービス業,3d,3営業日,1,0.2571428571428572,0.2571428571428572,1.0,サンプル不足
v4,volatility_20d,20日変動率,業種,サービス業,5d,5営業日,1,0.2,0.2,1.0,サンプル不足
v4,volatility_20d,20日変動率,業種,サービス業,10d,10営業日,1,0.028571428571428574,0.028571428571428574,1.0,サンプル不足
v4,volatility_20d,20日変動率,業種,不動産業,1d,1営業日,0,,,,サンプル不足
v4,volatility_20d,20日変動率,業種,不動産業,3d,3営業日,0,,,,サンプル不足
v4,volatility_20d,20日変動率,業種,不動産業,5d,5営業日,0,,,,サンプル不足
v4,volatility_20d,20日変動率,業種,不動産業,10d,10営業日,0,,,,サンプル不足
v4,volatility_20d,20日変動率,業種,保険業,1d,1営業日,0,,,,サンプル不足
v4,volatility_20d,20日変動率,業種,保険業,3d,3営業日,0,,,,サンプル不足
v4,volatility_20d,20日変動率,業種,保険業,5d,5営業日,0,,,,サンプル不足
v4,volatility_20d,20日変動率,業種,保険業,10d,10営業日,0,,,,サンプル不足
v4,volatility_20d,20日変動率,業種,化学,1d,1営業日,1,-0.30769230769230765,-0.30769230769230765,0.0,サンプル不足
v4,volatility_20d,20日変動率,業種,化学,3d,3営業日,1,-0.6538461538461539,-0.6538461538461539,0.0,サンプル不足
v4,volatility_20d,20日変動率,業種,化学,5d,5営業日,1,-0.6098901098901099,-0.6098901098901099,0.0,サンプル不足
v4,volatility_20d,20日変動率,業種,化学,10d,10営業日,1,0.46703296703296704,0.46703296703296704,1.0,サンプル不足
v4,volatility_20d,20日変動率,業種,卸売業,1d,1営業日,0,,,,サンプル不足
v4,volatility_20d,20日変動率,業種,卸売業,3d,3営業日,0,,,,サンプル不足
v4,volatility_20d,20日変動率,業種,卸売業,5d,5営業日,0,,,,サンプル不足
v4,volatility_20d,20日変動率,業種,卸売業,10d,10営業日,0,,,,サンプル不足
v4,volatility_20d,20日変動率,業種,小売業,1d,1営業日,1,1.0,1.0,1.0,サンプル不足
v4,volatility_20d,20日変動率,業種,小売業,3d,3営業日,1,1.0,1.0,1.0,サンプル不足
v4,volatility_20d,20日変動率,業種,小売業,5d,5営業日,1,1.0,1.0,1.0,サンプル不足
v4,volatility_20d,20日変動率,業種,小売業,10d,10営業日,1,0.5,0.5,1.0,サンプル不足
v4,volatility_20d,20日変動率,業種,建設業,1d,1営業日,0,,,,サンプル不足
v4,volatility_20d,20日変動率,業種,建設業,3d,3営業日,0,,,,サンプル不足
v4,volatility_20d,20日変動率,業種,建設業,5d,5営業日,0,,,,サンプル不足
v4,volatility_20d,20日変動率,業種,建設業,10d,10営業日,0,,,,サンプル不足
v4,volatility_20d,20日変動率,業種,情報・通信業,1d,1営業日,1,-1.0,-1.0,0.0,サンプル不足
v4,volatility_20d,20日変動率,業種,情報・通信業,3d,3営業日,1,-0.5,-0.5,0.0,サンプル不足
v4,volatility_20d,20日変動率,業種,情報・通信業,5d,5営業日,1,0.5,0.5,1.0,サンプル不足
v4,volatility_20d,20日変動率,業種,情報・通信業,10d,10営業日,1,-1.0,-1.0,0.0,サンプル不足
v4,volatility_20d,20日変動率,業種,機械,1d,1営業日,1,-0.20909090909090908,-0.20909090909090908,0.0,サンプル不足
v4,volatility_20d,20日変動率,業種,機械,3d,3営業日,1,-0.503896103896104,-0.503896103896104,0.0,サンプル不足
v4,volatility_20d,20日変動率,業種,機械,5d,5営業日,1,-0.5025974025974026,-0.5025974025974026,0.0,サンプル不足
v4,volatility_20d,20日変動率,業種,機械,10d,10営業日,1,-0.22467532467532467,-0.22467532467532467,0.0,サンプル不足
v4,volatility_20d,20日変動率,業種,海運業,1d,1営業日,0,,,,サンプル不足
v4,volatility_20d,20日変動率,業種,海運業,3d,3営業日,0,,,,サンプル不足
v4,volatility_20d,20日変動率,業種,海運業,5d,5営業日,0,,,,サンプル不足
v4,volatility_20d,20日変動率,業種,海運業,10d,10営業日,0,,,,サンプル不足
v4,volatility_20d,20日変動率,業種,空運業,1d,1営業日,0,,,,サンプル不足
v4,volatility_20d,20日変動率,業種,空運業,3d,3営業日,0,,,,サンプル不足
v4,volatility_20d,20日変動率,業種,空運業,5d,5営業日,0,,,,サンプル不足
v4,volatility_20d,20日変動率,業種,空運業,10d,10営業日,0,,,,サンプル不足
v4,volatility_20d,20日変動率,業種,繊維製品,1d,1営業日,0,,,,サンプル不足
v4,volatility_20d,20日変動率,業種,繊維製品,3d,3営業日,0,,,,サンプル不足
v4,volatility_20d,20日変動率,業種,繊維製品,5d,5営業日,0,,,,サンプル不足
v4,volatility_20d,20日変動率,業種,繊維製品,10d,10営業日,0,,,,サンプル不足
v4,volatility_20d,20日変動率,業種,証券、商品先物取引業,1d,1営業日,0,,,,サンプル不足
v4,volatility_20d,20日変動率,業種,証券、商品先物取引業,3d,3営業日,0,,,,サンプル不足
v4,volatility_20d,20日変動率,業種,証券、商品先物取引業,5d,5営業日,0,,,,サンプル不足
v4,volatility_20d,20日変動率,業種,証券、商品先物取引業,10d,10営業日,0,,,,サンプル不足
v4,volatility_20d,20日変動率,業種,輸送用機器,1d,1営業日,1,0.5,0.5,1.0,サンプル不足
v4,volatility_20d,20日変動率,業種,輸送用機器,3d,3営業日,1,-1.0,-1.0,0.0,サンプル不足
v4,volatility_20d,20日変動率,業種,輸送用機器,5d,5営業日,1,-1.0,-1.0,0.0,サンプル不足
v4,volatility_20d,20日変動率,業種,輸送用機器,10d,10営業日,1,-0.5,-0.5,0.0,サンプル不足
v4,volatility_20d,20日変動率,業種,金属製品,1d,1営業日,1,0.5,0.5,1.0,サンプル不足
v4,volatility_20d,20日変動率,業種,金属製品,3d,3営業日,1,0.5,0.5,1.0,サンプル不足
v4,volatility_20d,20日変動率,業種,金属製品,5d,5営業日,1,1.0,1.0,1.0,サンプル不足
v4,volatility_20d,20日変動率,業種,金属製品,10d,10営業日,1,1.0,1.0,1.0,サンプル不足
v4,volatility_20d,20日変動率,業種,鉄鋼,1d,1営業日,0,,,,サンプル不足
v4,volatility_20d,20日変動率,業種,鉄鋼,3d,3営業日,0,,,,サンプル不足
v4,volatility_20d,20日変動率,業種,鉄鋼,5d,5営業日,0,,,,サンプル不足
v4,volatility_20d,20日変動率,業種,鉄鋼,10d,10営業日,0,,,,サンプル不足
v4,volatility_20d,20日変動率,業種,銀行業,1d,1営業日,1,0.09999999999999999,0.09999999999999999,1.0,サンプル不足
v4,volatility_20d,20日変動率,業種,銀行業,3d,3営業日,1,-0.6,-0.6,0.0,サンプル不足
v4,volatility_20d,20日変動率,業種,銀行業,5d,5営業日,1,-0.7,-0.7,0.0,サンプル不足
v4,volatility_20d,20日変動率,業種,銀行業,10d,10営業日,1,0.19999999999999998,0.19999999999999998,1.0,サンプル不足
v4,volatility_20d,20日変動率,業種,電気機器,1d,1営業日,1,0.0378317334839074,0.0378317334839074,1.0,サンプル不足
v4,volatility_20d,20日変動率,業種,電気機器,3d,3営業日,1,-0.24901185770750994,-0.24901185770750994,0.0,サンプル不足
v4,volatility_20d,20日変動率,業種,電気機器,5d,5営業日,1,-0.30321852060982496,-0.30321852060982496,0.0,サンプル不足
v4,volatility_20d,20日変動率,業種,電気機器,10d,10営業日,1,-0.059288537549407126,-0.059288537549407126,0.0,サンプル不足
v4,volatility_20d,20日変動率,業種,食料品,1d,1営業日,0,,,,サンプル不足
v4,volatility_20d,20日変動率,業種,食料品,3d,3営業日,0,,,,サンプル不足
v4,volatility_20d,20日変動率,業種,食料品,5d,5営業日,0,,,,サンプル不足
v4,volatility_20d,20日変動率,業種,食料品,10d,10営業日,0,,,,サンプル不足
v5,score,総合スコア,全体,全体,1d,1営業日,1,0.21433607661685614,0.21433607661685614,1.0,サンプル不足
v5,score,総合スコア,全体,全体,3d,3営業日,1,0.2510658597846877,0.2510658597846877,1.0,サンプル不足
v5,score,総合スコア,全体,全体,5d,5営業日,1,0.08595285314426068,0.08595285314426068,1.0,サンプル不足
v5,score,総合スコア,全体,全体,10d,10営業日,1,0.31161809666535895,0.31161809666535895,1.0,サンプル不足
v5,score,総合スコア,業種,その他金融業,1d,1営業日,0,,,,サンプル不足
v5,score,総合スコア,業種,その他金融業,3d,3営業日,0,,,,サンプル不足
v5,score,総合スコア,業種,その他金融業,5d,5営業日,0,,,,サンプル不足
v5,score,総合スコア,業種,その他金融業,10d,10営業日,0,,,,サンプル不足
v5,score,総合スコア,業種,ガラス・土石製品,1d,1営業日,1,0.19999999999999998,0.19999999999999998,1.0,サンプル不足
v5,score,総合スコア,業種,ガラス・土石製品,3d,3営業日,1,0.19999999999999998,0.19999999999999998,1.0,サンプル不足
v5,score,総合スコア,業種,ガラス・土石製品,5d,5営業日,1,0.39999999999999997,0.39999999999999997,1.0,サンプル不足
v5,score,総合スコア,業種,ガラス・土石製品,10d,10営業日,1,-0.39999999999999997,-0.39999999999999997,0.0,サンプル不足
v5,score,総合スコア,業種,サービス業,1d,1営業日,1,-0.08571428571428573,-0.08571428571428573,0.0,サンプル不足
v5,score,総合スコア,業種,サービス業,3d,3営業日,1,0.7714285714285715,0.7714285714285715,1.0,サンプル不足
v5,score,総合スコア,業種,サービス業,5d,5営業日,1,0.48571428571428577,0.48571428571428577,1.0,サンプル不足
v5,score,総合スコア,業種,サービス業,10d,10営業日,1,0.6,0.6,1.0,サンプル不足
v5,score,総合スコア,業種,パルプ・紙,1d,1営業日,0,,,,サンプル不足
v5,score,総合スコア,業種,パルプ・紙,3d,3営業日,0,,,,サンプル不足
v5,score,総合スコア,業種,パルプ・紙,5d,5営業日,0,,,,サンプル不足
v5,score,総合スコア,業種,パルプ・紙,10d,10営業日,0,,,,サンプル不足
v5,score,総合スコア,業種,不動産業,1d,1営業日,0,,,,サンプル不足
v5,score,総合スコア,業種,不動産業,3d,3営業日,0,,,,サンプル不足
v5,score,総合スコア,業種,不動産業,5d,5営業日,0,,,,サンプル不足
v5,score,総合スコア,業種,不動産業,10d,10営業日,0,,,,サンプル不足
v5,score,総合スコア,業種,保険業,1d,1営業日,0,,,,サンプル不足
v5,score,総合スコア,業種,保険業,3d,3営業日,0,,,,サンプル不足
v5,score,総合スコア,業種,保険業,5d,5営業日,0,,,,サンプル不足
v5,score,総合スコア,業種,保険業,10d,10営業日,0,,,,サンプル不足
v5,score,総合スコア,業種,化学,1d,1営業日,1,0.0,0.0,0.0,サンプル不足
v5,score,総合スコア,業種,化学,3d,3営業日,1,0.0,0.0,0.0,サンプル不足
v5,score,総合スコア,業種,化学,5d,5営業日,1,-0.25,-0.25,0.0,サンプル不足
v5,score,総合スコア,業種,化学,10d,10営業日,1,-0.5357142857142858,-0.5357142857142858,0.0,サンプル不足
v5,score,総合スコア,業種,卸売業,1d,1営業日,0,,,,サンプル不足
v5,score,総合スコア,業種,卸売業,3d,3営業日,0,,,,サンプル不足
v5,score,総合スコア,業種,卸売業,5d,5営業日,0,,,,サンプル不足
v5,score,総合スコア,業種,卸売業,10d,10営業日,0,,,,サンプル不足
v5,score,総合スコア,業種,小売業,1d,1営業日,1,1.0,1.0,1.0,サンプル不足
v5,score,総合スコア,業種,小売業,3d,3営業日,1,0.5,0.5,1.0,サンプル不足
v5,score,総合スコア,業種,小売業,5d,5営業日,1,0.5,0.5,1.0,サンプル不足
v5,score,総合スコア,業種,小売業,10d,10営業日,1,1.0,1.0,1.0,サンプル不足
v5,score,総合スコア,業種,建設業,1d,1営業日,0,,,,サンプル不足
v5,score,総合スコア,業種,建設業,3d,3営業日,0,,,,サンプル不足
v5,score,総合スコア,業種,建設業,5d,5営業日,0,,,,サンプル不足
v5,score,総合スコア,業種,建設業,10d,10営業日,0,,,,サンプル不足
v5,score,総合スコア,業種,情報・通信業,1d,1営業日,1,-0.7999999999999999,-0.7999999999999999,0.0,サンプル不足
v5,score,総合スコア,業種,情報・通信業,3d,3営業日,1,-0.7999999999999999,-0.7999999999999999,0.0,サンプル不足
v5,score,総合スコア,業種,情報・通信業,5d,5営業日,1,-0.49999999999999994,-0.49999999999999994,0.0,サンプル不足
v5,score,総合スコア,業種,情報・通信業,10d,10営業日,1,-0.3,-0.3,0.0,サンプル不足
v5,score,総合スコア,業種,機械,1d,1営業日,1,0.3021978021978022,0.3021978021978022,1.0,サンプル不足
v5,score,総合スコア,業種,機械,3d,3営業日,1,0.5824175824175823,0.5824175824175823,1.0,サンプル不足
v5,score,総合スコア,業種,機械,5d,5営業日,1,0.5494505494505494,0.5494505494505494,1.0,サンプル不足
v5,score,総合スコア,業種,機械,10d,10営業日,1,0.3681318681318681,0.3681318681318681,1.0,サンプル不足
v5,score,総合スコア,業種,精密機器,1d,1営業日,1,0.4642857142857144,0.4642857142857144,1.0,サンプル不足
v5,score,総合スコア,業種,精密機器,3d,3営業日,1,0.07142857142857144,0.07142857142857144,1.0,サンプル不足
v5,score,総合スコア,業種,精密機器,5d,5営業日,1,0.1785714285714286,0.1785714285714286,1.0,サンプル不足
v5,score,総合スコア,業種,精密機器,10d,10営業日,1,0.28571428571428575,0.28571428571428575,1.0,サンプル不足
v5,score,総合スコア,業種,証券、商品先物取引業,1d,1営業日,0,,,,サンプル不足
v5,score,総合スコア,業種,証券、商品先物取引業,3d,3営業日,0,,,,サンプル不足
v5,score,総合スコア,業種,証券、商品先物取引業,5d,5営業日,0,,,,サンプル不足
v5,score,総合スコア,業種,証券、商品先物取引業,10d,10営業日,0,,,,サンプル不足
v5,score,総合スコア,業種,輸送用機器,1d,1営業日,1,0.7999999999999999,0.7999999999999999,1.0,サンプル不足
v5,score,総合スコア,業種,輸送用機器,3d,3営業日,1,1.0,1.0,1.0,サンプル不足
v5,score,総合スコア,業種,輸送用機器,5d,5営業日,1,1.0,1.0,1.0,サンプル不足
v5,score,総合スコア,業種,輸送用機器,10d,10営業日,1,1.0,1.0,1.0,サンプル不足
v5,score,総合スコア,業種,金属製品,1d,1営業日,1,0.19999999999999998,0.19999999999999998,1.0,サンプル不足
v5,score,総合スコア,業種,金属製品,3d,3営業日,1,-0.39999999999999997,-0.39999999999999997,0.0,サンプル不足
v5,score,総合スコア,業種,金属製品,5d,5営業日,1,-0.39999999999999997,-0.39999999999999997,0.0,サンプル不足
v5,score,総合スコア,業種,金属製品,10d,10営業日,1,0.39999999999999997,0.39999999999999997,1.0,サンプル不足
v5,score,総合スコア,業種,鉄鋼,1d,1営業日,0,,,,サンプル不足
v5,score,総合スコア,業種,鉄鋼,3d,3営業日,0,,,,サンプル不足
v5,score,総合スコア,業種,鉄鋼,5d,5営業日,0,,,,サンプル不足
v5,score,総合スコア,業種,鉄鋼,10d,10営業日,0,,,,サンプル不足
v5,score,総合スコア,業種,銀行業,1d,1営業日,1,-0.9999999999999999,-0.9999999999999999,0.0,サンプル不足
v5,score,総合スコア,業種,銀行業,3d,3営業日,1,-0.9999999999999999,-0.9999999999999999,0.0,サンプル不足
v5,score,総合スコア,業種,銀行業,5d,5営業日,1,-0.8999999999999998,-0.8999999999999998,0.0,サンプル不足
v5,score,総合スコア,業種,銀行業,10d,10営業日,1,-0.19999999999999998,-0.19999999999999998,0.0,サンプル不足
v5,score,総合スコア,業種,電気・ガス業,1d,1営業日,0,,,,サンプル不足
v5,score,総合スコア,業種,電気・ガス業,3d,3営業日,0,,,,サンプル不足
v5,score,総合スコア,業種,電気・ガス業,5d,5営業日,0,,,,サンプル不足
v5,score,総合スコア,業種,電気・ガス業,10d,10営業日,0,,,,サンプル不足
v5,score,総合スコア,業種,電気機器,1d,1営業日,1,0.23846153846153845,0.23846153846153845,1.0,サンプル不足
v5,score,総合スコア,業種,電気機器,3d,3営業日,1,0.21000000000000002,0.21000000000000002,1.0,サンプル不足
v5,score,総合スコア,業種,電気機器,5d,5営業日,1,-0.07846153846153846,-0.07846153846153846,0.0,サンプル不足
v5,score,総合スコア,業種,電気機器,10d,10営業日,1,0.3153846153846154,0.3153846153846154,1.0,サンプル不足
v5,score,総合スコア,業種,非鉄金属,1d,1営業日,0,,,,サンプル不足
v5,score,総合スコア,業種,非鉄金属,3d,3営業日,0,,,,サンプル不足
v5,score,総合スコア,業種,非鉄金属,5d,5営業日,0,,,,サンプル不足
v5,score,総合スコア,業種,非鉄金属,10d,10営業日,0,,,,サンプル不足
v5,score,総合スコア,業種,食料品,1d,1営業日,0,,,,サンプル不足
v5,score,総合スコア,業種,食料品,3d,3営業日,0,,,,サンプル不足
v5,score,総合スコア,業種,食料品,5d,5営業日,0,,,,サンプル不足
v5,score,総合スコア,業種,食料品,10d,10営業日,0,,,,サンプル不足
v5,return_20d,20日モメンタム,全体,全体,1d,1営業日,1,0.11836783678367833,0.11836783678367833,1.0,サンプル不足
v5,return_20d,20日モメンタム,全体,全体,3d,3営業日,1,0.15813981398139812,0.15813981398139812,1.0,サンプル不足
v5,return_20d,20日モメンタム,全体,全体,5d,5営業日,1,0.0022922292229222924,0.0022922292229222924,1.0,サンプル不足
v5,return_20d,20日モメンタム,全体,全体,10d,10営業日,1,0.09878187818781876,0.09878187818781876,1.0,サンプル不足
v5,return_20d,20日モメンタム,業種,その他金融業,1d,1営業日,0,,,,サンプル不足
v5,return_20d,20日モメンタム,業種,その他金融業,3d,3営業日,0,,,,サンプル不足
v5,return_20d,20日モメンタム,業種,その他金融業,5d,5営業日,0,,,,サンプル不足
v5,return_20d,20日モメンタム,業種,その他金融業,10d,10営業日,0,,,,サンプル不足
v5,return_20d,20日モメンタム,業種,ガラス・土石製品,1d,1営業日,1,0.19999999999999998,0.19999999999999998,1.0,サンプル不足
v5,return_20d,20日モメンタム,業種,ガラス・土石製品,3d,3営業日,1,0.19999999999999998,0.19999999999999998,1.0,サンプル不足
v5,return_20d,20日モメンタム,業種,ガラス・土石製品,5d,5営業日,1,0.39999999999999997,0.39999999999999997,1.0,サンプル不足
v5,return_20d,20日モメンタム,業種,ガラス・土石製品,10d,10営業日,1,-0.39999999999999997,-0.39999999999999997,0.0,サンプル不足
v5,return_20d,20日モメンタム,業種,サービス業,1d,1営業日,1,-0.2,-0.2,0.0,サンプル不足
v5,return_20d,20日モメンタム,業種,サービス業,3d,3営業日,1,0.08571428571428573,0.08571428571428573,1.0,サンプル不足
v5,return_20d,20日モメンタム,業種,サービス業,5d,5営業日,1,-0.08571428571428573,-0.08571428571428573,0.0,サンプル不足
v5,return_20d,20日モメンタム,業種,サービス業,10d,10営業日,1,0.48571428571428577,0.48571428571428577,1.0,サンプル不足
v5,return_20d,20日モメンタム,業種,パルプ・紙,1d,1営業日,0,,,,サンプル不足
v5,return_20d,20日モメンタム,業種,パルプ・紙,3d,3営業日,0,,,,サンプル不足
v5,return_20d,20日モメンタム,業種,パルプ・紙,5d,5営業日,0,,,,サンプル不足
v5,return_20d,20日モメンタム,業種,パルプ・紙,10d,10営業日,0,,,,サンプル不足
v5,return_20d,20日モメンタム,業種,不動産業,1d,1営業日,0,,,,サンプル不足
v5,return_20d,20日モメンタム,業種,不動産業,3d,3営業日,0,,,,サンプル不足
v5,return_20d,20日モメンタム,業種,不動産業,5d,5営業日,0,,,,サンプル不足
v5,return_20d,20日モメンタム,業種,不動産業,10d,10営業日,0,,,,サンプル不足
v5,return_20d,20日モメンタム,業種,保険業,1d,1営業日,0,,,,サンプル不足
v5,return_20d,20日モメンタム,業種,保険業,3d,3営業日,0,,,,サンプル不足
v5,return_20d,20日モメンタム,業種,保険業,5d,5営業日,0,,,,サンプル不足
v5,return_20d,20日モメンタム,業種,保険業,10d,10営業日,0,,,,サンプル不足
v5,return_20d,20日モメンタム,業種,化学,1d,1営業日,1,0.14285714285714288,0.14285714285714288,1.0,サンプル不足
v5,return_20d,20日モメンタム,業種,化学,3d,3営業日,1,-0.03571428571428572,-0.03571428571428572,0.0,サンプル不足
v5,return_20d,20日モメンタム,業種,化学,5d,5営業日,1,-0.3214285714285715,-0.3214285714285715,0.0,サンプル不足
v5,return_20d,20日モメンタム,業種,化学,10d,10営業日,1,-0.39285714285714296,-0.39285714285714296,0.0,サンプル不足
v5,return_20d,20日モメンタム,業種,卸売業,1d,1営業日,0,,,,サンプル不足
v5,return_20d,20日モメンタム,業種,卸売業,3d,3営業日,0,,,,サンプル不足
v5,return_20d,20日モメンタム,業種,卸売業,5d,5営業日,0,,,,サンプル不足
v5,return_20d,20日モメンタム,業種,卸売業,10d,10営業日,0,,,,サンプル不足
v5,return_20d,20日モメンタム,業種,小売業,1d,1営業日,1,-0.5,-0.5,0.0,サンプル不足
v5,return_20d,20日モメンタム,業種,小売業,3d,3営業日,1,0.5,0.5,1.0,サンプル不足
v5,return_20d,20日モメンタム,業種,小売業,5d,5営業日,1,0.5,0.5,1.0,サンプル不足
v5,return_20d,20日モメンタム,業種,小売業,10d,10営業日,1,-0.5,-0.5,0.0,サンプル不足
v5,return_20d,20日モメンタム,業種,建設業,1d,1営業日,0,,,,サンプル不足
v5,return_20d,20日モメンタム,業種,建設業,3d,3営業日,0,,,,サンプル不足
v5,return_20d,20日モメンタム,業種,建設業,5d,5営業日,0,,,,サンプル不足
v5,return_20d,20日モメンタム,業種,建設業,10d,10営業日,0,,,,サンプル不足
v5,return_20d,20日モメンタム,業種,情報・通信業,1d,1営業日,1,-0.3,-0.3,0.0,サンプル不足
v5,return_20d,20日モメンタム,業種,情報・通信業,3d,3営業日,1,-0.3,-0.3,0.0,サンプル不足
v5,return_20d,20日モメンタム,業種,情報・通信業,5d,5営業日,1,-0.39999999999999997,-0.39999999999999997,0.0,サンプル不足
v5,return_20d,20日モメンタム,業種,情報・通信業,10d,10営業日,1,-0.7,-0.7,0.0,サンプル不足
v5,return_20d,20日モメンタム,業種,機械,1d,1営業日,1,0.13736263736263735,0.13736263736263735,1.0,サンプル不足
v5,return_20d,20日モメンタム,業種,機械,3d,3営業日,1,0.42857142857142855,0.42857142857142855,1.0,サンプル不足
v5,return_20d,20日モメンタム,業種,機械,5d,5営業日,1,0.5549450549450549,0.5549450549450549,1.0,サンプル不足
v5,return_20d,20日モメンタム,業種,機械,10d,10営業日,1,0.24725274725274726,0.24725274725274726,1.0,サンプル不足
v5,return_20d,20日モメンタム,業種,精密機器,1d,1営業日,1,0.6071428571428572,0.6071428571428572,1.0,サンプル不足
v5,return_20d,20日モメンタム,業種,精密機器,3d,3営業日,1,0.3571428571428572,0.3571428571428572,1.0,サンプル不足
v5,return_20d,20日モメンタム,業種,精密機器,5d,5営業日,1,0.39285714285714296,0.39285714285714296,1.0,サンプル不足
v5,return_20d,20日モメンタム,業種,精密機器,10d,10営業日,1,0.5714285714285715,0.5714285714285715,1.0,サンプル不足
v5,return_20d,20日モメンタム,業種,証券、商品先物取引業,1d,1営業日,0,,,,サンプル不足
v5,return_20d,20日モメンタム,業種,証券、商品先物取引業,3d,3営業日,0,,,,サンプル不足
v5,return_20d,20日モメンタム,業種,証券、商品先物取引業,5d,5営業日,0,,,,サンプル不足
v5,return_20d,20日モメンタム,業種,証券、商品先物取引業,10d,10営業日,0,,,,サンプル不足
v5,return_20d,20日モメンタム,業種,輸送用機器,1d,1営業日,1,0.39999999999999997,0.39999999999999997,1.0,サンプル不足
v5,return_20d,20日モメンタム,業種,輸送用機器,3d,3営業日,1,0.7999999999999999,0.7999999999999999,1.0,サンプル不足
v5,return_20d,20日モメンタム,業種,輸送用機器,5d,5営業日,1,0.7999999999999999,0.7999999999999999,1.0,サンプル不足
v5,return_20d,20日モメンタム,業種,輸送用機器,10d,10営業日,1,0.7999999999999999,0.7999999999999999,1.0,サンプル不足
v5,return_20d,20日モメンタム,業種,金属製品,1d,1営業日,1,0.19999999999999998,0.19999999999999998,1.0,サンプル不足
v5,return_20d,20日モメンタム,業種,金属製品,3d,3営業日,1,-0.39999999999999997,-0.39999999999999997,0.0,サンプル不足
v5,return_20d,20日モメンタム,業種,金属製品,5d,5営業日,1,-0.39999999999999997,-0.39999999999999997,0.0,サンプル不足
v5,return_20d,20日モメンタム,業種,金属製品,10d,10営業日,1,0.39999999999999997,0.39999999999999997,1.0,サンプル不足
v5,return_20d,20日モメンタム,業種,鉄鋼,1d,1営業日,0,,,,サンプル不足
v5,return_20d,20日モメンタム,業種,鉄鋼,3d,3営業日,0,,,,サンプル不足
v5,return_20d,20日モメンタム,業種,鉄鋼,5d,5営業日,0,,,,サンプル不足
v5,return_20d,20日モメンタム,業種,鉄鋼,10d,10営業日,0,,,,サンプル不足
v5,return_20d,20日モメンタム,業種,銀行業,1d,1営業日,1,-0.8999999999999998,-0.8999999999999998,0.0,サンプル不足
v5,return_20d,20日モメンタム,業種,銀行業,3d,3営業日,1,-0.8999999999999998,-0.8999999999999998,0.0,サンプル不足
v5,return_20d,20日モメンタム,業種,銀行業,5d,5営業日,1,-0.7,-0.7,0.0,サンプル不足
v5,return_20d,20日モメンタム,業種,銀行業,10d,10営業日,1,-0.09999999999999999,-0.09999999999999999,0.0,サンプル不足
v5,return_20d,20日モメンタム,業種,電気・ガス業,1d,1営業日,0,,,,サンプル不足
v5,return_20d,20日モメンタム,業種,電気・ガス業,3d,3営業日,0,,,,サンプル不足
v5,return_20d,20日モメンタム,業種,電気・ガス業,5d,5営業日,0,,,,サンプル不足
v5,return_20d,20日モメンタム,業種,電気・ガス業,10d,10営業日,0,,,,サンプル不足
v5,return_20d,20日モメンタム,業種,電気機器,1d,1営業日,1,0.16846153846153847,0.16846153846153847,1.0,サンプル不足
v5,return_20d,20日モメンタム,業種,電気機器,3d,3営業日,1,0.18923076923076923,0.18923076923076923,1.0,サンプル不足
v5,return_20d,20日モメンタム,業種,電気機器,5d,5営業日,1,-0.12461538461538461,-0.12461538461538461,0.0,サンプル不足
v5,return_20d,20日モメンタム,業種,電気機器,10d,10営業日,1,0.21846153846153843,0.21846153846153843,1.0,サンプル不足
v5,return_20d,20日モメンタム,業種,非鉄金属,1d,1営業日,0,,,,サンプル不足
v5,return_20d,20日モメンタム,業種,非鉄金属,3d,3営業日,0,,,,サンプル不足
v5,return_20d,20日モメンタム,業種,非鉄金属,5d,5営業日,0,,,,サンプル不足
v5,return_20d,20日モメンタム,業種,非鉄金属,10d,10営業日,0,,,,サンプル不足
v5,return_20d,20日モメンタム,業種,食料品,1d,1営業日,0,,,,サンプル不足
v5,return_20d,20日モメンタム,業種,食料品,3d,3営業日,0,,,,サンプル不足
v5,return_20d,20日モメンタム,業種,食料品,5d,5営業日,0,,,,サンプル不足
v5,return_20d,20日モメンタム,業種,食料品,10d,10営業日,0,,,,サンプル不足
v5,return_60d,60日モメンタム,全体,全体,1d,1営業日,1,0.18997899789978998,0.18997899789978998,1.0,サンプル不足
v5,return_60d,60日モメンタム,全体,全体,3d,3営業日,1,0.22145814581458143,0.22145814581458143,1.0,サンプル不足
v5,return_60d,60日モメンタム,全体,全体,5d,5営業日,1,-0.008472847284728472,-0.008472847284728472,0.0,サンプル不足
v5,return_60d,60日モメンタム,全体,全体,10d,10営業日,1,0.16717671767176717,0.16717671767176717,1.0,サンプル不足
v5,return_60d,60日モメンタム,業種,その他金融業,1d,1営業日,0,,,,サンプル不足
v5,return_60d,60日モメンタム,業種,その他金融業,3d,3営業日,0,,,,サンプル不足
v5,return_60d,60日モメンタム,業種,その他金融業,5d,5営業日,0,,,,サンプル不足
v5,return_60d,60日モメンタム,業種,その他金融業,10d,10営業日,0,,,,サンプル不足
v5,return_60d,60日モメンタム,業種,ガラス・土石製品,1d,1営業日,1,0.19999999999999998,0.19999999999999998,1.0,サンプル不足
v5,return_60d,60日モメンタム,業種,ガラス・土石製品,3d,3営業日,1,0.19999999999999998,0.19999999999999998,1.0,サンプル不足
v5,return_60d,60日モメンタム,業種,ガラス・土石製品,5d,5営業日,1,0.39999999999999997,0.39999999999999997,1.0,サンプル不足
v5,return_60d,60日モメンタム,業種,ガラス・土石製品,10d,10営業日,1,-0.39999999999999997,-0.39999999999999997,0.0,サンプル不足
v5,return_60d,60日モメンタム,業種,サービス業,1d,1営業日,1,0.2571428571428572,0.2571428571428572,1.0,サンプル不足
v5,return_60d,60日モメンタム,業種,サービス業,3d,3営業日,1,0.7714285714285715,0.7714285714285715,1.0,サンプル不足
v5,return_60d,60日モメンタム,業種,サービス業,5d,5営業日,1,0.942857142857143,0.942857142857143,1.0,サンプル不足
v5,return_60d,60日モメンタム,業種,サービス業,10d,10営業日,1,0.8285714285714287,0.8285714285714287,1.0,サンプル不足
v5,return_60d,60日モメンタム,業種,パルプ・紙,1d,1営業日,0,,,,サンプル不足
v5,return_60d,60日モメンタム,業種,パルプ・紙,3d,3営業日,0,,,,サンプル不足
v5,return_60d,60日モメンタム,業種,パルプ・紙,5d,5営業日,0,,,,サンプル不足
v5,return_60d,60日モメンタム,業種,パルプ・紙,10d,10営業日,0,,,,サンプル不足
v5,return_60d,60日モメンタム,業種,不動産業,1d,1営業日,0,,,,サンプル不足
v5,return_60d,60日モメンタム,業種,不動産業,3d,3営業日,0,,,,サンプル不足
v5,return_60d,60日モメンタム,業種,不動産業,5d,5営業日,0,,,,サンプル不足
v5,return_60d,60日モメンタム,業種,不動産業,10d,10営業日,0,,,,サンプル不足
v5,return_60d,60日モメンタム,業種,保険業,1d,1営業日,0,,,,サンプル不足
v5,return_60d,60日モメンタム,業種,保険業,3d,3営業日,0,,,,サンプル不足
v5,return_60d,60日モメンタム,業種,保険業,5d,5営業日,0,,,,サンプル不足
v5,return_60d,60日モメンタム,業種,保険業,10d,10営業日,0,,,,サンプル不足
v5,return_60d,60日モメンタム,業種,化学,1d,1営業日,1,0.1785714285714286,0.1785714285714286,1.0,サンプル不足
v5,return_60d,60日モメンタム,業種,化学,3d,3営業日,1,0.10714285714285716,0.10714285714285716,1.0,サンプル不足
v5,return_60d,60日モメンタム,業種,化学,5d,5営業日,1,-0.1785714285714286,-0.1785714285714286,0.0,サンプル不足
v5,return_60d,60日モメンタム,業種,化学,10d,10営業日,1,-0.3214285714285715,-0.3214285714285715,0.0,サンプル不足
v5,return_60d,60日モメンタム,業種,卸売業,1d,1営業日,0,,,,サンプル不足
v5,return_60d,60日モメンタム,業種,卸売業,3d,3営業日,0,,,,サンプル不足
v5,return_60d,60日モメンタム,業種,卸売業,5d,5営業日,0,,,,サンプル不足
v5,return_60d,60日モメンタム,業種,卸売業,10d,10営業日,0,,,,サンプル不足
v5,return_60d,60日モメンタム,業種,小売業,1d,1営業日,1,0.5,0.5,1.0,サンプル不足
v5,return_60d,60日モメンタム,業種,小売業,3d,3営業日,1,-0.5,-0.5,0.0,サンプル不足
v5,return_60d,60日モメンタム,業種,小売業,5d,5営業日,1,-0.5,-0.5,0.0,サンプル不足
v5,return_60d,60日モメンタム,業種,小売業,10d,10営業日,1,0.5,0.5,1.0,サンプル不足
v5,return_60d,60日モメンタム,業種,建設業,1d,1営業日,0,,,,サンプル不足
v5,return_60d,60日モメンタム,業種,建設業,3d,3営業日,0,,,,サンプル不足
v5,return_60d,60日モメンタム,業種,建設業,5d,5営業日,0,,,,サンプル不足
v5,return_60d,60日モメンタム,業種,建設業,10d,10営業日,0,,,,サンプル不足
v5,return_60d,60日モメンタム,業種,情報・通信業,1d,1営業日,1,-0.19999999999999998,-0.19999999999999998,0.0,サンプル不足
v5,return_60d,60日モメンタム,業種,情報・通信業,3d,3営業日,1,-0.19999999999999998,-0.19999999999999998,0.0,サンプル不足
v5,return_60d,60日モメンタム,業種,情報・通信業,5d,5営業日,1,-0.49999999999999994,-0.49999999999999994,0.0,サンプル不足
v5,return_60d,60日モメンタム,業種,情報・通信業,10d,10営業日,1,-0.7,-0.7,0.0,サンプル不足
v5,return_60d,60日モメンタム,業種,機械,1d,1営業日,1,0.3681318681318681,0.3681318681318681,1.0,サンプル不足
v5,return_60d,60日モメンタム,業種,機械,3d,3営業日,1,0.7142857142857143,0.7142857142857143,1.0,サンプル不足
v5,return_60d,60日モメンタム,業種,機械,5d,5営業日,1,0.6318681318681317,0.6318681318681317,1.0,サンプル不足
v5,return_60d,60日モメンタム,業種,機械,10d,10営業日,1,0.48901098901098894,0.48901098901098894,1.0,サンプル不足
v5,return_60d,60日モメンタム,業種,精密機器,1d,1営業日,1,-0.07142857142857144,-0.07142857142857144,0.0,サンプル不足
v5,return_60d,60日モメンタム,業種,精密機器,3d,3営業日,1,0.0,0.0,0.0,サンプル不足
v5,return_60d,60日モメンタム,業種,精密機器,5d,5営業日,1,0.14285714285714288,0.14285714285714288,1.0,サンプル不足
v5,return_60d,60日モメンタム,業種,精密機器,10d,10営業日,1,0.14285714285714288,0.14285714285714288,1.0,サンプル不足
v5,return_60d,60日モメンタム,業種,証券、商品先物取引業,1d,1営業日,0,,,,サンプル不足
v5,return_60d,60日モメンタム,業種,証券、商品先物取引業,3d,3営業日,0,,,,サンプル不足
v5,return_60d,60日モメンタム,業種,証券、商品先物取引業,5d,5営業日,0,,,,サンプル不足
v5,return_60d,60日モメンタム,業種,証券、商品先物取引業,10d,10営業日,0,,,,サンプル不足
v5,return_60d,60日モメンタム,業種,輸送用機器,1d,1営業日,1,-0.19999999999999998,-0.19999999999999998,0.0,サンプル不足
v5,return_60d,60日モメンタム,業種,輸送用機器,3d,3営業日,1,-0.39999999999999997,-0.39999999999999997,0.0,サンプル不足
v5,return_60d,60日モメンタム,業種,輸送用機器,5d,5営業日,1,-0.39999999999999997,-0.39999999999999997,0.0,サンプル不足
v5,return_60d,60日モメンタム,業種,輸送用機器,10d,10営業日,1,-0.39999999999999997,-0.39999999999999997,0.0,サンプル不足
v5,return_60d,60日モメンタム,業種,金属製品,1d,1営業日,1,0.7999999999999999,0.7999999999999999,1.0,サンプル不足
v5,return_60d,60日モメンタム,業種,金属製品,3d,3営業日,1,0.39999999999999997,0.39999999999999997,1.0,サンプル不足
v5,return_60d,60日モメンタム,業種,金属製品,5d,5営業日,1,0.39999999999999997,0.39999999999999997,1.0,サンプル不足
v5,return_60d,60日モメンタム,業種,金属製品,10d,10営業日,1,1.0,1.0,1.0,サンプル不足
v5,return_60d,60日モメンタム,業種,鉄鋼,1d,1営業日,0,,,,サンプル不足
v5,return_60d,60日モメンタム,業種,鉄鋼,3d,3営業日,0,,,,サンプル不足
v5,return_60d,60日モメンタム,業種,鉄鋼,5d,5営業日,0,,,,サンプル不足
v5,return_60d,60日モメンタム,業種,鉄鋼,10d,10営業日,0,,,,サンプル不足
v5,return_60d,60日モメンタム,業種,銀行業,1d,1営業日,1,-0.8999999999999998,-0.8999999999999998,0.0,サンプル不足
v5,return_60d,60日モメンタム,業種,銀行業,3d,3営業日,1,-0.8999999999999998,-0.8999999999999998,0.0,サンプル不足
v5,return_60d,60日モメンタム,業種,銀行業,5d,5営業日,1,-0.7,-0.7,0.0,サンプル不足
v5,return_60d,60日モメンタム,業種,銀行業,10d,10営業日,1,-0.09999999999999999,-0.09999999999999999,0.0,サンプル不足
v5,return_60d,60日モメンタム,業種,電気・ガス業,1d,1営業日,0,,,,サンプル不足
v5,return_60d,60日モメンタム,業種,電気・ガス業,3d,3営業日,0,,,,サンプル不足
v5,return_60d,60日モメンタム,業種,電気・ガス業,5d,5営業日,0,,,,サンプル不足
v5,return_60d,60日モメンタム,業種,電気・ガス業,10d,10営業日,0,,,,サンプル不足
v5,return_60d,60日モメンタム,業種,電気機器,1d,1営業日,1,0.1392307692307692,0.1392307692307692,1.0,サンプル不足
v5,return_60d,60日モメンタム,業種,電気機器,3d,3営業日,1,0.16153846153846155,0.16153846153846155,1.0,サンプル不足
v5,return_60d,60日モメンタム,業種,電気機器,5d,5営業日,1,-0.1623076923076923,-0.1623076923076923,0.0,サンプル不足
v5,return_60d,60日モメンタム,業種,電気機器,10d,10営業日,1,0.1723076923076923,0.1723076923076923,1.0,サンプル不足
v5,return_60d,60日モメンタム,業種,非鉄金属,1d,1営業日,0,,,,サンプル不足
v5,return_60d,60日モメンタム,業種,非鉄金属,3d,3営業日,0,,,,サンプル不足
v5,return_60d,60日モメンタム,業種,非鉄金属,5d,5営業日,0,,,,サンプル不足
v5,return_60d,60日モメンタム,業種,非鉄金属,10d,10営業日,0,,,,サンプル不足
v5,return_60d,60日モメンタム,業種,食料品,1d,1営業日,0,,,,サンプル不足
v5,return_60d,60日モメンタム,業種,食料品,3d,3営業日,0,,,,サンプル不足
v5,return_60d,60日モメンタム,業種,食料品,5d,5営業日,0,,,,サンプル不足
v5,return_60d,60日モメンタム,業種,食料品,10d,10営業日,0,,,,サンプル不足
v5,return_120d,120日モメンタム,全体,全体,1d,1営業日,1,0.24517251725172515,0.24517251725172515,1.0,サンプル不足
v5,return_120d,120日モメンタム,全体,全体,3d,3営業日,1,0.39912391239123907,0.39912391239123907,1.0,サンプル不足
v5,return_120d,120日モメンタム,全体,全体,5d,5営業日,1,0.09857785778577859,0.09857785778577859,1.0,サンプル不足
v5,return_120d,120日モメンタム,全体,全体,10d,10営業日,1,0.15372337233723368,0.15372337233723368,1.0,サンプル不足
v5,return_120d,120日モメンタム,業種,その他金融業,1d,1営業日,0,,,,サンプル不足
v5,return_120d,120日モメンタム,業種,その他金融業,3d,3営業日,0,,,,サンプル不足
v5,return_120d,120日モメンタム,業種,その他金融業,5d,5営業日,0,,,,サンプル不足
v5,return_120d,120日モメンタム,業種,その他金融業,10d,10営業日,0,,,,サンプル不足
v5,return_120d,120日モメンタム,業種,ガラス・土石製品,1d,1営業日,1,0.7999999999999999,0.7999999999999999,1.0,サンプル不足
v5,return_120d,120日モメンタム,業種,ガラス・土石製品,3d,3営業日,1,0.7999999999999999,0.7999999999999999,1.0,サンプル不足
v5,return_120d,120日モメンタム,業種,ガラス・土石製品,5d,5営業日,1,1.0,1.0,1.0,サンプル不足
v5,return_120d,120日モメンタム,業種,ガラス・土石製品,10d,10営業日,1,-0.39999999999999997,-0.39999999999999997,0.0,サンプル不足
v5,return_120d,120日モメンタム,業種,サービス業,1d,1営業日,1,0.08571428571428573,0.08571428571428573,1.0,サンプル不足
v5,return_120d,120日モメンタム,業種,サービス業,3d,3営業日,1,0.7714285714285715,0.7714285714285715,1.0,サンプル不足
v5,return_120d,120日モメンタム,業種,サービス業,5d,5営業日,1,0.7714285714285715,0.7714285714285715,1.0,サンプル不足
v5,return_120d,120日モメンタム,業種,サービス業,10d,10営業日,1,0.3142857142857143,0.3142857142857143,1.0,サンプル不足
v5,return_120d,120日モメンタム,業種,パルプ・紙,1d,1営業日,0,,,,サンプル不足
v5,return_120d,120日モメンタム,業種,パルプ・紙,3d,3営業日,0,,,,サンプル不足
v5,return_120d,120日モメンタム,業種,パルプ・紙,5d,5営業日,0,,,,サンプル不足
v5,return_120d,120日モメンタム,業種,パルプ・紙,10d,10営業日,0,,,,サンプル不足
v5,return_120d,120日モメンタム,業種,不動産業,1d,1営業日,0,,,,サンプル不足
v5,return_120d,120日モメンタム,業種,不動産業,3d,3営業日,0,,,,サンプル不足
v5,return_120d,120日モメンタム,業種,不動産業,5d,5営業日,0,,,,サンプル不足
v5,return_120d,120日モメンタム,業種,不動産業,10d,10営業日,0,,,,サンプル不足
v5,return_120d,120日モメンタム,業種,保険業,1d,1営業日,0,,,,サンプル不足
v5,return_120d,120日モメンタム,業種,保険業,3d,3営業日,0,,,,サンプル不足
v5,return_120d,120日モメンタム,業種,保険業,5d,5営業日,0,,,,サンプル不足
v5,return_120d,120日モメンタム,業種,保険業,10d,10営業日,0,,,,サンプル不足
v5,return_120d,120日モメンタム,業種,化学,1d,1営業日,1,0.3214285714285715,0.3214285714285715,1.0,サンプル不足
v5,return_120d,120日モメンタム,業種,化学,3d,3営業日,1,0.3571428571428572,0.3571428571428572,1.0,サンプル不足
v5,return_120d,120日モメンタム,業種,化学,5d,5営業日,1,-0.10714285714285716,-0.10714285714285716,0.0,サンプル不足
v5,return_120d,120日モメンタム,業種,化学,10d,10営業日,1,-0.4642857142857144,-0.4642857142857144,0.0,サンプル不足
v5,return_120d,120日モメンタム,業種,卸売業,1d,1営業日,0,,,,サンプル不足
v5,return_120d,120日モメンタム,業種,卸売業,3d,3営業日,0,,,,サンプル不足
v5,return_120d,120日モメンタム,業種,卸売業,5d,5営業日,0,,,,サンプル不足
v5,return_120d,120日モメンタム,業種,卸売業,10d,10営業日,0,,,,サンプル不足
v5,return_120d,120日モメンタム,業種,小売業,1d,1営業日,1,1.0,1.0,1.0,サンプル不足
v5,return_120d,120日モメンタム,業種,小売業,3d,3営業日,1,0.5,0.5,1.0,サンプル不足
v5,return_120d,120日モメンタム,業種,小売業,5d,5営業日,1,0.5,0.5,1.0,サンプル不足
v5,return_120d,120日モメンタム,業種,小売業,10d,10営業日,1,1.0,1.0,1.0,サンプル不足
v5,return_120d,120日モメンタム,業種,建設業,1d,1営業日,0,,,,サンプル不足
v5,return_120d,120日モメンタム,業種,建設業,3d,3営業日,0,,,,サンプル不足
v5,return_120d,120日モメンタム,業種,建設業,5d,5営業日,0,,,,サンプル不足
v5,return_120d,120日モメンタム,業種,建設業,10d,10営業日,0,,,,サンプル不足
v5,return_120d,120日モメンタム,業種,情報・通信業,1d,1営業日,1,-0.39999999999999997,-0.39999999999999997,0.0,サンプル不足
v5,return_120d,120日モメンタム,業種,情報・通信業,3d,3営業日,1,-0.39999999999999997,-0.39999999999999997,0.0,サンプル不足
v5,return_120d,120日モメンタム,業種,情報・通信業,5d,5営業日,1,-0.3,-0.3,0.0,サンプル不足
v5,return_120d,120日モメンタム,業種,情報・通信業,10d,10営業日,1,-0.09999999999999999,-0.09999999999999999,0.0,サンプル不足
v5,return_120d,120日モメンタム,業種,機械,1d,1営業日,1,0.12637362637362637,0.12637362637362637,1.0,サンプル不足
v5,return_120d,120日モメンタム,業種,機械,3d,3営業日,1,0.5549450549450549,0.5549450549450549,1.0,サンプル不足
v5,return_120d,120日モメンタム,業種,機械,5d,5営業日,1,0.5384615384615384,0.5384615384615384,1.0,サンプル不足
v5,return_120d,120日モメンタム,業種,機械,10d,10営業日,1,0.4725274725274725,0.4725274725274725,1.0,サンプル不足
v5,return_120d,120日モメンタム,業種,精密機器,1d,1営業日,1,0.14285714285714288,0.14285714285714288,1.0,サンプル不足
v5,return_120d,120日モメンタム,業種,精密機器,3d,3営業日,1,0.4642857142857144,0.4642857142857144,1.0,サンプル不足
v5,return_120d,120日モメンタム,業種,精密機器,5d,5営業日,1,0.42857142857142866,0.42857142857142866,1.0,サンプル不足
v5,return_120d,120日モメンタム,業種,精密機器,10d,10営業日,1,0.6785714285714287,0.6785714285714287,1.0,サンプル不足
v5,return_120d,120日モメンタム,業種,証券、商品先物取引業,1d,1営業日,0,,,,サンプル不足
v5,return_120d,120日モメンタム,業種,証券、商品先物取引業,3d,3営業日,0,,,,サンプル不足
v5,return_120d,120日モメンタム,業種,証券、商品先物取引業,5d,5営業日,0,,,,サンプル不足
v5,return_120d,120日モメンタム,業種,証券、商品先物取引業,10d,10営業日,0,,,,サンプル不足
v5,return_120d,120日モメンタム,業種,輸送用機器,1d,1営業日,1,0.39999999999999997,0.39999999999999997,1.0,サンプル不足
v5,return_120d,120日モメンタム,業種,輸送用機器,3d,3営業日,1,0.0,0.0,0.0,サンプル不足
v5,return_120d,120日モメンタム,業種,輸送用機器,5d,5営業日,1,0.0,0.0,0.0,サンプル不足
v5,return_120d,120日モメンタム,業種,輸送用機器,10d,10営業日,1,0.0,0.0,0.0,サンプル不足
v5,return_120d,120日モメンタム,業種,金属製品,1d,1営業日,1,0.39999999999999997,0.39999999999999997,1.0,サンプル不足
v5,return_120d,120日モメンタム,業種,金属製品,3d,3営業日,1,0.19999999999999998,0.19999999999999998,1.0,サンプル不足
v5,return_120d,120日モメンタム,業種,金属製品,5d,5営業日,1,0.19999999999999998,0.19999999999999998,1.0,サンプル不足
v5,return_120d,120日モメンタム,業種,金属製品,10d,10営業日,1,0.7999999999999999,0.7999999999999999,1.0,サンプル不足
v5,return_120d,120日モメンタム,業種,鉄鋼,1d,1営業日,0,,,,サンプル不足
v5,return_120d,120日モメンタム,業種,鉄鋼,3d,3営業日,0,,,,サンプル不足
v5,return_120d,120日モメンタム,業種,鉄鋼,5d,5営業日,0,,,,サンプル不足
v5,return_120d,120日モメンタム,業種,鉄鋼,10d,10営業日,0,,,,サンプル不足
v5,return_120d,120日モメンタム,業種,銀行業,1d,1営業日,1,0.3,0.3,1.0,サンプル不足
v5,return_120d,120日モメンタム,業種,銀行業,3d,3営業日,1,0.3,0.3,1.0,サンプル不足
v5,return_120d,120日モメンタム,業種,銀行業,5d,5営業日,1,0.09999999999999999,0.09999999999999999,1.0,サンプル不足
v5,return_120d,120日モメンタム,業種,銀行業,10d,10営業日,1,-0.7,-0.7,0.0,サンプル不足
v5,return_120d,120日モメンタム,業種,電気・ガス業,1d,1営業日,0,,,,サンプル不足
v5,return_120d,120日モメンタム,業種,電気・ガス業,3d,3営業日,0,,,,サンプル不足
v5,return_120d,120日モメンタム,業種,電気・ガス業,5d,5営業日,0,,,,サンプル不足
v5,return_120d,120日モメンタム,業種,電気・ガス業,10d,10営業日,0,,,,サンプル不足
v5,return_120d,120日モメンタム,業種,電気機器,1d,1営業日,1,0.2923076923076923,0.2923076923076923,1.0,サンプル不足
v5,return_120d,120日モメンタム,業種,電気機器,3d,3営業日,1,0.19615384615384615,0.19615384615384615,1.0,サンプル不足
v5,return_120d,120日モメンタム,業種,電気機器,5d,5営業日,1,-0.1176923076923077,-0.1176923076923077,0.0,サンプル不足
v5,return_120d,120日モメンタム,業種,電気機器,10d,10営業日,1,0.19384615384615386,0.19384615384615386,1.0,サンプル不足
v5,return_120d,120日モメンタム,業種,非鉄金属,1d,1営業日,0,,,,サンプル不足
v5,return_120d,120日モメンタム,業種,非鉄金属,3d,3営業日,0,,,,サンプル不足
v5,return_120d,120日モメンタム,業種,非鉄金属,5d,5営業日,0,,,,サンプル不足
v5,return_120d,120日モメンタム,業種,非鉄金属,10d,10営業日,0,,,,サンプル不足
v5,return_120d,120日モメンタム,業種,食料品,1d,1営業日,0,,,,サンプル不足
v5,return_120d,120日モメンタム,業種,食料品,3d,3営業日,0,,,,サンプル不足
v5,return_120d,120日モメンタム,業種,食料品,5d,5営業日,0,,,,サンプル不足
v5,return_120d,120日モメンタム,業種,食料品,10d,10営業日,0,,,,サンプル不足
v5,distance_ma20,20日移動平均乖離,全体,全体,1d,1営業日,1,-0.006024602460246023,-0.006024602460246023,0.0,サンプル不足
v5,distance_ma20,20日移動平均乖離,全体,全体,3d,3営業日,1,0.03341134113411341,0.03341134113411341,1.0,サンプル不足
v5,distance_ma20,20日移動平均乖離,全体,全体,5d,5営業日,1,-0.08348034803480348,-0.08348034803480348,0.0,サンプル不足
v5,distance_ma20,20日移動平均乖離,全体,全体,10d,10営業日,1,0.10001800180018001,0.10001800180018001,1.0,サンプル不足
v5,distance_ma20,20日移動平均乖離,業種,その他金融業,1d,1営業日,0,,,,サンプル不足
v5,distance_ma20,20日移動平均乖離,業種,その他金融業,3d,3営業日,0,,,,サンプル不足
v5,distance_ma20,20日移動平均乖離,業種,その他金融業,5d,5営業日,0,,,,サンプル不足
v5,distance_ma20,20日移動平均乖離,業種,その他金融業,10d,10営業日,0,,,,サンプル不足
v5,distance_ma20,20日移動平均乖離,業種,ガラス・土石製品,1d,1営業日,1,0.19999999999999998,0.19999999999999998,1.0,サンプル不足
v5,distance_ma20,20日移動平均乖離,業種,ガラス・土石製品,3d,3営業日,1,0.19999999999999998,0.19999999999999998,1.0,サンプル不足
v5,distance_ma20,20日移動平均乖離,業種,ガラス・土石製品,5d,5営業日,1,0.39999999999999997,0.39999999999999997,1.0,サンプル不足
v5,distance_ma20,20日移動平均乖離,業種,ガラス・土石製品,10d,10営業日,1,-0.39999999999999997,-0.39999999999999997,0.0,サンプル不足
v5,distance_ma20,20日移動平均乖離,業種,サービス業,1d,1営業日,1,-0.48571428571428577,-0.48571428571428577,0.0,サンプル不足
v5,distance_ma20,20日移動平均乖離,業種,サービス業,3d,3営業日,1,-0.2,-0.2,0.0,サンプル不足
v5,distance_ma20,20日移動平均乖離,業種,サービス業,5d,5営業日,1,-0.6,-0.6,0.0,サンプル不足
v5,distance_ma20,20日移動平均乖離,業種,サービス業,10d,10営業日,1,-0.48571428571428577,-0.48571428571428577,0.0,サンプル不足
v5,distance_ma20,20日移動平均乖離,業種,パルプ・紙,1d,1営業日,0,,,,サンプル不足
v5,distance_ma20,20日移動平均乖離,業種,パルプ・紙,3d,3営業日,0,,,,サンプル不足
v5,distance_ma20,20日移動平均乖離,業種,パルプ・紙,5d,5営業日,0,,,,サンプル不足
v5,distance_ma20,20日移動平均乖離,業種,パルプ・紙,10d,10営業日,0,,,,サンプル不足
v5,distance_ma20,20日移動平均乖離,業種,不動産業,1d,1営業日,0,,,,サンプル不足
v5,distance_ma20,20日移動平均乖離,業種,不動産業,3d,3営業日,0,,,,サンプル不足
v5,distance_ma20,20日移動平均乖離,業種,不動産業,5d,5営業日,0,,,,サンプル不足
v5,distance_ma20,20日移動平均乖離,業種,不動産業,10d,10営業日,0,,,,サンプル不足
v5,distance_ma20,20日移動平均乖離,業種,保険業,1d,1営業日,0,,,,サンプル不足
v5,distance_ma20,20日移動平均乖離,業種,保険業,3d,3営業日,0,,,,サンプル不足
v5,distance_ma20,20日移動平均乖離,業種,保険業,5d,5営業日,0,,,,サンプル不足
v5,distance_ma20,20日移動平均乖離,業種,保険業,10d,10営業日,0,,,,サンプル不足
v5,distance_ma20,20日移動平均乖離,業種,化学,1d,1営業日,1,-0.25,-0.25,0.0,サンプル不足
v5,distance_ma20,20日移動平均乖離,業種,化学,3d,3営業日,1,-0.42857142857142866,-0.42857142857142866,0.0,サンプル不足
v5,distance_ma20,20日移動平均乖離,業種,化学,5d,5営業日,1,-0.5357142857142858,-0.5357142857142858,0.0,サンプル不足
v5,distance_ma20,20日移動平均乖離,業種,化学,10d,10営業日,1,-0.8214285714285715,-0.8214285714285715,0.0,サンプル不足
v5,distance_ma20,20日移動平均乖離,業種,卸売業,1d,1営業日,0,,,,サンプル不足
v5,distance_ma20,20日移動平均乖離,業種,卸売業,3d,3営業日,0,,,,サンプル不足
v5,distance_ma20,20日移動平均乖離,業種,卸売業,5d,5営業日,0,,,,サンプル不足
v5,distance_ma20,20日移動平均乖離,業種,卸売業,10d,10営業日,0,,,,サンプル不足
v5,distance_ma20,20日移動平均乖離,業種,小売業,1d,1営業日,1,-0.5,-0.5,0.0,サンプル不足
v5,distance_ma20,20日移動平均乖離,業種,小売業,3d,3営業日,1,0.5,0.5,1.0,サンプル不足
v5,distance_ma20,20日移動平均乖離,業種,小売業,5d,5営業日,1,0.5,0.5,1.0,サンプル不足
v5,distance_ma20,20日移動平均乖離,業種,小売業,10d,10営業日,1,-0.5,-0.5,0.0,サンプル不足
v5,distance_ma20,20日移動平均乖離,業種,建設業,1d,1営業日,0,,,,サンプル不足
v5,distance_ma20,20日移動平均乖離,業種,建設業,3d,3営業日,0,,,,サンプル不足
v5,distance_ma20,20日移動平均乖離,業種,建設業,5d,5営業日,0,,,,サンプル不足
v5,distance_ma20,20日移動平均乖離,業種,建設業,10d,10営業日,0,,,,サンプル不足
v5,distance_ma20,20日移動平均乖離,業種,情報・通信業,1d,1営業日,1,-0.8999999999999998,-0.8999999999999998,0.0,サンプル不足
v5,distance_ma20,20日移動平均乖離,業種,情報・通信業,3d,3営業日,1,-0.8999999999999998,-0.8999999999999998,0.0,サンプル不足
v5,distance_ma20,20日移動平均乖離,業種,情報・通信業,5d,5営業日,1,-0.7,-0.7,0.0,サンプル不足
v5,distance_ma20,20日移動平均乖離,業種,情報・通信業,10d,10営業日,1,-0.6,-0.6,0.0,サンプル不足
v5,distance_ma20,20日移動平均乖離,業種,機械,1d,1営業日,1,0.1043956043956044,0.1043956043956044,1.0,サンプル不足
v5,distance_ma20,20日移動平均乖離,業種,機械,3d,3営業日,1,0.049450549450549455,0.049450549450549455,1.0,サンプル不足
v5,distance_ma20,20日移動平均乖離,業種,機械,5d,5営業日,1,0.09890109890109891,0.09890109890109891,1.0,サンプル不足
v5,distance_ma20,20日移動平均乖離,業種,機械,10d,10営業日,1,-0.21428571428571427,-0.21428571428571427,0.0,サンプル不足
v5,distance_ma20,20日移動平均乖離,業種,精密機器,1d,1営業日,1,0.3214285714285715,0.3214285714285715,1.0,サンプル不足
v5,distance_ma20,20日移動平均乖離,業種,精密機器,3d,3営業日,1,-0.10714285714285716,-0.10714285714285716,0.0,サンプル不足
v5,distance_ma20,20日移動平均乖離,業種,精密機器,5d,5営業日,1,-0.07142857142857144,-0.07142857142857144,0.0,サンプル不足
v5,distance_ma20,20日移動平均乖離,業種,精密機器,10d,10営業日,1,-0.03571428571428572,-0.03571428571428572,0.0,サンプル不足
v5,distance_ma20,20日移動平均乖離,業種,証券、商品先物取引業,1d,1営業日,0,,,,サンプル不足
v5,distance_ma20,20日移動平均乖離,業種,証券、商品先物取引業,3d,3営業日,0,,,,サンプル不足
v5,distance_ma20,20日移動平均乖離,業種,証券、商品先物取引業,5d,5営業日,0,,,,サンプル不足
v5,distance_ma20,20日移動平均乖離,業種,証券、商品先物取引業,10d,10営業日,0,,,,サンプル不足
v5,distance_ma20,20日移動平均乖離,業種,輸送用機器,1d,1営業日,1,0.7999999999999999,0.7999999999999999,1.0,サンプル不足
v5,distance_ma20,20日移動平均乖離,業種,輸送用機器,3d,3営業日,1,1.0,1.0,1.0,サンプル不足
v5,distance_ma20,20日移動平均乖離,業種,輸送用機器,5d,5営業日,1,1.0,1.0,1.0,サンプル不足
v5,distance_ma20,20日移動平均乖離,業種,輸送用機器,10d,10営業日,1,1.0,1.0,1.0,サンプル不足
v5,distance_ma20,20日移動平均乖離,業種,金属製品,1d,1営業日,1,-0.6000000000000001,-0.6000000000000001,0.0,サンプル不足
v5,distance_ma20,20日移動平均乖離,業種,金属製品,3d,3営業日,1,-0.7999999999999999,-0.7999999999999999,0.0,サンプル不足
v5,distance_ma20,20日移動平均乖離,業種,金属製品,5d,5営業日,1,-0.7999999999999999,-0.7999999999999999,0.0,サンプル不足
v5,distance_ma20,20日移動平均乖離,業種,金属製品,10d,10営業日,1,0.0,0.0,0.0,サンプル不足
v5,distance_ma20,20日移動平均乖離,業種,鉄鋼,1d,1営業日,0,,,,サンプル不足
v5,distance_ma20,20日移動平均乖離,業種,鉄鋼,3d,3営業日,0,,,,サンプル不足
v5,distance_ma20,20日移動平均乖離,業種,鉄鋼,5d,5営業日,0,,,,サンプル不足
v5,distance_ma20,20日移動平均乖離,業種,鉄鋼,10d,10営業日,0,,,,サンプル不足
v5,distance_ma20,20日移動平均乖離,業種,銀行業,1d,1営業日,1,-0.8999999999999998,-0.8999999999999998,0.0,サンプル不足
v5,distance_ma20,20日移動平均乖離,業種,銀行業,3d,3営業日,1,-0.8999999999999998,-0.8999999999999998,0.0,サンプル不足
v5,distance_ma20,20日移動平均乖離,業種,銀行業,5d,5営業日,1,-0.7,-0.7,0.0,サンプル不足
v5,distance_ma20,20日移動平均乖離,業種,銀行業,10d,10営業日,1,-0.09999999999999999,-0.09999999999999999,0.0,サンプル不足
v5,distance_ma20,20日移動平均乖離,業種,電気・ガス業,1d,1営業日,0,,,,サンプル不足
v5,distance_ma20,20日移動平均乖離,業種,電気・ガス業,3d,3営業日,0,,,,サンプル不足
v5,distance_ma20,20日移動平均乖離,業種,電気・ガス業,5d,5営業日,0,,,,サンプル不足
v5,distance_ma20,20日移動平均乖離,業種,電気・ガス業,10d,10営業日,0,,,,サンプル不足
v5,distance_ma20,20日移動平均乖離,業種,電気機器,1d,1営業日,1,0.10615384615384615,0.10615384615384615,1.0,サンプル不足
v5,distance_ma20,20日移動平均乖離,業種,電気機器,3d,3営業日,1,0.16923076923076924,0.16923076923076924,1.0,サンプル不足
v5,distance_ma20,20日移動平均乖離,業種,電気機器,5d,5営業日,1,-0.1769230769230769,-0.1769230769230769,0.0,サンプル不足
v5,distance_ma20,20日移動平均乖離,業種,電気機器,10d,10営業日,1,0.21000000000000002,0.21000000000000002,1.0,サンプル不足
v5,distance_ma20,20日移動平均乖離,業種,非鉄金属,1d,1営業日,0,,,,サンプル不足
v5,distance_ma20,20日移動平均乖離,業種,非鉄金属,3d,3営業日,0,,,,サンプル不足
v5,distance_ma20,20日移動平均乖離,業種,非鉄金属,5d,5営業日,0,,,,サンプル不足
v5,distance_ma20,20日移動平均乖離,業種,非鉄金属,10d,10営業日,0,,,,サンプル不足
v5,distance_ma20,20日移動平均乖離,業種,食料品,1d,1営業日,0,,,,サンプル不足
v5,distance_ma20,20日移動平均乖離,業種,食料品,3d,3営業日,0,,,,サンプル不足
v5,distance_ma20,20日移動平均乖離,業種,食料品,5d,5営業日,0,,,,サンプル不足
v5,distance_ma20,20日移動平均乖離,業種,食料品,10d,10営業日,0,,,,サンプル不足
v5,distance_ma60,60日移動平均乖離,全体,全体,1d,1営業日,1,0.16802880288028801,0.16802880288028801,1.0,サンプル不足
v5,distance_ma60,60日移動平均乖離,全体,全体,3d,3営業日,1,0.18076207620762072,0.18076207620762072,1.0,サンプル不足
v5,distance_ma60,60日移動平均乖離,全体,全体,5d,5営業日,1,-0.026114611461146114,-0.026114611461146114,0.0,サンプル不足
v5,distance_ma60,60日移動平均乖離,全体,全体,10d,10営業日,1,0.14557455745574555,0.14557455745574555,1.0,サンプル不足
v5,distance_ma60,60日移動平均乖離,業種,その他金融業,1d,1営業日,0,,,,サンプル不足
v5,distance_ma60,60日移動平均乖離,業種,その他金融業,3d,3営業日,0,,,,サンプル不足
v5,distance_ma60,60日移動平均乖離,業種,その他金融業,5d,5営業日,0,,,,サンプル不足
v5,distance_ma60,60日移動平均乖離,業種,その他金融業,10d,10営業日,0,,,,サンプル不足
v5,distance_ma60,60日移動平均乖離,業種,ガラス・土石製品,1d,1営業日,1,0.19999999999999998,0.19999999999999998,1.0,サンプル不足
v5,distance_ma60,60日移動平均乖離,業種,ガラス・土石製品,3d,3営業日,1,0.19999999999999998,0.19999999999999998,1.0,サンプル不足
v5,distance_ma60,60日移動平均乖離,業種,ガラス・土石製品,5d,5営業日,1,0.39999999999999997,0.39999999999999997,1.0,サンプル不足
v5,distance_ma60,60日移動平均乖離,業種,ガラス・土石製品,10d,10営業日,1,-0.39999999999999997,-0.39999999999999997,0.0,サンプル不足
v5,distance_ma60,60日移動平均乖離,業種,サービス業,1d,1営業日,1,0.14285714285714288,0.14285714285714288,1.0,サンプル不足
v5,distance_ma60,60日移動平均乖離,業種,サービス業,3d,3営業日,1,0.8857142857142858,0.8857142857142858,1.0,サンプル不足
v5,distance_ma60,60日移動平均乖離,業種,サービス業,5d,5営業日,1,0.8285714285714287,0.8285714285714287,1.0,サンプル不足
v5,distance_ma60,60日移動平均乖離,業種,サービス業,10d,10営業日,1,0.942857142857143,0.942857142857143,1.0,サンプル不足
v5,distance_ma60,60日移動平均乖離,業種,パルプ・紙,1d,1営業日,0,,,,サンプル不足
v5,distance_ma60,60日移動平均乖離,業種,パルプ・紙,3d,3営業日,0,,,,サンプル不足
v5,distance_ma60,60日移動平均乖離,業種,パルプ・紙,5d,5営業日,0,,,,サンプル不足
v5,distance_ma60,60日移動平均乖離,業種,パルプ・紙,10d,10営業日,0,,,,サンプル不足
v5,distance_ma60,60日移動平均乖離,業種,不動産業,1d,1営業日,0,,,,サンプル不足
v5,distance_ma60,60日移動平均乖離,業種,不動産業,3d,3営業日,0,,,,サンプル不足
v5,distance_ma60,60日移動平均乖離,業種,不動産業,5d,5営業日,0,,,,サンプル不足
v5,distance_ma60,60日移動平均乖離,業種,不動産業,10d,10営業日,0,,,,サンプル不足
v5,distance_ma60,60日移動平均乖離,業種,保険業,1d,1営業日,0,,,,サンプル不足
v5,distance_ma60,60日移動平均乖離,業種,保険業,3d,3営業日,0,,,,サンプル不足
v5,distance_ma60,60日移動平均乖離,業種,保険業,5d,5営業日,0,,,,サンプル不足
v5,distance_ma60,60日移動平均乖離,業種,保険業,10d,10営業日,0,,,,サンプル不足
v5,distance_ma60,60日移動平均乖離,業種,化学,1d,1営業日,1,-0.07142857142857144,-0.07142857142857144,0.0,サンプル不足
v5,distance_ma60,60日移動平均乖離,業種,化学,3d,3営業日,1,-0.14285714285714288,-0.14285714285714288,0.0,サンプル不足
v5,distance_ma60,60日移動平均乖離,業種,化学,5d,5営業日,1,-0.3214285714285715,-0.3214285714285715,0.0,サンプル不足
v5,distance_ma60,60日移動平均乖離,業種,化学,10d,10営業日,1,-0.6071428571428572,-0.6071428571428572,0.0,サンプル不足
v5,distance_ma60,60日移動平均乖離,業種,卸売業,1d,1営業日,0,,,,サンプル不足
v5,distance_ma60,60日移動平均乖離,業種,卸売業,3d,3営業日,0,,,,サンプル不足
v5,distance_ma60,60日移動平均乖離,業種,卸売業,5d,5営業日,0,,,,サンプル不足
v5,distance_ma60,60日移動平均乖離,業種,卸売業,10d,10営業日,0,,,,サンプル不足
v5,distance_ma60,60日移動平均乖離,業種,小売業,1d,1営業日,1,1.0,1.0,1.0,サンプル不足
v5,distance_ma60,60日移動平均乖離,業種,小売業,3d,3営業日,1,0.5,0.5,1.0,サンプル不足
v5,distance_ma60,60日移動平均乖離,業種,小売業,5d,5営業日,1,0.5,0.5,1.0,サンプル不足
v5,distance_ma60,60日移動平均乖離,業種,小売業,10d,10営業日,1,1.0,1.0,1.0,サンプル不足
v5,distance_ma60,60日移動平均乖離,業種,建設業,1d,1営業日,0,,,,サンプル不足
v5,distance_ma60,60日移動平均乖離,業種,建設業,3d,3営業日,0,,,,サンプル不足
v5,distance_ma60,60日移動平均乖離,業種,建設業,5d,5営業日,0,,,,サンプル不足
v5,distance_ma60,60日移動平均乖離,業種,建設業,10d,10営業日,0,,,,サンプル不足
v5,distance_ma60,60日移動平均乖離,業種,情報・通信業,1d,1営業日,1,-0.39999999999999997,-0.39999999999999997,0.0,サンプル不足
v5,distance_ma60,60日移動平均乖離,業種,情報・通信業,3d,3営業日,1,-0.39999999999999997,-0.39999999999999997,0.0,サンプル不足
v5,distance_ma60,60日移動平均乖離,業種,情報・通信業,5d,5営業日,1,-0.3,-0.3,0.0,サンプル不足
v5,distance_ma60,60日移動平均乖離,業種,情報・通信業,10d,10営業日,1,-0.49999999999999994,-0.49999999999999994,0.0,サンプル不足
v5,distance_ma60,60日移動平均乖離,業種,機械,1d,1営業日,1,0.11538461538461539,0.11538461538461539,1.0,サンプル不足
v5,distance_ma60,60日移動平均乖離,業種,機械,3d,3営業日,1,0.4945054945054945,0.4945054945054945,1.0,サンプル不足
v5,distance_ma60,60日移動平均乖離,業種,機械,5d,5営業日,1,0.42857142857142855,0.42857142857142855,1.0,サンプル不足
v5,distance_ma60,60日移動平均乖離,業種,機械,10d,10営業日,1,0.21428571428571427,0.21428571428571427,1.0,サンプル不足
v5,distance_ma60,60日移動平均乖離,業種,精密機器,1d,1営業日,1,0.5714285714285715,0.5714285714285715,1.0,サンプル不足
v5,distance_ma60,60日移動平均乖離,業種,精密機器,3d,3営業日,1,0.07142857142857144,0.07142857142857144,1.0,サンプル不足
v5,distance_ma60,60日移動平均乖離,業種,精密機器,5d,5営業日,1,0.1785714285714286,0.1785714285714286,1.0,サンプル不足
v5,distance_ma60,60日移動平均乖離,業種,精密機器,10d,10営業日,1,0.21428571428571433,0.21428571428571433,1.0,サンプル不足
v5,distance_ma60,60日移動平均乖離,業種,証券、商品先物取引業,1d,1営業日,0,,,,サンプル不足
v5,distance_ma60,60日移動平均乖離,業種,証券、商品先物取引業,3d,3営業日,0,,,,サンプル不足
v5,distance_ma60,60日移動平均乖離,業種,証券、商品先物取引業,5d,5営業日,0,,,,サンプル不足
v5,distance_ma60,60日移動平均乖離,業種,証券、商品先物取引業,10d,10営業日,0,,,,サンプル不足
v5,distance_ma60,60日移動平均乖離,業種,輸送用機器,1d,1営業日,1,0.6000000000000001,0.6000000000000001,1.0,サンプル不足
v5,distance_ma60,60日移動平均乖離,業種,輸送用機器,3d,3営業日,1,0.7999999999999999,0.7999999999999999,1.0,サンプル不足
v5,distance_ma60,60日移動平均乖離,業種,輸送用機器,5d,5営業日,1,0.7999999999999999,0.7999999999999999,1.0,サンプル不足
v5,distance_ma60,60日移動平均乖離,業種,輸送用機器,10d,10営業日,1,0.7999999999999999,0.7999999999999999,1.0,サンプル不足
v5,distance_ma60,60日移動平均乖離,業種,金属製品,1d,1営業日,1,0.7999999999999999,0.7999999999999999,1.0,サンプル不足
v5,distance_ma60,60日移動平均乖離,業種,金属製品,3d,3営業日,1,0.39999999999999997,0.39999999999999997,1.0,サンプル不足
v5,distance_ma60,60日移動平均乖離,業種,金属製品,5d,5営業日,1,0.39999999999999997,0.39999999999999997,1.0,サンプル不足
v5,distance_ma60,60日移動平均乖離,業種,金属製品,10d,10営業日,1,1.0,1.0,1.0,サンプル不足
v5,distance_ma60,60日移動平均乖離,業種,鉄鋼,1d,1営業日,0,,,,サンプル不足
v5,distance_ma60,60日移動平均乖離,業種,鉄鋼,3d,3営業日,0,,,,サンプル不足
v5,distance_ma60,60日移動平均乖離,業種,鉄鋼,5d,5営業日,0,,,,サンプル不足
v5,distance_ma60,60日移動平均乖離,業種,鉄鋼,10d,10営業日,0,,,,サンプル不足
v5,distance_ma60,60日移動平均乖離,業種,銀行業,1d,1営業日,1,-0.7999999999999999,-0.7999999999999999,0.0,サンプル不足
v5,distance_ma60,60日移動平均乖離,業種,銀行業,3d,3営業日,1,-0.7999999999999999,-0.7999999999999999,0.0,サンプル不足
v5,distance_ma60,60日移動平均乖離,業種,銀行業,5d,5営業日,1,-0.49999999999999994,-0.49999999999999994,0.0,サンプル不足
v5,distance_ma60,60日移動平均乖離,業種,銀行業,10d,10営業日,1,0.0,0.0,0.0,サンプル不足
v5,distance_ma60,60日移動平均乖離,業種,電気・ガス業,1d,1営業日,0,,,,サンプル不足
v5,distance_ma60,60日移動平均乖離,業種,電気・ガス業,3d,3営業日,0,,,,サンプル不足
v5,distance_ma60,60日移動平均乖離,業種,電気・ガス業,5d,5営業日,0,,,,サンプル不足
v5,distance_ma60,60日移動平均乖離,業種,電気・ガス業,10d,10営業日,0,,,,サンプル不足
v5,distance_ma60,60日移動平均乖離,業種,電気機器,1d,1営業日,1,0.10692307692307691,0.10692307692307691,1.0,サンプル不足
v5,distance_ma60,60日移動平均乖離,業種,電気機器,3d,3営業日,1,0.15307692307692308,0.15307692307692308,1.0,サンプル不足
v5,distance_ma60,60日移動平均乖離,業種,電気機器,5d,5営業日,1,-0.1992307692307692,-0.1992307692307692,0.0,サンプル不足
v5,distance_ma60,60日移動平均乖離,業種,電気機器,10d,10営業日,1,0.1523076923076923,0.1523076923076923,1.0,サンプル不足
v5,distance_ma60,60日移動平均乖離,業種,非鉄金属,1d,1営業日,0,,,,サンプル不足
v5,distance_ma60,60日移動平均乖離,業種,非鉄金属,3d,3営業日,0,,,,サンプル不足
v5,distance_ma60,60日移動平均乖離,業種,非鉄金属,5d,5営業日,0,,,,サンプル不足
v5,distance_ma60,60日移動平均乖離,業種,非鉄金属,10d,10営業日,0,,,,サンプル不足
v5,distance_ma60,60日移動平均乖離,業種,食料品,1d,1営業日,0,,,,サンプル不足
v5,distance_ma60,60日移動平均乖離,業種,食料品,3d,3営業日,0,,,,サンプル不足
v5,distance_ma60,60日移動平均乖離,業種,食料品,5d,5営業日,0,,,,サンプル不足
v5,distance_ma60,60日移動平均乖離,業種,食料品,10d,10営業日,0,,,,サンプル不足
v5,avg_turnover_20d,20日平均売買代金,全体,全体,1d,1営業日,1,0.3243684368436844,0.3243684368436844,1.0,サンプル不足
v5,avg_turnover_20d,20日平均売買代金,全体,全体,3d,3営業日,1,0.26198619861986194,0.26198619861986194,1.0,サンプル不足
v5,avg_turnover_20d,20日平均売買代金,全体,全体,5d,5営業日,1,0.05748574857485748,0.05748574857485748,1.0,サンプル不足
v5,avg_turnover_20d,20日平均売買代金,全体,全体,10d,10営業日,1,0.16387638763876383,0.16387638763876383,1.0,サンプル不足
v5,avg_turnover_20d,20日平均売買代金,業種,その他金融業,1d,1営業日,0,,,,サンプル不足
v5,avg_turnover_20d,20日平均売買代金,業種,その他金融業,3d,3営業日,0,,,,サンプル不足
v5,avg_turnover_20d,20日平均売買代金,業種,その他金融業,5d,5営業日,0,,,,サンプル不足
v5,avg_turnover_20d,20日平均売買代金,業種,その他金融業,10d,10営業日,0,,,,サンプル不足
v5,avg_turnover_20d,20日平均売買代金,業種,ガラス・土石製品,1d,1営業日,1,0.39999999999999997,0.39999999999999997,1.0,サンプル不足
v5,avg_turnover_20d,20日平均売買代金,業種,ガラス・土石製品,3d,3営業日,1,0.39999999999999997,0.39999999999999997,1.0,サンプル不足
v5,avg_turnover_20d,20日平均売買代金,業種,ガラス・土石製品,5d,5営業日,1,0.7999999999999999,0.7999999999999999,1.0,サンプル不足
v5,avg_turnover_20d,20日平均売買代金,業種,ガラス・土石製品,10d,10営業日,1,-0.19999999999999998,-0.19999999999999998,0.0,サンプル不足
v5,avg_turnover_20d,20日平均売買代金,業種,サービス業,1d,1営業日,1,0.942857142857143,0.942857142857143,1.0,サンプル不足
v5,avg_turnover_20d,20日平均売買代金,業種,サービス業,3d,3営業日,1,0.2571428571428572,0.2571428571428572,1.0,サンプル不足
v5,avg_turnover_20d,20日平均売買代金,業種,サービス業,5d,5営業日,1,0.5428571428571429,0.5428571428571429,1.0,サンプル不足
v5,avg_turnover_20d,20日平均売買代金,業種,サービス業,10d,10営業日,1,0.08571428571428573,0.08571428571428573,1.0,サンプル不足
v5,avg_turnover_20d,20日平均売買代金,業種,パルプ・紙,1d,1営業日,0,,,,サンプル不足
v5,avg_turnover_20d,20日平均売買代金,業種,パルプ・紙,3d,3営業日,0,,,,サンプル不足
v5,avg_turnover_20d,20日平均売買代金,業種,パルプ・紙,5d,5営業日,0,,,,サンプル不足
v5,avg_turnover_20d,20日平均売買代金,業種,パルプ・紙,10d,10営業日,0,,,,サンプル不足
v5,avg_turnover_20d,20日平均売買代金,業種,不動産業,1d,1営業日,0,,,,サンプル不足
v5,avg_turnover_20d,20日平均売買代金,業種,不動産業,3d,3営業日,0,,,,サンプル不足
v5,avg_turnover_20d,20日平均売買代金,業種,不動産業,5d,5営業日,0,,,,サンプル不足
v5,avg_turnover_20d,20日平均売買代金,業種,不動産業,10d,10営業日,0,,,,サンプル不足
v5,avg_turnover_20d,20日平均売買代金,業種,保険業,1d,1営業日,0,,,,サンプル不足
v5,avg_turnover_20d,20日平均売買代金,業種,保険業,3d,3営業日,0,,,,サンプル不足
v5,avg_turnover_20d,20日平均売買代金,業種,保険業,5d,5営業日,0,,,,サンプル不足
v5,avg_turnover_20d,20日平均売買代金,業種,保険業,10d,10営業日,0,,,,サンプル不足
v5,avg_turnover_20d,20日平均売買代金,業種,化学,1d,1営業日,1,-0.07142857142857144,-0.07142857142857144,0.0,サンプル不足
v5,avg_turnover_20d,20日平均売買代金,業種,化学,3d,3営業日,1,-0.1785714285714286,-0.1785714285714286,0.0,サンプル不足
v5,avg_turnover_20d,20日平均売買代金,業種,化学,5d,5営業日,1,0.0,0.0,0.0,サンプル不足
v5,avg_turnover_20d,20日平均売買代金,業種,化学,10d,10営業日,1,0.3571428571428572,0.3571428571428572,1.0,サンプル不足
v5,avg_turnover_20d,20日平均売買代金,業種,卸売業,1d,1営業日,0,,,,サンプル不足
v5,avg_turnover_20d,20日平均売買代金,業種,卸売業,3d,3営業日,0,,,,サンプル不足
v5,avg_turnover_20d,20日平均売買代金,業種,卸売業,5d,5営業日,0,,,,サンプル不足
v5,avg_turnover_20d,20日平均売買代金,業種,卸売業,10d,10営業日,0,,,,サンプル不足
v5,avg_turnover_20d,20日平均売買代金,業種,小売業,1d,1営業日,1,-0.5,-0.5,0.0,サンプル不足
v5,avg_turnover_20d,20日平均売買代金,業種,小売業,3d,3営業日,1,0.5,0.5,1.0,サンプル不足
v5,avg_turnover_20d,20日平均売買代金,業種,小売業,5d,5営業日,1,0.5,0.5,1.0,サンプル不足
v5,avg_turnover_20d,20日平均売買代金,業種,小売業,10d,10営業日,1,-0.5,-0.5,0.0,サンプル不足
v5,avg_turnover_20d,20日平均売買代金,業種,建設業,1d,1営業日,0,,,,サンプル不足
v5,avg_turnover_20d,20日平均売買代金,業種,建設業,3d,3営業日,0,,,,サンプル不足
v5,avg_turnover_20d,20日平均売買代金,業種,建設業,5d,5営業日,0,,,,サンプル不足
v5,avg_turnover_20d,20日平均売買代金,業種,建設業,10d,10営業日,0,,,,サンプル不足
v5,avg_turnover_20d,20日平均売買代金,業種,情報・通信業,1d,1営業日,1,0.6,0.6,1.0,サンプル不足
v5,avg_turnover_20d,20日平均売買代金,業種,情報・通信業,3d,3営業日,1,0.6,0.6,1.0,サンプル不足
v5,avg_turnover_20d,20日平均売買代金,業種,情報・通信業,5d,5営業日,1,0.19999999999999998,0.19999999999999998,1.0,サンプル不足
v5,avg_turnover_20d,20日平均売買代金,業種,情報・通信業,10d,10営業日,1,-0.09999999999999999,-0.09999999999999999,0.0,サンプル不足
v5,avg_turnover_20d,20日平均売買代金,業種,機械,1d,1営業日,1,0.5714285714285714,0.5714285714285714,1.0,サンプル不足
v5,avg_turnover_20d,20日平均売買代金,業種,機械,3d,3営業日,1,0.6428571428571429,0.6428571428571429,1.0,サンプル不足
v5,avg_turnover_20d,20日平均売買代金,業種,機械,5d,5営業日,1,0.16483516483516483,0.16483516483516483,1.0,サンプル不足
v5,avg_turnover_20d,20日平均売買代金,業種,機械,10d,10営業日,1,0.32417582417582413,0.32417582417582413,1.0,サンプル不足
v5,avg_turnover_20d,20日平均売買代金,業種,精密機器,1d,1営業日,1,-0.4642857142857144,-0.4642857142857144,0.0,サンプル不足
v5,avg_turnover_20d,20日平均売買代金,業種,精密機器,3d,3営業日,1,0.0,0.0,0.0,サンプル不足
v5,avg_turnover_20d,20日平均売買代金,業種,精密機器,5d,5営業日,1,-0.14285714285714288,-0.14285714285714288,0.0,サンプル不足
v5,avg_turnover_20d,20日平均売買代金,業種,精密機器,10d,10営業日,1,0.3571428571428572,0.3571428571428572,1.0,サンプル不足
v5,avg_turnover_20d,20日平均売買代金,業種,証券、商品先物取引業,1d,1営業日,0,,,,サンプル不足
v5,avg_turnover_20d,20日平均売買代金,業種,証券、商品先物取引業,3d,3営業日,0,,,,サンプル不足
v5,avg_turnover_20d,20日平均売買代金,業種,証券、商品先物取引業,5d,5営業日,0,,,,サンプル不足
v5,avg_turnover_20d,20日平均売買代金,業種,証券、商品先物取引業,10d,10営業日,0,,,,サンプル不足
v5,avg_turnover_20d,20日平均売買代金,業種,輸送用機器,1d,1営業日,1,-0.7999999999999999,-0.7999999999999999,0.0,サンプル不足
v5,avg_turnover_20d,20日平均売買代金,業種,輸送用機器,3d,3営業日,1,-0.6000000000000001,-0.6000000000000001,0.0,サンプル不足
v5,avg_turnover_20d,20日平均売買代金,業種,輸送用機器,5d,5営業日,1,-0.6000000000000001,-0.6000000000000001,0.0,サンプル不足
v5,avg_turnover_20d,20日平均売買代金,業種,輸送用機器,10d,10営業日,1,-0.6000000000000001,-0.6000000000000001,0.0,サンプル不足
v5,avg_turnover_20d,20日平均売買代金,業種,金属製品,1d,1営業日,1,0.19999999999999998,0.19999999999999998,1.0,サンプル不足
v5,avg_turnover_20d,20日平均売買代金,業種,金属製品,3d,3営業日,1,-0.39999999999999997,-0.39999999999999997,0.0,サンプル不足
v5,avg_turnover_20d,20日平均売買代金,業種,金属製品,5d,5営業日,1,-0.39999999999999997,-0.39999999999999997,0.0,サンプル不足
v5,avg_turnover_20d,20日平均売買代金,業種,金属製品,10d,10営業日,1,0.39999999999999997,0.39999999999999997,1.0,サンプル不足
v5,avg_turnover_20d,20日平均売買代金,業種,鉄鋼,1d,1営業日,0,,,,サンプル不足
v5,avg_turnover_20d,20日平均売買代金,業種,鉄鋼,3d,3営業日,0,,,,サンプル不足
v5,avg_turnover_20d,20日平均売買代金,業種,鉄鋼,5d,5営業日,0,,,,サンプル不足
v5,avg_turnover_20d,20日平均売買代金,業種,鉄鋼,10d,10営業日,0,,,,サンプル不足
v5,avg_turnover_20d,20日平均売買代金,業種,銀行業,1d,1営業日,1,-0.6,-0.6,0.0,サンプル不足
v5,avg_turnover_20d,20日平均売買代金,業種,銀行業,3d,3営業日,1,-0.6,-0.6,0.0,サンプル不足
v5,avg_turnover_20d,20日平均売買代金,業種,銀行業,5d,5営業日,1,-0.3,-0.3,0.0,サンプル不足
v5,avg_turnover_20d,20日平均売買代金,業種,銀行業,10d,10営業日,1,0.6,0.6,1.0,サンプル不足
v5,avg_turnover_20d,20日平均売買代金,業種,電気・ガス業,1d,1営業日,0,,,,サンプル不足
v5,avg_turnover_20d,20日平均売買代金,業種,電気・ガス業,3d,3営業日,0,,,,サンプル不足
v5,avg_turnover_20d,20日平均売買代金,業種,電気・ガス業,5d,5営業日,0,,,,サンプル不足
v5,avg_turnover_20d,20日平均売買代金,業種,電気・ガス業,10d,10営業日,0,,,,サンプル不足
v5,avg_turnover_20d,20日平均売買代金,業種,電気機器,1d,1営業日,1,0.3392307692307693,0.3392307692307693,1.0,サンプル不足
v5,avg_turnover_20d,20日平均売買代金,業種,電気機器,3d,3営業日,1,0.5638461538461538,0.5638461538461538,1.0,サンプル不足
v5,avg_turnover_20d,20日平均売買代金,業種,電気機器,5d,5営業日,1,0.43076923076923074,0.43076923076923074,1.0,サンプル不足
v5,avg_turnover_20d,20日平均売買代金,業種,電気機器,10d,10営業日,1,0.4684615384615385,0.4684615384615385,1.0,サンプル不足
v5,avg_turnover_20d,20日平均売買代金,業種,非鉄金属,1d,1営業日,0,,,,サンプル不足
v5,avg_turnover_20d,20日平均売買代金,業種,非鉄金属,3d,3営業日,0,,,,サンプル不足
v5,avg_turnover_20d,20日平均売買代金,業種,非鉄金属,5d,5営業日,0,,,,サンプル不足
v5,avg_turnover_20d,20日平均売買代金,業種,非鉄金属,10d,10営業日,0,,,,サンプル不足
v5,avg_turnover_20d,20日平均売買代金,業種,食料品,1d,1営業日,0,,,,サンプル不足
v5,avg_turnover_20d,20日平均売買代金,業種,食料品,3d,3営業日,0,,,,サンプル不足
v5,avg_turnover_20d,20日平均売買代金,業種,食料品,5d,5営業日,0,,,,サンプル不足
v5,avg_turnover_20d,20日平均売買代金,業種,食料品,10d,10営業日,0,,,,サンプル不足
v5,volume_ratio_20d,出来高比,全体,全体,1d,1営業日,1,-0.311083108310831,-0.311083108310831,0.0,サンプル不足
v5,volume_ratio_20d,出来高比,全体,全体,3d,3営業日,1,-0.2246024602460246,-0.2246024602460246,0.0,サンプル不足
v5,volume_ratio_20d,出来高比,全体,全体,5d,5営業日,1,-0.10417041704170416,-0.10417041704170416,0.0,サンプル不足
v5,volume_ratio_20d,出来高比,全体,全体,10d,10営業日,1,-0.1138073807380738,-0.1138073807380738,0.0,サンプル不足
v5,volume_ratio_20d,出来高比,業種,その他金融業,1d,1営業日,0,,,,サンプル不足
v5,volume_ratio_20d,出来高比,業種,その他金融業,3d,3営業日,0,,,,サンプル不足
v5,volume_ratio_20d,出来高比,業種,その他金融業,5d,5営業日,0,,,,サンプル不足
v5,volume_ratio_20d,出来高比,業種,その他金融業,10d,10営業日,0,,,,サンプル不足
v5,volume_ratio_20d,出来高比,業種,ガラス・土石製品,1d,1営業日,1,0.39999999999999997,0.39999999999999997,1.0,サンプル不足
v5,volume_ratio_20d,出来高比,業種,ガラス・土石製品,3d,3営業日,1,0.39999999999999997,0.39999999999999997,1.0,サンプル不足
v5,volume_ratio_20d,出来高比,業種,ガラス・土石製品,5d,5営業日,1,0.7999999999999999,0.7999999999999999,1.0,サンプル不足
v5,volume_ratio_20d,出来高比,業種,ガラス・土石製品,10d,10営業日,1,-0.19999999999999998,-0.19999999999999998,0.0,サンプル不足
v5,volume_ratio_20d,出来高比,業種,サービス業,1d,1営業日,1,-0.48571428571428577,-0.48571428571428577,0.0,サンプル不足
v5,volume_ratio_20d,出来高比,業種,サービス業,3d,3営業日,1,-0.3714285714285715,-0.3714285714285715,0.0,サンプル不足
v5,volume_ratio_20d,出来高比,業種,サービス業,5d,5営業日,1,-0.7142857142857143,-0.7142857142857143,0.0,サンプル不足
v5,volume_ratio_20d,出来高比,業種,サービス業,10d,10営業日,1,-0.3714285714285715,-0.3714285714285715,0.0,サンプル不足
v5,volume_ratio_20d,出来高比,業種,パルプ・紙,1d,1営業日,0,,,,サンプル不足
v5,volume_ratio_20d,出来高比,業種,パルプ・紙,3d,3営業日,0,,,,サンプル不足
v5,volume_ratio_20d,出来高比,業種,パルプ・紙,5d,5営業日,0,,,,サンプル不足
v5,volume_ratio_20d,出来高比,業種,パルプ・紙,10d,10営業日,0,,,,サンプル不足
v5,volume_ratio_20d,出来高比,業種,不動産業,1d,1営業日,0,,,,サンプル不足
v5,volume_ratio_20d,出来高比,業種,不動産業,3d,3営業日,0,,,,サンプル不足
v5,volume_ratio_20d,出来高比,業種,不動産業,5d,5営業日,0,,,,サンプル不足
v5,volume_ratio_20d,出来高比,業種,不動産業,10d,10営業日,0,,,,サンプル不足
v5,volume_ratio_20d,出来高比,業種,保険業,1d,1営業日,0,,,,サンプル不足
v5,volume_ratio_20d,出来高比,業種,保険業,3d,3営業日,0,,,,サンプル不足
v5,volume_ratio_20d,出来高比,業種,保険業,5d,5営業日,0,,,,サンプル不足
v5,volume_ratio_20d,出来高比,業種,保険業,10d,10営業日,0,,,,サンプル不足
v5,volume_ratio_20d,出来高比,業種,化学,1d,1営業日,1,-0.6071428571428572,-0.6071428571428572,0.0,サンプル不足
v5,volume_ratio_20d,出来高比,業種,化学,3d,3営業日,1,0.10714285714285716,0.10714285714285716,1.0,サンプル不足
v5,volume_ratio_20d,出来高比,業種,化学,5d,5営業日,1,0.6071428571428572,0.6071428571428572,1.0,サンプル不足
v5,volume_ratio_20d,出来高比,業種,化学,10d,10営業日,1,0.3214285714285715,0.3214285714285715,1.0,サンプル不足
v5,volume_ratio_20d,出来高比,業種,卸売業,1d,1営業日,0,,,,サンプル不足
v5,volume_ratio_20d,出来高比,業種,卸売業,3d,3営業日,0,,,,サンプル不足
v5,volume_ratio_20d,出来高比,業種,卸売業,5d,5営業日,0,,,,サンプル不足
v5,volume_ratio_20d,出来高比,業種,卸売業,10d,10営業日,0,,,,サンプル不足
v5,volume_ratio_20d,出来高比,業種,小売業,1d,1営業日,1,0.5,0.5,1.0,サンプル不足
v5,volume_ratio_20d,出来高比,業種,小売業,3d,3営業日,1,-0.5,-0.5,0.0,サンプル不足
v5,volume_ratio_20d,出来高比,業種,小売業,5d,5営業日,1,-0.5,-0.5,0.0,サンプル不足
v5,volume_ratio_20d,出来高比,業種,小売業,10d,10営業日,1,0.5,0.5,1.0,サンプル不足
v5,volume_ratio_20d,出来高比,業種,建設業,1d,1営業日,0,,,,サンプル不足
v5,volume_ratio_20d,出来高比,業種,建設業,3d,3営業日,0,,,,サンプル不足
v5,volume_ratio_20d,出来高比,業種,建設業,5d,5営業日,0,,,,サンプル不足
v5,volume_ratio_20d,出来高比,業種,建設業,10d,10営業日,0,,,,サンプル不足
v5,volume_ratio_20d,出来高比,業種,情報・通信業,1d,1営業日,1,-0.3,-0.3,0.0,サンプル不足
v5,volume_ratio_20d,出来高比,業種,情報・通信業,3d,3営業日,1,-0.3,-0.3,0.0,サンプル不足
v5,volume_ratio_20d,出来高比,業種,情報・通信業,5d,5営業日,1,-0.09999999999999999,-0.09999999999999999,0.0,サンプル不足
v5,volume_ratio_20d,出来高比,業種,情報・通信業,10d,10営業日,1,0.0,0.0,0.0,サンプル不足
v5,volume_ratio_20d,出来高比,業種,機械,1d,1営業日,1,-0.6813186813186813,-0.6813186813186813,0.0,サンプル不足
v5,volume_ratio_20d,出来高比,業種,機械,3d,3営業日,1,-0.510989010989011,-0.510989010989011,0.0,サンプル不足
v5,volume_ratio_20d,出来高比,業種,機械,5d,5営業日,1,-0.5549450549450549,-0.5549450549450549,0.0,サンプル不足
v5,volume_ratio_20d,出来高比,業種,機械,10d,10営業日,1,-0.40659340659340654,-0.40659340659340654,0.0,サンプル不足
v5,volume_ratio_20d,出来高比,業種,精密機器,1d,1営業日,1,0.07142857142857144,0.07142857142857144,1.0,サンプル不足
v5,volume_ratio_20d,出来高比,業種,精密機器,3d,3営業日,1,-0.5,-0.5,0.0,サンプル不足
v5,volume_ratio_20d,出来高比,業種,精密機器,5d,5営業日,1,-0.42857142857142866,-0.42857142857142866,0.0,サンプル不足
v5,volume_ratio_20d,出来高比,業種,精密機器,10d,10営業日,1,-0.3571428571428572,-0.3571428571428572,0.0,サンプル不足
v5,volume_ratio_20d,出来高比,業種,証券、商品先物取引業,1d,1営業日,0,,,,サンプル不足
v5,volume_ratio_20d,出来高比,業種,証券、商品先物取引業,3d,3営業日,0,,,,サンプル不足
v5,volume_ratio_20d,出来高比,業種,証券、商品先物取引業,5d,5営業日,0,,,,サンプル不足
v5,volume_ratio_20d,出来高比,業種,証券、商品先物取引業,10d,10営業日,0,,,,サンプル不足
v5,volume_ratio_20d,出来高比,業種,輸送用機器,1d,1営業日,1,1.0,1.0,1.0,サンプル不足
v5,volume_ratio_20d,出来高比,業種,輸送用機器,3d,3営業日,1,0.7999999999999999,0.7999999999999999,1.0,サンプル不足
v5,volume_ratio_20d,出来高比,業種,輸送用機器,5d,5営業日,1,0.7999999999999999,0.7999999999999999,1.0,サンプル不足
v5,volume_ratio_20d,出来高比,業種,輸送用機器,10d,10営業日,1,0.7999999999999999,0.7999999999999999,1.0,サンプル不足
v5,volume_ratio_20d,出来高比,業種,金属製品,1d,1営業日,1,-0.7999999999999999,-0.7999999999999999,0.0,サンプル不足
v5,volume_ratio_20d,出来高比,業種,金属製品,3d,3営業日,1,-0.39999999999999997,-0.39999999999999997,0.0,サンプル不足
v5,volume_ratio_20d,出来高比,業種,金属製品,5d,5営業日,1,-0.39999999999999997,-0.39999999999999997,0.0,サンプル不足
v5,volume_ratio_20d,出来高比,業種,金属製品,10d,10営業日,1,-1.0,-1.0,0.0,サンプル不足
v5,volume_ratio_20d,出来高比,業種,鉄鋼,1d,1営業日,0,,,,サンプル不足
v5,volume_ratio_20d,出来高比,業種,鉄鋼,3d,3営業日,0,,,,サンプル不足
v5,volume_ratio_20d,出来高比,業種,鉄鋼,5d,5営業日,0,,,,サンプル不足
v5,volume_ratio_20d,出来高比,業種,鉄鋼,10d,10営業日,0,,,,サンプル不足
v5,volume_ratio_20d,出来高比,業種,銀行業,1d,1営業日,1,-0.7,-0.7,0.0,サンプル不足
v5,volume_ratio_20d,出来高比,業種,銀行業,3d,3営業日,1,-0.7,-0.7,0.0,サンプル不足
v5,volume_ratio_20d,出来高比,業種,銀行業,5d,5営業日,1,-0.8999999999999998,-0.8999999999999998,0.0,サンプル不足
v5,volume_ratio_20d,出来高比,業種,銀行業,10d,10営業日,1,-0.7,-0.7,0.0,サンプル不足
v5,volume_ratio_20d,出来高比,業種,電気・ガス業,1d,1営業日,0,,,,サンプル不足
v5,volume_ratio_20d,出来高比,業種,電気・ガス業,3d,3営業日,0,,,,サンプル不足
v5,volume_ratio_20d,出来高比,業種,電気・ガス業,5d,5営業日,0,,,,サンプル不足
v5,volume_ratio_20d,出来高比,業種,電気・ガス業,10d,10営業日,0,,,,サンプル不足
v5,volume_ratio_20d,出来高比,業種,電気機器,1d,1営業日,1,-0.18615384615384614,-0.18615384615384614,0.0,サンプル不足
v5,volume_ratio_20d,出来高比,業種,電気機器,3d,3営業日,1,-0.4553846153846154,-0.4553846153846154,0.0,サンプル不足
v5,volume_ratio_20d,出来高比,業種,電気機器,5d,5営業日,1,-0.45461538461538464,-0.45461538461538464,0.0,サンプル不足
v5,volume_ratio_20d,出来高比,業種,電気機器,10d,10営業日,1,-0.24,-0.24,0.0,サンプル不足
v5,volume_ratio_20d,出来高比,業種,非鉄金属,1d,1営業日,0,,,,サンプル不足
v5,volume_ratio_20d,出来高比,業種,非鉄金属,3d,3営業日,0,,,,サンプル不足
v5,volume_ratio_20d,出来高比,業種,非鉄金属,5d,5営業日,0,,,,サンプル不足
v5,volume_ratio_20d,出来高比,業種,非鉄金属,10d,10営業日,0,,,,サンプル不足
v5,volume_ratio_20d,出来高比,業種,食料品,1d,1営業日,0,,,,サンプル不足
v5,volume_ratio_20d,出来高比,業種,食料品,3d,3営業日,0,,,,サンプル不足
v5,volume_ratio_20d,出来高比,業種,食料品,5d,5営業日,0,,,,サンプル不足
v5,volume_ratio_20d,出来高比,業種,食料品,10d,10営業日,0,,,,サンプル不足
v5,distance_high_120d,120日高値接近度,全体,全体,1d,1営業日,1,-0.008206528780486153,-0.008206528780486153,0.0,サンプル不足
v5,distance_high_120d,120日高値接近度,全体,全体,3d,3営業日,1,-0.0214547366772351,-0.0214547366772351,0.0,サンプル不足
v5,distance_high_120d,120日高値接近度,全体,全体,5d,5営業日,1,0.0608436214517359,0.0608436214517359,1.0,サンプル不足
v5,distance_high_120d,120日高値接近度,全体,全体,10d,10営業日,1,0.23145109869986957,0.23145109869986957,1.0,サンプル不足
v5,distance_high_120d,120日高値接近度,業種,その他金融業,1d,1営業日,0,,,,サンプル不足
v5,distance_high_120d,120日高値接近度,業種,その他金融業,3d,3営業日,0,,,,サンプル不足
v5,distance_high_120d,120日高値接近度,業種,その他金融業,5d,5営業日,0,,,,サンプル不足
v5,distance_high_120d,120日高値接近度,業種,その他金融業,10d,10営業日,0,,,,サンプル不足
v5,distance_high_120d,120日高値接近度,業種,ガラス・土石製品,1d,1営業日,1,-0.10540925533894598,-0.10540925533894598,0.0,サンプル不足
v5,distance_high_120d,120日高値接近度,業種,ガラス・土石製品,3d,3営業日,1,-0.10540925533894598,-0.10540925533894598,0.0,サンプル不足
v5,distance_high_120d,120日高値接近度,業種,ガラス・土石製品,5d,5営業日,1,0.21081851067789195,0.21081851067789195,1.0,サンプル不足
v5,distance_high_120d,120日高値接近度,業種,ガラス・土石製品,10d,10営業日,1,-0.10540925533894598,-0.10540925533894598,0.0,サンプル不足
v5,distance_high_120d,120日高値接近度,業種,サービス業,1d,1営業日,1,-0.2898855178262242,-0.2898855178262242,0.0,サンプル不足
v5,distance_high_120d,120日高値接近度,業種,サービス業,3d,3営業日,1,0.6087595874350709,0.6087595874350709,1.0,サンプル不足
v5,distance_high_120d,120日高値接近度,業種,サービス業,5d,5営業日,1,0.3188740696088466,0.3188740696088466,1.0,サンプル不足
v5,distance_high_120d,120日高値接近度,業種,サービス業,10d,10営業日,1,0.20291986247835697,0.20291986247835697,1.0,サンプル不足
v5,distance_high_120d,120日高値接近度,業種,パルプ・紙,1d,1営業日,0,,,,サンプル不足
v5,distance_high_120d,120日高値接近度,業種,パルプ・紙,3d,3営業日,0,,,,サンプル不足
v5,distance_high_120d,120日高値接近度,業種,パルプ・紙,5d,5営業日,0,,,,サンプル不足
v5,distance_high_120d,120日高値接近度,業種,パルプ・紙,10d,10営業日,0,,,,サンプル不足
v5,distance_high_120d,120日高値接近度,業種,不動産業,1d,1営業日,0,,,,サンプル不足
v5,distance_high_120d,120日高値接近度,業種,不動産業,3d,3営業日,0,,,,サンプル不足
v5,distance_high_120d,120日高値接近度,業種,不動産業,5d,5営業日,0,,,,サンプル不足
v5,distance_high_120d,120日高値接近度,業種,不動産業,10d,10営業日,0,,,,サンプル不足
v5,distance_high_120d,120日高値接近度,業種,保険業,1d,1営業日,0,,,,サンプル不足
v5,distance_high_120d,120日高値接近度,業種,保険業,3d,3営業日,0,,,,サンプル不足
v5,distance_high_120d,120日高値接近度,業種,保険業,5d,5営業日,0,,,,サンプル不足
v5,distance_high_120d,120日高値接近度,業種,保険業,10d,10営業日,0,,,,サンプル不足
v5,distance_high_120d,120日高値接近度,業種,化学,1d,1営業日,1,-0.42857142857142866,-0.42857142857142866,0.0,サンプル不足
v5,distance_high_120d,120日高値接近度,業種,化学,3d,3営業日,1,0.25,0.25,1.0,サンプル不足
v5,distance_high_120d,120日高値接近度,業種,化学,5d,5営業日,1,0.5714285714285715,0.5714285714285715,1.0,サンプル不足
v5,distance_high_120d,120日高値接近度,業種,化学,10d,10営業日,1,0.3571428571428572,0.3571428571428572,1.0,サンプル不足
v5,distance_high_120d,120日高値接近度,業種,卸売業,1d,1営業日,0,,,,サンプル不足
v5,distance_high_120d,120日高値接近度,業種,卸売業,3d,3営業日,0,,,,サンプル不足
v5,distance_high_120d,120日高値接近度,業種,卸売業,5d,5営業日,0,,,,サンプル不足
v5,distance_high_120d,120日高値接近度,業種,卸売業,10d,10営業日,0,,,,サンプル不足
v5,distance_high_120d,120日高値接近度,業種,小売業,1d,1営業日,1,1.0,1.0,1.0,サンプル不足
v5,distance_high_120d,120日高値接近度,業種,小売業,3d,3営業日,1,0.5,0.5,1.0,サンプル不足
v5,distance_high_120d,120日高値接近度,業種,小売業,5d,5営業日,1,0.5,0.5,1.0,サンプル不足
v5,distance_high_120d,120日高値接近度,業種,小売業,10d,10営業日,1,1.0,1.0,1.0,サンプル不足
v5,distance_high_120d,120日高値接近度,業種,建設業,1d,1営業日,0,,,,サンプル不足
v5,distance_high_120d,120日高値接近度,業種,建設業,3d,3営業日,0,,,,サンプル不足
v5,distance_high_120d,120日高値接近度,業種,建設業,5d,5営業日,0,,,,サンプル不足
v5,distance_high_120d,120日高値接近度,業種,建設業,10d,10営業日,0,,,,サンプル不足
v5,distance_high_120d,120日高値接近度,業種,情報・通信業,1d,1営業日,1,-0.49999999999999994,-0.49999999999999994,0.0,サンプル不足
v5,distance_high_120d,120日高値接近度,業種,情報・通信業,3d,3営業日,1,-0.49999999999999994,-0.49999999999999994,0.0,サンプル不足
v5,distance_high_120d,120日高値接近度,業種,情報・通信業,5d,5営業日,1,-0.3,-0.3,0.0,サンプル不足
v5,distance_high_120d,120日高値接近度,業種,情報・通信業,10d,10営業日,1,0.09999999999999999,0.09999999999999999,1.0,サンプル不足
v5,distance_high_120d,120日高値接近度,業種,機械,1d,1営業日,1,-0.03867462340768808,-0.03867462340768808,0.0,サンプル不足
v5,distance_high_120d,120日高値接近度,業種,機械,3d,3営業日,1,0.0,0.0,0.0,サンプル不足
v5,distance_high_120d,120日高値接近度,業種,機械,5d,5営業日,1,0.22099784804393194,0.22099784804393194,1.0,サンプル不足
v5,distance_high_120d,120日高値接近度,業種,機械,10d,10営業日,1,-0.12707376262526085,-0.12707376262526085,0.0,サンプル不足
v5,distance_high_120d,120日高値接近度,業種,精密機器,1d,1営業日,1,0.40089186286863665,0.40089186286863665,1.0,サンプル不足
v5,distance_high_120d,120日高値接近度,業種,精密機器,3d,3営業日,1,-0.13363062095621223,-0.13363062095621223,0.0,サンプル不足
v5,distance_high_120d,120日高値接近度,業種,精密機器,5d,5営業日,1,-0.13363062095621223,-0.13363062095621223,0.0,サンプル不足
v5,distance_high_120d,120日高値接近度,業種,精密機器,10d,10営業日,1,0.13363062095621223,0.13363062095621223,1.0,サンプル不足
v5,distance_high_120d,120日高値接近度,業種,証券、商品先物取引業,1d,1営業日,0,,,,サンプル不足
v5,distance_high_120d,120日高値接近度,業種,証券、商品先物取引業,3d,3営業日,0,,,,サンプル不足
v5,distance_high_120d,120日高値接近度,業種,証券、商品先物取引業,5d,5営業日,0,,,,サンプル不足
v5,distance_high_120d,120日高値接近度,業種,証券、商品先物取引業,10d,10営業日,0,,,,サンプル不足
v5,distance_high_120d,120日高値接近度,業種,輸送用機器,1d,1営業日,1,0.39999999999999997,0.39999999999999997,1.0,サンプル不足
v5,distance_high_120d,120日高値接近度,業種,輸送用機器,3d,3営業日,1,0.7999999999999999,0.7999999999999999,1.0,サンプル不足
v5,distance_high_120d,120日高値接近度,業種,輸送用機器,5d,5営業日,1,0.7999999999999999,0.7999999999999999,1.0,サンプル不足
v5,distance_high_120d,120日高値接近度,業種,輸送用機器,10d,10営業日,1,0.7999999999999999,0.7999999999999999,1.0,サンプル不足
v5,distance_high_120d,120日高値接近度,業種,金属製品,1d,1営業日,1,-0.39999999999999997,-0.39999999999999997,0.0,サンプル不足
v5,distance_high_120d,120日高値接近度,業種,金属製品,3d,3営業日,1,0.19999999999999998,0.19999999999999998,1.0,サンプル不足
v5,distance_high_120d,120日高値接近度,業種,金属製品,5d,5営業日,1,0.19999999999999998,0.19999999999999998,1.0,サンプル不足
v5,distance_high_120d,120日高値接近度,業種,金属製品,10d,10営業日,1,-0.7999999999999999,-0.7999999999999999,0.0,サンプル不足
v5,distance_high_120d,120日高値接近度,業種,鉄鋼,1d,1営業日,0,,,,サンプル不足
v5,distance_high_120d,120日高値接近度,業種,鉄鋼,3d,3営業日,0,,,,サンプル不足
v5,distance_high_120d,120日高値接近度,業種,鉄鋼,5d,5営業日,0,,,,サンプル不足
v5,distance_high_120d,120日高値接近度,業種,鉄鋼,10d,10営業日,0,,,,サンプル不足
v5,distance_high_120d,120日高値接近度,業種,銀行業,1d,1営業日,1,-0.9746794344808964,-0.9746794344808964,0.0,サンプル不足
v5,distance_high_120d,120日高値接近度,業種,銀行業,3d,3営業日,1,-0.9746794344808964,-0.9746794344808964,0.0,サンプル不足
v5,distance_high_120d,120日高値接近度,業種,銀行業,5d,5営業日,1,-0.8720815992723809,-0.8720815992723809,0.0,サンプル不足
v5,distance_high_120d,120日高値接近度,業種,銀行業,10d,10営業日,1,-0.051298917604257706,-0.051298917604257706,0.0,サンプル不足
v5,distance_high_120d,120日高値接近度,業種,電気・ガス業,1d,1営業日,0,,,,サンプル不足
v5,distance_high_120d,120日高値接近度,業種,電気・ガス業,3d,3営業日,0,,,,サンプル不足
v5,distance_high_120d,120日高値接近度,業種,電気・ガス業,5d,5営業日,0,,,,サンプル不足
v5,distance_high_120d,120日高値接近度,業種,電気・ガス業,10d,10営業日,0,,,,サンプル不足
v5,distance_high_120d,120日高値接近度,業種,電気機器,1d,1営業日,1,0.05708384153547584,0.05708384153547584,1.0,サンプル不足
v5,distance_high_120d,120日高値接近度,業種,電気機器,3d,3営業日,1,0.09004775002779287,0.09004775002779287,1.0,サンプル不足
v5,distance_high_120d,120日高値接近度,業種,電気機器,5d,5営業日,1,-0.005627984376737055,-0.005627984376737055,0.0,サンプル不足
v5,distance_high_120d,120日高値接近度,業種,電気機器,10d,10営業日,1,0.22029538846085045,0.22029538846085045,1.0,サンプル不足
v5,distance_high_120d,120日高値接近度,業種,非鉄金属,1d,1営業日,0,,,,サンプル不足
v5,distance_high_120d,120日高値接近度,業種,非鉄金属,3d,3営業日,0,,,,サンプル不足
v5,distance_high_120d,120日高値接近度,業種,非鉄金属,5d,5営業日,0,,,,サンプル不足
v5,distance_high_120d,120日高値接近度,業種,非鉄金属,10d,10営業日,0,,,,サンプル不足
v5,distance_high_120d,120日高値接近度,業種,食料品,1d,1営業日,0,,,,サンプル不足
v5,distance_high_120d,120日高値接近度,業種,食料品,3d,3営業日,0,,,,サンプル不足
v5,distance_high_120d,120日高値接近度,業種,食料品,5d,5営業日,0,,,,サンプル不足
v5,distance_high_120d,120日高値接近度,業種,食料品,10d,10営業日,0,,,,サンプル不足
v5,volatility_20d,20日変動率,全体,全体,1d,1営業日,1,-0.036387638763876386,-0.036387638763876386,0.0,サンプル不足
v5,volatility_20d,20日変動率,全体,全体,3d,3営業日,1,-0.13608160816081608,-0.13608160816081608,0.0,サンプル不足
v5,volatility_20d,20日変動率,全体,全体,5d,5営業日,1,0.14365436543654364,0.14365436543654364,1.0,サンプル不足
v5,volatility_20d,20日変動率,全体,全体,10d,10営業日,1,0.18064206420642062,0.18064206420642062,1.0,サンプル不足
v5,volatility_20d,20日変動率,業種,その他金融業,1d,1営業日,0,,,,サンプル不足
v5,volatility_20d,20日変動率,業種,その他金融業,3d,3営業日,0,,,,サンプル不足
v5,volatility_20d,20日変動率,業種,その他金融業,5d,5営業日,0,,,,サンプル不足
v5,volatility_20d,20日変動率,業種,その他金融業,10d,10営業日,0,,,,サンプル不足
v5,volatility_20d,20日変動率,業種,ガラス・土石製品,1d,1営業日,1,-0.7999999999999999,-0.7999999999999999,0.0,サンプル不足
v5,volatility_20d,20日変動率,業種,ガラス・土石製品,3d,3営業日,1,-0.7999999999999999,-0.7999999999999999,0.0,サンプル不足
v5,volatility_20d,20日変動率,業種,ガラス・土石製品,5d,5営業日,1,-1.0,-1.0,0.0,サンプル不足
v5,volatility_20d,20日変動率,業種,ガラス・土石製品,10d,10営業日,1,0.39999999999999997,0.39999999999999997,1.0,サンプル不足
v5,volatility_20d,20日変動率,業種,サービス業,1d,1営業日,1,0.2571428571428572,0.2571428571428572,1.0,サンプル不足
v5,volatility_20d,20日変動率,業種,サービス業,3d,3営業日,1,0.08571428571428573,0.08571428571428573,1.0,サンプル不足
v5,volatility_20d,20日変動率,業種,サービス業,5d,5営業日,1,0.3714285714285715,0.3714285714285715,1.0,サンプル不足
v5,volatility_20d,20日変動率,業種,サービス業,10d,10営業日,1,0.2571428571428572,0.2571428571428572,1.0,サンプル不足
v5,volatility_20d,20日変動率,業種,パルプ・紙,1d,1営業日,0,,,,サンプル不足
v5,volatility_20d,20日変動率,業種,パルプ・紙,3d,3営業日,0,,,,サンプル不足
v5,volatility_20d,20日変動率,業種,パルプ・紙,5d,5営業日,0,,,,サンプル不足
v5,volatility_20d,20日変動率,業種,パルプ・紙,10d,10営業日,0,,,,サンプル不足
v5,volatility_20d,20日変動率,業種,不動産業,1d,1営業日,0,,,,サンプル不足
v5,volatility_20d,20日変動率,業種,不動産業,3d,3営業日,0,,,,サンプル不足
v5,volatility_20d,20日変動率,業種,不動産業,5d,5営業日,0,,,,サンプル不足
v5,volatility_20d,20日変動率,業種,不動産業,10d,10営業日,0,,,,サンプル不足
v5,volatility_20d,20日変動率,業種,保険業,1d,1営業日,0,,,,サンプル不足
v5,volatility_20d,20日変動率,業種,保険業,3d,3営業日,0,,,,サンプル不足
v5,volatility_20d,20日変動率,業種,保険業,5d,5営業日,0,,,,サンプル不足
v5,volatility_20d,20日変動率,業種,保険業,10d,10営業日,0,,,,サンプル不足
v5,volatility_20d,20日変動率,業種,化学,1d,1営業日,1,-0.07142857142857144,-0.07142857142857144,0.0,サンプル不足
v5,volatility_20d,20日変動率,業種,化学,3d,3営業日,1,0.14285714285714288,0.14285714285714288,1.0,サンプル不足
v5,volatility_20d,20日変動率,業種,化学,5d,5営業日,1,0.5,0.5,1.0,サンプル不足
v5,volatility_20d,20日変動率,業種,化学,10d,10営業日,1,0.7142857142857144,0.7142857142857144,1.0,サンプル不足
v5,volatility_20d,20日変動率,業種,卸売業,1d,1営業日,0,,,,サンプル不足
v5,volatility_20d,20日変動率,業種,卸売業,3d,3営業日,0,,,,サンプル不足
v5,volatility_20d,20日変動率,業種,卸売業,5d,5営業日,0,,,,サンプル不足
v5,volatility_20d,20日変動率,業種,卸売業,10d,10営業日,0,,,,サンプル不足
v5,volatility_20d,20日変動率,業種,小売業,1d,1営業日,1,-0.5,-0.5,0.0,サンプル不足
v5,volatility_20d,20日変動率,業種,小売業,3d,3営業日,1,-1.0,-1.0,0.0,サンプル不足
v5,volatility_20d,20日変動率,業種,小売業,5d,5営業日,1,-1.0,-1.0,0.0,サンプル不足
v5,volatility_20d,20日変動率,業種,小売業,10d,10営業日,1,-0.5,-0.5,0.0,サンプル不足
v5,volatility_20d,20日変動率,業種,建設業,1d,1営業日,0,,,,サンプル不足
v5,volatility_20d,20日変動率,業種,建設業,3d,3営業日,0,,,,サンプル不足
v5,volatility_20d,20日変動率,業種,建設業,5d,5営業日,0,,,,サンプル不足
v5,volatility_20d,20日変動率,業種,建設業,10d,10営業日,0,,,,サンプル不足
v5,volatility_20d,20日変動率,業種,情報・通信業,1d,1営業日,1,0.3,0.3,1.0,サンプル不足
v5,volatility_20d,20日変動率,業種,情報・通信業,3d,3営業日,1,0.3,0.3,1.0,サンプル不足
v5,volatility_20d,20日変動率,業種,情報・通信業,5d,5営業日,1,0.39999999999999997,0.39999999999999997,1.0,サンプル不足
v5,volatility_20d,20日変動率,業種,情報・通信業,10d,10営業日,1,0.7,0.7,1.0,サンプル不足
v5,volatility_20d,20日変動率,業種,機械,1d,1営業日,1,-0.11538461538461539,-0.11538461538461539,0.0,サンプル不足
v5,volatility_20d,20日変動率,業種,機械,3d,3営業日,1,-0.2692307692307692,-0.2692307692307692,0.0,サンプル不足
v5,volatility_20d,20日変動率,業種,機械,5d,5営業日,1,-0.38461538461538464,-0.38461538461538464,0.0,サンプル不足
v5,volatility_20d,20日変動率,業種,機械,10d,10営業日,1,-0.19230769230769232,-0.19230769230769232,0.0,サンプル不足
v5,volatility_20d,20日変動率,業種,精密機器,1d,1営業日,1,0.4642857142857144,0.4642857142857144,1.0,サンプル不足
v5,volatility_20d,20日変動率,業種,精密機器,3d,3営業日,1,0.14285714285714288,0.14285714285714288,1.0,サンプル不足
v5,volatility_20d,20日変動率,業種,精密機器,5d,5営業日,1,0.07142857142857144,0.07142857142857144,1.0,サンプル不足
v5,volatility_20d,20日変動率,業種,精密機器,10d,10営業日,1,0.42857142857142866,0.42857142857142866,1.0,サンプル不足
v5,volatility_20d,20日変動率,業種,証券、商品先物取引業,1d,1営業日,0,,,,サンプル不足
v5,volatility_20d,20日変動率,業種,証券、商品先物取引業,3d,3営業日,0,,,,サンプル不足
v5,volatility_20d,20日変動率,業種,証券、商品先物取引業,5d,5営業日,0,,,,サンプル不足
v5,volatility_20d,20日変動率,業種,証券、商品先物取引業,10d,10営業日,0,,,,サンプル不足
v5,volatility_20d,20日変動率,業種,輸送用機器,1d,1営業日,1,0.39999999999999997,0.39999999999999997,1.0,サンプル不足
v5,volatility_20d,20日変動率,業種,輸送用機器,3d,3営業日,1,0.7999999999999999,0.7999999999999999,1.0,サンプル不足
v5,volatility_20d,20日変動率,業種,輸送用機器,5d,5営業日,1,0.7999999999999999,0.7999999999999999,1.0,サンプル不足
v5,volatility_20d,20日変動率,業種,輸送用機器,10d,10営業日,1,0.7999999999999999,0.7999999999999999,1.0,サンプル不足
v5,volatility_20d,20日変動率,業種,金属製品,1d,1営業日,1,0.6000000000000001,0.6000000000000001,1.0,サンプル不足
v5,volatility_20d,20日変動率,業種,金属製品,3d,3営業日,1,0.7999999999999999,0.7999999999999999,1.0,サンプル不足
v5,volatility_20d,20日変動率,業種,金属製品,5d,5営業日,1,0.7999999999999999,0.7999999999999999,1.0,サンプル不足
v5,volatility_20d,20日変動率,業種,金属製品,10d,10営業日,1,0.0,0.0,0.0,サンプル不足
v5,volatility_20d,20日変動率,業種,鉄鋼,1d,1営業日,0,,,,サンプル不足
v5,volatility_20d,20日変動率,業種,鉄鋼,3d,3営業日,0,,,,サンプル不足
v5,volatility_20d,20日変動率,業種,鉄鋼,5d,5営業日,0,,,,サンプル不足
v5,volatility_20d,20日変動率,業種,鉄鋼,10d,10営業日,0,,,,サンプル不足
v5,volatility_20d,20日変動率,業種,銀行業,1d,1営業日,1,0.0,0.0,0.0,サンプル不足
v5,volatility_20d,20日変動率,業種,銀行業,3d,3営業日,1,0.0,0.0,0.0,サンプル不足
v5,volatility_20d,20日変動率,業種,銀行業,5d,5営業日,1,0.09999999999999999,0.09999999999999999,1.0,サンプル不足
v5,volatility_20d,20日変動率,業種,銀行業,10d,10営業日,1,0.7999999999999999,0.7999999999999999,1.0,サンプル不足
v5,volatility_20d,20日変動率,業種,電気・ガス業,1d,1営業日,0,,,,サンプル不足
v5,volatility_20d,20日変動率,業種,電気・ガス業,3d,3営業日,0,,,,サンプル不足
v5,volatility_20d,20日変動率,業種,電気・ガス業,5d,5営業日,0,,,,サンプル不足
v5,volatility_20d,20日変動率,業種,電気・ガス業,10d,10営業日,0,,,,サンプル不足
v5,volatility_20d,20日変動率,業種,電気機器,1d,1営業日,1,-0.11307692307692309,-0.11307692307692309,0.0,サンプル不足
v5,volatility_20d,20日変動率,業種,電気機器,3d,3営業日,1,-0.03,-0.03,0.0,サンプル不足
v5,volatility_20d,20日変動率,業種,電気機器,5d,5営業日,1,0.31384615384615383,0.31384615384615383,1.0,サンプル不足
v5,volatility_20d,20日変動率,業種,電気機器,10d,10営業日,1,0.09307692307692307,0.09307692307692307,1.0,サンプル不足
v5,volatility_20d,20日変動率,業種,非鉄金属,1d,1営業日,0,,,,サンプル不足
v5,volatility_20d,20日変動率,業種,非鉄金属,3d,3営業日,0,,,,サンプル不足
v5,volatility_20d,20日変動率,業種,非鉄金属,5d,5営業日,0,,,,サンプル不足
v5,volatility_20d,20日変動率,業種,非鉄金属,10d,10営業日,0,,,,サンプル不足
v5,volatility_20d,20日変動率,業種,食料品,1d,1営業日,0,,,,サンプル不足
v5,volatility_20d,20日変動率,業種,食料品,3d,3営業日,0,,,,サンプル不足
v5,volatility_20d,20日変動率,業種,食料品,5d,5営業日,0,,,,サンプル不足
v5,volatility_20d,20日変動率,業種,食料品,10d,10営業日,0,,,,サンプル不足
v7,score,総合スコア,全体,全体,1d,1営業日,69,-0.013802292788058708,-0.029475566543684443,0.463768115942029,評価可能
v7,score,総合スコア,全体,全体,3d,3営業日,67,-0.037813425951354625,-0.04030099733019851,0.34328358208955223,評価可能
v7,score,総合スコア,全体,全体,5d,5営業日,65,-0.05853362205717904,-0.04493276287286452,0.27692307692307694,評価可能
v7,score,総合スコア,全体,全体,10d,10営業日,60,-0.0990863452658004,-0.09193273811337913,0.23333333333333334,評価可能
v7,score,総合スコア,業種,その他製品,1d,1営業日,23,0.10248447204968944,0.39999999999999997,0.5652173913043478,サンプル不足
v7,score,総合スコア,業種,その他製品,3d,3営業日,22,0.10324675324675324,0.39999999999999997,0.5909090909090909,サンプル不足
v7,score,総合スコア,業種,その他製品,5d,5営業日,21,0.27346938775510204,0.5,0.7142857142857143,サンプル不足
v7,score,総合スコア,業種,その他製品,10d,10営業日,21,0.1877551020408163,0.5,0.6666666666666666,サンプル不足
v7,score,総合スコア,業種,その他金融業,1d,1営業日,2,-0.5,-0.5,0.0,サンプル不足
v7,score,総合スコア,業種,その他金融業,3d,3営業日,2,-0.25,-0.25,0.5,サンプル不足
v7,score,総合スコア,業種,その他金融業,5d,5営業日,2,-0.25,-0.25,0.5,サンプル不足
v7,score,総合スコア,業種,その他金融業,10d,10営業日,2,-0.25,-0.25,0.5,サンプル不足
v7,score,総合スコア,業種,ガラス・土石製品,1d,1営業日,3,-0.16666666666666666,-0.5,0.3333333333333333,サンプル不足
v7,score,総合スコア,業種,ガラス・土石製品,3d,3営業日,3,-0.16666666666666666,-0.5,0.3333333333333333,サンプル不足
v7,score,総合スコア,業種,ガラス・土石製品,5d,5営業日,3,0.16666666666666666,0.5,0.6666666666666666,サンプル不足
v7,score,総合スコア,業種,ガラス・土石製品,10d,10営業日,3,-0.16666666666666666,-0.5,0.3333333333333333,サンプル不足
v7,score,総合スコア,業種,ゴム製品,1d,1営業日,1,0.0,0.0,0.0,サンプル不足
v7,score,総合スコア,業種,ゴム製品,3d,3営業日,1,-0.6000000000000001,-0.6000000000000001,0.0,サンプル不足
v7,score,総合スコア,業種,ゴム製品,5d,5営業日,1,-0.7999999999999999,-0.7999999999999999,0.0,サンプル不足
v7,score,総合スコア,業種,ゴム製品,10d,10営業日,1,-0.7999999999999999,-0.7999999999999999,0.0,サンプル不足
v7,score,総合スコア,業種,サービス業,1d,1営業日,69,-0.018887294912714625,-0.03571428571428572,0.463768115942029,評価可能
v7,score,総合スコア,業種,サービス業,3d,3営業日,67,-0.03516921306525751,-0.08571428571428573,0.40298507462686567,評価可能
v7,score,総合スコア,業種,サービス業,5d,5営業日,65,-0.03346493613621768,0.0,0.49230769230769234,評価可能
v7,score,総合スコア,業種,サービス業,10d,10営業日,60,-0.03842054204557462,-0.00909090909090909,0.45,評価可能
v7,score,総合スコア,業種,パルプ・紙,1d,1営業日,0,,,,サンプル不足
v7,score,総合スコア,業種,パルプ・紙,3d,3営業日,0,,,,サンプル不足
v7,score,総合スコア,業種,パルプ・紙,5d,5営業日,0,,,,サンプル不足
v7,score,総合スコア,業種,パルプ・紙,10d,10営業日,0,,,,サンプル不足
v7,score,総合スコア,業種,不動産業,1d,1営業日,13,-0.2026484920632057,-0.5,0.38461538461538464,サンプル不足
v7,score,総合スコア,業種,不動産業,3d,3営業日,12,-0.19999999999999998,-0.5,0.4166666666666667,サンプル不足
v7,score,総合スコア,業種,不動産業,5d,5営業日,11,-0.23636363636363633,-0.5,0.2727272727272727,サンプル不足
v7,score,総合スコア,業種,不動産業,10d,10営業日,10,-0.39,-0.5,0.3,サンプル不足
v7,score,総合スコア,業種,保険業,1d,1営業日,24,-0.11036180408543807,-0.35,0.4166666666666667,サンプル不足
v7,score,総合スコア,業種,保険業,3d,3営業日,24,-0.24369513741877138,-0.44999999999999996,0.3333333333333333,サンプル不足
v7,score,総合スコア,業種,保険業,5d,5営業日,24,-0.20202847075210473,-0.44999999999999996,0.3333333333333333,サンプル不足
v7,score,総合スコア,業種,保険業,10d,10営業日,21,-0.1872597872396988,-0.5,0.3333333333333333,サンプル不足
v7,score,総合スコア,業種,倉庫・運輸関連業,1d,1営業日,1,0.5,0.5,1.0,サンプル不足
v7,score,総合スコア,業種,倉庫・運輸関連業,3d,3営業日,1,0.5,0.5,1.0,サンプル不足
v7,score,総合スコア,業種,倉庫・運輸関連業,5d,5営業日,1,-0.5,-0.5,0.0,サンプル不足
v7,score,総合スコア,業種,倉庫・運輸関連業,10d,10営業日,1,0.5,0.5,1.0,サンプル不足
v7,score,総合スコア,業種,化学,1d,1営業日,61,-0.04598707303625337,0.0,0.4262295081967213,評価可能
v7,score,総合スコア,業種,化学,3d,3営業日,59,-0.03262091016328304,0.0,0.4745762711864407,評価可能
v7,score,総合スコア,業種,化学,5d,5営業日,58,-0.017911542480508,-0.011904761904761908,0.41379310344827586,評価可能
v7,score,総合スコア,業種,化学,10d,10営業日,55,-0.04060363878545697,0.0,0.4909090909090909,評価可能
v7,score,総合スコア,業種,医薬品,1d,1営業日,25,-0.019238095238095235,0.25,0.52,サンプル不足
v7,score,総合スコア,業種,医薬品,3d,3営業日,24,0.10089285714285713,0.39999999999999997,0.625,サンプル不足
v7,score,総合スコア,業種,医薬品,5d,5営業日,24,0.12847828549531567,0.39999999999999997,0.5833333333333334,サンプル不足
v7,score,総合スコア,業種,医薬品,10d,10営業日,19,0.2157894736842105,0.39999999999999997,0.7368421052631579,サンプル不足
v7,score,総合スコア,業種,卸売業,1d,1営業日,65,0.10501240619081746,0.2142857142857143,0.6461538461538462,評価可能
v7,score,総合スコア,業種,卸売業,3d,3営業日,63,0.06999915396574284,0.09999999999999999,0.5714285714285714,評価可能
v7,score,総合スコア,業種,卸売業,5d,5営業日,61,0.06840052568543965,0.0,0.47540983606557374,評価可能
v7,score,総合スコア,業種,卸売業,10d,10営業日,56,0.0665469590997234,0.09999999999999999,0.5357142857142857,評価可能
v7,score,総合スコア,業種,小売業,1d,1営業日,60,-0.08600382710677296,-0.03214285714285715,0.45,評価可能
v7,score,総合スコア,業種,小売業,3d,3営業日,59,-0.06079251423219518,0.0,0.4406779661016949,評価可能
v7,score,総合スコア,業種,小売業,5d,5営業日,57,-0.08223149399619988,-0.03571428571428572,0.40350877192982454,評価可能
v7,score,総合スコア,業種,小売業,10d,10営業日,53,-0.10902773696891342,-0.08571428571428573,0.37735849056603776,評価可能
v7,score,総合スコア,業種,建設業,1d,1営業日,15,-0.11999999999999998,-0.5,0.3333333333333333,サンプル不足
v7,score,総合スコア,業種,建設業,3d,3営業日,14,-0.2571428571428571,-0.5,0.21428571428571427,サンプル不足
v7,score,総合スコア,業種,建設業,5d,5営業日,13,-0.13076923076923078,-0.5,0.38461538461538464,サンプル不足
v7,score,総合スコア,業種,建設業,10d,10営業日,11,-0.20909090909090908,-0.5,0.36363636363636365,サンプル不足
v7,score,総合スコア,業種,情報・通信業,1d,1営業日,69,-0.016462959441636844,-0.032967032967032975,0.4492753623188406,評価可能
v7,score,総合スコア,業種,情報・通信業,3d,3営業日,67,-0.006011105414360222,-0.027472527472527472,0.417910447761194,評価可能
v7,score,総合スコア,業種,情報・通信業,5d,5営業日,65,-0.03853491980421222,-0.044466403162055336,0.38461538461538464,評価可能
v7,score,総合スコア,業種,情報・通信業,10d,10営業日,60,-0.07722947723424656,-0.10996552467140702,0.38333333333333336,評価可能
v7,score,総合スコア,業種,機械,1d,1営業日,45,-0.04668796714056384,0.0,0.4666666666666667,評価可能
v7,score,総合スコア,業種,機械,3d,3営業日,43,0.04502423935077061,0.09999999999999999,0.5581395348837209,評価可能
v7,score,総合スコア,業種,機械,5d,5営業日,41,-0.07165172583648244,-0.028571428571428574,0.4634146341463415,評価可能
v7,score,総合スコア,業種,機械,10d,10営業日,38,-0.05144300128374213,0.0,0.4473684210526316,評価可能
v7,score,総合スコア,業種,海運業,1d,1営業日,13,0.16153846153846155,0.19999999999999998,0.6923076923076923,サンプル不足
v7,score,総合スコア,業種,海運業,3d,3営業日,13,-0.05384615384615384,0.19999999999999998,0.5384615384615384,サンプル不足
v7,score,総合スコア,業種,海運業,5d,5営業日,13,-0.10000000000000002,0.0,0.46153846153846156,サンプル不足
v7,score,総合スコア,業種,海運業,10d,10営業日,12,-0.03333333333333334,0.3,0.5833333333333334,サンプル不足
v7,score,総合スコア,業種,石油・石炭製品,1d,1営業日,2,0.25,0.25,0.5,サンプル不足
v7,score,総合スコア,業種,石油・石炭製品,3d,3営業日,2,0.75,0.75,1.0,サンプル不足
v7,score,総合スコア,業種,石油・石炭製品,5d,5営業日,2,0.5,0.5,1.0,サンプル不足
v7,score,総合スコア,業種,石油・石炭製品,10d,10営業日,0,,,,サンプル不足
v7,score,総合スコア,業種,空運業,1d,1営業日,0,,,,サンプル不足
v7,score,総合スコア,業種,空運業,3d,3営業日,0,,,,サンプル不足
v7,score,総合スコア,業種,空運業,5d,5営業日,0,,,,サンプル不足
v7,score,総合スコア,業種,空運業,10d,10営業日,0,,,,サンプル不足
v7,score,総合スコア,業種,精密機器,1d,1営業日,23,-0.09254658385093167,-0.39999999999999997,0.43478260869565216,サンプル不足
v7,score,総合スコア,業種,精密機器,3d,3営業日,23,0.025465838509316777,0.0,0.4782608695652174,サンプル不足
v7,score,総合スコア,業種,精密機器,5d,5営業日,23,0.06397515527950311,0.14285714285714288,0.5217391304347826,サンプル不足
v7,score,総合スコア,業種,精密機器,10d,10営業日,23,-0.016770186335403725,0.0,0.4782608695652174,サンプル不足
v7,score,総合スコア,業種,繊維製品,1d,1営業日,1,-0.39999999999999997,-0.39999999999999997,0.0,サンプル不足
v7,score,総合スコア,業種,繊維製品,3d,3営業日,1,-0.19999999999999998,-0.19999999999999998,0.0,サンプル不足
v7,score,総合スコア,業種,繊維製品,5d,5営業日,1,-0.7999999999999999,-0.7999999999999999,0.0,サンプル不足
v7,score,総合スコア,業種,繊維製品,10d,10営業日,0,,,,サンプル不足
v7,score,総合スコア,業種,証券、商品先物取引業,1d,1営業日,27,0.03280423280423281,0.19999999999999998,0.5185185185185185,サンプル不足
v7,score,総合スコア,業種,証券、商品先物取引業,3d,3営業日,27,-0.11084656084656085,-0.39999999999999997,0.4074074074074074,サンプル不足
v7,score,総合スコア,業種,証券、商品先物取引業,5d,5営業日,27,-0.047089947089947085,-0.19999999999999998,0.48148148148148145,サンプル不足
v7,score,総合スコア,業種,証券、商品先物取引業,10d,10営業日,25,-0.16685714285714287,-0.5,0.32,サンプル不足
v7,score,総合スコア,業種,輸送用機器,1d,1営業日,37,0.06822839964031761,-0.023809523809523815,0.4864864864864865,評価可能
v7,score,総合スコア,業種,輸送用機器,3d,3営業日,35,-0.04719256255710643,0.0,0.4857142857142857,評価可能
v7,score,総合スコア,業種,輸送用機器,5d,5営業日,35,-0.08692045371356899,-0.08571428571428573,0.45714285714285713,評価可能
v7,score,総合スコア,業種,輸送用機器,10d,10営業日,35,-0.09658031765914721,-0.08571428571428573,0.4857142857142857,評価可能
v7,score,総合スコア,業種,金属製品,1d,1営業日,20,-0.11952380952380952,-0.19999999999999998,0.35,サンプル不足
v7,score,総合スコア,業種,金属製品,3d,3営業日,20,-0.07595238095238092,-0.10238095238095239,0.45,サンプル不足
v7,score,総合スコア,業種,金属製品,5d,5営業日,20,-0.028809523809523806,0.04761904761904762,0.5,サンプル不足
v7,score,総合スコア,業種,金属製品,10d,10営業日,18,-0.3994708994708995,-0.5,0.16666666666666666,サンプル不足
v7,score,総合スコア,業種,鉄鋼,1d,1営業日,11,-0.16363636363636366,-0.5,0.36363636363636365,サンプル不足
v7,score,総合スコア,業種,鉄鋼,3d,3営業日,11,0.12727272727272726,0.39999999999999997,0.5454545454545454,サンプル不足
v7,score,総合スコア,業種,鉄鋼,5d,5営業日,11,0.06363636363636366,0.5,0.6363636363636364,サンプル不足
v7,score,総合スコア,業種,鉄鋼,10d,10営業日,8,-0.15000000000000002,2.7755575615628914e-17,0.5,サンプル不足
v7,score,総合スコア,業種,鉱業,1d,1営業日,1,-0.5,-0.5,0.0,サンプル不足
v7,score,総合スコア,業種,鉱業,3d,3営業日,1,-1.0,-1.0,0.0,サンプル不足
v7,score,総合スコア,業種,鉱業,5d,5営業日,1,-1.0,-1.0,0.0,サンプル不足
v7,score,総合スコア,業種,鉱業,10d,10営業日,1,-0.5,-0.5,0.0,サンプル不足
v7,score,総合スコア,業種,銀行業,1d,1営業日,60,0.11200693656002846,0.1142857142857143,0.55,評価可能
v7,score,総合スコア,業種,銀行業,3d,3営業日,58,0.060965866238461924,-0.0369617745215632,0.46551724137931033,評価可能
v7,score,総合スコア,業種,銀行業,5d,5営業日,56,0.012209945884936957,-0.010384615384615384,0.48214285714285715,評価可能
v7,score,総合スコア,業種,銀行業,10d,10営業日,52,0.012391872102436268,0.03240595404578114,0.5192307692307693,評価可能
v7,score,総合スコア,業種,陸運業,1d,1営業日,1,-1.0,-1.0,0.0,サンプル不足
v7,score,総合スコア,業種,陸運業,3d,3営業日,1,-1.0,-1.0,0.0,サンプル不足
v7,score,総合スコア,業種,陸運業,5d,5営業日,1,-0.5,-0.5,0.0,サンプル不足
v7,score,総合スコア,業種,陸運業,10d,10営業日,1,-0.5,-0.5,0.0,サンプル不足
v7,score,総合スコア,業種,電気・ガス業,1d,1営業日,7,-0.12312925170068025,-0.261904761904762,0.42857142857142855,サンプル不足
v7,score,総合スコア,業種,電気・ガス業,3d,3営業日,7,-0.11088435374149656,0.023809523809523815,0.5714285714285714,サンプル不足
v7,score,総合スコア,業種,電気・ガス業,5d,5営業日,7,-0.08775510204081631,-0.2142857142857143,0.42857142857142855,サンプル不足
v7,score,総合スコア,業種,電気・ガス業,10d,10営業日,5,-0.04952380952380951,-0.04761904761904763,0.4,サンプル不足
v7,score,総合スコア,業種,電気機器,1d,1営業日,69,-0.06527600556563605,-0.12142857142857141,0.4057971014492754,評価可能
v7,score,総合スコア,業種,電気機器,3d,3営業日,67,-0.14696937722597153,-0.11764705882352941,0.3283582089552239,評価可能
v7,score,総合スコア,業種,電気機器,5d,5営業日,65,-0.16554156620586005,-0.14285714285714288,0.27692307692307694,評価可能
v7,score,総合スコア,業種,電気機器,10d,10営業日,60,-0.16429107921862166,-0.16818091530271728,0.26666666666666666,評価可能
v7,score,総合スコア,業種,非鉄金属,1d,1営業日,14,-0.05714285714285716,-0.049999999999999996,0.5,サンプル不足
v7,score,総合スコア,業種,非鉄金属,3d,3営業日,14,0.20714285714285716,0.44999999999999996,0.6428571428571429,サンプル不足
v7,score,総合スコア,業種,非鉄金属,5d,5営業日,14,-0.021428571428571415,-0.39999999999999997,0.42857142857142855,サンプル不足
v7,score,総合スコア,業種,非鉄金属,10d,10営業日,14,-0.09285714285714285,-0.44999999999999996,0.35714285714285715,サンプル不足
v7,score,総合スコア,業種,食料品,1d,1営業日,27,0.05645020233557066,0.19999999999999998,0.5555555555555556,サンプル不足
v7,score,総合スコア,業種,食料品,3d,3営業日,27,-0.11813144627499744,-0.2,0.4074074074074074,サンプル不足
v7,score,総合スコア,業種,食料品,5d,5営業日,27,-0.13558826939944735,-0.39999999999999997,0.37037037037037035,サンプル不足
v7,score,総合スコア,業種,食料品,10d,10営業日,27,-0.17087966966288828,-0.49999999999999994,0.37037037037037035,サンプル不足
v7,return_20d,20日モメンタム,全体,全体,1d,1営業日,69,-0.029123438745963025,-0.02683468346834683,0.43478260869565216,評価可能
v7,return_20d,20日モメンタム,全体,全体,3d,3営業日,67,-0.08645466254241087,-0.08258025802580256,0.2537313432835821,評価可能
v7,return_20d,20日モメンタム,全体,全体,5d,5営業日,65,-0.1072008198366795,-0.09537353735373537,0.24615384615384617,評価可能
v7,return_20d,20日モメンタム,全体,全体,10d,10営業日,60,-0.1264444695772036,-0.08669440413429097,0.23333333333333334,評価可能
v7,return_20d,20日モメンタム,業種,その他製品,1d,1営業日,23,0.07018633540372671,-0.19999999999999998,0.4782608695652174,サンプル不足
v7,return_20d,20日モメンタム,業種,その他製品,3d,3営業日,22,-0.07662337662337661,-0.2,0.36363636363636365,サンプル不足
v7,return_20d,20日モメンタム,業種,その他製品,5d,5営業日,21,0.21292517006802725,0.39999999999999997,0.5714285714285714,サンプル不足
v7,return_20d,20日モメンタム,業種,その他製品,10d,10営業日,21,0.05034013605442178,-0.19999999999999998,0.47619047619047616,サンプル不足
v7,return_20d,20日モメンタム,業種,その他金融業,1d,1営業日,2,-0.25,-0.25,0.5,サンプル不足
v7,return_20d,20日モメンタム,業種,その他金融業,3d,3営業日,2,-0.5,-0.5,0.0,サンプル不足
v7,return_20d,20日モメンタム,業種,その他金融業,5d,5営業日,2,-0.5,-0.5,0.0,サンプル不足
v7,return_20d,20日モメンタム,業種,その他金融業,10d,10営業日,2,-0.5,-0.5,0.0,サンプル不足
v7,return_20d,20日モメンタム,業種,ガラス・土石製品,1d,1営業日,3,-0.6666666666666666,-0.5,0.0,サンプル不足
v7,return_20d,20日モメンタム,業種,ガラス・土石製品,3d,3営業日,3,-1.0,-1.0,0.0,サンプル不足
v7,return_20d,20日モメンタム,業種,ガラス・土石製品,5d,5営業日,3,-0.8333333333333334,-1.0,0.0,サンプル不足
v7,return_20d,20日モメンタム,業種,ガラス・土石製品,10d,10営業日,3,-1.0,-1.0,0.0,サンプル不足
v7,return_20d,20日モメンタム,業種,ゴム製品,1d,1営業日,1,-0.39999999999999997,-0.39999999999999997,0.0,サンプル不足
v7,return_20d,20日モメンタム,業種,ゴム製品,3d,3営業日,1,-0.7999999999999999,-0.7999999999999999,0.0,サンプル不足
v7,return_20d,20日モメンタム,業種,ゴム製品,5d,5営業日,1,-0.6000000000000001,-0.6000000000000001,0.0,サンプル不足
v7,return_20d,20日モメンタム,業種,ゴム製品,10d,10営業日,1,-0.6000000000000001,-0.6000000000000001,0.0,サンプル不足
v7,return_20d,20日モメンタム,業種,サービス業,1d,1営業日,69,0.006159141044363139,-0.024316221747202587,0.4782608695652174,評価可能
v7,return_20d,20日モメンタム,業種,サービス業,3d,3営業日,67,-0.08342658181274695,-0.14285714285714288,0.40298507462686567,評価可能
v7,return_20d,20日モメンタム,業種,サービス業,5d,5営業日,65,-0.07021732510016943,-0.059340659340659345,0.4461538461538462,評価可能
v7,return_20d,20日モメンタム,業種,サービス業,10d,10営業日,60,-0.0945158318391227,-0.0839160839160839,0.35,評価可能
v7,return_20d,20日モメンタム,業種,パルプ・紙,1d,1営業日,0,,,,サンプル不足
v7,return_20d,20日モメンタム,業種,パルプ・紙,3d,3営業日,0,,,,サンプル不足
v7,return_20d,20日モメンタム,業種,パルプ・紙,5d,5営業日,0,,,,サンプル不足
v7,return_20d,20日モメンタム,業種,パルプ・紙,10d,10営業日,0,,,,サンプル不足
v7,return_20d,20日モメンタム,業種,不動産業,1d,1営業日,13,-0.04016015196498789,-0.5,0.38461538461538464,サンプル不足
v7,return_20d,20日モメンタム,業種,不動産業,3d,3営業日,12,-0.049999999999999996,-0.44999999999999996,0.4166666666666667,サンプル不足
v7,return_20d,20日モメンタム,業種,不動産業,5d,5営業日,11,-0.2727272727272727,-0.5,0.18181818181818182,サンプル不足
v7,return_20d,20日モメンタム,業種,不動産業,10d,10営業日,10,-0.29,-0.5,0.2,サンプル不足
v7,return_20d,20日モメンタム,業種,保険業,1d,1営業日,24,-0.08749999999999998,-0.39999999999999997,0.375,サンプル不足
v7,return_20d,20日モメンタム,業種,保険業,3d,3営業日,24,-0.1583333333333333,-0.44999999999999996,0.375,サンプル不足
v7,return_20d,20日モメンタム,業種,保険業,5d,5営業日,24,-0.16249999999999998,-0.39999999999999997,0.375,サンプル不足
v7,return_20d,20日モメンタム,業種,保険業,10d,10営業日,21,-0.3285714285714285,-0.5,0.3333333333333333,サンプル不足
v7,return_20d,20日モメンタム,業種,倉庫・運輸関連業,1d,1営業日,1,-1.0,-1.0,0.0,サンプル不足
v7,return_20d,20日モメンタム,業種,倉庫・運輸関連業,3d,3営業日,1,-1.0,-1.0,0.0,サンプル不足
v7,return_20d,20日モメンタム,業種,倉庫・運輸関連業,5d,5営業日,1,1.0,1.0,1.0,サンプル不足
v7,return_20d,20日モメンタム,業種,倉庫・運輸関連業,10d,10営業日,1,0.5,0.5,1.0,サンプル不足
v7,return_20d,20日モメンタム,業種,化学,1d,1営業日,61,-0.010803404246027193,-0.06293706293706294,0.4918032786885246,評価可能
v7,return_20d,20日モメンタム,業種,化学,3d,3営業日,59,-0.06959565857870943,-0.19999999999999998,0.3728813559322034,評価可能
v7,return_20d,20日モメンタム,業種,化学,5d,5営業日,58,-0.016202188615981723,-0.016666666666666666,0.4827586206896552,評価可能
v7,return_20d,20日モメンタム,業種,化学,10d,10営業日,55,-0.004068355886537731,-0.08181818181818183,0.4909090909090909,評価可能
v7,return_20d,20日モメンタム,業種,医薬品,1d,1営業日,25,-0.09047619047619047,-0.3,0.4,サンプル不足
v7,return_20d,20日モメンタム,業種,医薬品,3d,3営業日,24,0.011309523809523806,0.11785714285714285,0.5416666666666666,サンプル不足
v7,return_20d,20日モメンタム,業種,医薬品,5d,5営業日,24,-0.06562320235122615,-0.03214285714285714,0.5,サンプル不足
v7,return_20d,20日モメンタム,業種,医薬品,10d,10営業日,19,0.09172932330827066,0.19999999999999998,0.631578947368421,サンプル不足
v7,return_20d,20日モメンタム,業種,卸売業,1d,1営業日,65,0.035684571838418,0.0,0.49230769230769234,評価可能
v7,return_20d,20日モメンタム,業種,卸売業,3d,3営業日,63,-0.01359302073587787,0.09999999999999999,0.5396825396825397,評価可能
v7,return_20d,20日モメンタム,業種,卸売業,5d,5営業日,61,-0.04578836464082366,-0.018181818181818184,0.45901639344262296,評価可能
v7,return_20d,20日モメンタム,業種,卸売業,10d,10営業日,56,0.0324226368869226,0.023809523809523815,0.5,評価可能
v7,return_20d,20日モメンタム,業種,小売業,1d,1営業日,60,-0.07819751932497657,-0.01607142857142857,0.43333333333333335,評価可能
v7,return_20d,20日モメンタム,業種,小売業,3d,3営業日,59,-0.0725471022828949,-0.14285714285714288,0.3728813559322034,評価可能
v7,return_20d,20日モメンタム,業種,小売業,5d,5営業日,57,-0.11459980507968125,-0.19047619047619052,0.38596491228070173,評価可能
v7,return_20d,20日モメンタム,業種,小売業,10d,10営業日,53,-0.13004789328318742,-0.2571428571428572,0.3584905660377358,評価可能
v7,return_20d,20日モメンタム,業種,建設業,1d,1営業日,15,0.15999999999999998,0.5,0.5333333333333333,サンプル不足
v7,return_20d,20日モメンタム,業種,建設業,3d,3営業日,14,-0.09285714285714287,-0.5,0.35714285714285715,サンプル不足
v7,return_20d,20日モメンタム,業種,建設業,5d,5営業日,13,-0.19230769230769232,-0.5,0.38461538461538464,サンプル不足
v7,return_20d,20日モメンタム,業種,建設業,10d,10営業日,11,-0.0363636363636364,-0.5,0.45454545454545453,サンプル不足
v7,return_20d,20日モメンタム,業種,情報・通信業,1d,1営業日,69,0.0034789904714891923,0.007518796992481202,0.5072463768115942,評価可能
v7,return_20d,20日モメンタム,業種,情報・通信業,3d,3営業日,67,-0.07820344328481985,-0.11012235817575085,0.34328358208955223,評価可能
v7,return_20d,20日モメンタム,業種,情報・通信業,5d,5営業日,65,-0.08666885031286153,-0.09782608695652174,0.4307692307692308,評価可能
v7,return_20d,20日モメンタム,業種,情報・通信業,10d,10営業日,60,-0.11387654312951856,-0.1644057029926595,0.31666666666666665,評価可能
v7,return_20d,20日モメンタム,業種,機械,1d,1営業日,45,0.012483442483442483,-0.07692307692307693,0.4888888888888889,評価可能
v7,return_20d,20日モメンタム,業種,機械,3d,3営業日,43,-0.004691238993564588,0.028571428571428574,0.5116279069767442,評価可能
v7,return_20d,20日モメンタム,業種,機械,5d,5営業日,41,-0.060053564321856996,-0.14285714285714288,0.43902439024390244,評価可能
v7,return_20d,20日モメンタム,業種,機械,10d,10営業日,38,-0.06609574635890425,-0.17415917415917415,0.39473684210526316,評価可能
v7,return_20d,20日モメンタム,業種,海運業,1d,1営業日,13,0.05384615384615384,0.0,0.46153846153846156,サンプル不足
v7,return_20d,20日モメンタム,業種,海運業,3d,3営業日,13,-0.25384615384615383,-0.7999999999999999,0.38461538461538464,サンプル不足
v7,return_20d,20日モメンタム,業種,海運業,5d,5営業日,13,-0.3692307692307692,-0.5,0.3076923076923077,サンプル不足
v7,return_20d,20日モメンタム,業種,海運業,10d,10営業日,12,-0.4333333333333333,-0.75,0.3333333333333333,サンプル不足
v7,return_20d,20日モメンタム,業種,石油・石炭製品,1d,1営業日,2,0.5,0.5,1.0,サンプル不足
v7,return_20d,20日モメンタム,業種,石油・石炭製品,3d,3営業日,2,0.75,0.75,1.0,サンプル不足
v7,return_20d,20日モメンタム,業種,石油・石炭製品,5d,5営業日,2,1.0,1.0,1.0,サンプル不足
v7,return_20d,20日モメンタム,業種,石油・石炭製品,10d,10営業日,0,,,,サンプル不足
v7,return_20d,20日モメンタム,業種,空運業,1d,1営業日,0,,,,サンプル不足
v7,return_20d,20日モメンタム,業種,空運業,3d,3営業日,0,,,,サンプル不足
v7,return_20d,20日モメンタム,業種,空運業,5d,5営業日,0,,,,サンプル不足
v7,return_20d,20日モメンタム,業種,空運業,10d,10営業日,0,,,,サンプル不足
v7,return_20d,20日モメンタム,業種,精密機器,1d,1営業日,23,-0.12732919254658387,-0.39999999999999997,0.30434782608695654,サンプル不足
v7,return_20d,20日モメンタム,業種,精密機器,3d,3営業日,23,-0.14409937888198757,-0.5,0.391304347826087,サンプル不足
v7,return_20d,20日モメンタム,業種,精密機器,5d,5営業日,23,-0.1515527950310559,-0.5,0.391304347826087,サンプル不足
v7,return_20d,20日モメンタム,業種,精密機器,10d,10営業日,23,-0.0422360248447205,-0.39999999999999997,0.43478260869565216,サンプル不足
v7,return_20d,20日モメンタム,業種,繊維製品,1d,1営業日,1,-0.7999999999999999,-0.7999999999999999,0.0,サンプル不足
v7,return_20d,20日モメンタム,業種,繊維製品,3d,3営業日,1,-1.0,-1.0,0.0,サンプル不足
v7,return_20d,20日モメンタム,業種,繊維製品,5d,5営業日,1,-0.39999999999999997,-0.39999999999999997,0.0,サンプル不足
v7,return_20d,20日モメンタム,業種,繊維製品,10d,10営業日,0,,,,サンプル不足
v7,return_20d,20日モメンタム,業種,証券、商品先物取引業,1d,1営業日,27,0.014285714285714277,0.19999999999999998,0.5185185185185185,サンプル不足
v7,return_20d,20日モメンタム,業種,証券、商品先物取引業,3d,3営業日,27,-0.05396825396825396,-0.3,0.4444444444444444,サンプル不足
v7,return_20d,20日モメンタム,業種,証券、商品先物取引業,5d,5営業日,27,-0.09947089947089945,-0.39999999999999997,0.4444444444444444,サンプル不足
v7,return_20d,20日モメンタム,業種,証券、商品先物取引業,10d,10営業日,25,-0.4002857142857143,-0.5,0.12,サンプル不足
v7,return_20d,20日モメンタム,業種,輸送用機器,1d,1営業日,37,0.06499356499356498,0.19999999999999998,0.5945945945945946,評価可能
v7,return_20d,20日モメンタム,業種,輸送用機器,3d,3営業日,35,-0.0024489795918367385,-0.19999999999999998,0.42857142857142855,評価可能
v7,return_20d,20日モメンタム,業種,輸送用機器,5d,5営業日,35,-0.053333333333333344,-0.3714285714285715,0.42857142857142855,評価可能
v7,return_20d,20日モメンタム,業種,輸送用機器,10d,10営業日,35,-0.253469387755102,-0.48571428571428577,0.2571428571428571,評価可能
v7,return_20d,20日モメンタム,業種,金属製品,1d,1営業日,20,-0.16857142857142854,-0.44999999999999996,0.3,サンプル不足
v7,return_20d,20日モメンタム,業種,金属製品,3d,3営業日,20,-0.13428571428571426,-0.30000000000000004,0.4,サンプル不足
v7,return_20d,20日モメンタム,業種,金属製品,5d,5営業日,20,-0.22428571428571425,-0.40714285714285714,0.3,サンプル不足
v7,return_20d,20日モメンタム,業種,金属製品,10d,10営業日,18,-0.3457671957671958,-0.5857142857142857,0.2777777777777778,サンプル不足
v7,return_20d,20日モメンタム,業種,鉄鋼,1d,1営業日,11,-0.35454545454545455,-0.5,0.2727272727272727,サンプル不足
v7,return_20d,20日モメンタム,業種,鉄鋼,3d,3営業日,11,-0.10909090909090911,-0.5,0.36363636363636365,サンプル不足
v7,return_20d,20日モメンタム,業種,鉄鋼,5d,5営業日,11,-0.22727272727272727,-0.5,0.2727272727272727,サンプル不足
v7,return_20d,20日モメンタム,業種,鉄鋼,10d,10営業日,8,-0.30000000000000004,-0.5,0.25,サンプル不足
v7,return_20d,20日モメンタム,業種,鉱業,1d,1営業日,1,-0.5,-0.5,0.0,サンプル不足
v7,return_20d,20日モメンタム,業種,鉱業,3d,3営業日,1,-1.0,-1.0,0.0,サンプル不足
v7,return_20d,20日モメンタム,業種,鉱業,5d,5営業日,1,-1.0,-1.0,0.0,サンプル不足
v7,return_20d,20日モメンタム,業種,鉱業,10d,10営業日,1,-0.5,-0.5,0.0,サンプル不足
v7,return_20d,20日モメンタム,業種,銀行業,1d,1営業日,60,0.05834009899989994,0.10151515151515153,0.5833333333333334,評価可能
v7,return_20d,20日モメンタム,業種,銀行業,3d,3営業日,58,0.005441846096155026,0.008333333333333333,0.5,評価可能
v7,return_20d,20日モメンタム,業種,銀行業,5d,5営業日,56,-0.050182426117300054,-0.004870129870129868,0.5,評価可能
v7,return_20d,20日モメンタム,業種,銀行業,10d,10営業日,52,-0.0032270858854569293,0.039069264069264066,0.5192307692307693,評価可能
v7,return_20d,20日モメンタム,業種,陸運業,1d,1営業日,1,-1.0,-1.0,0.0,サンプル不足
v7,return_20d,20日モメンタム,業種,陸運業,3d,3営業日,1,-1.0,-1.0,0.0,サンプル不足
v7,return_20d,20日モメンタム,業種,陸運業,5d,5営業日,1,-0.5,-0.5,0.0,サンプル不足
v7,return_20d,20日モメンタム,業種,陸運業,10d,10営業日,1,-0.5,-0.5,0.0,サンプル不足
v7,return_20d,20日モメンタム,業種,電気・ガス業,1d,1営業日,7,-0.07959183673469387,0.14285714285714288,0.5714285714285714,サンプル不足
v7,return_20d,20日モメンタム,業種,電気・ガス業,3d,3営業日,7,-0.13809523809523808,-0.39999999999999997,0.42857142857142855,サンプル不足
v7,return_20d,20日モメンタム,業種,電気・ガス業,5d,5営業日,7,-0.07278911564625852,0.19047619047619052,0.5714285714285714,サンプル不足
v7,return_20d,20日モメンタム,業種,電気・ガス業,10d,10営業日,5,-0.27238095238095233,-0.5,0.4,サンプル不足
v7,return_20d,20日モメンタム,業種,電気機器,1d,1営業日,69,-0.03264022785757405,0.0,0.4782608695652174,評価可能
v7,return_20d,20日モメンタム,業種,電気機器,3d,3営業日,67,-0.09817577731314905,-0.13130434782608694,0.40298507462686567,評価可能
v7,return_20d,20日モメンタム,業種,電気機器,5d,5営業日,65,-0.07207522040166246,-0.07368421052631578,0.36923076923076925,評価可能
v7,return_20d,20日モメンタム,業種,電気機器,10d,10営業日,60,-0.042592382129205145,-0.03376623376623377,0.4,評価可能
v7,return_20d,20日モメンタム,業種,非鉄金属,1d,1営業日,14,0.2857142857142857,0.5,0.7142857142857143,サンプル不足
v7,return_20d,20日モメンタム,業種,非鉄金属,3d,3営業日,14,0.15714285714285717,0.44999999999999996,0.6428571428571429,サンプル不足
v7,return_20d,20日モメンタム,業種,非鉄金属,5d,5営業日,14,0.057142857142857155,0.39999999999999997,0.5714285714285714,サンプル不足
v7,return_20d,20日モメンタム,業種,非鉄金属,10d,10営業日,14,-0.014285714285714306,0.05,0.5,サンプル不足
v7,return_20d,20日モメンタム,業種,食料品,1d,1営業日,27,0.07359924026590693,0.0,0.48148148148148145,サンプル不足
v7,return_20d,20日モメンタム,業種,食料品,3d,3営業日,27,-0.06902726902726904,-0.39999999999999997,0.4074074074074074,サンプル不足
v7,return_20d,20日モメンタム,業種,食料品,5d,5営業日,27,-0.06086012752679419,-0.09999999999999999,0.4074074074074074,サンプル不足
v7,return_20d,20日モメンタム,業種,食料品,10d,10営業日,27,-0.12067562067562065,-0.4153846153846154,0.3333333333333333,サンプル不足
v7,return_60d,60日モメンタム,全体,全体,1d,1営業日,69,-0.0003331330834979159,0.00433269323871829,0.5072463768115942,評価可能
v7,return_60d,60日モメンタム,全体,全体,3d,3営業日,67,-0.03396924862404466,-0.038187818781878186,0.40298507462686567,評価可能
v7,return_60d,60日モメンタム,全体,全体,5d,5営業日,65,-0.08222938758032776,-0.0779117911791179,0.4,評価可能
v7,return_60d,60日モメンタム,全体,全体,10d,10営業日,60,-0.12731316584327507,-0.07492949294929492,0.3333333333333333,評価可能
v7,return_60d,60日モメンタム,業種,その他製品,1d,1営業日,23,0.15403726708074533,0.19999999999999998,0.5652173913043478,サンプル不足
v7,return_60d,60日モメンタム,業種,その他製品,3d,3営業日,22,-0.01558441558441559,-0.23571428571428574,0.45454545454545453,サンプル不足
v7,return_60d,60日モメンタム,業種,その他製品,5d,5営業日,21,-0.005442176870748325,-0.3142857142857143,0.42857142857142855,サンプル不足
v7,return_60d,60日モメンタム,業種,その他製品,10d,10営業日,21,0.06122448979591834,0.2571428571428572,0.5238095238095238,サンプル不足
v7,return_60d,60日モメンタム,業種,その他金融業,1d,1営業日,2,0.25,0.25,0.5,サンプル不足
v7,return_60d,60日モメンタム,業種,その他金融業,3d,3営業日,2,0.5,0.5,1.0,サンプル不足
v7,return_60d,60日モメンタム,業種,その他金融業,5d,5営業日,2,0.5,0.5,1.0,サンプル不足
v7,return_60d,60日モメンタム,業種,その他金融業,10d,10営業日,2,0.5,0.5,1.0,サンプル不足
v7,return_60d,60日モメンタム,業種,ガラス・土石製品,1d,1営業日,3,-0.3333333333333333,-0.5,0.3333333333333333,サンプル不足
v7,return_60d,60日モメンタム,業種,ガラス・土石製品,3d,3営業日,3,-0.3333333333333333,-0.5,0.3333333333333333,サンプル不足
v7,return_60d,60日モメンタム,業種,ガラス・土石製品,5d,5営業日,3,0.0,0.5,0.6666666666666666,サンプル不足
v7,return_60d,60日モメンタム,業種,ガラス・土石製品,10d,10営業日,3,-0.3333333333333333,-0.5,0.3333333333333333,サンプル不足
v7,return_60d,60日モメンタム,業種,ゴム製品,1d,1営業日,1,-0.39999999999999997,-0.39999999999999997,0.0,サンプル不足
v7,return_60d,60日モメンタム,業種,ゴム製品,3d,3営業日,1,-0.7999999999999999,-0.7999999999999999,0.0,サンプル不足
v7,return_60d,60日モメンタム,業種,ゴム製品,5d,5営業日,1,-1.0,-1.0,0.0,サンプル不足
v7,return_60d,60日モメンタム,業種,ゴム製品,10d,10営業日,1,-1.0,-1.0,0.0,サンプル不足
v7,return_60d,60日モメンタム,業種,サービス業,1d,1営業日,69,-0.022384397479049845,-0.002197802197802198,0.4782608695652174,評価可能
v7,return_60d,60日モメンタム,業種,サービス業,3d,3営業日,67,0.038636789100030176,0.03333333333333333,0.5671641791044776,評価可能
v7,return_60d,60日モメンタム,業種,サービス業,5d,5営業日,65,0.01772495297193401,0.0,0.49230769230769234,評価可能
v7,return_60d,60日モメンタム,業種,サービス業,10d,10営業日,60,0.030372688684800274,0.011904761904761908,0.5,評価可能
v7,return_60d,60日モメンタム,業種,パルプ・紙,1d,1営業日,0,,,,サンプル不足
v7,return_60d,60日モメンタム,業種,パルプ・紙,3d,3営業日,0,,,,サンプル不足
v7,return_60d,60日モメンタム,業種,パルプ・紙,5d,5営業日,0,,,,サンプル不足
v7,return_60d,60日モメンタム,業種,パルプ・紙,10d,10営業日,0,,,,サンプル不足
v7,return_60d,60日モメンタム,業種,不動産業,1d,1営業日,13,-0.06838214649232253,-0.20519567041703085,0.46153846153846156,サンプル不足
v7,return_60d,60日モメンタム,業種,不動産業,3d,3営業日,12,-0.19166666666666665,-0.5,0.25,サンプル不足
v7,return_60d,60日モメンタム,業種,不動産業,5d,5営業日,11,-0.2727272727272727,-0.5,0.2727272727272727,サンプル不足
v7,return_60d,60日モメンタム,業種,不動産業,10d,10営業日,10,-0.27,-0.5,0.3,サンプル不足
v7,return_60d,60日モメンタム,業種,保険業,1d,1営業日,24,0.12916666666666665,0.3,0.5416666666666666,サンプル不足
v7,return_60d,60日モメンタム,業種,保険業,3d,3営業日,24,0.024999999999999994,0.25,0.5833333333333334,サンプル不足
v7,return_60d,60日モメンタム,業種,保険業,5d,5営業日,24,0.012499999999999992,-0.3,0.4583333333333333,サンプル不足
v7,return_60d,60日モメンタム,業種,保険業,10d,10営業日,21,0.24761904761904757,0.5,0.6190476190476191,サンプル不足
v7,return_60d,60日モメンタム,業種,倉庫・運輸関連業,1d,1営業日,1,0.5,0.5,1.0,サンプル不足
v7,return_60d,60日モメンタム,業種,倉庫・運輸関連業,3d,3営業日,1,0.5,0.5,1.0,サンプル不足
v7,return_60d,60日モメンタム,業種,倉庫・運輸関連業,5d,5営業日,1,-0.5,-0.5,0.0,サンプル不足
v7,return_60d,60日モメンタム,業種,倉庫・運輸関連業,10d,10営業日,1,0.5,0.5,1.0,サンプル不足
v7,return_60d,60日モメンタム,業種,化学,1d,1営業日,61,0.020346593297412965,0.08333333333333334,0.5573770491803278,評価可能
v7,return_60d,60日モメンタム,業種,化学,3d,3営業日,59,0.02594129034807001,0.08571428571428573,0.5423728813559322,評価可能
v7,return_60d,60日モメンタム,業種,化学,5d,5営業日,58,0.025364003812279663,0.1258741258741259,0.5172413793103449,評価可能
v7,return_60d,60日モメンタム,業種,化学,10d,10営業日,55,-0.05940211303847666,-0.07692307692307693,0.45454545454545453,評価可能
v7,return_60d,60日モメンタム,業種,医薬品,1d,1営業日,25,0.05057142857142855,0.07142857142857144,0.52,サンプル不足
v7,return_60d,60日モメンタム,業種,医薬品,3d,3営業日,24,0.0550595238095238,0.175,0.5833333333333334,サンプル不足
v7,return_60d,60日モメンタム,業種,医薬品,5d,5営業日,24,0.09317429237758605,0.33571428571428574,0.5416666666666666,サンプル不足
v7,return_60d,60日モメンタム,業種,医薬品,10d,10営業日,19,0.013157894736842124,0.09999999999999999,0.5789473684210527,サンプル不足
v7,return_60d,60日モメンタム,業種,卸売業,1d,1営業日,65,0.046379774072081756,0.023809523809523815,0.5076923076923077,評価可能
v7,return_60d,60日モメンタム,業種,卸売業,3d,3営業日,63,-0.0022585879728736994,0.09999999999999999,0.5238095238095238,評価可能
v7,return_60d,60日モメンタム,業種,卸売業,5d,5営業日,61,-0.05628797432076121,-0.03333333333333333,0.4426229508196721,評価可能
v7,return_60d,60日モメンタム,業種,卸売業,10d,10営業日,56,0.00640758051472335,0.0030303030303030303,0.5,評価可能
v7,return_60d,60日モメンタム,業種,小売業,1d,1営業日,60,0.06524181450651569,0.06071428571428572,0.55,評価可能
v7,return_60d,60日モメンタム,業種,小売業,3d,3営業日,59,-0.07804975848345738,-0.03571428571428572,0.4576271186440678,評価可能
v7,return_60d,60日モメンタム,業種,小売業,5d,5営業日,57,-0.1902974734244084,-0.19999999999999998,0.2807017543859649,評価可能
v7,return_60d,60日モメンタム,業種,小売業,10d,10営業日,53,-0.17636331482058457,-0.19999999999999998,0.2641509433962264,評価可能
v7,return_60d,60日モメンタム,業種,建設業,1d,1営業日,15,-0.05999999999999999,0.39999999999999997,0.5333333333333333,サンプル不足
v7,return_60d,60日モメンタム,業種,建設業,3d,3営業日,14,-0.05714285714285711,-0.39999999999999997,0.35714285714285715,サンプル不足
v7,return_60d,60日モメンタム,業種,建設業,5d,5営業日,13,0.13846153846153847,0.5,0.5384615384615384,サンプル不足
v7,return_60d,60日モメンタム,業種,建設業,10d,10営業日,11,0.06363636363636366,-0.39999999999999997,0.45454545454545453,サンプル不足
v7,return_60d,60日モメンタム,業種,情報・通信業,1d,1営業日,69,-0.02986910695309561,-0.03736263736263736,0.4782608695652174,評価可能
v7,return_60d,60日モメンタム,業種,情報・通信業,3d,3営業日,67,-0.08351221686532259,-0.09090909090909093,0.40298507462686567,評価可能
v7,return_60d,60日モメンタム,業種,情報・通信業,5d,5営業日,65,-0.1399727356947453,-0.1042311661506708,0.2923076923076923,評価可能
v7,return_60d,60日モメンタム,業種,情報・通信業,10d,10営業日,60,-0.16378047407149499,-0.13966142553099076,0.31666666666666665,評価可能
v7,return_60d,60日モメンタム,業種,機械,1d,1営業日,45,-0.060999740999741016,-0.07878787878787878,0.37777777777777777,評価可能
v7,return_60d,60日モメンタム,業種,機械,3d,3営業日,43,0.07072927072927072,0.19999999999999998,0.5581395348837209,評価可能
v7,return_60d,60日モメンタム,業種,機械,5d,5営業日,41,-0.046810709615587656,-0.19999999999999998,0.36585365853658536,評価可能
v7,return_60d,60日モメンタム,業種,機械,10d,10営業日,38,-0.0705426152794574,0.0,0.47368421052631576,評価可能
v7,return_60d,60日モメンタム,業種,海運業,1d,1営業日,13,0.2769230769230769,0.5,0.6923076923076923,サンプル不足
v7,return_60d,60日モメンタム,業種,海運業,3d,3営業日,13,0.14615384615384613,0.5,0.6153846153846154,サンプル不足
v7,return_60d,60日モメンタム,業種,海運業,5d,5営業日,13,0.37692307692307686,0.5,0.7692307692307693,サンプル不足
v7,return_60d,60日モメンタム,業種,海運業,10d,10営業日,12,0.3916666666666666,0.5,0.8333333333333334,サンプル不足
v7,return_60d,60日モメンタム,業種,石油・石炭製品,1d,1営業日,2,0.25,0.25,0.5,サンプル不足
v7,return_60d,60日モメンタム,業種,石油・石炭製品,3d,3営業日,2,0.75,0.75,1.0,サンプル不足
v7,return_60d,60日モメンタム,業種,石油・石炭製品,5d,5営業日,2,0.5,0.5,1.0,サンプル不足
v7,return_60d,60日モメンタム,業種,石油・石炭製品,10d,10営業日,0,,,,サンプル不足
v7,return_60d,60日モメンタム,業種,空運業,1d,1営業日,0,,,,サンプル不足
v7,return_60d,60日モメンタム,業種,空運業,3d,3営業日,0,,,,サンプル不足
v7,return_60d,60日モメンタム,業種,空運業,5d,5営業日,0,,,,サンプル不足
v7,return_60d,60日モメンタム,業種,空運業,10d,10営業日,0,,,,サンプル不足
v7,return_60d,60日モメンタム,業種,精密機器,1d,1営業日,23,0.0024844720496894467,0.3,0.5217391304347826,サンプル不足
v7,return_60d,60日モメンタム,業種,精密機器,3d,3営業日,23,0.028571428571428577,0.0,0.4782608695652174,サンプル不足
v7,return_60d,60日モメンタム,業種,精密機器,5d,5営業日,23,0.11055900621118012,0.5,0.5652173913043478,サンプル不足
v7,return_60d,60日モメンタム,業種,精密機器,10d,10営業日,23,0.0732919254658385,0.5,0.6086956521739131,サンプル不足
v7,return_60d,60日モメンタム,業種,繊維製品,1d,1営業日,1,0.39999999999999997,0.39999999999999997,1.0,サンプル不足
v7,return_60d,60日モメンタム,業種,繊維製品,3d,3営業日,1,0.7999999999999999,0.7999999999999999,1.0,サンプル不足
v7,return_60d,60日モメンタム,業種,繊維製品,5d,5営業日,1,-0.19999999999999998,-0.19999999999999998,0.0,サンプル不足
v7,return_60d,60日モメンタム,業種,繊維製品,10d,10営業日,0,,,,サンプル不足
v7,return_60d,60日モメンタム,業種,証券、商品先物取引業,1d,1営業日,27,0.0695767195767196,0.3,0.5555555555555556,サンプル不足
v7,return_60d,60日モメンタム,業種,証券、商品先物取引業,3d,3営業日,27,-0.013227513227513206,0.0,0.48148148148148145,サンプル不足
v7,return_60d,60日モメンタム,業種,証券、商品先物取引業,5d,5営業日,27,-0.013492063492063493,0.09999999999999999,0.5185185185185185,サンプル不足
v7,return_60d,60日モメンタム,業種,証券、商品先物取引業,10d,10営業日,25,-0.08857142857142858,-0.19999999999999998,0.44,サンプル不足
v7,return_60d,60日モメンタム,業種,輸送用機器,1d,1営業日,37,0.13526383526383526,0.30952380952380953,0.5945945945945946,評価可能
v7,return_60d,60日モメンタム,業種,輸送用機器,3d,3営業日,35,0.09278911564625851,0.4047619047619048,0.6,評価可能
v7,return_60d,60日モメンタム,業種,輸送用機器,5d,5営業日,35,-0.049115646258503405,0.3714285714285715,0.5428571428571428,評価可能
v7,return_60d,60日モメンタム,業種,輸送用機器,10d,10営業日,35,-0.002993197278911557,0.0,0.4857142857142857,評価可能
v7,return_60d,60日モメンタム,業種,金属製品,1d,1営業日,20,0.22809523809523807,0.35,0.7,サンプル不足
v7,return_60d,60日モメンタム,業種,金属製品,3d,3営業日,20,-0.03904761904761903,-0.011904761904761918,0.5,サンプル不足
v7,return_60d,60日モメンタム,業種,金属製品,5d,5営業日,20,-0.02047619047619047,0.03571428571428571,0.5,サンプル不足
v7,return_60d,60日モメンタム,業種,金属製品,10d,10営業日,18,-0.21613756613756616,-0.41428571428571426,0.3888888888888889,サンプル不足
v7,return_60d,60日モメンタム,業種,鉄鋼,1d,1営業日,11,0.15454545454545457,0.39999999999999997,0.5454545454545454,サンプル不足
v7,return_60d,60日モメンタム,業種,鉄鋼,3d,3営業日,11,0.43636363636363634,0.5,0.7272727272727273,サンプル不足
v7,return_60d,60日モメンタム,業種,鉄鋼,5d,5営業日,11,0.41818181818181815,0.5,0.8181818181818182,サンプル不足
v7,return_60d,60日モメンタム,業種,鉄鋼,10d,10営業日,8,-0.05,0.0,0.5,サンプル不足
v7,return_60d,60日モメンタム,業種,鉱業,1d,1営業日,1,-1.0,-1.0,0.0,サンプル不足
v7,return_60d,60日モメンタム,業種,鉱業,3d,3営業日,1,-0.5,-0.5,0.0,サンプル不足
v7,return_60d,60日モメンタム,業種,鉱業,5d,5営業日,1,-0.5,-0.5,0.0,サンプル不足
v7,return_60d,60日モメンタム,業種,鉱業,10d,10営業日,1,-1.0,-1.0,0.0,サンプル不足
v7,return_60d,60日モメンタム,業種,銀行業,1d,1営業日,60,0.008684690859203481,0.07857142857142858,0.5833333333333334,評価可能
v7,return_60d,60日モメンタム,業種,銀行業,3d,3営業日,58,-0.07306874568933674,-0.1,0.41379310344827586,評価可能
v7,return_60d,60日モメンタム,業種,銀行業,5d,5営業日,56,-0.06485350783670112,-0.1471861471861472,0.42857142857142855,評価可能
v7,return_60d,60日モメンタム,業種,銀行業,10d,10営業日,52,-0.13782038851043377,-0.2476890756302521,0.40384615384615385,評価可能
v7,return_60d,60日モメンタム,業種,陸運業,1d,1営業日,1,-0.5,-0.5,0.0,サンプル不足
v7,return_60d,60日モメンタム,業種,陸運業,3d,3営業日,1,-0.5,-0.5,0.0,サンプル不足
v7,return_60d,60日モメンタム,業種,陸運業,5d,5営業日,1,-1.0,-1.0,0.0,サンプル不足
v7,return_60d,60日モメンタム,業種,陸運業,10d,10営業日,1,-1.0,-1.0,0.0,サンプル不足
v7,return_60d,60日モメンタム,業種,電気・ガス業,1d,1営業日,7,-0.04489795918367345,-0.19999999999999998,0.42857142857142855,サンプル不足
v7,return_60d,60日モメンタム,業種,電気・ガス業,3d,3営業日,7,0.022448979591836782,-0.14285714285714288,0.42857142857142855,サンプル不足
v7,return_60d,60日モメンタム,業種,電気・ガス業,5d,5営業日,7,0.08775510204081634,0.39999999999999997,0.5714285714285714,サンプル不足
v7,return_60d,60日モメンタム,業種,電気・ガス業,10d,10営業日,5,0.4685714285714285,0.5,1.0,サンプル不足
v7,return_60d,60日モメンタム,業種,電気機器,1d,1営業日,69,-0.1406393249513269,-0.07145299145299144,0.36231884057971014,評価可能
v7,return_60d,60日モメンタム,業種,電気機器,3d,3営業日,67,-0.18226957410311373,-0.2,0.3582089552238806,評価可能
v7,return_60d,60日モメンタム,業種,電気機器,5d,5営業日,65,-0.20127074507982914,-0.25274725274725274,0.24615384615384617,評価可能
v7,return_60d,60日モメンタム,業種,電気機器,10d,10営業日,60,-0.17689012610742144,-0.3820341614906832,0.2833333333333333,評価可能
v7,return_60d,60日モメンタム,業種,非鉄金属,1d,1営業日,14,-0.2714285714285714,-0.5,0.2857142857142857,サンプル不足
v7,return_60d,60日モメンタム,業種,非鉄金属,3d,3営業日,14,-0.4642857142857143,-0.5,0.14285714285714285,サンプル不足
v7,return_60d,60日モメンタム,業種,非鉄金属,5d,5営業日,14,-0.4928571428571428,-0.7999999999999999,0.21428571428571427,サンプル不足
v7,return_60d,60日モメンタム,業種,非鉄金属,10d,10営業日,14,-0.3571428571428571,-0.5,0.2857142857142857,サンプル不足
v7,return_60d,60日モメンタム,業種,食料品,1d,1営業日,27,0.04443087776421109,0.3186813186813187,0.5555555555555556,サンプル不足
v7,return_60d,60日モメンタム,業種,食料品,3d,3営業日,27,0.04619454619454618,0.14725274725274726,0.5925925925925926,サンプル不足
v7,return_60d,60日モメンタム,業種,食料品,5d,5営業日,27,-0.06408899742233076,-0.06373626373626373,0.48148148148148145,サンプル不足
v7,return_60d,60日モメンタム,業種,食料品,10d,10営業日,27,-0.053968253968253964,0.0,0.48148148148148145,サンプル不足
v7,return_120d,120日モメンタム,全体,全体,1d,1営業日,69,0.008758037833594594,0.06290062739865382,0.5362318840579711,評価可能
v7,return_120d,120日モメンタム,全体,全体,3d,3営業日,67,-0.038596416313763135,-0.047668909897934014,0.44776119402985076,評価可能
v7,return_120d,120日モメンタム,全体,全体,5d,5営業日,65,-0.06457927536151455,-0.0661026102610261,0.4461538461538462,評価可能
v7,return_120d,120日モメンタム,全体,全体,10d,10営業日,60,-0.12638739563699586,-0.09372392520175167,0.3333333333333333,評価可能
v7,return_120d,120日モメンタム,業種,その他製品,1d,1営業日,23,0.044720496894409933,0.39999999999999997,0.6086956521739131,サンプル不足
v7,return_120d,120日モメンタム,業種,その他製品,3d,3営業日,22,0.1844155844155844,0.3,0.6363636363636364,サンプル不足
v7,return_120d,120日モメンタム,業種,その他製品,5d,5営業日,21,0.0836734693877551,0.08571428571428573,0.5238095238095238,サンプル不足
v7,return_120d,120日モメンタム,業種,その他製品,10d,10営業日,21,0.08979591836734692,0.0,0.47619047619047616,サンプル不足
v7,return_120d,120日モメンタム,業種,その他金融業,1d,1営業日,2,0.25,0.25,0.5,サンプル不足
v7,return_120d,120日モメンタム,業種,その他金融業,3d,3営業日,2,0.5,0.5,1.0,サンプル不足
v7,return_120d,120日モメンタム,業種,その他金融業,5d,5営業日,2,0.5,0.5,1.0,サンプル不足
v7,return_120d,120日モメンタム,業種,その他金融業,10d,10営業日,2,0.5,0.5,1.0,サンプル不足
v7,return_120d,120日モメンタム,業種,ガラス・土石製品,1d,1営業日,3,0.16666666666666666,0.5,0.6666666666666666,サンプル不足
v7,return_120d,120日モメンタム,業種,ガラス・土石製品,3d,3営業日,3,0.0,-0.5,0.3333333333333333,サンプル不足
v7,return_120d,120日モメンタム,業種,ガラス・土石製品,5d,5営業日,3,0.3333333333333333,0.5,0.6666666666666666,サンプル不足
v7,return_120d,120日モメンタム,業種,ガラス・土石製品,10d,10営業日,3,0.0,-0.5,0.3333333333333333,サンプル不足
v7,return_120d,120日モメンタム,業種,ゴム製品,1d,1営業日,1,0.7999999999999999,0.7999999999999999,1.0,サンプル不足
v7,return_120d,120日モメンタム,業種,ゴム製品,3d,3営業日,1,0.39999999999999997,0.39999999999999997,1.0,サンプル不足
v7,return_120d,120日モメンタム,業種,ゴム製品,5d,5営業日,1,0.19999999999999998,0.19999999999999998,1.0,サンプル不足
v7,return_120d,120日モメンタム,業種,ゴム製品,10d,10営業日,1,0.19999999999999998,0.19999999999999998,1.0,サンプル不足
v7,return_120d,120日モメンタム,業種,サービス業,1d,1営業日,69,0.0135415990536523,-0.0196078431372549,0.4927536231884058,評価可能
v7,return_120d,120日モメンタム,業種,サービス業,3d,3営業日,67,0.022258201343040303,0.012254901960784315,0.5074626865671642,評価可能
v7,return_120d,120日モメンタム,業種,サービス業,5d,5営業日,65,0.022773374965804907,0.03189074333047437,0.5538461538461539,評価可能
v7,return_120d,120日モメンタム,業種,サービス業,10d,10営業日,60,0.06368908217962335,0.05874847546674172,0.5833333333333334,評価可能
v7,return_120d,120日モメンタム,業種,パルプ・紙,1d,1営業日,0,,,,サンプル不足
v7,return_120d,120日モメンタム,業種,パルプ・紙,3d,3営業日,0,,,,サンプル不足
v7,return_120d,120日モメンタム,業種,パルプ・紙,5d,5営業日,0,,,,サンプル不足
v7,return_120d,120日モメンタム,業種,パルプ・紙,10d,10営業日,0,,,,サンプル不足
v7,return_120d,120日モメンタム,業種,不動産業,1d,1営業日,13,-0.08251847218333497,-0.20519567041703085,0.46153846153846156,サンプル不足
v7,return_120d,120日モメンタム,業種,不動産業,3d,3営業日,12,-0.27499999999999997,-0.5,0.25,サンプル不足
v7,return_120d,120日モメンタム,業種,不動産業,5d,5営業日,11,-0.3,-0.5,0.2727272727272727,サンプル不足
v7,return_120d,120日モメンタム,業種,不動産業,10d,10営業日,10,-0.35,-0.5,0.3,サンプル不足
v7,return_120d,120日モメンタム,業種,保険業,1d,1営業日,24,-0.16666666666666666,-0.44999999999999996,0.375,サンプル不足
v7,return_120d,120日モメンタム,業種,保険業,3d,3営業日,24,0.016666666666666653,0.09999999999999999,0.5,サンプル不足
v7,return_120d,120日モメンタム,業種,保険業,5d,5営業日,24,0.09166666666666667,0.3,0.5833333333333334,サンプル不足
v7,return_120d,120日モメンタム,業種,保険業,10d,10営業日,21,-0.02380952380952383,-0.09999999999999999,0.47619047619047616,サンプル不足
v7,return_120d,120日モメンタム,業種,倉庫・運輸関連業,1d,1営業日,1,0.5,0.5,1.0,サンプル不足
v7,return_120d,120日モメンタム,業種,倉庫・運輸関連業,3d,3営業日,1,0.5,0.5,1.0,サンプル不足
v7,return_120d,120日モメンタム,業種,倉庫・運輸関連業,5d,5営業日,1,-0.5,-0.5,0.0,サンプル不足
v7,return_120d,120日モメンタム,業種,倉庫・運輸関連業,10d,10営業日,1,0.5,0.5,1.0,サンプル不足
v7,return_120d,120日モメンタム,業種,化学,1d,1営業日,60,0.004426268176268166,0.022619047619047622,0.5333333333333333,評価可能
v7,return_120d,120日モメンタム,業種,化学,3d,3営業日,58,-0.07323136633481463,-0.12121212121212122,0.3793103448275862,評価可能
v7,return_120d,120日モメンタム,業種,化学,5d,5営業日,57,-0.12167408614777035,-0.09999999999999999,0.3333333333333333,評価可能
v7,return_120d,120日モメンタム,業種,化学,10d,10営業日,54,-0.10439452522785855,-0.11911421911421913,0.4074074074074074,評価可能
v7,return_120d,120日モメンタム,業種,医薬品,1d,1営業日,24,0.01517857142857143,-0.09166666666666667,0.4583333333333333,サンプル不足
v7,return_120d,120日モメンタム,業種,医薬品,3d,3営業日,23,0.20766045548654244,0.5,0.6521739130434783,サンプル不足
v7,return_120d,120日モメンタム,業種,医薬品,5d,5営業日,23,0.1782608695652174,0.5,0.5652173913043478,サンプル不足
v7,return_120d,120日モメンタム,業種,医薬品,10d,10営業日,18,0.4103174603174603,0.5,0.7777777777777778,サンプル不足
v7,return_120d,120日モメンタム,業種,卸売業,1d,1営業日,65,0.09366197904659444,0.08333333333333334,0.5538461538461539,評価可能
v7,return_120d,120日モメンタム,業種,卸売業,3d,3営業日,63,0.037564023278308996,0.09999999999999999,0.5714285714285714,評価可能
v7,return_120d,120日モメンタム,業種,卸売業,5d,5営業日,61,0.03446662626990496,0.1188811188811189,0.5573770491803278,評価可能
v7,return_120d,120日モメンタム,業種,卸売業,10d,10営業日,56,0.06240396508253649,0.15,0.5357142857142857,評価可能
v7,return_120d,120日モメンタム,業種,小売業,1d,1営業日,60,0.019105432769642973,-0.03300865800865801,0.4666666666666667,評価可能
v7,return_120d,120日モメンタム,業種,小売業,3d,3営業日,59,0.01217260638995436,0.028571428571428574,0.5254237288135594,評価可能
v7,return_120d,120日モメンタム,業種,小売業,5d,5営業日,57,-0.03567122591890392,0.0,0.43859649122807015,評価可能
v7,return_120d,120日モメンタム,業種,小売業,10d,10営業日,53,0.03850671156442524,0.0,0.49056603773584906,評価可能
v7,return_120d,120日モメンタム,業種,建設業,1d,1営業日,15,-0.2133333333333333,-0.5,0.3333333333333333,サンプル不足
v7,return_120d,120日モメンタム,業種,建設業,3d,3営業日,14,-0.09285714285714285,-0.3,0.35714285714285715,サンプル不足
v7,return_120d,120日モメンタム,業種,建設業,5d,5営業日,13,-0.23846153846153845,-0.39999999999999997,0.3076923076923077,サンプル不足
v7,return_120d,120日モメンタム,業種,建設業,10d,10営業日,11,-0.07272727272727271,-0.39999999999999997,0.36363636363636365,サンプル不足
v7,return_120d,120日モメンタム,業種,情報・通信業,1d,1営業日,69,-0.01764342234379483,-0.05334566759173604,0.4492753623188406,評価可能
v7,return_120d,120日モメンタム,業種,情報・通信業,3d,3営業日,67,-0.05111544561819165,-0.08070175438596491,0.373134328358209,評価可能
v7,return_120d,120日モメンタム,業種,情報・通信業,5d,5営業日,65,-0.04876329089132837,0.028571428571428574,0.5384615384615384,評価可能
v7,return_120d,120日モメンタム,業種,情報・通信業,10d,10営業日,60,-0.09522416599583464,-0.046613214786589405,0.4,評価可能
v7,return_120d,120日モメンタム,業種,機械,1d,1営業日,45,-0.05000444000444002,-0.18787878787878787,0.4,評価可能
v7,return_120d,120日モメンタム,業種,機械,3d,3営業日,43,0.06499430801756381,0.09999999999999999,0.5581395348837209,評価可能
v7,return_120d,120日モメンタム,業種,機械,5d,5営業日,41,-0.12288422959154666,-0.19999999999999998,0.36585365853658536,評価可能
v7,return_120d,120日モメンタム,業種,機械,10d,10営業日,38,-0.135577361235256,-0.2727272727272727,0.42105263157894735,評価可能
v7,return_120d,120日モメンタム,業種,海運業,1d,1営業日,13,0.09230769230769234,0.39999999999999997,0.6153846153846154,サンプル不足
v7,return_120d,120日モメンタム,業種,海運業,3d,3営業日,13,-0.04615384615384614,0.0,0.46153846153846156,サンプル不足
v7,return_120d,120日モメンタム,業種,海運業,5d,5営業日,13,0.11538461538461539,0.5,0.5384615384615384,サンプル不足
v7,return_120d,120日モメンタム,業種,海運業,10d,10営業日,12,0.11666666666666668,0.5,0.5833333333333334,サンプル不足
v7,return_120d,120日モメンタム,業種,石油・石炭製品,1d,1営業日,2,0.5,0.5,1.0,サンプル不足
v7,return_120d,120日モメンタム,業種,石油・石炭製品,3d,3営業日,2,0.75,0.75,1.0,サンプル不足
v7,return_120d,120日モメンタム,業種,石油・石炭製品,5d,5営業日,2,1.0,1.0,1.0,サンプル不足
v7,return_120d,120日モメンタム,業種,石油・石炭製品,10d,10営業日,0,,,,サンプル不足
v7,return_120d,120日モメンタム,業種,空運業,1d,1営業日,0,,,,サンプル不足
v7,return_120d,120日モメンタム,業種,空運業,3d,3営業日,0,,,,サンプル不足
v7,return_120d,120日モメンタム,業種,空運業,5d,5営業日,0,,,,サンプル不足
v7,return_120d,120日モメンタム,業種,空運業,10d,10営業日,0,,,,サンプル不足
v7,return_120d,120日モメンタム,業種,精密機器,1d,1営業日,23,0.0857142857142857,0.5,0.5217391304347826,サンプル不足
v7,return_120d,120日モメンタム,業種,精密機器,3d,3営業日,23,-0.03291925465838507,0.19999999999999998,0.5217391304347826,サンプル不足
v7,return_120d,120日モメンタム,業種,精密機器,5d,5営業日,23,-0.018012422360248446,-0.19999999999999998,0.43478260869565216,サンプル不足
v7,return_120d,120日モメンタム,業種,精密機器,10d,10営業日,23,-0.04906832298136645,-0.09999999999999999,0.4782608695652174,サンプル不足
v7,return_120d,120日モメンタム,業種,繊維製品,1d,1営業日,1,0.0,0.0,0.0,サンプル不足
v7,return_120d,120日モメンタム,業種,繊維製品,3d,3営業日,1,0.6000000000000001,0.6000000000000001,1.0,サンプル不足
v7,return_120d,120日モメンタム,業種,繊維製品,5d,5営業日,1,-0.39999999999999997,-0.39999999999999997,0.0,サンプル不足
v7,return_120d,120日モメンタム,業種,繊維製品,10d,10営業日,0,,,,サンプル不足
v7,return_120d,120日モメンタム,業種,証券、商品先物取引業,1d,1営業日,27,0.23386243386243386,0.5,0.6666666666666666,サンプル不足
v7,return_120d,120日モメンタム,業種,証券、商品先物取引業,3d,3営業日,27,0.20952380952380953,0.39999999999999997,0.5925925925925926,サンプル不足
v7,return_120d,120日モメンタム,業種,証券、商品先物取引業,5d,5営業日,27,0.29947089947089944,0.5,0.6666666666666666,サンプル不足
v7,return_120d,120日モメンタム,業種,証券、商品先物取引業,10d,10営業日,25,0.31799999999999995,0.5,0.64,サンプル不足
v7,return_120d,120日モメンタム,業種,輸送用機器,1d,1営業日,37,0.2601029601029601,0.5,0.6756756756756757,評価可能
v7,return_120d,120日モメンタム,業種,輸送用機器,3d,3営業日,35,0.09482993197278913,0.3571428571428572,0.6571428571428571,評価可能
v7,return_120d,120日モメンタム,業種,輸送用機器,5d,5営業日,35,0.0019047619047619106,0.14285714285714288,0.5428571428571428,評価可能
v7,return_120d,120日モメンタム,業種,輸送用機器,10d,10営業日,35,0.20095238095238097,0.5,0.6571428571428571,評価可能
v7,return_120d,120日モメンタム,業種,金属製品,1d,1営業日,20,0.11238095238095236,0.19523809523809527,0.65,サンプル不足
v7,return_120d,120日モメンタム,業種,金属製品,3d,3営業日,20,0.10238095238095239,0.19999999999999998,0.6,サンプル不足
v7,return_120d,120日モメンタム,業種,金属製品,5d,5営業日,20,0.1130952380952381,0.17380952380952383,0.5,サンプル不足
v7,return_120d,120日モメンタム,業種,金属製品,10d,10営業日,18,-0.2082010582010582,-0.39999999999999997,0.3333333333333333,サンプル不足
v7,return_120d,120日モメンタム,業種,鉄鋼,1d,1営業日,11,0.05454545454545456,0.09999999999999999,0.5454545454545454,サンプル不足
v7,return_120d,120日モメンタム,業種,鉄鋼,3d,3営業日,11,0.4818181818181818,0.5,0.8181818181818182,サンプル不足
v7,return_120d,120日モメンタム,業種,鉄鋼,5d,5営業日,11,0.6818181818181818,0.7999999999999999,0.9090909090909091,サンプル不足
v7,return_120d,120日モメンタム,業種,鉄鋼,10d,10営業日,8,0.275,0.35000000000000003,0.625,サンプル不足
v7,return_120d,120日モメンタム,業種,鉱業,1d,1営業日,1,-0.5,-0.5,0.0,サンプル不足
v7,return_120d,120日モメンタム,業種,鉱業,3d,3営業日,1,-1.0,-1.0,0.0,サンプル不足
v7,return_120d,120日モメンタム,業種,鉱業,5d,5営業日,1,-1.0,-1.0,0.0,サンプル不足
v7,return_120d,120日モメンタム,業種,鉱業,10d,10営業日,1,-0.5,-0.5,0.0,サンプル不足
v7,return_120d,120日モメンタム,業種,銀行業,1d,1営業日,60,-0.05778618958592064,-0.03214285714285715,0.4166666666666667,評価可能
v7,return_120d,120日モメンタム,業種,銀行業,3d,3営業日,58,0.035977103563336256,0.0538961038961039,0.5344827586206896,評価可能
v7,return_120d,120日モメンタム,業種,銀行業,5d,5営業日,56,-0.04245881569410981,-0.057692307692307696,0.44642857142857145,評価可能
v7,return_120d,120日モメンタム,業種,銀行業,10d,10営業日,52,-0.04328713142061559,-0.04620379620379621,0.46153846153846156,評価可能
v7,return_120d,120日モメンタム,業種,陸運業,1d,1営業日,1,-0.5,-0.5,0.0,サンプル不足
v7,return_120d,120日モメンタム,業種,陸運業,3d,3営業日,1,-0.5,-0.5,0.0,サンプル不足
v7,return_120d,120日モメンタム,業種,陸運業,5d,5営業日,1,-1.0,-1.0,0.0,サンプル不足
v7,return_120d,120日モメンタム,業種,陸運業,10d,10営業日,1,-1.0,-1.0,0.0,サンプル不足
v7,return_120d,120日モメンタム,業種,電気・ガス業,1d,1営業日,7,-0.22653061224489793,-0.28571428571428575,0.2857142857142857,サンプル不足
v7,return_120d,120日モメンタム,業種,電気・ガス業,3d,3営業日,7,-0.1353741496598639,-0.19999999999999998,0.2857142857142857,サンプル不足
v7,return_120d,120日モメンタム,業種,電気・ガス業,5d,5営業日,7,-0.09047619047619049,-0.3333333333333334,0.42857142857142855,サンプル不足
v7,return_120d,120日モメンタム,業種,電気・ガス業,10d,10営業日,5,0.17142857142857143,0.39999999999999997,0.6,サンプル不足
v7,return_120d,120日モメンタム,業種,電気機器,1d,1営業日,69,-0.031433434714035445,-0.011764705882352941,0.4927536231884058,評価可能
v7,return_120d,120日モメンタム,業種,電気機器,3d,3営業日,67,-0.14579603705636185,-0.2121212121212121,0.31343283582089554,評価可能
v7,return_120d,120日モメンタム,業種,電気機器,5d,5営業日,65,-0.1720845170878953,-0.22994652406417113,0.3230769230769231,評価可能
v7,return_120d,120日モメンタム,業種,電気機器,10d,10営業日,60,-0.14907603320563373,-0.28252136752136753,0.2833333333333333,評価可能
v7,return_120d,120日モメンタム,業種,非鉄金属,1d,1営業日,14,0.18571428571428572,0.35,0.5714285714285714,サンプル不足
v7,return_120d,120日モメンタム,業種,非鉄金属,3d,3営業日,14,0.19999999999999998,0.44999999999999996,0.5714285714285714,サンプル不足
v7,return_120d,120日モメンタム,業種,非鉄金属,5d,5営業日,14,0.1714285714285714,0.39999999999999997,0.5714285714285714,サンプル不足
v7,return_120d,120日モメンタム,業種,非鉄金属,10d,10営業日,14,0.028571428571428564,-0.09999999999999999,0.42857142857142855,サンプル不足
v7,return_120d,120日モメンタム,業種,食料品,1d,1営業日,27,0.1645909645909646,0.48571428571428577,0.6296296296296297,サンプル不足
v7,return_120d,120日モメンタム,業種,食料品,3d,3営業日,27,0.035368335368335356,0.09999999999999999,0.5555555555555556,サンプル不足
v7,return_120d,120日モメンタム,業種,食料品,5d,5営業日,27,-0.006932573599240282,0.1032967032967033,0.5555555555555556,サンプル不足
v7,return_120d,120日モメンタム,業種,食料品,10d,10営業日,27,0.02553249219915888,-0.08571428571428573,0.48148148148148145,サンプル不足
v7,distance_ma20,20日移動平均乖離,全体,全体,1d,1営業日,69,-0.03934642230274847,-0.05082508250825082,0.4057971014492754,評価可能
v7,distance_ma20,20日移動平均乖離,全体,全体,3d,3営業日,67,-0.0944885679864923,-0.09643593290152284,0.2835820895522388,評価可能
v7,distance_ma20,20日移動平均乖離,全体,全体,5d,5営業日,65,-0.10869340512719224,-0.10516651665166514,0.3076923076923077,評価可能
v7,distance_ma20,20日移動平均乖離,全体,全体,10d,10営業日,60,-0.11879543116562438,-0.11054905490549052,0.21666666666666667,評価可能
v7,distance_ma20,20日移動平均乖離,業種,その他製品,1d,1営業日,23,0.08881987577639752,0.08571428571428573,0.5217391304347826,サンプル不足
v7,distance_ma20,20日移動平均乖離,業種,その他製品,3d,3営業日,22,-0.07077922077922078,-0.28571428571428575,0.4090909090909091,サンプル不足
v7,distance_ma20,20日移動平均乖離,業種,その他製品,5d,5営業日,21,0.05646258503401361,-0.19999999999999998,0.42857142857142855,サンプル不足
v7,distance_ma20,20日移動平均乖離,業種,その他製品,10d,10営業日,21,0.047619047619047616,0.028571428571428574,0.5238095238095238,サンプル不足
v7,distance_ma20,20日移動平均乖離,業種,その他金融業,1d,1営業日,2,0.25,0.25,0.5,サンプル不足
v7,distance_ma20,20日移動平均乖離,業種,その他金融業,3d,3営業日,2,-0.25,-0.25,0.5,サンプル不足
v7,distance_ma20,20日移動平均乖離,業種,その他金融業,5d,5営業日,2,-0.25,-0.25,0.5,サンプル不足
v7,distance_ma20,20日移動平均乖離,業種,その他金融業,10d,10営業日,2,-0.25,-0.25,0.5,サンプル不足
v7,distance_ma20,20日移動平均乖離,業種,ガラス・土石製品,1d,1営業日,3,-0.5,-0.5,0.0,サンプル不足
v7,distance_ma20,20日移動平均乖離,業種,ガラス・土石製品,3d,3営業日,3,-0.8333333333333334,-1.0,0.0,サンプル不足
v7,distance_ma20,20日移動平均乖離,業種,ガラス・土石製品,5d,5営業日,3,-0.6666666666666666,-0.5,0.0,サンプル不足
v7,distance_ma20,20日移動平均乖離,業種,ガラス・土石製品,10d,10営業日,3,-0.8333333333333334,-1.0,0.0,サンプル不足
v7,distance_ma20,20日移動平均乖離,業種,ゴム製品,1d,1営業日,1,-0.7999999999999999,-0.7999999999999999,0.0,サンプル不足
v7,distance_ma20,20日移動平均乖離,業種,ゴム製品,3d,3営業日,1,-1.0,-1.0,0.0,サンプル不足
v7,distance_ma20,20日移動平均乖離,業種,ゴム製品,5d,5営業日,1,-0.7999999999999999,-0.7999999999999999,0.0,サンプル不足
v7,distance_ma20,20日移動平均乖離,業種,ゴム製品,10d,10営業日,1,-0.7999999999999999,-0.7999999999999999,0.0,サンプル不足
v7,distance_ma20,20日移動平均乖離,業種,サービス業,1d,1営業日,69,-0.06392218955238099,-0.09523809523809526,0.391304347826087,評価可能
v7,distance_ma20,20日移動平均乖離,業種,サービス業,3d,3営業日,67,-0.12294965596915602,-0.1515151515151515,0.34328358208955223,評価可能
v7,distance_ma20,20日移動平均乖離,業種,サービス業,5d,5営業日,65,-0.16048578909723804,-0.16483516483516483,0.3384615384615385,評価可能
v7,distance_ma20,20日移動平均乖離,業種,サービス業,10d,10営業日,60,-0.21777909372525034,-0.2142857142857143,0.2833333333333333,評価可能
v7,distance_ma20,20日移動平均乖離,業種,パルプ・紙,1d,1営業日,0,,,,サンプル不足
v7,distance_ma20,20日移動平均乖離,業種,パルプ・紙,3d,3営業日,0,,,,サンプル不足
v7,distance_ma20,20日移動平均乖離,業種,パルプ・紙,5d,5営業日,0,,,,サンプル不足
v7,distance_ma20,20日移動平均乖離,業種,パルプ・紙,10d,10営業日,0,,,,サンプル不足
v7,distance_ma20,20日移動平均乖離,業種,不動産業,1d,1営業日,13,-0.32412674731950397,-0.5,0.23076923076923078,サンプル不足
v7,distance_ma20,20日移動平均乖離,業種,不動産業,3d,3営業日,12,-0.2333333333333333,-0.5,0.4166666666666667,サンプル不足
v7,distance_ma20,20日移動平均乖離,業種,不動産業,5d,5営業日,11,-0.35454545454545455,-0.5,0.18181818181818182,サンプル不足
v7,distance_ma20,20日移動平均乖離,業種,不動産業,10d,10営業日,10,-0.31,-0.5,0.3,サンプル不足
v7,distance_ma20,20日移動平均乖離,業種,保険業,1d,1営業日,24,-0.22499999999999998,-0.39999999999999997,0.3333333333333333,サンプル不足
v7,distance_ma20,20日移動平均乖離,業種,保険業,3d,3営業日,24,-0.029166666666666664,-0.3,0.4166666666666667,サンプル不足
v7,distance_ma20,20日移動平均乖離,業種,保険業,5d,5営業日,24,-0.06249999999999998,-0.19999999999999998,0.3333333333333333,サンプル不足
v7,distance_ma20,20日移動平均乖離,業種,保険業,10d,10営業日,21,-0.24761904761904757,-0.5,0.2857142857142857,サンプル不足
v7,distance_ma20,20日移動平均乖離,業種,倉庫・運輸関連業,1d,1営業日,1,-1.0,-1.0,0.0,サンプル不足
v7,distance_ma20,20日移動平均乖離,業種,倉庫・運輸関連業,3d,3営業日,1,-1.0,-1.0,0.0,サンプル不足
v7,distance_ma20,20日移動平均乖離,業種,倉庫・運輸関連業,5d,5営業日,1,1.0,1.0,1.0,サンプル不足
v7,distance_ma20,20日移動平均乖離,業種,倉庫・運輸関連業,10d,10営業日,1,0.5,0.5,1.0,サンプル不足
v7,distance_ma20,20日移動平均乖離,業種,化学,1d,1営業日,61,-0.026906290430880605,0.0,0.4918032786885246,評価可能
v7,distance_ma20,20日移動平均乖離,業種,化学,3d,3営業日,59,-0.035305372593508175,0.0,0.4406779661016949,評価可能
v7,distance_ma20,20日移動平均乖離,業種,化学,5d,5営業日,58,0.021158152192634973,0.17142857142857143,0.5344827586206896,評価可能
v7,distance_ma20,20日移動平均乖離,業種,化学,10d,10営業日,55,0.07354493990857627,0.14285714285714288,0.6,評価可能
v7,distance_ma20,20日移動平均乖離,業種,医薬品,1d,1営業日,25,-0.21857142857142858,-0.39999999999999997,0.32,サンプル不足
v7,distance_ma20,20日移動平均乖離,業種,医薬品,3d,3営業日,24,0.04007936507936508,0.0,0.4583333333333333,サンプル不足
v7,distance_ma20,20日移動平均乖離,業種,医薬品,5d,5営業日,24,-0.01675240581614232,-0.03571428571428572,0.4583333333333333,サンプル不足
v7,distance_ma20,20日移動平均乖離,業種,医薬品,10d,10営業日,19,0.09060150375939846,0.14285714285714288,0.631578947368421,サンプル不足
v7,distance_ma20,20日移動平均乖離,業種,卸売業,1d,1営業日,65,0.017923871000794095,0.06666666666666667,0.5230769230769231,評価可能
v7,distance_ma20,20日移動平均乖離,業種,卸売業,3d,3営業日,63,-0.04207802779231349,-0.09523809523809526,0.42857142857142855,評価可能
v7,distance_ma20,20日移動平均乖離,業種,卸売業,5d,5営業日,61,-0.08754114737721296,-0.09999999999999999,0.39344262295081966,評価可能
v7,distance_ma20,20日移動平均乖離,業種,卸売業,10d,10営業日,56,-0.05318907283192999,-0.14285714285714288,0.4107142857142857,評価可能
v7,distance_ma20,20日移動平均乖離,業種,小売業,1d,1営業日,60,-0.05278448886291398,-0.12359943977591038,0.43333333333333335,評価可能
v7,distance_ma20,20日移動平均乖離,業種,小売業,3d,3営業日,59,-0.022111180610682117,-0.028571428571428574,0.4406779661016949,評価可能
v7,distance_ma20,20日移動平均乖離,業種,小売業,5d,5営業日,57,-0.060694482675906845,-0.14285714285714288,0.43859649122807015,評価可能
v7,distance_ma20,20日移動平均乖離,業種,小売業,10d,10営業日,53,-0.06868317586963534,-0.09999999999999999,0.4528301886792453,評価可能
v7,distance_ma20,20日移動平均乖離,業種,建設業,1d,1営業日,15,-0.12000000000000005,-0.5,0.4,サンプル不足
v7,distance_ma20,20日移動平均乖離,業種,建設業,3d,3営業日,14,-0.2357142857142857,-0.5,0.2857142857142857,サンプル不足
v7,distance_ma20,20日移動平均乖離,業種,建設業,5d,5営業日,13,-0.37692307692307697,-0.5,0.15384615384615385,サンプル不足
v7,distance_ma20,20日移動平均乖離,業種,建設業,10d,10営業日,11,-0.3181818181818182,-0.5,0.18181818181818182,サンプル不足
v7,distance_ma20,20日移動平均乖離,業種,情報・通信業,1d,1営業日,69,-0.018139103130135,0.0196078431372549,0.5072463768115942,評価可能
v7,distance_ma20,20日移動平均乖離,業種,情報・通信業,3d,3営業日,67,-0.06252047334932141,-0.09606837606837607,0.3880597014925373,評価可能
v7,distance_ma20,20日移動平均乖離,業種,情報・通信業,5d,5営業日,65,-0.07952726736812693,-0.1,0.4,評価可能
v7,distance_ma20,20日移動平均乖離,業種,情報・通信業,10d,10営業日,60,-0.05786031222570243,-0.12579525737420474,0.31666666666666665,評価可能
v7,distance_ma20,20日移動平均乖離,業種,機械,1d,1営業日,45,-0.05718022718022716,0.028571428571428574,0.5111111111111111,評価可能
v7,distance_ma20,20日移動平均乖離,業種,機械,3d,3営業日,43,-0.0772725336678825,-0.015384615384615385,0.46511627906976744,評価可能
v7,distance_ma20,20日移動平均乖離,業種,機械,5d,5営業日,41,-0.11416185440575684,-0.1666666666666667,0.3902439024390244,評価可能
v7,distance_ma20,20日移動平均乖離,業種,機械,10d,10営業日,38,-0.1530241688136425,-0.25,0.42105263157894735,評価可能
v7,distance_ma20,20日移動平均乖離,業種,海運業,1d,1営業日,13,0.16153846153846155,0.19999999999999998,0.5384615384615384,サンプル不足
v7,distance_ma20,20日移動平均乖離,業種,海運業,3d,3営業日,13,-0.007692307692307703,0.19999999999999998,0.5384615384615384,サンプル不足
v7,distance_ma20,20日移動平均乖離,業種,海運業,5d,5営業日,13,-0.22307692307692312,-0.39999999999999997,0.38461538461538464,サンプル不足
v7,distance_ma20,20日移動平均乖離,業種,海運業,10d,10営業日,12,-0.15000000000000002,-0.44999999999999996,0.4166666666666667,サンプル不足
v7,distance_ma20,20日移動平均乖離,業種,石油・石炭製品,1d,1営業日,2,0.0,0.0,0.5,サンプル不足
v7,distance_ma20,20日移動平均乖離,業種,石油・石炭製品,3d,3営業日,2,0.5,0.5,1.0,サンプル不足
v7,distance_ma20,20日移動平均乖離,業種,石油・石炭製品,5d,5営業日,2,0.75,0.75,1.0,サンプル不足
v7,distance_ma20,20日移動平均乖離,業種,石油・石炭製品,10d,10営業日,0,,,,サンプル不足
v7,distance_ma20,20日移動平均乖離,業種,空運業,1d,1営業日,0,,,,サンプル不足
v7,distance_ma20,20日移動平均乖離,業種,空運業,3d,3営業日,0,,,,サンプル不足
v7,distance_ma20,20日移動平均乖離,業種,空運業,5d,5営業日,0,,,,サンプル不足
v7,distance_ma20,20日移動平均乖離,業種,空運業,10d,10営業日,0,,,,サンプル不足
v7,distance_ma20,20日移動平均乖離,業種,精密機器,1d,1営業日,23,-0.07639751552795031,-0.3,0.391304347826087,サンプル不足
v7,distance_ma20,20日移動平均乖離,業種,精密機器,3d,3営業日,23,-0.06708074534161489,-0.39999999999999997,0.4782608695652174,サンプル不足
v7,distance_ma20,20日移動平均乖離,業種,精密機器,5d,5営業日,23,0.16397515527950315,0.5,0.5217391304347826,サンプル不足
v7,distance_ma20,20日移動平均乖離,業種,精密機器,10d,10営業日,23,0.19937888198757764,0.5,0.6956521739130435,サンプル不足
v7,distance_ma20,20日移動平均乖離,業種,繊維製品,1d,1営業日,1,-0.19999999999999998,-0.19999999999999998,0.0,サンプル不足
v7,distance_ma20,20日移動平均乖離,業種,繊維製品,3d,3営業日,1,-0.39999999999999997,-0.39999999999999997,0.0,サンプル不足
v7,distance_ma20,20日移動平均乖離,業種,繊維製品,5d,5営業日,1,-0.39999999999999997,-0.39999999999999997,0.0,サンプル不足
v7,distance_ma20,20日移動平均乖離,業種,繊維製品,10d,10営業日,0,,,,サンプル不足
v7,distance_ma20,20日移動平均乖離,業種,証券、商品先物取引業,1d,1営業日,27,0.010582010582010566,0.28571428571428575,0.5185185185185185,サンプル不足
v7,distance_ma20,20日移動平均乖離,業種,証券、商品先物取引業,3d,3営業日,27,-0.08359788359788357,-0.39999999999999997,0.4074074074074074,サンプル不足
v7,distance_ma20,20日移動平均乖離,業種,証券、商品先物取引業,5d,5営業日,27,-0.07354497354497351,-0.19999999999999998,0.4444444444444444,サンプル不足
v7,distance_ma20,20日移動平均乖離,業種,証券、商品先物取引業,10d,10営業日,25,-0.25228571428571434,-0.5,0.32,サンプル不足
v7,distance_ma20,20日移動平均乖離,業種,輸送用機器,1d,1営業日,37,0.0014157014157014287,0.19999999999999998,0.5405405405405406,評価可能
v7,distance_ma20,20日移動平均乖離,業種,輸送用機器,3d,3営業日,35,-0.0842176870748299,-0.3714285714285715,0.4,評価可能
v7,distance_ma20,20日移動平均乖離,業種,輸送用機器,5d,5営業日,35,-0.049251700680272126,-0.19047619047619052,0.45714285714285713,評価可能
v7,distance_ma20,20日移動平均乖離,業種,輸送用機器,10d,10営業日,35,-0.1672108843537415,-0.39999999999999997,0.2857142857142857,評価可能
v7,distance_ma20,20日移動平均乖離,業種,金属製品,1d,1営業日,20,-0.10999999999999999,-0.19999999999999998,0.35,サンプル不足
v7,distance_ma20,20日移動平均乖離,業種,金属製品,3d,3営業日,20,-0.045,-0.1285714285714286,0.5,サンプル不足
v7,distance_ma20,20日移動平均乖離,業種,金属製品,5d,5営業日,20,-0.10404761904761906,-0.44285714285714284,0.45,サンプル不足
v7,distance_ma20,20日移動平均乖離,業種,金属製品,10d,10営業日,18,-0.44312169312169314,-0.55,0.16666666666666666,サンプル不足
v7,distance_ma20,20日移動平均乖離,業種,鉄鋼,1d,1営業日,11,-0.5818181818181819,-0.6,0.09090909090909091,サンプル不足
v7,distance_ma20,20日移動平均乖離,業種,鉄鋼,3d,3営業日,11,-0.3181818181818182,-0.5,0.18181818181818182,サンプル不足
v7,distance_ma20,20日移動平均乖離,業種,鉄鋼,5d,5営業日,11,-0.3090909090909091,-0.5,0.2727272727272727,サンプル不足
v7,distance_ma20,20日移動平均乖離,業種,鉄鋼,10d,10営業日,8,-0.475,-0.5,0.25,サンプル不足
v7,distance_ma20,20日移動平均乖離,業種,鉱業,1d,1営業日,1,-0.5,-0.5,0.0,サンプル不足
v7,distance_ma20,20日移動平均乖離,業種,鉱業,3d,3営業日,1,-1.0,-1.0,0.0,サンプル不足
v7,distance_ma20,20日移動平均乖離,業種,鉱業,5d,5営業日,1,-1.0,-1.0,0.0,サンプル不足
v7,distance_ma20,20日移動平均乖離,業種,鉱業,10d,10営業日,1,-0.5,-0.5,0.0,サンプル不足
v7,distance_ma20,20日移動平均乖離,業種,銀行業,1d,1営業日,60,0.07523319180529857,0.02761383042338028,0.55,評価可能
v7,distance_ma20,20日移動平均乖離,業種,銀行業,3d,3営業日,58,-0.026779142381709413,-0.04659732301241734,0.43103448275862066,評価可能
v7,distance_ma20,20日移動平均乖離,業種,銀行業,5d,5営業日,56,-0.06660955990787924,0.0,0.48214285714285715,評価可能
v7,distance_ma20,20日移動平均乖離,業種,銀行業,10d,10営業日,52,-0.06246973991317882,0.0,0.4807692307692308,評価可能
v7,distance_ma20,20日移動平均乖離,業種,陸運業,1d,1営業日,1,-1.0,-1.0,0.0,サンプル不足
v7,distance_ma20,20日移動平均乖離,業種,陸運業,3d,3営業日,1,-1.0,-1.0,0.0,サンプル不足
v7,distance_ma20,20日移動平均乖離,業種,陸運業,5d,5営業日,1,-0.5,-0.5,0.0,サンプル不足
v7,distance_ma20,20日移動平均乖離,業種,陸運業,10d,10営業日,1,-0.5,-0.5,0.0,サンプル不足
v7,distance_ma20,20日移動平均乖離,業種,電気・ガス業,1d,1営業日,7,-0.2836734693877551,-0.5,0.42857142857142855,サンプル不足
v7,distance_ma20,20日移動平均乖離,業種,電気・ガス業,3d,3営業日,7,-0.3829931972789116,-0.5,0.2857142857142857,サンプル不足
v7,distance_ma20,20日移動平均乖離,業種,電気・ガス業,5d,5営業日,7,-0.2972789115646259,-0.5,0.42857142857142855,サンプル不足
v7,distance_ma20,20日移動平均乖離,業種,電気・ガス業,10d,10営業日,5,-0.4152380952380952,-0.7999999999999999,0.4,サンプル不足
v7,distance_ma20,20日移動平均乖離,業種,電気機器,1d,1営業日,69,-0.006610006999584493,0.058018609742747675,0.5507246376811594,評価可能
v7,distance_ma20,20日移動平均乖離,業種,電気機器,3d,3営業日,67,-0.12387220685967637,-0.10303030303030303,0.40298507462686567,評価可能
v7,distance_ma20,20日移動平均乖離,業種,電気機器,5d,5営業日,65,-0.12629522882109664,-0.08214285714285713,0.38461538461538464,評価可能
v7,distance_ma20,20日移動平均乖離,業種,電気機器,10d,10営業日,60,-0.1256050841031791,-0.152505858836504,0.4166666666666667,評価可能
v7,distance_ma20,20日移動平均乖離,業種,非鉄金属,1d,1営業日,14,0.05,0.25,0.5,サンプル不足
v7,distance_ma20,20日移動平均乖離,業種,非鉄金属,3d,3営業日,14,0.17142857142857146,0.24999999999999997,0.6428571428571429,サンプル不足
v7,distance_ma20,20日移動平均乖離,業種,非鉄金属,5d,5営業日,14,-0.10714285714285711,-0.3,0.42857142857142855,サンプル不足
v7,distance_ma20,20日移動平均乖離,業種,非鉄金属,10d,10営業日,14,-0.17857142857142855,-0.44999999999999996,0.35714285714285715,サンプル不足
v7,distance_ma20,20日移動平均乖離,業種,食料品,1d,1営業日,27,-0.009455976122642788,0.0,0.4444444444444444,サンプル不足
v7,distance_ma20,20日移動平均乖離,業種,食料品,3d,3営業日,27,-0.24316917650250983,-0.39999999999999997,0.37037037037037035,サンプル不足
v7,distance_ma20,20日移動平均乖離,業種,食料品,5d,5営業日,27,-0.1330348663681997,-0.09999999999999999,0.4074074074074074,サンプル不足
v7,distance_ma20,20日移動平均乖離,業種,食料品,10d,10営業日,27,-0.14223307556640888,-0.39999999999999997,0.4074074074074074,サンプル不足
v7,distance_ma60,60日移動平均乖離,全体,全体,1d,1営業日,69,-0.00645552687735063,-0.03208530478653741,0.4782608695652174,評価可能
v7,distance_ma60,60日移動平均乖離,全体,全体,3d,3営業日,67,-0.06017355761582407,-0.05883606011445657,0.34328358208955223,評価可能
v7,distance_ma60,60日移動平均乖離,全体,全体,5d,5営業日,65,-0.09340607253767558,-0.07660366036603658,0.26153846153846155,評価可能
v7,distance_ma60,60日移動平均乖離,全体,全体,10d,10営業日,60,-0.13645193702153322,-0.14199219921992198,0.31666666666666665,評価可能
v7,distance_ma60,60日移動平均乖離,業種,その他製品,1d,1営業日,23,0.14347826086956522,0.19999999999999998,0.6086956521739131,サンプル不足
v7,distance_ma60,60日移動平均乖離,業種,その他製品,3d,3営業日,22,0.040909090909090895,-0.08571428571428576,0.5,サンプル不足
v7,distance_ma60,60日移動平均乖離,業種,その他製品,5d,5営業日,21,0.1340136054421769,0.19999999999999998,0.5714285714285714,サンプル不足
v7,distance_ma60,60日移動平均乖離,業種,その他製品,10d,10営業日,21,0.16462585034013605,0.39999999999999997,0.6666666666666666,サンプル不足
v7,distance_ma60,60日移動平均乖離,業種,その他金融業,1d,1営業日,2,0.25,0.25,0.5,サンプル不足
v7,distance_ma60,60日移動平均乖離,業種,その他金融業,3d,3営業日,2,-0.25,-0.25,0.5,サンプル不足
v7,distance_ma60,60日移動平均乖離,業種,その他金融業,5d,5営業日,2,-0.25,-0.25,0.5,サンプル不足
v7,distance_ma60,60日移動平均乖離,業種,その他金融業,10d,10営業日,2,-0.25,-0.25,0.5,サンプル不足
v7,distance_ma60,60日移動平均乖離,業種,ガラス・土石製品,1d,1営業日,3,-0.6666666666666666,-0.5,0.0,サンプル不足
v7,distance_ma60,60日移動平均乖離,業種,ガラス・土石製品,3d,3営業日,3,-0.6666666666666666,-0.5,0.0,サンプル不足
v7,distance_ma60,60日移動平均乖離,業種,ガラス・土石製品,5d,5営業日,3,-0.3333333333333333,-0.5,0.3333333333333333,サンプル不足
v7,distance_ma60,60日移動平均乖離,業種,ガラス・土石製品,10d,10営業日,3,-0.6666666666666666,-0.5,0.0,サンプル不足
v7,distance_ma60,60日移動平均乖離,業種,ゴム製品,1d,1営業日,1,-0.39999999999999997,-0.39999999999999997,0.0,サンプル不足
v7,distance_ma60,60日移動平均乖離,業種,ゴム製品,3d,3営業日,1,-0.7999999999999999,-0.7999999999999999,0.0,サンプル不足
v7,distance_ma60,60日移動平均乖離,業種,ゴム製品,5d,5営業日,1,-0.6000000000000001,-0.6000000000000001,0.0,サンプル不足
v7,distance_ma60,60日移動平均乖離,業種,ゴム製品,10d,10営業日,1,-0.6000000000000001,-0.6000000000000001,0.0,サンプル不足
v7,distance_ma60,60日移動平均乖離,業種,サービス業,1d,1営業日,69,0.008678502252779803,0.028571428571428574,0.5217391304347826,評価可能
v7,distance_ma60,60日移動平均乖離,業種,サービス業,3d,3営業日,67,-0.0054696643405575405,-0.08181818181818183,0.43283582089552236,評価可能
v7,distance_ma60,60日移動平均乖離,業種,サービス業,5d,5営業日,65,-0.0027457008003417137,-0.013986013986013986,0.46153846153846156,評価可能
v7,distance_ma60,60日移動平均乖離,業種,サービス業,10d,10営業日,60,-0.00512754192180002,0.02127872127872128,0.5166666666666667,評価可能
v7,distance_ma60,60日移動平均乖離,業種,パルプ・紙,1d,1営業日,0,,,,サンプル不足
v7,distance_ma60,60日移動平均乖離,業種,パルプ・紙,3d,3営業日,0,,,,サンプル不足
v7,distance_ma60,60日移動平均乖離,業種,パルプ・紙,5d,5営業日,0,,,,サンプル不足
v7,distance_ma60,60日移動平均乖離,業種,パルプ・紙,10d,10営業日,0,,,,サンプル不足
v7,distance_ma60,60日移動平均乖離,業種,不動産業,1d,1営業日,13,0.0008486227384467095,-0.09999999999999999,0.46153846153846156,サンプル不足
v7,distance_ma60,60日移動平均乖離,業種,不動産業,3d,3営業日,12,-0.041666666666666664,-0.25,0.4166666666666667,サンプル不足
v7,distance_ma60,60日移動平均乖離,業種,不動産業,5d,5営業日,11,-0.1,0.0,0.36363636363636365,サンプル不足
v7,distance_ma60,60日移動平均乖離,業種,不動産業,10d,10営業日,10,-0.13,-0.25,0.3,サンプル不足
v7,distance_ma60,60日移動平均乖離,業種,保険業,1d,1営業日,24,-0.12916666666666668,-0.3,0.3333333333333333,サンプル不足
v7,distance_ma60,60日移動平均乖離,業種,保険業,3d,3営業日,24,-0.2583333333333333,-0.5,0.2916666666666667,サンプル不足
v7,distance_ma60,60日移動平均乖離,業種,保険業,5d,5営業日,24,-0.24583333333333335,-0.5,0.2916666666666667,サンプル不足
v7,distance_ma60,60日移動平均乖離,業種,保険業,10d,10営業日,21,-0.1380952380952381,-0.39999999999999997,0.38095238095238093,サンプル不足
v7,distance_ma60,60日移動平均乖離,業種,倉庫・運輸関連業,1d,1営業日,1,-1.0,-1.0,0.0,サンプル不足
v7,distance_ma60,60日移動平均乖離,業種,倉庫・運輸関連業,3d,3営業日,1,-1.0,-1.0,0.0,サンプル不足
v7,distance_ma60,60日移動平均乖離,業種,倉庫・運輸関連業,5d,5営業日,1,1.0,1.0,1.0,サンプル不足
v7,distance_ma60,60日移動平均乖離,業種,倉庫・運輸関連業,10d,10営業日,1,0.5,0.5,1.0,サンプル不足
v7,distance_ma60,60日移動平均乖離,業種,化学,1d,1営業日,61,0.006198309886834456,0.028571428571428574,0.5245901639344263,評価可能
v7,distance_ma60,60日移動平均乖離,業種,化学,3d,3営業日,59,-0.0019531316141485774,0.013986013986013986,0.5084745762711864,評価可能
v7,distance_ma60,60日移動平均乖離,業種,化学,5d,5営業日,58,0.03505919367988334,0.09285714285714286,0.5344827586206896,評価可能
v7,distance_ma60,60日移動平均乖離,業種,化学,10d,10営業日,55,0.02171071352889534,0.016666666666666666,0.509090909090909,評価可能
v7,distance_ma60,60日移動平均乖離,業種,医薬品,1d,1営業日,25,0.023619047619047616,0.0,0.48,サンプル不足
v7,distance_ma60,60日移動平均乖離,業種,医薬品,3d,3営業日,24,-0.04236111111111109,0.15,0.5416666666666666,サンプル不足
v7,distance_ma60,60日移動平均乖離,業種,医薬品,5d,5営業日,24,-0.04911454678378008,-0.26666666666666666,0.4583333333333333,サンプル不足
v7,distance_ma60,60日移動平均乖離,業種,医薬品,10d,10営業日,19,0.043609022556390986,0.39999999999999997,0.5789473684210527,サンプル不足
v7,distance_ma60,60日移動平均乖離,業種,卸売業,1d,1営業日,65,0.045365916135146914,0.0,0.49230769230769234,評価可能
v7,distance_ma60,60日移動平均乖離,業種,卸売業,3d,3営業日,63,0.041021412449983884,0.08571428571428573,0.5873015873015873,評価可能
v7,distance_ma60,60日移動平均乖離,業種,卸売業,5d,5営業日,61,-0.03692891807645905,0.04761904761904763,0.5409836065573771,評価可能
v7,distance_ma60,60日移動平均乖離,業種,卸売業,10d,10営業日,56,0.002793040293040299,0.03874458874458875,0.5178571428571429,評価可能
v7,distance_ma60,60日移動平均乖離,業種,小売業,1d,1営業日,60,0.04637990666176392,0.14285714285714288,0.5333333333333333,評価可能
v7,distance_ma60,60日移動平均乖離,業種,小売業,3d,3営業日,59,-0.038201180673762936,0.0,0.4406779661016949,評価可能
v7,distance_ma60,60日移動平均乖離,業種,小売業,5d,5営業日,57,-0.09908996232525646,-0.07878787878787878,0.43859649122807015,評価可能
v7,distance_ma60,60日移動平均乖離,業種,小売業,10d,10営業日,53,-0.1615674373720989,-0.19999999999999998,0.37735849056603776,評価可能
v7,distance_ma60,60日移動平均乖離,業種,建設業,1d,1営業日,15,-0.21333333333333337,-0.39999999999999997,0.4,サンプル不足
v7,distance_ma60,60日移動平均乖離,業種,建設業,3d,3営業日,14,-0.2857142857142857,-0.5,0.21428571428571427,サンプル不足
v7,distance_ma60,60日移動平均乖離,業種,建設業,5d,5営業日,13,-0.38461538461538464,-0.5,0.23076923076923078,サンプル不足
v7,distance_ma60,60日移動平均乖離,業種,建設業,10d,10営業日,11,-0.2818181818181818,-0.5,0.2727272727272727,サンプル不足
v7,distance_ma60,60日移動平均乖離,業種,情報・通信業,1d,1営業日,69,-0.05171217347228667,-0.1043956043956044,0.4057971014492754,評価可能
v7,distance_ma60,60日移動平均乖離,業種,情報・通信業,3d,3営業日,67,-0.12201303718307119,-0.11666666666666665,0.3283582089552239,評価可能
v7,distance_ma60,60日移動平均乖離,業種,情報・通信業,5d,5営業日,65,-0.16011195868500602,-0.15384615384615385,0.3076923076923077,評価可能
v7,distance_ma60,60日移動平均乖離,業種,情報・通信業,10d,10営業日,60,-0.20391806620793795,-0.1934065934065934,0.21666666666666667,評価可能
v7,distance_ma60,60日移動平均乖離,業種,機械,1d,1営業日,45,-0.10073593073593076,-0.16043956043956045,0.4222222222222222,評価可能
v7,distance_ma60,60日移動平均乖離,業種,機械,3d,3営業日,43,0.07916618265455472,0.18787878787878787,0.5581395348837209,評価可能
v7,distance_ma60,60日移動平均乖離,業種,機械,5d,5営業日,41,-0.03138264174849539,0.03736263736263736,0.5121951219512195,評価可能
v7,distance_ma60,60日移動平均乖離,業種,機械,10d,10営業日,38,-0.1274254254517413,-0.048351648351648346,0.3684210526315789,評価可能
v7,distance_ma60,60日移動平均乖離,業種,海運業,1d,1営業日,13,-0.03846153846153848,-0.3,0.46153846153846156,サンプル不足
v7,distance_ma60,60日移動平均乖離,業種,海運業,3d,3営業日,13,-0.2846153846153846,-0.5,0.38461538461538464,サンプル不足
v7,distance_ma60,60日移動平均乖離,業種,海運業,5d,5営業日,13,-0.23846153846153845,-0.19999999999999998,0.46153846153846156,サンプル不足
v7,distance_ma60,60日移動平均乖離,業種,海運業,10d,10営業日,12,-0.21666666666666667,-0.25,0.4166666666666667,サンプル不足
v7,distance_ma60,60日移動平均乖離,業種,石油・石炭製品,1d,1営業日,2,0.25,0.25,0.5,サンプル不足
v7,distance_ma60,60日移動平均乖離,業種,石油・石炭製品,3d,3営業日,2,0.75,0.75,1.0,サンプル不足
v7,distance_ma60,60日移動平均乖離,業種,石油・石炭製品,5d,5営業日,2,0.5,0.5,1.0,サンプル不足
v7,distance_ma60,60日移動平均乖離,業種,石油・石炭製品,10d,10営業日,0,,,,サンプル不足
v7,distance_ma60,60日移動平均乖離,業種,空運業,1d,1営業日,0,,,,サンプル不足
v7,distance_ma60,60日移動平均乖離,業種,空運業,3d,3営業日,0,,,,サンプル不足
v7,distance_ma60,60日移動平均乖離,業種,空運業,5d,5営業日,0,,,,サンプル不足
v7,distance_ma60,60日移動平均乖離,業種,空運業,10d,10営業日,0,,,,サンプル不足
v7,distance_ma60,60日移動平均乖離,業種,精密機器,1d,1営業日,23,-0.11863354037267079,-0.49999999999999994,0.34782608695652173,サンプル不足
v7,distance_ma60,60日移動平均乖離,業種,精密機器,3d,3営業日,23,-0.01428571428571428,-0.14285714285714288,0.4782608695652174,サンプル不足
v7,distance_ma60,60日移動平均乖離,業種,精密機器,5d,5営業日,23,0.11801242236024845,0.19999999999999998,0.5217391304347826,サンプル不足
v7,distance_ma60,60日移動平均乖離,業種,精密機器,10d,10営業日,23,0.24037267080745336,0.5,0.7391304347826086,サンプル不足
v7,distance_ma60,60日移動平均乖離,業種,繊維製品,1d,1営業日,1,-0.39999999999999997,-0.39999999999999997,0.0,サンプル不足
v7,distance_ma60,60日移動平均乖離,業種,繊維製品,3d,3営業日,1,-0.19999999999999998,-0.19999999999999998,0.0,サンプル不足
v7,distance_ma60,60日移動平均乖離,業種,繊維製品,5d,5営業日,1,-0.7999999999999999,-0.7999999999999999,0.0,サンプル不足
v7,distance_ma60,60日移動平均乖離,業種,繊維製品,10d,10営業日,0,,,,サンプル不足
v7,distance_ma60,60日移動平均乖離,業種,証券、商品先物取引業,1d,1営業日,27,-0.06613756613756612,0.0,0.48148148148148145,サンプル不足
v7,distance_ma60,60日移動平均乖離,業種,証券、商品先物取引業,3d,3営業日,27,-0.17328042328042326,-0.5,0.37037037037037035,サンプル不足
v7,distance_ma60,60日移動平均乖離,業種,証券、商品先物取引業,5d,5営業日,27,-0.13386243386243385,-0.39999999999999997,0.48148148148148145,サンプル不足
v7,distance_ma60,60日移動平均乖離,業種,証券、商品先物取引業,10d,10営業日,25,-0.22685714285714287,-0.5,0.24,サンプル不足
v7,distance_ma60,60日移動平均乖離,業種,輸送用機器,1d,1営業日,37,0.0846846846846847,0.09999999999999999,0.5945945945945946,評価可能
v7,distance_ma60,60日移動平均乖離,業種,輸送用機器,3d,3営業日,35,-0.0009523809523809442,-0.023809523809523815,0.45714285714285713,評価可能
v7,distance_ma60,60日移動平均乖離,業種,輸送用機器,5d,5営業日,35,-0.09741496598639457,0.0,0.4857142857142857,評価可能
v7,distance_ma60,60日移動平均乖離,業種,輸送用機器,10d,10営業日,35,-0.1091156462585034,-0.09523809523809526,0.45714285714285713,評価可能
v7,distance_ma60,60日移動平均乖離,業種,金属製品,1d,1営業日,20,0.024047619047619068,0.014285714285714287,0.5,サンプル不足
v7,distance_ma60,60日移動平均乖離,業種,金属製品,3d,3営業日,20,-0.0345238095238095,0.03571428571428571,0.5,サンプル不足
v7,distance_ma60,60日移動平均乖離,業種,金属製品,5d,5営業日,20,-0.03666666666666668,-0.10238095238095236,0.5,サンプル不足
v7,distance_ma60,60日移動平均乖離,業種,金属製品,10d,10営業日,18,-0.3611111111111111,-0.6,0.2777777777777778,サンプル不足
v7,distance_ma60,60日移動平均乖離,業種,鉄鋼,1d,1営業日,11,-0.2818181818181818,-0.8999999999999998,0.36363636363636365,サンプル不足
v7,distance_ma60,60日移動平均乖離,業種,鉄鋼,3d,3営業日,11,-0.08181818181818185,-0.5,0.36363636363636365,サンプル不足
v7,distance_ma60,60日移動平均乖離,業種,鉄鋼,5d,5営業日,11,-0.13636363636363635,-0.5,0.36363636363636365,サンプル不足
v7,distance_ma60,60日移動平均乖離,業種,鉄鋼,10d,10営業日,8,-0.11249999999999999,-0.44999999999999996,0.375,サンプル不足
v7,distance_ma60,60日移動平均乖離,業種,鉱業,1d,1営業日,1,-0.5,-0.5,0.0,サンプル不足
v7,distance_ma60,60日移動平均乖離,業種,鉱業,3d,3営業日,1,-1.0,-1.0,0.0,サンプル不足
v7,distance_ma60,60日移動平均乖離,業種,鉱業,5d,5営業日,1,-1.0,-1.0,0.0,サンプル不足
v7,distance_ma60,60日移動平均乖離,業種,鉱業,10d,10営業日,1,-0.5,-0.5,0.0,サンプル不足
v7,distance_ma60,60日移動平均乖離,業種,銀行業,1d,1営業日,60,0.14499423452561858,0.2403846153846154,0.6,評価可能
v7,distance_ma60,60日移動平均乖離,業種,銀行業,3d,3営業日,58,0.0752611769365607,0.004928823796748323,0.5,評価可能
v7,distance_ma60,60日移動平均乖離,業種,銀行業,5d,5営業日,56,0.027835074589276275,0.027056277056277056,0.5178571428571429,評価可能
v7,distance_ma60,60日移動平均乖離,業種,銀行業,10d,10営業日,52,0.04726456047723017,0.08636363636363636,0.5384615384615384,評価可能
v7,distance_ma60,60日移動平均乖離,業種,陸運業,1d,1営業日,1,-1.0,-1.0,0.0,サンプル不足
v7,distance_ma60,60日移動平均乖離,業種,陸運業,3d,3営業日,1,-1.0,-1.0,0.0,サンプル不足
v7,distance_ma60,60日移動平均乖離,業種,陸運業,5d,5営業日,1,-0.5,-0.5,0.0,サンプル不足
v7,distance_ma60,60日移動平均乖離,業種,陸運業,10d,10営業日,1,-0.5,-0.5,0.0,サンプル不足
v7,distance_ma60,60日移動平均乖離,業種,電気・ガス業,1d,1営業日,7,-0.011564625850340111,0.11904761904761905,0.5714285714285714,サンプル不足
v7,distance_ma60,60日移動平均乖離,業種,電気・ガス業,3d,3営業日,7,-0.06530612244897957,0.14285714285714288,0.5714285714285714,サンプル不足
v7,distance_ma60,60日移動平均乖離,業種,電気・ガス業,5d,5営業日,7,-0.0054421768707483276,0.19999999999999998,0.5714285714285714,サンプル不足
v7,distance_ma60,60日移動平均乖離,業種,電気・ガス業,10d,10営業日,5,0.0657142857142857,0.19999999999999998,0.6,サンプル不足
v7,distance_ma60,60日移動平均乖離,業種,電気機器,1d,1営業日,69,-0.015575670778589814,-0.021428571428571425,0.4927536231884058,評価可能
v7,distance_ma60,60日移動平均乖離,業種,電気機器,3d,3営業日,67,-0.11324009005545523,-0.09999999999999999,0.417910447761194,評価可能
v7,distance_ma60,60日移動平均乖離,業種,電気機器,5d,5営業日,65,-0.1309356577978642,-0.16666666666666669,0.35384615384615387,評価可能
v7,distance_ma60,60日移動平均乖離,業種,電気機器,10d,10営業日,60,-0.14931590189719926,-0.14285714285714288,0.36666666666666664,評価可能
v7,distance_ma60,60日移動平均乖離,業種,非鉄金属,1d,1営業日,14,-0.3071428571428571,-0.5,0.2857142857142857,サンプル不足
v7,distance_ma60,60日移動平均乖離,業種,非鉄金属,3d,3営業日,14,-0.17857142857142855,-0.44999999999999996,0.42857142857142855,サンプル不足
v7,distance_ma60,60日移動平均乖離,業種,非鉄金属,5d,5営業日,14,-0.4071428571428571,-0.5,0.21428571428571427,サンプル不足
v7,distance_ma60,60日移動平均乖離,業種,非鉄金属,10d,10営業日,14,-0.49999999999999994,-0.5,0.14285714285714285,サンプル不足
v7,distance_ma60,60日移動平均乖離,業種,食料品,1d,1営業日,27,-0.010066476733143417,-0.08571428571428573,0.4444444444444444,サンプル不足
v7,distance_ma60,60日移動平均乖離,業種,食料品,3d,3営業日,27,-0.2010989010989011,-0.39999999999999997,0.2962962962962963,サンプル不足
v7,distance_ma60,60日移動平均乖離,業種,食料品,5d,5営業日,27,-0.11328177994844661,-0.3,0.37037037037037035,サンプル不足
v7,distance_ma60,60日移動平均乖離,業種,食料品,10d,10営業日,27,-0.33361823361823356,-0.5,0.25925925925925924,サンプル不足
v7,avg_turnover_20d,20日平均売買代金,全体,全体,1d,1営業日,69,-0.03215044914318182,-0.011431177411324812,0.4782608695652174,評価可能
v7,avg_turnover_20d,20日平均売買代金,全体,全体,3d,3営業日,67,-0.011590212201632435,-0.04222022202220221,0.43283582089552236,評価可能
v7,avg_turnover_20d,20日平均売買代金,全体,全体,5d,5営業日,65,-0.019573186999444447,-0.050525052505250516,0.46153846153846156,評価可能
v7,avg_turnover_20d,20日平均売買代金,全体,全体,10d,10営業日,60,-0.04550097545822256,-0.06453045304530453,0.31666666666666665,評価可能
v7,avg_turnover_20d,20日平均売買代金,業種,その他製品,1d,1営業日,23,0.07826086956521738,0.19999999999999998,0.6086956521739131,サンプル不足
v7,avg_turnover_20d,20日平均売買代金,業種,その他製品,3d,3営業日,22,0.1675324675324676,0.39999999999999997,0.5909090909090909,サンプル不足
v7,avg_turnover_20d,20日平均売買代金,業種,その他製品,5d,5営業日,21,0.2183673469387755,0.39999999999999997,0.5714285714285714,サンプル不足
v7,avg_turnover_20d,20日平均売買代金,業種,その他製品,10d,10営業日,21,0.19591836734693877,0.39999999999999997,0.6666666666666666,サンプル不足
v7,avg_turnover_20d,20日平均売買代金,業種,その他金融業,1d,1営業日,2,-0.75,-0.75,0.0,サンプル不足
v7,avg_turnover_20d,20日平均売買代金,業種,その他金融業,3d,3営業日,2,0.0,0.0,0.5,サンプル不足
v7,avg_turnover_20d,20日平均売買代金,業種,その他金融業,5d,5営業日,2,0.0,0.0,0.5,サンプル不足
v7,avg_turnover_20d,20日平均売買代金,業種,その他金融業,10d,10営業日,2,0.0,0.0,0.5,サンプル不足
v7,avg_turnover_20d,20日平均売買代金,業種,ガラス・土石製品,1d,1営業日,3,0.0,-0.5,0.3333333333333333,サンプル不足
v7,avg_turnover_20d,20日平均売買代金,業種,ガラス・土石製品,3d,3営業日,3,0.16666666666666666,0.5,0.6666666666666666,サンプル不足
v7,avg_turnover_20d,20日平均売買代金,業種,ガラス・土石製品,5d,5営業日,3,0.3333333333333333,1.0,0.6666666666666666,サンプル不足
v7,avg_turnover_20d,20日平均売買代金,業種,ガラス・土石製品,10d,10営業日,3,0.16666666666666666,0.5,0.6666666666666666,サンプル不足
v7,avg_turnover_20d,20日平均売買代金,業種,ゴム製品,1d,1営業日,1,0.0,0.0,0.0,サンプル不足
v7,avg_turnover_20d,20日平均売買代金,業種,ゴム製品,3d,3営業日,1,-0.6000000000000001,-0.6000000000000001,0.0,サンプル不足
v7,avg_turnover_20d,20日平均売買代金,業種,ゴム製品,5d,5営業日,1,-0.7999999999999999,-0.7999999999999999,0.0,サンプル不足
v7,avg_turnover_20d,20日平均売買代金,業種,ゴム製品,10d,10営業日,1,-0.7999999999999999,-0.7999999999999999,0.0,サンプル不足
v7,avg_turnover_20d,20日平均売買代金,業種,サービス業,1d,1営業日,69,-0.007983095975575252,0.06043956043956044,0.5507246376811594,評価可能
v7,avg_turnover_20d,20日平均売買代金,業種,サービス業,3d,3営業日,67,0.12398528762028604,0.16666666666666669,0.6567164179104478,評価可能
v7,avg_turnover_20d,20日平均売買代金,業種,サービス業,5d,5営業日,65,0.16208207765147387,0.19047619047619052,0.6923076923076923,評価可能
v7,avg_turnover_20d,20日平均売買代金,業種,サービス業,10d,10営業日,60,0.18517155586007578,0.22640056022408964,0.75,評価可能
v7,avg_turnover_20d,20日平均売買代金,業種,パルプ・紙,1d,1営業日,0,,,,サンプル不足
v7,avg_turnover_20d,20日平均売買代金,業種,パルプ・紙,3d,3営業日,0,,,,サンプル不足
v7,avg_turnover_20d,20日平均売買代金,業種,パルプ・紙,5d,5営業日,0,,,,サンプル不足
v7,avg_turnover_20d,20日平均売買代金,業種,パルプ・紙,10d,10営業日,0,,,,サンプル不足
v7,avg_turnover_20d,20日平均売買代金,業種,不動産業,1d,1営業日,13,-0.15609497895420332,-0.46169025843831935,0.38461538461538464,サンプル不足
v7,avg_turnover_20d,20日平均売買代金,業種,不動産業,3d,3営業日,12,-0.3333333333333333,-0.5,0.16666666666666666,サンプル不足
v7,avg_turnover_20d,20日平均売買代金,業種,不動産業,5d,5営業日,11,-0.35454545454545455,-0.5,0.18181818181818182,サンプル不足
v7,avg_turnover_20d,20日平均売買代金,業種,不動産業,10d,10営業日,10,-0.45999999999999996,-0.55,0.2,サンプル不足
v7,avg_turnover_20d,20日平均売買代金,業種,保険業,1d,1営業日,24,-0.15416666666666667,-0.44999999999999996,0.375,サンプル不足
v7,avg_turnover_20d,20日平均売買代金,業種,保険業,3d,3営業日,24,0.012499999999999997,0.09999999999999999,0.5,サンプル不足
v7,avg_turnover_20d,20日平均売買代金,業種,保険業,5d,5営業日,24,0.1333333333333333,0.44999999999999996,0.5833333333333334,サンプル不足
v7,avg_turnover_20d,20日平均売買代金,業種,保険業,10d,10営業日,21,-0.0380952380952381,0.19999999999999998,0.5238095238095238,サンプル不足
v7,avg_turnover_20d,20日平均売買代金,業種,倉庫・運輸関連業,1d,1営業日,1,-1.0,-1.0,0.0,サンプル不足
v7,avg_turnover_20d,20日平均売買代金,業種,倉庫・運輸関連業,3d,3営業日,1,-1.0,-1.0,0.0,サンプル不足
v7,avg_turnover_20d,20日平均売買代金,業種,倉庫・運輸関連業,5d,5営業日,1,1.0,1.0,1.0,サンプル不足
v7,avg_turnover_20d,20日平均売買代金,業種,倉庫・運輸関連業,10d,10営業日,1,0.5,0.5,1.0,サンプル不足
v7,avg_turnover_20d,20日平均売買代金,業種,化学,1d,1営業日,61,-0.11377242975603631,-0.09999999999999999,0.3770491803278688,評価可能
v7,avg_turnover_20d,20日平均売買代金,業種,化学,3d,3営業日,59,-0.02244041269464998,-0.10714285714285716,0.4745762711864407,評価可能
v7,avg_turnover_20d,20日平均売買代金,業種,化学,5d,5営業日,58,-0.12082673074052386,-0.11309523809523811,0.4482758620689655,評価可能
v7,avg_turnover_20d,20日平均売買代金,業種,化学,10d,10営業日,55,-0.14648366784730424,-0.20909090909090913,0.4,評価可能
v7,avg_turnover_20d,20日平均売買代金,業種,医薬品,1d,1営業日,25,0.20295238095238097,0.39999999999999997,0.64,サンプル不足
v7,avg_turnover_20d,20日平均売買代金,業種,医薬品,3d,3営業日,24,0.05386904761904765,-0.03333333333333333,0.4583333333333333,サンプル不足
v7,avg_turnover_20d,20日平均売買代金,業種,医薬品,5d,5営業日,24,0.10921878654955323,0.11428571428571428,0.5833333333333334,サンプル不足
v7,avg_turnover_20d,20日平均売買代金,業種,医薬品,10d,10営業日,19,0.2582706766917293,0.3714285714285715,0.631578947368421,サンプル不足
v7,avg_turnover_20d,20日平均売買代金,業種,卸売業,1d,1営業日,65,-0.02220753605368989,-0.06293706293706294,0.46153846153846156,評価可能
v7,avg_turnover_20d,20日平均売買代金,業種,卸売業,3d,3営業日,63,0.027528556099984697,0.0,0.49206349206349204,評価可能
v7,avg_turnover_20d,20日平均売買代金,業種,卸売業,5d,5営業日,61,0.0668563676760398,0.07142857142857144,0.5081967213114754,評価可能
v7,avg_turnover_20d,20日平均売買代金,業種,卸売業,10d,10営業日,56,0.057928381142666845,0.10952380952380952,0.5535714285714286,評価可能
v7,avg_turnover_20d,20日平均売買代金,業種,小売業,1d,1営業日,60,-0.09433522293817821,-0.09047619047619049,0.4666666666666667,評価可能
v7,avg_turnover_20d,20日平均売買代金,業種,小売業,3d,3営業日,59,-0.04704917880391459,-0.028571428571428574,0.4745762711864407,評価可能
v7,avg_turnover_20d,20日平均売買代金,業種,小売業,5d,5営業日,57,-0.08425131799744803,-0.14835164835164835,0.3333333333333333,評価可能
v7,avg_turnover_20d,20日平均売買代金,業種,小売業,10d,10営業日,53,-0.1391134854786353,-0.11904761904761905,0.32075471698113206,評価可能
v7,avg_turnover_20d,20日平均売買代金,業種,建設業,1d,1営業日,15,0.006666666666666687,-0.19999999999999998,0.4,サンプル不足
v7,avg_turnover_20d,20日平均売買代金,業種,建設業,3d,3営業日,14,-0.03571428571428571,-0.19999999999999998,0.42857142857142855,サンプル不足
v7,avg_turnover_20d,20日平均売買代金,業種,建設業,5d,5営業日,13,0.1769230769230769,0.5,0.6153846153846154,サンプル不足
v7,avg_turnover_20d,20日平均売買代金,業種,建設業,10d,10営業日,11,0.0,0.39999999999999997,0.5454545454545454,サンプル不足
v7,avg_turnover_20d,20日平均売買代金,業種,情報・通信業,1d,1営業日,69,-0.005770839350097562,-0.03333333333333333,0.463768115942029,評価可能
v7,avg_turnover_20d,20日平均売買代金,業種,情報・通信業,3d,3営業日,67,0.011303518673812846,0.04385964912280702,0.5522388059701493,評価可能
v7,avg_turnover_20d,20日平均売買代金,業種,情報・通信業,5d,5営業日,65,0.006295740206560512,0.017435897435897435,0.5230769230769231,評価可能
v7,avg_turnover_20d,20日平均売買代金,業種,情報・通信業,10d,10営業日,60,-0.00038722913907670366,0.051390433815350384,0.5333333333333333,評価可能
v7,avg_turnover_20d,20日平均売買代金,業種,機械,1d,1営業日,45,-0.2207018907018907,-0.2835164835164835,0.3333333333333333,評価可能
v7,avg_turnover_20d,20日平均売買代金,業種,機械,3d,3営業日,43,-0.06946251422995608,0.0,0.4418604651162791,評価可能
v7,avg_turnover_20d,20日平均売買代金,業種,機械,5d,5営業日,41,-0.22415470708153637,-0.29696969696969694,0.3170731707317073,評価可能
v7,avg_turnover_20d,20日平均売買代金,業種,機械,10d,10営業日,38,-0.17362177296387826,-0.38749999999999996,0.3157894736842105,評価可能
v7,avg_turnover_20d,20日平均売買代金,業種,海運業,1d,1営業日,13,0.1769230769230769,0.19999999999999998,0.5384615384615384,サンプル不足
v7,avg_turnover_20d,20日平均売買代金,業種,海運業,3d,3営業日,13,0.1,0.19999999999999998,0.5384615384615384,サンプル不足
v7,avg_turnover_20d,20日平均売買代金,業種,海運業,5d,5営業日,13,-0.1230769230769231,-0.39999999999999997,0.38461538461538464,サンプル不足
v7,avg_turnover_20d,20日平均売買代金,業種,海運業,10d,10営業日,12,-0.00833333333333334,-0.05000000000000002,0.5,サンプル不足
v7,avg_turnover_20d,20日平均売買代金,業種,石油・石炭製品,1d,1営業日,2,0.25,0.25,0.5,サンプル不足
v7,avg_turnover_20d,20日平均売買代金,業種,石油・石炭製品,3d,3営業日,2,0.0,0.0,0.5,サンプル不足
v7,avg_turnover_20d,20日平均売買代金,業種,石油・石炭製品,5d,5営業日,2,0.5,0.5,1.0,サンプル不足
v7,avg_turnover_20d,20日平均売買代金,業種,石油・石炭製品,10d,10営業日,0,,,,サンプル不足
v7,avg_turnover_20d,20日平均売買代金,業種,空運業,1d,1営業日,0,,,,サンプル不足
v7,avg_turnover_20d,20日平均売買代金,業種,空運業,3d,3営業日,0,,,,サンプル不足
v7,avg_turnover_20d,20日平均売買代金,業種,空運業,5d,5営業日,0,,,,サンプル不足
v7,avg_turnover_20d,20日平均売買代金,業種,空運業,10d,10営業日,0,,,,サンプル不足
v7,avg_turnover_20d,20日平均売買代金,業種,精密機器,1d,1営業日,23,0.08944099378881988,0.3714285714285715,0.5652173913043478,サンプル不足
v7,avg_turnover_20d,20日平均売買代金,業種,精密機器,3d,3営業日,23,-0.0006211180124223532,0.08571428571428573,0.5217391304347826,サンプル不足
v7,avg_turnover_20d,20日平均売買代金,業種,精密機器,5d,5営業日,23,-0.09689440993788816,-0.39999999999999997,0.4782608695652174,サンプル不足
v7,avg_turnover_20d,20日平均売買代金,業種,精密機器,10d,10営業日,23,0.11677018633540372,0.49999999999999994,0.5652173913043478,サンプル不足
v7,avg_turnover_20d,20日平均売買代金,業種,繊維製品,1d,1営業日,1,-0.7999999999999999,-0.7999999999999999,0.0,サンプル不足
v7,avg_turnover_20d,20日平均売買代金,業種,繊維製品,3d,3営業日,1,-0.39999999999999997,-0.39999999999999997,0.0,サンプル不足
v7,avg_turnover_20d,20日平均売買代金,業種,繊維製品,5d,5営業日,1,-1.0,-1.0,0.0,サンプル不足
v7,avg_turnover_20d,20日平均売買代金,業種,繊維製品,10d,10営業日,0,,,,サンプル不足
v7,avg_turnover_20d,20日平均売買代金,業種,証券、商品先物取引業,1d,1営業日,27,-0.18439153439153438,-0.5,0.2962962962962963,サンプル不足
v7,avg_turnover_20d,20日平均売買代金,業種,証券、商品先物取引業,3d,3営業日,27,-0.03968253968253971,-0.19999999999999998,0.48148148148148145,サンプル不足
v7,avg_turnover_20d,20日平均売買代金,業種,証券、商品先物取引業,5d,5営業日,27,-0.05238095238095237,0.19999999999999998,0.5185185185185185,サンプル不足
v7,avg_turnover_20d,20日平均売買代金,業種,証券、商品先物取引業,10d,10営業日,25,-0.08628571428571431,-0.3571428571428572,0.44,サンプル不足
v7,avg_turnover_20d,20日平均売買代金,業種,輸送用機器,1d,1営業日,37,0.07464607464607466,0.2571428571428572,0.5945945945945946,評価可能
v7,avg_turnover_20d,20日平均売買代金,業種,輸送用機器,3d,3営業日,35,0.16326530612244894,0.19999999999999998,0.5428571428571428,評価可能
v7,avg_turnover_20d,20日平均売買代金,業種,輸送用機器,5d,5営業日,35,0.18666666666666668,0.3,0.6571428571428571,評価可能
v7,avg_turnover_20d,20日平均売買代金,業種,輸送用機器,10d,10営業日,35,0.2997278911564626,0.49999999999999994,0.7714285714285715,評価可能
v7,avg_turnover_20d,20日平均売買代金,業種,金属製品,1d,1営業日,20,-0.030714285714285694,-0.23571428571428574,0.35,サンプル不足
v7,avg_turnover_20d,20日平均売買代金,業種,金属製品,3d,3営業日,20,-0.10999999999999996,-0.27142857142857146,0.45,サンプル不足
v7,avg_turnover_20d,20日平均売買代金,業種,金属製品,5d,5営業日,20,-0.08023809523809522,-0.030952380952380957,0.5,サンプル不足
v7,avg_turnover_20d,20日平均売買代金,業種,金属製品,10d,10営業日,18,-0.17089947089947088,-0.0380952380952381,0.4444444444444444,サンプル不足
v7,avg_turnover_20d,20日平均売買代金,業種,鉄鋼,1d,1営業日,11,0.19999999999999998,0.5,0.6363636363636364,サンプル不足
v7,avg_turnover_20d,20日平均売買代金,業種,鉄鋼,3d,3営業日,11,0.13636363636363635,0.5,0.5454545454545454,サンプル不足
v7,avg_turnover_20d,20日平均売買代金,業種,鉄鋼,5d,5営業日,11,0.0090909090909091,-0.19999999999999998,0.45454545454545453,サンプル不足
v7,avg_turnover_20d,20日平均売買代金,業種,鉄鋼,10d,10営業日,8,0.09999999999999998,-0.05000000000000002,0.5,サンプル不足
v7,avg_turnover_20d,20日平均売買代金,業種,鉱業,1d,1営業日,1,0.5,0.5,1.0,サンプル不足
v7,avg_turnover_20d,20日平均売買代金,業種,鉱業,3d,3営業日,1,-0.5,-0.5,0.0,サンプル不足
v7,avg_turnover_20d,20日平均売買代金,業種,鉱業,5d,5営業日,1,-0.5,-0.5,0.0,サンプル不足
v7,avg_turnover_20d,20日平均売買代金,業種,鉱業,10d,10営業日,1,0.5,0.5,1.0,サンプル不足
v7,avg_turnover_20d,20日平均売買代金,業種,銀行業,1d,1営業日,60,-0.10328214967673137,-0.14450549450549452,0.36666666666666664,評価可能
v7,avg_turnover_20d,20日平均売買代金,業種,銀行業,3d,3営業日,58,-0.12404708585765303,-0.1292207792207792,0.41379310344827586,評価可能
v7,avg_turnover_20d,20日平均売買代金,業種,銀行業,5d,5営業日,56,-0.009918530349202632,-0.035714285714285726,0.42857142857142855,評価可能
v7,avg_turnover_20d,20日平均売買代金,業種,銀行業,10d,10営業日,52,-0.0976790328826528,-0.28571428571428575,0.36538461538461536,評価可能
v7,avg_turnover_20d,20日平均売買代金,業種,陸運業,1d,1営業日,1,1.0,1.0,1.0,サンプル不足
v7,avg_turnover_20d,20日平均売買代金,業種,陸運業,3d,3営業日,1,1.0,1.0,1.0,サンプル不足
v7,avg_turnover_20d,20日平均売買代金,業種,陸運業,5d,5営業日,1,0.5,0.5,1.0,サンプル不足
v7,avg_turnover_20d,20日平均売買代金,業種,陸運業,10d,10営業日,1,0.5,0.5,1.0,サンプル不足
v7,avg_turnover_20d,20日平均売買代金,業種,電気・ガス業,1d,1営業日,7,-0.22653061224489798,-0.5,0.2857142857142857,サンプル不足
v7,avg_turnover_20d,20日平均売買代金,業種,電気・ガス業,3d,3営業日,7,-0.1945578231292517,-0.5,0.2857142857142857,サンプル不足
v7,avg_turnover_20d,20日平均売買代金,業種,電気・ガス業,5d,5営業日,7,-0.28435374149659864,-0.6904761904761906,0.2857142857142857,サンプル不足
v7,avg_turnover_20d,20日平均売買代金,業種,電気・ガス業,10d,10営業日,5,-0.45809523809523817,-0.5,0.2,サンプル不足
v7,avg_turnover_20d,20日平均売買代金,業種,電気機器,1d,1営業日,69,-0.006702352074231255,-0.005194805194805195,0.43478260869565216,評価可能
v7,avg_turnover_20d,20日平均売買代金,業種,電気機器,3d,3営業日,67,-0.025667728927565768,-0.023809523809523815,0.44776119402985076,評価可能
v7,avg_turnover_20d,20日平均売買代金,業種,電気機器,5d,5営業日,65,-0.0526333773868182,-0.09523809523809526,0.4,評価可能
v7,avg_turnover_20d,20日平均売買代金,業種,電気機器,10d,10営業日,60,-0.11259827146669554,-0.1756576756576757,0.4,評価可能
v7,avg_turnover_20d,20日平均売買代金,業種,非鉄金属,1d,1営業日,14,0.07142857142857142,0.39999999999999997,0.5714285714285714,サンプル不足
v7,avg_turnover_20d,20日平均売買代金,業種,非鉄金属,3d,3営業日,14,0.05714285714285713,-0.049999999999999996,0.5,サンプル不足
v7,avg_turnover_20d,20日平均売買代金,業種,非鉄金属,5d,5営業日,14,0.04999999999999998,0.09999999999999999,0.5,サンプル不足
v7,avg_turnover_20d,20日平均売買代金,業種,非鉄金属,10d,10営業日,14,-0.11428571428571425,-0.25,0.35714285714285715,サンプル不足
v7,avg_turnover_20d,20日平均売買代金,業種,食料品,1d,1営業日,27,0.038637905304571965,0.19999999999999998,0.5555555555555556,サンプル不足
v7,avg_turnover_20d,20日平均売買代金,業種,食料品,3d,3営業日,27,0.3816171482838148,0.5,0.8148148148148148,サンプル不足
v7,avg_turnover_20d,20日平均売買代金,業種,食料品,5d,5営業日,27,0.10725817392484059,0.39999999999999997,0.5925925925925926,サンプル不足
v7,avg_turnover_20d,20日平均売買代金,業種,食料品,10d,10営業日,27,0.038244471577804924,0.19999999999999998,0.5925925925925926,サンプル不足
v7,volume_ratio_20d,出来高比,全体,全体,1d,1営業日,69,-0.034462866115080655,-0.03171326646658878,0.36231884057971014,評価可能
v7,volume_ratio_20d,出来高比,全体,全体,3d,3営業日,67,-0.037587464839125694,-0.04692525563200978,0.43283582089552236,評価可能
v7,volume_ratio_20d,出来高比,全体,全体,5d,5営業日,65,-0.044396694181164556,-0.03767176717671766,0.4,評価可能
v7,volume_ratio_20d,出来高比,全体,全体,10d,10営業日,60,-0.027931594303533883,-0.02023402340234023,0.4666666666666667,評価可能
v7,volume_ratio_20d,出来高比,業種,その他製品,1d,1営業日,23,-0.02981366459627328,0.0,0.4782608695652174,サンプル不足
v7,volume_ratio_20d,出来高比,業種,その他製品,3d,3営業日,22,-0.06623376623376621,-0.39999999999999997,0.4090909090909091,サンプル不足
v7,volume_ratio_20d,出来高比,業種,その他製品,5d,5営業日,21,0.02108843537414967,0.0,0.47619047619047616,サンプル不足
v7,volume_ratio_20d,出来高比,業種,その他製品,10d,10営業日,21,-0.00408163265306121,-0.39999999999999997,0.42857142857142855,サンプル不足
v7,volume_ratio_20d,出来高比,業種,その他金融業,1d,1営業日,2,0.5,0.5,1.0,サンプル不足
v7,volume_ratio_20d,出来高比,業種,その他金融業,3d,3営業日,2,0.25,0.25,0.5,サンプル不足
v7,volume_ratio_20d,出来高比,業種,その他金融業,5d,5営業日,2,0.25,0.25,0.5,サンプル不足
v7,volume_ratio_20d,出来高比,業種,その他金融業,10d,10営業日,2,0.25,0.25,0.5,サンプル不足
v7,volume_ratio_20d,出来高比,業種,ガラス・土石製品,1d,1営業日,3,-0.5,-0.5,0.0,サンプル不足
v7,volume_ratio_20d,出来高比,業種,ガラス・土石製品,3d,3営業日,3,-0.3333333333333333,-0.5,0.3333333333333333,サンプル不足
v7,volume_ratio_20d,出来高比,業種,ガラス・土石製品,5d,5営業日,3,-0.16666666666666666,-0.5,0.3333333333333333,サンプル不足
v7,volume_ratio_20d,出来高比,業種,ガラス・土石製品,10d,10営業日,3,-0.3333333333333333,-0.5,0.3333333333333333,サンプル不足
v7,volume_ratio_20d,出来高比,業種,ゴム製品,1d,1営業日,1,0.0,0.0,0.0,サンプル不足
v7,volume_ratio_20d,出来高比,業種,ゴム製品,3d,3営業日,1,0.6000000000000001,0.6000000000000001,1.0,サンプル不足
v7,volume_ratio_20d,出来高比,業種,ゴム製品,5d,5営業日,1,0.7999999999999999,0.7999999999999999,1.0,サンプル不足
v7,volume_ratio_20d,出来高比,業種,ゴム製品,10d,10営業日,1,0.7999999999999999,0.7999999999999999,1.0,サンプル不足
v7,volume_ratio_20d,出来高比,業種,サービス業,1d,1営業日,69,-0.04723548248102567,-0.06666666666666667,0.43478260869565216,評価可能
v7,volume_ratio_20d,出来高比,業種,サービス業,3d,3営業日,67,-0.14426591922317625,-0.18881118881118883,0.3283582089552239,評価可能
v7,volume_ratio_20d,出来高比,業種,サービス業,5d,5営業日,65,-0.20164405806333835,-0.2070175438596491,0.3230769230769231,評価可能
v7,volume_ratio_20d,出来高比,業種,サービス業,10d,10営業日,60,-0.15449381013695979,-0.17445054945054947,0.35,評価可能
v7,volume_ratio_20d,出来高比,業種,パルプ・紙,1d,1営業日,0,,,,サンプル不足
v7,volume_ratio_20d,出来高比,業種,パルプ・紙,3d,3営業日,0,,,,サンプル不足
v7,volume_ratio_20d,出来高比,業種,パルプ・紙,5d,5営業日,0,,,,サンプル不足
v7,volume_ratio_20d,出来高比,業種,パルプ・紙,10d,10営業日,0,,,,サンプル不足
v7,volume_ratio_20d,出来高比,業種,不動産業,1d,1営業日,13,-0.22557487049068495,-0.5,0.46153846153846156,サンプル不足
v7,volume_ratio_20d,出来高比,業種,不動産業,3d,3営業日,12,-0.07500000000000002,-0.05000000000000002,0.5,サンプル不足
v7,volume_ratio_20d,出来高比,業種,不動産業,5d,5営業日,11,0.12727272727272723,0.5,0.6363636363636364,サンプル不足
v7,volume_ratio_20d,出来高比,業種,不動産業,10d,10営業日,10,0.25999999999999995,0.5,0.7,サンプル不足
v7,volume_ratio_20d,出来高比,業種,保険業,1d,1営業日,24,-0.05000000000000001,-0.3,0.3333333333333333,サンプル不足
v7,volume_ratio_20d,出来高比,業種,保険業,3d,3営業日,24,-0.01666666666666668,0.19999999999999998,0.5833333333333334,サンプル不足
v7,volume_ratio_20d,出来高比,業種,保険業,5d,5営業日,24,0.15,0.5,0.625,サンプル不足
v7,volume_ratio_20d,出来高比,業種,保険業,10d,10営業日,21,0.3142857142857143,0.5,0.7619047619047619,サンプル不足
v7,volume_ratio_20d,出来高比,業種,倉庫・運輸関連業,1d,1営業日,1,0.5,0.5,1.0,サンプル不足
v7,volume_ratio_20d,出来高比,業種,倉庫・運輸関連業,3d,3営業日,1,0.5,0.5,1.0,サンプル不足
v7,volume_ratio_20d,出来高比,業種,倉庫・運輸関連業,5d,5営業日,1,-0.5,-0.5,0.0,サンプル不足
v7,volume_ratio_20d,出来高比,業種,倉庫・運輸関連業,10d,10営業日,1,0.5,0.5,1.0,サンプル不足
v7,volume_ratio_20d,出来高比,業種,化学,1d,1営業日,61,-0.09509711599875534,-0.11904761904761905,0.4262295081967213,評価可能
v7,volume_ratio_20d,出来高比,業種,化学,3d,3営業日,59,0.015772222128154344,0.0,0.4915254237288136,評価可能
v7,volume_ratio_20d,出来高比,業種,化学,5d,5営業日,58,0.02037273071755832,0.10714285714285716,0.5517241379310345,評価可能
v7,volume_ratio_20d,出来高比,業種,化学,10d,10営業日,55,-0.018974510338146688,0.0,0.4909090909090909,評価可能
v7,volume_ratio_20d,出来高比,業種,医薬品,1d,1営業日,25,-0.2252380952380952,-0.14285714285714288,0.4,サンプル不足
v7,volume_ratio_20d,出来高比,業種,医薬品,3d,3営業日,24,0.054265873015873024,0.34285714285714286,0.5833333333333334,サンプル不足
v7,volume_ratio_20d,出来高比,業種,医薬品,5d,5営業日,24,0.08905789921229444,0.35,0.5833333333333334,サンプル不足
v7,volume_ratio_20d,出来高比,業種,医薬品,10d,10営業日,19,0.02481203007518797,0.2571428571428572,0.5789473684210527,サンプル不足
v7,volume_ratio_20d,出来高比,業種,卸売業,1d,1営業日,65,0.05784420707497629,0.07878787878787878,0.5384615384615384,評価可能
v7,volume_ratio_20d,出来高比,業種,卸売業,3d,3営業日,63,0.01421250706964993,0.0,0.42857142857142855,評価可能
v7,volume_ratio_20d,出来高比,業種,卸売業,5d,5営業日,61,-0.11839799544717577,-0.19999999999999998,0.39344262295081966,評価可能
v7,volume_ratio_20d,出来高比,業種,卸売業,10d,10営業日,56,-0.1877910779696494,-0.19999999999999998,0.39285714285714285,評価可能
v7,volume_ratio_20d,出来高比,業種,小売業,1d,1営業日,60,-0.06824282348790899,-0.07500000000000001,0.43333333333333335,評価可能
v7,volume_ratio_20d,出来高比,業種,小売業,3d,3営業日,59,0.021104128506920134,0.0,0.4745762711864407,評価可能
v7,volume_ratio_20d,出来高比,業種,小売業,5d,5営業日,57,0.05752628864083974,0.14285714285714288,0.6140350877192983,評価可能
v7,volume_ratio_20d,出来高比,業種,小売業,10d,10営業日,53,0.003958176488698123,0.04761904761904763,0.5094339622641509,評価可能
v7,volume_ratio_20d,出来高比,業種,建設業,1d,1営業日,15,-0.09333333333333332,0.0,0.4666666666666667,サンプル不足
v7,volume_ratio_20d,出来高比,業種,建設業,3d,3営業日,14,-0.16428571428571423,-0.39999999999999997,0.35714285714285715,サンプル不足
v7,volume_ratio_20d,出来高比,業種,建設業,5d,5営業日,13,0.0,-0.39999999999999997,0.46153846153846156,サンプル不足
v7,volume_ratio_20d,出来高比,業種,建設業,10d,10営業日,11,-0.009090909090909078,-0.19999999999999998,0.45454545454545453,サンプル不足
v7,volume_ratio_20d,出来高比,業種,情報・通信業,1d,1営業日,69,-0.016017540024236544,-0.05039525691699605,0.463768115942029,評価可能
v7,volume_ratio_20d,出来高比,業種,情報・通信業,3d,3営業日,67,-0.04807056863375702,-0.09881422924901187,0.373134328358209,評価可能
v7,volume_ratio_20d,出来高比,業種,情報・通信業,5d,5営業日,65,-0.08577840509649898,-0.21964991530208924,0.3384615384615385,評価可能
v7,volume_ratio_20d,出来高比,業種,情報・通信業,10d,10営業日,60,-0.07181248830983743,-0.1742684911802559,0.35,評価可能
v7,volume_ratio_20d,出来高比,業種,機械,1d,1営業日,45,0.06797461797461797,0.14285714285714288,0.5777777777777777,評価可能
v7,volume_ratio_20d,出来高比,業種,機械,3d,3営業日,43,-0.03815157710506549,0.0,0.4883720930232558,評価可能
v7,volume_ratio_20d,出来高比,業種,機械,5d,5営業日,41,0.07280869536967098,0.0303030303030303,0.5609756097560976,評価可能
v7,volume_ratio_20d,出来高比,業種,機械,10d,10営業日,38,0.15347196662986137,0.2571428571428571,0.6578947368421053,評価可能
v7,volume_ratio_20d,出来高比,業種,海運業,1d,1営業日,13,-0.19230769230769232,-0.5,0.46153846153846156,サンプル不足
v7,volume_ratio_20d,出来高比,業種,海運業,3d,3営業日,13,0.06923076923076923,0.3,0.6923076923076923,サンプル不足
v7,volume_ratio_20d,出来高比,業種,海運業,5d,5営業日,13,-0.0692307692307692,-0.49999999999999994,0.46153846153846156,サンプル不足
v7,volume_ratio_20d,出来高比,業種,海運業,10d,10営業日,12,-0.15,-0.44999999999999996,0.3333333333333333,サンプル不足
v7,volume_ratio_20d,出来高比,業種,石油・石炭製品,1d,1営業日,2,-0.25,-0.25,0.5,サンプル不足
v7,volume_ratio_20d,出来高比,業種,石油・石炭製品,3d,3営業日,2,0.0,0.0,0.5,サンプル不足
v7,volume_ratio_20d,出来高比,業種,石油・石炭製品,5d,5営業日,2,0.25,0.25,0.5,サンプル不足
v7,volume_ratio_20d,出来高比,業種,石油・石炭製品,10d,10営業日,0,,,,サンプル不足
v7,volume_ratio_20d,出来高比,業種,空運業,1d,1営業日,0,,,,サンプル不足
v7,volume_ratio_20d,出来高比,業種,空運業,3d,3営業日,0,,,,サンプル不足
v7,volume_ratio_20d,出来高比,業種,空運業,5d,5営業日,0,,,,サンプル不足
v7,volume_ratio_20d,出来高比,業種,空運業,10d,10営業日,0,,,,サンプル不足
v7,volume_ratio_20d,出来高比,業種,精密機器,1d,1営業日,23,0.07950310559006211,0.2571428571428572,0.5217391304347826,サンプル不足
v7,volume_ratio_20d,出来高比,業種,精密機器,3d,3営業日,23,0.07391304347826087,-0.09999999999999999,0.4782608695652174,サンプル不足
v7,volume_ratio_20d,出来高比,業種,精密機器,5d,5営業日,23,-0.07577639751552795,-0.5,0.391304347826087,サンプル不足
v7,volume_ratio_20d,出来高比,業種,精密機器,10d,10営業日,23,-0.020496894409937873,-0.08571428571428573,0.43478260869565216,サンプル不足
v7,volume_ratio_20d,出来高比,業種,繊維製品,1d,1営業日,1,-0.39999999999999997,-0.39999999999999997,0.0,サンプル不足
v7,volume_ratio_20d,出来高比,業種,繊維製品,3d,3営業日,1,-0.19999999999999998,-0.19999999999999998,0.0,サンプル不足
v7,volume_ratio_20d,出来高比,業種,繊維製品,5d,5営業日,1,-0.7999999999999999,-0.7999999999999999,0.0,サンプル不足
v7,volume_ratio_20d,出来高比,業種,繊維製品,10d,10営業日,0,,,,サンプル不足
v7,volume_ratio_20d,出来高比,業種,証券、商品先物取引業,1d,1営業日,27,-0.06455026455026457,-0.09999999999999999,0.48148148148148145,サンプル不足
v7,volume_ratio_20d,出来高比,業種,証券、商品先物取引業,3d,3営業日,27,-0.08148148148148147,-0.19999999999999998,0.4074074074074074,サンプル不足
v7,volume_ratio_20d,出来高比,業種,証券、商品先物取引業,5d,5営業日,27,-0.041798941798941815,-0.19999999999999998,0.48148148148148145,サンプル不足
v7,volume_ratio_20d,出来高比,業種,証券、商品先物取引業,10d,10営業日,25,0.10428571428571429,0.39999999999999997,0.56,サンプル不足
v7,volume_ratio_20d,出来高比,業種,輸送用機器,1d,1営業日,37,-0.02419562419562419,-0.023809523809523815,0.4864864864864865,評価可能
v7,volume_ratio_20d,出来高比,業種,輸送用機器,3d,3営業日,35,0.003265306122448987,0.0,0.4857142857142857,評価可能
v7,volume_ratio_20d,出来高比,業種,輸送用機器,5d,5営業日,35,0.04340136054421767,0.3,0.5714285714285714,評価可能
v7,volume_ratio_20d,出来高比,業種,輸送用機器,10d,10営業日,35,-0.10816326530612246,-0.39999999999999997,0.45714285714285713,評価可能
v7,volume_ratio_20d,出来高比,業種,金属製品,1d,1営業日,20,-0.016428571428571438,-0.14285714285714285,0.45,サンプル不足
v7,volume_ratio_20d,出来高比,業種,金属製品,3d,3営業日,20,0.019285714285714285,-0.12142857142857144,0.45,サンプル不足
v7,volume_ratio_20d,出来高比,業種,金属製品,5d,5営業日,20,-0.012619047619047608,-0.17142857142857143,0.4,サンプル不足
v7,volume_ratio_20d,出来高比,業種,金属製品,10d,10営業日,18,-0.323015873015873,-0.5,0.2777777777777778,サンプル不足
v7,volume_ratio_20d,出来高比,業種,鉄鋼,1d,1営業日,11,-0.18181818181818182,-0.5,0.36363636363636365,サンプル不足
v7,volume_ratio_20d,出来高比,業種,鉄鋼,3d,3営業日,11,0.10909090909090911,0.5,0.5454545454545454,サンプル不足
v7,volume_ratio_20d,出来高比,業種,鉄鋼,5d,5営業日,11,0.21818181818181823,0.5,0.6363636363636364,サンプル不足
v7,volume_ratio_20d,出来高比,業種,鉄鋼,10d,10営業日,8,0.2,0.25,0.5,サンプル不足
v7,volume_ratio_20d,出来高比,業種,鉱業,1d,1営業日,1,0.5,0.5,1.0,サンプル不足
v7,volume_ratio_20d,出来高比,業種,鉱業,3d,3営業日,1,1.0,1.0,1.0,サンプル不足
v7,volume_ratio_20d,出来高比,業種,鉱業,5d,5営業日,1,1.0,1.0,1.0,サンプル不足
v7,volume_ratio_20d,出来高比,業種,鉱業,10d,10営業日,1,0.5,0.5,1.0,サンプル不足
v7,volume_ratio_20d,出来高比,業種,銀行業,1d,1営業日,60,0.14336762642222847,0.20108225108225108,0.6333333333333333,評価可能
v7,volume_ratio_20d,出来高比,業種,銀行業,3d,3営業日,58,0.15217743063663974,0.17142857142857143,0.603448275862069,評価可能
v7,volume_ratio_20d,出来高比,業種,銀行業,5d,5営業日,56,0.02244871025333212,0.016666666666666666,0.5,評価可能
v7,volume_ratio_20d,出来高比,業種,銀行業,10d,10営業日,52,0.10556603276060292,0.18636363636363637,0.6153846153846154,評価可能
v7,volume_ratio_20d,出来高比,業種,陸運業,1d,1営業日,1,-0.5,-0.5,0.0,サンプル不足
v7,volume_ratio_20d,出来高比,業種,陸運業,3d,3営業日,1,-0.5,-0.5,0.0,サンプル不足
v7,volume_ratio_20d,出来高比,業種,陸運業,5d,5営業日,1,-1.0,-1.0,0.0,サンプル不足
v7,volume_ratio_20d,出来高比,業種,陸運業,10d,10営業日,1,-1.0,-1.0,0.0,サンプル不足
v7,volume_ratio_20d,出来高比,業種,電気・ガス業,1d,1営業日,7,-0.07959183673469387,-0.3571428571428572,0.2857142857142857,サンプル不足
v7,volume_ratio_20d,出来高比,業種,電気・ガス業,3d,3営業日,7,-0.13333333333333336,-0.3333333333333334,0.2857142857142857,サンプル不足
v7,volume_ratio_20d,出来高比,業種,電気・ガス業,5d,5営業日,7,-0.19591836734693877,-0.5,0.2857142857142857,サンプル不足
v7,volume_ratio_20d,出来高比,業種,電気・ガス業,10d,10営業日,5,-0.3219047619047619,-0.7999999999999999,0.4,サンプル不足
v7,volume_ratio_20d,出来高比,業種,電気機器,1d,1営業日,69,-0.13472997921555455,-0.16666666666666669,0.34782608695652173,評価可能
v7,volume_ratio_20d,出来高比,業種,電気機器,3d,3営業日,67,-0.11770674658108361,-0.10016420361247948,0.3880597014925373,評価可能
v7,volume_ratio_20d,出来高比,業種,電気機器,5d,5営業日,65,-0.1379978824393855,-0.19999999999999998,0.38461538461538464,評価可能
v7,volume_ratio_20d,出来高比,業種,電気機器,10d,10営業日,60,-0.17051476394216125,-0.23502584372149593,0.36666666666666664,評価可能
v7,volume_ratio_20d,出来高比,業種,非鉄金属,1d,1営業日,14,-0.12142857142857143,-0.2,0.5,サンプル不足
v7,volume_ratio_20d,出来高比,業種,非鉄金属,3d,3営業日,14,-0.20714285714285713,-0.5,0.21428571428571427,サンプル不足
v7,volume_ratio_20d,出来高比,業種,非鉄金属,5d,5営業日,14,-0.11428571428571425,-0.25,0.42857142857142855,サンプル不足
v7,volume_ratio_20d,出来高比,業種,非鉄金属,10d,10営業日,14,-0.014285714285714266,0.1,0.5,サンプル不足
v7,volume_ratio_20d,出来高比,業種,食料品,1d,1営業日,27,0.03439153439153439,-0.0857142857142857,0.4444444444444444,サンプル不足
v7,volume_ratio_20d,出来高比,業種,食料品,3d,3営業日,27,-0.35159408492741834,-0.5,0.18518518518518517,サンプル不足
v7,volume_ratio_20d,出来高比,業種,食料品,5d,5営業日,27,-0.2769230769230769,-0.5,0.2962962962962963,サンプル不足
v7,volume_ratio_20d,出来高比,業種,食料品,10d,10営業日,27,-0.057658390991724366,-0.2380952380952381,0.37037037037037035,サンプル不足
v7,distance_high_120d,120日高値接近度,全体,全体,1d,1営業日,69,0.029807759401737334,0.020755580993169653,0.6231884057971014,評価可能
v7,distance_high_120d,120日高値接近度,全体,全体,3d,3営業日,67,0.04891399501278672,0.0418876502839237,0.7014925373134329,評価可能
v7,distance_high_120d,120日高値接近度,全体,全体,5d,5営業日,65,0.07581570856220088,0.05817941258809364,0.7076923076923077,評価可能
v7,distance_high_120d,120日高値接近度,全体,全体,10d,10営業日,60,0.06987538091462238,0.06773387223845458,0.6833333333333333,評価可能
v7,distance_high_120d,120日高値接近度,業種,その他製品,1d,1営業日,23,0.06345474229318634,0.35909242322980395,0.5652173913043478,サンプル不足
v7,distance_high_120d,120日高値接近度,業種,その他製品,3d,3営業日,22,0.12732742061387053,0.3,0.5454545454545454,サンプル不足
v7,distance_high_120d,120日高値接近度,業種,その他製品,5d,5営業日,21,0.30060035046574585,0.5,0.7142857142857143,サンプル不足
v7,distance_high_120d,120日高値接近度,業種,その他製品,10d,10営業日,21,0.1505092696389114,0.39999999999999997,0.5238095238095238,サンプル不足
v7,distance_high_120d,120日高値接近度,業種,その他金融業,1d,1営業日,1,0.5,0.5,1.0,サンプル不足
v7,distance_high_120d,120日高値接近度,業種,その他金融業,3d,3営業日,1,-0.5,-0.5,0.0,サンプル不足
v7,distance_high_120d,120日高値接近度,業種,その他金融業,5d,5営業日,1,-0.5,-0.5,0.0,サンプル不足
v7,distance_high_120d,120日高値接近度,業種,その他金融業,10d,10営業日,1,-0.5,-0.5,0.0,サンプル不足
v7,distance_high_120d,120日高値接近度,業種,ガラス・土石製品,1d,1営業日,2,0.5,0.5,1.0,サンプル不足
v7,distance_high_120d,120日高値接近度,業種,ガラス・土石製品,3d,3営業日,2,0.0,0.0,0.5,サンプル不足
v7,distance_high_120d,120日高値接近度,業種,ガラス・土石製品,5d,5営業日,2,0.0,0.0,0.5,サンプル不足
v7,distance_high_120d,120日高値接近度,業種,ガラス・土石製品,10d,10営業日,2,0.0,0.0,0.5,サンプル不足
v7,distance_high_120d,120日高値接近度,業種,ゴム製品,1d,1営業日,1,0.9486832980505139,0.9486832980505139,1.0,サンプル不足
v7,distance_high_120d,120日高値接近度,業種,ゴム製品,3d,3営業日,1,0.632455532033676,0.632455532033676,1.0,サンプル不足
v7,distance_high_120d,120日高値接近度,業種,ゴム製品,5d,5営業日,1,0.316227766016838,0.316227766016838,1.0,サンプル不足
v7,distance_high_120d,120日高値接近度,業種,ゴム製品,10d,10営業日,1,0.316227766016838,0.316227766016838,1.0,サンプル不足
v7,distance_high_120d,120日高値接近度,業種,サービス業,1d,1営業日,69,0.020944978706838358,-0.028571428571428574,0.4782608695652174,評価可能
v7,distance_high_120d,120日高値接近度,業種,サービス業,3d,3営業日,67,0.0022961921828556706,-0.010507897025075192,0.4626865671641791,評価可能
v7,distance_high_120d,120日高値接近度,業種,サービス業,5d,5営業日,65,0.00911879067965672,-0.008669072079243589,0.4461538461538462,評価可能
v7,distance_high_120d,120日高値接近度,業種,サービス業,10d,10営業日,60,0.0023924622776439457,-0.02076855214255846,0.4666666666666667,評価可能
v7,distance_high_120d,120日高値接近度,業種,パルプ・紙,1d,1営業日,0,,,,サンプル不足
v7,distance_high_120d,120日高値接近度,業種,パルプ・紙,3d,3営業日,0,,,,サンプル不足
v7,distance_high_120d,120日高値接近度,業種,パルプ・紙,5d,5営業日,0,,,,サンプル不足
v7,distance_high_120d,120日高値接近度,業種,パルプ・紙,10d,10営業日,0,,,,サンプル不足
v7,distance_high_120d,120日高値接近度,業種,不動産業,1d,1営業日,13,-0.42231828638591473,-0.5,0.23076923076923078,サンプル不足
v7,distance_high_120d,120日高値接近度,業種,不動産業,3d,3営業日,12,-0.15467597428458202,-0.3354101966249684,0.4166666666666667,サンプル不足
v7,distance_high_120d,120日高値接近度,業種,不動産業,5d,5営業日,11,-0.04253773548090669,-0.3354101966249684,0.45454545454545453,サンプル不足
v7,distance_high_120d,120日高値接近度,業種,不動産業,10d,10営業日,10,-0.03561116914149842,-0.3354101966249684,0.4,サンプル不足
v7,distance_high_120d,120日高値接近度,業種,保険業,1d,1営業日,23,0.013749033305079908,0.19999999999999998,0.5217391304347826,サンプル不足
v7,distance_high_120d,120日高値接近度,業種,保険業,3d,3営業日,23,-0.06738250598989567,-0.39999999999999997,0.4782608695652174,サンプル不足
v7,distance_high_120d,120日高値接近度,業種,保険業,5d,5営業日,23,0.03578939502337693,0.39999999999999997,0.5217391304347826,サンプル不足
v7,distance_high_120d,120日高値接近度,業種,保険業,10d,10営業日,20,-0.019227327337264004,0.12909944487358055,0.5,サンプル不足
v7,distance_high_120d,120日高値接近度,業種,倉庫・運輸関連業,1d,1営業日,1,0.5,0.5,1.0,サンプル不足
v7,distance_high_120d,120日高値接近度,業種,倉庫・運輸関連業,3d,3営業日,1,0.5,0.5,1.0,サンプル不足
v7,distance_high_120d,120日高値接近度,業種,倉庫・運輸関連業,5d,5営業日,1,-0.5,-0.5,0.0,サンプル不足
v7,distance_high_120d,120日高値接近度,業種,倉庫・運輸関連業,10d,10営業日,1,0.5,0.5,1.0,サンプル不足
v7,distance_high_120d,120日高値接近度,業種,化学,1d,1営業日,61,-0.02239060845056663,0.0,0.4918032786885246,評価可能
v7,distance_high_120d,120日高値接近度,業種,化学,3d,3営業日,59,0.018645440534352756,0.0,0.4915254237288136,評価可能
v7,distance_high_120d,120日高値接近度,業種,化学,5d,5営業日,58,0.04035245824989106,0.061376556846067326,0.5172413793103449,評価可能
v7,distance_high_120d,120日高値接近度,業種,化学,10d,10営業日,55,0.08938748605638788,0.1009684339407915,0.5818181818181818,評価可能
v7,distance_high_120d,120日高値接近度,業種,医薬品,1d,1営業日,25,0.15814689848511276,0.5,0.56,サンプル不足
v7,distance_high_120d,120日高値接近度,業種,医薬品,3d,3営業日,24,0.46629708683964655,0.5,0.75,サンプル不足
v7,distance_high_120d,120日高値接近度,業種,医薬品,5d,5営業日,24,0.4239454195462522,0.5,0.7083333333333334,サンプル不足
v7,distance_high_120d,120日高値接近度,業種,医薬品,10d,10営業日,19,0.4443975528468285,0.5,0.7368421052631579,サンプル不足
v7,distance_high_120d,120日高値接近度,業種,卸売業,1d,1営業日,63,0.1456942092995402,0.261904761904762,0.6349206349206349,評価可能
v7,distance_high_120d,120日高値接近度,業種,卸売業,3d,3営業日,61,0.12340284726293611,0.1720181515604604,0.6065573770491803,評価可能
v7,distance_high_120d,120日高値接近度,業種,卸売業,5d,5営業日,60,0.2249155206010966,0.252289343397777,0.6833333333333333,評価可能
v7,distance_high_120d,120日高値接近度,業種,卸売業,10d,10営業日,55,0.22883515363979146,0.3333333333333334,0.7090909090909091,評価可能
v7,distance_high_120d,120日高値接近度,業種,小売業,1d,1営業日,57,-0.13062130922612147,-0.10540925533894598,0.42105263157894735,評価可能
v7,distance_high_120d,120日高値接近度,業種,小売業,3d,3営業日,56,0.01725065005485788,0.03361479837869118,0.5,評価可能
v7,distance_high_120d,120日高値接近度,業種,小売業,5d,5営業日,55,-0.03369633901018505,-0.08571428571428573,0.4,評価可能
v7,distance_high_120d,120日高値接近度,業種,小売業,10d,10営業日,51,0.011742720659750279,0.0,0.49019607843137253,評価可能
v7,distance_high_120d,120日高値接近度,業種,建設業,1d,1営業日,15,0.06702728368926308,0.0,0.4666666666666667,サンプル不足
v7,distance_high_120d,120日高値接近度,業種,建設業,3d,3営業日,14,0.1409252659503764,0.0,0.42857142857142855,サンプル不足
v7,distance_high_120d,120日高値接近度,業種,建設業,5d,5営業日,13,0.16828172501078636,0.316227766016838,0.6153846153846154,サンプル不足
v7,distance_high_120d,120日高値接近度,業種,建設業,10d,10営業日,11,0.2772543307061455,0.5,0.6363636363636364,サンプル不足
v7,distance_high_120d,120日高値接近度,業種,情報・通信業,1d,1営業日,69,0.011218221876194234,-0.04980445382612875,0.463768115942029,評価可能
v7,distance_high_120d,120日高値接近度,業種,情報・通信業,3d,3営業日,67,0.06442449784770504,0.0998592451062313,0.582089552238806,評価可能
v7,distance_high_120d,120日高値接近度,業種,情報・通信業,5d,5営業日,65,0.11048603325811701,0.09940192473387081,0.6,評価可能
v7,distance_high_120d,120日高値接近度,業種,情報・通信業,10d,10営業日,60,0.08608064663687759,0.02484527413743621,0.55,評価可能
v7,distance_high_120d,120日高値接近度,業種,機械,1d,1営業日,43,-0.040096731779521166,0.17964393928698885,0.5348837209302325,評価可能
v7,distance_high_120d,120日高値接近度,業種,機械,3d,3営業日,41,0.07866835736216961,0.1956043956043956,0.6097560975609756,評価可能
v7,distance_high_120d,120日高値接近度,業種,機械,5d,5営業日,39,0.06712674960921304,0.0,0.48717948717948717,評価可能
v7,distance_high_120d,120日高値接近度,業種,機械,10d,10営業日,36,0.07684577332172576,0.18696565534786727,0.5277777777777778,評価可能
v7,distance_high_120d,120日高値接近度,業種,海運業,1d,1営業日,13,0.1351479119118897,0.39999999999999997,0.6153846153846154,サンプル不足
v7,distance_high_120d,120日高値接近度,業種,海運業,3d,3営業日,13,-0.055627306811401676,0.0,0.46153846153846156,サンプル不足
v7,distance_high_120d,120日高値接近度,業種,海運業,5d,5営業日,13,0.23386131932098808,0.5,0.6923076923076923,サンプル不足
v7,distance_high_120d,120日高値接近度,業種,海運業,10d,10営業日,12,0.15784859381511226,0.25,0.5,サンプル不足
v7,distance_high_120d,120日高値接近度,業種,石油・石炭製品,1d,1営業日,2,-0.06698729810778065,-0.06698729810778065,0.5,サンプル不足
v7,distance_high_120d,120日高値接近度,業種,石油・石炭製品,3d,3営業日,2,0.18301270189221935,0.18301270189221935,0.5,サンプル不足
v7,distance_high_120d,120日高値接近度,業種,石油・石炭製品,5d,5営業日,2,-0.25,-0.25,0.0,サンプル不足
v7,distance_high_120d,120日高値接近度,業種,石油・石炭製品,10d,10営業日,0,,,,サンプル不足
v7,distance_high_120d,120日高値接近度,業種,空運業,1d,1営業日,0,,,,サンプル不足
v7,distance_high_120d,120日高値接近度,業種,空運業,3d,3営業日,0,,,,サンプル不足
v7,distance_high_120d,120日高値接近度,業種,空運業,5d,5営業日,0,,,,サンプル不足
v7,distance_high_120d,120日高値接近度,業種,空運業,10d,10営業日,0,,,,サンプル不足
v7,distance_high_120d,120日高値接近度,業種,精密機器,1d,1営業日,21,-0.2371193394289219,-0.5,0.2857142857142857,サンプル不足
v7,distance_high_120d,120日高値接近度,業種,精密機器,3d,3営業日,21,-0.20077916322404735,-0.028988551782622423,0.2857142857142857,サンプル不足
v7,distance_high_120d,120日高値接近度,業種,精密機器,5d,5営業日,21,-0.08938031100604753,0.0,0.42857142857142855,サンプル不足
v7,distance_high_120d,120日高値接近度,業種,精密機器,10d,10営業日,21,-0.09677079239399913,-0.39999999999999997,0.42857142857142855,サンプル不足
v7,distance_high_120d,120日高値接近度,業種,繊維製品,1d,1営業日,1,-0.632455532033676,-0.632455532033676,0.0,サンプル不足
v7,distance_high_120d,120日高値接近度,業種,繊維製品,3d,3営業日,1,-0.9486832980505139,-0.9486832980505139,0.0,サンプル不足
v7,distance_high_120d,120日高値接近度,業種,繊維製品,5d,5営業日,1,-0.10540925533894598,-0.10540925533894598,0.0,サンプル不足
v7,distance_high_120d,120日高値接近度,業種,繊維製品,10d,10営業日,0,,,,サンプル不足
v7,distance_high_120d,120日高値接近度,業種,証券、商品先物取引業,1d,1営業日,26,0.16414646225105073,0.302704627669473,0.5384615384615384,サンプル不足
v7,distance_high_120d,120日高値接近度,業種,証券、商品先物取引業,3d,3営業日,26,0.05787255958972522,0.10540925533894598,0.5,サンプル不足
v7,distance_high_120d,120日高値接近度,業種,証券、商品先物取引業,5d,5営業日,26,0.06214041639718788,0.09999999999999999,0.5,サンプル不足
v7,distance_high_120d,120日高値接近度,業種,証券、商品先物取引業,10d,10営業日,24,0.04658739978141798,0.0,0.4583333333333333,サンプル不足
v7,distance_high_120d,120日高値接近度,業種,輸送用機器,1d,1営業日,36,0.121483706096514,0.18383383833392813,0.6111111111111112,評価可能
v7,distance_high_120d,120日高値接近度,業種,輸送用機器,3d,3営業日,34,0.08747121940009428,0.18333333333333335,0.5294117647058824,評価可能
v7,distance_high_120d,120日高値接近度,業種,輸送用機器,5d,5営業日,34,0.074004503991951,0.19999999999999998,0.5588235294117647,評価可能
v7,distance_high_120d,120日高値接近度,業種,輸送用機器,10d,10営業日,34,0.20338817605335138,0.5,0.6470588235294118,評価可能
v7,distance_high_120d,120日高値接近度,業種,金属製品,1d,1営業日,17,-0.2656079180957935,-0.5,0.29411764705882354,サンプル不足
v7,distance_high_120d,120日高値接近度,業種,金属製品,3d,3営業日,17,-0.02268152860107652,-0.19999999999999998,0.47058823529411764,サンプル不足
v7,distance_high_120d,120日高値接近度,業種,金属製品,5d,5営業日,17,0.08899370821174651,0.0,0.47058823529411764,サンプル不足
v7,distance_high_120d,120日高値接近度,業種,金属製品,10d,10営業日,15,0.01065586104051525,0.16903085094570333,0.5333333333333333,サンプル不足
v7,distance_high_120d,120日高値接近度,業種,鉄鋼,1d,1営業日,11,-0.06940250623417485,0.0,0.45454545454545453,サンプル不足
v7,distance_high_120d,120日高値接近度,業種,鉄鋼,3d,3営業日,11,0.38229051549245735,0.5,0.7272727272727273,サンプル不足
v7,distance_high_120d,120日高値接近度,業種,鉄鋼,5d,5営業日,11,0.5692445689489382,0.5,0.8181818181818182,サンプル不足
v7,distance_high_120d,120日高値接近度,業種,鉄鋼,10d,10営業日,8,0.1551134470962745,0.12045378838509807,0.5,サンプル不足
v7,distance_high_120d,120日高値接近度,業種,鉱業,1d,1営業日,1,-0.5,-0.5,0.0,サンプル不足
v7,distance_high_120d,120日高値接近度,業種,鉱業,3d,3営業日,1,-1.0,-1.0,0.0,サンプル不足
v7,distance_high_120d,120日高値接近度,業種,鉱業,5d,5営業日,1,-1.0,-1.0,0.0,サンプル不足
v7,distance_high_120d,120日高値接近度,業種,鉱業,10d,10営業日,1,-0.5,-0.5,0.0,サンプル不足
v7,distance_high_120d,120日高値接近度,業種,銀行業,1d,1営業日,59,0.052039982079910695,0.12613124477737828,0.5423728813559322,評価可能
v7,distance_high_120d,120日高値接近度,業種,銀行業,3d,3営業日,57,-0.011958399616977242,-0.07142857142857144,0.42105263157894735,評価可能
v7,distance_high_120d,120日高値接近度,業種,銀行業,5d,5営業日,55,0.06307625425154514,0.13140945871539997,0.5454545454545454,評価可能
v7,distance_high_120d,120日高値接近度,業種,銀行業,10d,10営業日,51,-0.008720599779629102,0.0,0.47058823529411764,評価可能
v7,distance_high_120d,120日高値接近度,業種,陸運業,1d,1営業日,1,-0.5,-0.5,0.0,サンプル不足
v7,distance_high_120d,120日高値接近度,業種,陸運業,3d,3営業日,1,-0.5,-0.5,0.0,サンプル不足
v7,distance_high_120d,120日高値接近度,業種,陸運業,5d,5営業日,1,-1.0,-1.0,0.0,サンプル不足
v7,distance_high_120d,120日高値接近度,業種,陸運業,10d,10営業日,1,-1.0,-1.0,0.0,サンプル不足
v7,distance_high_120d,120日高値接近度,業種,電気・ガス業,1d,1営業日,6,0.05128238298847965,0.05000000000000002,0.5,サンプル不足
v7,distance_high_120d,120日高値接近度,業種,電気・ガス業,3d,3営業日,6,0.021423847707191485,0.014271543121574401,0.5,サンプル不足
v7,distance_high_120d,120日高値接近度,業種,電気・ガス業,5d,5営業日,6,0.007996204561383577,0.0,0.5,サンプル不足
v7,distance_high_120d,120日高値接近度,業種,電気・ガス業,10d,10営業日,4,0.22140731468236163,0.44999999999999996,0.75,サンプル不足
v7,distance_high_120d,120日高値接近度,業種,電気機器,1d,1営業日,69,0.06475244671720332,0.04395604395604395,0.5362318840579711,評価可能
v7,distance_high_120d,120日高値接近度,業種,電気機器,3d,3営業日,67,0.07406274886684806,0.1315215039368142,0.5522388059701493,評価可能
v7,distance_high_120d,120日高値接近度,業種,電気機器,5d,5営業日,65,0.07313217642883976,0.051516629860222776,0.5846153846153846,評価可能
v7,distance_high_120d,120日高値接近度,業種,電気機器,10d,10営業日,60,0.05319888146705862,0.08145215803444153,0.5166666666666667,評価可能
v7,distance_high_120d,120日高値接近度,業種,非鉄金属,1d,1営業日,14,-0.09285714285714282,-0.3,0.42857142857142855,サンプル不足
v7,distance_high_120d,120日高値接近度,業種,非鉄金属,3d,3営業日,14,-0.042857142857142864,0.15,0.5,サンプル不足
v7,distance_high_120d,120日高値接近度,業種,非鉄金属,5d,5営業日,14,-0.028571428571428564,0.19999999999999998,0.5,サンプル不足
v7,distance_high_120d,120日高値接近度,業種,非鉄金属,10d,10営業日,14,0.06428571428571431,0.39999999999999997,0.6428571428571429,サンプル不足
v7,distance_high_120d,120日高値接近度,業種,食料品,1d,1営業日,26,0.05236725071850687,-0.05555589852284023,0.4230769230769231,サンプル不足
v7,distance_high_120d,120日高値接近度,業種,食料品,3d,3営業日,26,-0.21501199527348996,-0.2790994448735805,0.3076923076923077,サンプル不足
v7,distance_high_120d,120日高値接近度,業種,食料品,5d,5営業日,26,-0.08029931331261905,-0.1,0.4230769230769231,サンプル不足
v7,distance_high_120d,120日高値接近度,業種,食料品,10d,10営業日,26,-0.05404644279392538,0.0,0.46153846153846156,サンプル不足
v7,volatility_20d,20日変動率,全体,全体,1d,1営業日,69,0.03816563242120734,0.04747674767476747,0.5652173913043478,評価可能
v7,volatility_20d,20日変動率,全体,全体,3d,3営業日,67,0.10800963173704917,0.13464786873108528,0.7313432835820896,評価可能
v7,volatility_20d,20日変動率,全体,全体,5d,5営業日,65,0.15917411712836393,0.1231323132313231,0.7538461538461538,評価可能
v7,volatility_20d,20日変動率,全体,全体,10d,10営業日,60,0.19677639828241797,0.14198019801980194,0.7666666666666667,評価可能
v7,volatility_20d,20日変動率,業種,その他製品,1d,1営業日,23,0.10993788819875779,0.39999999999999997,0.6086956521739131,サンプル不足
v7,volatility_20d,20日変動率,業種,その他製品,3d,3営業日,22,0.18051948051948055,0.44999999999999996,0.6363636363636364,サンプル不足
v7,volatility_20d,20日変動率,業種,その他製品,5d,5営業日,21,0.09863945578231291,0.39999999999999997,0.5714285714285714,サンプル不足
v7,volatility_20d,20日変動率,業種,その他製品,10d,10営業日,21,0.10136054421768703,0.19999999999999998,0.5238095238095238,サンプル不足
v7,volatility_20d,20日変動率,業種,その他金融業,1d,1営業日,2,0.0,0.0,0.5,サンプル不足
v7,volatility_20d,20日変動率,業種,その他金融業,3d,3営業日,2,-0.75,-0.75,0.0,サンプル不足
v7,volatility_20d,20日変動率,業種,その他金融業,5d,5営業日,2,-0.75,-0.75,0.0,サンプル不足
v7,volatility_20d,20日変動率,業種,その他金融業,10d,10営業日,2,-0.75,-0.75,0.0,サンプル不足
v7,volatility_20d,20日変動率,業種,ガラス・土石製品,1d,1営業日,3,0.6666666666666666,0.5,1.0,サンプル不足
v7,volatility_20d,20日変動率,業種,ガラス・土石製品,3d,3営業日,3,1.0,1.0,1.0,サンプル不足
v7,volatility_20d,20日変動率,業種,ガラス・土石製品,5d,5営業日,3,0.8333333333333334,1.0,1.0,サンプル不足
v7,volatility_20d,20日変動率,業種,ガラス・土石製品,10d,10営業日,3,1.0,1.0,1.0,サンプル不足
v7,volatility_20d,20日変動率,業種,ゴム製品,1d,1営業日,1,0.7999999999999999,0.7999999999999999,1.0,サンプル不足
v7,volatility_20d,20日変動率,業種,ゴム製品,3d,3営業日,1,1.0,1.0,1.0,サンプル不足
v7,volatility_20d,20日変動率,業種,ゴム製品,5d,5営業日,1,0.7999999999999999,0.7999999999999999,1.0,サンプル不足
v7,volatility_20d,20日変動率,業種,ゴム製品,10d,10営業日,1,0.7999999999999999,0.7999999999999999,1.0,サンプル不足
v7,volatility_20d,20日変動率,業種,サービス業,1d,1営業日,69,-0.058554308110064145,-0.0303030303030303,0.463768115942029,評価可能
v7,volatility_20d,20日変動率,業種,サービス業,3d,3営業日,67,0.048094479031127055,0.04195804195804196,0.5522388059701493,評価可能
v7,volatility_20d,20日変動率,業種,サービス業,5d,5営業日,65,0.04016169472804502,0.055944055944055944,0.5384615384615384,評価可能
v7,volatility_20d,20日変動率,業種,サービス業,10d,10営業日,60,0.029799590954565802,0.0014152514152514176,0.5,評価可能
v7,volatility_20d,20日変動率,業種,パルプ・紙,1d,1営業日,0,,,,サンプル不足
v7,volatility_20d,20日変動率,業種,パルプ・紙,3d,3営業日,0,,,,サンプル不足
v7,volatility_20d,20日変動率,業種,パルプ・紙,5d,5営業日,0,,,,サンプル不足
v7,volatility_20d,20日変動率,業種,パルプ・紙,10d,10営業日,0,,,,サンプル不足
v7,volatility_20d,20日変動率,業種,不動産業,1d,1営業日,13,0.0675828125820101,0.5,0.5384615384615384,サンプル不足
v7,volatility_20d,20日変動率,業種,不動産業,3d,3営業日,12,0.15,0.5,0.5833333333333334,サンプル不足
v7,volatility_20d,20日変動率,業種,不動産業,5d,5営業日,11,0.3,0.5,0.6363636363636364,サンプル不足
v7,volatility_20d,20日変動率,業種,不動産業,10d,10営業日,10,0.35,0.5,0.7,サンプル不足
v7,volatility_20d,20日変動率,業種,保険業,1d,1営業日,24,0.00833333333333335,0.0,0.4583333333333333,サンプル不足
v7,volatility_20d,20日変動率,業種,保険業,3d,3営業日,24,-0.10833333333333332,-0.3,0.375,サンプル不足
v7,volatility_20d,20日変動率,業種,保険業,5d,5営業日,24,-0.13333333333333333,-0.5,0.4166666666666667,サンプル不足
v7,volatility_20d,20日変動率,業種,保険業,10d,10営業日,21,-0.06190476190476192,-0.19999999999999998,0.38095238095238093,サンプル不足
v7,volatility_20d,20日変動率,業種,倉庫・運輸関連業,1d,1営業日,1,1.0,1.0,1.0,サンプル不足
v7,volatility_20d,20日変動率,業種,倉庫・運輸関連業,3d,3営業日,1,1.0,1.0,1.0,サンプル不足
v7,volatility_20d,20日変動率,業種,倉庫・運輸関連業,5d,5営業日,1,-1.0,-1.0,0.0,サンプル不足
v7,volatility_20d,20日変動率,業種,倉庫・運輸関連業,10d,10営業日,1,-0.5,-0.5,0.0,サンプル不足
v7,volatility_20d,20日変動率,業種,化学,1d,1営業日,61,0.0005351206170878363,0.09523809523809526,0.5737704918032787,評価可能
v7,volatility_20d,20日変動率,業種,化学,3d,3営業日,59,0.02808434503349758,0.04895104895104895,0.559322033898305,評価可能
v7,volatility_20d,20日変動率,業種,化学,5d,5営業日,58,0.10605572588331211,0.1785714285714286,0.5862068965517241,評価可能
v7,volatility_20d,20日変動率,業種,化学,10d,10営業日,55,0.10518920473465929,0.16083916083916086,0.5818181818181818,評価可能
v7,volatility_20d,20日変動率,業種,医薬品,1d,1営業日,25,0.22514285714285717,0.33333333333333337,0.6,サンプル不足
v7,volatility_20d,20日変動率,業種,医薬品,3d,3営業日,24,0.03343253968253967,0.03333333333333334,0.5,サンプル不足
v7,volatility_20d,20日変動率,業種,医薬品,5d,5営業日,24,0.14513642091334314,0.15000000000000002,0.6666666666666666,サンプル不足
v7,volatility_20d,20日変動率,業種,医薬品,10d,10営業日,19,0.08909774436090227,-0.03571428571428572,0.47368421052631576,サンプル不足
v7,volatility_20d,20日変動率,業種,卸売業,1d,1営業日,65,-0.05198980506672813,0.0,0.4461538461538462,評価可能
v7,volatility_20d,20日変動率,業種,卸売業,3d,3営業日,63,0.019871927014784158,-0.08571428571428573,0.42857142857142855,評価可能
v7,volatility_20d,20日変動率,業種,卸売業,5d,5営業日,61,0.0014742088512580463,-0.03636363636363637,0.45901639344262296,評価可能
v7,volatility_20d,20日変動率,業種,卸売業,10d,10営業日,56,0.009329955758527197,-0.06785714285714287,0.48214285714285715,評価可能
v7,volatility_20d,20日変動率,業種,小売業,1d,1営業日,60,-0.025119634212774588,-0.11904761904761907,0.43333333333333335,評価可能
v7,volatility_20d,20日変動率,業種,小売業,3d,3営業日,59,0.06817603300654149,0.12500000000000003,0.5423728813559322,評価可能
v7,volatility_20d,20日変動率,業種,小売業,5d,5営業日,57,0.07879549071499536,0.03571428571428572,0.543859649122807,評価可能
v7,volatility_20d,20日変動率,業種,小売業,10d,10営業日,53,0.03647316427560601,-0.08214285714285713,0.4528301886792453,評価可能
v7,volatility_20d,20日変動率,業種,建設業,1d,1営業日,15,0.14666666666666664,0.39999999999999997,0.6666666666666666,サンプル不足
v7,volatility_20d,20日変動率,業種,建設業,3d,3営業日,14,0.1357142857142857,0.44999999999999996,0.5714285714285714,サンプル不足
v7,volatility_20d,20日変動率,業種,建設業,5d,5営業日,13,0.20769230769230768,0.5,0.6923076923076923,サンプル不足
v7,volatility_20d,20日変動率,業種,建設業,10d,10営業日,11,0.36363636363636365,0.5,0.7272727272727273,サンプル不足
v7,volatility_20d,20日変動率,業種,情報・通信業,1d,1営業日,69,0.04427633618776906,0.07692307692307693,0.6086956521739131,評価可能
v7,volatility_20d,20日変動率,業種,情報・通信業,3d,3営業日,67,0.14089197594762354,0.12148181185418273,0.6567164179104478,評価可能
v7,volatility_20d,20日変動率,業種,情報・通信業,5d,5営業日,65,0.19521064010921169,0.1789473684210526,0.7538461538461538,評価可能
v7,volatility_20d,20日変動率,業種,情報・通信業,10d,10営業日,60,0.18502095169016242,0.12592944812624446,0.7,評価可能
v7,volatility_20d,20日変動率,業種,機械,1d,1営業日,45,0.12153050653050652,0.3054945054945055,0.5777777777777777,評価可能
v7,volatility_20d,20日変動率,業種,機械,3d,3営業日,43,0.0127231295835947,0.0,0.4418604651162791,評価可能
v7,volatility_20d,20日変動率,業種,機械,5d,5営業日,41,0.14739142970850289,0.39999999999999997,0.5853658536585366,評価可能
v7,volatility_20d,20日変動率,業種,機械,10d,10営業日,38,0.2529343463553989,0.39999999999999997,0.6842105263157895,評価可能
v7,volatility_20d,20日変動率,業種,海運業,1d,1営業日,13,0.023076923076923054,-0.09999999999999999,0.46153846153846156,サンプル不足
v7,volatility_20d,20日変動率,業種,海運業,3d,3営業日,13,-0.10769230769230768,-0.39999999999999997,0.38461538461538464,サンプル不足
v7,volatility_20d,20日変動率,業種,海運業,5d,5営業日,13,0.06153846153846154,0.3,0.5384615384615384,サンプル不足
v7,volatility_20d,20日変動率,業種,海運業,10d,10営業日,12,-9.25185853854297e-18,-0.15000000000000002,0.5,サンプル不足
v7,volatility_20d,20日変動率,業種,石油・石炭製品,1d,1営業日,2,-0.5,-0.5,0.0,サンプル不足
v7,volatility_20d,20日変動率,業種,石油・石炭製品,3d,3営業日,2,-0.75,-0.75,0.0,サンプル不足
v7,volatility_20d,20日変動率,業種,石油・石炭製品,5d,5営業日,2,-1.0,-1.0,0.0,サンプル不足
v7,volatility_20d,20日変動率,業種,石油・石炭製品,10d,10営業日,0,,,,サンプル不足
v7,volatility_20d,20日変動率,業種,空運業,1d,1営業日,0,,,,サンプル不足
v7,volatility_20d,20日変動率,業種,空運業,3d,3営業日,0,,,,サンプル不足
v7,volatility_20d,20日変動率,業種,空運業,5d,5営業日,0,,,,サンプル不足
v7,volatility_20d,20日変動率,業種,空運業,10d,10営業日,0,,,,サンプル不足
v7,volatility_20d,20日変動率,業種,精密機器,1d,1営業日,23,-0.3236024844720497,-0.5,0.30434782608695654,サンプル不足
v7,volatility_20d,20日変動率,業種,精密機器,3d,3営業日,23,-0.17142857142857143,-0.5,0.391304347826087,サンプル不足
v7,volatility_20d,20日変動率,業種,精密機器,5d,5営業日,23,-0.09503105590062112,-0.5,0.391304347826087,サンプル不足
v7,volatility_20d,20日変動率,業種,精密機器,10d,10営業日,23,-0.2565217391304348,-0.5,0.2608695652173913,サンプル不足
v7,volatility_20d,20日変動率,業種,繊維製品,1d,1営業日,1,0.39999999999999997,0.39999999999999997,1.0,サンプル不足
v7,volatility_20d,20日変動率,業種,繊維製品,3d,3営業日,1,0.19999999999999998,0.19999999999999998,1.0,サンプル不足
v7,volatility_20d,20日変動率,業種,繊維製品,5d,5営業日,1,0.7999999999999999,0.7999999999999999,1.0,サンプル不足
v7,volatility_20d,20日変動率,業種,繊維製品,10d,10営業日,0,,,,サンプル不足
v7,volatility_20d,20日変動率,業種,証券、商品先物取引業,1d,1営業日,27,0.05661375661375662,0.19999999999999998,0.5185185185185185,サンプル不足
v7,volatility_20d,20日変動率,業種,証券、商品先物取引業,3d,3営業日,27,0.17539682539682536,0.19999999999999998,0.5555555555555556,サンプル不足
v7,volatility_20d,20日変動率,業種,証券、商品先物取引業,5d,5営業日,27,0.1402116402116402,0.39999999999999997,0.5185185185185185,サンプル不足
v7,volatility_20d,20日変動率,業種,証券、商品先物取引業,10d,10営業日,25,0.26457142857142857,0.5,0.68,サンプル不足
v7,volatility_20d,20日変動率,業種,輸送用機器,1d,1営業日,37,-0.07876447876447877,-0.08571428571428573,0.4594594594594595,評価可能
v7,volatility_20d,20日変動率,業種,輸送用機器,3d,3営業日,35,-0.010748299319727895,0.023809523809523815,0.5142857142857142,評価可能
v7,volatility_20d,20日変動率,業種,輸送用機器,5d,5営業日,35,0.068843537414966,0.14285714285714288,0.5428571428571428,評価可能
v7,volatility_20d,20日変動率,業種,輸送用機器,10d,10営業日,35,0.24299319727891153,0.39999999999999997,0.7142857142857143,評価可能
v7,volatility_20d,20日変動率,業種,金属製品,1d,1営業日,20,-0.08142857142857143,-0.12142857142857144,0.35,サンプル不足
v7,volatility_20d,20日変動率,業種,金属製品,3d,3営業日,20,0.19857142857142862,0.3,0.55,サンプル不足
v7,volatility_20d,20日変動率,業種,金属製品,5d,5営業日,20,0.23714285714285716,0.2571428571428571,0.7,サンプル不足
v7,volatility_20d,20日変動率,業種,金属製品,10d,10営業日,18,0.29497354497354494,0.44999999999999996,0.6666666666666666,サンプル不足
v7,volatility_20d,20日変動率,業種,鉄鋼,1d,1営業日,11,0.21818181818181817,0.5,0.6363636363636364,サンプル不足
v7,volatility_20d,20日変動率,業種,鉄鋼,3d,3営業日,11,0.20909090909090908,0.5,0.6363636363636364,サンプル不足
v7,volatility_20d,20日変動率,業種,鉄鋼,5d,5営業日,11,0.2727272727272727,0.5,0.7272727272727273,サンプル不足
v7,volatility_20d,20日変動率,業種,鉄鋼,10d,10営業日,8,0.38749999999999996,0.6499999999999999,0.75,サンプル不足
v7,volatility_20d,20日変動率,業種,鉱業,1d,1営業日,1,0.5,0.5,1.0,サンプル不足
v7,volatility_20d,20日変動率,業種,鉱業,3d,3営業日,1,1.0,1.0,1.0,サンプル不足
v7,volatility_20d,20日変動率,業種,鉱業,5d,5営業日,1,1.0,1.0,1.0,サンプル不足
v7,volatility_20d,20日変動率,業種,鉱業,10d,10営業日,1,0.5,0.5,1.0,サンプル不足
v7,volatility_20d,20日変動率,業種,銀行業,1d,1営業日,60,0.018665296362778073,0.02727272727272727,0.5,評価可能
v7,volatility_20d,20日変動率,業種,銀行業,3d,3営業日,58,-0.014533976712240323,0.005384615384615384,0.5,評価可能
v7,volatility_20d,20日変動率,業種,銀行業,5d,5営業日,56,0.05240856832243385,0.06666666666666668,0.5178571428571429,評価可能
v7,volatility_20d,20日変動率,業種,銀行業,10d,10営業日,52,0.0798303506448303,0.08571428571428573,0.5576923076923077,評価可能
v7,volatility_20d,20日変動率,業種,陸運業,1d,1営業日,1,1.0,1.0,1.0,サンプル不足
v7,volatility_20d,20日変動率,業種,陸運業,3d,3営業日,1,1.0,1.0,1.0,サンプル不足
v7,volatility_20d,20日変動率,業種,陸運業,5d,5営業日,1,0.5,0.5,1.0,サンプル不足
v7,volatility_20d,20日変動率,業種,陸運業,10d,10営業日,1,0.5,0.5,1.0,サンプル不足
v7,volatility_20d,20日変動率,業種,電気・ガス業,1d,1営業日,7,0.1714285714285714,0.39999999999999997,0.5714285714285714,サンプル不足
v7,volatility_20d,20日変動率,業種,電気・ガス業,3d,3営業日,7,0.18367346938775508,0.39999999999999997,0.7142857142857143,サンプル不足
v7,volatility_20d,20日変動率,業種,電気・ガス業,5d,5営業日,7,0.19591836734693877,0.5,0.7142857142857143,サンプル不足
v7,volatility_20d,20日変動率,業種,電気・ガス業,10d,10営業日,5,0.52,0.7999999999999999,0.8,サンプル不足
v7,volatility_20d,20日変動率,業種,電気機器,1d,1営業日,69,0.03387311863280584,0.007179487179487179,0.5072463768115942,評価可能
v7,volatility_20d,20日変動率,業種,電気機器,3d,3営業日,67,0.1373615387539694,0.20779220779220778,0.6567164179104478,評価可能
v7,volatility_20d,20日変動率,業種,電気機器,5d,5営業日,65,0.2036262719839243,0.261904761904762,0.7384615384615385,評価可能
v7,volatility_20d,20日変動率,業種,電気機器,10d,10営業日,60,0.1557640533100276,0.20426929392446633,0.6,評価可能
v7,volatility_20d,20日変動率,業種,非鉄金属,1d,1営業日,14,0.042857142857142864,-0.24999999999999997,0.42857142857142855,サンプル不足
v7,volatility_20d,20日変動率,業種,非鉄金属,3d,3営業日,14,0.07857142857142858,0.4,0.6428571428571429,サンプル不足
v7,volatility_20d,20日変動率,業種,非鉄金属,5d,5営業日,14,0.0857142857142857,0.2,0.5,サンプル不足
v7,volatility_20d,20日変動率,業種,非鉄金属,10d,10営業日,14,0.15714285714285708,0.4,0.5714285714285714,サンプル不足
v7,volatility_20d,20日変動率,業種,食料品,1d,1営業日,27,-0.0045448378781712115,0.0,0.4444444444444444,サンプル不足
v7,volatility_20d,20日変動率,業種,食料品,3d,3営業日,27,-0.1167548500881834,-0.09999999999999999,0.48148148148148145,サンプル不足
v7,volatility_20d,20日変動率,業種,食料品,5d,5営業日,27,-0.03934337267670599,-0.02417582417582418,0.48148148148148145,サンプル不足
v7,volatility_20d,20日変動率,業種,食料品,10d,10営業日,27,0.09758513091846426,0.39999999999999997,0.5555555555555556,サンプル不足
