liquidity_rank,code,name,industry,market,ticker,trade_date,close,return_1d,return_5d,return_20d,return_60d,return_120d,ma20,ma60,distance_ma20,distance_ma60,distance_high_120d,volatility_20d,latest_volume,avg_volume_20d,volume_ratio_20d,avg_turnover_20d,history_days,in_yahoo_pool,universe_source,universe_label
1,285A,キオクシアホールディングス,電気機器,プライム,285A.T,2026-06-17,96000.0,0.013513513513513598,0.36170212765957444,0.87170988496783,3.1043180846515606,10.049723756906078,73430.5,46424.666666666664,0.30735865886790914,1.0678662205436766,0.0,0.9555341214068,28043300.0,39232925.0,0.7147899372784466,2842124298050.0,245,True,jpx_liquidity,JPX流動性
2,9984,ソフトバンクグループ,情報・通信業,プライム,9984.T,2026-06-17,6880.0,-0.031258800337932935,0.06485064231543114,0.36535026791029956,0.8372274219972355,0.6661674556093369,7216.9,5531.251607259114,-0.04668209341961227,0.24384144647674555,-0.20296570898980537,1.2575287173426746,48833800.0,81521420.0,0.5990302916705817,587681873450.0,245,True,jpx_liquidity,JPX流動性
3,6976,太陽誘電,電気機器,プライム,6976.T,2026-06-17,20845.0,0.03244180287270937,0.33152347492813794,1.6516982572191834,3.855969334426983,5.196679804742553,15025.1,8726.605635579426,0.38734517573926297,1.38867216767679,0.0,1.4653063925863063,31278100.0,22926145.0,1.3642982716893748,391304350810.0,245,True,jpx_liquidity,JPX流動性
4,6981,村田製作所,電気機器,プライム,6981.T,2026-06-17,10865.0,0.03181386514719842,0.25606936416184967,0.7626541207008437,1.8531476242757425,2.442404196506856,9130.75,6154.101257324219,0.18993510938312852,0.7654893128495683,0.0,1.2014692694864382,31784100.0,40089040.0,0.7928376434057788,382664516820.0,245,True,jpx_liquidity,JPX流動性
5,5803,フジクラ,非鉄金属,プライム,5803.T,2026-06-17,4729.0,-0.0018995356690586496,0.12756318550309964,0.10104772991850997,0.10905011983133273,0.7277654818217425,4713.35,5199.784305826823,0.0033203560100565355,-0.09053919896240059,-0.39796308084022913,0.9071799425712219,35504300.0,66047050.0,0.5375607237567764,295319748140.0,245,True,jpx_liquidity,JPX流動性
6,8035,東京エレクトロン,電気機器,プライム,8035.T,2026-06-17,72640.0,0.025119954840530534,0.17483422286915729,0.5757049891540129,0.8197881449313826,1.367428557206273,58734.0,49014.4146484375,0.23676235230020093,0.4820130061946102,-0.0016492578339747377,0.7645385461526859,4608500.0,4234985.0,1.0881974788576583,260795750100.0,245,True,jpx_liquidity,JPX流動性
7,6857,アドバンテスト,電気機器,プライム,6857.T,2026-06-17,30060.0,-0.009228740936057966,0.1912026946701011,0.17307317073170725,0.19780799716960074,0.5698000511002621,27038.5,26231.884602864582,0.1117480629472789,0.14593367785391131,-0.04571428571428571,0.6660958263767833,7837500.0,8750375.0,0.8956758996043027,235866690625.0,245,True,jpx_liquidity,JPX流動性
8,5801,古河電気工業,非鉄金属,プライム,5801.T,2026-06-17,47440.0,0.028398005636245394,0.15594541910331383,-0.06724341329138817,0.6631170037151808,4.277869372446206,49541.0,44343.32776692708,-0.042409317534971014,0.06983400635489811,-0.2111739275024942,0.8615243695320904,2674600.0,4445745.0,0.6016089541797831,207821208350.0,245,False,jpx_liquidity,JPX流動性
9,4062,イビデン,電気機器,プライム,4062.T,2026-06-17,24000.0,0.06928046335486737,0.3793103448275863,0.5345268542199488,1.8349977332476621,3.2274490039021684,20276.75,14253.606429036457,0.18362163561714762,0.6837843895499223,0.0,1.2974176058303577,9058100.0,8425710.0,1.0750548025032904,173565372850.0,245,True,jpx_liquidity,JPX流動性
10,6146,ディスコ,機械,プライム,6146.T,2026-06-17,83700.0,0.026364193746168052,0.19469026548672574,0.36452559504401694,0.19094121661955277,0.8172652410705743,70911.0,69621.60885416667,0.18035283665439783,0.2022129533852446,-0.018181818181818188,0.7875140686993267,2169600.0,1945625.0,1.1151172502409252,142944971900.0,245,False,jpx_liquidity,JPX流動性
11,8306,三菱ＵＦＪフィナンシャル・グループ,銀行業,プライム,8306.T,2026-06-17,3272.0,0.013630731102850069,0.027961043041156097,0.07986798679867979,0.22103244983691317,0.3462412839591096,3123.35,2915.1751057942706,0.04759312917220293,0.12240255945397438,0.0,0.19626788750050778,42080800.0,46096975.0,0.9128755194890771,142612361750.0,245,True,jpx_liquidity,JPX流動性
12,6920,レーザーテック,電気機器,プライム,6920.T,2026-06-17,52700.0,0.13162980459523288,0.2964329643296433,0.4782608695652173,0.46307606885063857,0.7976874122306223,41949.5,40345.0,0.2562724227940738,0.30623373404387166,0.0,0.9061931442514434,7716500.0,3040360.0,2.538021813206331,140737280750.0,245,True,jpx_liquidity,JPX流動性
13,5706,三井金属,非鉄金属,プライム,5706.T,2026-06-17,47600.0,-0.01855670103092788,0.28718226068144936,0.07303877366997291,0.47597989762279,1.8575887523715822,46843.5,41072.51516927083,0.01614951914353102,0.1589258608543367,-0.13296903460837883,1.016306351131806,1716800.0,2267705.0,0.7570649621533665,106571659200.0,245,False,jpx_liquidity,JPX流動性
14,7011,三菱重工業,機械,プライム,7011.T,2026-06-17,3860.0,0.013123359580052396,0.07881498043599766,-0.040755467196819106,-0.2258010936531062,-0.02444688992528732,3738.6,4268.551521809896,0.03247204836034889,-0.09571198091962296,-0.2548614444845252,0.37769747745295357,23776900.0,24847560.0,0.9569108596578497,93638213565.0,245,True,jpx_liquidity,JPX流動性
15,8316,三井住友フィナンシャルグループ,銀行業,プライム,8316.T,2026-06-17,6450.0,0.006397253861756935,0.03581178737754942,0.09656579394763676,0.24593161769359462,0.3331873275748527,6129.8,5697.3070068359375,0.05223661457143791,0.132113820136591,-0.010584445467096137,0.24990604823411852,12405700.0,15503450.0,0.8001896352102273,93502230220.0,245,True,jpx_liquidity,JPX流動性
16,8411,みずほフィナンシャルグループ,銀行業,プライム,8411.T,2026-06-17,8006.0,0.032100038674745424,0.0514841082216968,0.14666284732168444,0.2813350908269787,0.4358222963803571,7490.1,6915.031079101563,0.0688775850789709,0.15776775381321673,0.0,0.3442169987947449,12922600.0,11808735.0,1.094325514121538,87377352135.0,245,True,jpx_liquidity,JPX流動性
17,5802,住友電気工業,非鉄金属,プライム,5802.T,2026-06-17,12300.0,-0.0016233766233766378,0.1571025399811854,0.1686460807600949,0.2430218679553755,0.9923795657709722,12106.25,10837.251513671876,0.016004130098089764,0.13497412000476094,-0.11922663802363054,0.8390214875999694,4673200.0,6822225.0,0.6849964637636549,80533680150.0,245,True,jpx_liquidity,JPX流動性
18,6723,ルネサスエレクトロニクス,電気機器,プライム,6723.T,2026-06-17,4477.0,-0.001561106155218539,0.03922934076137419,0.27914285714285714,0.7332559039876112,1.2109327027518093,4400.25,3396.675,0.01744219078461451,0.31805368485357,-0.07461761058288552,0.7548438910886239,11507200.0,18131935.0,0.6346371746865406,79726454750.0,245,True,jpx_liquidity,JPX流動性
19,5016,ＪＸ金属,非鉄金属,プライム,5016.T,2026-06-17,4366.0,0.15932023366967596,0.2281293952180028,0.13402597402597394,0.14297657008525255,1.5083524851548544,3825.95,4176.331632486979,0.14115448450711598,0.04541506379369453,-0.23671328671328673,0.8475077938026438,44540800.0,19635395.0,2.2683933783863273,78177962250.0,244,True,jpx_liquidity,JPX流動性
20,9983,ファーストリテイリング,小売業,プライム,9983.T,2026-06-17,82900.0,0.011592434411226371,0.047643118918235805,0.10917848541610908,0.25892179195140463,0.47240169569301127,78753.5,72656.0,0.05265162818160474,0.14099317330984373,0.0,0.2863585614492818,728400.0,1007280.0,0.7231355730283536,77673948900.0,245,False,jpx_liquidity,JPX流動性
21,7203,トヨタ自動車,輸送用機器,プライム,7203.T,2026-06-17,2810.0,-0.013169446883230851,-0.001421464108031234,-0.0448674371176071,-0.16220903080339932,-0.1435914564807036,2898.075,3081.6725179036457,-0.030390862900373516,-0.08815749120820116,-0.27691670855422856,0.28874031106188086,26726100.0,25746485.0,1.038048494775112,74602195672.5,245,True,jpx_liquidity,JPX流動性
22,4004,レゾナック・ホールディングス,化学,プライム,4004.T,2026-06-17,18520.0,0.012575177692728312,0.20769481578089333,0.16404776869893145,0.6104347826086955,2.1043534984068573,17834.25,14924.616666666667,0.03845129455962537,0.24090289309496504,-0.047814910025706925,0.7822329359176422,2611900.0,4060430.0,0.6432569949488108,72725303125.0,245,False,jpx_liquidity,JPX流動性
23,7974,任天堂,その他製品,プライム,7974.T,2026-06-17,7275.0,0.007896924355777157,0.008316008316008316,-0.030000000000000027,-0.247644419883008,-0.34647810421803926,7262.55,7896.718912760417,0.0017142739120556971,-0.07873129582411409,-0.33654084816719143,0.3778691562261067,8486700.0,10155440.0,0.8356801871706199,72672342085.0,245,True,jpx_liquidity,JPX流動性
24,6762,ＴＤＫ,電気機器,プライム,6762.T,2026-06-17,3830.0,0.007364544976328213,0.052197802197802234,0.30139313625552155,0.7639789015364178,0.7374262176850739,3756.1,2901.7834431966144,0.019674662548920363,0.3198779560823668,-0.06835319873510093,0.8681084562373791,11642300.0,18462950.0,0.6305763705150044,70138367680.0,245,True,jpx_liquidity,JPX流動性
25,6501,日立製作所,電気機器,プライム,6501.T,2026-06-17,4701.0,-0.009690330735201202,-0.017349498327759227,-0.04217603911980439,-0.02894452254458113,-0.02694603001599205,4984.55,4922.548559570312,-0.05688577705108788,-0.045006881473943494,-0.1873377391007227,0.38857741876055213,11385900.0,14093865.0,0.8078621442734126,69761930530.0,245,True,jpx_liquidity,JPX流動性
26,6758,ソニーグループ,電気機器,プライム,6758.T,2026-06-17,3286.0,0.0033587786259541286,-0.029246676514032455,-0.08874098724348312,0.0039104863508900856,-0.1896708600185324,3472.6,3374.307971191406,-0.05373495363704428,-0.0261706909817796,-0.19755536629709602,0.2610613898973259,13386100.0,20096890.0,0.6660781842364665,68285069960.0,245,True,jpx_liquidity,JPX流動性
27,6525,ＫＯＫＵＳＡＩ　ＥＬＥＣＴＲＩＣ,電気機器,プライム,6525.T,2026-06-17,9562.0,-0.039767021490259125,0.2227621483375959,0.44878787878787874,0.8347865576493116,1.1248745939426188,7912.65,6792.925911458334,0.20844470562959327,0.4076408494122954,-0.039767021490259125,1.0494141754804776,5173800.0,7713875.0,0.6707134870606537,60319128005.0,244,True,jpx_liquidity,JPX流動性
28,6098,リクルートホールディングス,サービス業,プライム,6098.T,2026-06-17,10520.0,-0.021395348837209283,-0.07557117750439368,0.08981663731482437,0.6082104052190163,0.24221688703156596,10532.85,8413.50243326823,-0.0012199926895379853,0.250371065253677,-0.07557117750439368,0.3320601075625508,3628100.0,5876815.0,0.6173582118885825,59279667390.0,245,True,jpx_liquidity,JPX流動性
29,4063,信越化学工業,化学,プライム,4063.T,2026-06-17,7549.0,0.012744834987926001,0.1275578790141898,0.10284879474068664,0.13314436296968535,0.5950419055220209,7276.6,6933.827067057292,0.037435065827446934,0.08872054739660351,-0.032923392262362294,0.5354607148095278,4866300.0,8017055.0,0.6069934658050867,58514186560.0,245,True,jpx_liquidity,JPX流動性
30,3110,日東紡績,ガラス・土石製品,プライム,3110.T,2026-06-17,21170.0,-0.023974181650530224,0.186659192825112,0.003793266951161778,-0.04625886985216843,1.0274955742809984,21564.0,23743.501432291665,-0.018271192728621766,-0.1083876124854799,-0.3374021909233177,1.0766326254859293,1745900.0,2480790.0,0.7037677514017712,54517197350.0,245,False,jpx_liquidity,JPX流動性
31,8058,三菱商事,卸売業,プライム,8058.T,2026-06-17,4610.0,0.0032644178454841466,-0.0010834236186348933,-0.1519499632082414,-0.18514914711613406,0.28682000646593897,4931.45,5180.555924479167,-0.06518366808950715,-0.11013411162751385,-0.21625297517851072,0.23324612475280224,7426100.0,10940505.0,0.6787712267395335,54200551700.0,245,True,jpx_liquidity,JPX流動性
32,3436,ＳＵＭＣＯ,金属製品,プライム,3436.T,2026-06-17,4152.0,-0.0007220216606498298,0.2975000000000001,0.37483443708609276,1.347752332485157,2.2487465415454393,3754.1,2802.95,0.10599078341013835,0.481296491196775,-0.06884951782910964,1.2409688347161343,8223600.0,14008300.0,0.5870519620510697,52511712950.0,245,True,jpx_liquidity,JPX流動性
33,6861,キーエンス,電気機器,プライム,6861.T,2026-06-17,75600.0,0.0013245033112583293,0.037179311290986394,0.03689480181045135,0.2464962901896126,0.36357228093495064,76698.0,69567.16666666667,-0.014315888289133993,0.08671954921263136,-0.10181774979208746,0.44945529807256684,659800.0,688050.0,0.9589419373592035,51676589750.0,245,False,jpx_liquidity,JPX流動性
34,6954,ファナック,電気機器,プライム,6954.T,2026-06-17,7515.0,0.015540540540540437,0.11119325743013464,0.026358918328325487,0.23617440954349478,0.32951561075469926,7639.7,6863.5778401692705,-0.016322630469782773,0.09490999810889655,-0.1083293782629331,0.5922182172773287,5209500.0,6664265.0,0.7817066098061827,49833217260.0,245,True,jpx_liquidity,JPX流動性
35,7013,ＩＨＩ,機械,プライム,7013.T,2026-06-17,2916.5,0.051180392863579005,0.1955318712850993,0.14171070659620288,-0.2557616560116547,0.02035816276519653,2650.1,2969.3342854817706,0.10052450850911288,-0.017793310015681962,-0.35003186730664615,0.6250841195012977,19151000.0,18198070.0,1.0523643441309984,48378300547.5,245,True,jpx_liquidity,JPX流動性
36,6752,パナソニック　ホールディングス,電気機器,プライム,6752.T,2026-06-17,4200.0,0.029664133366021028,0.1182108626198084,0.3096351730589335,0.595674226900512,1.0607392940549625,3734.2,3222.1606486002606,0.12473889989823794,0.3034731840029523,0.0,0.6282322302628729,12296100.0,12616625.0,0.9745950283851664,47984767540.0,245,True,jpx_liquidity,JPX流動性
37,8766,東京海上ホールディングス,保険業,プライム,8766.T,2026-06-17,7252.0,-0.004939626783754147,-0.020793950850661602,-0.07227836766022766,0.21269516737730654,0.28666073586780993,7264.7,7210.273331705729,-0.00174817955318185,0.005787113244484887,-0.08768398540696942,0.250212730949684,4299600.0,6690880.0,0.642606054808934,47390417955.0,245,True,jpx_liquidity,JPX流動性
38,6503,三菱電機,電気機器,プライム,6503.T,2026-06-17,5863.0,-0.0015326975476839255,0.052225412778176494,0.020184444057769202,0.04560303615610639,0.2606703837648774,6043.35,5888.112540690104,-0.02984271968361929,-0.004264955962808514,-0.10624999999999996,0.5306034158638975,4255000.0,7766340.0,0.5478771210119567,45044831470.0,245,True,jpx_liquidity,JPX流動性
39,7012,川崎重工業,輸送用機器,プライム,7012.T,2026-06-17,3266.0,0.07753216760145176,0.14215771988109815,0.16269134923460316,-0.02930732965142302,0.4070057179338449,2966.125,3088.358435058594,0.10109991992920064,0.05751973699841484,-0.10564211781504629,0.6416425187885204,17610500.0,13128560.0,1.3413885452783854,40289430617.5,245,True,jpx_liquidity,JPX流動性
40,9432,ＮＴＴ,情報・通信業,プライム,9432.T,2026-06-17,146.89999389648438,0.006854009882341083,-0.014094000694735764,-0.06134189203524365,-0.05449479528309953,-0.036816183409196235,148.74999923706054,151.88852818806967,-0.01243701075673842,-0.03284339081493004,-0.0703806874165468,0.14335456864571045,248076600.0,248722030.0,0.9974050147467838,36518339359.96567,245,True,jpx_liquidity,JPX流動性
41,7735,ＳＣＲＥＥＮホールディングス,電気機器,プライム,7735.T,2026-06-17,15320.0,0.023380093520374068,0.18027734976887522,0.4528212422949265,0.5419178141434136,1.4115017823003413,12375.0,11023.313362630208,0.23797979797979796,0.38978177395698976,0.0,0.8291475798723799,2431400.0,2755025.0,0.8825328263808858,34936186600.0,245,False,jpx_liquidity,JPX流動性
42,6506,安川電機,電気機器,プライム,6506.T,2026-06-17,7046.0,0.029364499634769947,0.17668670674682696,0.15964450296247534,0.5139664804469273,0.5525771656310206,6819.9,5784.95,0.03315297878268009,0.21798805521223175,-0.058147306509824914,0.7518006008363037,3737200.0,4954425.0,0.7543155865716001,33254290875.0,245,True,jpx_liquidity,JPX流動性
43,8031,三井物産,卸売業,プライム,8031.T,2026-06-17,4719.0,0.003402083776312903,-0.02680965147453085,-0.18694004135079256,-0.2847733168271549,0.061206428084289,5100.85,5709.939770507813,-0.07486007234088443,-0.1735464488830648,-0.2847733168271549,0.21174108920763726,5210500.0,6379770.0,0.8167222329331622,32669538605.0,245,True,jpx_liquidity,JPX流動性
44,6702,富士通,電気機器,プライム,6702.T,2026-06-17,3256.0,-0.006105006105006083,-0.031528851873884545,-0.0021452650934722373,-0.05287170729829682,-0.21449377794740587,3416.15,3406.9417114257812,-0.04688025994174727,-0.04430416608525223,-0.29006236705214006,0.46025801059299604,5750300.0,9335390.0,0.6159678385155842,31703599145.0,245,True,jpx_liquidity,JPX流動性
45,6701,日本電気,電気機器,プライム,6701.T,2026-06-17,3852.0,0.000779423226812126,-0.03940149625935163,-0.06956521739130439,-0.07512967582099883,-0.28390516379353536,4096.75,4121.137776692708,-0.059742478794166054,-0.06530666803105434,-0.3543329178332997,0.32948896224136953,5022300.0,7437675.0,0.6752513386239651,30099202215.0,245,True,jpx_liquidity,JPX流動性
46,6963,ローム,電気機器,プライム,6963.T,2026-06-17,5138.0,0.01361215229828372,0.08419497784342678,0.22771804062126644,0.5724235793961068,1.5264653581503063,5071.75,4113.831652832031,0.013062552373441116,0.24895728206644385,-0.08511396011396011,0.8859729532850541,3217100.0,5891510.0,0.5460569531410453,29682050665.0,245,False,jpx_liquidity,JPX流動性
47,6971,京セラ,電気機器,プライム,6971.T,2026-06-17,3747.0,-0.007942811755361379,0.0534157998313185,0.2827798699075659,0.49527675414803873,0.698736283841713,3499.15,2926.6871948242188,0.07083148764699998,0.2802871474021844,-0.04242269358548423,0.49031589183079793,6482400.0,8351720.0,0.7761754464948537,29671190855.0,245,True,jpx_liquidity,JPX流動性
48,7220,武蔵精密工業,輸送用機器,プライム,7220.T,2026-06-17,5410.0,0.1282586027111574,0.0037105751391466324,0.11776859504132231,0.8602973707429566,1.0342869879812948,6829.25,4811.683219401041,-0.20781930665885717,0.12434666899651736,-0.44455852156057496,1.6593486588680424,4351700.0,4017310.0,1.083237290624821,28715390600.0,245,True,jpx_liquidity,JPX流動性
49,8001,伊藤忠商事,卸売業,プライム,8001.T,2026-06-17,1860.5,0.00053777897284224,0.00269469145782808,-0.03850129198966412,-0.11793648792878964,-0.008875707322757664,1887.9,1964.961600748698,-0.0145134805868955,-0.05316215884773301,-0.17155976328067468,0.2139117334073035,11720200.0,15129460.0,0.7746608272866315,28127114560.0,245,True,jpx_liquidity,JPX流動性
50,6526,ソシオネクスト,電気機器,プライム,6526.T,2026-06-17,2480.0,0.03161397670549082,0.01535312180143289,0.07732406602953956,0.4133493116515736,0.14102025368012083,2621.075,2187.296077473958,-0.0538233358450253,0.13381998237023174,-0.17880794701986757,1.0023003621608348,9964500.0,10458290.0,0.9527848242877182,28091559902.5,244,True,jpx_liquidity,JPX流動性
51,7267,本田技研工業,輸送用機器,プライム,7267.T,2026-06-17,1415.5,-0.016330785267546943,-0.015304347826086917,0.053983618763961294,0.08064209795488542,-0.08298824128756754,1431.1,1336.6698059082032,-0.010900705750821027,0.05897506904349914,-0.1409789266118402,0.39310137435818154,14016300.0,19651145.0,0.7132561486875192,28067054567.5,245,True,jpx_liquidity,JPX流動性
52,2914,日本たばこ産業,食料品,プライム,2914.T,2026-06-17,6071.0,-0.0045909165436957,-0.015087605451005848,-0.043334383863851245,0.017770326906957346,0.06740126325751628,6118.2,6026.516666666666,-0.0077146873263377325,0.007381267785979251,-0.059197272586393956,0.21558735517699015,3469400.0,4456660.0,0.7784753604717434,27237766895.0,245,True,jpx_liquidity,JPX流動性
53,7741,ＨＯＹＡ,精密機器,プライム,7741.T,2026-06-17,27620.0,0.02050618880472932,0.07429015947102302,0.042264150943396306,-0.01267501241361435,0.15804994093645908,26465.5,27595.72919921875,0.04362282972171316,0.0008795129349921105,-0.0802530802530802,0.3577385543442364,833200.0,1030515.0,0.8085277749474777,27121324075.0,245,False,jpx_liquidity,JPX流動性
54,2802,味の素,食料品,プライム,2802.T,2026-06-17,5340.0,0.03769918383210258,0.12920279128779866,0.05367008681925811,0.1729172158745882,0.6082810521256197,5144.35,4899.202294921875,0.03803201570655168,0.08997336271152157,-0.03644893540238181,0.453274004423373,7021300.0,4959720.0,1.4156645939690145,26268325470.0,245,True,jpx_liquidity,JPX流動性
55,5713,住友金属鉱山,非鉄金属,プライム,5713.T,2026-06-17,9155.0,0.03294595509421194,0.1671341152473227,0.01948775055679297,-0.06987514920888416,0.6592803623303967,8857.8,9457.493294270833,0.03355234934182305,-0.03198451057365037,-0.2861915319152727,0.7074378514504674,2551700.0,3019350.0,0.8451156705913524,26191630155.0,245,False,jpx_liquidity,JPX流動性
56,6301,小松製作所,機械,プライム,6301.T,2026-06-17,6650.0,0.0,0.01248477466504272,0.07431340872374803,0.022292617600394138,0.36099533976616294,6571.8,6577.173600260417,0.011899327429319095,0.011072598074148399,-0.13461009352987097,0.44552828332434175,3338700.0,3909040.0,0.8540971696375581,25582457080.0,245,False,jpx_liquidity,JPX流動性
57,6367,ダイキン工業,機械,プライム,6367.T,2026-06-17,23680.0,0.0038151759220008685,0.016309012875536544,0.00317729294640956,0.20804649582460244,0.21326018643772326,23489.0,22142.0158203125,0.008131465792498682,0.06945998919739704,-0.08145849495733126,0.3324074375843285,667600.0,1101935.0,0.6058433573668138,25556220325.0,245,False,jpx_liquidity,JPX流動性
58,8591,オリックス,その他金融業,プライム,8591.T,2026-06-17,6336.0,0.004916732751784281,0.027403924112210154,0.04692663582286838,0.3082753751348868,0.44718372416165164,6209.4,5451.262638346354,0.02038844332785783,0.16229952954936544,-0.004086765168186068,0.25134617421496086,3297700.0,4199720.0,0.7852190146009734,25425973660.0,245,False,jpx_liquidity,JPX流動性
59,9433,ＫＤＤＩ,情報・通信業,プライム,9433.T,2026-06-17,2728.0,0.0049732915822435775,-0.008720930232558155,-0.018705035971222972,0.03077846417081842,0.018642697419154253,2702.575,2659.005094401042,0.009407694513565934,0.025947639492770458,-0.018705035971222972,0.2463936879351159,5922400.0,9431615.0,0.6279306354213992,24919675880.0,245,True,jpx_liquidity,JPX流動性
60,6273,ＳＭＣ,機械,プライム,6273.T,2026-06-17,72600.0,0.05171664493698391,0.1739974126778785,0.12002468373958664,0.07559402298068307,0.37150325925364003,65932.0,68459.40865885417,0.10113450221440279,0.060482429256425,-0.14143803216650896,0.47389991602650766,330200.0,374880.0,0.8808151941954759,24151939850.0,245,False,jpx_liquidity,JPX流動性
61,8002,丸紅,卸売業,プライム,8002.T,2026-06-17,4949.0,0.005689900426742556,0.03211678832116793,-0.0790844808336435,-0.1432765878315555,0.13820159119440434,5045.55,5533.373958333334,-0.01913567400977101,-0.10560897613891773,-0.2066368667471441,0.30576694507801366,3994600.0,4797800.0,0.8325899370544833,23810635185.0,245,True,jpx_liquidity,JPX流動性
62,8053,住友商事,卸売業,プライム,8053.T,2026-06-17,6547.0,0.002756930617246134,0.03297570211423162,-0.06618171444872345,0.10741112984750512,0.25035002231526304,6811.75,6467.103125,-0.03886666421991414,0.012354353016444275,-0.14962982205481234,0.3230365569186824,2278500.0,3592750.0,0.634193862640039,23788826935.0,245,False,jpx_liquidity,JPX流動性
63,7182,ゆうちょ銀行,銀行業,プライム,7182.T,2026-06-17,3125.0,-0.014195583596214534,-0.016367642429965357,0.016260162601626105,0.2039528027927191,0.5830408830202045,3117.575,2833.984822591146,0.0023816588213596557,0.10268762736095938,-0.03100775193798455,0.34263835941305504,6055800.0,7731980.0,0.7832146487704313,23560925530.0,245,True,jpx_liquidity,JPX流動性
64,8630,ＳＯＭＰＯホールディングス,保険業,プライム,8630.T,2026-06-17,6194.0,-0.008642765685019205,0.007809957696062408,-0.007053542802180179,0.04527335471346117,0.21053957532052503,5954.7,5948.461002604166,0.040186743244831735,0.04127773507943311,-0.03745143745143742,0.46930983538498505,1584400.0,3973780.0,0.39871356743453334,22819113615.0,245,False,jpx_liquidity,JPX流動性
65,8725,ＭＳ＆ＡＤインシュアランスグループホールディングス,保険業,プライム,8725.T,2026-06-17,4557.0,-0.012781629116117799,-0.008701326952360255,0.030995475113122062,0.12300771946755207,0.2610224867085915,4389.95,4199.693762207031,0.03805282520302056,0.08507911719858274,-0.024823453884014524,0.23230178685791358,3959300.0,5167460.0,0.7661984804913826,22344608065.0,245,True,jpx_liquidity,JPX流動性
66,4502,武田薬品工業,医薬品,プライム,4502.T,2026-06-17,4938.0,-0.016334661354581725,-0.026035502958579926,-0.06032350142721221,-0.14411791290182696,0.11200257300489036,5016.5,5342.899715169271,-0.01564836041064488,-0.07578276530620665,-0.16162988115449917,0.2661535294416638,3890400.0,4363310.0,0.8916166854979362,21737230800.0,245,True,jpx_liquidity,JPX流動性
67,4568,第一三共,医薬品,プライム,4568.T,2026-06-17,2595.5,0.030164715221274063,0.04341708542713563,-0.0038380349261177837,-0.11638778451805543,-0.22768245704537382,2579.875,2705.608919270833,0.006056494985222205,-0.04069653913637594,-0.25733664493596264,0.3491679540250861,7992100.0,8110855.0,0.9853585102926881,20883950045.0,245,True,jpx_liquidity,JPX流動性
68,1605,ＩＮＰＥＸ,鉱業,プライム,1605.T,2026-06-17,3406.0,0.0082889283599763,-0.022107378696526014,-0.14636591478696737,-0.2714438502673797,0.10894719467513658,3611.0,4007.2166666666667,-0.05677097756854055,-0.15003348126089178,-0.30489795918367346,0.40954793757917957,7587200.0,5742055.0,1.3213387889875663,20880155930.0,245,True,jpx_liquidity,JPX流動性
69,6787,メイコー,電気機器,プライム,6787.T,2026-06-17,35750.0,0.02582496413199431,0.15695792880258908,0.009887005649717562,0.3539004300320323,2.3618896817500485,36406.5,31803.0294921875,-0.018032494197464777,0.12410674614448558,-0.17721518987341767,0.9946716064259641,512700.0,553620.0,0.9260864853148368,20567844600.0,245,False,jpx_liquidity,JPX流動性
70,8308,りそなホールディングス,銀行業,プライム,8308.T,2026-06-17,2161.5,0.007927255770575847,0.01051893408134652,0.06556568893270898,0.20677916939390784,0.40389169670625136,2102.225,1965.8458475748698,0.02819631580825077,0.09952670127543084,-0.018837948252383163,0.29185824705425717,10336500.0,9688125.0,1.0669247145345462,20224069437.5,245,True,jpx_liquidity,JPX流動性
71,8801,三井不動産,不動産業,プライム,8801.T,2026-06-17,1516.5,-0.008823529411764675,-0.019398642095053376,0.005636604774535758,-0.18494054502812907,-0.14061156250933882,1513.7,1629.7864624023437,0.0018497720816541552,-0.06951000331378188,-0.2862774197499529,0.3233233368793962,9010400.0,13287550.0,0.6781084549070371,19699901402.5,245,True,jpx_liquidity,JPX流動性
72,4519,中外製薬,医薬品,プライム,4519.T,2026-06-17,7650.0,0.01688156320616785,0.011904761904761862,-0.03152297759210032,-0.1486757177832183,-0.05839951958374179,7642.4,8152.083333333333,0.0009944520046059058,-0.061589573217480154,-0.2682926829268293,0.37389563111417357,1745000.0,2572475.0,0.6783350664243578,19385170690.0,245,False,jpx_liquidity,JPX流動性
73,6504,富士電機,電気機器,プライム,6504.T,2026-06-17,14355.0,-0.0013913043478260834,0.08176337603617179,0.020618556701030855,0.2361052398866681,0.2981042819765316,14961.75,13221.126774088541,-0.040553411198556266,0.08576222324209781,-0.1690303907380608,0.7284960960882773,828000.0,1280810.0,0.6464659082924087,19193971175.0,245,False,jpx_liquidity,JPX流動性
74,4901,富士フイルムホールディングス,化学,プライム,4901.T,2026-06-17,3377.0,-0.0005918910920390541,-0.04089747230900309,0.07445116131084961,0.12243846859386598,-0.01251367394713554,3370.4,3163.1418294270834,0.001958224543080922,0.06760941560804157,-0.04819616685456596,0.28645482494418467,3633700.0,5594605.0,0.6495007243585561,18818563540.0,245,True,jpx_liquidity,JPX流動性
75,6594,ニデック,電気機器,プライム,6594.T,2026-06-17,2796.0,0.021556448666423034,0.07745664739884384,0.08878504672897192,0.2295514511873351,0.4164133738601823,2736.95,2469.8166666666666,0.021575110981201684,0.13206783229524466,-0.035529492928596085,0.47354366135465825,5336300.0,6974220.0,0.7651464966691616,18771046910.0,245,True,jpx_liquidity,JPX流動性
76,8309,三井住友トラストグループ,銀行業,プライム,8309.T,2026-06-17,6033.0,0.009031610637230347,0.019432240621831687,0.06911217437533224,0.19997867237060962,0.33063091432369673,5757.1,5431.9697672526045,0.04792343367320351,0.1106468295112375,-0.004619699719518255,0.2124897282019839,2691100.0,3248410.0,0.828436065644423,18422398245.0,245,False,jpx_liquidity,JPX流動性
77,4392,ＦＩＧ,情報・通信業,プライム,4392.T,2026-06-17,1270.0,0.019261637239165408,-0.2002518891687658,-0.19671094244149268,2.895705521472393,3.391474482181944,1699.6,873.0833333333334,-0.2527653565544834,0.4546148706690847,-0.5060287825748736,1.990238732391748,2463300.0,11650570.0,0.21143171535813268,18314359225.0,245,False,jpx_liquidity,JPX流動性
78,7751,キヤノン,電気機器,プライム,7751.T,2026-06-17,4372.0,0.01532745006967029,0.011100832562442209,0.04818988252217693,0.0,-0.06051645145670037,4292.9,4301.866666666667,0.01842577278762625,0.01630300024795428,-0.11300466626090488,0.18207985398398344,4294300.0,4285765.0,1.0019914764341955,18252047340.0,245,True,jpx_liquidity,JPX流動性
79,6361,荏原製作所,機械,プライム,6361.T,2026-06-17,6527.0,0.0473363286264441,0.23969610636277294,0.3225937183383991,0.31460221550855993,0.7771686940725084,5575.6,5237.466666666666,0.17063634407059314,0.24621318194546982,0.0,0.7646928059410505,3437000.0,3292865.0,1.0437719129086678,18218546460.0,245,False,jpx_liquidity,JPX流動性
80,9501,東京電力ホールディングス,電気・ガス業,プライム,9501.T,2026-06-17,508.1000061035156,-0.010516054326162316,-0.008004697395162075,-0.07264102306458187,-0.28777685910393136,-0.2022295703772986,541.4750045776367,595.5033340454102,-0.06163719136057699,-0.14677218907934708,-0.331447360390111,0.4086312471372411,21276700.0,34241860.0,0.6213651945309046,17700124102.055206,245,True,jpx_liquidity,JPX流動性
81,9101,日本郵船,海運業,プライム,9101.T,2026-06-17,5348.0,-0.021587998536406916,-0.03916636722960831,-0.04670231729055263,-0.11769876601766804,0.11701545149581416,5443.7,5687.473779296875,-0.017579954810147513,-0.05968797263428327,-0.1523220795688699,0.2424447953787846,3087700.0,3163615.0,0.9760037172664815,17128114430.0,245,False,jpx_liquidity,JPX流動性
82,3687,フィックスターズ,情報・通信業,プライム,3687.T,2026-06-17,2442.0,0.04672096013716254,0.02304147465437789,0.6023622047244095,0.665757162346521,0.5929549902152642,2463.85,1706.1666666666667,-0.00886823467337694,0.43127869493015525,-0.3281980742778542,1.7143635959872154,4604700.0,6244790.0,0.7373666688551577,17055287235.0,245,True,jpx_liquidity,JPX流動性
83,8136,サンリオ,卸売業,プライム,8136.T,2026-06-17,870.5,0.0005747126436781436,-0.019044426356897293,-0.0016057166817988744,-0.19754255328965264,-0.12685979540918946,877.6050018310547,937.2926411946614,-0.008095899426542319,-0.071261245697532,-0.262014899956856,0.44817265123863687,18444500.0,19929215.0,0.9255005779204047,17023336601.148987,245,True,jpx_liquidity,JPX流動性
84,5401,日本製鉄,鉄鋼,プライム,5401.T,2026-06-17,557.5,-0.015017667844522964,0.02802878950613974,0.03107081082612617,-0.06271177048850618,-0.0438084522447012,551.6599945068359,570.009243774414,0.010586240712243233,-0.021945685813061444,-0.1849084270396364,0.2744149729822859,23078200.0,31117590.0,0.7416448381767354,16675814392.535095,245,True,jpx_liquidity,JPX流動性
85,8802,三菱地所,不動産業,プライム,8802.T,2026-06-17,4152.0,-0.007885304659498216,-0.0024026910139356428,0.04689863842662634,-0.13568992524786172,0.09289165750278783,4061.7,4316.308463541666,0.02223207031538532,-0.038066895572807624,-0.2136863197556308,0.3189880981015108,3630400.0,4184510.0,0.8675806725279662,16664472225.0,245,True,jpx_liquidity,JPX流動性
86,9104,商船三井,海運業,プライム,9104.T,2026-06-17,5438.0,-0.021766504767044448,-0.04412023202671822,-0.06160483175150988,-0.2117847724818145,0.23130100374530516,5600.45,6038.598388671875,-0.02900659768411462,-0.0994598994691499,-0.21268278557984654,0.29290192262713327,3724500.0,2935505.0,1.2687765818828447,16650611045.0,245,True,jpx_liquidity,JPX流動性
87,5838,楽天銀行,銀行業,プライム,5838.T,2026-06-17,5161.0,0.008204727485837005,0.009387834930569161,-0.23732821043298358,-0.14581264481959622,-0.28843237281125056,5019.75,5868.566666666667,0.028138851536431142,-0.12056890666091091,-0.4320457796852647,0.8901371312778108,1008700.0,3392855.0,0.29730124040078343,16399875720.0,244,False,jpx_liquidity,JPX流動性
88,5201,ＡＧＣ,ガラス・土石製品,プライム,5201.T,2026-06-17,7421.0,0.020770288858321884,0.06915430053306437,0.22681434947925272,0.28324399100812725,0.4546782704975414,7170.7,6198.616666666667,0.034905936658903514,0.19720260165574577,-0.09731176255929941,0.6288580293986819,1363900.0,2270075.0,0.6008171536182725,16290998200.0,245,False,jpx_liquidity,JPX流動性
89,8015,豊田通商,卸売業,プライム,8015.T,2026-06-17,6344.0,-0.01122194513715713,0.04136572554169393,-0.06195475380748183,-0.042126348523397805,0.2290324002628239,6531.2,6471.432381184896,-0.0286624203821656,-0.01969152633895932,-0.1423550087873462,0.3920339481728283,1409400.0,2519210.0,0.5594611009006791,16265769135.0,245,False,jpx_liquidity,JPX流動性
90,6871,日本マイクロニクス,電気機器,プライム,6871.T,2026-06-17,16060.0,0.03546099290780136,0.27359238699444877,0.16208393632416795,0.4352100089365505,1.786009608384267,14687.0,13110.666666666666,0.0934840334990128,0.224956778195871,-0.030778515389257688,0.9012809071552929,967300.0,1115205.0,0.8673741599078196,16178096300.0,245,False,jpx_liquidity,JPX流動性
91,6178,日本郵政,サービス業,プライム,6178.T,2026-06-17,2196.5,-0.03002870390814749,-0.003854875283446746,0.040995260663507116,0.20709701123923985,0.3906873394838597,2143.425,1954.7716979980469,0.024761771463895244,0.12366063118752746,-0.052415875754961205,0.2909889999366729,5707300.0,7661745.0,0.7449086337381366,16045774785.0,245,True,jpx_liquidity,JPX流動性
92,9434,ソフトバンク,情報・通信業,プライム,9434.T,2026-06-17,210.10000610351562,-0.007088846676432503,-0.021880804848544044,-0.07199641445406368,-0.014631269829853744,-0.010079932741495101,215.57500076293945,217.66461385091145,-0.025397168688611083,-0.03475350271026223,-0.08373308631796372,0.16666971431907618,66482100.0,74425165.0,0.8932744724180323,16030403227.8553,245,True,jpx_liquidity,JPX流動性
93,8830,住友不動産,不動産業,プライム,8830.T,2026-06-17,3520.0,-0.009009009009009028,0.008595988538681931,-0.060832443970117445,-0.2722828892053889,-0.10084863571514147,3628.35,4277.387581380209,-0.029862058511444523,-0.1770677935937286,-0.3375471778562912,0.4239288464332337,3392500.0,4545890.0,0.7462785065190755,15735069285.0,245,False,jpx_liquidity,JPX流動性
94,6965,浜松ホトニクス,電気機器,プライム,6965.T,2026-06-17,2777.5,0.048904833836858064,0.17268313278446268,0.05468008353901643,0.3972424436660862,0.6706159719435714,2741.3,2268.7826334635415,0.013205413489949969,0.22422481512027725,-0.06591558769127293,0.7977853251946594,4570500.0,5713565.0,0.79993839222972,15469956440.0,245,True,jpx_liquidity,JPX流動性
95,6902,デンソー,輸送用機器,プライム,6902.T,2026-06-17,1917.0,0.012410879324003199,0.018326693227091573,0.04440207028057741,-0.00662969502188393,-0.07159441658306287,1881.375,1896.7723856608072,0.018935618895754347,0.010664228608613824,-0.15131627585437635,0.24353097226430678,7011600.0,8099235.0,0.8657113912610265,15267146040.0,245,True,jpx_liquidity,JPX流動性
96,6479,ミネベアミツミ,電気機器,プライム,6479.T,2026-06-17,4718.0,0.021654395842356067,0.0732484076433122,0.2648793565683647,0.6994054125450619,0.483868466030573,4483.6,3523.8421712239583,0.05227941832456051,0.3388794874321137,-0.055266319583500145,0.6014375594617664,3190800.0,3338270.0,0.9558244240280145,15239361710.0,245,False,jpx_liquidity,JPX流動性
97,8750,第一ライフグループ,保険業,プライム,8750.T,2026-06-17,1793.0,0.001955853590388301,0.035219399538106266,0.08272946859903385,0.2575305400455026,0.43654373288889414,1687.425,1540.330674235026,0.06256574366268142,0.16403576841736078,0.0,0.1627631334605975,7912400.0,9081730.0,0.8712436947585978,15190901372.5,245,True,jpx_liquidity,JPX流動性
98,8604,野村ホールディングス,証券、商品先物取引業,プライム,8604.T,2026-06-17,1451.0,0.02544169611307412,0.046142754145638065,0.16033586565373859,0.19393795789323343,0.18295816969279954,1337.05,1293.6319173177083,0.08522493549231513,0.12164826839506859,-0.008186931515238971,0.2613892906964733,14384100.0,11013025.0,1.3060989146941917,15098722807.5,245,True,jpx_liquidity,JPX流動性
99,4503,アステラス製薬,医薬品,プライム,4503.T,2026-06-17,2132.5,-0.0053638059701492935,-0.0037374445223078423,-0.07080610021786493,-0.11512174228236816,0.01827592839781067,2175.725,2365.1356974283854,-0.019866940904755825,-0.09836040176524774,-0.19755409219190967,0.36591841159455585,5355000.0,6925060.0,0.7732784986700476,15040327122.5,245,True,jpx_liquidity,JPX流動性
100,4543,テルモ,精密機器,プライム,4543.T,2026-06-17,2246.0,0.011711711711711814,-0.027073857483214225,-0.04119530416221984,0.06418149864062483,-0.023773072945765694,2303.175,2169.0250996907553,-0.024824427149478523,0.035488247840109954,-0.06455643481882545,0.27824466656226204,3721500.0,6629890.0,0.5613215302214667,14592724137.5,245,True,jpx_liquidity,JPX流動性
101,4307,野村総合研究所,情報・通信業,プライム,4307.T,2026-06-17,4596.0,0.020199778024417414,-0.011612903225806437,-0.029355860612460427,0.07923655252287354,-0.24116453565002371,4734.1,4577.034309895834,-0.029171331404068468,0.0041436635209750605,-0.2521674976218603,0.39902625029629674,1885500.0,3169415.0,0.5949047379405978,14536603305.0,245,False,jpx_liquidity,JPX流動性
102,7936,アシックス,その他製品,プライム,7936.T,2026-06-17,4395.0,-0.008124576844956044,0.003424657534246478,0.005720823798627039,-0.03723986856516981,0.16720163105514474,4527.4,4480.133333333333,-0.02924415779476075,-0.01900241064254038,-0.10232843137254899,0.335654660184754,2745400.0,3259320.0,0.8423229385270548,14449040645.0,245,False,jpx_liquidity,JPX流動性
103,5108,ブリヂストン,ゴム製品,プライム,5108.T,2026-06-17,3504.0,0.0074755606670500185,0.025460930640913038,0.055739680626694765,0.04503429764390088,-0.019447915849675645,3407.1,3362.3,0.02844060931584047,0.04214377063319752,-0.08200157191511659,0.1923210740932957,2849300.0,4301745.0,0.6623591124067094,14431313765.0,245,False,jpx_liquidity,JPX流動性
104,7269,スズキ,輸送用機器,プライム,7269.T,2026-06-17,1950.0,0.026315789473684292,0.057483731019522866,0.11237877923559614,-0.0010040364705069527,-0.15092862398071727,1882.675,1851.9617940266928,0.03576028788824415,0.052937488391779475,-0.1743611175688805,0.37959835081546345,9805000.0,7268970.0,1.348884367386301,14161772567.5,245,True,jpx_liquidity,JPX流動性
105,6315,ＴＯＷＡ,機械,プライム,6315.T,2026-06-17,3080.0,0.031825795644891075,0.13905325443786976,0.18644067796610164,0.1628326902534618,0.6210470075723165,2950.15,2740.077844238281,0.044014711116383776,0.12405565647577954,-0.08875739644970415,0.7807221659672147,3598200.0,4714775.0,0.763175337105164,14018798995.0,245,True,jpx_liquidity,JPX流動性
106,3382,セブン＆アイ・ホールディングス,小売業,プライム,3382.T,2026-06-17,1933.0,0.010718954248366108,-0.004121586810922229,-0.005402624131721101,-0.08345187292555711,-0.11153313781806529,1883.95,1968.8583333333333,0.026035722816422968,-0.01821275443044401,-0.1768120739707666,0.22657988033240145,5024900.0,7462900.0,0.6733173431239866,13704263665.0,245,True,jpx_liquidity,JPX流動性
107,1801,大成建設,建設業,プライム,1801.T,2026-06-17,14710.0,0.0,0.08681196896933874,0.07726107652874403,-0.14608026200634716,0.05873887054939697,13777.0,15428.314778645834,0.06772156492705239,-0.04655821383940428,-0.2704619078288243,0.6323762323495279,757700.0,1019880.0,0.7429305408479429,13651893750.0,245,False,jpx_liquidity,JPX流動性
108,9412,スカパーＪＳＡＴ,情報・通信業,プライム,9412.T,2026-06-17,3355.0,0.025993883792049033,0.0600315955766193,-0.19928400954653935,0.1737820203300049,0.629152821754031,3793.0,3484.502754720052,-0.11547587661481673,-0.03716534720617737,-0.2658643326039387,0.7977680566355881,1970700.0,3683970.0,0.534939209602684,13539026750.0,245,False,jpx_liquidity,JPX流動性
109,1812,鹿島建設,建設業,プライム,1812.T,2026-06-17,5920.0,0.0035599254110865175,0.0634093766840309,0.0634093766840309,-0.046950360006527525,0.04195909788708718,5656.9,5928.233878580729,0.04650957238063258,-0.0013889260696138273,-0.21920765047909196,0.560811232471932,2120900.0,2387160.0,0.888461602908896,13400822095.0,245,False,jpx_liquidity,JPX流動性
110,7453,良品計画,小売業,プライム,7453.T,2026-06-17,3605.0,0.010369955156950716,-0.01151631477927062,0.028824200913242004,-0.012058098109070992,0.2208737691491185,3638.55,3602.8333333333335,-0.009220706050487193,0.0006013785446639108,-0.10234063745019917,0.3717100292095065,2898300.0,3714180.0,0.7803337479605189,13303447080.0,245,False,jpx_liquidity,JPX流動性
111,9107,川崎汽船,海運業,プライム,9107.T,2026-06-17,2529.0,-0.02543352601156068,-0.02580893682588603,-0.01805474665113571,-0.10087570751421104,0.21474726186575666,2584.85,2592.6693033854167,-0.02160666963266722,-0.02455743326087889,-0.10087570751421104,0.37898072966881247,4266700.0,5083745.0,0.8392828515198933,13269879282.5,245,True,jpx_liquidity,JPX流動性
112,4661,オリエンタルランド,サービス業,プライム,4661.T,2026-06-17,2291.0,0.006590509666080768,-0.000654307524536546,0.02712396323694244,-0.18863900094702657,-0.19248836956748094,2221.7,2404.047412109375,0.031192330197596485,-0.047023786444454485,-0.21497290450127104,0.30332684203276516,4234100.0,6039500.0,0.7010679692027486,13257281600.0,245,True,jpx_liquidity,JPX流動性
113,4755,楽天グループ,サービス業,プライム,4755.T,2026-06-17,752.2999877929688,0.00467414537534383,0.04124565784493939,-0.04043368903958067,-0.030416337000267246,-0.1966898154906901,753.0599975585938,763.2549977620442,-0.001009228704338172,-0.014353014393874819,-0.2787152561908257,0.33266738914760563,11784200.0,17414295.0,0.6766969320319887,13077526989.212036,245,True,jpx_liquidity,JPX流動性
114,4578,大塚ホールディングス,医薬品,プライム,4578.T,2026-06-17,10570.0,0.020270270270270174,0.02971261568436434,-0.07321350284962735,-0.049460431654676285,0.16024503933415568,10915.0,10958.333333333334,-0.03160787906550622,-0.03543726235741451,-0.09773794280836534,0.30054268342268653,1098300.0,1214395.0,0.9044009568550595,12909051625.0,245,False,jpx_liquidity,JPX流動性
115,268A,リガク・ホールディングス,精密機器,プライム,268A.T,2026-06-17,2715.0,0.05477855477855487,0.022213855421686857,0.18766404199475062,0.5184563758389262,1.3342480176301148,2685.3,2545.4666666666667,0.011060216735560235,0.06660206379969624,-0.1620370370370371,1.068841259886856,3806000.0,4826420.0,0.7885762117677284,12899104400.0,244,True,jpx_liquidity,JPX流動性
116,6324,ハーモニック・ドライブ・システムズ,機械,プライム,6324.T,2026-06-17,7850.0,0.12142857142857144,0.2580128205128205,0.3260135135135136,0.8048987607262974,1.1355112090495156,7191.5,5557.931233723958,0.09156643259403463,0.4123960282862831,-0.018750000000000044,0.9357361440210917,1930000.0,1740895.0,1.1086251611958218,12653683000.0,245,True,jpx_liquidity,JPX流動性
117,9020,東日本旅客鉄道,陸運業,プライム,9020.T,2026-06-17,3345.0,-0.015597410241318443,-0.033236994219653204,-0.11390728476821188,-0.08673197354618778,-0.18315578360405727,3433.4,3542.355948893229,-0.025747072872371435,-0.05571318967956651,-0.1938678717415655,0.20880648558242246,2698700.0,3635490.0,0.7423208425824305,12500155380.0,245,False,jpx_liquidity,JPX流動性
118,7003,三井Ｅ＆Ｓ,機械,プライム,7003.T,2026-06-17,4470.0,0.014525646845211071,0.14644780713003325,0.03905160390516049,-0.341714727516482,-0.15049143486248207,4392.3,5254.093123372396,0.01769004849395528,-0.1492347213802555,-0.4463406985756271,0.5932103039156141,1943700.0,2878210.0,0.6753155607130821,12448192065.0,245,False,jpx_liquidity,JPX流動性
119,7701,島津製作所,精密機器,プライム,7701.T,2026-06-17,3808.0,0.011152416356877248,0.00687466948704385,0.06368715083798882,-0.008768051019291456,-0.10653401898063464,3825.1,3759.368408203125,-0.004470471360225825,0.012936106951039639,-0.12877457224819366,0.34062958907384544,1017200.0,3255980.0,0.31240978138686354,12320669585.0,245,False,jpx_liquidity,JPX流動性
120,5332,ＴＯＴＯ,ガラス・土石製品,プライム,5332.T,2026-06-17,8297.0,0.018786836935166917,0.10626666666666673,0.2966088451320519,0.41217327882962906,0.9975527056427309,7554.8,6405.08955078125,0.09824217715889239,0.2953761121088443,0.0,0.5103207149003659,1293200.0,1600315.0,0.8080909071026642,12241735055.0,245,False,jpx_liquidity,JPX流動性
121,6779,日本電波工業,電気機器,プライム,6779.T,2026-06-17,4355.0,0.1166666666666667,0.01990632318501162,1.073809523809524,2.0472168732172653,3.7946414652109173,3717.8,2369.670379638672,0.17139168325353693,0.8378083455911078,-0.09834368530020698,1.6411302173748905,2391400.0,3050895.0,0.7838355630069209,12236465950.0,245,True,jpx_liquidity,JPX流動性
122,6383,ダイフク,機械,プライム,6383.T,2026-06-17,7093.0,0.030809475366952555,0.1138505025125629,0.05143788911947822,0.18275804568951148,0.44438753650501805,6917.6,6604.0,0.025355614664045234,0.07404603270745014,-0.08465608465608465,0.4546259874079404,1248400.0,1825065.0,0.6840304317928403,12228268420.0,245,False,jpx_liquidity,JPX流動性
123,8267,イオン,小売業,プライム,8267.T,2026-06-17,1365.5,0.0033063923585598953,-0.0404075895994378,-0.10075732630885748,-0.31827259111332995,-0.41900371247981794,1391.15,1606.2083333333333,-0.01843798296373511,-0.1498612155957353,-0.45386810648711096,0.3152978290752043,5482500.0,8904650.0,0.6156895554569803,12165892407.5,245,True,jpx_liquidity,JPX流動性
124,4980,デクセリアルズ,化学,プライム,4980.T,2026-06-17,4608.0,0.008756567425569184,0.2501356483993489,0.22847240735803775,0.9554547514375793,0.6081552346502728,4194.0,3093.9508341471355,0.09871244635193133,0.4893578621685566,0.0,0.8512707598432152,2442300.0,3214655.0,0.7597393810533323,12093963420.0,245,False,jpx_liquidity,JPX流動性
125,7201,日産自動車,輸送用機器,プライム,7201.T,2026-06-17,349.79998779296875,-0.008784375622361007,0.07169115911168045,-0.019069035878179208,-0.03476822934802448,-0.13586956931463468,359.63499603271487,356.1716644287109,-0.027347194650799378,-0.017889341775579326,-0.2457956080216358,0.40376972919304777,31250200.0,33021630.0,0.9463554645848796,12040242800.72876,245,True,jpx_liquidity,JPX流動性
126,6326,クボタ,機械,プライム,6326.T,2026-06-17,2855.0,-0.005053145147238203,0.028643487659881117,0.07230046948356805,0.0521466740372214,0.2827740550575495,2802.425,2693.133333333333,0.018760537748556905,0.06010347303017549,-0.11937075879086978,0.36957439288616345,2656400.0,4326595.0,0.6139701081335323,12018084855.0,245,False,jpx_liquidity,JPX流動性
127,8729,ソニーフィナンシャルグループ,保険業,プライム,8729.T,2026-06-17,140.60000610351562,-0.02089136401454894,-0.04223431075853745,-0.06204128199892389,-0.038844029519910284,-0.15334790245451468,142.135001373291,142.92066599527996,-0.010799558553097,-0.01623739908853339,-0.18858544667963606,0.24715244137186065,43524500.0,84767480.0,0.5134575193222684,11775428481.72638,173,True,jpx_liquidity,JPX流動性
128,5333,ＮＧＫ,ガラス・土石製品,プライム,5333.T,2026-06-17,6972.0,0.03334815473543795,0.17512219787628514,0.27785923753665687,0.6850204457770628,1.1202244798501804,6256.6,5177.251253255208,0.11434325352427832,0.3466605460989245,0.0,0.5835043416016451,1474400.0,1868375.0,0.7891349434669165,11595540405.0,245,False,jpx_liquidity,JPX流動性
129,9766,コナミグループ,情報・通信業,プライム,9766.T,2026-06-17,19030.0,-0.0015739769150052707,-0.0203346203346203,-0.05885262116716128,-0.06624991434791083,-0.1180294266579357,19376.75,19651.528483072918,-0.017895157856709698,-0.03162748809123317,-0.14707520106195415,0.3503525988651124,471100.0,592390.0,0.7952531271628488,11318461850.0,245,False,jpx_liquidity,JPX流動性
130,7270,ＳＵＢＡＲＵ,輸送用機器,プライム,7270.T,2026-06-17,2582.5,0.007018912068629257,0.018536777755866707,0.05970455478046777,0.012812102975945594,-0.2534839268115131,2484.5,2478.954654947917,0.03944455624874221,0.04176976163941104,-0.26572531449518333,0.22436748663972078,4323900.0,4523355.0,0.955905517033264,11296236617.5,245,True,jpx_liquidity,JPX流動性
131,4204,積水化学工業,化学,プライム,4204.T,2026-06-17,2479.5,0.021210873146622733,0.04290220820189283,0.09688122096881213,-0.09284249085230645,-0.02823310735071982,2349.575,2459.692305501302,0.05529723460625857,0.008052915583951936,-0.17544643759640632,0.22420537167840887,2933000.0,4877905.0,0.6012827228082548,11193058300.0,245,False,jpx_liquidity,JPX流動性
132,9201,日本航空,空運業,プライム,9201.T,2026-06-17,2826.5,-0.005278901988386431,0.07186196435343195,0.12251787132644965,0.05964817284538437,-0.013656242193913704,2674.225,2598.538541666667,0.056941730781815414,0.0877267951496774,-0.10776838827236968,0.3727692471784471,3305700.0,4101390.0,0.8059950407057119,11006025410.0,245,False,jpx_liquidity,JPX流動性
133,1925,大和ハウス工業,建設業,プライム,1925.T,2026-06-17,4358.0,0.0027611596870684707,-0.005249942935402929,-0.028316610925306573,-0.15695517946613735,-0.14888616050674797,4322.5,4677.424291992187,0.008212839791787108,-0.06829063861900353,-0.2213277636514569,0.21781758845200958,2281300.0,2559945.0,0.891151958342855,10999963695.0,245,False,jpx_liquidity,JPX流動性
134,8795,Ｔ＆Ｄホールディングス,保険業,プライム,8795.T,2026-06-17,4746.0,-0.03182374541003674,0.012804097311139628,0.1463768115942028,0.26050235123346877,0.3880747315925266,4381.05,4078.3507486979165,0.08330194816311143,0.16370569684700165,-0.03182374541003674,0.3695359401967674,2140500.0,2495745.0,0.8576597368721565,10989539230.0,245,False,jpx_liquidity,JPX流動性
135,9022,東海旅客鉄道,陸運業,プライム,9022.T,2026-06-17,3297.0,-0.0161145926589078,-0.05988023952095811,-0.07126760563380286,-0.24542975403976475,-0.252924404613725,3424.3,3807.9724853515627,-0.03717548112022895,-0.13418492053636466,-0.3112288895884239,0.2027343981524445,3410000.0,3172060.0,1.075011191465483,10932027725.0,245,False,jpx_liquidity,JPX流動性
136,4911,資生堂,化学,プライム,4911.T,2026-06-17,2599.0,0.01841692789968663,0.02767892447607756,-0.08839003858295336,-0.15452179570592062,0.11590922956326555,2616.575,2998.925,-0.006716795811318121,-0.13335611927607394,-0.25848787446504995,0.4058207439584082,2257200.0,4279790.0,0.5274090551171904,10929375242.5,245,False,jpx_liquidity,JPX流動性
137,5020,ＥＮＥＯＳホールディングス,石油・石炭製品,プライム,5020.T,2026-06-17,1246.5,0.004431909750201468,0.03144393876706664,-0.051008755234107306,-0.12338483628958608,0.1535886571229128,1269.7,1337.5097676595053,-0.018272032763644974,-0.06804418917909094,-0.18299918398553816,0.24670289498984072,6788300.0,8658225.0,0.7840290590738864,10884182370.0,245,True,jpx_liquidity,JPX流動性
138,5344,ＭＡＲＵＷＡ,ガラス・土石製品,プライム,5344.T,2026-06-17,69570.0,0.003316988751081551,0.07560296846011139,0.02868549460298686,0.17046664762979447,0.6422419349514361,71834.0,67742.6474609375,-0.03151710888994075,0.026974920637936606,-0.1217018053276101,0.7452450636856457,125800.0,156010.0,0.8063585667585411,10739521900.0,245,False,jpx_liquidity,JPX流動性
139,8303,ＳＢＩ新生銀行,銀行業,プライム,8303.T,2026-06-17,1445.0,-0.002760524499654915,0.0,-0.07371794871794868,-0.1312860715335148,-0.9999999732256457,1427.15,1600.5809529622395,0.012507444907683185,-0.09720280169166173,-0.9999999732256457,0.4238469186460444,5468800.0,7510200.0,0.728183004447285,10595044075.0,130,True,jpx_liquidity,JPX流動性
140,4186,東京応化工業,化学,プライム,4186.T,2026-06-17,10705.0,0.0190385530699666,0.14040694577607327,0.07652855993563956,0.23814480684709682,0.9341952404545832,10511.85,9557.1,0.018374501158216594,0.1201096566950226,-0.07874354561101549,0.6052747768545217,708500.0,1016935.0,0.6967013624272937,10503367485.0,245,False,jpx_liquidity,JPX流動性
141,9005,東急,陸運業,プライム,9005.T,2026-06-17,1686.5,-0.004427390791027164,-0.02879355024474517,0.032445668809305106,-0.09861648495211428,-0.06491993231810489,1659.175,1739.923722330729,0.016469028282128262,-0.030704634717644397,-0.14911923440360253,0.17705562260770558,2290100.0,6482400.0,0.3532796495125262,10399646047.5,245,False,jpx_liquidity,JPX流動性
142,4452,花王,化学,プライム,4452.T,2026-06-17,6177.0,0.014785608674223738,0.021160522400396786,0.043588443993917814,-0.016401273885350287,-0.005897195254802923,6013.25,6015.55,0.027231530370432022,0.026838776171754786,-0.0862426035502959,0.1744672980665459,1198600.0,1732405.0,0.6918705499002832,10334273090.0,245,False,jpx_liquidity,JPX流動性
143,1928,積水ハウス,建設業,プライム,1928.T,2026-06-17,3276.0,-0.0060679611650485965,-0.012955709551069616,-0.01857399640503299,-0.0920177383592018,-0.028108133712833716,3297.5,3424.5,-0.0065200909780136485,-0.04336399474375818,-0.14375326711970726,0.21543408605180486,1857600.0,3176360.0,0.5848203604125477,10317885115.0,245,False,jpx_liquidity,JPX流動性
144,8473,ＳＢＩホールディングス,証券、商品先物取引業,プライム,8473.T,2026-06-17,2912.0,-0.019033181741620386,0.0164048865619546,-0.05084745762711862,-0.06183943637777134,-0.09891304191805772,2917.55,2996.999365234375,-0.0019022810234615717,-0.02836148923499282,-0.21803578263148182,0.2861942313121112,1841500.0,3573175.0,0.515367985055308,10280622167.5,245,False,jpx_liquidity,JPX流動性
145,7832,バンダイナムコホールディングス,その他製品,プライム,7832.T,2026-06-17,3612.0,0.006408470325996118,-0.012035010940919078,-0.06424870466321242,-0.13535025593360128,-0.12813624285540015,3682.05,3797.8027384440106,-0.019024728072676966,-0.0489237465029938,-0.14624928530720882,0.21277305529865628,1971500.0,2850545.0,0.6916221284000077,10201801890.0,245,False,jpx_liquidity,JPX流動性
146,3563,ＦＯＯＤ　＆　ＬＩＦＥ　ＣＯＭＰＡＮＩＥＳ,小売業,プライム,3563.T,2026-06-17,9696.0,-0.044729064039408906,-0.016931967961066663,-0.09930329772410584,-0.0021611608521148185,0.2808454425363276,10163.9,9864.1,-0.04603547850726586,-0.017041595279853272,-0.10841379310344823,0.43705551262954717,1649700.0,957835.0,1.7223216942375252,10147056100.0,245,False,jpx_liquidity,JPX流動性
147,9502,中部電力,電気・ガス業,プライム,9502.T,2026-06-17,2826.5,0.0005309734513274655,0.025952813067150693,0.053877703206562266,0.06626722513328165,0.23284997650871353,2816.9,2736.010664876302,0.003408001704000796,0.033073458479296214,-0.053257410818958295,0.31331602126984875,4200700.0,3527280.0,1.1909176475924792,10125764580.0,245,True,jpx_liquidity,JPX流動性
148,1802,大林組,建設業,プライム,1802.T,2026-06-17,3197.0,0.005978602894902485,0.02996134020618557,-0.027084601339014025,-0.1817957164796573,0.004032873307604712,3187.4,3538.653629557292,0.0030118591955825558,-0.09654904529326169,-0.26721064866759026,0.42261303534757105,2449900.0,3249600.0,0.7539081733136386,10119438610.0,245,False,jpx_liquidity,JPX流動性
149,6988,日東電工,化学,プライム,6988.T,2026-06-17,3147.0,0.012874155133569376,0.06389452332657197,0.05338912133891216,-0.04785783909779373,-0.14954537360331854,3060.725,3113.719030761719,0.028187765970480783,0.010688494661684311,-0.1658444686844297,0.2986994512875068,2538400.0,3398815.0,0.746848533974341,10091485310.0,245,False,jpx_liquidity,JPX流動性
150,2502,アサヒグループホールディングス,食料品,プライム,2502.T,2026-06-17,1515.5,0.007981376787495886,-0.01814058956916098,-0.05399500624219722,-0.05192367844854551,-0.11088403936009028,1512.15,1559.6333333333334,0.0022153886849849425,-0.028297249353480547,-0.125,0.2690397482960725,5150200.0,6735295.0,0.7646584151102513,10083477735.0,245,True,jpx_liquidity,JPX流動性
151,9503,関西電力,電気・ガス業,プライム,9503.T,2026-06-17,2339.0,0.013431542461005197,0.00884192365753722,0.02655255650647348,-0.1251990903682858,-0.02618874968312268,2315.675,2437.307482910156,0.010072657000658403,-0.04033446071103697,-0.15727207395177367,0.2292584106580022,3379600.0,4368570.0,0.77361699595062,9970102020.0,245,False,jpx_liquidity,JPX流動性
152,8697,日本取引所グループ,その他金融業,プライム,8697.T,2026-06-17,2200.0,-0.010791366906474864,0.06075216972034725,0.1995637949836424,0.1912354460757819,0.3376085586047617,2036.15,1919.9641194661458,0.08047049578862064,0.1458547468125182,-0.010791366906474864,0.5046139121916204,3964100.0,4919755.0,0.8057515059184858,9928140487.5,245,True,jpx_liquidity,JPX流動性
153,6645,オムロン,電気機器,プライム,6645.T,2026-06-17,5620.0,-0.013342696629213502,0.024239110625113858,0.04636008192142982,0.22046850001611773,0.4290431450282446,5726.7,5277.190511067708,-0.018632021932351917,0.06496060511996427,-0.10395408163265307,0.5328514786949464,1552300.0,1700095.0,0.9130666227475523,9743542395.0,245,False,jpx_liquidity,JPX流動性
154,5334,日本特殊陶業,ガラス・土石製品,プライム,5334.T,2026-06-17,10775.0,0.04459524963645167,0.08640855011090953,0.1528996362080035,0.4290095571230821,0.6345271339637173,10027.95,8860.404134114584,0.07449678149571937,0.21608448518886214,0.0,0.33401685663063085,817600.0,984620.0,0.830371107635433,9720067250.0,245,False,jpx_liquidity,JPX流動性
155,7532,パン・パシフィック・インターナショナルホールディングス,小売業,プライム,7532.T,2026-06-17,835.5999755859375,0.0011981788033217367,-0.015783303196775567,-0.04185299968100187,-0.1775590791476993,-0.11361137356190976,840.4249969482422,903.6516642252604,-0.005741168313443068,-0.07530743463817624,-0.21058103392920402,0.3770081349394312,7820900.0,11497745.0,0.6802116415001377,9608679148.89038,245,True,jpx_liquidity,JPX流動性
156,9735,セコム,サービス業,プライム,9735.T,2026-06-17,6432.0,0.009416195856873921,-0.017565297082633213,0.011638880150990794,0.05779483460071044,0.15725202964620566,6437.0,6112.381429036458,-0.000776759359950252,0.052290351097072474,-0.02604482132041186,0.20793666927496626,1173000.0,1522295.0,0.7705471015801799,9605824035.0,245,False,jpx_liquidity,JPX流動性
157,6590,芝浦メカトロニクス,電気機器,プライム,6590.T,2026-06-17,4855.0,-0.015212981744421872,0.11481056257175659,0.05543478260869561,0.01964879839235989,0.43602023389574707,4938.5,4790.7414143880205,-0.016907968006479646,0.013413077445380672,-0.18003242252397256,0.802065749010863,1632500.0,1892790.0,0.8624834239403208,9445802425.0,245,False,jpx_liquidity,JPX流動性
158,7733,オリンパス,精密機器,プライム,7733.T,2026-06-17,1612.0,-0.030084235860409092,-0.10593455352190795,-0.13911882510013351,0.17320010387377582,-0.18217361348727235,1788.675,1644.0704264322917,-0.0987742323228088,-0.019506723019089844,-0.2216615150739638,0.32769942667565594,7162900.0,5225880.0,1.3706591043039642,9412909040.0,245,True,jpx_liquidity,JPX流動性
159,3626,ＴＩＳ,情報・通信業,プライム,3626.T,2026-06-17,3120.0,-0.0009606147934678733,-0.03852080123266566,-0.10138248847926268,-0.07436664164417206,-0.40828120718501393,3348.15,3430.8451171875,-0.06814210832847989,-0.09060307491884712,-0.408170334789962,0.4356899312044794,974000.0,2798110.0,0.3480921050280368,9370719670.0,245,False,jpx_liquidity,JPX流動性
160,9697,カプコン,情報・通信業,プライム,9697.T,2026-06-17,2960.0,0.04815864022662897,0.0317183687696061,-0.060317460317460325,-0.1680020729678081,-0.15287486329771882,2981.275,3259.746232096354,-0.007136208501396291,-0.09195385491820518,-0.24240842207766689,0.35131345744142684,3140400.0,3108955.0,1.0101143310211953,9344897962.5,245,False,jpx_liquidity,JPX流動性
161,2413,エムスリー,サービス業,プライム,2413.T,2026-06-17,1605.0,0.011660888748818099,-0.02786190187764992,0.1378943637008152,-0.014221488870315158,-0.20067427544813488,1523.05,1523.923154703776,0.05380650668067366,0.05320271238478824,-0.24569893564986078,0.3166107652935183,3077500.0,6291095.0,0.4891835205159038,9341848975.0,245,False,jpx_liquidity,JPX流動性
162,2503,キリンホールディングス,食料品,プライム,2503.T,2026-06-17,2732.5,0.004595588235294157,0.004780290494576178,-0.001096691646865322,0.052783664033904776,0.1634971320386991,2688.6,2598.175,0.01632820055047235,0.05169975078660971,-0.013893901118729679,0.24737783577569522,2092600.0,3576025.0,0.5851748799295307,9323401877.5,245,False,jpx_liquidity,JPX流動性
163,3407,旭化成,化学,プライム,3407.T,2026-06-17,1790.0,0.01617939256315637,0.019362186788154823,0.06961458022109346,0.1096867230926124,0.3032645694587006,1758.55,1638.456846110026,0.017884052202098433,0.09249139167123199,-0.03664235466985388,0.22821917436433614,3657500.0,5284580.0,0.692107982091292,9100115917.5,245,True,jpx_liquidity,JPX流動性
164,1803,清水建設,建設業,プライム,1803.T,2026-06-17,2563.5,-0.026580596164799686,0.040592652729855905,-0.01232903101521865,-0.1563823789654788,-0.019004969955666917,2557.8,2781.002156575521,0.002228477597935763,-0.07820999205673018,-0.27097100428241605,0.5337107326368752,3986300.0,3526040.0,1.1305317012852945,9061904407.5,245,True,jpx_liquidity,JPX流動性
165,6869,シスメックス,電気機器,プライム,6869.T,2026-06-17,1424.5,0.008495575221239005,-0.028970688479890927,0.034119782214156125,0.03258497088774148,-0.05306878396610959,1428.775,1397.4474324544271,-0.0029920736295078187,0.019358558266523662,-0.10194641955368144,0.27558543047941936,2795400.0,6449205.0,0.4334487739186458,9001455300.0,245,False,jpx_liquidity,JPX流動性
166,5631,日本製鋼所,機械,プライム,5631.T,2026-06-17,8295.0,0.0707370595069059,0.16979269496544913,0.0248332097850259,-0.1908283052718649,0.04361883894873153,7641.15,8681.612565104168,0.08556958049508268,-0.044532344907691535,-0.19783411584851052,0.6106288062199442,1676600.0,1168930.0,1.434303166143396,9001009645.0,245,True,jpx_liquidity,JPX流動性
167,5411,ＪＦＥホールディングス,鉄鋼,プライム,5411.T,2026-06-17,1637.0,-0.006071645415907656,0.034439178515007995,0.0003055300947143458,-0.14083926376783484,-0.1540939128754144,1625.325,1724.7256001790365,0.0071831787488656484,-0.050863511372435166,-0.2910740581912976,0.24679082298484342,2749000.0,5588705.0,0.4918849715631797,8895722770.0,245,False,jpx_liquidity,JPX流動性
168,4507,塩野義製薬,医薬品,プライム,4507.T,2026-06-17,2832.5,0.008365966536133751,0.01251117068811447,-0.06672158154859964,-0.1839680190908629,0.03598274516961464,2878.475,3144.740771484375,-0.015971999062003306,-0.09928982837494471,-0.2190515577612352,0.24397384146119905,1868500.0,3145195.0,0.5940808121595005,8854598385.0,245,False,jpx_liquidity,JPX流動性
169,7911,ＴＯＰＰＡＮホールディングス,その他製品,プライム,7911.T,2026-06-17,4392.0,-0.008577878103837477,0.10713385429795808,0.006185567010309256,-0.11736256455430216,-0.0692355944834705,4442.0,4584.930517578125,-0.011256190904997743,-0.04207926746947421,-0.24074684015076986,0.730714386525919,1750800.0,1946855.0,0.899296557781653,8754904485.0,245,False,jpx_liquidity,JPX流動性
170,9531,東京瓦斯,電気・ガス業,プライム,9531.T,2026-06-17,6151.0,-0.01156998232363815,-0.024425059476605893,-0.07350504594065377,-0.19358026477470847,-0.0009752136179378423,6331.65,6762.934195963541,-0.028531267521104242,-0.09048353543477838,-0.21143000225354935,0.21769805976371395,833700.0,1401225.0,0.5949793930310978,8673087465.0,245,False,jpx_liquidity,JPX流動性
171,3092,ＺＯＺＯ,小売業,プライム,3092.T,2026-06-17,1142.5,0.04720439963336398,0.028815848716794212,0.1119221411192215,0.04770859082401979,-0.12097010962515264,1045.2600006103517,1065.2082997639975,0.09302948484861906,0.07256017461854825,-0.1445703649040747,0.30251834604548716,9158700.0,8179050.0,1.1197755240523044,8629837791.96289,245,True,jpx_liquidity,JPX流動性
172,6997,日本ケミコン,電気機器,プライム,6997.T,2026-06-17,5240.0,0.1541850220264318,0.23439340400471131,0.7519224339685724,2.3021021688169085,2.926890053595555,4458.4,2935.9135274251303,0.1753095280818231,0.7847937110721417,-0.06761565836298933,1.541691904779323,1138700.0,1822435.0,0.6248233819038813,8392076645.0,245,True,jpx_liquidity,JPX流動性
173,9843,ニトリホールディングス,小売業,プライム,9843.T,2026-06-17,2586.5,0.00368645712068294,-0.04469067405355498,0.037713139418254826,-0.08472243064621454,-0.06059702426886904,2601.75,2488.9618204752605,-0.00586143941577788,0.03918829880086894,-0.24193576316216914,0.3553961828256029,2337400.0,3341500.0,0.6995062097860243,8367329670.0,245,False,jpx_liquidity,JPX流動性
174,9021,西日本旅客鉄道,陸運業,プライム,9021.T,2026-06-17,2573.5,0.0015567230978790203,-0.01662208635842566,-0.05628896222955626,-0.19552850237829544,-0.1450518384085996,2584.825,2860.9457194010415,-0.004381341096592495,-0.10047227301509942,-0.255720843349028,0.2152844338126477,3294500.0,3250020.0,1.013686069624187,8349360687.5,245,False,jpx_liquidity,JPX流動性
175,7272,ヤマハ発動機,輸送用機器,プライム,7272.T,2026-06-17,1229.0,0.006139991813344237,0.007790077900778902,0.006139991813344237,0.09683177153056666,0.042401374052551066,1240.75,1181.375,-0.009470078581503172,0.04031319437096603,-0.07280271595624288,0.30919330546249485,4577900.0,6862720.0,0.6670678681339177,8333837632.5,245,True,jpx_liquidity,JPX流動性
176,4523,エーザイ,医薬品,プライム,4523.T,2026-06-17,3829.0,0.021066666666666567,0.023796791443850163,-0.09799764428739699,-0.21299134648889684,-0.15762824273926535,3880.9,4500.5201171875,-0.013373186631966849,-0.14920944684214665,-0.2583769126476855,0.3063627006148383,1988700.0,2150755.0,0.9246520407949766,8230350695.0,245,False,jpx_liquidity,JPX流動性
177,6532,ベイカレント,サービス業,プライム,6532.T,2026-06-17,5585.0,0.00994575045207946,-0.04218830389298578,0.020650584795321558,0.2612917795844625,-0.1456985986283621,5747.45,5271.366666666667,-0.028264708696900342,0.059497537008113,-0.21496306446955782,0.4531728167771741,876000.0,1478135.0,0.5926386967360897,8192792570.0,245,False,jpx_liquidity,JPX流動性
178,3088,マツキヨココカラ＆カンパニー,小売業,プライム,3088.T,2026-06-17,2340.0,0.003215434083601254,-0.02010050251256279,0.047917599641737585,-0.05165165248361825,-0.16011131637626252,2295.05,2361.95087890625,0.01958562994270263,-0.009293537432249699,-0.16940408202314938,0.20415660374476566,1497300.0,3629215.0,0.4125685582143797,8148995720.0,245,False,jpx_liquidity,JPX流動性
179,6269,三井海洋開発,機械,プライム,6269.T,2026-06-17,9960.0,0.007689194658033083,0.036851967520299844,-0.08497932935231967,-0.3390842733908427,-0.16222061021216128,10208.95,12508.15,-0.02438546569431732,-0.2037191750978362,-0.3825170489770614,0.43489553434104683,734700.0,804675.0,0.913039425855159,8062649405.0,245,False,jpx_liquidity,JPX流動性
180,6278,ユニオンツール,機械,プライム,6278.T,2026-06-17,26060.0,0.018764659890539548,0.16495306213679028,0.371578947368421,0.73156146179402,2.1136244756601656,22918.5,18540.333333333332,0.13707267054999228,0.40558422178673537,-0.013999243284146812,0.6259663508641515,352100.0,345290.0,1.0197225520576907,8062596450.0,245,False,jpx_liquidity,JPX流動性
181,6754,アンリツ,電気機器,プライム,6754.T,2026-06-17,4122.0,0.00634765625,0.07511737089201875,-0.0591189226204063,0.43943686059638076,0.8772021561286458,4397.9,3792.5770548502605,-0.06273448691420902,0.08685992146908283,-0.13693467336683418,0.61547197590426,1091000.0,1938630.0,0.56276855305035,8042978890.0,245,False,jpx_liquidity,JPX流動性
182,7261,マツダ,輸送用機器,プライム,7261.T,2026-06-17,1140.0,-0.02103907256333193,0.02333931777378817,0.08056872037914697,0.02251421509009055,-0.010734814520722447,1121.975,1076.323887125651,0.016065420352503468,0.05916073557040313,-0.1564349556384227,0.31606911076098126,4497300.0,7185870.0,0.6258532369775685,7998686865.0,245,True,jpx_liquidity,JPX流動性
183,9202,ＡＮＡホールディングス,空運業,プライム,9202.T,2026-06-17,3033.0,-0.0032862306933947316,0.07438894792773643,0.11630474788369516,0.02328769662067587,0.045191841808740474,2873.275,2839.686983235677,0.05558987566452922,0.06807546673473586,-0.0888740283984657,0.3200549643869414,2230900.0,2741560.0,0.8137337866032478,7909196430.0,245,False,jpx_liquidity,JPX流動性
184,4506,住友ファーマ,医薬品,プライム,4506.T,2026-06-17,1496.5,0.00638870208473441,0.054987663024321565,-0.015460526315789425,-0.20673204346673735,-0.339439417347164,1488.75,1776.075,0.005205709487825283,-0.15741170840195373,-0.5299937185929648,0.6115130007154934,3105300.0,5414230.0,0.573544160480807,7726168842.5,245,False,jpx_liquidity,JPX流動性
185,8593,三菱ＨＣキャピタル,その他金融業,プライム,8593.T,2026-06-17,1325.0,0.007987828071509995,-0.0003772161448509781,-0.011562849682954068,-0.07653234765684891,0.04851304806792456,1304.375,1387.2716532389322,0.015812170579779572,-0.04488785818807983,-0.12627761292449724,0.1854416433371949,3327500.0,6095695.0,0.5458770492946251,7714107630.0,245,False,jpx_liquidity,JPX流動性
186,2801,キッコーマン,食料品,プライム,2801.T,2026-06-17,1550.5,-0.0177383592017738,-0.030028151391929936,0.07860869565217388,0.13534865074679425,0.08091141513855127,1475.8,1457.9163757324218,0.05061661471744139,0.06350407047253759,-0.04818907305095155,0.36560212306162476,2852100.0,5136565.0,0.5552543382591284,7629444425.0,245,False,jpx_liquidity,JPX流動性
187,9024,西武ホールディングス,陸運業,プライム,9024.T,2026-06-17,3039.0,-0.017141009055627432,0.06407563025210083,0.02031223770354207,-0.303933149366895,-0.3342760338293992,2869.025,3629.0497151692707,0.05924486541595142,-0.16259069494222922,-0.3479202849680486,0.3311649902584808,3117200.0,2653990.0,1.174533438332473,7586345790.0,245,False,jpx_liquidity,JPX流動性
188,7729,東京精密,精密機器,プライム,7729.T,2026-06-17,19255.0,0.003387180823345437,0.13766617429837513,0.23192578374920036,0.30837658507893084,0.907114226906232,17743.5,16560.543619791668,0.08518612449629437,0.16270337750194153,-0.025556680161943346,0.6623715687818217,346200.0,430095.0,0.8049384438321766,7554529375.0,245,False,jpx_liquidity,JPX流動性
189,4182,三菱瓦斯化学,化学,プライム,4182.T,2026-06-17,5116.0,0.0051080550098232536,0.15589697243560785,0.10903967049642316,0.22031636824092948,0.8162551134118496,5097.95,4523.515262858073,0.0035406388842573744,0.13097883011620048,-0.07736699729486018,0.6605575707400761,1114200.0,1518675.0,0.7336658600424713,7528540425.0,245,False,jpx_liquidity,JPX流動性
190,6481,ＴＨＫ,機械,プライム,6481.T,2026-06-17,7661.0,0.017397078353253548,0.10214357646381811,0.11562545507499644,0.5352705410821643,0.9378678415446298,7402.45,6281.3,0.034927625313240895,0.21965198286978804,-0.033799974776138275,0.5012330648398595,536000.0,1046955.0,0.5119608770195472,7467005150.0,245,False,jpx_liquidity,JPX流動性
191,6113,アマダ,機械,プライム,6113.T,2026-06-17,3096.0,0.010114192495921603,0.09631728045325771,0.19444444444444442,0.3336484143673166,0.6739954366877552,2917.15,2635.6676391601563,0.06130984008364315,0.17465493524309705,0.0,0.548709664629617,1658100.0,2595045.0,0.6389484575411987,7455496987.5,245,False,jpx_liquidity,JPX流動性
192,3099,三越伊勢丹ホールディングス,小売業,プライム,3099.T,2026-06-17,3697.0,-0.006716818914562106,0.02353266888150607,0.17439644218551464,0.26258734273638273,0.5722085323566612,3474.1,3198.905021158854,0.06416050200051804,0.15570796117625996,-0.015446071904127834,0.3913577608405565,1831300.0,2149430.0,0.8519933191590329,7362716790.0,245,False,jpx_liquidity,JPX流動性
193,6996,ニチコン,電気機器,プライム,6996.T,2026-06-17,4755.0,0.13214285714285712,0.13214285714285712,0.5388349514563107,1.408043676552908,2.048253194103569,3916.25,2775.1702412923178,0.2141717203957867,0.7134083989693303,0.0,0.9525619137955204,2297600.0,1812505.0,1.2676378823782555,7314623400.0,245,True,jpx_liquidity,JPX流動性
194,6841,横河電機,電気機器,プライム,6841.T,2026-06-17,5380.0,0.028680688336520044,0.1309648938406558,0.14468085106382977,-0.024561861376598437,0.07873814079644337,5025.8,5154.1225992838545,0.0704763420748935,0.043824607654371794,-0.13061825125358517,0.43022732576492023,1378800.0,1473100.0,0.9359853370443283,7163133920.0,245,False,jpx_liquidity,JPX流動性
195,4188,三菱ケミカルグループ,化学,プライム,4188.T,2026-06-17,1140.0,0.03214124038026256,0.11819519372241305,0.13886113886113893,0.2142114886113391,0.2831305324895257,1080.7,991.508647664388,0.05487184232441922,0.14976304310143962,-0.006102877070618962,0.4298594212900055,7563000.0,6577240.0,1.1498744154082867,7150739490.0,245,True,jpx_liquidity,JPX流動性
196,4689,ＬＩＮＥヤフー,情報・通信業,プライム,4689.T,2026-06-17,418.5,0.004801920768307433,0.026993865030674913,-0.006410285206032151,0.06115492284860191,0.034394459376955844,410.2899993896484,409.66648966471354,0.02001023817925085,0.021562687108032996,-0.06751334362100336,0.24792632240375664,10201800.0,17556785.0,0.5810744962702454,7089615425.422058,245,True,jpx_liquidity,JPX流動性
197,6323,ローツェ,機械,プライム,6323.T,2026-06-17,4554.0,0.03265306122448974,0.1776570985259891,0.3059936908517351,0.5771428571428572,1.2445302073628,4048.85,3629.6916666666666,0.12476382182595058,0.2546520250801836,0.0,0.7058124768385562,1602600.0,1701065.0,0.9421156745920938,7043803095.0,245,False,jpx_liquidity,JPX流動性
198,3853,アステリア,情報・通信業,プライム,3853.T,2026-06-17,1462.0,0.029577464788732355,-0.12716417910447764,-0.18460680423870612,0.1398592466978288,0.47189034127512586,2019.0,1686.7253499348958,-0.2758791480931154,-0.13323173802040134,-0.4683636363636363,1.5456526060726168,1011800.0,3175360.0,0.3186410359770231,7010779530.0,245,False,jpx_liquidity,JPX流動性
199,1942,関電工,建設業,プライム,1942.T,2026-06-17,6467.0,0.03687670354337014,0.08963774220724519,0.06225361366622861,0.031210340058257957,0.356439881152397,6128.7,6281.909521484375,0.05519930817302199,0.0294640471790637,-0.11965695616662131,0.6024499923809501,836500.0,1156530.0,0.7232843073677293,6970493250.0,245,False,jpx_liquidity,JPX流動性
200,4704,トレンドマイクロ,情報・通信業,プライム,4704.T,2026-06-17,5820.0,0.012349973908505785,-0.06385716583561207,-0.020861372812920553,0.08927568781583384,-0.11850215416509391,6141.8,5726.116666666667,-0.05239506333648114,0.01639563753212614,-0.14580905112636,0.4830030344653271,914000.0,1126595.0,0.8112942095429148,6946011150.0,245,False,jpx_liquidity,JPX流動性
201,9532,大阪瓦斯,電気・ガス業,プライム,9532.T,2026-06-17,5446.0,-0.0063856960408684715,-0.012869313032445207,-0.05451388888888886,-0.15495278955389236,0.024609949588058067,5505.95,5889.225130208333,-0.010888220924636038,-0.07526034756845068,-0.18405341844091794,0.23090341512512785,723500.0,1266425.0,0.5712932072566477,6922933115.0,245,False,jpx_liquidity,JPX流動性
202,6724,セイコーエプソン,電気機器,プライム,6724.T,2026-06-17,2798.5,-0.0028505255656511297,-0.008854258898530198,0.13922247099531848,0.41676920207532087,0.43063124207742187,2850.75,2381.1866821289063,-0.018328510041217272,0.1752543473399546,-0.09784010315925207,0.5967021298989662,2023200.0,2458075.0,0.8230831036481799,6902729597.5,245,False,jpx_liquidity,JPX流動性
203,9147,ＮＩＰＰＯＮ　ＥＸＰＲＥＳＳホールディングス,陸運業,プライム,9147.T,2026-06-17,5149.0,0.019402098594337724,0.004095163806552282,0.06914451827242529,0.38079914186108876,0.5608397537268675,5089.8,4324.65,0.011631105347950754,0.19061658168869178,-0.025364376301343916,0.24706311873246983,1065000.0,1359275.0,0.7835059130786632,6859887015.0,244,False,jpx_liquidity,JPX流動性
204,5805,ＳＷＣＣ,非鉄金属,プライム,5805.T,2026-06-17,13920.0,0.013100436681222627,0.13170731707317063,0.06503442999234887,0.006975103750562095,0.36346966359200605,13965.0,14331.349283854166,-0.0032223415682062218,-0.02870276034075847,-0.2685233841303205,0.652012903455261,231800.0,515040.0,0.45006213109661386,6841033400.0,245,False,jpx_liquidity,JPX流動性
205,8601,大和証券グループ本社,証券、商品先物取引業,プライム,8601.T,2026-06-17,1607.5,0.0031201248049921304,0.02847088931541908,0.09168081494057723,0.08909349199847139,0.22457113498408687,1530.65,1511.7504069010417,0.0502074282167706,0.06333690578938667,-0.017929082533202245,0.21097218594262215,4357200.0,4476715.0,0.973302968806368,6839809850.0,245,True,jpx_liquidity,JPX流動性
206,6134,ＦＵＪＩ,機械,プライム,6134.T,2026-06-17,8323.0,0.010195412064570863,0.13161114887831404,0.15277008310249318,0.5664185956923429,1.438923408479619,7850.75,6504.772062174479,0.06015348852020508,0.27952216010743736,0.0,0.5527356589512668,460000.0,912450.0,0.5041372129979725,6702068580.0,245,False,jpx_liquidity,JPX流動性
207,7173,東京きらぼしフィナンシャルグループ,銀行業,プライム,7173.T,2026-06-17,11690.0,0.0121212121212122,-0.02826267664172899,0.1017907634307258,0.036883521677257836,0.34925507584160775,11604.5,11433.384537760418,0.007367831444698103,0.022444400552791066,-0.05344129554655874,0.3964959913511707,326400.0,633595.0,0.5151555804575478,6665656900.0,245,False,jpx_liquidity,JPX流動性
208,4385,メルカリ,情報・通信業,プライム,4385.T,2026-06-17,3938.0,0.04511677282377913,0.06952743074416068,-0.06638217164532956,0.10617977528089884,0.3417376490630324,3943.5,3895.733333333333,-0.001394700139469962,0.010849476350195175,-0.07100731304552965,0.43019320526129534,3157900.0,1574240.0,2.00598383982112,6536092505.0,245,False,jpx_liquidity,JPX流動性
209,2768,双日,卸売業,プライム,2768.T,2026-06-17,5296.0,0.00094500094500094,0.04067596777362947,-0.04283390565696732,-0.18097772288535874,0.09862697558635536,5282.95,5816.658553059896,0.002470210772390402,-0.08951162395220869,-0.24228872758783193,0.2628786785064274,845400.0,1263500.0,0.6690937870993273,6520999750.0,245,False,jpx_liquidity,JPX流動性
210,7912,大日本印刷,その他製品,プライム,7912.T,2026-06-17,2644.0,-0.002075863370447295,0.039512482799292314,-0.03415525114155249,-0.1250687312902643,-0.022862413634024747,2666.725,2853.7289021809897,-0.008521688588062126,-0.07349293130847234,-0.1919424534294244,0.3081834017965795,1332700.0,2438675.0,0.5464852840169354,6468388332.5,245,False,jpx_liquidity,JPX流動性
211,7202,いすゞ自動車,輸送用機器,プライム,7202.T,2026-06-17,2248.0,-0.0004446420631392112,0.04485242853822924,0.01973236561578595,-0.06315597872684842,-0.05621636137581265,2222.075,2257.582840983073,0.011667022940269778,-0.004244735036566749,-0.21418738812732552,0.41113964455611696,3219900.0,2858790.0,1.1263156790110502,6453487710.0,245,False,jpx_liquidity,JPX流動性
212,5019,出光興産,石油・石炭製品,プライム,5019.T,2026-06-17,1284.5,-0.0023300970873786353,-0.03566066066066065,-0.06547835576573302,-0.15420917942900203,0.10600646137704883,1340.75,1418.8364501953124,-0.041954130151034885,-0.09468071543892187,-0.2257383966244726,0.355774861352109,4040400.0,4817075.0,0.8387662637596467,6437759940.0,245,True,jpx_liquidity,JPX流動性
213,6268,ナブテスコ,機械,プライム,6268.T,2026-06-17,5313.0,0.042173401333856386,0.17622315696258584,0.06901408450704216,0.16846272267429074,0.4230548634764246,5233.25,4920.583333333333,0.015239096163951693,0.07975002963740763,-0.07599999999999996,0.5603368687994263,1074600.0,1240705.0,0.8661204718285168,6376244560.0,245,False,jpx_liquidity,JPX流動性
214,3659,ネクソン,情報・通信業,プライム,3659.T,2026-06-17,2221.0,0.009545454545454524,0.006343452650656944,-0.03873620428478686,-0.24737377160284646,-0.40968498548613563,2240.575,2536.9,-0.008736596632560767,-0.12452205447593523,-0.49762497172585385,0.30903769007440296,1805900.0,2905830.0,0.6214747593630735,6370236427.5,245,False,jpx_liquidity,JPX流動性
215,8113,ユニ・チャーム,化学,プライム,8113.T,2026-06-17,943.7999877929688,0.01168395658018384,0.04576175932738913,-0.004955205278894259,-0.014925360773778928,0.0675409797585691,922.5550018310547,938.1,0.023028422066703635,0.006076098276269759,-0.1380822029287957,0.2722127626788199,4121300.0,6996180.0,0.5890786114708312,6334155089.669495,245,True,jpx_liquidity,JPX流動性
216,3003,ヒューリック,不動産業,プライム,3003.T,2026-06-17,1716.0,0.006746846582575516,-0.006657018813314042,-0.004640371229698403,-0.09873949579831931,0.021972878679600516,1685.1,1785.1916666666666,0.018337190671176895,-0.038758676706049267,-0.17121468244385418,0.27574437836997634,1869700.0,3767740.0,0.4962391247803723,6319752145.0,245,False,jpx_liquidity,JPX流動性
217,8331,千葉銀行,銀行業,プライム,8331.T,2026-06-17,2462.5,0.0028507432294848645,0.011916991986850256,0.043874523103009766,0.2093316028163863,0.4601114134030191,2375.675,2227.2559794108074,0.036547507550485525,0.10562055855448804,-0.023205077350257786,0.28822623981493767,2382900.0,2674310.0,0.8910335750156115,6291502817.5,245,False,jpx_liquidity,JPX流動性
218,6674,ジーエス・ユアサ　コーポレーション,電気機器,プライム,6674.T,2026-06-17,6718.0,0.022838002436053495,0.0477230193387399,0.09807126511932007,0.30290150489613277,0.8096239336856619,6560.6,6243.883243815104,0.02399170807548079,0.07593299516843688,-0.10366911274182788,0.6504396908222738,766500.0,939485.0,0.8158725259051501,6261593340.0,245,False,jpx_liquidity,JPX流動性
219,9042,阪急阪神ホールディングス,陸運業,プライム,9042.T,2026-06-17,4395.0,-0.02485023297093414,-0.05116580310880825,-0.08817427385892118,0.05196983132060384,0.12181785901836317,4566.3,4599.757625325521,-0.03751396097496884,-0.04451487273985022,-0.1112234580384226,0.25953288799844915,1291000.0,1358415.0,0.9503723089041273,6246198370.0,245,False,jpx_liquidity,JPX流動性
220,3197,すかいらーくホールディングス,小売業,プライム,3197.T,2026-06-17,2727.0,-0.009624114763028824,-0.0016474464579900872,-0.04899738448125546,-0.1993540810334703,-0.20526337471661638,2748.275,3039.758333333333,-0.007741219492226947,-0.10288920994267636,-0.2659488559892328,0.22859067607918934,2050800.0,2268290.0,0.9041171984181917,6245632997.5,245,False,jpx_liquidity,JPX流動性
221,5101,横浜ゴム,ゴム製品,プライム,5101.T,2026-06-17,7755.0,-0.009578544061302652,0.13063128735967333,0.23193010325655283,0.20363184851777127,0.23588657842166239,7054.95,6545.983333333334,0.09922820147555966,0.18469595859038246,-0.028438987722375297,0.4996367481861004,751100.0,893285.0,0.8408290747074002,6197704745.0,245,False,jpx_liquidity,JPX流動性
222,3064,ＭｏｎｏｔａＲＯ,小売業,プライム,3064.T,2026-06-17,1824.5,0.048563218390804685,-0.04676071055381403,-0.060020607934054615,-0.042257217847769035,-0.2138588614492558,1872.55,1835.875,-0.02566019598942615,-0.00619595560699937,-0.27539240780275875,0.42267230872765416,3158000.0,3288190.0,0.9604067891453961,6143691492.5,245,False,jpx_liquidity,JPX流動性
223,4005,住友化学,化学,プライム,4005.T,2026-06-17,579.0999755859375,0.004509931632155295,0.05482691363558745,0.0008641548930132803,0.16247301864917896,0.3018255381604831,580.1500030517578,544.1298085530599,-0.0018099240891095159,0.06426805972249472,-0.07135984884891566,0.33273133744737876,7928500.0,10806380.0,0.7336869515971121,6066332588.902588,245,True,jpx_liquidity,JPX流動性
224,4751,サイバーエージェント,サービス業,プライム,4751.T,2026-06-17,1363.5,0.022113943028485794,-0.024329159212880147,0.012249443207126953,-0.04683677036001399,0.03452200303490138,1361.9,1330.5666666666666,0.0011748292826196938,0.024751359070070533,-0.07339449541284404,0.4457685314698183,3690800.0,4470430.0,0.8256029062081276,6036596105.0,245,True,jpx_liquidity,JPX流動性
225,4768,大塚商会,情報・通信業,プライム,4768.T,2026-06-17,2794.0,-0.002321014104624153,-0.04592794946218204,-0.06959706959706957,-0.06020854355869487,-0.13526694559126629,2907.425,2968.325,-0.0390121843211777,-0.058728407435169605,-0.14311387849062507,0.31133556859779155,1817700.0,2091690.0,0.8690102261807438,6030448627.5,245,False,jpx_liquidity,JPX流動性
226,4684,オービック,情報・通信業,プライム,4684.T,2026-06-17,3823.0,-0.0010452051215050773,-0.03361981799797775,-0.08628107074569791,-0.04079595212300735,-0.21464807234040972,4014.3,4044.1896728515626,-0.047654634681015384,-0.05469319956390706,-0.22425241631451964,0.3033778278002723,1484700.0,1494295.0,0.9935789117945252,5998527900.0,245,False,jpx_liquidity,JPX流動性
227,7186,横浜フィナンシャルグループ,銀行業,プライム,7186.T,2026-06-17,1738.5,0.0034632034632033903,0.027785988767366154,0.051724137931034475,0.22382729088785314,0.36491068339494137,1661.425,1549.1755432128907,0.04639089937854557,0.12220981516043206,-0.01277683134582619,0.27382278368756313,3453600.0,3744310.0,0.9223595268554153,5991600380.0,245,False,jpx_liquidity,JPX流動性
228,1878,大東建託,不動産業,プライム,1878.T,2026-06-17,3002.0,-0.010220903395977587,-0.027534823453190804,-0.11731843575418999,-0.1604364160344035,0.02002793917091661,3103.5,3410.8902180989585,-0.03270501047204766,-0.11987785943074158,-0.2095839915745129,0.2447292965714545,1225700.0,1922555.0,0.6375370275492769,5913916880.0,245,False,jpx_liquidity,JPX流動性
229,7211,三菱自動車工業,輸送用機器,プライム,7211.T,2026-06-17,330.8999938964844,-0.013122559071493733,0.018153827373798004,-0.04170285087040948,-0.08167635826249653,-0.08865226588560737,354.175,332.98834025065105,-0.06571611803067867,-0.006271529965868217,-0.26622369566422266,0.5632561469729026,8156600.0,16528680.0,0.49348163313706844,5875666265.25116,245,True,jpx_liquidity,JPX流動性
230,6305,日立建機,機械,プライム,6305.T,2026-06-17,5417.0,-0.000369071784462105,0.02847921017657118,0.10280944625407162,-0.040097627139292547,0.20686040515814041,5237.6,5363.844010416667,0.034252329311134755,0.009910055079920932,-0.21494820250712376,0.35307975692167726,1061100.0,1157440.0,0.9167645839093171,5866715350.0,245,False,jpx_liquidity,JPX流動性
231,3697,ＳＨＩＦＴ,情報・通信業,プライム,3697.T,2026-06-17,645.0,0.011447369693006637,-0.0447275054221582,-0.009216589861751112,-0.0038610038610038533,-0.2787655050831578,679.9049987792969,664.5016682942709,-0.0513380528779247,-0.029347809380720236,-0.37073170731707317,0.7444238016932142,5182500.0,8690365.0,0.5963500957669787,5841734092.9019165,245,True,jpx_liquidity,JPX流動性
232,3402,東レ,繊維製品,プライム,3402.T,2026-06-17,1190.0,0.011045029736618472,0.0691823899371069,0.10543427775197389,0.05515751574378114,0.16749556806467614,1134.5,1128.9352030436198,0.04892022917584837,0.05409061281085825,-0.10390355432556209,0.4099269007167723,2949300.0,5151755.0,0.5724845222647428,5775157092.5,245,False,jpx_liquidity,JPX流動性
233,7550,ゼンショーホールディングス,小売業,プライム,7550.T,2026-06-17,7899.0,-0.015210073556913062,-0.003532231613472936,-0.00629009938357028,-0.16027416217410384,-0.14525318010699428,7799.9,8433.281819661459,0.012705291093475513,-0.06335396244150504,-0.2036094167464838,0.42196266162027557,718800.0,730680.0,0.9837411726063393,5680000090.0,245,False,jpx_liquidity,JPX流動性
234,1944,きんでん,建設業,プライム,1944.T,2026-06-17,7737.0,0.06058944482522266,0.11871023713128981,0.14997027348394765,0.023213050374014443,0.1606346107164942,6975.5,7241.379329427084,0.10916780159128381,0.06844285432732988,-0.0924340175953079,0.5049616211927009,1222400.0,799905.0,1.5281814715497466,5670560035.0,245,True,jpx_liquidity,JPX流動性
235,9602,東宝,情報・通信業,プライム,9602.T,2026-06-17,1275.5,-0.006619937694704037,-0.03261281759575274,-0.008550330353672808,-0.22343987823439881,-0.23981574678897344,1253.425,1430.8333333333333,0.017611743821927872,-0.10856144437973203,-0.2614360162130863,0.40592212029098607,2583300.0,4472840.0,0.5775525169690845,5543174445.0,245,False,jpx_liquidity,JPX流動性
236,7826,フルヤ金属,その他製品,プライム,7826.T,2026-06-17,9200.0,0.024498886414253906,0.14143920595533488,-0.030558482613277094,0.2348993288590604,1.9534510433386836,8973.5,8003.5,0.025240987351646593,0.14949709502092845,-0.14338919925512106,0.6595941295302701,271800.0,641945.0,0.42340075863197,5506335750.0,245,False,jpx_liquidity,JPX流動性
237,3391,ツルハホールディングス,小売業,プライム,3391.T,2026-06-17,2015.5,-0.0032146389713155754,-0.04115128449096095,-0.032405184829572775,-0.17006382540662957,-0.2788162278159557,2011.45,2144.8333333333335,0.0020134728678316005,-0.060299945605719274,-0.312362532695208,0.3418578073599572,946500.0,2813130.0,0.3364579667487816,5488741742.5,245,False,jpx_liquidity,JPX流動性
238,7309,シマノ,輸送用機器,プライム,7309.T,2026-06-17,16920.0,0.019584212112081945,0.06482064191315295,0.001776198934280604,0.015606242496998712,0.03628338792646302,16374.75,16615.166666666668,0.033298218293408954,0.018346691276042826,-0.09999999999999998,0.31346262691234333,252300.0,339050.0,0.7441380327385342,5447991525.0,245,False,jpx_liquidity,JPX流動性
239,1911,住友林業,建設業,プライム,1911.T,2026-06-17,1352.5,-0.0022132054592400863,0.008951883625512913,0.0828662930344275,-0.09289067739771961,-0.14324452770299856,1305.225,1366.7333333333333,0.03621980884521836,-0.010414126140188329,-0.26012035010940915,0.2554338496241662,3049500.0,4269445.0,0.7142614555287631,5407459820.0,245,False,jpx_liquidity,JPX流動性
240,6407,ＣＫＤ,機械,プライム,6407.T,2026-06-17,7450.0,-0.0026773761713521083,0.20355411954765756,0.25844594594594605,0.5764167329378997,1.755127017159142,6614.0,5871.4195271809895,0.12639854853341403,0.2688584022162226,-0.0026773761713521083,0.7101631216073682,460000.0,847385.0,0.5428465219469308,5399702900.0,245,False,jpx_liquidity,JPX流動性
241,5214,日本電気硝子,ガラス・土石製品,プライム,5214.T,2026-06-17,6590.0,0.036978756884342934,0.1301663522551877,-0.005583220159951718,0.005339435545385296,0.10913567211650044,6423.1,6802.3,0.02598433778082221,-0.03121003190097471,-0.1959492435334309,0.6171144951942391,740200.0,851030.0,0.8697695733405403,5385008610.0,245,False,jpx_liquidity,JPX流動性
242,5844,京都フィナンシャルグループ,銀行業,プライム,5844.T,2026-06-17,4535.0,-0.025987972508591084,0.009123275478415627,0.03420752565564422,0.06395265385029991,0.3829812104331718,4496.95,4391.172094726562,0.008461290430180402,0.03275387576956135,-0.03304904051172708,0.32578305138058566,1291700.0,1204205.0,1.0726578946275758,5364085360.0,245,False,jpx_liquidity,JPX流動性
243,5110,住友ゴム工業,ゴム製品,プライム,5110.T,2026-06-17,2284.0,0.00683270883843945,0.12263455394445799,0.19769271106449926,0.06978922716627634,-0.053364836354621525,2058.225,2057.2083333333335,0.1096940324794422,0.1102424402001092,-0.18209489704565807,0.447168790645651,1657900.0,2620165.0,0.6327464110084671,5341340947.5,245,False,jpx_liquidity,JPX流動性
244,4022,ラサ工業,化学,プライム,4022.T,2026-06-17,2325.0,0.005188067444876765,0.2560777957860616,0.2732749178532312,0.3388398520797906,0.9924288040196716,2064.5,1925.2822570800781,0.12618067328651006,0.20761513874134074,-0.12363362231436115,1.1856139867962814,1656700.0,2493100.0,0.6645140588022943,5333291885.0,245,False,jpx_liquidity,JPX流動性
245,5831,しずおかフィナンシャルグループ,銀行業,プライム,5831.T,2026-06-17,3032.0,-0.028516501121435445,0.012184944082790805,0.02779661016949153,0.1959838135281462,0.2580938352847739,2940.225,2817.916377766927,0.03121359759882325,0.0759723119969673,-0.028516501121435445,0.2545715342975434,1519300.0,1805675.0,0.8414027995071095,5312696155.0,244,False,jpx_liquidity,JPX流動性
246,1963,日揮ホールディングス,建設業,プライム,1963.T,2026-06-17,2760.0,0.03603603603603611,0.09155625865137429,0.04229607250755296,0.24866241880628115,0.5305747778797112,2655.175,2513.2804158528647,0.039479507000480085,0.09816635763797676,-0.03597624869018512,0.425248086283788,1864000.0,2033140.0,0.916808483429572,5250385890.0,245,False,jpx_liquidity,JPX流動性
247,4612,日本ペイントホールディングス,化学,プライム,4612.T,2026-06-17,1114.5,0.022946305644791165,0.1549222797927461,0.0619342544068604,0.08256435162700337,0.09189672480638222,1020.6949981689453,1004.4933319091797,0.09190306800693082,0.10951458272175607,-0.10012111425111025,0.36100469098566756,4487400.0,5119240.0,0.8765754291652668,5241523441.262512,245,True,jpx_liquidity,JPX流動性
248,3231,野村不動産ホールディングス,不動産業,プライム,3231.T,2026-06-17,928.0,-0.003864293345084424,-0.02857739782457236,-0.02377443316470451,-0.1209046170056729,0.002542432001911843,913.6349945068359,981.9478749593098,0.015722915146128003,-0.05493965243475407,-0.18442631480587068,0.2909058627157293,3106200.0,5869260.0,0.5292319645065988,5234380481.956482,245,False,jpx_liquidity,JPX流動性
249,5711,三菱マテリアル,非鉄金属,プライム,5711.T,2026-06-17,4882.0,-0.0032666394446713154,0.09192574368150308,0.020058503969912156,-0.12010505582014486,0.49259805668711243,4941.9,5180.665283203125,-0.012120844209716819,-0.05764998641612007,-0.199672131147541,0.5237098605826954,659400.0,1101365.0,0.5987115987887758,5183268465.0,245,False,jpx_liquidity,JPX流動性
250,9962,ミスミグループ本社,卸売業,プライム,9962.T,2026-06-17,3859.0,-0.004129032258064491,0.06074766355140193,0.23330137424097153,0.3212066075442812,0.5864133297362573,3651.1,3244.639200846354,0.05694174358412529,0.18934641453921652,-0.004129032258064491,0.3805886116743272,969900.0,1431350.0,0.6776120445733049,5173753315.0,245,False,jpx_liquidity,JPX流動性
251,6728,アルバック,電気機器,プライム,6728.T,2026-06-17,9356.0,0.03748059436682194,0.1391696091562158,0.05064570466030327,-0.021338912133891164,0.42643695685317873,9063.95,9399.616666666667,0.03222105152830701,-0.004640260152453002,-0.1734982332155477,0.5536271549638329,499700.0,574270.0,0.8701481881345012,5171126590.0,245,False,jpx_liquidity,JPX流動性
252,7259,アイシン,輸送用機器,プライム,7259.T,2026-06-17,2371.0,0.008292579204763006,0.018470790378006807,0.018033490768570193,0.02476446737734017,-0.19929648753295237,2359.8,2307.699825032552,0.0047461649292313,0.02742998646565975,-0.21721687996039507,0.3682339220454296,1368700.0,2191945.0,0.6244226018444806,5155325790.0,245,False,jpx_liquidity,JPX流動性
253,7731,ニコン,精密機器,プライム,7731.T,2026-06-17,2104.5,0.002142857142857224,0.15315068493150674,0.09438377535101394,0.07104220157747054,0.19642514490466012,1946.0,1939.9810872395833,0.08144912641315516,0.08480439002346785,-0.09542230818826558,0.5586257193599782,1835800.0,2639510.0,0.6955078783562101,5097196640.0,245,False,jpx_liquidity,JPX流動性
254,4183,三井化学,化学,プライム,4183.T,2026-06-17,2159.5,0.016474464579901094,0.07732601646295834,0.07384385877672806,0.10887829164300689,0.13634984928639882,2108.325,2003.245939127604,0.024272823212740047,0.07800043809919965,-0.08244308209827134,0.3960041883159228,3216800.0,2349995.0,1.368853976285056,5032187137.5,245,False,jpx_liquidity,JPX流動性
255,3289,東急不動産ホールディングス,不動産業,プライム,3289.T,2026-06-17,1311.5,-0.006439393939393967,-0.028158577250833594,0.0026758409785931914,-0.057770802335128435,-0.07279940618057901,1303.15,1336.1958618164062,0.006407550934274475,-0.01848221695795038,-0.15485258899457444,0.291142974844708,2849700.0,3877310.0,0.7349683156621473,4969528395.0,245,False,jpx_liquidity,JPX流動性
256,9023,東京地下鉄,陸運業,プライム,9023.T,2026-06-17,1330.0,-0.013353115727002929,-0.016999260901699897,-0.13157035586026766,-0.17396890920190222,-0.15266872922862662,1417.35,1532.2772216796875,-0.061629096553427076,-0.1320108520949953,-0.22348314636370847,0.1887699750042515,1818400.0,3530290.0,0.5150851629752796,4958049377.5,244,False,jpx_liquidity,JPX流動性
257,4047,関東電化工業,化学,プライム,4047.T,2026-06-17,3895.0,0.03590425531914887,0.0090673575129534,0.46099024756189055,1.511945538656704,2.8733060346515016,3681.75,2366.4385884602866,0.0579208256943029,0.6459332682426657,-0.1157775255391601,1.02365732931226,953400.0,1333365.0,0.7150330179658233,4945960150.0,245,False,jpx_liquidity,JPX流動性
258,6806,ヒロセ電機,電気機器,プライム,6806.T,2026-06-17,28560.0,0.012586420847367386,0.06866230121608985,0.21843003412969275,0.31240387666918923,0.702222966725403,26925.25,23489.226627604166,0.0607143851960521,0.21587655706113118,-0.004531195538515109,0.5014331971177984,101900.0,184675.0,0.5517801543251658,4855388600.0,245,False,jpx_liquidity,JPX流動性
259,4043,トクヤマ,化学,プライム,4043.T,2026-06-17,5114.0,0.020962267917748134,0.09836769759450181,0.22814601344860708,0.33490613953951964,0.26718405566405323,4965.8,4297.992102050781,0.029844133875709833,0.18985793332655554,-0.09035930273923876,0.7174654661001847,409300.0,983815.0,0.41603350223365165,4836386870.0,245,False,jpx_liquidity,JPX流動性
260,4042,東ソー,化学,プライム,4042.T,2026-06-17,3019.0,-0.008864084044648668,0.08949837603753164,0.18764752163650678,0.2689336085636074,0.33369744676243185,2780.175,2550.1604899088543,0.0859028658267913,0.18384706058554867,-0.008864084044648668,0.3880806946830631,1645800.0,1690325.0,0.9736589117477408,4759609747.5,245,False,jpx_liquidity,JPX流動性
261,6141,ＤＭＧ森精機,機械,プライム,6141.T,2026-06-17,3722.0,-0.01089556205155462,0.12617246596066556,0.17710309930423773,0.40904788945674797,0.4739103389721375,3415.3,3040.625,0.08980177436828374,0.22409044193216854,-0.026419042636672718,0.4852579481678659,1030400.0,1450325.0,0.7104614482960716,4749601605.0,245,False,jpx_liquidity,JPX流動性
262,4021,日産化学,化学,プライム,4021.T,2026-06-17,7925.0,0.01576518841322727,0.11666901507679306,0.10237863402420366,0.25881195123685896,0.52188259457428,7415.95,6833.998559570313,0.06864258793546352,0.1596432060849431,0.0,0.2926800136858765,525700.0,641520.0,0.8194600324229954,4703001015.0,245,False,jpx_liquidity,JPX流動性
263,5714,ＤＯＷＡホールディングス,非鉄金属,プライム,5714.T,2026-06-17,9839.0,0.015900877645844025,0.09358675113926873,-0.02824691358024689,0.01893782904547492,0.5665175579759156,9993.9,9791.645930989584,-0.015499454667347035,0.004836170480853053,-0.15472508591065293,0.5168662084763036,365500.0,475365.0,0.7688828584350973,4683534340.0,245,False,jpx_liquidity,JPX流動性
264,5076,インフロニア・ホールディングス,建設業,プライム,5076.T,2026-06-17,2709.5,-0.0023932253313696528,0.05223300970873779,0.09651962768110067,0.21372499355850771,0.35382618550086065,2481.175,2299.678662109375,0.09202293268310369,0.17820808821816736,-0.0023932253313696528,0.337239559985964,1706900.0,1896245.0,0.9001473965653173,4664375527.5,244,False,jpx_liquidity,JPX流動性
265,2587,サントリービバレッジ＆フード,食料品,プライム,2587.T,2026-06-17,4325.0,0.0,-0.0032265498962894545,0.03221957040572798,-0.061822125813449036,-0.08717717662631086,4265.75,4411.983333333334,0.013889702865850007,-0.0197152452222924,-0.17540514775977123,0.19328968314346187,860500.0,1106905.0,0.7773928205220864,4653951810.0,245,False,jpx_liquidity,JPX流動性
266,8354,ふくおかフィナンシャルグループ,銀行業,プライム,8354.T,2026-06-17,6873.0,0.0017490161783997316,0.0018950437317784008,0.029354500524187532,0.10976630177476299,0.3945264759730842,6693.35,6477.628247070313,0.026840072609380927,0.06103649944846801,-0.04316324394888049,0.2725449705954346,544000.0,692390.0,0.7856843686361733,4568225350.0,245,False,jpx_liquidity,JPX流動性
267,2875,東洋水産,食料品,プライム,2875.T,2026-06-17,9926.0,0.0038430420711974556,-0.01868512110726639,-0.10293718933574336,-0.0938562058873087,-0.09670572353707807,10470.8,10711.868798828125,-0.05203040837376316,-0.0733643039871903,-0.18626746936521454,0.20947476933619444,415400.0,428915.0,0.9684902603079865,4534851015.0,245,False,jpx_liquidity,JPX流動性
268,3038,神戸物産,卸売業,プライム,3038.T,2026-06-17,2625.0,0.013513513513513598,-0.018141013652515414,-0.0665007112375533,-0.2845461978740801,-0.30481991525423724,2651.45,2939.1916666666666,-0.009975673687982023,-0.10689730453100765,-0.3364509605662285,0.28183544011001793,1352700.0,1704185.0,0.7937518520583152,4514476765.0,245,False,jpx_liquidity,JPX流動性
269,6586,マキタ,機械,プライム,6586.T,2026-06-17,5863.0,0.0177052595035585,0.07855040470934505,0.03733191790516632,0.09687472537992803,0.255337531374489,5555.4,5495.967106119791,0.05536955034740987,0.0667822217260936,-0.015219961025181528,0.30801171744035943,822700.0,802960.0,1.0245840390554948,4393533640.0,245,False,jpx_liquidity,JPX流動性
270,6966,三井ハイテック,電気機器,プライム,6966.T,2026-06-17,1320.0,0.19133574007220222,0.7054263565891472,0.8776671408250356,1.1256038647342996,0.7885405248052109,876.95,732.0333333333333,0.5052169450937909,0.8031965757479169,0.0,1.323905013879923,20421200.0,3498815.0,5.836604679012751,4362568515.0,245,True,jpx_liquidity,JPX流動性
271,6856,堀場製作所,電気機器,プライム,6856.T,2026-06-17,27455.0,0.016099185788305048,0.10974130962004858,0.11401907080543716,0.406145966709347,0.8421039699438855,25901.25,22690.333333333332,0.05998745234303371,0.20998663160523567,0.0,0.3883378849681424,152300.0,168240.0,0.9052543984783642,4335853400.0,245,False,jpx_liquidity,JPX流動性
272,6370,栗田工業,機械,プライム,6370.T,2026-06-17,9370.0,0.019919451398715537,0.1426829268292682,0.11707200762994763,0.18370695515181135,0.4850345110395007,8667.45,8273.912858072918,0.08105613531084677,0.13247506478843585,0.0,0.3950278400187975,701100.0,503415.0,1.3926879413605078,4335007230.0,245,False,jpx_liquidity,JPX流動性
273,4528,小野薬品工業,医薬品,プライム,4528.T,2026-06-17,2249.5,-0.0042054006197432825,0.011465827338129397,-0.07294457036884405,-0.051913315573336116,0.0392736731793244,2297.275,2395.038700358073,-0.020796378317789577,-0.06076674265694082,-0.14549906397624524,0.27999754988793824,1121900.0,1901925.0,0.5898760466369599,4275696085.0,245,False,jpx_liquidity,JPX流動性
274,6941,山一電機,電気機器,プライム,6941.T,2026-06-17,9790.0,-0.02197802197802201,0.130484988452656,0.20122699386503062,0.07549247023529193,0.8180944371891659,9124.5,9315.45555826823,0.07293550331525012,0.05094162478297415,-0.12432915921288012,0.8170970150408938,282000.0,477375.0,0.5907305577376276,4254310600.0,245,False,jpx_liquidity,JPX流動性
275,6368,オルガノ,機械,プライム,6368.T,2026-06-17,17475.0,0.0857409133271203,0.21565217391304348,0.08472998137802601,0.15747438189474727,0.4262073734404743,15772.5,15787.641959635417,0.1079410366143605,0.10687840810417959,-0.0756413647183285,0.535395887603379,367800.0,263415.0,1.3962758385057799,4227072125.0,245,True,jpx_liquidity,JPX流動性
276,7181,かんぽ生命保険,保険業,プライム,7181.T,2026-06-17,1516.0,-0.028205128205128216,-0.03316326530612246,-0.008502289077828684,-0.0437841750470771,0.032524370684658965,1483.025,1542.5031412760416,0.02223495895214178,-0.017181904248257607,-0.12928332419316324,0.34533156367134504,1669300.0,2910915.0,0.5734622962195736,4199769862.5,245,False,jpx_liquidity,JPX流動性
277,9684,スクウェア・エニックス・ホールディングス,情報・通信業,プライム,9684.T,2026-06-17,2453.0,0.0020424836601307117,-0.010887096774193528,-0.10539752005835157,-0.04952512146653032,-0.1293576363073593,2549.1,2547.9406494140626,-0.03769958024400766,-0.03726171935594169,-0.14674949596804154,0.2797201760709734,826000.0,1665280.0,0.4960126825518832,4192489007.5,245,False,jpx_liquidity,JPX流動性
278,9435,光通信,情報・通信業,プライム,9435.T,2026-06-17,35510.0,-0.0016868147315153292,-0.026589912280701733,-0.05933774834437089,-0.17902219348324666,-0.16626388717943263,36251.5,38457.3654296875,-0.020454326027888547,-0.07663981650215324,-0.21617541827485232,0.32700197451998764,69700.0,117580.0,0.5927878890967851,4162217750.0,245,False,jpx_liquidity,JPX流動性
279,5991,日本発條,金属製品,プライム,5991.T,2026-06-17,3938.0,0.06605305901461822,0.04345521992580825,0.2650176678445231,0.424690367037303,0.5736223820923281,3666.0,3067.8118693033853,0.07419530823786147,0.28365107371926634,-0.027414176339837004,0.5630587141582363,1184400.0,1089685.0,1.0869196143839734,4127720890.0,245,True,jpx_liquidity,JPX流動性
280,4208,ＵＢＥ,化学,プライム,4208.T,2026-06-17,3163.0,-0.010325406758448064,0.04804506295559974,0.09427434699878923,0.2435835068471901,0.28459168933056933,3008.9,2621.5491251627604,0.051214729635414846,0.20653851939685586,-0.012488292226038089,0.3196239593101899,582200.0,1695160.0,0.34344840605016635,4092016137.5,245,False,jpx_liquidity,JPX流動性
281,429A,テクセンドフォトマスク,その他製品,プライム,429A.T,2026-06-17,4215.0,0.03562653562653573,0.14382632293080055,0.02058111380145289,0.4362459466696993,0.4149857367447125,4103.25,3810.2779825846355,0.02723450923048798,0.10621850144929024,-0.18786127167630062,0.9095240254475991,580500.0,991815.0,0.5852906035903873,4041472900.0,161,False,jpx_liquidity,JPX流動性
282,5301,東海カーボン,ガラス・土石製品,プライム,5301.T,2026-06-17,1796.5,-0.006909894969596486,0.0,0.15828497743391368,0.8776129002091131,0.9067578292342764,1769.8,1330.090000406901,0.01508645044637813,0.35066048120835047,-0.05422479599894714,0.43989343772793965,1723000.0,2265655.0,0.7604864818341716,4011568237.5,245,False,jpx_liquidity,JPX流動性
283,6770,アルプスアルパイン,電気機器,プライム,6770.T,2026-06-17,2195.5,0.04299287410926356,0.07886977886977897,0.02116279069767435,-0.02088232178275662,0.1101383690531903,2129.425,2177.406982421875,0.031029503269661918,0.008309433066114646,-0.07225860976125076,0.4039441968342668,1775600.0,1863780.0,0.9526875489596411,3951454992.5,245,False,jpx_liquidity,JPX流動性
284,5074,テスホールディングス,建設業,プライム,5074.T,2026-06-17,950.0,0.04166666666666674,0.18012422360248448,-0.17463075586446564,0.3970588235294117,1.9780564263322886,1020.2,828.4,-0.0688100372475986,0.14678899082568808,-0.28838951310861427,0.9365766270165725,3095700.0,3924240.0,0.7888661243960614,3942999400.0,245,False,jpx_liquidity,JPX流動性
285,4078,堺化学工業,化学,プライム,4078.T,2026-06-17,4800.0,0.005235602094240788,0.05726872246696035,0.4678899082568808,0.28126959135289,0.6089385913751144,4755.25,3988.4699503580728,0.009410651385310942,0.20346901436955056,-0.24764890282131657,1.3091311434046835,271900.0,761145.0,0.3572249702750461,3915670500.0,245,False,jpx_liquidity,JPX流動性
286,8804,東京建物,不動産業,プライム,8804.T,2026-06-17,3335.0,-0.0002997601918465209,0.0009003601440575881,0.06754161331626118,-0.15398274987316085,-0.033203001282088085,3231.05,3476.75,0.03217220408226429,-0.04077083483137989,-0.23754000914494744,0.3043687522213913,973100.0,1213580.0,0.8018424825722243,3901823215.0,245,False,jpx_liquidity,JPX流動性
287,6302,住友重機械工業,機械,プライム,6302.T,2026-06-17,5358.0,-0.00018660197798092693,0.10292301358583789,0.05576354679802953,0.010371487837073312,0.2841253846138543,5195.1,5180.566666666667,0.031356470520297997,0.034249792493742603,-0.14695112243273367,0.5529028137904818,392100.0,762170.0,0.5144521563430731,3852980985.0,245,False,jpx_liquidity,JPX流動性
288,7747,朝日インテック,精密機器,プライム,7747.T,2026-06-17,3609.0,0.014048890137679182,-0.04143426294820718,-0.0206241519674355,0.12605304212168478,0.21087065928535487,3683.85,3499.7833333333333,-0.020318416873651213,0.031206693747708236,-0.05523560209424083,0.2939274071147311,803800.0,1078785.0,0.7450974939399417,3811415280.0,245,False,jpx_liquidity,JPX流動性
289,4091,日本酸素ホールディングス,化学,プライム,4091.T,2026-06-17,5590.0,0.010119262739429091,0.0597156398104266,-0.03902355165893068,-0.10683563707333632,0.19786420337089727,5780.2,5809.448046875,-0.03290543579806926,-0.03777433675356556,-0.12683536394876604,0.37970146872148264,375300.0,660985.0,0.567788981595649,3795289670.0,245,False,jpx_liquidity,JPX流動性
290,4324,電通グループ,サービス業,プライム,4324.T,2026-06-17,3107.0,-0.004804612427930843,-0.005123278898495065,-0.009563277016257588,0.08883826879271073,-0.07804154302670618,3085.15,2990.9083333333333,0.0070823136638413775,0.03881485278998298,-0.1228119706380576,0.21369794434850628,937500.0,1240945.0,0.7554726438319184,3757335895.0,245,False,jpx_liquidity,JPX流動性
291,6254,野村マイクロ・サイエンス,機械,プライム,6254.T,2026-06-17,4900.0,0.0652173913043479,0.23581336696090793,0.10985277463193666,0.6376783520208809,0.9307764539240975,4509.75,3952.0328450520833,0.086534730306558,0.23986823797144408,-0.04483430799220278,0.7277722189876669,1015700.0,812805.0,1.2496232183611076,3748371825.0,245,True,jpx_liquidity,JPX流動性
292,6740,ジャパンディスプレイ,電気機器,プライム,6740.T,2026-06-17,51.0,0.1333333333333333,-0.05555555555555558,-0.17741935483870963,-0.5603448275862069,1.6842105263157894,55.95,75.66666666666667,-0.0884718498659518,-0.32599118942731287,-0.6165413533834587,1.0811338838730173,38359900.0,67904215.0,0.5649119130528201,3717446610.0,245,True,jpx_liquidity,JPX流動性
293,3086,Ｊ．フロント　リテイリング,小売業,プライム,3086.T,2026-06-17,2380.5,0.011902231668437846,0.019267822736030782,0.085499316005472,-0.05535714285714288,0.09057903702947279,2249.825,2358.4,0.05808229528963382,0.009370759837177722,-0.12698251534681626,0.2838847192806486,1424200.0,1654170.0,0.8609755950113954,3693770615.0,245,False,jpx_liquidity,JPX流動性
294,4061,デンカ,化学,プライム,4061.T,2026-06-17,4324.0,0.029033793431699095,0.13282682735132312,0.12107855846512838,0.2758232941447323,0.6213734786381568,4056.85,3893.417834472656,0.06585158435732152,0.1105923339937811,-0.03417467053830692,0.6225185453941104,886200.0,912470.0,0.9712100123839688,3669960945.0,245,False,jpx_liquidity,JPX流動性
295,5406,神戸製鋼所,鉄鋼,プライム,5406.T,2026-06-17,1978.0,-0.005780346820809301,0.039957939011566745,0.05128886526707421,-0.013869913013165647,0.020263439893066115,1948.85,1935.460030110677,0.014957539061497771,0.02197925517836219,-0.14062513756074813,0.20168391615554926,1310000.0,1921570.0,0.6817342069245461,3668640235.0,245,False,jpx_liquidity,JPX流動性
296,4203,住友ベークライト,化学,プライム,4203.T,2026-06-17,6983.0,0.033752775721687556,0.14213280994438993,0.10665610142630744,0.2994725486889316,0.35867569918028286,6637.25,5834.705981445312,0.05209235752759045,0.19680409299223056,0.0,0.39285064381554907,552000.0,550820.0,1.0021422606296069,3642530375.0,245,False,jpx_liquidity,JPX流動性
297,7167,めぶきフィナンシャルグループ,銀行業,プライム,7167.T,2026-06-17,1388.5,-0.01733899504600145,0.00945110868775001,0.0021652832912306685,0.1461356762967012,0.3374307803303731,1369.225,1321.8833536783854,0.014077306505505094,0.05039525320917426,-0.01768659356207991,0.21549093378829745,2240800.0,2661155.0,0.8420403922357022,3636042625.0,245,False,jpx_liquidity,JPX流動性
298,2282,日本ハム,食料品,プライム,2282.T,2026-06-17,5910.0,-0.023140495867768562,-0.028759244042728005,-0.06413301662707838,-0.12351571601621858,-0.11362287229812229,6009.75,6491.849357096354,-0.016598028204168225,-0.08962767388622839,-0.20253676966671164,0.24755923133302293,665800.0,595070.0,1.1188599660544138,3620717625.0,245,False,jpx_liquidity,JPX流動性
299,1969,高砂熱学工業,建設業,プライム,1969.T,2026-06-17,4722.0,0.013957483358385314,0.011784872509106536,0.12858508604206498,-0.009623309612331155,0.06325018921710956,4565.2,4514.156013997396,0.03434679751160963,0.04604271216106093,-0.1558359119181948,0.4426284504365757,414500.0,798030.0,0.5194040324298586,3598591470.0,245,False,jpx_liquidity,JPX流動性
300,3656,ＫＬａｂ,情報・通信業,プライム,3656.T,2026-06-17,244.0,0.07964601769911495,0.03389830508474567,-0.22539682539682537,-0.37275064267352187,-0.2906976744186046,251.65,283.25,-0.0303993641963044,-0.1385701676963813,-0.4377880184331797,0.9754240182338785,5415800.0,13281515.0,0.40776974614718275,3516522640.0,245,True,jpx_liquidity,JPX流動性
301,3915,テラスカイ,情報・通信業,プライム,3915.T,2026-06-17,2699.0,0.0813301282051282,0.12552126772310257,0.4724495362793235,0.6407294832826749,0.34531191198298994,2457.95,1979.5666666666666,0.09806952948595393,0.36342970683819686,-0.22553802008608326,1.456032365181567,554700.0,1169905.0,0.47414106273586315,3507950625.0,245,True,jpx_liquidity,JPX流動性
302,2269,明治ホールディングス,食料品,プライム,2269.T,2026-06-17,3590.0,-0.007464749792645886,-0.04597395694924267,-0.05848413322842905,-0.10383128968751809,0.07013083643124562,3701.7,3769.878629557292,-0.030175324850744256,-0.04771470045400783,-0.10740924912978622,0.21654775977516907,1107100.0,942580.0,1.1745422139234867,3500077970.0,245,False,jpx_liquidity,JPX流動性
303,3923,ラクス,情報・通信業,プライム,3923.T,2026-06-17,921.5999755859375,0.03272069741486994,-0.05564099546029533,0.03168027334567425,0.22543848835230373,-0.07439768702007676,961.2950042724609,866.5081461588542,-0.0412932851102934,0.0635791246410089,-0.13062583104304104,0.4544832482150001,2647600.0,3672425.0,0.7209405229514558,3455447979.9697876,245,False,jpx_liquidity,JPX流動性
304,1893,五洋建設,建設業,プライム,1893.T,2026-06-17,1797.5,0.007849733669750503,0.09871638141809291,0.05024832018697056,-0.022847075917759807,0.19238769702375969,1708.8,1753.9433939615885,0.05190777153558046,0.024833530083334887,-0.17672940207727506,0.5960120682884171,1216700.0,2062520.0,0.5899094311812734,3439155835.0,245,False,jpx_liquidity,JPX流動性
305,6622,ダイヘン,電気機器,プライム,6622.T,2026-06-17,16830.0,0.0369685767097967,0.14256619144602856,0.10143979057591612,0.29203132197144166,0.8066422558120445,15891.0,14762.847184244793,0.05909005097224851,0.14002399333655058,-0.06862202545655782,0.5274869630845771,210700.0,219855.0,0.9583589183780219,3430329550.0,245,False,jpx_liquidity,JPX流動性
306,4369,トリケミカル研究所,化学,プライム,4369.T,2026-06-17,3935.0,0.04515272244355906,0.18168168168168175,0.2089093701996927,0.42727602466449044,0.5142265003917619,3738.75,3284.9333333333334,0.05249080575058507,0.19789341234728242,-0.05861244019138756,0.7487797922225156,472900.0,899855.0,0.5255291130237649,3415696650.0,245,False,jpx_liquidity,JPX流動性
307,8359,八十二長野銀行,銀行業,プライム,8359.T,2026-06-17,2287.0,-0.025149190110826947,-0.018876018876018863,-0.005868289502282131,0.15204222717088967,0.38786638895171155,2336.35,2186.5523010253905,-0.021122691377576053,0.04593885036616974,-0.060973106138369926,0.27862844613775156,1905900.0,1437495.0,1.3258480899063996,3412041972.5,245,False,jpx_liquidity,JPX流動性
308,5105,ＴＯＹＯ　ＴＩＲＥ,ゴム製品,プライム,5105.T,2026-06-17,3823.0,-0.005980239209568361,0.04510661563696017,0.07206954570947843,-0.0031290743155150125,-0.11737134506022429,3696.0,3778.016666666667,0.03436147186147176,0.011906600023821934,-0.20799668531178783,0.359231160475234,643800.0,920235.0,0.6996039055241324,3387873615.0,245,False,jpx_liquidity,JPX流動性
309,4151,協和キリン,医薬品,プライム,4151.T,2026-06-17,2447.0,0.018946491775973406,0.027287993282955503,0.029015979814970505,0.013250517598343725,-0.04163507307943337,2392.05,2436.233333333333,0.022971927844317452,0.004419390589297745,-0.15181975736568454,0.25833546564608517,1057600.0,1447305.0,0.7307374741329574,3384453100.0,245,False,jpx_liquidity,JPX流動性
310,4088,エア・ウォーター,化学,プライム,4088.T,2026-06-17,2490.0,-0.011904761904761862,0.020491803278688492,0.0036275695284160303,0.16119389254712035,0.1681535492246109,2510.85,2294.6200541178387,-0.008303960810084221,0.08514697042394448,-0.05215074229158734,0.34143344557827066,546500.0,1470645.0,0.37160565602167756,3359836085.0,245,False,jpx_liquidity,JPX流動性
311,2897,日清食品ホールディングス,食料品,プライム,2897.T,2026-06-17,2666.0,-0.021292217327459673,-0.014235533370308695,-0.020932794711715053,-0.10848226134636463,-0.06942647531281343,2648.2,2815.0576293945314,0.0067215467109735805,-0.052950116487167964,-0.1866949666699388,0.25154051181209897,1692600.0,1229350.0,1.3768251515028267,3351138810.0,245,False,jpx_liquidity,JPX流動性
312,4971,メック,化学,プライム,4971.T,2026-06-17,11200.0,0.04477611940298498,0.23348017621145378,0.1594202898550725,0.5819209039548023,1.238671881671762,10518.5,9142.833333333334,0.06479060702571648,0.22500319011247427,-0.029462738301559765,0.683330409794806,242600.0,325060.0,0.7463237556143482,3334102300.0,245,False,jpx_liquidity,JPX流動性
313,4092,日本化学工業,化学,プライム,4092.T,2026-06-17,5260.0,0.07237512742099894,0.08119218910585824,0.5268505079825834,0.6854028742254525,1.083045457753594,4888.75,3814.2737711588543,0.07593965737663,0.37903053518937746,-0.055655296229802476,1.1527255867723842,326700.0,644670.0,0.5067709060449532,3322645300.0,245,True,jpx_liquidity,JPX流動性
314,8233,高島屋,小売業,プライム,8233.T,2026-06-17,2219.0,0.018824609733700592,0.10178748758689182,0.13272077590607445,0.17718832891246694,0.3537336639935871,2030.925,1956.15,0.09260558612454917,0.13437108606190717,-0.06458504025443546,0.26912625787031036,2428600.0,1554095.0,1.5627101303330877,3301234135.0,245,False,jpx_liquidity,JPX流動性
315,3861,王子ホールディングス,パルプ・紙,プライム,3861.T,2026-06-17,799.5999755859375,0.007179683834978912,0.018339229693121073,-0.008678403436492843,-0.10680539817470025,-0.030551943943505466,783.0700012207031,820.425650024414,0.021109191182737463,-0.025383987492171634,-0.17353053562611154,0.1692266017122418,3088900.0,4299965.0,0.718354684282314,3287849944.563904,245,False,jpx_liquidity,JPX流動性
316,8304,あおぞら銀行,銀行業,プライム,8304.T,2026-06-17,2757.0,0.004188672372974045,0.0030925959614334086,0.006755523096585669,0.09542662349113762,0.18438889610238407,2713.675,2651.2417439778646,0.015965434327986916,0.03989008405678551,-0.03752450897877724,0.29007352505103645,1308200.0,1220955.0,1.0714563599805071,3282643407.5,245,False,jpx_liquidity,JPX流動性
317,2432,ディー・エヌ・エー,情報・通信業,プライム,2432.T,2026-06-17,2647.5,0.010689062798243887,-0.005073280721533235,-0.040934613294692945,0.04736615540872524,0.08542935684755282,2682.35,2628.165673828125,-0.012992338807389037,0.007356585760331047,-0.040934613294692945,0.20647217111188468,1217700.0,1226395.0,0.9929101146041854,3253156105.0,245,False,jpx_liquidity,JPX流動性
318,8253,クレディセゾン,その他金融業,プライム,8253.T,2026-06-17,4430.0,0.033356659668766,0.05200664925195908,0.0626049412329095,0.05325284968848121,0.1140914584671946,4169.6,4239.390051269531,0.062452033768227055,0.04496164458219387,-0.0460941034542689,0.2146878726006311,1068100.0,761950.0,1.4017980182426668,3229426830.0,245,False,jpx_liquidity,JPX流動性
319,7752,リコー,電気機器,プライム,7752.T,2026-06-17,1500.5,0.02598290598290598,0.02914951989026071,0.03840830449826993,0.10704916063237113,0.09668429567848014,1467.4,1396.6939778645833,0.022556903366498515,0.07432266751384331,-0.03225543344335979,0.24384542191837041,2444200.0,2215805.0,1.1030754060036871,3220972210.0,245,False,jpx_liquidity,JPX流動性
320,2267,ヤクルト本社,食料品,プライム,2267.T,2026-06-17,2619.5,-0.005693680015183111,-0.023303504847128953,-0.05518485121731287,0.010577680467868777,0.09515698362797531,2692.15,2701.830704752604,-0.026985866315027085,-0.030472192283469757,-0.15144152899254937,0.273015914230258,1082900.0,1173445.0,0.9228383094222566,3174979997.5,245,False,jpx_liquidity,JPX流動性
321,8283,ＰＡＬＴＡＣ,卸売業,プライム,8283.T,2026-06-17,6637.0,-0.0010535821794099842,0.0004522158577027202,0.0010558069381598756,0.41617966715978727,0.3935842273291488,6633.7,5553.195068359375,0.0004974599394003132,0.19516781209719358,-0.001203912716328026,0.006108877501059669,169800.0,517620.0,0.3280398748116379,3174578460.0,245,False,jpx_liquidity,JPX流動性
322,4631,ＤＩＣ,化学,プライム,4631.T,2026-06-17,5178.0,0.02271380604384743,0.11354838709677417,0.16176800538478808,0.289985052316891,0.44308862823118433,4859.5,4137.316666666667,0.06554172239942391,0.2515358183041343,0.0,0.33986410671074874,633300.0,681615.0,0.9291168768292951,3173141735.0,245,False,jpx_liquidity,JPX流動性
323,5929,三和ホールディングス,金属製品,プライム,5929.T,2026-06-17,3713.0,0.0029713668287412176,0.018376302797586286,0.13097776424002427,0.011388559409613253,-0.057180141604792345,3516.6,3562.920304361979,0.05584939998862537,0.042122664224143014,-0.11352399156123949,0.3969144166421006,424400.0,928780.0,0.4569435173022675,3148880295.0,245,False,jpx_liquidity,JPX流動性
324,6473,ジェイテクト,機械,プライム,6473.T,2026-06-17,2044.0,-0.002196729314132284,0.011881188118811892,0.08406258286926538,0.16261108353092713,0.19808508995665353,2048.2,1871.989306640625,-0.002050580997949303,0.09188657902541997,-0.05632502308402587,0.49316042785189484,1269500.0,1521235.0,0.8345193214723563,3146050820.0,245,False,jpx_liquidity,JPX流動性
325,6101,ツガミ,機械,プライム,6101.T,2026-06-17,7660.0,0.03794037940379402,0.14157973174366623,0.3321739130434782,1.0892495874486916,1.7023673068899714,6522.0,5096.584395345052,0.1744863538791781,0.5029673612382903,0.0,0.6323235096922821,344100.0,490360.0,0.7017293417081328,3140073500.0,245,False,jpx_liquidity,JPX流動性
326,8252,丸井グループ,小売業,プライム,8252.T,2026-06-17,2796.5,-0.009211691762621821,-0.014622973925299543,-0.016528925619834656,-0.07069649263390076,-0.08790578943755833,2756.7,2931.240169270833,0.014437552145681432,-0.045966949649284716,-0.12129220507138239,0.1880505331034872,721800.0,1157885.0,0.623377969314742,3124050272.5,245,False,jpx_liquidity,JPX流動性
327,9831,ヤマダホールディングス,小売業,プライム,9831.T,2026-06-17,663.9000244140625,-0.005542167925676855,-0.031792310638586896,0.10760760322466001,0.2530923704402426,0.39521667322544785,639.9750030517578,574.4136850992838,0.037384306024792924,0.15578726906430074,-0.03963541713111096,0.28479601789894926,3101100.0,4845495.0,0.6399965328619677,3122966728.795166,245,False,jpx_liquidity,JPX流動性
328,2371,カカクコム,サービス業,プライム,2371.T,2026-06-17,3372.0,0.012612612612612706,0.005666567253206134,-0.00969162995594719,0.7821432797203942,0.5412261484087111,3353.1,2749.43286336263,0.005636575109600139,0.22643474766499794,-0.04421768707482998,0.10562222580588686,1084400.0,944340.0,1.1483152254484614,3113782695.0,245,False,jpx_liquidity,JPX流動性
329,6507,シンフォニアテクノロジー,電気機器,プライム,6507.T,2026-06-17,15680.0,0.0652173913043479,0.1807228915662651,0.18968133535660092,0.22549002023285225,0.762151397351843,14166.0,13518.421663411458,0.10687561767612586,0.15989872119753468,0.0,0.636174092294659,248900.0,221610.0,1.1231442624430306,3104466200.0,245,True,jpx_liquidity,JPX流動性
330,9513,電源開発,電気・ガス業,プライム,9513.T,2026-06-17,3880.0,0.005181347150259086,-0.014227642276422814,-0.10845588235294112,-0.04250961422773758,0.2732386882704787,4005.15,4028.0318806966147,-0.03124726914098097,-0.036750424296794204,-0.12808988764044948,0.30299616926136513,620600.0,787100.0,0.788463981704993,3086547135.0,245,False,jpx_liquidity,JPX流動性
331,1662,石油資源開発,鉱業,プライム,1662.T,2026-06-17,1645.0,-0.00182038834951459,0.0036607687614398365,-0.18604651162790697,-0.38369625834793697,0.2090062525277645,1754.3,2135.3069783528645,-0.06230405289859198,-0.22961896501227097,-0.38938381588715665,0.35300953513954847,1154600.0,1795005.0,0.6432294060462227,3042181280.0,245,False,jpx_liquidity,JPX流動性
332,5032,ＡＮＹＣＯＬＯＲ,情報・通信業,プライム,5032.T,2026-06-17,2264.0,-0.003082342580361108,-0.2246575342465753,-0.21742136190805395,-0.3314564149975445,-0.5029335108048051,2762.1,2884.9388793945313,-0.180333803989718,-0.2152346740617428,-0.5461566922397778,0.6683593213693825,1321500.0,1159975.0,1.1392486907045412,3018174160.0,244,False,jpx_liquidity,JPX流動性
333,5938,ＬＩＸＩＬ,金属製品,プライム,5938.T,2026-06-17,1721.5,-0.008352534562211966,-0.010063254744105854,0.06134401972873005,0.028168592047207452,-0.04459751027449421,1698.0,1658.7205017089843,0.013839811542991853,0.037848147548869004,-0.08795769606639414,0.12452946888467337,1721200.0,1802390.0,0.9549542551833954,3010176475.0,245,False,jpx_liquidity,JPX流動性
334,4368,扶桑化学工業,化学,プライム,4368.T,2026-06-17,4125.0,0.0060975609756097615,0.11036339165545095,0.10000000000000009,0.3383627552402573,0.9766915125808178,4170.5,3515.6569213867188,-0.010909962834192544,0.17332267972636295,-0.10130718954248363,0.6026632246507297,423500.0,711430.0,0.5952799291567688,2965924325.0,245,False,jpx_liquidity,JPX流動性
335,3288,オープンハウスグループ,不動産業,プライム,3288.T,2026-06-17,8463.0,0.0029627873903768087,-0.04308005427408412,-0.016958996399117243,-0.17748115638998052,-0.05202765120625352,8521.5,9251.545296223958,-0.006864988558352381,-0.08523390103767903,-0.2723737153145638,0.3442364677990694,166000.0,363380.0,0.4568220595519841,2951368380.0,245,False,jpx_liquidity,JPX流動性
336,6135,牧野フライス製作所,機械,プライム,6135.T,2026-06-17,14250.0,-0.00972897845726195,-0.0165631469979296,0.0803639120545867,0.2578526355641799,0.33251974625872616,13871.0,12664.72509765625,0.027323192271645924,0.1251724684207416,-0.044906166219839116,0.4063382684159222,117000.0,217510.0,0.5379063031584754,2920798050.0,245,False,jpx_liquidity,JPX流動性
337,2871,ニチレイ,食料品,プライム,2871.T,2026-06-17,2046.0,-0.013975903614457885,-0.011355399855037418,0.0765588003157065,0.028117621122621728,0.09036213904120438,1933.775,1925.9531209309896,0.05803415599022621,0.06233115321674121,-0.039662051161699186,0.28061855091318616,1224900.0,1495075.0,0.819290002173804,2916199610.0,245,False,jpx_liquidity,JPX流動性
338,6508,明電舎,電気機器,プライム,6508.T,2026-06-17,10020.0,0.06256627783669133,0.12457912457912457,-0.030947775628626717,0.2954175862891135,0.8499224186766354,9891.5,9022.215193684895,0.012990951827326569,0.11059199818393872,-0.0972972972972973,0.508071746988146,296300.0,297445.0,0.9961505488409622,2903931950.0,245,True,jpx_liquidity,JPX流動性
339,5233,太平洋セメント,ガラス・土石製品,プライム,5233.T,2026-06-17,4425.0,0.012585812356979309,0.0714285714285714,0.11460957178841302,0.19177224241408042,0.17246978229017418,4282.8,3860.854451497396,0.03320257775287194,0.14611935145180244,-0.06941439154586637,0.3605536916879526,606300.0,677615.0,0.8947558716970551,2899341140.0,245,False,jpx_liquidity,JPX流動性
340,4443,Ｓａｎｓａｎ,情報・通信業,プライム,4443.T,2026-06-17,1495.0,0.02117486338797825,-0.034861200774693346,0.07725380780313773,0.31004617183659167,-0.11292486772686061,1555.5527770996093,1353.852852376302,-0.038926854807531774,0.10425590002336982,-0.24221518951704946,0.5903319379368671,998900.0,1922825.0,0.5194960539830717,2886651015.0,245,False,jpx_liquidity,JPX流動性
341,6448,ブラザー工業,電気機器,プライム,6448.T,2026-06-17,3818.0,0.012732095490716189,0.006591088847877735,0.09116890540154321,0.30272822298142255,0.24829086190623983,3727.05,3303.250215657552,0.02440267772098581,0.1558313027279954,-0.019517205957883976,0.26171284189146365,556400.0,779560.0,0.7137359536148596,2880395095.0,245,False,jpx_liquidity,JPX流動性
342,5471,大同特殊鋼,鉄鋼,プライム,5471.T,2026-06-17,2385.0,-0.024539877300613466,0.09403669724770647,0.3213296398891967,0.16203833945242785,0.5387857829410037,2128.125,1962.847880045573,0.12070484581497798,0.21507123615948553,-0.030487804878048808,0.48639654737601773,1039700.0,1334370.0,0.7791691959501488,2875651515.0,245,False,jpx_liquidity,JPX流動性
343,7762,シチズン時計,精密機器,プライム,7762.T,2026-06-17,2352.0,-0.004655099449851874,0.07643020594965666,0.08187672493100284,0.37695145884038994,0.8405427750592853,2227.55,1987.4754842122395,0.05586855513905409,0.1834108237728751,-0.004655099449851874,0.40760368994115054,1337400.0,1305095.0,1.0247529873304242,2872936830.0,245,False,jpx_liquidity,JPX流動性
344,3405,クラレ,化学,プライム,3405.T,2026-06-17,1780.0,0.016561964591661926,0.05512744516893897,0.12480252764612954,0.03911266783420908,0.15061027852297149,1654.3,1654.55,0.075983799794475,0.07582122027137284,-0.04990659194021885,0.24680073190628507,1270600.0,1802495.0,0.7049118028066652,2841198130.0,245,False,jpx_liquidity,JPX流動性
345,4194,ビジョナル,情報・通信業,プライム,4194.T,2026-06-17,7248.0,0.003461165720614723,-0.0952440394457621,-0.06441203046340516,0.06057945566286227,-0.29596891694997574,7769.85,7511.75,-0.06716345875403007,-0.035111658401837165,-0.32701949860724233,0.45034854033398813,485100.0,356395.0,1.3611302066527309,2810766875.0,245,False,jpx_liquidity,JPX流動性
346,2579,コカ・コーラ　ボトラーズジャパンホールディングス,食料品,プライム,2579.T,2026-06-17,3752.0,0.007789417136717658,-0.03348789283874287,0.0625885018408383,-0.04212407454684708,0.2611737796646638,3603.5,3526.9666666666667,0.04120993478562518,0.06380364619266787,-0.10687931444894072,0.29844524638092385,544500.0,787275.0,0.6916261789082595,2805691550.0,245,False,jpx_liquidity,JPX流動性
347,1721,コムシスホールディングス,建設業,プライム,1721.T,2026-06-17,5411.0,0.01140186915887842,0.0012953367875647714,0.007635009310986929,0.01610383475373145,0.25107058234350843,5364.75,5367.038972981771,0.008621091383568702,0.008190927481528165,-0.08334745044892422,0.18920602855927043,402700.0,540020.0,0.7457131217362319,2781494970.0,245,False,jpx_liquidity,JPX流動性
348,6330,東洋エンジニアリング,建設業,プライム,6330.T,2026-06-17,2198.0,0.05268199233716464,0.16173361522198726,0.08543209876543201,-0.372,-0.035964912280701755,2032.35,2290.9,0.08150663025561555,-0.040551748221223094,-0.701763907734057,0.6562748507372469,1837600.0,1365580.0,1.3456553259420905,2774686940.0,245,False,jpx_liquidity,JPX流動性
349,9506,東北電力,電気・ガス業,プライム,9506.T,2026-06-17,1046.0,0.002395783421178743,0.030034465780403696,0.03976143141153088,-0.11186391278620766,-0.04572183443277744,1012.525,1089.2410807291667,0.033060912076245064,-0.03969835649259568,-0.19550450104762973,0.2547781063421478,1967700.0,2779410.0,0.7079560050514317,2768323983.7887573,245,False,jpx_liquidity,JPX流動性
350,6845,アズビル,電気機器,プライム,6845.T,2026-06-17,1621.5,0.03477983407785579,0.06084396467124642,0.046466602129719314,0.12379179290999054,0.16895131472755165,1605.775,1491.7784993489583,0.00979277918761956,0.0869576151604643,-0.032517899761336566,0.2540567252591101,1767700.0,1735505.0,1.018550796454058,2766902362.5,245,False,jpx_liquidity,JPX流動性
351,9041,近鉄グループホールディングス,陸運業,プライム,9041.T,2026-06-17,3446.0,-0.018792710706150295,-0.05537280701754388,-0.017393783860849776,0.07072701149861249,0.17769097970398562,3553.4,3430.2469807942707,-0.030224573647773978,0.004592386289946404,-0.05563167991230478,0.1897376095756675,605100.0,782130.0,0.7736565532584098,2762970845.0,245,False,jpx_liquidity,JPX流動性
352,6952,カシオ計算機,電気機器,プライム,6952.T,2026-06-17,1853.0,0.010911074740862059,0.049858356940509996,0.2036375446573564,0.2639040657679439,0.4806869435331995,1773.075,1658.180000813802,0.04507705539810769,0.11749025985754513,-0.016193257233873104,0.3315215850554145,1238000.0,1611005.0,0.7684644057591379,2754053712.5,245,False,jpx_liquidity,JPX流動性
353,543A,ＡＲＣＨＩＯＮ,輸送用機器,プライム,543A.T,2026-06-17,298.0,0.0,0.01016949152542379,-0.24556962025316453,-0.2713936430317848,-0.22997416020671835,333.7,364.1,-0.10698231944860648,-0.18154353199670425,-0.4258188824662813,0.6384622026193949,3806100.0,8055450.0,0.4724875705267862,2732976675.0,245,True,jpx_liquidity,JPX流動性
354,2264,森永乳業,食料品,プライム,2264.T,2026-06-17,4695.0,-0.02674129353233834,-0.10876993166287019,-0.001488728200765621,-0.0060743484371298395,0.29013231310922594,4896.9,4826.446590169271,-0.04123016602340246,-0.027234651355514283,-0.1118047673098751,0.30350633269267996,702300.0,539735.0,1.3011941045142523,2716200305.0,245,False,jpx_liquidity,JPX流動性
355,6103,オークマ,機械,プライム,6103.T,2026-06-17,4555.0,0.022446689113355678,0.12469135802469133,0.12330456226880404,0.14869175042123306,0.3269370290811555,4110.25,4172.169616699219,0.10820509701356373,0.0917581063263806,-0.10686274509803917,0.393231647060492,675500.0,676755.0,0.9981455622788158,2703556400.0,245,False,jpx_liquidity,JPX流動性
356,6471,日本精工,機械,プライム,6471.T,2026-06-17,1193.0,0.002942412778478287,0.08454545454545448,0.02800517018526505,-0.005044486157746775,0.2550382150076309,1183.725,1188.0585774739584,0.007835434750469883,0.004159241488368437,-0.140318892098808,0.5059492539530095,1836800.0,2326815.0,0.7894052599798437,2664719612.5,245,False,jpx_liquidity,JPX流動性
357,3778,さくらインターネット,情報・通信業,プライム,3778.T,2026-06-17,2983.0,0.04813773717498249,0.11806596701649186,0.05968028419182958,0.06663072345205712,-0.0007692324048514942,2901.2,3039.938785807292,0.028195229560182167,-0.018730240909167195,-0.24671717171717167,0.568869590422238,1020700.0,898300.0,1.1362573750417455,2663581910.0,245,False,jpx_liquidity,JPX流動性
358,4680,ラウンドワン,サービス業,プライム,4680.T,2026-06-17,1031.0,0.009300048947626038,0.028428927680798077,0.17159090909090913,0.16457426578214962,-0.033003328291854706,935.279995727539,898.3527689615886,0.10234368821071804,0.14765606076078464,-0.11789689382221435,0.4155448728769179,2332200.0,2832450.0,0.8233861144945189,2661524690.920105,245,False,jpx_liquidity,JPX流動性
359,6480,日本トムソン,機械,プライム,6480.T,2026-06-17,2316.0,0.09039548022598876,0.20625000000000004,0.20939947780678847,1.465047829095031,2.2018825835705296,2059.75,1460.1336018880208,0.12440830197839547,0.586156223653304,0.0,0.7363791114262267,1517300.0,1278475.0,1.1868045914077319,2648192590.0,245,True,jpx_liquidity,JPX流動性
360,6961,エンプラス,電気機器,プライム,6961.T,2026-06-17,12790.0,0.041530944625407074,0.0969125214408233,0.0007824726134584292,-0.14427472831113342,0.4536668767388392,12632.0,13937.168098958333,0.01250791640278659,-0.0823099851284762,-0.27288231949971575,0.7620535152783182,107400.0,213540.0,0.5029502669289126,2626116700.0,245,False,jpx_liquidity,JPX流動性
361,6264,マルマエ,機械,プライム,6264.T,2026-06-17,2555.0,0.017522899243329393,0.3342036553524803,0.2189885496183206,0.5029411764705882,1.7295378167150703,2235.65,1993.2833333333333,0.14284436293695335,0.2818047275433331,-0.03947368421052633,1.103837518321432,1100900.0,1085420.0,1.014261760424536,2617810820.0,245,False,jpx_liquidity,JPX流動性
362,3132,マクニカホールディングス,卸売業,プライム,3132.T,2026-06-17,3247.0,0.007759155803848561,0.006197706848465989,0.06215243702976769,0.3540177426997011,0.31800085265600764,3236.9,2787.0022013346356,0.003120269393555475,0.1650511070443652,-0.07042656742055542,0.4841001243731938,446400.0,821945.0,0.543102032374429,2612310735.0,245,False,jpx_liquidity,JPX流動性
363,7276,小糸製作所,電気機器,プライム,7276.T,2026-06-17,2815.5,0.00877821569329984,0.00968262506724038,0.05154061624649864,0.08085202978510875,0.2522385430961487,2783.7,2641.3758829752605,0.01142364478930924,0.06592174864131994,-0.03230795669358999,0.3114789123219614,499500.0,951135.0,0.5251620432430727,2592390415.0,245,False,jpx_liquidity,JPX流動性
364,5331,ノリタケ,ガラス・土石製品,プライム,5331.T,2026-06-17,4345.0,0.027186761229314405,0.15099337748344377,0.31666666666666665,0.329183915556575,0.5788517441860466,3905.0,3503.771797688802,0.11267605633802824,0.24009217805397554,-0.016968325791855254,0.6439185446604261,606800.0,613895.0,0.9884426489872047,2574461425.0,245,False,jpx_liquidity,JPX流動性
365,1808,長谷工コーポレーション,建設業,プライム,1808.T,2026-06-17,2706.5,0.006133828996282453,-0.007699358386801136,-0.002947135752440544,-0.10458761954401419,-0.10487884303228845,2683.575,2775.469490559896,0.00854270888646691,-0.024849666261682613,-0.21289744038505165,0.15919773863671388,1091500.0,984150.0,1.1090789005740995,2562721485.0,245,False,jpx_liquidity,JPX流動性
366,6923,スタンレー電気,電気機器,プライム,6923.T,2026-06-17,3787.0,0.013650963597430454,0.06796390298928379,0.10633946830265839,0.3141362684805751,0.2521164786096779,3596.35,3225.2904418945313,0.05301208169393967,0.17415782182255857,0.0,0.22081862273839176,582100.0,706450.0,0.8239790501804799,2544945750.0,245,False,jpx_liquidity,JPX流動性
367,8524,北洋銀行,銀行業,プライム,8524.T,2026-06-17,1015.0,-0.009756097560975618,0.008946322067594492,0.024217961654894093,0.07220346859926563,0.24930988343086935,996.25,990.8537404378255,0.01882057716436636,0.024369146097692473,-0.0674368937831743,0.2482253273004452,1931200.0,2614015.0,0.7387868853086152,2542983415.0,245,False,jpx_liquidity,JPX流動性
368,6235,オプトラン,機械,プライム,6235.T,2026-06-17,3845.0,0.02807486631016043,0.08309859154929566,0.021248339973439556,0.3069340584636302,1.0597010572480454,3802.25,3613.65,0.011243342757577768,0.06402114205858345,-0.2022821576763485,0.7634769862649272,368500.0,683355.0,0.5392511944743216,2490472075.0,245,False,jpx_liquidity,JPX流動性
369,6753,シャープ,電気機器,プライム,6753.T,2026-06-17,594.4000244140625,0.0010105029192135628,-0.06570258879430246,-0.010981656548980867,-0.009002940128051695,-0.23362552459466623,630.5699951171875,605.1916656494141,-0.05736075452877054,-0.017831774374769904,-0.27272723199326576,0.34338206574089336,2353100.0,4015495.0,0.5860049632735193,2488725963.1399536,245,False,jpx_liquidity,JPX流動性
370,4202,ダイセル,化学,プライム,4202.T,2026-06-17,1331.0,-0.0011257035647279645,0.025423728813559254,0.14053127677806332,-0.03448151280223499,-0.0019558039743818867,1295.625,1256.3257080078124,0.02730342498794025,0.059438640406873855,-0.17579115092599173,0.4336667059795124,1327700.0,1912660.0,0.6941641483588301,2457988487.5,245,False,jpx_liquidity,JPX流動性
371,9007,小田急電鉄,陸運業,プライム,9007.T,2026-06-17,1652.0,-0.004819277108433773,-0.044258027191206195,-0.025368731563421787,0.0025751897091979004,-0.015610790906296357,1656.175,1648.5190022786458,-0.0025208688695337322,0.002111590898583815,-0.06744943895094901,0.25657752120800026,827700.0,1498130.0,0.5524887693324344,2434602697.5,245,False,jpx_liquidity,JPX流動性
372,8227,しまむら,小売業,プライム,8227.T,2026-06-17,3313.0,0.000604047115674966,-0.02184824328314139,0.019384615384615334,-0.0528873642081189,-0.6935846102251967,3270.9,3292.3,0.0128710752392307,0.006287397867752009,-0.6981476698194737,0.21640630549341247,470100.0,762190.0,0.6167753447303166,2430342175.0,245,False,jpx_liquidity,JPX流動性
373,3498,霞ヶ関キャピタル,不動産業,プライム,3498.T,2026-06-17,6510.0,0.05853658536585371,0.14612676056338025,0.11663807890222988,-0.0166163141993958,-0.19330855018587356,5838.0,6205.5,0.1151079136690647,0.04906937394247035,-0.24214202561117582,0.4906180253486349,566600.0,406025.0,1.3954805738562897,2423140400.0,245,True,jpx_liquidity,JPX流動性
374,9509,北海道電力,電気・ガス業,プライム,9509.T,2026-06-17,934.5,0.013557483731019504,0.011473076421510076,0.008416950135127665,-0.13875841604675898,-0.08167571284948216,925.6850006103516,997.8605906168619,0.009522677135133772,-0.06349643548673811,-0.2398172683495018,0.28661894393754667,1940000.0,2688400.0,0.7216188067251897,2422554566.7633057,245,False,jpx_liquidity,JPX流動性
375,4666,パーク２４,不動産業,プライム,4666.T,2026-06-17,2118.0,-0.02057803468208097,0.14331983805668025,0.2102857142857142,0.013154747668022049,-0.001649776101814715,1857.05,1887.1,0.14051856438975796,0.12235705579990475,-0.08667529107373872,0.6032081866381348,2022100.0,1186000.0,1.7049747048903878,2415963655.0,245,False,jpx_liquidity,JPX流動性
376,6951,日本電子,電気機器,プライム,6951.T,2026-06-17,6895.0,0.03311357506742585,0.09758038841133398,0.09444444444444455,0.14552723119256528,0.45335186333904653,6806.75,6454.679191080729,0.012965071436441766,0.06821730342969179,-0.05806010928961747,0.4271414111476378,251400.0,374455.0,0.6713757327315699,2409143325.0,245,False,jpx_liquidity,JPX流動性
377,5021,コスモエネルギーホールディングス,石油・石炭製品,プライム,5021.T,2026-06-17,3669.0,-0.0019042437431990855,0.05979202772963599,-0.018721583311045786,-0.20169331137544577,-0.10872545250724464,3650.8,4019.02529296875,0.004985208721375978,-0.08709208513345668,-0.24241669303986513,0.27966183949340356,524700.0,660165.0,0.7948012996750812,2407327070.0,245,False,jpx_liquidity,JPX流動性
378,4676,フジ・メディア・ホールディングス,情報・通信業,プライム,4676.T,2026-06-17,4007.0,-0.003481720964934043,-0.027899078117418763,0.045122587376108525,0.06029239020702559,0.10808422094478343,3920.25,3968.4247436523438,0.022128690772272197,0.009720546272008468,-0.08641130870953029,0.3491927535418131,435200.0,601875.0,0.723073727933541,2396019280.0,245,False,jpx_liquidity,JPX流動性
379,4403,日油,化学,プライム,4403.T,2026-06-17,2784.0,0.00723589001447178,0.07448861443458132,0.0007189072609632419,-0.07725128723014296,-0.13028936829108295,2726.575,2978.2399861653644,0.021061221495832783,-0.06521972274486121,-0.16094032549728754,0.2950513013819374,752700.0,865150.0,0.8700225394440271,2374185862.5,245,False,jpx_liquidity,JPX流動性
380,3349,コスモス薬品,小売業,プライム,3349.T,2026-06-17,6055.0,0.009166666666666767,-0.015447154471544766,-0.014137022475402827,-0.11158783585798915,-0.23021484215687138,5956.039501953125,6237.939868164062,0.0166151513962296,-0.029326968843947032,-0.24695759241934334,0.2965284018094159,225700.0,405720.0,0.5562949817608203,2373299390.0,245,False,jpx_liquidity,JPX流動性
381,6460,セガサミーホールディングス,機械,プライム,6460.T,2026-06-17,2166.5,0.00790881600372173,-0.023879252083802704,-0.05537388271201216,-0.16603420544033498,-0.1119464829204504,2292.575,2356.4134114583335,-0.054992748328844154,-0.08059426692059102,-0.21051242764574452,0.3452361044464207,614000.0,1065305.0,0.5763607605333684,2371989890.0,245,False,jpx_liquidity,JPX流動性
382,7868,広済堂ホールディングス,その他製品,プライム,7868.T,2026-06-17,476.0,0.014925373134328401,-0.0721247563352827,-0.276595744680851,-0.010873965694804477,0.08960156837673239,571.3,554.4214172363281,-0.1668125328198844,-0.14144730848826526,-0.35413839891451837,0.773316016811875,901100.0,3981715.0,0.2263095173813294,2370203050.0,245,False,jpx_liquidity,JPX流動性
383,5393,ニチアス,ガラス・土石製品,プライム,5393.T,2026-06-17,3771.0,0.0037263774287996654,0.059269662921348276,0.1567484662576688,0.2893722893763797,0.7780290810939736,3554.35,3258.3896647135416,0.0609534795391562,0.15732014523546067,-0.0023809523809523725,0.2840550733702952,588500.0,663460.0,0.8870165496035933,2360233335.0,245,False,jpx_liquidity,JPX流動性
384,9616,共立メンテナンス,サービス業,プライム,9616.T,2026-06-17,2819.5,0.033162330524001415,0.0633603620592118,0.12420255183413076,0.1267706114189624,-0.0030971420471971323,2562.775,2499.4846394856772,0.10017461540712702,0.12803253737145304,-0.05002197128219332,0.3311324263749309,1845300.0,848535.0,2.1746893174706994,2338710717.5,245,False,jpx_liquidity,JPX流動性
385,8377,ほくほくフィナンシャルグループ,銀行業,プライム,8377.T,2026-06-17,6333.0,-0.021023342093059227,-0.017987284850364382,-0.027786306416948126,0.061520987122433146,0.4123170532648901,6490.35,6255.762239583333,-0.024243684855208225,0.012346658561916746,-0.06881340979267758,0.3005095982636592,409300.0,361550.0,1.1320702530770295,2338038510.0,245,False,jpx_liquidity,JPX流動性
386,2181,パーソルホールディングス,サービス業,プライム,2181.T,2026-06-17,242.6999969482422,0.0004121634056508672,-0.01939395172427394,0.007053929245818269,0.0636727595936164,-0.13891405071498086,241.34999923706056,237.3072191874186,0.005593526892269107,0.022724878658514358,-0.15296792175448515,0.3172822058459396,6030600.0,10137155.0,0.5949006402683987,2328553841.2124634,245,True,jpx_liquidity,JPX流動性
387,9989,サンドラッグ,小売業,プライム,9989.T,2026-06-17,3742.0,-0.0026652452025586193,-0.030067392431311513,0.005643644181671625,-0.0537377687564462,-0.11367799617349694,3736.15,3802.0799235026043,0.0015657829583930472,-0.015801857065449787,-0.12064083526783298,0.17879177230919252,346600.0,627190.0,0.5526236068814873,2319743395.0,245,False,jpx_liquidity,JPX流動性
388,7649,スギホールディングス,小売業,プライム,7649.T,2026-06-17,3045.0,0.015169194865811031,0.017034068136272618,0.018224377194449026,-0.16092587489666577,-0.16289216022847786,2879.35,3189.7083333333335,0.057530345390452764,-0.04536726189698648,-0.22241230542102874,0.2586406159031086,1207500.0,774765.0,1.5585371047995198,2316315762.5,245,False,jpx_liquidity,JPX流動性
389,8334,群馬銀行,銀行業,プライム,8334.T,2026-06-17,2307.0,-0.011144449207029616,-0.0025940337224383825,-0.0008661758336941938,0.08500371046074351,0.34976096111778454,2280.55,2214.4849141438804,0.011598079410668483,0.041777248183190174,-0.023905225301459665,0.28764846557279206,881500.0,1029605.0,0.8561535734577823,2311720922.5,245,False,jpx_liquidity,JPX流動性
390,9508,九州電力,電気・ガス業,プライム,9508.T,2026-06-17,1652.0,0.0006056935190792423,0.0018192844147968401,-0.02508114488049573,-0.08486078178320888,0.017439149575880997,1643.175,1734.4805521647136,0.0053707000167360075,-0.047553460349713306,-0.16846831463728407,0.22508553071506857,930800.0,1420490.0,0.6552668445395603,2311271567.5,245,False,jpx_liquidity,JPX流動性
391,6432,竹内製作所,機械,プライム,6432.T,2026-06-17,7390.0,-0.0013513513513513375,0.0013550135501354532,0.10134128166915057,0.14751552795031064,0.10932405769295461,7181.5,6880.666666666667,0.02903293183875233,0.07402383489971887,-0.051347881899871606,0.42912081544062225,232300.0,316925.0,0.7329809891930268,2306442150.0,245,False,jpx_liquidity,JPX流動性
392,3105,日清紡ホールディングス,電気機器,プライム,3105.T,2026-06-17,2153.0,0.006309885487263411,0.06901688182720944,-0.06085059978189744,0.3678526048284625,0.6988316964394934,2284.15,1983.075,-0.05741742004684458,0.085687631582265,-0.12692619626926194,0.48958264098246185,544400.0,1043595.0,0.5216583061436668,2306246382.5,245,False,jpx_liquidity,JPX流動性
393,6387,サムコ,機械,プライム,6387.T,2026-06-17,16190.0,-0.0018495684340320562,0.3767006802721089,0.4853211009174312,1.147214854111406,3.135376756066411,12223.5,10848.333333333334,0.3244978934020535,0.49239514518359195,-0.0018495684340320562,1.1940292319172279,321300.0,164970.0,1.9476268412438624,2289907800.0,245,False,jpx_liquidity,JPX流動性
394,9142,九州旅客鉄道,陸運業,プライム,9142.T,2026-06-17,3438.0,-0.0063583815028901425,-0.03670495937237317,-0.04948852640309653,-0.08887312908900113,-0.14927445718857013,3492.2,3629.9704711914064,-0.015520302388179363,-0.0528848575256865,-0.1572846633871775,0.17437312263957763,565300.0,652940.0,0.8657763347321347,2271349475.0,245,False,jpx_liquidity,JPX流動性
395,5741,ＵＡＣＪ,非鉄金属,プライム,5741.T,2026-06-17,2921.0,0.002746309646412648,-0.013508949679162496,-0.03597359735973593,0.20860890759453565,0.53976906712273,3163.45,2889.2540608723957,-0.07664100902495685,0.010987590034923667,-0.1829370629370629,0.5914682133436239,579300.0,711000.0,0.8147679324894515,2250097520.0,245,False,jpx_liquidity,JPX流動性
396,7282,豊田合成,輸送用機器,プライム,7282.T,2026-06-17,5000.0,0.05152471083070442,0.07526881720430101,0.11135807957323851,0.15451022271449255,0.3006246554741818,4711.9,4449.490177408854,0.061143063307795176,0.12372424719268249,-0.011505057879564462,0.34499629046319386,775800.0,469025.0,1.6540696124940035,2246727685.0,245,False,jpx_liquidity,JPX流動性
397,4613,関西ペイント,化学,プライム,4613.T,2026-06-17,2627.5,0.020388349514563142,0.06398056286697718,0.1376921411560943,0.0705499780612775,0.11752144628680572,2430.8,2402.1099772135417,0.08091986177390154,0.09383001816091352,-0.03446623869647769,0.23553454296953544,1218700.0,900740.0,1.3529986455580967,2237238817.5,245,False,jpx_liquidity,JPX流動性
398,6703,沖電気工業,電気機器,プライム,6703.T,2026-06-17,3090.0,0.014778325123152802,0.047457627118643986,0.0692041522491349,0.1310129497830086,0.7035159890364584,3208.45,3120.4291381835938,-0.036918138041733495,-0.009751587629804881,-0.1283497884344147,0.5828394232558364,307000.0,708575.0,0.43326394524221146,2213195160.0,245,False,jpx_liquidity,JPX流動性
399,6055,ジャパンマテリアル,サービス業,プライム,6055.T,2026-06-17,2361.0,-0.014607679465776346,0.11473087818696892,0.22141748577340925,0.31434980997584994,0.5834496688735216,2166.4,1935.2801534016928,0.08982644017725261,0.2199784076997886,-0.04412955465587043,0.8288869258149185,721200.0,1000585.0,0.720778344668369,2210217090.0,245,False,jpx_liquidity,JPX流動性
400,3769,ＧＭＯペイメントゲートウェイ,情報・通信業,プライム,3769.T,2026-06-17,8373.0,0.005282747028454882,0.06784848871317428,-0.048198249403205606,0.06798469387755102,-0.12131388393325637,8395.25,8269.55,-0.0026503082099996744,0.012509749623619282,-0.16219731839103457,0.424104157794886,229500.0,274300.0,0.8366751731680642,2207966650.0,245,False,jpx_liquidity,JPX流動性
401,7951,ヤマハ,その他製品,プライム,7951.T,2026-06-17,1107.0,0.0031717263253285832,0.007279344858962755,-0.004048582995951455,-0.017731333790571346,0.019841749578193513,1113.825,1135.1697937011718,-0.00612753349942774,-0.024815489151913894,-0.08926367749897157,0.24595053602479247,1532000.0,1997330.0,0.7670239770093075,2204317455.0,245,False,jpx_liquidity,JPX流動性
402,7581,サイゼリヤ,小売業,プライム,7581.T,2026-06-17,5230.0,-0.005703422053231932,-0.005703422053231932,0.0,-0.2342606149341142,-0.02607076350093107,5256.0,5569.833333333333,-0.004946727549467234,-0.06101319608605882,-0.2685314685314686,0.2609953004872393,215300.0,427585.0,0.5035256147900418,2189469000.0,245,False,jpx_liquidity,JPX流動性
403,4902,コニカミノルタ,電気機器,プライム,4902.T,2026-06-17,592.2000122070312,0.007485580989178731,-0.008040180557736587,0.026521038560378685,0.17287111086827234,-0.16026562754503182,598.8549987792969,564.437912495931,-0.011112851334348361,0.04918539151336754,-0.17955136891461376,0.3325221366653314,2279400.0,3725810.0,0.6117864303332698,2183175514.5080566,245,False,jpx_liquidity,JPX流動性
404,4527,ロート製薬,医薬品,プライム,4527.T,2026-06-17,2318.5,0.004549393414211345,-0.0391628677994198,-0.0891769789825182,-0.019756246249215792,-0.08305965669541648,2402.025,2404.6555379231772,-0.03477274383072615,-0.035828640137616996,-0.12875321651848293,0.26878030649168755,691600.0,911770.0,0.7585246279215153,2175737402.5,245,False,jpx_liquidity,JPX流動性
405,5857,ＡＲＥホールディングス,非鉄金属,プライム,5857.T,2026-06-17,3305.0,0.03930817610062887,0.09075907590759069,-0.046176046176046204,-0.12903203599300228,0.09830052927790245,3245.2,3532.0940877278645,0.01842721557993343,-0.06429446161043528,-0.2852885253299975,0.44794922292788464,574600.0,674860.0,0.8514358533621789,2163327710.0,245,False,jpx_liquidity,JPX流動性
406,6962,大真空,電気機器,プライム,6962.T,2026-06-17,1007.0,0.014098690835850913,-0.08951175406871614,0.3146214099216711,0.551258989085414,0.8459426087727064,991.05,792.5461140950521,0.016094041672973125,0.27058852739416484,-0.16982687551525144,1.2616667115354931,1686800.0,1993990.0,0.8459420558779132,2155514320.0,245,False,jpx_liquidity,JPX流動性
407,6925,ウシオ電機,電気機器,プライム,6925.T,2026-06-17,4596.0,0.0683403068340307,0.15535444947209642,0.21619476051865583,0.6097938649471557,0.8948277482940707,4144.25,3532.4817708333335,0.10900645472642823,0.30106828517781037,0.0,0.5186167279948739,591100.0,512840.0,1.152601201154356,2146006580.0,245,True,jpx_liquidity,JPX流動性
408,5830,いよぎんホールディングス,銀行業,プライム,5830.T,2026-06-17,3075.0,-0.028436018957345932,-0.0012991230919129348,-0.005498059508408759,0.050111229150057834,0.17371202642939454,3064.6,3062.8045288085937,0.0033935913332898693,0.003981798732728858,-0.14546661463334143,0.2610950210839761,761900.0,687875.0,1.1076140287116119,2119028097.5,244,False,jpx_liquidity,JPX流動性
409,8050,セイコーグループ,精密機器,プライム,8050.T,2026-06-17,7780.0,0.07310344827586213,0.15946348733233973,0.2859504132231405,0.2680546360231377,1.1683033505029603,6934.5,6369.761531575521,0.12192659888960988,0.221395802877987,0.0,0.5159587953419439,414500.0,295005.0,1.4050609311706581,2115784550.0,245,True,jpx_liquidity,JPX流動性
410,6376,日機装,精密機器,プライム,6376.T,2026-06-17,3855.0,0.037685060565275874,0.07983193277310918,0.3474309681929395,0.5910028889806025,1.5089540924107143,3374.5,2874.5666666666666,0.14239146540228176,0.34107169776314117,0.0,0.551587299095298,723000.0,604285.0,1.1964553149590011,2100840700.0,245,False,jpx_liquidity,JPX流動性
411,9064,ヤマトホールディングス,陸運業,プライム,9064.T,2026-06-17,1769.5,-0.0028176951253874316,-0.0196675900277008,0.011142857142857121,0.0071702393725197044,-0.17894984153610682,1790.45,1785.0921752929687,-0.011700969030132069,-0.00873466116135413,-0.20971431780229532,0.16572190170177245,830300.0,1171135.0,0.7089703578152817,2084527682.5,245,False,jpx_liquidity,JPX流動性
412,3046,ジンズホールディングス,小売業,プライム,3046.T,2026-06-17,8530.0,-0.009291521486643473,-0.0646929824561403,0.11212516297262054,0.5973782771535581,0.5822886677961328,8244.0,6898.5,0.03469189713731202,0.236500688555483,-0.0646929824561403,0.40229805359753995,165700.0,250930.0,0.6603435220977962,2083901300.0,245,False,jpx_liquidity,JPX流動性
413,6465,ホシザキ,機械,プライム,6465.T,2026-06-17,5478.0,0.055287998458871224,0.04982752012265235,0.08755211435378207,0.06804445310976792,0.07761063742154417,5150.15,5159.6,0.06365834004834814,0.06171021009380562,-0.028206492815327278,0.29258720758627504,682800.0,395255.0,1.727492378338035,2072552990.0,245,False,jpx_liquidity,JPX流動性
414,4536,参天製薬,医薬品,プライム,4536.T,2026-06-17,1882.0,-0.01953633758791351,-0.030895983522142068,-0.01077529566360047,0.1255769666987192,0.17894335019517849,1908.55,1808.178155517578,-0.013911084331036605,0.04082664324704832,-0.03783231083844585,0.2219339142717591,896900.0,1100600.0,0.8149191350172633,2061167885.0,245,False,jpx_liquidity,JPX流動性
415,4732,ユー・エス・エス,サービス業,プライム,4732.T,2026-06-17,1876.5,0.0069761202039173575,-0.019592476489028177,0.04511278195488733,0.1133993200076544,0.08802273055747878,1817.625,1746.8158935546876,0.03239116979574996,0.07424028309097386,-0.019592476489028177,0.1771033403742469,870300.0,1164605.0,0.7472920002919444,2051962195.0,245,False,jpx_liquidity,JPX流動性
416,1959,クラフティア,建設業,プライム,1959.T,2026-06-17,9297.0,0.010653331883900385,0.06397344930189974,0.06616972477064209,-0.054089552072713265,0.22857363164128186,8930.7,9275.148746744791,0.04101582182807606,0.002355892487748701,-0.1080776164406817,0.3077680436462116,182000.0,237605.0,0.765977146945561,2036015855.0,245,False,jpx_liquidity,JPX流動性
417,9301,三菱倉庫,倉庫・運輸関連業,プライム,9301.T,2026-06-17,1448.5,0.018994020400984857,0.02694080113434949,-0.019959404600811914,0.05869576622048278,0.2489371609292863,1475.275,1421.603163655599,-0.01814915863144162,0.018920073500143797,-0.04072847682119207,0.22697739667316041,925400.0,1412395.0,0.6551991475472513,2025620010.0,245,False,jpx_liquidity,JPX流動性
418,5444,大和工業,鉄鋼,プライム,5444.T,2026-06-17,12255.0,-0.0004078303425775198,0.0811645346272607,0.07311733800350262,-0.007504425417071192,0.18853234943104136,11667.25,11897.772737630208,0.050376052625940027,0.030024717251486477,-0.04222840157546537,0.27461616065524885,140100.0,172815.0,0.8106935161878309,2008908925.0,245,False,jpx_liquidity,JPX流動性
419,3480,ジェイ・エス・ビー,不動産業,プライム,3480.T,2026-06-17,8970.0,-0.00111358574610243,0.30758017492711365,0.5307167235494881,1.6151603498542273,1.5665236051502145,6975.5,5684.583333333333,0.28592932406279115,0.5779520633291799,-0.00111358574610243,0.763783391609457,797600.0,211770.0,3.7663502856873023,2006361850.0,245,False,jpx_liquidity,JPX流動性
420,5232,住友大阪セメント,ガラス・土石製品,プライム,5232.T,2026-06-17,6144.0,0.07243847093733646,0.166729965818458,0.29292929292929304,0.5348420298869976,0.6821603726473169,5365.9,4508.523767089844,0.14500829311019592,0.3627520486524618,0.0,0.6382003302187446,494100.0,357595.0,1.381730728897216,2004576560.0,245,True,jpx_liquidity,JPX流動性
421,5384,フジミインコーポレーテッド,ガラス・土石製品,プライム,5384.T,2026-06-17,4445.0,0.05331753554502372,0.18533333333333335,0.4133545310015898,0.5214451268550602,0.9603998945651069,3957.75,3352.135860188802,0.1231128797928116,0.3260202406443171,0.0,0.6786667904965028,511500.0,496765.0,1.029661912574356,2001309150.0,245,False,jpx_liquidity,JPX流動性
422,8418,山口フィナンシャルグループ,銀行業,プライム,8418.T,2026-06-17,2850.5,-0.022797394583476183,-0.01332641052267225,0.004227584992073208,0.14369810788466286,0.3742340762181482,2813.975,2703.7968994140624,0.012979859451487608,0.05425818064135268,-0.025803144224196828,0.26314080655497074,562900.0,699965.0,0.804183066296172,1987738645.0,245,False,jpx_liquidity,JPX流動性
423,9143,ＳＧホールディングス,陸運業,プライム,9143.T,2026-06-17,1459.0,-0.008831521739130488,0.00586004825922104,-0.014854827819041239,-0.045404994494285256,0.016666534821264012,1453.5,1478.9045959472655,0.0037839697282422424,-0.013459012840863038,-0.06874616413157497,0.2407070695811014,1315300.0,1385355.0,0.9494317341042549,1983057720.0,245,False,jpx_liquidity,JPX流動性
424,6999,ＫＯＡ,電気機器,プライム,6999.T,2026-06-17,2929.0,0.05587599134823362,0.11879297173414827,0.3868371212121211,0.695156549834959,1.1871775605623496,2632.5,2086.047082519531,0.11263057929724596,0.4040910315707491,0.0,0.7291899555859925,649800.0,723655.0,0.8979416987376582,1979635200.0,245,False,jpx_liquidity,JPX流動性
425,3101,東洋紡,化学,プライム,3101.T,2026-06-17,1808.0,0.01687289088863886,0.04629629629629628,0.16120745022479133,0.2732767615412912,0.5499838786831401,1756.0,1556.6394104003907,0.029612756264236983,0.16147643951463087,-0.05587467362924281,0.49438262470617506,477100.0,1098455.0,0.43433731923474334,1964681595.0,245,False,jpx_liquidity,JPX流動性
426,7717,ブイ・テクノロジー,精密機器,プライム,7717.T,2026-06-17,6780.0,0.08133971291866038,0.14527027027027017,0.31650485436893194,0.4017214431145759,1.3834148420503447,5878.5,5151.151953125,0.153355447818321,0.3162104441292677,0.0,0.7681730349012086,525600.0,315145.0,1.6678037094036078,1947525000.0,245,True,jpx_liquidity,JPX流動性
427,1515,日鉄鉱業,鉱業,プライム,1515.T,2026-06-17,2593.0,0.02733755942947691,0.16017897091722588,0.1971375807940905,-0.11171514407566185,0.27949167900117766,2392.7,2510.3302083333333,0.08371296025410624,0.03293183956127943,-0.4131397902649835,0.8830584499085199,506500.0,854350.0,0.592848364253526,1940817875.0,245,False,jpx_liquidity,JPX流動性
428,7180,九州フィナンシャルグループ,銀行業,プライム,7180.T,2026-06-17,1437.5,-0.017429938482570018,0.006652661064425747,0.012323943661971759,0.2182272703526249,0.45554425347086935,1418.225,1320.8558939615884,0.013590932327381067,0.08830948672876482,-0.021109976166155953,0.2370407012494736,1152200.0,1397095.0,0.8247112758974873,1935606942.5,245,False,jpx_liquidity,JPX流動性
429,6814,古野電気,電気機器,プライム,6814.T,2026-06-17,6000.0,0.015228426395939021,0.04166666666666674,0.02564102564102555,-0.15014164305949007,-0.20517479847837028,6030.5,6580.5,-0.005057623745958084,-0.08821518121723271,-0.30849303141280704,0.43539459072658043,188600.0,328875.0,0.5734701634359559,1928171300.0,245,False,jpx_liquidity,JPX流動性
430,7956,ピジョン,その他製品,プライム,7956.T,2026-06-17,2007.5,0.01337708228167589,0.011844758064516236,0.09281437125748493,0.22185027388922696,0.28050341085992003,1901.025,1763.475,0.05600925816335911,0.1383773515360298,0.0,0.21940885923796621,627200.0,1045480.0,0.5999158281363585,1917969647.5,245,False,jpx_liquidity,JPX流動性
431,6592,マブチモーター,電気機器,プライム,6592.T,2026-06-17,1604.0,0.016154577130186976,0.054916146004603705,0.04054492377554331,-0.06390428946600524,0.1586267999319988,1550.625,1581.575,0.034421604191858135,0.0141789039406921,-0.1490716180371353,0.20067987413537072,1055000.0,1248375.0,0.8450986282166817,1916870652.5,245,False,jpx_liquidity,JPX流動性
432,7327,第四北越フィナンシャルグループ,銀行業,プライム,7327.T,2026-06-17,2067.0,-0.014306151645207432,-0.013365155131264905,-0.020843202273803874,0.04239766315873705,0.2880054414160096,2066.3,2000.3687825520833,0.00033876978173541517,0.033309466748880245,-0.03949814126394047,0.25030003572148607,749700.0,937990.0,0.7992622522628173,1899821825.0,245,False,jpx_liquidity,JPX流動性
433,2501,サッポロホールディングス,食料品,プライム,2501.T,2026-06-17,1719.5,0.02656716417910454,0.02748730206154759,0.03928679359323062,0.042121212121212226,0.07695229439106721,1641.075,1707.7583333333334,0.047788796977590975,0.006875484919314223,-0.09213305174234421,0.2938886859186744,928400.0,1170360.0,0.7932601934447521,1885564845.0,245,False,jpx_liquidity,JPX流動性
434,8056,ＢＩＰＲＯＧＹ,情報・通信業,プライム,8056.T,2026-06-17,4297.0,0.004441327723235133,-0.04933628318584071,-0.08496592844974449,-0.07487482526943745,-0.19550622852041266,4537.6,4608.83759765625,-0.05302362482369538,-0.06766079104519329,-0.2137769432143687,0.2699026550142055,517400.0,404755.0,1.278304159306247,1883827285.0,245,False,jpx_liquidity,JPX流動性
435,9468,ＫＡＤＯＫＡＷＡ,情報・通信業,プライム,9468.T,2026-06-17,3189.0,0.026061776061776065,-0.024173806609547155,-0.03539019963702361,0.010757695451431681,0.008221289397537745,3257.3,3454.7921549479165,-0.020968286617750964,-0.07693434019388168,-0.18167821401077755,0.3615256598825938,491900.0,572115.0,0.8597921746502014,1876270845.0,245,False,jpx_liquidity,JPX流動性
436,3774,インターネットイニシアティブ,情報・通信業,プライム,3774.T,2026-06-17,2956.5,0.0018637749915282331,-0.048439008690054686,-0.02970134558582216,0.23253060939092052,0.07396726702398104,3084.6,2820.6214925130207,-0.04152888543084998,0.04817325112485005,-0.09030769230769231,0.252812813418639,584500.0,609280.0,0.9593290441176471,1873727392.5,245,False,jpx_liquidity,JPX流動性
437,5726,大阪チタニウムテクノロジーズ,非鉄金属,プライム,5726.T,2026-06-17,2859.0,-0.014477766287487093,0.11245136186770432,0.2930800542740841,0.12252051178772372,0.6092605081337612,2653.9,2630.079659016927,0.07728248992049425,0.08703931844735036,-0.1488799929819905,0.800353382119203,500600.0,686760.0,0.7289300483429437,1867493675.0,245,False,jpx_liquidity,JPX流動性
438,7867,タカラトミー,その他製品,プライム,7867.T,2026-06-17,2918.5,0.006726457399103047,0.003610729023383774,0.029998235397917794,0.049825583453011246,0.08313809680560502,2987.8,2797.9469197591147,-0.02319432358256912,0.043086264213784364,-0.08396107972379163,0.3704424134060475,297400.0,638680.0,0.46564789879125695,1862607037.5,245,False,jpx_liquidity,JPX流動性
439,7189,西日本フィナンシャルホールディングス,銀行業,プライム,7189.T,2026-06-17,4103.0,-0.013227513227513255,0.004652301665034386,-0.012039489525644154,0.05454339867810343,0.3677672901717379,4055.25,4014.391536458333,0.011774859749707156,0.02207270086560631,-0.06793028786426725,0.2507510135672892,530300.0,455975.0,1.1630023575853938,1862351705.0,245,False,jpx_liquidity,JPX流動性
440,8358,スルガ銀行,銀行業,プライム,8358.T,2026-06-17,2383.0,-0.0008385744234801207,0.008463817181548983,0.018811457887986327,0.22979121274961312,0.41551480840462496,2327.1,2234.7835774739583,0.024021314081904555,0.06632249494762044,-0.005010438413361129,0.23611136215232476,702700.0,799330.0,0.8791112556766292,1857565715.0,245,False,jpx_liquidity,JPX流動性
441,4461,第一工業製薬,化学,プライム,4461.T,2026-06-17,12060.0,0.04235090751944681,0.1881773399014779,0.4204946996466432,0.40383568034610273,0.534507195518688,10819.0,9184.38768717448,0.11470561050004613,0.3130978798773012,-0.014593534115879936,0.7184137462914162,62800.0,176550.0,0.3557065986972529,1857361300.0,245,False,jpx_liquidity,JPX流動性
442,9404,日本テレビホールディングス,情報・通信業,プライム,9404.T,2026-06-17,2834.0,-0.01733703190013869,-0.017847859989603143,-0.03457673309487308,-0.10363118487597545,-0.26411640792652813,2855.875,2999.39853515625,-0.007659648969230104,-0.05514390075796771,-0.26637778239133103,0.19873219705282388,431500.0,659770.0,0.6540157933825425,1850712757.5,245,False,jpx_liquidity,JPX流動性
443,9009,京成電鉄,陸運業,プライム,9009.T,2026-06-17,1078.0,-0.012820512820512775,-0.011009174311926606,0.00512820512820511,-0.13431844130234705,-0.11640051549279995,1071.75,1134.2466328938801,0.005831583858175948,-0.04958942020429391,-0.20191014302575472,0.19302584930736266,1033900.0,1787645.0,0.5783586785967012,1842566790.0,245,False,jpx_liquidity,JPX流動性
444,2585,ライフドリンク　カンパニー,食料品,プライム,2585.T,2026-06-17,1627.0,0.0006150061500616033,-0.06975414522584333,0.016239850093691333,0.6749287864750382,-0.06674408098366602,1662.8,1461.9841868082683,-0.02152994948280007,0.11287113409344474,-0.11675783122581973,0.5081732957702002,407600.0,1206515.0,0.3378325176230714,1829748605.0,244,False,jpx_liquidity,JPX流動性
445,6875,メガチップス,電気機器,プライム,6875.T,2026-06-17,10510.0,-0.053153153153153165,-0.009425070688030113,-0.04714415231187674,0.22395444470816406,0.3746189212036626,11729.5,10303.389225260416,-0.1039686261136451,0.02005270015744376,-0.1983218916857361,0.6291841287155067,180700.0,151815.0,1.190264466620558,1801782850.0,245,False,jpx_liquidity,JPX流動性
446,2607,不二製油,食料品,プライム,2607.T,2026-06-17,3493.0,-0.05287418655097609,-0.12849301397205593,-0.01826869027543565,-0.01150898568651948,-0.007605203089802726,3617.4,3539.201005045573,-0.034389340410239444,-0.01305407773667211,-0.17397528114045258,0.5231108561438386,500900.0,473545.0,1.0577664213538311,1797822290.0,245,False,jpx_liquidity,JPX流動性
447,8341,七十七銀行,銀行業,プライム,8341.T,2026-06-17,3251.0,-0.010952236081533284,-0.0015356265356265553,0.007749535027898435,0.05982542454791395,0.33650669417813805,3208.1,3158.9341389973956,0.013372401109691179,0.029144596547943546,-0.04354221829949989,0.23487084941263553,450200.0,575845.0,0.7818076044768991,1797578145.0,245,False,jpx_liquidity,JPX流動性
448,4205,日本ゼオン,化学,プライム,4205.T,2026-06-17,2336.5,0.0034356882112949183,0.08497794288367766,0.13532555879494645,0.2591898863817874,0.3653519353890904,2184.075,1975.4144185384114,0.0697892700571181,0.18278978733422035,0.0,0.23401655011640674,488800.0,860845.0,0.567814182576422,1792881560.0,245,False,jpx_liquidity,JPX流動性
449,2002,日清製粉グループ本社,食料品,プライム,2002.T,2026-06-17,1901.0,-0.009121709669012268,-0.031337579617834344,-0.0856180856180856,-0.08104607730452318,0.02986640563213494,1942.175,2015.1898661295572,-0.021200458249127863,-0.05666456945264131,-0.12517257248044178,0.22432275276890232,686900.0,963620.0,0.7128328594259148,1792699510.0,245,False,jpx_liquidity,JPX流動性
450,1951,エクシオグループ,建設業,プライム,1951.T,2026-06-17,2825.5,0.020220256363964628,-0.0015901060070671047,0.014542190305206537,0.02950065973628524,0.16697733633980105,2794.7,2805.7742635091145,0.011020860915303965,0.007030407523310522,-0.05564839572192515,0.2796891115641703,952300.0,637595.0,1.493581348661768,1792246372.5,245,False,jpx_liquidity,JPX流動性
451,6472,ＮＴＮ,機械,プライム,6472.T,2026-06-17,439.79998779296875,-0.006550766510271311,0.06514893265711286,0.13584704010239768,0.2888476504683144,0.20285499492653636,428.6700012207031,383.82751108805337,0.025963996875385087,0.1458271621704439,-0.08260326785082595,0.41569427451664664,2883500.0,4399840.0,0.6553647405360195,1778729371.2910461,245,False,jpx_liquidity,JPX流動性
452,6584,三櫻工業,輸送用機器,プライム,6584.T,2026-06-17,1036.0,0.038076152304609145,0.03600000000000003,0.4757834757834758,0.470425209728782,0.3166074210453975,949.75,801.9544219970703,0.09081337193998418,0.2918439896123981,-0.08074534161490687,0.8174476510502942,1109000.0,1795335.0,0.6177120147493365,1778627050.0,245,False,jpx_liquidity,JPX流動性
453,9401,ＴＢＳホールディングス,情報・通信業,プライム,9401.T,2026-06-17,6149.0,0.00146579804560254,0.03991205817689836,0.05147058823529416,0.0724838026496919,0.06621412027051532,5870.0,5753.276863606771,0.0475298126064736,0.06878221677396334,-0.022679112088342612,0.2964528205957796,278900.0,301725.0,0.9243516447095865,1775138665.0,245,False,jpx_liquidity,JPX流動性
454,3994,マネーフォワード,情報・通信業,プライム,3994.T,2026-06-17,4010.0,0.03590803409971577,0.001999000499750103,-0.07197408007405692,0.27544529262086503,-0.04135787712168304,4172.75,4201.45,-0.039003055538913145,-0.045567601661331114,-0.3027299600069553,0.526364329328956,767700.0,421795.0,1.8200784741402813,1765799565.0,245,False,jpx_liquidity,JPX流動性
455,8282,ケーズホールディングス,小売業,プライム,8282.T,2026-06-17,2014.0,-0.009345794392523366,-0.05777777777777782,-0.02658289028516192,0.23029749318510118,0.2860617393021945,2060.6,1887.9599100748699,-0.022614772396389315,0.06675993979137607,-0.0582183773673135,0.28286668522022124,510800.0,866185.0,0.5897123593689569,1761081212.5,245,False,jpx_liquidity,JPX流動性
456,2531,宝ホールディングス,食料品,プライム,2531.T,2026-06-17,2177.5,0.033459895586141375,0.02014523307566174,0.13322924798334634,0.4557341451937731,0.3661505140656274,2145.825,1871.76591796875,0.014761222373679272,0.16333991291124383,-0.02681564245810053,0.4335849281946347,1211800.0,772735.0,1.568196082745055,1741507570.0,245,False,jpx_liquidity,JPX流動性
457,1332,ニッスイ,水産・農林業,プライム,1332.T,2026-06-17,1262.0,-0.012133072407044976,-0.01789883268482495,-0.044663133989401915,-0.09285311593334977,0.03995406551940439,1291.375,1299.541151936849,-0.022747071919465678,-0.028888005494014046,-0.1803695316367423,0.22484532306775046,1071200.0,1357510.0,0.7890917930622979,1733192445.0,245,False,jpx_liquidity,JPX流動性
458,4912,ライオン,化学,プライム,4912.T,2026-06-17,1700.5,0.016133851210038852,0.012805241215009033,0.07831325301204828,0.0026533018867924696,0.03517154329292915,1622.775,1610.3666666666666,0.047896350387453435,0.055970689904990545,-0.09282475326753803,0.20245112511205943,944800.0,1086615.0,0.8694891935045992,1719789347.5,245,False,jpx_liquidity,JPX流動性
459,6417,ＳＡＮＫＹＯ,機械,プライム,6417.T,2026-06-17,1529.5,-0.026726057906458767,-0.06595419847328243,-0.126,-0.239756890426432,-0.37851823663882533,1625.6,1809.3499247233074,-0.05911663385826771,-0.15466876854464906,-0.3992780403722831,0.20603292857085007,1154300.0,1053675.0,1.0954990865304766,1714977327.5,245,False,jpx_liquidity,JPX流動性
460,6632,ＪＶＣケンウッド,電気機器,プライム,6632.T,2026-06-17,1094.0,0.012025901942645634,-0.04786771105308962,0.003669724770642091,-0.061222386237983595,-0.07497016015460978,1140.075,1167.8634969075522,-0.040414007850360756,-0.06324668688004997,-0.17537435521833789,0.4768094938858028,743600.0,1537280.0,0.4837114904246461,1712584010.0,245,False,jpx_liquidity,JPX流動性
461,7721,東京計器,精密機器,プライム,7721.T,2026-06-17,5830.0,0.10207939508506625,0.1320388349514563,-0.04582651391162029,-0.2977779963020517,0.07785922013041913,5741.5,6802.591088867188,0.01541409039449615,-0.14297362228032295,-0.3633491737451918,0.6458215764843681,544900.0,289670.0,1.8811060862360618,1710434400.0,245,True,jpx_liquidity,JPX流動性
462,1980,ダイダン,建設業,プライム,1980.T,2026-06-17,2686.0,0.025974025974025983,0.07741676694745281,0.11175496688741715,-0.13423526602901525,0.13073407719658148,2507.4,2681.506591796875,0.0712291616814229,0.0016757028369316362,-0.2533663425465956,0.5650800643121909,382100.0,703740.0,0.5429562054167733,1708469920.0,245,False,jpx_liquidity,JPX流動性
463,8088,岩谷産業,卸売業,プライム,8088.T,2026-06-17,1889.5,0.017227456258411822,0.032513661202185684,-0.07963955187530447,-0.08749854978687766,0.17002413628919166,1958.575,1973.2165893554688,-0.035267988205710754,-0.04242645729165195,-0.10577378135352578,0.33654922934981873,797900.0,886095.0,0.9004677827998127,1704705877.5,245,False,jpx_liquidity,JPX流動性
464,2593,伊藤園,食料品,プライム,2593.T,2026-06-17,2797.0,-0.008858965272856123,-0.0032074126870991204,-0.05041588864369373,-0.02392545223007647,-0.06035343599923981,2823.55,2901.8427612304686,-0.009403056436046886,-0.036129718202240646,-0.10932431087670413,0.4689215450164011,283200.0,607405.0,0.4662457503642545,1703772510.0,245,False,jpx_liquidity,JPX流動性
465,5310,東洋炭素,ガラス・土石製品,プライム,5310.T,2026-06-17,8490.0,0.02166064981949467,0.09125964010282783,0.33281004709576134,0.492091388400703,0.8394818417034995,7856.5,6569.0,0.08063387004391265,0.29243416045060133,-0.036322360953461974,0.712576536531492,151100.0,212625.0,0.7106407995296884,1698236150.0,245,False,jpx_liquidity,JPX流動性
466,2212,山崎製パン,食料品,プライム,2212.T,2026-06-17,3060.0,-0.009708737864077666,-0.02547770700636942,-0.05817174515235457,-0.05730129390018479,-0.063181731649121,3109.8,3234.5833333333335,-0.016013891568589678,-0.05397397913177904,-0.15679250482226503,0.20200008224650426,314000.0,567420.0,0.5533819745514786,1684291285.0,245,False,jpx_liquidity,JPX流動性
467,9001,東武鉄道,陸運業,プライム,9001.T,2026-06-17,2850.0,-0.0008764241893076674,-0.018426037540898887,-0.0015764582238571023,-0.01641175826761876,0.11587369911041545,2807.75,2846.088427734375,0.015047636007479381,0.001374367791073583,-0.08309837284049659,0.2065015255906537,462700.0,606145.0,0.7633487036930108,1677535407.5,245,False,jpx_liquidity,JPX流動性
468,3445,ＲＳ　Ｔｅｃｈｎｏｌｏｇｉｅｓ,金属製品,プライム,3445.T,2026-06-17,6900.0,-0.011461318051575908,0.05504587155963292,0.06153846153846154,0.6428571428571428,0.9613065550514761,6998.0,5618.916666666667,-0.014004001143183786,0.22799472021593714,-0.0980392156862745,0.6614200290056556,185400.0,243510.0,0.7613650363434766,1676068350.0,245,False,jpx_liquidity,JPX流動性
469,2331,ＡＬＳＯＫ,サービス業,プライム,2331.T,2026-06-17,1068.0,0.012322274881516604,-0.011568718186025007,-0.09183673469387754,-0.13479002945096952,-0.1330546918197114,1100.45,1174.9775349934896,-0.029487936753146426,-0.09104645136392531,-0.181295515523189,0.22592098123390206,1072300.0,1570270.0,0.6828761932661263,1663772530.0,245,False,jpx_liquidity,JPX流動性
470,4401,ＡＤＥＫＡ,化学,プライム,4401.T,2026-06-17,4079.0,0.007409236848604506,0.0641794938690321,0.03527918781725892,0.006584290339201049,0.08854939103110171,4078.25,3957.78525390625,0.0001839024091214725,0.030626913366285757,-0.16348255070674667,0.35100028603060074,313900.0,414160.0,0.7579196445818042,1661627415.0,245,False,jpx_liquidity,JPX流動性
471,8368,百五銀行,銀行業,プライム,8368.T,2026-06-17,1913.0,-0.03383838383838389,-0.03383838383838389,-0.02148337595907923,0.23338722692707892,0.7626224032713007,1939.55,1805.1758728027344,-0.013688742234023388,0.05973053862605471,-0.05014895729890767,0.2995071784410862,846800.0,845575.0,1.0014487183277652,1657248375.0,245,False,jpx_liquidity,JPX流動性
472,2730,エディオン,小売業,プライム,2730.T,2026-06-17,2303.0,-0.032352941176470584,-0.10354223433242504,-0.015811965811965867,0.06429497969531872,0.1200680892455468,2423.2,2258.0275431315104,-0.04960382964674803,0.019916699867230214,-0.13648293963254599,0.5873563407305831,591300.0,651710.0,0.907305396572095,1654968830.0,245,False,jpx_liquidity,JPX流動性
473,2809,キユーピー,食料品,プライム,2809.T,2026-06-17,4099.0,0.000732421875,-0.01961253288686915,-0.0025949930096418328,-0.05636091669798171,-0.04787930541112018,4084.9008544921876,4040.472648111979,0.0034515269794876957,0.014485273626433148,-0.11460530955082748,0.2046054782817682,310100.0,408370.0,0.7593603839655214,1651291080.0,245,False,jpx_liquidity,JPX流動性
474,9008,京王電鉄,陸運業,プライム,9008.T,2026-06-17,726.7999877929688,-0.001236806924508449,-0.043180606697186374,-0.059402127201939825,-0.07449339358041662,-0.09048191456989818,737.0849975585937,763.4652760823568,-0.013953627871536423,-0.04802482763529492,-0.12648320592107198,0.18664481201482827,1577700.0,2260890.0,0.6978225389116676,1636080864.1098022,245,False,jpx_liquidity,JPX流動性
475,4028,石原産業,化学,プライム,4028.T,2026-06-17,3115.0,0.024671052631578982,0.07302790217016875,0.22252747252747263,0.023256209350875467,0.18474355197055958,3043.75,2929.5769490559896,0.023408624229979358,0.06329345641655193,-0.18657611906157479,0.6022324124101263,165000.0,540855.0,0.3050725240591286,1625980440.0,245,False,jpx_liquidity,JPX流動性
476,7966,リンテック,その他製品,プライム,7966.T,2026-06-17,6390.0,0.054455445544554504,0.1534296028880866,0.24077669902912624,0.31811165662894814,0.5467314478966567,5728.0,5198.219108072916,0.11557262569832405,0.2292671522976455,0.0,0.3764960865487642,457900.0,268325.0,1.7065126246156712,1624622600.0,245,False,jpx_liquidity,JPX流動性
477,8366,滋賀銀行,銀行業,プライム,8366.T,2026-06-17,2248.0,-0.015761821366024553,0.009883198562443907,0.07817745803357323,0.2671290472203256,0.5496763417989479,2133.75,2004.875850423177,0.05354422964264782,0.12126643628607003,-0.015761821366024553,0.3722590030609951,829600.0,737865.0,1.1243249103833357,1613509300.0,245,False,jpx_liquidity,JPX流動性
478,9065,山九,陸運業,プライム,9065.T,2026-06-17,8609.0,0.011871180065820441,0.003847947761194126,-0.057580733442802456,-0.042155157848644986,0.03957453888981188,8752.45,8772.544938151043,-0.016389696599238057,-0.01864281566000303,-0.1303589181651431,0.19620567133431935,219100.0,181540.0,1.206896551724138,1598265605.0,245,False,jpx_liquidity,JPX流動性
479,3863,日本製紙,パルプ・紙,プライム,3863.T,2026-06-17,1242.0,0.008935824532900094,0.023064250411861664,-0.11095204008589832,-0.026567822616484382,0.12574971412196034,1265.65,1322.459608968099,-0.01868605064591322,-0.060840881961514715,-0.17748344370860925,0.35027283793829683,606200.0,1298335.0,0.46690569075007604,1596068355.0,245,False,jpx_liquidity,JPX流動性
480,9072,ニッコンホールディングス,陸運業,プライム,9072.T,2026-06-17,6201.0,-0.010689215060625368,0.05602861035422335,0.07432432432432434,0.49246367219230414,0.8375876233451576,6034.3,5308.525378417969,0.02762540808378766,0.16812100498010696,-0.02115232833464875,0.4766145529405013,200800.0,278690.0,0.7205138325738275,1585458095.0,245,False,jpx_liquidity,JPX流動性
481,6707,サンケン電気,電気機器,プライム,6707.T,2026-06-17,9684.0,0.04106643732530646,0.22349968414403043,0.06546374738695127,0.3765458422174841,0.713375796178344,8945.95,8687.116666666667,0.08250102001464343,0.11475422416720549,-0.020928116469517755,0.6342766018205928,269500.0,169935.0,1.5859004913643453,1580099920.0,245,False,jpx_liquidity,JPX流動性
482,5901,東洋製罐グループホールディングス,金属製品,プライム,5901.T,2026-06-17,4076.0,0.02129792032072153,0.05980239209568383,0.014435042309606683,0.05878146465787348,0.07297860391987898,3919.15,3627.9993570963543,0.040021433218937696,0.12348421231865925,-0.06169429097605894,0.4836027356314252,249600.0,421455.0,0.5922340463394669,1557473065.0,245,False,jpx_liquidity,JPX流動性
483,3186,ネクステージ,小売業,プライム,3186.T,2026-06-17,3960.0,0.07462686567164178,0.08791208791208782,0.06882591093117418,0.21846153846153848,0.48537134283570893,3667.75,3505.65,0.07968100333992223,0.12960506610756917,0.0,0.41735603213060013,1503600.0,362175.0,4.15158417891903,1556083350.0,245,True,jpx_liquidity,JPX流動性
484,9706,日本空港ビルデング,不動産業,プライム,9706.T,2026-06-17,4814.0,-0.0022797927461140066,0.029292281376950946,-0.019152404237978815,-0.042215740324715534,0.12109818833493291,4789.3,5051.659391276042,0.005157329881193551,-0.047045806707884386,-0.15306959133135822,0.2517397088612382,255600.0,322820.0,0.7917725048014373,1537189140.0,245,False,jpx_liquidity,JPX流動性
485,9364,上組,倉庫・運輸関連業,プライム,9364.T,2026-06-17,4652.0,-0.011894647408666081,-0.0224837150661904,-0.05658081525045633,-0.16483257547918728,-0.05633047672600133,4760.3,5135.741772460938,-0.022750666974770573,-0.09419121791809615,-0.18321313814045515,0.18428410159112502,191300.0,329420.0,0.5807176249165199,1534753370.0,245,False,jpx_liquidity,JPX流動性
486,2670,エービーシー・マート,小売業,プライム,2670.T,2026-06-17,2747.5,0.01948051948051943,-0.0019978205593897957,0.03328318916886053,0.0768175582990398,0.034731930766921604,2664.775,2676.5833333333335,0.03104389676426722,0.026495220897288174,-0.05405405405405406,0.27530778045063176,489500.0,575065.0,0.8512081242989923,1526883522.5,245,False,jpx_liquidity,JPX流動性
487,1860,戸田建設,建設業,プライム,1860.T,2026-06-17,1605.5,0.014854614412136646,0.043209876543209846,0.10041124057573692,0.054018350717779606,0.32750247564501267,1531.625,1475.7706319173178,0.048233085774912254,0.08790618628461133,0.0,0.26640056582623245,594100.0,1050680.0,0.5654433319374119,1520197760.0,245,False,jpx_liquidity,JPX流動性
488,7004,カナデビア,機械,プライム,7004.T,2026-06-17,1453.0,0.011134307585247027,0.1351562500000001,0.09577677224736059,0.45976996833949646,0.5873831656362258,1352.8,1236.1943623860677,0.07406859846244829,0.17538151298106563,0.0,0.4421338042968174,1515100.0,1097830.0,1.3800861699898892,1511520170.0,245,False,jpx_liquidity,JPX流動性
489,7988,ニフコ,化学,プライム,7988.T,2026-06-17,4520.0,0.012318029115341522,0.05484247374562434,0.11660079051383399,-0.0294695703793294,-0.07484697231195014,4313.05,4463.666422526042,0.047982286317107326,0.012620472083144207,-0.17196805001166426,0.3307728008248896,235600.0,382140.0,0.6165279740409274,1499865940.0,245,False,jpx_liquidity,JPX流動性
490,4922,コーセーホールディングス,化学,プライム,4922.T,2026-06-17,5150.0,-0.010376633358954668,-0.012842629863906496,-0.016800305460099252,-0.13749790654831684,-0.026897421783761866,5280.55,5598.216666666666,-0.02472280349584799,-0.08006418710720375,-0.17757904822740334,0.2714070295015033,277000.0,281025.0,0.9856774308335557,1484168130.0,245,False,jpx_liquidity,JPX流動性
491,8012,長瀬産業,卸売業,プライム,8012.T,2026-06-17,1205.5,-0.007410456978180324,0.09590909090909094,0.09045680687471735,0.02777561535678763,0.2968769493294503,1138.7,1163.0542521158854,0.05866338807411964,0.03649507132353902,-0.027430415490116933,0.4286958415786824,736100.0,1311205.0,0.5613920020134151,1483511907.5,245,False,jpx_liquidity,JPX流動性
492,2222,寿スピリッツ,食料品,プライム,2222.T,2026-06-17,2277.5,-0.002845884413310018,-0.04945742904841399,0.11260381045432344,0.15334583653470557,0.2768732548651276,2162.95,2036.4096028645833,0.052960077671698524,0.11838993333967718,-0.04945742904841399,0.31540149854228233,461700.0,673050.0,0.685981724983285,1483293227.5,245,False,jpx_liquidity,JPX流動性
493,1961,三機工業,建設業,プライム,1961.T,2026-06-17,2700.0,0.042471042471042386,0.09622411693057242,0.1910013233348038,0.17612627022317806,0.4418359941542749,2343.35,2399.143790690104,0.15219664156015966,0.12540149134760936,-0.014598540145985384,0.48858617836796453,376500.0,658040.0,0.5721536684700018,1480852020.0,245,False,jpx_liquidity,JPX流動性
494,5947,リンナイ,金属製品,プライム,5947.T,2026-06-17,3465.0,0.012861736334405238,-0.02007918552036203,-0.023943661971830954,-0.08187926027594516,-0.11317882312539385,3456.85,3547.728202311198,0.0023576377337750642,-0.023318641562593223,-0.1851944474010816,0.18267611260764502,423300.0,428485.0,0.9878992263439794,1478053625.0,245,False,jpx_liquidity,JPX流動性
495,9048,名古屋鉄道,陸運業,プライム,9048.T,2026-06-17,1810.5,-0.007129147244310352,-0.03696808510638294,-0.042063492063492025,0.04537114208978843,0.14345531816473445,1830.85,1791.5891215006511,-0.011115055848376354,0.010555365776896863,-0.05184603299293011,0.17581770585263493,513000.0,814745.0,0.6296448582071691,1465104957.5,245,False,jpx_liquidity,JPX流動性
496,3397,トリドールホールディングス,小売業,プライム,3397.T,2026-06-17,3653.0,-0.0214304848647201,-0.05264522821576767,-0.06213093709884465,-0.15713850356997006,-0.13093655083055578,3780.1,4050.2199869791666,-0.03362344911510273,-0.09807368198669897,-0.1909191583610188,0.3218370147830589,688400.0,367850.0,1.8714149789316297,1460037170.0,245,False,jpx_liquidity,JPX流動性
497,2980,ＳＲＥホールディングス,不動産業,プライム,2980.T,2026-06-17,2562.0,0.05649484536082472,0.011848341232227444,0.017474185861795055,-0.05077250592591487,-0.23270776868292742,2525.4,3020.818037923177,0.01449275362318847,-0.15188536090661597,-0.36896551724137927,0.5342559491173298,478100.0,602705.0,0.7932570660605105,1459502255.0,245,False,jpx_liquidity,JPX流動性
498,7337,ひろぎんホールディングス,銀行業,プライム,7337.T,2026-06-17,2074.0,-0.015662078785002365,0.009000243249817519,0.0029013539651836506,0.14141647849312844,0.3413276217739256,2050.6,1928.8823018391927,0.011411294255339932,0.07523408661193964,-0.01845716990061519,0.20944580968863494,522100.0,721775.0,0.7233556163624398,1450087825.0,245,False,jpx_liquidity,JPX流動性
499,8714,池田泉州ホールディングス,銀行業,プライム,8714.T,2026-06-17,992.0,-0.012935323383084563,-0.025540275049115935,0.054197662061636454,0.23541479313342584,0.30582704500065594,984.85,941.215409342448,0.00725998883078649,0.05395639526665974,-0.03407984420642651,0.3051406692364715,963500.0,1474595.0,0.6533997470491898,1447503895.0,245,False,jpx_liquidity,JPX流動性
500,8410,セブン銀行,銀行業,プライム,8410.T,2026-06-17,285.1000061035156,-0.0010511135227198043,-0.003146831805889372,0.04893310856466093,0.05766737655914733,-0.02917709228980858,277.3949996948242,272.1362681070963,0.027776298841608815,0.04763693603425745,-0.06476358297445817,0.12539109222571185,3113000.0,5328635.0,0.5842021455776197,1437317871.8385315,245,False,jpx_liquidity,JPX流動性
501,8439,東京センチュリー,その他金融業,プライム,8439.T,2026-06-17,2460.5,0.008608321377331363,0.017997517583781653,0.04858299595141702,0.17312284139899758,0.24795351240027608,2393.125,2225.2391845703123,0.028153564899451533,0.10572383277311204,0.0,0.2308225267642428,494900.0,627805.0,0.7883021001744173,1431901545.0,245,False,jpx_liquidity,JPX流動性
502,4118,カネカ,化学,プライム,4118.T,2026-06-17,5746.0,-0.016095890410958935,0.0525737314526471,0.09803172176571762,0.16841135263990514,0.35699612797761615,5496.35,5137.7756754557295,0.04542105215279224,0.11838281057109801,-0.016095890410958935,0.26189969202927676,245300.0,259410.0,0.9456073397324698,1428763340.0,245,False,jpx_liquidity,JPX流動性
503,9519,レノバ,電気・ガス業,プライム,9519.T,2026-06-17,883.0,0.0,-0.04021739130434787,-0.30031695721077656,0.06513872135102527,0.41280000000000006,1080.8,1041.3833333333334,-0.1830125832716506,-0.15208936830817987,-0.3578181818181818,0.5547710781978518,787600.0,1361325.0,0.5785539823333884,1426494205.0,245,False,jpx_liquidity,JPX流動性
504,3635,コーエーテクモホールディングス,情報・通信業,プライム,3635.T,2026-06-17,1464.0,-0.00034141345169003134,-0.015467383994619999,-0.04625407166123774,-0.1694966451179184,-0.21510048413671012,1488.0,1570.5480041503906,-0.016129032258064502,-0.06784129098176095,-0.21691738555360618,0.20529232807725825,987700.0,953685.0,1.0356669130792662,1422218932.5,245,False,jpx_liquidity,JPX流動性
505,9504,中国電力,電気・ガス業,プライム,9504.T,2026-06-17,885.0,0.007169668493739012,0.0012444570149963141,0.005681818181818121,-0.11287086842579597,-0.08500146243621365,876.725,930.7249521891276,0.009438535458667241,-0.04912831882456736,-0.2000066207079192,0.22066732474626372,1502100.0,1606965.0,0.9347434449412402,1404751067.7801514,245,False,jpx_liquidity,JPX流動性
506,9006,京浜急行電鉄,陸運業,プライム,9006.T,2026-06-17,1463.0,-0.004761904761904745,-0.02661343978709252,-0.06636885768985323,-0.01890617362638103,-0.016632147981202494,1487.125,1532.4684977213542,-0.01622257712028241,-0.04533110979093391,-0.10190300798035601,0.20130521059191725,667700.0,954880.0,0.6992501675603218,1403427885.0,245,False,jpx_liquidity,JPX流動性
507,4099,四国化成ホールディングス,化学,プライム,4099.T,2026-06-17,6780.0,0.02571860816944027,0.13377926421404673,0.2282608695652173,0.3013435700575815,1.5184566095556482,6282.5,5411.416666666667,0.07918822124950253,0.2529066633814312,0.0,0.5193786079776607,178100.0,222000.0,0.8022522522522523,1401467800.0,245,False,jpx_liquidity,JPX流動性
508,1719,安藤・間,建設業,プライム,1719.T,2026-06-17,1787.0,0.01074660633484159,0.02201887331998864,0.00027987685418406905,-0.06888728591444904,-0.01591756648945819,1754.175,1875.2737589518229,0.01871250017814652,-0.04707246530296627,-0.1664850927780509,0.2470435095908402,494200.0,840115.0,0.5882527987239842,1401267690.0,245,False,jpx_liquidity,JPX流動性
509,4023,クレハ,化学,プライム,4023.T,2026-06-17,3890.0,0.007772020725388629,0.05850340136054433,0.04851752021563338,-0.12170225751510066,0.014623793706882715,3835.0,3938.940177408854,0.014341590612777066,-0.012424706952784526,-0.1870598481512793,0.25721794895541766,394600.0,358480.0,1.1007587592055346,1379037950.0,245,False,jpx_liquidity,JPX流動性
510,4626,太陽ホールディングス,化学,プライム,4626.T,2026-06-17,5309.0,-0.015940685820203915,0.06265012009607696,0.10259605399792315,0.019980787704130698,0.07144298688193751,5032.65,4916.683333333333,0.05491142837272611,0.07979294985440721,-0.12910104986876636,0.17765338145231593,272900.0,267265.0,1.021083942903111,1375785130.0,245,False,jpx_liquidity,JPX流動性
511,6136,オーエスジー,機械,プライム,6136.T,2026-06-17,3578.0,0.02345537757437066,0.0901889092017063,0.10698747563367927,0.3796196066835944,0.5795470822463418,3398.1148315429687,3088.6001017252606,0.05293675386930685,0.15845363017418967,0.0,0.33623593870098156,507200.0,404510.0,1.2538626980791574,1373426595.0,245,False,jpx_liquidity,JPX流動性
512,8361,大垣共立銀行,銀行業,プライム,8361.T,2026-06-17,7180.0,-0.023129251700680253,-0.031039136302294157,-0.02841677943166443,0.158970966219248,0.6326826092783278,7383.0,6995.799072265625,-0.027495597995394805,0.026330219869325155,-0.09798994974874375,0.35357997310840544,134900.0,188115.0,0.7171145310049704,1371665900.0,245,False,jpx_liquidity,JPX流動性
513,3116,トヨタ紡織,輸送用機器,プライム,3116.T,2026-06-17,2209.5,-0.011630507716394511,0.012371134020618513,-0.006296379581740452,-0.1695237144386197,-0.08831260437054511,2224.675,2338.2123860677084,-0.006821221077236039,-0.05504734592744609,-0.3143565744132859,0.24995956357193075,512000.0,624020.0,0.8204865228678568,1370820422.5,245,False,jpx_liquidity,JPX流動性
514,3291,飯田グループホールディングス,不動産業,プライム,3291.T,2026-06-17,2175.5,0.007409122482056052,-0.007074395253308996,0.03447456015216366,-0.1195750333264961,-0.09142448533993341,2129.275,2248.3476765950522,0.021709267238848806,-0.032400539006215645,-0.20299537888641417,0.23962619101894259,492900.0,665350.0,0.7408131058841212,1362181230.0,245,False,jpx_liquidity,JPX流動性
515,2229,カルビー,食料品,プライム,2229.T,2026-06-17,2785.0,-0.008367455937333124,-0.024176594253679018,-0.07166666666666666,-0.08649652724279766,-0.024489776022840304,2868.475,2967.5775146484375,-0.029100828837622772,-0.061524092882900505,-0.11615360203110126,0.13695121603412064,447200.0,475315.0,0.9408497522695476,1361905945.0,245,False,jpx_liquidity,JPX流動性
516,7164,全国保証,その他金融業,プライム,7164.T,2026-06-17,2854.0,-0.001574252230190698,-0.004013261210957908,-0.07156798959011057,-0.08677465082948943,-0.05974224193790201,2890.85,3061.9033243815106,-0.01274711590016775,-0.06790002895454128,-0.1253447747471652,0.18399203498002387,522800.0,474195.0,1.1025000263604636,1360775075.0,245,False,jpx_liquidity,JPX流動性
517,7419,ノジマ,小売業,プライム,7419.T,2026-06-17,1485.0,0.017123287671232834,-0.05594405594405594,0.061472480343102154,0.368549501460278,0.2863189878900052,1491.7,1284.4987162272134,-0.004491519742575667,0.15609301997723457,-0.06072106261859578,0.4014492100413718,637600.0,936650.0,0.6807238562963753,1350263075.0,245,False,jpx_liquidity,JPX流動性
518,3401,帝人,繊維製品,プライム,3401.T,2026-06-17,1648.0,0.004265691651432091,0.01759802408150657,0.02839313572542901,0.039757884048541525,0.28375015416413363,1620.525,1622.1223409016927,0.01695438206753974,0.015952963870729198,-0.051237766263673046,0.24091037463263906,982500.0,816025.0,1.2040072301706444,1341880315.0,245,False,jpx_liquidity,JPX流動性
519,4180,Ａｐｐｉｅｒ　Ｇｒｏｕｐ,情報・通信業,プライム,4180.T,2026-06-17,802.0,0.016476552598225558,-0.025516403402187082,-0.12349726775956282,0.06933333333333325,-0.26542003932304437,893.5,887.7666666666667,-0.10240626748740911,-0.09660946945518711,-0.29772329246935203,0.46978242088269107,2135800.0,1486950.0,1.4363630249840278,1334377350.0,245,False,jpx_liquidity,JPX流動性
520,6490,ＰＩＬＬＡＲ,機械,プライム,6490.T,2026-06-17,9940.0,0.03541666666666665,0.14252873563218382,0.12698412698412698,0.29978195563132304,1.2578235893427183,9396.0,8847.230745442708,0.05789697743720734,0.12351540114630644,-0.03868471953578334,0.49509121005110773,132800.0,150610.0,0.8817475599229799,1331449300.0,245,False,jpx_liquidity,JPX流動性
521,8060,キヤノンマーケティングジャパン,卸売業,プライム,8060.T,2026-06-17,3416.0,0.01696933611193807,0.0002928257686676261,-0.09003729355354284,-0.022603719599427752,0.010427702021832408,3515.6,3573.4583333333335,-0.028330868130617803,-0.044063290696454205,-0.11295767333160223,0.20632533959164004,313000.0,384760.0,0.8134941262085456,1325668305.0,245,False,jpx_liquidity,JPX流動性
522,1885,東亜建設工業,建設業,プライム,1885.T,2026-06-17,2273.0,0.001321585903083733,0.06763738844527944,-0.04133277098270771,-0.31559079477687624,-0.1507605357842451,2266.4,2718.532743326823,0.0029121073067419623,-0.16388720879690388,-0.498544356881078,0.5936186312241453,331300.0,611480.0,0.5418002224111991,1321293600.0,245,False,jpx_liquidity,JPX流動性
523,1979,大氣社,建設業,プライム,1979.T,2026-06-17,4735.0,0.027114967462039008,0.04640883977900545,0.16339066339066344,0.3542113542113543,0.4898411575902082,4455.25,3831.4485392252604,0.06279108916446896,0.23582502845188746,0.0,0.2942543123410501,250200.0,303970.0,0.823107543507583,1319206700.0,245,False,jpx_liquidity,JPX流動性
524,8020,兼松,卸売業,プライム,8020.T,2026-06-17,2092.0,-0.010874704491725784,0.013811485340440965,-0.03860294117647056,-0.08164466528941028,0.2294368741589512,2096.7,2183.039758300781,-0.002241617780321392,-0.04170320671193095,-0.13671989441763466,0.309819098297312,458300.0,623525.0,0.7350146345375085,1293745685.0,245,False,jpx_liquidity,JPX流動性
525,4733,オービックビジネスコンサルタント,情報・通信業,プライム,4733.T,2026-06-17,5893.0,0.008902585173771627,-0.01388888888888884,-0.03724881555301418,-0.05390468027316897,-0.3083602870890173,6046.95,6202.217618815104,-0.025459115752569428,-0.04985597697782462,-0.31489269426351696,0.28674659970024535,292500.0,204680.0,1.4290599960914598,1289328825.0,245,False,jpx_liquidity,JPX流動性
526,4272,日本化薬,化学,プライム,4272.T,2026-06-17,2111.0,0.008600095556617227,0.016859344894027073,0.040157674304015734,0.168025308266867,0.2908832279724489,2094.4,1907.9970947265624,0.007925897631779977,0.10639581466581327,-0.03187342352671407,0.24366070100174456,341200.0,631635.0,0.540185391879804,1273249605.0,245,False,jpx_liquidity,JPX流動性
527,3993,ＰＫＳＨＡ　Ｔｅｃｈｎｏｌｏｇｙ,情報・通信業,プライム,3993.T,2026-06-17,2742.0,0.03082706766917287,0.02008928571428581,0.009944751381215422,-0.09355371900826448,-0.1576036866359447,2830.3,2955.0833333333335,-0.031198106207822596,-0.07210738557852292,-0.24044321329639884,0.6586023945596148,254500.0,459420.0,0.5539593400374385,1269245235.0,245,False,jpx_liquidity,JPX流動性
528,3941,レンゴー,パルプ・紙,プライム,3941.T,2026-06-17,1408.0,-0.0035385704175513455,0.013314141777617916,0.011494252873563315,0.029265574282495432,0.22131890128125686,1402.975,1317.1737569173176,0.0035816746556425194,0.06895539985191479,-0.08352161221761845,0.2366020967179375,825300.0,919980.0,0.8970847192330268,1264256635.0,245,False,jpx_liquidity,JPX流動性
529,9076,セイノーホールディングス,陸運業,プライム,9076.T,2026-06-17,2658.0,-0.005053340819764163,-0.037828054298642555,0.02883684923553309,0.07379565767958174,0.16148524434020728,2670.975,2533.955598958333,-0.004857776654592416,0.048952870797207115,-0.037828054298642555,0.23847708151508884,289300.0,477225.0,0.6062130022526062,1263623282.5,245,False,jpx_liquidity,JPX流動性
530,6544,ジャパンエレベーターサービスホールディングス,サービス業,プライム,6544.T,2026-06-17,1652.0,0.023227005264787826,0.026086956521739202,-0.09628008752735229,-0.014586944026124704,-0.05653714730773396,1715.0,1666.3119873046876,-0.03673469387755102,-0.008589020191733576,-0.12661908538197197,0.332475445691933,513600.0,744795.0,0.6895857249310213,1262611650.0,245,False,jpx_liquidity,JPX流動性
531,4967,小林製薬,化学,プライム,4967.T,2026-06-17,5375.0,-0.003707136237256714,-0.029082369942196484,-0.09282700421940926,-0.06260899895361005,0.03324800214158663,5652.85,5796.666666666667,-0.04915219756406064,-0.07274295572167921,-0.12130129148275304,0.17206655356191095,183500.0,222170.0,0.8259440968627627,1262440325.0,245,False,jpx_liquidity,JPX流動性
532,9987,スズケン,卸売業,プライム,9987.T,2026-06-17,5001.0,0.0,-0.018642072213500782,-0.05748209574067098,-0.14669624194855613,-0.18225633916034834,5140.6,5541.4405517578125,-0.027156363070458767,-0.09752708645162278,-0.2365992946216503,0.1535726893543577,162400.0,250305.0,0.6488084536865024,1253000330.0,245,False,jpx_liquidity,JPX流動性
533,6258,平田機工,機械,プライム,6258.T,2026-06-17,2982.0,0.03721739130434787,0.13729977116704806,0.03433922996878258,0.15824263210893053,0.33348981710940473,2836.1,2881.2280517578124,0.05144388420718604,0.03497534607880404,-0.1874659400544959,0.5837169504400352,387500.0,448280.0,0.8644150977067904,1248732260.0,245,False,jpx_liquidity,JPX流動性
534,9449,ＧＭＯインターネットグループ,情報・通信業,プライム,9449.T,2026-06-17,3098.0,0.0048653908530651435,-0.023021128981393857,-0.06319927426670702,0.06613397249464481,-0.17590715488836495,3248.4,3124.128869628906,-0.046299716783647415,-0.008363569724321174,-0.23875433522335832,0.21010535477402,248200.0,386830.0,0.6416255202543754,1238265325.0,245,False,jpx_liquidity,JPX流動性
535,6005,三浦工業,機械,プライム,6005.T,2026-06-17,3205.0,0.016492229622581567,0.027243589743589647,-0.016871165644171793,-0.01933000857584244,0.10063667951081512,3178.75,3247.0460001627603,0.00825796303578441,-0.012949000464007154,-0.07858749522630293,0.21347672037423257,394100.0,384500.0,1.0249674902470742,1229336385.0,245,False,jpx_liquidity,JPX流動性
536,4114,日本触媒,化学,プライム,4114.T,2026-06-17,2117.5,-0.004934210526315819,0.05822088955522231,0.046971569839307836,-0.10332842263058595,0.14130387224809793,2044.975,2148.458504231771,0.03546498123448938,-0.014409635639130336,-0.14508738298927648,0.19416430616877495,501300.0,595010.0,0.8425068486243928,1208534297.5,245,False,jpx_liquidity,JPX流動性
537,8698,マネックスグループ,証券、商品先物取引業,プライム,8698.T,2026-06-17,634.0,-0.009375000000000022,-0.0015748031496063408,-0.03353658536585369,-0.1109220489954853,-0.07934962943831803,645.05,670.7321197509766,-0.017130455003488088,-0.05476421759049521,-0.15935425184437046,0.2057304464932151,1846700.0,1869640.0,0.9877302582315312,1199827345.0,245,False,jpx_liquidity,JPX流動性
538,8086,ニプロ,精密機器,プライム,8086.T,2026-06-17,1660.0,0.00728155339805836,-0.04432930339666086,-0.03851723139299157,0.10394973568468613,0.14416854112015565,1708.8,1620.0601338704428,-0.02855805243445686,0.024653323228279067,-0.051157473563875344,0.17261920502282932,698500.0,755885.0,0.9240823670267303,1194868837.5,245,False,jpx_liquidity,JPX流動性
539,9744,メイテックグループホールディングス,サービス業,プライム,9744.T,2026-06-17,3031.0,-0.0006594131223210953,-0.01334635416666663,0.006976744186046435,-0.06835279502956437,-0.1112175090847134,3026.25,3123.382389322917,0.0015695993391160457,-0.02957767503547437,-0.15398676755061758,0.09550627388995116,316200.0,400330.0,0.7898483750905503,1192653665.0,245,False,jpx_liquidity,JPX流動性
540,3097,物語コーポレーション,小売業,プライム,3097.T,2026-06-17,4715.0,0.00855614973262031,-0.013598326359832602,-0.037755102040816335,-0.052261306532663365,0.07755169086093261,4715.75,4636.833333333333,-0.00015904150983403476,0.016857769310952175,-0.10019083969465647,0.4811273378809457,218900.0,250240.0,0.8747602301790282,1187156800.0,245,False,jpx_liquidity,JPX流動性
541,8338,筑波銀行,銀行業,プライム,8338.T,2026-06-17,663.0,-0.04466858789625361,-0.03493449781659386,0.07108239095315017,0.08169649601017936,0.6030897124941059,642.6,614.7276143391927,0.03174603174603163,0.0785264636479659,-0.08801034886446601,0.4740450223326917,1878100.0,1796740.0,1.0452820107528078,1186729455.0,245,False,jpx_liquidity,JPX流動性
542,4617,中国塗料,化学,プライム,4617.T,2026-06-17,3620.0,0.011173184357541999,0.1294851794071763,0.19275123558484353,-0.019814689532051455,-0.17734448322489627,3303.75,3297.812609863281,0.09572455542943614,0.09769730068139793,-0.2200006964880694,0.4618768808908179,246200.0,360950.0,0.6820889319850395,1183477500.0,245,False,jpx_liquidity,JPX流動性
543,6143,ソディック,機械,プライム,6143.T,2026-06-17,2056.0,-0.01532567049808431,0.14158800666296512,0.30539682539682533,0.41305841924398634,1.3208596029443092,1893.3,1611.55,0.08593461152485071,0.2757903881356458,-0.01532567049808431,0.6881644885973301,510700.0,623545.0,0.8190266941439671,1182489640.0,245,False,jpx_liquidity,JPX流動性
544,2784,アルフレッサ　ホールディングス,卸売業,プライム,2784.T,2026-06-17,2182.0,-0.006601411336216723,-0.0077307867212369485,-0.017338437288898945,-0.09936120198144183,-0.09103398195995549,2195.125,2348.562076822917,-0.005979158362280024,-0.07092087472017705,-0.17433041335620236,0.20188847972489782,476700.0,545115.0,0.874494372747035,1175008735.0,245,False,jpx_liquidity,JPX流動性
545,5463,丸一鋼管,鉄鋼,プライム,5463.T,2026-06-17,1671.0,0.0017985611510791255,0.05893536121673004,-0.07679558011049725,0.14508714028522718,0.1896383651392486,1716.525,1578.0862854003906,-0.026521606151964083,0.05887746155530116,-0.13081924577373216,0.2662101384445236,452800.0,698630.0,0.6481256172795328,1168515817.5,245,False,jpx_liquidity,JPX流動性
546,2726,パルグループホールディングス,小売業,プライム,2726.T,2026-06-17,1412.0,0.007132667617689048,-0.024861878453038666,-0.011896431070678837,-0.0536193029490617,-0.303251689766614,1401.35,1449.5666666666666,0.007599814464623433,-0.025915790926023807,-0.3180272197079931,0.22554098132489162,340200.0,840110.0,0.404946971229958,1168318660.0,245,False,jpx_liquidity,JPX流動性
547,8154,加賀電子,卸売業,プライム,8154.T,2026-06-17,4415.0,-0.003386004514672636,-0.03285870755750275,0.08877928483353892,0.13398285215138217,0.1893356346826336,4524.25,4197.289896647136,-0.024147648781566056,0.051869208159001534,-0.11345381526104414,0.3818532336420751,166600.0,256135.0,0.6504382454564975,1167614400.0,245,False,jpx_liquidity,JPX流動性
548,6768,タムラ製作所,電気機器,プライム,6768.T,2026-06-17,1007.0,0.02650356778797147,0.06448202959830862,0.11764705882352944,0.442160104564048,0.7950831265740868,1019.75,843.5582427978516,-0.012503064476587444,0.193752783044425,-0.1024955436720143,0.7878071111016607,606400.0,1137720.0,0.5329958161937911,1160596055.0,245,False,jpx_liquidity,JPX流動性
549,8544,京葉銀行,銀行業,プライム,8544.T,2026-06-17,2445.0,-0.014112903225806495,-0.02200000000000002,0.03821656050955413,0.1863046743013992,0.5298631837869991,2482.0,2283.497519938151,-0.0149073327961321,0.0707259275088783,-0.05269275474622237,0.3510627090342907,350500.0,461320.0,0.7597762941125467,1158106770.0,245,False,jpx_liquidity,JPX流動性
550,2737,トーメンデバイス,卸売業,プライム,2737.T,2026-06-17,15300.0,0.003278688524590123,0.06993006993007,0.0851063829787233,0.23572061697061986,0.40265131466330706,14588.0,13721.146321614584,0.048807238826432675,0.11506718472189803,-0.08820023837902269,0.4408398144073803,32700.0,81125.0,0.40308166409861323,1151963750.0,245,False,jpx_liquidity,JPX流動性
551,6516,山洋電気,電気機器,プライム,6516.T,2026-06-17,6780.0,0.03039513677811545,0.08306709265175716,-0.011661807580174877,0.43332642069011573,0.728264341759076,6707.0,6003.202962239583,0.010884150887132904,0.1293970972906473,-0.1171875,0.43651980600834117,107700.0,172965.0,0.6226693261642529,1148601250.0,245,False,jpx_liquidity,JPX流動性
552,4776,サイボウズ,情報・通信業,プライム,4776.T,2026-06-17,2299.0,0.0008707009142359112,-0.017101325352714802,-0.06239804241435565,0.06830855018587356,-0.16449711828065372,2449.1,2235.366666666667,-0.061287820015515915,0.028466619943036786,-0.21301385221060465,0.3979841360275127,294200.0,477650.0,0.6159321679053701,1139256200.0,245,False,jpx_liquidity,JPX流動性
553,7380,十六フィナンシャルグループ,銀行業,プライム,7380.T,2026-06-17,2205.0,-0.024767801857585092,0.03569751056834192,0.0652173913043479,0.24776001044441975,0.6680190251771387,2127.95,2028.337540690104,0.03620855753189689,0.08709716985753269,-0.024767801857585092,0.2736193170242924,526100.0,536110.0,0.9813284587118315,1138491480.0,244,False,jpx_liquidity,JPX流動性
554,4587,ペプチドリーム,医薬品,プライム,4587.T,2026-06-17,978.2000122070312,0.039201131299895886,-0.013314516725811743,-0.1570874517819636,-0.26312616782897835,-0.42728336521836574,1051.625,1136.75,-0.06982050426051944,-0.13947656722495605,-0.45137408176835037,0.3883777413247821,1296800.0,1084475.0,1.1957859793909495,1136607698.1652832,245,False,jpx_liquidity,JPX流動性
555,7389,あいちフィナンシャルグループ,銀行業,プライム,7389.T,2026-06-17,1335.0,-0.022693997071742356,-0.017660044150110354,-0.08624229979466114,0.08797810418597662,0.41198416186421905,1368.0,1441.0388590494792,-0.02412280701754388,-0.07358501013596774,-0.20250896057347667,0.2642771191575625,715500.0,815545.0,0.8773274313495883,1113549245.0,244,False,jpx_liquidity,JPX流動性
556,8078,阪和興業,卸売業,プライム,8078.T,2026-06-17,1707.0,-0.0017543859649122862,0.011855364552459946,-0.01215277777777779,0.0710674373530118,0.25265638963200043,1749.55,1673.1370096842447,-0.02432053956731728,0.020239221366662452,-0.09825673534072898,0.3683806563851755,353100.0,640220.0,0.5515291618506138,1112425410.0,245,False,jpx_liquidity,JPX流動性
557,3107,ダイワボウホールディングス,卸売業,プライム,3107.T,2026-06-17,3330.0,-0.023173951305368146,-0.03534183082271147,-0.05236198064883324,0.12093449340174045,0.15334251406493604,3449.4,3276.4143595377604,-0.034614715602713564,0.01635496447702045,-0.07216494845360821,0.2356958472472687,294100.0,323725.0,0.9084871418642366,1111520730.0,245,False,jpx_liquidity,JPX流動性
558,2206,江崎グリコ,食料品,プライム,2206.T,2026-06-17,5287.0,-0.0143549589858315,-0.01177570093457947,-0.042210144927536275,-0.1594594594594595,-0.015653147829628455,5376.75,5658.366666666667,-0.01669223973589995,-0.0656314248516946,-0.1594594594594595,0.158950814671879,333100.0,201720.0,1.6512988300614713,1110594350.0,245,False,jpx_liquidity,JPX流動性
559,6363,酉島製作所,機械,プライム,6363.T,2026-06-17,3010.0,0.040082930200414646,0.15369873514756605,0.1144020733061828,0.11847784188324373,0.5492314855775808,2725.35,3005.4916748046876,0.10444530060359214,0.001500029174296591,-0.13629842180774754,0.5834593328179691,272000.0,400220.0,0.6796262055869272,1100414320.0,245,False,jpx_liquidity,JPX流動性
560,9409,テレビ朝日ホールディングス,情報・通信業,プライム,9409.T,2026-06-17,3210.0,-0.01078582434514641,-0.044642857142857095,0.02392344497607657,-0.025325295947832505,-0.028243491664599052,3204.25,3288.189558919271,0.001794491690723321,-0.023778908581222225,-0.12515721927140477,0.2870668446559468,127800.0,350085.0,0.3650542011225845,1099733500.0,245,False,jpx_liquidity,JPX流動性
561,8381,山陰合同銀行,銀行業,プライム,8381.T,2026-06-17,2131.0,-0.02157943067033974,-0.001405810684161235,0.05809334657398213,0.25224797608088756,0.4935621759463722,2104.1,1951.3803466796876,0.012784563471317956,0.0920474850666293,-0.03004096495220754,0.20828531311969742,342400.0,523610.0,0.6539218120356755,1095168290.0,245,False,jpx_liquidity,JPX流動性
562,1417,ミライト・ワン,建設業,プライム,1417.T,2026-06-17,3874.0,0.018134034165571578,0.0005165289256199301,0.007280291211648526,0.04084549595459719,0.16515324817069899,3863.3,3839.217333984375,0.0027696528874276982,0.009059832510061927,-0.07342740971059558,0.2181910774537545,179400.0,288600.0,0.6216216216216216,1090537495.0,245,False,jpx_liquidity,JPX流動性
563,8111,ゴールドウイン,繊維製品,プライム,8111.T,2026-06-17,2178.0,-0.006386861313868564,0.023496240601503793,0.01184668989547033,-0.08596290158680853,-0.19163483966011852,2127.425,2195.0625732421877,0.02377287095902325,-0.007773160296285164,-0.1989729427743152,0.15646640466059927,356500.0,515170.0,0.6920045810120931,1088585732.5,245,False,jpx_liquidity,JPX流動性
564,5832,ちゅうぎんフィナンシャルグループ,銀行業,プライム,5832.T,2026-06-17,3086.0,-0.021249603552172536,0.00849673202614376,0.0012978585334197934,0.11811406283903758,0.2976956103049728,3038.1,2970.5457845052083,0.01576643296797342,0.038866330927137094,-0.09029849623773356,0.2356944762507827,335000.0,365425.0,0.9167407812820688,1081754090.0,244,False,jpx_liquidity,JPX流動性
565,4373,シンプレクス・ホールディングス,情報・通信業,プライム,4373.T,2026-06-17,958.0,-0.009307135470527417,-0.09366130558183539,-0.07528957528957525,0.18174107808702455,-0.092904322586566,1040.55,930.98857421875,-0.07933304502426597,0.029013702777090478,-0.14616755793226377,0.3771490741136745,621300.0,1102605.0,0.5634837498469534,1080677390.0,244,False,jpx_liquidity,JPX流動性
566,6617,東光高岳,電気機器,プライム,6617.T,2026-06-17,7710.0,0.022546419098143256,0.09052333804809054,0.06344827586206891,0.44105836484967065,1.1331583945166623,7726.5,6708.035530598959,-0.0021355076684138607,0.14936779401816547,-0.1034883720930233,0.5961995147067487,85800.0,144080.0,0.5955024986118823,1069532000.0,245,False,jpx_liquidity,JPX流動性
567,4681,リゾートトラスト,サービス業,プライム,4681.T,2026-06-17,1709.0,-0.007549361207897842,0.01274074074074072,-0.025655644241733166,-0.09190616881958613,-0.1264082015043363,1684.275,1755.4350952148438,0.01467990678481823,-0.026452185752365187,-0.1334320469002096,0.282584999101599,490500.0,635470.0,0.7718696397941681,1065141297.5,245,False,jpx_liquidity,JPX流動性
568,7995,バルカー,化学,プライム,7995.T,2026-06-17,8010.0,0.00881612090680095,0.060927152317880706,0.10635359116022092,0.6518349240489314,1.0859709208597854,7889.5,6319.7642822265625,0.01527346473160529,0.26745233560798853,-0.05094786729857825,0.46430891638168725,71700.0,140470.0,0.5104292731544102,1061683800.0,245,False,jpx_liquidity,JPX流動性
569,1861,熊谷組,建設業,プライム,1861.T,2026-06-17,1421.0,0.007801418439716379,0.0417888563049853,-0.0062937062937062915,-0.1496411398757148,-0.05823448738286208,1395.55,1484.5268676757812,0.01823653756583421,-0.04279266954274852,-0.29206169618408384,0.29856352847947226,955300.0,780145.0,1.2245159553672715,1059450625.0,245,False,jpx_liquidity,JPX流動性
570,4483,ＪＭＤＣ,情報・通信業,プライム,4483.T,2026-06-17,2800.0,0.015228426395939021,0.045946955547254476,0.0432190760059612,-0.15708587547775332,-0.2961667205080797,2732.75,3083.735066731771,0.024608910438203235,-0.09201019562049517,-0.32566871029437083,0.37383613884602285,421800.0,388185.0,1.0865953089377487,1058756395.0,245,False,jpx_liquidity,JPX流動性
571,9861,吉野家ホールディングス,小売業,プライム,9861.T,2026-06-17,3065.0,-0.017628205128205177,-0.013517862890247812,-0.05779280664002462,-0.05952746241178275,0.0025275124816441785,3135.4,3239.35,-0.02245327549913889,-0.053822526124068126,-0.11287988422575979,0.19172367462892836,365200.0,333985.0,1.0934622812401755,1057077575.0,245,False,jpx_liquidity,JPX流動性
572,8141,新光商事,卸売業,プライム,8141.T,2026-06-17,1581.0,0.0006329113924050667,0.0019011406844107182,-0.015566625155666203,0.4507711520890225,0.5659793485980089,1585.45,1487.9891153971355,-0.0028067741019900394,0.06250777216071257,-0.0913793103448276,0.04982744622495074,280500.0,703130.0,0.39893049649424717,1056927550.0,245,False,jpx_liquidity,JPX流動性
573,6104,芝浦機械,機械,プライム,6104.T,2026-06-17,4075.0,0.03557814485387545,0.0435339308578746,-0.09544950055493895,0.0626312755038636,-0.038337112298824416,4129.5,4194.909716796875,-0.013197723695362651,-0.028584576282236318,-0.1709053916581892,0.6494611584429353,186700.0,259085.0,0.7206129262597217,1053376025.0,245,False,jpx_liquidity,JPX流動性
574,7240,ＮＯＫ,輸送用機器,プライム,7240.T,2026-06-17,2976.0,0.006765899864682012,0.02797927461139893,0.052519893899204195,0.008331140565114525,0.12459099939423712,2906.35,2876.4857381184897,0.023964766803722837,0.034595777953205786,-0.08531911828266825,0.25923568529003693,223500.0,366730.0,0.6094401876039593,1047595470.0,245,False,jpx_liquidity,JPX流動性
575,9302,三井倉庫ホールディングス,倉庫・運輸関連業,プライム,9302.T,2026-06-17,3801.0,-0.013495977160653982,-0.015540015540015495,-0.02111769250579454,-0.0676056030995299,-0.006818353333508997,3866.55,3975.5105021158856,-0.0169530977227762,-0.043896375578181934,-0.1087924970691676,0.21583712022943466,296900.0,266220.0,1.1152430320787319,1043913435.0,245,False,jpx_liquidity,JPX流動性
576,8242,エイチ・ツー・オー　リテイリング,小売業,プライム,8242.T,2026-06-17,2525.0,-0.0039447731755424265,-0.023210831721469982,0.00019805902158842592,0.08318206515933335,0.22882447915695114,2540.2,2470.0843302408853,-0.005983780804660999,0.022232305628917315,-0.03882755995432052,0.2571792323552856,297400.0,414380.0,0.7176987306337178,1040412995.0,245,False,jpx_liquidity,JPX流動性
577,1414,ショーボンドホールディングス,建設業,プライム,1414.T,2026-06-17,1263.5,-0.0007908264136021748,0.0,0.0035742652899126703,-0.1225694444444444,-9.988768914181989e-05,1258.5,1333.9916666666666,0.003972983710766709,-0.05284265893714968,-0.17472240365774006,0.13399082996757375,702600.0,839140.0,0.8372857925971828,1037209597.5,245,False,jpx_liquidity,JPX流動性
578,3191,ジョイフル本田,小売業,プライム,3191.T,2026-06-17,2211.0,-0.004054054054054013,-0.014705882352941124,0.02885062819916251,0.04836415362731161,0.03749411013050685,2204.95,2156.3166666666666,0.002743826390621207,0.02535960240842794,-0.01689639839928858,0.15577579576952827,1037100.0,426020.0,2.4343927515140136,1027601335.0,245,False,jpx_liquidity,JPX流動性
579,7278,エクセディ,輸送用機器,プライム,7278.T,2026-06-17,5900.0,-0.0016920473773265332,-0.015025041736227096,0.013745704467353903,0.04410512909559072,0.10507484624962116,6005.5,5838.569173177083,-0.017567230039130743,0.010521555025011287,-0.054487179487179516,0.20505515248632272,101700.0,174620.0,0.5824075134577941,1027588650.0,245,False,jpx_liquidity,JPX流動性
580,8336,武蔵野銀行,銀行業,プライム,8336.T,2026-06-17,2434.0,-0.020128824476650542,-0.015770319450060688,-0.017359709325797335,0.15365728627981,0.5842738124220153,2452.2,2361.5637634277346,-0.007421906859146787,0.03067299629764242,-0.03680253264740796,0.20463042946997473,310300.0,428810.0,0.7236305123481263,1024074805.0,245,False,jpx_liquidity,JPX流動性
581,5715,古河機械金属,非鉄金属,プライム,5715.T,2026-06-17,4135.0,0.019728729963008673,0.14068965517241372,0.09102902374670174,-0.1535292720034681,0.11508410092519217,3896.25,4216.8277587890625,0.061276868784087224,-0.019405051254111627,-0.3664295051749257,0.5914089277823792,170800.0,267905.0,0.6375394262891697,1019910125.0,245,False,jpx_liquidity,JPX流動性
582,2810,ハウス食品グループ本社,食料品,プライム,2810.T,2026-06-17,3535.0,-0.008136924803591516,0.007122507122507171,0.007696693272519983,0.17670549993543272,0.24551502301164918,3473.5,3230.937813313802,0.01770548438174746,0.09410957568828526,-0.008136924803591516,0.18127377016891108,193300.0,308065.0,0.6274649830392937,1018792090.0,245,False,jpx_liquidity,JPX流動性
583,9247,ＴＲＥホールディングス,サービス業,プライム,9247.T,2026-06-17,1898.0,0.06390134529147984,0.06749156355455566,0.2763954270342972,0.22037270918396934,0.20742235813341603,1668.95,1632.276981608073,0.1372419784894694,0.16279284789652815,0.0,0.5588326117053655,656200.0,610650.0,1.0745926471792353,1009724695.0,244,False,jpx_liquidity,JPX流動性
584,2127,日本Ｍ＆Ａセンターホールディングス,サービス業,プライム,2127.T,2026-06-17,650.9000244140625,0.019739991950588287,0.02101964613970586,0.009147324672965196,0.025794962898380902,-0.07823208159974449,646.6150024414062,651.5485219319661,0.006626852078094991,-0.0009953173034307206,-0.12759741792266122,0.21854164210210641,1269200.0,1593775.0,0.7963482925758028,1007424824.8641968,245,False,jpx_liquidity,JPX流動性
585,4540,ツムラ,医薬品,プライム,4540.T,2026-06-17,3704.0,-0.015155543738367472,-0.012529992002132784,-0.05798575788402849,-0.019163175588311376,-0.04853399853325224,3750.4,3744.4597981770835,-0.012372013651877123,-0.0108052430411405,-0.107382919928664,0.20563840717647147,162100.0,286395.0,0.56600150142286,998204560.0,245,False,jpx_liquidity,JPX流動性
586,547A,ムニノバホールディングス,その他金融業,プライム,547A.T,2026-06-17,440.0,0.05011933174224348,0.037735849056603765,-0.03508771929824561,-0.07870649367279736,-0.15866780043102025,434.65,443.69602661132814,0.012308754170021974,-0.008330087243638595,-0.25057807893892325,0.37195351057310344,2195700.0,2317190.0,0.9475701172540879,997716410.0,245,False,jpx_liquidity,JPX流動性
587,9045,京阪ホールディングス,陸運業,プライム,9045.T,2026-06-17,3127.0,-0.008874801901743279,-0.031888544891640835,0.026592252133946115,-0.02724294114247272,-0.037699625686693716,3192.8,3234.798551432292,-0.020608869957404186,-0.033324656765584715,-0.09878524996443183,0.25280928375145945,249100.0,317175.0,0.7853708520532829,997579560.0,245,False,jpx_liquidity,JPX流動性
588,7459,メディパルホールディングス,卸売業,プライム,7459.T,2026-06-17,2591.5,-0.009554748710108973,-0.03302238805970148,-0.08556810162314754,-0.0943680061647364,-0.05247392799726491,2687.8,2796.841031901042,-0.03582855867252033,-0.07341891425322422,-0.145156575228638,0.18658622254887003,333600.0,376170.0,0.8868330807879417,989938717.5,245,False,jpx_liquidity,JPX流動性
589,2433,博報堂ＤＹホールディングス,サービス業,プライム,2433.T,2026-06-17,1123.5,-0.0031055900621117516,-0.05548549810844894,-0.06608478802992523,0.09449585971748653,-0.015095492925673137,1148.75,1089.9653289794921,-0.02198041349292712,0.03076673186651324,-0.06608478802992523,0.1925521265201495,616300.0,889690.0,0.6927131922354978,977931075.0,245,False,jpx_liquidity,JPX流動性
590,6619,ダブル・スコープ,電気機器,プライム,6619.T,2026-06-17,192.0,-0.07246376811594202,-0.20661157024793386,-0.35785953177257523,-0.040000000000000036,0.2549019607843137,276.65,250.56666666666666,-0.3059822880896439,-0.2337368631102833,-0.4369501466275659,0.8599684523737152,2692000.0,3528585.0,0.762912045479987,975174395.0,245,False,jpx_liquidity,JPX流動性
591,4109,ステラ　ケミファ,化学,プライム,4109.T,2026-06-17,7000.0,0.0,-0.08854166666666663,0.07361963190184051,0.4306024586683521,0.7122575953960144,7341.0,6004.279760742187,-0.04645143713390543,0.16583508412918002,-0.11949685534591192,0.5326760912719515,63200.0,133510.0,0.47337278106508873,974553300.0,245,False,jpx_liquidity,JPX流動性
592,6800,ヨコオ,電気機器,プライム,6800.T,2026-06-17,5790.0,0.048913043478260976,0.1134615384615385,0.19628099173553726,0.8567224712770158,1.6742916140951771,5249.0,4428.766882324218,0.10306725090493418,0.3073616548002649,0.0,0.64881423859534,128800.0,186860.0,0.6892860965428663,973389600.0,245,False,jpx_liquidity,JPX流動性
593,4187,大阪有機化学工業,化学,プライム,4187.T,2026-06-17,5680.0,0.01067615658362997,0.07984790874524705,0.16385663579894882,0.40549273118597084,0.4916180601004889,5611.455004882812,4686.395157877604,0.01221519107923763,0.2120190057921587,-0.05960264900662249,0.5011371652333315,132700.0,180980.0,0.733230191181346,970051800.0,245,False,jpx_liquidity,JPX流動性
594,6013,タクマ,機械,プライム,6013.T,2026-06-17,3560.0,0.008498583569405138,0.048600883652430094,0.13556618819776722,0.21005345085423355,0.47807832464129496,3367.25,3004.6061279296873,0.05724255698270109,0.18484748030950882,0.0,0.2838809596376033,241400.0,291740.0,0.827449098512374,969396850.0,245,False,jpx_liquidity,JPX流動性
595,5703,日本軽金属ホールディングス,非鉄金属,プライム,5703.T,2026-06-17,2958.0,-0.017275747508305628,-0.03491027732463292,-0.030163934426229555,0.0388070389394195,0.2402519532023737,3129.7,2968.5462931315105,-0.054861488321564345,-0.0035526793555189506,-0.10091185410334347,0.3927661266127578,315700.0,308450.0,1.0235046198735613,967056620.0,245,False,jpx_liquidity,JPX流動性
596,6331,三菱化工機,機械,プライム,6331.T,2026-06-17,4100.0,0.04859335038363177,0.1341632088520055,0.19186046511627897,0.21240552718191452,0.27109987878319974,3625.5,3332.6612263997395,0.130878499517308,0.23024805747484067,0.0,0.5602112870797156,266000.0,271060.0,0.9813325462997122,966861050.0,245,False,jpx_liquidity,JPX流動性
597,8392,大分銀行,銀行業,プライム,8392.T,2026-06-17,2315.0,-0.024030354131534537,-0.019483269800931846,0.04609127880704933,0.16280194821419314,0.9201532519722231,2292.15,2137.6212361653647,0.00996880657897603,0.08297951051086638,-0.048499794492396164,0.37645021077088786,235800.0,423815.0,0.5563748333588948,962105270.0,245,False,jpx_liquidity,JPX流動性
598,6914,オプテックスグループ,電気機器,プライム,6914.T,2026-06-17,4155.0,0.025925925925925908,-0.022352941176470575,-0.06629213483146068,0.4594309799789251,0.5655909404641648,4304.75,3466.116666666667,-0.03478715372553576,0.19874787826914853,-0.09869848156182215,0.4224076098711317,163700.0,225540.0,0.725813602908575,956087475.0,245,False,jpx_liquidity,JPX流動性
599,4544,Ｈ．Ｕ．グループホールディングス,サービス業,プライム,4544.T,2026-06-17,3190.0,-0.018763457397723782,-0.07856730213749274,-0.015432098765432056,0.03742761423423624,-0.0008185398668068,3254.1,3190.889432779948,-0.019698226852278622,-0.0002787413348801504,-0.07856730213749274,0.3117728967811484,302800.0,290420.0,1.0426279181874527,952987440.0,245,False,jpx_liquidity,JPX流動性
600,9603,エイチ・アイ・エス,サービス業,プライム,9603.T,2026-06-17,939.0,-0.011578947368421022,-0.1337638376383764,-0.08657587548638135,-0.1494565217391305,-0.29185520361990946,1030.45,1053.7666666666667,-0.08874763452860401,-0.1089108910891089,-0.30701107011070106,0.48779762566780827,1014600.0,920555.0,1.10216119623488,951453410.0,245,False,jpx_liquidity,JPX流動性
