liquidity_rank,code,name,industry,market,ticker,trade_date,close,return_1d,return_5d,return_20d,return_60d,return_120d,ma20,ma60,distance_ma20,distance_ma60,distance_high_120d,volatility_20d,latest_volume,avg_volume_20d,volume_ratio_20d,avg_turnover_20d,history_days,in_yahoo_pool,universe_source,universe_label
1,285A,キオクシアホールディングス,電気機器,プライム,285A.T,2026-08-03,49160.0,0.05720430107526875,-0.09880843263061412,-0.40984393757503,0.10496740840638341,1.3521531100478468,61005.0,69958.5,-0.19416441275305307,-0.2972976836267216,-0.5477460901563938,1.6369245481412982,69465900.0,47774715.0,1.454030651988191,2866536075100.0,277,True,jpx_liquidity,JPX流動性
2,8035,東京エレクトロン,電気機器,プライム,8035.T,2026-08-03,54990.0,-0.009189189189189206,-0.12436305732484076,-0.2487704918032787,0.04842707340324126,0.3637399309016116,64919.5,62830.166666666664,-0.1529509623456743,-0.12478347715136828,-0.3021573604060914,0.7645548741814479,4585200.0,4818935.0,0.9514965443609428,303097940850.0,277,True,jpx_liquidity,JPX流動性
3,9984,ソフトバンクグループ,情報・通信業,プライム,9984.T,2026-08-03,5393.0,0.025285171102661597,0.011630088163571584,-0.12579024153023177,-0.12037188060675252,0.283700338229276,5681.85,6357.4,-0.0508373153110343,-0.15169723471859564,-0.37523169601482853,0.9074051422707492,53749700.0,51322890.0,1.047285139242938,290740024865.0,277,True,jpx_liquidity,JPX流動性
4,6857,アドバンテスト,電気機器,プライム,6857.T,2026-08-03,31430.0,-0.032923076923076944,0.10747004933051452,0.07105128642017378,0.05169817634264673,0.23543785863866273,29108.25,28673.0,0.0797626102565423,0.09615317546123525,-0.12451253481894153,1.0170446530418797,9793800.0,9896325.0,0.9896400936711355,289906562300.0,277,True,jpx_liquidity,JPX流動性
5,6976,太陽誘電,電気機器,プライム,6976.T,2026-08-03,9915.0,-0.030317848410757908,-0.14118666089216114,-0.5177529182879377,0.4880684376407023,1.9081393277196352,12328.65,13865.35,-0.19577569320241872,-0.28490806218378906,-0.5623482674906202,1.3166228696368656,20700900.0,23606550.0,0.8769133990354372,286743637165.0,277,True,jpx_liquidity,JPX流動性
6,6981,村田製作所,電気機器,プライム,6981.T,2026-08-03,7161.0,-0.03438511326860838,-0.11614416193532462,-0.35370036101083036,0.22410256410256402,1.1759651981547128,8338.4,8914.5,-0.14120214909335116,-0.19670200235571256,-0.4154285714285715,1.1023716436067679,41411700.0,31228010.0,1.326107555364559,265172664410.0,277,True,jpx_liquidity,JPX流動性
7,5803,フジクラ,非鉄金属,プライム,5803.T,2026-08-03,4290.0,0.028283796740172562,-0.008092485549133,-0.1993281075027995,-0.3482224247948952,0.1337869124491995,4630.3,5097.1,-0.07349415804591497,-0.158344941241098,-0.4538510502864418,0.8254439917341553,38401200.0,41230595.0,0.9313763238197266,187697815780.0,277,True,jpx_liquidity,JPX流動性
8,8306,三菱ＵＦＪフィナンシャル・グループ,銀行業,プライム,8306.T,2026-08-03,3567.0,-0.0011201344161299032,-0.06106870229007633,0.07245941070354789,0.270978086584714,0.23250965711515392,3579.3,3281.55,-0.003436426116838587,0.08698633267815503,-0.06106870229007633,0.3402074736586103,53159300.0,44198010.0,1.202753246130312,163816585845.0,277,True,jpx_liquidity,JPX流動性
9,6920,レーザーテック,電気機器,プライム,6920.T,2026-08-03,40910.0,0.0791347929306252,-0.06083562901744721,-0.14144805876180477,-0.0653415581448481,0.3725884918637812,42502.0,43767.200846354164,-0.03745706084419553,-0.0652817815876423,-0.28558316602945555,1.0416787841920465,4519100.0,3612890.0,1.2508269003484744,157034915050.0,277,True,jpx_liquidity,JPX流動性
10,4062,イビデン,電気機器,プライム,4062.T,2026-08-03,15535.0,-0.06696696696696691,-0.06976047904191618,-0.3345470122081816,0.0012890750886238589,1.1615600293800106,17563.75,19693.25,-0.11550779303964132,-0.21115102890584336,-0.41210974456007565,1.301816513126745,8105600.0,8208310.0,0.9874870710292375,142609212275.0,277,True,jpx_liquidity,JPX流動性
11,6146,ディスコ,機械,プライム,6146.T,2026-08-03,60520.0,0.03488372093023262,-0.0339984038308061,-0.20981851416634023,-0.19306666666666672,-0.10678044841545709,65955.5,71032.16666666667,-0.0824116260205745,-0.14799163759141987,-0.316003616636528,0.9675089674516096,2512700.0,1998200.0,1.2574817335602042,130605680550.0,277,False,jpx_liquidity,JPX流動性
12,9983,ファーストリテイリング,小売業,プライム,9983.T,2026-08-03,79600.0,0.01803299654687307,0.028822541036577443,-0.05798816568047338,0.06133333333333324,0.29540152673230935,80674.0,79456.5,-0.013312839328656123,0.0018060196459697142,-0.09442548350398183,0.30568464316319577,1295300.0,1297160.0,0.9985660982453977,105784225250.0,277,False,jpx_liquidity,JPX流動性
13,7203,トヨタ自動車,輸送用機器,プライム,7203.T,2026-08-03,2963.5,-0.033746331920443406,-0.0006744225257123704,0.04791371994342297,0.017336079642979785,-0.19258362018791053,2940.925,2889.891666666667,0.007676156311364535,0.02547096632803414,-0.237417318790198,0.3780161257349336,43659400.0,32768380.0,1.3323636993955759,100720953287.5,277,True,jpx_liquidity,JPX流動性
14,8316,三井住友フィナンシャルグループ,銀行業,プライム,8316.T,2026-08-03,6614.0,-0.02935133548576463,-0.08317161075686164,-0.008693045563549107,0.19257122250270475,0.1927395555273781,6914.3,6414.75,-0.043431728446842066,0.031061226080517645,-0.08317161075686164,0.3335653552315515,21080600.0,13023050.0,1.6187145100418106,93853185450.0,277,True,jpx_liquidity,JPX流動性
15,3436,ＳＵＭＣＯ,金属製品,プライム,3436.T,2026-08-03,3457.0,0.02978850163836766,-0.08107389686337052,-0.32135846093443265,-0.033817775293460084,1.1339506172839506,4132.55,3903.684041341146,-0.16347049642472566,-0.11442627953764506,-0.3485961937064255,1.3023308758815901,22813400.0,22315850.0,1.0222958121693773,93677582782.5,277,True,jpx_liquidity,JPX流動性
16,8411,みずほフィナンシャルグループ,銀行業,プライム,8411.T,2026-08-03,8094.0,-0.008938410677115205,-0.062217587765033056,0.00198068828918041,0.19539211342490037,0.12893671829540176,8318.25,7764.383333333333,-0.02695879541970969,0.04245239480276397,-0.07665982203969879,0.4319100389299777,10847200.0,9985845.0,1.0862575976294444,84567895815.0,277,True,jpx_liquidity,JPX流動性
17,5016,ＪＸ金属,非鉄金属,プライム,5016.T,2026-08-03,3844.0,0.012378193310508268,0.014783526927138357,-0.05899632802937571,-0.2902511078286558,0.4660281888531934,3767.45,4041.116666666667,0.020318783261888074,-0.04877777182049514,-0.32797202797202796,0.8485284944445112,17218400.0,22357025.0,0.7701561366058319,82931431860.0,277,True,jpx_liquidity,JPX流動性
18,6525,ＫＯＫＵＳＡＩ　ＥＬＥＣＴＲＩＣ,電気機器,プライム,6525.T,2026-08-03,7785.0,0.048908649959579664,-0.09064361639995333,-0.35124999999999995,0.05803207393313392,0.22859367201454184,9125.45,8675.366666666667,-0.14689138617821595,-0.10263158905867575,-0.35124999999999995,1.2731522008820098,13248700.0,8685095.0,1.525452513760644,78235099055.0,277,True,jpx_liquidity,JPX流動性
19,7974,任天堂,その他製品,プライム,7974.T,2026-08-03,7589.0,-0.011720276077614278,0.02126227963934868,0.06407739764441955,-0.010173470718664368,-0.13767717755172515,7270.75,7194.766666666666,0.04377127531547642,0.054794457082231185,-0.24289406012023262,0.4256718321843699,8268900.0,9786815.0,0.8449020442299154,71561714645.0,277,True,jpx_liquidity,JPX流動性
20,7011,三菱重工業,機械,プライム,7011.T,2026-08-03,3799.0,0.009298618490967137,-0.023644307375995877,0.0018459915611814814,-0.15764966740576491,-0.1989443016577499,3837.65,3836.766666666667,-0.010071267572603015,-0.009843357688331333,-0.26663695015458844,0.44143286258136244,21809900.0,18224135.0,1.196759132875168,71442021360.0,277,True,jpx_liquidity,JPX流動性
21,6723,ルネサスエレクトロニクス,電気機器,プライム,6723.T,2026-08-03,3905.0,0.13451481696687972,0.010087946197620212,-0.18983402489626555,0.10623229461756378,0.517094017094017,4117.15,4286.85,-0.0515283630666844,-0.08907472853027287,-0.23775131758735113,0.9183953310386992,38300100.0,15347680.0,2.4954976908562077,67397454395.0,277,True,jpx_liquidity,JPX流動性
22,6758,ソニーグループ,電気機器,プライム,6758.T,2026-08-03,3589.0,-0.05228412991814102,0.004196978175713406,0.061834319526627324,0.15253692999357749,0.07714048103167181,3508.35,3449.9,0.02298801430872066,0.040320009275631064,-0.057757941716986116,0.33752611046732645,27774900.0,18343755.0,1.514133829196912,66168244725.0,277,True,jpx_liquidity,JPX流動性
23,6501,日立製作所,電気機器,プライム,6501.T,2026-08-03,5301.0,0.006455287640022789,0.05534541110889912,0.14864572047670643,0.07351154313487251,0.03324108528474534,4891.9,4863.583333333333,0.08362803818557207,0.08993711769442969,-0.08361568920930251,0.3521016615525975,14071300.0,12382965.0,1.1363433555695264,62140423570.0,277,True,jpx_liquidity,JPX流動性
24,7735,ＳＣＲＥＥＮホールディングス,電気機器,プライム,7735.T,2026-08-03,12350.0,-0.019841269841269882,-0.22302610883925766,-0.34794086589229145,0.08523725834797902,0.18874560661660866,16128.75,14454.916666666666,-0.23428660001550028,-0.1456194259162107,-0.366341713699333,0.9202344565494847,4234600.0,3968275.0,1.0671135442982151,61668734450.0,277,True,jpx_liquidity,JPX流動性
25,4063,信越化学工業,化学,プライム,4063.T,2026-08-03,5845.0,0.00775862068965516,-0.048974943052391806,-0.15995975855130784,-0.2185828877005348,0.12969787705064317,6795.15,7084.5,-0.1398276712066694,-0.1749594184487261,-0.2512170125544453,0.5426865300196807,9143400.0,8982330.0,1.017931872910481,60171341080.0,277,True,jpx_liquidity,JPX流動性
26,5801,古河電気工業,非鉄金属,プライム,5801.T,2026-08-03,3200.0,0.01748807631160565,-0.023497101007018628,-0.19999999999999996,-0.9286828616001783,-0.7892803449196776,3400.35,24178.75,-0.0589204052524005,-0.8676523807061987,-0.9467908214166944,0.8587915672687303,15709100.0,18218735.0,0.862249766517818,60131733092.5,277,True,jpx_liquidity,JPX流動性
27,5802,住友電気工業,非鉄金属,プライム,5802.T,2026-08-03,2062.5,-0.055631868131868156,-0.12420382165605093,-0.22578828828828834,-0.8175586023883238,-0.7337702593647446,2362.1,6640.333333333333,-0.12683628974217853,-0.6893981225842076,-0.8523093447905478,0.6816258287579182,37767100.0,23696545.0,1.593780865522801,56497688127.5,277,True,jpx_liquidity,JPX流動性
28,6861,キーエンス,電気機器,プライム,6861.T,2026-08-03,80610.0,-0.006654343807763419,0.08682755831198596,0.0038605230386052902,-0.042295354639420246,0.4845873104451879,75579.5,76791.33333333333,0.06655905371165471,0.04972783387014168,-0.042295354639420246,0.5055469037873459,744000.0,718055.0,1.0361323296961933,55567630850.0,277,False,jpx_liquidity,JPX流動性
29,6098,リクルートホールディングス,サービス業,プライム,6098.T,2026-08-03,12385.0,-0.013147410358565703,-0.009992006394884068,0.03901006711409405,0.5833546407568397,0.6542851984843789,12491.75,11053.266666666666,-0.008545640122480824,0.12048323572518527,-0.054580152671755755,0.3642454431548877,3639900.0,4205155.0,0.8655804601732873,52425282025.0,277,False,jpx_liquidity,JPX流動性
30,6506,安川電機,電気機器,プライム,6506.T,2026-08-03,4935.0,0.013971645777686392,-0.06125166444740349,-0.3401524267950261,-0.22490969059211563,-0.04292703602716541,5602.65,6466.866666666667,-0.11916682284276181,-0.2368792717750997,-0.35532331809274986,0.816830065828172,6023500.0,8986315.0,0.6702970016074442,49569967955.0,277,True,jpx_liquidity,JPX流動性
31,6954,ファナック,電気機器,プライム,6954.T,2026-08-03,6114.0,-0.14309740714786268,-0.09889462048636699,-0.17811533808307567,-0.18642714570858288,-0.07711473056134233,6821.1,7335.433333333333,-0.10366363196551875,-0.16651140809677234,-0.27456098718557187,0.7588831641856878,21706000.0,6104615.0,3.55567058692481,46813933095.0,277,True,jpx_liquidity,JPX流動性
32,6752,パナソニック　ホールディングス,電気機器,プライム,6752.T,2026-08-03,4281.0,-0.0007002801120448154,0.1016469377251672,-0.053295002211410925,0.29023508137432197,0.9659708865492538,4127.95,3958.6666666666665,0.03707651497716791,0.08142472212866281,-0.10251572327044023,0.8449103813412531,20470200.0,10756325.0,1.9030849290998553,45281640040.0,277,True,jpx_liquidity,JPX流動性
33,6762,ＴＤＫ,電気機器,プライム,6762.T,2026-08-03,3092.0,0.027925531914893664,0.026560424966799445,-0.16409840497431738,0.05763639473234128,0.4505490226216493,3128.85,3446.241666666667,-0.01177749013215712,-0.10279072129300282,-0.24787156409632694,0.5537979158558186,23068600.0,13244765.0,1.7417145566569132,43054973317.5,277,True,jpx_liquidity,JPX流動性
34,8766,東京海上ホールディングス,保険業,プライム,8766.T,2026-08-03,7885.0,-0.028222824747350272,-0.043430789761009336,0.03968881856540074,0.12162162162162171,0.36346408200467506,7896.3,7494.766666666666,-0.0014310499854361947,0.05206744261551388,-0.060526629333968796,0.3193693587032859,5208300.0,5026785.0,1.0361095610812876,39799119705.0,277,True,jpx_liquidity,JPX流動性
35,5706,三井金属,非鉄金属,プライム,5706.T,2026-08-03,30890.0,-0.0019386106623586752,-0.010886967659301972,-0.2026329375322664,-0.3822,0.40967089811204915,32509.0,41889.666666666664,-0.04980159340490331,-0.2625866363224024,-0.4373406193078324,0.960668815860266,976100.0,1288955.0,0.7572801222695905,39612026775.0,277,False,jpx_liquidity,JPX流動性
36,8058,三菱商事,卸売業,プライム,8058.T,2026-08-03,4787.0,0.002303182579564522,-0.012378791004745149,0.07404083464213596,-0.08801676509811396,0.11439559424024814,4647.85,4832.966666666666,0.029938573749152653,-0.009511066356758024,-0.18616116967018026,0.2848665372226305,17245000.0,7924650.0,2.1761213428984245,39236070200.0,277,True,jpx_liquidity,JPX流動性
37,9432,ＮＴＴ,情報・通信業,プライム,9432.T,2026-08-03,152.5,0.0006562080545984283,-0.011665606067123857,0.043805568987791865,0.01531293674093992,0.010982768185215264,151.6,149.33499984741212,0.00593667546174137,0.021193960932278655,-0.048658782927404776,0.21695207150837958,265678100.0,245216885.0,1.0834412972826075,37307354691.38962,277,True,jpx_liquidity,JPX流動性
38,7012,川崎重工業,輸送用機器,プライム,7012.T,2026-08-03,2708.0,-0.019905899384726755,-0.009690985554946074,-0.039716312056737535,-0.17085119412124927,-0.020410700975353024,2749.225,2911.1,-0.014995134992588754,-0.06976744186046513,-0.2584442299580971,0.41707309506414636,9986000.0,13441525.0,0.742921655094939,36471519062.5,277,True,jpx_liquidity,JPX流動性
39,4004,レゾナック・ホールディングス,化学,プライム,4004.T,2026-08-03,14060.0,0.024408014571948966,0.006442376521116788,-0.19657142857142862,-0.12124999999999997,0.5035825045449684,14668.75,16738.5,-0.04149978696207923,-0.16002031245332615,-0.277120822622108,0.8640354379124693,2346900.0,2505870.0,0.9365609548779465,35444793625.0,277,False,jpx_liquidity,JPX流動性
40,7013,ＩＨＩ,機械,プライム,7013.T,2026-08-03,2771.0,-0.0199823165340407,-0.022919605077574068,-0.03432653772434224,-0.09414841451454725,-0.26696388494384693,2827.25,2738.8,-0.01989565832522766,0.011756973857163677,-0.3824578447820046,0.43388663121558413,12140600.0,12322045.0,0.9852747656740419,34801919917.5,277,True,jpx_liquidity,JPX流動性
41,6503,三菱電機,電気機器,プライム,6503.T,2026-08-03,5536.0,-0.06359945872801087,-0.023460927853236946,-0.06864064602960973,-0.14303405572755423,0.034238607252742526,5644.0,5930.85,-0.019135364989369297,-0.06657561732298078,-0.15609756097560978,0.6325926399329409,13219500.0,5582350.0,2.3680887081605415,33870304280.0,277,True,jpx_liquidity,JPX流動性
42,2914,日本たばこ産業,食料品,プライム,2914.T,2026-08-03,6993.0,-0.019901892081289452,0.07073954983922826,0.15453194650817226,0.21216848673946953,0.18787158145065397,6412.4,6196.900773111979,0.09054332231301854,0.12846731875105255,-0.019901892081289452,0.3059624789720277,5695500.0,5110860.0,1.1143917070708256,33367601720.0,277,True,jpx_liquidity,JPX流動性
43,6701,日本電気,電気機器,プライム,6701.T,2026-08-03,4733.0,-0.0014767932489451185,0.06479190101237342,0.13555662188099804,0.12690476190476185,0.007886801061500082,4445.05,4179.733333333334,0.06477992373539099,0.13236889115733064,-0.05377848860455814,0.49702896441800015,6344100.0,7389130.0,0.8585719834405403,33133882610.0,277,True,jpx_liquidity,JPX流動性
44,6702,富士通,電気機器,プライム,6702.T,2026-08-03,3500.0,-0.04345449576386995,0.0051694428489375,0.05231509320505112,0.03489059727971622,-0.12945030276134772,3426.15,3368.2,0.021554806415364114,0.039130692951725,-0.14190783051003686,0.4942699262798173,9682900.0,8712320.0,1.1114031624182767,30967534520.0,277,True,jpx_liquidity,JPX流動性
45,6367,ダイキン工業,機械,プライム,6367.T,2026-08-03,23295.0,0.0,-0.03480422622747048,-0.09340338587273789,-0.0511201629327902,0.21324706324905196,24542.0,24131.666666666668,-0.05081085486105452,-0.03467090268664963,-0.10917782026768641,0.144149806489719,1812600.0,1224110.0,1.4807492790680576,30595961650.0,277,False,jpx_liquidity,JPX流動性
46,8031,三井物産,卸売業,プライム,8031.T,2026-08-03,4874.0,-0.012760785902369842,-0.020301507537688446,0.05956521739130438,-0.12338129496402883,-0.05943987877250567,4792.9,5005.333333333333,0.016920862108535717,-0.02623867874267438,-0.2612810227199731,0.2371623944752635,7340800.0,6346650.0,1.1566416928615884,30570866900.0,277,True,jpx_liquidity,JPX流動性
47,8136,サンリオ,卸売業,プライム,8136.T,2026-08-03,1292.5,0.015717092337917515,0.037735849056603765,0.18850574712643686,0.47596206689834974,0.42663071579252154,1206.425,1014.5366668701172,0.07134716206975167,0.2739805688713153,-0.045068341337273776,0.5266743414044098,16589700.0,25039830.0,0.6625324532954098,30083713712.5,277,True,jpx_liquidity,JPX流動性
48,8001,伊藤忠商事,卸売業,プライム,8001.T,2026-08-03,1995.5,-0.009185700099304861,0.005542957923910352,0.05665872385491122,-0.007213930348258679,-0.014648326953444757,1944.425,1916.15,0.026267405531198218,0.041411163009158924,-0.11144719571437056,0.17339061703775457,16013900.0,13732160.0,1.1661603127257474,27370411517.5,277,True,jpx_liquidity,JPX流動性
49,7267,本田技研工業,輸送用機器,プライム,7267.T,2026-08-03,1567.0,-0.035988926484158745,-0.010107391029690493,0.010967741935483888,0.23483057525610707,-0.002153899705804485,1563.525,1464.1166666666666,0.0022225420124397655,0.07026990107801079,-0.07195735860230978,0.35459092404421166,19396800.0,17206555.0,1.1272913142694747,27232255135.0,277,True,jpx_liquidity,JPX流動性
50,7741,ＨＯＹＡ,精密機器,プライム,7741.T,2026-08-03,25260.0,0.023708206686930078,0.02163801820020228,-0.025838796760509042,-0.0804514015289407,-0.07316682691828791,24868.75,26035.416666666668,0.01573259612968081,-0.029783147955509404,-0.1588411588411588,0.3717917295096009,1538600.0,1068580.0,1.4398547605233114,27202370450.0,277,False,jpx_liquidity,JPX流動性
51,5401,日本製鉄,鉄鋼,プライム,5401.T,2026-08-03,647.0,-0.0040024256213869736,0.01585802354966037,0.18022616853874918,0.13329825246380378,-0.024712645105814612,599.5899963378906,567.3349975585937,0.07907070490114076,0.14041968640085267,-0.05405516106662733,0.22820739878870677,44246400.0,41281855.0,1.0718123010702887,25955434042.773132,277,True,jpx_liquidity,JPX流動性
52,6963,ローム,電気機器,プライム,6963.T,2026-08-03,4328.0,-0.0006926806742092451,-0.06482281763180642,-0.2726050420168067,0.1100282123621441,0.5947664815887672,4857.95,4950.95,-0.1090892248788069,-0.12582433674345328,-0.2726050420168067,0.7951870455457667,5063700.0,5618680.0,0.9012259107121245,25823680565.0,277,True,jpx_liquidity,JPX流動性
53,9433,ＫＤＤＩ,情報・通信業,プライム,9433.T,2026-08-03,2903.0,-0.006162273194111556,-0.016931933626820217,0.07419056429232196,0.14811152857425358,0.07137455529040548,2880.4,2752.6583333333333,0.00784613248159971,0.054616900632419085,-0.06595881595881592,0.24651028340788947,9797200.0,8641405.0,1.1337508194558639,25283938377.5,277,True,jpx_liquidity,JPX流動性
54,8308,りそなホールディングス,銀行業,プライム,8308.T,2026-08-03,2246.5,0.025096965548710992,-0.06141633590975559,0.00044533511467381715,0.1579896907216496,0.17393558606555715,2310.05,2175.266666666667,-0.027510227051362635,0.032746942903551846,-0.06141633590975559,0.35761830671856315,16504700.0,10098670.0,1.6343439284579058,24112740850.0,277,True,jpx_liquidity,JPX流動性
55,8002,丸紅,卸売業,プライム,8002.T,2026-08-03,5132.0,-0.013266679484714494,-0.058348623853211046,0.03405198468668136,-0.052787006275378356,-0.04109703021460498,5123.3,5095.166666666667,0.001698124255850697,0.007229073304765965,-0.17730054559433084,0.2891740277083457,11847400.0,4399950.0,2.6926215070625803,23989943005.0,277,True,jpx_liquidity,JPX流動性
56,6971,京セラ,電気機器,プライム,6971.T,2026-08-03,3544.0,-0.039826605256028214,-0.06638566912539512,-0.09499489274770179,0.2591934624267187,0.4034674663742466,3674.25,3505.9416666666666,-0.035449411444512524,0.010855381221878124,-0.09499489274770179,0.383675379995113,7586400.0,6391260.0,1.1869959914007566,23744137460.0,277,True,jpx_liquidity,JPX流動性
57,6526,ソシオネクスト,電気機器,プライム,6526.T,2026-08-03,2028.5,0.06065359477124188,-0.15391032325338894,-0.2941892832289492,-0.07962794918330307,-0.0064320293729500655,2412.875,2520.508333333333,-0.159301662953945,-0.1952020260463332,-0.32831125827814567,0.7908685367446386,10874200.0,9882430.0,1.1003568960265846,23366950105.0,277,True,jpx_liquidity,JPX流動性
58,7453,良品計画,小売業,プライム,7453.T,2026-08-03,4217.0,0.009576250897773475,-0.022258288894041245,0.16652835408022137,0.15534246575342459,0.3464230656292724,4124.35,3750.05,0.022464145865408902,0.12451833975546989,-0.04463072043497962,0.6969214480110382,4229900.0,5667525.0,0.7463398926339099,22970244770.0,277,True,jpx_liquidity,JPX流動性
59,4502,武田薬品工業,医薬品,プライム,4502.T,2026-08-03,5408.0,-0.019045891529112957,-0.06257583636678798,0.009143496921067307,0.03740648379052369,0.0025903940339104814,5509.5,5227.5,-0.01842272438515291,0.03452893352462927,-0.08183361629881158,0.27271698039718284,4750600.0,4121000.0,1.1527784518320796,22960137140.0,277,True,jpx_liquidity,JPX流動性
60,7182,ゆうちょ銀行,銀行業,プライム,7182.T,2026-08-03,3102.0,-0.002892960462873684,-0.09192037470726,-0.03962848297213617,0.13855753349238387,0.12376493063693728,3281.75,3150.0416666666665,-0.05477260607907364,-0.015251121016917724,-0.10008703220191473,0.3724070630505944,8088500.0,6776110.0,1.193678969202094,22537028200.0,277,True,jpx_liquidity,JPX流動性
61,8725,ＭＳ＆ＡＤインシュアランスグループホールディングス,保険業,プライム,8725.T,2026-08-03,4820.0,-0.021121039805036546,-0.041558958043348526,0.08217332734620575,0.21166415284062334,0.20440676497843158,4712.75,4497.966666666666,0.022757413399819626,0.07159531343792391,-0.045544554455445585,0.2849838811013819,4692000.0,4764385.0,0.9848070632411109,22387986960.0,277,True,jpx_liquidity,JPX流動性
62,6301,小松製作所,機械,プライム,6301.T,2026-08-03,6760.0,-0.03345724907063197,-0.02043182147514855,0.020069413007393955,0.029546146816935792,-0.06782389673538258,6627.0,6549.1,0.020069413007393955,0.032202898108137035,-0.12029537327247031,0.4149353259901616,3562800.0,3314685.0,1.0748532665999937,22328429645.0,277,False,jpx_liquidity,JPX流動性
63,5713,住友金属鉱山,非鉄金属,プライム,5713.T,2026-08-03,7961.0,-0.02736713500305432,0.022607578676942852,0.003909205548549899,-0.25002355157795575,-0.12899929835418278,7467.75,8380.45,0.0660506846104918,-0.05005101158052383,-0.37928681437219947,0.6959000368263557,3132800.0,2995430.0,1.0458598598531763,22194727050.0,277,False,jpx_liquidity,JPX流動性
64,4661,オリエンタルランド,サービス業,プライム,4661.T,2026-08-03,3087.0,-0.025260498894853156,0.09023485784919649,0.21368193434244143,0.3772027660049073,0.16835019666157192,2753.4,2431.483333333333,0.12115929396382641,0.2695953773074051,-0.025260498894853156,0.4820556415417825,9944700.0,7549370.0,1.3172887274037437,22037065200.0,277,True,jpx_liquidity,JPX流動性
65,6361,荏原製作所,機械,プライム,6361.T,2026-08-03,5555.0,-0.0005397625044980536,-0.015245523843290143,-0.08378690417285173,-0.03391304347826085,0.09869462025316467,5675.75,5750.832495117187,-0.021274721402457786,-0.0340528949997172,-0.17572024058109037,0.7800991898259876,2045800.0,3842280.0,0.5324442778766774,21044313565.0,277,False,jpx_liquidity,JPX流動性
66,3382,セブン＆アイ・ホールディングス,小売業,プライム,3382.T,2026-08-03,2070.5,-0.018255097202465653,-0.02998360271726397,0.022974308300395263,0.09059784040031604,-0.08512832771964396,2083.975,1962.0833333333333,-0.006466008469391382,0.05525589297090683,-0.11825628513009434,0.34771657906788267,9514100.0,9883740.0,0.9626012015694464,21031683410.0,277,True,jpx_liquidity,JPX流動性
67,2802,味の素,食料品,プライム,2802.T,2026-08-03,4896.0,-0.013897280966767345,-0.03412901953047942,-0.206096967731474,-0.026640159045725698,0.3806668380048932,5335.75,5377.966666666666,-0.08241578034952912,-0.0896187530603263,-0.2071255060728745,0.28709411403251134,3457300.0,3933850.0,0.8788591329105075,20761610160.0,277,False,jpx_liquidity,JPX流動性
68,8591,オリックス,その他金融業,プライム,8591.T,2026-08-03,6348.0,-0.009672386895475782,-0.04870373145511764,0.002685199810456451,0.20295622512791356,0.3308226505624008,6455.55,6255.616666666667,-0.01666008318423684,0.014768061768490659,-0.04870373145511764,0.34841541561125017,3641200.0,3137890.0,1.160397592012467,20632281110.0,277,False,jpx_liquidity,JPX流動性
69,4519,中外製薬,医薬品,プライム,4519.T,2026-08-03,6687.0,-0.03534333525678013,-0.02351051401869164,-0.12496728605077201,-0.1535443037974683,-0.2315559641461733,7217.8,7498.330598958333,-0.07354041397655797,-0.10820149742011154,-0.3604017216642754,0.3755463401952482,3532400.0,2821785.0,1.2518317306244098,20522580170.0,277,False,jpx_liquidity,JPX流動性
70,6871,日本マイクロニクス,電気機器,プライム,6871.T,2026-08-03,13860.0,0.020618556701030855,-0.06414584740040519,-0.13375000000000004,-0.012116892373485344,0.5678733031674208,14945.5,15151.5,-0.07263055769295101,-0.08523908523908519,-0.2147308781869688,1.1292832549138108,1337500.0,1359775.0,0.9836186133735361,20206356250.0,277,False,jpx_liquidity,JPX流動性
71,7751,キヤノン,電気機器,プライム,7751.T,2026-08-03,4440.0,0.0027100271002709064,-0.0652631578947368,0.04225352112676051,0.09278857986709332,-0.08529048207663781,4447.2,4304.983622233073,-0.0016189962223420729,0.031362808692148025,-0.09920876445526472,0.34074508348019383,5618800.0,4363020.0,1.287823571746176,20079414510.0,277,True,jpx_liquidity,JPX流動性
72,6273,ＳＭＣ,機械,プライム,6273.T,2026-08-03,70980.0,0.007094211123723104,-0.011420612813370479,-0.06358839050131926,-0.14337436640115853,0.11189428789985345,71317.0,70204.66666666667,-0.0047253810451926,0.011043900215560232,-0.1605960264900662,0.5713175060636754,262100.0,284030.0,0.9227898461430131,19590317350.0,277,False,jpx_liquidity,JPX流動性
73,8053,住友商事,卸売業,プライム,8053.T,2026-08-03,1660.5,-0.005688622754491002,0.03040645361464467,0.05428571428571427,-0.7687325905292479,-0.7262567867219525,1591.325,3933.858333333333,0.043470064254630625,-0.577895323293713,-0.7843226393038056,0.32120967375909243,16927700.0,11834035.0,1.430425040994048,19517071112.5,277,True,jpx_liquidity,JPX流動性
74,8750,第一ライフグループ,保険業,プライム,8750.T,2026-08-03,1888.5,-0.015637216575449586,-0.03598774885145484,0.024688008681497564,0.3128258602711158,0.3599921445218106,1882.4,1755.075,0.0032405439864002794,0.07602239220546125,-0.03598774885145484,0.28922020922919156,9330200.0,10139260.0,0.9202052220773508,19211088582.5,277,True,jpx_liquidity,JPX流動性
75,8015,豊田通商,卸売業,プライム,8015.T,2026-08-03,6669.0,-0.007884558167212119,0.016925892040256185,0.07287644787644787,-0.010974343763903271,0.10742439344524946,6353.4,6464.633333333333,0.049674190197374735,0.03161303296397322,-0.09841827768014055,0.3377100939187322,3437900.0,2893420.0,1.188178695108211,19027497080.0,277,False,jpx_liquidity,JPX流動性
76,4568,第一三共,医薬品,プライム,4568.T,2026-08-03,2570.0,0.0009737098344693162,-0.08945969884853855,-0.03000566144555572,-0.01001540832049308,-0.10400080622495544,2749.95,2645.8166666666666,-0.06543755341006197,-0.028655298616054203,-0.14991203733799996,0.4596827877947668,9426700.0,7167365.0,1.315225330368971,18981648927.5,277,True,jpx_liquidity,JPX流動性
77,8630,ＳＯＭＰＯホールディングス,保険業,プライム,8630.T,2026-08-03,6872.0,-0.03388162519330806,-0.053573887894229455,0.03571966842501895,0.19264144394307525,0.24454013665321384,6858.5,6345.083333333333,0.0019683604286651057,0.08304330124374526,-0.06643119141421006,0.2981617964611148,3274200.0,2686690.0,1.218674279503776,18655867200.0,277,False,jpx_liquidity,JPX流動性
78,9501,東京電力ホールディングス,電気・ガス業,プライム,9501.T,2026-08-03,526.0999755859375,0.011730722280649086,-0.020297997046671346,0.13139779695900544,-0.1686156989022256,-0.13754102362961063,504.10999603271483,523.1850006103516,0.043621391613499316,0.005571595080488212,-0.2641958383413462,0.2839324350594716,44444000.0,35813415.0,1.2409874903021676,18538898520.03128,277,True,jpx_liquidity,JPX流動性
79,8604,野村ホールディングス,証券、商品先物取引業,プライム,8604.T,2026-08-03,1505.5,-0.009539473684210487,-0.06228589224540637,0.023105674481821215,0.2254782254782255,0.12032975498018961,1557.3,1417.65,-0.033262698259808654,0.061968751102176034,-0.07410824108241088,0.4365059343679857,12762100.0,11639195.0,1.0964761738247362,18446366865.0,277,True,jpx_liquidity,JPX流動性
80,8309,三井住友トラストグループ,銀行業,プライム,8309.T,2026-08-03,1626.5,-0.01662636033857312,-0.05449789274814709,-0.7428865001580778,-0.6991305956344802,-0.6893748830285322,3651.1875,5102.579166666666,-0.5545284924425273,-0.6812396345312297,-0.7592866656800356,2.624942292429053,13354300.0,7347780.0,1.8174605118825005,18342870212.5,277,True,jpx_liquidity,JPX流動性
81,9434,ソフトバンク,情報・通信業,プライム,9434.T,2026-08-03,224.5,0.004923930767989804,-0.016644778804038474,0.07364894044460524,0.018602569042906802,0.06962523358561268,220.69500045776368,216.78000106811524,0.017240986584852402,0.03561213623879911,-0.04832553705570175,0.22922102193029995,80351500.0,81157315.0,0.9900709504743965,18026196851.43181,277,True,jpx_liquidity,JPX流動性
82,6902,デンソー,輸送用機器,プライム,6902.T,2026-08-03,1928.0,-0.020076238881829744,-0.0622568093385214,-0.014062899514190708,0.004689942678478332,-0.04538129623372844,1996.6,1922.2583333333334,-0.034358409295802805,0.002986938106654069,-0.14644641619574206,0.48073686426544965,12369700.0,8133805.0,1.5207765615231739,16961286722.5,277,True,jpx_liquidity,JPX流動性
83,4578,大塚ホールディングス,医薬品,プライム,4578.T,2026-08-03,11500.0,0.03603603603603611,0.015452538631346657,0.017699115044247815,0.04308390022675734,0.2214551248008496,11189.75,11024.948649088541,0.02772626734288086,0.043088758599409305,-0.018352539479300045,0.27185521711091615,2431900.0,1422435.0,1.7096739042557305,16606871625.0,277,True,jpx_liquidity,JPX流動性
84,1605,ＩＮＰＥＸ,鉱業,プライム,1605.T,2026-08-03,3519.0,-0.02977667493796521,-0.03641840087623216,0.08544108574953735,-0.07101372756071811,-0.011794439764111209,3511.1,3558.233182779948,0.0022500071202757876,-0.011026029145536853,-0.2818367346938776,0.3552749398288256,4281000.0,4594700.0,0.931725683940192,16316126650.0,277,True,jpx_liquidity,JPX流動性
85,5108,ブリヂストン,ゴム製品,プライム,5108.T,2026-08-03,3914.0,-0.012862547288776782,0.014515292897874454,0.11351351351351346,0.1918392204628503,0.0797241379310345,3756.75,3511.3758870442707,0.04185798895321757,0.11466277775651101,-0.050000000000000044,0.30551539314778736,4322900.0,4253000.0,1.0164354573242418,16312389495.0,277,True,jpx_liquidity,JPX流動性
86,9101,日本郵船,海運業,プライム,9101.T,2026-08-03,6042.0,-0.011129296235679265,-0.0055957867017775165,0.1594703511801958,0.08454496499730757,0.18344378252397986,5709.4,5493.266666666666,0.058254807860721014,0.09989198898044882,-0.042320494531621455,0.2743793894704448,3756300.0,2750675.0,1.365592081943523,16285585015.0,277,False,jpx_liquidity,JPX流動性
87,7936,アシックス,その他製品,プライム,7936.T,2026-08-03,4704.0,-0.010517458981909922,-0.04988891133104423,0.01730103806228378,0.01379310344827589,0.23109133734624443,4797.25,4593.203849283854,-0.019438219813434743,0.024121757786434994,-0.054662379421221874,0.33833184157897583,2804300.0,3466490.0,0.8089739188631728,16097662750.0,277,False,jpx_liquidity,JPX流動性
88,7269,スズキ,輸送用機器,プライム,7269.T,2026-08-03,1945.5,-0.06735378715244489,-0.05328467153284666,-0.07796208530805682,0.07605088495575218,-0.09697045107010249,2057.775,1946.6166666666666,-0.05456135874913437,-0.0005736448710155218,-0.1748863248311051,0.38299373366680045,14674800.0,7506030.0,1.9550681252273172,15904994887.5,277,True,jpx_liquidity,JPX流動性
89,6323,ローツェ,機械,プライム,6323.T,2026-08-03,3975.0,-0.0035096515417397667,-0.11901595744680848,-0.19534412955465585,0.01975371985633667,0.24136855210342123,4348.35,4260.1,-0.08586015385146095,-0.06692331165935084,-0.21751968503937003,1.0940355758020666,4282500.0,3520140.0,1.2165709318379383,15769219135.0,277,True,jpx_liquidity,JPX流動性
90,3110,日東紡績,ガラス・土石製品,プライム,3110.T,2026-08-03,2775.0,-0.008928571428571397,-0.12322274881516593,-0.23448275862068968,-0.9087171052631579,-0.8299022566504142,3189.8,11800.483333333334,-0.13003950090914795,-0.764840140728699,-0.9131455399061033,0.6715473901293177,4326800.0,5021225.0,0.8617020746929285,15697736390.0,277,True,jpx_liquidity,JPX流動性
91,8267,イオン,小売業,プライム,8267.T,2026-08-03,1366.0,0.0014662756598240456,-0.00870827285921627,-0.029484902309058647,-0.1077726975832789,-0.37704011619394684,1394.9,1394.075,-0.02071833106315868,-0.020138801714398413,-0.4292021255812535,0.3370920682199661,11349800.0,10832270.0,1.0477766894658276,15180200195.0,277,True,jpx_liquidity,JPX流動性
92,4307,野村総合研究所,情報・通信業,プライム,4307.T,2026-08-03,4688.0,0.0004268032437046987,-0.09776751347190149,-0.045213849287169094,0.07745345897494826,0.10443505314641843,5067.8,4758.95,-0.07494376257942303,-0.01490875087992094,-0.15925394548063132,0.663409451528178,3778000.0,2932110.0,1.2884919051468056,15067637340.0,277,False,jpx_liquidity,JPX流動性
93,4503,アステラス製薬,医薬品,プライム,4503.T,2026-08-03,2176.0,-0.01180744777475018,-0.01538461538461533,0.011152416356877248,-0.05391304347826087,-0.017123620009139695,2181.0,2193.4583333333335,-0.0022925263640531934,-0.007959272837794296,-0.1811853245531515,0.24452516525230908,7373300.0,6666400.0,1.1060392415696627,14816507885.0,277,True,jpx_liquidity,JPX流動性
94,8473,ＳＢＩホールディングス,証券、商品先物取引業,プライム,8473.T,2026-08-03,2938.0,-0.03291639236339694,0.019784796945504945,0.0899647560749397,-0.030682942923127676,-0.1612096487968,2820.85,2870.0666666666666,0.0415300352730561,0.02366960117070449,-0.1640017272875306,0.4161505954734479,6663600.0,4890550.0,1.3625461348928034,14177059707.5,277,True,jpx_liquidity,JPX流動性
95,4901,富士フイルムホールディングス,化学,プライム,4901.T,2026-08-03,3778.0,0.0015906680805939377,-0.013834507961367759,0.04335818834576077,0.24975190208402243,0.22278221552850153,3676.65,3460.766666666667,0.02756585478628648,0.09166562322414107,-0.022762545266425294,0.27492199001045975,4717000.0,3845600.0,1.2265966299147077,14147034435.0,277,True,jpx_liquidity,JPX流動性
96,6504,富士電機,電気機器,プライム,6504.T,2026-08-03,14130.0,-0.010850542527126361,0.08817866769349259,0.04357459379615958,-0.04527027027027031,0.3445961649636402,12956.5,14125.75,0.09057229961795232,0.0003008689804080422,-0.18205499276410997,0.5978443311188313,1937300.0,1018830.0,1.9014948519380073,14054477950.0,277,False,jpx_liquidity,JPX流動性
97,6594,ニデック,電気機器,プライム,6594.T,2026-08-03,2687.0,0.03705133153222695,0.050840829096597595,-0.03588087549336205,0.030686612965094007,0.1482905982905982,2583.1,2664.65,0.04022298788277645,0.008387593117294978,-0.07312866505691618,0.35430575490823024,4438100.0,5481755.0,0.8096129797847588,13972550025.0,277,True,jpx_liquidity,JPX流動性
98,6178,日本郵政,サービス業,プライム,6178.T,2026-08-03,2335.5,-0.01952141057934509,-0.07376561570493756,0.028175214615892674,0.25869037995149546,0.22250882980167885,2398.2,2220.025,-0.026144608456342144,0.05201518000923411,-0.07376561570493756,0.27959749961986136,5983400.0,5677405.0,1.0538969828645306,13853940342.5,277,True,jpx_liquidity,JPX流動性
99,8802,三菱地所,不動産業,プライム,8802.T,2026-08-03,3700.0,-0.049576162342666374,-0.09712054660810154,-0.12218268090154216,-0.15486523526724527,-0.10570208157706873,4130.85,4105.35,-0.10430056767977547,-0.09873701389650102,-0.2992869419787654,0.3590413274946597,8143500.0,3104945.0,2.6227517717705147,13740606705.0,277,True,jpx_liquidity,JPX流動性
100,2502,アサヒグループホールディングス,食料品,プライム,2502.T,2026-08-03,1657.5,-0.005400540054005365,-0.009856630824372714,0.06728911783644564,0.08404185742315229,0.0027223230490018846,1642.1,1564.125,0.009378235186651374,0.059697914169263955,-0.06698564593301437,0.3239004943741993,7380200.0,8077315.0,0.9136947116708956,13499713070.0,277,True,jpx_liquidity,JPX流動性
101,9104,商船三井,海運業,プライム,9104.T,2026-08-03,5801.0,-0.015778758059043052,-0.01877537212449254,0.11708068553822448,0.004676134395566356,0.15638922320925808,5647.35,5576.566666666667,0.027207451282459827,0.04024579042062926,-0.16012740697842764,0.252792498224588,2976000.0,2343225.0,1.2700444899657524,13489407715.0,277,False,jpx_liquidity,JPX流動性
102,9502,中部電力,電気・ガス業,プライム,9502.T,2026-08-03,2699.5,-0.03139576605669181,-0.10166389351081528,-0.14949590422180214,0.0005559673832469247,0.1978188448752214,2992.175,2898.85,-0.09781346345050013,-0.06876864963692497,-0.16938461538461536,0.4379763845189841,4343400.0,4555935.0,0.9533498612249736,13472154430.0,277,True,jpx_liquidity,JPX流動性
103,6479,ミネベアミツミ,電気機器,プライム,6479.T,2026-08-03,3765.0,0.01701782820097253,-0.0346153846153846,-0.22339108910891092,0.11390532544378695,0.13565443745359684,4006.9,4306.1,-0.060370860266041104,-0.1256589489329092,-0.28231033168128095,0.496707342866876,3449100.0,3308000.0,1.0426541717049578,13435154935.0,277,False,jpx_liquidity,JPX流動性
104,7003,三井Ｅ＆Ｓ,機械,プライム,7003.T,2026-08-03,4425.0,-0.09100246507806076,-0.13607965638422492,0.003173883473135408,-0.20342034203420345,-0.3566227693377192,4691.6,4530.35,-0.05682496376502688,-0.023254273952343696,-0.4519144499322483,0.6919961456423274,10861100.0,2396825.0,4.531453068121369,13325743540.0,277,True,jpx_liquidity,JPX流動性
105,8801,三井不動産,不動産業,プライム,8801.T,2026-08-03,1488.5,-0.04583333333333328,-0.06265743073047858,-0.033441558441558494,-0.10141865378810744,-0.1808223437103429,1555.3,1532.4,-0.042949913200025724,-0.02864787261811541,-0.29945528473313865,0.27726912232620926,14067600.0,8263325.0,1.7024139798446751,13253927725.0,277,True,jpx_liquidity,JPX流動性
106,6315,ＴＯＷＡ,機械,プライム,6315.T,2026-08-03,2735.0,0.032854984894259864,-0.043037088873338014,-0.17991004497751129,-0.19082840236686394,-0.06697497207602854,2908.55,2982.2833333333333,-0.05966890718743023,-0.08291745139350726,-0.2274011299435028,0.9897796566496904,5768900.0,4425065.0,1.3036870644837986,13077070515.0,277,True,jpx_liquidity,JPX流動性
107,9697,カプコン,情報・通信業,プライム,9697.T,2026-08-03,3888.0,-0.019172552976791102,0.10485933503836309,0.1952044266830617,0.12662996232975954,0.2278183137833778,3495.85,3182.675,0.11217586566929372,0.22161389397283715,-0.08063371955545051,0.7507592829286404,3486300.0,3409530.0,1.0225162999005728,12966754555.0,277,False,jpx_liquidity,JPX流動性
108,6590,芝浦メカトロニクス,電気機器,プライム,6590.T,2026-08-03,4505.0,0.027366020524515422,-0.12354085603112841,-0.24665551839464883,-0.10437375745526833,-0.029933439772220072,5156.0,5003.5,-0.12626066718386342,-0.09963025881882681,-0.24665551839464883,0.8865360258286217,1694200.0,2592695.0,0.6534513315295475,12909263800.0,277,False,jpx_liquidity,JPX流動性
109,9766,コナミグループ,情報・通信業,プライム,9766.T,2026-08-03,20490.0,-0.007267441860465129,0.05184804928131426,0.12181768409526406,0.07109252483010975,0.06478819546328651,19214.25,19060.75,0.06639603419337203,0.07498393295122185,-0.09755560449240253,0.5980167411415747,578100.0,637885.0,0.9062762096616162,12704723625.0,277,False,jpx_liquidity,JPX流動性
110,6532,ベイカレント,サービス業,プライム,6532.T,2026-08-03,6990.0,-0.02087127048606252,-0.016324233042499303,0.04781891770349267,0.3251184834123222,0.3978146257556858,6782.1,6048.2,0.03065422214358371,0.15571575014053773,-0.0561706724277613,0.555878020749232,1139200.0,1884715.0,0.6044415203359659,12475904935.0,277,False,jpx_liquidity,JPX流動性
111,6324,ハーモニック・ドライブ・システムズ,機械,プライム,6324.T,2026-08-03,6330.0,0.030944625407166138,-0.039453717754172946,-0.2839366515837104,0.01605136436597121,0.8393073370242423,6917.5,7151.666666666667,-0.08492952656306474,-0.11489163365182942,-0.2879640044994376,0.9326002394545144,1592300.0,1912005.0,0.8327907092293169,12463289850.0,277,False,jpx_liquidity,JPX流動性
112,9022,東海旅客鉄道,陸運業,プライム,9022.T,2026-08-03,3902.0,-0.021564694082246705,-0.030077056922694467,0.11041548093340925,0.09024867281363513,-0.15293104047718187,3825.7,3573.0833333333335,0.019944062524505313,0.09205401497306243,-0.18483928637368208,0.32270232795598947,4205800.0,3174800.0,1.3247448658183192,12413173185.0,277,False,jpx_liquidity,JPX流動性
113,4911,資生堂,化学,プライム,4911.T,2026-08-03,3135.0,-0.0060240963855421326,-0.04333231614281352,0.1321776814734561,-0.07440212577502214,0.12446197991391683,3041.025,2808.4056762695313,0.030902409549411702,0.11629171899563007,-0.10556348074179744,0.5654680955783247,2886300.0,4005225.0,0.720633672265603,12342930772.5,277,False,jpx_liquidity,JPX流動性
114,5333,ＮＧＫ,ガラス・土石製品,プライム,5333.T,2026-08-03,5532.0,-0.011083303539506595,-0.0875804057397328,-0.25973504616619836,0.029400818756978087,0.41843694241830365,6288.6,6432.283333333334,-0.12031294723785901,-0.13996325825199452,-0.2955558385330447,0.5905759813396796,2430100.0,1940045.0,1.2525998108291303,12171420530.0,277,False,jpx_liquidity,JPX流動性
115,9107,川崎汽船,海運業,プライム,9107.T,2026-08-03,2868.0,0.006315789473684275,0.006315789473684275,0.1275801061529389,0.1458250099880143,0.25814868702403726,2712.15,2601.175,0.05746363586084846,0.10257864234432512,0.0,0.28768186835687626,4172500.0,4484710.0,0.930383458462197,12101941312.5,277,False,jpx_liquidity,JPX流動性
116,9020,東日本旅客鉄道,陸運業,プライム,9020.T,2026-08-03,3422.0,-0.06909684439608266,-0.0889243876464324,-0.010696733159872851,-0.0611796982167353,-0.08109854799075333,3619.75,3524.15,-0.05463084467159329,-0.028985712866932523,-0.13053167075920935,0.37236949165351196,6811400.0,3086760.0,2.2066503388666434,12034392540.0,277,True,jpx_liquidity,JPX流動性
117,6988,日東電工,化学,プライム,6988.T,2026-08-03,3349.0,0.007218045112781901,-0.029556650246305383,0.03941651148355052,0.06048131728942363,-0.028378355980533954,3304.4,3161.858333333333,0.01349715530807405,0.059187239571665495,-0.07236127688494709,0.3130484432390205,4221300.0,3525400.0,1.197396040165655,12005172480.0,277,True,jpx_liquidity,JPX流動性
118,2503,キリンホールディングス,食料品,プライム,2503.T,2026-08-03,2910.5,-0.014392143582797168,-0.019373315363881427,0.034476630531366625,0.16583216503104348,0.21905759162303662,2918.4,2768.0918904622395,-0.002706962719298267,0.05144630856672183,-0.0710181934248324,0.28201828371582693,3543400.0,3934025.0,0.9007060199159893,11764352542.5,277,False,jpx_liquidity,JPX流動性
119,5334,日本特殊陶業,ガラス・土石製品,プライム,5334.T,2026-08-03,9773.0,0.03802442910249604,0.03736333722534768,-0.11073703366696996,0.1260513884088028,0.5057131039766418,9831.9,10053.766666666666,-0.005990703729696123,-0.02792651510379196,-0.11073703366696996,0.4914503841607525,2094700.0,1134650.0,1.8461199488829154,11655980470.0,277,True,jpx_liquidity,JPX流動性
120,7201,日産自動車,輸送用機器,プライム,7201.T,2026-08-03,325.0,-0.03331353896600786,-0.023730832205845265,0.03800700627437892,-0.059878540573017114,-0.174288630690402,326.01499938964844,338.568332417806,-0.003113351813716192,-0.040075609909854704,-0.299266906955863,0.4437367115068637,44454600.0,34096520.0,1.3037870140413157,11447044714.738312,277,True,jpx_liquidity,JPX流動性
121,3563,ＦＯＯＤ　＆　ＬＩＦＥ　ＣＯＭＰＡＮＩＥＳ,小売業,プライム,3563.T,2026-08-03,5515.0,-0.007915092642561627,-0.02510164398090864,0.18780960585828121,-0.46456310679611645,-0.3339371980676329,5296.55,7353.341666666666,0.04124382852989217,-0.25000084995370586,-0.4928735632183908,0.3805031353013323,1240900.0,2111875.0,0.5875821248890204,10838339085.0,277,False,jpx_liquidity,JPX流動性
122,1928,積水ハウス,建設業,プライム,1928.T,2026-08-03,3370.0,-0.033830275229357776,-0.055792599862604986,-0.021770682148040676,-0.01085999412973293,-0.03879064460924131,3503.71787109375,3385.7726236979165,-0.03816456575940219,-0.004658500570156376,-0.1191845269210664,0.2507309918991364,3881600.0,2991785.0,1.297419433548868,10818950565.0,277,False,jpx_liquidity,JPX流動性
123,4755,楽天グループ,サービス業,プライム,4755.T,2026-08-03,841.7999877929688,0.009836867139142447,0.032883420604869595,0.1018324447551946,0.12555149126044163,-0.08738078326948584,808.8799926757813,768.0199951171875,0.04069824376331499,0.09606519770949928,-0.15175335844032412,0.2046169322441346,12207900.0,13387385.0,0.9118957884605545,10771984800.465393,277,True,jpx_liquidity,JPX流動性
124,7832,バンダイナムコホールディングス,その他製品,プライム,7832.T,2026-08-03,4533.0,-0.01648947711000215,0.025797691785471866,0.15755873340143012,0.24635688754467977,0.170337055535007,4242.3,3890.0,0.06852414963581066,0.16529562982005142,-0.04508110385506636,0.37300220769285475,2609700.0,2397510.0,1.0885043232353566,10508861030.0,277,False,jpx_liquidity,JPX流動性
125,7270,ＳＵＢＡＲＵ,輸送用機器,プライム,7270.T,2026-08-03,2618.0,-0.03590498987295154,-0.01708278580814715,0.040747366328761636,0.11026293469041559,-0.24129257206898702,2593.625,2499.766666666667,0.009398043279194246,0.047297747789793565,-0.2430081342193131,0.3753199341725439,5392100.0,3836105.0,1.4056184593487404,10402395290.0,277,True,jpx_liquidity,JPX流動性
126,6383,ダイフク,機械,プライム,6383.T,2026-08-03,5886.0,-0.016212602373391283,-0.0660107902253253,-0.19513195678927941,-0.22317539923452556,0.024721448467966534,6400.0,6846.466365559896,-0.08031250000000001,-0.14028643599147372,-0.24041811846689898,0.4669673975960946,2051300.0,1599205.0,1.2826998414837372,10314421095.0,277,False,jpx_liquidity,JPX流動性
127,6787,メイコー,電気機器,プライム,6787.T,2026-08-03,21180.0,0.024177949709864643,-0.0787298825576338,-0.277872485509717,-0.36776119402985075,0.5068832170231381,23778.0,31249.5,-0.10926066111531663,-0.3222291556664907,-0.5125431530494822,0.8288438638464016,340300.0,440400.0,0.7727066303360581,10237105150.0,277,False,jpx_liquidity,JPX流動性
128,4452,花王,化学,プライム,4452.T,2026-08-03,3208.0,-0.01835985312117505,-0.023142509135200995,-0.024627546366676856,-0.4605683537918278,-0.49416587827183855,3283.6,4403.51269124349,-0.023023510780850298,-0.27149068824550016,-0.5254437869822486,0.23942248414590178,3792000.0,3007335.0,1.2609170577936943,10034537870.0,277,False,jpx_liquidity,JPX流動性
129,8729,ソニーフィナンシャルグループ,保険業,プライム,8729.T,2026-08-03,155.3000030517578,-0.006397952530230344,-0.04135800585334681,0.05790190615325219,0.10770332690584938,0.026098943337188985,155.08499984741212,146.4200002034505,0.0013863571883627746,0.060647471902530725,-0.04135800585334681,0.32408147375324753,47193100.0,63849940.0,0.7391252051294018,9946021931.759949,206,True,jpx_liquidity,JPX流動性
130,5332,ＴＯＴＯ,ガラス・土石製品,プライム,5332.T,2026-08-03,6171.0,-0.11968616262482168,-0.1720112706292768,-0.2812718378756115,-0.12875900042354937,0.15683401398503083,7571.2,7686.816666666667,-0.18493765849535082,-0.19719693241025216,-0.3375201288244767,0.536223250251536,3460300.0,1205890.0,2.869498876348589,9809877230.0,277,False,jpx_liquidity,JPX流動性
131,1925,大和ハウス工業,建設業,プライム,1925.T,2026-08-03,4584.0,-0.020094057289439915,-0.032911392405063244,0.017988007994670152,-0.039597737272155875,-0.1355279932632556,4626.15,4475.15,-0.0091112480140072,0.024323207043339456,-0.1809468720923081,0.24060036612861233,2135800.0,2072620.0,1.0304831565844197,9691204565.0,277,False,jpx_liquidity,JPX流動性
132,4186,東京応化工業,化学,プライム,4186.T,2026-08-03,8872.0,-0.0011258725512272028,-0.10834170854271352,-0.1826807922616306,-0.08422791081750625,0.15340613624544974,9893.3,10464.03984375,-0.1032314798904308,-0.15214390116269483,-0.2364888123924268,0.6817878602494538,815200.0,993290.0,0.820706943591499,9634685110.0,277,False,jpx_liquidity,JPX流動性
133,4543,テルモ,精密機器,プライム,4543.T,2026-08-03,2311.5,-0.00537865748709121,0.027790128946198367,0.0236935341009743,0.1718631178707224,0.15213165683578578,2257.225,2240.425,0.02404501102016865,0.0317238916723388,-0.04305526806044302,0.34154567070311637,3619300.0,4369500.0,0.8283098752717702,9633788750.0,277,False,jpx_liquidity,JPX流動性
134,5411,ＪＦＥホールディングス,鉄鋼,プライム,5411.T,2026-08-03,1794.0,-0.012929848693259971,-0.005543237250554278,0.12125000000000008,0.01643059490084986,-0.15502661619518976,1720.775,1654.3916666666667,0.04255350060292584,0.08438650662126568,-0.22308299352180083,0.2946305976303739,5236700.0,5575150.0,0.9392931131897796,9573243370.0,277,True,jpx_liquidity,JPX流動性
135,5344,ＭＡＲＵＷＡ,ガラス・土石製品,プライム,5344.T,2026-08-03,55630.0,0.0016204537270436692,-0.022663387210119512,-0.24518317503392129,-0.19294936892499637,0.08768953043225358,57940.5,66738.0,-0.039877115316574785,-0.16644190715933949,-0.2976896856457518,0.7712996980817706,158700.0,163955.0,0.9679485224604312,9496029250.0,277,False,jpx_liquidity,JPX流動性
136,9021,西日本旅客鉄道,陸運業,プライム,9021.T,2026-08-03,2954.0,-0.015661446184605077,-0.03934959349593492,0.0563204005006257,0.06163522012578615,-0.11652075371402615,2985.95,2755.525,-0.010700112192099653,0.07202801643969847,-0.14567684913659562,0.30771235497244337,3224700.0,3215120.0,1.0029796710542687,9489158297.5,277,False,jpx_liquidity,JPX流動性
137,8830,住友不動産,不動産業,プライム,8830.T,2026-08-03,3501.0,-0.02830974188176516,-0.0740544829410209,-0.0899402131531063,-0.2638772077375946,-0.2190273720904471,3763.5,3769.883333333333,-0.06974890394579514,-0.07132404627906253,-0.34112291752127144,0.2440924945963788,2672500.0,2539550.0,1.052351794609281,9414008615.0,277,False,jpx_liquidity,JPX流動性
138,3407,旭化成,化学,プライム,3407.T,2026-08-03,1647.5,-0.04354136429608124,-0.12016021361815754,-0.10897782585181182,0.07224210868857783,0.048257049897437065,1837.45,1782.7333333333333,-0.10337696263843921,-0.07585729778243144,-0.13335086796422935,0.32148989247291904,9491200.0,4939235.0,1.9215931212019675,9391515447.5,277,True,jpx_liquidity,JPX流動性
139,7729,東京精密,精密機器,プライム,7729.T,2026-08-03,17235.0,0.004370629370629375,-0.035264483627204024,-0.11022199277232836,-0.08153477218225424,0.24475707064156338,17707.75,18066.25,-0.026697350030353895,-0.04601120874558917,-0.1761472275334608,0.864168156893557,450200.0,548640.0,0.8205745115193934,9260860150.0,277,False,jpx_liquidity,JPX流動性
140,7532,パン・パシフィック・インターナショナルホールディングス,小売業,プライム,7532.T,2026-08-03,896.5999755859375,-0.006207089941613453,0.002908250096127052,0.09568616517293504,0.014827363424943396,-0.044951014865519445,883.290005493164,854.9206085205078,0.015068629793158594,0.048752324660366275,-0.15295231404257204,0.37475500978471965,7666700.0,10348075.0,0.7408817582014046,9171576284.853516,277,True,jpx_liquidity,JPX流動性
141,8697,日本取引所グループ,その他金融業,プライム,8697.T,2026-08-03,2173.5,-0.008665906499429887,-0.05025125628140703,-0.0025240936209269815,0.16760676873489122,0.3773632137138261,2208.05,2074.9,-0.015647290595774632,0.04752036242710478,-0.05087336244541485,0.38968664307223205,4095100.0,4121485.0,0.9935981812380732,9130717557.5,277,False,jpx_liquidity,JPX流動性
142,9735,セコム,サービス業,プライム,9735.T,2026-08-03,6830.0,-0.007555943039813995,-0.011291256514186498,0.039099345808611075,0.20949176553922433,0.19683128704043962,6770.0,6497.916666666667,0.008862629246676468,0.051106123757614474,-0.04768544339096481,0.20225748715449685,1432300.0,1329815.0,1.0770671108387257,9068611385.0,277,False,jpx_liquidity,JPX流動性
143,8601,大和証券グループ本社,証券、商品先物取引業,プライム,8601.T,2026-08-03,1812.0,0.0027670171555063128,-0.03179267966871491,0.07600950118764849,0.25397923875432515,0.19788514285986358,1812.8,1634.3,-0.00044130626654892424,0.10873156703175679,-0.035657264502394925,0.3361067229465888,7156300.0,4824150.0,1.4834323145010002,9009297535.0,277,True,jpx_liquidity,JPX流動性
144,1803,清水建設,建設業,プライム,1803.T,2026-08-03,2337.0,-0.017860895146039057,-0.07390529027144843,-0.100808003078107,-0.2332677165354331,-0.19088372838427992,2473.375,2577.775,-0.055137211300348765,-0.09340419547865897,-0.3353849178888263,0.3781250284594327,4717900.0,3555515.0,1.3269245102326948,8965613392.5,277,True,jpx_liquidity,JPX流動性
145,4684,オービック,情報・通信業,プライム,4684.T,2026-08-03,4437.0,-0.019447513812154704,-0.010702341137123761,0.11036036036036045,0.048440453686200424,0.18963868704231035,4295.1,4078.05,0.03303764755186123,0.08802000956339429,-0.06628787878787878,0.36732336035604474,1881400.0,2049420.0,0.9180158288686555,8904831005.0,277,False,jpx_liquidity,JPX流動性
146,9201,日本航空,空運業,プライム,9201.T,2026-08-03,2979.5,0.012402310567448227,0.015507839127471001,-0.023114754098360613,0.1348314606741574,0.006306384528912634,2951.425,2783.983333333333,0.009512354201783868,0.07022910817234296,-0.059471400268008345,0.2857993893252788,4097500.0,2974800.0,1.377403522925911,8896784700.0,277,False,jpx_liquidity,JPX流動性
147,5020,ＥＮＥＯＳホールディングス,石油・石炭製品,プライム,5020.T,2026-08-03,1294.0,-0.025235404896421842,-0.022289384208537988,0.05978705978705978,0.003489724699495822,-0.04519220549477665,1285.625,1275.1166666666666,0.006514341273699653,0.014809102435071386,-0.1518659800058455,0.27839393433844273,7301000.0,6756515.0,1.080586663390816,8863290405.0,277,True,jpx_liquidity,JPX流動性
148,1801,大成建設,建設業,プライム,1801.T,2026-08-03,12910.0,-0.011863758132414803,-0.06685941452837008,-0.11877133105802051,-0.25007261109497536,-0.22659614760655522,13732.5,14161.666666666666,-0.0598944110686328,-0.08838413557726255,-0.3597323745798858,0.3747866640709492,626200.0,643850.0,0.9725867826357071,8710293525.0,277,False,jpx_liquidity,JPX流動性
149,5201,ＡＧＣ,ガラス・土石製品,プライム,5201.T,2026-08-03,6063.0,-0.0026320118440532614,-0.03146964856230028,-0.11938997821350761,0.08655913978494634,0.0004950495049504955,6309.0,6711.156746419271,-0.03899191631003329,-0.09657899091167765,-0.26249847950370997,0.27416880985201186,2239900.0,1310570.0,1.709103672447866,8623422805.0,277,False,jpx_liquidity,JPX流動性
150,1812,鹿島建設,建設業,プライム,1812.T,2026-08-03,5255.0,-0.02377856214007057,-0.07073386383731206,-0.14246083550913835,-0.14427617651848235,-0.19462733674093713,5641.55,5749.5,-0.068518403630208,-0.08600747891120963,-0.3069148992006129,0.27673182601081814,2024900.0,1514900.0,1.3366558848768895,8602480430.0,277,False,jpx_liquidity,JPX流動性
151,7581,サイゼリヤ,小売業,プライム,7581.T,2026-08-03,7830.0,-0.006345177664974666,0.022193211488250597,0.43144424131627046,0.5115830115830116,0.21962616822429903,6843.5,5784.333333333333,0.14415138452546206,0.35365642828329413,-0.0577617328519856,0.8005555241163504,664900.0,1186995.0,0.560154002333624,8583369300.0,277,False,jpx_liquidity,JPX流動性
152,6481,ＴＨＫ,機械,プライム,6481.T,2026-08-03,6751.0,0.007611940298507536,-0.02681274326077554,-0.13270811921891057,0.04069677817172801,0.37020499289628583,6978.3,7288.736238606771,-0.032572403020793006,-0.07377633392171679,-0.16614872294425553,0.7272839369239819,937300.0,1225165.0,0.7650398109642375,8462157890.0,277,False,jpx_liquidity,JPX流動性
153,4523,エーザイ,医薬品,プライム,4523.T,2026-08-03,4656.0,-0.03562551781275891,-0.020408163265306145,0.09424206815511171,-0.004490057729313657,0.06535623197589957,4532.35,4219.55,0.027281653005615025,0.10343520043606547,-0.09819872167344568,0.383240474222504,2274700.0,1810475.0,1.2564106104751516,8457596485.0,277,False,jpx_liquidity,JPX流動性
154,3099,三越伊勢丹ホールディングス,小売業,プライム,3099.T,2026-08-03,3479.0,-0.030108725954836935,-0.0566702819956616,-0.11430753564154783,0.13027940220922685,0.31975664956661465,3776.75,3645.766666666667,-0.0788376249420798,-0.04574255072092748,-0.16470588235294115,0.31481383877453295,2276900.0,2269745.0,1.00315233649595,8429133260.0,277,False,jpx_liquidity,JPX流動性
155,6326,クボタ,機械,プライム,6326.T,2026-08-03,2717.0,-0.01038062283737029,-0.057415437987857754,-0.01038062283737029,-0.03447050461975831,0.06968503937007875,2758.4,2778.094763183594,-0.015008700696055755,-0.021991605179652485,-0.161937075879087,0.30409137271055486,3741400.0,2945215.0,1.2703317075323872,8355398057.5,277,False,jpx_liquidity,JPX流動性
156,7261,マツダ,輸送用機器,プライム,7261.T,2026-08-03,1142.0,-0.029324266893327677,-0.019742489270386243,0.0017543859649122862,0.15248760910595993,-0.0460610520013085,1147.5,1117.15,-0.004793028322440107,0.02224410329857207,-0.1549550169641042,0.33478171787145733,8569100.0,7115925.0,1.2042144907373251,8350644712.5,277,True,jpx_liquidity,JPX流動性
157,9843,ニトリホールディングス,小売業,プライム,9843.T,2026-08-03,2641.5,0.040575142800866715,0.04988076311605716,0.12908741184013683,0.17713903743315518,-0.031352875152789395,2476.675,2487.3416666666667,0.06655092008438723,0.061977144273839935,-0.2258160906216392,0.41372638398181383,7052700.0,3099720.0,2.2752700243893,8252791977.5,277,True,jpx_liquidity,JPX流動性
158,9202,ＡＮＡホールディングス,空運業,プライム,9202.T,2026-08-03,3129.0,0.004172015404364515,0.015579357351509282,-0.003503184713375851,0.10253699788583504,-0.012746861736783188,3073.625,2948.625,0.018016186099475417,0.061172580440035595,-0.06003522415390672,0.2625030592382017,3654300.0,2643545.0,1.3823483239362295,8229200620.0,277,False,jpx_liquidity,JPX流動性
159,9503,関西電力,電気・ガス業,プライム,9503.T,2026-08-03,2455.5,0.006146281499692652,0.0107017904918707,0.07910349373764003,0.019514220469171617,0.01690321242123538,2351.85,2326.5833333333335,0.04407168824542396,0.055410294064973664,-0.1152978099993931,0.181170959204631,5545200.0,3309880.0,1.6753477467461055,8054485780.0,277,True,jpx_liquidity,JPX流動性
160,4188,三菱ケミカルグループ,化学,プライム,4188.T,2026-08-03,1135.5,-0.04419191919191923,-0.0730612244897959,-0.02364574376612205,0.23102772110322256,0.06266393465096431,1183.15,1109.8683329264322,-0.040273845243629314,0.02309433138432171,-0.0730612244897959,0.40904848596328547,9770500.0,6437255.0,1.5178053378342167,7841627980.0,277,True,jpx_liquidity,JPX流動性
161,7309,シマノ,輸送用機器,プライム,7309.T,2026-08-03,19635.0,-0.024347826086956514,0.03070866141732287,0.11944127708095786,0.13529921942758016,0.09053040821993896,18508.75,17308.19951171875,0.06084959816303104,0.13443342195737107,-0.06788511749347259,0.47491301776770356,365600.0,405570.0,0.9014473457109746,7818354650.0,277,False,jpx_liquidity,JPX流動性
162,7911,ＴＯＰＰＡＮホールディングス,その他製品,プライム,7911.T,2026-08-03,4499.0,-0.006185111552904798,-0.04133816322181971,-0.1532091097308489,-0.15065131206343219,-0.0314711497992084,4835.4,4758.716666666666,-0.06957025271952677,-0.05457703932782987,-0.22224955233112798,0.460795158974588,1575700.0,1611705.0,0.9776603038397226,7773841330.0,277,False,jpx_liquidity,JPX流動性
163,1942,関電工,建設業,プライム,1942.T,2026-08-03,5323.0,-0.008383010432190807,-0.1252259654889072,-0.21396928529238035,-0.24453590689753046,-0.06283301911049677,6052.9,6312.666666666667,-0.12058682614944893,-0.15677473862076252,-0.27538796624013073,0.3644337729498622,1732200.0,1275145.0,1.3584337467503695,7702654020.0,277,False,jpx_liquidity,JPX流動性
164,4385,メルカリ,情報・通信業,プライム,4385.T,2026-08-03,4274.0,-0.0037296037296037365,-0.040197619582304056,-0.02686703096539167,0.057397328055418084,0.3402320476638445,4529.55,4166.3,-0.05641840800962572,0.02585027482418445,-0.10679205851619644,0.36952023330452566,1195200.0,1750450.0,0.6827958524950727,7668109750.0,277,False,jpx_liquidity,JPX流動性
165,7733,オリンパス,精密機器,プライム,7733.T,2026-08-03,1819.0,-0.0005494505494505475,0.0030328094844223052,0.028846153846153744,0.15749284123448937,-0.002483874895713112,1778.075,1757.125,0.02301646443485228,0.03521377249768798,-0.06056710138172705,0.2768996794414845,4210500.0,4217925.0,0.9982396557549031,7567014142.5,277,True,jpx_liquidity,JPX流動性
166,1802,大林組,建設業,プライム,1802.T,2026-08-03,3114.0,-0.015802781289506962,-0.06514560192134489,-0.05779122541603632,-0.15357434085349275,-0.17009335140679072,3249.7,3269.633333333333,-0.041757700710834844,-0.04759962890844027,-0.2862352079921414,0.22697863101484425,1986200.0,2324085.0,0.8546159026025296,7551961910.0,277,False,jpx_liquidity,JPX流動性
167,9602,東宝,情報・通信業,プライム,9602.T,2026-08-03,1521.0,-0.0006570302233902536,0.025969645868465507,0.16730621642363785,0.08681672025723475,-0.006770365101029352,1426.475,1324.5083333333334,0.06626474351110256,0.14835064583713442,-0.1192819918934569,0.4208134261607281,3600800.0,5151165.0,0.6990263367607134,7521698705.0,277,False,jpx_liquidity,JPX流動性
168,6965,浜松ホトニクス,電気機器,プライム,6965.T,2026-08-03,2321.0,-0.0008609556607834801,-0.019640971488912307,-0.13038591232671415,0.05812628219740135,0.32801715741414816,2377.875,2572.858333333333,-0.0239184145508069,-0.09789047848858101,-0.2194383722885489,0.530130431418773,2382500.0,3214045.0,0.741277735688206,7494362180.0,277,False,jpx_liquidity,JPX流動性
169,7272,ヤマハ発動機,輸送用機器,プライム,7272.T,2026-08-03,1332.5,-0.007818317200297797,0.0041446872645063415,0.06685348278622905,0.19399641577060933,0.2564827911362564,1294.875,1249.7883646647135,0.029056858770151628,0.06618051317630558,-0.0542938254080908,0.3180520111103159,6108200.0,5694270.0,1.0726923732102622,7471390657.5,277,True,jpx_liquidity,JPX流動性
170,8795,Ｔ＆Ｄホールディングス,保険業,プライム,8795.T,2026-08-03,4969.0,-0.02338836477987416,-0.03999227202472955,0.0030278562777552587,0.2813305827746262,0.26903441827033303,5002.4,4628.633333333333,-0.0066767951383335244,0.07353502473732343,-0.03999227202472955,0.290537759639778,1262000.0,1510250.0,0.8356232411852342,7442921875.0,277,False,jpx_liquidity,JPX流動性
171,3697,ＳＨＩＦＴ,情報・通信業,プライム,3697.T,2026-08-03,874.7999877929688,-0.003190505778101538,-0.00838814816557254,0.23472122483128977,0.34254146803232044,0.29045575496046805,776.0399993896484,700.3233327229817,0.1272614665236258,0.24913728690373738,-0.07915790758634866,0.717102219906258,5799300.0,9386990.0,0.6178018725917467,7437139466.659546,277,True,jpx_liquidity,JPX流動性
172,4507,塩野義製薬,医薬品,プライム,4507.T,2026-08-03,2898.5,-0.003438198384046798,0.0013819312489202762,0.010282328337399838,-0.08766131570664148,-0.13128444201448686,2889.675,2891.7166666666667,0.003053976658274671,0.0023457807645976825,-0.2008547008547008,0.29184353126567464,2659500.0,2557040.0,1.040069768169446,7383463782.5,277,False,jpx_liquidity,JPX流動性
173,5631,日本製鋼所,機械,プライム,5631.T,2026-08-03,7491.0,0.0001335113484646211,-0.024355300859598805,-0.05832809553739782,-0.18655662938429796,-0.16255594990129107,7729.4,7811.566666666667,-0.030843273734054377,-0.041037435939013545,-0.2755847331912227,0.47786430162779375,1266700.0,909985.0,1.3920009670489073,7270977050.0,277,False,jpx_liquidity,JPX流動性
174,7186,横浜フィナンシャルグループ,銀行業,プライム,7186.T,2026-08-03,1815.5,-0.012778684067427992,-0.0842370744010088,-0.017586580086580095,0.21886539107082914,0.23518807568107536,1893.175,1749.125,-0.04102895928796857,0.03794754520117194,-0.0842370744010088,0.3564818230522511,4845000.0,3723480.0,1.3012021012601116,7185995577.5,277,True,jpx_liquidity,JPX流動性
175,1944,きんでん,建設業,プライム,1944.T,2026-08-03,6963.0,-0.01791255289139637,-0.10673508659397046,-0.1226058467741935,-0.16209386281588445,0.013361955266102177,7473.55,7431.816666666667,-0.06831425493908516,-0.06308237779457238,-0.1832258064516129,0.4040349045313621,992600.0,949055.0,1.0458824831016116,7161906990.0,277,False,jpx_liquidity,JPX流動性
176,6645,オムロン,電気機器,プライム,6645.T,2026-08-03,5360.0,-0.012891344383057057,-0.0513274336283186,-0.11492734478203437,-0.14198815431407075,0.3233532436035038,5560.35,5712.45,-0.03603190446644555,-0.0616985706658264,-0.14540816326530615,0.5466266871721058,1325800.0,1292300.0,1.0259227733498413,7128549060.0,277,False,jpx_liquidity,JPX流動性
177,8331,千葉銀行,銀行業,プライム,8331.T,2026-08-03,2614.5,-0.004758279406166688,-0.06791443850267376,-0.0189493433395872,0.21350661406358773,0.16412564087289594,2708.55,2498.4333333333334,-0.034723375976075777,0.04645577895481168,-0.06791443850267376,0.3723047252253245,2627900.0,2616575.0,1.0043281771017456,7121862862.5,277,False,jpx_liquidity,JPX流動性
178,7202,いすゞ自動車,輸送用機器,プライム,7202.T,2026-08-03,2300.5,-0.04245577523413113,-0.045435684647302854,-0.00583405358686262,0.06801299907149483,-0.12131994923100031,2361.275,2267.8333333333335,-0.025738213465183013,0.014404350701844537,-0.1958354476810108,0.33218351007973007,7887600.0,2734050.0,2.8849508970209032,6925166552.5,277,True,jpx_liquidity,JPX流動性
179,2768,双日,卸売業,プライム,2768.T,2026-08-03,5193.0,-0.03493774391377069,-0.046456114579507934,-0.006504687201071335,-0.0873462214411248,-0.08913221677789651,5264.05,5333.116666666667,-0.01349721222252831,-0.02627294233828248,-0.2570251817151834,0.28441216073572106,2112000.0,1249995.0,1.6896067584270338,6911783960.0,277,False,jpx_liquidity,JPX流動性
180,5101,横浜ゴム,ゴム製品,プライム,5101.T,2026-08-03,7332.0,-0.04394314773764507,-0.027328203767577608,-0.06396016851780928,0.13621571362157137,0.15792798483891346,7638.65,7256.762141927084,-0.040144528156153214,0.010367965299319604,-0.08143322475570036,0.361152331755319,869000.0,906055.0,0.9591029242154174,6903052245.0,277,False,jpx_liquidity,JPX流動性
181,2413,エムスリー,サービス業,プライム,2413.T,2026-08-03,1777.0,-0.002525961268593835,-0.06694670517196111,-0.04488040849234076,0.307579102281089,-0.04612760354007539,1886.5,1668.6,-0.058043996819507004,0.06496464101642108,-0.10433467741935487,0.4337263731726866,4582500.0,3573690.0,1.2822880552034452,6899742640.0,277,True,jpx_liquidity,JPX流動性
182,9024,西武ホールディングス,陸運業,プライム,9024.T,2026-08-03,3486.0,-0.02133632790567097,-0.04884038199181451,0.024691358024691468,-0.13326703132769768,-0.183120070226249,3584.3,3229.5583333333334,-0.027425159724353443,0.0794045625433819,-0.25200727653788,0.3365838050053777,3923900.0,1802365.0,2.177083997969335,6846184865.0,277,False,jpx_liquidity,JPX流動性
183,6113,アマダ,機械,プライム,6113.T,2026-08-03,2737.0,-0.01794043774668097,-0.06777929155313356,-0.10991869918699182,-0.05506645952011047,0.2775254362639048,2874.5,2911.2083333333335,-0.0478344059836493,-0.05984055875996508,-0.14468749999999997,0.5289155968641538,2793200.0,2292030.0,1.2186576964524898,6638129935.0,277,False,jpx_liquidity,JPX流動性
184,9531,東京瓦斯,電気・ガス業,プライム,9531.T,2026-08-03,6181.0,-0.006110307123331715,-0.01466602901323133,0.023852907073049545,-0.06348484848484848,-0.14598538471678923,6137.95,6266.116666666667,0.007013742373267906,-0.01358363898959214,-0.20758394471292285,0.1570788086266221,1207700.0,1056390.0,1.1432330862654891,6635392210.0,277,False,jpx_liquidity,JPX流動性
185,3659,ネクソン,情報・通信業,プライム,3659.T,2026-08-03,2416.5,-0.03378648540583762,-0.011454285129883446,0.05570117955439047,-0.09511327466766528,-0.323488241881299,2344.825,2284.768025716146,0.030567313125713147,0.05765660793618799,-0.35662939297124596,0.3942364485382252,2486400.0,2736370.0,0.9086490496533729,6584013970.0,277,False,jpx_liquidity,JPX流動性
186,543A,ＡＲＣＨＩＯＮ,輸送用機器,プライム,543A.T,2026-08-03,266.0,-0.0037453183520599342,-0.0921501706484642,-0.15015974440894564,-0.09830508474576272,-0.45154639175257727,293.9,313.21666666666664,-0.09493024838380393,-0.15074761879423182,-0.48747591522157996,0.45944048070746196,28194500.0,22068675.0,1.2775800993942772,6574209830.0,277,True,jpx_liquidity,JPX流動性
187,6856,堀場製作所,電気機器,プライム,6856.T,2026-08-03,26085.0,0.015968841285296964,-0.03370994628634938,-0.05745257452574526,0.12580923608113936,0.36320877972302057,26463.0,26331.174348958335,-0.014284094773835188,-0.009349159505606108,-0.09677977839335183,0.6983795805711438,228400.0,251180.0,0.909308065928816,6522563375.0,277,False,jpx_liquidity,JPX流動性
188,6268,ナブテスコ,機械,プライム,6268.T,2026-08-03,4770.0,0.016407415299382055,-0.028117359413202925,-0.156498673740053,-0.14790996784565913,0.06998654104979818,5009.95,5205.470491536458,-0.04789468956776011,-0.08365631737697621,-0.18041237113402064,0.6775833655974489,2559100.0,1266085.0,2.021270293858627,6494944085.0,277,False,jpx_liquidity,JPX流動性
189,4689,ＬＩＮＥヤフー,情報・通信業,プライム,4689.T,2026-08-03,446.5,-0.0006714140581126626,0.012012664656232408,0.018941094390128255,0.014772727272727382,0.20339802627060588,447.3400024414062,425.3116673787435,-0.0018777717995748233,0.04981836673290263,-0.05522641931113059,0.2735267104966775,24757400.0,13768210.0,1.798156768381656,6385812657.363892,277,True,jpx_liquidity,JPX流動性
190,6134,ＦＵＪＩ,機械,プライム,6134.T,2026-08-03,7445.0,0.01568894952251032,-0.013253810470510219,-0.14894833104709648,0.12547241118669694,0.95836224826032,7527.95,7772.883333333333,-0.011018936098140863,-0.04218297371417301,-0.16648007165248546,0.8214476457366847,1490300.0,815445.0,1.8275910699066154,6385419165.0,277,False,jpx_liquidity,JPX流動性
191,268A,リガク・ホールディングス,精密機器,プライム,268A.T,2026-08-03,2136.0,0.028901734104046284,-0.0018691588785046953,-0.11953833470733721,-0.32082670906200317,0.7964676198486123,2228.25,2527.921435546875,-0.04140020195220462,-0.1550370316243982,-0.3407407407407408,0.9005028167297316,1789200.0,2917575.0,0.6132490167347883,6384586965.0,277,False,jpx_liquidity,JPX流動性
192,6754,アンリツ,電気機器,プライム,6754.T,2026-08-03,3501.0,-0.017676767676767624,-0.10414534288638688,-0.22199999999999998,-0.17292700212615164,0.510673882456453,3885.8,4200.816666666667,-0.09902722734057345,-0.16659062325182805,-0.2669597989949749,0.578351307040339,2220600.0,1613395.0,1.3763523501684336,6314342880.0,277,False,jpx_liquidity,JPX流動性
193,4751,サイバーエージェント,サービス業,プライム,4751.T,2026-08-03,1464.5,0.006183442116111326,-0.005432937181663822,0.003769705277587354,0.1720688275310125,0.161840539468465,1488.925,1391.3583333333333,-0.016404452877075704,0.05256853314806276,-0.07074873096446699,0.42553872510290336,3413500.0,4352800.0,0.784207866201066,6311058085.0,277,False,jpx_liquidity,JPX流動性
194,5838,楽天銀行,銀行業,プライム,5838.T,2026-08-03,5304.0,-0.030878859857482177,-0.060906515580736564,-0.016867469879518038,-0.15689079637577497,-0.29289428076256496,5561.35,5379.166666666667,-0.04627473545092475,-0.013973663826491123,-0.41630901287553645,0.42074476387065735,740100.0,1142025.0,0.6480593682274907,6306833300.0,277,False,jpx_liquidity,JPX流動性
195,4704,トレンドマイクロ,情報・通信業,プライム,4704.T,2026-08-03,6304.0,-0.005835041791515505,-0.02865947611710329,0.005903941279719271,0.11674047829937995,0.11594972561515315,6390.8,6108.25,-0.013582024159729644,0.03204682192117225,-0.0728048242388587,0.33200582694218567,633400.0,984320.0,0.6434899219765929,6264972890.0,277,False,jpx_liquidity,JPX流動性
196,8593,三菱ＨＣキャピタル,その他金融業,プライム,8593.T,2026-08-03,1430.5,-0.02885268160217247,-0.02687074829931968,0.058845299777942284,0.01960085531004996,0.047995657294734206,1423.625,1358.075,0.004829221178330068,0.05332916076063543,-0.057641633728590214,0.25585517559094445,6409500.0,4242915.0,1.51063596607521,6219418557.5,277,True,jpx_liquidity,JPX流動性
197,5711,三菱マテリアル,非鉄金属,プライム,5711.T,2026-08-03,4151.0,-0.01001669449081799,-0.017282196969697017,-0.08869374313940726,-0.253685724559511,-0.1035379743565138,4160.15,4662.783333333334,-0.0021994399240411466,-0.10975919247087762,-0.3195081967213115,0.5391812876665988,1167500.0,1496550.0,0.7801276268751461,6194958430.0,277,False,jpx_liquidity,JPX流動性
198,6305,日立建機,機械,プライム,6305.T,2026-08-03,5244.0,-0.027808676307007785,-0.0767605633802817,-0.020179372197309364,-0.07659799260433175,-0.10636222257169892,5346.05,5290.366666666667,-0.01908885999943888,-0.008764357857993454,-0.24002000626681874,0.39497817082705444,2607600.0,1053155.0,2.475988814561959,6169817955.0,277,False,jpx_liquidity,JPX流動性
199,5831,しずおかフィナンシャルグループ,銀行業,プライム,5831.T,2026-08-03,3181.0,0.00031446540880497587,-0.08143228414669357,-0.01577970297029707,0.15170166545981179,0.20690355961898188,3300.25,3078.9583333333335,-0.03613362624043637,0.03314161986602615,-0.08143228414669357,0.38264711449031424,2142000.0,1866140.0,1.1478238503006206,6155229555.0,277,False,jpx_liquidity,JPX流動性
200,4005,住友化学,化学,プライム,4005.T,2026-08-03,512.5999755859375,-0.016689070421552432,-0.059449586080848604,-0.07472928594596118,0.008856464137701803,-0.04892524985360347,534.8599975585937,554.1816660563151,-0.041618408694356734,-0.07503259854531541,-0.17799872409504802,0.32014252569704427,13971400.0,11925520.0,1.171554783355359,6150087812.906494,277,True,jpx_liquidity,JPX流動性
201,6841,横河電機,電気機器,プライム,6841.T,2026-08-03,5704.0,-0.013490141819439638,-0.0528063766190634,-0.018582243633860962,0.10307484045639148,0.1407564418194578,5643.2,5348.516666666666,0.01077402891976198,0.06646391055463985,-0.07826143218409853,0.4092574234695776,1126500.0,1073185.0,1.0496792258557472,6086648870.0,277,False,jpx_liquidity,JPX流動性
202,7211,三菱自動車工業,輸送用機器,プライム,7211.T,2026-08-03,358.1000061035156,-0.02716653038356065,-0.018635209390816754,0.07279814020130626,0.16759045272482065,-0.0838315078105133,365.12500152587893,348.20166676839193,-0.01923997368847774,0.02842703030973026,-0.2059072109156399,0.6252552186443361,13391000.0,16061890.0,0.8337125954666605,5993991670.342865,277,True,jpx_liquidity,JPX流動性
203,9147,ＮＩＰＰＯＮ　ＥＸＰＲＥＳＳホールディングス,陸運業,プライム,9147.T,2026-08-03,5179.0,-0.018757104964001514,-0.06516245487364625,-0.045521562845558416,0.18566849816849818,0.4398109535724215,5423.8,5139.63505859375,-0.04513440761090015,0.007659092709399573,-0.07319255547602,0.27523595669889717,1133100.0,1110575.0,1.020282286203093,5982819560.0,277,False,jpx_liquidity,JPX流動性
204,7550,ゼンショーホールディングス,小売業,プライム,7550.T,2026-08-03,10115.0,0.014136755564467585,0.04321369636963701,0.2287414965986394,0.14917064303567362,0.1881298966470515,9349.8,8390.0,0.08184132280904421,0.20560190703218106,-0.02033898305084747,0.39671295915225185,535000.0,627600.0,0.8524537922243467,5944636530.0,277,False,jpx_liquidity,JPX流動性
205,9042,阪急阪神ホールディングス,陸運業,プライム,9042.T,2026-08-03,4630.0,-0.018027571580063628,-0.05548755609955125,0.04068329961789163,0.028888888888888964,0.09911132109326926,4740.55,4584.516666666666,-0.02332007889379928,0.009921074922474515,-0.09411074153785948,0.3528907954724155,1236200.0,1236200.0,1.0,5904772135.0,277,False,jpx_liquidity,JPX流動性
206,2801,キッコーマン,食料品,プライム,2801.T,2026-08-03,1620.0,-0.01669195751138086,-0.010082493125572856,-0.007048728164266049,0.16840966462315188,0.10310707695376786,1649.375,1551.1083333333333,-0.017809776430466107,0.0444144778196236,-0.07322654462242562,0.31107508871274103,3651100.0,3545650.0,1.0297406681426537,5821650735.0,277,False,jpx_liquidity,JPX流動性
207,4980,デクセリアルズ,化学,プライム,4980.T,2026-08-03,3300.0,-0.001210653753026647,-0.0926587847126753,-0.23220102373196838,0.21345835631549925,0.14555608430475098,3695.75,3991.85,-0.10708245958195228,-0.17331563059734212,-0.34276040629356697,0.5854010737310446,1558200.0,1624640.0,0.9591047862911168,5776228510.0,277,False,jpx_liquidity,JPX流動性
208,6278,ユニオンツール,機械,プライム,6278.T,2026-08-03,15690.0,0.004481434058898781,-0.12687813021702843,-0.2910076818798012,-0.08672875436554128,0.4527777777777777,18117.5,20877.110286458334,-0.13398647716296397,-0.24845920796916443,-0.4063564131668559,1.0537806608333913,235200.0,321940.0,0.730570913834876,5741288100.0,277,False,jpx_liquidity,JPX流動性
209,1878,大東建託,不動産業,プライム,1878.T,2026-08-03,3241.0,-0.03799346987236574,-0.026726726726726713,0.0546697038724373,-0.08549661399548536,0.013675971391341024,3266.6,3197.358333333333,-0.007836894630502633,0.013649288605437349,-0.1466561348077936,0.35689517342373667,2444200.0,1702470.0,1.435678749111585,5661702150.0,277,False,jpx_liquidity,JPX流動性
210,9412,スカパーＪＳＡＴ,情報・通信業,プライム,9412.T,2026-08-03,2156.0,0.025689819219790744,-0.027075812274368283,-0.22053506869125095,-0.4157181571815718,-0.16156618836281844,2340.1,3148.15,-0.07867185163027213,-0.31515334402744466,-0.5282275711159737,0.3448898675832014,2489200.0,2400800.0,1.0368210596467844,5610760860.0,277,False,jpx_liquidity,JPX流動性
211,6586,マキタ,機械,プライム,6586.T,2026-08-03,5256.0,0.014084507042253502,-0.10307167235494885,-0.12297680627398633,-0.10230572160546536,-0.04828203766170103,5638.1,5655.316666666667,-0.06777105762579594,-0.07060907287832396,-0.12821363410184106,0.4746300949669088,1385600.0,963920.0,1.4374636899327744,5590761515.0,277,False,jpx_liquidity,JPX流動性
212,9962,ミスミグループ本社,卸売業,プライム,9962.T,2026-08-03,3952.0,0.023569023569023573,0.07478923035082952,-0.05612610460950562,0.13237822349570205,0.3066644732046633,3780.4,3692.35,0.0453920220082531,0.07032106923774828,-0.05612610460950562,0.5671679910989826,3726500.0,1339530.0,2.781945906400006,5577344635.0,277,False,jpx_liquidity,JPX流動性
213,6724,セイコーエプソン,電気機器,プライム,6724.T,2026-08-03,2956.0,0.0020338983050847137,-0.04614391739270729,0.053081581759885976,0.2104832104832104,0.4413576344917025,2899.75,2793.3416666666667,0.01939822398482627,0.05823073320186989,-0.047066408768536405,0.36516213900663685,1888000.0,1885720.0,1.0012090872451902,5490109010.0,277,False,jpx_liquidity,JPX流動性
214,6269,三井海洋開発,機械,プライム,6269.T,2026-08-03,10035.0,-0.028087167070217967,-0.03509615384615383,0.07280307889672866,-0.19202898550724634,-0.34476003917727716,10059.5,10252.143245442709,-0.0024355087230976125,-0.021180278137377107,-0.3778673279603224,0.5411333929931498,324800.0,554385.0,0.5858744374396854,5479640225.0,277,False,jpx_liquidity,JPX流動性
215,4021,日産化学,化学,プライム,4021.T,2026-08-03,7433.0,-0.009329601492736206,-0.04139798813515605,-0.13840268923148258,0.07849680789320956,0.34810104835095945,7848.95,7720.083333333333,-0.05299434956268034,-0.037186558867024266,-0.14039551289464558,0.3268723019822299,693200.0,698410.0,0.9925401984507667,5461376090.0,277,False,jpx_liquidity,JPX流動性
216,7259,アイシン,輸送用機器,プライム,7259.T,2026-08-03,2143.0,-0.036204182595007905,-0.10708333333333331,-0.06111719605695509,-0.06460061108686166,-0.23705811688670086,2320.4,2322.35,-0.07645233580417177,-0.07722780803927054,-0.2571936943962252,0.519089544884285,4810000.0,2176385.0,2.2100869101744407,5408615027.5,277,True,jpx_liquidity,JPX流動性
217,8303,ＳＢＩ新生銀行,銀行業,プライム,8303.T,2026-08-03,1453.0,-0.025486250838363533,-0.004794520547945158,0.0037996545768566037,-0.1333134506412168,-0.23308062463173718,1449.925,1458.9583333333333,0.0021207993516907386,-0.0040839640154218815,-0.29747288037998276,0.3186754788367323,4945800.0,3553105.0,1.391965618803835,5316885572.5,162,True,jpx_liquidity,JPX流動性
218,2587,サントリービバレッジ＆フード,食料品,プライム,2587.T,2026-08-03,4585.0,-0.003260869565217428,-0.030655391120507414,-0.0002180549498473905,0.03405502931889948,-0.10745571345143079,4670.05,4428.035319010417,-0.018211796447575535,0.03544792886264991,-0.12583412774070546,0.2929538978999072,1157500.0,1104890.0,1.0476155997429608,5279849075.0,277,False,jpx_liquidity,JPX流動性
219,4324,電通グループ,サービス業,プライム,4324.T,2026-08-03,3517.0,-0.007898448519040868,-0.012356079752878446,0.08448967005858776,0.15500821018062405,0.26488041719115274,3468.45,3207.616666666667,0.013997607000245216,0.0964527141127629,-0.0921528136293237,0.4330921545001399,1346600.0,1492930.0,0.9019846878286323,5254440155.0,277,False,jpx_liquidity,JPX流動性
220,7912,大日本印刷,その他製品,プライム,7912.T,2026-08-03,2909.5,-0.004107479034742401,-0.08188703060902491,-0.04669069462647446,-0.07956342929452709,0.007800204886666995,3105.4,2896.65,-0.06308366072003613,0.00443615901127159,-0.11080051749353637,0.27353817054847795,1632100.0,1679580.0,0.971731027995094,5223427010.0,277,False,jpx_liquidity,JPX流動性
221,4612,日本ペイントホールディングス,化学,プライム,4612.T,2026-08-03,1205.0,-0.004132231404958664,0.03655913978494629,0.10804597701149432,0.2223574912977846,0.15642994241842612,1128.675,1061.9961517333984,0.06762354087757783,0.1346557122953691,-0.027048849414614495,0.3039143436827501,5074400.0,4488425.0,1.1305524766482675,5212638200.0,277,True,jpx_liquidity,JPX流動性
222,4506,住友ファーマ,医薬品,プライム,4506.T,2026-08-03,1270.5,0.018028846153846256,-0.023068050749711633,-0.18400770712909442,-0.2123372597644141,-0.44434725563087685,1339.025,1457.6,-0.05117529545751576,-0.12836169045005486,-0.6009736180904522,0.33544923803122834,6677600.0,3746795.0,1.7822165343980656,5133563020.0,277,True,jpx_liquidity,JPX流動性
223,6728,アルバック,電気機器,プライム,6728.T,2026-08-03,8597.0,-0.005897317298797389,-0.07569078593699607,-0.1471230158730159,-0.18896226415094342,0.0084457478005866,9395.8,9507.599641927083,-0.08501670959364815,-0.09577597671566607,-0.240547703180212,0.7239121512152542,582200.0,551570.0,1.0555323893612778,5118977930.0,277,False,jpx_liquidity,JPX流動性
224,6806,ヒロセ電機,電気機器,プライム,6806.T,2026-08-03,27335.0,-0.0014611872146118587,-0.03936039360393606,-0.06594908593883475,0.2279874213836477,0.41364747901324095,27392.75,27193.583333333332,-0.0021082220660576523,0.005200368959589197,-0.12807017543859645,0.41269074209166573,185700.0,183820.0,1.0102273963660102,5115233775.0,277,False,jpx_liquidity,JPX流動性
225,3003,ヒューリック,不動産業,プライム,3003.T,2026-08-03,1710.0,-0.027580324139891976,-0.0681198910081744,-0.014125108100317085,-0.05131761442441052,-0.07140917730111318,1789.075,1728.4871154785155,-0.04419881782485369,-0.010695547171259978,-0.17411253320454,0.356612899803589,3529800.0,2780280.0,1.2695843584099442,5106809932.5,277,False,jpx_liquidity,JPX流動性
226,9532,大阪瓦斯,電気・ガス業,プライム,9532.T,2026-08-03,5421.0,-0.017044424297370853,-0.026400862068965525,0.01081484243893338,-0.05999653199237043,-0.12226531314744771,5456.1,5496.216666666666,-0.006433166547534008,-0.013685171314813394,-0.18779904174958062,0.18981784736524046,987800.0,916760.0,1.0774902918975522,5094752275.0,277,False,jpx_liquidity,JPX流動性
227,3391,ツルハホールディングス,小売業,プライム,3391.T,2026-08-03,2422.0,-0.0008250825082508628,-0.022993142396127486,0.1354899203000468,0.1826171875,-0.026458071212683065,2383.7,2145.616666666667,0.016067458153291136,0.12881300636180737,-0.11338782320685914,0.4042201866343307,1161500.0,2121835.0,0.5474035445734471,4954447197.5,277,False,jpx_liquidity,JPX流動性
228,8354,ふくおかフィナンシャルグループ,銀行業,プライム,8354.T,2026-08-03,7360.0,0.0,-0.05677303601179029,0.019249411438858832,0.15523465703971118,0.2343352557040166,7450.0,6986.233333333334,-0.012080536912751683,0.0535004556580323,-0.05677303601179029,0.3483969369064535,787700.0,662805.0,1.1884340039679846,4902866725.0,277,False,jpx_liquidity,JPX流動性
229,3092,ＺＯＺＯ,小売業,プライム,3092.T,2026-08-03,1139.5,-0.0030621172353455517,-0.021888412017167402,-0.009130434782608665,0.10738581146744419,0.018799162153360083,1168.475,1100.6200002034504,-0.024797278504032905,0.03532554359303175,-0.06941608819926504,0.3215350736518761,4502700.0,4104915.0,1.0969045644063276,4884797752.5,277,True,jpx_liquidity,JPX流動性
230,5110,住友ゴム工業,ゴム製品,プライム,5110.T,2026-08-03,2191.5,-0.03881578947368425,-0.021870118277170225,-0.02426536064113982,0.07531894013738949,-0.1566288243217241,2241.55,2127.421622721354,-0.02232829961410643,0.030120205884096585,-0.2152193375111907,0.3679338445713995,2116400.0,2182795.0,0.9695825764673275,4882827227.5,277,False,jpx_liquidity,JPX流動性
231,4204,積水化学工業,化学,プライム,4204.T,2026-08-03,2594.5,-0.02645403377110689,-0.05137111517367454,-0.017048683462776992,0.09889877170690387,-0.06425644993436108,2665.675,2490.15,-0.026700554268618726,0.04190510611810527,-0.13720338065895388,0.21822987683147035,3133500.0,1787455.0,1.7530511257626067,4882312122.5,277,False,jpx_liquidity,JPX流動性
232,4768,大塚商会,情報・通信業,プライム,4768.T,2026-08-03,3219.0,-0.016799022602321356,0.008142812402129662,0.12828601472134604,0.05957867017774854,0.08878741755454089,3064.55,2932.2380126953126,0.05039891664355278,0.09779628599831702,-0.05904706226249634,0.3570177075768174,1764000.0,1583005.0,1.114336341325517,4866800750.0,277,False,jpx_liquidity,JPX流動性
233,3402,東レ,繊維製品,プライム,3402.T,2026-08-03,1129.5,-0.024611398963730546,-0.04157827747136189,-0.03749467405198126,0.0004428697962799433,-0.08086956798148714,1159.1,1144.525,-0.025537054611336263,-0.013127716738384976,-0.14946139883253984,0.2118283306211946,4348400.0,4166530.0,1.0436502317276006,4839136142.5,277,True,jpx_liquidity,JPX流動性
234,7220,武蔵精密工業,輸送用機器,プライム,7220.T,2026-08-03,3170.0,-0.01705426356589146,0.04966887417218535,-0.23151515151515156,-0.41512915129151295,0.08374186879768386,3299.25,4931.0,-0.039175570205349675,-0.35712837152707366,-0.6745379876796714,0.6420114213196797,936100.0,1485240.0,0.6302685087931916,4830080175.0,277,False,jpx_liquidity,JPX流動性
235,5805,ＳＷＣＣ,非鉄金属,プライム,5805.T,2026-08-03,11200.0,-0.013215859030836996,-0.024390243902439046,-0.10828025477707004,-0.33845245126993506,-0.07290741514820842,11285.5,13292.833333333334,-0.007576093216959845,-0.15744072620585026,-0.4114555964266947,0.5980114692790706,602800.0,409790.0,1.4709973401010275,4776693200.0,277,False,jpx_liquidity,JPX流動性
236,2871,ニチレイ,食料品,プライム,2871.T,2026-08-03,2181.0,-0.010211027910142945,-0.006604418127989065,0.007855822550831837,0.15519067796610164,0.13804222808665045,2163.95,2039.4583333333333,0.007879109960951203,0.06940159764643394,-0.07349192863211551,0.47729115235100344,1423700.0,2232875.0,0.637608464423669,4765041385.0,277,False,jpx_liquidity,JPX流動性
237,2875,東洋水産,食料品,プライム,2875.T,2026-08-03,10110.0,-0.02460202604920403,-0.07629054362722709,-0.04034171808258191,-0.06128133704735372,-0.09938152423037638,10767.5,10527.216666666667,-0.06106338518690502,-0.039632191478279344,-0.1711831669637638,0.3997934048318311,825000.0,417925.0,1.97403840401986,4724228800.0,277,False,jpx_liquidity,JPX流動性
238,6674,ジーエス・ユアサ　コーポレーション,電気機器,プライム,6674.T,2026-08-03,5499.0,0.0031010580080261807,-0.05075090626618328,-0.18376131809410712,-0.16933534743202416,0.4473346637679583,5869.1,6371.35,-0.06305907208941752,-0.1369176077283465,-0.26845816150059865,0.4676375589320221,659700.0,803565.0,0.8209665677325418,4715026205.0,277,False,jpx_liquidity,JPX流動性
239,429A,テクセンドフォトマスク,その他製品,プライム,429A.T,2026-08-03,4010.0,0.019059720457433205,-0.06526806526806528,-0.1602094240837696,-0.2090729783037475,0.40678821289326894,4038.5,4201.5,-0.007057075646898614,-0.045578959895275495,-0.22736030828516374,0.9294200800134546,890500.0,1201415.0,0.7412093240054436,4711398975.0,194,False,jpx_liquidity,JPX流動性
240,1911,住友林業,建設業,プライム,1911.T,2026-08-03,1319.5,-0.020779220779220786,-0.0414093715946241,-0.03084832904884316,0.00840657241115772,-0.23418456181079517,1351.925,1321.681062825521,-0.02398431865673023,-0.0016502187152914738,-0.27817286652078776,0.2731273731733386,4060100.0,3382285.0,1.2004015037171616,4699565687.5,277,False,jpx_liquidity,JPX流動性
241,5076,インフロニア・ホールディングス,建設業,プライム,5076.T,2026-08-03,2571.0,-0.010011551790527484,-0.09216101694915257,-0.0421013412816692,0.13160211267605626,0.0987327365997075,2774.8,2619.2,-0.07344673489981268,-0.018402565668906523,-0.11816155033441944,0.3762487368987687,1777300.0,1662335.0,1.0691587435745502,4693724672.5,277,False,jpx_liquidity,JPX流動性
242,4182,三菱瓦斯化学,化学,プライム,4182.T,2026-08-03,4207.0,0.0014282313734825802,-0.035755214302085725,-0.15403177156645886,-0.08184199039720641,0.3145699557504167,4437.3,4853.716666666666,-0.05190093074617452,-0.13324153655446158,-0.2573698146513681,0.5830106900512166,1067400.0,1058860.0,1.0080652777515442,4680133850.0,277,False,jpx_liquidity,JPX流動性
243,7167,めぶきフィナンシャルグループ,銀行業,プライム,7167.T,2026-08-03,1483.0,-0.009352037408149605,-0.04599549694435512,-0.01722995361166335,0.1290445374952418,0.22814431337820817,1514.4,1428.4833333333333,-0.020734284204965703,0.03816402011457365,-0.05269881826892364,0.3120815021082814,2527300.0,3092340.0,0.8172775309312689,4679732362.5,277,False,jpx_liquidity,JPX流動性
244,3064,ＭｏｎｏｔａＲＯ,小売業,プライム,3064.T,2026-08-03,1961.5,-0.020718921617573605,-0.00934343434343432,0.020286085825747646,0.06227998916869759,-0.0778091208274565,1958.45,1882.640663655599,0.0015573540299727018,0.04188761980274913,-0.11424700835403023,0.35671331774308357,2648300.0,2324295.0,1.13939925869995,4661279795.0,277,False,jpx_liquidity,JPX流動性
245,8233,高島屋,小売業,プライム,8233.T,2026-08-03,2213.0,-0.027466490881125072,-0.04735256134309085,-0.05265410958904104,0.1641241451867439,0.04081924869286846,2334.075,2198.4083333333333,-0.05187279757505647,0.006637377799847632,-0.149500384319754,0.44417194715865144,2550300.0,1962900.0,1.2992511080544094,4649125277.5,277,False,jpx_liquidity,JPX流動性
246,3038,神戸物産,卸売業,プライム,3038.T,2026-08-03,2840.5,0.0325336241366776,0.05594795539033459,0.06725530715761785,0.026563064691001115,-0.24414582224587544,2717.425,2678.233333333333,0.045291038391123806,0.06058720300695741,-0.2681010048956455,0.3218134241144586,3621000.0,1559650.0,2.3216747347161224,4621449795.0,277,False,jpx_liquidity,JPX流動性
247,6407,ＣＫＤ,機械,プライム,6407.T,2026-08-03,5870.0,-0.021666666666666612,-0.07413249211356465,-0.21628838451268362,-0.11729323308270678,0.38074134036114304,6471.0,6762.666666666667,-0.09287590789677025,-0.13199921135646686,-0.28239608801955995,0.9639241247775502,876600.0,754035.0,1.1625455051821203,4609069150.0,277,False,jpx_liquidity,JPX流動性
248,8113,ユニ・チャーム,化学,プライム,8113.T,2026-08-03,994.5,-0.011922503725782407,0.0016114166044880474,0.03615337846255118,0.05238095238095242,0.028119520883166604,980.9550018310547,944.7148915608724,0.013807970950412862,0.05269855369472576,-0.09178082191780823,0.3059341902805448,5199400.0,4549450.0,1.142863423051138,4569537547.0425415,277,True,jpx_liquidity,JPX流動性
249,8304,あおぞら銀行,銀行業,プライム,8304.T,2026-08-03,3213.0,0.05760368663594462,0.028489116517285584,0.1353356890459363,0.2355316285329745,0.2641693575779185,2992.325,2811.4583333333335,0.07374700274869883,0.1428232678769914,0.0,0.2935147046529546,3676300.0,1386860.0,2.6508083007657586,4559145880.0,277,True,jpx_liquidity,JPX流動性
250,6997,日本ケミコン,電気機器,プライム,6997.T,2026-08-03,3210.0,0.028846153846153744,0.0031250000000000444,-0.4236983842010772,0.015822784810126667,1.099851448657077,3470.7,4173.216666666666,-0.075114530210044,-0.23080916798792295,-0.46321070234113715,1.211621148802676,1272400.0,1307765.0,0.9729576797054517,4542779700.0,277,False,jpx_liquidity,JPX流動性
251,5019,出光興産,石油・石炭製品,プライム,5019.T,2026-08-03,1267.0,-0.033562166285278416,-0.035768645357686424,0.043227665706051965,-0.05483028720626637,-0.089593429029872,1279.7,1303.3,-0.00992420098460578,-0.027852374741041963,-0.23628691983122363,0.25539720708376445,3348400.0,3468645.0,0.9653337254172739,4428101807.5,277,False,jpx_liquidity,JPX流動性
252,5844,京都フィナンシャルグループ,銀行業,プライム,5844.T,2026-08-03,4490.0,0.011945007888212844,-0.04203114998933222,-0.04670912951167727,0.021615472127417545,0.20607304428346174,4626.05,4550.933333333333,-0.029409539455907296,-0.013389194890425449,-0.06865795478116576,0.32209058257728856,1789600.0,921320.0,1.94243042591065,4420333775.0,277,False,jpx_liquidity,JPX流動性
253,6996,ニチコン,電気機器,プライム,6996.T,2026-08-03,2931.0,0.0006828269033800627,-0.02300000000000002,-0.33912063134160086,0.17522052927024867,0.7532461785760758,3145.35,3616.6833333333334,-0.06814821879917976,-0.18958898806917945,-0.3855345911949686,0.9096741717916577,1599600.0,1372740.0,1.1652607194370384,4392181265.0,277,False,jpx_liquidity,JPX流動性
254,3088,マツキヨココカラ＆カンパニー,小売業,プライム,3088.T,2026-08-03,2495.5,-0.015387650424146804,-0.00399121931750146,0.037629937629937604,0.06168900233992769,-0.003221966163894363,2504.225,2375.733333333333,-0.0034841118509718605,0.050412504209226716,-0.08263063328265541,0.32432000795559485,1437600.0,1776620.0,0.8091769765059496,4383509685.0,277,False,jpx_liquidity,JPX流動性
255,6141,ＤＭＧ森精機,機械,プライム,6141.T,2026-08-03,3738.0,0.004838709677419395,-0.015279241306638602,-0.0031999999999999806,0.0008032128514057213,0.2909687446036955,3595.75,3530.2801839192707,0.039560592365987635,0.05883947031369097,-0.02223384776353654,0.5634482226164595,1627900.0,1181905.0,1.3773526637081661,4369001115.0,277,False,jpx_liquidity,JPX流動性
256,3197,すかいらーくホールディングス,小売業,プライム,3197.T,2026-08-03,3192.0,0.01623686723973261,0.033678756476683835,0.12039312039312033,0.07312153303076152,-0.009618367980142706,3040.275,2873.590987141927,0.0499050250388533,0.11080526570511084,-0.14078061911170925,0.3627763074847022,1250200.0,1409655.0,0.8868836701178657,4286458672.5,277,False,jpx_liquidity,JPX流動性
257,6869,シスメックス,電気機器,プライム,6869.T,2026-08-03,1596.0,-0.0018761726078799779,-0.0062266500622665255,0.04416094210009813,0.18222222222222229,0.09764328477159667,1579.825,1471.275,0.010238475780545375,0.08477341081714829,-0.045739910313901344,0.424882064224914,2866700.0,2696220.0,1.0632292617071306,4274173682.5,277,False,jpx_liquidity,JPX流動性
258,7752,リコー,電気機器,プライム,7752.T,2026-08-03,1568.0,-0.007280785058562889,-0.03950995405819291,0.08775580992022203,0.1684053651266766,0.09439263603488235,1541.4,1480.4416666666666,0.0172570390554041,0.05914338626423432,-0.04593854578643142,0.29643209309939356,2124100.0,2755270.0,0.7709226319017737,4252397132.5,277,False,jpx_liquidity,JPX流動性
259,6370,栗田工業,機械,プライム,6370.T,2026-08-03,8723.0,-0.0021734156943491456,-0.02840276230786365,-0.07182379229623326,0.008672525439407996,0.13090386385578334,8846.75,8877.816666666668,-0.013988187752564496,-0.017438596952328855,-0.08783854438983585,0.5094900262103926,509900.0,479965.0,1.0623691310824748,4213033075.0,277,False,jpx_liquidity,JPX流動性
260,2579,コカ・コーラ　ボトラーズジャパンホールディングス,食料品,プライム,2579.T,2026-08-03,3871.0,0.011233019853709614,-0.11296975252062325,-0.12440624293146352,0.18054284842939916,0.10694881326851591,4266.55,3909.1318806966146,-0.09270956627720295,-0.009754564916295339,-0.1568285776519277,0.5993371000433784,1922900.0,962055.0,1.998742275649521,4212074655.0,277,False,jpx_liquidity,JPX流動性
261,5938,ＬＩＸＩＬ,金属製品,プライム,5938.T,2026-08-03,1719.0,-0.009221902017291117,-0.09526315789473683,-0.07853122487268827,0.01028504260946228,-0.03503723851376506,1857.75,1760.175,-0.0746871215179653,-0.02339256039882398,-0.10978767477990681,0.37439583102876517,4137600.0,2220295.0,1.8635361517275857,4204151012.5,277,False,jpx_liquidity,JPX流動性
262,4203,住友ベークライト,化学,プライム,4203.T,2026-08-03,7236.0,0.11100875172731461,0.08893905191873586,-0.03597122302158273,0.3047241254958528,0.32439507835331804,6937.25,6891.533333333334,0.04306461494107894,0.049984038385264995,-0.062815697448517,0.6512834673349072,2974300.0,476790.0,6.238176136244468,4203244050.0,277,True,jpx_liquidity,JPX流動性
263,5406,神戸製鋼所,鉄鋼,プライム,5406.T,2026-08-03,2073.0,-0.001925854597977894,0.013939838591342735,0.08790343741800055,0.07021166752710384,-0.09278655406446412,1965.95,1944.8083333333334,0.05445204608459009,0.06591480737176325,-0.08848787355081145,0.23752967366954297,2175300.0,2105835.0,1.0329869149292323,4191771575.0,277,False,jpx_liquidity,JPX流動性
264,6814,古野電気,電気機器,プライム,6814.T,2026-08-03,7120.0,-0.015214384508990264,-0.0680628272251309,0.15772357723577235,0.03338171262699574,0.02661324979484303,7062.0,6407.333333333333,0.008212970829793331,0.11122671938403927,-0.1422456780105984,0.7630777583384324,416000.0,580145.0,0.7170621137818993,4133565950.0,277,False,jpx_liquidity,JPX流動性
265,9005,東急,陸運業,プライム,9005.T,2026-08-03,1708.5,-0.022037779049799644,-0.046595982142857095,0.023053892215568972,0.04176829268292681,-0.028966644150807075,1749.975,1687.3416666666667,-0.0237003385762653,0.012539448145751919,-0.13801969284230942,0.2528257344574586,3932400.0,2260550.0,1.7395766516998075,4127750262.5,277,False,jpx_liquidity,JPX流動性
266,6302,住友重機械工業,機械,プライム,6302.T,2026-08-03,5287.0,0.009354715540282443,-0.024358737774497152,-0.012882748319641535,-0.007695195195195237,-0.001133572643113534,5229.8,5239.5944417317705,0.010937320738842793,0.009047562515651641,-0.1582550549275593,0.36931549085612514,968500.0,761275.0,1.2722078092673474,4104582115.0,277,False,jpx_liquidity,JPX流動性
267,6368,オルガノ,機械,プライム,6368.T,2026-08-03,14645.0,-0.0023841961852860694,-0.023666666666666614,-0.09178294573643409,-0.17423174513673523,-0.10010663239068385,14938.0,15968.5,-0.019614406212344337,-0.08288192378745651,-0.2253372123776779,0.7954053484121331,427000.0,265095.0,1.6107433184330147,4099868500.0,277,False,jpx_liquidity,JPX流動性
268,1963,日揮ホールディングス,建設業,プライム,1963.T,2026-08-03,2259.5,0.0,-0.04702657106706032,-0.09384399438540203,-0.09457022640753354,0.018853986982544146,2311.7,2509.25,-0.02258078470389746,-0.09953173258941916,-0.21079287460705554,0.36727951741854875,1741500.0,1725105.0,1.0095037693357796,4014788210.0,277,False,jpx_liquidity,JPX流動性
269,7181,かんぽ生命保険,保険業,プライム,7181.T,2026-08-03,1728.0,-0.024280067758328583,-0.03759398496240607,0.07129572225666458,0.10875842155919146,0.06972598832955512,1698.65,1573.7,0.01727842698613591,0.09804918345300884,-0.03759398496240607,0.3042922244948409,2354200.0,2334475.0,1.0084494372396364,4005998915.0,277,False,jpx_liquidity,JPX流動性
270,6622,ダイヘン,電気機器,プライム,6622.T,2026-08-03,13700.0,-0.006526468455402501,-0.06292749658002739,-0.1941176470588235,-0.20717592592592593,0.15753405838183698,14614.0,16062.333333333334,-0.06254276720952512,-0.1470728619752215,-0.2956298200514139,0.8526017590685283,370600.0,268595.0,1.379772519965003,3960992800.0,277,False,jpx_liquidity,JPX流動性
271,4183,三井化学,化学,プライム,4183.T,2026-08-03,2091.0,-0.012980882700023622,-0.0521305530371714,-0.04170485792850598,0.08906250000000004,-0.10558430224391957,2146.05,2120.258333333333,-0.025651778849514306,-0.0137994190959434,-0.11154826796364214,0.28788992722609824,3029200.0,1760485.0,1.7206622038813169,3940886377.5,277,False,jpx_liquidity,JPX流動性
272,6101,ツガミ,機械,プライム,6101.T,2026-08-03,5720.0,-0.048252911813643884,-0.1805157593123209,-0.29556650246305416,0.04761904761904767,0.729848118355884,6886.5,6802.5,-0.16938938502867928,-0.15913267181183388,-0.30073349633251834,0.7887318150771444,801700.0,575970.0,1.3919127732347172,3937064050.0,277,False,jpx_liquidity,JPX流動性
273,5714,ＤＯＷＡホールディングス,非鉄金属,プライム,5714.T,2026-08-03,8159.0,-0.00922890103217977,-0.03237666034155595,-0.07640932759791719,-0.19852652259332026,-0.11414571335689871,8317.6,9318.066666666668,-0.019068000384726447,-0.12438917944351846,-0.29905498281786946,0.39451145153872597,452100.0,474760.0,0.9522706209453198,3927974730.0,277,False,jpx_liquidity,JPX流動性
274,3626,ＴＩＳ,情報・通信業,プライム,3626.T,2026-08-03,3712.0,-0.017989417989418,0.012824010914051831,0.1341277115795907,0.04123422159887791,0.009568098917853485,3558.95,3390.25,0.043004256873516056,0.09490450556743601,-0.057628839807057575,0.3567213073391138,1239600.0,1070195.0,1.158293582010755,3926684180.0,277,False,jpx_liquidity,JPX流動性
275,2269,明治ホールディングス,食料品,プライム,2269.T,2026-08-03,3721.0,-0.01794668778041697,-0.018723628691983074,-0.02540597171293868,0.013896457765667503,0.0037829852073687498,3806.05,3738.45,-0.022346001760355283,-0.004667709879762949,-0.07483838886126304,0.2632524029757065,1480800.0,983315.0,1.5059263816783024,3892393745.0,277,False,jpx_liquidity,JPX流動性
276,3289,東急不動産ホールディングス,不動産業,プライム,3289.T,2026-08-03,1294.5,-0.03142536475869806,-0.05545421379058735,-0.02924634420697414,-0.018202502844141044,-0.10981965287097817,1336.975,1316.125,-0.031769479608818374,-0.01643081014341341,-0.16580760690314644,0.25363098749856894,3621700.0,2835360.0,1.2773333897635573,3870230047.5,277,False,jpx_liquidity,JPX流動性
277,7701,島津製作所,精密機器,プライム,7701.T,2026-08-03,4010.0,-0.020517830972154427,-0.06176883481516149,-0.03210234129857592,0.04535974973931167,-0.05475167848886975,4124.4,3923.483333333333,-0.027737367859567374,0.02205098360725377,-0.06993115491898616,0.2640651021092449,857300.0,933055.0,0.9188097164690184,3837606235.0,277,False,jpx_liquidity,JPX流動性
278,8377,ほくほくフィナンシャルグループ,銀行業,プライム,8377.T,2026-08-03,7552.0,0.011112598741464641,-0.05658963148032481,0.038789546079780024,0.24271844660194164,0.33935460696450725,7527.3,6878.266666666666,0.0032813890770926335,0.09795103417527673,-0.05658963148032481,0.48651463900272485,719900.0,496860.0,1.4488990862617237,3837029285.0,277,False,jpx_liquidity,JPX流動性
279,6330,東洋エンジニアリング,建設業,プライム,6330.T,2026-08-03,1897.0,-0.02317198764160655,-0.09451073985680192,-0.08224479922593131,-0.19000853970964993,-0.6751712328767123,1944.5,2010.8,-0.024427873489328844,-0.05659439029242086,-0.723065693430657,0.6894311206879931,1414100.0,1948670.0,0.7256744343577928,3836962395.0,277,False,jpx_liquidity,JPX流動性
280,4528,小野薬品工業,医薬品,プライム,4528.T,2026-08-03,2337.5,-0.019505033557047025,-0.04181184668989546,-0.0336916081025217,-0.05764966740576494,-0.024336160541049923,2421.45,2375.4,-0.034669309711123475,-0.0159552075439926,-0.11207115449854332,0.26480668118370476,1775600.0,1545610.0,1.1488020910837793,3826881720.0,277,False,jpx_liquidity,JPX流動性
281,5830,いよぎんホールディングス,銀行業,プライム,5830.T,2026-08-03,3588.0,-0.012658227848101222,-0.05204755614266843,0.07586206896551717,0.16304700162074548,0.18639567899061915,3447.85,3224.2166666666667,0.04064852009223152,0.1128284389489953,-0.05204755614266843,0.3895159964244749,1062700.0,1076185.0,0.9874696265047367,3813461020.0,277,False,jpx_liquidity,JPX流動性
282,6770,アルプスアルパイン,電気機器,プライム,6770.T,2026-08-03,2087.5,-0.05713640469738035,-0.06620442853947661,-0.018109125117591773,0.002160345655304763,0.015058128056829156,2130.425,2132.8,-0.02014856190666192,-0.021239684921230406,-0.11789562645256713,0.3321803916851965,3011000.0,1676260.0,1.7962607232768186,3775945070.0,277,False,jpx_liquidity,JPX流動性
283,3498,霞ヶ関キャピタル,不動産業,プライム,3498.T,2026-08-03,7610.0,0.024226110363391617,0.031165311653116534,0.07943262411347507,0.1890624999999999,0.08869814020028621,6998.5,6424.333333333333,0.08737586625705518,0.1845587090748717,-0.025608194622279146,0.40671369927715006,431900.0,548360.0,0.7876212706980815,3773614700.0,277,False,jpx_liquidity,JPX流動性
284,5214,日本電気硝子,ガラス・土石製品,プライム,5214.T,2026-08-03,4394.0,-0.17452564343415367,-0.21633672195469944,-0.3085759244689221,-0.36456977584960226,-0.3701261467889908,5631.8,6238.478727213542,-0.21978763450406624,-0.29566162006252295,-0.4638848218643241,0.6637337787970659,2303700.0,617880.0,3.7283938628859974,3770051140.0,277,False,jpx_liquidity,JPX流動性
285,2267,ヤクルト本社,食料品,プライム,2267.T,2026-08-03,2781.5,-0.013302589570769796,-0.012076007813887402,-0.0228350606007377,-0.048897247392716725,0.10784739956878342,2832.125,2758.0833333333335,-0.017875270335878546,0.008490195485995722,-0.0989633948817622,0.25173345227930033,1703200.0,1287450.0,1.3229251621422191,3740077470.0,277,False,jpx_liquidity,JPX流動性
286,7747,朝日インテック,精密機器,プライム,7747.T,2026-08-03,3559.0,-0.009462844419705019,0.0028176951253875426,-0.07893374741200831,0.07652752571082888,0.400354121581743,3568.85,3601.9973754882812,-0.002759992714740034,-0.011937092397923399,-0.07893374741200831,0.3673156263361195,992900.0,1038420.0,0.9561641724928256,3736728125.0,277,False,jpx_liquidity,JPX流動性
287,7731,ニコン,精密機器,プライム,7731.T,2026-08-03,1867.0,-0.022001047668936624,-0.15078462588128272,-0.1778952003522677,-0.007178941770805691,-0.037678034229786994,2142.7,2083.525,-0.12866943575862222,-0.10392243913559951,-0.19750698474102735,0.5418431207818335,2027800.0,1720575.0,1.1785594931926826,3731342792.5,277,False,jpx_liquidity,JPX流動性
288,3086,Ｊ．フロント　リテイリング,小売業,プライム,3086.T,2026-08-03,2883.0,-0.03303706188160327,-0.05968688845401171,-0.09139615505830445,0.24401294498381887,0.20844011047993694,3120.275,2717.141666666667,-0.07604297698119555,0.06104147434344287,-0.20293060547414987,0.44191552239838344,1475300.0,1229435.0,1.1999821056013535,3716685117.5,277,False,jpx_liquidity,JPX流動性
289,6135,牧野フライス製作所,機械,プライム,6135.T,2026-08-03,14710.0,0.05675287356321834,-0.005409060175794456,-0.04044357469015003,0.11439393939393949,0.29288423742863756,14592.0,14295.666666666666,0.008086622807017552,0.028983141744584717,-0.06365372374283895,0.30973058266943004,1002700.0,212370.0,4.721476668079296,3712161600.0,277,True,jpx_liquidity,JPX流動性
290,9616,共立メンテナンス,サービス業,プライム,9616.T,2026-08-03,3473.0,0.0002880184331797153,0.07823657249301452,0.1599866399465597,0.45101316064340913,0.28537670893725475,3135.6,2814.725,0.10760301058808519,0.2338683175088152,0.0,0.3740665373947718,1839200.0,1128465.0,1.629824584723496,3684986960.0,277,False,jpx_liquidity,JPX流動性
291,8359,八十二長野銀行,銀行業,プライム,8359.T,2026-08-03,2492.5,-0.006180223285486397,-0.07668086682719022,-0.014627396718719154,0.13218260277083815,0.2354220355902874,2576.375,2425.475,-0.03255543156566887,0.027633762458899813,-0.07668086682719022,0.3440816521342387,1768400.0,1397855.0,1.2650811421785522,3673003177.5,277,False,jpx_liquidity,JPX流動性
292,4042,東ソー,化学,プライム,4042.T,2026-08-03,2704.0,-0.0023980815347721673,-0.049226441631504914,-0.04333981956483279,0.026185958254269392,0.00776424346191118,2752.975,2777.5916666666667,-0.01778984553074403,-0.026494775149935035,-0.11227839789888383,0.2358902192217957,1635400.0,1314915.0,1.2437305833456915,3668331315.0,277,False,jpx_liquidity,JPX流動性
293,6254,野村マイクロ・サイエンス,機械,プライム,6254.T,2026-08-03,3970.0,-0.009975062344139696,-0.04106280193236711,-0.1922685656154629,-0.1138392857142857,0.18330513656591108,4144.75,4486.25,-0.04216177091501294,-0.11507383672332128,-0.27155963302752295,0.9293181260356521,997300.0,892290.0,1.1176859541180557,3648622525.0,277,False,jpx_liquidity,JPX流動性
294,4680,ラウンドワン,サービス業,プライム,4680.T,2026-08-03,1208.0,-0.006578947368421018,-0.021069692058346856,-0.03859928372463195,0.39572501444251884,0.11618606590142311,1245.1,1064.418287150065,-0.029796803469600786,0.13489218907951028,-0.08484848484848484,0.3868004923018056,2520900.0,3024365.0,0.8335303443863422,3624179195.0,277,False,jpx_liquidity,JPX流動性
295,9831,ヤマダホールディングス,小売業,プライム,9831.T,2026-08-03,700.0,-0.018370461414156658,-0.04878383370437689,0.08983343189106452,0.29151291512915134,0.3255937680633938,696.6349975585938,653.3849975585938,0.004830366624127613,0.07134385181108471,-0.08472801886407733,0.3419735941532623,4499700.0,5132570.0,0.8766953007947286,3617768458.9016724,277,True,jpx_liquidity,JPX流動性
296,2897,日清食品ホールディングス,食料品,プライム,2897.T,2026-08-03,2849.0,-0.012649454167388718,-0.03733738807230946,-0.0012269938650306678,0.021513087128002928,-0.08479015000981915,2915.725,2762.4083333333333,-0.02288453129153123,0.03134643985169938,-0.1308679520039968,0.3370480970846077,1457100.0,1204690.0,1.2095227817944865,3596056800.0,277,False,jpx_liquidity,JPX流動性
297,4043,トクヤマ,化学,プライム,4043.T,2026-08-03,3878.0,0.02267932489451474,-0.14881474978050924,-0.22902584493041744,-0.10085787155112447,-0.0018322869854838775,4468.35,4753.733333333334,-0.1321181196638581,-0.1842201217288868,-0.31020988971896124,0.549131849982929,1294600.0,792445.0,1.6336780470568935,3587030190.0,277,False,jpx_liquidity,JPX流動性
298,8366,滋賀銀行,銀行業,プライム,8366.T,2026-08-03,2466.0,0.02750000000000008,-0.09504587155963307,-0.06626277925028401,0.32651963421194186,0.4846690792496089,2673.15,2361.05,-0.07749284551933111,0.04445056224984634,-0.14700795572466274,0.5187026736353411,1397600.0,1317635.0,1.060688278620407,3584483135.0,277,False,jpx_liquidity,JPX流動性
299,3231,野村不動産ホールディングス,不動産業,プライム,3231.T,2026-08-03,900.0,-0.021739130434782594,-0.07024793388429751,-0.046812128400332664,-0.10134797803295059,-0.13985238612563977,949.8400024414062,937.0299977620442,-0.05247199771887978,-0.03951847630330385,-0.2090341415143142,0.2747217206659836,9804800.0,3454350.0,2.8383921721886898,3582134120.7647705,277,True,jpx_liquidity,JPX流動性
300,8804,東京建物,不動産業,プライム,8804.T,2026-08-03,3284.0,-0.030410392677886033,-0.06704545454545452,-0.00905250452625228,-0.05496402877697837,-0.1277556440903055,3428.65,3313.1824747721353,-0.04218861651087169,-0.008807988993767224,-0.24919981710105166,0.2693017425436649,995000.0,1059170.0,0.9394148248156575,3547226415.0,277,False,jpx_liquidity,JPX流動性
301,3132,マクニカホールディングス,卸売業,プライム,3132.T,2026-08-03,3262.0,-0.01001517450682854,-0.08857222687901645,0.02740157480314953,0.17974683544303804,0.3361145319427341,3254.1,3237.5,0.0024277065855382585,0.00756756756756749,-0.08857222687901645,0.7402484757791007,920600.0,1063660.0,0.8655021341406088,3540524855.0,277,False,jpx_liquidity,JPX流動性
302,3778,さくらインターネット,情報・通信業,プライム,3778.T,2026-08-03,3105.0,0.009756097560975618,0.07068965517241388,0.10262784090909083,-0.034214618973561484,0.1353768082846456,2907.1,2932.116666666667,0.06807471363214201,0.058961955811217104,-0.21590909090909094,0.5617539432825959,836800.0,1174870.0,0.7122490147846144,3496595275.0,277,False,jpx_liquidity,JPX流動性
303,4722,フューチャー,情報・通信業,プライム,4722.T,2026-08-03,2445.0,0.0,0.032516891891891886,0.4579606440071555,0.5663036515054451,0.3560732113144758,2110.35,1724.4445373535157,0.15857559172649083,0.41784786175397226,-0.0016333197223356022,0.5715020371324034,2009500.0,1447650.0,1.3881117673470798,3452064740.0,277,False,jpx_liquidity,JPX流動性
304,8253,クレディセゾン,その他金融業,プライム,8253.T,2026-08-03,4493.0,-0.01274445176884198,-0.03168103448275861,-0.0215592334494773,0.04245939675174015,0.07317684190613516,4626.65,4384.916666666667,-0.02888699166783737,0.02464889108496915,-0.04970389170896783,0.25593606953637626,942200.0,737890.0,1.2768840884142623,3425698900.0,277,False,jpx_liquidity,JPX流動性
305,6999,ＫＯＡ,電気機器,プライム,6999.T,2026-08-03,2303.0,0.019477644975652852,-0.09686274509803916,-0.21291866028708128,0.13392417528311173,0.4765412067062489,2429.35,2552.016666666667,-0.05200979685924212,-0.09757642648624298,-0.24983713355048864,0.997174030818992,904100.0,1343180.0,0.6731041260292738,3397308370.0,277,False,jpx_liquidity,JPX流動性
306,4443,Ｓａｎｓａｎ,情報・通信業,プライム,4443.T,2026-08-03,1927.0,-0.03117144293614882,0.014210526315789451,0.12296037296037299,0.4632838752275319,0.5691636466581036,1823.9,1605.6714619954428,0.05652722188716486,0.20012097468882417,-0.060458313018039944,0.5132641802019221,1231900.0,1868675.0,0.6592371600198002,3377966970.0,277,False,jpx_liquidity,JPX流動性
307,9023,東京地下鉄,陸運業,プライム,9023.T,2026-08-03,1470.5,0.008919382504288142,0.00822763112787106,0.01764705882352935,-0.030652603823335567,-0.09940764117023204,1464.825,1439.6083333333333,0.0038741829228747804,0.02145838277772305,-0.14145260656228065,0.22118575496624968,3674300.0,2245850.0,1.6360398067546809,3349511672.5,277,False,jpx_liquidity,JPX流動性
308,3405,クラレ,化学,プライム,3405.T,2026-08-03,1801.0,-0.02119565217391306,-0.043547530536378165,0.04284887087434863,0.09383540844214999,0.026503277286976434,1783.675,1698.9027180989583,0.009713092351465447,0.06009601421751021,-0.04759386567953461,0.24893147482089706,2399800.0,1761265.0,1.362543399204549,3252578895.0,277,False,jpx_liquidity,JPX流動性
309,2282,日本ハム,食料品,プライム,2282.T,2026-08-03,6328.0,0.012480000000000047,-0.008927173061863747,0.03449403302272347,-0.03654080389768577,-0.04434757293409086,6284.1,6120.366666666667,0.006985885011377757,0.0339249827080077,-0.1461341249493996,0.2739319702481997,899200.0,495185.0,1.8158869917303635,3242667445.0,277,False,jpx_liquidity,JPX流動性
310,6448,ブラザー工業,電気機器,プライム,6448.T,2026-08-03,3999.0,-0.0029917726252804977,-0.020333170014698698,0.058216459380788566,0.24,0.24237469102574716,3870.5,3746.8,0.03319984498126849,0.06731077185865275,-0.020333170014698698,0.23528681174163946,736500.0,816055.0,0.9025126982862675,3221099955.0,277,False,jpx_liquidity,JPX流動性
311,5991,日本発條,金属製品,プライム,5991.T,2026-08-03,3532.0,-0.02160664819944602,-0.037077426390403456,-0.13748473748473744,0.22003454231433506,0.22194713227742047,3669.15,3694.425,-0.03737922952182393,-0.043964893048309306,-0.1675701154843271,0.5008687482244547,795600.0,892430.0,0.8914984928789933,3219000685.0,277,False,jpx_liquidity,JPX流動性
312,3349,コスモス薬品,小売業,プライム,3349.T,2026-08-03,6377.0,-0.0009399968666771175,-0.0012529365700861828,-0.006852515184550656,0.0232258815641202,-0.09750065492914772,6466.0,6188.537003580729,-0.01376430559851527,0.030453562176363302,-0.1486239393324048,0.48102978231806715,449300.0,497500.0,0.9031155778894472,3214458405.0,277,False,jpx_liquidity,JPX流動性
313,9435,光通信,情報・通信業,プライム,9435.T,2026-08-03,39050.0,-0.0033180193976518613,0.0072220789270054375,0.08442099416828652,0.03034300791556732,-0.09405184244107212,37908.5,36824.87981770833,0.030111980162760288,0.0604243705154377,-0.12320416393822786,0.25652332491819024,85100.0,84450.0,1.0076968620485494,3209497500.0,277,False,jpx_liquidity,JPX流動性
314,3994,マネーフォワード,情報・通信業,プライム,3994.T,2026-08-03,5228.0,-0.04161319890009163,-0.08280701754385966,0.1520493609519613,0.10388513513513509,0.5619958171496864,5217.95,4552.8,0.001926043752814799,0.14830434018625893,-0.121344537815126,0.6284864178470801,367500.0,614485.0,0.5980617915815684,3204489425.0,277,False,jpx_liquidity,JPX流動性
315,4091,日本酸素ホールディングス,化学,プライム,4091.T,2026-08-03,5656.0,-0.021622556651098468,-0.07080663709544932,-0.09864541832669327,0.0035486160397444344,0.07807982741025565,6000.95,5890.05,-0.05748256526050044,-0.03973650478349078,-0.1165260855982505,0.23276537599397568,618500.0,524340.0,1.1795781363237594,3193296165.0,277,False,jpx_liquidity,JPX流動性
316,7649,スギホールディングス,小売業,プライム,7649.T,2026-08-03,2790.0,-0.011514614703277193,-0.03091351163598477,-0.11400444585582725,-0.10605575136174306,-0.20540780818047866,2980.075,2980.8333333333335,-0.06378195179651514,-0.064020128599385,-0.2508131000978978,0.43244811085100576,941500.0,1044055.0,0.9017724162041272,3180137755.0,277,False,jpx_liquidity,JPX流動性
317,9508,九州電力,電気・ガス業,プライム,9508.T,2026-08-03,1837.5,0.03288364249578413,-0.0027137042062415073,0.07866157910184923,0.04910077076791319,0.08773969630609435,1771.275,1703.7416666666666,0.03738832197146125,0.07850857671106248,-0.07509717200121635,0.23324994641767927,2806200.0,1750795.0,1.602814721312318,3168485775.0,277,False,jpx_liquidity,JPX流動性
318,9506,東北電力,電気・ガス業,プライム,9506.T,2026-08-03,1190.5,0.008470986869970387,0.011040339702760082,0.11365762394761458,0.12790146849834194,0.0664902993607559,1134.9,1064.45,0.048991100537492116,0.11841796232796264,-0.08436721653652313,0.20276026710035527,4527600.0,2658865.0,1.7028318474236188,3135425822.5,277,True,jpx_liquidity,JPX流動性
319,5105,ＴＯＹＯ　ＴＩＲＥ,ゴム製品,プライム,5105.T,2026-08-03,4128.0,-0.03551401869158877,-0.007453714835296998,0.06639111340738824,0.06556530717604536,-0.043558850787766445,4049.9,3835.2407104492186,0.019284426775969754,0.07633400656004485,-0.14481044126786824,0.3017893514997403,601600.0,765545.0,0.7858453781293065,3088113725.0,277,False,jpx_liquidity,JPX流動性
320,6471,日本精工,機械,プライム,6471.T,2026-08-03,1129.5,-0.01953125,-0.013537117903930085,-0.04603040540540537,-0.1536155863619333,-0.052553586341662406,1136.6,1175.4666666666667,-0.006246700686257212,-0.03910503629764073,-0.1860772746233056,0.38852441341452615,4213600.0,2605935.0,1.6169244436258003,3074643845.0,277,True,jpx_liquidity,JPX流動性
321,7762,シチズン時計,精密機器,プライム,7762.T,2026-08-03,2257.0,0.058134083450539054,0.01392632524708004,-0.06153846153846154,0.136455186304129,0.6290815381154726,2218.5,2257.5833333333335,0.01735406806400719,-0.00025838839466985064,-0.1135113904163394,0.561439851898383,2331000.0,1319460.0,1.7666318039197855,3041100475.0,277,True,jpx_liquidity,JPX流動性
322,3861,王子ホールディングス,パルプ・紙,プライム,3861.T,2026-08-03,876.2999877929688,-0.0039781769135732725,-0.006913005952310924,0.07627115531183137,0.05680170633448789,-0.05573301892184279,851.3850006103515,814.4266662597656,0.02926406639153356,0.07597163022344877,-0.09425312199217017,0.17203829332629295,4591200.0,3523795.0,1.3029134782244711,3035132898.6410522,277,True,jpx_liquidity,JPX流動性
323,3186,ネクステージ,小売業,プライム,3186.T,2026-08-03,3335.0,-0.004477611940298498,-0.045779685264663805,-0.17755856966707773,-0.08630136986301373,-0.057909604519774005,3502.0,3675.75,-0.04768703597944035,-0.09270216962524658,-0.21251475796930341,0.4328408422403139,379500.0,840735.0,0.4513907473817553,2998101175.0,277,False,jpx_liquidity,JPX流動性
324,2501,サッポロホールディングス,食料品,プライム,2501.T,2026-08-03,1984.0,-0.013671389510315657,-0.035957240038872684,0.04503555438504092,0.12217194570135748,0.2182990482038687,2022.95,1822.6840922037761,-0.019254059665340217,0.08850458973457087,-0.08275543226999538,0.4398711558806263,1174500.0,1456850.0,0.8061914404365583,2987083212.5,277,False,jpx_liquidity,JPX流動性
325,6779,日本電波工業,電気機器,プライム,6779.T,2026-08-03,2556.0,-0.0038971161340607408,-0.07858687815428989,-0.3184,0.16819012797074961,1.4305397059986023,2908.3,3297.45,-0.1211360588660042,-0.22485557021334668,-0.47080745341614905,0.8798621462611987,859700.0,1049375.0,0.8192495533055391,2938162520.0,277,False,jpx_liquidity,JPX流動性
326,9684,スクウェア・エニックス・ホールディングス,情報・通信業,プライム,9684.T,2026-08-03,2729.0,-0.01284138180502803,0.030200075500188772,0.0885520542481053,0.10129136400322847,0.09176451100004623,2616.125,2552.741666666667,0.04314587414592186,0.06904667857107882,-0.06652984436463139,0.4401248098946054,1140900.0,1090925.0,1.0458097486078328,2933644907.5,277,False,jpx_liquidity,JPX流動性
327,3046,ジンズホールディングス,小売業,プライム,3046.T,2026-08-03,6540.0,0.02507836990595602,-0.019490254872563728,-0.20048899755501226,0.0,0.31727249204089847,6902.5,7652.833333333333,-0.052517203911626176,-0.14541455234444756,-0.2828947368421053,0.8453995493089814,337600.0,423525.0,0.7971194144383449,2909238450.0,277,False,jpx_liquidity,JPX流動性
328,5471,大同特殊鋼,鉄鋼,プライム,5471.T,2026-08-03,2221.0,-0.023521653110573748,-0.08657207485091512,-0.21519434628975265,0.18201170835550817,0.08135361289767351,2412.175,2318.825,-0.07925420004767492,-0.04218731469602055,-0.24915483434753216,0.4816784045125271,779600.0,1215295.0,0.6414903377369281,2895160060.0,277,False,jpx_liquidity,JPX流動性
329,4151,協和キリン,医薬品,プライム,4151.T,2026-08-03,2515.5,-0.01526717557251911,-0.05467869222096955,-0.055565984606720464,0.08147033533963888,0.07339449541284404,2645.525,2501.2634480794272,-0.0491490346906569,0.005691744278877975,-0.12807625649913346,0.22635197456318037,1240400.0,1078475.0,1.1501425624145205,2877894037.5,277,False,jpx_liquidity,JPX流動性
330,7717,ブイ・テクノロジー,精密機器,プライム,7717.T,2026-08-03,5530.0,0.012820512820512775,-0.09195402298850575,-0.3164400494437577,0.13087934560327197,0.7380887230278677,6415.25,6502.166666666667,-0.13799150461790266,-0.14951426447594396,-0.4104477611940298,0.8640063124063544,311800.0,460200.0,0.6775315080399826,2875782825.0,277,False,jpx_liquidity,JPX流動性
331,6951,日本電子,電気機器,プライム,6951.T,2026-08-03,8148.0,-0.009120758847136035,-0.020084185207456362,0.07465048799788976,0.23604368932038833,0.3034829500384122,7948.1,7276.733333333334,0.025150664938790257,0.1197332136214968,-0.05912240184757511,0.6024831779996852,239800.0,376740.0,0.6365132452088974,2875661185.0,277,False,jpx_liquidity,JPX流動性
332,7282,豊田合成,輸送用機器,プライム,7282.T,2026-08-03,5145.0,-0.07497303128371091,-0.00752314814814814,-0.016252390057361343,0.10431423052157118,0.09951303815377943,5111.65,4919.5,0.006524312110570918,0.04583799166581959,-0.07497303128371091,0.4182711803650413,892400.0,523495.0,1.704696319926647,2865536900.0,277,False,jpx_liquidity,JPX流動性
333,2432,ディー・エヌ・エー,情報・通信業,プライム,2432.T,2026-08-03,2513.0,0.016791422213230822,0.02508668162349581,-0.05668168168168164,-0.060736310969912166,0.01289274233044746,2490.05,2574.633333333333,0.00921668239593565,-0.02393868382552855,-0.08965767071182762,0.24792712975155773,1109000.0,1144085.0,0.9693335722433211,2820225225.0,277,False,jpx_liquidity,JPX流動性
334,4208,ＵＢＥ,化学,プライム,4208.T,2026-08-03,3149.0,-0.01068174677976752,-0.05321707757065541,-0.02898550724637683,0.318676716917923,0.14985037498965892,3214.25,3037.741666666667,-0.02030022555806177,0.03662534393697059,-0.05321707757065541,0.2456995246321664,1256100.0,844610.0,1.4871952735582104,2819396445.0,277,False,jpx_liquidity,JPX流動性
335,6465,ホシザキ,機械,プライム,6465.T,2026-08-03,5625.0,-0.01384992987377276,-0.014195583596214534,-0.004072237960339953,0.06012061816811154,0.09478396263137401,5553.85,5310.409529622396,0.012810932956417664,0.05924034081039564,-0.03747433264887068,0.29566379089679223,433300.0,509600.0,0.8502747252747253,2795710985.0,277,False,jpx_liquidity,JPX流動性
336,1721,コムシスホールディングス,建設業,プライム,1721.T,2026-08-03,5200.0,-0.01253323205469048,-0.027492051617729607,-0.04604659695468716,-0.1074493649158943,0.06656325788925921,5283.2,5383.3,-0.015748031496062964,-0.03404974643805847,-0.11909198712519053,0.2234165996013154,603800.0,524155.0,1.1519493279659643,2794272495.0,277,False,jpx_liquidity,JPX流動性
337,4971,メック,化学,プライム,4971.T,2026-08-03,8350.0,-0.0199530516431925,-0.0035799522673031214,-0.19401544401544402,-0.19401544401544402,0.44714038128249567,8597.5,9945.887483723958,-0.0287874382087816,-0.16045702169218823,-0.2800728953136875,0.8636870073676792,367500.0,326865.0,1.12431737873434,2792947800.0,277,False,jpx_liquidity,JPX流動性
338,7826,フルヤ金属,その他製品,プライム,7826.T,2026-08-03,6530.0,-0.019519519519519468,-0.029717682020802383,-0.1508452535760728,-0.23176470588235298,0.527485380116959,6811.5,8251.669807942708,-0.04132716729061148,-0.20864501949478165,-0.3919925512104283,0.7810903598691763,423100.0,417195.0,1.0141540526612256,2790851400.0,277,False,jpx_liquidity,JPX流動性
339,7721,東京計器,精密機器,プライム,7721.T,2026-08-03,6820.0,-0.008720930232558155,-0.028490028490028463,0.04761904761904767,-0.13121019108280252,-0.06166187779681975,6622.5,6288.5,0.029822574556436443,0.08451936073785471,-0.2552386560792811,0.7644752422803874,224400.0,420285.0,0.5339234091152433,2779579550.0,277,False,jpx_liquidity,JPX流動性
340,5301,東海カーボン,ガラス・土石製品,プライム,5301.T,2026-08-03,1537.5,0.0,-0.05384615384615388,-0.12567529144156953,0.29201680672268915,0.38326585695006754,1627.2,1672.5539835611978,-0.055125368731563484,-0.08074715966634527,-0.19057646749144508,0.22366194764324693,1803700.0,1688680.0,1.0681123717933534,2769033167.5,277,False,jpx_liquidity,JPX流動性
341,6264,マルマエ,機械,プライム,6264.T,2026-08-03,1995.0,-0.011887072808320909,-0.002001000500250094,-0.32646860229574615,-0.2222222222222222,0.35315012130133594,2061.85,2314.9166666666665,-0.03242233916143267,-0.13819791929155112,-0.35748792270531404,0.9359292910725915,638000.0,1324570.0,0.4816657481295817,2756041440.0,277,False,jpx_liquidity,JPX流動性
342,7173,東京きらぼしフィナンシャルグループ,銀行業,プライム,7173.T,2026-08-03,1694.0,-0.005284791544333478,-0.06563706563706562,-0.05784204671857618,-0.8525674499564839,-0.8365041635614363,1738.4,5842.491666666667,-0.025540727105384353,-0.7100552133150952,-0.8628340080971659,0.40829449342814067,1299100.0,1606860.0,0.8084711798165366,2747803915.0,277,False,jpx_liquidity,JPX流動性
343,2670,エービーシー・マート,小売業,プライム,2670.T,2026-08-03,2710.5,-0.004590525156077829,-0.0012896094325718366,-0.03196428571428567,0.006498329001114023,0.08411985559270674,2721.525,2704.4083333333333,-0.004051037561661253,0.0022524951545161986,-0.08149779735682816,0.4928128038936452,532600.0,1026445.0,0.5188782643005714,2738089480.0,277,False,jpx_liquidity,JPX流動性
344,4368,扶桑化学工業,化学,プライム,4368.T,2026-08-03,3740.0,-0.001335113484646211,-0.03483870967741931,-0.1362586605080831,0.15076923076923077,0.46783083550104276,3907.25,4131.333333333333,-0.04280504190927126,-0.0947232531870259,-0.2359550561797753,0.722756593620311,648900.0,694325.0,0.9345767472005185,2721060450.0,277,False,jpx_liquidity,JPX流動性
345,8252,丸井グループ,小売業,プライム,8252.T,2026-08-03,2887.0,-0.02712721145745578,-0.03493230820658533,-0.015347885402455685,-0.032182366744887725,-0.030849011249219127,2975.3,2864.7,-0.029677679561724957,0.007784410234928707,-0.07954855569986807,0.22862755723267347,1199200.0,906065.0,1.3235253541412593,2713258947.5,277,False,jpx_liquidity,JPX流動性
346,6473,ジェイテクト,機械,プライム,6473.T,2026-08-03,2119.5,-0.04354693140794219,0.0068883610451306865,-0.005396527451900557,0.10132501948558059,0.16237180847976496,2094.35,2054.6583333333333,0.012008499056986643,0.03155836939637169,-0.04354693140794219,0.39572792833353776,2066500.0,1237655.0,1.6696898570280085,2696360822.5,277,False,jpx_liquidity,JPX流動性
347,9007,小田急電鉄,陸運業,プライム,9007.T,2026-08-03,1727.0,-0.02180685358255452,-0.031136044880785363,0.029508196721311553,0.09131121642969986,0.06555454488418988,1741.175,1682.575,-0.008141054173187667,0.026402983522279877,-0.0690026954177898,0.2389137123325786,2041300.0,1496760.0,1.3638125016702745,2686419442.5,277,False,jpx_liquidity,JPX流動性
348,1893,五洋建設,建設業,プライム,1893.T,2026-08-03,1494.5,-0.008952254641909851,-0.056204610041048264,-0.12423088192206266,-0.18333333333333335,-0.11321024358037846,1586.2,1701.325,-0.05781112091791707,-0.12156701394501346,-0.315506031379409,0.40146915348706586,1795100.0,1691790.0,1.0610654986730033,2677510337.5,277,False,jpx_liquidity,JPX流動性
349,4733,オービックビジネスコンサルタント,情報・通信業,プライム,4733.T,2026-08-03,7873.0,-0.01624390853429969,-0.014273193940152695,0.22024178549287043,0.2671817157572831,0.3630557450343568,7113.3,6389.483333333334,0.1067999381440401,0.2321810057672895,-0.06563019226204603,0.4448075420692843,213900.0,367730.0,0.5816767737198488,2673003915.0,277,False,jpx_liquidity,JPX流動性
350,4902,コニカミノルタ,電気機器,プライム,4902.T,2026-08-03,595.5,0.007955335653592188,-0.12734469710589258,0.03799893207096838,0.11475100410370587,-0.12914506786952284,621.5299987792969,595.5533335367838,-0.04188051876887766,-8.955291454271208e-05,-0.1379559778184738,0.6200756620338942,6923300.0,4066615.0,1.7024724494450545,2649395535.852661,277,True,jpx_liquidity,JPX流動性
351,9064,ヤマトホールディングス,陸運業,プライム,9064.T,2026-08-03,2041.0,-0.013771442377385812,-0.012817412333736344,0.04908763813929573,0.13388888888888895,0.10166879721291489,2020.725,1867.6583333333333,0.010033527570550316,0.09281230060815915,-0.06376146788990822,0.24010141428636447,1782000.0,1308165.0,1.3622134822442122,2648342670.0,277,False,jpx_liquidity,JPX流動性
352,6703,沖電気工業,電気機器,プライム,6703.T,2026-08-03,2797.0,0.017090909090909046,-0.1773529411764706,-0.1833576642335767,-0.18096632503660326,0.37418529093708575,3248.95,3276.55,-0.13910648055525632,-0.1463582121438709,-0.27444876783398187,0.619415098241532,1340500.0,793910.0,1.6884785429078863,2634100690.0,277,False,jpx_liquidity,JPX流動性
353,4613,関西ペイント,化学,プライム,4613.T,2026-08-03,2838.0,0.0021186440677967155,0.03614457831325302,0.029566479230908715,0.2107508532423208,0.13684042520731077,2735.975,2556.766666666667,0.03729017991757977,0.10999569769109407,-0.009078212290502763,0.2073858605289535,922200.0,966435.0,0.9542286858402272,2613224400.0,277,False,jpx_liquidity,JPX流動性
354,4205,日本ゼオン,化学,プライム,4205.T,2026-08-03,2244.0,-0.007518796992481258,-0.005759858218874592,-0.0273081924577373,0.14577482767424055,0.18070884479822258,2267.65,2239.016666666667,-0.010429299054086849,0.0022256794277248915,-0.07444833986388943,0.3150102787789645,1255400.0,1118090.0,1.1228076451806206,2611341047.5,277,False,jpx_liquidity,JPX流動性
355,6460,セガサミーホールディングス,機械,プライム,6460.T,2026-08-03,2730.0,-0.006730944151355334,0.024774774774774855,0.17092000857816858,0.18695652173913047,0.16828428618727376,2551.275,2352.475,0.07005320868977272,0.16047992008416667,-0.06554851959609787,0.41852589286690084,1134400.0,983610.0,1.1533026301074614,2607806865.0,277,False,jpx_liquidity,JPX流動性
356,9513,電源開発,電気・ガス業,プライム,9513.T,2026-08-03,3819.0,0.004999999999999893,-0.0077942322681215925,0.04372779447936592,0.007651715039577844,0.1819371662475422,3726.05,3877.3333333333335,0.024945988379114548,-0.015044704264099096,-0.14179775280898876,0.15527008495082456,1133400.0,673640.0,1.682501039130693,2601488245.0,277,False,jpx_liquidity,JPX流動性
357,6432,竹内製作所,機械,プライム,6432.T,2026-08-03,7280.0,-0.02281879194630876,-0.06306306306306309,-0.01621621621621616,-0.002739726027397249,0.088046560508936,7348.0,7235.166666666667,-0.00925421883505717,0.006196586118725644,-0.06546854942233638,0.35787905537507253,269700.0,354045.0,0.7617675719188238,2598313300.0,277,False,jpx_liquidity,JPX流動性
358,7951,ヤマハ,その他製品,プライム,7951.T,2026-08-03,1230.5,-0.010454362685967,-0.01991238550378338,0.05758487322733141,0.10210479175996423,0.05528848896890359,1216.675,1153.7083333333333,0.011362935870302238,0.066560728086966,-0.045013581684128834,0.25871367309698673,2738400.0,2056280.0,1.3317252514249032,2586493952.5,277,False,jpx_liquidity,JPX流動性
359,9142,九州旅客鉄道,陸運業,プライム,9142.T,2026-08-03,3460.0,-0.03781979977753058,-0.07188841201716734,-0.018718094157685772,-0.042612064194798016,-0.12112505141751095,3632.6,3554.35,-0.04751417717337447,-0.026544937893004272,-0.15189206961013213,0.26040242417539805,1447600.0,659470.0,2.1950960619891733,2569946300.0,277,False,jpx_liquidity,JPX流動性
360,4527,ロート製薬,医薬品,プライム,4527.T,2026-08-03,2369.5,-0.007954783336822313,-0.001053962900505856,-0.014965703595925972,0.0012676949080920874,-0.054750604107218104,2433.975,2408.133333333333,-0.026489590073850322,-0.01604285476994627,-0.08631300368017669,0.3699696747845497,1316300.0,1019260.0,1.2914271137884348,2554671622.5,277,False,jpx_liquidity,JPX流動性
361,1808,長谷工コーポレーション,建設業,プライム,1808.T,2026-08-03,2704.5,-0.02715827338129495,-0.051385478779375604,-0.04265486725663714,-0.019398114575779557,-0.1550035019929551,2811.875,2753.975,-0.03818626361413646,-0.017964941584436955,-0.21347907907680475,0.2356144219307615,1077200.0,891695.0,1.2080363801524063,2554409727.5,277,False,jpx_liquidity,JPX流動性
362,8050,セイコーグループ,精密機器,プライム,8050.T,2026-08-03,8520.0,0.07304785894206556,0.097938144329897,0.05707196029776673,0.4295302013422819,1.1570502847661515,7554.5,7238.5,0.12780461976305513,0.17703944187331633,0.0,0.7224163821478143,651400.0,313870.0,2.0753815273839487,2551042100.0,277,True,jpx_liquidity,JPX流動性
363,6966,三井ハイテック,電気機器,プライム,6966.T,2026-08-03,903.0,0.0,-0.011533483018869473,-0.1753424657534246,0.29000000000000004,0.1976127320954908,930.4820770263672,911.177359008789,-0.0295353104642212,-0.008974497585941599,-0.3159090909090909,0.5575293938874448,2355000.0,2874290.0,0.8193327743547102,2547897685.0,277,False,jpx_liquidity,JPX流動性
364,4061,デンカ,化学,プライム,4061.T,2026-08-03,3433.0,0.0008746355685131935,-0.05244272702180508,-0.18514122952765255,-0.21405677655677657,0.10838391840177186,3731.25,4011.8166666666666,-0.07993299832495815,-0.1442779455691312,-0.24266490183101697,0.5059947276863667,880800.0,679315.0,1.2966002517241633,2526666625.0,277,False,jpx_liquidity,JPX流動性
365,9861,吉野家ホールディングス,小売業,プライム,9861.T,2026-08-03,3816.0,-0.007025761124121788,0.029403830590774227,0.19324577861163217,0.18915550015581184,0.25512607201361903,3607.7,3290.0833333333335,0.05773761676414346,0.1598490413110103,-0.055445544554455495,0.36081161509281856,703700.0,690210.0,1.019544776227525,2508727640.0,277,False,jpx_liquidity,JPX流動性
366,6941,山一電機,電気機器,プライム,6941.T,2026-08-03,8640.0,0.006993006993007089,-0.06493506493506496,-0.08280254777070062,-0.1985157699443414,0.3017425086825283,8779.5,9289.166666666666,-0.01588928754484875,-0.06988427379564,-0.23131672597864772,0.891447731087197,399600.0,282825.0,1.4128878281622912,2505907800.0,277,False,jpx_liquidity,JPX流動性
367,9956,バローホールディングス,小売業,プライム,9956.T,2026-08-03,3220.0,-0.013782542113323082,-0.004636785162287493,-0.05710102489019031,-0.09423347398030946,-0.0935222378504803,3303.5,3480.25,-0.025276222188587827,-0.07477911069607068,-0.18170266836086402,0.3832965574794622,223900.0,768090.0,0.29150229790779725,2487504400.0,277,False,jpx_liquidity,JPX流動性
368,8227,しまむら,小売業,プライム,8227.T,2026-08-03,3394.0,0.013134328358209046,0.007420599584446519,0.011926058437686349,0.06696007544797244,-0.671180941328495,3390.9,3302.116666666667,0.0009142115662508221,0.02782558661868384,-0.6907676400142753,0.31581791944650633,979700.0,723000.0,1.355048409405256,2479549805.0,277,False,jpx_liquidity,JPX流動性
369,8334,群馬銀行,銀行業,プライム,8334.T,2026-08-03,2527.5,-0.004333267677762431,-0.049275907466616475,0.0448532451426209,0.16797597042513868,0.25906026180437425,2536.7,2371.0666666666666,-0.0036267591753064155,0.06597593206995445,-0.049275907466616475,0.3693207539086256,1479800.0,945990.0,1.5642871489127792,2472572667.5,277,False,jpx_liquidity,JPX流動性
370,1969,高砂熱学工業,建設業,プライム,1969.T,2026-08-03,4192.0,-0.016885553470919357,-0.07215582115980523,-0.18601941747572814,-0.09538195943029781,-0.08626398228386534,4580.35,4651.35,-0.08478609713231533,-0.0987562750599289,-0.2505853754258942,0.350728817951802,571100.0,534565.0,1.0683452900956854,2458694260.0,277,False,jpx_liquidity,JPX流動性
371,1662,石油資源開発,鉱業,プライム,1662.T,2026-08-03,1710.0,-0.032258064516129004,-0.019495412844036664,0.060136391816491,-0.20649651972157768,-0.13463607329949334,1714.1,1748.55,-0.0023919257919607917,-0.02204683880929914,-0.3652561247216035,0.30862317840198517,1404600.0,1401665.0,1.002093938280545,2438668160.0,277,False,jpx_liquidity,JPX流動性
372,7276,小糸製作所,電気機器,プライム,7276.T,2026-08-03,2654.5,-0.015575746337845309,0.05316405475104147,0.02253466872110943,0.007782839787395579,0.02959918494407865,2560.525,2678.641666666667,0.036701457708868235,-0.009012652557110812,-0.08764392507303664,0.3142204645073832,1385100.0,900300.0,1.538487170943019,2434815152.5,277,False,jpx_liquidity,JPX流動性
373,9009,京成電鉄,陸運業,プライム,9009.T,2026-08-03,1265.5,-0.010941774130519777,-0.018992248062015493,0.06613310867733779,0.13092046470062546,0.07119644560759353,1263.625,1146.925,0.0014838262934018243,0.10338513852257125,-0.06309581261511377,0.3007117327880902,2749600.0,1891520.0,1.4536457452207747,2424910670.0,277,False,jpx_liquidity,JPX流動性
374,4536,参天製薬,医薬品,プライム,4536.T,2026-08-03,1869.0,-0.0079617834394905,-0.05223123732251522,-0.15410726408689746,0.15548686244204024,0.07425957023858176,2051.85,1973.3833333333334,-0.0891147013670589,-0.052895619198837895,-0.1641323792486583,0.24000998582641972,1050400.0,1189750.0,0.8828745534776213,2419229697.5,277,False,jpx_liquidity,JPX流動性
375,5233,太平洋セメント,ガラス・土石製品,プライム,5233.T,2026-08-03,3959.0,-0.028227785959744733,-0.05917300380228141,-0.03155577299412915,0.09425096738529581,-0.08508609330708361,4062.5,4124.283333333334,-0.025476923076923064,-0.040075649506783106,-0.16741504545312647,0.30275292129233533,559600.0,586035.0,0.9548917726756935,2412053825.0,277,False,jpx_liquidity,JPX流動性
376,4022,ラサ工業,化学,プライム,4022.T,2026-08-03,1893.0,0.0366922234392113,-0.005777310924369727,-0.0912145943350936,-0.17695652173913046,0.26529101286312806,1852.7,2042.9166666666667,0.021752037566794336,-0.07338364266775443,-0.286468149264983,0.8587866100738752,1386400.0,1302670.0,1.0642756799496418,2407694470.0,277,True,jpx_liquidity,JPX流動性
377,6103,オークマ,機械,プライム,6103.T,2026-08-03,4890.0,-0.011122345803842304,-0.02589641434262946,-0.011122345803842304,-0.0239520958083832,0.2195216102470443,4900.75,4554.0,-0.0021935418048257826,0.07378129117259546,-0.04117647058823526,0.3979208446448175,629100.0,485060.0,1.2969529542736982,2405928150.0,277,False,jpx_liquidity,JPX流動性
378,6961,エンプラス,電気機器,プライム,6961.T,2026-08-03,11220.0,-0.01405975395430581,-0.13891020721412128,-0.15639097744360897,-0.18400000000000005,-0.06940110872133531,12167.0,12789.5,-0.07783348401413659,-0.12271785449001138,-0.3621375781694144,0.8049146491283443,323900.0,195100.0,1.6601742696053305,2402717200.0,277,False,jpx_liquidity,JPX流動性
379,5929,三和ホールディングス,金属製品,プライム,5929.T,2026-08-03,3530.0,0.025566531086577582,-0.09463965119261353,-0.07300420168067223,-0.03101839143563001,-0.0032806738454859152,3761.2,3635.766666666667,-0.06146974369881952,-0.02909060904165106,-0.130100795796822,0.5060650710521707,1057900.0,618460.0,1.7105390809429875,2398241790.0,277,False,jpx_liquidity,JPX流動性
380,5021,コスモエネルギーホールディングス,石油・石炭製品,プライム,5021.T,2026-08-03,3836.0,-0.03714859437751006,-0.035211267605633756,-0.013628182051941384,-0.029106555302455095,-0.1790169515188984,3909.3,3783.733333333333,-0.01875015987516948,0.013813517513566964,-0.20793416039818002,0.2435484744399879,608500.0,595345.0,1.022096431480906,2376348705.0,277,False,jpx_liquidity,JPX流動性
381,3635,コーエーテクモホールディングス,情報・通信業,プライム,3635.T,2026-08-03,1575.0,-0.02143522833178002,-0.013157894736842146,0.006711409395973256,0.02472348731294738,0.05626175486612772,1576.25,1526.05,-0.0007930214115781098,0.032076275351397454,-0.1334741545288306,0.4476939719154087,1519400.0,1454725.0,1.0444585746446924,2367088797.5,277,False,jpx_liquidity,JPX流動性
382,6136,オーエスジー,機械,プライム,6136.T,2026-08-03,3619.0,-0.01550598476605003,-0.09683054654354883,-0.11753230919287982,0.06773894180250895,0.38329902013756256,3812.7,3597.6797119140624,-0.050803892254832506,0.005926121776580917,-0.11753230919287982,0.5174976350907039,460000.0,661160.0,0.6957468691390889,2365351905.0,277,False,jpx_liquidity,JPX流動性
383,2264,森永乳業,食料品,プライム,2264.T,2026-08-03,1177.5,-0.01133501259445846,-0.0721040189125296,-0.0945790080738178,-0.75,-0.7074337181814818,1245.9,2789.920833333333,-0.05490007223693727,-0.5779450133740354,-0.7772417707150965,0.31076027981529447,1562700.0,1909000.0,0.8185961236249345,2345390702.5,277,False,jpx_liquidity,JPX流動性
384,4631,ＤＩＣ,化学,プライム,4631.T,2026-08-03,4370.0,-0.01220614828209765,-0.03680846374256119,-0.08787309538718435,0.19627703257596485,0.13802083333333326,4547.35,4669.988419596354,-0.03900073669279913,-0.06423750824253294,-0.15861983252983292,0.2798600559183915,464100.0,509580.0,0.9107500294360061,2340623005.0,277,False,jpx_liquidity,JPX流動性
385,8358,スルガ銀行,銀行業,プライム,8358.T,2026-08-03,2629.0,0.009213051823416585,-0.046773023930384294,0.03503937007874014,0.1858367162832657,0.33045835423426007,2650.85,2451.1666666666665,-0.008242639153479003,0.07255048616305171,-0.047808764940239,0.3827206703418128,1115700.0,863375.0,1.292254234834226,2338402080.0,277,False,jpx_liquidity,JPX流動性
386,3769,ＧＭＯペイメントゲートウェイ,情報・通信業,プライム,3769.T,2026-08-03,9639.0,-0.024491448233984414,-0.020227688554584233,-0.008333333333333304,0.24679860302677525,0.11588330632090771,9798.6,8872.333333333334,-0.01628804114873561,0.08641094037645103,-0.06098392596200686,0.35140486622676814,240400.0,240365.0,1.0001456118819296,2337986860.0,277,False,jpx_liquidity,JPX流動性
387,6508,明電舎,電気機器,プライム,6508.T,2026-08-03,10440.0,0.08523908523908519,0.1535911602209945,0.06748466257668717,0.11657754010695198,0.6180088727019122,8974.0,9656.333333333334,0.16336082014709152,0.08115571818150435,-0.05945945945945941,0.7862067269748679,839900.0,218160.0,3.8499266593326,2331644400.0,277,True,jpx_liquidity,JPX流動性
388,7867,タカラトミー,その他製品,プライム,7867.T,2026-08-03,3656.0,0.007995588640749896,0.03306018649335973,0.12181650813132872,0.39011406844106467,0.37168927721064904,3476.25,3144.1916666666666,0.05170801869830988,0.1627789866499869,-0.01931330472102999,0.3530038764365187,590900.0,644860.0,0.9163229228049499,2322488745.0,277,False,jpx_liquidity,JPX流動性
389,8698,マネックスグループ,証券、商品先物取引業,プライム,8698.T,2026-08-03,700.0,-0.007092198581560294,-0.05787348586810226,0.01449275362318847,0.021897810218978186,0.0022543907399132923,725.5,672.2666666666667,-0.035148173673328786,0.04125347084490283,-0.08854166666666663,0.361422436015691,2629700.0,3362050.0,0.7821715917371842,2318840160.0,277,False,jpx_liquidity,JPX流動性
390,6923,スタンレー電気,電気機器,プライム,6923.T,2026-08-03,3428.0,-0.01804640504153543,-0.03761931499157778,-0.04857063558145991,0.10189649630343944,0.14493081207139769,3524.35,3544.983333333333,-0.02733837445202658,-0.032999685000869694,-0.09479799313440718,0.252510791481246,742400.0,642580.0,1.1553425254443026,2315698195.0,277,False,jpx_liquidity,JPX流動性
391,6055,ジャパンマテリアル,サービス業,プライム,6055.T,2026-08-03,2278.0,0.00485222761358628,-0.009565217391304337,-0.08879999999999999,0.16641065028161806,0.3635160103043813,2370.4,2298.7833333333333,-0.0389807627404658,-0.009041014449672646,-0.16188373804267842,0.8166392134504276,830100.0,968585.0,0.857023389790261,2299743535.0,277,False,jpx_liquidity,JPX流動性
392,4732,ユー・エス・エス,サービス業,プライム,4732.T,2026-08-03,1981.5,-0.017843866171003753,-0.009745127436281864,0.028282304099636724,0.1707533234859675,0.183289486057441,1992.5,1883.2416666666666,-0.005520702634880803,0.052175105867984684,-0.039970930232558155,0.19817338967877887,1235800.0,1153320.0,1.0715152776332675,2299557125.0,277,False,jpx_liquidity,JPX流動性
393,7966,リンテック,その他製品,プライム,7966.T,2026-08-03,6190.0,-0.001612903225806428,-0.05640243902439024,-0.15321477428180574,0.18809980806142024,0.2820837744868654,6491.0,6141.333333333333,-0.046371899553227514,0.007924446374294458,-0.15321477428180574,0.4980750659225184,321900.0,354810.0,0.9072461317324766,2285155650.0,277,False,jpx_liquidity,JPX流動性
394,3445,ＲＳ　Ｔｅｃｈｎｏｌｏｇｉｅｓ,金属製品,プライム,3445.T,2026-08-03,6380.0,0.011093502377178988,-0.10140845070422533,-0.24497041420118348,-0.09246088193456614,0.6701570680628273,6992.0,7020.0,-0.0875286041189931,-0.09116809116809121,-0.24497041420118348,1.0837672047604372,379500.0,326410.0,1.1626482031800496,2284491100.0,277,False,jpx_liquidity,JPX流動性
395,2767,円谷フィールズホールディングス,卸売業,プライム,2767.T,2026-08-03,2479.0,0.02863070539419077,0.6202614379084967,0.7989840348330914,0.7396491228070174,0.4706934821699498,1672.4,1483.5166666666667,0.4823008849557522,0.671029423329701,0.0,1.118306189315287,2108100.0,976545.0,2.158733084496874,2262935945.0,277,False,jpx_liquidity,JPX流動性
396,6952,カシオ計算機,電気機器,プライム,6952.T,2026-08-03,2164.5,0.2266931141966564,0.21943661971830997,0.16027874564459932,0.30904142727547623,0.3953159187546993,1822.125,1798.9833333333333,0.18789874459765388,0.20317957364807904,0.0,0.8262918917167964,4748100.0,1007150.0,4.714392096509954,2249155562.5,277,True,jpx_liquidity,JPX流動性
397,6845,アズビル,電気機器,プライム,6845.T,2026-08-03,1659.0,-0.003902731912338586,-0.011028315946348788,-0.04048582995951422,0.16095171448565426,0.22294930437674654,1664.825,1627.7916666666667,-0.0034988662472031917,0.01917219136355497,-0.04764638346727901,0.20537855098776187,1184500.0,1335825.0,0.8867179458387139,2235764645.0,277,False,jpx_liquidity,JPX流動性
398,8524,北洋銀行,銀行業,プライム,8524.T,2026-08-03,1141.0,-0.01382886776145198,-0.0965954077593032,0.0,0.163098878695209,0.22845878238421813,1181.95,1074.2548299153646,-0.034646135623334406,0.062131598784521236,-0.0965954077593032,0.5073093056594062,1792000.0,1872430.0,0.957045123182175,2227840700.0,277,False,jpx_liquidity,JPX流動性
399,2809,キユーピー,食料品,プライム,2809.T,2026-08-03,4598.0,0.00988359323522947,0.016581914658412522,0.04121376811594213,0.15999446654036942,0.04021955210275219,4557.3,4273.556123860677,0.008930726526671373,0.0759189458932914,-0.050980392156862786,0.3222235593067558,415700.0,483640.0,0.8595236126044165,2226024655.0,277,False,jpx_liquidity,JPX流動性
400,5393,ニチアス,ガラス・土石製品,プライム,5393.T,2026-08-03,3391.0,0.009526644834772169,-0.026972740315638455,-0.1421705034151277,0.06668763762189367,0.2590597999052364,3460.1,3590.2,-0.019970521083205628,-0.055484374129574854,-0.1653950283042087,0.46030378935959,683200.0,628445.0,1.0871277518319025,2219962255.0,277,False,jpx_liquidity,JPX流動性
401,1959,クラフティア,建設業,プライム,1959.T,2026-08-03,8137.0,-0.04169120244965252,-0.10602065480114264,-0.11284343654600959,-0.14661772417409547,-0.053761027953399654,8794.85,9036.15,-0.07479945650011088,-0.09950587362980912,-0.21936404915325658,0.44558582558709836,430300.0,239455.0,1.7969973481447454,2219149260.0,277,False,jpx_liquidity,JPX流動性
402,4088,エア・ウォーター,化学,プライム,4088.T,2026-08-03,2534.0,0.006754072308303494,-0.04377358490566041,-0.08750450126035292,0.3071962857879804,0.0741502925611266,2590.1,2536.0,-0.02165939539013939,-0.0007886435331230235,-0.11398601398601393,0.2169032395058338,2085100.0,825090.0,2.5271182537662558,2215828560.0,277,False,jpx_liquidity,JPX流動性
403,4676,フジ・メディア・ホールディングス,情報・通信業,プライム,4676.T,2026-08-03,3919.0,-0.015573976387842303,-0.059289486317810836,-0.012846347607052944,-0.0022912423625254252,0.04592076719941285,4105.6,3972.8,-0.04545011691348411,-0.013542086186065339,-0.10647514819881443,0.29346909700403995,741700.0,520535.0,1.4248801713621562,2212228565.0,277,False,jpx_liquidity,JPX流動性
404,9143,ＳＧホールディングス,陸運業,プライム,9143.T,2026-08-03,1547.5,-0.021498577300031574,-0.03822249844623993,-0.019328263624841524,0.048797017960013456,0.057347792818843946,1599.225,1512.6166666666666,-0.03234379152401934,0.02306158202673081,-0.06777108433734935,0.22202176282020686,1134300.0,1366025.0,0.8303654764737102,2192177940.0,277,False,jpx_liquidity,JPX流動性
405,9449,ＧＭＯインターネットグループ,情報・通信業,プライム,9449.T,2026-08-03,4151.0,-0.024212505876821777,0.007524271844660202,0.15018010529232484,0.30411561420043975,0.14448857857009334,3996.45,3506.9166666666665,0.03867182124135171,0.1836608606800847,-0.025129168623767018,0.32537919894437817,550100.0,533215.0,1.0316664009827181,2184558770.0,277,False,jpx_liquidity,JPX流動性
406,9509,北海道電力,電気・ガス業,プライム,9509.T,2026-08-03,1038.5,0.012183235867446296,0.006298449612403001,0.0706185567010309,0.04026846909605308,0.007365495313367276,1003.5549987792969,958.3333323160807,0.034821211855064815,0.08365217506331968,-0.15521694294377486,0.2368540032334209,3145300.0,2212715.0,1.4214663885769292,2175922503.083191,277,False,jpx_liquidity,JPX流動性
407,2212,山崎製パン,食料品,プライム,2212.T,2026-08-03,3307.0,-0.015480797856504913,-0.02419592800236059,0.025744416873449083,0.02861586314152409,-0.016066646831300213,3359.25,3207.9333333333334,-0.015554067128079163,0.03088177227290667,-0.10038084874863984,0.3961433591377421,1158500.0,593130.0,1.953197444067911,2137755235.0,277,False,jpx_liquidity,JPX流動性
408,6507,シンフォニアテクノロジー,電気機器,プライム,6507.T,2026-08-03,13450.0,0.00900225056264059,-0.028179190751445038,-0.1427660930528999,-0.0954942837928715,0.2012409078139532,14064.0,14532.833333333334,-0.04365756541524457,-0.07450944413225224,-0.19170673076923073,0.7292247740604373,144300.0,150000.0,0.962,2108896750.0,277,False,jpx_liquidity,JPX流動性
409,3288,オープンハウスグループ,不動産業,プライム,3288.T,2026-08-03,8390.0,-0.01398519214948879,-0.0314015238974833,-0.018598666510702966,-0.07578761841815373,-0.0772974529386109,8587.5,8576.783333333333,-0.022998544395924303,-0.02177778382338358,-0.27865006161989714,0.21023179200662975,293200.0,247250.0,1.1858442871587462,2096448650.0,277,False,jpx_liquidity,JPX流動性
410,4202,ダイセル,化学,プライム,4202.T,2026-08-03,1438.0,-0.008617718028266164,-0.03425117528542643,0.014104372355430161,0.17724109701187074,-0.036395172264636066,1447.3,1341.7,-0.006425758308574503,0.07177461429529708,-0.10953243804025259,0.20683062638851385,2107100.0,1384830.0,1.521558602861001,2093834882.5,277,False,jpx_liquidity,JPX流動性
411,8410,セブン銀行,銀行業,プライム,8410.T,2026-08-03,318.6000061035156,0.0,-0.004686035524519516,0.10318566333150092,0.1739130923674006,0.07272332516657198,307.5300003051758,287.28833262125653,0.03599650696632706,0.10899041111961383,-0.04467764286801912,0.26449265553768914,14008000.0,6237005.0,2.2459497787800395,2083709511.6627502,277,True,jpx_liquidity,JPX流動性
412,6753,シャープ,電気機器,プライム,6753.T,2026-08-03,623.0999755859375,0.007600179473356672,0.02365691324154029,-0.02503520671445958,0.10419987429548083,-0.1265770195372382,629.3899963378906,622.9333302815755,-0.009993836553729207,0.0002675170780903624,-0.19256192078590695,0.30299961169583267,3816500.0,3213090.0,1.1877974161943798,2049871262.9211426,277,False,jpx_liquidity,JPX流動性
413,3105,日清紡ホールディングス,電気機器,プライム,3105.T,2026-08-03,2177.0,-0.0011470520761642788,-0.028558679161088785,-0.12217741935483872,0.03518782691393252,0.2997014925373134,2245.25,2289.1417887369794,-0.030397505845674244,-0.04898857261211986,-0.12376735761722679,0.49613455191362904,742600.0,912255.0,0.8140267797929307,2032305937.5,277,False,jpx_liquidity,JPX流動性
414,4626,太陽ホールディングス,化学,プライム,4626.T,2026-08-03,4760.0,0.007407407407407307,0.0023162771109708213,-0.04609218436873752,-0.02857142857142858,-0.10844727477055627,4804.35,4945.866666666667,-0.00923121754243561,-0.03758020164986253,-0.21916010498687666,0.12100332022033758,680800.0,395485.0,1.7214306484443151,2008895075.0,277,False,jpx_liquidity,JPX流動性
415,5444,大和工業,鉄鋼,プライム,5444.T,2026-08-03,13235.0,-0.019629629629629664,-0.011944755505785776,0.060496794871794934,0.09742951907131014,0.09676956245638557,12948.0,12219.75,0.022165585418597367,0.08308271445815185,-0.03710440160058204,0.21392359850419224,200100.0,147470.0,1.3568861463348478,2000382075.0,277,False,jpx_liquidity,JPX流動性
416,8341,七十七銀行,銀行業,プライム,8341.T,2026-08-03,3477.0,-0.0051502145922747156,-0.05439216752787601,-0.011935208866155178,0.16384937238493724,0.19163616830077657,3525.95,3335.733333333333,-0.013882783363348805,0.0423495083539851,-0.05439216752787601,0.37460066308189166,745200.0,555770.0,1.3408424348201595,2000340990.0,277,False,jpx_liquidity,JPX流動性
417,7180,九州フィナンシャルグループ,銀行業,プライム,7180.T,2026-08-03,1484.0,-0.0003368137420006745,-0.07826086956521738,-0.0188429752066116,0.17871326449563152,0.2134978251338977,1538.225,1459.9916666666666,-0.03525166994425388,0.016444157786288827,-0.07826086956521738,0.30940405417558126,1797500.0,1254835.0,1.4324592476301665,1989199022.5,277,False,jpx_liquidity,JPX流動性
418,4461,第一工業製薬,化学,プライム,4461.T,2026-08-03,11840.0,-0.06180665610142633,0.17928286852589648,-0.08074534161490687,0.3258678611422172,0.1161967175926999,10696.0,10901.666666666666,0.10695587135377704,0.08607246598379459,-0.10303030303030303,1.3014085742086228,311300.0,171215.0,1.8181818181818181,1982044100.0,277,False,jpx_liquidity,JPX流動性
419,5741,ＵＡＣＪ,非鉄金属,プライム,5741.T,2026-08-03,2311.0,-0.01868365180467091,-0.03345880384776245,-0.07854864433811803,-0.1746428571428571,-0.09988482610567695,2409.4,2776.116666666667,-0.040840043164273254,-0.16754219022975747,-0.3535664335664336,0.517117806743467,808800.0,831360.0,0.9728637413394919,1979708130.0,277,False,jpx_liquidity,JPX流動性
420,7327,第四北越フィナンシャルグループ,銀行業,プライム,7327.T,2026-08-03,2309.0,0.0004332755632583396,-0.038717735220649474,0.04432383536861151,0.16793120890237745,0.2763317209255123,2294.95,2152.0333333333333,0.006122137737205602,0.0729387710847107,-0.038717735220649474,0.36356397300303944,1636100.0,811275.0,2.0167021047117193,1969428340.0,277,False,jpx_liquidity,JPX流動性
421,4516,日本新薬,医薬品,プライム,4516.T,2026-08-03,3423.0,0.006764705882353006,-0.1608237313066928,-0.1691747572815534,-0.16369411189836303,-0.32770238972735444,3915.85,4028.516666666667,-0.12586028576171204,-0.1503075987439546,-0.3827085766766418,0.4427780411697806,827900.0,503660.0,1.6437676210141763,1963774620.0,277,False,jpx_liquidity,JPX流動性
422,9401,ＴＢＳホールディングス,情報・通信業,プライム,9401.T,2026-08-03,5934.0,-0.016572754391779965,-0.06033254156769596,-0.06990595611285266,0.047114875595553274,-0.005107317355505403,6290.35,6070.483333333334,-0.05665026588345645,-0.022483108154485287,-0.0948749237339841,0.24077458031558346,392400.0,312205.0,1.2568664819589692,1962096135.0,277,False,jpx_liquidity,JPX流動性
423,9468,ＫＡＤＯＫＡＷＡ,情報・通信業,プライム,9468.T,2026-08-03,3388.0,-0.02447451770803344,-0.03695281409891982,-0.07658762605614611,-0.030060120240480992,0.09168245973681621,3636.6,3426.6,-0.06836055656382334,-0.011264810599427966,-0.13061329227610985,0.21835785145501413,891400.0,516685.0,1.7252291047737016,1960835670.0,277,False,jpx_liquidity,JPX流動性
424,2181,パーソルホールディングス,サービス業,プライム,2181.T,2026-08-03,256.79998779296875,-0.026535255208175457,-0.03458651205650842,0.010228130904564647,0.0858350435220665,-0.01794084389317263,262.02499771118164,248.28333231608073,-0.01994088336553368,0.034302163570310684,-0.07225433844657136,0.2729376237395071,7458600.0,7335585.0,1.0167696236905441,1950280590.0237274,277,True,jpx_liquidity,JPX流動性
425,3116,トヨタ紡織,輸送用機器,プライム,3116.T,2026-08-03,2205.5,-0.015621513055121605,-0.05221314997851312,-0.01912386035134539,-0.03246325948672957,-0.19728493937159575,2249.7,2228.025,-0.019647064052984775,-0.01010985065248371,-0.31559783881805925,0.3727691039478395,1844700.0,810590.0,2.275749762518659,1947897957.5,277,False,jpx_liquidity,JPX流動性
426,3923,ラクス,情報・通信業,プライム,3923.T,2026-08-03,1036.5,-0.022169811320754684,0.006310679611650549,0.011219512195121961,0.13701187775239032,0.41264701368349743,1026.8899993896484,963.9633361816407,0.009358354464512608,0.07524836380778188,-0.06114130434782605,0.3919940920804338,1836600.0,1906675.0,0.9632475382537664,1939511783.630371,277,False,jpx_liquidity,JPX流動性
427,5857,ＡＲＥホールディングス,非鉄金属,プライム,5857.T,2026-08-03,3050.0,-0.014539579967689842,-0.02400000000000002,0.0049423393739702615,-0.25153374233128833,-0.2034455976769034,3035.1,3207.133333333333,0.004909228690982204,-0.04899494876005572,-0.34043267844371927,0.3414349307191771,700000.0,631450.0,1.1085596642647875,1925596625.0,277,False,jpx_liquidity,JPX流動性
428,2371,カカクコム,サービス業,プライム,2371.T,2026-08-03,3690.0,0.0,0.0024449877750611915,0.03535353535353525,0.2660833762223367,0.9939180791567894,3638.0,3442.4416666666666,0.014293567894447579,0.07191358846555129,-0.0021633315305570333,0.11046412767579222,599400.0,530585.0,1.129696467107061,1922893155.0,277,False,jpx_liquidity,JPX流動性
429,1332,ニッスイ,水産・農林業,プライム,1332.T,2026-08-03,1248.5,-0.010697305863708428,-0.03404255319148941,-0.03478933127174333,0.03696013289036548,-0.06473517031297327,1277.25,1281.0,-0.022509297318457633,-0.025370804059328678,-0.18913736945203863,0.2508895884317057,1283000.0,1518585.0,0.8448654504028421,1921841920.0,277,False,jpx_liquidity,JPX流動性
430,3774,インターネットイニシアティブ,情報・通信業,プライム,3774.T,2026-08-03,3521.0,0.005138452754781531,0.012072434607645954,0.06406769416742208,0.18333053268358257,0.5045763712499998,3500.4,3222.2,0.005885041709518868,0.09273167401154492,-0.024923843810578772,0.239843053558006,487200.0,546670.0,0.8912140779629393,1916222760.0,277,False,jpx_liquidity,JPX流動性
431,1961,三機工業,建設業,プライム,1961.T,2026-08-03,2222.0,-0.037678648765699485,-0.10113268608414239,-0.20529327610872672,-0.11720301946762013,-0.03895625843365902,2504.2,2550.8,-0.11269067965817425,-0.12890073702367888,-0.28896,0.48131508822942504,751200.0,770395.0,0.9750842100480922,1916058410.0,277,False,jpx_liquidity,JPX流動性
432,8418,山口フィナンシャルグループ,銀行業,プライム,8418.T,2026-08-03,2943.5,-0.010920698924731131,-0.07203656998738961,-0.014563106796116498,0.11496212121212124,0.1628179898715445,3030.75,2903.575,-0.02878825373257443,0.01375029059004862,-0.07203656998738961,0.3647092751883492,507500.0,625655.0,0.8111499148891961,1912815802.5,277,False,jpx_liquidity,JPX流動性
433,4912,ライオン,化学,プライム,4912.T,2026-08-03,1692.5,-0.009074941451990615,0.002072232089994186,-0.01741654571843254,0.09795653584171271,0.002962962962963056,1699.9,1649.8265563964844,-0.004353197246896978,0.02586541199622938,-0.09709255801547079,0.23556384740281489,987900.0,1121200.0,0.8811095255083838,1906114182.5,277,False,jpx_liquidity,JPX流動性
434,5074,テスホールディングス,建設業,プライム,5074.T,2026-08-03,678.0,0.0,-0.03829787234042559,-0.23991031390134532,-0.31376518218623484,0.8128342245989304,751.2,920.2659372965495,-0.09744408945686911,-0.2632564430323807,-0.49213483146067416,0.9241126529320983,1198400.0,2509805.0,0.477487294829678,1899639845.0,277,False,jpx_liquidity,JPX流動性
435,9364,上組,倉庫・運輸関連業,プライム,9364.T,2026-08-03,5116.0,-0.012164510523267058,-0.023291332569683076,-0.021423106350420773,-0.0327093968614105,-0.04909893917249497,5198.75,4978.233333333334,-0.01591728780956958,0.027673806638231824,-0.10174514504010512,0.14984053145749904,390200.0,363265.0,1.0741469725957635,1889943245.0,277,False,jpx_liquidity,JPX流動性
436,4812,電通総研,情報・通信業,プライム,4812.T,2026-08-03,2700.0,0.004838109415705283,-0.0036900369003689537,-0.01171303074670571,0.25406409660938234,0.24653739612188375,2692.65,2303.8293395996093,0.002729652944125638,0.17196180879840806,-0.01207464324917673,0.12111439957120247,629700.0,794700.0,0.7923744809362023,1867297615.0,277,False,jpx_liquidity,JPX流動性
437,9065,山九,陸運業,プライム,9065.T,2026-08-03,8993.0,-0.050570101351351315,-0.030926724137931072,0.02425968109339416,0.03749423165666821,-0.016894058767513487,9006.65,8830.9,-0.0015155468459415733,0.018355999954704494,-0.09156902672309586,0.282561581547987,651400.0,183765.0,3.544744646695508,1866885380.0,277,False,jpx_liquidity,JPX流動性
438,7956,ピジョン,その他製品,プライム,7956.T,2026-08-03,1984.5,-0.017817371937639215,0.004555808656036442,-0.046142754145638065,0.13757523645743763,0.2159926470588236,2033.425,1948.5915893554688,-0.024060390720090474,0.018427879315854323,-0.05769230769230771,0.2541904342235608,1018100.0,917285.0,1.1099058634993486,1858044427.5,277,False,jpx_liquidity,JPX流動性
439,3687,フィックスターズ,情報・通信業,プライム,3687.T,2026-08-03,2094.0,0.00191387559808609,-0.04120879120879117,-0.12016806722689077,0.5318215069495245,0.4481327800829875,2191.3,2255.0333333333333,-0.044402865878702236,-0.07141062216375216,-0.4239339752407153,0.5245761732427139,517500.0,880685.0,0.587610780244923,1844437960.0,277,False,jpx_liquidity,JPX流動性
440,9989,サンドラッグ,小売業,プライム,9989.T,2026-08-03,3726.0,-0.014285714285714235,-0.0268999738835205,-0.024607329842931902,-0.0032102728731941976,-0.09426545019737598,3838.55,3779.6,-0.029320967552852073,-0.014181394856598528,-0.11125853236755845,0.21263223207526039,702500.0,462860.0,1.5177375448299701,1837795795.0,277,False,jpx_liquidity,JPX流動性
441,7189,西日本フィナンシャルホールディングス,銀行業,プライム,7189.T,2026-08-03,4308.0,0.009372071227741419,-0.0490066225165563,0.006071929005137866,0.09173846933603658,0.10667384063418739,4335.5,4172.766666666666,-0.006342982354976323,0.032408553877123936,-0.0490066225165563,0.3583572095383967,637900.0,410235.0,1.554962399600229,1835423385.0,277,False,jpx_liquidity,JPX流動性
442,9041,近鉄グループホールディングス,陸運業,プライム,9041.T,2026-08-03,3441.0,-0.006639722863741371,-0.024936242561632183,0.005552308591467048,-0.0040520984081041656,0.06425841215282557,3491.85,3490.05,-0.014562481206237377,-0.014054239910603061,-0.05700191833379009,0.2050440818470022,658500.0,507115.0,1.2985220314918706,1808680540.0,277,False,jpx_liquidity,JPX流動性
443,9001,東武鉄道,陸運業,プライム,9001.T,2026-08-03,3016.0,-0.025839793281653756,-0.02709677419354839,0.03928325292901458,0.06553612435965372,0.0920289500198983,3020.3,2896.9166666666665,-0.0014236996324868967,0.04110692402842098,-0.05691056910569103,0.2176439369965611,767300.0,578025.0,1.327451234808183,1804620427.5,277,False,jpx_liquidity,JPX流動性
444,8439,東京センチュリー,その他金融業,プライム,8439.T,2026-08-03,2526.5,-0.036789935188715206,-0.06685133887349959,0.01262525050100205,0.14997724169321813,0.182247568911311,2620.225,2478.3,-0.035769828926905056,0.01944881572045354,-0.0728440366972477,0.2762636279803699,1270400.0,643180.0,1.9751857955782208,1767103757.5,277,False,jpx_liquidity,JPX流動性
445,8056,ＢＩＰＲＯＧＹ,情報・通信業,プライム,8056.T,2026-08-03,4774.0,-0.01930977814297452,-0.018301460004112702,0.06633906633906639,0.06254173158246168,0.03794750107699851,4705.0,4545.333333333333,0.014665249734325148,0.050308008213552524,-0.060975609756097615,0.3002391166175118,489000.0,380815.0,1.2840880742617806,1756974145.0,277,False,jpx_liquidity,JPX流動性
446,6592,マブチモーター,電気機器,プライム,6592.T,2026-08-03,1649.0,-0.00960960960960966,-0.03312811492231016,0.015394088669950845,0.07147498375568562,0.10264125710464733,1633.425,1585.4855875651042,0.009535179148109085,0.04005991157096389,-0.12519893899204249,0.2909896983313591,1098500.0,1062385.0,1.0339942676148477,1755295435.0,277,False,jpx_liquidity,JPX流動性
447,9008,京王電鉄,陸運業,プライム,9008.T,2026-08-03,789.5,-0.02506790330819142,-0.022048789870084295,0.05519912739795685,0.056894243641231634,0.02569785799641422,784.3199951171875,756.1333312988281,0.006604453431074964,0.04412802255900705,-0.0610133070144625,0.24433291343176036,2305800.0,2188910.0,1.0534010078075389,1748232436.3336182,277,False,jpx_liquidity,JPX流動性
448,4369,トリケミカル研究所,化学,プライム,4369.T,2026-08-03,3255.0,0.0030816640986133237,-0.02980625931445602,-0.10453920220082535,-0.022522522522522515,-0.010638297872340385,3262.55,3518.6833333333334,-0.00231414077945169,-0.0749380686904666,-0.2212918660287081,0.7806087517673251,567900.0,541970.0,1.047843976603871,1747091925.0,277,False,jpx_liquidity,JPX流動性
449,9706,日本空港ビルデング,不動産業,プライム,9706.T,2026-08-03,5747.0,0.01411681665784359,0.026250000000000107,0.09696506966978435,0.12774725274725274,0.1770556348102712,5462.35,5073.833333333333,0.052111270790044406,0.13267417797194758,-0.006568712186689751,0.2996411176795588,366700.0,314425.0,1.1662558638785083,1746260820.0,277,False,jpx_liquidity,JPX流動性
450,8368,百五銀行,銀行業,プライム,8368.T,2026-08-03,2007.0,-0.004957858205255294,-0.05463966085727745,-0.03555982700624705,0.1094527363184079,0.3800248333802396,2043.65,1974.7833333333333,-0.01793359919751425,0.016314026011292393,-0.05463966085727745,0.525906865064459,1132800.0,831665.0,1.3620868979697354,1741921535.0,277,False,jpx_liquidity,JPX流動性
451,4194,ビジョナル,情報・通信業,プライム,4194.T,2026-08-03,8697.0,-0.001836336508665215,-0.04006622516556291,0.09520211560256886,0.15620845519808557,0.050743022834360385,8543.65,7921.75,0.017949003060752755,0.09786347713573385,-0.06443631669535288,0.41223657186874907,225700.0,201645.0,1.1192938084256987,1734946765.0,277,False,jpx_liquidity,JPX流動性
452,4403,日油,化学,プライム,4403.T,2026-08-03,2762.0,-0.009503317195624916,-0.022473898425057537,-0.019001953471852295,-0.14356589147286825,-0.08334095652608631,2772.475,2744.2833333333333,-0.0037782126078683698,0.006455844573871827,-0.16757082579867388,0.16940427646031034,770400.0,613140.0,1.2564830218220961,1683117492.5,277,False,jpx_liquidity,JPX流動性
453,6417,ＳＡＮＫＹＯ,機械,プライム,6417.T,2026-08-03,1852.5,-0.0008090614886731018,0.03404967903991074,0.15492518703241887,0.0,-0.19754877072095334,1727.85,1668.6916666666666,0.07214167896518808,0.11015116633290556,-0.21451248799306089,0.27087211527647453,1050600.0,945235.0,1.1114696345353272,1679320932.5,277,False,jpx_liquidity,JPX流動性
454,4047,関東電化工業,化学,プライム,4047.T,2026-08-03,2777.0,0.040464593480704414,-0.0017972681524083267,-0.20201149425287357,0.4962284482758621,1.120874017895225,2870.65,3231.516666666667,-0.03262327347464866,-0.14065119061740883,-0.3695800227014756,0.7284183168976629,719300.0,584495.0,1.23063499260045,1678989545.0,277,True,jpx_liquidity,JPX流動性
455,1980,ダイダン,建設業,プライム,1980.T,2026-08-03,2378.0,-0.02580909463334702,-0.09512937595129378,-0.16060713025061768,-0.20361687876758205,-0.13328452938163105,2640.7,2645.5333333333333,-0.09948119816715262,-0.10112642693344753,-0.3389818177869711,0.42767842016941127,822800.0,616885.0,1.3337980336691604,1676037150.0,277,False,jpx_liquidity,JPX流動性
456,6925,ウシオ電機,電気機器,プライム,6925.T,2026-08-03,3798.0,0.0031695721077653616,-0.08305166586190249,-0.1919148936170213,0.12834224598930488,0.346630253554957,4067.15,4151.333333333333,-0.06617656098250624,-0.08511321663722493,-0.2133388566694283,0.6219376172338112,373000.0,419495.0,0.8891643523760713,1673820520.0,277,False,jpx_liquidity,JPX流動性
457,6266,タツモ,機械,プライム,6266.T,2026-08-03,4075.0,0.017478152309613026,-0.09343715239154615,-0.16495901639344257,0.27145085803432134,0.5868380062305296,4567.5,4213.75,-0.10782703886152167,-0.03292791456541089,-0.24115456238361266,1.003310336171714,218900.0,362515.0,0.6038370826034785,1666440625.0,277,False,jpx_liquidity,JPX流動性
458,4092,日本化学工業,化学,プライム,4092.T,2026-08-03,5780.0,-0.025295109612141653,0.07434944237918217,0.3003374578177729,0.53315649867374,0.7425955140395761,4916.0,4757.333333333333,0.17575264442636285,0.21496636771300448,-0.025295109612141653,0.9747463902337633,332600.0,322910.0,1.0300083614629463,1662116400.0,277,False,jpx_liquidity,JPX流動性
459,2492,インフォマート,サービス業,プライム,2492.T,2026-08-03,522.0,-0.08260105448154653,-0.050909090909090904,0.08977035490605423,0.23990498812351535,0.3419023136246786,512.5,426.271689860026,0.018536585365853675,0.22457111841372357,-0.08260105448154653,0.5605360082125015,4771200.0,3406110.0,1.4007768392682562,1662067075.0,277,True,jpx_liquidity,JPX流動性
460,9048,名古屋鉄道,陸運業,プライム,9048.T,2026-08-03,1857.0,-0.020052770448548807,-0.0476923076923077,0.00896495517522422,0.05511363636363642,0.08445987923518228,1905.925,1851.4833333333333,-0.025669950286606236,0.0029795929389948572,-0.06893958385560295,0.2202347268390002,1271800.0,831290.0,1.5299113426120847,1657888675.0,277,False,jpx_liquidity,JPX流動性
461,8088,岩谷産業,卸売業,プライム,8088.T,2026-08-03,2026.5,-0.0121862052156958,0.011227544910179743,0.025556680161943346,0.08022388059701502,0.06928024571737845,1999.25,1964.1666666666667,0.013630111291734304,0.0317352566822231,-0.04093705631803124,0.2871976390132997,765400.0,833870.0,0.9178888795615624,1656425927.5,277,False,jpx_liquidity,JPX流動性
462,7337,ひろぎんホールディングス,銀行業,プライム,7337.T,2026-08-03,2214.5,0.004536176003628878,-0.0586609989373007,0.007277689333636594,0.19219380888290716,0.22006005612582524,2234.425,2118.0,-0.008917282969891693,0.04556185080264408,-0.0586609989373007,0.29921482503601377,862200.0,722080.0,1.194050520717926,1650832057.5,277,False,jpx_liquidity,JPX流動性
463,7389,あいちフィナンシャルグループ,銀行業,プライム,7389.T,2026-08-03,1680.0,-0.032815198618307395,-0.10399999999999998,0.13283884018880654,0.1207471647765177,0.49426465453294677,1667.05,1487.95,0.0077682133109384655,0.1290701972512518,-0.10399999999999998,0.6494818141163886,809100.0,970090.0,0.8340463255986558,1644030660.0,277,False,jpx_liquidity,JPX流動性
464,1515,日鉄鉱業,鉱業,プライム,1515.T,2026-08-03,3130.0,0.034710743801652955,0.07597112409762796,0.27080795777507105,0.24453280318091442,-0.198041593310341,2683.55,2507.3,0.1663654487525852,0.2483548039724004,-0.29160337197431474,0.6690239276825515,641800.0,593240.0,1.0818555727867305,1632837690.0,277,False,jpx_liquidity,JPX流動性
465,5384,フジミインコーポレーテッド,ガラス・土石製品,プライム,5384.T,2026-08-03,3825.0,0.0013089005235602524,-0.06593406593406592,-0.14810690423162587,0.12998522895125553,0.31322160991856496,4020.25,4044.0,-0.04856663142839379,-0.054154302670623156,-0.2485265225933202,0.6377115045020774,320600.0,406935.0,0.7878408099573642,1616830575.0,277,False,jpx_liquidity,JPX流動性
466,4922,コーセーホールディングス,化学,プライム,4922.T,2026-08-03,5637.0,-0.008443271767810012,-0.02067407922168174,0.04524383460040804,-0.03492552645095015,-0.009140446475654818,5524.6,5342.742854817709,0.020345364370271124,0.0550760448665335,-0.09980836793356751,0.33339890317941256,292000.0,289435.0,1.0088620933888437,1603265590.0,277,False,jpx_liquidity,JPX流動性
467,6480,日本トムソン,機械,プライム,6480.T,2026-08-03,1805.0,0.01290684624017957,0.0163288288288288,-0.17579908675799083,0.467479674796748,0.8953879315814715,1864.2,2014.3,-0.031756249329471076,-0.1039070644889043,-0.3003875968992248,0.7829393933189633,832600.0,862460.0,0.9653781044918025,1602494610.0,277,False,jpx_liquidity,JPX流動性
468,6376,日機装,精密機器,プライム,6376.T,2026-08-03,3780.0,0.008000000000000007,-0.06896551724137934,-0.06896551724137934,0.42641509433962255,1.0399352401511064,3824.25,3574.8107950846356,-0.011570896254167518,0.057398619584986044,-0.10107015457788349,0.6042495711301045,257700.0,423840.0,0.6080124575311439,1600933075.0,277,False,jpx_liquidity,JPX流動性
469,4666,パーク２４,不動産業,プライム,4666.T,2026-08-03,1952.0,-0.011645569620253204,-0.03054382915321574,-0.031746031746031744,0.07637165701681825,-0.0872106616787468,1999.225,1928.3583333333333,-0.02362165339068889,0.012259996629257142,-0.13244444444444448,0.21312125323363218,1072900.0,789920.0,1.3582388089933157,1598552282.5,277,False,jpx_liquidity,JPX流動性
470,2726,パルグループホールディングス,小売業,プライム,2726.T,2026-08-03,1512.0,0.011371237458194017,0.047091412742382266,-0.0013210039630119352,0.011371237458194017,-0.04520311907048569,1463.5,1434.6333333333334,0.033139733515545,0.05392783289574554,-0.08585247883917779,0.34327189798221946,1026300.0,1082190.0,0.948354725140687,1595223030.0,277,False,jpx_liquidity,JPX流動性
471,9301,三菱倉庫,倉庫・運輸関連業,プライム,9301.T,2026-08-03,1475.0,-0.0798502807236432,-0.09896151496640193,-0.0676359039190898,0.03327495621716281,0.15145570542433107,1593.5,1516.7583333333334,-0.07436460621273921,-0.027531303053112244,-0.09896151496640193,0.33377656085741425,3236400.0,890685.0,3.633607841155964,1593478007.5,277,False,jpx_liquidity,JPX流動性
472,4401,ＡＤＥＫＡ,化学,プライム,4401.T,2026-08-03,3935.0,-0.0025348542458808465,-0.03102684067963557,-0.08060747663551404,0.0012722646310432406,-0.18594803566002727,4076.85,4111.85,-0.03479401989280939,-0.043009837421112196,-0.1930139340600755,0.2958874847496831,561400.0,388040.0,1.4467580661787445,1583578955.0,277,False,jpx_liquidity,JPX流動性
473,1951,エクシオグループ,建設業,プライム,1951.T,2026-08-03,2555.0,-0.024064171122994638,-0.055452865064695045,-0.05229970326409494,-0.14434025452109844,-0.004609111943905009,2644.9,2753.241666666667,-0.03398994290899471,-0.07200300252127045,-0.14605614973262027,0.20028935823398333,605800.0,596875.0,1.0149528795811518,1581906455.0,277,False,jpx_liquidity,JPX流動性
474,8361,大垣共立銀行,銀行業,プライム,8361.T,2026-08-03,7050.0,-0.02219140083217752,-0.14337788578371813,-0.10191082802547768,-0.005641748942172065,0.18902611510932954,7748.5,7490.833333333333,-0.09014647996386393,-0.05884970519523858,-0.14337788578371813,0.5145318675070508,267000.0,198025.0,1.348314606741573,1569487650.0,277,False,jpx_liquidity,JPX流動性
475,2002,日清製粉グループ本社,食料品,プライム,2002.T,2026-08-03,1981.5,-0.01540372670807455,-0.044830079537237943,-0.007761642463695595,-0.0017632241813602123,-0.018512607550532745,2046.85,1989.1,-0.031927107506656505,-0.003820823488009606,-0.08833678398895795,0.27609463240708093,1043600.0,748220.0,1.394776937264441,1560322570.0,277,False,jpx_liquidity,JPX流動性
476,7599,ＩＤＯＭ,卸売業,プライム,7599.T,2026-08-03,1268.0,-0.012461059190031154,-0.04301886792452825,-0.11266620013995798,-0.053024645257654934,-0.16736275835710823,1334.55,1336.6833333333334,-0.04986699636581615,-0.0513833992094862,-0.1723237597911227,0.4567702993153371,1221200.0,1148405.0,1.0633879162838893,1554388805.0,277,False,jpx_liquidity,JPX流動性
477,9504,中国電力,電気・ガス業,プライム,9504.T,2026-08-03,906.9000244140625,-0.035828143787567046,-0.04637221407564407,-0.010366651840798546,0.009012056888188846,-0.034784373908877564,934.2849975585938,902.5666666666667,-0.029311155820859525,0.0048011497736777375,-0.1802101523038684,0.22994264020041005,3725000.0,1553875.0,2.3972327246400127,1549607044.9484253,277,False,jpx_liquidity,JPX流動性
478,7988,ニフコ,化学,プライム,7988.T,2026-08-03,4986.0,-0.04281052025340759,-0.05155031386722464,-0.01189060642092743,0.08085844352915683,0.020328169205764413,5128.75,4697.466666666666,-0.027833292712649227,0.06142317845079637,-0.08660015428277834,0.2504602995227192,516100.0,288770.0,1.7872355161547253,1542998675.0,277,False,jpx_liquidity,JPX流動性
479,2331,ＡＬＳＯＫ,サービス業,プライム,2331.T,2026-08-03,1146.5,-0.022591645353793655,-0.024255319148936194,0.05912240184757511,-0.0250850340136054,0.013610164282038761,1141.6,1111.9416666666666,0.004292221443588096,0.03107926824698537,-0.12111920275967802,0.24181657471089726,1161300.0,1316825.0,0.8818939494617736,1522767902.5,277,False,jpx_liquidity,JPX流動性
480,1860,戸田建設,建設業,プライム,1860.T,2026-08-03,1484.5,-0.004025494800402596,-0.03853626943005184,-0.08137376237623761,0.029116117850953138,0.07461760177919063,1533.575,1539.6583333333333,-0.03200039124268461,-0.03582504776492623,-0.09121518212427304,0.18060271451406754,1473800.0,949725.0,1.5518176314196215,1512584985.0,277,False,jpx_liquidity,JPX流動性
481,2175,エス・エム・エス,サービス業,プライム,2175.T,2026-08-03,2183.0,-0.010874490258269143,-0.0904166666666667,-0.03747795414462085,0.24104604889141568,0.21087019080048996,2374.25,2125.9,-0.08055175318521635,0.02685921256879431,-0.13919558359621453,0.45530928038632446,685000.0,616530.0,1.1110570450748545,1507233655.0,277,False,jpx_liquidity,JPX流動性
482,2222,寿スピリッツ,食料品,プライム,2222.T,2026-08-03,2546.5,0.001376327172630809,0.013330680461599576,0.0005893909626719651,0.2916560994166879,0.34614753714356583,2556.475,2328.991666666667,-0.0039018570492572735,0.09339163228722014,-0.040504898266767175,0.2356500064481673,909700.0,571145.0,1.5927654098346304,1476831832.5,277,False,jpx_liquidity,JPX流動性
483,3941,レンゴー,パルプ・紙,プライム,3941.T,2026-08-03,1490.0,-0.0013404825737265424,-0.02486910994764402,0.05598866052445084,0.2016129032258065,0.09077862012851368,1460.55,1415.3333333333333,0.020163636986066935,0.05275553462081972,-0.03014716065642864,0.25173397080753773,867300.0,999685.0,0.8675732855849593,1475286632.5,277,False,jpx_liquidity,JPX流動性
484,4078,堺化学工業,化学,プライム,4078.T,2026-08-03,3995.0,-0.006218905472636815,-0.017220172201722006,-0.115171650055371,0.01913265306122458,0.16195553394360274,4047.5,4349.25,-0.012970969734403925,-0.08145082485486,-0.37382445141065834,0.5288964624986655,272500.0,375280.0,0.7261244937113622,1470343900.0,277,False,jpx_liquidity,JPX流動性
485,5726,大阪チタニウムテクノロジーズ,非鉄金属,プライム,5726.T,2026-08-03,2837.0,0.0003526093088856985,0.05858208955223887,0.041483113069016087,0.1099374021909234,0.11257841908353128,2654.3,2644.0333333333333,0.0688317070414044,0.07298193416623588,-0.15542935994750162,0.6917072912447418,552800.0,555545.0,0.9950589061192162,1469691670.0,277,False,jpx_liquidity,JPX流動性
486,2127,日本Ｍ＆Ａセンターホールディングス,サービス業,プライム,2127.T,2026-08-03,639.2999877929688,0.0026662676789925843,-0.061371295391706604,-0.026199561625333212,-0.025605835113719277,-0.11282511443213195,674.0450042724609,653.756669108073,-0.051547027660259315,-0.022113244878752214,-0.10664818149020316,0.38939920490230734,3881800.0,2068235.0,1.8768660234451113,1469523538.1808472,277,False,jpx_liquidity,JPX流動性
487,2206,江崎グリコ,食料品,プライム,2206.T,2026-08-03,4967.0,-0.017214087851206927,-0.033657587548638124,-0.07332089552238807,-0.09871166757394301,-0.1337635158702476,5178.3,5320.979964192708,-0.04080489736013748,-0.06652533303541841,-0.21033386327503978,0.21794123291079073,303600.0,280430.0,1.0826231145027279,1468334475.0,277,False,jpx_liquidity,JPX流動性
488,2737,トーメンデバイス,卸売業,プライム,2737.T,2026-08-03,26150.0,0.2364066193853427,0.5630603705917514,0.5630603705917514,0.592570036540804,1.4510940932857617,16719.5,15949.833333333334,0.5640419869015221,0.6395155644259605,0.0,1.4775248590911383,154100.0,84230.0,1.8295144247892674,1458659350.0,277,True,jpx_liquidity,JPX流動性
489,5032,ＡＮＹＣＯＬＯＲ,情報・通信業,プライム,5032.T,2026-08-03,2606.0,-0.004583651642475206,-0.01175578308684111,0.07110563090834354,-0.06460875807609479,-0.34972973473504454,2505.45,2556.3166666666666,0.04013251112574601,0.019435515944164372,-0.39649575275482085,0.33185480667874645,484600.0,593585.0,0.816395293007741,1456075035.0,277,False,jpx_liquidity,JPX流動性
490,3397,トリドールホールディングス,小売業,プライム,3397.T,2026-08-03,4305.0,-0.009205983889528202,0.028673835125448077,0.12109375,0.08575031525851196,0.02175214528038305,4146.0,3905.0666666666666,0.0383502170767005,0.10241395793499053,-0.06086387434554974,0.3469029923219172,297600.0,346770.0,0.8582057271390259,1451311615.0,277,False,jpx_liquidity,JPX流動性
491,7164,全国保証,その他金融業,プライム,7164.T,2026-08-03,3066.0,-0.020447284345047945,-0.021385253750399014,-0.005191434133679396,-0.011923944569771194,0.01895358749208298,3111.8,2996.5,-0.014718169548171511,0.023193726013682525,-0.06037388905914798,0.2094462712728267,463700.0,460810.0,1.0062715652872116,1448872655.0,277,False,jpx_liquidity,JPX流動性
492,4540,ツムラ,医薬品,プライム,4540.T,2026-08-03,3790.0,-0.007073618024626693,-0.03831514843948236,0.009320905459387463,0.05806811836962589,-0.06117042121733174,3853.65,3780.5,-0.016516808739766242,0.0025128951196931038,-0.07795122499398022,0.24471809596514507,477800.0,361490.0,1.3217516390494897,1445404185.0,277,False,jpx_liquidity,JPX流動性
493,5232,住友大阪セメント,ガラス・土石製品,プライム,5232.T,2026-08-03,5402.0,-0.009715857011915685,-0.05294530154277699,-0.09118438761776582,0.35660472124560516,0.26718491230107766,5571.9,5478.883333333333,-0.030492291677883587,-0.014032664807001383,-0.15222849968612684,0.38928603131757017,332600.0,257270.0,1.2928052240836476,1437344380.0,277,False,jpx_liquidity,JPX流動性
494,8282,ケーズホールディングス,小売業,プライム,8282.T,2026-08-03,1871.0,-0.008216273522395956,-0.015003948407475654,0.03398728930643835,0.0080818965517242,0.1671933692662313,1848.475,1954.4083333333333,0.012185720661626487,-0.04267702501609605,-0.12508767827916767,0.2477520369787219,613800.0,785440.0,0.7814728050519454,1435070682.5,277,False,jpx_liquidity,JPX流動性
495,6490,ＰＩＬＬＡＲ,機械,プライム,6490.T,2026-08-03,9960.0,0.04952581664910438,0.0010050251256281673,-0.07002801120448177,0.03534303534303529,0.5048624913130275,9746.5,9813.833333333334,0.02190529933822405,0.014893942224410983,-0.11702127659574468,0.7837213830748685,150700.0,148140.0,1.0172809504522748,1432888750.0,277,True,jpx_liquidity,JPX流動性
496,9404,日本テレビホールディングス,情報・通信業,プライム,9404.T,2026-08-03,2897.5,-0.006344307270233163,-0.01176671214188263,0.012934801608110558,-0.030125523012552335,-0.19422702815883286,2908.1,2868.275,-0.0036449915752553297,0.010189050910390351,-0.20774011716182794,0.23859102967961263,836100.0,474265.0,1.7629384415885634,1420934872.5,277,False,jpx_liquidity,JPX流動性
497,6617,東光高岳,電気機器,プライム,6617.T,2026-08-03,7390.0,0.05722460658082973,-0.0633713561470215,-0.0452196382428941,-0.08877928483353881,0.5970219605925562,7517.0,7690.833333333333,-0.01689503791406144,-0.03911583053418566,-0.1406976744186047,0.7332082910696517,412700.0,176040.0,2.3443535560099975,1412409650.0,277,True,jpx_liquidity,JPX流動性
498,9006,京浜急行電鉄,陸運業,プライム,9006.T,2026-08-03,1542.0,-0.009633911368015391,-0.03383458646616544,0.026631158455392878,0.018494055482166427,0.016937821877061943,1574.3,1522.1,-0.020517055199136047,0.013074042441364009,-0.06630336058128972,0.2684130117471089,1278000.0,865475.0,1.4766457725526445,1411902365.0,277,False,jpx_liquidity,JPX流動性
499,6472,ＮＴＮ,機械,プライム,6472.T,2026-08-03,389.3999938964844,-0.004092087221267637,0.022852591044105086,-0.04745595517558898,-0.06304141439426614,0.03629458867137192,383.9249954223633,410.9399988810221,0.014260593968616009,-0.0524164234272414,-0.1877346707255767,0.421799876749843,5041000.0,3617780.0,1.3933959500024877,1411148143.8064575,277,True,jpx_liquidity,JPX流動性
500,4099,四国化成ホールディングス,化学,プライム,4099.T,2026-08-03,2734.0,-0.02042278753135074,0.019008572493477427,-0.1740181268882175,-0.4821969696969697,-0.37863636363636366,2766.2,4360.930501302083,-0.011640517677680484,-0.37306957788396666,-0.5913303437967115,0.9645763615707506,717200.0,499520.0,1.4357783472133248,1391789005.0,277,False,jpx_liquidity,JPX流動性
501,8544,京葉銀行,銀行業,プライム,8544.T,2026-08-03,2635.0,-0.005660377358490565,-0.10221465076660985,-0.0011372251705837888,0.24822359071530076,0.3586829198963253,2681.25,2528.65,-0.017249417249417198,0.042058015146422045,-0.10221465076660985,0.4853700561453842,725000.0,495665.0,1.4626814481555082,1388255645.0,277,False,jpx_liquidity,JPX流動性
502,8714,池田泉州ホールディングス,銀行業,プライム,8714.T,2026-08-03,973.0,0.02854122621564481,-0.10405156537753224,-0.04232283464566933,0.06455142231947475,0.1551286992488301,1019.35,989.9333333333333,-0.04547015254819253,-0.01710552899185125,-0.10405156537753224,0.4549525342680603,1714400.0,1323445.0,1.2954070626282166,1378180680.0,277,False,jpx_liquidity,JPX流動性
503,4617,中国塗料,化学,プライム,4617.T,2026-08-03,3450.0,-0.03765690376569042,-0.07877169559412545,-0.010043041606886627,0.07309486780715391,-0.09590194292919407,3637.75,3406.2166666666667,-0.05161157308776032,0.012853948417843819,-0.2558430319172521,0.48246063129798256,551400.0,354635.0,1.5548380729482425,1356750200.0,277,False,jpx_liquidity,JPX流動性
504,1979,大氣社,建設業,プライム,1979.T,2026-08-03,4155.0,-0.018890200708382543,-0.07973421926910296,-0.1554878048780488,0.15256588072122046,0.17842843802810338,4532.5,4474.416666666667,-0.08328736900165468,-0.07138733168196976,-0.1631419939577039,0.3037558360226296,247800.0,291965.0,0.8487318685458873,1337090375.0,277,False,jpx_liquidity,JPX流動性
505,6436,アマノ,機械,プライム,6436.T,2026-08-03,3933.0,0.015229736706246833,-0.026244119831641544,0.06787944610371976,0.0699129488574537,0.041400025663991036,3818.0,3676.4166666666665,0.030120481927710774,0.06979169027812415,-0.026244119831641544,0.328801477259352,564500.0,325185.0,1.7359349293479096,1318473810.0,277,False,jpx_liquidity,JPX流動性
506,4373,シンプレクス・ホールディングス,情報・通信業,プライム,4373.T,2026-08-03,1096.0,-0.030946065428824054,-0.04363001745200701,0.0766208251473477,0.16969050160085386,0.3536037475742442,1077.55,1023.0333333333333,0.017122175305090304,0.07132384086540022,-0.073541842772612,0.4526265716605532,1055000.0,1194810.0,0.8829855792971267,1303160635.0,277,False,jpx_liquidity,JPX流動性
507,7419,ノジマ,小売業,プライム,7419.T,2026-08-03,1322.0,0.013026819923371624,-0.08385308385308388,0.0007570022710068347,0.05844675740592464,0.25265082224619095,1367.45,1401.1166666666666,-0.033237047058393365,-0.056466865714251635,-0.16382036685641999,0.3847136535991297,979800.0,932170.0,1.0510958301597348,1302629120.0,277,False,jpx_liquidity,JPX流動性
508,3656,ＫＬａｂ,情報・通信業,プライム,3656.T,2026-08-03,234.0,0.03539823008849563,0.049327354260089606,0.19999999999999996,0.044642857142857206,-0.2571428571428571,215.75,234.31666666666666,0.08458864426419477,-0.0013514474713706148,-0.4608294930875576,1.011552597784916,3715400.0,5682110.0,0.6538768168866848,1296118355.0,277,False,jpx_liquidity,JPX流動性
509,6707,サンケン電気,電気機器,プライム,6707.T,2026-08-03,8544.0,0.02446043165467615,-0.03501242376327085,-0.22433045846572852,-0.11175797899989603,0.11336982017200947,9454.95,9478.933333333332,-0.09634635825678617,-0.09863275755359246,-0.2691189050470487,0.5664842918209554,186500.0,140090.0,1.3312870297665786,1293275670.0,277,False,jpx_liquidity,JPX流動性
510,8628,松井証券,証券、商品先物取引業,プライム,8628.T,2026-08-03,1032.0,-0.0162059103908484,-0.07443946188340811,0.045592705167173175,0.12540894220283527,0.1459081211228923,1063.85,989.8333333333334,-0.029938431169807656,0.042599764270079055,-0.08103294746215495,0.3111654275120458,1011100.0,1194000.0,0.8468174204355109,1292254745.0,277,False,jpx_liquidity,JPX流動性
511,3863,日本製紙,パルプ・紙,プライム,3863.T,2026-08-03,1345.0,-0.022529069767441845,-0.1045272969374168,0.027501909854851014,-0.07305306685044799,0.1401592318031477,1423.45,1339.9166666666667,-0.05511257859426044,0.003793768269170883,-0.15408805031446537,0.4135980274287216,1627900.0,847845.0,1.9200443477286533,1286238535.0,277,False,jpx_liquidity,JPX流動性
512,1518,三井松島ホールディングス,その他製品,プライム,1518.T,2026-08-03,2312.0,-0.006018916595012858,-0.02897942041159174,0.4896907216494846,0.6950146627565983,0.6267395422190867,1837.2,1575.8666666666666,0.2584367515784889,0.46712919874777903,-0.02897942041159174,1.0398534449867554,776200.0,553720.0,1.4017915191793686,1286155905.0,277,False,jpx_liquidity,JPX流動性
513,7380,十六フィナンシャルグループ,銀行業,プライム,7380.T,2026-08-03,2370.0,0.0016906170752324368,-0.07996894409937894,-0.03697683868346202,0.15048543689320382,0.3486473785829125,2460.5,2269.95,-0.03678114204429994,0.044075860701777714,-0.07996894409937894,0.4694713547235668,705500.0,505775.0,1.3948890316840492,1283538765.0,277,False,jpx_liquidity,JPX流動性
514,4187,大阪有機化学工業,化学,プライム,4187.T,2026-08-03,4590.0,0.012127894156560126,-0.11560693641618502,-0.21805792163543436,-0.04095209402512068,0.11657276094694025,5021.5,5393.058772786459,-0.08593049885492388,-0.14890599317009445,-0.2548701298701299,0.7449256674210486,313400.0,262815.0,1.1924737933527385,1270252450.0,277,False,jpx_liquidity,JPX流動性
515,7459,メディパルホールディングス,卸売業,プライム,7459.T,2026-08-03,2817.0,-0.02289281997918835,-0.04557004912756224,0.0648270648270648,0.016050495942290244,-0.0014219986857481048,2821.55,2734.2166666666667,-0.0016125888252911391,0.03027680078998851,-0.0806135770234987,0.3125327602529848,410800.0,440460.0,0.9326613086318849,1261737232.5,277,False,jpx_liquidity,JPX流動性
516,3401,帝人,繊維製品,プライム,3401.T,2026-08-03,1618.0,-0.011606597434331123,-0.06662820882607445,-0.058481233633983165,0.03254626675175487,0.03758625575462382,1692.325,1651.3166666666666,-0.04391886901156694,-0.020175819295713437,-0.07118254879448904,0.23357703492150755,1200100.0,762095.0,1.574738057591245,1255502692.5,277,False,jpx_liquidity,JPX流動性
517,3387,クリエイト・レストランツ・ホールディングス,小売業,プライム,3387.T,2026-08-03,772.0,-0.00898587933247752,-0.011523687580025643,0.07371349095966617,0.06336088154269981,0.03511415272876062,773.75,733.1833333333333,-0.0022617124394184174,0.052942647359687234,-0.049261083743842415,0.2852096669482444,1697600.0,1581665.0,1.0732993396199575,1249481590.0,277,False,jpx_liquidity,JPX流動性
518,4967,小林製薬,化学,プライム,4967.T,2026-08-03,5556.0,-0.005726556907659219,-0.005548594952568431,-0.004122602616956406,-0.05910245554614735,0.052073470933535315,5590.95,5611.183211263021,-0.00625117377189921,-0.009834505341450028,-0.0917116233447769,0.2489198444051083,213300.0,219710.0,0.970825178644577,1245104490.0,277,False,jpx_liquidity,JPX流動性
519,1719,安藤・間,建設業,プライム,1719.T,2026-08-03,1807.0,-0.009591668950397314,-0.017133532771280935,-0.0005530973451327581,-0.07404560594414555,-0.10763732237376245,1821.675,1799.5583333333334,-0.008055772846418785,0.004135273932955652,-0.1571564424454046,0.11400934028357046,816200.0,663320.0,1.2304769945124525,1240738295.0,277,False,jpx_liquidity,JPX流動性
520,3291,飯田グループホールディングス,不動産業,プライム,3291.T,2026-08-03,2206.5,-0.03604193971166447,-0.054627249357326435,0.013085399449035862,-0.0029371893357433843,-0.1267998630368865,2258.85,2185.1666666666665,-0.023175509661996108,0.009762794599954328,-0.19163838359589647,0.2245713692894437,751500.0,528980.0,1.4206586260350107,1230552860.0,277,False,jpx_liquidity,JPX流動性
521,8283,ＰＡＬＴＡＣ,卸売業,プライム,8283.T,2026-08-03,6630.0,0.0015105740181269312,0.0015105740181269312,-0.0018066847335139746,0.4230521571152608,0.36468495360424535,6621.2,6570.983333333334,0.0013290642179666357,0.008981405624221672,-0.007485029940119792,0.05274026394814412,24400.0,190780.0,0.12789600587063635,1223887365.0,277,False,jpx_liquidity,JPX流動性
522,8876,リログループ,サービス業,プライム,8876.T,2026-08-03,1987.5,-0.013157894736842146,-0.03683062757450928,-0.034256559766763894,0.037317327766179575,0.16369192011168066,2054.35,1939.3333333333333,-0.03254070630613082,0.024836713647301556,-0.08788435061955024,0.2721248078940339,814000.0,585610.0,1.3900035860043374,1211881510.0,277,False,jpx_liquidity,JPX流動性
523,6235,オプトラン,機械,プライム,6235.T,2026-08-03,2978.0,-0.008985024958402699,-0.08228043143297381,-0.22548764629388818,-0.3821576763485477,0.4449296458030083,3282.65,3702.190983072917,-0.09280611700912378,-0.19561145991226503,-0.3821576763485477,0.7220285342157058,329800.0,384475.0,0.857793094479485,1210549845.0,277,False,jpx_liquidity,JPX流動性
524,8242,エイチ・ツー・オー　リテイリング,小売業,プライム,8242.T,2026-08-03,2850.5,-0.004539898725336111,-0.000876270592358952,-0.006794425087108036,0.2307858376511227,0.3198115266788908,2844.725,2678.483333333333,0.0020300732056701687,0.06422166773484994,-0.033728813559322,0.232908463533992,385600.0,430000.0,0.8967441860465116,1205644797.5,277,False,jpx_liquidity,JPX流動性
525,4118,カネカ,化学,プライム,4118.T,2026-08-03,5725.0,0.0012242042672263587,-0.02735304111450898,-0.0038280842178527452,0.15820352012947603,0.18740965785105868,5709.9,5574.633333333333,0.00264452967652673,0.026973373435622117,-0.02735304111450898,0.1834999977807932,427000.0,205875.0,2.074074074074074,1197902365.0,277,False,jpx_liquidity,JPX流動性
526,6005,三浦工業,機械,プライム,6005.T,2026-08-03,3152.0,-0.020205160087037655,-0.03075030750307506,-0.00473634354278496,-0.05259993988578304,-0.02791590585688064,3200.2,3201.0333333333333,-0.015061558652584184,-0.015317970238777012,-0.09382458188870724,0.1885193321838595,279900.0,383370.0,0.7301040770013303,1192226140.0,277,False,jpx_liquidity,JPX流動性
527,7240,ＮＯＫ,輸送用機器,プライム,7240.T,2026-08-03,2958.0,-0.029209058089924467,-0.037109375,0.0016931933626820328,0.011800923550538744,-0.028352984991558583,2972.1,2929.4416666666666,-0.004744120318966316,0.009748729137805112,-0.09085146232531338,0.24054961343736564,382400.0,393930.0,0.9707308405046582,1190210880.0,277,False,jpx_liquidity,JPX流動性
528,4272,日本化薬,化学,プライム,4272.T,2026-08-03,1951.5,0.015348595213319438,-0.01811320754716983,-0.04032456356036396,0.10378959276018107,0.08359288918194352,1970.2,2031.8916666666667,-0.009491422190640586,-0.03956493743514866,-0.10502178399449669,0.1603021040910207,903800.0,583265.0,1.5495529476310081,1181171457.5,277,False,jpx_liquidity,JPX流動性
529,9744,メイテックグループホールディングス,サービス業,プライム,9744.T,2026-08-03,3296.0,-0.012878107217729862,-0.004229607250755274,0.050015928639694174,0.07152145643693109,-0.02771243846599647,3257.45,3112.0833333333335,0.011834410351655444,0.05909760342750037,-0.04517215015655163,0.13853608510632076,473600.0,350475.0,1.3513089378700336,1181089475.0,277,False,jpx_liquidity,JPX流動性
530,2593,伊藤園,食料品,プライム,2593.T,2026-08-03,2952.5,-0.010556300268096508,-0.03889973958333337,0.00016937669376693165,0.04126256392170702,0.0080092687135076,3030.375,2912.2166666666667,-0.025698139669182885,0.013832533064733088,-0.08760815822002477,0.3342273628686844,413600.0,381285.0,1.0847528751458881,1175078440.0,277,False,jpx_liquidity,JPX流動性
531,3101,東洋紡,化学,プライム,3101.T,2026-08-03,1567.0,0.03092105263157885,-0.02791563275434239,-0.09994256174612293,0.03500660501981501,0.14020859367720684,1662.2,1691.5333333333333,-0.05727349296113582,-0.07362156623182126,-0.1817232375979112,0.46098367245615024,1201700.0,693235.0,1.7334670061378898,1174880385.0,277,False,jpx_liquidity,JPX流動性
532,6740,ジャパンディスプレイ,電気機器,プライム,6740.T,2026-08-03,47.0,-0.02083333333333337,-0.02083333333333337,-0.1132075471698113,-0.426829268292683,1.1363636363636362,49.05,55.333333333333336,-0.041794087665647295,-0.1506024096385542,-0.6466165413533835,0.6040385586952292,6675800.0,24675850.0,0.270539819297005,1172045115.0,277,True,jpx_liquidity,JPX流動性
533,5947,リンナイ,金属製品,プライム,5947.T,2026-08-03,3544.0,-0.010055865921787754,-0.03063457330415753,-0.015008337965536356,-0.01637524285317793,-0.14213538331997944,3620.25,3528.0333333333333,-0.02106208134797316,0.004525656409142043,-0.16661735110806142,0.24105176911748966,297300.0,316000.0,0.9408227848101266,1166231190.0,277,False,jpx_liquidity,JPX流動性
534,5832,ちゅうぎんフィナンシャルグループ,銀行業,プライム,5832.T,2026-08-03,3278.0,-0.01354198013842911,-0.05369515011547343,0.016434108527131785,0.14196133077861006,0.10183707515570051,3305.8,3136.1833333333334,-0.008409462157420333,0.04521950778812878,-0.05369515011547343,0.3620106533640072,327000.0,350760.0,0.9322613752993499,1157384470.0,277,False,jpx_liquidity,JPX流動性
535,6387,サムコ,機械,プライム,6387.T,2026-08-03,8520.0,0.0,-0.07673777038512541,-0.3641791044776119,-0.3646532438478747,0.7603305785123966,10404.9908203125,12023.8302734375,-0.18116218004081686,-0.29140716342096096,-0.47472256473489516,1.0883477964578203,93200.0,113400.0,0.8218694885361552,1156254200.0,277,False,jpx_liquidity,JPX流動性
536,2784,アルフレッサ　ホールディングス,卸売業,プライム,2784.T,2026-08-03,2273.5,-0.01983186031472295,-0.056247405562474095,0.043847566574839236,-0.030076791808873682,-0.0956540925383026,2300.5,2242.75,-0.011736579004564263,0.013710846059525217,-0.13970678036907713,0.23737178241221263,571800.0,491705.0,1.1628923846615349,1146587312.5,277,False,jpx_liquidity,JPX流動性
537,4392,ＦＩＧ,情報・通信業,プライム,4392.T,2026-08-03,836.0,-0.044571428571428595,-0.119072708113804,-0.28608027327070884,0.9487179487179487,1.5180722891566263,1014.65,1265.25,-0.1760705662050953,-0.33926101560956334,-0.6748346946713342,0.6225720156425337,702600.0,1145525.0,0.6133432269046943,1144389690.0,277,False,jpx_liquidity,JPX流動性
538,5463,丸一鋼管,鉄鋼,プライム,5463.T,2026-08-03,1760.0,-0.0162101732811627,-0.03798852145394915,-0.09043927648578809,0.17138103161397678,0.1280561274020422,1814.35,1758.975,-0.029955631493372215,0.0005827257351582737,-0.09043927648578809,0.2411745391836309,472800.0,664430.0,0.71158737564529,1143780507.5,277,False,jpx_liquidity,JPX流動性
539,2121,ＭＩＸＩ,情報・通信業,プライム,2121.T,2026-08-03,3400.0,0.17403314917127077,0.17891816920943127,0.2086740135087095,0.3061851709565886,0.32526927383020454,2946.3,2754.8333333333335,0.1539897498557512,0.2341944461249923,0.0,0.6429494251412476,1687500.0,306350.0,5.508405418638811,1134393025.0,277,True,jpx_liquidity,JPX流動性
540,7278,エクセディ,輸送用機器,プライム,7278.T,2026-08-03,5860.0,-0.0298013245033113,-0.04091653027823239,-0.028192371475953548,-0.02657807308970095,0.04422808799258826,5993.0,5975.666666666667,-0.022192557984315076,-0.019356278239527014,-0.0608974358974359,0.20846013064826643,297900.0,181170.0,1.6443119721808246,1132026500.0,277,False,jpx_liquidity,JPX流動性
541,8060,キヤノンマーケティングジャパン,卸売業,プライム,8060.T,2026-08-03,3579.0,-0.00638534147695724,0.0061849873488895035,0.021404109589041154,-0.04940239043824701,0.04192139737991263,3556.65,3539.0666666666666,0.006284003205263344,0.011283577591078675,-0.07063100493378338,0.21578795558760203,390600.0,313050.0,1.2477240057498802,1130878540.0,277,False,jpx_liquidity,JPX流動性
542,9072,ニッコンホールディングス,陸運業,プライム,9072.T,2026-08-03,5038.0,-0.0009914733293674427,-0.010993325480957994,-0.11083656900811856,-0.07610489638730977,0.36046333546126363,5282.8,5691.05,-0.04633906261830856,-0.1147503536254294,-0.22563787273286195,0.1844087011502124,255300.0,212575.0,1.2009878866282488,1128886740.0,277,False,jpx_liquidity,JPX流動性
543,6875,メガチップス,電気機器,プライム,6875.T,2026-08-03,9210.0,0.01655629139072845,-0.02848101265822789,-0.14484679665738165,-0.21282051282051284,0.11410430457552234,9723.5,10826.833333333334,-0.05281020208772558,-0.14933575529933352,-0.29748283752860416,0.38755203340165856,137000.0,116145.0,1.1795600327177236,1113006150.0,277,False,jpx_liquidity,JPX流動性
544,2433,博報堂ＤＹホールディングス,サービス業,プライム,2433.T,2026-08-03,1290.0,-0.009596928982725572,-0.011115369873514802,0.10021321961620466,0.23741007194244612,0.17603879710112347,1258.9,1174.8166666666666,0.02470410675986967,0.09804366638766338,-0.07360861759425497,0.3993012691147887,778900.0,871120.0,0.8941362843236293,1105776457.5,277,False,jpx_liquidity,JPX流動性
545,3048,ビックカメラ,小売業,プライム,3048.T,2026-08-03,1738.5,-0.0031536697247706025,-0.011654349061967051,0.06395348837209291,0.07513914656771803,0.015040523102023862,1699.95,1707.675,0.022677137562869376,0.018050858623567256,-0.06682769726247983,0.2438725141315749,718600.0,636165.0,1.1295811621198903,1099923897.5,277,False,jpx_liquidity,JPX流動性
546,4023,クレハ,化学,プライム,4023.T,2026-08-03,4245.0,-0.010489510489510523,-0.025258323765786406,0.03916768665850667,0.15040650406504064,-0.036242131837157854,4212.5,3965.5,0.007715133531157381,0.07048291514310923,-0.11287122246842696,0.20755015334757704,348800.0,256450.0,1.3601091830766232,1094428700.0,277,False,jpx_liquidity,JPX流動性
547,6474,不二越,機械,プライム,6474.T,2026-08-03,5420.0,-0.010948905109489093,-0.06712564543889843,-0.15707620528771382,0.020715630885122405,0.08400000000000007,5882.5,5853.833333333333,-0.07862303442413943,-0.07411098140819405,-0.17754172989377848,0.6501672972705359,128000.0,185505.0,0.6900083555699307,1090225450.0,277,False,jpx_liquidity,JPX流動性
548,4114,日本触媒,化学,プライム,4114.T,2026-08-03,2125.5,-0.015060240963855387,-0.026339899221255125,0.009019700925706253,-0.020055325034578186,-0.04377332478379581,2117.725,2085.725,0.0036713926501317218,0.019070107516571122,-0.14185748880458426,0.1565462768358219,664400.0,501175.0,1.3256846410934304,1090203542.5,277,False,jpx_liquidity,JPX流動性
549,1861,熊谷組,建設業,プライム,1861.T,2026-08-03,1404.0,-0.018867924528301883,-0.04424778761061943,-0.02837370242214532,-0.09126213592233012,-0.21778990211941196,1460.3,1428.65,-0.03855372183797845,-0.017254051027193573,-0.3005310495724517,0.18610383317847726,781800.0,752365.0,1.0391232978673914,1089340365.0,277,False,jpx_liquidity,JPX流動性
550,9418,Ｕ－ＮＥＸＴ　ＨＯＬＤＩＮＧＳ,情報・通信業,プライム,9418.T,2026-08-03,1722.0,0.006428988895382792,0.0011627906976743319,0.02378121284185486,0.11818181818181817,-0.05049850998265182,1712.0,1629.7,0.005841121495327117,0.05663619070994663,-0.0827191304359135,0.2908078991281058,638600.0,620555.0,1.0290788084859521,1077393490.0,277,False,jpx_liquidity,JPX流動性
551,4784,ＧＭＯインターネット,サービス業,プライム,4784.T,2026-08-03,576.0,0.02857142857142847,0.0992366412213741,0.22292993630573243,-0.14157973174366612,-0.2115744660373755,523.45,517.3,0.10039163243862825,0.11347380630195247,-0.3493061526912944,0.524793352770141,2123800.0,1972680.0,1.0766064440253869,1077038955.0,277,False,jpx_liquidity,JPX流動性
552,2327,日鉄ソリューションズ,情報・通信業,プライム,2327.T,2026-08-03,3726.0,-0.0482758620689655,-0.04559426229508201,0.037016420818257734,0.021381578947368363,-0.04796197610899633,3817.3,3545.7,-0.023917428548974495,0.050850325746679026,-0.06499372647427859,0.2935243124912327,400700.0,279225.0,1.435043423762199,1075190110.0,277,False,jpx_liquidity,JPX流動性
553,8367,南都銀行,銀行業,プライム,8367.T,2026-08-03,1721.0,0.0005813953488371659,-0.11698306824012317,-0.06972972972972968,0.0630018529956764,0.2712303984452116,1846.5,1764.4666666666667,-0.06796642296236122,-0.024634450447727385,-0.11698306824012317,0.42247194512400893,760800.0,568640.0,1.3379290939786157,1072159960.0,277,False,jpx_liquidity,JPX流動性
554,8381,山陰合同銀行,銀行業,プライム,8381.T,2026-08-03,2348.0,0.005136986301369939,-0.07813113466823718,-0.017984107068172328,0.2443031266560678,0.4651544695865375,2440.1,2225.7,-0.03774435473955984,0.05494900480747633,-0.07813113466823718,0.3251502515103785,681800.0,424615.0,1.6056898602263228,1070518175.0,277,False,jpx_liquidity,JPX流動性
555,9507,四国電力,電気・ガス業,プライム,9507.T,2026-08-03,1724.5,0.03511404561824727,0.06912585244885316,0.16127946127946124,0.1360342555994729,0.10795853769999786,1543.575,1497.0416666666667,0.11721166771941749,0.15193854546466645,-0.06328082563824011,0.26570129749943916,1569100.0,623140.0,2.518053727894213,1069232047.5,277,False,jpx_liquidity,JPX流動性
556,3433,トーカロ,金属製品,プライム,3433.T,2026-08-03,2935.0,0.008244589488148435,-0.021340446815605207,-0.11195158850226927,-0.106544901065449,0.12160683135826011,2976.9,3127.866666666667,-0.014075044509389012,-0.061660769853787545,-0.13421828908554567,0.5814820679343544,504400.0,348285.0,1.4482392293667543,1066028030.0,277,False,jpx_liquidity,JPX流動性
557,8386,百十四銀行,銀行業,プライム,8386.T,2026-08-03,2792.0,-0.01897399859451865,-0.06933333333333336,0.04608467590858001,0.18305084745762712,0.2507437890890518,2768.2,2586.3333333333335,0.008597644678852712,0.07952055677277992,-0.06933333333333336,0.43040852883010483,430400.0,374160.0,1.1503100277955955,1065698215.0,277,False,jpx_liquidity,JPX流動性
558,4432,ウイングアーク１ｓｔ,情報・通信業,プライム,4432.T,2026-08-03,3150.0,-0.01253918495297801,0.06418918918918926,0.27118644067796605,0.18823085628064873,0.027017393403683476,2836.0,2567.3166666666666,0.11071932299012688,0.22696200312907777,-0.03076923076923077,0.4396951552056925,283400.0,366095.0,0.7741160081399636,1065525070.0,277,False,jpx_liquidity,JPX流動性
559,2229,カルビー,食料品,プライム,2229.T,2026-08-03,2903.5,-0.0001721763085399397,-0.0315210140093396,-0.02321278385197645,-0.0003442933379239621,-0.003312532024523085,3002.475,2921.625,-0.03296447097810973,-0.0062037393573781685,-0.09123630672926453,0.35547593141415207,619700.0,341375.0,1.8153057488099598,1059013860.0,277,False,jpx_liquidity,JPX流動性
560,5331,ノリタケ,ガラス・土石製品,プライム,5331.T,2026-08-03,3425.0,0.007352941176470562,-0.017216642754662836,-0.1595092024539877,-0.03656821378340369,0.0703125,3483.0,3770.5833333333335,-0.016652311225954675,-0.0916524852476408,-0.24559471365638763,0.5290907761052446,391000.0,300925.0,1.299327074852538,1049280800.0,277,False,jpx_liquidity,JPX流動性
561,6849,日本光電工業,電気機器,プライム,6849.T,2026-08-03,1564.0,-0.01666142722414332,-0.022499999999999964,0.06684856753069579,0.09256025148445679,-0.07680849812829504,1554.2,1468.375,0.0063054947883154355,0.06512301013024602,-0.11156759860289311,0.30222795916712936,659200.0,665285.0,0.9908535439698776,1048790570.0,277,False,jpx_liquidity,JPX流動性
562,1414,ショーボンドホールディングス,建設業,プライム,1414.T,2026-08-03,1305.0,-0.013232514177693777,-0.011363636363636354,0.03571428571428581,-0.018058690744920947,-0.09968954812004138,1288.6,1270.1212443033853,0.012726990532360816,0.027460965520456515,-0.14761593729588507,0.16027283938588482,1098300.0,782105.0,1.40428714814507,1048121617.5,277,False,jpx_liquidity,JPX流動性
563,9076,セイノーホールディングス,陸運業,プライム,9076.T,2026-08-03,2669.0,0.013287775246773048,-0.014219759926131115,0.008501794823351672,0.09273285568065504,0.11927750131434611,2690.55,2645.4666666666667,-0.00800951478322287,0.008895720981805244,-0.03384615384615386,0.13929216499294195,954100.0,353055.0,2.7024118055260513,1041895630.0,277,False,jpx_liquidity,JPX流動性
564,8388,阿波銀行,銀行業,プライム,8388.T,2026-08-03,8350.0,0.0011990407673860837,-0.0575620767494357,0.10742705570291777,0.35551948051948057,0.5507702977720554,8045.5,7243.5,0.03784724380088256,0.15275764478497966,-0.0575620767494357,0.39253027836763554,134100.0,124015.0,1.0813208079667782,1038718100.0,277,False,jpx_liquidity,JPX流動性
565,5703,日本軽金属ホールディングス,非鉄金属,プライム,5703.T,2026-08-03,2835.0,0.04419889502762442,0.05586592178770955,0.02568740955137483,-0.03176229508196726,0.009506723837644504,2688.35,2912.5,0.05455018877750306,-0.026609442060085864,-0.13829787234042556,0.36770874053279784,1122900.0,340205.0,3.3006569568348496,1036623470.0,277,True,jpx_liquidity,JPX流動性
566,6516,山洋電気,電気機器,プライム,6516.T,2026-08-03,5500.0,0.0,-0.038461538461538436,-0.15773353751914243,-0.260752688172043,0.3053521640581063,5741.5,6490.0,-0.04206217887311681,-0.15254237288135597,-0.28385416666666663,0.4710398658767617,165700.0,186175.0,0.8900228279844232,1034147550.0,277,False,jpx_liquidity,JPX流動性
567,8541,愛媛銀行,銀行業,プライム,8541.T,2026-08-03,2675.0,-0.03811578568860119,-0.08296194720603356,0.21040723981900444,0.440495422724825,0.5153886257199074,2498.9,2162.2166666666667,0.07047100724318689,0.23715631335126752,-0.08765347885402452,0.6077805458014299,383300.0,374785.0,1.022719692623771,1029759655.0,277,False,jpx_liquidity,JPX流動性
568,2146,ＵＴグループ,サービス業,プライム,2146.T,2026-08-03,183.0,-0.005434782608695676,-0.010810810810810811,0.03389830508474567,-0.005434782608695676,-0.11105524002888956,181.15,177.66666666666666,0.01021253105161457,0.030018761726078758,-0.1317283590148386,0.15620981591091232,6389900.0,5587360.0,1.1436349188167578,1028520910.0,277,True,jpx_liquidity,JPX流動性
569,9533,東邦瓦斯,電気・ガス業,プライム,9533.T,2026-08-03,1145.0,-0.014205768402927199,-0.057613168724279795,-0.07474747474747478,-0.04821280133000827,-0.12380852741274362,1206.375,1229.0916666666667,-0.05087555693710499,-0.06841773396342832,-0.18397423332940976,0.18692974199412357,1077200.0,815825.0,1.3203812092054055,1016987232.5,277,False,jpx_liquidity,JPX流動性
570,8360,山梨中央銀行,銀行業,プライム,8360.T,2026-08-03,6670.0,0.03571428571428581,-0.08126721763085398,0.029320987654321007,0.24208566108007457,0.3335966651492219,6626.0,6190.5,0.00664050709326891,0.07745739439463684,-0.08126721763085398,0.555752309104184,234600.0,146240.0,1.6042122538293218,1013729400.0,277,False,jpx_liquidity,JPX流動性
571,7245,大同メタル工業,輸送用機器,プライム,7245.T,2026-08-03,1413.0,0.03516483516483526,0.05684367988032912,-0.2114955357142857,0.5544554455445545,0.34730459257910806,1369.85,1295.3666666666666,0.031499799248092986,0.09081083862998907,-0.21193530395984383,0.6557914814946403,738100.0,750475.0,0.9835104433858556,1010600805.0,277,False,jpx_liquidity,JPX流動性
572,7004,カナデビア,機械,プライム,7004.T,2026-08-03,1173.0,-0.012626262626262652,-0.04009819967266781,-0.11337868480725621,-0.07999999999999996,0.1119654232698617,1221.55,1303.8833333333334,-0.039744586795464776,-0.10037963519231019,-0.1927047487955953,0.30018587318280265,1025200.0,814260.0,1.2590573035639723,1007137255.0,277,False,jpx_liquidity,JPX流動性
573,3097,物語コーポレーション,小売業,プライム,3097.T,2026-08-03,5310.0,-0.031021897810219023,0.03106796116504862,0.120253164556962,0.26278240190249713,0.28883495145631066,5121.75,4850.341951497396,0.036755015375603994,0.09476817368736223,-0.031021897810219023,0.31567115706431653,304800.0,185875.0,1.6398117014122393,1000411875.0,277,False,jpx_liquidity,JPX流動性
574,7984,コクヨ,その他製品,プライム,7984.T,2026-08-03,887.0,-0.02506043976575323,0.004416288667061563,0.07242174607927887,0.09223005376896043,-0.041081081081081106,865.1249969482421,824.5513549804688,0.025285367003522907,0.07573651373238044,-0.0787286962546867,0.18918834353907177,1519300.0,1106550.0,1.3730061904116397,998887690.1309204,277,False,jpx_liquidity,JPX流動性
575,8338,筑波銀行,銀行業,プライム,8338.T,2026-08-03,628.0,0.009646302250803762,-0.08985507246376812,-0.036809815950920255,-0.012578616352201255,0.11872559585474196,639.35,635.8833333333333,-0.017752404786110954,-0.012397452362854833,-0.13615459892441129,0.5211072138211925,1433200.0,1560215.0,0.9185913479872966,998318715.0,277,False,jpx_liquidity,JPX流動性
576,3107,ダイワボウホールディングス,卸売業,プライム,3107.T,2026-08-03,3535.0,-0.011465324384787423,-0.017782717421505945,0.008847031963470364,0.038789303555686105,0.1604034567767072,3483.75,3452.9333333333334,0.01471115895227837,0.023767231725682514,-0.03283173734610123,0.21454507525718539,271600.0,289470.0,0.9382664870280167,993275995.0,277,False,jpx_liquidity,JPX流動性
577,9987,スズケン,卸売業,プライム,9987.T,2026-08-03,4982.0,-0.021410331958357842,-0.05068597560975607,0.006464646464646506,-0.07809030347890455,-0.20734216818199047,5119.15,5114.2,-0.026791557192111903,-0.025849595244613055,-0.2394996372335657,0.2604584487269092,208400.0,193560.0,1.0766687332093408,992492890.0,277,False,jpx_liquidity,JPX流動性
578,2531,宝ホールディングス,食料品,プライム,2531.T,2026-08-03,2034.0,-0.026561378320172246,-0.06932052161976665,-0.03784295175023655,0.12375690607734802,0.27611946985510283,2145.875,2117.975,-0.052134910001747525,-0.03964872106611261,-0.12421959095801938,0.2677603376202126,461800.0,498040.0,0.9272347602602201,984553425.0,277,False,jpx_liquidity,JPX流動性
579,2607,不二製油,食料品,プライム,2607.T,2026-08-03,3915.0,-0.012361251261352124,-0.00025536261491321266,-0.030700668482297577,0.18385243423042041,-0.0676130329880823,3991.3,3763.35,-0.01911657855836446,0.0402965443022838,-0.07418071161318984,0.3051623575644469,244900.0,247965.0,0.9876393845905672,984388535.0,277,False,jpx_liquidity,JPX流動性
580,4180,Ａｐｐｉｅｒ　Ｇｒｏｕｐ,情報・通信業,プライム,4180.T,2026-08-03,977.0,0.025183630640083887,0.07009857612267245,0.11529680365296802,-0.02006018054162484,0.007216494845360799,918.15,894.5166666666667,0.06409628056417804,0.09220994578077546,-0.075685903500473,0.487510420741885,1029000.0,1063400.0,0.9676509309761143,976444620.0,277,False,jpx_liquidity,JPX流動性
581,8020,兼松,卸売業,プライム,8020.T,2026-08-03,2101.0,0.0011913271384322854,-0.015233184907429087,0.007432270438743727,-0.027764923646459994,0.041705838437289255,2098.025,2111.266666666667,0.001418000262151331,-0.004862799583188693,-0.1330059742693358,0.2034048039978383,584100.0,449900.0,1.2982885085574571,972954405.0,277,False,jpx_liquidity,JPX流動性
582,2810,ハウス食品グループ本社,食料品,プライム,2810.T,2026-08-03,3818.0,-0.01420087787245028,-0.042627883650952825,-0.00831168831168827,0.29008278425409695,0.2738320654361681,3912.55,3649.1833333333334,-0.024165825356864512,0.04626149229736343,-0.07082015088829396,0.23232575113843118,265500.0,246000.0,1.079268292682927,969285055.0,277,False,jpx_liquidity,JPX流動性
583,8522,名古屋銀行,銀行業,プライム,8522.T,2026-08-03,6500.0,-0.001536098310291889,-0.07010014306151646,0.031746031746031855,0.11492281303602048,0.2915013159498083,6571.0,6154.166666666667,-0.010805052503424117,0.05619498984427884,-0.07010014306151646,0.417421982852604,163100.0,147035.0,1.1092597000714115,969201050.0,277,False,jpx_liquidity,JPX流動性
584,4483,ＪＭＤＣ,情報・通信業,プライム,4483.T,2026-08-03,3000.0,-0.04153354632587858,-0.08952959028831564,-0.008264462809917328,-0.10846953937592863,-0.05441114354305099,3197.75,2897.15,-0.06184035650066455,0.03550040557099221,-0.2775021896011116,0.3452820669478012,295000.0,308920.0,0.9549397902369545,960592400.0,277,False,jpx_liquidity,JPX流動性
585,9045,京阪ホールディングス,陸運業,プライム,9045.T,2026-08-03,3168.0,-0.02941176470588236,-0.03854324734446135,0.0034843205574912606,-0.034734917733089565,-0.050043807658609496,3250.6,3187.9666666666667,-0.025410693410447327,-0.006263135331820657,-0.08696887492399108,0.25731498094803096,392200.0,283185.0,1.3849603616010735,957392965.0,277,False,jpx_liquidity,JPX流動性
586,7616,コロワイド,小売業,プライム,7616.T,2026-08-03,2050.5,-0.003402187120291611,0.03117928086497357,0.11713429583219837,0.11198481561822127,0.14685350016150323,1973.15,1860.2583333333334,0.03920127714568067,0.10226626230227875,-0.050034746351633075,0.32202145501516777,598900.0,455335.0,1.3152953320083016,946324220.0,277,False,jpx_liquidity,JPX流動性
587,5715,古河機械金属,非鉄金属,プライム,5715.T,2026-08-03,3495.0,-0.016877637130801704,-0.05795148247978432,-0.029166666666666674,-0.18341121495327106,-0.29873843144139856,3590.75,3790.25,-0.026665738355496793,-0.0778972363300574,-0.46449120207650907,0.5017692948118242,260400.0,256705.0,1.014393954149705,941493525.0,277,False,jpx_liquidity,JPX流動性
588,9627,アインホールディングス,小売業,プライム,9627.T,2026-08-03,5797.0,-0.014618391976882528,-0.01662425784563193,0.0385166606950913,0.05189620758483038,-0.09561653139549176,5821.1,5672.1,-0.004140110975588862,0.022020063115953503,-0.09825319185814319,0.32227624004455185,229300.0,154450.0,1.484622855292975,940084455.0,277,False,jpx_liquidity,JPX流動性
589,6058,ベクトル,サービス業,プライム,6058.T,2026-08-03,1788.0,0.006756756756756799,-0.011608623548922004,-0.05546751188589538,0.39252336448598135,0.19590840540794097,1819.2,1582.8,-0.01715039577836419,0.12964366944655037,-0.0978809283551968,0.5000185088336124,303300.0,528600.0,0.5737797956867197,933070955.0,277,False,jpx_liquidity,JPX流動性
590,4206,アイカ工業,化学,プライム,4206.T,2026-08-03,3649.0,-0.010306482234879288,-0.014582770726437988,-0.021190987124463545,0.07228915662650603,0.013127619150393288,3698.85,3569.15,-0.013477161820565797,0.02237227351049964,-0.07155243202533557,0.14841535433054412,233700.0,250005.0,0.9347813043739125,928789450.0,277,False,jpx_liquidity,JPX流動性
591,8111,ゴールドウイン,繊維製品,プライム,8111.T,2026-08-03,2281.0,-0.004582151429194825,-0.031216818857506934,0.019441340782123007,0.029564432408034413,-0.1076268917608717,2299.525,2205.491666666667,-0.00805601156760638,0.034236508110436326,-0.1289900687086245,0.2471953908186299,328500.0,404385.0,0.8123446715382618,927641392.5,277,False,jpx_liquidity,JPX流動性
592,6544,ジャパンエレベーターサービスホールディングス,サービス業,プライム,6544.T,2026-08-03,1641.0,-0.03071470761961015,-0.028419182948490218,-0.10082191780821914,-0.010849909584086825,0.01501677679422686,1744.925,1727.0416666666667,-0.059558433743570616,-0.049820261043692304,-0.13243457573354478,0.23036996964934842,620100.0,524085.0,1.1832050144537622,916384370.0,277,False,jpx_liquidity,JPX流動性
593,8370,紀陽銀行,銀行業,プライム,8370.T,2026-08-03,4735.0,0.009594882729211163,-0.05489021956087825,0.04065934065934074,0.12738095238095237,0.20573344076074518,4721.5,4511.25,0.0028592608281265974,0.04959822665558322,-0.05489021956087825,0.27529880195328266,311200.0,183400.0,1.6968375136314067,912899000.0,277,False,jpx_liquidity,JPX流動性
594,8336,武蔵野銀行,銀行業,プライム,8336.T,2026-08-03,2587.0,0.0038804811796662175,-0.0803412726626378,0.0011609907120742058,0.08242677824267775,0.35026545992080504,2639.6,2525.85,-0.019927261706319088,0.02420967199160673,-0.0803412726626378,0.39962858594100187,543700.0,328975.0,1.652709172429516,905910815.0,277,False,jpx_liquidity,JPX流動性
595,4413,ボードルア,情報・通信業,プライム,4413.T,2026-08-03,2766.0,-0.03590101080515862,-0.07799999999999996,-0.04455958549222794,0.32980769230769225,0.5845354198030004,3034.35,2616.6833333333334,-0.08843739186316668,0.05706333080681003,-0.1409937888198758,0.4789049469513861,155400.0,307165.0,0.5059170152849446,904322940.0,277,False,jpx_liquidity,JPX流動性
596,1417,ミライト・ワン,建設業,プライム,1417.T,2026-08-03,3437.0,-0.03237612612612617,-0.06425265450585349,-0.10704078981553655,-0.16537153958232154,-0.09458703593166562,3668.95,3822.0333333333333,-0.06321972226386297,-0.10074044356843215,-0.17794785936378854,0.21200632255586987,361800.0,238695.0,1.5157418462891976,901850465.0,277,False,jpx_liquidity,JPX流動性
597,2353,日本駐車場開発,不動産業,プライム,2353.T,2026-08-03,252.0,0.024390243902439046,-0.012284992006510786,0.0,-0.023255813953488413,-0.09677419354838712,255.00242462158204,249.26747487386066,-0.01177410225035147,0.01096222091358734,-0.12802768166089962,0.2628168886153954,3449600.0,3412345.0,1.0109177120132928,901662655.0,277,False,jpx_liquidity,JPX流動性
598,9505,北陸電力,電気・ガス業,プライム,9505.T,2026-08-03,940.0,-0.02236089443577738,-0.027418520434557725,0.060948081264108334,0.059274255283763955,-0.02235344722078758,931.8000061035157,883.6200002034506,0.008800165102782032,0.06380570809122488,-0.16005982182816092,0.306960623160259,972600.0,940060.0,1.034614811820522,901391333.4799194,277,False,jpx_liquidity,JPX流動性
599,8086,ニプロ,精密機器,プライム,8086.T,2026-08-03,1608.5,-0.01015384615384618,-0.011977886977886931,0.03208213025344886,0.09013893595391398,0.13336886212340837,1591.75,1634.675,0.010523009266530492,-0.016012357196384608,-0.08059445555873102,0.23301840857257297,662500.0,548905.0,1.2069483790455544,893670085.0,277,False,jpx_liquidity,JPX流動性
600,9743,丹青社,サービス業,プライム,9743.T,2026-08-03,1426.0,0.02663786897048226,0.017082094317455443,0.03258508327299059,-0.0007007708479327412,-0.06675392670157065,1389.7187561035157,1369.7062520345053,0.026106896620010644,0.041099139236517646,-0.12300123001230012,0.2021721788774061,1234800.0,586225.0,2.1063584801057615,892256665.0,277,False,jpx_liquidity,JPX流動性
