liquidity_rank,code,name,industry,market,ticker,trade_date,close,return_1d,return_5d,return_20d,return_60d,return_120d,ma20,ma60,distance_ma20,distance_ma60,distance_high_120d,volatility_20d,latest_volume,avg_volume_20d,volume_ratio_20d,avg_turnover_20d,history_days,in_yahoo_pool,universe_source,universe_label
1,285A,キオクシアホールディングス,電気機器,プライム,285A.T,2026-06-19,108600.0,0.12074303405572762,0.3374384236453203,0.89198606271777,4.059399021663173,10.419558359621451,78068.5,49119.25,0.3910860334193689,1.2109458104510962,0.0,0.9949378383688657,34871100.0,37820730.0,0.9220102308971826,2953857095350.0,247,True,jpx_liquidity,JPX流動性
2,9984,ソフトバンクグループ,情報・通信業,プライム,9984.T,2026-06-19,7111.0,-0.010849909584086825,0.09873300370828186,0.052390113955897544,1.0304889955147742,0.7664309982433122,7292.1,5651.999060058593,-0.024835095514323724,0.25813892119194404,-0.1762048192771084,1.0084389755963716,79507100.0,79934600.0,0.9946518779101916,582101961735.0,247,True,jpx_liquidity,JPX流動性
3,6976,太陽誘電,電気機器,プライム,6976.T,2026-06-19,19315.0,-0.027442094662638472,0.22829888712241653,1.1220610854757198,3.9740277997478604,4.806729999764396,16121.5,9246.324727376303,0.19808950780014256,1.0889380991360382,-0.073398896617894,1.5074127214051427,23906000.0,25334325.0,0.9436209569428039,438967991600.0,247,True,jpx_liquidity,JPX流動性
4,6981,村田製作所,電気機器,プライム,6981.T,2026-06-19,11750.0,0.00042571306939120923,0.3733052828424497,0.6479663394109396,2.381085689039172,2.754621211784337,9612.65,6425.8814697265625,0.22234763566758398,0.8285429096936008,0.0,1.1951147315551356,47359300.0,42176610.0,1.1228806677445153,419622192625.0,247,True,jpx_liquidity,JPX流動性
5,8035,東京エレクトロン,電気機器,プライム,8035.T,2026-06-19,75360.0,-0.009463722397476393,0.10823529411764699,0.5123419626730885,0.9860234194814805,1.5095579191264856,61374.5,50256.56796875,0.22787151015486895,0.49950549840290615,-0.009463722397476393,0.7677108628053984,6107100.0,4466360.0,1.3673550721392813,292278352150.0,247,True,jpx_liquidity,JPX流動性
6,5803,フジクラ,非鉄金属,プライム,5803.T,2026-06-19,5161.0,0.1569154898004932,0.2126409774436091,0.06412371134020622,0.2787663132345497,0.9493975385871225,4726.9,5222.855558268229,0.09183608707609636,-0.011843245055917051,-0.34296626352641635,1.0356744311117665,3131200.0,59540430.0,0.05258947575622144,259318739410.0,247,True,jpx_liquidity,JPX流動性
7,6857,アドバンテスト,電気機器,プライム,6857.T,2026-06-19,31740.0,0.04752475247524757,0.16157365050320216,0.1823430806481654,0.398293107838011,0.6901462942611045,27461.0,26488.442805989584,0.15582098248425047,0.19825843415842215,0.0,0.6684700084582043,9887400.0,8580690.0,1.1522849561049286,240013425900.0,247,True,jpx_liquidity,JPX流動性
8,5801,古河電気工業,非鉄金属,プライム,5801.T,2026-06-19,53360.0,0.1509922346850734,0.26775956284153013,-0.00540540540540535,0.94094081812539,4.929938338696877,49380.5,45060.4619140625,0.08058849140855195,0.1841867067800158,-0.11273694712337878,0.9618509521951307,1455100.0,4037380.0,0.3604069966166177,194619565700.0,247,True,jpx_liquidity,JPX流動性
9,4062,イビデン,電気機器,プライム,4062.T,2026-06-19,24560.0,-0.04491541901613849,0.2855273488615546,0.2758441558441558,2.2632139753266984,3.4114089117180244,20934.25,14828.534358723959,0.17319703356938998,0.6562661828780674,-0.04491541901613849,1.2404315308364158,11198800.0,8653815.0,1.294088214273127,185572966900.0,247,True,jpx_liquidity,JPX流動性
10,6920,レーザーテック,電気機器,プライム,6920.T,2026-06-19,55100.0,-0.023914968999114272,0.2522727272727272,0.44505638604773146,0.7202622541367467,0.970221105834365,43717.5,41085.5,0.26036484245439473,0.341105742901997,-0.023914968999114272,0.9198773153427627,5372300.0,3491690.0,1.5385959234639959,166015488500.0,247,True,jpx_liquidity,JPX流動性
11,6146,ディスコ,機械,プライム,6146.T,2026-06-19,84900.0,-0.0010589481115425015,0.06257822277847302,0.2890980868508959,0.3075428747233464,0.9326063296271794,72830.0,70217.81360677084,0.16572840862282034,0.2090948954271259,-0.004105571847507372,0.7640386606698134,2064700.0,1961960.0,1.052366001345593,148239657000.0,247,False,jpx_liquidity,JPX流動性
12,8306,三菱ＵＦＪフィナンシャル・グループ,銀行業,プライム,8306.T,2026-06-19,3278.0,-0.02845287492590398,0.03668564199873492,0.06049822064056931,0.30269229978123335,0.37536212035430605,3148.05,2940.1772420247394,0.04127952224392861,0.11489877315784569,-0.02845287492590398,0.2446217379445797,53414800.0,45477995.0,1.1745196770438098,145472698220.0,247,True,jpx_liquidity,JPX流動性
13,5706,三井金属,非鉄金属,プライム,5706.T,2026-06-19,48820.0,0.01496881496881497,0.11207289293849665,-0.01592420882886514,0.6802820170692632,1.8433294513531155,46875.5,41687.50869140625,0.041482224189608674,0.17109420861276115,-0.11074681238615669,0.9799514312973536,2142500.0,2265210.0,0.9458284220889013,107052974100.0,247,False,jpx_liquidity,JPX流動性
14,8316,三井住友フィナンシャルグループ,銀行業,プライム,8316.T,2026-06-19,6482.0,-0.03656361474435199,0.011863877614736174,0.07925407925407923,0.3138561962258519,0.33980159028530155,6188.45,5750.6082763671875,0.04743514127123927,0.12718510607626565,-0.03656361474435199,0.3098687759051346,20049100.0,15047755.0,1.332364861070638,95783168870.0,247,True,jpx_liquidity,JPX流動性
15,7011,三菱重工業,機械,プライム,7011.T,2026-06-19,3917.0,-0.012852822580645129,0.1064971751412429,-0.013101536911060752,-0.13036149982963918,0.030741793399770678,3736.5,4244.328173828125,0.0483072393951558,-0.07712131588846838,-0.24385810312069567,0.3897356303202693,23852400.0,25163920.0,0.947880934290047,94339182970.0,247,True,jpx_liquidity,JPX流動性
16,5016,ＪＸ金属,非鉄金属,プライム,5016.T,2026-06-19,4747.0,0.0862700228832951,0.33455158841720545,0.18853279919879817,0.4186690536226758,1.8415553668691715,3920.05,4218.360319010417,0.21095394191400607,0.12531875918878277,-0.17010489510489513,0.9456570675168343,56189200.0,20483595.0,2.7431317598302445,90981099160.0,247,True,jpx_liquidity,JPX流動性
17,8411,みずほフィナンシャルグループ,銀行業,プライム,8411.T,2026-06-19,7884.0,-0.04424778761061943,0.042443474811582727,0.057261633364623865,0.34502197743429064,0.42404201208418923,7558.85,6984.885799153646,0.04301580266839533,0.1287228204869575,-0.04424778761061943,0.3647775243957532,14725900.0,11405070.0,1.291171382551795,87219192490.0,247,True,jpx_liquidity,JPX流動性
18,5802,住友電気工業,非鉄金属,プライム,5802.T,2026-06-19,13485.0,0.10532786885245904,0.22926162260711025,0.1408629441624365,0.4797675175221301,1.242529315513782,12263.0,10949.47177734375,0.09964935170839118,0.2315662594704042,-0.034371643394199736,0.8455534523550371,12930000.0,6619830.0,1.9532223637162889,85668223850.0,247,True,jpx_liquidity,JPX流動性
19,6723,ルネサスエレクトロニクス,電気機器,プライム,6723.T,2026-06-19,4734.0,0.04043956043956043,0.08702640642939152,0.17062314540059353,1.0799648506151143,1.3801984502811582,4473.0,3471.7166666666667,0.05835010060362178,0.36359053878244674,-0.021496486151302174,0.6909753986286133,21289900.0,17878250.0,1.1908268426719617,80734738230.0,247,True,jpx_liquidity,JPX流動性
20,9983,ファーストリテイリング,小売業,プライム,9983.T,2026-06-19,83100.0,-0.01189060642092743,0.03191357258164662,0.10051648788239964,0.3440077632217371,0.48066524142243416,79673.0,73355.0,0.0430133169329634,0.13284711335287303,-0.01189060642092743,0.267148533543864,1258000.0,979710.0,1.2840534443866043,78755628250.0,247,False,jpx_liquidity,JPX流動性
21,7203,トヨタ自動車,輸送用機器,プライム,7203.T,2026-06-19,2776.5,-0.006085555754429928,0.0003602954422625704,-0.07047204553063269,-0.13323847072533312,-0.16210478169791953,2878.325,3066.513838704427,-0.0353764776389045,-0.0945744431490827,-0.2855370965483329,0.2834515796921268,28789700.0,26072405.0,1.1042211104038926,76747042112.5,247,True,jpx_liquidity,JPX流動性
22,6762,ＴＤＫ,電気機器,プライム,6762.T,2026-06-19,3909.0,0.014007782101167265,0.11558219178082196,0.15994065281899106,0.9321408705496013,0.7788585629112939,3818.75,2962.3420552571615,0.023633387888706947,0.3195640230211898,-0.04913646314765263,0.8173282837929561,18006600.0,18560930.0,0.9701345783858891,71985392315.0,247,True,jpx_liquidity,JPX流動性
23,4004,レゾナック・ホールディングス,化学,プライム,4004.T,2026-06-19,18390.0,-0.0016286644951140072,0.08495575221238938,0.021099389228206533,0.7648752399232246,2.2087839697799705,17908.75,15177.7,0.026872338940462148,0.21164603332520726,-0.054498714652956304,0.7160306624031433,3844400.0,3980550.0,0.9657961839444298,71568844925.0,247,False,jpx_liquidity,JPX流動性
24,7974,任天堂,その他製品,プライム,7974.T,2026-06-19,7076.0,-0.012559307842589962,-0.013660440479509317,-0.022651933701657412,-0.23509582964032372,-0.34323382984466555,7248.95,7820.787858072917,-0.023858627801267795,-0.09523181955435833,-0.3353683699756421,0.36888683051859306,7264000.0,9915325.0,0.7326033186002476,70495901845.0,247,True,jpx_liquidity,JPX流動性
25,6758,ソニーグループ,電気機器,プライム,6758.T,2026-06-19,3140.0,-0.03384615384615386,-0.04617253948967193,-0.10921985815602842,-0.012443887024865763,-0.22281088344181543,3438.15,3373.5108927408855,-0.08671814784113552,-0.06921895324048122,-0.23320871885967176,0.2789418929038628,30032000.0,19602525.0,1.5320475295912135,69472722520.0,247,True,jpx_liquidity,JPX流動性
26,6501,日立製作所,電気機器,プライム,6501.T,2026-06-19,4764.0,-0.007499999999999951,0.022976164913034225,-0.04758096761295483,-0.0017850202151211692,-0.004274304147326213,4956.5,4922.052604166666,-0.038837889639866896,-0.032111116413682805,-0.17644692386212357,0.3546040105742458,18577100.0,13766510.0,1.3494415069614594,69467692780.0,247,True,jpx_liquidity,JPX流動性
27,6525,ＫＯＫＵＳＡＩ　ＥＬＥＣＴＲＩＣ,電気機器,プライム,6525.T,2026-06-19,10165.0,0.05021179873953918,0.1453521126760564,0.4076997645755436,0.9331198146099589,1.2598743961803653,8368.2,7017.645182291667,0.2147176214717621,0.4484915859881846,0.0,0.9559166322340049,6978400.0,7326005.0,0.952551902435229,61159570665.0,247,True,jpx_liquidity,JPX流動性
28,6098,リクルートホールディングス,サービス業,プライム,6098.T,2026-06-19,10865.0,-0.026869682042095833,0.006950880444856367,0.10991929717029314,0.7249046425447156,0.2301811996703671,10666.7,8570.356477864583,0.018590566904478356,0.26774189942530335,-0.04525483304042177,0.39513081834694297,4637000.0,5633630.0,0.8230927483700563,59857333245.0,247,False,jpx_liquidity,JPX流動性
29,4063,信越化学工業,化学,プライム,4063.T,2026-06-19,7310.0,-0.019975868078830894,0.016972732331663964,0.03923798692067093,0.21416911270460437,0.5400268753354145,7320.5,6974.334285481771,-0.0014343282562666593,0.048128710322499435,-0.06354086600051245,0.5395173031647156,8258600.0,8003265.0,1.0319038542394885,58934812420.0,247,True,jpx_liquidity,JPX流動性
30,8058,三菱商事,卸売業,プライム,8058.T,2026-06-19,4540.0,-0.006564551422319487,-0.030535981208626994,-0.16421207658321058,-0.13054756431062475,0.2634380731330124,4844.8,5156.269905598959,-0.06291281373844126,-0.11951855059599947,-0.22815368922135326,0.22878485029336376,18848500.0,10943740.0,1.722308826781338,56103444365.0,247,True,jpx_liquidity,JPX流動性
31,3436,ＳＵＭＣＯ,金属製品,プライム,3436.T,2026-06-19,4254.0,-0.015277777777777724,0.1645223104297837,0.33899905571293676,1.6654135338345863,2.3757702186481815,3870.05,2891.2083333333335,0.09921060451415342,0.47135713153381653,-0.0459744337295358,1.2481946751605477,10304700.0,13829965.0,0.7450994995287407,54267894425.0,247,True,jpx_liquidity,JPX流動性
32,3110,日東紡績,ガラス・土石製品,プライム,3110.T,2026-06-19,19500.0,0.01615424700364776,0.06093579978237207,-0.2295535361517187,-0.02630896784654535,0.8873470807462809,21132.0,23696.551139322917,-0.07722884724588297,-0.17709543952828677,-0.3896713615023474,0.9681579739532876,2301300.0,2534645.0,0.90793779799538,52846099500.0,247,False,jpx_liquidity,JPX流動性
33,6861,キーエンス,電気機器,プライム,6861.T,2026-06-19,77700.0,0.0023219814241486336,0.06995318094188918,-0.021040695476880478,0.38059701492537323,0.39319513213788193,76642.5,70231.5,0.013797827576083721,0.10634117169646107,-0.07686824284186766,0.4000717940174865,984900.0,663540.0,1.484311420562438,51355253550.0,247,False,jpx_liquidity,JPX流動性
34,6752,パナソニック　ホールディングス,電気機器,プライム,6752.T,2026-06-19,4419.0,0.026480836236933758,0.1628947368421052,0.26005132591958935,0.7770434937303048,1.2589460175368172,3824.0,3283.098701985677,0.15559623430962333,0.34598451070852954,0.0,0.6007394594555403,16565200.0,13047090.0,1.2696471013842934,51281441365.0,247,True,jpx_liquidity,JPX流動性
35,6954,ファナック,電気機器,プライム,6954.T,2026-06-19,7473.0,-0.01619273301737756,0.07525179856115116,-0.08575972596036208,0.33542060280158426,0.3302418627257717,7601.1,6923.4910888671875,-0.01685282393337806,0.07936876123324699,-0.11331276696725201,0.5191581027377195,5994600.0,6446375.0,0.929917977157705,47898030685.0,247,True,jpx_liquidity,JPX流動性
36,7013,ＩＨＩ,機械,プライム,7013.T,2026-06-19,2817.0,-0.01709699930216324,0.1592592592592592,0.020282506338283213,-0.1858583140277683,0.02748559076205881,2662.45,2943.7456665039062,0.05804803846081619,-0.04305591612281978,-0.37220633300285355,0.6084459074703821,16515300.0,17999235.0,0.9175556627823349,47739018502.5,247,True,jpx_liquidity,JPX流動性
37,8766,東京海上ホールディングス,保険業,プライム,8766.T,2026-06-19,7194.0,-0.017749863462588777,-0.01788395904436857,-0.025335320417287588,0.24695077775987273,0.2380726374346649,7236.7,7257.0579020182295,-0.005900479500324685,-0.00868918270594099,-0.09498050069191089,0.21576808838662717,8663500.0,6146360.0,1.4095334474388093,44762116100.0,247,True,jpx_liquidity,JPX流動性
38,6503,三菱電機,電気機器,プライム,6503.T,2026-06-19,6051.0,-0.0008256274768824179,0.09125338142470696,-0.03967624186637042,0.18297403736963136,0.34242637612144655,6030.2,5913.775170898438,0.0034493051640078765,0.02320426886988236,-0.07759146341463419,0.48708080563229833,6589200.0,7357860.0,0.8955321248297738,44351118045.0,247,True,jpx_liquidity,JPX流動性
39,7735,ＳＣＲＥＥＮホールディングス,電気機器,プライム,7735.T,2026-06-19,16745.0,0.019482496194825005,0.20078881319469355,0.5555039479795634,0.7935813667903224,1.6419916753644839,12958.75,11256.2310546875,0.29217710041477774,0.48762049380878514,0.0,0.8453973911279451,3777500.0,2849185.0,1.3258177338431867,39011542825.0,247,False,jpx_liquidity,JPX流動性
40,7012,川崎重工業,輸送用機器,プライム,7012.T,2026-06-19,3191.0,0.009810126582278533,0.12597035991531413,0.07404914170313015,0.045001133321367126,0.4557065068185344,2992.95,3088.6628295898436,0.0661721712691492,0.033133163461466664,-0.12618003611384343,0.6417100110813917,9062200.0,13528555.0,0.6698572020441208,38056872310.0,247,True,jpx_liquidity,JPX流動性
41,9432,ＮＴＴ,情報・通信業,プライム,9432.T,2026-06-19,144.39999389648438,-0.023664639245689623,-0.024324365564294737,-0.053735333414526854,-0.06466590219522961,-0.06287522901057041,148.04999847412108,151.58786112467448,-0.024653864338098797,-0.047417168992696546,-0.0862013026515367,0.15528544470044964,400137200.0,245059675.0,1.632815354056109,37739796939.747696,247,True,jpx_liquidity,JPX流動性
42,8031,三井物産,卸売業,プライム,8031.T,2026-06-19,4716.0,-0.0006357279084552303,-0.03479328694228412,-0.1548387096774193,-0.1897060854294772,0.0645641609139076,5010.5,5666.976920572916,-0.058776569204670226,-0.1678102688437939,-0.2852280063905197,0.20876044403534336,12406500.0,6407530.0,1.936237520542237,33471495825.0,247,True,jpx_liquidity,JPX流動性
43,6702,富士通,電気機器,プライム,6702.T,2026-06-19,3211.0,-0.03948549207298835,-0.015030674846625791,-0.029029331720592633,-0.006798225079064912,-0.22756224163746097,3415.55,3407.221956380208,-0.05988786579028271,-0.0575900128879987,-0.2998741586622917,0.4873328167793875,13371600.0,9303460.0,1.4372717247131712,33078298895.0,247,True,jpx_liquidity,JPX流動性
44,6506,安川電機,電気機器,プライム,6506.T,2026-06-19,7128.0,-0.017234247897421784,0.1251775848460932,0.010777084515031232,0.6803394625176804,0.631742271767918,6851.45,5879.983333333334,0.04036371862890342,0.21224833403722787,-0.04718620505280047,0.6561202132500216,4267300.0,4844695.0,0.8808191227724346,32589276805.0,247,False,jpx_liquidity,JPX流動性
45,6971,京セラ,電気機器,プライム,6971.T,2026-06-19,3680.0,-0.0029802221620157665,0.0024516480523018025,0.22789456122789464,0.593013487362289,0.6941860476878718,3570.85,2971.133337402344,0.030566951846199064,0.2385846012610855,-0.05954510605673391,0.5012110222978678,12048700.0,8515815.0,1.414861642720045,31803358205.0,247,True,jpx_liquidity,JPX流動性
46,6701,日本電気,電気機器,プライム,6701.T,2026-06-19,3756.0,-0.054618676063428184,-0.031709203402938924,-0.08501827040194887,-0.03848659556500422,-0.28926898249248245,4071.7,4116.494392903646,-0.07753518186506858,-0.08757315290532064,-0.3704243092891676,0.3958893473121035,13183200.0,7387470.0,1.7845351656250381,31759721725.0,247,True,jpx_liquidity,JPX流動性
47,6963,ローム,電気機器,プライム,6963.T,2026-06-19,5509.0,0.05942307692307702,0.11699107866991088,0.1989118607181719,0.7897738692550609,1.6406079859534959,5157.6,4187.877856445312,0.06813246471226919,0.31546338953544883,-0.019052706552706522,0.8833220255531792,7773000.0,5793735.0,1.3416215964313176,30801513010.0,247,True,jpx_liquidity,JPX流動性
48,7220,武蔵精密工業,輸送用機器,プライム,7220.T,2026-06-19,4600.0,0.03023516237402024,-0.05834186284544529,-0.1711711711711712,0.8810046147587423,0.8538530253561747,6746.0,4877.452571614584,-0.3181144381855915,-0.056884729793023614,-0.5277207392197125,1.746613204073224,3109500.0,4394680.0,0.7075600498784894,29961666925.0,247,False,jpx_liquidity,JPX流動性
49,2802,味の素,食料品,プライム,2802.T,2026-06-19,5790.0,0.0005184033177811909,0.12252811167119049,0.09245283018867934,0.3938790453239438,0.7360091693759359,5199.4,4949.893334960938,0.11359002961880216,0.16972217544677481,0.0,0.5261901549458684,9507900.0,5398840.0,1.761100532707026,29908734005.0,247,True,jpx_liquidity,JPX流動性
50,7267,本田技研工業,輸送用機器,プライム,7267.T,2026-06-19,1412.5,-0.0010608203677510142,0.001063075832742788,0.008208422555317618,0.12958192231586163,-0.060023882827921815,1433.175,1341.803885904948,-0.014426012175763558,0.05268736723576617,-0.1427995293812958,0.378102701390011,25085100.0,19664395.0,1.2756609089677053,29010409175.0,247,True,jpx_liquidity,JPX流動性
51,8001,伊藤忠商事,卸売業,プライム,8001.T,2026-06-19,1847.5,-0.012560128273650495,-0.015454303224087362,-0.05232110797640421,-0.046992003022479745,0.0036650533676521047,1878.9,1961.2531127929688,-0.01671190590238969,-0.05800022039530428,-0.17734838089817062,0.2160488353502602,14564900.0,14788285.0,0.9848944620691311,28231549215.0,247,True,jpx_liquidity,JPX流動性
52,7741,ＨＯＹＡ,精密機器,プライム,7741.T,2026-06-19,27245.0,-0.044537962475889925,0.031226343679030988,0.0388941849380362,0.005532597575898857,0.1599681016754937,26613.25,27613.031640625,0.02373817553286428,-0.01332818668427338,-0.09274059274059276,0.40489717135680964,1231700.0,1041815.0,1.1822636456568585,27992173225.0,247,False,jpx_liquidity,JPX流動性
53,6526,ソシオネクスト,電気機器,プライム,6526.T,2026-06-19,2630.0,0.009984639016897168,0.1611479028697571,-0.034330824306958,0.5258904679864116,0.24891136695211502,2623.925,2227.4530395507813,0.0023152338576750697,0.18072073947309875,-0.1291390728476821,0.7498632163416149,18410200.0,10236540.0,1.798478782869993,27810966570.0,247,True,jpx_liquidity,JPX流動性
54,2914,日本たばこ産業,食料品,プライム,2914.T,2026-06-19,6075.0,-0.0019714144898964614,-0.01651287032540072,-0.009618519726116714,0.06709994730370639,0.07680184244451049,6107.95,6036.883333333333,-0.005394608665755252,0.006313964435290753,-0.05857740585774063,0.20132811604945738,4598600.0,4392525.0,1.0469149293401858,27158286445.0,247,False,jpx_liquidity,JPX流動性
55,6301,小松製作所,機械,プライム,6301.T,2026-06-19,6492.0,-0.024199609198857663,-0.005057471264367841,0.04105195638229642,0.10755073026237372,0.32119907048337537,6609.05,6594.384261067708,-0.017710563545441538,-0.015525977409622693,-0.15517123717231918,0.4543667827674735,5669000.0,3910430.0,1.4497126914431406,26892726475.0,247,True,jpx_liquidity,JPX流動性
56,5713,住友金属鉱山,非鉄金属,プライム,5713.T,2026-06-19,8607.0,-0.0718214170171465,-0.0035887937022458516,-0.09438131313131315,0.046059619300615307,0.5101932761748393,8816.95,9468.69521484375,-0.02381208921452438,-0.0910046416419551,-0.32891867997758084,0.7370257086437981,3982200.0,2987460.0,1.3329718222168665,26833071195.0,247,False,jpx_liquidity,JPX流動性
57,8591,オリックス,その他金融業,プライム,8591.T,2026-06-19,6325.0,-0.021200866604766277,0.03824688115561381,0.015248796147672605,0.4047702499644297,0.4343245323131606,6225.2,5511.433268229167,0.016031613442138326,0.14761436674932904,-0.021200866604766277,0.25054876498782847,6392700.0,4029130.0,1.586620436669951,26157762745.0,247,True,jpx_liquidity,JPX流動性
58,6367,ダイキン工業,機械,プライム,6367.T,2026-06-19,23890.0,0.003992435385585136,0.037342596613113344,-0.007271971743195493,0.2939919309579271,0.22776006820710815,23486.25,22309.13525390625,0.017190909574751112,0.07086176707888958,-0.0733126454615981,0.32786188163887486,1592300.0,1082310.0,1.4712051075939425,26071988375.0,247,False,jpx_liquidity,JPX流動性
59,9433,ＫＤＤＩ,情報・通信業,プライム,9433.T,2026-06-19,2721.5,0.0022095378383355513,-0.01715420729505235,0.004428861413545038,0.03681455550105128,0.018463845344075747,2703.05,2662.076940917969,0.0068256229074563635,0.02232206671740311,-0.021043165467625857,0.23407040240644877,14914200.0,9060295.0,1.6461053420446023,25396214765.0,247,True,jpx_liquidity,JPX流動性
60,8053,住友商事,卸売業,プライム,8053.T,2026-06-19,6435.0,-0.011065006915629283,0.02811950790861162,-0.09760201935212454,0.19190269340445565,0.22803455375367432,6746.3,6499.089518229167,-0.046143812163704556,-0.009861307195323854,-0.16417716586569686,0.31587450885078644,5625200.0,3502125.0,1.6062247920905164,24844082785.0,247,True,jpx_liquidity,JPX流動性
61,6273,ＳＭＣ,機械,プライム,6273.T,2026-06-19,72840.0,0.0033057851239668423,0.1118913143031599,0.09913988229968318,0.2170619090724144,0.36023232516945236,66652.0,68813.37682291666,0.09284042489347666,0.05851512253853475,-0.1385998107852412,0.4697543857929388,543900.0,363200.0,1.4975220264317182,24468583100.0,247,False,jpx_liquidity,JPX流動性
62,8002,丸紅,卸売業,プライム,8002.T,2026-06-19,4895.0,-0.0028519046649011504,-0.0008164931618698246,-0.07133371276797573,-0.04713130725551806,0.16614049577163326,5005.95,5520.487646484375,-0.02216362528590976,-0.11330297005242018,-0.2152934861037119,0.3047211717077789,4858000.0,4680330.0,1.0379609984766032,23615220925.0,247,True,jpx_liquidity,JPX流動性
63,7182,ゆうちょ銀行,銀行業,プライム,7182.T,2026-06-19,3190.0,-0.03216019417475724,-0.006540018685767701,0.02770618556701021,0.31071539811521665,0.6211564851923301,3127.025,2859.4035074869794,0.020138949960425645,0.11561729278410571,-0.03216019417475724,0.3733768190794339,7403100.0,7400810.0,1.0003094255899017,23154004050.0,247,True,jpx_liquidity,JPX流動性
64,8725,ＭＳ＆ＡＤインシュアランスグループホールディングス,保険業,プライム,8725.T,2026-06-19,4551.0,-0.008064516129032251,-0.010006525995214233,0.07208480565371023,0.19331848030514198,0.2421752882304551,4417.15,4222.6310343424475,0.03030234427175893,0.07776406770730016,-0.02610742563663604,0.20573473470398396,5609000.0,4999360.0,1.1219436087819241,22252121980.0,247,True,jpx_liquidity,JPX流動性
65,4568,第一三共,医薬品,プライム,4568.T,2026-06-19,2541.5,-0.060790835181079084,0.016396720655868835,-0.040762408001509765,-0.13009619429452535,-0.22903769907762106,2576.55,2696.634806315104,-0.013603461993751398,-0.05752903802613618,-0.27278793415709846,0.4286286740782919,12977700.0,8232560.0,1.5763869318899588,22138001112.5,247,True,jpx_liquidity,JPX流動性
66,4502,武田薬品工業,医薬品,プライム,4502.T,2026-06-19,4934.0,-0.020448679769704214,-0.029122392758756388,-0.03425327852808768,-0.09988198058474174,0.11927716421736023,5000.6,5323.237443033854,-0.013318401791785006,-0.07312043605028773,-0.16230899830220713,0.2789593720015248,3916500.0,4352080.0,0.8999145236300803,21778006675.0,247,False,jpx_liquidity,JPX流動性
67,1605,ＩＮＰＥＸ,鉱業,プライム,1605.T,2026-06-19,3500.0,0.020705745115193963,-0.016577690362461373,-0.08830424589736907,-0.21927280838724073,0.14174725239192698,3571.25,3969.65,-0.019950997549877503,-0.11831017847921099,-0.2857142857142857,0.41591157589455097,6833200.0,5819735.0,1.1741428089079657,21187132450.0,247,True,jpx_liquidity,JPX流動性
68,8308,りそなホールディングス,銀行業,プライム,8308.T,2026-06-19,2196.0,-0.02659574468085102,0.02282254308337217,0.026408039261509808,0.30673941942537297,0.451551832635797,2111.85,1982.8133076985678,0.03984658001278496,0.1075172793493484,-0.02659574468085102,0.30617080037853417,14315100.0,9605330.0,1.4903288070269318,21109852390.0,247,True,jpx_liquidity,JPX流動性
69,6787,メイコー,電気機器,プライム,6787.T,2026-06-19,39900.0,0.11297071129707104,0.293354943273906,-0.08170310701956274,0.5467103294141393,2.7069443874871757,36019.0,32216.446809895835,0.10774868819234285,0.2384978466260912,-0.08170310701956274,0.9174815981549541,916100.0,544700.0,1.6818432164494217,20527398100.0,247,True,jpx_liquidity,JPX流動性
70,4519,中外製薬,医薬品,プライム,4519.T,2026-06-19,7550.0,-0.0021147237642082928,0.01342281879194629,-0.06674907292954269,-0.04995595822322885,-0.061858692465552645,7601.9,8127.4,-0.006827240558281433,-0.07104363018923632,-0.2778574844571975,0.3538326255406746,3697700.0,2524425.0,1.4647692048684353,19898482610.0,247,False,jpx_liquidity,JPX流動性
71,8630,ＳＯＭＰＯホールディングス,保険業,プライム,8630.T,2026-06-19,6342.0,-0.005956112852664619,0.031387217433729075,0.11733615221987326,0.13817150559546554,0.21806592369025757,6028.6,5971.3005777994795,0.05198553561357522,0.06208018125544257,-0.014452214452214451,0.27158528641910934,2403400.0,3492465.0,0.6881672400439232,19862972015.0,247,False,jpx_liquidity,JPX流動性
72,4901,富士フイルムホールディングス,化学,プライム,4901.T,2026-06-19,3383.0,-0.01197429906542058,-0.005292561011467245,0.06350204338258414,0.1837361480818318,0.012355295681443668,3391.9,3180.4471801757813,-0.002623898110203693,0.06368689946708184,-0.04650507328072151,0.28869710461820697,6659100.0,5616595.0,1.18561156715056,19481441420.0,247,True,jpx_liquidity,JPX流動性
73,6594,ニデック,電気機器,プライム,6594.T,2026-06-19,2695.0,-0.02952826791501617,0.02588503996954694,-0.007366482504604033,0.25116063138347267,0.35359116022099446,2743.3,2489.05,-0.017606532278642617,0.08274241176352426,-0.07036909279061743,0.4699932099839325,11325300.0,6808635.0,1.663373054951543,19356027180.0,247,True,jpx_liquidity,JPX流動性
74,8801,三井不動産,不動産業,プライム,8801.T,2026-06-19,1509.5,0.0006629101756712164,-0.031129653401797186,0.019932432432432368,-0.0945730649152613,-0.14265558550918944,1514.6,1622.386903889974,-0.003367225670143914,-0.06958075389989082,-0.28957188599574935,0.3083542405119542,14467000.0,12854430.0,1.1254485807616519,19354743995.0,247,True,jpx_liquidity,JPX流動性
75,6361,荏原製作所,機械,プライム,6361.T,2026-06-19,6560.0,-0.020017926501344485,0.19142753359970932,0.20322817314746877,0.5028636884306987,0.8552759942749,5713.9,5306.416666666667,0.14807749523092806,0.23623914443205551,-0.020017926501344485,0.7336324104087812,5643000.0,3279320.0,1.7207835770830537,19315646840.0,247,True,jpx_liquidity,JPX流動性
76,7751,キヤノン,電気機器,プライム,7751.T,2026-06-19,4310.0,-0.010332950631458115,0.00865902176456812,0.025458006186057647,0.00865902176456812,-0.060339040500182795,4309.5,4303.316666666667,0.00011602274045707794,0.0015530656586586478,-0.12558328261310614,0.1748558437958193,7114000.0,4307130.0,1.6516798889283584,19252990190.0,247,True,jpx_liquidity,JPX流動性
77,6504,富士電機,電気機器,プライム,6504.T,2026-06-19,14665.0,0.0020498804236419588,0.08509064002959676,-0.09920147420147418,0.4094546624522135,0.3279211801472204,14846.25,13351.988264973957,-0.012208470152395345,0.09833829306684194,-0.15108538350217082,0.6175580127301056,1642500.0,1270445.0,1.2928540786889633,19022618400.0,247,False,jpx_liquidity,JPX流動性
78,8309,三井住友トラストグループ,銀行業,プライム,8309.T,2026-06-19,6063.0,-0.018296632124352286,0.01711122294916967,0.07997862486640539,0.2784220038477163,0.3306361311430086,5803.2,5474.684334309896,0.0447684036393714,0.10746111186778817,-0.018296632124352286,0.2258080728773314,3950000.0,3205835.0,1.2321282910692535,18764714045.0,247,False,jpx_liquidity,JPX流動性
79,3687,フィックスターズ,情報・通信業,プライム,3687.T,2026-06-19,2520.0,-0.07250644092749359,0.139240506329114,0.2791878172588833,0.894736842105263,0.627906976744186,2548.7,1748.15,-0.011260642680582134,0.4415238966907873,-0.30674002751031637,1.5747858078300307,6573200.0,6705105.0,0.9803276757038107,18310038835.0,247,True,jpx_liquidity,JPX流動性
80,8136,サンリオ,卸売業,プライム,8136.T,2026-06-19,918.0,0.029147982062780242,0.06225409284081351,0.06151712876731352,-0.13034152476701866,-0.07163046817427343,881.4000030517578,931.9386352539062,0.04152484322840744,-0.014956601997843655,-0.22174575319976308,0.464645208501974,35096800.0,19544220.0,1.7957636580022125,18148578484.3161,247,True,jpx_liquidity,JPX流動性
81,9101,日本郵船,海運業,プライム,9101.T,2026-06-19,5152.0,-0.022390891840607163,-0.08490230905861451,-0.044333147838990894,-0.08041870583828403,0.06668435156994623,5420.35,5667.460595703125,-0.04950787310782523,-0.09095089184985772,-0.18338880963702642,0.2410786673512766,4390700.0,3203620.0,1.3705433228660078,17937997875.0,247,False,jpx_liquidity,JPX流動性
82,9501,東京電力ホールディングス,電気・ガス業,プライム,9501.T,2026-06-19,514.0,0.007250660974995604,0.00922837683032074,-0.063752276867031,-0.16734163265140656,-0.1995016048225855,537.370002746582,591.3966669718425,-0.04348959306834077,-0.13087098946319808,-0.3236842105263158,0.4024661142961163,36082100.0,32544880.0,1.108687449454415,17572820514.76303,247,True,jpx_liquidity,JPX流動性
83,9104,商船三井,海運業,プライム,9104.T,2026-06-19,5264.0,-0.018276762402088753,-0.0869037294015611,-0.0683185840707965,-0.16144714311649355,0.18320684162622203,5563.8,5996.7111409505205,-0.05388403609044179,-0.12218549863890571,-0.23787461995077452,0.2962654423502569,4248600.0,3049365.0,1.3932736815697695,17514686095.0,247,False,jpx_liquidity,JPX流動性
84,8802,三菱地所,不動産業,プライム,8802.T,2026-06-19,4050.0,-0.015077821011673098,-0.03479504289799806,-0.0019714144898964614,-0.05276432956044741,0.0776121349852632,4061.4,4303.45517578125,-0.0028069138720638875,-0.05889573968555106,-0.23300327432810808,0.29786923918111397,6413000.0,4065000.0,1.5776137761377613,17008362805.0,247,True,jpx_liquidity,JPX流動性
85,9434,ソフトバンク,情報・通信業,プライム,9434.T,2026-06-19,210.60000610351562,0.002379819064610933,-0.013583109585406872,-0.05560535379589404,-0.006806620674170816,-0.008639889994144556,214.23500137329103,217.6196075439453,-0.016967326750877865,-0.03225629123980556,-0.08155253684851116,0.16680563419911917,99237900.0,75403365.0,1.316093784408693,16625332100.202103,247,True,jpx_liquidity,JPX流動性
86,5401,日本製鉄,鉄鋼,プライム,5401.T,2026-06-19,559.7999877929688,-0.009904556737324488,0.014865867603276683,0.011382091766881208,-0.02278289472142092,-0.05165825024357984,552.9449951171875,569.5352498372396,0.012397241563472994,-0.017093344173258695,-0.18154573525854123,0.27579615460403495,24951000.0,29913760.0,0.8340977530073117,16614222343.165588,247,True,jpx_liquidity,JPX流動性
87,5201,ＡＧＣ,ガラス・土石製品,プライム,5201.T,2026-06-19,7616.0,0.00687466948704385,0.08443685034885373,0.17259430331023862,0.43427495291902063,0.4908974642666484,7294.15,6270.733333333334,0.04412440106112436,0.21453099584312296,-0.07359202043547008,0.6142460486266426,1530700.0,2242165.0,0.6826883837719347,16388384860.0,247,False,jpx_liquidity,JPX流動性
88,6479,ミネベアミツミ,電気機器,プライム,6479.T,2026-06-19,4628.0,0.0010815487778499389,0.09331443420741792,0.1593186372745492,0.8382131319307102,0.5062559207210975,4552.7,3591.8823486328124,0.016539635820502108,0.2884609101301905,-0.07328794553464157,0.5993026905284861,4611300.0,3457385.0,1.333753689565958,16336225890.0,247,False,jpx_liquidity,JPX流動性
89,6871,日本マイクロニクス,電気機器,プライム,6871.T,2026-06-19,15430.0,-0.05626911314984706,0.024568393094289487,0.016469038208168696,0.5157170923379175,1.6010060915810511,14765.0,13289.333333333334,0.04503894344734172,0.1610815691782883,-0.06879903439951718,0.8811719467772348,1342300.0,1072865.0,1.2511359770334571,16277162650.0,247,False,jpx_liquidity,JPX流動性
90,6902,デンソー,輸送用機器,プライム,6902.T,2026-06-19,1900.5,-0.01782945736434105,0.025080906148867266,0.035977105478331994,0.03818220809607498,-0.08997335542959106,1888.925,1898.8343139648437,0.006127824026893602,0.0008772150486782149,-0.15862106534232767,0.2513418687281704,14131300.0,8268360.0,1.7090813655912418,16232853750.0,247,True,jpx_liquidity,JPX流動性
91,4392,ＦＩＧ,情報・通信業,プライム,4392.T,2026-06-19,1143.0,-0.10703125000000002,-0.15144766146993316,-0.35966386554621854,2.79734219269103,2.939152460872276,1632.45,903.3166666666667,-0.29982541578608846,0.26533699883761686,-0.5554259043173863,1.764740335635073,3014900.0,9302970.0,0.3240792994065336,16136447670.0,247,False,jpx_liquidity,JPX流動性
92,8015,豊田通商,卸売業,プライム,8015.T,2026-06-19,6191.0,-0.004182081389737857,0.002753482345319025,-0.11227416117006017,0.052799184807609034,0.22236653349581204,6462.35,6476.687841796875,-0.04198936919232177,-0.04411017618499491,-0.16303906989319994,0.381007976869942,2509400.0,2452190.0,1.023330166096428,15961355480.0,247,False,jpx_liquidity,JPX流動性
93,6178,日本郵政,サービス業,プライム,6178.T,2026-06-19,2240.5,0.0029095792300806167,-0.03343399482312337,0.058837429111531225,0.2911262756379738,0.41280942627509365,2154.65,1970.6892557779947,0.03984405819970749,0.13691186646039166,-0.03343399482312337,0.29122014245740113,6401400.0,7360135.0,0.8697394816807029,15945515910.0,247,True,jpx_liquidity,JPX流動性
94,8604,野村ホールディングス,証券、商品先物取引業,プライム,8604.T,2026-06-19,1408.5,-0.01846689895470388,0.032246244045437855,0.09440559440559437,0.18332151389335438,0.12978798028144345,1350.35,1301.2653910319011,0.043062909616025546,0.0824079466856964,-0.037237279834055226,0.2650368885852659,12442600.0,11446370.0,1.0870345795217173,15695557675.0,247,True,jpx_liquidity,JPX流動性
95,8750,第一ライフグループ,保険業,プライム,8750.T,2026-06-19,1814.5,-0.003295797857731375,0.03478756772169955,0.09936382914268393,0.365418742552005,0.43131736630157014,1703.2,1555.924053955078,0.06534758102395477,0.16618802530087207,-0.003295797857731375,0.15989966280205947,9190700.0,9079990.0,1.012192744705666,15680848562.5,247,True,jpx_liquidity,JPX流動性
96,8830,住友不動産,不動産業,プライム,8830.T,2026-06-19,3609.0,0.015761328454826806,0.011207621182403926,-0.035284683239775516,-0.16491255979088104,-0.07741103524563675,3609.1,4247.1593831380205,-2.7707738771365342e-05,-0.1502555768619438,-0.3207976604782258,0.4227040457939123,4328100.0,4275100.0,1.012397370821735,15423793600.0,247,False,jpx_liquidity,JPX流動性
97,4503,アステラス製薬,医薬品,プライム,4503.T,2026-06-19,2145.5,-0.013563218390804543,0.0025700934579440116,-0.05463758537122709,-0.07748754897584786,0.028838851381766784,2164.375,2359.2754638671877,-0.008720762344787802,-0.09061064175896583,-0.1926622765757291,0.3763779823994506,7150300.0,6951415.0,1.0286107217019844,15329259012.5,247,True,jpx_liquidity,JPX流動性
98,6965,浜松ホトニクス,電気機器,プライム,6965.T,2026-06-19,2797.5,0.009745533297238707,0.12101783209777595,-0.038824944167668796,0.5889550143030857,0.7174237145468931,2740.5,2300.7673156738283,0.020799124247400158,0.2158987051590191,-0.059189507314612366,0.7345570894666047,3891900.0,5613505.0,0.6933101511444276,14952086020.0,247,False,jpx_liquidity,JPX流動性
99,5108,ブリヂストン,ゴム製品,プライム,5108.T,2026-06-19,3426.0,-0.011255411255411296,0.008833922261484162,0.03410805916088133,0.05512781028641833,-0.027755085582504946,3419.65,3368.516666666667,0.0018569151813780937,0.01706488018959873,-0.10243646843070475,0.20255351429958143,6778200.0,4207345.0,1.6110397412144715,14821306530.0,247,True,jpx_liquidity,JPX流動性
100,7269,スズキ,輸送用機器,プライム,7269.T,2026-06-19,1916.5,-0.01007231404958675,0.02596359743040688,0.07096954456552118,0.03113407311990235,-0.16801958263325834,1896.85,1853.6066772460938,0.0103592798587131,0.03393024179614357,-0.18854517016449202,0.383687354364522,8527400.0,7653205.0,1.114226000740866,14819743147.5,247,True,jpx_liquidity,JPX流動性
101,7936,アシックス,その他製品,プライム,7936.T,2026-06-19,4363.0,-0.007732544916988826,-0.01955056179775283,-0.04004400440044009,0.026105362182502256,0.14387907794023458,4512.15,4481.866666666667,-0.033055195416819005,-0.0265216873921581,-0.10886437908496727,0.3120787401239549,5627000.0,3083110.0,1.825105169779865,14788100990.0,247,True,jpx_liquidity,JPX流動性
102,4307,野村総合研究所,情報・通信業,プライム,4307.T,2026-06-19,4358.0,-0.06380236305048337,-0.03069395017793597,-0.07217372791143284,0.04077200018377858,-0.2806953988745875,4715.85,4586.668465169271,-0.07588239659870444,-0.04985502372926187,-0.2908933756823471,0.45647405084336606,4234100.0,2997790.0,1.4124071399264124,14592994705.0,247,False,jpx_liquidity,JPX流動性
103,3382,セブン＆アイ・ホールディングス,小売業,プライム,3382.T,2026-06-19,1934.0,-0.005911076843998941,-0.006166495375128478,0.039505509271701156,-0.04822834645669294,-0.12811113367420113,1890.175,1965.2416666666666,0.02318568386525066,-0.01589711189039511,-0.176386213688289,0.19804139530769493,12948800.0,7256540.0,1.7844316988537237,14414968407.5,247,True,jpx_liquidity,JPX流動性
104,6315,ＴＯＷＡ,機械,プライム,6315.T,2026-06-19,3325.0,-0.0015015015015015232,0.13095238095238093,0.14932595921189074,0.40645482959726564,0.7545726565867719,3004.25,2769.695515950521,0.10676541566114661,0.2004929714661816,-0.016272189349112454,0.7791473300133943,4542700.0,4842480.0,0.938093704052469,14388572105.0,247,False,jpx_liquidity,JPX流動性
105,9412,スカパーＪＳＡＴ,情報・通信業,プライム,9412.T,2026-06-19,3200.0,-0.022900763358778664,-0.0817790530846485,-0.24882629107981225,0.18020300226384456,0.5636831160470903,3698.0,3500.9147013346355,-0.1346673877771769,-0.08595316567407918,-0.29978118161925604,0.7824143271000596,2437000.0,3730715.0,0.6532259901922286,13824845300.0,247,False,jpx_liquidity,JPX流動性
106,4543,テルモ,精密機器,プライム,4543.T,2026-06-19,2224.5,-0.015272244355909681,0.011366219595362548,-0.07060789638604559,0.0893583158400153,-0.04262161415291699,2291.075,2175.972119140625,-0.029058411444409238,0.022301701585468958,-0.07351103706788842,0.2638288129935986,5264200.0,6115565.0,0.8607871881011812,13745364060.0,247,True,jpx_liquidity,JPX流動性
107,1801,大成建設,建設業,プライム,1801.T,2026-06-19,14785.0,-0.004712218108380961,0.10542056074766348,0.10542056074766348,-0.03943948354036153,0.04773116401325139,13913.25,15389.2212890625,0.06265610119849785,-0.03926262919436574,-0.26674230504753005,0.628736197877499,1111400.0,968220.0,1.147879614137283,13648362275.0,247,False,jpx_liquidity,JPX流動性
108,1812,鹿島建設,建設業,プライム,1812.T,2026-06-19,5961.0,-0.0066655557407099275,0.07969570729940223,0.0899616017553484,0.05539759145717871,0.04573008163341874,5702.0,5933.320589192708,0.04542265871623985,0.004665079257255789,-0.21380013589626135,0.5554617750410208,1831600.0,2387350.0,0.7672105053720653,13633997495.0,247,False,jpx_liquidity,JPX流動性
109,9107,川崎汽船,海運業,プライム,9107.T,2026-06-19,2476.0,-0.014723438121766796,-0.055862726406101015,-0.013938669852648355,-0.01811478584153048,0.1801394565889527,2582.275,2588.445100911458,-0.04115557018520499,-0.04344117666311076,-0.11971856536385395,0.3771243249874746,4527800.0,5162890.0,0.8769894380860332,13486074740.0,247,False,jpx_liquidity,JPX流動性
110,7453,良品計画,小売業,プライム,7453.T,2026-06-19,3496.0,-0.018528916339135337,-0.05920344456404736,-0.0331858407079646,0.030964317310527845,0.18097344676590565,3638.0,3605.35,-0.0390324354040682,-0.030329926359437986,-0.1294820717131474,0.3372384998251151,4419700.0,3655455.0,1.2090697327692448,13438008785.0,247,False,jpx_liquidity,JPX流動性
111,4661,オリエンタルランド,サービス業,プライム,4661.T,2026-06-19,2336.5,0.015869565217391246,0.031795098255685605,0.09182242990654199,-0.12133153798086749,-0.17904748686281802,2239.45,2391.7373087565106,0.04333653352385647,-0.023095056699696248,-0.19938201281851575,0.26588273281684993,7179300.0,5839580.0,1.229420609016402,13301283867.5,247,True,jpx_liquidity,JPX流動性
112,9020,東日本旅客鉄道,陸運業,プライム,9020.T,2026-06-19,3415.0,0.006483937518420246,0.003231492361927213,-0.05296727676095392,-0.029612085283282852,-0.1581292971226086,3408.9,3537.625138346354,0.0017894335416115403,-0.03466312386158432,-0.17699814110536505,0.20234350349746894,6408600.0,3677880.0,1.7424712062383765,13106632810.0,247,True,jpx_liquidity,JPX流動性
113,6779,日本電波工業,電気機器,プライム,6779.T,2026-06-19,4660.0,0.05668934240362811,0.22149410222804722,0.8558343289526085,2.932332280033968,3.9945618732956385,3936.0,2479.6552510579427,0.1839430894308942,0.8792935017929671,-0.035196687370600444,1.6024158013187502,2396000.0,3199720.0,0.7488155213581188,13024098275.0,247,True,jpx_liquidity,JPX流動性
114,6324,ハーモニック・ドライブ・システムズ,機械,プライム,6324.T,2026-06-19,7770.0,0.0,0.18625954198473282,0.108416547788873,1.036382008206846,1.2096912416342258,7290.5,5684.590922037761,0.06577052328372535,0.36685297263478023,-0.028750000000000053,0.851562862284861,1420100.0,1802800.0,0.7877191036165964,13014579400.0,247,False,jpx_liquidity,JPX流動性
115,268A,リガク・ホールディングス,精密機器,プライム,268A.T,2026-06-19,2820.0,0.06818181818181812,0.12216474333465976,0.07633587786259532,0.420654911838791,1.5507546450652931,2717.55,2580.266666666667,0.037699398355135916,0.09291029350971458,-0.12962962962962965,1.0446280803575927,4718600.0,4650315.0,1.0146839515172628,12994813975.0,247,True,jpx_liquidity,JPX流動性
116,5333,ＮＧＫ,ガラス・土石製品,プライム,5333.T,2026-06-19,7332.0,0.003284072249589487,0.19862677783227078,0.250981061252346,0.9533416548436049,1.2637749240932652,6410.55,5293.096744791666,0.14373961672555402,0.38520045136423886,0.0,0.5842766707843344,3532200.0,1892930.0,1.8659961012821393,12874912405.0,247,False,jpx_liquidity,JPX流動性
117,4578,大塚ホールディングス,医薬品,プライム,4578.T,2026-06-19,10515.0,-0.02908587257617734,0.03088235294117636,-0.09742489270386268,0.0038186157517898778,0.14547333477873536,10815.25,10960.833333333334,-0.02776172534153165,-0.0406751311487874,-0.10243277848911647,0.31271522023284415,1462400.0,1163960.0,1.2564005635932507,12792448125.0,247,False,jpx_liquidity,JPX流動性
118,5838,楽天銀行,銀行業,プライム,5838.T,2026-06-19,5124.0,-0.03302509907529727,-0.025855513307984745,0.05714875180524026,-0.15834428383705645,-0.2519708029197081,4962.75,5822.566666666667,0.032492065890887156,-0.11997572662685985,-0.4361175305381314,0.6051000335064225,1294400.0,3154225.0,0.4103702177238466,12738703590.0,247,False,jpx_liquidity,JPX流動性
119,6326,クボタ,機械,プライム,6326.T,2026-06-19,2846.5,-0.0029772329246935403,0.05133887349953836,0.05425925925925923,0.17308881104471463,0.29157809123725253,2817.4,2704.7083333333335,0.01032867182508701,0.05242401367984839,-0.12199259716224553,0.3679040814921155,8396600.0,4210100.0,1.9943944324362841,12607724665.0,247,True,jpx_liquidity,JPX流動性
120,8267,イオン,小売業,プライム,8267.T,2026-06-19,1315.0,-0.01571856287425155,-0.05259365994236309,-0.11178655859506925,-0.3047845625165213,-0.45448986187338636,1374.85,1586.6333333333334,-0.04353202167509174,-0.17120107565284992,-0.4740655877191877,0.3204194271813127,14011800.0,8769355.0,1.5978142064040057,12511509947.5,247,True,jpx_liquidity,JPX流動性
121,9766,コナミグループ,情報・通信業,プライム,9766.T,2026-06-19,17430.0,0.0031654676258991987,-0.08021108179419523,-0.1120733571064697,-0.11478311484025017,-0.19403801120975128,19160.75,19568.9041015625,-0.0903278838250069,-0.10930116936858603,-0.21878721778822174,0.44228744773331435,1005700.0,629615.0,1.5973253496184177,12455729275.0,247,False,jpx_liquidity,JPX流動性
122,7201,日産自動車,輸送用機器,プライム,7201.T,2026-06-19,327.79998779296875,-0.044314904393677135,-0.027876702472629633,-0.09547463213644192,-0.010564443492183773,-0.1728488572040663,357.00499572753904,356.01666463216145,-0.08180560015708893,-0.07925661813709295,-0.29322984816616204,0.4302436503259008,40162200.0,33781595.0,1.1888781450372607,12439010198.021088,247,True,jpx_liquidity,JPX流動性
123,5332,ＴＯＴＯ,ガラス・土石製品,プライム,5332.T,2026-06-19,8390.0,0.015492616799806402,0.09230568936336425,0.23020527859237538,0.5380276208590484,1.0041957810308988,7717.9,6497.409358723959,0.08708327394757642,0.29128388512798464,0.0,0.5029292208010624,1028200.0,1609120.0,0.6389827980511087,12424731875.0,247,False,jpx_liquidity,JPX流動性
124,4755,楽天グループ,サービス業,プライム,4755.T,2026-06-19,723.0999755859375,-0.036123748573887005,-0.02217717973504052,-0.0747281182521593,-0.006457834962712572,-0.23000745992483929,750.0399963378907,763.2316640218099,-0.03591811221200103,-0.052581267690599454,-0.30671143280351154,0.2911229998062308,23907000.0,16385800.0,1.4590071891515826,12119743743.864136,247,True,jpx_liquidity,JPX流動性
125,7701,島津製作所,精密機器,プライム,7701.T,2026-06-19,3828.0,-0.0015649452269170805,0.031805929919137554,0.029032258064516148,0.04825710200663558,-0.09172372252968297,3837.2,3763.5951293945313,-0.002397581569894669,0.01711259271818366,-0.12419880844697617,0.32283836205529853,1570900.0,3174345.0,0.4948737456073615,12098181205.0,247,False,jpx_liquidity,JPX流動性
126,7003,三井Ｅ＆Ｓ,機械,プライム,7003.T,2026-06-19,4359.0,-0.02022926500337152,0.04859273514553775,-0.0528031290743155,-0.2826194549801365,-0.14910152336130766,4376.35,5188.40234375,-0.003964490957076183,-0.15985698270858006,-0.4600892852552928,0.5660851144009581,1766200.0,2695965.0,0.6551271993516237,11841977190.0,247,False,jpx_liquidity,JPX流動性
127,5020,ＥＮＥＯＳホールディングス,石油・石炭製品,プライム,5020.T,2026-06-19,1264.0,0.03057480635955967,0.02306758397409947,-0.027692307692307683,-0.011086857363771352,0.19491738031136863,1263.85,1335.1936869303386,0.00011868497052658356,-0.05332086844569761,-0.17152905620354608,0.2763676025035779,20621100.0,8718175.0,2.3653000771377037,11826198740.0,247,True,jpx_liquidity,JPX流動性
128,7270,ＳＵＢＡＲＵ,輸送用機器,プライム,7270.T,2026-06-19,2440.5,-0.05296856810244466,-0.013540824575586141,-0.0002048340843916474,6.132652372148328e-05,-0.2754924403989025,2488.675,2480.21640625,-0.019357690337227673,-0.0160132826111129,-0.3060997599324279,0.2754662103928236,8465900.0,4543515.0,1.8632930671517536,11792436800.0,247,True,jpx_liquidity,JPX流動性
129,8729,ソニーフィナンシャルグループ,保険業,プライム,8729.T,2026-06-19,140.39999389648438,-0.0021322178981153517,-0.007773894724492081,-0.0147368849369518,0.0025350874870491147,-0.10685507903061164,141.6700012207031,142.82817840576172,-0.008964546574967813,-0.017000738484384326,-0.1897397340806437,0.21909559334566764,72410400.0,82508500.0,0.8776113976135792,11743849160.052261,176,True,jpx_liquidity,JPX流動性
130,4980,デクセリアルズ,化学,プライム,4980.T,2026-06-19,4859.0,0.03802606280709253,0.2090072157253049,0.1871487906181286,1.2903308105605014,0.7682487779715206,4262.1,3179.781660970052,0.14004833298139396,0.528092340314231,0.0,0.8100821966994094,3421300.0,2715570.0,1.2598828238638664,11677280825.0,247,True,jpx_liquidity,JPX流動性
131,6383,ダイフク,機械,プライム,6383.T,2026-06-19,7197.0,-0.002494802494802495,0.09576735688185134,0.006151265203411249,0.30783209158640745,0.5113168382494984,6945.5,6656.716666666666,0.03621049600460724,0.08116363672781635,-0.07123499806426636,0.39325757931985783,1829800.0,1718510.0,1.064759588247959,11626591495.0,247,False,jpx_liquidity,JPX流動性
132,9022,東海旅客鉄道,陸運業,プライム,9022.T,2026-06-19,3256.0,-0.022515761032722903,-0.03239227340267459,-0.08359133126934981,-0.20612358483771065,-0.2660253654992887,3399.25,3779.1166748046876,-0.042141648893138206,-0.13842300193912993,-0.3197941354261171,0.2167516361551413,5672000.0,3268795.0,1.7351959973017579,11576124565.0,247,True,jpx_liquidity,JPX流動性
133,5344,ＭＡＲＵＷＡ,ガラス・土石製品,プライム,5344.T,2026-06-19,69680.0,0.04280155642023353,0.05961070559610704,-0.06281102891728307,0.2965449970980869,0.7010038147018403,71450.5,68172.26712239583,-0.024779392726433036,0.022116513668192894,-0.12031309178134075,0.7296258879025532,234800.0,154375.0,1.5209716599190284,11319023300.0,247,True,jpx_liquidity,JPX流動性
134,4204,積水化学工業,化学,プライム,4204.T,2026-06-19,2471.0,-0.007829753061634248,0.03758135628805381,0.06646525679758297,-0.019451854185594697,-0.035473904698736125,2367.275,2456.5529541015626,0.043816202173385,0.005881023600291524,-0.1782730983265659,0.2241611701757341,4631000.0,4781560.0,0.9685123683484052,11217886442.5,247,False,jpx_liquidity,JPX流動性
135,1925,大和ハウス工業,建設業,プライム,1925.T,2026-06-19,4363.0,-0.002058554437328497,0.01465116279069778,-0.012001811594202882,-0.11820130681595575,-0.15486618860940427,4315.8,4656.266284179687,0.010936558691320153,-0.06298314277602646,-0.2204343810948386,0.215648112969455,2402500.0,2538825.0,0.9463039004263784,11001874080.0,247,False,jpx_liquidity,JPX流動性
136,8795,Ｔ＆Ｄホールディングス,保険業,プライム,8795.T,2026-06-19,4894.0,-0.007302231237322543,0.0386247877758914,0.18844099077221954,0.3729377928245665,0.4070866802767197,4462.6,4121.4775390625,0.09667010263075326,0.18743823146327832,-0.007302231237322543,0.37979565047569475,2101900.0,2485815.0,0.845557694357786,10980194250.0,247,False,jpx_liquidity,JPX流動性
137,9201,日本航空,空運業,プライム,9201.T,2026-06-19,2778.5,-0.007146685724495283,0.05807311500380807,0.07693798449612399,0.10163930363862073,-0.043993610459814425,2695.475,2606.787141927083,0.03080162123558927,0.06587145352649593,-0.12292038450903209,0.37441690289958485,2535800.0,4052400.0,0.6257526404106208,10967186422.5,247,False,jpx_liquidity,JPX流動性
138,3563,ＦＯＯＤ　＆　ＬＩＦＥ　ＣＯＭＰＡＮＩＥＳ,小売業,プライム,3563.T,2026-06-19,9250.0,-0.0144896654591945,-0.07379593471512969,-0.1454965357967667,-0.01898398557641323,0.22841965471447545,10024.45,9859.05,-0.07725610881394995,-0.061775728898828874,-0.14942528735632188,0.43566237242027,1404600.0,1057520.0,1.3282018306982375,10872868450.0,247,False,jpx_liquidity,JPX流動性
139,8303,ＳＢＩ新生銀行,銀行業,プライム,8303.T,2026-06-19,1460.0,-0.01980530379321921,0.0,-0.014179608372721142,-0.0941086142285219,-0.1685930092221144,1425.575,1595.4803059895833,0.024148150746190034,-0.08491506004867466,-0.29574933680911386,0.42294049723916977,17936200.0,6993785.0,2.5645912763975445,10693490270.0,132,True,jpx_liquidity,JPX流動性
140,9502,中部電力,電気・ガス業,プライム,9502.T,2026-06-19,2822.0,-0.004058584789130015,0.004627981488074084,0.03845446182152723,0.13603434213046728,0.22142492205550512,2827.925,2746.5947306315106,-0.0020951757914372537,0.027454093801145385,-0.054764696030815574,0.3117046584152411,3429200.0,3641495.0,0.941701141976029,10528274217.5,247,False,jpx_liquidity,JPX流動性
141,4452,花王,化学,プライム,4452.T,2026-06-19,6201.0,0.007801072647489082,0.02597617471872926,0.034189459639759834,0.03263946711074106,-0.010529427397765967,6034.45,6021.083333333333,0.02759986411354798,0.02988111220295364,-0.08269230769230773,0.1743255912387361,2018400.0,1720830.0,1.1729223688568888,10508573140.0,247,False,jpx_liquidity,JPX流動性
142,4911,資生堂,化学,プライム,4911.T,2026-06-19,2529.0,-0.021852639721523848,-0.029919447640966657,-0.057046979865771785,-0.13979591836734695,0.08079279823705754,2599.575,2985.4083333333333,-0.0271486685323562,-0.15287970099009351,-0.27845934379457915,0.38853055529240055,4673000.0,4014830.0,1.1639347120550558,10475515942.5,247,False,jpx_liquidity,JPX流動性
143,1802,大林組,建設業,プライム,1802.T,2026-06-19,3280.0,0.004286589099816274,0.06320907617504057,0.026925485284909234,-0.09953609776544892,0.01809582023033185,3192.8,3523.8648600260417,0.02731145076421937,-0.0692038059666793,-0.2481860893430392,0.42332490343420515,5431800.0,3141205.0,1.7292090137383584,10467583700.0,247,True,jpx_liquidity,JPX流動性
144,9005,東急,陸運業,プライム,9005.T,2026-06-19,1663.5,0.002410364567640766,-0.016553355010345827,0.02463812750230976,-0.07868526280242127,-0.08095639561291534,1661.975,1734.6999267578126,0.000917582996134092,-0.04104452053035279,-0.1607233005813179,0.1805356242663787,5478800.0,6367385.0,0.8604474207229499,10462892250.0,247,True,jpx_liquidity,JPX流動性
145,8473,ＳＢＩホールディングス,証券、商品先物取引業,プライム,8473.T,2026-06-19,2832.0,-0.02344827586206899,0.0010604453870626251,-0.0732984293193717,-0.009532923873141308,-0.11485683414370607,2897.5,2995.388146972656,-0.02260569456427952,-0.05454656924438572,-0.23951831607567187,0.2941800415785908,3341300.0,3528280.0,0.9470053397122677,10407334232.5,247,False,jpx_liquidity,JPX流動性
146,1928,積水ハウス,建設業,プライム,1928.T,2026-06-19,3271.0,-0.0015262515262515208,-0.00547278808148377,-0.01948441247002397,-0.052158794552303656,-0.029591485157105968,3291.75,3417.9333333333334,-0.006303637882585256,-0.042988940685404486,-0.14506011500261373,0.21481139160900645,3346500.0,3130565.0,1.0689763668858496,10385681330.0,247,False,jpx_liquidity,JPX流動性
147,4186,東京応化工業,化学,プライム,4186.T,2026-06-19,11125.0,0.008612873980054392,0.12317011610297834,0.0018009905447995411,0.40769328103251934,1.0227921012028172,10535.85,9656.816666666668,0.055918601726486106,0.1520359538771403,-0.04259896729776247,0.549084164975599,1079500.0,981570.0,1.099768737838361,10322953760.0,247,False,jpx_liquidity,JPX流動性
148,7832,バンダイナムコホールディングス,その他製品,プライム,7832.T,2026-06-19,3591.0,-0.011016248967226638,-0.020458265139116194,-0.030507559395248407,-0.1178544568671126,-0.13854449182173612,3670.55,3781.572237141927,-0.021672501396248545,-0.050394974680150306,-0.15121295225309717,0.19203734883632886,3010600.0,2793280.0,1.0778010081338067,10298440065.0,247,False,jpx_liquidity,JPX流動性
149,2502,アサヒグループホールディングス,食料品,プライム,2502.T,2026-06-19,1519.0,-0.0026263952724885353,0.015035081857667887,-0.028461784457946893,-0.024719101123595544,-0.05478727630510116,1507.025,1558.1083333333333,0.007946119009306418,-0.025099880731442537,-0.12297921478060048,0.26529404142466423,6344300.0,6735615.0,0.9419035975185637,10267331547.5,247,True,jpx_liquidity,JPX流動性
150,6645,オムロン,電気機器,プライム,6645.T,2026-06-19,6134.0,0.05214408233276169,0.11730418943533705,0.11934306569343067,0.44565892598669565,0.5852398324690549,5780.45,5330.658528645833,0.061163058239410484,0.150702106885515,-0.022002551020408156,0.5701031472857253,2561600.0,1699845.0,1.506960928790566,10140850945.0,247,True,jpx_liquidity,JPX流動性
151,8697,日本取引所グループ,その他金融業,プライム,8697.T,2026-06-19,2125.5,-0.05888864290458273,0.0018854584020739917,0.07321383489017919,0.18553298237792415,0.2957903492430436,2062.475,1933.0315490722655,0.0305579461569232,0.0995681891586857,-0.05888864290458273,0.5302609898418041,7389000.0,4913030.0,1.5039598781200196,10129449147.5,247,True,jpx_liquidity,JPX流動性
152,9503,関西電力,電気・ガス業,プライム,9503.T,2026-06-19,2325.5,-0.0010738831615120237,0.004101899827288369,0.03126385809312637,-0.04529159092676771,-0.04394103242044545,2320.375,2431.9593709309897,0.0022086947152939462,-0.043775143698324026,-0.16213604445269336,0.21268258004854154,3890400.0,4298875.0,0.904980954319444,10097003400.0,247,False,jpx_liquidity,JPX流動性
153,6988,日東電工,化学,プライム,6988.T,2026-06-19,3135.0,-0.014150943396226467,0.043261231281197965,0.01554907677356665,0.02999772438856274,-0.13966218587455037,3069.275,3115.6306111653644,0.02141385180539368,0.006216843795673999,-0.16902523334149577,0.29465699383727584,3268000.0,3257770.0,1.0031401848503732,10037387030.0,247,False,jpx_liquidity,JPX流動性
154,9735,セコム,サービス業,プライム,9735.T,2026-06-19,6458.0,0.010958046336881688,-0.013895251183386748,0.016047828823159138,0.12170468107453103,0.149217855770291,6440.0,6131.745043945312,0.002795031055900621,0.05320752146680374,-0.02210781344639612,0.2048705117679791,3000100.0,1487505.0,2.016867170194386,9953303445.0,247,False,jpx_liquidity,JPX流動性
155,5334,日本特殊陶業,ガラス・土石製品,プライム,5334.T,2026-06-19,10820.0,-0.004599816007359703,0.0855824219925756,0.12135972639651782,0.5531211873926372,0.6418444135593593,10149.6,8986.283544921875,0.06605186411287134,0.2040572663784188,-0.004599816007359703,0.32770956821891917,1455500.0,959415.0,1.5170702980462052,9870052540.0,247,False,jpx_liquidity,JPX流動性
156,2413,エムスリー,サービス業,プライム,2413.T,2026-06-19,1637.5,0.0024487297214570436,0.017080745341614856,0.15520282186948853,0.05933220627664437,-0.20518384330442163,1545.375,1526.2395670572917,0.05961336245247928,0.07289840687148952,-0.23042492655865854,0.31749670053725143,8370800.0,6216530.0,1.3465389855755543,9785078937.5,247,True,jpx_liquidity,JPX流動性
157,9697,カプコン,情報・通信業,プライム,9697.T,2026-06-19,2810.0,-0.010040514356174035,0.008252601363473167,-0.11690760527969835,-0.18280262795138835,-0.19557496901396398,2944.35,3238.0607666015626,-0.04562976548304376,-0.1321966440582969,-0.2807998871750824,0.3669240354670621,4815600.0,3165100.0,1.521468516002654,9759122162.5,247,True,jpx_liquidity,JPX流動性
158,7532,パン・パシフィック・インターナショナルホールディングス,小売業,プライム,7532.T,2026-06-19,819.0,-0.01951393275610669,-0.04244123501818098,-0.05525438120322823,-0.15827338129496404,-0.15272258158374408,836.4399963378906,898.5133310953776,-0.02085026590579908,-0.08849432539686741,-0.22626358053849782,0.38177176718354383,13115400.0,11281445.0,1.1625638382317158,9624082886.09375,247,True,jpx_liquidity,JPX流動性
159,7733,オリンパス,精密機器,プライム,7733.T,2026-06-19,1646.0,-0.013780707010185744,-0.03347034644744573,-0.12817796610169496,0.21925925925925926,-0.15674536753563673,1767.625,1654.3694458007812,-0.06880701506258402,-0.005058994423540075,-0.20524494653334024,0.3460417154683,5288300.0,5356860.0,0.9872014575702931,9604052505.0,247,True,jpx_liquidity,JPX流動性
160,6590,芝浦メカトロニクス,電気機器,プライム,6590.T,2026-06-19,4715.0,-0.056056056056056014,0.03285870755750264,-0.11205273069679844,0.13760392691254797,0.4417430657420367,4917.5,4809.649202473958,-0.04117946110828674,-0.019679024080440866,-0.2036772136355367,0.7296750508552297,2295300.0,1928495.0,1.1902027228486463,9566248625.0,247,False,jpx_liquidity,JPX流動性
161,2503,キリンホールディングス,食料品,プライム,2503.T,2026-06-19,2772.5,-0.004309570838570642,0.019114133431354485,0.019114133431354485,0.16004184100418417,0.1746202035552138,2691.875,2609.7083333333335,0.0299512421639192,0.06237925694122892,-0.004309570838570642,0.24372347347213016,4482000.0,3466205.0,1.2930568157394038,9564398852.5,247,False,jpx_liquidity,JPX流動性
162,3407,旭化成,化学,プライム,3407.T,2026-06-19,1792.5,0.004764573991031362,0.002236511042773337,0.038528389339513414,0.23294889883850156,0.3255436077791338,1765.625,1648.3059163411458,0.01522123893805305,0.08748017114379558,-0.03529688309816381,0.21826930269003297,7466200.0,5138415.0,1.4530161538139679,9403531537.5,247,True,jpx_liquidity,JPX流動性
163,3626,ＴＩＳ,情報・通信業,プライム,3626.T,2026-06-19,3067.0,-0.03462385898646525,-0.005834683954619169,-0.12120343839541547,-0.08147857415163984,-0.4143841548859156,3307.0,3423.8566162109373,-0.07257332930148175,-0.10422650718529736,-0.4174599456042599,0.4325140063617137,2362600.0,2767870.0,0.8535805511096981,9201030610.0,247,False,jpx_liquidity,JPX流動性
164,7911,ＴＯＰＰＡＮホールディングス,その他製品,プライム,7911.T,2026-06-19,4515.0,-0.007474170147285131,0.0017750166407810575,0.023113528212100665,0.003078101329468508,-0.03401766901729142,4452.45,4583.839737955729,0.014048445238014962,-0.015017919886184727,-0.21948360275062073,0.7386057843844279,2496400.0,1991130.0,1.2537604274959444,9126864560.0,247,False,jpx_liquidity,JPX流動性
165,6997,日本ケミコン,電気機器,プライム,6997.T,2026-06-19,5670.0,0.025316455696202445,0.35808383233532926,0.6849925705794948,3.178110181385664,3.3652841389781756,4704.0,3075.2568786621096,0.2053571428571428,0.8437484163816369,0.0,1.472129781635652,1553000.0,1923200.0,0.8075083194675541,9013918000.0,247,False,jpx_liquidity,JPX流動性
166,9531,東京瓦斯,電気・ガス業,プライム,9531.T,2026-06-19,6178.0,0.0006478781988985549,-0.01983182611454859,-0.05274455688439128,-0.12059897896006055,-0.020428058868720456,6290.35,6730.673795572917,-0.017860691376473503,-0.08211269961358647,-0.20796855046698548,0.21008720227048383,1797600.0,1379550.0,1.3030335979123626,8968374215.0,247,False,jpx_liquidity,JPX流動性
167,5631,日本製鋼所,機械,プライム,5631.T,2026-06-19,7903.0,-0.04171213774705951,0.046893628295138434,-0.0026501766784452485,-0.16977135317058012,0.07430130746692898,7665.35,8627.972623697917,0.031003150541071056,-0.08402583727568624,-0.23574237704047962,0.6043970699574408,1411100.0,1141015.0,1.2367059153473003,8930786860.0,247,False,jpx_liquidity,JPX流動性
168,1803,清水建設,建設業,プライム,1803.T,2026-06-19,2555.0,-0.01579352850539295,0.038195855343356344,0.0027472527472527375,-0.05237230186870989,-0.01410066813264832,2558.625,2774.415234375,-0.0014167765889882,-0.07908521826741932,-0.2733883034685286,0.5356799673353085,2787100.0,3489650.0,0.7986760849941972,8924505977.5,247,False,jpx_liquidity,JPX流動性
169,5411,ＪＦＥホールディングス,鉄鋼,プライム,5411.T,2026-06-19,1614.0,-0.018546670720583802,0.000619962802231866,-0.012844036697247652,-0.11303945679612937,-0.16152574182802504,1623.75,1717.9287007649739,-0.006004618937644368,-0.060496515785955274,-0.3010345326333258,0.2489779770515356,5121600.0,5452180.0,0.9393673723171282,8908986585.0,247,True,jpx_liquidity,JPX流動性
170,4507,塩野義製薬,医薬品,プライム,4507.T,2026-06-19,2780.0,-0.018708083303918155,0.0016213294901818998,-0.06065213718533535,-0.13686042043762026,0.026061534785086993,2862.1,3129.1007690429688,-0.028685231123999788,-0.11156584425043647,-0.23352633030052383,0.24455196122533865,3411000.0,3058645.0,1.1151997044442883,8904779060.0,247,False,jpx_liquidity,JPX流動性
171,6869,シスメックス,電気機器,プライム,6869.T,2026-06-19,1364.0,-0.0218716385801363,-0.02952685876912131,-0.031937544357700465,0.02882364797047443,-0.11391289646332403,1427.6,1398.5554931640625,-0.04455029420005596,-0.02470798858748524,-0.1400876913100888,0.2811898325583094,5095000.0,6271125.0,0.8124539057984014,8898039362.5,247,True,jpx_liquidity,JPX流動性
172,3092,ＺＯＺＯ,小売業,プライム,3092.T,2026-06-19,1113.5,-0.020237571491421025,0.0234375,0.09381139489194501,0.033215427950326504,-0.16382339972847937,1055.9100006103515,1067.046823120117,0.05454063258834507,0.04353433783163396,-0.16628367730475901,0.3134244676528082,7290400.0,8409470.0,0.8669274044618746,8648256919.46289,247,True,jpx_liquidity,JPX流動性
173,9843,ニトリホールディングス,小売業,プライム,9843.T,2026-06-19,2358.0,-0.041852905323039424,-0.12358297714179522,-0.08177570093457942,-0.09333497048757255,-0.17872724409459528,2590.6,2481.4604329427084,-0.0897861499266579,-0.04975313380125079,-0.308905675444189,0.39541149250226254,5421200.0,3244990.0,1.67063688948194,8636440160.0,247,True,jpx_liquidity,JPX流動性
174,9021,西日本旅客鉄道,陸運業,プライム,9021.T,2026-06-19,2593.5,-0.00992555831265507,0.006207565470417009,-0.036947642034905304,-0.1603589906169135,-0.14732448875473936,2574.725,2844.261767578125,0.007292040897571628,-0.08816409601836583,-0.24993666494101574,0.226540728854689,3710800.0,3297060.0,1.1254875555798196,8618039097.5,247,False,jpx_liquidity,JPX流動性
175,6532,ベイカレント,サービス業,プライム,6532.T,2026-06-19,5437.0,-0.05950527590382282,-0.019477006311992784,-0.05722212588867692,0.20661340434975584,-0.18375206417342638,5743.15,5307.416666666667,-0.053306983101607974,0.024415519163434762,-0.2357661918569357,0.4908787819372137,2788900.0,1421480.0,1.9619692151841743,8478363280.0,247,False,jpx_liquidity,JPX流動性
176,4523,エーザイ,医薬品,プライム,4523.T,2026-06-19,3902.0,-0.01688082640463595,0.032275132275132234,-0.061342314168871814,-0.15275492878305408,-0.13463801682103493,3854.45,4476.825252278646,0.012336390405894626,-0.1284001987761455,-0.2442378462134418,0.33635119329483787,2438200.0,2146150.0,1.1360808890338514,8374140345.0,247,False,jpx_liquidity,JPX流動性
177,7272,ヤマハ発動機,輸送用機器,プライム,7272.T,2026-06-19,1237.0,0.014766201804758072,0.038187159043222785,0.006509357200976451,0.14167051222888793,0.05361744619701292,1238.925,1185.9,-0.0015537663700384563,0.04308963656294784,-0.0667672576386269,0.2736729575560298,8255900.0,6618580.0,1.2473823690277974,8238868717.5,247,True,jpx_liquidity,JPX流動性
178,3088,マツキヨココカラ＆カンパニー,小売業,プライム,3088.T,2026-06-19,2332.5,-0.0025657472738934706,-0.0006426735218508783,0.03413877189093317,-0.011686690678515799,-0.17206624842692142,2303.75,2360.331608072917,0.012479652740097658,-0.011791397436582973,-0.17119294475773417,0.20443475856846624,3273900.0,3565225.0,0.9182870646312645,8209804517.5,247,False,jpx_liquidity,JPX流動性
179,6278,ユニオンツール,機械,プライム,6278.T,2026-06-19,25090.0,-0.00436507936507935,0.023246329526916742,0.18797348484848486,0.8037383177570094,2.1005931784478498,23407.5,18899.666666666668,0.07187867136601511,0.32753664085786327,-0.05069996216420736,0.5902542159538359,318100.0,349120.0,0.9111480293308891,8191922800.0,247,False,jpx_liquidity,JPX流動性
180,6269,三井海洋開発,機械,プライム,6269.T,2026-06-19,9669.0,-0.025105868118572294,0.004049844236760025,-0.12060027285129604,-0.3340909090909091,-0.1519837609363156,10095.3,12333.433333333332,-0.042227571246025275,-0.21603338351310664,-0.4005579665220087,0.43639665531696054,785800.0,788825.0,0.9961651823915317,8048962560.0,247,False,jpx_liquidity,JPX流動性
181,9202,ＡＮＡホールディングス,空運業,プライム,9202.T,2026-06-19,2961.0,-0.011682242990654235,0.04297287777386405,0.06357758620689657,0.05047991662164897,0.0016405978300502166,2892.675,2844.850223795573,0.023620005704062752,0.0408280812933135,-0.11050313158188485,0.321938444929446,2725600.0,2720660.0,1.0018157358876154,7983539970.0,247,False,jpx_liquidity,JPX流動性
182,7261,マツダ,輸送用機器,プライム,7261.T,2026-06-19,1102.0,-0.027360988526037078,-0.026071586389748158,0.03377110694183871,0.0671508548948403,-0.026024092017992384,1126.375,1078.6978108723958,-0.021640217511929905,0.021602147415835216,-0.18455379045047526,0.32100522319975167,7184400.0,7065480.0,1.016831128246064,7979802255.0,247,True,jpx_liquidity,JPX流動性
183,6754,アンリツ,電気機器,プライム,6754.T,2026-06-19,4333.0,0.07732471407260078,0.11617722823286969,-0.05824820691154098,0.6480622929297648,1.0058280780271693,4362.2,3841.7154541015625,-0.006693870065563212,0.12788155493763176,-0.09275544388609713,0.6675427504618824,2632600.0,1788815.0,1.4717005391837614,7945094315.0,247,True,jpx_liquidity,JPX流動性
184,7729,東京精密,精密機器,プライム,7729.T,2026-06-19,20075.0,-0.0034748076445768605,0.07611900294827123,0.18681643511676027,0.4751669795904425,0.9690364874430437,18089.0,16768.599088541665,0.10979048040245454,0.1971781240639039,-0.0034748076445768605,0.6579404932775438,435200.0,427880.0,1.0171076002617556,7857072225.0,247,False,jpx_liquidity,JPX流動性
185,3099,三越伊勢丹ホールディングス,小売業,プライム,3099.T,2026-06-19,3871.0,0.0,0.030892143808255668,0.1709013914095583,0.4088795146925186,0.671806238700194,3535.3,3235.571541341146,0.09495658077108016,0.19638831981921467,0.0,0.40694212477755526,3281900.0,2124755.0,1.5446016128918394,7815122540.0,247,False,jpx_liquidity,JPX流動性
186,2801,キッコーマン,食料品,プライム,2801.T,2026-06-19,1540.0,-0.004524886877828038,-0.05463474524248002,0.08032269379165213,0.18791669005021094,0.06660101414212183,1488.45,1465.7163920084636,0.03463334341093072,0.05068075133535621,-0.05463474524248002,0.35621259735738925,5249700.0,5154520.0,1.0184653469188207,7804268577.5,247,True,jpx_liquidity,JPX流動性
187,6996,ニチコン,電気機器,プライム,6996.T,2026-06-19,4635.0,-0.014877789585547307,0.18998716302952512,0.38152011922503726,1.6531498517146743,1.91763828631843,4059.25,2870.4596923828126,0.14183654616000485,0.6147239455407281,-0.025236593059936863,0.9484600879222466,1643700.0,1876210.0,0.8760746398324282,7741386775.0,247,False,jpx_liquidity,JPX流動性
188,6323,ローツェ,機械,プライム,6323.T,2026-06-19,4864.0,0.00703933747412,0.16698656429942416,0.2513506560329304,0.8112083410910444,1.4514219530048678,4151.6,3700.225,0.17159649291839285,0.3145146578924254,0.0,0.6861830596030776,2181600.0,1771985.0,1.2311616633323645,7694094430.0,247,False,jpx_liquidity,JPX流動性
189,4182,三菱瓦斯化学,化学,プライム,4182.T,2026-06-19,5424.0,0.012318029115341522,0.1062614725678157,0.07193675889328066,0.44521268627030963,0.981856984682665,5135.35,4575.299239095052,0.0562084375943217,0.1854962302034724,-0.021821460775473422,0.6246416087237283,1960800.0,1465435.0,1.3380327343075606,7561709595.0,247,False,jpx_liquidity,JPX流動性
190,8593,三菱ＨＣキャピタル,その他金融業,プライム,8593.T,2026-06-19,1312.0,-0.0037965072133636646,-0.005307050796057644,-0.0022813688212928174,-0.04295545972162651,0.04024953823270594,1303.425,1384.8348124186198,0.006578821182653405,-0.05259458511980464,-0.13484998351467192,0.18000919442370455,4213100.0,5903985.0,0.7136027615246312,7508178855.0,247,False,jpx_liquidity,JPX流動性
191,9024,西武ホールディングス,陸運業,プライム,9024.T,2026-06-19,2986.5,0.0,-0.0025050100200401104,0.0026859157293939173,-0.2755065417425647,-0.33944181293563314,2871.175,3588.9215006510417,0.040166482363492184,-0.16785585879818232,-0.35918523562259863,0.33419256415458354,3035200.0,2623890.0,1.1567558091230958,7505583297.5,247,False,jpx_liquidity,JPX流動性
192,6113,アマダ,機械,プライム,6113.T,2026-06-19,3074.0,-0.002271989613761738,0.05762945123000174,0.12538898041369206,0.4282482738030622,0.6755041873951655,2956.025,2664.954524739583,0.03991001429284258,0.15349060235854806,-0.00710594315245483,0.5431459477949806,2774500.0,2507175.0,1.1066239891511362,7415210800.0,247,False,jpx_liquidity,JPX流動性
193,4188,三菱ケミカルグループ,化学,プライム,4188.T,2026-06-19,1092.5,-0.026726057906458767,0.011105969458583997,0.06326034063260333,0.2831922895137222,0.25225105158678107,1089.9,999.3722035725912,0.002385539957794114,0.0931862984526608,-0.047515257192676574,0.445414453688349,7390400.0,6663705.0,1.1090526966604914,7413798002.5,247,True,jpx_liquidity,JPX流動性
194,6481,ＴＨＫ,機械,プライム,6481.T,2026-06-19,7704.0,0.0005194805194805863,0.08890459363957604,0.06144943510608991,0.7127612272120942,0.9530583938488619,7453.45,6383.15,0.033615305663820205,0.2069276141090215,-0.028376844494892195,0.48511927763886536,702000.0,997555.0,0.7037205968593211,7390912980.0,247,False,jpx_liquidity,JPX流動性
195,4506,住友ファーマ,医薬品,プライム,4506.T,2026-06-19,1469.5,-0.036393442622950856,0.06911604219716261,-0.026498840675720392,-0.1695394179146652,-0.35519964896884604,1484.475,1765.5833333333333,-0.010087741457417532,-0.16769717279463814,-0.5384736180904522,0.6018214823499303,5422100.0,4971560.0,1.090623466276179,7364259332.5,247,True,jpx_liquidity,JPX流動性
196,6841,横河電機,電気機器,プライム,6841.T,2026-06-19,5409.0,-0.012595837897042661,0.11571782178217815,0.11987577639751557,0.12085308272662276,0.10946234157612378,5090.1,5168.717903645834,0.06265102846702408,0.0464877559258321,-0.12593199275662492,0.43601280003163806,1404400.0,1417530.0,0.9907374094375427,7241812155.0,247,False,jpx_liquidity,JPX流動性
197,5805,ＳＷＣＣ,非鉄金属,プライム,5805.T,2026-06-19,14370.0,0.02863278453829632,0.1788351107465136,0.0496712929145362,0.17982215849963556,0.43539191249802944,14041.5,14382.505745442708,0.023394936438414726,-0.0008695108949753338,-0.24487651077246453,0.6426687432512665,1374700.0,477540.0,2.878711730954475,7199633650.0,247,False,jpx_liquidity,JPX流動性
198,1942,関電工,建設業,プライム,1942.T,2026-06-19,6829.0,0.03297534412343062,0.1829204919452625,0.14465303385853168,0.16879151544689686,0.4323686328111518,6197.95,6306.591951497396,0.10181592300680076,0.08283523851238983,-0.070378437244759,0.6058942336395795,2033200.0,1122815.0,1.8108058763019732,7199007305.0,247,True,jpx_liquidity,JPX流動性
199,4689,ＬＩＮＥヤフー,情報・通信業,プライム,4689.T,2026-06-19,409.5,-0.007753845680590787,0.017897122608754534,0.0007331079765875437,0.05968629454083496,-0.003793729225434861,410.35499877929686,410.4232493082682,-0.0020835588255053716,-0.0022495053821250943,-0.08756682010227212,0.2403641132296211,18867400.0,17262555.0,1.0929668290702044,7180111876.579895,247,True,jpx_liquidity,JPX流動性
200,4704,トレンドマイクロ,情報・通信業,プライム,4704.T,2026-06-19,5606.0,-0.051277711964799466,-0.04983050847457626,-0.09346701164294957,0.05873465533522193,-0.17721744684095775,6108.85,5740.666666666667,-0.08231500200528752,-0.02345836720473815,-0.16723136762467572,0.5006037379682884,1762100.0,1126395.0,1.56437129071063,7131256630.0,247,False,jpx_liquidity,JPX流動性
201,8601,大和証券グループ本社,証券、商品先物取引業,プライム,8601.T,2026-06-19,1606.0,-0.014723926380368124,0.023255813953488413,0.07785234899328852,0.12074560811685697,0.223884268075206,1542.5,1517.730507405599,0.04116693679092376,0.05815887086916938,-0.01884547841264239,0.20328523478584495,6389300.0,4491050.0,1.4226739849255743,7103871400.0,247,True,jpx_liquidity,JPX流動性
202,9532,大阪瓦斯,電気・ガス業,プライム,9532.T,2026-06-19,5410.0,-0.0022132054592400863,-0.03650934995547639,-0.04247787610619469,-0.10991115242842209,0.0036197479301782742,5481.65,5862.995955403646,-0.013070881942480739,-0.07726356266477397,-0.1894471160053922,0.225904468927123,1592500.0,1248710.0,1.275316126242282,7059077505.0,247,False,jpx_liquidity,JPX流動性
203,6724,セイコーエプソン,電気機器,プライム,6724.T,2026-06-19,2749.0,-0.023445825932504438,-0.005786618444846292,0.086776042696185,0.4504479101198975,0.39726361085653306,2880.6,2410.4087829589844,-0.04568492675137126,0.1404704544037405,-0.1137975499677627,0.5932365819807464,2709200.0,2419635.0,1.1196730085322786,7051918035.0,247,False,jpx_liquidity,JPX流動性
204,9147,ＮＩＰＰＯＮ　ＥＸＰＲＥＳＳホールディングス,陸運業,プライム,9147.T,2026-06-19,5191.0,0.0019301293186644308,0.024674299249901388,0.06003675719828472,0.48696648524777997,0.5825497434295861,5129.85,4400.883333333333,0.011920426523192695,0.17953592649960437,-0.017414347908385364,0.24863206147190978,1507100.0,1317480.0,1.1439262835109452,6838591925.0,247,False,jpx_liquidity,JPX流動性
205,5019,出光興産,石油・石炭製品,プライム,5019.T,2026-06-19,1259.5,0.01083467094703039,-0.04184100418410042,-0.05442942942942941,-0.09466104138394449,0.09004670440657692,1332.125,1413.0438680013021,-0.054518157079853635,-0.10866178430715268,-0.2408077154912598,0.36530905901498784,10404900.0,4806975.0,2.1645421496887334,6822455467.5,247,True,jpx_liquidity,JPX流動性
206,7202,いすゞ自動車,輸送用機器,プライム,7202.T,2026-06-19,2280.5,0.0410865099292399,0.06814988290398127,0.02725225225225225,0.020193120627817418,-0.033623858801436035,2224.075,2256.5745930989583,0.025370097681058468,0.010602533137707981,-0.20282666308913067,0.44486645808151154,4360100.0,2937985.0,1.4840443365095466,6778433815.0,247,True,jpx_liquidity,JPX流動性
207,3197,すかいらーくホールディングス,小売業,プライム,3197.T,2026-06-19,2734.0,0.01654582636177726,-0.0069015619324372945,-0.03409291644585766,-0.16975402368660797,-0.2041474155264278,2734.55,3019.5666666666666,-0.0002011299848239112,-0.09457206883989977,-0.264064602960969,0.23829402349798876,3140100.0,2399825.0,1.3084704093006783,6764786395.0,247,False,jpx_liquidity,JPX流動性
208,6134,ＦＵＪＩ,機械,プライム,6134.T,2026-06-19,8379.0,0.011101725594304224,0.09229565897536185,0.05822177317504429,0.7472200065448744,1.4411692614706286,7908.9,6618.1967366536455,0.05943936577779474,0.2660548384115684,0.0,0.512905282884215,992600.0,852290.0,1.1646270635581786,6705392870.0,247,False,jpx_liquidity,JPX流動性
209,4385,メルカリ,情報・通信業,プライム,4385.T,2026-06-19,3870.0,0.004151530877010812,0.03753351206434319,-0.07879076410378483,0.1372318542462534,0.3138686131386861,3915.75,3909.483333333333,-0.01168358552001536,-0.010099373745038664,-0.08704883227176219,0.40553162502836976,1645700.0,1694510.0,0.9711952127753746,6655195205.0,247,False,jpx_liquidity,JPX流動性
210,7173,東京きらぼしフィナンシャルグループ,銀行業,プライム,7173.T,2026-06-19,12500.0,0.022076860179885527,0.08601216333622941,0.13122171945701355,0.20182850695905663,0.46968066020810917,11732.0,11488.767415364584,0.06546198431639949,0.08801924071358935,0.0,0.39425191265857107,485200.0,555960.0,0.8727246564501043,6568956700.0,247,False,jpx_liquidity,JPX流動性
211,2768,双日,卸売業,プライム,2768.T,2026-06-19,5297.0,-0.010276532137518668,0.0425113166699469,-0.045585585585585564,-0.10408941980835662,0.12227745772497745,5259.7,5793.062996419271,0.007091659220107571,-0.08563051993839721,-0.2421456552176635,0.2668715307974377,1566800.0,1220590.0,1.2836415176267215,6526673100.0,247,False,jpx_liquidity,JPX流動性
212,7912,大日本印刷,その他製品,プライム,7912.T,2026-06-19,2736.0,-0.00959276018099553,0.0637636080870918,0.03479576399394846,-0.015404511864796966,0.019363034544159996,2672.525,2850.750565592448,0.023750947138006184,-0.04025275552952501,-0.16382547374542555,0.32575108566869965,2939700.0,2447575.0,1.201066361602811,6517040432.5,247,False,jpx_liquidity,JPX流動性
213,1944,きんでん,建設業,プライム,1944.T,2026-06-19,8272.0,0.03867403314917128,0.22005899705014742,0.21682847896440127,0.20404120407133886,0.2634145341039136,7106.45,7276.815966796875,0.1640129741291363,0.1367609182015892,-0.029677419354838697,0.518914882397706,2174500.0,829390.0,2.621806387827198,6516306845.0,247,True,jpx_liquidity,JPX流動性
214,3659,ネクソン,情報・通信業,プライム,3659.T,2026-06-19,2226.0,0.0011243534967393387,0.019230769230769162,-0.020677518697756248,-0.2179870015808888,-0.3999695565542942,2236.3,2515.725,-0.004605822116889535,-0.1151656083236442,-0.49649400588102244,0.3004972849235216,3286300.0,2850355.0,1.1529441069621154,6498690497.5,247,False,jpx_liquidity,JPX流動性
215,8113,ユニ・チャーム,化学,プライム,8113.T,2026-06-19,928.7999877929688,0.010224019066017442,0.015081953872096987,-0.01453582197032488,0.02313284895613954,0.034472235893615144,920.9650024414062,938.4533335367838,0.008507364917008431,-0.010286441955972503,-0.15178083306578194,0.2858428985129791,6338800.0,6948775.0,0.9122183406427752,6481106674.139709,247,True,jpx_liquidity,JPX流動性
216,5101,横浜ゴム,ゴム製品,プライム,5101.T,2026-06-19,7932.0,0.003161755406601685,0.12224108658743638,0.21432945499081435,0.35381464413722474,0.28468486037751606,7202.5,6611.216666666666,0.10128427629295378,0.19977916318983158,-0.006264094211976934,0.4976571172896459,1174000.0,888200.0,1.321774375140734,6480559215.0,247,False,jpx_liquidity,JPX流動性
217,6674,ジーエス・ユアサ　コーポレーション,電気機器,プライム,6674.T,2026-06-19,7016.0,0.04451391990471931,0.13216072293045023,0.14118412491867272,0.45860801740815726,0.9190342516884309,6637.95,6309.019319661458,0.056952824290631865,0.11205872807130324,-0.06390927284856573,0.6597482723592635,1210900.0,930765.0,1.3009728556617406,6437938055.0,247,True,jpx_liquidity,JPX流動性
218,8331,千葉銀行,銀行業,プライム,8331.T,2026-06-19,2491.0,-0.0248580935603836,0.024891997531372168,0.04729871767920968,0.2961750324928698,0.471844302500003,2391.1,2246.3748046875,0.041779933921626045,0.10889776487968161,-0.0248580935603836,0.3275401454275636,3588000.0,2596405.0,1.3819107573741385,6433275035.0,247,False,jpx_liquidity,JPX流動性
219,4005,住友化学,化学,プライム,4005.T,2026-06-19,542.7999877929688,-0.04453439338185916,-0.020039783592419647,-0.07340389364295596,0.1997525820204431,0.2630423105862958,576.8450012207031,547.1696497599283,-0.059019343767718,-0.007985936297594032,-0.12957022282922426,0.36064710843924885,22826700.0,10340170.0,2.207574923816533,6351862896.907654,247,True,jpx_liquidity,JPX流動性
220,7186,横浜フィナンシャルグループ,銀行業,プライム,7186.T,2026-06-19,1750.5,-0.036598789212988425,0.017732558139534893,0.049460431654676285,0.3325761675087209,0.3926491729477086,1672.025,1563.9924438476562,0.04693410684648858,0.11925093173308898,-0.036598789212988425,0.332303756623986,6960200.0,3584190.0,1.941917141669387,6346514622.5,247,True,jpx_liquidity,JPX流動性
221,9042,阪急阪神ホールディングス,陸運業,プライム,9042.T,2026-06-19,4329.0,-0.0041407867494823725,-0.0668247467126536,-0.07971938775510201,0.048584572766273926,0.10664778772284911,4524.5,4607.139176432292,-0.04320919438612003,-0.060371342340840406,-0.12457027300303336,0.2531238440555786,1315600.0,1400340.0,0.9394861247982633,6327174445.0,247,False,jpx_liquidity,JPX流動性
222,4768,大塚商会,情報・通信業,プライム,4768.T,2026-06-19,2766.5,-0.0220926122304701,-0.029638723254998278,-0.040742024965325974,-0.05354088265480672,-0.15129106684577187,2897.325,2963.95,-0.04515371937908241,-0.06661718315086285,-0.15154779700941812,0.30757446976653524,2256200.0,2123265.0,1.0626087652742358,6270688125.0,247,False,jpx_liquidity,JPX流動性
223,4684,オービック,情報・通信業,プライム,4684.T,2026-06-19,3760.0,-0.029426948890036164,-0.02641118591403413,-0.0920067616517749,-0.026186304619401968,-0.2250735278874627,3981.15,4042.2748006184897,-0.05554927596297554,-0.06983068062945652,-0.23703611962924254,0.3221989807265801,2746500.0,1501290.0,1.8294266930439822,6240834120.0,247,False,jpx_liquidity,JPX流動性
224,3064,ＭｏｎｏｔａＲＯ,小売業,プライム,3064.T,2026-06-19,1782.5,-0.005301339285714302,-0.017364939360529186,-0.08893432149246105,0.019736842105263053,-0.24741009631054556,1858.45,1836.6,-0.04086738949124269,-0.029456604595448077,-0.29207287854667985,0.40425287548706346,3239900.0,3275820.0,0.9890348065522526,6208794987.5,247,False,jpx_liquidity,JPX流動性
225,4751,サイバーエージェント,サービス業,プライム,4751.T,2026-06-19,1310.5,-0.015401953418482384,-0.03922287390029322,-0.04898403483309144,-0.024199553239017124,-0.00038138825324185444,1359.375,1328.8416666666667,-0.035954022988505696,-0.013802748007349819,-0.10941216445803603,0.41287587961167865,4769600.0,4471255.0,1.066725114089892,6107394835.0,247,False,jpx_liquidity,JPX流動性
226,6268,ナブテスコ,機械,プライム,6268.T,2026-06-19,5399.0,0.006524981357196147,0.1321031662822394,-0.017470427661510413,0.3281672816728167,0.5080247649804284,5231.05,4959.933333333333,0.032106364878943916,0.08852269519751599,-0.06104347826086953,0.49496234134891764,1009700.0,1184435.0,0.852473964379641,6049967900.0,247,False,jpx_liquidity,JPX流動性
227,1878,大東建託,不動産業,プライム,1878.T,2026-06-19,3017.0,0.00399334442595678,-0.01790364583333337,-0.08381415122988156,-0.10613407896229188,0.0227461444144339,3071.85,3396.3212280273438,-0.017855689568175515,-0.11168591030114716,-0.20563454449710372,0.24076301751993212,1861000.0,1941200.0,0.9586853492684937,6027650230.0,247,False,jpx_liquidity,JPX流動性
228,3402,東レ,繊維製品,プライム,3402.T,2026-06-19,1159.0,-0.028092243186582766,0.012227074235807933,0.06771073238139103,0.11486053217480707,0.15334190901969746,1143.525,1132.6727213541667,0.013532716818609014,0.02324350021810151,-0.12724724324649284,0.42550222496116874,6838400.0,5055815.0,1.3525811367702338,5980424465.0,247,True,jpx_liquidity,JPX流動性
229,6305,日立建機,機械,プライム,6305.T,2026-06-19,5408.0,-0.005699577128148503,0.019800113143503717,0.0855078281814532,0.06299815513560847,0.1949215007638463,5281.5,5370.936271158854,0.02395152892170782,0.006900794753453621,-0.2162525159975125,0.35247222220610325,958700.0,1125615.0,0.8517121751220444,5861089200.0,247,False,jpx_liquidity,JPX流動性
230,3697,ＳＨＩＦＴ,情報・通信業,プライム,3697.T,2026-06-19,631.7000122070312,-0.020923744179453196,-0.021075431339231288,-0.037776066706730727,0.019035307837134363,-0.3419791539510091,678.4649993896485,664.8100016276042,-0.06892763403371927,-0.049803687278338504,-0.38370730516387197,0.7469560957599455,8301500.0,8343915.0,0.9949166548316947,5860128343.627014,247,True,jpx_liquidity,JPX流動性
231,3853,アステリア,情報・通信業,プライム,3853.T,2026-06-19,1307.0,-0.04806991988346687,-0.24450867052023117,-0.4576763485477179,0.1235264328630945,0.3664510456812704,1925.3,1691.1736002604166,-0.3211447566612995,-0.22716390570504374,-0.5247272727272727,1.2699635284421074,921900.0,2934025.0,0.3142100016189364,5850210900.0,247,False,jpx_liquidity,JPX流動性
232,5844,京都フィナンシャルグループ,銀行業,プライム,5844.T,2026-06-19,4726.0,0.014598540145985384,0.059166293142088655,0.05514623799955354,0.13613343738173644,0.4454983384871434,4517.45,4407.267830403646,0.04616542518456224,0.07231967329000799,0.0,0.32981738068979366,2496400.0,1193785.0,2.091163819280691,5827627860.0,247,False,jpx_liquidity,JPX流動性
233,3003,ヒューリック,不動産業,プライム,3003.T,2026-06-19,1706.5,-0.0052462838822501245,-0.01101130107215298,0.034242424242424185,-0.05535566011624693,0.015129145396585608,1686.85,1781.0916666666667,0.01164893144025858,-0.04187974603590494,-0.1758029461482734,0.20801182582510952,2593800.0,3763440.0,0.6892098718193993,5770572500.0,247,False,jpx_liquidity,JPX流動性
234,7309,シマノ,輸送用機器,プライム,7309.T,2026-06-19,17205.0,0.006729081334113429,0.025939177101967692,0.018650088809946785,0.06105457909343204,0.050236626217847524,16394.0,16644.166666666668,0.04946931804318644,0.03369548891002849,-0.08484042553191484,0.31356913925554825,364600.0,340755.0,1.0699769629205735,5726898225.0,247,False,jpx_liquidity,JPX流動性
235,7550,ゼンショーホールディングス,小売業,プライム,7550.T,2026-06-19,7621.0,-0.015629036424696485,-0.038602245490097165,-0.028181586330017883,-0.16879690819321347,-0.17041875021260677,7791.8,8382.764518229167,-0.0219204805051465,-0.09087270870756703,-0.2316378484649897,0.4077974765649802,476100.0,741110.0,0.6424147562440123,5706910905.0,247,False,jpx_liquidity,JPX流動性
236,1911,住友林業,建設業,プライム,1911.T,2026-06-19,1338.0,0.009049773755656076,0.003374578177727683,0.05188679245283012,-0.04086021505376347,-0.14631867561858014,1311.275,1363.775,0.02038092696040117,-0.018899745192572204,-0.2680525164113785,0.2639577289052628,5094400.0,4181675.0,1.2182677993866093,5679572235.0,247,True,jpx_liquidity,JPX流動性
237,6728,アルバック,電気機器,プライム,6728.T,2026-06-19,10255.0,0.020905923344947785,0.16177636796193506,0.09142188165176668,0.18596044871053552,0.562071591774562,9149.2,9440.966666666667,0.12086302627552126,0.08622351524737937,-0.09408127208480566,0.5972420479708405,797500.0,582725.0,1.368570080226522,5509654970.0,247,False,jpx_liquidity,JPX流動性
238,5214,日本電気硝子,ガラス・土石製品,プライム,5214.T,2026-06-19,6823.0,0.008573540280857328,0.12479393339927469,0.023091917828759856,0.1480733636210667,0.1430344855454666,6439.95,6824.233333333334,0.059480275467977295,-0.0001807284823204247,-0.16752074182528065,0.6220798153608369,1033400.0,843945.0,1.2244873777319611,5491760245.0,247,False,jpx_liquidity,JPX流動性
239,6407,ＣＫＤ,機械,プライム,6407.T,2026-06-19,7760.0,-0.010204081632653073,0.16867469879518082,0.1513353115727003,0.8958503163303448,1.8499712626415237,6739.0,5988.96669921875,0.15150615818370672,0.29571600406665777,-0.010204081632653073,0.6703116500362841,1041100.0,824355.0,1.2629267730528717,5482751500.0,247,False,jpx_liquidity,JPX流動性
240,9602,東宝,情報・通信業,プライム,9602.T,2026-06-19,1241.5,-0.011937922801432577,-0.053734756097560954,-0.00040257648953301306,-0.22333437597747885,-0.24835577308024115,1254.125,1418.7333333333333,-0.010066779627230127,-0.1249236408063531,-0.28112333526346267,0.39277467400286836,5181500.0,4303265.0,1.2040857349012901,5479693862.5,247,True,jpx_liquidity,JPX流動性
241,4612,日本ペイントホールディングス,化学,プライム,4612.T,2026-06-19,1070.0,-0.027272727272727226,0.06308991554893195,0.020992366412213803,0.10229729735677595,0.040710207210257865,1025.1449981689452,1008.0066650390625,0.04375478777262942,0.061500917713212866,-0.13605167541380703,0.37190156012852305,6199100.0,5123110.0,1.2100267220496925,5423685221.262512,247,True,jpx_liquidity,JPX流動性
242,7211,三菱自動車工業,輸送用機器,プライム,7211.T,2026-06-19,320.0,-0.024390243902439046,-0.008981089969961609,-0.14301016274598055,-0.033737932966453776,-0.12342868110698968,349.5199996948242,332.56700388590497,-0.08445868539882972,-0.03778788556611101,-0.2903946155378172,0.5072208012785101,9731900.0,15560235.0,0.6254339989081141,5423584030.471497,247,True,jpx_liquidity,JPX流動性
243,5831,しずおかフィナンシャルグループ,銀行業,プライム,5831.T,2026-06-19,3026.0,-0.02857142857142858,-0.008519003931848013,0.009676343009676236,0.22333859767026198,0.2847614667420866,2952.075,2844.7080810546877,0.025041707951186876,0.06372953349859989,-0.030438961871195103,0.2790211773248626,2011400.0,1809045.0,1.1118573612043923,5416061590.0,247,False,jpx_liquidity,JPX流動性
244,4022,ラサ工業,化学,プライム,4022.T,2026-06-19,2243.0,-0.03568357695614788,0.15321336760925441,0.20981661272923402,0.5031937841630192,0.9385309089374543,2108.35,1950.6095865885416,0.06386510778570931,0.14989694269001608,-0.15454202789295135,1.1989469524603125,1295300.0,2477660.0,0.5227916663303278,5408576790.0,247,False,jpx_liquidity,JPX流動性
245,3391,ツルハホールディングス,小売業,プライム,3391.T,2026-06-19,1972.5,-0.026887025160335476,-0.051226551226551176,-0.05508982035928145,-0.15974440894568687,-0.28953915666014396,2000.7,2133.375,-0.014095066726645733,-0.07540868342415186,-0.3270330417967242,0.3394413539975936,1985600.0,2724410.0,0.7288183496610275,5368753770.0,247,False,jpx_liquidity,JPX流動性
246,5110,住友ゴム工業,ゴム製品,プライム,5110.T,2026-06-19,2257.0,-0.001548330015483268,0.0608695652173914,0.17736045905059994,0.13104485091455786,-0.05141269106067625,2091.175,2064.9166666666665,0.07929752411921509,0.0930223172847977,-0.1917636526410027,0.446235697091216,1832200.0,2532010.0,0.723614835644409,5343845827.5,247,False,jpx_liquidity,JPX流動性
247,9023,東京地下鉄,陸運業,プライム,9023.T,2026-06-19,1371.5,0.023507462686567226,0.017433234421365018,-0.0847514180847514,-0.14161554774216334,-0.1117038359200827,1392.25,1519.557470703125,-0.01490393248339017,-0.097434597609932,-0.19925348514122265,0.2152805933704508,5972500.0,3669425.0,1.6276392077777853,5334712762.5,247,True,jpx_liquidity,JPX流動性
248,7259,アイシン,輸送用機器,プライム,7259.T,2026-06-19,2299.0,-0.030979978925184448,0.011438627364716236,-0.008838111661996106,0.06875328853137308,-0.20784184671438777,2359.6,2313.510811360677,-0.025682319037124923,-0.006272203825208211,-0.24098760313325518,0.37856414699673546,2804300.0,2190690.0,1.2800989642532719,5330856035.0,247,False,jpx_liquidity,JPX流動性
249,7731,ニコン,精密機器,プライム,7731.T,2026-06-19,2153.0,0.009849906191369495,0.06505070492208764,0.09595316874522775,0.12703173059934225,0.2814743390543013,1963.75,1947.5630350748697,0.09637173774665819,0.1054841159055131,-0.07457554266064903,0.5559735719149045,4579200.0,2580565.0,1.7744951202546728,5318618540.0,247,False,jpx_liquidity,JPX流動性
250,7826,フルヤ金属,その他製品,プライム,7826.T,2026-06-19,9090.0,-0.037076271186440635,0.023648648648648685,-0.0982142857142857,0.4270015698587126,1.894904458598726,8924.5,8089.0,0.018544456272060028,0.12374830016071203,-0.15363128491620115,0.6291820260894981,385200.0,597270.0,0.6449344517554875,5249029750.0,247,False,jpx_liquidity,JPX流動性
251,4183,三井化学,化学,プライム,4183.T,2026-06-19,2137.0,-0.0074314909428704334,0.037378640776698946,0.04243902439024394,0.203390414219365,0.1365354215894743,2118.425,2013.5822123209634,0.008768306642906731,0.06129264895361719,-0.09200317964529092,0.39657133433361197,3774900.0,2380715.0,1.5856160859237667,5234592162.5,247,False,jpx_liquidity,JPX流動性
252,9962,ミスミグループ本社,卸売業,プライム,9962.T,2026-06-19,3850.0,-0.011553273427471145,0.03913630229419707,0.1404028436018958,0.4721596074340624,0.5924095575271282,3708.2,3284.2779296875,0.038239577153335924,0.1722515823642028,-0.011553273427471145,0.35516906271530274,1476000.0,1409770.0,1.0469792944948466,5178779425.0,247,False,jpx_liquidity,JPX流動性
253,6806,ヒロセ電機,電気機器,プライム,6806.T,2026-06-19,29630.0,0.014031485284051959,0.08059810357403352,0.2473163544516943,0.45080790377089985,0.7551465429632906,27505.75,23777.353743489584,0.07722930659952909,0.24614371807934732,0.0,0.5023437531766124,262400.0,181765.0,1.443622259510907,5144650275.0,247,False,jpx_liquidity,JPX流動性
254,5711,三菱マテリアル,非鉄金属,プライム,5711.T,2026-06-19,4836.0,-0.01326259946949604,0.042241379310344884,-0.04009527590313622,0.031818865622331716,0.47451645968766676,4932.35,5178.665584309896,-0.019534299066368055,-0.06616870286972953,-0.20721311475409832,0.5091031924934756,956200.0,1029930.0,0.9284126105657666,5009000765.0,247,False,jpx_liquidity,JPX流動性
255,5991,日本発條,金属製品,プライム,5991.T,2026-06-19,4083.0,-0.02576950608446671,0.11223099972759476,0.25863131935881634,0.6074681088924279,0.666740050941111,3754.9,3119.3663533528647,0.08737915790034356,0.30891967710409185,-0.02576950608446671,0.5944474886924134,2366500.0,1224605.0,1.9324598544020317,5008324265.0,247,False,jpx_liquidity,JPX流動性
256,1963,日揮ホールディングス,建設業,プライム,1963.T,2026-06-19,2717.0,-0.030854289281255554,0.07031711640732707,-0.005308438586857034,0.35951548770376696,0.5295016235652632,2660.65,2537.264367675781,0.021179035198165774,0.07083835433706209,-0.05099545930841776,0.4369395506153822,2207200.0,1902380.0,1.160230868701311,4932801175.0,247,False,jpx_liquidity,JPX流動性
257,2875,東洋水産,食料品,プライム,2875.T,2026-06-19,9796.0,0.003791372066810128,-0.005078204346942949,-0.11227911191662887,-0.05684475295295921,-0.10410894551027572,10344.3,10686.635188802084,-0.053005036590199395,-0.08334103046161145,-0.196924856931457,0.2147744666514609,1308000.0,438665.0,2.9817742468626403,4925894315.0,247,False,jpx_liquidity,JPX流動性
258,3289,東急不動産ホールディングス,不動産業,プライム,3289.T,2026-06-19,1296.0,0.0027079303675048294,-0.021517553793884536,0.025722200237435766,-0.0009666790720520568,-0.0760688382684993,1303.525,1335.1229919433595,-0.005772808346598768,-0.02930291230054649,-0.16484098767591948,0.25534078911008223,3507400.0,3837630.0,0.9139494948705321,4920572195.0,247,False,jpx_liquidity,JPX流動性
259,4047,関東電化工業,化学,プライム,4047.T,2026-06-19,4015.0,0.04421326397919367,0.07066666666666666,0.3207236842105263,1.9893139203689527,2.9730273809638135,3779.25,2450.947330729167,0.062380101872064664,0.6381420970011302,-0.08853575482406362,1.0026752861810926,944300.0,1297930.0,0.7275430878398681,4917797225.0,247,True,jpx_liquidity,JPX流動性
260,6966,三井ハイテック,電気機器,プライム,6966.T,2026-06-19,1200.0,-0.038461538461538436,0.48514851485148514,0.6085790884718498,1.127659574468085,0.6796963136950422,925.45,753.5833333333334,0.2966664865740991,0.5923919053411477,-0.09090909090909094,1.3799591125288457,4189500.0,4663410.0,0.8983769387636944,4900665295.0,247,False,jpx_liquidity,JPX流動性
261,4042,東ソー,化学,プライム,4042.T,2026-06-19,2970.5,-0.012138343864316559,0.038091909837497884,0.14206074586697426,0.333321206089469,0.3100052896910672,2817.975,2574.5840291341146,0.054125746324931834,0.15377861681175742,-0.02478660538411026,0.38453176431285974,1299300.0,1727290.0,0.7522187936015376,4887470370.0,247,False,jpx_liquidity,JPX流動性
262,6586,マキタ,機械,プライム,6586.T,2026-06-19,5901.0,-0.003209459459459496,0.07662835249042144,0.03236529041287617,0.18180813618844227,0.2808549343115607,5578.05,5524.675065104167,0.05789657676069582,0.06811711647492835,-0.008837282962578241,0.30790724543007414,1515400.0,816890.0,1.8550845279046138,4821114570.0,247,False,jpx_liquidity,JPX流動性
263,4021,日産化学,化学,プライム,4021.T,2026-06-19,8106.0,0.015534953645702787,0.0780688921399122,0.11884057971014483,0.3996091973927496,0.5432992571639255,7502.15,6905.408089192709,0.08049025945895516,0.17386255747669344,0.0,0.28669537121638844,1069200.0,627905.0,1.702805360683543,4800390960.0,247,False,jpx_liquidity,JPX流動性
264,4043,トクヤマ,化学,プライム,4043.T,2026-06-19,5124.0,-0.008322043739113605,0.09021276595744676,0.15301530153015297,0.440003787334317,0.2853367563409748,5039.1,4349.109785970052,0.016848246710722048,0.17817214376369472,-0.08858057630736393,0.7042515986772881,579900.0,947590.0,0.6119735328570374,4799640385.0,247,False,jpx_liquidity,JPX流動性
265,3038,神戸物産,卸売業,プライム,3038.T,2026-06-19,2537.0,-0.023103581055063493,-0.0657337506904806,-0.06727941176470587,-0.2849492671927847,-0.3425757968385592,2634.25,2905.0916666666667,-0.03691752870836096,-0.12670569775480411,-0.3586956521739131,0.28370128877053463,2105600.0,1737935.0,1.2115527910997823,4721357145.0,247,False,jpx_liquidity,JPX流動性
266,5076,インフロニア・ホールディングス,建設業,プライム,5076.T,2026-06-19,2735.0,-0.012278801011195384,0.06565361387103064,0.16830414352840672,0.27279544261572397,0.380816399857143,2536.7,2324.381311035156,0.0781724287460086,0.17665719777362,-0.012278801011195384,0.28412424413094506,1798700.0,1821510.0,0.987477422577971,4697839962.5,247,False,jpx_liquidity,JPX流動性
267,3231,野村不動産ホールディングス,不動産業,プライム,3231.T,2026-06-19,927.0,0.0007557078875701784,-0.01288465115589843,0.027716186252771724,-0.06414750022783267,-0.0007567369125371926,914.3949951171875,979.1574981689453,0.013785076416781061,-0.053267730948781344,-0.18530516575974365,0.2544233530815215,3367300.0,5373275.0,0.6266755377307136,4677523345.946045,247,False,jpx_liquidity,JPX流動性
268,6856,堀場製作所,電気機器,プライム,6856.T,2026-06-19,28630.0,0.006680731364275605,0.1251719394773041,0.10647342995169073,0.5826423438363737,0.8997633810556451,26215.75,23026.333333333332,0.0920915861648055,0.24335905267881697,0.0,0.38475956102224396,337900.0,168400.0,2.0065320665083135,4655208475.0,247,False,jpx_liquidity,JPX流動性
269,6141,ＤＭＧ森精機,機械,プライム,6141.T,2026-06-19,3714.0,-0.011182108626198062,0.09492924528301883,0.127504553734062,0.5621451104100947,0.47848321133108196,3461.75,3083.766666666667,0.07286776919188265,0.20437127755018203,-0.028511640073240918,0.4843836079035327,1120800.0,1360235.0,0.8239752689792572,4638702195.0,247,False,jpx_liquidity,JPX流動性
270,6368,オルガノ,機械,プライム,6368.T,2026-06-19,17790.0,-0.03288937211198695,0.17348284960422156,0.08277541083384055,0.3281423609592218,0.47522770846028783,15936.25,15925.28857421875,0.11632284885089028,0.1170912173484886,-0.05897910605659873,0.573113861110772,377700.0,282530.0,1.3368491841574346,4629259125.0,247,False,jpx_liquidity,JPX流動性
271,429A,テクセンドフォトマスク,その他製品,プライム,429A.T,2026-06-19,4305.0,0.004667444574095736,0.16983695652173902,0.05904059040590415,0.5696337790008892,0.4923250534149606,4141.25,3877.4575073242186,0.03954120132810135,0.11026361781352523,-0.17052023121387283,0.8658163051375162,3110400.0,981795.0,3.168074801766153,4607551125.0,164,True,jpx_liquidity,JPX流動性
272,2587,サントリービバレッジ＆フード,食料品,プライム,2587.T,2026-06-19,4370.0,0.010404624277456698,0.018648018648018683,0.04821300071959711,0.008539118393722678,-0.07940645942778901,4283.55,4410.45,0.020181858505211814,-0.00917139974379022,-0.16682554814108674,0.19401548484987777,1127300.0,1068550.0,1.054981049085209,4594672370.0,247,False,jpx_liquidity,JPX流動性
273,8354,ふくおかフィナンシャルグループ,銀行業,プライム,8354.T,2026-06-19,6974.0,-0.024478948104630027,0.01558176787534582,0.04761904761904767,0.2011461503114642,0.42069748376111504,6730.1,6516.289624023438,0.03624017473737373,0.07024095035449829,-0.029102351709514473,0.3143855298303442,865800.0,669735.0,1.2927501175838205,4583000345.0,247,False,jpx_liquidity,JPX流動性
274,5714,ＤＯＷＡホールディングス,非鉄金属,プライム,5714.T,2026-06-19,9480.0,-0.027193432529502348,0.010984323344353175,-0.08758421559191532,0.13279927631691812,0.43057584114223,9927.4,9824.124055989583,-0.04506718778330676,-0.03502847215979299,-0.18556701030927836,0.5170472066478623,388500.0,464865.0,0.8357265012422962,4571462190.0,247,False,jpx_liquidity,JPX流動性
275,6370,栗田工業,機械,プライム,6370.T,2026-06-19,9563.0,0.002726224179511405,0.1407610640582131,0.1012206356517733,0.3405646847164794,0.549259836779328,8760.1,8345.989762369793,0.09165420486067499,0.14581976161981824,0.0,0.39261221850396877,684900.0,499865.0,1.370169945885389,4502587115.0,247,False,jpx_liquidity,JPX流動性
276,9435,光通信,情報・通信業,プライム,9435.T,2026-06-19,36630.0,-0.009464575446187173,0.00936897216864141,-0.026056899760701913,-0.11738495474768151,-0.15219732734503744,36186.0,38292.01842447917,0.012269938650306678,-0.0434037821160318,-0.1914532686963627,0.3589896939842859,149400.0,119300.0,1.2523051131601006,4369945100.0,247,False,jpx_liquidity,JPX流動性
277,3086,Ｊ．フロント　リテイリング,小売業,プライム,3086.T,2026-06-19,2506.5,0.027254098360655732,0.046773856755063736,0.12930840279342193,0.06795909671921607,0.1472627779437219,2274.9,2361.233333333333,0.10180667282078337,0.061521521238900645,-0.08077365037462514,0.29938083168853236,5759900.0,1654825.0,3.4806701614974394,4368942660.0,247,True,jpx_liquidity,JPX流動性
278,9684,スクウェア・エニックス・ホールディングス,情報・通信業,プライム,9684.T,2026-06-19,2439.0,-0.010748326911376949,0.012033195020746845,-0.09666666666666668,-0.01744177983872708,-0.14261276711003557,2522.75,2546.345039876302,-0.03319789911802595,-0.042156517752015565,-0.15161925016960998,0.2818274500407127,2587200.0,1631440.0,1.5858382778404354,4290936497.5,247,False,jpx_liquidity,JPX流動性
279,6941,山一電機,電気機器,プライム,6941.T,2026-06-19,10590.0,0.054780876494023856,0.1611842105263157,0.2789855072463767,0.32731448425247955,0.9630666870742457,9345.5,9381.33935546875,0.13316569471938355,0.12883668298670758,-0.05277280858676203,0.8128477770221889,500000.0,451820.0,1.1066353857730955,4220689200.0,247,True,jpx_liquidity,JPX流動性
280,8804,東京建物,不動産業,プライム,8804.T,2026-06-19,3356.0,0.00962695547533099,0.01420368691447571,0.0725471396612336,-0.06099608282036928,-0.03509869544851929,3249.3,3464.983333333333,0.03283784199673767,-0.031452772740609536,-0.23273891175125738,0.29078591793031355,2748300.0,1198505.0,2.293106828924368,4206897640.0,247,False,jpx_liquidity,JPX流動性
281,7181,かんぽ生命保険,保険業,プライム,7181.T,2026-06-19,1525.0,-0.016129032258064502,-0.010382868267358902,-0.0009826400262037405,0.006393638246567246,0.03702692826760012,1483.275,1542.6667765299478,0.02813031973167468,-0.011452101515848523,-0.12411416186977176,0.3552556340035177,2366200.0,2818510.0,0.8395215911953479,4162095590.0,247,False,jpx_liquidity,JPX流動性
282,4528,小野薬品工業,医薬品,プライム,4528.T,2026-06-19,2249.0,-0.012296881862099207,0.016497175141243048,-0.0940584088620342,-0.02021659267515996,0.044027786026020754,2277.15,2393.671435546875,-0.012361943657642316,-0.06043913688338853,-0.14568899528009582,0.2759181509777905,2238300.0,1842750.0,1.2146520146520146,4157208225.0,247,False,jpx_liquidity,JPX流動性
283,6302,住友重機械工業,機械,プライム,6302.T,2026-06-19,5559.0,0.02206287920573624,0.10297619047619055,0.0690384615384616,0.1634575136040184,0.35891197110493955,5227.9,5200.15,0.06333326957286878,0.0690076247800544,-0.11494984875019898,0.5565536578826181,1189900.0,748690.0,1.589309326957753,4100168290.0,247,False,jpx_liquidity,JPX流動性
284,4203,住友ベークライト,化学,プライム,4203.T,2026-06-19,7710.0,0.047127529539589874,0.18981481481481488,0.13968957871396892,0.5861102846325275,0.5146860975255296,6721.7,5921.042317708333,0.14703125697368225,0.3021356015209262,0.0,0.422558621339694,1503400.0,545845.0,2.754261740970422,4057446725.0,247,True,jpx_liquidity,JPX流動性
285,5301,東海カーボン,ガラス・土石製品,プライム,5301.T,2026-06-19,1751.0,-0.012965050732807182,-0.03632361034672538,0.07621389059618933,0.9262926292629263,0.8594371687103588,1782.975,1358.3783335367839,-0.01793351000434662,0.289037050113244,-0.0781784680178994,0.4146188449632075,2442300.0,2228320.0,1.0960275005385223,4037146340.0,247,False,jpx_liquidity,JPX流動性
286,4078,堺化学工業,化学,プライム,4078.T,2026-06-19,4800.0,-0.010309278350515427,0.04008667388949072,0.3852813852813852,0.41419667654286285,0.622235504686139,4896.25,4033.637980143229,-0.019657901455195304,0.18999276177718816,-0.24764890282131657,1.3138186247390022,255900.0,781725.0,0.32735296939460806,4026919675.0,247,False,jpx_liquidity,JPX流動性
287,4061,デンカ,化学,プライム,4061.T,2026-06-19,4439.0,-0.015306122448979553,0.10176222387689249,0.14762150982419864,0.4111683833728086,0.7090460098387332,4116.65,3936.2013549804688,0.07830396074478041,0.1277370235095674,-0.015306122448979553,0.638885653622924,1346800.0,933095.0,1.4433685744752678,3959147405.0,247,False,jpx_liquidity,JPX流動性
288,2432,ディー・エヌ・エー,情報・通信業,プライム,2432.T,2026-06-19,2354.0,-0.05990415335463262,-0.11851713162329147,-0.1463281958295558,-0.03490058318446099,-0.052124397033327274,2650.35,2626.9433064778646,-0.11181542060482574,-0.10390148344838845,-0.14725593189639563,0.33159699091911155,4331200.0,1337955.0,3.2371791278480964,3917830292.5,247,False,jpx_liquidity,JPX流動性
289,6622,ダイヘン,電気機器,プライム,6622.T,2026-06-19,17840.0,-0.021929824561403466,0.1917167668670674,0.09179926560587526,0.5488747609897247,0.9356765113201329,16087.0,14967.679541015625,0.10896997575682232,0.19190152027997498,-0.021929824561403466,0.5867102475437375,358200.0,231805.0,1.5452643385604279,3889837850.0,247,False,jpx_liquidity,JPX流動性
290,4324,電通グループ,サービス業,プライム,4324.T,2026-06-19,2976.0,-0.055837563451776595,-0.030618892508143314,-0.02394227615611677,0.09916897506925215,-0.1310948905109489,3083.05,3001.75,-0.034722109599260476,-0.008578329307903698,-0.15979672501411635,0.28341185259682666,1824300.0,1230145.0,1.4829959069865748,3887457950.0,247,False,jpx_liquidity,JPX流動性
291,6770,アルプスアルパイン,電気機器,プライム,6770.T,2026-06-19,2176.0,-0.006619493266377563,0.0790974460699232,0.009510554395731896,0.05103951296668652,0.13858095873902054,2132.4,2179.3228678385417,0.020446445319827422,-0.0015247248985357231,-0.08049862666384955,0.40503398716226824,1958800.0,1819365.0,1.0766393769254659,3884897717.5,247,False,jpx_liquidity,JPX流動性
292,7747,朝日インテック,精密機器,プライム,7747.T,2026-06-19,3492.0,-0.01606086221470837,-0.039339752407152706,-0.05108695652173911,0.09193245778611625,0.15667439549519702,3668.35,3511.266666666667,-0.048073384491665205,-0.005487098672843693,-0.08586387434554976,0.3025949026039724,1128000.0,1026180.0,1.0992223586505292,3819077055.0,247,False,jpx_liquidity,JPX流動性
293,4151,協和キリン,医薬品,プライム,4151.T,2026-06-19,2537.5,0.012974051896207595,0.05707144344928139,0.05972019210691171,0.07978723404255317,0.00019217439311325357,2404.45,2441.975,0.05533489987315199,0.039117927087705784,-0.12045060658578854,0.2703053630948813,4142500.0,1411020.0,2.9358194781080353,3786226910.0,247,False,jpx_liquidity,JPX流動性
294,7167,めぶきフィナンシャルグループ,銀行業,プライム,7167.T,2026-06-19,1411.0,-0.019798541160125027,0.006419400855920188,0.010383100608664542,0.23731347964764926,0.35652298413857086,1371.45,1330.6634033203125,0.0288380910714936,0.060373341958025684,-0.019798541160125027,0.2518489025111732,3168900.0,2694840.0,1.1759139689183773,3783427625.0,247,False,jpx_liquidity,JPX流動性
295,6254,野村マイクロ・サイエンス,機械,プライム,6254.T,2026-06-19,4805.0,-0.05226824457593693,0.1122685185185186,-0.03514056224899598,0.824917591970143,0.9073515771405214,4525.25,4026.3971638997396,0.06181978896193585,0.19337457394445168,-0.06335282651072127,0.6904653279191487,946400.0,847570.0,1.116603938317779,3771453000.0,247,False,jpx_liquidity,JPX流動性
296,8359,八十二長野銀行,銀行業,プライム,8359.T,2026-06-19,2347.0,-0.0029736618521665203,0.0019210245464247322,0.005139186295503251,0.22523585311462746,0.4514846471185878,2337.15,2200.9444193522136,0.0042145347966540125,0.0663604129952422,-0.03633750769862454,0.2866579997232387,4094500.0,1467405.0,2.790299883127017,3766224697.5,247,False,jpx_liquidity,JPX流動性
297,2897,日清食品ホールディングス,食料品,プライム,2897.T,2026-06-19,2701.0,0.0011119347664936274,0.005584512285927046,0.023106060606060685,-0.04334988582851096,-0.0687736414521759,2652.45,2809.725480143229,0.018303832305981427,-0.038696122063030414,-0.17601766878300995,0.24249873230946048,3555400.0,1287060.0,2.762419778409709,3759805020.0,247,False,jpx_liquidity,JPX流動性
298,5406,神戸製鋼所,鉄鋼,プライム,5406.T,2026-06-19,1966.0,-0.01920678473434767,0.015233668990446647,0.01001798099152329,0.033660532980955615,0.009482906673987657,1953.55,1937.1826334635416,0.006373013232320757,0.014875916208754614,-0.1458387363217547,0.19972877995458627,2797700.0,1870125.0,1.495996256934697,3742289392.5,247,False,jpx_liquidity,JPX流動性
299,6740,ジャパンディスプレイ,電気機器,プライム,6740.T,2026-06-19,55.0,0.10000000000000009,0.05769230769230771,-0.17910447761194026,-0.15384615384615385,1.75,54.7,74.75,0.005484460694698212,-0.2642140468227425,-0.5864661654135339,1.1161394821396706,94641300.0,67264600.0,1.4070001159599552,3721535180.0,247,True,jpx_liquidity,JPX流動性
300,8233,高島屋,小売業,プライム,8233.T,2026-06-19,2261.0,-0.0037453183520599342,0.06200093940817286,0.13789632611977853,0.25680933852140075,0.39114216873261265,2059.35,1971.7083333333333,0.09791924636414406,0.14672132879694,-0.04688002524347845,0.2775666005834199,2995400.0,1669515.0,1.794173757049203,3717212000.0,247,False,jpx_liquidity,JPX流動性
301,1969,高砂熱学工業,建設業,プライム,1969.T,2026-06-19,4842.0,-0.008802456499488187,0.05651320096006973,0.16310353110737452,0.11675375689214018,0.0968340145858646,4634.75,4528.793782552083,0.044716543502885786,0.06915886050157449,-0.1343832031994704,0.4540412877229653,888200.0,778620.0,1.1407361742570188,3691111845.0,247,False,jpx_liquidity,JPX流動性
302,5105,ＴＯＹＯ　ＴＩＲＥ,ゴム製品,プライム,5105.T,2026-06-19,3888.0,-0.006388959877332012,0.051094890510948954,0.0973751058425063,0.09121526803255686,-0.09454652013918918,3728.35,3787.4666666666667,0.042820550645727984,0.02654368795324924,-0.19453076444996897,0.35710775065176553,1256600.0,942580.0,1.3331494408962634,3651940945.0,247,False,jpx_liquidity,JPX流動性
303,2269,明治ホールディングス,食料品,プライム,2269.T,2026-06-19,3581.0,-0.016749038989566145,-0.03917359806815135,-0.03555076757339082,-0.05976078148995323,0.0643177595754505,3691.55,3762.1737670898438,-0.029946770326827576,-0.04815667172917082,-0.10964694181999002,0.2140177840583525,1204500.0,965545.0,1.2474819920355862,3646311530.0,247,False,jpx_liquidity,JPX流動性
304,4091,日本酸素ホールディングス,化学,プライム,4091.T,2026-06-19,5564.0,-0.0005388898868331493,0.029798260225800455,-0.10142118863049099,-0.038751118251423855,0.20202576190230048,5734.55,5799.236995442709,-0.029740781752709444,-0.040563438884730574,-0.13089659481412064,0.3089792571080512,537200.0,646450.0,0.8310000773455024,3619120725.0,247,False,jpx_liquidity,JPX流動性
305,2282,日本ハム,食料品,プライム,2282.T,2026-06-19,5928.0,0.002367264119039536,-0.02291082907532549,-0.022749752720079175,-0.09621788599947156,-0.11183455228700767,5987.05,6469.080631510416,-0.009862954209502228,-0.08364103994543715,-0.20010794764539197,0.22941586635333952,529700.0,603810.0,0.877262715092496,3600824255.0,247,False,jpx_liquidity,JPX流動性
306,3915,テラスカイ,情報・通信業,プライム,3915.T,2026-06-19,2473.0,-0.013955342902711276,0.004876066639577514,0.249621020717534,0.6227034120734909,0.24870328515066342,2514.85,2010.7833333333333,-0.016641151559735112,0.22986895654264106,-0.29038737446197993,1.4879891095828888,393600.0,1216145.0,0.32364561791562685,3597758525.0,247,False,jpx_liquidity,JPX流動性
307,1893,五洋建設,建設業,プライム,1893.T,2026-06-19,1763.0,-0.040544217687074835,0.05695443645083942,0.04011799410029493,0.055957925740528935,0.2220636427736693,1718.1,1756.8174845377605,0.026133519585588738,0.003519156381726285,-0.19253070145326068,0.6164358481571972,2494900.0,2010200.0,1.2411202865386528,3543584727.5,247,False,jpx_liquidity,JPX流動性
308,4208,ＵＢＥ,化学,プライム,4208.T,2026-06-19,3205.0,-0.02583586626139822,0.04465449804432864,0.0711898395721926,0.3510313700500083,0.3076235474396629,3031.75,2649.7373291015624,0.057145213160715747,0.20955385456516495,-0.02583586626139822,0.30453815656471916,1425300.0,1183815.0,1.2039887989255078,3527970462.5,247,False,jpx_liquidity,JPX流動性
309,4369,トリケミカル研究所,化学,プライム,4369.T,2026-06-19,3810.0,-0.019305019305019266,0.08392603129445231,0.08857142857142852,0.4648212226066897,0.48306818702341947,3781.75,3325.8,0.007470086600118941,0.14558903121053568,-0.08851674641148322,0.7418159479594717,565900.0,897055.0,0.6308420330971902,3467842650.0,247,False,jpx_liquidity,JPX流動性
310,3861,王子ホールディングス,パルプ・紙,プライム,3861.T,2026-06-19,804.7000122070312,0.005497968863146685,0.017319863725703266,0.03551671276309487,-0.03784914462294908,-0.034230304362158015,784.8050018310547,818.949473063151,0.025350259401454966,-0.01739968255040436,-0.16825911908881885,0.13997329319415736,11473100.0,4098220.0,2.799532479954712,3454837565.059204,247,True,jpx_liquidity,JPX流動性
311,4092,日本化学工業,化学,プライム,4092.T,2026-06-19,5550.0,0.005434782608695565,0.20390455531453355,0.42125480153649164,0.9873554022963584,1.1462535541470933,5064.5,3903.415185546875,0.09586336262217388,0.42183184114001326,-0.0035906642728904536,1.1381088874224339,198600.0,668780.0,0.2969586411076886,3411665625.0,247,False,jpx_liquidity,JPX流動性
312,8304,あおぞら銀行,銀行業,プライム,8304.T,2026-06-19,2791.0,-0.01430337277061633,0.01694297686281665,-0.0008949346697690874,0.15012471156175566,0.1446818008092321,2715.7,2663.490771484375,0.027727657694148977,0.04787297552548453,-0.025655025230238437,0.30288522466360895,1606000.0,1212930.0,1.3240665166167875,3363582342.5,247,False,jpx_liquidity,JPX流動性
313,4971,メック,化学,プライム,4971.T,2026-06-19,11340.0,0.005319148936170137,0.11834319526627213,0.05684995340167753,0.728658536585366,1.2621934090270637,10611.5,9296.5,0.06865193422230598,0.21981390846017312,-0.017331022530329254,0.6343930723789226,327200.0,316870.0,1.0326001199229968,3352613750.0,247,False,jpx_liquidity,JPX流動性
314,6101,ツガミ,機械,プライム,6101.T,2026-06-19,7380.0,-0.03780964797913955,0.11144578313253017,0.2259136212624584,1.296906026744686,1.6190674230199789,6676.5,5236.703312174479,0.10536957986969231,0.40928358168443624,-0.03780964797913955,0.6552340381379141,534600.0,480045.0,1.1136455957254008,3307157000.0,247,False,jpx_liquidity,JPX流動性
315,5471,大同特殊鋼,鉄鋼,プライム,5471.T,2026-06-19,2623.5,0.035523978685612745,0.14313725490196072,0.40444325481798704,0.4122761508690196,0.6777181416048372,2200.65,1985.6355061848958,0.19214777452116416,0.32123946808378046,0.0,0.5178421906904116,2588300.0,1380185.0,1.8753283074370466,3297038750.0,247,True,jpx_liquidity,JPX流動性
316,8253,クレディセゾン,その他金融業,プライム,8253.T,2026-06-19,4381.0,-0.015284333558102992,0.037659876835622885,0.045584725536992776,0.11811930692785522,0.07734900202224604,4190.55,4252.946203613281,0.04544749495889566,0.030109432439546335,-0.0566452070503729,0.21848333927908833,1133700.0,768360.0,1.4754802436357957,3291446900.0,247,False,jpx_liquidity,JPX流動性
317,5929,三和ホールディングス,金属製品,プライム,5929.T,2026-06-19,3672.0,-0.01422818791946312,0.014925373134328401,0.1107078039927405,0.0660657587081992,-0.096855416458277,3554.2,3569.58935546875,0.03314388610657826,0.028689755132296435,-0.12331271128814203,0.39760617436400536,900600.0,907955.0,0.9918993782731523,3280697125.0,247,False,jpx_liquidity,JPX流動性
318,9831,ヤマダホールディングス,小売業,プライム,9831.T,2026-06-19,675.2999877929688,0.03972284494683409,-0.006034790217485986,0.11343773749871189,0.3199932760260502,0.4017627769209706,645.8900024414063,579.253243001302,0.045534046417184504,0.16581131992290077,-0.023144800061520754,0.32338454155299085,5271300.0,4878565.0,1.0805021558593562,3265990572.57782,247,True,jpx_liquidity,JPX流動性
319,3923,ラクス,情報・通信業,プライム,3923.T,2026-06-19,913.2999877929688,-0.021114696899283247,0.028490977244334248,-0.028404268305352365,0.26628109997112603,-0.1266199416676832,961.4000030517578,873.1045369466145,-0.05003122020605988,0.046037386298465544,-0.1384554699113335,0.43951793012882484,1966400.0,3464130.0,0.5676461333725928,3256074160.2929688,247,False,jpx_liquidity,JPX流動性
320,4368,扶桑化学工業,化学,プライム,4368.T,2026-06-19,4590.0,0.03846153846153855,0.16645489199491736,0.09677419354838701,0.6648582611838139,1.1753101446994818,4213.25,3571.601497395833,0.0894202812555629,0.2851377745660353,0.0,0.6052696844697686,948100.0,743275.0,1.275570952877468,3252600625.0,247,True,jpx_liquidity,JPX流動性
321,6507,シンフォニアテクノロジー,電気機器,プライム,6507.T,2026-06-19,16230.0,-0.004904966278356793,0.21029082774049224,0.17693981145757798,0.41828726881441836,0.8464795661469857,14423.5,13664.675944010416,0.12524699275487916,0.18773398406963548,-0.004904966278356793,0.6423168918430897,225100.0,220715.0,1.0198672496205514,3244185500.0,247,False,jpx_liquidity,JPX流動性
322,6473,ジェイテクト,機械,プライム,6473.T,2026-06-19,2057.5,-0.008433734939759074,0.033140848606578066,0.06551009839461419,0.2899129733636474,0.2211125696487124,2062.45,1886.9423360188803,-0.002400058183228637,0.09038838162959806,-0.05009233610341646,0.4946292541393283,1514800.0,1538485.0,0.9846049847739822,3239837455.0,247,False,jpx_liquidity,JPX流動性
323,2371,カカクコム,サービス業,プライム,2371.T,2026-06-19,3321.0,-0.002702702702702675,0.00423344420925309,-0.026670574443141803,0.7127284972577779,0.5087223811228694,3345.0,2796.291044108073,-0.007174887892376636,0.18764461481844497,-0.058673469387755084,0.11254017566812186,1404400.0,925525.0,1.5174090381135033,3225478015.0,247,False,jpx_liquidity,JPX流動性
324,2267,ヤクルト本社,食料品,プライム,2267.T,2026-06-19,2703.0,0.006141820212171911,0.013498312710911176,-0.036878674505612,0.060339071355921536,0.12404202763330097,2683.05,2706.740409342448,0.007435567730754045,-0.0013818869846320414,-0.12439261418853254,0.28531025537282384,1271400.0,1197185.0,1.061991254484478,3211787885.0,247,False,jpx_liquidity,JPX流動性
325,7752,リコー,電気機器,プライム,7752.T,2026-06-19,1477.0,-0.01533333333333331,0.02712100139082052,0.013726835964310125,0.1049743454491392,0.10538176813811129,1471.25,1401.7217122395834,0.003908241291418868,0.05370416046430626,-0.04741171289293056,0.2491251670968155,2517800.0,2177340.0,1.1563651060468279,3210164525.0,247,False,jpx_liquidity,JPX流動性
326,5032,ＡＮＹＣＯＬＯＲ,情報・通信業,プライム,5032.T,2026-06-19,2102.0,-0.077260755048288,-0.07196467991169975,-0.27592146055804345,-0.2974875229627584,-0.5482784955012487,2671.55,2839.2246541341146,-0.2131908442664372,-0.2596570345571855,-0.5786313458869314,0.6820354260930466,2193500.0,1188715.0,1.845269892278637,3148453480.0,247,False,jpx_liquidity,JPX流動性
327,5938,ＬＩＸＩＬ,金属製品,プライム,5938.T,2026-06-19,1732.5,0.006682161533991815,0.006682161533991815,0.05319148936170204,0.09120172935988369,-0.04647736234960709,1706.475,1662.9580383300781,0.015250736166659395,0.04181822996553475,-0.08212994971538068,0.12275454106998324,2075500.0,1787360.0,1.1612098290215738,3141715037.5,247,False,jpx_liquidity,JPX流動性
328,4631,ＤＩＣ,化学,プライム,4631.T,2026-06-19,5257.0,-0.0018986140117713823,0.09111664591116653,0.12617823479005996,0.41545503500269243,0.4584691320428782,4920.95,4186.75,0.06828965951696331,0.25562787364901185,-0.0018986140117713823,0.3248351297135079,786800.0,632160.0,1.244621614781068,3137479730.0,247,False,jpx_liquidity,JPX流動性
329,5074,テスホールディングス,建設業,プライム,5074.T,2026-06-19,938.0,0.01625135427952329,0.12876052948255112,-0.21242653232577668,0.6172413793103448,2.0160771704180065,990.2,839.1666666666666,-0.05271662290446377,0.1177755710029793,-0.297378277153558,0.8336376036359509,2296500.0,3196815.0,0.718371253888636,3129777535.0,247,False,jpx_liquidity,JPX流動性
330,4088,エア・ウォーター,化学,プライム,4088.T,2026-06-19,2471.0,-0.0028248587570621764,0.012290045063498622,-0.041876696393951196,0.22265577127776992,0.1460308333575835,2502.05,2309.2613810221355,-0.012409823944365739,0.0700391130718494,-0.05938332698896076,0.3245157392483894,1086700.0,1269970.0,0.8556895044764837,3100579310.0,247,False,jpx_liquidity,JPX流動性
331,6264,マルマエ,機械,プライム,6264.T,2026-06-19,2917.0,0.012144344205412994,0.26004319654427643,0.21693783896537333,0.9446666666666668,2.192191068741933,2295.05,2038.1416666666667,0.2709962745909673,0.4312057143558061,0.0,1.140317076095088,1998600.0,1186280.0,1.6847624506861787,3043780250.0,247,False,jpx_liquidity,JPX流動性
332,8252,丸井グループ,小売業,プライム,8252.T,2026-06-19,2778.5,-0.006258941344778224,-0.02457433737054593,0.019820150486327792,-0.05673262038645266,-0.12533385799660612,2758.65,2925.618798828125,0.0071955485472967595,-0.05028638689601472,-0.1269481107780568,0.1488668171891222,1664200.0,1110290.0,1.4988876779940377,3026764630.0,247,False,jpx_liquidity,JPX流動性
333,8283,ＰＡＬＴＡＣ,卸売業,プライム,8283.T,2026-06-19,6639.0,0.0006028636021100375,0.00030134096730449755,0.0013574660633484115,0.4785635197381084,0.3851069044716693,6634.4,5623.407405598959,0.0006933558422765884,0.18060092772041814,-0.0009029345372461028,0.006525579401347739,271300.0,458595.0,0.5915895288871444,3024639345.0,247,False,jpx_liquidity,JPX流動性
334,2871,ニチレイ,食料品,プライム,2871.T,2026-06-19,2047.0,-0.01063315611406479,-0.039192677775170104,0.12441636912936005,0.07952861573973524,0.0786856611303135,1955.3,1930.4409830729167,0.0468981741932184,0.06037947699470325,-0.039192677775170104,0.2546243983576922,1606600.0,1496395.0,1.0736469982858805,3004635702.5,247,False,jpx_liquidity,JPX流動性
335,4194,ビジョナル,情報・通信業,プライム,4194.T,2026-06-19,6914.0,-0.06072544491237608,-0.06453795156271136,-0.11901121304791029,-0.012144592084583516,-0.3517112048757618,7699.95,7517.6,-0.10207209137721673,-0.08029158241992129,-0.35803156917363044,0.4945252062331861,536100.0,375085.0,1.4292760307663597,2999121435.0,247,False,jpx_liquidity,JPX流動性
336,3288,オープンハウスグループ,不動産業,プライム,3288.T,2026-06-19,8399.0,0.007436727839750468,-0.01164979995293014,-0.03203872306096578,-0.12183229876450075,-0.06407602850067617,8488.8,9205.531070963541,-0.01057864480256332,-0.08761374707729075,-0.2778762655000615,0.3457517918403823,362100.0,344970.0,1.0496564918688582,2981757440.0,247,False,jpx_liquidity,JPX流動性
337,5233,太平洋セメント,ガラス・土石製品,プライム,5233.T,2026-06-19,4280.0,-0.021937842778793404,0.018805046417519566,0.03456611070824267,0.3028640463840908,0.1421054442013403,4304.85,3893.860559082031,-0.005772558858032295,0.09916622207165027,-0.09990815724662327,0.36448351676253704,700900.0,681470.0,1.0285118934068997,2965555300.0,247,False,jpx_liquidity,JPX流動性
338,2579,コカ・コーラ　ボトラーズジャパンホールディングス,食料品,プライム,2579.T,2026-06-19,3881.0,0.02428081287938766,0.058358331060812674,0.10412517780938835,0.06914600550964178,0.2572571622544835,3635.2,3531.7833333333333,0.06761663732394374,0.0988782815102851,-0.07617233991906691,0.30579114355428805,989800.0,786195.0,1.258975190633367,2959259740.0,247,False,jpx_liquidity,JPX流動性
339,6508,明電舎,電気機器,プライム,6508.T,2026-06-19,10740.0,0.050880626223092085,0.20674157303370788,-0.028054298642533948,0.4730516280502315,0.9974039357235263,9851.0,9124.898095703125,0.0902446452136838,0.1769994456220194,-0.032432432432432434,0.5166234358511824,422800.0,289985.0,1.4580064486094109,2949406650.0,247,True,jpx_liquidity,JPX流動性
340,3405,クラレ,化学,プライム,3405.T,2026-06-19,1723.0,-0.017393783860849776,0.005544207761890796,0.08947202023395517,0.0816070307595731,0.12520645994113133,1668.9,1658.75,0.032416561807178335,0.03873398643556891,-0.08033093141179615,0.25946518306404476,1636400.0,1756505.0,0.9316227394741262,2935230395.0,247,False,jpx_liquidity,JPX流動性
341,1662,石油資源開発,鉱業,プライム,1662.T,2026-06-19,1636.0,-0.0018303843807199183,-0.013268998793727338,-0.1389473684210526,-0.3297986282239732,0.09050452866423586,1728.9,2106.7521362304688,-0.05373358783041249,-0.22344922695688707,-0.39272457312546405,0.27705711460091537,1705400.0,1679440.0,1.0154575334635354,2933348745.0,247,False,jpx_liquidity,JPX流動性
342,6448,ブラザー工業,電気機器,プライム,6448.T,2026-06-19,3777.0,-0.010997643362136711,0.0013255567338281704,0.08285550458715596,0.34068407975612436,0.23211359286264788,3759.7,3334.9515869140623,0.004601430965236686,0.13255017398767666,-0.03004622496147924,0.26022077031900775,820000.0,762115.0,1.0759531041903125,2923552075.0,247,False,jpx_liquidity,JPX流動性
343,9513,電源開発,電気・ガス業,プライム,9513.T,2026-06-19,3842.0,-0.002077922077922123,-0.050420168067226934,-0.07063376874697624,0.001342030261252125,0.2611777347541082,3963.45,4026.294746907552,-0.030642495805422,-0.04577279073994822,-0.13662921348314605,0.22939423241069573,770000.0,758635.0,1.0149808537702585,2922175335.0,247,False,jpx_liquidity,JPX流動性
344,6135,牧野フライス製作所,機械,プライム,6135.T,2026-06-19,14560.0,0.016759776536312776,0.0414878397711016,0.11060259344012202,0.3020533042743012,0.3715281946101425,13995.0,12770.872281901042,0.040371561271882905,0.14009440221515024,-0.024128686327077764,0.4031325373107969,168700.0,207035.0,0.8148380708575844,2886542450.0,247,False,jpx_liquidity,JPX流動性
345,6330,東洋エンジニアリング,建設業,プライム,6330.T,2026-06-19,2075.0,-0.02260951483749407,0.08185610010427524,-0.04597701149425293,-0.2869415807560137,-0.03533240353324041,2032.7,2252.2,0.02080976041717908,-0.07867862534410786,-0.7184531886024423,0.6153917856366522,1868500.0,1396620.0,1.337872864487119,2861271125.0,247,False,jpx_liquidity,JPX流動性
346,3778,さくらインターネット,情報・通信業,プライム,3778.T,2026-06-19,3150.0,0.048252911813643884,0.17669032499066128,0.08135942327497436,0.1509913410703032,0.09016174315024172,2921.45,3050.6642862955728,0.07823170001198032,0.03256199449761499,-0.20454545454545459,0.5845327798709942,1907900.0,903970.0,2.110578890892397,2855473395.0,247,True,jpx_liquidity,JPX流動性
347,1808,長谷工コーポレーション,建設業,プライム,1808.T,2026-06-19,2730.0,0.023622047244094446,0.01449275362318847,0.01298701298701288,-0.029231790304454552,-0.0950466174716097,2682.725,2770.3682454427085,0.017622007473744095,-0.014571436670599569,-0.20606318575695215,0.18416468266213176,3079200.0,952580.0,3.2324844107581514,2852671180.0,247,False,jpx_liquidity,JPX流動性
348,2264,森永乳業,食料品,プライム,2264.T,2026-06-19,4691.0,-0.020054313766450838,-0.07875098193244301,-0.008664412510566377,0.03330380934711119,0.26666605138563493,4900.0,4831.718741861979,-0.04265306122448975,-0.029123951409421367,-0.11256148316307224,0.31702155891819167,546400.0,570010.0,0.9585796740408064,2839939855.0,247,False,jpx_liquidity,JPX流動性
349,7762,シチズン時計,精密機器,プライム,7762.T,2026-06-19,2386.0,0.01488728200765621,0.09499770536943553,0.11339244050396635,0.47796967480089747,0.9039043257031163,2251.3,2011.5110148111978,0.05983209701061609,0.18617297267146804,0.0,0.39457225372342813,1210000.0,1250205.0,0.9678412740310589,2832975290.0,247,False,jpx_liquidity,JPX流動性
350,6952,カシオ計算機,電気機器,プライム,6952.T,2026-06-19,1906.5,0.015446071904127834,0.08942857142857141,0.17395320197044328,0.37667189138693313,0.5312685488524933,1803.675,1674.4446146647135,0.057008607426504154,0.13858648013971653,0.0,0.3002738122494148,2642200.0,1546910.0,1.7080502420955324,2820119467.5,247,False,jpx_liquidity,JPX流動性
351,4443,Ｓａｎｓａｎ,情報・通信業,プライム,4443.T,2026-06-19,1438.0,-0.049570389953734306,0.002090592334494712,-0.02020955201401442,0.29290119615434174,-0.15821625333968548,1559.481689453125,1365.995222981771,-0.07789875974480076,0.052712319784730344,-0.2711073194150616,0.5991939543594079,1491800.0,1798055.0,0.8296742869378301,2765435820.0,247,False,jpx_liquidity,JPX流動性
352,6845,アズビル,電気機器,プライム,6845.T,2026-06-19,1655.0,0.012542061792597092,0.07223841917719476,0.028908921355299988,0.23938011248775726,0.20164826730207364,1611.55,1501.0971923828124,0.026961620799851094,0.10252687727227383,-0.01252983293556087,0.239463668570635,1952400.0,1727580.0,1.1301357968950787,2759899530.0,247,False,jpx_liquidity,JPX流動性
353,5331,ノリタケ,ガラス・土石製品,プライム,5331.T,2026-06-19,4410.0,0.0011350737797957144,0.15445026178010468,0.2618025751072961,0.4613070780605413,0.6140203146450369,4001.0,3547.9602579752604,0.10222444388902785,0.24296769956399844,-0.002262443438914019,0.6406642943336862,610800.0,650830.0,0.9384939231442927,2744065675.0,247,False,jpx_liquidity,JPX流動性
354,3498,霞ヶ関キャピタル,不動産業,プライム,3498.T,2026-06-19,6250.0,-0.08892128279883382,0.08131487889273359,0.08885017421602792,0.016260162601626105,-0.20076726342710993,5913.0,6214.333333333333,0.05699306612548627,0.005739419621305641,-0.2724097788125728,0.6105222662345842,810600.0,439690.0,1.8435716072687576,2742326000.0,247,False,jpx_liquidity,JPX流動性
355,4680,ラウンドワン,サービス業,プライム,4680.T,2026-06-19,985.0999755859375,-0.04173154125881562,-0.02754197869107844,0.1470656609084815,0.19821836796524872,-0.08287268267336789,950.1699951171875,904.009130859375,0.03676182225101954,0.08970135583639016,-0.15716804232782133,0.43553354259044413,2983000.0,2811950.0,1.0608296733583455,2739889910.397339,247,False,jpx_liquidity,JPX流動性
356,3132,マクニカホールディングス,卸売業,プライム,3132.T,2026-06-19,3350.0,0.009036144578313143,0.056782334384858135,0.0381158971180664,0.49429663426061854,0.4007106859109224,3251.0,2821.8389607747395,0.030452168563518844,0.18716909312225716,-0.04093902089894075,0.4726374654245401,1182000.0,807305.0,1.4641306569388273,2738192255.0,247,False,jpx_liquidity,JPX流動性
357,9041,近鉄グループホールディングス,陸運業,プライム,9041.T,2026-06-19,3406.0,0.006501182033096908,-0.03321033210332103,-0.03839638622247321,0.08502307048757829,0.1608757166865915,3539.5,3438.248388671875,-0.0377171916937421,-0.00937930743401938,-0.0665935872841874,0.19813470543213724,1665300.0,746390.0,2.231139216763354,2731279825.0,247,False,jpx_liquidity,JPX流動性
358,1721,コムシスホールディングス,建設業,プライム,1721.T,2026-06-19,5421.0,-0.0038588754134509795,0.02148106274731476,0.028262518968133588,0.11099316244653279,0.2597028033024882,5383.4,5382.153914388021,0.006984433629305009,0.0072175724124374785,-0.08165339657801118,0.15646822697782214,699200.0,496195.0,1.40912342929695,2700454760.0,247,False,jpx_liquidity,JPX流動性
359,6480,日本トムソン,機械,プライム,6480.T,2026-06-19,2230.0,-0.027050610820244292,0.20086160473882608,0.07938044530493715,1.6821259993559021,1.9316261323583586,2082.75,1506.9178151448568,0.07069979594286391,0.47984181857033437,-0.03713298791018993,0.7329392385875755,981300.0,1291660.0,0.7597200501680008,2671070900.0,247,False,jpx_liquidity,JPX流動性
360,6471,日本精工,機械,プライム,6471.T,2026-06-19,1193.5,-0.0029239766081871066,0.08352246935996366,0.002099076406381295,0.09775109922170588,0.29129980307224734,1185.375,1190.698866780599,0.006854370979647806,0.002352511871431151,-0.13995858987420562,0.5011397228748399,2383600.0,2221875.0,1.072787623066104,2662314797.5,247,False,jpx_liquidity,JPX流動性
361,6961,エンプラス,電気機器,プライム,6961.T,2026-06-19,13520.0,0.04240555127216661,0.13422818791946312,-0.0022140221402213722,-0.021031950983714243,0.5542379244256119,12630.0,13905.53193359375,0.07046714172604918,-0.027725076281502004,-0.2313814667424673,0.7606468916886886,233700.0,206385.0,1.132349734719093,2655228300.0,247,True,jpx_liquidity,JPX流動性
362,9506,東北電力,電気・ガス業,プライム,9506.T,2026-06-19,1049.0,-0.0009523809523809268,0.02893575282000982,0.03758654797230454,-0.05022861734308737,-0.05527609243013387,1015.7,1087.0725077311197,0.03278527124150821,-0.03502296991263498,-0.19319715258027115,0.24244143389763625,1762900.0,2670185.0,0.6602164269516906,2653386006.2887573,247,False,jpx_liquidity,JPX流動性
363,6923,スタンレー電気,電気機器,プライム,6923.T,2026-06-19,3667.0,-0.0244745943069965,0.017480577136514963,0.05131880733944949,0.33141699519148515,0.22878153644323485,3619.4,3255.9830118815103,0.013151351052660631,0.1262343773350889,-0.031687351465540026,0.24231823676750933,935900.0,713065.0,1.3125030677427725,2650062145.0,247,False,jpx_liquidity,JPX流動性
364,4676,フジ・メディア・ホールディングス,情報・通信業,プライム,4676.T,2026-06-19,4001.0,-0.00522128294380908,-0.010877626699629217,0.05234087322461867,0.048952068586264996,0.11819546089538902,3940.9,3975.7957275390627,0.015250323530157983,0.006339428428466576,-0.08777929776561788,0.34841344259081064,1388300.0,607710.0,2.284477793684488,2640967315.0,247,False,jpx_liquidity,JPX流動性
365,5021,コスモエネルギーホールディングス,石油・石炭製品,プライム,5021.T,2026-06-19,3775.0,0.012335746849021278,0.05712685522262673,0.019994596055120217,-0.11297305589111895,-0.07281866926237146,3655.95,3998.1964518229165,0.03256335562576074,-0.05582428340187073,-0.22052957651280747,0.286264400173868,1282800.0,679135.0,1.8888733462419107,2636638620.0,247,False,jpx_liquidity,JPX流動性
366,9616,共立メンテナンス,サービス業,プライム,9616.T,2026-06-19,2888.0,0.019054340155257643,0.10123927550047673,0.1673403395311237,0.21525732886306637,0.020586354212222435,2599.725,2514.7610473632812,0.11088672840396585,0.14841925161361091,-0.0269421716839775,0.3246749913358208,1614500.0,944350.0,1.7096415523905333,2628181842.5,247,False,jpx_liquidity,JPX流動性
367,7276,小糸製作所,電気機器,プライム,7276.T,2026-06-19,2839.5,0.0058448459086077875,0.04470198675496695,0.02638713175492491,0.17480869673781418,0.2386681214684978,2791.25,2654.2038696289064,0.017286162113748338,0.0698123201805898,-0.024059116686715898,0.3000895916603859,1116800.0,922300.0,1.2108858289059958,2619302377.5,247,False,jpx_liquidity,JPX流動性
368,6103,オークマ,機械,プライム,6103.T,2026-06-19,4560.0,0.022421524663677195,0.09483793517406958,0.13011152416356886,0.2876907577596981,0.3438400460126154,4157.75,4200.680936686198,0.09674703866273826,0.08553828979861988,-0.10588235294117643,0.40633426869151246,600500.0,636215.0,0.9438633166461023,2616993550.0,247,False,jpx_liquidity,JPX流動性
369,7717,ブイ・テクノロジー,精密機器,プライム,7717.T,2026-06-19,8430.0,0.08354755784061707,0.37745098039215685,0.618042226487524,0.9484765338266643,2.003213322612111,6176.5,5272.560522460937,0.36485064356836405,0.5988436669600041,0.0,0.9051346797833998,1281300.0,345695.0,3.7064464339952847,2598709300.0,247,True,jpx_liquidity,JPX流動性
370,7649,スギホールディングス,小売業,プライム,7649.T,2026-06-19,3137.0,0.03292723081988802,0.0724786324786324,0.07930500602098745,-0.07924860581156445,-0.13594679717039881,2894.4,3178.391666666667,0.083817025981205,-0.013022833875623752,-0.19891868706264937,0.26643625958967865,2052500.0,816835.0,2.512747372480366,2587294455.0,247,False,jpx_liquidity,JPX流動性
371,543A,ＡＲＣＨＩＯＮ,輸送用機器,プライム,543A.T,2026-06-19,292.0,-0.026666666666666616,0.028169014084507005,-0.3363636363636363,-0.27,-0.23560209424083767,320.75,360.71666666666664,-0.08963367108339826,-0.1905003927366815,-0.4373795761078998,0.5286316307792465,16622900.0,7716195.0,2.154287184292258,2542384590.0,247,True,jpx_liquidity,JPX流動性
372,7282,豊田合成,輸送用機器,プライム,7282.T,2026-06-19,5027.0,-0.007306477093206976,0.09831767533318758,0.09449161767907688,0.27044379293138987,0.2997048322002429,4755.1,4483.721565755209,0.05718071123635671,0.12116685353393142,-0.007306477093206976,0.3338486021457206,1215000.0,481115.0,2.525383744011307,2492529535.0,247,False,jpx_liquidity,JPX流動性
373,9989,サンドラッグ,小売業,プライム,9989.T,2026-06-19,3792.0,0.01634950415438219,-0.012757094506638866,0.02155172413793105,-0.006000017791103929,-0.10765388026706901,3740.9,3799.6775716145835,0.013659814483145682,-0.0020205850285662796,-0.10889098004693287,0.18737867114232692,1429100.0,622345.0,2.296314745036917,2485771900.0,247,False,jpx_liquidity,JPX流動性
374,4666,パーク２４,不動産業,プライム,4666.T,2026-06-19,2083.5,-0.03025366534791718,0.15110497237569054,0.16494268940452894,0.10530503978779837,-0.0035868005738880493,1889.0,1893.6333333333334,0.1029645314981471,0.10026580295375731,-0.1015523932729625,0.6113366154566463,1183100.0,1257600.0,0.9407601781170484,2485698685.0,247,False,jpx_liquidity,JPX流動性
375,9007,小田急電鉄,陸運業,プライム,9007.T,2026-06-19,1617.5,-0.00858106037388906,-0.038632986627043064,-0.02589581451370071,0.008688283351325321,-0.035039265687905274,1650.5,1648.8648701985678,-0.019993941229930368,-0.01902209863613058,-0.08692461713266342,0.2469255864151692,1808800.0,1483950.0,1.218908992890596,2478864295.0,247,False,jpx_liquidity,JPX流動性
376,4403,日油,化学,プライム,4403.T,2026-06-19,2710.0,-0.024302430243024253,0.009498975600670478,-0.06904843696324292,-0.09704150319760652,-0.1401205301243197,2716.825,2971.5527791341146,-0.002512123526542842,-0.08801889065229018,-0.18324291742013266,0.2438687506381093,1765500.0,873175.0,2.021931457038967,2468377612.5,247,False,jpx_liquidity,JPX流動性
377,6460,セガサミーホールディングス,機械,プライム,6460.T,2026-06-19,2114.5,-0.0072769953051643466,-0.034695275051358165,-0.09982971477224356,-0.14195662602093984,-0.1436747254190125,2272.25,2344.0136881510416,-0.06942457916162392,-0.09791482418009345,-0.22946158700989006,0.33670432736909095,1926600.0,1034870.0,1.86168310995584,2462915045.0,247,False,jpx_liquidity,JPX流動性
378,8227,しまむら,小売業,プライム,8227.T,2026-06-19,3254.0,-0.00853138330286407,-0.031259303364096436,0.013075965130759704,-0.04714494875549047,-0.7010953034472532,3276.9,3288.0666666666666,-0.0069883121242637625,-0.010360698282678715,-0.7035232470849888,0.2153838043917189,912000.0,732900.0,1.244371674171101,2462719425.0,247,False,jpx_liquidity,JPX流動性
379,8377,ほくほくフィナンシャルグループ,銀行業,プライム,8377.T,2026-06-19,6415.0,-0.006812200030964499,-0.013835511145272816,-0.05481066745248264,0.1590575811102637,0.4491456849212925,6454.65,6283.185538736979,-0.006142858249479022,0.02097892230785825,-0.05675635935891776,0.2644678573447884,726100.0,358980.0,2.0226753579586605,2451917640.0,247,False,jpx_liquidity,JPX流動性
380,5393,ニチアス,ガラス・土石製品,プライム,5393.T,2026-06-19,3879.0,0.009105098855358928,0.0609956236323852,0.12958648806057083,0.42332989871919535,0.7745413086881177,3602.4,3293.781778971354,0.07678214523650895,0.17767364698076915,0.0,0.26903524166183407,902500.0,662910.0,1.361421610776727,2439141730.0,247,False,jpx_liquidity,JPX流動性
381,8524,北洋銀行,銀行業,プライム,8524.T,2026-06-19,1017.0,-0.012621359223300987,-0.002941176470588225,0.009930486593842991,0.13744116205094437,0.25025796727192184,997.6,994.6875610351562,0.01944667201283079,0.022431605499945606,-0.06559933101230375,0.24508507196397605,2513800.0,2422335.0,1.0377590217703168,2438377945.0,247,False,jpx_liquidity,JPX流動性
382,6387,サムコ,機械,プライム,6387.T,2026-06-19,14580.0,-0.040157998683344354,0.18536585365853653,0.22624053826745172,1.025,2.8067885117493474,12576.5,11096.333333333334,0.15930505307517984,0.31394755024182164,-0.10110974106041926,1.2070451140812661,166200.0,180290.0,0.9218481335625937,2433457400.0,247,False,jpx_liquidity,JPX流動性
383,9143,ＳＧホールディングス,陸運業,プライム,9143.T,2026-06-19,1474.0,-0.006738544474393482,-0.013716962194713966,-0.007407407407407418,0.002084001388891643,0.009159906483741542,1451.75,1477.9210611979167,0.015326330291028034,-0.002653092442392424,-0.05917193004108401,0.23489688133163816,7046300.0,1366125.0,5.157873547442584,2433356445.0,247,True,jpx_liquidity,JPX流動性
384,7951,ヤマハ,その他製品,プライム,7951.T,2026-06-19,1115.0,-0.01805372082782919,0.01133786848072571,-0.007123775601068583,0.03002623081925604,0.04772750422344951,1114.525,1136.3889485677084,0.000426190529597692,-0.018821855487653916,-0.08268202385849444,0.2682948964573865,5309500.0,2003690.0,2.6498610064431123,2430347635.0,247,True,jpx_liquidity,JPX流動性
385,6753,シャープ,電気機器,プライム,6753.T,2026-06-19,573.2000122070312,-0.03873884967101093,-0.05909389244687957,-0.09231985398728226,0.013795520792649452,-0.25760907870507754,627.154995727539,605.6099985758464,-0.08603133816691777,-0.053516266978799076,-0.2986663149783024,0.3299433499294922,5709500.0,3891855.0,1.467038211855272,2427992963.104248,247,True,jpx_liquidity,JPX流動性
386,6235,オプトラン,機械,プライム,6235.T,2026-06-19,3945.0,0.011538461538461497,0.03952569169960474,0.022020725388601115,0.5237543453070683,1.1088133389877326,3816.25,3655.6,0.03373730756632831,0.07916621074515806,-0.1815352697095436,0.7496021604780959,467600.0,635070.0,0.7362967861810509,2426248400.0,247,False,jpx_liquidity,JPX流動性
387,6951,日本電子,電気機器,プライム,6951.T,2026-06-19,7066.0,0.01043901043901041,0.09448574969021073,0.07060606060606056,0.2831060754912649,0.4934338590167744,6854.7,6499.444718424479,0.03082556494084354,0.08716979774740796,-0.03469945355191262,0.41610278201573647,398400.0,348015.0,1.1447782423171415,2388870855.0,247,False,jpx_liquidity,JPX流動性
388,9509,北海道電力,電気・ガス業,プライム,9509.T,2026-06-19,918.7999877929688,-0.004226752316534466,-0.010446970605310968,-0.011085984354345935,-0.09271457400412597,-0.10015131756388407,923.9000030517578,994.3199788411458,-0.0055200944279067965,-0.07595139658784056,-0.2525886735570858,0.2695325298407996,2313700.0,2595665.0,0.8913708047841304,2388353298.4735107,247,False,jpx_liquidity,JPX流動性
389,2181,パーソルホールディングス,サービス業,プライム,2181.T,2026-06-19,238.0,-0.009159021549514201,-0.025389013209350164,-0.013266985857088742,0.08669030168578917,-0.157627682510056,241.19999923706055,237.939417775472,-0.013266995220491129,0.00025461197263743074,-0.1693710871145001,0.3202417289309782,10476100.0,9795265.0,1.0695065421915588,2384908219.0550995,247,True,jpx_liquidity,JPX流動性
390,6432,竹内製作所,機械,プライム,6432.T,2026-06-19,7460.0,-0.0013386880856760541,0.01084010840108407,0.10355029585798814,0.22697368421052633,0.15005219544552206,7248.5,6924.166666666667,0.029178450713940762,0.07738596702370915,-0.042362002567394086,0.42431775625697077,320700.0,320680.0,1.000062367469128,2372439700.0,247,False,jpx_liquidity,JPX流動性
391,3349,コスモス薬品,小売業,プライム,3349.T,2026-06-19,5995.0,-0.0028276779773785954,-0.013331138907175744,-0.0024410528474454463,-0.07649831825085751,-0.2467869418105466,5948.914013671875,6220.047013346354,0.00774695788545765,-0.03618091838590143,-0.254419614624932,0.28822387190278037,286500.0,398985.0,0.718072107973984,2355789840.0,247,False,jpx_liquidity,JPX流動性
392,8050,セイコーグループ,精密機器,プライム,8050.T,2026-06-19,7540.0,-0.003963011889035695,0.07714285714285718,0.19872813990461058,0.35720271705622064,1.1278660955949005,7071.0,6430.132600911458,0.06632725215669644,0.17260412311422946,-0.03084832904884316,0.5307556779417334,517100.0,311375.0,1.66069851465275,2347606550.0,247,False,jpx_liquidity,JPX流動性
393,3656,ＫＬａｂ,情報・通信業,プライム,3656.T,2026-06-19,226.0,-0.030042918454935674,-0.013100436681222738,-0.36871508379888274,-0.34682080924855496,-0.3505747126436781,239.95,278.75,-0.058137111898312055,-0.18923766816143495,-0.47926267281105994,0.8917844999174239,2797300.0,11493390.0,0.24338337078964517,2344078410.0,247,False,jpx_liquidity,JPX流動性
394,4613,関西ペイント,化学,プライム,4613.T,2026-06-19,2623.0,0.010011551790527484,0.06237343053867961,0.12237911852802741,0.12237595272815671,0.10617663044793235,2457.875,2410.720841471354,0.06718201698621784,0.08805630037158685,-0.036119864548377234,0.2410393640032289,1434900.0,903130.0,1.588807812828718,2331807792.5,247,False,jpx_liquidity,JPX流動性
395,3769,ＧＭＯペイメントゲートウェイ,情報・通信業,プライム,3769.T,2026-06-19,8247.0,-0.04647936177592782,-0.004946911196911152,-0.06845137241613009,0.08015717092337926,-0.15319848033679018,8360.65,8294.8,-0.013593440701380799,-0.005762646477310951,-0.17480488292975782,0.4653369563393666,710300.0,257930.0,2.753847943240414,2329484220.0,247,False,jpx_liquidity,JPX流動性
396,6962,大真空,電気機器,プライム,6962.T,2026-06-19,991.0,0.06673842841765332,-0.01491053677932408,0.21744471744471738,0.7151774704472971,0.8430361538999409,1007.25,804.8956339518229,-0.016133035492678083,0.2312155243462488,-0.18301731244847486,1.3131486469168328,2065800.0,2152810.0,0.9595830565632824,2325938870.0,247,True,jpx_liquidity,JPX流動性
397,3105,日清紡ホールディングス,電気機器,プライム,3105.T,2026-06-19,2232.5,0.03764815245177777,0.05880958027033434,-0.06570412220129729,0.5254526819268877,0.7608760475416043,2267.05,2006.525,-0.01524006969409597,0.11262007699879129,-0.09468775344687752,0.4960723244230615,1103400.0,1008295.0,1.094322594082089,2306792805.0,247,True,jpx_liquidity,JPX流動性
398,9508,九州電力,電気・ガス業,プライム,9508.T,2026-06-19,1637.0,0.0,-0.0003053435114503955,-0.020347097546379422,-0.0337707829139674,0.0006021384196097657,1638.775,1731.8088928222655,-0.001083126115543731,-0.054745586083553954,-0.17601854180462106,0.22363619767821236,1232800.0,1410340.0,0.8741154615199171,2297108737.5,247,False,jpx_liquidity,JPX流動性
399,4527,ロート製薬,医薬品,プライム,4527.T,2026-06-19,2370.0,0.03290477228154276,0.019793459552495785,-0.06637778215481582,0.021463795904220095,-0.06543537047625203,2382.525,2404.776818847656,-0.005257027733182262,-0.014461557752507348,-0.10940052756040741,0.29496224896955653,1619300.0,907310.0,1.7847262787801303,2289138532.5,247,True,jpx_liquidity,JPX流動性
400,8334,群馬銀行,銀行業,プライム,8334.T,2026-06-19,2316.5,-0.006433626420759175,-0.01152122893108598,0.00021588946459405456,0.15395176912753028,0.3525882135004308,2279.85,2223.5740600585937,0.016075619010022635,0.0417912502266542,-0.019885762640152294,0.28175336620003,1100100.0,989075.0,1.1122513459545535,2284539817.5,247,False,jpx_liquidity,JPX流動性
401,4202,ダイセル,化学,プライム,4202.T,2026-06-19,1327.5,-0.011541325390915902,0.021939953810623525,0.049407114624505866,0.03957602037304708,-0.006036055468827128,1307.025,1257.5361287434896,0.01566534687553789,0.05563567491807753,-0.17795849200169356,0.36137587706847785,2042100.0,1858225.0,1.0989519568405333,2277207407.5,247,False,jpx_liquidity,JPX流動性
402,6055,ジャパンマテリアル,サービス業,プライム,6055.T,2026-06-19,2454.0,0.005325686194182611,0.08248786943096609,0.2313095835423984,0.546075122334104,0.6556315214190134,2210.95,1962.2211629231772,0.10993012053642115,0.2506235517020954,-0.006477732793522262,0.8234526146495057,714600.0,1009080.0,0.708169818052087,2267784805.0,247,False,jpx_liquidity,JPX流動性
403,6465,ホシザキ,機械,プライム,6465.T,2026-06-19,5215.0,-0.02741514360313313,0.0019212295869357465,0.036779324055665974,0.061253561253561184,0.003454014480309464,5174.5,5170.866666666667,0.00782684317325355,0.008534997356987262,-0.07486251552244105,0.32221309599299486,661000.0,415705.0,1.5900698812860081,2259954100.0,247,False,jpx_liquidity,JPX流動性
404,5741,ＵＡＣＪ,非鉄金属,プライム,5741.T,2026-06-19,2808.0,-0.027027027027026973,-0.029716655148583238,-0.11279620853080574,0.33287396010892856,0.44569194141648194,3134.65,2911.8789265950522,-0.10420621121975338,-0.03567419154907003,-0.2145454545454546,0.5845389534836757,844300.0,711100.0,1.1873154268035437,2258208245.0,247,False,jpx_liquidity,JPX流動性
405,9142,九州旅客鉄道,陸運業,プライム,9142.T,2026-06-19,3435.0,-0.000581902822228697,-0.026360544217687076,-0.03727578475336324,-0.05820114957647449,-0.14960226152841982,3476.5,3621.9922444661456,-0.011937293254710157,-0.05162690360583777,-0.15802001708404734,0.16938948257547734,420500.0,652180.0,0.6447606489006102,2224598065.0,247,False,jpx_liquidity,JPX流動性
406,4902,コニカミノルタ,電気機器,プライム,4902.T,2026-06-19,556.9000244140625,-0.04444056952881548,-0.03600482491510604,-0.047219804253100905,0.16247951717906917,-0.178121738958115,597.775,567.2668238321941,-0.06837852969083269,-0.018274996849098724,-0.22845685028084362,0.3685306084824992,4264900.0,3603960.0,1.1833927124607377,2206684801.098938,247,False,jpx_liquidity,JPX流動性
407,6376,日機装,精密機器,プライム,6376.T,2026-06-19,3880.0,-0.016476552598225558,0.07777777777777772,0.21060842433697347,0.7596371882086168,1.486915412768623,3455.5,2929.5333333333333,0.12284763420633782,0.3244430284686981,-0.016476552598225558,0.5115173668601445,743300.0,625205.0,1.1888900440655465,2205256925.0,247,False,jpx_liquidity,JPX流動性
408,7581,サイゼリヤ,小売業,プライム,7581.T,2026-06-19,5210.0,0.011650485436893288,-0.02434456928838946,-0.011385199240986688,-0.20458015267175578,-0.044036697247706424,5252.0,5522.166666666667,-0.007996953541507978,-0.05652974375999764,-0.27132867132867133,0.2576048710214528,452900.0,415320.0,1.0904844457285947,2204398500.0,247,False,jpx_liquidity,JPX流動性
409,6703,沖電気工業,電気機器,プライム,6703.T,2026-06-19,3190.0,0.015923566878981,0.07335127860026924,0.0373983739837398,0.3236125673013124,0.7943594209211653,3222.75,3142.3247233072916,-0.010162128616864496,0.015171976447593272,-0.10014104372355426,0.5685510410961934,731700.0,669465.0,1.0929622907844323,2202012560.0,247,False,jpx_liquidity,JPX流動性
410,5830,いよぎんホールディングス,銀行業,プライム,5830.T,2026-06-19,3071.0,-0.018222506393861915,-0.0013008130081301195,-0.01412520064205458,0.10535839083334375,0.2146391115266293,3059.65,3072.4965698242186,0.003709574624548573,-0.0004870859218906176,-0.1465782027769078,0.2538857499791755,1193600.0,683360.0,1.7466635448372747,2199821777.5,247,False,jpx_liquidity,JPX流動性
411,5232,住友大阪セメント,ガラス・土石製品,プライム,5232.T,2026-06-19,6044.0,-0.0009917355371901193,0.07525351360967791,0.23070657707187947,0.6592550015133962,0.6454650453838098,5483.25,4586.979988606771,0.10226599188437513,0.31764254804080316,-0.01627604166666663,0.647202531351285,438300.0,387240.0,1.1318562132011156,2197923080.0,247,False,jpx_liquidity,JPX流動性
412,7721,東京計器,精密機器,プライム,7721.T,2026-06-19,6330.0,0.04283360790774293,0.25346534653465347,0.012799999999999923,-0.12668975223389378,0.2483199374484233,5740.5,6752.8998616536455,0.10269140318787562,-0.06262492711539869,-0.3087479021967521,0.6769175705813496,1039600.0,333995.0,3.1126214464288386,2197045600.0,247,True,jpx_liquidity,JPX流動性
413,4732,ユー・エス・エス,サービス業,プライム,4732.T,2026-06-19,1888.5,-0.000529240539825393,0.006126798082045859,0.07209764405336361,0.16926729878753055,0.07869252408226624,1829.975,1755.495009358724,0.03198131122009862,0.07576494944856726,-0.013322884012539227,0.16496770475607175,2101200.0,1125970.0,1.866124319475652,2175070637.5,247,False,jpx_liquidity,JPX流動性
414,9301,三菱倉庫,倉庫・運輸関連業,プライム,9301.T,2026-06-19,1481.0,0.008512087163772497,0.039663039663039745,-0.015619807244931838,0.12667281495938876,0.27155787207421533,1472.1,1426.5920756022135,0.006045784933088827,0.0381383896127554,-0.019205298013244998,0.22241077326373873,3620600.0,1359460.0,2.663263354567255,2174361087.5,247,False,jpx_liquidity,JPX流動性
415,9064,ヤマトホールディングス,陸運業,プライム,9064.T,2026-06-19,1770.5,0.003116147308781958,-0.008123249299719859,-0.000282326369282937,0.05454211265328146,-0.17356546536834272,1789.325,1787.649881998698,-0.010520727089824433,-0.009593535161104061,-0.20926770255380833,0.14532085720369023,2128900.0,1143235.0,1.862171819442197,2161405035.0,247,False,jpx_liquidity,JPX流動性
416,5857,ＡＲＥホールディングス,非鉄金属,プライム,5857.T,2026-06-19,3205.0,0.004702194357366851,0.04567699836867867,-0.09206798866855526,-0.02554134138454145,0.05304405574306825,3217.2,3524.8712849934896,-0.0037921173691407573,-0.09074694056355603,-0.30691368341381,0.44576831817329926,809400.0,658545.0,1.2290731840648703,2152114185.0,247,False,jpx_liquidity,JPX流動性
417,3046,ジンズホールディングス,小売業,プライム,3046.T,2026-06-19,7980.0,-0.045454545454545414,-0.09111617312072895,0.04313725490196085,0.5525291828793775,0.4328547898202768,8307.0,6997.5,-0.039364391477067495,0.14040728831725624,-0.125,0.41952949182246824,204800.0,250895.0,0.8162777257418442,2123815450.0,247,False,jpx_liquidity,JPX流動性
418,6925,ウシオ電機,電気機器,プライム,6925.T,2026-06-19,4631.0,-0.004300150505267664,0.13282778864970646,0.13477088948787053,0.7054296072218542,0.9452665302382439,4202.3,3595.3980428059895,0.10201556290602753,0.28803541217533346,-0.004300150505267664,0.47440725658970895,580800.0,495090.0,1.1731200387808278,2092923040.0,247,False,jpx_liquidity,JPX流動性
419,6814,古野電気,電気機器,プライム,6814.T,2026-06-19,6100.0,-0.022435897435897467,0.08348134991119016,0.00328947368421062,-0.057187017001545604,-0.16342042971668203,6044.5,6565.5,0.009181900901646056,-0.07090092148351235,-0.29696791526968713,0.4548914624766229,503700.0,330730.0,1.5229945877301727,2090705800.0,247,False,jpx_liquidity,JPX流動性
420,1959,クラフティア,建設業,プライム,1959.T,2026-06-19,9463.0,-0.018360995850622452,0.07631938125568705,0.06325842696629214,0.042771540650778705,0.2710591505920752,9002.6,9284.031982421875,0.05114078155199597,0.019276971246649843,-0.09215214417319251,0.3361038764943489,288400.0,228235.0,1.2636098757859224,2076766290.0,247,False,jpx_liquidity,JPX流動性
421,6999,ＫＯＡ,電気機器,プライム,6999.T,2026-06-19,2930.0,0.007911936704506406,0.16500994035785288,0.28734622144112487,0.9776030678580014,1.2091346996785406,2703.05,2132.2791361490886,0.08396071104863023,0.3741165264561004,0.0,0.7182263570564735,601800.0,749255.0,0.8031978431909029,2071919145.0,247,False,jpx_liquidity,JPX流動性
422,9468,ＫＡＤＯＫＡＷＡ,情報・通信業,プライム,9468.T,2026-06-19,3278.0,0.029522613065326553,-0.027010982487384982,0.002753135515448202,-0.02740271591806498,0.05860721992104301,3252.8,3454.4628092447915,0.007747171667486397,-0.05108256159902602,-0.15884013343597636,0.37606558629981235,1540200.0,581130.0,2.650353621392804,2068660185.0,247,False,jpx_liquidity,JPX流動性
423,4536,参天製薬,医薬品,プライム,4536.T,2026-06-19,1874.0,-0.00767805136351607,-0.02573433844554196,-0.016272965879265078,0.14796309153796594,0.14970504738960444,1907.275,1815.8694010416666,-0.017446356713111677,0.032012543922479875,-0.04192229038854811,0.21684256952301761,1511700.0,1054805.0,1.433155891373287,2064870247.5,247,False,jpx_liquidity,JPX流動性
424,3480,ジェイ・エス・ビー,不動産業,プライム,3480.T,2026-06-19,8980.0,0.0,0.29581529581529575,0.4368000000000001,1.7170953101361572,1.5189340813464236,7264.0,5872.666666666667,0.23623348017621137,0.5291179475536383,0.0,0.7621999252107208,132700.0,246290.0,0.5387957286126112,2054299450.0,247,False,jpx_liquidity,JPX流動性
425,5384,フジミインコーポレーテッド,ガラス・土石製品,プライム,5384.T,2026-06-19,4800.0,0.032258064516129004,0.15802171290711708,0.3079019073569482,0.7813221565805442,1.1123712121090028,4084.25,3417.2166748046875,0.17524637326314507,0.40465193073375905,0.0,0.5572214378958202,432700.0,517400.0,0.8362968689601855,2038142200.0,247,False,jpx_liquidity,JPX流動性
426,8056,ＢＩＰＲＯＧＹ,情報・通信業,プライム,8056.T,2026-06-19,4201.0,-0.03403081168084621,-0.03558310376492191,-0.09655913978494624,-0.06806955882380017,-0.22618146391338845,4502.0,4600.419295247396,-0.06685917370057748,-0.08682236761767093,-0.23134208481348917,0.2880564834967282,834200.0,419700.0,1.987610197760305,2008921275.0,247,False,jpx_liquidity,JPX流動性
427,5444,大和工業,鉄鋼,プライム,5444.T,2026-06-19,12380.0,0.015170151701517032,0.035983263598326376,0.07980811164413426,0.06005621079440915,0.19043212267616982,11747.0,11914.542985026043,0.053886098578360464,0.03906629197267031,-0.03245920942507241,0.27730303809301277,156600.0,169310.0,0.9249306006733211,2002577050.0,247,False,jpx_liquidity,JPX流動性
428,8418,山口フィナンシャルグループ,銀行業,プライム,8418.T,2026-06-19,2859.5,-0.021054433413214668,-0.020719178082191814,-0.0012224938875305957,0.21671155899208916,0.3795579694670712,2814.525,2720.655407714844,0.015979605794938623,0.051033509018246326,-0.022727272727272707,0.26927881261327763,1114700.0,685510.0,1.626088605563741,1995032027.5,247,False,jpx_liquidity,JPX流動性
429,3101,東洋紡,化学,プライム,3101.T,2026-06-19,1754.0,-0.019564002235885947,0.008045977011494232,0.10453400503778343,0.3733321711098776,0.48881438767698926,1773.2,1571.999629720052,-0.010827881795623773,0.1157763442427524,-0.08407310704960835,0.4913843854054647,586700.0,1099125.0,0.5337882406459684,1990214985.0,247,False,jpx_liquidity,JPX流動性
430,7868,広済堂ホールディングス,その他製品,プライム,7868.T,2026-06-19,495.0,0.01642710472279263,0.037735849056603765,-0.28260869565217395,0.07027860357337534,0.11795247163619882,552.55,555.2564885457357,-0.10415347027418331,-0.1085200979885037,-0.32835820895522383,0.7665115363222793,2381700.0,3465305.0,0.6872988091957274,1966041300.0,247,False,jpx_liquidity,JPX流動性
431,7189,西日本フィナンシャルホールディングス,銀行業,プライム,7189.T,2026-06-19,4072.0,-0.02583732057416266,-0.023266970496521933,-0.006102025872589678,0.11161888126522745,0.3650241468717752,4051.9,4027.6127888997394,0.00496063575112915,0.011020724540003801,-0.07497249139246798,0.24749124484194623,731200.0,463705.0,1.576864601416849,1954134525.0,247,False,jpx_liquidity,JPX流動性
432,7180,九州フィナンシャルグループ,銀行業,プライム,7180.T,2026-06-19,1439.5,-0.024067796610169445,-0.0038062283737023694,-0.009631922944616456,0.2963366161725258,0.4824495977892711,1418.65,1331.8490275065103,0.014697071159200492,0.08082820970709714,-0.024067796610169445,0.25603898145441434,1959200.0,1330305.0,1.4727449720176953,1941571647.5,247,False,jpx_liquidity,JPX流動性
433,2501,サッポロホールディングス,食料品,プライム,2501.T,2026-06-19,1798.0,0.01438645980253872,0.07439498057962357,0.06422018348623859,0.13905606588533415,0.11670956333346383,1651.65,1714.375,0.0886083613356341,0.04877870944221652,-0.05068637803590281,0.3105759047490116,1661800.0,1144250.0,1.4523050032772558,1934688875.0,247,False,jpx_liquidity,JPX流動性
434,6592,マブチモーター,電気機器,プライム,6592.T,2026-06-19,1610.5,-0.011356660527931273,0.05710534952412205,0.0343609505459217,0.03535840565734483,0.18934616420280803,1557.025,1582.6166666666666,0.03434434257638763,0.01761850100571838,-0.14562334217506634,0.21050265011821728,1345700.0,1234620.0,1.089971003223664,1934412835.0,247,False,jpx_liquidity,JPX流動性
435,9009,京成電鉄,陸運業,プライム,9009.T,2026-06-19,1081.5,-0.00184586986617441,-0.006430868167202619,0.008861940298507509,-0.08913347552051765,-0.15437167127994655,1072.95,1130.4304321289062,0.00796868446805532,-0.04328477961864219,-0.19931894219142277,0.19327930170526253,1924100.0,1765855.0,1.089613813138678,1922913255.0,247,False,jpx_liquidity,JPX流動性
436,4461,第一工業製薬,化学,プライム,4461.T,2026-06-19,12570.0,-0.020265003897116163,0.1725746268656716,0.34294871794871784,0.6796862332837084,0.5756164115937501,11189.0,9349.537223307292,0.1234247922066316,0.34445157014450656,-0.020265003897116163,0.7115093685783735,162000.0,174050.0,0.9307670209709854,1909849600.0,247,False,jpx_liquidity,JPX流動性
437,7956,ピジョン,その他製品,プライム,7956.T,2026-06-19,1964.5,0.002295918367346994,-0.014300050175614643,0.056182795698924703,0.24178255372945645,0.24647414039151982,1912.2,1775.7666666666667,0.027350695533939984,0.10628273234096075,-0.021419676214196715,0.23877360701016398,662400.0,1022325.0,0.6479348543760546,1899942712.5,247,False,jpx_liquidity,JPX流動性
438,1515,日鉄鉱業,鉱業,プライム,1515.T,2026-06-19,2566.0,-0.006196746707978318,0.10128755364806863,0.08821034775233239,0.04493099400878986,0.26924345847279274,2422.9,2511.0672688802083,0.05906145528086171,0.021876248319022018,-0.41925055989970983,0.849410460357909,584800.0,806380.0,0.7252163992162504,1896077565.0,247,False,jpx_liquidity,JPX流動性
439,1951,エクシオグループ,建設業,プライム,1951.T,2026-06-19,2816.0,-0.006176107287806598,0.04296296296296287,0.05685869769187457,0.08662445152217191,0.1585658148466076,2805.45,2812.69326171875,0.0037605375251743567,0.0011756483816616203,-0.05882352941176472,0.2413758438854118,1119900.0,648730.0,1.7262959937107887,1878877647.5,247,False,jpx_liquidity,JPX流動性
440,5726,大阪チタニウムテクノロジーズ,非鉄金属,プライム,5726.T,2026-06-19,2774.0,-0.040470425458318915,0.05716463414634143,0.20451584889274854,0.20498388872957674,0.5710979907090334,2704.8,2646.4821899414064,0.02558414670215914,0.04818389125883993,-0.17418436534873782,0.797352546399366,472200.0,680305.0,0.6941004402437142,1874464420.0,247,False,jpx_liquidity,JPX流動性
441,9401,ＴＢＳホールディングス,情報・通信業,プライム,9401.T,2026-06-19,6236.0,-0.001920614596670922,0.07758769656125808,0.046484309447893946,0.13948871630894732,0.08784615485519476,5900.8,5777.3359781901045,0.05680585683297168,0.07939022821961328,-0.00885134867180104,0.29871201164915856,306400.0,308210.0,0.9941273806820026,1865066275.0,247,False,jpx_liquidity,JPX流動性
442,8341,七十七銀行,銀行業,プライム,8341.T,2026-06-19,3317.0,-0.00955509107196173,0.015304560759106245,0.03623867541393322,0.15209151043416935,0.35650223252640356,3218.9,3172.559598795573,0.030476249650501774,0.0455280339758668,-0.02412474257134456,0.25203057643176724,1000900.0,551295.0,1.8155434023526424,1864130560.0,247,False,jpx_liquidity,JPX流動性
443,7327,第四北越フィナンシャルグループ,銀行業,プライム,7327.T,2026-06-19,2076.0,-0.010486177311725409,-0.013307984790874472,-0.018439716312056764,0.10552537377138438,0.3080226003300939,2061.65,2006.4404866536458,0.006960444304319413,0.034668116901072965,-0.03531598513011147,0.24174830900982264,916900.0,900585.0,1.0181160023762332,1862547540.0,247,False,jpx_liquidity,JPX流動性
444,9008,京王電鉄,陸運業,プライム,9008.T,2026-06-19,747.9000244140625,0.023819335269079422,0.01108559155293909,-0.004260353183181409,-0.011118945414684833,-0.05966801359451701,735.2200012207031,762.7569142659505,0.01724656996858953,-0.019477882892986575,-0.1011237718900192,0.1981035775619172,8434200.0,2193420.0,3.8452280001094183,1861648319.8153687,247,True,jpx_liquidity,JPX流動性
445,8358,スルガ銀行,銀行業,プライム,8358.T,2026-06-19,2397.0,-0.028374543980543177,0.018266779949023038,0.0113924050632912,0.31992966191472316,0.4330222624577045,2332.75,2254.3350911458333,0.027542599935698187,0.063284695081268,-0.028374543980543177,0.2781383700972829,877100.0,792375.0,1.106925382552453,1851370845.0,247,False,jpx_liquidity,JPX流動性
446,3774,インターネットイニシアティブ,情報・通信業,プライム,3774.T,2026-06-19,2998.0,-0.00761337305527976,0.008918054854450519,-0.021540469973890364,0.26632838945362947,0.06075555136698374,3078.35,2841.170857747396,-0.026101645361963355,0.055198771951696424,-0.07753846153846156,0.2628217986884572,492400.0,600360.0,0.820174561929509,1846365797.5,247,False,jpx_liquidity,JPX流動性
447,4205,日本ゼオン,化学,プライム,4205.T,2026-06-19,2334.0,-0.0032030749519538215,0.030918727915194344,0.10878859857482182,0.3496195749997353,0.3569105850878369,2207.6,1994.919171142578,0.05725674941112535,0.16997221429438447,-0.0032030749519538215,0.23057417941019134,1313500.0,808515.0,1.6245833410635548,1841442242.5,247,False,jpx_liquidity,JPX流動性
448,6584,三櫻工業,輸送用機器,プライム,6584.T,2026-06-19,1035.0,0.009756097560975618,0.12745098039215685,0.3529411764705883,0.6051903942870829,0.30075772905575127,978.2,814.3050201416015,0.058065835207524064,0.27102249697542247,-0.08163265306122447,0.8134183105411884,910600.0,1833010.0,0.49677852275765,1835829930.0,247,False,jpx_liquidity,JPX流動性
449,2531,宝ホールディングス,食料品,プライム,2531.T,2026-06-19,2274.0,0.011340893929286278,0.049377018920166105,0.1327521793275217,0.5272580594912695,0.446274346369848,2171.425,1897.3378397623699,0.047238564537112726,0.19852139789970402,0.0,0.42473579885825985,945900.0,819690.0,1.153972843392014,1834769837.5,247,False,jpx_liquidity,JPX流動性
450,9404,日本テレビホールディングス,情報・通信業,プライム,9404.T,2026-06-19,2790.5,-0.026003490401396157,-0.014479957619636274,-0.044676480657309114,-0.09239955392946408,-0.2711054040379498,2844.875,2991.07158203125,-0.01911331780833958,-0.06705676428346818,-0.27763839158892356,0.21651091310264597,499400.0,641955.0,0.7779361481723797,1833758915.0,247,False,jpx_liquidity,JPX流動性
451,3994,マネーフォワード,情報・通信業,プライム,3994.T,2026-06-19,4227.0,0.00642857142857145,0.09281282316442607,-0.019485038274182354,0.3565468549422337,-0.014225746268656692,4162.85,4238.45,0.015410115665949853,-0.002701459259870864,-0.2649973917579551,0.5552870904628079,386400.0,433440.0,0.8914728682170543,1830653730.0,247,False,jpx_liquidity,JPX流動性
452,2607,不二製油,食料品,プライム,2607.T,2026-06-19,3589.0,-0.004438280166435549,-0.04063084736701417,0.007014590347923733,0.031894829240009415,0.0004781700338885031,3619.35,3543.099226888021,-0.008385483581305975,0.012954978162520892,-0.1512731989731132,0.5337432241565073,302100.0,492960.0,0.6128286270691334,1824146485.0,247,False,jpx_liquidity,JPX流動性
453,6417,ＳＡＮＫＹＯ,機械,プライム,6417.T,2026-06-19,1558.5,-0.003835091083413178,-0.024107701941139648,-0.09678354100260789,-0.2072374730490787,-0.36560073095460377,1609.225,1796.1384155273438,-0.03152138451739184,-0.13230517953014964,-0.3878880849429246,0.22691411814332532,1914900.0,1073455.0,1.7838661145553376,1812842065.0,247,False,jpx_liquidity,JPX流動性
454,3186,ネクステージ,小売業,プライム,3186.T,2026-06-19,4235.0,0.026666666666666616,0.18461538461538463,0.15238095238095228,0.5114204139900071,0.537763253449528,3722.5,3549.3,0.1376762928139692,0.1931930239765587,0.0,0.4185687512059876,706300.0,448850.0,1.5735769187924697,1784281200.0,247,False,jpx_liquidity,JPX流動性
455,8282,ケーズホールディングス,小売業,プライム,8282.T,2026-06-19,1998.5,0.012667848999240006,-0.020343137254902,-0.04056649063850215,0.26659579526432453,0.27415877735886185,2053.675,1901.0062133789063,-0.02686647108232809,0.05128535926655675,-0.0654664484451718,0.268405332624939,822700.0,862085.0,0.9543142497549546,1773212827.5,247,False,jpx_liquidity,JPX流動性
456,2593,伊藤園,食料品,プライム,2593.T,2026-06-19,2762.5,0.0036330608537693543,-0.026088489335448606,-0.04954412523653884,0.0023742961578780974,-0.09102579159690494,2807.1,2901.4395955403647,-0.015888283281678572,-0.04788643394607306,-0.12031047865459255,0.47095589917819763,791200.0,610180.0,1.296666557409289,1771553217.5,247,False,jpx_liquidity,JPX流動性
457,8088,岩谷産業,卸売業,プライム,8088.T,2026-06-19,1877.0,-0.018818609513852613,0.014868883482022088,-0.10255797274683243,-0.04256649532173162,0.16549458152543184,1938.075,1970.6230122884115,-0.03151322833223691,-0.047509346894153315,-0.1116895409370563,0.32671108958097567,2040400.0,855575.0,2.38482891622593,1762839047.5,247,False,jpx_liquidity,JPX流動性
458,2585,ライフドリンク　カンパニー,食料品,プライム,2585.T,2026-06-19,1588.0,-0.032886723507917215,-0.02516881522406389,0.06149732620320858,0.5958565545464918,-0.08963018983696136,1682.3,1493.1651713053386,-0.05605421149616596,0.06351261770441363,-0.137929585732392,0.46321923404637555,986700.0,1022950.0,0.9645632728872379,1754323600.0,247,False,jpx_liquidity,JPX流動性
459,7867,タカラトミー,その他製品,プライム,7867.T,2026-06-19,2925.5,-0.006115169016477018,0.0,-0.01927589674824004,0.08255902383972824,0.08593514448068706,2988.5,2805.3543375651043,-0.021080809770787967,0.04282726813724924,-0.08176396735718772,0.343669160275591,518300.0,606980.0,0.8538996342548354,1752228092.5,247,False,jpx_liquidity,JPX流動性
460,6875,メガチップス,電気機器,プライム,6875.T,2026-06-19,10860.0,0.01023255813953483,-0.03208556149732622,-0.08968985750209557,0.3230166183690286,0.4368061946556212,11648.0,10385.410823567709,-0.06765109890109888,0.04569767960987181,-0.17162471395881007,0.5953669087982064,131400.0,151240.0,0.8688177730759058,1751598850.0,247,False,jpx_liquidity,JPX流動性
461,2002,日清製粉グループ本社,食料品,プライム,2002.T,2026-06-19,1923.0,0.009448818897637823,-0.022369089984748403,-0.03147821707378495,-0.034525017397984636,0.02454950324696381,1931.95,2012.1869344075521,-0.004632625067936602,-0.04432338411630299,-0.11504832029452372,0.20338632682443586,1129100.0,903145.0,1.2501868470732829,1747094680.0,247,False,jpx_liquidity,JPX流動性
462,1980,ダイダン,建設業,プライム,1980.T,2026-06-19,2732.0,-0.0029197080291970545,0.10473109583501827,0.14166318428750513,0.01054125134114714,0.16451514108658172,2540.5,2679.208040364583,0.07537886242865577,0.019704315170774533,-0.2405796157249811,0.5646443111195468,783500.0,675285.0,1.1602508570455436,1738100740.0,247,False,jpx_liquidity,JPX流動性
463,7966,リンテック,その他製品,プライム,7966.T,2026-06-19,6480.0,0.007776049766718529,0.12891986062717775,0.1955719557195572,0.45536040047677684,0.533660457773905,5835.0,5261.921525065104,0.11053984575835485,0.23148928944162184,0.0,0.3627158333834534,490900.0,280235.0,1.751744071939622,1732732250.0,247,False,jpx_liquidity,JPX流動性
464,6707,サンケン電気,電気機器,プライム,6707.T,2026-06-19,9664.0,-0.010748285392568335,0.18271937339370936,0.040146378215477396,0.4840294840294841,0.7715857011915674,8984.7,8790.166666666666,0.07560630850223138,0.09941032593238663,-0.022950156708118508,0.6278414121993194,316100.0,179205.0,1.7639016768505342,1721780280.0,247,False,jpx_liquidity,JPX流動性
465,4401,ＡＤＥＫＡ,化学,プライム,4401.T,2026-06-19,4141.0,0.0053411022092741955,0.04570707070707081,0.003878787878787815,0.10771384908765569,0.1088817371622115,4080.7,3969.167626953125,0.014776876516284121,0.04329179041974096,-0.15076764954073008,0.32751843681495685,692800.0,402345.0,1.7219053300028582,1719425240.0,247,False,jpx_liquidity,JPX流動性
466,8366,滋賀銀行,銀行業,プライム,8366.T,2026-06-19,2294.0,-0.015027908973808457,0.011463844797178213,0.059584295612009175,0.38774751247831607,0.5770719745163597,2148.75,2025.2700907389324,0.06759744037230941,0.13268843029376876,-0.015027908973808457,0.379172949006473,1117800.0,756185.0,1.478209697362418,1710682205.0,247,False,jpx_liquidity,JPX流動性
467,1332,ニッスイ,水産・農林業,プライム,1332.T,2026-06-19,1249.5,-0.006756756756756799,-0.024209293244826235,-0.037735849056603765,-0.04563975136053089,0.05496571329275457,1285.025,1296.9425435384114,-0.02764537654909449,-0.03658029708006594,-0.18848789998423898,0.20012409917973112,1701500.0,1315945.0,1.2929871689166341,1709710855.0,247,False,jpx_liquidity,JPX流動性
468,6472,ＮＴＮ,機械,プライム,6472.T,2026-06-19,438.8999938964844,-0.0018194639261692735,0.06632649997119522,0.09097690085526589,0.4093060278488818,0.2572170190305427,432.9500015258789,387.79966634114584,0.013742908764604378,0.13176991109215086,-0.08448060182650952,0.40813737558158525,3093200.0,3966905.0,0.7797514687142747,1707949136.5879822,247,False,jpx_liquidity,JPX流動性
469,2809,キユーピー,食料品,プライム,2809.T,2026-06-19,4144.0,0.01073170731707318,-0.009560229445506718,0.004474675128312455,0.030497367966838773,-0.04206287189300706,4084.0011962890626,4040.553104654948,0.014691181717932711,0.025602162047041244,-0.10488519218800407,0.20656434251208824,606700.0,397950.0,1.5245633873602211,1702445715.0,247,False,jpx_liquidity,JPX流動性
470,9065,山九,陸運業,プライム,9065.T,2026-06-19,8636.0,0.0030197444831592257,0.007348652746996365,-0.038307349665924306,0.026105560054391352,0.031176924528218297,8704.7,8772.109684244791,-0.00789228807425879,-0.015516185859970721,-0.12763150392312417,0.1734439790613397,337000.0,184110.0,1.830427461843463,1696639640.0,247,False,jpx_liquidity,JPX流動性
471,2212,山崎製パン,食料品,プライム,2212.T,2026-06-19,3088.0,-0.007393121182899365,-0.013418530351437696,-0.02278481012658229,-0.0403977625854568,-0.07136683675342315,3103.0,3230.766666666667,-0.004834031582339637,-0.04418971761088708,-0.14907688068338387,0.20005213521896917,597000.0,544935.0,1.0955435051886921,1695195995.0,247,False,jpx_liquidity,JPX流動性
472,4912,ライオン,化学,プライム,4912.T,2026-06-19,1642.0,-0.003942978465271474,-0.017648818426562962,0.025608994378513383,0.02914446881855226,-0.017918994326733606,1626.725,1611.4333333333334,0.009390032119749758,0.018968620069089503,-0.12403307548679643,0.2238780062076069,1000300.0,1043570.0,0.9585365619939247,1684786685.0,247,False,jpx_liquidity,JPX流動性
473,9001,東武鉄道,陸運業,プライム,9001.T,2026-06-19,2862.0,0.005621925509486925,0.00810144417048253,0.02635825712748785,0.025820006127223127,0.10751733254527851,2812.425,2847.400431315104,0.017627136723645798,0.0051273324694107725,-0.07923773441035131,0.1977671877519311,730100.0,591705.0,1.2338918886945354,1680129322.5,247,False,jpx_liquidity,JPX流動性
474,2730,エディオン,小売業,プライム,2730.T,2026-06-19,2327.0,0.027373068432671177,-0.07585385226370134,-0.018143459915611837,0.11512100864285602,0.12042860185759441,2417.1,2264.3593709309894,-0.03727607463489302,0.027663731240353373,-0.1274840644919385,0.5968777333661822,441100.0,665970.0,0.6623421475441836,1674869325.0,247,False,jpx_liquidity,JPX流動性
475,6632,ＪＶＣケンウッド,電気機器,プライム,6632.T,2026-06-19,1120.5,0.003133393017009878,0.03942486085343222,0.02516010978956995,0.013596277741804164,-0.02941529138363208,1141.925,1167.423710123698,-0.018762177901350707,-0.04019424114551007,-0.15539941958148773,0.476461538734894,1291700.0,1484770.0,0.8699663921011335,1673810462.5,247,False,jpx_liquidity,JPX流動性
476,3445,ＲＳ　Ｔｅｃｈｎｏｌｏｇｉｅｓ,金属製品,プライム,3445.T,2026-06-19,7230.0,0.024079320113314484,0.09545454545454546,0.10550458715596323,0.9593495934959348,1.0579986569604038,7048.5,5730.333333333333,0.025750159608427303,0.2617067069978478,-0.05490196078431375,0.6468231707626062,168400.0,235955.0,0.7136954080227162,1671074050.0,247,False,jpx_liquidity,JPX流動性
477,2331,ＡＬＳＯＫ,サービス業,プライム,2331.T,2026-06-19,1064.5,-0.0032771535580524702,-0.012064965197215782,-0.07192676547515253,-0.10576517135379238,-0.1451540899732755,1092.225,1170.452012125651,-0.025383963926846498,-0.09052230337340539,-0.18397853583748558,0.2172141906576259,2063200.0,1482950.0,1.3912808928149971,1654266240.0,247,False,jpx_liquidity,JPX流動性
478,1961,三機工業,建設業,プライム,1961.T,2026-06-19,3035.0,0.028464927143341257,0.22874493927125505,0.38647784376427596,0.42374927345765445,0.6466851866471752,2424.15,2426.0501993815105,0.25198523193696754,0.2510046167938871,0.0,0.5366248795632764,1117300.0,639790.0,1.7463542724956627,1650044070.0,247,False,jpx_liquidity,JPX流動性
479,3863,日本製紙,パルプ・紙,プライム,3863.T,2026-06-19,1198.0,0.006722689075630228,-0.016420361247947435,-0.1217008797653959,0.02329264255457808,0.06857114610002646,1248.3,1322.8053283691406,-0.04029480092926374,-0.09434897614376148,-0.20662251655629138,0.37276796567042886,1421200.0,1280050.0,1.110269130112105,1643585130.0,247,False,jpx_liquidity,JPX流動性
480,9364,上組,倉庫・運輸関連業,プライム,9364.T,2026-06-19,4657.0,-0.0029972168700492796,-0.02409891031014255,-0.04706363822385917,-0.10694117810096004,-0.05942674705090101,4735.3,5113.763037109375,-0.016535383185859454,-0.08932033686245389,-0.1823352502837704,0.18270011141577636,684700.0,322560.0,2.1227058531746033,1625920585.0,247,False,jpx_liquidity,JPX流動性
481,4028,石原産業,化学,プライム,4028.T,2026-06-19,3060.0,-0.039246467817896424,0.03238866396761142,0.1715160796324655,0.11529808233395933,0.16856483617216544,3095.95,2938.9732747395833,-0.011611944637348715,0.041179933924761825,-0.2009383384681923,0.6280667784327022,215800.0,521140.0,0.4140921825229305,1622542635.0,247,False,jpx_liquidity,JPX流動性
482,3397,トリドールホールディングス,小売業,プライム,3397.T,2026-06-19,3569.0,-0.001398992725237802,-0.06595132164354878,-0.07418936446173796,-0.17079470529243868,-0.14666806139057864,3754.5,4025.616414388021,-0.04940737781329074,-0.11342770084999176,-0.20952380952380956,0.3134706595561217,547700.0,414880.0,1.3201407635942923,1609118590.0,247,False,jpx_liquidity,JPX流動性
483,8368,百五銀行,銀行業,プライム,8368.T,2026-06-19,1890.0,-0.01664932362122784,-0.028277634961439535,-0.04158215010141986,0.33862574300226944,0.7382699549784255,1931.4,1820.4455912272135,-0.021435228331780132,0.03820735379731821,-0.061569016881827254,0.28653639798930136,1054400.0,819650.0,1.2864027328737877,1602081075.0,247,False,jpx_liquidity,JPX流動性
484,3635,コーエーテクモホールディングス,情報・通信業,プライム,3635.T,2026-06-19,1447.0,0.010122164048865567,-0.010936431989063577,-0.05486610058785113,-0.14167969420346416,-0.2260105579891175,1478.975,1561.655428059896,-0.021619702834733467,-0.07341915892568995,-0.22059803124110922,0.22022913498466473,2776100.0,983840.0,2.8216986501870225,1600936642.5,247,False,jpx_liquidity,JPX流動性
485,2670,エービーシー・マート,小売業,プライム,2670.T,2026-06-19,2699.0,-0.005160339107998513,-0.01424397370343311,0.006338553318419038,0.09581810799837598,0.014022082817536807,2669.025,2684.266666666667,0.01123069285600553,0.005488774090999238,-0.07075228094336372,0.2757761904231519,768600.0,577615.0,1.3306441141590852,1595003597.5,247,False,jpx_liquidity,JPX流動性
486,9706,日本空港ビルデング,不動産業,プライム,9706.T,2026-06-19,4657.0,0.0,-0.009359710699851087,-0.0511409942950285,-0.04171717204193903,0.07094496570743303,4764.2,5043.927319335938,-0.022501154443558158,-0.07671151760110595,-0.18069071184672514,0.2746159158610206,438000.0,325640.0,1.3450436064365556,1593397835.0,247,False,jpx_liquidity,JPX流動性
487,5310,東洋炭素,ガラス・土石製品,プライム,5310.T,2026-06-19,8350.0,-0.027939464493597188,0.04244694132334592,0.09436435124508513,0.6245136186770428,0.878275639102815,7969.0,6672.833333333333,0.04781026477600703,0.25134250817993364,-0.05221339387060164,0.5854790434488597,133900.0,212835.0,0.6291258486621092,1590422050.0,247,False,jpx_liquidity,JPX流動性
488,5947,リンナイ,金属製品,プライム,5947.T,2026-06-19,3438.0,0.0014564520827264893,-0.012919896640826822,-0.0193953223046206,-0.04115384709663028,-0.12867041387024258,3448.25,3542.1177693684895,-0.0029725222939172014,-0.029394214463697055,-0.191543581577177,0.18290862336249017,867600.0,435885.0,1.9904332564781995,1588711400.0,247,False,jpx_liquidity,JPX流動性
489,7004,カナデビア,機械,プライム,7004.T,2026-06-19,1435.0,0.0,0.11586314152410582,0.06929955290611023,0.5301975455571597,0.5761198704461299,1362.5,1252.3940409342447,0.053211009174311874,0.14580551575408118,-0.012388162422574012,0.44630110230521686,1292200.0,1119775.0,1.153981826706258,1571786440.0,247,False,jpx_liquidity,JPX流動性
490,2222,寿スピリッツ,食料品,プライム,2222.T,2026-06-19,2324.0,-0.0040711377758732015,-0.00789754535752396,0.1593913694188076,0.23914381161887377,0.2972286434876059,2195.6,2050.7080139160157,0.0584805975587539,0.13326713712017346,-0.03005008347245408,0.30621527411380167,718400.0,692335.0,1.0376479594415997,1560784947.5,247,False,jpx_liquidity,JPX流動性
491,8410,セブン銀行,銀行業,プライム,8410.T,2026-06-19,276.70001220703125,-0.02501753309135768,-0.044544176880553454,0.017653616838161135,0.057261685999469014,-0.055258027576706836,278.075,272.6789916992187,-0.004944665262856196,0.014746352415179631,-0.0923187566910525,0.14761307718301597,10255900.0,5226115.0,1.962432897094687,1542855405.7757568,247,True,jpx_liquidity,JPX流動性
492,7988,ニフコ,化学,プライム,7988.T,2026-06-19,4572.0,-0.012953367875647714,0.06997425696232162,0.11240875912408765,0.04581561771319653,-0.05659860663891314,4361.85,4468.881290690104,0.04817909831837408,0.023074837437440987,-0.16244201872861264,0.3405118838767191,489400.0,346225.0,1.413531662935952,1536575190.0,247,False,jpx_liquidity,JPX流動性
493,8012,長瀬産業,卸売業,プライム,8012.T,2026-06-19,1201.5,0.0025031289111390187,0.03891050583657596,0.0534853134590092,0.07915276750663724,0.28914696512048166,1145.05,1165.4105672200521,0.04929915724204181,0.030967140503998403,-0.03065752319483661,0.42367612826276824,2177700.0,1286415.0,1.6928440666503421,1531624895.0,247,False,jpx_liquidity,JPX流動性
494,4922,コーセーホールディングス,化学,プライム,4922.T,2026-06-19,5152.0,0.011385944248134994,-0.016418480336006125,-0.02682281828485078,-0.11340561004990535,-0.027245220258103275,5267.35,5574.116666666667,-0.021899057400780353,-0.07572799277613496,-0.17725966145001593,0.2711055598995663,313400.0,281540.0,1.1131633160474532,1514842000.0,247,False,jpx_liquidity,JPX流動性
495,1860,戸田建設,建設業,プライム,1860.T,2026-06-19,1633.5,0.001225865767698453,0.0676470588235294,0.12771832930617877,0.16400135905375612,0.35228880315107514,1549.525,1482.2314229329427,0.054194027201884376,0.10205462839786317,0.0,0.2650578159783144,1176900.0,949195.0,1.239892751226039,1505868690.0,247,False,jpx_liquidity,JPX流動性
496,6490,ＰＩＬＬＡＲ,機械,プライム,6490.T,2026-06-19,10980.0,0.05678537054860433,0.18702702702702712,0.16560509554140124,0.5720315208292583,1.4912553624710836,9528.5,8963.817309570313,0.1523324762554441,0.22492456291775254,0.0,0.5154830965858604,273100.0,146945.0,1.8585184933138248,1482705100.0,247,True,jpx_liquidity,JPX流動性
497,9048,名古屋鉄道,陸運業,プライム,9048.T,2026-06-19,1794.0,0.003355704697986628,-0.02393906420021763,-0.034185733512785976,0.07971516841897075,0.126428812152797,1823.375,1795.3502950032553,-0.016110235140878837,-0.0007521067097676637,-0.06048703849175174,0.17750586607218102,828500.0,798900.0,1.037050945049443,1466220002.5,247,False,jpx_liquidity,JPX流動性
498,9006,京浜急行電鉄,陸運業,プライム,9006.T,2026-06-19,1448.5,-0.011600136472193823,-0.02654569892473113,-0.05171849427168573,-0.00965398808724982,-0.0356388466622537,1479.7,1532.067685953776,-0.02108535513955534,-0.05454568797445236,-0.11080417434008594,0.19455451613272937,1682100.0,935850.0,1.7974034300368649,1465955387.5,247,False,jpx_liquidity,JPX流動性
499,4626,太陽ホールディングス,化学,プライム,4626.T,2026-06-19,5277.0,-0.008269122345423763,0.010338885697874778,0.08468653648509772,0.05857572718154458,0.05921316740264948,5077.5,4925.166666666667,0.039290989660265785,0.07143582281479466,-0.13435039370078738,0.1834935671678754,413200.0,273890.0,1.5086348534083025,1454903790.0,247,False,jpx_liquidity,JPX流動性
500,9504,中国電力,電気・ガス業,プライム,9504.T,2026-06-19,879.2000122070312,-0.0038522133162864902,-0.01257862971690904,-0.0023828158572842817,-0.07472390379213323,-0.08960973043818943,876.2700012207031,927.8641835530599,0.003343730793301747,-0.05244751571256845,-0.20524950413656318,0.2154385657812524,2119500.0,1613915.0,1.3132661881201921,1453304203.5580444,247,False,jpx_liquidity,JPX流動性
501,7337,ひろぎんホールディングス,銀行業,プライム,7337.T,2026-06-19,2080.5,-0.01770538243626063,-0.00048042277203941275,-0.0007204610951008217,0.22946321873125797,0.3382996377665388,2050.85,1941.47578125,0.014457420094107443,0.07160749574763714,-0.01770538243626063,0.2132292898086127,894800.0,689280.0,1.2981662024141132,1447354745.0,247,False,jpx_liquidity,JPX流動性
502,4099,四国化成ホールディングス,化学,プライム,4099.T,2026-06-19,7070.0,-0.013947001394700176,0.12579617834394896,0.19224283305227652,0.5641592920353982,1.6223232964060812,6412.5,5491.666666666667,0.10253411306042892,0.2874051593323217,-0.013947001394700176,0.5364333091339578,220300.0,223275.0,0.9866756242302094,1438888550.0,247,False,jpx_liquidity,JPX流動性
503,7164,全国保証,その他金融業,プライム,7164.T,2026-06-19,2840.5,-0.0028084956994909316,-0.008897418004186974,-0.05850182300298312,-0.06599299688698801,-0.0695784457568881,2873.1,3054.532881673177,-0.011346629076607107,-0.07007057706183106,-0.1294820717131474,0.17906855913707181,885300.0,469895.0,1.8840379233658584,1434127032.5,247,False,jpx_liquidity,JPX流動性
504,8714,池田泉州ホールディングス,銀行業,プライム,8714.T,2026-06-19,979.0,-0.02100000000000002,-0.02973240832507429,0.008238928939237944,0.2853843522903172,0.2903858389725591,986.7,948.5975402832031,-0.0078037904124861335,0.03204990359528059,-0.046738072054527735,0.29766917433529533,1416300.0,1437400.0,0.9853207179629887,1432878910.0,247,False,jpx_liquidity,JPX流動性
505,9072,ニッコンホールディングス,陸運業,プライム,9072.T,2026-06-19,6267.0,-0.008856555432547819,0.053277310924369825,0.045894526034713,0.5597822933187435,0.8217716831019986,6047.45,5384.065738932291,0.03630455811953803,0.1639902452682167,-0.0107340173638516,0.2808073808165508,467800.0,236570.0,1.9774273999239125,1430401575.0,247,False,jpx_liquidity,JPX流動性
506,1979,大氣社,建設業,プライム,1979.T,2026-06-19,4810.0,0.032188841201716833,0.06651884700665178,0.1371158392434988,0.47259697006978585,0.490473735394946,4505.75,3878.2818684895833,0.06752482938467508,0.2402399214663784,0.0,0.29578787631697345,508900.0,301400.0,1.6884538818845387,1428780250.0,247,False,jpx_liquidity,JPX流動性
507,4180,Ａｐｐｉｅｒ　Ｇｒｏｕｐ,情報・通信業,プライム,4180.T,2026-06-19,803.0,-0.003722084367245637,0.0012468827930174342,-0.17301750772399593,0.17914831130690168,-0.254969924377733,877.9,891.2833333333333,-0.08531723430914684,-0.09905192886661551,-0.29684763572679507,0.4304298548217134,4047900.0,1472335.0,2.7493063738890946,1414312290.0,247,True,jpx_liquidity,JPX流動性
508,4023,クレハ,化学,プライム,4023.T,2026-06-19,3870.0,-0.017766497461928932,0.027888446215139417,0.009126466753585305,-0.062181963743467406,0.006845320006054534,3843.25,3929.683699544271,0.006960254992519399,-0.0151879143736664,-0.19123948903482035,0.25301381572399334,392400.0,357550.0,1.0974688854705636,1405318500.0,247,False,jpx_liquidity,JPX流動性
509,8060,キヤノンマーケティングジャパン,卸売業,プライム,8060.T,2026-06-19,3407.0,0.004718372161604201,0.007988165680473447,-0.06246560264171708,0.0033868355175967757,0.017555457215459036,3491.25,3572.475,-0.02413175796634448,-0.046319428407476604,-0.11529472864191115,0.19145175789179067,894100.0,373150.0,2.396087364330698,1402554620.0,247,False,jpx_liquidity,JPX流動性
510,3116,トヨタ紡織,輸送用機器,プライム,3116.T,2026-06-19,2192.5,-0.009263443289652007,0.0164580435790449,-0.02403739149788564,-0.12239081581238231,-0.10152486492078339,2220.375,2327.0425374348956,-0.012554185666835527,-0.05781696521250623,-0.3196319481335729,0.24923333024814323,739300.0,617115.0,1.197993890927947,1402024092.5,247,False,jpx_liquidity,JPX流動性
511,2980,ＳＲＥホールディングス,不動産業,プライム,2980.T,2026-06-19,2429.0,-0.008975928192574423,0.018021793797150076,-0.07219251336898391,-0.03579247738214897,-0.26377528371580816,2510.6,3016.059122721354,-0.032502190711383716,-0.1946444346195898,-0.40172413793103445,0.5458823802743094,357300.0,571020.0,0.6257223915099296,1400641045.0,247,False,jpx_liquidity,JPX流動性
512,4118,カネカ,化学,プライム,4118.T,2026-06-19,5730.0,-0.0026109660574412663,0.02909482758620685,0.07343574372424122,0.2574351560526893,0.3532175101482318,5531.25,5174.998559570313,0.03593220338983061,0.10724668500695578,-0.018835616438356184,0.21753664424741556,199800.0,251865.0,0.7932821154189744,1396215545.0,247,False,jpx_liquidity,JPX流動性
513,8439,東京センチュリー,その他金融業,プライム,8439.T,2026-06-19,2435.5,-0.026384169498301024,0.017335004177109425,0.013313917204077486,0.22433393344360253,0.22917198160913355,2398.325,2240.2519490559894,0.015500401321755897,0.08715450555741522,-0.026384169498301024,0.22303608193676747,549700.0,576420.0,0.9536449116963326,1393620865.0,247,False,jpx_liquidity,JPX流動性
514,2229,カルビー,食料品,プライム,2229.T,2026-06-19,2797.5,0.0032275416890801267,-0.01721412260670996,-0.059031281533804214,-0.04975560888797481,-0.03564935338727815,2850.775,2961.5661499023436,-0.018687900658592826,-0.05539844176965403,-0.11218660742621389,0.13587798905096307,801800.0,468970.0,1.7097042454741243,1380997307.5,247,False,jpx_liquidity,JPX流動性
515,3401,帝人,繊維製品,プライム,3401.T,2026-06-19,1594.5,-0.033636363636363686,-0.026853829722306988,0.013990461049284475,0.07156185596864528,0.24493911903086052,1623.825,1625.6698099772136,-0.01805921204563299,-0.019173518377419208,-0.0820379965457686,0.25918230883743515,1097600.0,838670.0,1.308738836491111,1380687257.5,247,False,jpx_liquidity,JPX流動性
516,6136,オーエスジー,機械,プライム,6136.T,2026-06-19,3661.0,0.011325966850828761,0.0857058125741399,0.09062954066655338,0.5162519674275099,0.6322183464035633,3430.9859252929687,3127.802176920573,0.06704022683724387,0.17047044311618786,0.0,0.32755918933829753,378200.0,405095.0,0.9336081659857565,1378323455.0,247,False,jpx_liquidity,JPX流動性
517,7419,ノジマ,小売業,プライム,7419.T,2026-06-19,1446.0,-0.010266940451745366,-0.006868131868131844,0.020465772759350687,0.36629726896995907,0.2210924240849872,1494.35,1297.4726989746093,-0.032355204604008425,0.11447431698776511,-0.08538899430740043,0.3954220510274584,976900.0,915935.0,1.0665604000283864,1372161885.0,247,False,jpx_liquidity,JPX流動性
518,1719,安藤・間,建設業,プライム,1719.T,2026-06-19,1770.0,-0.01830282861896837,0.015490533562822817,0.017826336975273138,-0.03024699680900922,-0.028422701897833025,1757.7,1873.3062520345052,0.006997781191329544,-0.05514648334852312,-0.1744144455608002,0.24797337376316386,702000.0,781410.0,0.898376012592621,1370599452.5,247,False,jpx_liquidity,JPX流動性
519,3291,飯田グループホールディングス,不動産業,プライム,3291.T,2026-06-19,2186.5,0.009930715935334788,0.008068234209313019,0.04617224880382764,-0.06635497572663718,-0.09480823090521162,2137.025,2241.8688395182294,0.02315134357342563,-0.02469762661500219,-0.19896547733171432,0.2399051712238152,666000.0,633930.0,1.050589181770858,1357690125.0,247,False,jpx_liquidity,JPX流動性
520,8020,兼松,卸売業,プライム,8020.T,2026-06-19,2069.0,0.005833738454059212,-0.008624820316243453,-0.04212962962962963,-0.013902784070850438,0.21521650490664546,2085.925,2180.504431152344,-0.00811390630056219,-0.05113698901928687,-0.14621102368550964,0.31380176953641975,733300.0,639635.0,1.1464350762544264,1351680232.5,247,False,jpx_liquidity,JPX流動性
521,8361,大垣共立銀行,銀行業,プライム,8361.T,2026-06-19,7090.0,-0.0340599455040872,-0.037991858887381325,-0.08516129032258068,0.24758221832413874,0.5751749224661098,7332.0,7041.448942057292,-0.03300600109110752,0.006895037987525665,-0.10929648241206025,0.34510198001775416,233600.0,180995.0,1.2906433879388934,1339497650.0,247,False,jpx_liquidity,JPX流動性
522,4967,小林製薬,化学,プライム,4967.T,2026-06-19,5300.0,0.0032178686352450914,-0.04002898025719981,-0.09479077711357808,-0.055090033874130806,0.017669996614454675,5597.15,5786.366666666667,-0.053089518772946875,-0.08405389680340569,-0.13356220369462157,0.17502884848360345,239200.0,232770.0,1.0276238346866005,1328737515.0,247,False,jpx_liquidity,JPX流動性
523,8698,マネックスグループ,証券、商品先物取引業,プライム,8698.T,2026-06-19,616.0,-0.028391167192429068,-0.03144654088050314,-0.08469539375928681,-0.09520621408856178,-0.09779872788610855,640.45,668.4639373779297,-0.038176282301506825,-0.07848431971322356,-0.18322116582986148,0.20741371637463465,3969900.0,1934725.0,2.0519195234464847,1325512950.0,247,False,jpx_liquidity,JPX流動性
524,5901,東洋製罐グループホールディングス,金属製品,プライム,5901.T,2026-06-19,4127.0,0.005114466634193793,0.0493262140859394,0.03278278278278268,0.1877853710827997,0.10001948959389084,3913.8,3647.0799275716145,0.054473912821298986,0.13159022614235316,-0.04995395948434622,0.26580595480171554,542700.0,347830.0,1.5602449472443436,1324463630.0,247,False,jpx_liquidity,JPX流動性
525,6104,芝浦機械,機械,プライム,6104.T,2026-06-19,4430.0,0.071342200725514,0.14175257731958757,-0.06144067796610164,0.22251266977218487,0.045439654605204494,4090.75,4214.824348958334,0.08293100287233401,0.051052104008757926,-0.098677517802645,0.6911082946417715,371800.0,310460.0,1.1975777877987503,1321795250.0,247,True,jpx_liquidity,JPX流動性
526,9519,レノバ,電気・ガス業,プライム,9519.T,2026-06-19,817.0,-0.016847172081829176,-0.08510638297872342,-0.39481481481481484,0.07499999999999996,0.27258566978193155,1030.45,1043.55,-0.20714251055364163,-0.2170954913516362,-0.40581818181818186,0.5002388725851957,956000.0,1279875.0,0.7469479441351694,1319446505.0,247,False,jpx_liquidity,JPX流動性
527,3941,レンゴー,パルプ・紙,プライム,3941.T,2026-06-19,1430.5,0.004564606741572996,0.03397181062522581,0.02471346704871058,0.19051102654443097,0.24455561295233963,1405.35,1324.0313903808594,0.017895897819048656,0.08041245123993224,-0.06887618343558466,0.23188736157861214,1439300.0,904470.0,1.591318672813913,1318095182.5,247,False,jpx_liquidity,JPX流動性
528,3097,物語コーポレーション,小売業,プライム,3097.T,2026-06-19,4640.0,0.016429353778751432,-0.019027484143763207,-0.049180327868852514,-0.008547008547008517,0.047305250368766316,4689.75,4632.333333333333,-0.010608241377472183,0.0016550334604592543,-0.1145038167938931,0.49486415010385465,354500.0,270180.0,1.3120882374713154,1312421400.0,247,False,jpx_liquidity,JPX流動性
529,1885,東亜建設工業,建設業,プライム,1885.T,2026-06-19,2217.0,-0.015978695073235683,0.05021316911416385,-0.08464079273327829,-0.25300893419817316,-0.14922898914616833,2249.65,2690.913846842448,-0.014513368746249422,-0.1761163210031954,-0.5108987414013859,0.5915015638283363,734100.0,575875.0,1.2747558063815931,1310492825.0,247,False,jpx_liquidity,JPX流動性
530,9987,スズケン,卸売業,プライム,9987.T,2026-06-19,4883.0,-0.01532567049808431,-0.03383458646616544,-0.08746028779667347,-0.1333978002841133,-0.20580105111371405,5097.95,5515.206111653646,-0.04216400710089341,-0.1146296437258787,-0.25461194873775617,0.15411737271264178,442900.0,245970.0,1.8006260926129203,1310482950.0,247,False,jpx_liquidity,JPX流動性
531,4272,日本化薬,化学,プライム,4272.T,2026-06-19,2106.0,-0.014506317267196978,0.007655502392344582,0.0074144941401579345,0.21466207744235066,0.2793910780385196,2098.4,1920.5687032063802,0.0036218070911169242,0.09655020228333577,-0.03416647557899566,0.24159052358594316,784200.0,601230.0,1.3043261314305674,1291365880.0,247,False,jpx_liquidity,JPX流動性
532,4733,オービックビジネスコンサルタント,情報・通信業,プライム,4733.T,2026-06-19,5694.0,-0.04173678895994615,-0.026666666666666616,-0.06975984316288186,-0.057829433151025844,-0.3380279995140787,6017.65,6194.354475911458,-0.05378345367377624,-0.08077588679453718,-0.3377992217347322,0.3203266050678826,257400.0,211045.0,1.2196450993863868,1277617125.0,247,False,jpx_liquidity,JPX流動性
533,6005,三浦工業,機械,プライム,6005.T,2026-06-19,3167.0,0.007636016544702473,0.01571520205259791,-0.03209046454767728,0.04102154039349415,0.08263428675633233,3165.65,3249.2270345052084,0.0004264527032362686,-0.02530664482105971,-0.08951219887104567,0.21856377822160078,391700.0,393920.0,0.9943643379366369,1263536040.0,247,False,jpx_liquidity,JPX流動性
534,4114,日本触媒,化学,プライム,4114.T,2026-06-19,2103.0,-0.012212306247064375,0.013982642237222676,0.038262157491977256,-0.05140318498770413,0.13646984971198028,2053.525,2144.3225911458335,0.02409271861798601,-0.019270697103346057,-0.1509415661990312,0.19894328497479158,620000.0,604540.0,1.0255731630661329,1262481840.0,247,False,jpx_liquidity,JPX流動性
535,9076,セイノーホールディングス,陸運業,プライム,9076.T,2026-06-19,2619.0,-0.011138380215216181,-0.03322259136212624,0.01946282600233551,0.10463839170512901,0.135965707411706,2676.2,2542.2858642578126,-0.021373589417831185,0.030175259525577758,-0.05194570135746601,0.239828458518045,441300.0,459125.0,0.9611761502858699,1241630662.5,247,False,jpx_liquidity,JPX流動性
536,9449,ＧＭＯインターネットグループ,情報・通信業,プライム,9449.T,2026-06-19,3000.0,-0.03969270166453265,-0.02692182938696075,-0.11660777385159016,0.09585796368044175,-0.20906210909304368,3218.95,3133.793078613281,-0.06801907454294098,-0.042693654385274615,-0.2628350567043496,0.2254877264020486,618100.0,378525.0,1.63291724456773,1239575675.0,247,False,jpx_liquidity,JPX流動性
537,2784,アルフレッサ　ホールディングス,卸売業,プライム,2784.T,2026-06-19,2184.5,0.007378372146645162,-0.009521650419406003,-0.0072710747557372946,-0.059059582437414826,-0.10143911948643403,2190.625,2342.631640625,-0.0027960057061341415,-0.06750170956574775,-0.17338441245491487,0.1908071858129002,771700.0,544435.0,1.417432751384463,1222274922.5,247,False,jpx_liquidity,JPX流動性
538,3993,ＰＫＳＨＡ　Ｔｅｃｈｎｏｌｏｇｙ,情報・通信業,プライム,3993.T,2026-06-19,2744.0,-0.011171171171171168,0.045333333333333226,-0.052158894645941256,-0.0039927404718693715,-0.1316455696202532,2823.85,2953.55,-0.028276997715884322,-0.07094851957813486,-0.23988919667590025,0.6330359052379279,281200.0,436105.0,0.6447988443150159,1221578235.0,247,False,jpx_liquidity,JPX流動性
539,6544,ジャパンエレベーターサービスホールディングス,サービス業,プライム,6544.T,2026-06-19,1708.5,0.016661707825052163,0.05658627087198509,-0.08293075684380036,0.07917524243798368,-0.022892441200892844,1696.725,1669.1760965983074,0.006939839985855123,0.023558870440232527,-0.09674861221252973,0.3183220729409791,1091800.0,729100.0,1.4974626251542997,1203956232.5,247,False,jpx_liquidity,JPX流動性
540,8154,加賀電子,卸売業,プライム,8154.T,2026-06-19,4445.0,0.017162471395880896,-0.006703910614525133,0.05959475566150174,0.2232374481021422,0.18801340184814053,4548.25,4220.6312540690105,-0.02270103886110042,0.05315999726692078,-0.10742971887550201,0.38174738093037947,202700.0,255690.0,0.7927568540028941,1200036800.0,247,False,jpx_liquidity,JPX流動性
541,3191,ジョイフル本田,小売業,プライム,3191.T,2026-06-19,2233.0,0.02431192660550452,0.012111766017496084,0.01777575205104842,0.08135593220338988,0.0352341214649976,2187.9065795898437,2154.535526529948,0.020610304311352134,0.036418277862618975,0.0,0.16793099144106355,583500.0,528685.0,1.103681776483161,1199789800.0,247,False,jpx_liquidity,JPX流動性
542,6258,平田機工,機械,プライム,6258.T,2026-06-19,3120.0,0.009708737864077666,0.1685393258426966,0.10169491525423724,0.35171080340965455,0.40129311975420534,2854.75,2905.5684814453125,0.09291531657763374,0.07380019432480323,-0.14986376021798364,0.5367593640617385,369200.0,445265.0,0.829169146463342,1194607025.0,247,False,jpx_liquidity,JPX流動性
543,4587,ペプチドリーム,医薬品,プライム,4587.T,2026-06-19,959.7999877929688,-0.058096184697773556,0.029276126319537576,-0.21036611452655796,-0.17401033752756567,-0.4377270135952146,1030.5899993896485,1130.4049997965494,-0.06868882061596182,-0.15092379459953398,-0.4616937813836406,0.43081119558520126,1870300.0,1131260.0,1.653289252691689,1191962161.5237427,247,False,jpx_liquidity,JPX流動性
544,6143,ソディック,機械,プライム,6143.T,2026-06-19,2055.0,-0.009161041465766684,0.1012861736334405,0.18854829381145177,0.621941594317285,1.2792114439848672,1930.3,1636.3666666666666,0.06460135730197392,0.25583100772035605,-0.015804597701149392,0.6678680193465396,414600.0,623275.0,0.6651959407965986,1189448400.0,247,False,jpx_liquidity,JPX流動性
545,2726,パルグループホールディングス,小売業,プライム,2726.T,2026-06-19,1377.0,-0.013610315186246447,-0.0330056179775281,-0.03436185133239833,-0.03436185133239833,-0.33493164414865895,1397.55,1448.0333333333333,-0.014704303960502263,-0.04905504016942519,-0.3298789213223843,0.2322218453947601,851400.0,835055.0,1.0195735610229266,1186644990.0,247,False,jpx_liquidity,JPX流動性
546,8544,京葉銀行,銀行業,プライム,8544.T,2026-06-19,2421.0,-0.02023472278429783,-0.04080824088748014,-0.023790322580645173,0.2703639633513577,0.5261791224499595,2481.1,2300.1376708984376,-0.024223126838902043,0.0525456935168378,-0.06199147617202638,0.33556461699086804,627000.0,460190.0,1.3624807144874942,1180230225.0,247,False,jpx_liquidity,JPX流動性
547,7380,十六フィナンシャルグループ,銀行業,プライム,7380.T,2026-06-19,2179.0,-0.0193519351935193,-0.008192990441511117,0.013017201301720238,0.2816261109171758,0.6707603038156478,2141.25,2050.9515706380207,0.017629889083479178,0.062433667959378214,-0.036267138434321056,0.2573646750734281,872600.0,522990.0,1.668483144993212,1168608935.0,247,False,jpx_liquidity,JPX流動性
548,3107,ダイワボウホールディングス,卸売業,プライム,3107.T,2026-06-19,3333.0,-0.007149240393208189,-0.022867194371152144,-0.04361549497847916,0.1749634092540031,0.11530784022728402,3432.95,3292.0488077799478,-0.029114901178286856,0.01243942438619805,-0.07132906101978265,0.23395376976627097,398500.0,327445.0,1.216998274519385,1162376555.0,247,False,jpx_liquidity,JPX流動性
549,6516,山洋電気,電気機器,プライム,6516.T,2026-06-19,6820.0,0.008875739644970349,0.08598726114649691,-0.03808180535966155,0.6224275104202881,0.7538646781423577,6673.5,6083.5924072265625,0.02195249868884397,0.12104814778496253,-0.11197916666666663,0.4070753082456647,243600.0,166940.0,1.45920690068288,1158331650.0,247,False,jpx_liquidity,JPX流動性
550,8111,ゴールドウイン,繊維製品,プライム,8111.T,2026-06-19,2190.0,-0.000684462696783017,0.00875172731460161,0.015063731170336103,-0.02131789711827836,-0.19455957055819573,2129.8,2192.394986979167,0.02826556484176912,-0.001092406702893789,-0.18268869819004563,0.1496308014126092,824000.0,515585.0,1.598184586440645,1156874152.5,247,False,jpx_liquidity,JPX流動性
551,8078,阪和興業,卸売業,プライム,8078.T,2026-06-19,1703.0,-0.004675628287551192,-0.001173020527859281,-0.036219581211092255,0.1535887246947627,0.24435750110891696,1744.2,1679.979825846354,-0.023621144364178392,0.013702649162497416,-0.10036978341257263,0.3631897192499656,1146200.0,628025.0,1.8250865809482106,1155952935.0,247,False,jpx_liquidity,JPX流動性
552,2206,江崎グリコ,食料品,プライム,2206.T,2026-06-19,5320.0,-0.0024376523532720906,-0.022777369581190254,-0.023494860499265746,-0.09723400644832858,-0.009143498108977188,5363.35,5634.766666666666,-0.008082634920339005,-0.05586152635719899,-0.15421303656597773,0.16095798773584155,282900.0,212365.0,1.3321404186188872,1155841200.0,247,False,jpx_liquidity,JPX流動性
553,8086,ニプロ,精密機器,プライム,8086.T,2026-06-19,1647.0,-0.010216346153846145,-0.024578027835356786,-0.038528896672504365,0.12867510783177272,0.12562667841107733,1703.025,1626.454170735677,-0.03289734443123271,0.01263228293424934,-0.0585881680480137,0.17455922549500763,540100.0,690225.0,0.7824984606468905,1151307002.5,247,False,jpx_liquidity,JPX流動性
554,6768,タムラ製作所,電気機器,プライム,6768.T,2026-06-19,1026.0,0.01988071570576544,0.08000000000000007,0.07886435331230279,0.719942191061101,0.8550804477755731,1027.05,856.5035034179688,-0.0010223455527967884,0.19789352396766313,-0.08556149732620322,0.7805942118852012,677200.0,1101830.0,0.6146138696532133,1143922440.0,247,False,jpx_liquidity,JPX流動性
555,7389,あいちフィナンシャルグループ,銀行業,プライム,7389.T,2026-06-19,1355.0,-0.003676470588235281,-0.008778346744696464,-0.04104741684359514,0.12051681124490043,0.4907744884887344,1354.4,1446.9806905110677,0.0004430005906674861,-0.06356732409371713,-0.19056152927120673,0.2295805360742964,1070100.0,823845.0,1.2989093822260256,1140071050.0,247,False,jpx_liquidity,JPX流動性
556,9744,メイテックグループホールディングス,サービス業,プライム,9744.T,2026-06-19,3033.0,-0.0065509335080249365,-0.004594683295044311,0.01421167028924919,-0.052505928908016974,-0.11440388382430633,3032.25,3117.8710693359376,0.0002473410833538914,-0.027220839941278885,-0.1534285272124788,0.09084467822707067,515700.0,378300.0,1.3632038065027756,1135244565.0,247,False,jpx_liquidity,JPX流動性
557,5832,ちゅうぎんフィナンシャルグループ,銀行業,プライム,5832.T,2026-06-19,3037.0,-0.03341820496499048,-0.02000645369474019,-0.02126973896229456,0.1311440542917779,0.27472214872608247,3035.55,2986.8170450846355,0.00047767290935740725,0.016801482701442882,-0.1047428817478927,0.24404518950997492,830800.0,346285.0,2.399179866295104,1133225995.0,247,False,jpx_liquidity,JPX流動性
558,2737,トーメンデバイス,卸売業,プライム,2737.T,2026-06-19,16130.0,0.01766561514195586,0.1131815044858524,0.07605070046697793,0.38177609768082976,0.45324725418594114,14684.5,13862.8009765625,0.09843712758350631,0.16354552209691242,-0.03873659117997619,0.39613225284954845,59200.0,77700.0,0.7619047619047619,1133054450.0,247,False,jpx_liquidity,JPX流動性
559,9247,ＴＲＥホールディングス,サービス業,プライム,9247.T,2026-06-19,2126.0,0.06673356748620174,0.20180893159977398,0.38954248366013067,0.38444102895521404,0.354156341753072,1741.9,1653.1367716471354,0.2205063436477408,0.28603999164673954,0.0,0.5571834130970682,1402800.0,582105.0,2.40987450717654,1128571525.0,247,True,jpx_liquidity,JPX流動性
560,9861,吉野家ホールディングス,小売業,プライム,9861.T,2026-06-19,3017.0,-0.001324064879179132,-0.03947787328876151,-0.06681101144447876,-0.05512057626056999,-0.013172755250531631,3114.75,3233.5,-0.03138293603017894,-0.06695531158187717,-0.1267727930535456,0.19205850313202716,417300.0,354690.0,1.1765203417068426,1124927625.0,247,False,jpx_liquidity,JPX流動性
561,8338,筑波銀行,銀行業,プライム,8338.T,2026-06-19,635.0,-0.04797601199400303,-0.07027818448023426,-0.010903426791277204,0.14127737053723677,0.5887261622510782,643.35,617.3687194824219,-0.012978938369472282,0.028558752591740566,-0.1265257489124222,0.4852537912529483,1502500.0,1752630.0,0.8572830546093585,1122655620.0,247,False,jpx_liquidity,JPX流動性
562,4617,中国塗料,化学,プライム,4617.T,2026-06-19,3510.0,-0.03305785123966942,0.041543026706231556,0.09006211180124213,0.03880999745950753,-0.1727993911252641,3341.75,3302.1374267578126,0.050347871624149,0.06294788689224129,-0.24370233278263076,0.4661115419924258,326400.0,336105.0,0.971125094836435,1117150350.0,247,False,jpx_liquidity,JPX流動性
563,4483,ＪＭＤＣ,情報・通信業,プライム,4483.T,2026-06-19,2700.0,-0.03982930298719778,0.027397260273972712,-0.026676279740447062,-0.10990634829163703,-0.2622865195588928,2735.2,3070.759200032552,-0.012869260017548956,-0.12073861083885118,-0.3497519706410004,0.38536671285650476,747300.0,391375.0,1.9094219099329288,1101046635.0,247,False,jpx_liquidity,JPX流動性
564,8381,山陰合同銀行,銀行業,プライム,8381.T,2026-06-19,2186.0,-0.00906618313689933,0.012505789717461857,0.0345480359678183,0.38013399722843544,0.5352801618431478,2113.9,1971.3580240885417,0.034107573678981984,0.10888026086012359,-0.00906618313689933,0.20965923305677275,562800.0,517845.0,1.0868116907568868,1097848465.0,247,False,jpx_liquidity,JPX流動性
565,5463,丸一鋼管,鉄鋼,プライム,5463.T,2026-06-19,1646.0,0.002130898021309058,0.01824930405196401,-0.10226343059721843,0.18387375321067045,0.1640876195725105,1697.675,1586.2213643391926,-0.030438688205928655,0.03768618744188368,-0.14382314694408327,0.26367723752737093,439400.0,651930.0,0.6739987421962481,1092028467.5,247,False,jpx_liquidity,JPX流動性
566,1417,ミライト・ワン,建設業,プライム,1417.T,2026-06-19,3850.0,-0.009773662551440299,0.019327508604712662,0.009703645423551066,0.10413859426358485,0.1582790665458853,3866.25,3849.8473551432294,-0.0042030391205949424,3.9649586772938505e-05,-0.0791676632384597,0.2150259305739115,258000.0,280905.0,0.9184599775724889,1091539940.0,247,False,jpx_liquidity,JPX流動性
567,9409,テレビ朝日ホールディングス,情報・通信業,プライム,9409.T,2026-06-19,3155.0,-0.02018633540372672,-0.043939393939393945,0.016103059581320522,-0.0214553380284932,-0.042025329817885315,3211.0,3287.379121907552,-0.017440049828713833,-0.04026889415503043,-0.1401467373212717,0.29449738990312585,173000.0,338645.0,0.510859454591091,1091114350.0,247,False,jpx_liquidity,JPX流動性
568,8242,エイチ・ツー・オー　リテイリング,小売業,プライム,8242.T,2026-06-19,2574.0,0.011991350501277864,-0.020175104682146894,-0.0001942124684404245,0.12328959191844624,0.23923339190337112,2539.6,2479.0097045898438,0.01354544022680737,0.038317839270368026,-0.020175104682146894,0.2570165938258546,752800.0,405600.0,1.856015779092702,1082933555.0,247,False,jpx_liquidity,JPX流動性
569,9302,三井倉庫ホールディングス,倉庫・運輸関連業,プライム,9302.T,2026-06-19,3757.0,-0.011315789473684168,-0.031201650335224373,-0.046688657701091096,-0.05252289856964176,-0.011899071708543763,3857.45,3968.357141113281,-0.026040518995709583,-0.0532606148079674,-0.11910902696365766,0.152176547648658,344000.0,274945.0,1.2511593227736457,1077490990.0,247,False,jpx_liquidity,JPX流動性
570,4776,サイボウズ,情報・通信業,プライム,4776.T,2026-06-19,2317.0,-0.0260613703236654,0.010466637592673411,-0.07799442896935938,0.1631526104417671,-0.17741458350686434,2433.5,2245.733333333333,-0.04787343332648453,0.0317342516178829,-0.20685215118398048,0.4199345894711958,340500.0,440825.0,0.772415357568196,1071272665.0,247,False,jpx_liquidity,JPX流動性
571,4681,リゾートトラスト,サービス業,プライム,4681.T,2026-06-19,1728.5,-0.0005782017924255145,0.005234079674323988,-0.009455587392550147,-0.03930225574683599,-0.12288324758138758,1681.4,1752.6156595865884,0.028012370643511364,-0.013759810631999492,-0.12354434936630321,0.27972230437884477,427200.0,634555.0,0.6732276949988575,1070861635.0,247,False,jpx_liquidity,JPX流動性
572,6363,酉島製作所,機械,プライム,6363.T,2026-06-19,3130.0,0.034710743801652955,0.16141001855287573,0.11269107714184146,0.2214688842451944,0.6376917637152189,2757.2,3021.4050252278644,0.13520963296097488,0.03594187931290205,-0.10186513629842175,0.5797122690234399,361900.0,403885.0,0.8960471421320425,1060001025.0,247,True,jpx_liquidity,JPX流動性
573,7240,ＮＯＫ,輸送用機器,プライム,7240.T,2026-06-19,2968.0,-0.00419392719342393,0.031809490700503984,0.045438534695315225,0.06303427472948742,0.10886476822883417,2919.025,2881.419551595052,0.016777862471201832,0.030047845117529004,-0.08777793785717714,0.25721678072330106,351800.0,361810.0,0.9723335452309223,1057930475.0,247,False,jpx_liquidity,JPX流動性
574,7278,エクセディ,輸送用機器,プライム,7278.T,2026-06-19,5870.0,-0.00339558573853993,-0.011784511784511786,-0.00339558573853993,0.07589603783664156,0.08754830038463002,6003.5,5851.730981445313,-0.02223702840009989,0.0031219853770814154,-0.059294871794871806,0.1980340032122869,250400.0,169650.0,1.4759799587385793,1057438800.0,247,False,jpx_liquidity,JPX流動性
575,7459,メディパルホールディングス,卸売業,プライム,7459.T,2026-06-19,2591.5,0.02148206543161213,-0.01762699014404856,-0.07363717605004472,-0.06213385808961569,-0.061294431899128865,2662.6,2788.9989379882813,-0.02670322241418155,-0.07081355797529931,-0.145156575228638,0.21297651035139512,562200.0,382020.0,1.4716506989162872,1052766312.5,247,False,jpx_liquidity,JPX流動性
576,1861,熊谷組,建設業,プライム,1861.T,2026-06-19,1381.0,-0.004325883201153569,0.016936671575846773,-0.030196629213483095,-0.1096848351845181,-0.07204935879742891,1391.6,1477.6122619628907,-0.007617131359585971,-0.06538404184230917,-0.311989586509655,0.3095655790892543,845000.0,752060.0,1.1235805653804218,1050961950.0,247,False,jpx_liquidity,JPX流動性
577,2127,日本Ｍ＆Ａセンターホールディングス,サービス業,プライム,2127.T,2026-06-19,644.0999755859375,-0.02689235257829492,0.012735810669713077,-0.02689235257829492,0.05083418513537796,-0.07997012783028867,645.9600006103516,652.7828511555989,-0.002879473996310278,-0.013301323026930656,-0.13671153673260983,0.23452104209342858,2094300.0,1581030.0,1.3246427961518756,1050248266.6769409,247,False,jpx_liquidity,JPX流動性
578,6617,東光高岳,電気機器,プライム,6617.T,2026-06-19,8050.0,0.017699115044247815,0.13700564971751406,0.03603603603603611,0.6687180151583858,1.2641941138836188,7764.5,6808.725740559896,0.03676991435378962,0.18230639722287179,-0.06395348837209303,0.5795185351187127,121500.0,135585.0,0.8961168270826418,1047329750.0,247,False,jpx_liquidity,JPX流動性
579,6013,タクマ,機械,プライム,6013.T,2026-06-19,3650.0,-0.010840108401083959,0.04584527220630363,0.13003095975232193,0.3774738468940546,0.5099124870057581,3412.75,3034.7888997395835,0.06951871657754016,0.2027195698235249,-0.010840108401083959,0.3050646763243598,463400.0,292270.0,1.58552023813597,1042394900.0,247,False,jpx_liquidity,JPX流動性
580,4373,シンプレクス・ホールディングス,情報・通信業,プライム,4373.T,2026-06-19,931.0,-0.027168234064785746,-0.05959595959595965,-0.10221793635486986,0.18561990762061886,-0.10521361710415089,1031.2,938.116298421224,-0.09716834755624515,-0.007585731569955789,-0.17023172905525852,0.3284911010380429,1647600.0,991675.0,1.6614314165427182,1040490755.0,247,False,jpx_liquidity,JPX流動性
581,2433,博報堂ＤＹホールディングス,サービス業,プライム,2433.T,2026-06-19,1092.0,-0.021943573667711602,-0.04919460165433176,-0.07024265644955296,0.10350340333676122,-0.0509020376559689,1140.425,1093.5498524983725,-0.0424622399544029,-0.0014172673471004593,-0.0922693266832918,0.19308608572951763,2354700.0,835960.0,2.8167615675391167,1034625525.0,247,False,jpx_liquidity,JPX流動性
582,7995,バルカー,化学,プライム,7995.T,2026-06-19,8060.0,0.012562814070351758,0.03201024327784885,0.06613756613756605,0.8030989014638119,1.0619820804747229,7945.0,6434.151350911458,0.014474512271869022,0.2526904575936382,-0.04502369668246442,0.45735952881799796,83800.0,131095.0,0.639231091956215,1034112300.0,247,False,jpx_liquidity,JPX流動性
583,7245,大同メタル工業,輸送用機器,プライム,7245.T,2026-06-19,1491.0,0.049261083743842304,0.23019801980198018,0.5214285714285714,0.754167275240295,0.6514285640888806,1183.4,1002.6694356282552,0.2599290180834881,0.48703046788871696,0.0,0.4820796622394334,1888100.0,762275.0,2.476927617985635,1032739775.0,247,True,jpx_liquidity,JPX流動性
584,5715,古河機械金属,非鉄金属,プライム,5715.T,2026-06-19,4070.0,-0.018094089264173663,0.09261744966442964,0.025188916876574208,-0.03497455441425945,0.16102490043614215,3915.25,4206.1564534505205,0.039524934550794866,-0.032370753431871124,-0.37638889626649275,0.5875573032656956,173900.0,265200.0,0.6557315233785822,1029980900.0,247,False,jpx_liquidity,JPX流動性
585,1414,ショーボンドホールディングス,建設業,プライム,1414.T,2026-06-19,1271.5,-0.0007858546168958425,0.0015754233950373564,0.013551215623754498,-0.07527272727272727,0.008588095688813357,1259.975,1329.9333333333334,0.009147006885057207,-0.043937039450599125,-0.16949706074461135,0.13504551401508985,880800.0,812660.0,1.0838481037580292,1028298295.0,247,False,jpx_liquidity,JPX流動性
586,2270,雪印メグミルク,食料品,プライム,2270.T,2026-06-19,3650.0,-0.009497964721845276,0.009681881051175623,0.08148148148148149,0.17967975116130241,0.14906210987214696,3523.25,3347.378446451823,0.035975306889945324,0.09040553925683303,-0.0279627163781625,0.3064386861496941,460300.0,276110.0,1.667089203578284,1016096900.0,247,False,jpx_liquidity,JPX流動性
587,2810,ハウス食品グループ本社,食料品,プライム,2810.T,2026-06-19,3576.0,0.0008396305625524292,0.01418037436188313,0.01996577296063884,0.22344649782883774,0.24548108764091414,3477.95,3251.927616373698,0.02819189465058436,0.09965547264784536,0.0,0.17214574185341536,310200.0,288505.0,1.075198003500806,1001154665.0,247,False,jpx_liquidity,JPX流動性
588,8336,武蔵野銀行,銀行業,プライム,8336.T,2026-06-19,2432.0,-0.021327967806841097,-0.032232391563867924,-0.02603123748498193,0.21917525802215954,0.5712089794258033,2448.15,2375.9252888997394,-0.006596818005432659,0.02360120975278135,-0.03759398496240607,0.2273932566588946,440700.0,409045.0,1.0773875734943588,995938810.0,247,False,jpx_liquidity,JPX流動性
589,4540,ツムラ,医薬品,プライム,4540.T,2026-06-19,3725.0,0.000806018269747355,0.00026852846401714814,-0.02486910994764402,0.02439738368306621,-0.06639747434866239,3737.0,3746.5343302408855,-0.003211131924003241,-0.005747800058060859,-0.10232218594337839,0.1963934897158464,352500.0,262055.0,1.3451374711415542,990079195.0,247,False,jpx_liquidity,JPX流動性
590,6266,タツモ,機械,プライム,6266.T,2026-06-19,4635.0,0.004333694474539573,0.2527027027027027,0.2165354330708662,1.1508120649651974,1.490901008748152,3902.5,3183.516666666667,0.18770019218449718,0.45593709262817317,0.0,0.7533505735397202,382200.0,242550.0,1.5757575757575757,988374450.0,247,False,jpx_liquidity,JPX流動性
591,6914,オプテックスグループ,電気機器,プライム,6914.T,2026-06-19,4485.0,0.08202653799758752,0.12265331664580725,0.017006802721088343,0.7223502304147464,0.6700377006109133,4301.0,3521.016666666667,0.04278074866310155,0.27377982684925284,-0.027114967462039008,0.49080902654452363,341400.0,232705.0,1.46709353043553,985925950.0,247,True,jpx_liquidity,JPX流動性
592,8392,大分銀行,銀行業,プライム,8392.T,2026-06-19,2264.0,-0.032064985036340365,-0.052719665271966476,0.0026572187776794376,0.24236548975223804,0.8504601135178151,2295.65,2152.403798421224,-0.013786944874000895,0.05184724244615757,-0.06946157007809284,0.38341834063525637,552500.0,420535.0,1.3138026561403926,985872160.0,247,False,jpx_liquidity,JPX流動性
593,5703,日本軽金属ホールディングス,非鉄金属,プライム,5703.T,2026-06-19,2983.0,0.004377104377104368,-0.018750000000000044,-0.021967213114754136,0.19665370151313666,0.24256603208689276,3121.6,2981.534558105469,-0.04440030753459756,0.0004915059228634,-0.0933130699088146,0.39283967765223227,297500.0,311380.0,0.9554242404778727,979233095.0,247,False,jpx_liquidity,JPX流動性
594,6800,ヨコオ,電気機器,プライム,6800.T,2026-06-19,6050.0,0.03418803418803429,0.17475728155339798,0.19094488188976388,1.1117176777445605,1.8033536892323698,5346.0,4529.274914550781,0.13168724279835398,0.3357546437651038,0.0,0.645108503649293,175200.0,184780.0,0.9481545621820543,978484550.0,247,True,jpx_liquidity,JPX流動性
595,9603,エイチ・アイ・エス,サービス業,プライム,9603.T,2026-06-19,959.0,0.004188481675392763,-0.05888125613346418,-0.06439024390243897,-0.06256109481915939,-0.27238239757207894,1022.85,1050.8666666666666,-0.062423620276677916,-0.08741990737803707,-0.29225092250922513,0.48877471447041554,734800.0,964150.0,0.7621220764403879,978195565.0,247,False,jpx_liquidity,JPX流動性
596,6849,日本光電工業,電気機器,プライム,6849.T,2026-06-19,1385.5,0.0003610108303249149,0.025536639526276828,-0.08336089976844197,-0.05337671725353199,-0.14575839913994926,1401.875,1460.7534159342447,-0.011680784663397281,-0.05151685090266611,-0.23551901618508364,0.2627237546159311,882400.0,679700.0,1.2982198028542005,971217850.0,247,False,jpx_liquidity,JPX流動性
597,6498,キッツ,機械,プライム,6498.T,2026-06-19,2703.0,0.03761996161228409,0.19654714475431612,0.30959302325581395,0.5651418645049218,0.6457542015162538,2310.7,2139.4,0.16977539273813136,0.2634383472001496,0.0,0.6170236544836382,536700.0,393965.0,1.362303757948041,967232005.0,247,True,jpx_liquidity,JPX流動性
598,4887,サワイグループホールディングス,医薬品,プライム,4887.T,2026-06-19,1638.0,-0.008774583963691351,-0.042665108123904116,-0.07352941176470584,-0.21423373111695077,-0.3001406343001237,1711.75,1989.7074096679687,-0.04308456258215276,-0.17676338136905245,-0.3163022910312754,0.17575251658125438,1124400.0,538100.0,2.0895744285448803,966200657.5,247,False,jpx_liquidity,JPX流動性
599,4544,Ｈ．Ｕ．グループホールディングス,サービス業,プライム,4544.T,2026-06-19,3136.0,-0.009162717219589278,-0.07547169811320753,-0.017851550266207328,0.080709962352419,-0.014705560864045397,3251.1,3196.621219889323,-0.035403401925502065,-0.018964154874571593,-0.09416522241478908,0.30328750329889703,195800.0,295480.0,0.6626506024096386,963092430.0,247,False,jpx_liquidity,JPX流動性
600,8141,新光商事,卸売業,プライム,8141.T,2026-06-19,1580.0,-0.0018951358180669953,0.0,-0.014348097317529618,0.478045024363712,0.5573547651859374,1582.8,1504.7431966145834,-0.0017690169320191407,0.05001305442332726,-0.09195402298850575,0.04298121580145641,331200.0,626815.0,0.5283855683096288,960462535.0,247,False,jpx_liquidity,JPX流動性
