liquidity_rank,code,name,industry,market,ticker,trade_date,close,return_1d,return_5d,return_20d,return_60d,return_120d,ma20,ma60,distance_ma20,distance_ma60,distance_high_120d,volatility_20d,latest_volume,avg_volume_20d,volume_ratio_20d,avg_turnover_20d,history_days,in_yahoo_pool,universe_source,universe_label
1,285A,キオクシアホールディングス,電気機器,プライム,285A.T,2026-09-09,57000.0,-0.007141612959414734,0.11764705882352944,0.14297172648887102,-0.37300626993730057,1.5204510280787087,53320.0,64980.0,0.0690172543135783,-0.1228070175438597,-0.47562097516099355,1.0046612690822463,30759700.0,36678665.0,0.8386264876325242,1943522858800.0,303,True,jpx_liquidity,JPX流動性
2,6857,アドバンテスト,電気機器,プライム,6857.T,2026-09-09,32840.0,-0.028402366863905293,0.009219422249538978,-0.04949348769898698,0.11624745071380005,0.362249329167909,34668.0,31903.416666666668,-0.05272874120226145,0.029356834821766764,-0.1307570142932769,0.4598213347912619,10285000.0,8290500.0,1.240576563536578,292346102550.0,303,True,jpx_liquidity,JPX流動性
3,5803,フジクラ,非鉄金属,プライム,5803.T,2026-09-09,5493.0,0.08066102695258714,0.07917485265225932,-0.0529310344827586,0.2639208467556373,0.29199380926983287,5376.0,5171.333333333333,0.021763392857142794,0.06220188217094247,-0.3007001909611712,0.6882194074032942,50372600.0,53384005.0,0.9435897512747498,283531760070.0,303,True,jpx_liquidity,JPX流動性
4,9984,ソフトバンクグループ,情報・通信業,プライム,9984.T,2026-09-09,6810.0,0.03874313605857238,0.3830219333874898,0.23369565217391308,-0.046084885838352685,0.8895830200259316,5502.25,5822.0,0.23767549638784136,0.16970113363105455,-0.2110750695088045,0.7963611051038332,104883900.0,42374875.0,2.4751435844943495,266038291215.0,303,True,jpx_liquidity,JPX流動性
5,6976,太陽誘電,電気機器,プライム,6976.T,2026-09-09,8972.0,-0.008180411231483498,0.0128697222849401,-0.12596200681928882,-0.5347679543686803,1.2802804418949778,9545.9,12799.783333333333,-0.06012005154045186,-0.2990506349716857,-0.6039726329728536,0.682659001861126,30177300.0,26036265.0,1.15904873452471,248179764180.0,303,True,jpx_liquidity,JPX流動性
6,6981,村田製作所,電気機器,プライム,6981.T,2026-09-09,7128.0,0.01495087569414788,0.03005780346820819,-0.05439108516847968,-0.2914512922465209,0.994800424563898,7365.55,8605.183333333332,-0.03225149513614056,-0.17166204090170456,-0.41812244897959183,0.6791452317818522,19674600.0,22685745.0,0.8672670877681117,166794370425.0,303,True,jpx_liquidity,JPX流動性
7,4062,イビデン,電気機器,プライム,4062.T,2026-09-09,21420.0,0.02931283037001431,0.060133630289532336,0.0458984375,-0.058461538461538454,1.6333202031973584,20413.0,20290.416666666668,0.04933130847989031,0.05567078054089558,-0.18940397350993377,0.6151019088127834,11597200.0,7630000.0,1.5199475753604195,160267778775.0,303,True,jpx_liquidity,JPX流動性
8,8035,東京エレクトロン,電気機器,プライム,8035.T,2026-09-09,53700.0,-0.005555555555555536,0.011109019017134347,-0.07779495105615664,-0.2619571192963167,0.38447389548849564,55551.0,63168.666666666664,-0.03332073230004862,-0.1498949901322385,-0.3185279187817259,0.3714103525638132,3545400.0,2802180.0,1.265229214397362,158020090750.0,303,False,jpx_liquidity,JPX流動性
9,8306,三菱ＵＦＪフィナンシャル・グループ,銀行業,プライム,8306.T,2026-09-09,3601.0,-0.015043763676148791,-0.0225298588490771,-0.001386577925679422,0.11073411474398509,0.3932946666414767,3629.55,3519.5666666666666,-0.007865988896695209,0.023137318041046795,-0.0521189786785996,0.25448886716483593,33199200.0,36599950.0,0.9070832063978229,132122515250.0,303,True,jpx_liquidity,JPX流動性
10,5801,古河電気工業,非鉄金属,プライム,5801.T,2026-09-09,4129.0,0.12629569012547726,0.10047974413646066,-0.022027475130270036,-0.9060950648169206,-0.8586205625904458,3926.5,3929.8166666666666,0.05157264739589973,0.05068514646569611,-0.9313435317592285,0.9324809429252506,37135100.0,26745070.0,1.3884839336745052,106068778590.0,303,True,jpx_liquidity,JPX流動性
11,6920,レーザーテック,電気機器,プライム,6920.T,2026-09-09,35280.0,0.010598682325981157,0.09057187017001556,-0.09492047203694198,-0.26956521739130435,-0.06666666666666665,35310.0,42061.5341796875,-0.000849617672047609,-0.16122888315763007,-0.3839006134812807,0.47807266682279304,6177900.0,2657875.0,2.3243756760570005,98480848750.0,303,True,jpx_liquidity,JPX流動性
12,6146,ディスコ,機械,プライム,6146.T,2026-09-09,53590.0,-0.005566895527927218,-0.02863875294544138,-0.14882465057179162,-0.37137829912023457,-0.2291963978703656,59293.5,67084.5,-0.09619098214812749,-0.20115675006894285,-0.39432640144665465,0.42511059577242943,1491800.0,1329130.0,1.1223883292078276,78531595550.0,303,False,jpx_liquidity,JPX流動性
13,7974,任天堂,その他製品,プライム,7974.T,2026-09-09,8401.0,-0.0398857142857143,-0.04761364924611722,-0.010249764373232773,0.1815752461322082,-0.15192820797447093,8777.0,7772.25,-0.042839238919904266,0.08089678021165048,-0.13119735689857737,0.379403370787439,9694900.0,8990105.0,1.078396748425074,75589540720.0,303,True,jpx_liquidity,JPX流動性
14,8316,三井住友フィナンシャルグループ,銀行業,プライム,8316.T,2026-09-09,6801.0,-0.018331408775981495,-0.024386745086788175,-0.008166836809100242,0.04325816843074093,0.3592486586780521,6848.1,6768.416666666667,-0.006877820125290257,0.004814025929254617,-0.05724979207097314,0.23547142255298903,9967300.0,10965615.0,0.9089595066031408,74475203750.0,303,True,jpx_liquidity,JPX流動性
15,8411,みずほフィナンシャルグループ,銀行業,プライム,8411.T,2026-09-09,8476.0,-0.014303988835911108,-0.02226323682085596,-0.003058103975535187,0.08764275631977414,0.406635009336187,8474.7,8273.516666666666,0.00015339776039269282,0.02447367201774342,-0.034074074074074034,0.2609346406976576,7666300.0,8479010.0,0.9041503666111963,71520298665.0,303,True,jpx_liquidity,JPX流動性
16,7203,トヨタ自動車,輸送用機器,プライム,7203.T,2026-09-09,2971.0,0.0008421761832575481,-0.05170762847111399,-0.009501583597266161,0.023600344530577022,-0.09669329848734998,3070.725,2944.7,-0.03247604393099346,0.008931300302237988,-0.12411556603773588,0.30724776402635046,24802100.0,22980140.0,1.0792841122813004,70837922287.5,303,True,jpx_liquidity,JPX流動性
17,9983,ファーストリテイリング,小売業,プライム,9983.T,2026-09-09,66860.0,-0.02720791502982689,-0.05028409090909092,-0.14336963484945553,-0.17538233843117912,0.03338485316846995,72197.891796875,78172.63059895833,-0.07393417818754155,-0.14471344398008623,-0.23936291240045504,0.23239227260842793,1432200.0,937815.0,1.5271668719310312,69222431700.0,303,False,jpx_liquidity,JPX流動性
18,6098,リクルートホールディングス,サービス業,プライム,6098.T,2026-09-09,15305.0,-0.02453792224346718,-0.06420055029043104,-0.08133253301320531,0.42770522388059695,1.3829686299046422,16517.25,13680.416666666666,-0.0733929679577412,0.11875247464441263,-0.1597584408454571,0.43375626247985505,5789500.0,4301745.0,1.345849184458865,68614697725.0,303,True,jpx_liquidity,JPX流動性
19,6525,ＫＯＫＵＳＡＩ　ＥＬＥＣＴＲＩＣ,電気機器,プライム,6525.T,2026-09-09,8675.0,-0.01218401275335912,0.04179176173892163,0.0020792422317199577,-0.1288411327575818,0.6178750128172228,8612.8,9119.016666666666,0.007221809399962975,-0.04869128798609501,-0.27708333333333335,0.5233067598851634,11131700.0,7641420.0,1.4567580371187554,67951783630.0,303,True,jpx_liquidity,JPX流動性
20,5016,ＪＸ金属,非鉄金属,プライム,5016.T,2026-09-09,3909.0,0.04911433172302737,0.06803278688524594,0.002307692307692344,0.03797132235793943,-0.017288525800584265,3752.05,3963.233333333333,0.041830466011913536,-0.013684113139944554,-0.3166083916083916,0.5183551399368939,21408400.0,17531520.0,1.2211376994122587,66826923910.0,303,True,jpx_liquidity,JPX流動性
21,7011,三菱重工業,機械,プライム,7011.T,2026-09-09,3813.0,0.028317152103559895,0.023899033297529515,-0.06863702979970687,0.04208800218638964,-0.2020323434947443,3975.6,3887.7166666666667,-0.04089948686990641,-0.019218650193129627,-0.2352278679013714,0.3941421707067872,14782100.0,15377500.0,0.9612810925052837,61351880980.0,303,True,jpx_liquidity,JPX流動性
22,6758,ソニーグループ,電気機器,プライム,6758.T,2026-09-09,3625.0,-0.007936507936507908,-0.07525510204081631,-0.03641679957469435,0.0918674698795181,0.07540650771586788,3827.0,3569.366666666667,-0.05278285863600729,0.015586331842250223,-0.10405338606030645,0.3498458052008173,16409500.0,14542040.0,1.1284180211304604,55765672120.0,303,True,jpx_liquidity,JPX流動性
23,6501,日立製作所,電気機器,プライム,6501.T,2026-09-09,5173.0,-0.0026990553306343035,-0.030365510777881966,-0.0874933850767331,0.09204137639856458,0.08391395684869396,5392.75,5067.933333333333,-0.04074915395670109,0.0207316591904656,-0.10299982659961848,0.32682886655673077,8454600.0,9822085.0,0.8607744689645834,52221062145.0,303,True,jpx_liquidity,JPX流動性
24,5706,三井金属,非鉄金属,プライム,5706.T,2026-09-09,26200.0,0.051997590845211716,-0.005315110098709219,-0.096551724137931,-0.4137390915193555,-0.16702356165111698,28051.75,33853.333333333336,-0.0660119243897439,-0.2260732571878693,-0.5227686703096539,0.6198969227049725,1773400.0,1616455.0,1.0970920935009016,44169085400.0,303,True,jpx_liquidity,JPX流動性
25,5802,住友電気工業,非鉄金属,プライム,5802.T,2026-09-09,2189.5,0.0572187349106712,0.015773602412433307,-0.035462555066079315,-0.8101040763226366,-0.7818929708878098,2225.05,2453.383333333333,-0.01597716905238089,-0.10755894920619824,-0.8432151808091658,0.5343184316133468,22688500.0,19053145.0,1.1908007838076076,42177291025.0,303,True,jpx_liquidity,JPX流動性
26,3436,ＳＵＭＣＯ,金属製品,プライム,3436.T,2026-09-09,3122.0,0.012650016217969462,0.0,-0.14395393474088292,-0.27479674796747966,0.931930693069307,3448.8,3858.4007080078127,-0.09475759684527951,-0.1908564619738613,-0.41172036932353495,0.586974918945067,9905900.0,12235455.0,0.8096061813802593,41979666010.0,303,True,jpx_liquidity,JPX流動性
27,6861,キーエンス,電気機器,プライム,6861.T,2026-09-09,76280.0,-0.0062532569046378494,-0.02230197385285826,-0.12522935779816513,0.008327825512227438,0.28559193729463384,81338.0,79071.16666666667,-0.06218495660085077,-0.03529942435822586,-0.1298197581565138,0.32105752734123055,513400.0,519165.0,0.988895630483565,41600008700.0,303,False,jpx_liquidity,JPX流動性
28,8766,東京海上ホールディングス,保険業,プライム,8766.T,2026-09-09,7701.0,-0.021598272138228958,-0.009517684887459854,-0.006450780544445922,0.05478701547733178,0.32600065174907855,7608.6,7630.533333333334,0.012144152669347763,0.00923482849604218,-0.08244966043131186,0.22545184158907866,5567200.0,5168980.0,1.0770403445167132,40042597220.0,303,True,jpx_liquidity,JPX流動性
29,6723,ルネサスエレクトロニクス,電気機器,プライム,6723.T,2026-09-09,3315.0,0.019372693726937174,0.03238866396761142,-0.12900683131897006,-0.26136363636363635,0.33966457870276834,3451.15,4015.2,-0.03945061790997206,-0.1743873281530185,-0.35291821198516493,0.43231671306567165,9182900.0,10863905.0,0.8452669643189995,37511481685.0,303,True,jpx_liquidity,JPX流動性
30,9432,ＮＴＴ,情報・通信業,プライム,9432.T,2026-09-09,172.1999969482422,0.0011627729548964183,-0.01712328796949847,0.08712123474434108,0.17462475974694147,0.12471834201075982,167.80999984741212,155.8899996439616,0.026160521451771945,0.10462503907582987,-0.019362238252253472,0.2052495572794775,205235500.0,224760735.0,0.9131287989425733,37421326033.158714,303,True,jpx_liquidity,JPX流動性
31,8058,三菱商事,卸売業,プライム,8058.T,2026-09-09,5038.0,0.022528922265069973,0.03662551440329209,0.037479406919275204,0.06556683587140433,-0.017091262603914248,4828.05,4683.55,0.04348546514638407,0.07567977282189786,-0.14348860931655905,0.2978866420750079,7197300.0,7423265.0,0.9695598904255742,36187516670.0,303,True,jpx_liquidity,JPX流動性
32,5713,住友金属鉱山,非鉄金属,プライム,5713.T,2026-09-09,10370.0,0.06173850721818375,0.03338315894369703,0.07083849648905405,0.12717391304347836,0.08654729961959662,10513.3,8800.866666666667,-0.013630353932637673,0.1782930468968964,-0.10410367170626345,0.7100661980714054,3253400.0,3411805.0,0.9535714966124968,34912694675.0,303,True,jpx_liquidity,JPX流動性
33,4063,信越化学工業,化学,プライム,4063.T,2026-09-09,5719.0,0.0029814100315679326,-0.025724020442930207,-0.10780031201248053,-0.24391856160761505,-0.11317509642247059,6022.05,6568.816666666667,-0.05032339485723303,-0.1293713479596782,-0.26735844222393035,0.15972535932793147,7915400.0,5675655.0,1.3946231756510923,34547208150.0,303,True,jpx_liquidity,JPX流動性
34,6752,パナソニック　ホールディングス,電気機器,プライム,6752.T,2026-09-09,4179.0,0.0036023054755043304,-0.0272346368715084,-0.0863576738084827,0.042144638403990076,0.6380351559887067,4392.85,4314.433333333333,-0.04868137996972366,-0.03139075815286674,-0.1271929824561403,0.435915005737356,5187400.0,7945775.0,0.652850099581224,33644502360.0,303,True,jpx_liquidity,JPX流動性
35,7013,ＩＨＩ,機械,プライム,7013.T,2026-09-09,2800.5,0.05999242997729004,0.0771153846153847,-0.03314344899016053,0.03530499075785576,-0.24724623721487782,2757.725,2785.366666666667,0.015510973719279564,0.005433156616124757,-0.2853627696419129,0.497999276344814,17585800.0,11714625.0,1.5011833498724885,32460742497.5,303,True,jpx_liquidity,JPX流動性
36,7936,アシックス,その他製品,プライム,7936.T,2026-09-09,4100.0,0.01259570264262777,-0.026821742226441958,-0.14512093411175975,-0.08746939683952815,-0.05812083620491615,4573.7,4638.287182617188,-0.10357041345081663,-0.11605300866977697,-0.22363188790001898,0.5413608920359838,12253100.0,6629020.0,1.8484029313533523,32307138720.0,303,True,jpx_liquidity,JPX流動性
37,6701,日本電気,電気機器,プライム,6701.T,2026-09-09,4503.0,-0.016597510373444035,-0.056963350785340316,-0.08345206594748622,0.17052248505328826,0.061159188422660105,4763.35,4455.433333333333,-0.054656911627321225,0.010676103334505527,-0.12867647058823528,0.4774325148668727,6846000.0,6650160.0,1.0294489155148148,31635714060.0,303,True,jpx_liquidity,JPX流動性
38,6503,三菱電機,電気機器,プライム,6503.T,2026-09-09,5168.0,0.020134228187919545,-0.020470053070507976,-0.1228784792939579,-0.11778764083304882,-0.029100482263715977,5589.95,5719.833333333333,-0.07548368053381516,-0.09647717008071321,-0.21219512195121948,0.3914047135891167,6506800.0,5459525.0,1.1918252961567168,30818790505.0,303,True,jpx_liquidity,JPX流動性
39,6954,ファナック,電気機器,プライム,6954.T,2026-09-09,5848.0,0.008797653958944274,0.021484716157205153,-0.12976190476190474,-0.20370370370370372,-0.008647338412640981,6063.8,6669.233333333334,-0.035588244994887774,-0.12313759202706964,-0.30612244897959184,0.31347027981922165,4384700.0,5192010.0,0.844509159265872,30778607960.0,303,True,jpx_liquidity,JPX流動性
40,4004,レゾナック・ホールディングス,化学,プライム,4004.T,2026-09-09,16070.0,0.02519936204146722,0.04147764095917039,-0.0769672601952901,-0.12639304158738784,0.4529837251356239,16133.0,16099.666666666666,-0.003905039360317386,-0.0018426882544151368,-0.1737789203084833,0.4960458124206077,1598200.0,1992230.0,0.8022166115358167,30600067150.0,303,False,jpx_liquidity,JPX流動性
41,8001,伊藤忠商事,卸売業,プライム,8001.T,2026-09-09,2299.0,0.009661835748792313,0.06583217431617983,0.09685114503816794,0.20555846879916095,0.14359600414971907,2123.025,1992.0166666666667,0.0828888025341199,0.15410680968198065,0.0,0.2588821344916516,20464900.0,13165840.0,1.5543937948509172,29250889655.0,303,True,jpx_liquidity,JPX流動性
42,8031,三井物産,卸売業,プライム,8031.T,2026-09-09,5156.0,0.012369919497349224,0.007227974213713573,0.052244897959183634,0.06572964034725093,-0.12893529366491596,4974.45,4812.616666666667,0.03649649710018199,0.07135065123962359,-0.218540203763681,0.28798166708776096,5476600.0,5772400.0,0.948756149954958,28923466870.0,303,True,jpx_liquidity,JPX流動性
43,7012,川崎重工業,輸送用機器,プライム,7012.T,2026-09-09,2418.0,0.013623978201634968,-0.004323656578134605,-0.12864864864864867,-0.16778523489932884,-0.24733262125718303,2603.4,2764.15,-0.07121456556810324,-0.12522837038510937,-0.29811320754716986,0.34941673288414077,10801500.0,11151020.0,0.9686557821616318,28435405615.0,303,True,jpx_liquidity,JPX流動性
44,5401,日本製鉄,鉄鋼,プライム,5401.T,2026-09-09,675.9000244140625,-0.0029502875467937173,-0.022559617622469275,-0.02171081121718177,0.1771160049546685,0.1837347172785384,679.5300018310547,622.7433329264323,-0.0053418942610494735,0.0853589090032214,-0.04073226251251061,0.2968451395460732,33513000.0,40759925.0,0.8222046532224974,27650934346.257935,303,True,jpx_liquidity,JPX流動性
45,7735,ＳＣＲＥＥＮホールディングス,電気機器,プライム,7735.T,2026-09-09,13020.0,-0.01883948756593823,-0.009509319132750105,-0.05274645325572935,-0.1238223418573351,0.36453389673085534,13444.0,15164.583333333334,-0.03153823266884859,-0.14142052479736233,-0.33196511031298104,0.3739744389345413,1983000.0,2075600.0,0.9553863942956253,27246622600.0,303,False,jpx_liquidity,JPX流動性
46,7267,本田技研工業,輸送用機器,プライム,7267.T,2026-09-09,1620.0,0.005898789195901921,-0.04255319148936165,-0.02673475518173629,0.11111111111111116,0.23722446760399363,1690.975,1587.1416666666667,-0.04197282632800603,0.020702835810707976,-0.07586993725042779,0.3406510479242944,15061500.0,16210995.0,0.9290916442821677,27224764602.5,303,True,jpx_liquidity,JPX流動性
47,8136,サンリオ,卸売業,プライム,8136.T,2026-09-09,1192.5,-0.047523961661341874,-0.08620689655172409,0.0012594458438286438,0.41040804257835606,0.09467700620917152,1238.875,1179.5933329264324,-0.03743315508021394,0.010941624298221209,-0.18013062908215882,0.4233368339919971,23424700.0,24937660.0,0.9393303140711678,26838516405.0,303,True,jpx_liquidity,JPX流動性
48,9104,商船三井,海運業,プライム,9104.T,2026-09-09,7039.0,-0.010542592071970724,0.0001420858198351027,0.14158287382419732,0.23795286669011606,0.18499715831607255,6984.5,6053.533333333334,0.007802992340181891,0.16279197823860447,-0.03283869194833744,0.3161933052797651,2024600.0,3655880.0,0.5537927940742038,25398749435.0,303,False,jpx_liquidity,JPX流動性
49,6762,ＴＤＫ,電気機器,プライム,6762.T,2026-09-09,2812.5,0.013513513513513598,-0.02479195561719838,-0.09682080924855496,-0.2799539170506913,0.3713631051660511,3027.3,3240.133333333333,-0.07095431572688538,-0.13198016542529112,-0.3158598881050839,0.43913115679227543,11867400.0,8115015.0,1.4624002543433376,25153115692.5,303,True,jpx_liquidity,JPX流動性
50,7741,ＨＯＹＡ,精密機器,プライム,7741.T,2026-09-09,23210.0,-0.0049303322615219525,-0.0495495495495496,-0.10765090349865436,-0.12842658655651518,-0.15286385143865344,24918.0,25367.75,-0.06854482703266718,-0.08505878526869748,-0.22710622710622708,0.21334936935091808,1537700.0,978040.0,1.5722260848227065,24925025800.0,303,False,jpx_liquidity,JPX流動性
51,9101,日本郵船,海運業,プライム,9101.T,2026-09-09,7201.0,-0.012208504801097364,0.014654079188389568,0.175097911227154,0.3035843591600289,0.3058761045710474,6972.6,6054.583333333333,0.032756790867108254,0.1893469134952861,-0.02951482479784362,0.33191984966064986,2646100.0,3514095.0,0.7529961483682143,24695854905.0,303,False,jpx_liquidity,JPX流動性
52,9433,ＫＤＤＩ,情報・通信業,プライム,9433.T,2026-09-09,2976.5,-0.004681491389399772,-0.0031815137307434904,0.050653018002117856,0.0951066961000735,0.14557294226179862,2917.075,2849.5916666666667,0.020371433713565867,0.04453562060061245,-0.042310167310167346,0.161862765740982,7741600.0,8266585.0,0.9364931226135097,23675609390.0,303,True,jpx_liquidity,JPX流動性
53,6367,ダイキン工業,機械,プライム,6367.T,2026-09-09,20835.0,0.01832844574780057,0.0031295137217139946,-0.034075104311543813,-0.10809075342465757,0.11239733350490688,20899.75,23026.5,-0.0030981231832916123,-0.09517295290209105,-0.20325047801147222,0.1628445169943918,1157300.0,1142710.0,1.0127678938663354,23143485050.0,303,False,jpx_liquidity,JPX流動性
54,8308,りそなホールディングス,銀行業,プライム,8308.T,2026-09-09,2412.0,-0.03171417101565632,-0.04190665342601785,0.029010238907849928,0.09487063095778492,0.40135409852249726,2463.95,2324.5666666666666,-0.02108403173765694,0.03761274502774703,-0.05411764705882349,0.3289928293523473,9231700.0,9156310.0,1.0082336661821192,22571364132.5,303,True,jpx_liquidity,JPX流動性
55,2914,日本たばこ産業,食料品,プライム,2914.T,2026-09-09,6610.0,-0.007507507507507505,-0.05611880622590315,-0.0592086535724452,0.08896210873146626,0.1384774371339994,6927.45,6532.884106445313,-0.04582494280002014,0.011804264747113047,-0.07358093903293628,0.1720056075656518,3027500.0,3261395.0,0.9282837558774696,22388204190.0,303,False,jpx_liquidity,JPX流動性
56,6702,富士通,電気機器,プライム,6702.T,2026-09-09,3745.0,-0.007947019867549643,-0.014732965009208066,0.011888678735476832,0.14877300613496924,0.06906747427693682,3765.8,3515.383333333333,-0.005523394763396916,0.06531767517055997,-0.051178109956929285,0.3634295890417206,7022800.0,5898130.0,1.1906824705457493,22375867265.0,303,True,jpx_liquidity,JPX流動性
57,4502,武田薬品工業,医薬品,プライム,4502.T,2026-09-09,5615.0,-0.02517361111111116,-0.03588598901098905,0.009528946422150408,0.10357704402515733,-0.004214340812601969,5753.45,5486.616666666667,-0.024063822576019578,0.023399362691640446,-0.04959377115775221,0.22126235856031792,5530300.0,3729330.0,1.4829205245982522,22094566565.0,303,True,jpx_liquidity,JPX流動性
58,9501,東京電力ホールディングス,電気・ガス業,プライム,9501.T,2026-09-09,575.0999755859375,0.03305184655189741,0.019500089480724014,0.11324042347010987,0.08243927874893209,-0.05721315477715161,540.279995727539,512.2716634114583,0.06444802719654663,0.12264647190530864,-0.19386044868966057,0.4508881639076997,39961400.0,39548090.0,1.010450820760244,21754957788.037415,303,True,jpx_liquidity,JPX流動性
59,8591,オリックス,その他金融業,プライム,8591.T,2026-09-09,6021.0,-0.0016580998176090045,-0.04215717467387847,-0.05196032120925842,-0.02414910858995134,0.28243545056553065,6235.45,6333.75,-0.03439206472668366,-0.049378330373001766,-0.09770717818072827,0.23820687774763866,3462100.0,3347415.0,1.034260765396582,20771158555.0,303,False,jpx_liquidity,JPX流動性
60,8725,ＭＳ＆ＡＤインシュアランスグループホールディングス,保険業,プライム,8725.T,2026-09-09,4947.0,-0.025797558093737738,-0.03661148977604678,0.018949536560247227,0.0586347100363791,0.270054911012094,5023.6,4762.5,-0.015248029301696109,0.03874015748031501,-0.055916030534351124,0.26443381509265895,5748000.0,3938270.0,1.4595241057621748,20345283760.0,303,True,jpx_liquidity,JPX流動性
61,6273,ＳＭＣ,機械,プライム,6273.T,2026-09-09,67890.0,0.03412033511043422,0.020902255639097644,-0.1331716036772217,-0.031940681591330344,0.0406867973353382,70967.0,71884.16666666667,-0.04335818056279683,-0.05556392807873789,-0.1971381267738883,0.35844507985516083,321100.0,268865.0,1.1942796570769718,19493723200.0,303,True,jpx_liquidity,JPX流動性
62,8002,丸紅,卸売業,プライム,8002.T,2026-09-09,5145.0,0.012795275590551158,0.01080550098231825,0.02571770334928236,0.020428401428004728,-0.07740801187982882,4987.55,4985.8,0.03156860582851295,0.03193068314011782,-0.15917633600261483,0.2472814856734284,3813300.0,3847440.0,0.991126567275903,19063247005.0,303,True,jpx_liquidity,JPX流動性
63,7182,ゆうちょ銀行,銀行業,プライム,7182.T,2026-09-09,3210.0,-0.021341463414634165,-0.05225863596102742,0.021642266072565253,0.0037523452157599557,0.2835632876470544,3279.9,3237.7166666666667,-0.02131162535443154,-0.008560559653665423,-0.06875543951261964,0.2821646111987572,5080400.0,5815340.0,0.8736204589929394,18985193650.0,303,True,jpx_liquidity,JPX流動性
64,6330,東洋エンジニアリング,建設業,プライム,6330.T,2026-09-09,2891.0,0.0652173913043479,0.15686274509803932,0.27356828193832605,0.39057239057239057,-0.10633693972179292,2560.25,2187.75,0.1291866028708133,0.32144897725974175,-0.19916897506925213,0.8670979141743139,12506700.0,6581525.0,1.9002738726966775,18448346835.0,303,True,jpx_liquidity,JPX流動性
65,1605,ＩＮＰＥＸ,鉱業,プライム,1605.T,2026-09-09,3912.0,0.02087682672233826,-0.03431251542828928,0.05246166263115426,0.11931330472102997,-0.10480549199084666,3874.85,3587.483182779948,0.009587467901983393,0.09045807344205681,-0.20163265306122446,0.31039627561218774,6057700.0,4817190.0,1.2575173493260594,18387361915.0,303,True,jpx_liquidity,JPX流動性
66,6301,小松製作所,機械,プライム,6301.T,2026-09-09,7418.0,0.0037889039242218203,0.0024324324324325186,0.009389032521431417,0.08816194807099897,0.0922137394043061,7354.6,6895.316666666667,0.008620455225301082,0.07580265832606181,-0.020855332629355905,0.32199014226579387,2783900.0,2481895.0,1.1216832299513073,18350494630.0,303,False,jpx_liquidity,JPX流動性
67,3382,セブン＆アイ・ホールディングス,小売業,プライム,3382.T,2026-09-09,2028.5,-0.015052197135226986,-0.008795504519912067,-0.015530211113807368,0.04588811549368388,-0.008068459657701754,2022.8812194824218,2025.5104064941406,0.002777612676148955,0.0014759704498550352,-0.1008421985815603,0.1191817434895947,7895400.0,8933780.0,0.8837692443736023,18166754730.0,303,True,jpx_liquidity,JPX流動性
68,6871,日本マイクロニクス,電気機器,プライム,6871.T,2026-09-09,12760.0,0.036555645816409355,0.07226890756302518,-0.08530465949820787,-0.1974842767295597,0.14645103324348607,13350.5,14698.166666666666,-0.04423055316280289,-0.13186451825057544,-0.2770538243626063,0.5407472460609566,1120400.0,1359245.0,0.8242811266548709,18164400400.0,303,True,jpx_liquidity,JPX流動性
69,9107,川崎汽船,海運業,プライム,9107.T,2026-09-09,3348.0,-0.02305223227312514,0.000597728631201333,0.16614420062695934,0.2696245733788396,0.2935595798853272,3287.525,2865.6916666666666,0.018395297374164343,0.1683043360677905,-0.03376623376623378,0.39546290254324,3891400.0,5533295.0,0.7032699322916997,18104743277.5,303,True,jpx_liquidity,JPX流動性
70,8053,住友商事,卸売業,プライム,8053.T,2026-09-09,1840.0,0.0008158825129180869,0.029082774049216997,0.03283749649172041,-0.7198111770976092,-0.6689913482142817,1781.75,1668.7666666666667,0.032692577522098976,0.102610710504764,-0.761007923106897,0.33248677667108434,9895000.0,9963220.0,0.9931528160574593,17754720535.0,303,True,jpx_liquidity,JPX流動性
71,3110,日東紡績,ガラス・土石製品,プライム,3110.T,2026-09-09,3065.0,0.04429301533219765,-0.023885350318471388,0.004918032786885185,-0.8424974306269271,-0.8592664363436393,3085.7,3338.1,-0.006708364390575872,-0.08181300739941877,-0.9040688575899843,0.7327676670924383,4272500.0,5973795.0,0.7152069999054202,17697246960.0,303,True,jpx_liquidity,JPX流動性
72,6361,荏原製作所,機械,プライム,6361.T,2026-09-09,4392.0,-0.0011371389583807456,0.007339449541284404,-0.2325703302463743,-0.2920696324951644,-0.06313993174061439,4885.55,5574.532495117188,-0.10102240280009422,-0.2121312408086211,-0.3482922226160484,0.4333487278892891,2456600.0,3590810.0,0.6841353343674547,17493954500.0,303,False,jpx_liquidity,JPX流動性
73,6506,安川電機,電気機器,プライム,6506.T,2026-09-09,4503.0,0.010547576301615846,0.0062569832402235015,-0.1743674367436744,-0.3233658903080391,-0.0022158209616662816,4865.7412109375,5684.363736979167,-0.07455004185633818,-0.20782690757347233,-0.4117570215545395,0.3530946542647457,2666000.0,3627230.0,0.7349961265207886,17408459035.0,303,False,jpx_liquidity,JPX流動性
74,5711,三菱マテリアル,非鉄金属,プライム,5711.T,2026-09-09,5386.0,0.05463089876639904,0.007670720299345124,0.018147448015122913,0.07612387612387606,0.1032478542206261,5481.4,4763.1,-0.017404312766811314,0.13077617518002982,-0.11704918032786882,0.6590361494564166,2029400.0,3068350.0,0.6613978196750696,16426223925.0,303,True,jpx_liquidity,JPX流動性
75,9434,ソフトバンク,情報・通信業,プライム,9434.T,2026-09-09,239.1999969482422,-0.007468892330945276,-0.008702884695219737,0.043174852877126746,0.13796384596114297,0.1370076502554678,237.03000030517578,223.90833435058593,0.009154945113582835,0.0682942983878092,-0.008702884695219737,0.13818495164204514,76649200.0,67364655.0,1.137825169593758,16060683664.988937,303,True,jpx_liquidity,JPX流動性
76,5411,ＪＦＥホールディングス,鉄鋼,プライム,5411.T,2026-09-09,1830.0,0.0035645736221552315,-0.012678715942810892,0.004115226337448652,0.11077389984825503,-0.010833393927213164,1839.775,1740.85,-0.00531314970580643,0.051210615503920476,-0.05475206611570249,0.33612337904231526,4537500.0,8644225.0,0.5249169243049551,15869214172.5,303,True,jpx_liquidity,JPX流動性
77,4901,富士フイルムホールディングス,化学,プライム,4901.T,2026-09-09,3199.0,0.0006255864873319084,-0.043933054393305415,0.00031269543464662597,-0.06978772899098573,0.07707489396408018,3275.8,3468.6833333333334,-0.023444654740826687,-0.07774804080318665,-0.17509025270758127,0.27904774657841314,4263100.0,5166590.0,0.8251283728726297,15842010690.0,303,True,jpx_liquidity,JPX流動性
78,4519,中外製薬,医薬品,プライム,4519.T,2026-09-09,6476.0,-0.008573178199632547,-0.052107728337236536,-0.09855233853006684,-0.12816370490037698,-0.28967862235384445,6885.4,7131.863932291667,-0.05945914543817343,-0.0919624853359926,-0.305001073191672,0.23785419923184253,2871600.0,2264695.0,1.2679853136956631,15771799430.0,303,False,jpx_liquidity,JPX流動性
79,4568,第一三共,医薬品,プライム,4568.T,2026-09-09,2710.5,-0.014721919302072006,-0.059833506763787736,-0.033689839572192515,0.06461115475255297,-0.009531320464856718,2806.05,2722.733333333333,-0.03405142460041699,-0.0044930339609705605,-0.09650000000000003,0.3021590926096414,6093600.0,5541215.0,1.099686621074981,15656390145.0,303,True,jpx_liquidity,JPX流動性
80,2802,味の素,食料品,プライム,2802.T,2026-09-09,5084.0,0.0031570639305444903,-0.026985645933014335,-0.06818181818181823,0.004743083003952542,0.14137532014755827,5366.3,5438.966666666666,-0.05260607867618283,-0.06526362237925087,-0.1766801619433198,0.3106030226460261,3209700.0,2965015.0,1.0825240344483924,15488254475.0,303,False,jpx_liquidity,JPX流動性
81,6963,ローム,電気機器,プライム,6963.T,2026-09-09,4896.0,0.004307692307692346,0.048618547868922724,0.021489672438973484,-0.06867034430283436,0.4951839740622246,4866.45,4969.033333333334,0.0060721881453627,-0.014697694387238336,-0.17714285714285716,0.517905339620193,2722000.0,3189100.0,0.8535323445486187,15430578745.0,303,False,jpx_liquidity,JPX流動性
82,6971,京セラ,電気機器,プライム,6971.T,2026-09-09,3406.0,0.00264939652634677,-0.03266117580232886,-0.10131926121372037,-0.11232733906697945,0.40036844679689887,3627.9,3670.4,-0.06116486121447673,-0.07203574542284219,-0.13023493360572014,0.28731553762979917,5860600.0,4131875.0,1.4183875359249736,15401169880.0,303,True,jpx_liquidity,JPX流動性
83,8630,ＳＯＭＰＯホールディングス,保険業,プライム,8630.T,2026-09-09,6578.0,-0.01038062283737029,-0.042224810716365746,-0.05813287514318444,0.05382890099327131,0.1511397841964952,6797.4,6717.983333333334,-0.03227704710624646,-0.02083710637368852,-0.10637141692704799,0.2169124525911388,2526900.0,2249890.0,1.1231215748325474,15326252510.0,303,False,jpx_liquidity,JPX流動性
84,8750,第一ライフグループ,保険業,プライム,8750.T,2026-09-09,1804.0,-0.010150891632373149,-0.02275189599133265,-0.03889184869472562,0.015765765765765716,0.2991399675495612,1832.5,1844.375,-0.015552523874488355,-0.021890884445950554,-0.07912200102092903,0.2189827051542782,8970400.0,8321590.0,1.0779670711967304,15245108702.5,303,True,jpx_liquidity,JPX流動性
85,8309,三井住友トラストグループ,銀行業,プライム,8309.T,2026-09-09,1730.0,-0.01508682038144038,-0.025352112676056304,0.014662756598240456,-0.7145685530440522,-0.6405632795760176,1750.1,3386.6625,-0.011485057996685866,-0.489172599867864,-0.7439692171081841,0.22467589284396342,10233600.0,8693560.0,1.1771472216215222,15235439530.0,303,True,jpx_liquidity,JPX流動性
86,8015,豊田通商,卸売業,プライム,8015.T,2026-09-09,7517.0,0.004677893611333861,-0.002785884850092901,0.043448084397556874,0.1555726364335126,0.1929365225426629,7442.8,6753.783333333334,0.009969366367496013,0.11300579675095679,-0.024652912936291682,0.31733312404075803,3079500.0,1996035.0,1.5428086180853542,14813825660.0,303,False,jpx_liquidity,JPX流動性
87,7832,バンダイナムコホールディングス,その他製品,プライム,7832.T,2026-09-09,5382.0,0.005417522884363812,-0.04591384506293206,0.0037299515106303804,0.4974958263772955,0.27838361195107275,5511.15,4618.5,-0.02343431044337385,0.16531341344592398,-0.06885813148788922,0.2866570091334077,4227200.0,2640175.0,1.601105987292509,14617804940.0,303,True,jpx_liquidity,JPX流動性
88,6305,日立建機,機械,プライム,6305.T,2026-09-09,5811.0,0.010608695652173816,-0.0005159958720329927,0.022343420126671454,0.04533189422558004,0.027574228893738617,5761.0,5501.133333333333,0.008679048776254028,0.056327787001466456,-0.03631840796019903,0.4104331501478794,1044100.0,2510645.0,0.41586922882366884,14306157720.0,303,False,jpx_liquidity,JPX流動性
89,7751,キヤノン,電気機器,プライム,7751.T,2026-09-09,4317.0,-0.01031636863823937,-0.07736695875187005,-0.054119193689745826,-0.0023110700254217464,-0.008953168044077087,4583.95,4442.516955566406,-0.058235801001319754,-0.028253568151075936,-0.0911578947368421,0.2144894878647773,4239600.0,3057080.0,1.3868135606526488,14207873715.0,303,True,jpx_liquidity,JPX流動性
90,8604,野村ホールディングス,証券、商品先物取引業,プライム,8604.T,2026-09-09,1616.0,-0.01971489232635726,0.004662729250854758,0.03192848020434225,0.1428571428571428,0.39500936643449647,1595.175,1539.4416666666666,0.013054993966179262,0.049731233726513446,-0.031755542240862744,0.22366648658539084,9093700.0,8830460.0,1.0298104515506554,14198874010.0,303,True,jpx_liquidity,JPX流動性
91,8267,イオン,小売業,プライム,8267.T,2026-09-09,1383.5,-0.02707454289732769,0.01840264998159724,-0.0071761750986724104,0.0007233273056057588,-0.2962868769074263,1373.4746154785157,1370.4915384928386,0.007299286356298174,0.009491821833111924,-0.30928607089365956,0.23524136917469174,9914200.0,10208565.0,0.9711648992782042,14082399517.5,303,True,jpx_liquidity,JPX流動性
92,7532,パン・パシフィック・インターナショナルホールディングス,小売業,プライム,7532.T,2026-09-09,755.5999755859375,-0.028417174069955586,-0.01742525931607608,-0.18752690797211025,-0.09746779196285404,-0.24703540051226958,819.125,848.9989440917968,-0.07755229594269797,-0.1100107004323444,-0.25629923662801424,0.4260270987536915,19852600.0,17018525.0,1.1665288266756373,14046607231.578674,303,True,jpx_liquidity,JPX流動性
93,4755,楽天グループ,サービス業,プライム,4755.T,2026-09-09,718.0,-0.024456521739130488,-0.011971944490008712,-0.03624161073825505,-0.029336233403978507,-0.06510416666666663,761.0700073242188,776.6733317057292,-0.05659138700741195,-0.07554441399046219,-0.19007332205301752,0.29758701787601616,17302000.0,20982325.0,0.8245987992274451,14038617066.35559,303,True,jpx_liquidity,JPX流動性
94,4661,オリエンタルランド,サービス業,プライム,4661.T,2026-09-09,3143.0,-0.01411543287327477,0.046620046620046596,0.05363727790814621,0.3888643393725144,0.14192855708415153,3020.65,2778.7166666666667,0.04050452717130426,0.1310976889811244,-0.01411543287327477,0.24151310024456604,6513000.0,4569495.0,1.42532161650248,14035037922.5,303,True,jpx_liquidity,JPX流動性
95,8802,三菱地所,不動産業,プライム,8802.T,2026-09-09,3682.0,0.006010928961748707,-0.024118738404452666,-0.0005428881650380024,-0.13911620294599014,-0.21030706317670422,3711.85,3938.383333333333,-0.008041812034430218,-0.06509862337761263,-0.2335284934399391,0.18355721521846904,3041400.0,3878305.0,0.7842085653397554,13614137075.0,303,False,jpx_liquidity,JPX流動性
96,4503,アステラス製薬,医薬品,プライム,4503.T,2026-09-09,2237.0,-0.019074764306073244,-0.06382088302992261,-0.050509337860780934,0.0392566782810686,-0.03261341338974022,2359.575,2243.15,-0.05194791434898227,-0.002741680226467258,-0.1582314205079962,0.25779854895082516,6209400.0,5753805.0,1.0791815155362408,13600440332.5,303,True,jpx_liquidity,JPX流動性
97,6902,デンソー,輸送用機器,プライム,6902.T,2026-09-09,1888.5,0.0050558807876530665,-0.017429760665972904,-0.026797217212058744,-0.009441384736427971,-0.00545500235383789,1923.9,1941.725,-0.01840012474660846,-0.02741119365512623,-0.14470108695652173,0.2677191467392894,8119500.0,6923255.0,1.1727864999916946,13474191282.5,303,True,jpx_liquidity,JPX流動性
98,6326,クボタ,機械,プライム,6326.T,2026-09-09,2837.5,0.017207384835992157,-0.038624428256818555,0.049371301775148035,-0.0019345761519521387,0.09134615384615374,2810.275,2766.7114298502606,0.009687664018645847,0.025585816209813705,-0.06291281373844126,0.44180274255153884,3413500.0,4746550.0,0.7191539117885623,13460144907.5,303,False,jpx_liquidity,JPX流動性
99,5108,ブリヂストン,ゴム製品,プライム,5108.T,2026-09-09,3759.0,-0.010007900974453476,-0.08272327964860904,-0.11113738472452117,0.07002561912894967,0.13805631244323346,4060.55,3809.2925537109377,-0.07426333871027324,-0.013202596808151057,-0.1298611111111111,0.1944774105025044,4924100.0,3325990.0,1.480491522824783,13142427785.0,303,True,jpx_liquidity,JPX流動性
100,8801,三井不動産,不動産業,プライム,8801.T,2026-09-09,1505.5,0.0,-0.006270627062706313,0.037202893558387906,-0.04138809296402424,-0.16738626364375175,1498.475,1515.3416666666667,0.004688099567894177,-0.00649468491704297,-0.19085261492901306,0.18357562759047105,8490200.0,9108065.0,0.9321628688420647,13132791922.5,303,True,jpx_liquidity,JPX流動性
101,8473,ＳＢＩホールディングス,証券、商品先物取引業,プライム,8473.T,2026-09-09,3217.0,-0.0394147506718423,-0.0030988534242329946,0.04924983692106988,0.09087826381824349,0.1058878684056388,3235.25,2967.8,-0.005640986013445648,0.08396792236673623,-0.06127808578932015,0.4036731146424779,5034700.0,3921775.0,1.2837809410279784,13121749400.0,303,True,jpx_liquidity,JPX流動性
102,7269,スズキ,輸送用機器,プライム,7269.T,2026-09-09,1989.5,0.004797979797979801,-0.0624410933081998,-0.008225324027916203,0.02922917744438691,0.060269531734864934,2098.975,2038.375,-0.05215640967615143,-0.023977433004231274,-0.11773835920177389,0.3669820328152089,6236800.0,6169375.0,1.0109289838922095,12864335320.0,303,True,jpx_liquidity,JPX流動性
103,4578,大塚ホールディングス,医薬品,プライム,4578.T,2026-09-09,11675.0,-0.010593220338983023,-0.04224774405250209,-0.04693877551020409,0.14125122189638328,0.06669712197350397,12127.5,11511.781982421875,-0.03731189445475158,0.014178345092649813,-0.08107044470680835,0.2755111930014501,1231700.0,1055930.0,1.1664598979098992,12830746050.0,303,False,jpx_liquidity,JPX流動性
104,7272,ヤマハ発動機,輸送用機器,プライム,7272.T,2026-09-09,1742.5,0.0017246335153779935,-0.08095991561181437,-0.08289473684210524,0.4143668831168832,0.5855323020928116,1902.1,1530.346697998047,-0.08390726039640395,0.13863087513403705,-0.11682716675114035,0.32189548863458645,6863900.0,6746690.0,1.0173729636310547,12742027040.0,303,True,jpx_liquidity,JPX流動性
105,6178,日本郵政,サービス業,プライム,6178.T,2026-09-09,2400.0,-0.018404907975460127,-0.04648390941597136,0.01608806096528359,0.0500984467293808,0.37755888141445304,2422.6,2359.225,-0.009328820275736782,0.017283218005913037,-0.06029757243539546,0.2492071298080671,3745900.0,5220550.0,0.7175297621898076,12729272387.5,303,True,jpx_liquidity,JPX流動性
106,7201,日産自動車,輸送用機器,プライム,7201.T,2026-09-09,307.29998779296875,0.01586772824121896,-0.032430787508202275,-0.08568883602363497,-0.13897452213995176,-0.128968258430611,323.2999984741211,323.82999928792316,-0.04948967137849547,-0.05104533715623205,-0.2298245919975721,0.47126579177065214,39557000.0,39178365.0,1.0096643900275062,12663506679.84848,303,True,jpx_liquidity,JPX流動性
107,6526,ソシオネクスト,電気機器,プライム,6526.T,2026-09-09,1867.0,-0.01814357086510654,-0.036387096774193495,-0.049146931499872704,-0.2233777038269551,0.06700443650808108,1980.875,2278.2833333333333,-0.05748722155613051,-0.1805233472570722,-0.38178807947019866,0.49479953471653454,5885100.0,6265375.0,0.9393053089400076,12365598992.5,303,True,jpx_liquidity,JPX流動性
108,9503,関西電力,電気・ガス業,プライム,9503.T,2026-09-09,2999.0,0.02024153767647552,0.03306923871856693,0.26433389544688035,0.26673706441393885,0.2092422901834039,2683.25,2452.508333333333,0.11767446193981179,0.222829687972518,-0.008922670191672144,0.4592081072135986,4820800.0,4323545.0,1.1150109458789026,12218488760.0,303,True,jpx_liquidity,JPX流動性
109,3563,ＦＯＯＤ　＆　ＬＩＦＥ　ＣＯＭＰＡＮＩＥＳ,小売業,プライム,3563.T,2026-09-09,5517.0,-0.024748099699487325,-0.08050000000000002,-0.04384748700173313,-0.45104477611940297,-0.4207874015748031,5781.4,5393.941666666667,-0.04573286747154659,0.02281417578054401,-0.4926896551724138,0.3095075751120177,2051200.0,2128255.0,0.9637942821701347,12188735310.0,303,False,jpx_liquidity,JPX流動性
110,3659,ネクソン,情報・通信業,プライム,3659.T,2026-09-09,3115.0,-0.005427841634738195,-0.003837543971857982,0.23293093211953297,0.415909090909091,0.02975206611570247,3067.3,2552.718025716146,0.015551136178397984,0.22026795306783264,-0.02808112324492984,0.710571942212973,3063100.0,3789545.0,0.8083028437450934,11628175335.0,303,False,jpx_liquidity,JPX流動性
111,4543,テルモ,精密機器,プライム,4543.T,2026-09-09,2268.0,-0.025145067698259194,-0.0814094775212637,-0.12718876274773905,0.013857845328564933,0.10102372129654369,2518.425,2351.175,-0.09943714821763605,-0.035375929056748245,-0.15135640785781102,0.2950149529468059,5631200.0,4634655.0,1.215020319743325,11528875100.0,303,True,jpx_liquidity,JPX流動性
112,4307,野村総合研究所,情報・通信業,プライム,4307.T,2026-09-09,4818.0,-0.03038840813040855,-0.06264591439688716,-0.03291850662384588,0.055421686746987886,0.1261301658426821,5061.45,4907.7,-0.04809886494976734,-0.01827740081912088,-0.13593974175035872,0.4200988671546417,3143100.0,2250515.0,1.3966136639835771,11517503760.0,303,False,jpx_liquidity,JPX流動性
113,2502,アサヒグループホールディングス,食料品,プライム,2502.T,2026-09-09,1605.0,-0.017146356399265206,-0.033132530120481896,-0.044073853484216774,0.0629139072847682,0.011342155009451904,1665.05,1625.6666666666667,-0.03606498303354255,-0.012712733237646101,-0.0965381367858148,0.24548587819646342,5917300.0,6889425.0,0.8588960617177777,11404170607.5,303,True,jpx_liquidity,JPX流動性
114,9843,ニトリホールディングス,小売業,プライム,9843.T,2026-09-09,3287.0,-0.030955188679245293,0.08805031446540879,0.11745707972123065,0.2627737226277371,0.2117598256030222,3079.6,2696.4583333333335,0.06734640862449681,0.21900641273275112,-0.030955188679245293,0.42689100612333547,4439000.0,3531020.0,1.2571438281289826,11012048895.0,303,True,jpx_liquidity,JPX流動性
115,7453,良品計画,小売業,プライム,7453.T,2026-09-09,4085.0,-0.012330754352030904,-0.0388235294117647,-0.09121245828698554,0.12565445026178002,0.12040592430060348,4279.87060546875,4062.62353515625,-0.04553189183330619,0.005507885397235013,-0.09743703049049934,0.2690915084416405,2926900.0,2564305.0,1.1414008864000187,10973064610.0,303,False,jpx_liquidity,JPX流動性
116,4452,花王,化学,プライム,4452.T,2026-09-09,3413.0,-0.00871333139703745,-0.047446274072006744,-0.07481702358362696,-0.4363336085879439,-0.44648070061628287,3545.15,3350.4626912434896,-0.03727627885985085,0.018665275372250267,-0.457823669579031,0.18052050537785097,3446300.0,3133975.0,1.0996577828476615,10914067730.0,303,False,jpx_liquidity,JPX流動性
117,6383,ダイフク,機械,プライム,6383.T,2026-09-09,5631.0,0.015509467989179404,0.013316537700198028,-0.09030694668820682,-0.18908410138248843,-0.0021265284423178654,5861.45,6367.583032226563,-0.039316210152777864,-0.11567702038570837,-0.27332559039876114,0.33145466322948025,1032000.0,1895060.0,0.5445737865819552,10910789655.0,303,False,jpx_liquidity,JPX流動性
118,7270,ＳＵＢＡＲＵ,輸送用機器,プライム,7270.T,2026-09-09,2555.5,0.006300452845048321,-0.04144786196549133,-0.010454985479186885,-0.004867601246105968,0.017831079368888725,2615.475,2564.95,-0.022930825184717896,-0.003684282344684986,-0.1028611549938564,0.30214798110643276,4725300.0,4092220.0,1.1547033150710373,10660089260.0,303,True,jpx_liquidity,JPX流動性
119,3099,三越伊勢丹ホールディングス,小売業,プライム,3099.T,2026-09-09,3122.0,0.0012828736369467908,-0.05622732769044736,-0.15093826488985584,-0.15598810489321435,0.1379096996528799,3429.5,3689.4,-0.0896632162122758,-0.15379194448961897,-0.2504201680672269,0.3081206499058601,1962600.0,3026840.0,0.6483989903661905,10515300225.0,303,False,jpx_liquidity,JPX流動性
120,6594,ニデック,電気機器,プライム,6594.T,2026-09-09,2591.0,-0.04812637766348271,0.04475806451612896,-0.0523043160204828,-0.05021994134897356,0.14595311808934097,2644.85,2649.766666666667,-0.020360322891657345,-0.022178053413508203,-0.10624353225250083,0.4903254137466714,4434200.0,3817440.0,1.1615637704849322,10420395425.0,303,True,jpx_liquidity,JPX流動性
121,4689,ＬＩＮＥヤフー,情報・通信業,プライム,4689.T,2026-09-09,516.4000244140625,-0.019927879129777004,-0.03368263319174791,0.03342007564352878,0.25675354608098666,0.32421495087505225,527.4399993896484,470.21500091552736,-0.02093124334210772,0.0982210763344662,-0.07884401194573254,0.3232966477151346,16104000.0,20005435.0,0.8049812463463054,10355813276.300812,303,True,jpx_liquidity,JPX流動性
122,8830,住友不動産,不動産業,プライム,8830.T,2026-09-09,3307.0,0.0194204685573367,0.0021212121212121904,-0.029066353493834463,-0.10257801899592944,-0.3103606140992916,3335.5,3556.116666666667,-0.00854444611002847,-0.0700530072597918,-0.33259334006054486,0.23308896725334066,4529100.0,2981165.0,1.519238284361986,10158168970.0,303,True,jpx_liquidity,JPX流動性
123,5020,ＥＮＥＯＳホールディングス,石油・石炭製品,プライム,5020.T,2026-09-09,1459.0,0.04700394689630416,0.08475836431226758,0.1385095591104175,0.1709470304975922,0.1114020802672544,1337.975,1289.375,0.09045385750854851,0.13155598642753263,-0.025384101536406134,0.3217665905332344,13939400.0,7299570.0,1.9096193337415766,10157859237.5,303,True,jpx_liquidity,JPX流動性
124,9020,東日本旅客鉄道,陸運業,プライム,9020.T,2026-09-09,3538.0,0.005685048322910724,-0.001974612129760245,0.02431962941517085,0.04767545158424635,-0.038970519578632845,3530.3,3515.266666666667,0.0021811177520323355,0.0064670295283428825,-0.10088945362134694,0.20059125744230685,2798900.0,2833830.0,0.9876739253942545,10060809240.0,303,False,jpx_liquidity,JPX流動性
125,1812,鹿島建設,建設業,プライム,1812.T,2026-09-09,5187.0,0.02469379691821416,0.06269207129686549,0.06552999178307317,-0.15383360522022838,-0.12932677948698112,4899.1,5396.2,0.05876589577677516,-0.03876802194136608,-0.21050228310502284,0.28726311224568835,3059900.0,2162250.0,1.4151462596832003,10042667655.0,303,False,jpx_liquidity,JPX流動性
126,9697,カプコン,情報・通信業,プライム,9697.T,2026-09-09,4283.0,-0.018336007334402882,0.013967803030302983,0.03279479141548114,0.5318311874105865,0.2113026581565811,4217.4,3665.0833333333335,0.015554607103902995,0.16859552988790605,-0.018336007334402882,0.3030209722266352,2992300.0,2336085.0,1.2809037342391223,9999158475.0,303,False,jpx_liquidity,JPX流動性
127,7911,ＴＯＰＰＡＮホールディングス,その他製品,プライム,7911.T,2026-09-09,5070.0,0.009960159362549792,0.02965069049553204,0.030906872712484823,0.15018148820326682,0.010819570727609973,5105.7,4941.566666666667,-0.006992185204771073,0.025990407900328583,-0.08582762351244144,0.522640046692092,1624600.0,1940890.0,0.8370386781321971,9952674980.0,303,False,jpx_liquidity,JPX流動性
128,7733,オリンパス,精密機器,プライム,7733.T,2026-09-09,1928.5,-0.01857506361323158,-0.07528170702469428,-0.0708263069139966,0.1438315539739028,0.4784442183279569,2098.325,1875.1583333333333,-0.08093360180143683,0.028446486741119603,-0.1181984453589392,0.2363523600368742,5583200.0,4703645.0,1.186994341622295,9908343072.5,303,True,jpx_liquidity,JPX流動性
129,9766,コナミグループ,情報・通信業,プライム,9766.T,2026-09-09,20690.0,-0.01405766023350008,-0.047421731123388544,-0.04478301015697139,0.09124472573839659,-0.0034903725020657417,21703.0,19883.666666666668,-0.04667557480532647,0.040552547316893284,-0.08874697203259196,0.26578437229589796,584700.0,438070.0,1.3347181957221448,9524038725.0,303,False,jpx_liquidity,JPX流動性
130,8729,ソニーフィナンシャルグループ,保険業,プライム,8729.T,2026-09-09,158.8000030517578,-0.021565002675223877,-0.001257842441774737,0.028497469748757664,0.1058495564219204,0.10097639544570947,159.83500213623046,153.2300008138021,-0.006475421970404849,0.03635059850142608,-0.04221954083930146,0.2683287892543292,54179500.0,59740915.0,0.9069077699931446,9508398545.690918,232,True,jpx_liquidity,JPX流動性
131,6504,富士電機,電気機器,プライム,6504.T,2026-09-09,13110.0,0.02742946708463956,0.008073817762399127,-0.09523809523809523,-0.0870473537604457,0.1760405083890073,13804.75,13681.583333333334,-0.05032688024049692,-0.041777572040273214,-0.24109985528219968,0.4279472109631251,877000.0,679530.0,1.2905979132635792,9480432000.0,303,False,jpx_liquidity,JPX流動性
132,5334,日本特殊陶業,ガラス・土石製品,プライム,5334.T,2026-09-09,7446.0,0.00026867275658237766,-0.06574654956085324,-0.22703207723450636,-0.27249633610161217,0.0017804793689260023,8570.0,9626.716666666667,-0.13115519253208863,-0.22652756304936095,-0.3224749772520473,0.39651660614000606,2063800.0,1011130.0,2.04108274900359,9054300985.0,303,False,jpx_liquidity,JPX流動性
133,4684,オービック,情報・通信業,プライム,4684.T,2026-09-09,4822.0,-0.01672104404567698,-0.020515945561649374,0.04259459459459469,0.25181723779854615,0.21346633539029414,4825.3,4376.25,-0.0006838953018465377,0.10185661239645816,-0.05172074729596854,0.3151125604170838,2256700.0,1798740.0,1.2546004425319945,9040599835.0,303,False,jpx_liquidity,JPX流動性
134,4911,資生堂,化学,プライム,4911.T,2026-09-09,3351.0,0.00029850746268667017,-0.037898363479758834,-0.03679218166139697,0.2903350019252984,0.10521108179419536,3561.85,3143.897342936198,-0.059196765725676226,0.06587449731115624,-0.11019649495485928,0.30690786703171385,2280500.0,2601440.0,0.8766298665354573,9002081650.0,303,False,jpx_liquidity,JPX流動性
135,7003,三井Ｅ＆Ｓ,機械,プライム,7003.T,2026-09-09,4484.0,0.01816530426884655,0.08993680116674763,0.05184142622566257,0.013104383190239544,-0.28878502023771,4305.85,4413.8,0.04137394474958489,0.015904662648964507,-0.33965298393375953,0.44304282513414434,2247500.0,2065900.0,1.0879035771334526,8980643415.0,303,False,jpx_liquidity,JPX流動性
136,6787,メイコー,電気機器,プライム,6787.T,2026-09-09,19150.0,0.017534537725823585,0.040760869565217295,0.0656649972175849,-0.3700657894736842,-0.2559301791009936,18477.0,23841.333333333332,0.03642366184986745,-0.1967731111235389,-0.5592635212888377,0.7475093457014136,356300.0,502150.0,0.7095489395598925,8920884400.0,303,False,jpx_liquidity,JPX流動性
137,6479,ミネベアミツミ,電気機器,プライム,6479.T,2026-09-09,3377.0,0.015333734215273509,0.042605742513121436,-0.10018651745270446,-0.2455317247542449,0.25351351826509316,3436.2,3988.7166666666667,-0.017228333624352388,-0.1533617746727226,-0.35627144491040796,0.3813488586098801,2601500.0,2628735.0,0.9896395034113367,8879303795.0,303,False,jpx_liquidity,JPX流動性
138,4385,メルカリ,情報・通信業,プライム,4385.T,2026-09-09,3967.0,-0.03243902439024393,-0.06658823529411761,-0.1618423832664272,0.0663978494623656,0.14653179190751442,4518.2,4411.083333333333,-0.12199548492762602,-0.10067443749645777,-0.21133200795228624,0.5338116553539818,2192300.0,1942400.0,1.1286552718286655,8856806000.0,303,False,jpx_liquidity,JPX流動性
139,6315,ＴＯＷＡ,機械,プライム,6315.T,2026-09-09,2189.0,0.0009144947416552807,-0.0018239854081167906,-0.1385281385281385,-0.2703333333333333,-0.1493541608873139,2318.35,2777.133333333333,-0.05579399141630903,-0.2117771322946923,-0.38163841807909604,0.43931345976111735,3712000.0,3835305.0,0.9678500145360017,8855377885.0,303,True,jpx_liquidity,JPX流動性
140,9502,中部電力,電気・ガス業,プライム,9502.T,2026-09-09,3065.0,0.029041463824072578,0.06128808864265922,0.12312202271894468,0.07130373995106609,0.25301970578853306,2904.025,2927.75,0.05543168533328746,0.046879002647084,-0.056923076923076965,0.3218471470957285,2113800.0,2998855.0,0.7048690250112126,8606077645.0,303,False,jpx_liquidity,JPX流動性
141,6988,日東電工,化学,プライム,6988.T,2026-09-09,3175.0,-0.0012582573136206143,-0.0844867358708189,-0.11188811188811187,0.024524040012907422,-0.006333508332371229,3427.6,3333.45,-0.07369588049947484,-0.047533336333228315,-0.11312849162011174,0.3079614691470872,4436100.0,2420165.0,1.8329741980402163,8602073315.0,303,True,jpx_liquidity,JPX流動性
142,4392,ＦＩＧ,情報・通信業,プライム,4392.T,2026-09-09,1000.0,0.015228426395939021,-0.09990999099909992,0.1389521640091116,-0.24069855732725887,2.1645569620253164,1113.8,1072.65,-0.10217274196444603,-0.06772945508786654,-0.6110462854920264,1.3383644268781754,1577500.0,7288165.0,0.21644680108093053,8564314040.0,303,False,jpx_liquidity,JPX流動性
143,2503,キリンホールディングス,食料品,プライム,2503.T,2026-09-09,2804.0,-0.014930616546636188,-0.05732055807698777,-0.08604954367666229,0.04548844146159592,0.07371242580892212,3000.225,2913.025223795573,-0.06540342807622757,-0.03742680389616282,-0.10501117140121285,0.20261639750557653,4272300.0,2851775.0,1.4981195921838153,8517315632.5,303,True,jpx_liquidity,JPX流動性
144,7261,マツダ,輸送用機器,プライム,7261.T,2026-09-09,1118.0,0.01775147928994092,-0.08172484599589325,-0.04075504075504077,-0.054545454545454564,0.003219316865123556,1186.925,1151.8916666666667,-0.05807022347663071,-0.029422616420815006,-0.12106918238993714,0.41332418625361284,6811800.0,6977985.0,0.9761843856070198,8374941210.0,303,True,jpx_liquidity,JPX流動性
145,6645,オムロン,電気機器,プライム,6645.T,2026-09-09,6037.0,0.009531772575250841,-0.03175621491579794,-0.11868613138686135,0.038713007570543745,0.35194156497397544,6480.05,6018.883333333333,-0.06837138602325599,0.0030099713955800134,-0.1428368592929149,0.37274676230027926,1315900.0,1298445.0,1.0134430029766375,8356632690.0,303,False,jpx_liquidity,JPX流動性
146,4751,サイバーエージェント,サービス業,プライム,4751.T,2026-09-09,1217.5,-0.015763945028294257,-0.04209284028324156,-0.024048096192384794,-0.05984555984555984,-0.14260563380281688,1293.5,1380.025,-0.058755315036722044,-0.11776960562308658,-0.2274746192893401,0.3279045330054809,5981100.0,6733025.0,0.8883228563684228,8316620217.5,303,True,jpx_liquidity,JPX流動性
147,9022,東海旅客鉄道,陸運業,プライム,9022.T,2026-09-09,3865.0,0.0057246942492843456,-0.019533231861998956,0.011515310128238587,0.15373134328358207,-0.0854063435006589,3893.25,3745.383333333333,-0.0072561484620817795,0.03193709589138627,-0.11543403074421921,0.16272717300885237,2871400.0,2129170.0,1.348600628413889,8307829005.0,303,False,jpx_liquidity,JPX流動性
148,1925,大和ハウス工業,建設業,プライム,1925.T,2026-09-09,4631.0,-0.0017245095925846332,-0.025052631578947326,0.0045553145336225676,0.055378304466727535,-0.08999524094628408,4669.85,4577.45,-0.008319325031853397,0.011698653180264085,-0.10414397340699455,0.12134156523222313,1988200.0,1758880.0,1.1303784226325844,8213863320.0,303,False,jpx_liquidity,JPX流動性
149,1801,大成建設,建設業,プライム,1801.T,2026-09-09,13340.0,0.014834537847090212,0.05831019436731455,0.039345539540319496,-0.12034289482360694,-0.19798528748837652,12776.5,13496.333333333334,0.044104410441044184,-0.011583393020326516,-0.28144357662267705,0.3101061305869285,828300.0,629190.0,1.3164544891050398,8177591300.0,303,False,jpx_liquidity,JPX流動性
150,8601,大和証券グループ本社,証券、商品先物取引業,プライム,8601.T,2026-09-09,1797.0,-0.02044153720359776,-0.011822930987077207,-0.005258787711043489,0.12664576802507832,0.27757244794232716,1814.15,1765.575,-0.009453463054323041,0.017798734123444238,-0.04364023416711016,0.21476884549881334,4443500.0,4503320.0,0.9867164669621523,8143224582.5,303,True,jpx_liquidity,JPX流動性
151,6532,ベイカレント,サービス業,プライム,6532.T,2026-09-09,7215.0,-0.01635991820040905,-0.08508749682982497,-0.022225233771513753,0.31564551422319465,0.645381984036488,7656.899145507812,6879.9997151692705,-0.05771254617700794,0.048691903880767384,-0.1192626953125,0.40052255587094354,1008100.0,1060400.0,0.9506789890607318,8126436700.0,303,False,jpx_liquidity,JPX流動性
152,2413,エムスリー,サービス業,プライム,2413.T,2026-09-09,1666.0,-0.03167683812845101,-0.06535764375876574,0.021146184492798037,0.03995006242197263,0.020153833285656342,1743.525,1781.325,-0.04446451871926127,-0.06474113370665102,-0.16028225806451613,0.3867005125825992,3163200.0,5136790.0,0.6157931315081987,7922647730.0,303,False,jpx_liquidity,JPX流動性
153,5333,ＮＧＫ,ガラス・土石製品,プライム,5333.T,2026-09-09,5138.0,0.02248756218905479,-0.001166407465007735,-0.10845045982994972,-0.225621703089676,0.28544015071569984,5451.25,6216.85,-0.05746388443017658,-0.1735364372632443,-0.34572774735769773,0.4324667453065438,1616900.0,1391085.0,1.1623301236085501,7700605825.0,303,False,jpx_liquidity,JPX流動性
154,4005,住友化学,化学,プライム,4005.T,2026-09-09,573.7999877929688,0.010033466734710395,-0.07046816922113586,0.09108188088082825,-0.004683455693029082,0.1958440042589784,562.7499969482421,541.40999806722,0.019635701296579322,0.0598252522882432,-0.08441044101429973,0.49132505393275416,10016000.0,13318480.0,0.7520377700758645,7588036970.632935,303,True,jpx_liquidity,JPX流動性
155,8697,日本取引所グループ,その他金融業,プライム,8697.T,2026-09-09,2200.0,-0.0015883821193555248,0.02540200419482641,-0.023090586145648295,-0.001814882032667886,0.21676651105111655,2230.025,2197.55,-0.013463974619118635,0.0011148779322427416,-0.04097646033129909,0.2554159070797871,3653600.0,3315075.0,1.1021168450185894,7493018370.0,303,False,jpx_liquidity,JPX流動性
156,9735,セコム,サービス業,プライム,9735.T,2026-09-09,6282.0,-0.0033317467872441275,-0.029657089898053712,-0.04076958314246448,-0.019815883913246957,0.05374739635312942,6414.05,6558.816666666667,-0.020587616248704088,-0.042205275850064394,-0.12409369771332956,0.10052122873615658,1271000.0,1173495.0,1.0830894038747503,7416363835.0,303,False,jpx_liquidity,JPX流動性
157,3407,旭化成,化学,プライム,3407.T,2026-09-09,1567.0,-0.0022285896211398093,-0.04972710733778052,-0.0963091118800461,-0.11192972513459909,-0.0035879596568773042,1643.25,1745.6583333333333,-0.04640194736041381,-0.10234438774292409,-0.17569700157811674,0.25822362325383896,6158100.0,4549215.0,1.3536621153319859,7364319552.5,303,True,jpx_liquidity,JPX流動性
158,5201,ＡＧＣ,ガラス・土石製品,プライム,5201.T,2026-09-09,5581.0,0.023661041819515782,-0.012736600035379464,-0.05406779661016947,-0.2439718233541046,-0.016217169046359947,5748.75,6261.0400797526045,-0.029180256577516883,-0.1086145546251599,-0.3211288164456879,0.31414828628805813,1405500.0,1262435.0,1.1133246464174393,7282262840.0,303,False,jpx_liquidity,JPX流動性
159,4182,三菱瓦斯化学,化学,プライム,4182.T,2026-09-09,3858.0,0.032931726907630576,0.0033810143042913854,-0.047407407407407454,-0.23497917906008325,-0.05619735467871112,3907.9,4425.516666666666,-0.012769006371708636,-0.12823738094610415,-0.31897616946160634,0.403140833118602,1386900.0,1953360.0,0.7100073719130114,7250774990.0,303,True,jpx_liquidity,JPX流動性
160,1802,大林組,建設業,プライム,1802.T,2026-09-09,3108.0,0.019016393442622848,0.03393213572854292,0.026759167492566904,-0.06582506762849416,-0.1764627568474042,3011.075,3147.508333333333,0.03218950042758828,-0.012552256943984763,-0.20895902265207433,0.24095427672844136,2969900.0,2384550.0,1.245476085634606,7249522935.0,303,False,jpx_liquidity,JPX流動性
161,5838,楽天銀行,銀行業,プライム,5838.T,2026-09-09,6336.0,-0.028667790893760592,0.007633587786259444,0.11353251318101942,0.23774174643485058,0.03868852459016403,6314.0,5719.016666666666,0.0034843205574912606,0.10788276539381769,-0.06754966887417213,0.3674740549987356,939400.0,1182655.0,0.794314487318787,7189715035.0,303,False,jpx_liquidity,JPX流動性
162,1928,積水ハウス,建設業,プライム,1928.T,2026-09-09,3321.0,0.00575408843125369,-0.02638522427440637,-0.029514903565166617,-0.004197901049475261,-0.060803167420814486,3414.9,3419.55595703125,-0.02749714486514976,-0.02882127336697038,-0.09706362153344206,0.1346974484123642,3419800.0,2056740.0,1.6627283954218812,7153583140.0,303,False,jpx_liquidity,JPX流動性
163,8795,Ｔ＆Ｄホールディングス,保険業,プライム,8795.T,2026-09-09,4700.0,-0.02428897654141582,-0.03530377668308704,-0.04335436596784037,-0.021241149521032954,0.3037719937704577,4847.15,4904.066666666667,-0.030358045449387694,-0.04161172360353993,-0.09196290571870169,0.23142537875072683,1348100.0,1484380.0,0.9081906250421051,7098669535.0,303,False,jpx_liquidity,JPX流動性
164,7966,リンテック,その他製品,プライム,7966.T,2026-09-09,5330.0,0.04305283757338563,-0.0037383177570093906,-0.1262295081967213,-0.10869565217391308,0.12820928361587902,5601.5,6226.833333333333,-0.048469160046416104,-0.1440271941329193,-0.2708618331053352,0.4176985525907931,1854400.0,1235175.0,1.5013257230756776,7095453800.0,303,True,jpx_liquidity,JPX流動性
165,9024,西武ホールディングス,陸運業,プライム,9024.T,2026-09-09,3638.0,0.010555555555555651,0.056943637420104665,0.06623681125439629,0.1986820428336078,-0.12610769767782282,3420.55,3385.758333333333,0.0635716478344126,0.07450078884346456,-0.20219298245614037,0.28022453225140664,1268200.0,2087660.0,0.6074743971719533,7039021665.0,303,False,jpx_liquidity,JPX流動性
166,7186,横浜フィナンシャルグループ,銀行業,プライム,7186.T,2026-09-09,1853.0,-0.02035421623050493,-0.036651936573953714,-0.011469725260069397,0.0522430437251562,0.3407031287950717,1912.575,1861.1416666666667,-0.031149105263845844,-0.0043745550446187,-0.06532156368221942,0.2591954944277505,4720600.0,3587885.0,1.3157054922328892,7034068595.0,303,True,jpx_liquidity,JPX流動性
167,4188,三菱ケミカルグループ,化学,プライム,4188.T,2026-09-09,1172.5,0.009470512268618059,-0.07495069033530577,-0.0593662254312074,0.03898980948161279,0.31043155976380055,1190.85,1170.3666666666666,-0.015409161523281645,0.001822790578451361,-0.08612626656274358,0.3766227767209165,5474400.0,5818200.0,0.940909559657626,7010483930.0,303,True,jpx_liquidity,JPX流動性
168,6141,ＤＭＧ森精機,機械,プライム,6141.T,2026-09-09,2784.5,0.009608411892675806,-0.019887363604364605,-0.23941546025676042,-0.24148733315172977,0.06808592251630219,3013.2,3418.830183919271,-0.07589937607858754,-0.18554012624051686,-0.2873048374712055,0.4830163656661957,1589300.0,2259475.0,0.7033934874251762,6990336410.0,303,False,jpx_liquidity,JPX流動性
169,4507,塩野義製薬,医薬品,プライム,4507.T,2026-09-09,2846.5,-0.017601380500431363,-0.04543930248155603,0.00903934774902515,0.021349120918550346,-0.1561263377436115,2900.2,2863.108333333333,-0.018515964416247144,-0.0058008050690827595,-0.21519161841742485,0.1886186440991584,2897500.0,2432780.0,1.1910242603112489,6977182245.0,303,False,jpx_liquidity,JPX流動性
170,4704,トレンドマイクロ,情報・通信業,プライム,4704.T,2026-09-09,5626.0,-0.02966540186271127,-0.026306680512288017,-0.19236290554120017,-0.04075021312872973,0.048648648648648596,5785.3,6089.75,-0.027535304997147958,-0.07615255141836696,-0.19236290554120017,0.7492943296974917,1191900.0,1139735.0,1.045769411310524,6606787410.0,303,False,jpx_liquidity,JPX流動性
171,6269,三井海洋開発,機械,プライム,6269.T,2026-09-09,9574.0,0.013014495820548033,0.03839479392624723,-0.03273388563346136,-0.034489713594191174,-0.33467685892981236,9834.0,9871.343245442707,-0.02643888549928819,-0.030121862653289977,-0.3843086816720257,0.49220491437605396,475200.0,680475.0,0.6983357213711011,6602762420.0,303,False,jpx_liquidity,JPX流動性
172,5831,しずおかフィナンシャルグループ,銀行業,プライム,5831.T,2026-09-09,3440.0,-0.03425042111173493,-0.0546853531189887,0.01116990005878904,0.10221082986222374,0.3810797840808222,3555.45,3327.1833333333334,-0.03247127649102077,0.03390755944718005,-0.06724511930585686,0.2950043664868898,2366400.0,1817220.0,1.302208868491432,6579009260.0,303,False,jpx_liquidity,JPX流動性
173,5019,出光興産,石油・石炭製品,プライム,5019.T,2026-09-09,1660.0,0.07582631237848347,0.13543091655266748,0.27987663839629917,0.24671423206909493,0.16507765673632924,1412.5,1312.6916666666666,0.1752212389380532,0.26457723634009,0.0,0.36722515249236226,8406000.0,4363910.0,1.9262542078090519,6553929022.5,303,True,jpx_liquidity,JPX流動性
174,1803,清水建設,建設業,プライム,1803.T,2026-09-09,2533.5,0.03155537459283386,0.057387312186978345,0.06360201511335006,-0.06753772543246228,-0.14382613060533866,2398.625,2458.9,0.05623013184637027,0.03033876936841673,-0.26883116883116887,0.2793773846216007,3891900.0,2753055.0,1.413665909326185,6552338307.5,303,True,jpx_liquidity,JPX流動性
175,6324,ハーモニック・ドライブ・システムズ,機械,プライム,6324.T,2026-09-09,5820.0,0.021052631578947434,0.09398496240601495,-0.09062499999999996,-0.15160349854227406,0.3631664763811293,5853.5,6770.666666666667,-0.005723071666524304,-0.1404096100827098,-0.34533183352080987,0.5796206904645973,1000100.0,1132620.0,0.8829969451360562,6541228850.0,303,False,jpx_liquidity,JPX流動性
176,2768,双日,卸売業,プライム,2768.T,2026-09-09,5864.0,0.014006570983918332,0.036225481533839865,0.048265999284948125,0.10308502633559069,-0.06575135835689483,5672.5,5420.733333333334,0.033759365359189,0.08177245391152477,-0.11191882477661674,0.2782024341025787,1302800.0,1120150.0,1.163058518948355,6436697230.0,303,False,jpx_liquidity,JPX流動性
177,8331,千葉銀行,銀行業,プライム,8331.T,2026-09-09,2681.5,-0.025440668726149362,-0.04232142857142862,-0.023844193665817248,0.06366521221737398,0.3624286141883344,2795.8,2683.891666666667,-0.04088275270047936,-0.0008911189286702204,-0.06274030059419788,0.2833186096881773,3092600.0,2255205.0,1.371316576541822,6416549755.0,303,False,jpx_liquidity,JPX流動性
178,543A,ＡＲＣＨＩＯＮ,輸送用機器,プライム,543A.T,2026-09-09,268.0,-0.011070110701106972,-0.03942652329749108,-0.011070110701106972,-0.10367892976588633,-0.2872340425531915,276.8,285.5,-0.031791907514450934,-0.06129597197898429,-0.48362235067437376,0.31832377409950724,16319200.0,23105150.0,0.7063014089932331,6397052570.0,303,True,jpx_liquidity,JPX流動性
179,7729,東京精密,精密機器,プライム,7729.T,2026-09-09,16720.0,0.002097692538207907,-0.006535947712418277,-0.09425785482123505,-0.15384615384615385,0.15082303909911277,17725.75,18200.75,-0.05673948916124849,-0.08135653750532257,-0.20076481835564053,0.3907295262373723,274000.0,365300.0,0.7500684369011771,6358002400.0,303,False,jpx_liquidity,JPX流動性
180,6481,ＴＨＫ,機械,プライム,6481.T,2026-09-09,6149.0,0.016363636363636358,-0.01694644284572344,-0.15115958034235233,-0.17440923737916214,0.2605576055760557,6763.7,7082.336238606771,-0.09088220944157777,-0.1317836667396599,-0.24050488777725187,0.4053700829749449,859400.0,943395.0,0.9109651842547395,6284379775.0,303,False,jpx_liquidity,JPX流動性
181,4186,東京応化工業,化学,プライム,4186.T,2026-09-09,8378.0,0.0338104639684107,0.026841524696654018,-0.10261353898886028,-0.208876298394712,-0.0005964451866873333,8716.25,9691.48984375,-0.03880682633013055,-0.13553022960624195,-0.2790017211703959,0.4109071872762253,628500.0,732305.0,0.8582489536463632,6253570720.0,303,True,jpx_liquidity,JPX流動性
182,5101,横浜ゴム,ゴム製品,プライム,5101.T,2026-09-09,6835.0,0.0038184755470700438,-0.029119318181818232,-0.11152996230339274,-0.11817829957424852,0.13613696808510634,7367.85,7521.012141927084,-0.07232096201741356,-0.09121274224552822,-0.13688597045081452,0.39678773152616625,878700.0,939885.0,0.9349016103033881,6244397315.0,303,False,jpx_liquidity,JPX流動性
183,9147,ＮＩＰＰＯＮ　ＥＸＰＲＥＳＳホールディングス,陸運業,プライム,9147.T,2026-09-09,5291.0,-0.020003704389701782,-0.05348837209302326,-0.0665137614678899,0.04751534349633735,0.43933623503808494,5620.55,5397.951725260416,-0.05863305192552337,-0.019813390468077396,-0.09802250255710876,0.29744996935393064,921700.0,1163465.0,0.7922026017112677,6200971410.0,303,False,jpx_liquidity,JPX流動性
184,9202,ＡＮＡホールディングス,空運業,プライム,9202.T,2026-09-09,2951.0,-0.013538358682934959,0.0027183146449201168,-0.04126055880441848,-0.019601328903654514,0.03454563443902425,3033.275,3047.5666666666666,-0.02712414799185703,-0.03168648211141123,-0.08382489909965851,0.1632946132108023,2728400.0,1999105.0,1.3648107528118834,6130310742.5,303,False,jpx_liquidity,JPX流動性
185,2801,キッコーマン,食料品,プライム,2801.T,2026-09-09,1695.0,-0.025301897642323157,-0.07503410641200547,-0.04156064461407971,0.07996177126473403,0.28781832033004195,1798.425,1693.5583333333334,-0.057508653405062726,0.0008512648417777768,-0.08130081300813008,0.22388623163689816,3546000.0,3323140.0,1.0670630788952618,6010368322.5,303,False,jpx_liquidity,JPX流動性
186,7202,いすゞ自動車,輸送用機器,プライム,7202.T,2026-09-09,2168.0,0.018079361352430157,-0.020997967938586548,-0.046613896218117845,-0.0549258936355711,-0.07282383510033719,2227.7,2272.8416666666667,-0.026798940611392874,-0.046128011556751614,-0.12244484922080545,0.3187595408576919,3230800.0,2631625.0,1.2276825155559778,5958105915.0,303,False,jpx_liquidity,JPX流動性
187,7747,朝日インテック,精密機器,プライム,7747.T,2026-09-09,3261.0,-0.015695744038635717,-0.09441821716189946,-0.16683699540112418,-0.08244231851435002,0.04285257435241441,3804.55,3678.1473754882813,-0.1428684075646266,-0.11341236032797741,-0.20926285160038793,0.3793384400224008,1889500.0,1505815.0,1.254802216739772,5952506695.0,303,False,jpx_liquidity,JPX流動性
188,5631,日本製鋼所,機械,プライム,5631.T,2026-09-09,7312.0,0.03716312056737592,0.035547372893357965,-0.05602891815130395,-0.04293193717277488,-0.25581069900930975,7584.0,7719.783333333334,-0.03586497890295359,-0.052823157817469046,-0.28671929694368614,0.48272777399373906,798600.0,758540.0,1.0528119809106968,5832523435.0,303,True,jpx_liquidity,JPX流動性
189,9021,西日本旅客鉄道,陸運業,プライム,9021.T,2026-09-09,3018.0,0.0019920318725099584,0.008184399532320086,0.05487591751135956,0.17660818713450288,-0.05132766399223487,2963.7,2892.275,0.018321692478995955,0.043469241341158815,-0.062441752096924485,0.14100482781249324,2035000.0,2007600.0,1.0136481370790995,5803447185.0,303,False,jpx_liquidity,JPX流動性
190,5332,ＴＯＴＯ,ガラス・土石製品,プライム,5332.T,2026-09-09,5803.0,-0.00017229496898685248,-0.01577340569877883,-0.11485661989017693,-0.2914529914529914,0.019254835664259007,6262.25,7258.383333333333,-0.07333626092858003,-0.20051067386447397,-0.3770263016639829,0.3473483213481507,1043500.0,916305.0,1.1388129498365718,5801984925.0,303,False,jpx_liquidity,JPX流動性
191,6728,アルバック,電気機器,プライム,6728.T,2026-09-09,7062.0,0.004551920341393956,-0.002260525572195582,-0.22895512610546997,-0.23711785675704877,-0.23197389885807507,7639.05,8912.91630859375,-0.07553949771241186,-0.20766674391513296,-0.3761484098939929,0.6203075220147156,325200.0,759140.0,0.4283794820454725,5800447785.0,303,False,jpx_liquidity,JPX流動性
192,9531,東京瓦斯,電気・ガス業,プライム,9531.T,2026-09-09,6253.0,0.017244184154872277,0.0008002560819462268,0.03646610309961873,-0.001277751157962026,-0.15514901068243547,6126.5,6113.7,0.020648004570309242,0.022784892945352242,-0.18760556060802913,0.19687782878994603,1189600.0,939505.0,1.2661986897355522,5799837490.0,303,False,jpx_liquidity,JPX流動性
193,9706,日本空港ビルデング,不動産業,プライム,9706.T,2026-09-09,5590.0,-0.0016074298981960666,-0.02782608695652178,-0.03637303913118428,0.1551973548253771,0.1405028791712417,5722.95,5444.433333333333,-0.02323102595689286,0.026736789258753557,-0.06802267422474162,0.22872896780272722,4594900.0,804365.0,5.712456409714496,5788585985.0,303,True,jpx_liquidity,JPX流動性
194,6965,浜松ホトニクス,電気機器,プライム,6965.T,2026-09-09,2244.0,0.008539325842696677,-0.02857142857142858,-0.08408163265306123,-0.14854866249288556,0.09795974779268435,2376.625,2460.5916666666667,-0.05580392363119968,-0.08802422181656855,-0.2453337817386918,0.41646260437069027,3296200.0,2374445.0,1.388198084183883,5779892727.5,303,False,jpx_liquidity,JPX流動性
195,3038,神戸物産,卸売業,プライム,3038.T,2026-09-09,3108.0,0.0,0.10585305105853049,0.10861423220973787,0.19240360636869358,-0.13618677042801552,2865.3,2749.0,0.08470317244267611,0.13059294288832302,-0.15290269828291092,0.2618551933560633,2983200.0,1914375.0,1.5583153770812928,5774747862.5,303,False,jpx_liquidity,JPX流動性
196,6590,芝浦メカトロニクス,電気機器,プライム,6590.T,2026-09-09,3960.0,0.01278772378516635,0.03394255874673635,-0.0875576036866359,-0.16279069767441856,-0.17684945943090313,4098.0,4681.833333333333,-0.03367496339677889,-0.15417749457121488,-0.3377926421404682,0.4705487755374083,732900.0,1494870.0,0.49027674647293745,5769116975.0,303,False,jpx_liquidity,JPX流動性
197,7550,ゼンショーホールディングス,小売業,プライム,7550.T,2026-09-09,11735.0,-0.007610993657505283,0.022212543554007036,0.03483245149911807,0.4365283388419636,0.27148250286295816,11642.0,9908.083333333334,0.00798831815839196,0.18438648578181116,-0.022083333333333344,0.24689619637186902,472600.0,501485.0,0.942401068825588,5676590875.0,303,False,jpx_liquidity,JPX流動性
198,4506,住友ファーマ,医薬品,プライム,4506.T,2026-09-09,1545.0,-0.04334365325077394,-0.05417814508723595,0.14444444444444438,0.08917870990482912,-0.1378348214285714,1490.725,1419.1166666666666,0.03640845897130607,0.08870541534052889,-0.30779569892473113,0.4517966176846217,4208100.0,3598105.0,1.1695322954722,5596112222.5,303,True,jpx_liquidity,JPX流動性
199,8050,セイコーグループ,精密機器,プライム,8050.T,2026-09-09,9440.0,0.01724137931034475,-0.11610486891385763,-0.16014234875444844,0.27913279132791335,0.5411060565817487,10824.5,8923.833333333334,-0.127904291191279,0.05784136114898297,-0.2006773920406435,0.774538244827345,772700.0,533405.0,1.4486178419774842,5574879450.0,303,False,jpx_liquidity,JPX流動性
200,5344,ＭＡＲＵＷＡ,ガラス・土石製品,プライム,5344.T,2026-09-09,57740.0,0.028500178126113385,0.1384069400630914,-0.04829404977748475,-0.16197387518142237,-0.008736220227429259,55494.5,59994.5,0.04046346935281875,-0.037578444690763324,-0.27105163489458406,0.5564216517600985,112300.0,102180.0,1.0990409082012136,5538672250.0,303,False,jpx_liquidity,JPX流動性
201,5105,ＴＯＹＯ　ＴＩＲＥ,ゴム製品,プライム,5105.T,2026-09-09,3584.0,0.015873015873015817,-0.026880260657073052,-0.04782146652497343,-0.08664627930682978,-0.02236770321876702,3744.45,3873.4073771158855,-0.042850084792159016,-0.07471648317336976,-0.1626168224299065,0.34539139065080643,2101200.0,1462260.0,1.4369537565138895,5525291925.0,303,False,jpx_liquidity,JPX流動性
202,6323,ローツェ,機械,プライム,6323.T,2026-09-09,3669.0,0.0038303693570451713,-0.038773906209064735,-0.10512195121951218,-0.18557158712541622,0.2804048159134531,3980.75,4296.383333333333,-0.07831438799221258,-0.14602592102659984,-0.27775590551181106,0.41094462275338306,1169200.0,1472560.0,0.7939914163090128,5513001460.0,303,False,jpx_liquidity,JPX流動性
203,6841,横河電機,電気機器,プライム,6841.T,2026-09-09,4637.0,0.02633908809207619,-0.04470539761021841,-0.15274986296363968,-0.10170476559473074,-0.14794572808089645,5072.1,5415.533333333334,-0.08578300901007474,-0.14375930964017092,-0.22999003653271344,0.3944090014102761,1227800.0,1076280.0,1.1407812093507266,5483575705.0,303,False,jpx_liquidity,JPX流動性
204,3402,東レ,繊維製品,プライム,3402.T,2026-09-09,1222.0,0.007835051546391858,-0.03665746945210879,-0.1011401250459728,0.0204592901878915,0.11036359423476583,1287.125,1213.65,-0.05059726133825382,0.006880072508548496,-0.1103021477975974,0.29742425048759125,4420300.0,4366660.0,1.0122839882198293,5476130095.0,303,True,jpx_liquidity,JPX流動性
205,9201,日本航空,空運業,プライム,9201.T,2026-09-09,2990.5,-0.003166666666666651,0.021694567816877397,-0.014986824769433471,0.059146449442181614,0.1722389325228173,3008.5,2953.9083333333333,-0.005983048030580029,0.012387543057361894,-0.03965960179833017,0.16334384811290903,1992400.0,1831115.0,1.0880802134218768,5469667180.0,303,False,jpx_liquidity,JPX流動性
206,7762,シチズン時計,精密機器,プライム,7762.T,2026-09-09,2259.0,-0.026293103448275845,-0.17192082111436946,-0.12947976878612721,0.02309782608695654,0.38491070240536174,2639.1,2431.2833333333333,-0.14402637262703188,-0.0708610678859587,-0.205416813225466,0.6173223560722058,2132800.0,2039865.0,1.045559387508487,5447053280.0,303,False,jpx_liquidity,JPX流動性
207,5714,ＤＯＷＡホールディングス,非鉄金属,プライム,5714.T,2026-09-09,9456.0,0.05054993889567827,0.007136010224731093,-0.004526792293925719,-0.04194528875379944,0.022089850693585378,9758.15,9051.433333333332,-0.030963860977746727,0.04469642008816299,-0.18762886597938144,0.5111679258877261,583600.0,551310.0,1.0585695887975912,5373746765.0,303,True,jpx_liquidity,JPX流動性
208,9602,東宝,情報・通信業,プライム,9602.T,2026-09-09,1594.5,-0.004681647940074862,0.02146060217809098,0.06798392498325523,0.2370054305663305,-0.004681647940074862,1550.15439453125,1436.8431315104167,0.028607218497199716,0.10972448211785912,-0.0767226404169079,0.18816402641559662,2577300.0,3412025.0,0.7553578886438406,5317318477.5,303,False,jpx_liquidity,JPX流動性
209,5805,ＳＷＣＣ,非鉄金属,プライム,5805.T,2026-09-09,14660.0,0.07714915503306385,0.09566517189835566,0.07952871870397638,0.1435257410296411,0.04848974519723437,14146.0,12949.0,0.03633535981903013,0.1321337555023554,-0.22963741460851284,0.5796875440341207,397000.0,384945.0,1.0313161620491238,5309040700.0,303,True,jpx_liquidity,JPX流動性
210,1911,住友林業,建設業,プライム,1911.T,2026-09-09,1259.0,-0.010609037328094262,-0.033768227168073706,-0.06394052044609666,-0.0803506208911614,-0.1293222683264177,1322.7,1334.239396158854,-0.048159068571860586,-0.05639122662354379,-0.15560026827632456,0.18845875540246365,5391300.0,4007965.0,1.3451464770775194,5307446700.0,303,True,jpx_liquidity,JPX流動性
211,3778,さくらインターネット,情報・通信業,プライム,3778.T,2026-09-09,3750.0,0.013513513513513598,0.050420168067226934,0.09011627906976738,0.3157894736842106,0.3476199767816308,3712.25,3239.633333333333,0.010169034951848621,0.15753840455195545,-0.12790697674418605,0.8165322920012672,616600.0,1395065.0,0.441986574102282,5291430450.0,303,False,jpx_liquidity,JPX流動性
212,8593,三菱ＨＣキャピタル,その他金融業,プライム,8593.T,2026-09-09,1379.5,-0.007910823444803983,-0.020936834634492585,-0.021284143313231696,0.03372049456725357,-0.0047831923022254585,1396.075,1388.0333333333333,-0.011872571316010938,-0.006147787036814623,-0.09123847167325427,0.13138352449078863,4517100.0,3769490.0,1.1983318698285443,5251226837.5,303,True,jpx_liquidity,JPX流動性
213,4523,エーザイ,医薬品,プライム,4523.T,2026-09-09,4620.0,-0.006878761822871837,-0.023668639053254448,-0.0737770649558942,0.20910756346506143,-0.009759070845361983,4787.65,4514.0,-0.035017179618393124,0.023482498892335002,-0.10517141196978497,0.21668190547453853,1313000.0,1098225.0,1.1955655717179996,5227658865.0,303,False,jpx_liquidity,JPX流動性
214,6113,アマダ,機械,プライム,6113.T,2026-09-09,2433.0,0.015018773466833446,-0.008355410637864269,-0.11188173024274506,-0.21262135922330094,0.051401808519044856,2588.55,2811.7833333333333,-0.06009155704931335,-0.1347128453472588,-0.23968750000000005,0.4237391657719714,2024600.0,2032115.0,0.9963018825214124,5185997957.5,303,False,jpx_liquidity,JPX流動性
215,4203,住友ベークライト,化学,プライム,4203.T,2026-09-09,7660.0,0.11014492753623184,0.07796228539262584,-0.015424164524421635,0.12763138524952167,0.45242699965771727,7405.15,7275.616666666667,0.03441523804379387,0.052831718731745525,-0.027918781725888353,0.5483544707225699,1511000.0,651065.0,2.320812822068457,5120506015.0,303,True,jpx_liquidity,JPX流動性
216,8304,あおぞら銀行,銀行業,プライム,8304.T,2026-09-09,3358.0,-0.006802721088435382,-0.013513513513513487,0.0181928441479684,0.2033685719405125,0.38462377877215315,3379.25,3093.7083333333335,-0.0062883775985795864,0.08542875998329946,-0.031439284684165014,0.2299594390999972,1097000.0,1507500.0,0.7276948590381426,5094691320.0,303,False,jpx_liquidity,JPX流動性
217,7826,フルヤ金属,その他製品,プライム,7826.T,2026-09-09,11250.0,0.07861936720997131,0.16339193381592554,0.2931034482758621,0.254180602006689,0.6140602582496413,9275.5,8136.169807942709,0.2128726214220258,0.3827145039447801,0.0,0.6958030883448851,950200.0,513740.0,1.849573714330206,5013844450.0,303,True,jpx_liquidity,JPX流動性
218,6869,シスメックス,電気機器,プライム,6869.T,2026-09-09,1818.0,-0.014634146341463428,-0.046670162558993145,-0.06095041322314054,0.2789307069996483,0.3168817898560605,1914.775,1674.475,-0.050541186301262586,0.08571343256841701,-0.08181818181818179,0.31889896973004583,2653300.0,2686475.0,0.9876511041420448,5001803085.0,303,False,jpx_liquidity,JPX流動性
219,7259,アイシン,輸送用機器,プライム,7259.T,2026-09-09,2186.5,0.007139567019806448,-0.019066846119336067,-0.02126230975828114,-0.07859249894648124,-0.03760980806041592,2245.775,2269.4416666666666,-0.026394006523360547,-0.03654716835638716,-0.13182449870954938,0.31164551667922935,4466300.0,2110865.0,2.1158624544914053,4978989672.5,303,True,jpx_liquidity,JPX流動性
220,7309,シマノ,輸送用機器,プライム,7309.T,2026-09-09,18275.0,-0.009485094850948506,-0.05457837558199685,-0.10063976377952755,0.11603053435114496,0.0989176187612748,19608.5,18669.782845052083,-0.06800622179157001,-0.02114555098624027,-0.1324471872774745,0.2693191039733586,271600.0,255920.0,1.061269146608315,4952637175.0,303,False,jpx_liquidity,JPX流動性
221,9532,大阪瓦斯,電気・ガス業,プライム,9532.T,2026-09-09,5945.0,0.01519808743169393,0.017805170347543253,0.07059247253736722,0.08090909090909082,-0.03058028663878165,5650.45,5504.983333333334,0.05212859152810845,0.07993060832760612,-0.09236641221374042,0.1851095839999065,1078800.0,862405.0,1.250920391231498,4911626820.0,303,False,jpx_liquidity,JPX流動性
222,6448,ブラザー工業,電気機器,プライム,6448.T,2026-09-09,4382.0,-0.015280898876404492,-0.10168101681016806,-0.06447480785653292,0.1459205020920502,0.5295465492069802,4703.15,4167.6,-0.06828402241051201,0.0514444764372779,-0.13262074425969916,0.33845731022694353,1248800.0,1033520.0,1.2082978558711974,4866533015.0,303,False,jpx_liquidity,JPX流動性
223,4021,日産化学,化学,プライム,4021.T,2026-09-09,8002.0,0.02301201738685754,0.0042670682730923115,0.009970970591947514,0.025897435897435983,0.2824055119638311,8046.45,8000.35,-0.005524175257411668,0.000206240976957206,-0.07459234416560656,0.3409402267018903,596700.0,609195.0,0.9794893260778569,4858469120.0,303,False,jpx_liquidity,JPX流動性
224,1878,大東建託,不動産業,プライム,1878.T,2026-09-09,3301.0,0.0033434650455927972,-0.005423320277191945,0.015067650676506839,0.0738451528952504,-0.06479639262198156,3295.8,3218.675,0.001577765641118889,0.025577295004932,-0.13085834649815697,0.13792231625426665,1395100.0,1481120.0,0.9419223290482878,4853149780.0,303,False,jpx_liquidity,JPX流動性
225,6134,ＦＵＪＩ,機械,プライム,6134.T,2026-09-09,6999.0,0.04618834080717482,0.02474377745241574,-0.13667201184161837,-0.15501629844259324,0.3343924849265929,7331.85,7717.2,-0.04539781910431884,-0.09306484217073552,-0.21641289744738024,0.5261523233655225,665000.0,665375.0,0.9994364080405786,4846145930.0,303,True,jpx_liquidity,JPX流動性
226,268A,リガク・ホールディングス,精密機器,プライム,268A.T,2026-09-09,1653.0,0.02862476664592406,0.0889328063241106,-0.20757430488974116,-0.35780885780885785,-0.13681462140992162,1739.15,2153.6881022135417,-0.049535692723456926,-0.2324793927676616,-0.4898148148148148,0.633555613360199,2609100.0,2815155.0,0.926805095989386,4817196360.0,303,False,jpx_liquidity,JPX流動性
227,3086,Ｊ．フロント　リテイリング,小売業,プライム,3086.T,2026-09-09,2600.0,-0.005545993497800716,-0.06860111051406059,-0.12649084495212493,0.06666666666666665,0.105912377711612,2888.352990722656,2994.450996907552,-0.0998330161337071,-0.131727317399721,-0.28117224218965997,0.3222435119325179,1206000.0,1636115.0,0.7371120000733444,4775429905.0,303,False,jpx_liquidity,JPX流動性
228,6806,ヒロセ電機,電気機器,プライム,6806.T,2026-09-09,23885.0,0.0063197809142616634,-0.04593569003395248,-0.1160251665433013,-0.1607519325368939,0.14108523428361575,25591.25,27243.0,-0.06667317930933425,-0.12326102117975257,-0.23811802232854862,0.31279006140822463,135900.0,184515.0,0.7365254857328672,4722593800.0,303,False,jpx_liquidity,JPX流動性
229,4183,三井化学,化学,プライム,4183.T,2026-09-09,2141.0,0.007766533301953427,-0.04590017825311943,-0.03991031390134525,-0.020361473347060177,0.12603379576993357,2182.4,2160.5333333333333,-0.018969941348973673,-0.009040977536410755,-0.0771551724137931,0.4105763870485481,2986400.0,2089875.0,1.4289849871403792,4714896592.5,303,False,jpx_liquidity,JPX流動性
230,6856,堀場製作所,電気機器,プライム,6856.T,2026-09-09,21885.0,0.012725590004627474,-0.028844020412691407,-0.11306990881458967,-0.17741026122909231,0.14671207754781235,23430.5,25738.674348958335,-0.06596103369539708,-0.14972310915127984,-0.2422091412742382,0.36574759189016065,184400.0,204405.0,0.9021305741053302,4647864375.0,303,False,jpx_liquidity,JPX流動性
231,1944,きんでん,建設業,プライム,1944.T,2026-09-09,7153.0,0.004211708549768378,0.02214918548156608,0.048519495749047126,-0.02067360350492886,-0.0222616627715565,6951.4,7373.483333333334,0.029001352245590972,-0.02990219457560772,-0.16093841642228734,0.3334228796526215,823500.0,665375.0,1.237647942889348,4595439300.0,303,False,jpx_liquidity,JPX流動性
232,6724,セイコーエプソン,電気機器,プライム,6724.T,2026-09-09,3001.0,0.009757738896366108,-0.06685323383084574,-0.040907638223074416,0.05836713101745716,0.5536406944512382,3133.65,2961.3333333333335,-0.04233082826735601,0.013394867176947267,-0.09526680735604465,0.32683007723708374,1974500.0,1482005.0,1.3323166925887564,4584468770.0,303,False,jpx_liquidity,JPX流動性
233,2269,明治ホールディングス,食料品,プライム,2269.T,2026-09-09,4344.0,-0.014071720381298225,-0.038938053097345104,0.03749701456890375,0.18558951965065495,0.10065488660913147,4382.75,3992.233333333333,-0.008841480805430346,0.08811275226063953,-0.04401408450704225,0.17760488932668272,756900.0,1074110.0,0.704676429788383,4582468470.0,303,False,jpx_liquidity,JPX流動性
234,8113,ユニ・チャーム,化学,プライム,8113.T,2026-09-09,944.0999755859375,-0.023176434986096783,-0.038202934935502086,-0.05872385285549597,0.016910761265634067,0.041248442566874655,982.1699981689453,971.6115570068359,-0.038761133667268965,-0.028315411876790653,-0.10128512557264402,0.16312637534272917,4508500.0,4795850.0,0.9400836139579011,4564421309.70459,303,True,jpx_liquidity,JPX流動性
235,6370,栗田工業,機械,プライム,6370.T,2026-09-09,7574.0,0.010001333511134858,-0.016874350986500475,-0.11228316924519455,-0.1290248390064398,-0.014253635568982737,8036.9,8681.7,-0.057596834600405544,-0.12759021850559227,-0.207989124751647,0.34045770942399506,534300.0,579965.0,0.9212624899778434,4523567250.0,303,False,jpx_liquidity,JPX流動性
236,6302,住友重機械工業,機械,プライム,6302.T,2026-09-09,5700.0,0.020225523536781864,0.03655210038188761,-0.049049049049049054,0.041286079649250906,0.13342612845496116,5777.95,5490.694441731771,-0.01349094401993789,0.038120052115341085,-0.04968322774258083,0.5243086831128858,596300.0,794600.0,0.7504404731940599,4518006830.0,303,False,jpx_liquidity,JPX流動性
237,4082,第一稀元素化学工業,化学,プライム,4082.T,2026-09-09,2518.0,0.0219155844155845,0.017784963621665373,0.2886386898669395,0.2906201947719118,-0.06482949870673949,2354.85,2077.4,0.06928254453574545,0.21209203812457877,-0.16066666666666662,1.1774488853761493,439900.0,1646125.0,0.2672336547953527,4517411885.0,303,False,jpx_liquidity,JPX流動性
238,9506,東北電力,電気・ガス業,プライム,9506.T,2026-09-09,1395.5,0.013803123864874589,0.028750460744563222,0.14104660670482416,0.30909943714821764,0.2473887289635639,1326.35,1185.7083333333333,0.05213555999547648,0.17693361914467443,0.0,0.26628396816984856,4093800.0,3268150.0,1.2526352829582486,4501992065.0,303,True,jpx_liquidity,JPX流動性
239,2587,サントリービバレッジ＆フード,食料品,プライム,2587.T,2026-09-09,4463.0,0.006540369869192597,-0.02554585152838429,-0.037939211036861376,0.04081156716417911,-0.0169603524229075,4538.85,4551.335319010416,-0.016711281492007957,-0.01940865983691631,-0.09838383838383835,0.14623880537388723,978400.0,1014630.0,0.9642924021564511,4491584350.0,303,False,jpx_liquidity,JPX流動性
240,3697,ＳＨＩＦＴ,情報・通信業,プライム,3697.T,2026-09-09,830.9000244140625,-0.029549156075988403,-0.06324687213747182,-0.09310192824325536,0.30480533973282364,0.2589394309303976,914.3937316894531,800.9745778401692,-0.09131045454688969,0.03736129385602638,-0.1402856392072913,0.5581958303805884,3826000.0,4844325.0,0.7897901152379331,4460918354.86908,303,True,jpx_liquidity,JPX流動性
241,4980,デクセリアルズ,化学,プライム,4980.T,2026-09-09,2845.0,0.0235653894585357,-0.025684931506849362,-0.08814102564102566,-0.3360560093348891,0.22137775819904126,2993.075,3614.725,-0.04947253242902361,-0.21294151007338036,-0.433379804819757,0.498507245993397,1276100.0,1471415.0,0.8672604261883969,4431033632.5,303,False,jpx_liquidity,JPX流動性
242,9962,ミスミグループ本社,卸売業,プライム,9962.T,2026-09-09,3550.0,0.004527447651386574,-0.021769082391843497,-0.037157580688906955,-0.06848596168984522,0.2703869950282025,3706.9,3784.75,-0.042326472254444414,-0.06202523284232775,-0.15213756866491523,0.37691626898428504,1471500.0,1193085.0,1.2333572209859314,4374158420.0,303,False,jpx_liquidity,JPX流動性
243,8354,ふくおかフィナンシャルグループ,銀行業,プライム,8354.T,2026-09-09,7592.0,-0.017852522639068558,-0.03014818599897806,0.009440234011434567,0.09190277578023864,0.2832056901898794,7733.5,7429.0,-0.018297019460787434,0.021941041862969524,-0.043949124795365835,0.22632576467496987,771700.0,570090.0,1.3536459155571927,4372633430.0,303,False,jpx_liquidity,JPX流動性
244,8303,ＳＢＩ新生銀行,銀行業,プライム,8303.T,2026-09-09,1521.5,-0.0171188630490956,-0.02154340836012858,-0.036720481164925656,0.02011397921555491,-0.07608321718396405,1570.625,1491.3666666666666,-0.031277357739753264,0.02020518093024304,-0.1708446866485014,0.24006378239358972,3034000.0,2800320.0,1.083447605987887,4343225020.0,188,False,jpx_liquidity,JPX流動性
245,5844,京都フィナンシャルグループ,銀行業,プライム,5844.T,2026-09-09,4753.0,-0.013900414937759287,-0.030197918792083223,-0.0012607690691321949,0.056222222222222173,0.12172572195188458,4912.95,4721.016666666666,-0.032556814134074186,0.006774670710052,-0.06639167157729331,0.2902732435508184,972600.0,873000.0,1.1140893470790378,4331565760.0,303,False,jpx_liquidity,JPX流動性
246,8233,高島屋,小売業,プライム,8233.T,2026-09-09,2101.0,-0.0075578649031649014,-0.0697365508080584,-0.07587420277105783,-0.027314814814814792,0.16431144361318917,2296.6171875,2328.3640625,-0.08517622726360441,-0.09764970442632392,-0.19254419677171408,0.30489008667862966,2141600.0,1835640.0,1.1666775620492036,4319505612.5,303,False,jpx_liquidity,JPX流動性
247,7167,めぶきフィナンシャルグループ,銀行業,プライム,7167.T,2026-09-09,1640.0,-0.019431988041853532,-0.020017926501344485,0.02918104800753052,0.16024053767244428,0.4124439367240491,1671.375,1549.85,-0.0187719691870466,0.05816691937929486,-0.044289044289044344,0.2622242956785414,2697200.0,2558555.0,1.054188790156944,4314580850.0,303,False,jpx_liquidity,JPX流動性
248,1942,関電工,建設業,プライム,1942.T,2026-09-09,5752.0,0.02058197303051812,0.032675044883303306,0.060863150129103705,-0.09303058971933142,-0.036061559651142217,5545.15,5972.016666666666,0.037302868272274026,-0.036841268025038953,-0.2169888374625647,0.39817671781160163,835600.0,781545.0,1.0691642835665254,4294403295.0,303,False,jpx_liquidity,JPX流動性
249,4324,電通グループ,サービス業,プライム,4324.T,2026-09-09,3535.0,-0.019961186581646806,-0.03256704980842917,-0.06973684210526321,0.1399548532731376,0.28428701180744786,3622.05,3442.5,-0.02403335127897188,0.026870007262164153,-0.08750645327826534,0.3886111142998773,946100.0,1212990.0,0.7799734540268263,4280400570.0,303,False,jpx_liquidity,JPX流動性
250,9684,スクウェア・エニックス・ホールディングス,情報・通信業,プライム,9684.T,2026-09-09,2827.0,-0.013607815771109588,-0.04878869448183043,-0.04942837928715538,0.15364211385431537,0.08231038104186172,2923.35,2689.883333333333,-0.032958763062924334,0.05097494934724556,-0.10566276494780136,0.40011080032640345,1009700.0,1647385.0,0.6129107646360747,4235728360.0,303,False,jpx_liquidity,JPX流動性
251,7912,大日本印刷,その他製品,プライム,7912.T,2026-09-09,3055.0,0.006589785831960571,0.005264889766370517,-0.05826140567200988,0.14376637963309613,0.04172605140964958,3153.65,3055.8,-0.03128121383159199,-0.0002617972380392075,-0.07954203073214827,0.16795353524563578,1296200.0,1373845.0,0.9434834351764573,4226311810.0,303,False,jpx_liquidity,JPX流動性
252,9412,スカパーＪＳＡＴ,情報・通信業,プライム,9412.T,2026-09-09,2018.0,0.003980099502487455,0.008999999999999897,-0.15564853556485359,-0.37329192546583856,-0.31190071331255376,2163.85,2405.5,-0.06740300852646897,-0.16108917065059236,-0.5584245076586434,0.29958363707367175,1339900.0,1943005.0,0.6896019310295136,4188132895.0,303,False,jpx_liquidity,JPX流動性
253,6952,カシオ計算機,電気機器,プライム,6952.T,2026-09-09,2081.0,-0.013042447237372579,-0.1446773530620633,-0.12008456659619449,0.15836348455329818,0.49576471094034824,2360.025,2065.4,-0.11822967977034149,0.007553016364868714,-0.17420634920634925,0.5108210935229999,2683900.0,1712455.0,1.5672820599665394,4176155682.5,303,False,jpx_liquidity,JPX流動性
254,6268,ナブテスコ,機械,プライム,6268.T,2026-09-09,4530.0,0.04450080700945347,0.04739884393063587,-0.09436225509796081,-0.10119047619047616,0.06014509712146032,4600.65,4923.837158203125,-0.015356525708323798,-0.07998582112874941,-0.22164948453608246,0.45872730883782387,1327800.0,876845.0,1.514292719921993,4120101175.0,303,True,jpx_liquidity,JPX流動性
255,9508,九州電力,電気・ガス業,プライム,9508.T,2026-09-09,2201.5,0.028257823446987462,0.03697597739048519,0.20961538461538454,0.3084695393759287,0.27967721065135587,2014.75,1827.6083333333333,0.09269140091822803,0.20457975587402477,-0.0038461538461538325,0.4124961108399997,1953800.0,1959920.0,0.9968774235683089,4089700617.5,303,False,jpx_liquidity,JPX流動性
256,3994,マネーフォワード,情報・通信業,プライム,3994.T,2026-09-09,5879.0,-0.027460711331679044,-0.04793522267206474,0.01432022084195994,0.4469603741078021,0.8394868585732165,6199.55,5312.866666666667,-0.05170536571202755,0.10655891985494326,-0.1241060786650775,0.8347317809638295,402200.0,659485.0,0.609869822664655,4085712030.0,303,False,jpx_liquidity,JPX流動性
257,4768,大塚商会,情報・通信業,プライム,4768.T,2026-09-09,3500.0,-0.003416856492027387,-0.0234375,0.023391812865497075,0.2508934953538242,0.19027376296548204,3537.6,3181.2130126953125,-0.010628674807779293,0.10020925541059333,-0.04761904761904767,0.26122877505292286,1217000.0,1173810.0,1.036794711239468,4081801225.0,303,False,jpx_liquidity,JPX流動性
258,4151,協和キリン,医薬品,プライム,4151.T,2026-09-09,2224.0,-0.05882352941176472,-0.06945606694560669,-0.14197530864197527,-0.06887167678459283,-0.053818336524143806,2530.175,2565.588448079427,-0.12100941634471929,-0.13314233946412435,-0.18698592579053186,0.47197512738652964,3318400.0,1522550.0,2.179501494203803,4067431195.0,303,False,jpx_liquidity,JPX流動性
259,5076,インフロニア・ホールディングス,建設業,プライム,5076.T,2026-09-09,2800.0,0.018737493178097253,-0.01737146867871553,0.040892193308550207,0.030927835051546282,0.2717761785702919,2790.35,2744.3083333333334,0.003458347519128546,0.020293516581287863,-0.04175222450376459,0.32533661723360574,1534700.0,1459690.0,1.051387623399489,4051491747.5,303,False,jpx_liquidity,JPX流動性
260,7752,リコー,電気機器,プライム,7752.T,2026-09-09,1539.0,-0.01786853860880666,-0.09310548025928111,-0.06101281269066505,0.05015353121801436,0.16684118783481638,1654.55,1561.475,-0.06983772022604329,-0.014393442098016296,-0.11830421082784304,0.3090273113057798,2344600.0,2440200.0,0.9608228833702156,4020330652.5,303,False,jpx_liquidity,JPX流動性
261,6586,マキタ,機械,プライム,6586.T,2026-09-09,5211.0,0.001922707171697846,-0.006482364156339404,-0.041214351425942986,-0.0865907099035933,0.01027950857383031,5288.2,5541.766666666666,-0.014598540145985384,-0.059686141001966786,-0.13567755846740748,0.2576030830150125,545400.0,785405.0,0.6944188030379231,4019117670.0,303,False,jpx_liquidity,JPX流動性
262,5110,住友ゴム工業,ゴム製品,プライム,5110.T,2026-09-09,2027.5,0.021410579345088054,-0.06134259259259256,-0.16270906462936197,-0.1097694840834248,-0.014341273699562507,2236.475,2232.488289388021,-0.09343945271018006,-0.09182054408187423,-0.1849246231155779,0.35292732367679214,2807600.0,1771905.0,1.584509327531668,4014204975.0,303,False,jpx_liquidity,JPX流動性
263,3197,すかいらーくホールディングス,小売業,プライム,3197.T,2026-09-09,3369.0,-0.014912280701754432,0.00267857142857153,0.05281249999999993,0.21449170872386447,0.0,3328.1,3081.6743204752606,0.012289294191881295,0.09323687373960654,-0.037978298115362685,0.24447032682361178,1120100.0,1232190.0,0.9090318863162337,3993315405.0,303,False,jpx_liquidity,JPX流動性
264,7211,三菱自動車工業,輸送用機器,プライム,7211.T,2026-09-09,356.70001220703125,0.03122295027787403,-0.04676643353586496,0.028843379428635574,0.058457009516413194,0.0041996779233133275,364.4400039672852,352.51500142415364,-0.021238041038295963,0.011871865781513558,-0.12186114847965834,0.44929395230223557,12950700.0,10576660.0,1.224460273848266,3970739159.2655945,303,True,jpx_liquidity,JPX流動性
265,7181,かんぽ生命保険,保険業,プライム,7181.T,2026-09-09,1706.5,-0.012727798669366464,0.004710038269061023,0.034242424242424185,0.0907638223074465,0.11984690233976192,1686.85,1655.275,0.01164893144025858,0.030946519460512523,-0.04956836535783904,0.22248389317199863,2203400.0,2394350.0,0.9202497546306931,3941684337.5,303,False,jpx_liquidity,JPX流動性
266,3088,マツキヨココカラ＆カンパニー,小売業,プライム,3088.T,2026-09-09,2530.0,-0.028417818740399392,-0.015181004281821675,0.005764261578214969,0.08258451005562684,0.030724663628067583,2563.825,2487.975,-0.013193178161535868,0.016891246897577483,-0.06017830609212482,0.17950190109053724,2011400.0,1509975.0,1.3320750343548735,3861136985.0,303,False,jpx_liquidity,JPX流動性
267,4612,日本ペイントホールディングス,化学,プライム,4612.T,2026-09-09,1113.5,-0.0013452914798206539,-0.023245614035087736,-0.12288302481291846,0.04260299625468167,0.06810551558753009,1184.45,1143.3394856770833,-0.05990121997551612,-0.026098535081566232,-0.12288302481291846,0.2951023326808314,2904500.0,3270765.0,0.8880185522347218,3840003720.0,303,False,jpx_liquidity,JPX流動性
268,9005,東急,陸運業,プライム,9005.T,2026-09-09,1655.5,0.0036374658987572417,0.004550970873786309,0.0076080340839927985,-0.02215002953337275,-0.09406088547303659,1651.0,1687.825,0.0027256208358570344,-0.019151867047827897,-0.1395530145530145,0.11029403225401004,2254000.0,2298685.0,0.9805606248790069,3759015700.0,303,False,jpx_liquidity,JPX流動性
269,2875,東洋水産,食料品,プライム,2875.T,2026-09-09,10110.0,0.0004948045522019662,-0.04306672976810222,-0.038058991436726974,0.030581039755351647,-0.05578314854051725,10493.5,10476.016666666666,-0.036546433506456366,-0.03493853420749937,-0.11780104712041883,0.1605207741395198,547100.0,343890.0,1.5909156997877227,3670612975.0,303,False,jpx_liquidity,JPX流動性
270,9435,光通信,情報・通信業,プライム,9435.T,2026-09-09,38330.0,-0.01717948717948714,-0.023190621814475065,-0.038143036386449225,0.06739069896964645,-0.10309333570254287,39372.0,38028.213151041666,-0.026465508483186073,0.007935867187860879,-0.1138248571166669,0.24946796214671757,58200.0,95620.0,0.6086592763020289,3652960900.0,303,False,jpx_liquidity,JPX流動性
271,4631,ＤＩＣ,化学,プライム,4631.T,2026-09-09,4646.0,0.008246527777777679,-0.062171982236576495,-0.17492452495116317,-0.07634194831013918,0.18218829516539436,5117.05,4877.138419596354,-0.09205499262270256,-0.04739222054220138,-0.18132158590308367,0.4178067512373532,536500.0,821650.0,0.65295442098217,3647869545.0,303,False,jpx_liquidity,JPX流動性
272,6674,ジーエス・ユアサ　コーポレーション,電気機器,プライム,6674.T,2026-09-09,5229.0,0.04978919895603284,0.04894684052156473,-0.05271739130434783,-0.17236467236467234,0.04954988594993792,5287.85,5872.633333333333,-0.011129286950272821,-0.10959876035168781,-0.30437674604230414,0.4207887514775079,944300.0,677500.0,1.39380073800738,3634238520.0,303,True,jpx_liquidity,JPX流動性
273,6407,ＣＫＤ,機械,プライム,6407.T,2026-09-09,5310.0,0.05148514851485153,0.037109375,-0.13938411669367912,-0.2814614343707713,0.20827395133718785,5570.5,6427.5,-0.04676420429045869,-0.17386231038506417,-0.35085574572127143,0.5527255272783227,620300.0,705355.0,0.8794153298693566,3633264750.0,303,True,jpx_liquidity,JPX流動性
274,6508,明電舎,電気機器,プライム,6508.T,2026-09-09,10810.0,0.03842459173871271,0.01217228464419473,-0.05175438596491233,0.16111707841031153,0.48064899847821185,11470.5,10268.333333333334,-0.057582494224314495,0.0527511767570199,-0.14612954186413907,0.5810525885119925,233900.0,312520.0,0.7484321003455778,3575189900.0,303,True,jpx_liquidity,JPX流動性
275,3064,ＭｏｎｏｔａＲＯ,小売業,プライム,3064.T,2026-09-09,1867.5,-0.04865002547121755,0.014394350896252073,-0.013210039630118908,0.031198233020430788,0.015773728583084123,1868.0,1885.3239969889323,-0.0002676659528907388,-0.009454076337753747,-0.10281047321643044,0.33166995451387515,2171600.0,1890880.0,1.1484599763073278,3571914272.5,303,False,jpx_liquidity,JPX流動性
276,4204,積水化学工業,化学,プライム,4204.T,2026-09-09,2499.5,-0.0017971246006389663,-0.039023452518262225,-0.06908752327746737,0.02669952762374206,-0.0731674284992122,2617.025,2617.2833333333333,-0.04490786293596738,-0.04500213325522007,-0.09405581732511781,0.192392798057837,1535600.0,1352700.0,1.135211059362756,3563478617.5,303,False,jpx_liquidity,JPX流動性
277,2737,トーメンデバイス,卸売業,プライム,2737.T,2026-09-09,33500.0,0.046875,-0.005934718100890191,0.07371794871794868,1.2393048128342246,1.805390890952042,32029.0,23320.333333333332,0.045927128539760886,0.4365146295793372,-0.042857142857142816,0.675759457834719,87600.0,113000.0,0.7752212389380531,3514104150.0,303,True,jpx_liquidity,JPX流動性
278,5830,いよぎんホールディングス,銀行業,プライム,5830.T,2026-09-09,3721.0,-0.02540597171293868,-0.06507537688442211,-0.02845953002610968,0.17567140600315945,0.28924348338992223,3924.9,3561.7,-0.051950368162246185,0.04472583316955392,-0.07873235949492452,0.31292475134946957,1037900.0,884095.0,1.1739688608124692,3478392735.0,303,False,jpx_liquidity,JPX流動性
279,4528,小野薬品工業,医薬品,プライム,4528.T,2026-09-09,2353.0,-0.029490616621983934,-0.047368421052631615,-0.026076158940397387,0.038852097130242846,0.021586702216629394,2446.675,2404.8,-0.03828665433700851,-0.02154025282767802,-0.08780771467338633,0.18097580157221466,1354600.0,1431600.0,0.9462140262643196,3471175040.0,303,False,jpx_liquidity,JPX流動性
280,3769,ＧＭＯペイメントゲートウェイ,情報・通信業,プライム,3769.T,2026-09-09,8466.0,-0.02454199792602829,-0.0311284046692607,-0.16796068796068797,0.03206144093624275,0.11424058962884964,9254.9,9377.9,-0.08524133161892611,-0.0972392539907655,-0.1752557233317097,0.5787668531536124,419700.0,374490.0,1.1207241848914524,3467815935.0,303,False,jpx_liquidity,JPX流動性
281,5406,神戸製鋼所,鉄鋼,プライム,5406.T,2026-09-09,2035.0,0.0169915042478761,0.0017228648781688616,0.0169915042478761,0.019028542814221394,0.041245988456097615,2023.375,1977.625,0.005745351207759208,0.029012072561785063,-0.020221473278767443,0.23243248954716694,1660300.0,1699085.0,0.9771730078247998,3437435692.5,303,False,jpx_liquidity,JPX流動性
282,1963,日揮ホールディングス,建設業,プライム,1963.T,2026-09-09,2440.0,0.030840726658217132,0.03741496598639449,0.07064501974550241,-0.09226190476190477,0.21114938394525162,2322.15,2380.108333333333,0.050750382188919696,0.025163420432543493,-0.14774711840726507,0.29999626660749484,1743600.0,1430375.0,1.2189810364414926,3416337672.5,303,False,jpx_liquidity,JPX流動性
283,6754,アンリツ,電気機器,プライム,6754.T,2026-09-09,3178.0,0.030145867098865464,-0.011200995644057299,-0.11476323119777154,-0.19217081850533813,0.11208943335936472,3373.0,3799.9,-0.05781203676252589,-0.16366220163688516,-0.3345896147403685,0.40971915200829034,1301600.0,1006820.0,1.2927832184501697,3414835465.0,303,False,jpx_liquidity,JPX流動性
284,2282,日本ハム,食料品,プライム,2282.T,2026-09-09,6142.0,-0.010790787566435811,-0.029086310464748633,-0.00711283543485286,0.008704220725899159,-0.06470640021128615,6291.1,6190.5,-0.023700147827883877,-0.007834585251595194,-0.17123195250303602,0.17829583302035665,615700.0,536060.0,1.1485654590904004,3398690825.0,303,False,jpx_liquidity,JPX流動性
285,3231,野村不動産ホールディングス,不動産業,プライム,3231.T,2026-09-09,916.7999877929688,0.001091941486492054,-0.014087575306117706,-0.00271946049515559,-0.023746127539887474,-0.11216896772497376,926.2600006103515,931.8449991861979,-0.010213128939119853,-0.01614540122699415,-0.14277701001124943,0.13755755349693646,2673400.0,3765865.0,0.7099033024285257,3395934993.0047607,303,False,jpx_liquidity,JPX流動性
286,4812,電通総研,情報・通信業,プライム,4812.T,2026-09-09,2854.0,0.000350508236943492,0.000350508236943492,0.0578206078576724,0.4079921065614207,0.4726522187822497,2781.25,2581.3793395996095,0.026157303370786478,0.10561046035282673,-0.018569463548830822,0.2776663709151939,949500.0,1156290.0,0.8211607814648574,3383192965.0,303,False,jpx_liquidity,JPX流動性
287,3289,東急不動産ホールディングス,不動産業,プライム,3289.T,2026-09-09,1303.5,0.006563706563706528,-0.011751326762698966,-0.005720823798627039,-0.033728687916975586,-0.03143765530798193,1325.875,1318.9833333333333,-0.016875648156877587,-0.01173883925750896,-0.07912398445778879,0.17858404004704215,2451300.0,2549940.0,0.9613167368643968,3365756067.5,303,False,jpx_liquidity,JPX流動性
288,2897,日清食品ホールディングス,食料品,プライム,2897.T,2026-09-09,2916.5,-0.017186183656276333,-0.03682298546895646,-0.009509254542367174,0.06949028236156951,0.004326782781212124,2982.25,2896.35,-0.022047112079805475,0.006957032126642115,-0.07176957352005098,0.19686285227415173,1162300.0,1119530.0,1.038203531839254,3353245910.0,303,False,jpx_liquidity,JPX流動性
289,6770,アルプスアルパイン,電気機器,プライム,6770.T,2026-09-09,2124.0,0.026334863493597593,-0.058510638297872286,-0.029250457038391242,0.008068343616516316,0.05196523784833729,2208.7,2151.0916666666667,-0.03834834970797296,-0.012594380372756508,-0.10247200507077958,0.40000291191460857,1705200.0,1487355.0,1.1464646973990742,3344225727.5,303,False,jpx_liquidity,JPX流動性
290,3003,ヒューリック,不動産業,プライム,3003.T,2026-09-09,1752.0,0.0037238613577772472,-0.010728402032749829,0.0025751072961373023,0.0071859729807415285,-0.06435246995994659,1769.275,1751.3537821451823,-0.009763886337624261,0.0003689819049730314,-0.09246309246309248,0.14088575385392346,1611100.0,1946305.0,0.8277736531530259,3328628705.0,303,False,jpx_liquidity,JPX流動性
291,2267,ヤクルト本社,食料品,プライム,2267.T,2026-09-09,2794.0,-0.012197277709033005,-0.02732811140121849,-0.030702515177797096,0.05613305613305619,0.09965268028848695,2863.95,2816.6916666666666,-0.024424309083608264,-0.00805614151353684,-0.09491415613864596,0.16950884268327532,1392700.0,1136750.0,1.2251594457884318,3323084407.5,303,False,jpx_liquidity,JPX流動性
292,8253,クレディセゾン,その他金融業,プライム,8253.T,2026-09-09,4555.0,-0.004153913423699196,-0.012787169484178573,-0.03659052453468692,0.05831784386617089,0.1106094980122787,4684.15,4589.5,-0.027571704578205125,-0.007517158731887963,-0.05966143682906688,0.21096705152266484,649900.0,697295.0,0.9320302024250855,3288919175.0,303,False,jpx_liquidity,JPX流動性
293,4527,ロート製薬,医薬品,プライム,4527.T,2026-09-09,2835.0,-0.014427255345037415,-0.06712734452122404,-0.0052631578947368585,0.2439666520403685,0.20720269664491275,2929.575,2596.9416666666666,-0.03228283966104295,0.0916687257126172,-0.08725048293625237,0.2679783098873079,979500.0,1154480.0,0.8484339269627884,3285776727.5,303,False,jpx_liquidity,JPX流動性
294,4088,エア・ウォーター,化学,プライム,4088.T,2026-09-09,2920.0,-0.031509121061359835,0.08550185873605942,0.1450980392156862,0.14420062695924774,0.39202444869566966,2648.5,2624.016666666667,0.10251085520105718,0.11279780997325983,-0.031509121061359835,0.3779929354151761,1767500.0,1129010.0,1.565530863322734,3276580135.0,303,False,jpx_liquidity,JPX流動性
295,9042,阪急阪神ホールディングス,陸運業,プライム,9042.T,2026-09-09,4689.0,-0.004247186239116574,0.00882099827882965,0.013837837837837874,0.035099337748344395,0.1357849530378974,4693.85,4602.183333333333,-0.0010332669343929846,0.018864234729168317,-0.08256701232635488,0.1023727242463735,625300.0,705790.0,0.885957579449978,3272037895.0,303,False,jpx_liquidity,JPX流動性
296,6278,ユニオンツール,機械,プライム,6278.T,2026-09-09,13570.0,0.04384615384615387,0.02647503782148264,-0.18154402895054278,-0.48656829360575105,-0.08742434431741763,14562.5,18096.443619791666,-0.06815450643776821,-0.25012890460096804,-0.48656829360575105,0.5627398553990175,205100.0,227375.0,0.9020340846619022,3258664950.0,303,True,jpx_liquidity,JPX流動性
297,8377,ほくほくフィナンシャルグループ,銀行業,プライム,8377.T,2026-09-09,7910.0,-0.02055473006438835,-0.048592735145537636,-0.025982021918482978,0.21188907614524277,0.4140094620050334,8237.0,7609.133333333333,-0.039698919509530195,0.039540201687445764,-0.07937616387337054,0.3242581335674768,375900.0,393865.0,0.9543879247965673,3235465155.0,303,False,jpx_liquidity,JPX流動性
298,5938,ＬＩＸＩＬ,金属製品,プライム,5938.T,2026-09-09,1733.0,-0.006592146746918881,-0.014500995166334962,-0.03722222222222227,-0.001728110599078292,0.058420737112013565,1756.05,1794.0916666666667,-0.013126049941630358,-0.034051585992911915,-0.10253754531330916,0.15649158113923042,2033100.0,1829215.0,1.1114603805457532,3232800502.5,303,False,jpx_liquidity,JPX流動性
299,8359,八十二長野銀行,銀行業,プライム,8359.T,2026-09-09,2622.5,-0.03832049871653831,-0.03867302052785926,0.0071044546850997925,0.10189075630252109,0.3889672263908117,2674.225,2563.2916666666665,-0.019342052370312834,0.023098554917992953,-0.04947444726350125,0.3080165223733312,1556800.0,1199605.0,1.297760512835475,3226465110.0,303,False,jpx_liquidity,JPX流動性
300,5214,日本電気硝子,ガラス・土石製品,プライム,5214.T,2026-09-09,4791.0,0.022407170294494128,0.03678857390175283,-0.046377388535031816,-0.22974276527331194,-0.234664536741214,4838.8,5497.462060546875,-0.00987848226833099,-0.12850694607187485,-0.4154465592972182,0.3486806394937132,688300.0,653280.0,1.0536064168503552,3176625965.0,303,False,jpx_liquidity,JPX流動性
301,3391,ツルハホールディングス,小売業,プライム,3391.T,2026-09-09,2337.0,-0.0017086715079026593,0.04868745793134388,-0.03509496284062763,0.13309090909090915,0.0042973785990545466,2339.8386962890627,2287.996232096354,-0.0012132017021364572,0.02141776599813139,-0.09698608964451316,0.19775844735561102,1771000.0,1302100.0,1.3601105905844406,3139742865.0,303,False,jpx_liquidity,JPX流動性
302,5857,ＡＲＥホールディングス,非鉄金属,プライム,5857.T,2026-09-09,3750.0,0.020408163265306145,-0.0066225165562914245,0.024590163934426146,0.16640746500777603,0.03791946880146524,3828.75,3345.733333333333,-0.020568070519098924,0.12083051050093663,-0.0996398559423769,0.514796006256005,600900.0,840300.0,0.7151017493752231,3133319550.0,303,False,jpx_liquidity,JPX流動性
303,4180,Ａｐｐｉｅｒ　Ｇｒｏｕｐ,情報・通信業,プライム,4180.T,2026-09-09,1393.0,-0.05431093007467758,0.0481565086531226,0.41709053916581884,0.7304347826086957,0.8748317631224765,1326.55,1030.7333333333333,0.050092344804191447,0.35146497639221264,-0.07870370370370372,0.933096397154592,1472100.0,2323665.0,0.6335250563226626,3126951575.0,303,False,jpx_liquidity,JPX流動性
304,4680,ラウンドワン,サービス業,プライム,4680.T,2026-09-09,1196.5,-0.0012520868113522488,-0.06486908948808123,-0.05750295391886573,0.13304924242424243,0.35181993567712766,1309.8,1237.2149546305338,-0.08650175599328136,-0.0329085535849285,-0.12408491947291367,0.3740306506176142,2675400.0,2585155.0,1.0349089319595923,3099181060.0,303,False,jpx_liquidity,JPX流動性
305,3626,ＴＩＳＩ,情報・通信業,プライム,3626.T,2026-09-09,3800.0,-0.01579901579901577,-0.029869798315037,0.005291005291005346,0.20063191153238558,0.1277043607326629,3867.75,3576.15,-0.017516644043694685,0.06259524908071534,-0.0580069410014874,0.2684534235927396,888200.0,790265.0,1.1239267840534504,3093343125.0,303,False,jpx_liquidity,JPX流動性
306,7731,ニコン,精密機器,プライム,7731.T,2026-09-09,1740.0,-0.04185022026431717,-0.08033826638477803,-0.1439114391143912,-0.15962327940111087,-0.0891615368124219,1938.625,2069.0416666666665,-0.10245663808111416,-0.15903095233300435,-0.25209542230818827,0.258742596306319,2854400.0,1535250.0,1.859241165933887,3087320352.5,303,False,jpx_liquidity,JPX流動性
307,7701,島津製作所,精密機器,プライム,7701.T,2026-09-09,3762.0,-0.0010621348911311612,-0.045662100456621,-0.11000709723207946,0.001064395955295394,-0.02625748609702272,4035.8,4053.116666666667,-0.06784280687843802,-0.07182538540300265,-0.11979410388394951,0.20775778015421875,1141300.0,764205.0,1.493447438841672,3077239605.0,303,False,jpx_liquidity,JPX流動性
308,7649,スギホールディングス,小売業,プライム,7649.T,2026-09-09,1307.0,-0.012093726379440617,0.006933744221879756,-0.5380809330270366,-0.5525504964053407,-0.6202789076118536,1480.7174743652345,2487.4058247884113,-0.1173197975796868,-0.47455297122206486,-0.6486559139784946,1.7936292843822919,2503800.0,2127530.0,1.1768576706321414,3074118665.0,303,False,jpx_liquidity,JPX流動性
309,2181,パーソルホールディングス,サービス業,プライム,2181.T,2026-09-09,279.0,-0.01864223714574431,-0.06060606060606055,-0.017605633802816878,0.12636254920220313,0.22380853896305997,292.4349960327148,268.2999979654948,-0.04594182028477822,0.03988073841089368,-0.08314159976299984,0.22455550682216865,12436400.0,10573480.0,1.1761879721718866,3063227542.9804993,303,True,jpx_liquidity,JPX流動性
310,4971,メック,化学,プライム,4971.T,2026-09-09,6220.0,0.018003273322422242,-0.026604068857590035,-0.19115734720416122,-0.42407407407407405,-0.11773049645390066,6815.5,8559.554150390624,-0.0873743672511188,-0.2733266370286186,-0.4637189711198966,0.5438813087376789,181400.0,494290.0,0.36699103764996255,3048243050.0,303,False,jpx_liquidity,JPX流動性
311,9616,共立メンテナンス,サービス業,プライム,9616.T,2026-09-09,3164.0,-0.006281407035175879,-0.018305926155755547,-0.05777248362120313,0.1611009174311926,0.3018163006491632,3317.35,3176.925,-0.04622665681944926,-0.004068399474334461,-0.09132682366456057,0.30077630421938756,822700.0,963300.0,0.854043392504931,3024728215.0,303,False,jpx_liquidity,JPX流動性
312,6368,オルガノ,機械,プライム,6368.T,2026-09-09,12550.0,0.010873942811115533,0.0048038430744594685,-0.12114845938375352,-0.2274546014158203,-0.1430956629353134,13315.25,14815.333333333334,-0.05747169598768331,-0.1529046483373082,-0.33615445649299125,0.4106737794224941,274700.0,222485.0,1.2346899790997146,2978592350.0,303,False,jpx_liquidity,JPX流動性
313,8252,丸井グループ,小売業,プライム,8252.T,2026-09-09,2862.0,-0.012422360248447228,-0.012422360248447228,-0.042008368200836865,0.013456090651558172,-0.03670888156272911,2942.225,2920.258333333333,-0.027266779393146368,-0.0199497190602429,-0.08562300319488814,0.1352618842165571,1161600.0,987230.0,1.1766255077337602,2972188815.0,303,False,jpx_liquidity,JPX流動性
314,8334,群馬銀行,銀行業,プライム,8334.T,2026-09-09,2799.5,-0.020811472542847098,-0.021666957889218907,0.05086336336336328,0.18723494486853265,0.3733083656552425,2792.15,2580.0833333333335,0.0026323800655407847,0.08504247278834653,-0.03797250859106527,0.27112931885022334,1446200.0,1039330.0,1.3914733530255068,2954464132.5,303,False,jpx_liquidity,JPX流動性
315,1515,日鉄鉱業,鉱業,プライム,1515.T,2026-09-09,3740.0,0.059490084985835745,0.11309523809523814,0.1316187594553706,0.4373558800922368,0.3383858526895247,3611.25,3003.9166666666665,0.03565247490481127,0.24504119621605125,-0.06148055207026348,0.8244116431946505,600500.0,820610.0,0.7317727056701722,2929889025.0,303,True,jpx_liquidity,JPX流動性
316,3405,クラレ,化学,プライム,3405.T,2026-09-09,1785.5,0.013912549687677522,-0.04314040728831725,-0.06199106908326768,0.006198929275852416,0.06406436233611434,1836.25,1788.769384765625,-0.027637848876786886,-0.0018277284894684387,-0.08646712714249172,0.2628095624118052,1306700.0,1622120.0,0.8055507607328681,2924111682.5,303,False,jpx_liquidity,JPX流動性
317,2432,ディー・エヌ・エー,情報・通信業,プライム,2432.T,2026-09-09,2489.0,-0.04654280789120857,-0.04581176921602459,-0.009156050955414052,-0.07126865671641791,0.011960154259507139,2537.15,2502.675,-0.018977987111522765,-0.005464153355909218,-0.09835174787176237,0.2789729296613677,1261800.0,1135705.0,1.1110279518008639,2911577350.0,303,False,jpx_liquidity,JPX流動性
318,6460,セガサミーホールディングス,機械,プライム,6460.T,2026-09-09,3146.0,0.004469987228607808,-0.010691823899371067,0.1390296886314264,0.47181286549707613,0.20596174487455188,2969.725,2624.9333333333334,0.05935734790258351,0.19850662873977742,-0.010691823899371067,0.31002018160968825,1010900.0,980490.0,1.0310151046925518,2898356812.5,303,False,jpx_liquidity,JPX流動性
319,3132,マクニカホールディングス,卸売業,プライム,3132.T,2026-09-09,3551.0,0.03076923076923066,0.0019751693002256765,-0.034004352557127304,0.06381066506890343,0.5657163685325468,3553.75,3391.766666666667,-0.0007738304607808333,0.04694701876111762,-0.07670306812272487,0.5242171674463091,728500.0,808400.0,0.9011627906976745,2895134800.0,303,False,jpx_liquidity,JPX流動性
320,7581,サイゼリヤ,小売業,プライム,7581.T,2026-09-09,7220.0,-0.03475935828877008,0.03735632183908044,-0.05620915032679741,0.3272058823529411,0.11591962905718711,7249.2139892578125,6708.2379964192705,-0.004029952668124115,0.07628858783094739,-0.13116726835138393,0.272361700500422,472300.0,396840.0,1.1901522023989517,2869259400.0,303,False,jpx_liquidity,JPX流動性
321,1893,五洋建設,建設業,プライム,1893.T,2026-09-09,1510.0,0.03708791208791218,0.054101221640488584,0.06412966878083148,-0.17010167628469364,-0.14417280653427256,1446.325,1563.35,0.04402537465645695,-0.03412543576294491,-0.3027014546294159,0.34740360276088833,2959100.0,1982175.0,1.4928550708186714,2863484042.5,303,True,jpx_liquidity,JPX流動性
322,4208,ＵＢＥ,化学,プライム,4208.T,2026-09-09,3416.0,0.007075471698113178,-0.030096536059057377,-0.06410958904109587,0.0665001561036529,0.38376927737283584,3545.65,3332.9166666666665,-0.03656593290369892,0.024928116014501844,-0.06895611883346964,0.22193570131026374,719400.0,843555.0,0.8528193182424383,2861036390.0,303,False,jpx_liquidity,JPX流動性
323,3861,王子ホールディングス,パルプ・紙,プライム,3861.T,2026-09-09,864.0,-0.007124812824705118,-0.010309278350515427,-0.010875787063537534,0.08365736012572333,-0.021160715977363243,872.1700012207032,847.6083333333333,-0.009367441220482609,0.01933872759627575,-0.036252091466815406,0.1417290638047453,3221900.0,3265595.0,0.9866195899981474,2855141515.8154297,303,False,jpx_liquidity,JPX流動性
324,7220,武蔵精密工業,輸送用機器,プライム,7220.T,2026-09-09,2776.0,0.03427719821162434,-0.0453920220082531,-0.20229885057471264,-0.40236813778256186,-0.012672494741863716,3204.35,3520.7,-0.1336776569351038,-0.21152043627687667,-0.7149897330595483,0.6230727691993728,1021200.0,894190.0,1.1420391639360763,2827889600.0,303,True,jpx_liquidity,JPX流動性
325,6592,マブチモーター,電気機器,プライム,6592.T,2026-09-09,1683.5,0.0035767511177347,-0.030521163259429884,-0.0002969121140142805,0.08020532563362215,0.025898842169408853,1746.125,1661.3022542317708,-0.03586512993056057,0.013361653914383043,-0.057390817469204936,0.27652867988280444,879800.0,1628370.0,0.540294896123117,2824813465.0,303,False,jpx_liquidity,JPX流動性
326,4368,扶桑化学工業,化学,プライム,4368.T,2026-09-09,2875.0,0.02131438721136769,0.013751763046544463,-0.15066469719350073,-0.2962056303549572,-0.06215411158932549,3078.1,3756.2833333333333,-0.06598226178486721,-0.23461577712011428,-0.4126659856996936,0.4604424503922709,556200.0,932750.0,0.5963012597158939,2819353225.0,303,False,jpx_liquidity,JPX流動性
327,4443,Ｓａｎｓａｎ,情報・通信業,プライム,4443.T,2026-09-09,1976.0,-0.00952380952380949,-0.06395073424917097,-0.0035300050428643814,0.3387533875338753,0.7422090313920449,2132.15,1863.4666666666667,-0.0732359355580049,0.060389238694905645,-0.1464362850971922,0.6817106940613714,1496000.0,1280050.0,1.1687043474864263,2808854635.0,303,False,jpx_liquidity,JPX流動性
328,6376,日機装,精密機器,プライム,6376.T,2026-09-09,3420.0,0.004405286343612369,-0.05785123966942152,-0.08433734939759041,-0.07692307692307687,0.42440649729279456,3643.25,3815.0441284179688,-0.06127770534550192,-0.10354903249357339,-0.22006841505131125,0.8911535240389675,246500.0,759460.0,0.32457272272404075,2782945850.0,303,False,jpx_liquidity,JPX流動性
329,5301,東海カーボン,ガラス・土石製品,プライム,5301.T,2026-09-09,1980.0,0.0927152317880795,0.0927152317880795,0.0888094583447896,0.08671789242590555,1.087726643852922,1775.7,1709.9456502278647,0.11505321844906224,0.15793153995049392,0.0,0.5862784152092699,3923100.0,1407970.0,2.7863519819314333,2781702602.5,303,True,jpx_liquidity,JPX流動性
330,6951,日本電子,電気機器,プライム,6951.T,2026-09-09,7329.0,0.07321716210279683,0.08145196989818504,-0.13725721012360215,0.10944595821980019,0.2268833901881646,7279.15,7611.033333333334,0.006848327071155236,-0.03705585312550641,-0.18584758942457236,0.7471334794766739,533600.0,358745.0,1.4874074899998606,2774260710.0,303,True,jpx_liquidity,JPX流動性
331,7951,ヤマハ,その他製品,プライム,7951.T,2026-09-09,1230.0,-0.017964071856287456,-0.06782872300113685,-0.11954187544738726,0.09870477891916041,0.12141232494487353,1315.0,1243.2166666666667,-0.06463878326996197,-0.010631024358854102,-0.12517780938833567,0.24165655941152922,3058700.0,2062720.0,1.482847890164443,2751177617.5,303,False,jpx_liquidity,JPX流動性
332,3092,ＺＯＺＯ,小売業,プライム,3092.T,2026-09-09,1106.5,-0.02511013215859026,-0.02122954444935865,-0.04240588489831243,0.01235132662397076,-0.0010536687808001544,1134.1,1145.425,-0.0243364782647032,-0.03398301940327819,-0.0963658636178032,0.21884366709709607,3194100.0,2391690.0,1.3354991658617965,2741755727.5,303,False,jpx_liquidity,JPX流動性
333,2579,コカ・コーラ　ボトラーズジャパンホールディングス,食料品,プライム,2579.T,2026-09-09,3754.0,-0.01366263794009459,-0.03989769820971867,-0.04599745870393901,0.007244432519452726,-0.06384039900249372,3874.25,4057.3485473632813,-0.031038265470736293,-0.07476521768395183,-0.1823132215203659,0.24557730617684695,578900.0,708895.0,0.8166230541899717,2708812175.0,303,False,jpx_liquidity,JPX流動性
334,3349,コスモス薬品,小売業,プライム,3349.T,2026-09-09,6625.0,-0.028307421531240884,0.032896788275647015,0.01844734819369709,0.0772357723577235,-0.03120390266026929,6542.05,6398.916666666667,0.012679511773832308,0.03533150142602248,-0.05411193603655051,0.3019409160897431,516100.0,401395.0,1.2857658914535557,2708033995.0,303,False,jpx_liquidity,JPX流動性
335,3288,オープンハウスグループ,不動産業,プライム,3288.T,2026-09-09,7568.0,-0.0036861506055818616,-0.022348533781165192,-0.08576950954336793,-0.12871287128712872,-0.2507650776911331,7935.6,8301.15,-0.046322899339684476,-0.0883190883190883,-0.27474844274077626,0.17382116974859135,193600.0,366740.0,0.5278944211157769,2705349010.0,303,False,jpx_liquidity,JPX流動性
336,9831,ヤマダホールディングス,小売業,プライム,9831.T,2026-09-09,693.0999755859375,0.0001442649147727071,-0.015762619183014692,0.004929626386443564,0.028796145209129875,0.33158466167377876,703.3850036621094,687.6799997965495,-0.014622188449602724,0.007881537620683332,-0.09375001745742761,0.21012231341826434,3848900.0,3763045.0,1.0228152998436106,2638407150.0549316,303,True,jpx_liquidity,JPX流動性
337,9142,九州旅客鉄道,陸運業,プライム,9142.T,2026-09-09,3550.0,0.0016930022573362624,-0.0166204986149584,0.019821890261419117,0.01226119190191044,-0.04040516695569518,3537.9,3542.0833333333335,0.003420107973656661,0.0022350311728032146,-0.06848596168984522,0.12303078584604168,874800.0,724620.0,1.2072534569843505,2627004520.0,303,False,jpx_liquidity,JPX流動性
338,6027,弁護士ドットコム,サービス業,プライム,6027.T,2026-09-09,5290.0,0.06760847628657918,0.03929273084479368,0.9962264150943396,1.5420470927438732,0.8980983135988518,4630.5,3076.883333333333,0.14242522405787716,0.7192722072660105,-0.013059701492537323,1.3728703868856087,383100.0,579975.0,0.6605457131772922,2622959975.0,303,True,jpx_liquidity,JPX流動性
339,2871,ニチレイ,食料品,プライム,2871.T,2026-09-09,2142.0,-0.0037209302325581506,-0.005340143951706566,-0.013812154696132617,0.02414535022710984,0.1125308640722924,2152.425,2149.95,-0.004843374333600603,-0.0036977604130328245,-0.09005947323704333,0.16074830768487633,1446300.0,1210865.0,1.1944353829700256,2593418097.5,303,False,jpx_liquidity,JPX流動性
340,4091,日本酸素ホールディングス,化学,プライム,4091.T,2026-09-09,5438.0,0.013228991988075256,-0.013783097569822322,-0.11375488917861798,-0.033759772565742696,-0.12261867941357618,5694.05,5849.1,-0.04496799290487441,-0.0702843172453882,-0.15057794439237737,0.2638589843462134,569000.0,444110.0,1.2812141136204995,2588418360.0,303,False,jpx_liquidity,JPX流動性
341,4042,東ソー,化学,プライム,4042.T,2026-09-09,2594.0,0.01229268292682928,-0.03281133482475762,-0.05207381691942259,-0.145867632532104,0.11578328334635524,2666.025,2759.6666666666665,-0.02701587569508912,-0.060031404759028795,-0.1483913328956008,0.2341525372565207,1051300.0,981355.0,1.0712739019009432,2587193620.0,303,False,jpx_liquidity,JPX流動性
342,3498,霞ヶ関キャピタル,不動産業,プライム,3498.T,2026-09-09,7470.0,0.012195121951219523,0.02188782489740082,-0.05681818181818177,0.18949044585987251,0.15993788819875787,7613.386206054687,7205.962068684896,-0.018833433924665077,0.036641593280450246,-0.07891491985203447,0.42794905159105956,206200.0,332660.0,0.619852101244514,2579150250.0,303,False,jpx_liquidity,JPX流動性
343,4461,第一工業製薬,化学,プライム,4461.T,2026-09-09,13140.0,0.08326463314097277,0.024162120031177015,-0.12107023411371243,0.14260869565217393,0.46870834404863215,13724.0,12445.5,-0.04255319148936165,0.05580330239845721,-0.15280464216634426,0.7327402084979879,241500.0,186035.0,1.2981428225871476,2548791650.0,303,True,jpx_liquidity,JPX流動性
344,4912,ライオン,化学,プライム,4912.T,2026-09-09,1775.5,-0.01824716615980093,-0.055585106382978755,-0.060333421540089915,0.07183821309990934,0.03678832116788322,1866.775,1758.6098897298177,-0.04889448380227934,0.00960423933063237,-0.07017543859649122,0.21036355356576658,1244200.0,1369910.0,0.9082348475447292,2509135635.0,303,False,jpx_liquidity,JPX流動性
345,6996,ニチコン,電気機器,プライム,6996.T,2026-09-09,2535.0,0.024656426839126944,-0.025374855824682796,-0.12976313079299695,-0.37714987714987713,0.3458477409420413,2713.25,3284.55,-0.06569612088823362,-0.228204776910079,-0.46855345911949686,0.5263719090854991,1191200.0,914415.0,1.3026907913802814,2506266030.0,303,False,jpx_liquidity,JPX流動性
346,429A,テクセンドフォトマスク,その他製品,プライム,429A.T,2026-09-09,3810.0,0.01464713715046595,0.07323943661971821,-0.015503875968992276,-0.06388206388206386,0.27066656222820007,3744.5,4022.5833333333335,0.017492322072372835,-0.05284746535186757,-0.2658959537572254,0.5421913350184661,449100.0,699540.0,0.6419933098893559,2503497925.0,220,False,jpx_liquidity,JPX流動性
347,6473,ジェイテクト,機械,プライム,6473.T,2026-09-09,2037.5,0.013429495150460102,-0.05011655011655014,-0.039820923656927465,-0.01474854932301739,0.1925587398339712,2109.8,2092.983333333333,-0.0342686510569723,-0.026509209342326256,-0.08055054151624552,0.46249785136978044,1624400.0,1134580.0,1.431719226497911,2499992142.5,303,False,jpx_liquidity,JPX流動性
348,5741,ＵＡＣＪ,非鉄金属,プライム,5741.T,2026-09-09,2261.0,0.022614201718679228,0.012539184952978122,-0.06570247933884299,-0.25625,-0.09364212537238648,2329.15,2436.366666666667,-0.02925960114204762,-0.07197876619556443,-0.36755244755244754,0.4190906480637101,584800.0,1066960.0,0.5480992727000075,2469643140.0,303,False,jpx_liquidity,JPX流動性
349,5471,大同特殊鋼,鉄鋼,プライム,5471.T,2026-09-09,2385.5,0.02250321474496353,0.07141253087805977,0.023161055114732987,-0.030284552845528445,0.22126173569885377,2324.4,2446.025,0.026286353467561474,-0.024744227879927694,-0.19354293441514536,0.5008983841755035,847300.0,1050920.0,0.806245955924333,2464839525.0,303,False,jpx_liquidity,JPX流動性
350,9509,北海道電力,電気・ガス業,プライム,9509.T,2026-09-09,1132.0,0.0008841732979663064,0.005775211017325699,0.11472181191531261,0.19107741048080995,0.08767383897206726,1095.3,1017.696664428711,0.03350680178946419,0.11231572193022155,-0.03330486763450047,0.3228725395792125,1531800.0,2238495.0,0.6842990491379253,2454362385.0,303,False,jpx_liquidity,JPX流動性
351,6941,山一電機,電気機器,プライム,6941.T,2026-09-09,7630.0,0.058252427184465994,0.0146276595744681,-0.07402912621359226,-0.21663244353182753,-0.15261621522545132,7957.5,8794.666666666666,-0.04115614200439832,-0.13242874469375376,-0.3211743772241993,0.6351086212296646,324400.0,305055.0,1.0634147940535312,2449480450.0,303,True,jpx_liquidity,JPX流動性
352,4043,トクヤマ,化学,プライム,4043.T,2026-09-09,4032.0,0.028309104820198883,0.021535343298707987,-0.001980198019801982,-0.2094117647058824,0.08681898649685116,4054.3,4417.083333333333,-0.005500332979799238,-0.0871804546740873,-0.2828175026680897,0.40661503555625594,420600.0,602500.0,0.698091286307054,2396809325.0,303,False,jpx_liquidity,JPX流動性
353,6997,日本ケミコン,電気機器,プライム,6997.T,2026-09-09,2731.0,0.039193302891933124,-0.007991282237559072,-0.07611637347767253,-0.42985386221294364,0.805142849489183,2826.25,3693.8333333333335,-0.03370190181335697,-0.2606596579885395,-0.5433110367892977,0.6539811874264532,1588700.0,829720.0,1.914742322711276,2392803000.0,303,True,jpx_liquidity,JPX流動性
354,4902,コニカミノルタ,電気機器,プライム,4902.T,2026-09-09,574.9000244140625,-0.021946178371561653,-0.1379517118489103,-0.1424522621153962,-0.02509748598711714,0.16946140455746872,649.7450012207031,619.6833343505859,-0.11519130838409875,-0.07226805604422992,-0.1739942177958872,0.4640119838295147,5333900.0,3598455.0,1.4822750319234226,2388158363.1115723,303,True,jpx_liquidity,JPX流動性
355,5021,コスモエネルギーホールディングス,石油・石炭製品,プライム,5021.T,2026-09-09,4520.0,0.01916572717023679,0.05954055321143925,0.10702914523634588,0.226927252985885,0.03560206530619636,4267.65,3993.6833333333334,0.05913090342460148,0.13178728074751378,-0.016531416575910285,0.2387231043449084,667100.0,554120.0,1.2038908539666497,2382748975.0,303,False,jpx_liquidity,JPX流動性
356,6135,牧野フライス製作所,機械,プライム,6135.T,2026-09-09,14760.0,-0.0060606060606061,-0.03592423252775967,0.016528925619834656,0.04163726182074812,0.31191823287402753,15374.5,14932.333333333334,-0.03996877947250321,-0.011540951402995825,-0.10164333536214243,0.48327163354511077,107600.0,152955.0,0.7034748782321598,2373647800.0,303,False,jpx_liquidity,JPX流動性
357,1808,長谷工コーポレーション,建設業,プライム,1808.T,2026-09-09,2821.5,0.0076785714285714235,-0.027906976744186074,0.018959913326110467,0.04249030112691665,-0.03903148000954915,2849.05,2801.9666666666667,-0.009669889963321188,0.006971293972090953,-0.06654127786566999,0.18361277035696777,1120900.0,828520.0,1.3528943175783323,2369409712.5,303,False,jpx_liquidity,JPX流動性
358,2492,インフォマート,サービス業,プライム,2492.T,2026-09-09,701.0,-0.002844950213371278,0.06212121212121202,0.1861252115059222,0.8594164456233422,0.7837150127226462,632.1,528.9883565266927,0.10900174023097597,0.3251709444092985,-0.002844950213371278,0.7299838716431817,3269600.0,3745805.0,0.8728697836646595,2368854170.0,303,False,jpx_liquidity,JPX流動性
359,1969,高砂熱学工業,建設業,プライム,1969.T,2026-09-09,4502.0,0.02551252847380403,0.05211498013554561,0.0887545344619105,-0.06325426550145652,-0.020584091221975354,4320.55,4545.483333333334,0.04199696797861385,-0.00956627274693933,-0.13189355958349402,0.29186162734635446,535700.0,557770.0,0.9604317191673988,2353642070.0,303,False,jpx_liquidity,JPX流動性
360,8341,七十七銀行,銀行業,プライム,8341.T,2026-09-09,3845.0,-0.01029601029601035,-0.03246099647710121,0.028624933119315132,0.15778380006022275,0.30892387729403814,3878.15,3611.9,-0.008547890102239442,0.0645366704504553,-0.04614239642768547,0.2863087574541355,578700.0,609220.0,0.9499031548537474,2352662045.0,303,False,jpx_liquidity,JPX流動性
361,8227,しまむら,小売業,プライム,8227.T,2026-09-09,3229.0,-0.02032766990291257,-0.007072570725707217,-0.04147804756683626,-0.027409638554216853,-0.0723929905199655,3302.4194946289062,3332.2470499674478,-0.022232031620548653,-0.030984212280555923,-0.09577149257910944,0.16587059182583697,694200.0,719415.0,0.9649506891015617,2349552845.0,303,False,jpx_liquidity,JPX流動性
362,4061,デンカ,化学,プライム,4061.T,2026-09-09,3308.0,0.027648337993165573,0.023514851485148425,-0.08008898776418238,-0.217411876035013,0.028409055115450776,3377.05,3746.6833333333334,-0.020446839697369046,-0.11708577808817577,-0.2702404588572689,0.32552869671765106,520900.0,722655.0,0.7208142197867585,2348381610.0,303,False,jpx_liquidity,JPX流動性
363,7282,豊田合成,輸送用機器,プライム,7282.T,2026-09-09,5089.0,0.007124480506629727,-0.05373744886574938,-0.01794673871092245,0.05690550363447566,0.19559968393491856,5323.95,5181.2,-0.044130767569191987,-0.017795105380992826,-0.08815624440064507,0.4261258877772422,524200.0,433210.0,1.2100367027538608,2346963880.0,303,False,jpx_liquidity,JPX流動性
364,8804,東京建物,不動産業,プライム,8804.T,2026-09-09,3335.0,-0.002691387559808578,-0.01477104874446089,-0.01272942569567792,-0.01067932364283597,-0.12421218487394958,3389.65,3366.499141438802,-0.016122608528904236,-0.009356646211809094,-0.15398274987316085,0.1437092120866464,876700.0,692330.0,1.2663036413271127,2344412030.0,303,False,jpx_liquidity,JPX流動性
365,9143,ＳＧホールディングス,陸運業,プライム,9143.T,2026-09-09,1455.0,-0.009867301803334505,-0.01154891304347827,-0.09147674055572896,-0.014227642276422814,-0.011163173473857424,1536.775,1552.3583333333333,-0.053212083746807526,-0.0627164046101899,-0.12349397590361444,0.18497983682526187,1270000.0,1518935.0,0.8361121443643079,2340525580.0,303,False,jpx_liquidity,JPX流動性
366,4403,日油,化学,プライム,4403.T,2026-09-09,2654.0,0.024710424710424617,-0.013382899628252787,-0.03525990548891311,-0.029261155815654694,-0.09801145368162345,2723.85,2731.758333333333,-0.02564384969803768,-0.028464572573830615,-0.20012055455093425,0.2023374469651219,1000600.0,851025.0,1.175758643988132,2323153030.0,303,False,jpx_liquidity,JPX流動性
367,2212,山崎製パン,食料品,プライム,2212.T,2026-09-09,3848.0,-0.010542555926973507,0.008914525432616616,0.08424908424908417,0.23969072164948457,0.21502999684243762,3672.85,3424.9,0.047687762908912745,0.12353645361908372,-0.010542555926973507,0.23917251778420462,653500.0,623465.0,1.0481743161203916,2304366860.0,303,False,jpx_liquidity,JPX流動性
368,2501,サッポロビール,食料品,プライム,2501.T,2026-09-09,1845.0,-0.016524520255863484,-0.006194451925666589,-0.09292035398230092,0.1067786442711458,0.1346863468634687,1910.6,1945.1174255371093,-0.03433476394849777,-0.05147114730590807,-0.1470180305131762,0.22550517582930896,1024200.0,1261880.0,0.8116461153199988,2280979795.0,303,False,jpx_liquidity,JPX流動性
369,4205,日本ゼオン,化学,プライム,4205.T,2026-09-09,2347.5,-0.0027612574341546736,-0.05666063893911999,-0.04534363562423749,0.005784061696658016,0.29585787094008364,2436.275,2354.5583333333334,-0.036438825666232244,-0.0029977313508903203,-0.10332314744079452,0.34642553850073055,755300.0,920795.0,0.8202694410808051,2264603605.0,303,False,jpx_liquidity,JPX流動性
370,4536,参天製薬,医薬品,プライム,4536.T,2026-09-09,1758.5,-0.004528729125389153,-0.05836680053547527,-0.10713379030210712,-0.07568988173455982,0.07363205303576725,1870.575,1975.175,-0.05991473210109188,-0.10969914058247998,-0.21355098389982108,0.2573027005250554,983000.0,1206540.0,0.8147264077444594,2261138762.5,303,False,jpx_liquidity,JPX流動性
371,1662,石油資源開発,鉱業,プライム,1662.T,2026-09-09,1911.0,0.008443271767810012,-0.006756756756756799,0.05289256198347103,0.15468277945619335,-0.24128215942149656,1873.0,1745.9166666666667,0.020288307528029792,0.09455395923822252,-0.2906458797327395,0.2824248953650454,1403600.0,1220320.0,1.150190114068441,2254788840.0,303,False,jpx_liquidity,JPX流動性
372,9504,中国電力,電気・ガス業,プライム,9504.T,2026-09-09,1086.5,0.011167985109353129,0.06363191385217815,0.18613537117903922,0.18977221361849916,0.14025395436118626,999.4,942.9683319091797,0.08715229137482483,0.1522126069708185,0.0,0.2880929111751224,1526900.0,2243295.0,0.6806505608936854,2246746268.2907104,303,False,jpx_liquidity,JPX流動性
373,4114,日本触媒,化学,プライム,4114.T,2026-09-09,2538.5,0.0188641380694361,-0.0445991719984945,-0.04513823584728227,0.19995272985109902,0.1130267977760222,2633.375,2308.633333333333,-0.036027910950776065,0.09956828715401622,-0.07133711359063477,0.2511299328161594,864800.0,902830.0,0.9578768981978889,2245269970.0,303,False,jpx_liquidity,JPX流動性
374,3923,ラクス,情報・通信業,プライム,3923.T,2026-09-09,1020.5,-0.024844720496894457,-0.060745513115508465,-0.0676107811786204,0.12949640287769792,0.3180505567702594,1107.475,1033.5133341471353,-0.0785345041648795,-0.012591355831779394,-0.13259668508287292,0.5655162743625284,1852300.0,2015910.0,0.9188406228452659,2241499652.5,303,False,jpx_liquidity,JPX流動性
375,9064,ヤマトホールディングス,陸運業,プライム,9064.T,2026-09-09,1932.5,-0.008211444701052062,0.009138381201044377,-0.002323180175529127,0.08263305322128844,0.12072462440493292,1942.925,1935.825,-0.005365621421310585,-0.0017176139372102606,-0.11353211009174313,0.16386648271793822,966100.0,1154855.0,0.8365552385364396,2239704497.5,303,False,jpx_liquidity,JPX流動性
376,9861,吉野家ホールディングス,小売業,プライム,9861.T,2026-09-09,3803.0,-0.005491631799163232,-0.010665972944849167,0.014403841024273056,0.21812940422805904,0.1989281210592686,3808.1264770507814,3565.1254923502606,-0.0013461940094887659,0.06672261836508975,-0.058663366336633715,0.14310610296559914,297600.0,601060.0,0.495125278674342,2238794565.0,303,False,jpx_liquidity,JPX流動性
377,6471,日本精工,機械,プライム,6471.T,2026-09-09,1060.5,0.0,-0.035031847133757954,-0.0985975350616235,-0.12064676616915426,-0.0668598478188227,1119.25,1144.6333333333334,-0.05249050703596159,-0.07350243163749681,-0.2309644670050761,0.34397074479226086,3253900.0,1921670.0,1.6932667939864805,2237825202.5,303,False,jpx_liquidity,JPX流動性
378,9023,東京地下鉄,陸運業,プライム,9023.T,2026-09-09,1526.0,-0.0019620667102681066,0.02795554058605587,0.042349726775956276,0.13204747774480707,-0.04932356754316636,1477.475,1449.2666666666667,0.03284319531633373,0.05294631767790614,-0.08540605334132456,0.14190183906053117,2249100.0,1467865.0,1.532225374949331,2227342480.0,303,False,jpx_liquidity,JPX流動性
379,8358,スルガ銀行,銀行業,プライム,8358.T,2026-09-09,2839.0,-0.023727647867950452,-0.03006491288008195,0.012843382090617306,0.18538622129436333,0.5270030061301154,2917.15,2693.5833333333335,-0.026789846254049343,0.05398632552671456,-0.05208681135225379,0.25134119277948574,507900.0,799205.0,0.6355065346187774,2218143285.0,303,False,jpx_liquidity,JPX流動性
380,9009,京成電鉄,陸運業,プライム,9009.T,2026-09-09,1396.0,0.004677941705649502,0.043738317757009426,0.09361535448491964,0.26506570004531027,0.1507917356559485,1337.975,1255.6666666666667,0.043367775930043706,0.11176002123705864,0.0,0.1411461463531365,2007300.0,1625825.0,1.2346347239093998,2215138035.0,303,False,jpx_liquidity,JPX流動性
381,6622,ダイヘン,電気機器,プライム,6622.T,2026-09-09,12500.0,0.03220478943022287,0.024590163934426146,-0.07952871870397649,-0.2293464858199753,0.020226793227925866,13019.0,14817.166666666666,-0.039864812965665575,-0.1563839240520567,-0.35732647814910024,0.5097977745366084,137700.0,177550.0,0.7755561813573641,2208656650.0,303,True,jpx_liquidity,JPX流動性
382,5991,日本発條,金属製品,プライム,5991.T,2026-09-09,3325.0,0.019625881631401443,0.01186853317102865,-0.07792567942318362,-0.1147497337593184,0.26480416254598294,3452.85,3667.65,-0.03702738317621668,-0.09342494512835198,-0.21635635163799194,0.3746224803163007,483700.0,642060.0,0.753356384138554,2180822505.0,303,False,jpx_liquidity,JPX流動性
383,4676,フジ・メディア・ホールディングス,情報・通信業,プライム,4676.T,2026-09-09,4022.0,-0.00984736582964052,-0.030609785490479657,-0.035491606714628254,-0.010578105781057778,0.10477766483886253,4136.05,4072.866666666667,-0.027574618295233444,-0.012489155877105418,-0.08299133606931142,0.16503667643922681,536400.0,531305.0,1.0095895954301202,2180458270.0,303,False,jpx_liquidity,JPX流動性
384,9507,四国電力,電気・ガス業,プライム,9507.T,2026-09-09,2193.0,0.02524544179523147,0.07711198428290755,0.2545766590389016,0.46444073455759605,0.3071083041899658,1956.75,1682.1583333333333,0.12073591414334994,0.3036822732699558,0.0,0.3283976980168317,1296600.0,1077695.0,1.2031233326683337,2174611852.5,303,False,jpx_liquidity,JPX流動性
385,7276,小糸製作所,電気機器,プライム,7276.T,2026-09-09,2594.5,0.013872606486909023,-0.0381835032437442,-0.03782681253476727,-0.06973825743994266,0.014499018251884932,2686.025,2643.35,-0.034074515315382414,-0.01848033745058353,-0.10826602509022165,0.28366757440577245,847300.0,810910.0,1.0448755102292486,2170070782.5,303,False,jpx_liquidity,JPX流動性
386,5929,三和ホールディングス,金属製品,プライム,5929.T,2026-09-09,3473.0,-0.010541310541310578,-0.02771556550951848,-0.0570187347271246,-0.07312516680010672,-0.041686099053468983,3598.1,3686.5833333333335,-0.03476834996248013,-0.057935305951762106,-0.12142676448267142,0.2250535126476636,890800.0,568985.0,1.5655948750845805,2098611685.0,303,False,jpx_liquidity,JPX流動性
387,6845,アズビル,電気機器,プライム,6845.T,2026-09-09,1454.0,0.002067539627842896,-0.002401372212692987,-0.06254029658284976,-0.07974683544303796,0.04448490634931934,1506.275,1612.5333333333333,-0.03470481817729176,-0.09831321316355213,-0.1653272101033295,0.21912379659762993,1324700.0,1396830.0,0.948361647444571,2086807822.5,303,False,jpx_liquidity,JPX流動性
388,4722,フューチャー,情報・通信業,プライム,4722.T,2026-09-09,2421.0,-0.01022076860179888,-0.010625255414793644,-0.009815950920245453,0.6150767178118746,0.4717325227963527,2445.5,2110.7445373535156,-0.01001840114496011,0.1469886370216491,-0.012239902080783405,0.03599394960435451,655600.0,856725.0,0.7652397210306692,2074692700.0,303,False,jpx_liquidity,JPX流動性
389,1721,コムシスホールディングス,建設業,プライム,1721.T,2026-09-09,5467.0,0.001465469866275937,0.009416543574593872,0.03034300791556732,0.021869158878504713,0.03796256149926802,5383.45,5349.366666666667,0.015519787496865334,0.021990142135206003,-0.07386074877181092,0.19551285567442447,531000.0,381730.0,1.3910355486862442,2067569540.0,303,False,jpx_liquidity,JPX流動性
390,6779,日本電波工業,電気機器,プライム,6779.T,2026-09-09,2737.0,0.0865422786820167,0.028174305033809244,-0.043006993006992955,-0.28350785340314133,1.0650449200032974,2803.15,3120.4166666666665,-0.023598451741790538,-0.12287354787020954,-0.43333333333333335,0.7534253728608935,2521200.0,655390.0,3.8468698027128885,2062265225.0,303,True,jpx_liquidity,JPX流動性
391,7956,ピジョン,その他製品,プライム,7956.T,2026-09-09,1938.5,-0.014989837398374006,-0.07558416785884592,-0.06892411143131605,-0.020959595959595956,0.20854114713216965,2096.575,2044.5582560221353,-0.07539677807853273,-0.05187343315346793,-0.10067269774994203,0.1830405377457975,1126600.0,957420.0,1.1767040588247581,2046481460.0,303,False,jpx_liquidity,JPX流動性
392,5444,大和工業,鉄鋼,プライム,5444.T,2026-09-09,12175.0,0.012053200332502012,-0.018936341659951617,-0.07800075728890576,-0.010966693744922873,0.04338179160182776,12494.75,12669.583333333334,-0.025590748114207917,-0.03903706383398564,-0.11422335394688976,0.32225610679672806,121200.0,164740.0,0.7357047468738619,2041395825.0,303,False,jpx_liquidity,JPX流動性
393,7189,西日本フィナンシャルホールディングス,銀行業,プライム,7189.T,2026-09-09,4716.0,-0.020560747663551426,-0.04669496664645234,0.016379310344827536,0.1156848828956707,0.25449170278485767,4796.9,4464.033333333334,-0.016865058683733225,0.056443724285212715,-0.05924596050269304,0.2908831910318011,309700.0,427285.0,0.7248089682530395,2023129310.0,303,False,jpx_liquidity,JPX流動性
394,2127,日本Ｍ＆Ａセンターホールディングス,サービス業,プライム,2127.T,2026-09-09,625.0999755859375,-0.023281288146972612,-0.052878824869791674,-0.05773296264490324,-0.028593666533119677,0.01209297196061443,667.4300018310547,660.6300028483073,-0.06342242052198321,-0.053782037008888506,-0.10929041541912621,0.23568275389821897,4604200.0,2910930.0,1.5816938229363124,2021527079.388733,303,True,jpx_liquidity,JPX流動性
395,6814,古野電気,電気機器,プライム,6814.T,2026-09-09,7480.0,-0.01449275362318836,-0.022222222222222254,-0.024771838331160367,0.28301886792452824,0.10000000000000009,7670.437939453125,7075.645979817708,-0.024827518448927388,0.05714729387757034,-0.06616729088639206,0.38282070639225085,205200.0,262605.0,0.781401725024276,2014635250.0,303,False,jpx_liquidity,JPX流動性
396,6507,シンフォニアテクノロジー,電気機器,プライム,6507.T,2026-09-09,12010.0,0.03713298791019004,0.01865988125530116,-0.07615384615384613,-0.12590975254730719,-0.06350960782469739,12368.0,13845.333333333334,-0.028945666235446366,-0.13255970724191068,-0.2782451923076923,0.4761675832935409,145400.0,166610.0,0.8726967168837405,2010454900.0,303,True,jpx_liquidity,JPX流動性
397,9007,小田急電鉄,陸運業,プライム,9007.T,2026-09-09,1789.5,-0.0005585032113935018,-0.0030640668523677084,0.0541973490427099,0.07833684844832778,0.11220316477059478,1761.475,1722.3083333333334,0.015909961821768848,0.03901256550075716,-0.03530997304582206,0.15856705836271542,1633300.0,1124030.0,1.4530750958604308,1988773487.5,303,False,jpx_liquidity,JPX流動性
398,9989,サンドラッグ,小売業,プライム,9989.T,2026-09-09,3708.0,-0.00616456714017688,0.010905125408942284,-0.013567438148443745,-0.026771653543307128,-0.044276134553215774,3715.3,3768.75,-0.0019648480607219465,-0.016119402985074638,-0.06880964339527873,0.1296547701278775,487800.0,534795.0,0.9121252068549631,1988358825.0,303,False,jpx_liquidity,JPX流動性
399,8056,ＢＩＰＲＯＧＹ,情報・通信業,プライム,8056.T,2026-09-09,4621.0,-0.0077302984754134,-0.024693963697762777,0.023250664304694357,0.06450126698917291,-0.0021562045233269878,4645.15,4556.75,-0.005198970969720995,0.014099961595435362,-0.09107002360346184,0.2915960325951861,415400.0,438290.0,0.9477743046841133,1982754000.0,303,False,jpx_liquidity,JPX流動性
400,1332,ニッスイ,水産・農林業,プライム,1332.T,2026-09-09,1185.5,-0.014546965918536992,-0.08029480217222651,-0.05763116057233708,-0.07455113192818108,-0.13182807299154442,1273.475,1271.4833333333333,-0.06908262824162226,-0.06762442816133385,-0.1529117541979278,0.2328725244109348,2002900.0,1528000.0,1.3107984293193717,1981084897.5,303,False,jpx_liquidity,JPX流動性
401,4022,ラサ工業,化学,プライム,4022.T,2026-09-09,1946.0,0.0036101083032491488,-0.019647355163727953,-0.12930648769574948,-0.10322580645161294,0.1519764598849369,2134.25,2073.0333333333333,-0.08820428722033502,-0.061278963194031255,-0.26649076517150394,0.6770915208976639,562900.0,943395.0,0.5966747756772084,1973325200.0,303,False,jpx_liquidity,JPX流動性
402,3048,ビックカメラ,小売業,プライム,3048.T,2026-09-09,1692.0,-0.011970802919707979,-0.03369503141062247,-0.023376623376623384,-0.023658395845354896,-0.012835472578763163,1747.0495910644531,1704.3498636881511,-0.03151003345641279,-0.007246084827575494,-0.09178743961352653,0.17893721736847712,587300.0,1132365.0,0.5186490221792444,1968319147.5,303,False,jpx_liquidity,JPX流動性
403,6103,オークマ,機械,プライム,6103.T,2026-09-09,4330.0,0.0023148148148148806,-0.04625550660792954,-0.199630314232902,-0.0011534025374856371,0.12844264406720574,4881.75,4871.5,-0.1130229938034516,-0.11115672790721542,-0.22401433691756267,0.4080863552201181,403100.0,404670.0,0.99612029554946,1961105150.0,303,False,jpx_liquidity,JPX流動性
404,7327,第四北越フィナンシャルグループ,銀行業,プライム,7327.T,2026-09-09,2553.0,-0.017699115044247815,-0.022588055130168483,0.05234954657873048,0.19746716697936217,0.3296377082436781,2545.65,2344.95,0.002887278298273399,0.0887225740420905,-0.037330316742081426,0.26821618463438823,830800.0,759455.0,1.0939423665654977,1938808820.0,303,False,jpx_liquidity,JPX流動性
405,2002,日清製粉グループ本社,食料品,プライム,2002.T,2026-09-09,2037.5,-0.003423820004891165,-0.013078227173649815,0.012925677355207554,0.04594455852156054,0.012438941097759226,2042.675,2015.8583333333333,-0.0025334426670908794,0.010735708114409492,-0.06257188865884522,0.14391853541415967,1063100.0,936640.0,1.1350145199863342,1938329365.0,303,False,jpx_liquidity,JPX流動性
406,6753,シャープ,電気機器,プライム,6753.T,2026-09-09,629.5999755859375,0.006554717163768986,-0.010374153559346344,-0.045047797295512115,0.025073205914745822,0.06729945673643312,640.6950012207031,630.4149993896484,-0.01731717215465478,-0.0012928369478835133,-0.06808762827456427,0.39787274737518674,3107000.0,3145140.0,0.9878733538093694,1934454464.222412,303,False,jpx_liquidity,JPX流動性
407,9513,電源開発,電気・ガス業,プライム,9513.T,2026-09-09,4158.0,0.008244422890397729,0.00024055809477996348,0.06478873239436611,0.041844149336006,0.08621888137332534,4036.3,3849.1833333333334,0.030151376260436402,0.08022913951444255,-0.06561797752808984,0.19480530950705155,486800.0,476875.0,1.0208125819134994,1933925270.0,303,False,jpx_liquidity,JPX流動性
408,7389,あいちフィナンシャルグループ,銀行業,プライム,7389.T,2026-09-09,1875.0,-0.011075949367088556,-0.03993855606758834,0.11078199052132698,0.3726207906295753,0.5736727822022527,1872.15,1667.1333333333334,0.0015223139171540723,0.12468508817531077,-0.05684104627766595,0.4286985043639618,598900.0,1032470.0,0.5800652803471287,1929387710.0,303,False,jpx_liquidity,JPX流動性
409,4732,ユー・エス・エス,サービス業,プライム,4732.T,2026-09-09,1914.5,-0.016944801026957612,-0.03405650857719478,-0.041071875782619616,0.028747984954325734,0.15961173122852745,1978.975,1964.2083333333333,-0.03257999722078342,-0.02530705755075191,-0.07243217054263562,0.13381567388109514,1241000.0,963690.0,1.2877585115545456,1926858760.0,303,False,jpx_liquidity,JPX流動性
410,6254,野村マイクロ・サイエンス,機械,プライム,6254.T,2026-09-09,3360.0,0.0059880239520957446,0.013574660633484115,-0.15683814303638643,-0.2639649507119387,0.18351318498886138,3582.0,4144.666666666667,-0.061976549413735316,-0.18931960752774657,-0.38348623853211006,0.43970620120809323,411900.0,581105.0,0.7088219856996584,1908576600.0,303,False,jpx_liquidity,JPX流動性
411,8368,百五銀行,銀行業,プライム,8368.T,2026-09-09,2282.0,-0.00782608695652176,-0.04558762024257634,0.06139534883720921,0.1330685203574975,0.5439770739258194,2326.6,2125.2,-0.019169603713573458,0.07378129117259569,-0.06971055849979613,0.43022069769325477,477500.0,830700.0,0.5748164198868424,1907288815.0,303,False,jpx_liquidity,JPX流動性
412,9001,東武鉄道,陸運業,プライム,9001.T,2026-09-09,2926.0,0.007749268124677133,-0.016966235511506778,-0.015146415348367581,0.023255813953488413,0.03593171348568336,2973.1,2963.85,-0.015842050385119877,-0.012770551816050024,-0.08505315822388992,0.12104672237790282,640000.0,628200.0,1.0187838268067495,1904729477.5,303,False,jpx_liquidity,JPX流動性
413,4666,パーク２４,不動産業,プライム,4666.T,2026-09-09,1952.0,-0.014141414141414121,-0.027888446215139417,-0.026919242273180433,0.046929471708232695,0.07105624142661182,2005.875,2010.4333333333334,-0.02685860285411601,-0.029065044020360475,-0.09734104046242775,0.23057641836092532,949200.0,931595.0,1.0188976969605892,1897499780.0,303,False,jpx_liquidity,JPX流動性
414,3046,ジンズホールディングス,小売業,プライム,3046.T,2026-09-09,5610.0,-0.01232394366197187,0.021857923497267784,-0.14351145038167934,-0.34462616822429903,0.0685714285714285,6053.1568603515625,6861.3856201171875,-0.0732108667552065,-0.1823808905956542,-0.3848684210526315,0.2966242134854158,156700.0,318990.0,0.4912379698423148,1891196400.0,303,False,jpx_liquidity,JPX流動性
415,4613,関西ペイント,化学,プライム,4613.T,2026-09-09,2797.0,-0.0039173789173788665,-0.001428061406640535,-0.061566851199463146,0.08621359223300962,0.15526007567946398,2870.825,2776.9333333333334,-0.025715604399432213,0.007226196763816084,-0.07659293496203368,0.13292785027788423,1028000.0,663060.0,1.550387596899225,1889032095.0,303,False,jpx_liquidity,JPX流動性
416,8524,北洋銀行,銀行業,プライム,8524.T,2026-09-09,1263.0,-0.02395672333848531,-0.038812785388127824,0.01690821256038655,0.20515267175572527,0.3804356969748681,1291.65,1195.488163248698,-0.022180931366856393,0.05647219171776752,-0.05322338830584705,0.331335849056329,1273300.0,1481170.0,0.8596582431456213,1882755645.0,303,False,jpx_liquidity,JPX流動性
417,3774,インターネットイニシアティブ,情報・通信業,プライム,3774.T,2026-09-09,3231.0,0.0056022408963585235,-0.004621072088724532,-0.07712082262210795,0.09897959183673466,0.366749998683253,3358.1,3360.991666666667,-0.03784878353831034,-0.038676581068583515,-0.1104074889867841,0.2845733039980753,419400.0,563840.0,0.7438280363223609,1868470960.0,303,False,jpx_liquidity,JPX流動性
418,5726,大阪チタニウムテクノロジーズ,非鉄金属,プライム,5726.T,2026-09-09,2665.0,0.0041446872645063415,-0.020220588235294157,-0.031965128950236066,-0.027017159547280012,0.09067699301261078,2801.35,2760.7833333333333,-0.04867296125082543,-0.03469425947949556,-0.16718750000000004,0.6025649132497101,1123800.0,640660.0,1.7541285549277308,1855809080.0,303,False,jpx_liquidity,JPX流動性
419,4047,関東電化工業,化学,プライム,4047.T,2026-09-09,2194.0,0.028116213683224034,0.009664058904740092,-0.16704631738800302,-0.4352638352638353,0.42589883025231146,2353.15,2897.1833333333334,-0.06763274759365112,-0.2427127497396897,-0.5019296254256527,0.4935609846529369,582400.0,850870.0,0.6844758893838072,1853707240.0,303,False,jpx_liquidity,JPX流動性
420,9041,近鉄グループホールディングス,陸運業,プライム,9041.T,2026-09-09,3450.0,0.007299270072992803,0.0014513788098693414,-0.03280067283431454,-0.026248941574936513,0.10532008031779827,3508.25,3470.4,-0.01660371980332076,-0.005878284923928057,-0.054535489175116525,0.11135581046633251,589400.0,578670.0,1.01854251991636,1852105655.0,303,False,jpx_liquidity,JPX流動性
421,4540,ツムラ,医薬品,プライム,4540.T,2026-09-09,3666.0,-0.004885993485342022,-0.030158730158730163,-0.02938840349483718,-0.015310233682514052,-0.020331215058048357,3751.6,3781.383333333333,-0.022816931442584454,-0.03051352459197032,-0.09369592088998768,0.09664234492916152,1065100.0,459705.0,2.316920633884774,1851917375.0,303,False,jpx_liquidity,JPX流動性
422,2264,森永乳業,食料品,プライム,2264.T,2026-09-09,1098.5,-0.016121809225257522,-0.03809106830122588,-0.09364686468646866,-0.7772257148651389,-0.7609446907897324,1157.125,1209.6708333333333,-0.05066436210435343,-0.09190172257604512,-0.7921869088157397,0.15184139958506138,2263900.0,1555350.0,1.4555566271257274,1815534155.0,303,False,jpx_liquidity,JPX流動性
423,8439,東京センチュリー,その他金融業,プライム,8439.T,2026-09-09,2633.0,-0.012748406449193839,-0.027336534909493948,0.04339211412720423,0.08666941807676443,0.29432434665668006,2619.15,2573.108333333333,0.005287975106427645,0.023275998872958503,-0.04497642364889376,0.24258395334477623,576400.0,684825.0,0.841674880443909,1814693222.5,303,False,jpx_liquidity,JPX流動性
424,6101,ツガミ,機械,プライム,6101.T,2026-09-09,5030.0,0.03711340206185576,-0.001984126984126977,-0.1913183279742765,-0.2955182072829131,0.4335818023463063,5444.0,6507.5,-0.07604702424687726,-0.22704571648098348,-0.3850855745721271,0.5071862061909848,372600.0,337430.0,1.1042290252793172,1806376400.0,303,True,jpx_liquidity,JPX流動性
425,7721,東京計器,精密機器,プライム,7721.T,2026-09-09,7000.0,0.011560693641618602,0.030927835051546282,-0.04109589041095896,0.34099616858237547,-0.16781467530027983,7199.5,6786.5,-0.0277102576567817,0.03145951521402779,-0.15685179658908444,0.5340939047556942,189600.0,267300.0,0.7093153759820426,1805980300.0,303,False,jpx_liquidity,JPX流動性
426,9401,ＴＢＳホールディングス,情報・通信業,プライム,9401.T,2026-09-09,5730.0,-0.015294724179412245,-0.03470350404312672,-0.029307131966796574,-0.047064693164809546,0.026567942688748625,5889.65,6089.566666666667,-0.027106873922898567,-0.059046347030713764,-0.12599145820622326,0.18331234658143009,231300.0,312030.0,0.7412748774156331,1793256790.0,303,False,jpx_liquidity,JPX流動性
427,8366,滋賀銀行,銀行業,プライム,8366.T,2026-09-09,2760.0,-0.016393442622950838,-0.01674385464909156,0.07770402186645842,0.20893561103810776,0.6060285168029109,2766.15,2633.9,-0.0022233067621062474,0.04787577356771333,-0.0453130404704255,0.3290256014003848,518000.0,648660.0,0.7985693583695619,1773673325.0,303,False,jpx_liquidity,JPX流動性
428,5393,ニチアス,ガラス・土石製品,プライム,5393.T,2026-09-09,3330.0,0.019908116385911168,0.007259528130671544,-0.0563899121564182,-0.11858125992588675,0.16192998713498663,3386.2,3552.55,-0.01659677514618152,-0.06264514222178441,-0.18040856509968006,0.3763681435342138,631600.0,519930.0,1.2147789125459196,1772247370.0,303,False,jpx_liquidity,JPX流動性
429,6417,ＳＡＮＫＹＯ,機械,プライム,6417.T,2026-09-09,1986.5,-0.01242853591846882,-0.011199601791936242,0.02634978041849645,0.24623588456712664,-0.00632666993140385,1971.225,1788.3083333333334,0.007748988573095472,0.1108263396040019,-0.021910388970950323,0.1754163516221266,811200.0,906485.0,0.8948851883925272,1768446967.5,303,False,jpx_liquidity,JPX流動性
430,4099,四国化成ホールディングス,化学,プライム,4099.T,2026-09-09,2148.0,0.03318903318903321,-0.032432432432432434,-0.2575181472519875,-0.6789237668161434,-0.5763313609467455,2451.15,2840.363834635417,-0.1236766415764029,-0.24375885447939005,-0.6789237668161434,0.5370197435574695,1418000.0,803205.0,1.7654272570514378,1763157800.0,303,True,jpx_liquidity,JPX流動性
431,6703,沖電気工業,電気機器,プライム,6703.T,2026-09-09,2687.0,0.019347496206373327,-0.023619186046511587,-0.040014290818149334,-0.12045826513911617,-0.010131135262042124,2786.95,3092.6666666666665,-0.03586357846391208,-0.13117051088596676,-0.3029831387808042,0.4853446781663959,451200.0,642515.0,0.7022404146206703,1759443725.0,303,False,jpx_liquidity,JPX流動性
432,7173,東京きらぼしフィナンシャルグループ,銀行業,プライム,7173.T,2026-09-09,1636.0,-0.02035928143712573,-0.029080118694362,-0.04994192799070851,-0.8601709401709402,-0.8472238194063387,1715.6,1713.9083333333333,-0.046397761716017616,-0.04545653452878162,-0.8675303643724697,0.33094417850725577,852600.0,1037300.0,0.8219415790995854,1759011780.0,303,False,jpx_liquidity,JPX流動性
433,4118,カネカ,化学,プライム,4118.T,2026-09-09,5968.0,0.011354007795288945,-0.03273905996758508,-0.02147893097229059,0.053300388280974165,0.2370528087734909,6161.05,5887.216666666666,-0.031333944700984384,0.013721821007663504,-0.059416863672182796,0.2716907387857053,141600.0,287180.0,0.49307054808830697,1758286325.0,303,False,jpx_liquidity,JPX流動性
434,5233,太平洋セメント,ガラス・土石製品,プライム,5233.T,2026-09-09,4136.0,-0.0033734939759035854,0.003883495145631022,-0.013123359580052507,-0.06149307919219427,0.14338666622931817,4188.85,4133.516666666666,-0.012616828007687153,0.0006007798041216539,-0.08697571743929355,0.2767213668595261,435100.0,410155.0,1.0608184710658166,1725079350.0,303,False,jpx_liquidity,JPX流動性
435,4194,ビジョナル,情報・通信業,プライム,4194.T,2026-09-09,8649.0,-0.030381165919282527,-0.033631284916201154,-0.06274382314694404,0.18739703459637558,0.15643802647412763,9159.45,8518.083333333334,-0.05572932872606984,0.015369263429762192,-0.09661583455191147,0.3337829809498084,244500.0,193105.0,1.2661505398617332,1724642360.0,303,False,jpx_liquidity,JPX流動性
436,4922,コーセーホールディングス,化学,プライム,4922.T,2026-09-09,5559.0,-0.01610619469026553,-0.03288100208768263,-0.03840166061235084,0.07233796296296302,-0.03439291297550806,5782.4,5530.642854817708,-0.03863447703375755,0.005127278315863348,-0.10092188258127122,0.17513349647120488,261000.0,303780.0,0.8591744025281454,1707204800.0,303,False,jpx_liquidity,JPX流動性
437,4369,トリケミカル研究所,化学,プライム,4369.T,2026-09-09,3060.0,0.0016366612111293755,0.013245033112582849,-0.09063893016344726,-0.1947368421052632,0.17376294591484465,3180.95,3345.75,-0.03802323205331737,-0.08540685944855408,-0.26794258373205737,0.40532288879086126,315700.0,542040.0,0.5824293410080437,1699627305.0,303,False,jpx_liquidity,JPX流動性
438,6923,スタンレー電気,電気機器,プライム,6923.T,2026-09-09,3420.0,-0.008408234270803172,-0.05966455870222709,-0.05315614617940201,-0.07039956509921175,0.20670616282149856,3606.9,3573.55,-0.05181735007901522,-0.04296847672482551,-0.09691048323210982,0.27999966940781856,424500.0,464450.0,0.9139842824846592,1670391860.0,303,False,jpx_liquidity,JPX流動性
439,3105,日清紡ホールディングス,電気機器,プライム,3105.T,2026-09-09,2308.5,0.04221218961625284,0.01139101861993419,-0.033493824576093734,0.054350308289563776,0.4995128288405326,2246.075,2283.1751220703127,0.027792927662700473,0.011091955971701095,-0.07456404088995794,0.47403227380270707,940400.0,721220.0,1.3039017220820277,1649180322.5,303,True,jpx_liquidity,JPX流動性
440,6465,ホシザキ,機械,プライム,6465.T,2026-09-09,5338.0,-0.020550458715596354,-0.04165170556552966,-0.06235728087124537,0.014057750759878473,0.08363784003248065,5631.0,5534.692862955729,-0.05203338660983836,-0.03553817128177328,-0.08658453114305276,0.17346977455169002,400500.0,287965.0,1.3907940201066102,1637588385.0,303,False,jpx_liquidity,JPX流動性
441,8388,阿波銀行,銀行業,プライム,8388.T,2026-09-09,9710.0,-0.012207527975584997,0.0010309278350515427,0.0837053571428572,0.3812233285917497,0.8000539670048159,9565.5,8397.166666666666,0.0151063718571951,0.15634241708512797,-0.04803921568627456,0.3808309801365202,70300.0,172515.0,0.40750079703214215,1627397900.0,303,False,jpx_liquidity,JPX流動性
442,6961,エンプラス,電気機器,プライム,6961.T,2026-09-09,9950.0,0.021560574948665368,0.031088082901554515,-0.0778498609823911,-0.19105691056910568,-0.36919196665771425,10335.5,11661.5,-0.03729863093222385,-0.14676499592676762,-0.43433769187038085,0.6952169850328854,99400.0,163385.0,0.6083789821587049,1620211300.0,303,False,jpx_liquidity,JPX流動性
443,9110,ＮＳユナイテッド海運,海運業,プライム,9110.T,2026-09-09,10490.0,0.000954198473282375,0.0019102196752627254,0.0057526366251199335,0.4589707927677329,0.45220951814687327,10468.0,8537.666666666666,0.0021016431027893745,0.22867293952289858,-0.0019029495718363432,0.024031459066073547,73100.0,157670.0,0.4636265618063043,1617469150.0,303,False,jpx_liquidity,JPX流動性
444,7180,九州フィナンシャルグループ,銀行業,プライム,7180.T,2026-09-09,1568.0,-0.01103752759381893,-0.01754385964912286,0.04882943143812701,0.06775621382362962,0.3789760795660899,1558.45,1521.9666666666667,0.006127883473964424,0.03024595370025618,-0.032098765432098775,0.24963277859119432,821700.0,1064570.0,0.7718609391585335,1607597330.0,303,False,jpx_liquidity,JPX流動性
445,2222,寿スピリッツ,食料品,プライム,2222.T,2026-09-09,2455.0,-0.0028432168968318683,-0.09258917020883384,-0.050840904697467604,0.051166773710126234,0.3031911963885836,2670.95,2561.0333333333333,-0.08085138246691248,-0.04140255886295896,-0.11595246669067338,0.30362044371131724,1261900.0,574860.0,2.195143165292419,1600003155.0,303,False,jpx_liquidity,JPX流動性
446,8237,松屋,小売業,プライム,8237.T,2026-09-09,2279.0,0.01877514528386226,0.10738581146744419,0.13665835411471328,0.49246889325474785,0.25842076200993924,2341.685791015625,1960.7619303385416,-0.026769514191926302,0.16230326830474118,-0.24760647078243647,1.0645686941360002,314200.0,659660.0,0.4763059758057181,1584259700.0,303,False,jpx_liquidity,JPX流動性
447,8060,キヤノンマーケティングジャパン,卸売業,プライム,8060.T,2026-09-09,3541.0,-0.005337078651685423,-0.041677943166441134,-0.036986673918955715,0.04361921603300911,0.04593117707871808,3616.95,3545.4666666666667,-0.020998354967583177,-0.0012598247527358941,-0.08049857179953257,0.23939280668098706,194400.0,439375.0,0.4424466571834993,1581516000.0,303,False,jpx_liquidity,JPX流動性
448,6925,ウシオ電機,電気機器,プライム,6925.T,2026-09-09,3641.0,0.0049682583494341515,-0.006819421713038731,-0.13761250592136431,-0.1402597402597403,0.3204390113770772,3900.5,4132.133333333333,-0.06652993205999236,-0.11885708754154434,-0.245857497928749,0.4896039019730152,226700.0,413255.0,0.5485717051215351,1576580505.0,303,False,jpx_liquidity,JPX流動性
449,5715,古河機械金属,非鉄金属,プライム,5715.T,2026-09-09,4380.0,0.04784688995215314,0.03423848878394331,0.10050251256281406,0.06181818181818177,-0.10608993570895786,4283.0,3901.5833333333335,0.022647676862012522,0.12262115807684904,-0.10337562548372192,0.5292556779336843,206600.0,368360.0,0.5608643718101857,1550761800.0,303,True,jpx_liquidity,JPX流動性
450,3445,ＲＳ　Ｔｅｃｈｎｏｌｏｇｉｅｓ,金属製品,プライム,3445.T,2026-09-09,5550.0,0.003616636528029016,-0.005376344086021501,-0.18382352941176472,-0.20600858369098718,0.3438256658595642,5780.5,6637.833333333333,-0.039875443300752544,-0.16388379742385817,-0.3431952662721893,0.6602664382952299,143600.0,267435.0,0.5369529044440705,1547299650.0,303,False,jpx_liquidity,JPX流動性
451,4565,ネクセラファーマ,医薬品,プライム,4565.T,2026-09-09,1190.0,-0.03565640194489461,0.034782608695652195,0.18762475049900207,0.2447698744769875,0.3105726872246697,1134.35,997.1,0.04905893242826287,0.1934610370073213,-0.041867954911433136,0.47487782843543647,1291200.0,1353985.0,0.953629471522949,1537572140.0,303,False,jpx_liquidity,JPX流動性
452,1959,クラフティア,建設業,プライム,1959.T,2026-09-09,8192.0,0.01763975155279507,0.011857707509881354,0.0014669926650365817,-0.11743158801982334,-0.13273810754591353,8219.85,8677.166666666666,-0.0033881396862474045,-0.05591302844630541,-0.1727759264869232,0.28295525927806386,174800.0,185885.0,0.9403663555424052,1532505590.0,303,False,jpx_liquidity,JPX流動性
453,2767,円谷フィールズホールディングス,卸売業,プライム,2767.T,2026-09-09,2473.0,-0.0028225806451612767,-0.013168395849960102,0.008153281695882697,0.7946298984034834,0.7569871858193655,2490.8,1952.4,-0.007146298378031268,0.26664617906166765,-0.05321592649310869,0.3136252239798799,424800.0,632230.0,0.6719073754804422,1529654090.0,303,False,jpx_liquidity,JPX流動性
454,8088,岩谷産業,卸売業,プライム,8088.T,2026-09-09,2177.0,0.022305705564686473,-0.009554140127388533,-0.019369369369369394,0.16137636703120828,0.14719531271810649,2199.375,2054.5833333333335,-0.010173344700198927,0.05958223484080305,-0.04996727034693427,0.30373641347384506,904500.0,695050.0,1.301345226962089,1528758587.5,303,False,jpx_liquidity,JPX流動性
455,7867,タカラトミー,その他製品,プライム,7867.T,2026-09-09,3560.0,0.007642230399094174,-0.03365906623235615,-0.02785363189513923,0.20800814387512734,0.3058873364815331,3644.8,3449.891666666667,-0.023266022827041266,0.0319164611449152,-0.05444887118193886,0.1713466035211598,380200.0,421150.0,0.902766235308085,1520511690.0,303,False,jpx_liquidity,JPX流動性
456,4733,オービックビジネスコンサルタント,情報・通信業,プライム,4733.T,2026-09-09,8010.0,-0.02578448066163952,-0.05642596301095537,-0.005092535088808803,0.3603940217391304,0.283316837306409,8342.4,7327.583333333333,-0.03984464902186413,0.09312984044307471,-0.08561643835616439,0.2751755500050702,195800.0,184370.0,1.0619949015566523,1519418795.0,303,False,jpx_liquidity,JPX流動性
457,3993,ＰＫＳＨＡ　Ｔｅｃｈｎｏｌｏｇｙ,情報・通信業,プライム,3993.T,2026-09-09,3060.0,-0.03164556962025311,-0.019230769230769273,0.01661129568106312,0.14392523364485976,0.014925373134328401,3160.0,2913.6,-0.03164556962025311,0.05024711696869866,-0.09333333333333338,0.613556355382814,200000.0,487390.0,0.41034900182605305,1514135170.0,303,False,jpx_liquidity,JPX流動性
458,8338,筑波銀行,銀行業,プライム,8338.T,2026-09-09,717.0,-0.02976995940460081,-0.03629032258064513,0.0717488789237668,-0.0013927576601671099,0.2400265204362213,738.3,674.45,-0.02885006095083298,0.06308844243457634,-0.07483870967741935,0.5452405355872163,1563900.0,2047620.0,0.7637647610396461,1512469060.0,303,False,jpx_liquidity,JPX流動性
459,3387,クリエイト・レストランツ・ホールディングス,小売業,プライム,3387.T,2026-09-09,779.0,0.005161290322580614,0.01037613488975353,0.03178807947019857,0.09718309859154939,0.06566347469220246,769.6438598632812,756.0479532877604,0.012156453945310286,0.03035792453696895,-0.04064039408866993,0.1896639585317331,1439000.0,1967050.0,0.7315523245469103,1501305755.0,303,False,jpx_liquidity,JPX流動性
460,7599,ＩＤＯＭ,卸売業,プライム,7599.T,2026-09-09,1219.0,-0.009748172217709183,-0.021669341894061,-0.05941358024691357,-0.08483483483483478,-0.047656249999999956,1257.793194580078,1313.1643981933594,-0.030842267828479875,-0.07170800420945767,-0.18733333333333335,0.17529650680957726,1129400.0,1155680.0,0.9772601412155614,1499857570.0,303,False,jpx_liquidity,JPX流動性
461,3397,トリドールホールディングス,小売業,プライム,3397.T,2026-09-09,4243.0,-0.018278574733919473,-0.01918631530282011,-0.004458000938526552,0.1344919786096257,-0.009610116636879718,4290.9,4101.0,-0.011163159243981369,0.03462570104852469,-0.07438917975567194,0.21795000318482774,309600.0,346440.0,0.8936612400415657,1494370365.0,303,False,jpx_liquidity,JPX流動性
462,9468,ＫＡＤＯＫＡＷＡ,情報・通信業,プライム,9468.T,2026-09-09,3570.0,-0.014084507042253502,-0.04109589041095896,-0.008883953359244856,0.1333333333333333,0.12796904601751335,3625.85,3559.1666666666665,-0.015403284747024792,0.0030437836572232424,-0.08391070053887606,0.20202616484674443,215900.0,419675.0,0.5144457020313338,1488088395.0,303,False,jpx_liquidity,JPX流動性
463,1861,熊谷組,建設業,プライム,1861.T,2026-09-09,1313.0,0.010000000000000009,0.024180967238689455,0.01940993788819867,-0.08692628650904033,-0.18303387037211727,1295.15,1382.8,0.013782187391421674,-0.05047729245010124,-0.2142708069365331,0.1821525925734389,967500.0,1208530.0,0.80055935723565,1484006795.0,303,False,jpx_liquidity,JPX流動性
464,4373,シンプレクス・ホールディングス,情報・通信業,プライム,4373.T,2026-09-09,1099.0,-0.035964912280701755,-0.08263772954924875,-0.036809815950920255,0.13650465356773522,0.34754407578809854,1175.4,1081.5666666666666,-0.06499914922579553,0.01611859339846533,-0.1270849880857824,0.4254030529430034,1428200.0,1212885.0,1.1775230133112373,1481039665.0,303,False,jpx_liquidity,JPX流動性
465,1980,ダイダン,建設業,プライム,1980.T,2026-09-09,2865.0,0.023214285714285632,0.048682284040995505,0.09018264840182644,0.07950263752825926,-0.02542385197854058,2769.05,2719.516666666667,0.03465087304310144,0.05349602564181133,-0.07653910542558773,0.42041268147833355,366600.0,548545.0,0.6683134473926479,1480723965.0,303,False,jpx_liquidity,JPX流動性
466,3635,コーエーテクモホールディングス,情報・通信業,プライム,3635.T,2026-09-09,1636.5,-0.007881176113973987,-0.03022222222222226,-0.011775362318840576,0.13056994818652856,-0.09963838341995634,1678.05,1595.1666666666667,-0.024760883167962766,0.02591160798244685,-0.078427579596266,0.22930501893032934,680800.0,895420.0,0.7603135958544593,1473762435.0,303,False,jpx_liquidity,JPX流動性
467,8410,セブン銀行,銀行業,プライム,8410.T,2026-09-09,332.79998779296875,-0.01334123973571577,-0.022900816708078087,0.009708682130449064,0.15796797098345294,0.26263291136309297,336.3550003051758,312.81333312988284,-0.010569227479840015,0.06389323135017166,-0.02746938655389497,0.17420532341159914,3714100.0,4429570.0,0.8384786785173278,1470080451.6296387,303,True,jpx_liquidity,JPX流動性
468,9449,ＧＭＯインターネットグループ,情報・通信業,プライム,9449.T,2026-09-09,3782.0,-0.019953355791655913,-0.05497251374312839,-0.0980205103744336,0.21960657852305698,0.34755407589066367,4048.6,3868.5833333333335,-0.06584992343032159,-0.022381147276134716,-0.12917338245452448,0.48086967145244375,327200.0,368085.0,0.8889251124061018,1463888335.0,303,False,jpx_liquidity,JPX流動性
469,2670,エービーシー・マート,小売業,プライム,2670.T,2026-09-09,2670.0,-0.014941892639734333,0.0022522522522523403,-0.05436514963697536,-0.011294204776893135,0.05554457402648749,2734.50810546875,2740.7193684895833,-0.023590387367929178,-0.02580321404031849,-0.09522195865808203,0.13938723430515587,450700.0,532355.0,0.8466155103267556,1450493672.5,303,False,jpx_liquidity,JPX流動性
470,6432,竹内製作所,機械,プライム,6432.T,2026-09-09,7260.0,0.0027624309392264568,-0.008196721311475419,-0.05714285714285716,-0.04599211563731931,0.13260530421216843,7455.267138671875,7412.755712890625,-0.026191836595497398,-0.020607142445687954,-0.08448928121059274,0.3722378385499907,250100.0,187580.0,1.3332977929416783,1450000200.0,303,False,jpx_liquidity,JPX流動性
471,6480,日本トムソン,機械,プライム,6480.T,2026-09-09,1653.0,0.005474452554744547,-0.04118329466357307,-0.0947426067907996,-0.16892911010558065,0.8544290982672915,1760.55,1932.9833333333333,-0.061088864275368415,-0.14484518749083886,-0.3593023255813953,0.5432711693474163,580300.0,924535.0,0.627666881188922,1448060380.0,303,False,jpx_liquidity,JPX流動性
472,7459,メディパルホールディングス,卸売業,プライム,7459.T,2026-09-09,2878.5,-0.018246930422919472,-0.012521440823327623,0.030981375358166252,0.10308488216133349,0.03121843951446479,2891.325,2793.883333333333,-0.00443568260226701,0.03028639945595435,-0.06054177545691908,0.12399444299432699,361700.0,503470.0,0.7184142054144239,1444829042.5,303,False,jpx_liquidity,JPX流動性
473,2593,伊藤園,食料品,プライム,2593.T,2026-09-09,3135.0,-0.020312499999999956,-0.0421631530705775,0.05060321715817695,0.10953813484339059,0.10763768636616344,3049.975,2985.641666666667,0.02787727768260395,0.05002553889867323,-0.0421631530705775,0.37122029516408916,347500.0,458660.0,0.7576418261893342,1438480642.5,303,False,jpx_liquidity,JPX流動性
474,5032,ＡＮＹＣＯＬＯＲ,情報・通信業,プライム,5032.T,2026-09-09,2855.0,-0.029901461094121617,-0.022260273972602773,0.016014234875444844,0.25715543813298103,-0.16060368361392452,2903.9,2588.45,-0.016839422845139285,0.10297668488863998,-0.15693819117402363,0.2670840547141758,735400.0,486590.0,1.511333977270392,1432206190.0,303,False,jpx_liquidity,JPX流動性
475,9301,三菱倉庫,倉庫・運輸関連業,プライム,9301.T,2026-09-09,1530.5,-0.003904978848031204,0.01156642432253796,0.019653564290472936,0.05770559778852791,0.1492535220240221,1520.725,1538.8416666666667,0.006427855134886418,-0.005420743957847085,-0.06505803298717161,0.11629454629691849,682800.0,967400.0,0.7058093859830473,1431524872.5,303,False,jpx_liquidity,JPX流動性
476,5707,東邦亜鉛,非鉄金属,プライム,5707.T,2026-09-09,1045.0,0.05025125628140703,0.031589338598223105,0.03876739562624265,0.16890380313199116,-0.23161764705882348,1098.95,932.4833333333333,-0.049092315391965125,0.12066346136660178,-0.2530378842030021,0.7335810183894164,588100.0,1265960.0,0.4645486429271067,1418488695.0,303,True,jpx_liquidity,JPX流動性
477,8418,山口フィナンシャルグループ,銀行業,プライム,8418.T,2026-09-09,3110.0,-0.010814249363867656,-0.026908635794743452,0.022017745645744435,0.06288448393711543,0.28471155570338236,3170.25,3044.2833333333333,-0.019004810346187173,0.021586908796268345,-0.044546850998463894,0.295647395173718,410600.0,446230.0,0.9201532841808037,1404193410.0,303,False,jpx_liquidity,JPX流動性
478,9065,山九,陸運業,プライム,9065.T,2026-09-09,8073.0,0.00912500000000005,0.0011160714285713969,-0.04855627578078958,-0.060186263096624004,-0.08727953888071738,8316.0,8647.016666666666,-0.02922077922077926,-0.06638320345552706,-0.14769847972972971,0.20012717510848577,225300.0,168300.0,1.338680926916221,1401536615.0,303,False,jpx_liquidity,JPX流動性
479,4413,ボードルア,情報・通信業,プライム,4413.T,2026-09-09,2964.0,0.0,0.0003374957813027102,0.049946865037194366,0.2132623823168236,0.4622594967932905,2956.8,2864.1666666666665,0.0024350649350648457,0.0348559790514984,-0.07950310559006213,0.2597213885303434,227900.0,457015.0,0.4986707219675503,1385543515.0,303,False,jpx_liquidity,JPX流動性
480,6966,三井ハイテック,電気機器,プライム,6966.T,2026-09-09,899.0,-0.0044296788482834915,-0.022826086956521774,-0.052687038988408874,-0.061586638830897655,0.47861842105263164,935.55,971.7440256754558,-0.039067927956816795,-0.0748592466260769,-0.31893939393939397,0.37096036191469295,3336600.0,1366725.0,2.4413104318718104,1377263185.0,303,False,jpx_liquidity,JPX流動性
481,2331,ＡＬＳＯＫ,サービス業,プライム,2331.T,2026-09-09,1193.5,-0.002507312996239075,-0.01688632619439867,0.020085470085470014,0.11230195712954338,-0.010136502251178015,1190.025,1140.7666666666667,0.0029201067204469577,0.04622622213131522,-0.08509007282483705,0.1138673809474712,1100300.0,1167955.0,0.9420739668908477,1369460775.0,303,False,jpx_liquidity,JPX流動性
482,7337,ひろぎんホールディングス,銀行業,プライム,7337.T,2026-09-09,2301.5,-0.014557910511667771,-0.036827788240217596,0.006560244915810198,0.08920965451964036,0.30947828572202485,2352.5,2244.4333333333334,-0.021679064824654648,0.025425868444893363,-0.04935976869062375,0.26102915158526185,585300.0,580990.0,1.0074183720890204,1366875982.5,303,False,jpx_liquidity,JPX流動性
483,8361,大垣共立銀行,銀行業,プライム,8361.T,2026-09-09,7860.0,-0.01132075471698113,-0.03911980440097795,0.03285151116951379,0.0536193029490617,0.3300563799580343,8074.5,7727.666666666667,-0.026565112390860124,0.017124617176379253,-0.050724637681159424,0.33219313254437166,149700.0,169335.0,0.8840464168659757,1364521850.0,303,False,jpx_liquidity,JPX流動性
484,2121,ＭＩＸＩ,情報・通信業,プライム,2121.T,2026-09-09,3460.0,-0.018439716312056764,-0.06486486486486487,0.04216867469879526,0.3125948406676784,0.3409964441096933,3535.25,3107.4333333333334,-0.021285623364684203,0.11345912489407128,-0.07486631016042777,0.27386869251371715,276700.0,381740.0,0.7248388955833813,1359634075.0,303,False,jpx_liquidity,JPX流動性
485,3941,レンゴー,パルプ・紙,プライム,3941.T,2026-09-09,1521.0,0.003629165291982872,-0.04729094895082997,-0.04788732394366202,0.0707497360084477,0.15899727459607282,1581.65,1502.025,-0.038346031043530515,0.012632945523543215,-0.0705774518790101,0.2498902672211809,816000.0,856355.0,0.9528758517203729,1358661280.0,303,False,jpx_liquidity,JPX流動性
486,4401,ＡＤＥＫＡ,化学,プライム,4401.T,2026-09-09,4482.0,0.025864042114900343,-0.03217447635499893,-0.06116464180980308,0.08654545454545448,0.1262775342801581,4614.05,4318.916666666667,-0.028619109025693312,0.03776024080112683,-0.06136125654450264,0.29184548677893807,230800.0,315695.0,0.7310853830437606,1355435105.0,303,False,jpx_liquidity,JPX流動性
487,2146,ＵＴグループ,サービス業,プライム,2146.T,2026-09-09,221.0,-0.013392857142857095,-0.04741379310344829,-0.030701754385964897,0.2556818181818181,0.1561139764933821,228.35,196.56666666666666,-0.032187431574337566,0.12430049177547908,-0.07531380753138073,0.2570196993703279,3799200.0,6535605.0,0.5813080808892215,1351919380.0,303,True,jpx_liquidity,JPX流動性
488,1860,戸田建設,建設業,プライム,1860.T,2026-09-09,1529.0,0.010241162867525633,-0.0035842293906810374,0.03801765105227428,-0.04705515736989718,0.04700211957116407,1513.075,1540.1083333333333,0.010524924408902292,-0.0072126960765747095,-0.06397306397306401,0.18745055256288554,620100.0,913680.0,0.6786840031520882,1350631665.0,303,False,jpx_liquidity,JPX流動性
489,7278,エクセディ,輸送用機器,プライム,7278.T,2026-09-09,5890.0,-0.0033840947546531774,-0.039151712887438794,-0.028052805280528004,0.010291595197255532,0.06623381088835356,6140.5,6010.666666666667,-0.04079472355671365,-0.02007542147293706,-0.06210191082802552,0.1919338151583092,218500.0,215710.0,1.0129340318019564,1347459850.0,303,False,jpx_liquidity,JPX流動性
490,2809,キユーピー,食料品,プライム,2809.T,2026-09-09,4650.0,-0.0057729313662604476,-0.029835176298769084,0.002587322121604174,0.1289147851420247,0.09448557729769913,4712.7,4538.383333333333,-0.013304475141638461,0.024593926618509565,-0.04024767801857587,0.1382624802086057,292800.0,283090.0,1.0343000459217917,1344325995.0,303,False,jpx_liquidity,JPX流動性
491,5463,丸一鋼管,鉄鋼,プライム,5463.T,2026-09-09,1736.0,0.004339022273647686,0.002888503755054783,-0.004016064257028162,0.03271861986912561,0.2234775905737254,1751.625,1776.625,-0.008920288303717938,-0.02286638992471679,-0.10284237726098189,0.21301857960901943,520700.0,770680.0,0.6756370997041574,1342660837.5,303,False,jpx_liquidity,JPX流動性
492,6707,サンケン電気,電気機器,プライム,6707.T,2026-09-09,6749.0,-0.0032491507901344363,-0.022875343854061092,-0.209348641049672,-0.24168539325842697,-0.01344832626808945,7438.65,8948.233333333334,-0.09271171516336962,-0.2457729086188335,-0.4226689478186484,0.40241776911557703,89300.0,178030.0,0.5016008537886874,1333306105.0,303,False,jpx_liquidity,JPX流動性
493,7988,ニフコ,化学,プライム,7988.T,2026-09-09,4921.0,-0.0016230472712517319,-0.025158478605388224,-0.03642059917759932,0.10958286358511837,0.09386593526700548,5056.9,5007.8,-0.02687417192351038,-0.017332960581492918,-0.07777361319340326,0.2702302845018826,240100.0,258005.0,0.9306021201139513,1328074785.0,303,False,jpx_liquidity,JPX流動性
494,4784,ＧＭＯインターネット,サービス業,プライム,4784.T,2026-09-09,524.0,-0.009451795841209809,-0.029629629629629672,-0.06261180679785328,0.18018018018018012,-0.2768646651525427,561.2,524.0,-0.06628652886671427,0.0,-0.343358395989975,0.6283811962071221,1285500.0,2331860.0,0.5512766632645184,1317449055.0,303,False,jpx_liquidity,JPX流動性
495,4516,日本新薬,医薬品,プライム,4516.T,2026-09-09,3363.0,-0.007085916740478315,-0.0383185587646554,-0.06661115736885925,-0.15861896422316735,-0.35008526126200257,3555.95,3784.75,-0.05426116790168589,-0.11143404452077421,-0.37502322988292136,0.17872051360434651,286500.0,371475.0,0.7712497476277004,1311931940.0,303,False,jpx_liquidity,JPX流動性
496,2607,不二製油,食料品,プライム,2607.T,2026-09-09,4395.0,-0.00022747952684254447,-0.056664520283322584,-0.009912142374408628,0.22185154295246035,0.3802636298380555,4545.75,4147.333333333333,-0.03316284441511297,0.05971708728500258,-0.07082452431289643,0.21612402741112904,285800.0,289020.0,0.988858902498097,1299477400.0,303,False,jpx_liquidity,JPX流動性
497,9364,上組,倉庫・運輸関連業,プライム,9364.T,2026-09-09,4820.0,-0.006185567010309256,-0.0049545829892650994,-0.04440919904837426,0.023137338144767483,-0.11586367188462132,4879.5,4999.183333333333,-0.012193872322983967,-0.035842520945087664,-0.1397465643405319,0.0911846490518511,257600.0,265545.0,0.9700804006853829,1292366635.0,303,False,jpx_liquidity,JPX流動性
498,4202,ダイセル,化学,プライム,4202.T,2026-09-09,1406.0,0.007885304659498216,-0.048392554991539716,-0.05351733423089866,0.037255625230542266,0.03831439349719323,1462.35,1431.625,-0.038533866721373045,-0.017899240373701164,-0.07499999999999996,0.29184484020407514,646700.0,894270.0,0.7231596721348139,1287016325.0,303,False,jpx_liquidity,JPX流動性
499,3687,フィックスターズ,情報・通信業,プライム,3687.T,2026-09-09,2244.0,0.00402684563758382,0.09037900874635563,0.0108108108108107,0.05500705218617763,0.49202127659574457,2198.35,2271.483333333333,0.020765574180635626,-0.012099289010851888,-0.38266850068775793,0.5083447438789178,1502900.0,527855.0,2.8471834121112805,1283656085.0,303,False,jpx_liquidity,JPX流動性
500,6632,ＪＶＣケンウッド,電気機器,プライム,6632.T,2026-09-09,963.5999755859375,0.008160690408648863,-0.05483082335857037,-0.05390282220330145,-0.12200457805381548,-0.15955926803461418,1013.2949981689453,1071.4783315022787,-0.04904299604045048,-0.10068178958419916,-0.25186337299228456,0.266969739614537,1505200.0,1264225.0,1.190610848543574,1279308033.968811,303,False,jpx_liquidity,JPX流動性
501,6999,ＫＯＡ,電気機器,プライム,6999.T,2026-09-09,2128.0,0.009009009009008917,-0.032727272727272716,-0.13460756405042695,-0.2205128205128205,0.27161191033243903,2292.25,2508.7166666666667,-0.07165448794852225,-0.15175753871501363,-0.3068403908794788,0.5629264400177095,444600.0,565345.0,0.7864224500084019,1275673850.0,303,False,jpx_liquidity,JPX流動性
502,2585,ライフドリンク　カンパニー,食料品,プライム,2585.T,2026-09-09,1438.0,-0.03554661301140172,-0.04260985352862845,-0.049570389953734306,-0.1156211562115621,0.48337615424266356,1576.0,1539.8333333333333,-0.0875634517766497,-0.06613269834397661,-0.20508568269762295,0.8315840116028814,565600.0,793650.0,0.7126567126567127,1272423750.0,303,False,jpx_liquidity,JPX流動性
503,9072,ニッコンホールディングス,陸運業,プライム,9072.T,2026-09-09,5081.0,-0.006064162754303548,-0.03421402775137805,-0.041320754716981156,-0.1496234309623431,0.3015869938464142,5358.4,5484.566666666667,-0.05176918483129289,-0.07358223378328277,-0.21902858899477406,0.35628289802727653,157600.0,234580.0,0.6718390314604825,1264145205.0,303,False,jpx_liquidity,JPX流動性
504,9404,日本テレビホールディングス,情報・通信業,プライム,9404.T,2026-09-09,2942.5,-0.017201068804275188,-0.02372262773722633,0.004437617340843136,0.04030404808202226,-0.06197606966815106,2984.975,2902.475,-0.014229599912897073,0.01378995512450576,-0.08646383110835143,0.17331027903385365,334300.0,426675.0,0.7835003222593309,1262637100.0,303,False,jpx_liquidity,JPX流動性
505,9418,Ｕ－ＮＥＸＴ　ＨＯＬＤＩＮＧＳ,情報・通信業,プライム,9418.T,2026-09-09,1721.0,-0.01091954022988506,-0.002318840579710102,-0.006924408540103899,0.08103015075376874,-0.012055109070034487,1736.0466186523438,1695.8988728841146,-0.008667174308961911,0.014801075416246645,-0.0412256267409471,0.17475297087429434,410500.0,744830.0,0.5511324731817999,1261232010.0,303,False,jpx_liquidity,JPX流動性
506,4626,太陽ホールディングス,化学,プライム,4626.T,2026-09-09,4720.0,0.002123142250530785,-0.0021141649048626032,-0.02640264026402639,-0.11378144949305291,-0.0748725989807918,4758.1,4867.116666666667,-0.008007397910930858,-0.030226657124170053,-0.12511584800741427,0.07465428542527106,300900.0,259550.0,1.1593141976497785,1257336980.0,303,False,jpx_liquidity,JPX流動性
507,3186,ネクステージ,小売業,プライム,3186.T,2026-09-09,2950.0,-0.032786885245901676,-0.0809968847352025,-0.1713483146067416,-0.18732782369146006,-0.054487179487179516,3369.5,3574.0833333333335,-0.12449918385517134,-0.1746135372706289,-0.30342384887839435,0.41683176205186684,824800.0,353480.0,2.333371053524952,1254070575.0,303,False,jpx_liquidity,JPX流動性
508,3116,トヨタ紡織,輸送用機器,プライム,3116.T,2026-09-09,2215.0,0.006360745115856492,-0.025731251374532693,-0.004941599281221953,-0.012042818911686015,-0.14985980985264713,2256.725,2228.9083333333333,-0.018489182332805276,-0.00623997547379318,-0.1674564505460704,0.28607042282866846,523900.0,556770.0,0.9409630547622896,1252990335.0,303,False,jpx_liquidity,JPX流動性
509,8343,秋田銀行,銀行業,プライム,8343.T,2026-09-09,8930.0,-0.007777777777777772,0.029988465974625234,0.11207970112079702,0.39749608763693267,0.8342057574273556,8747.5,7651.833333333333,0.02086310374392686,0.16704057851059662,-0.03354978354978355,0.3835797915174194,120200.0,141140.0,0.8516366728071418,1244853700.0,303,False,jpx_liquidity,JPX流動性
510,4480,メドレー,情報・通信業,プライム,4480.T,2026-09-09,2434.0,-0.014574898785425061,-0.06023166023166027,0.13951310861423227,0.20734126984126977,0.32787779596290245,2664.0,2253.05,-0.0863363363363363,0.08031335301036369,-0.17742480567759378,0.9106748280441483,190800.0,454820.0,0.4195066180027264,1241888535.0,303,False,jpx_liquidity,JPX流動性
511,2685,アンドエスティＨＤ,小売業,プライム,2685.T,2026-09-09,3220.0,0.004680187207488196,-0.022761760242792084,-0.06531204644412192,-0.05294117647058827,0.10805230557467316,3383.248254394531,3424.416084798177,-0.04825192895096797,-0.05969370536063945,-0.10803324099722988,0.1721941926016187,198900.0,358540.0,0.5547498187092096,1232867425.0,303,False,jpx_liquidity,JPX流動性
512,8698,マネックスグループ,証券、商品先物取引業,プライム,8698.T,2026-09-09,717.0,-0.011034482758620734,0.004201680672268893,0.031654676258992875,0.1064814814814814,0.0323784458194849,721.85,699.8333333333334,-0.00671884740597084,0.024529649916646745,-0.06640625,0.2934877570085128,1374500.0,1692160.0,0.8122754349470499,1229082395.0,303,False,jpx_liquidity,JPX流動性
513,1719,安藤・間,建設業,プライム,1719.T,2026-09-09,1924.0,0.006802721088435382,0.0018224420723769175,0.03246579017976936,0.06948304613674261,0.02632162593371623,1908.925,1841.5,0.007897114868316013,0.04480043442845516,-0.06873184898354312,0.15917907501479248,513500.0,647255.0,0.7933503796803424,1224791857.5,303,False,jpx_liquidity,JPX流動性
514,6875,メガチップス,電気機器,プライム,6875.T,2026-09-09,10710.0,0.017094017094017033,0.01037735849056598,-0.04630454140694573,-0.0743301642178047,0.26005993391689364,10918.5,10397.166666666666,-0.019096029674405823,0.030088325345045908,-0.18306636155606404,0.41210516316260876,114300.0,111065.0,1.0291270877414127,1224061000.0,303,False,jpx_liquidity,JPX流動性
515,8012,長瀬産業,卸売業,プライム,8012.T,2026-09-09,1150.5,0.034157303370786485,-0.010322580645161339,-0.0714285714285714,-0.05966489579076417,0.047055818745027844,1183.5,1185.6083333333333,-0.027883396704689534,-0.029612083810702017,-0.09587426326129667,0.2480111750006317,969800.0,1028190.0,0.9432108851476867,1211432290.0,303,True,jpx_liquidity,JPX流動性
516,6005,三浦工業,機械,プライム,6005.T,2026-09-09,3082.0,-0.03203517587939697,-0.02096569250317659,-0.02714646464646464,-0.03385579937304073,0.013081271705951858,3169.2,3177.4,-0.027514830241070265,-0.030024548372883486,-0.10537010159651672,0.27605981369446914,693100.0,383420.0,1.8076782640446507,1211290830.0,303,False,jpx_liquidity,JPX流動性
517,6055,ジャパンマテリアル,サービス業,プライム,6055.T,2026-09-09,2143.0,-0.024134790528233196,0.018052256532066435,-0.02987777274784975,-0.1323886639676113,0.1839335056011313,2146.55,2327.1666666666665,-0.0016538165894109946,-0.07913772112010309,-0.21155261221486388,0.4686644703258017,415100.0,584515.0,0.7101614158746995,1207320855.0,303,False,jpx_liquidity,JPX流動性
518,2175,エス・エム・エス,サービス業,プライム,2175.T,2026-09-09,2531.0,-0.0003949447077409296,0.01280512204881945,0.09519688446559926,0.2604581673306774,0.544457675400339,2412.35,2314.8166666666666,0.049184405247994833,0.09339112528709981,-0.014408099688473563,0.24878636801587795,487300.0,493210.0,0.9880172745889175,1205356900.0,303,False,jpx_liquidity,JPX流動性
519,8020,兼松,卸売業,プライム,8020.T,2026-09-09,2265.5,0.006441581519324835,0.0019902697921274637,0.038981884888787066,0.04811473513763587,0.058135435125193036,2222.275,2140.1583333333333,0.019450788043783973,0.05856653908005249,-0.03800424628450105,0.22770131579191943,470400.0,538860.0,0.872954014029618,1187580760.0,303,False,jpx_liquidity,JPX流動性
520,6523,ＰＨＣホールディングス,電気機器,プライム,6523.T,2026-09-09,1264.0,-0.020155038759689936,-0.15564462257849032,-0.06231454005934722,0.19357884796978286,0.3021729652195533,1457.25,1206.8,-0.13261279807857262,0.047398077560490526,-0.20901126408010018,0.5027427420017286,1375100.0,790915.0,1.738619194224411,1187511125.0,303,False,jpx_liquidity,JPX流動性
521,6258,平田機工,機械,プライム,6258.T,2026-09-09,3575.0,-0.002789400278940035,0.05147058823529416,-0.00969529085872578,0.25043721580972367,0.421312229000236,3533.5,3201.383333333333,0.011744729022215905,0.1167047578390592,-0.07503234152652005,0.45369610147557604,292400.0,363020.0,0.805465263621839,1184372400.0,303,False,jpx_liquidity,JPX流動性
522,8282,ケーズホールディングス,小売業,プライム,8282.T,2026-09-09,1837.0,-0.014220552723369972,-0.03721174004192873,-0.046704722366372575,-0.08629694105943797,0.15593571491448333,1925.55,1897.4166666666667,-0.04598686089688653,-0.031841538934516245,-0.14098667290156652,0.17480564741099452,592600.0,621430.0,0.9536070032022915,1183109795.0,303,False,jpx_liquidity,JPX流動性
523,4967,小林製薬,化学,プライム,4967.T,2026-09-09,5700.0,-0.036022323693556624,0.003697834125726329,0.024995504405682434,0.04242867593269928,0.012073863636363535,5654.9,5565.199877929687,0.007975384180091583,0.02422197315947261,-0.0681706718979892,0.22715852720151106,314700.0,199915.0,1.5741690218342796,1180912570.0,303,False,jpx_liquidity,JPX流動性
524,5901,東洋製罐グループホールディングス,金属製品,プライム,5901.T,2026-09-09,4502.0,-0.001330967169476449,-0.010331941085952923,0.03804473138113895,0.13144006031666255,0.19684788338617198,4466.0,4230.5,0.008060904612628761,0.064176811251625,-0.015741145605596807,0.18232114605606137,219300.0,264250.0,0.8298959318826868,1175847480.0,303,False,jpx_liquidity,JPX流動性
525,6136,オーエスジー,機械,プライム,6136.T,2026-09-09,3482.0,0.016642335766423377,-0.023829548640313947,-0.10234596545501418,-0.002292263610315204,0.3729625679898081,3695.4,3749.0333333333333,-0.057747469827352904,-0.07122724969103145,-0.15093879541575228,0.35115897358334247,291200.0,317605.0,0.9168621400796587,1172750355.0,303,False,jpx_liquidity,JPX流動性
526,7380,十六フィナンシャルグループ,銀行業,プライム,7380.T,2026-09-09,2538.0,-0.013219284603421477,-0.03461392164321031,0.04702970297029707,0.12251216275984067,0.45075334341517315,2582.4,2455.1,-0.01719330855018586,0.03376644535864126,-0.04729729729729726,0.34353028527163304,335800.0,457770.0,0.733556152653079,1168167130.0,303,False,jpx_liquidity,JPX流動性
527,3291,飯田グループホールディングス,不動産業,プライム,3291.T,2026-09-09,2246.0,-0.003991130820399147,-0.04221748400852876,-0.017497812773403343,0.016519574564381134,-0.07915595515182194,2326.925,2257.4333333333334,-0.03477765720854786,-0.005064749051282402,-0.09453739165490826,0.16494914656551687,428900.0,514110.0,0.8342572601194297,1168023542.5,303,False,jpx_liquidity,JPX流動性
528,2726,パルグループホールディングス,小売業,プライム,2726.T,2026-09-09,1512.0,-0.020725388601036232,0.03846153846153855,0.010695187165775444,0.06105263157894747,0.023696682464454888,1509.35,1474.0833333333333,0.0017557226620732447,0.025722200237435766,-0.046658259773013855,0.32835322270763195,928700.0,754590.0,1.2307345710915862,1165370785.0,303,False,jpx_liquidity,JPX流動性
529,7004,カナデビア,機械,プライム,7004.T,2026-09-09,1154.0,0.01050788091068311,0.006102877070619073,-0.04785478547854782,-0.15333822450476886,0.18138300733949309,1191.05,1242.1333333333334,-0.031107006422904093,-0.0709531987977674,-0.2057811424638678,0.4049347618536724,744900.0,986320.0,0.7552315678481629,1150838560.0,303,False,jpx_liquidity,JPX流動性
530,1951,エクシオグループ,建設業,プライム,1951.T,2026-09-09,2588.5,-0.006905812392096644,-0.013904761904761864,-0.01652735562310026,-0.053737890696399226,-0.031418768092103866,2613.0,2661.9166666666665,-0.009376195943360144,-0.02758037754750642,-0.13485962566844922,0.18550849412546713,593700.0,462245.0,1.2843838224318274,1150242037.5,303,False,jpx_liquidity,JPX流動性
531,9008,京王電鉄,陸運業,プライム,9008.T,2026-09-09,788.7999877929688,0.0043289575671234815,0.002924332858192935,0.03830456116671388,0.08143674443474702,0.029006738542757482,778.2050048828125,768.5750010172526,0.013614642470401117,0.026314916239725816,-0.06184586198258135,0.10804706660679911,1762300.0,1473885.0,1.1956835166922792,1147979646.8496704,303,False,jpx_liquidity,JPX流動性
532,2157,コシダカホールディングス,サービス業,プライム,2157.T,2026-09-09,992.0,-0.00700700700700696,-0.04980842911877392,-0.028403525954946107,0.03333333333333344,-0.056137012369172234,1023.3377532958984,1009.8459177652995,-0.030623079423160005,-0.017671921479656016,-0.13058720420683612,0.18963978915970064,566600.0,1112935.0,0.5091043052828782,1144530415.0,303,False,jpx_liquidity,JPX流動性
533,1961,三機工業,建設業,プライム,1961.T,2026-09-09,2457.0,0.01528925619834709,0.028894472361808976,0.032786885245901676,-0.07804878048780484,0.13342268836099525,2428.15,2569.0833333333335,0.01188147354982183,-0.04362775308962341,-0.21375999999999995,0.334923467295447,288500.0,492205.0,0.5861378897004297,1143332905.0,303,False,jpx_liquidity,JPX流動性
534,8111,ゴールドウイン,繊維製品,プライム,8111.T,2026-09-09,2095.0,-0.005931198102016588,0.0016734401147502354,-0.028067733704476905,-0.03098982423681773,-0.08496748752924421,2131.525,2204.9333333333334,-0.01713561886442805,-0.049857894418576576,-0.13643858202802972,0.16429512257183182,593600.0,537930.0,1.1034893015819902,1141104587.5,303,False,jpx_liquidity,JPX流動性
535,4483,ＪＭＤＣ,情報・通信業,プライム,4483.T,2026-09-09,3460.0,-0.011428571428571455,0.028231797919762158,-0.011428571428571455,0.26786368633198965,0.05904030749185596,3450.75,3205.633333333333,0.002680576686227676,0.07934989445663376,-0.07362784471218209,0.33890001541980014,398600.0,320425.0,1.2439728485605055,1134265900.0,303,False,jpx_liquidity,JPX流動性
536,3401,帝人,繊維製品,プライム,3401.T,2026-09-09,1645.5,0.014488286066584477,-0.06849702802151147,-0.07556179775280902,-0.005439709882139598,0.0797614260608226,1739.375,1695.2416666666666,-0.053970535393460306,-0.02934193256615325,-0.09835616438356165,0.2934736157940944,728700.0,662095.0,1.1005973463022678,1130480792.5,303,False,jpx_liquidity,JPX流動性
537,6849,日本光電工業,電気機器,プライム,6849.T,2026-09-09,1464.5,-0.017114093959731513,-0.032055518836748176,-0.03428948236069895,0.09495327102803741,-0.006118774813512418,1499.1,1498.3333333333333,-0.023080514975652,-0.022580645161290325,-0.11723930078360456,0.2503030853549741,691800.0,762930.0,0.9067673312099406,1130098605.0,303,False,jpx_liquidity,JPX流動性
538,5384,フジミインコーポレーテッド,ガラス・土石製品,プライム,5384.T,2026-09-09,3350.0,0.019786910197869156,0.01669195751138086,-0.1645885286783042,-0.21453692848769046,0.15877769288759813,3608.5,4022.0833333333335,-0.07163641402244703,-0.16709831140578058,-0.34184675834970535,0.3795264661969858,210800.0,314080.0,0.6711665817626082,1126259300.0,303,False,jpx_liquidity,JPX流動性
539,6235,オプトラン,機械,プライム,6235.T,2026-09-09,2466.0,0.0065306122448980375,-0.005244050020169477,-0.22085308056872033,-0.3668806161745828,-0.1654822335025381,2731.85,3230.807649739583,-0.09731500631440226,-0.23672336228411184,-0.48838174273858925,0.4900226027097385,281400.0,433300.0,0.6494345718901454,1125718595.0,303,False,jpx_liquidity,JPX流動性
540,2433,博報堂ＤＹホールディングス,サービス業,プライム,2433.T,2026-09-09,1294.0,-0.005762581636573172,-0.039703153988868256,0.033546325878594185,0.14361467079098533,0.27095700036610415,1319.6,1244.2666666666667,-0.019399818126704993,0.039969995713673434,-0.07073608617594251,0.2896746876654936,762900.0,843885.0,0.9040331324765816,1121900732.5,303,False,jpx_liquidity,JPX流動性
541,6490,ＰＩＬＬＡＲ,機械,プライム,6490.T,2026-09-09,9530.0,0.04039301310043664,0.02473118279569886,-0.07922705314009659,-0.014477766287487093,0.2758792480764676,9912.5,10060.666666666666,-0.03858764186633035,-0.05274667020078183,-0.1566371681415929,0.5333006474316341,79100.0,115905.0,0.6824554592122859,1118759900.0,303,True,jpx_liquidity,JPX流動性
542,4587,ペプチドリーム,医薬品,プライム,4587.T,2026-09-09,1082.5,-0.012317518248175174,0.006508600650860119,0.07497517378351537,0.1701437991222179,-0.19516728624535318,1079.5,1018.8400014241537,0.0027790643816580918,0.062482822118155035,-0.18455743879472697,0.37487987088494634,781800.0,1044290.0,0.7486426184297466,1113632667.5,303,False,jpx_liquidity,JPX流動性
543,1414,ショーボンドホールディングス,建設業,プライム,1414.T,2026-09-09,1258.5,-0.006708760852407236,-0.0035629453681710332,-0.026305609284332676,-0.015258215962441368,-0.09784946236559144,1267.6,1271.1295776367188,-0.007178920795203436,-0.009935712187737478,-0.1347542110690959,0.12331631035480409,677900.0,935570.0,0.7245850123454151,1111505407.5,303,False,jpx_liquidity,JPX流動性
544,6264,マルマエ,機械,プライム,6264.T,2026-09-09,1908.0,-0.012933264355923457,0.02032085561497321,-0.08533077660594435,-0.28270676691729324,0.11742313323572473,2029.345703125,2227.215234375,-0.05979548134067991,-0.14332482530121426,-0.38550724637681155,0.4914155724631889,401800.0,547145.0,0.7343574372424129,1110120270.0,303,False,jpx_liquidity,JPX流動性
545,9744,メイテックグループホールディングス,サービス業,プライム,9744.T,2026-09-09,3253.0,-0.0136446331109763,-0.03529062870699884,-0.029824038174768863,0.06725721784776906,0.019614607171047682,3350.4,3247.266666666667,-0.029071155682903527,0.001765587468435026,-0.04966403739409875,0.1156744840211344,346500.0,329675.0,1.051035110335937,1107925620.0,303,False,jpx_liquidity,JPX流動性
546,8628,松井証券,証券、商品先物取引業,プライム,8628.T,2026-09-09,1190.0,-0.013266998341625258,0.00591715976331364,0.08675799086757996,0.25527426160337563,0.30162594423485745,1151.65,1069.75,0.03330004775756512,0.11240944145828458,-0.018151815181518205,0.2493822888613794,611100.0,936215.0,0.6527346816703428,1104376570.0,303,False,jpx_liquidity,JPX流動性
547,6472,ＮＴＮ,機械,プライム,6472.T,2026-09-09,370.8999938964844,0.0024324159364441655,-0.006695233103547027,-0.04456470315956773,-0.1497020093606828,0.13914630183444943,378.91999969482424,391.8933314005534,-0.021165432821701247,-0.05356900927362751,-0.22632457526361194,0.3885407722742843,3577200.0,2869905.0,1.2464524087034239,1102218400.8306885,303,False,jpx_liquidity,JPX流動性
548,3543,コメダホールディングス,卸売業,プライム,3543.T,2026-09-09,2859.0,-0.006601806810284883,-0.020890410958904093,-0.010041551246537384,0.05226352594773642,-0.029531568228105876,2912.435900878906,2848.9953002929688,-0.018347494227351158,0.003511658901649506,-0.0966824644549763,0.11857553381540066,134300.0,377355.0,0.35589829205920154,1090489160.0,303,False,jpx_liquidity,JPX流動性
549,3660,アイスタイル,情報・通信業,プライム,3660.T,2026-09-09,486.0,-0.04330708661417326,-0.06896551724137934,0.09213483146067425,0.2755905511811023,0.1045454545454545,520.85,442.3330591837565,-0.06690985888451573,0.09871959581050249,-0.13214285714285712,0.8355696598282373,1611800.0,2037470.0,0.7910791324534839,1089342510.0,303,False,jpx_liquidity,JPX流動性
550,8086,ニプロ,精密機器,プライム,8086.T,2026-09-09,1430.0,-0.020547945205479423,-0.06075533661740562,-0.11207699472213595,-0.13751507840772015,-0.027930759848970532,1540.95,1582.0,-0.07200103832051663,-0.09608091024020227,-0.18262360674478417,0.19063335890002384,698100.0,750065.0,0.930719337657403,1087324030.0,303,False,jpx_liquidity,JPX流動性
551,8570,イオンフィナンシャルサービス,その他金融業,プライム,8570.T,2026-09-09,1592.0,-0.0050000000000000044,-0.029859841560024414,-0.0224132637396377,0.050478389970306736,0.01790281329923271,1648.4356750488282,1569.270225016276,-0.03423589764711721,0.014484296344492442,-0.06293809598945566,0.17772302798505668,602300.0,640390.0,0.940520620247037,1085992232.5,303,False,jpx_liquidity,JPX流動性
552,8242,エイチ・ツー・オー　リテイリング,小売業,プライム,8242.T,2026-09-09,2837.0,-0.0063047285464098435,-0.031410037555479664,0.004959263195182473,0.08489483747609938,0.26233819449174445,2928.975,2844.8416666666667,-0.0314017702438566,-0.002756451003424365,-0.06861457649376235,0.17895253543547332,339800.0,371270.0,0.9152368895951734,1085248100.0,303,False,jpx_liquidity,JPX流動性
553,5232,住友大阪セメント,ガラス・土石製品,プライム,5232.T,2026-09-09,5635.0,0.025104602510460206,0.037371134020618646,-0.012616085509024044,-0.029117849758787062,0.45124305933205733,5632.25,5723.35,0.0004882595765458575,-0.01543676343400291,-0.1156622724419335,0.3710170389504189,247200.0,186020.0,1.3288893667347597,1078261420.0,303,False,jpx_liquidity,JPX流動性
554,6544,ジャパンエレベーターサービスホールディングス,サービス業,プライム,6544.T,2026-09-09,1468.5,-0.003054989816700604,-0.0074349442379182396,-0.01871032408954232,-0.06583969465648853,-0.1064145651293048,1524.075,1641.4083333333333,-0.03646474090841989,-0.10534144966974501,-0.22363203806502774,0.20135805504583446,622900.0,730495.0,0.8527094641304869,1068827722.5,303,False,jpx_liquidity,JPX流動性
555,9722,藤田観光,サービス業,プライム,9722.T,2026-09-09,2801.0,-0.005679801206957769,-0.03447087211306443,0.19905821917808209,0.5407040704070407,0.34922928709055867,2709.1,2197.016666666667,0.033922704957366046,0.27491067432351435,-0.07710049423393739,0.4086024343883802,214500.0,395940.0,0.5417487498105774,1068156060.0,303,False,jpx_liquidity,JPX流動性
556,5947,リンナイ,金属製品,プライム,5947.T,2026-09-09,3460.0,-0.008879977083930068,-0.0463065049614112,-0.04022191400832176,-0.005461339465363646,-0.06636205414630503,3587.2,3580.516666666667,-0.03545941123996432,-0.03365901569140395,-0.0848981750859561,0.1495384200206336,294200.0,302290.0,0.9732376195044494,1066926885.0,303,False,jpx_liquidity,JPX流動性
557,5202,日本板硝子,ガラス・土石製品,プライム,5202.T,2026-09-09,494.0,0.0020283975659229903,0.006109979633401208,0.027027027027026973,0.044397463002114224,0.06465517241379315,489.1,483.23333333333335,0.010018401144959999,0.022280471821756187,0.0,0.06892756345030135,1385800.0,2297685.0,0.6031288013805199,1065452705.0,303,False,jpx_liquidity,JPX流動性
558,2531,宝ホールディングス,食料品,プライム,2531.T,2026-09-09,2446.0,0.004517453798768001,0.1290099238402953,0.20641183723797774,0.17286022536561974,0.7215977971941514,2204.0,2169.0833333333335,0.1098003629764066,0.127665296400169,-0.004679552390640884,0.38139354529254077,398700.0,473105.0,0.8427304720939326,1057863525.0,303,False,jpx_liquidity,JPX流動性
559,6266,タツモ,機械,プライム,6266.T,2026-09-09,3475.0,0.0,0.04826546003016596,-0.04532967032967028,-0.16766467065868262,0.4712108382726503,3601.5,4198.75,-0.035124253783145876,-0.17237272997916042,-0.35288640595903165,0.5937860311207999,190000.0,335605.0,0.5661417440145409,1046368625.0,303,False,jpx_liquidity,JPX流動性
560,7717,ブイ・テクノロジー,精密機器,プライム,7717.T,2026-09-09,5730.0,0.015957446808510634,0.06902985074626855,0.023214285714285632,-0.09621451104100942,0.3064512196601814,5607.5,6504.916666666667,0.021845742309406946,-0.11912783919855496,-0.38912579957356075,0.5661419343702669,148400.0,186820.0,0.7943475002676373,1036556950.0,303,False,jpx_liquidity,JPX流動性
561,9006,京浜急行電鉄,陸運業,プライム,9006.T,2026-09-09,1559.5,-0.001280819724623794,0.0035392535392535507,0.030733641771315323,0.050876010781671255,0.06911796051031094,1555.0,1535.0,0.002893890675241151,0.01596091205211736,-0.055706933091129285,0.13977838361616665,813600.0,663780.0,1.2257073126638345,1036242457.5,303,False,jpx_liquidity,JPX流動性
562,5074,テスホールディングス,建設業,プライム,5074.T,2026-09-09,612.0,0.030303030303030276,-0.02857142857142858,-0.2093023255813954,-0.2949308755760369,-0.08792846497764528,636.3,764.7659372965495,-0.038189533239038176,-0.19975515363115892,-0.5415730337078652,0.8855303013175917,775800.0,1630625.0,0.4757684936757378,1033743525.0,303,False,jpx_liquidity,JPX流動性
563,6058,ベクトル,サービス業,プライム,6058.T,2026-09-09,1932.0,-0.04214179474467028,0.004158004158004047,0.10085470085470094,0.2949061662198391,0.4504504504504505,1952.35,1828.25,-0.010423335979716675,0.05674825652946813,-0.11700182815356486,0.568823636567527,631300.0,502365.0,1.2566560170394037,1030355725.0,303,False,jpx_liquidity,JPX流動性
564,8876,リログループ,サービス業,プライム,8876.T,2026-09-09,2194.5,-0.02358175750834257,-0.02336448598130836,0.004807692307692291,0.21916666666666673,0.18296904611497156,2192.45,2061.633333333333,0.0009350270245616077,0.06444728289867263,-0.04253926701570676,0.18909384748648408,515900.0,463065.0,1.1140984527010247,1028234115.0,303,False,jpx_liquidity,JPX流動性
565,5832,ちゅうぎんフィナンシャルグループ,銀行業,プライム,5832.T,2026-09-09,3406.0,-0.009307737056428178,-0.03321033210332103,0.0011757789535566943,0.08024104027909917,0.24245393401080784,3487.5,3323.7166666666667,-0.02336917562724017,0.024756422278272794,-0.04700615556799104,0.2710333445896596,354300.0,293585.0,1.2068055248054226,1023695445.0,303,False,jpx_liquidity,JPX流動性
566,4206,アイカ工業,化学,プライム,4206.T,2026-09-09,4133.0,-0.009585430146177853,-0.008872901678657064,-0.010296934865900331,0.17548350398179746,0.14532521755320693,4120.95,3859.6666666666665,0.0029240830391050743,0.0708178599188185,-0.0173561578697099,0.16188175849247247,149300.0,255295.0,0.5848136469574414,1019354070.0,303,False,jpx_liquidity,JPX流動性
567,4023,クレハ,化学,プライム,4023.T,2026-09-09,4470.0,0.013605442176870763,-0.03455723542116629,-0.020810514786418377,0.14910025706940866,0.027355337937034152,4512.0,4258.416666666667,-0.009308510638297851,0.04968591612688589,-0.04282655246252676,0.221110485540012,245900.0,232470.0,1.0577708951692693,1016134175.0,303,False,jpx_liquidity,JPX流動性
568,3964,オークネット,情報・通信業,プライム,3964.T,2026-09-09,1309.0,-0.012075471698113183,-0.03037037037037038,-0.10648464163822524,-0.07816901408450705,0.04219745222929938,1416.9,1399.274591064453,-0.07615216317312445,-0.06451527930324208,-0.18085106382978722,0.2810907233307036,398700.0,714045.0,0.5583681700733147,1015697225.0,303,False,jpx_liquidity,JPX流動性
569,8022,美津濃,その他製品,プライム,8022.T,2026-09-09,4040.0,-0.0012360939431397266,-0.013431013431013383,-0.06046511627906981,0.18649045521292207,0.2041359866009833,4089.5,3757.8333333333335,-0.012104169213840277,0.07508759480196914,-0.06264501160092806,0.2879468034010356,545300.0,244210.0,2.2329142950739116,1004590750.0,303,True,jpx_liquidity,JPX流動性
570,1979,大氣社,建設業,プライム,1979.T,2026-09-09,3830.0,0.005249343832020914,-0.011612903225806437,-0.053152039555006136,-0.17099567099567103,0.13677629665828928,3944.25,4376.916666666667,-0.028966216644482512,-0.12495478171467744,-0.22860020140986903,0.29230059098229677,163800.0,265580.0,0.6167633104902478,1003531425.0,303,False,jpx_liquidity,JPX流動性
571,9076,セイノーホールディングス,陸運業,プライム,9076.T,2026-09-09,2654.0,-0.0069223573433114804,-0.03350327749453752,-0.04993735457311621,-0.006178618236285294,0.09550215426500541,2763.5,2697.483333333333,-0.039623665641396744,-0.016119963669840365,-0.06119561372479665,0.16231525846182965,305400.0,377730.0,0.8085140179493289,1000844120.0,303,False,jpx_liquidity,JPX流動性
572,6457,グローリー,機械,プライム,6457.T,2026-09-09,4315.0,-0.019986372927549345,-0.06984263849967665,-0.11085926231197196,0.07928964482241119,0.10917235553781635,4740.0,4416.85,-0.08966244725738393,-0.023059420175011724,-0.12385786802030452,0.2770212773370856,185300.0,211980.0,0.8741390697235588,993039400.0,303,False,jpx_liquidity,JPX流動性
573,9533,東邦瓦斯,電気・ガス業,プライム,9533.T,2026-09-09,1298.0,0.014458772958186872,0.037155413503795476,0.12380952380952381,0.029341792228390062,0.04831032036749772,1227.65,1208.625,0.057304606361747945,0.07394766780432316,-0.04171280915466957,0.18992999368189128,932200.0,809885.0,1.1510276150317638,992255210.0,303,False,jpx_liquidity,JPX流動性
574,8360,山梨中央銀行,銀行業,プライム,8360.T,2026-09-09,6850.0,-0.021428571428571463,-0.05124653739612184,-0.026988636363636354,0.09600000000000009,0.45267779480594794,7249.0,6749.0,-0.055042074768933635,0.014965180026670577,-0.0974967061923584,0.36426571097412164,139000.0,134370.0,1.0344570960779935,991242000.0,303,False,jpx_liquidity,JPX流動性
575,8522,名古屋銀行,銀行業,プライム,8522.T,2026-09-09,6880.0,-0.014326647564469885,-0.036414565826330514,0.0392749244712991,0.15050167224080258,0.33068937696371314,7012.0,6566.333333333333,-0.01882487164860236,0.047768922280318815,-0.05364511691884455,0.3507369450227738,68700.0,143305.0,0.47939709012246606,982748900.0,303,False,jpx_liquidity,JPX流動性
576,4776,サイボウズ,情報・通信業,プライム,4776.T,2026-09-09,2887.0,-0.037666666666666626,-0.048764415156507424,0.027036641764496716,0.22382365409071636,0.35095928872250814,3033.55,2692.766666666667,-0.04830973611774991,0.07213151281829089,-0.13692077727952168,0.5961464857201066,203500.0,321285.0,0.6333940271098869,978509695.0,303,False,jpx_liquidity,JPX流動性
577,8381,山陰合同銀行,銀行業,プライム,8381.T,2026-09-09,2514.0,-0.014117647058823568,-0.04446978335233753,0.006405124099279513,0.14428766499772427,0.5506852483663911,2588.15,2443.9,-0.028649807777756386,0.02868366136093936,-0.04916792738275344,0.25468467178933546,366800.0,384270.0,0.9545371743825956,977181970.0,303,False,jpx_liquidity,JPX流動性
578,7240,ＮＯＫ,輸送用機器,プライム,7240.T,2026-09-09,2960.5,0.01179084073820924,-0.029025910134470312,-0.038174139051332046,0.004410517387616553,0.006748737226980328,3039.475,2989.0666666666666,-0.025983105635019155,-0.009557052368632357,-0.04929351316634556,0.27219403837174144,389600.0,318110.0,1.2247335827229575,976471517.5,303,False,jpx_liquidity,JPX流動性
579,4681,リゾートトラスト,サービス業,プライム,4681.T,2026-09-09,1767.0,-0.01559888579387192,-0.03125,-0.07268433482025716,0.036363636363636376,-0.04729083084004515,1842.025,1780.875,-0.04072963179109956,-0.007791113918719783,-0.07341373885684321,0.1981210983197787,611600.0,605570.0,1.0099575606453424,971235070.0,303,False,jpx_liquidity,JPX流動性
580,1885,東亜建設工業,建設業,プライム,1885.T,2026-09-09,2140.0,0.017110266159695797,0.025395304264494545,0.05470675209462783,-0.09090909090909094,-0.3659399152434788,2096.6,2084.883333333333,0.02070018124582651,0.026436331369461108,-0.3556376158480049,0.30950997536909225,394600.0,459985.0,0.8578540604584932,962348915.0,303,False,jpx_liquidity,JPX流動性
581,7456,松田産業,卸売業,プライム,7456.T,2026-09-09,7470.0,0.03606102635228847,0.13525835866261393,0.08260869565217388,0.16718750000000004,0.058764760604596455,6995.0,6193.833333333333,0.06790564689063627,0.20603826386459656,-0.038610038610038644,0.5430557059883595,116100.0,155840.0,0.7449948665297741,962034750.0,303,True,jpx_liquidity,JPX流動性
582,2810,ハウス食品グループ本社,食料品,プライム,2810.T,2026-09-09,3840.0,-0.0036325895173845435,-0.022154316271963292,0.0245464247598719,0.08967082860385922,0.3017050417334748,3820.4,3803.8,0.0051303528426343,0.009516798990483188,-0.06546605013385254,0.269801064556244,164500.0,247255.0,0.6653050494428828,950181135.0,303,False,jpx_liquidity,JPX流動性
583,2784,アルフレッサ　ホールディングス,卸売業,プライム,2784.T,2026-09-09,2292.0,0.0032829940906107247,-0.016520060072945708,0.035230352303523116,0.041818181818181754,-0.028239342964509917,2301.825,2262.7,-0.004268352285686228,0.01294913156848021,-0.12485681557846506,0.1193824277388841,355100.0,420335.0,0.8448023600223631,948594475.0,303,False,jpx_liquidity,JPX流動性
584,7164,全国保証,その他金融業,プライム,7164.T,2026-09-09,3109.0,-0.016761543327008188,-0.03025577043044292,-0.0016056518946692133,0.08973010865755349,0.00932957800955947,3179.1,3091.8333333333335,-0.02205026579849645,0.005552261333620745,-0.047195832056389775,0.09483160305521854,229500.0,299580.0,0.7660725015021029,929442565.0,303,False,jpx_liquidity,JPX流動性
585,7350,おきなわフィナンシャルグループ,銀行業,プライム,7350.T,2026-09-09,7520.0,-0.015706806282722474,-0.03959131545338446,-0.005291005291005346,0.1393939393939394,0.410124539197279,7774.5,7194.5,-0.03273522413016916,0.04524289387726732,-0.07389162561576357,0.42361218891115815,66900.0,119830.0,0.5582909121255112,921758850.0,303,False,jpx_liquidity,JPX流動性
586,3097,物語コーポレーション,小売業,プライム,3097.T,2026-09-09,5700.0,-0.032258064516129004,0.027027027027026973,-0.015544041450777257,0.19122257053291536,0.1838006230529594,5712.0,5244.841951497396,-0.0021008403361344463,0.08678203322650302,-0.032258064516129004,0.30360440435366776,139400.0,188435.0,0.7397776421577732,920106250.0,303,False,jpx_liquidity,JPX流動性
587,9505,北陸電力,電気・ガス業,プライム,9505.T,2026-09-09,1078.5,0.004657661853749495,0.026653974297953464,0.1559485530546625,0.21466378009361708,0.030942612262434332,1011.2249969482422,941.2466684977213,0.06652822394104763,0.14582078863699155,-0.036302678554969714,0.2784246577858977,527600.0,914750.0,0.5767696091828368,917120479.8776245,303,False,jpx_liquidity,JPX流動性
588,8273,イズミ,小売業,プライム,8273.T,2026-09-09,992.0,-0.009980039920159722,-0.044315992292870865,-0.01195219123505975,0.04201680672268915,-0.009980039920159722,1023.7307373046875,994.6769124348958,-0.030995198393895307,-0.0026912381311263722,-0.08402585410895658,0.20363157346151256,526500.0,857645.0,0.6138903625625988,908719475.0,303,False,jpx_liquidity,JPX流動性
589,8078,阪和興業,卸売業,プライム,8078.T,2026-09-09,1935.0,0.01097178683385569,-0.009216589861751112,0.0797991071428572,0.1000568504832291,0.24943071621220914,1878.8,1772.2333333333333,0.029912710240579177,0.0918426843718847,-0.011746680286006117,0.2568616667059113,555100.0,479955.0,1.1565667614672208,906809960.0,303,False,jpx_liquidity,JPX流動性
590,3863,日本製紙,パルプ・紙,プライム,3863.T,2026-09-09,1300.0,0.017214397496087663,-0.019607843137254943,-0.06407487401007916,0.05263157894736836,0.03416966651873765,1359.3,1354.5666666666666,-0.043625395424115365,-0.04028348549351568,-0.1823899371069182,0.34992593451348236,373100.0,673245.0,0.5541816129343701,906219720.0,303,False,jpx_liquidity,JPX流動性
591,6498,キッツ,機械,プライム,6498.T,2026-09-09,1937.0,0.021624472573839704,0.03582887700534765,-0.0714285714285714,-0.23770169224714677,0.04929577464788726,1949.8,2234.063846842448,-0.006564775874448592,-0.13297016880798118,-0.27515518615715273,0.3043692217945099,339700.0,479330.0,0.7086975570066552,904661075.0,303,False,jpx_liquidity,JPX流動性
592,4887,サワイグループホールディングス,医薬品,プライム,4887.T,2026-09-09,1587.5,-0.005014102162331557,0.011146496815286566,-0.028160391796755446,-0.05167264038231778,-0.24931028419742962,1606.975,1646.45,-0.012119043544547958,-0.03580430623462605,-0.3100825727944372,0.16075354200736006,719800.0,556050.0,1.29448790576387,901872067.5,303,False,jpx_liquidity,JPX流動性
593,4272,日本化薬,化学,プライム,4272.T,2026-09-09,2033.5,0.01018380526577256,-0.020000000000000018,-0.03396674584323045,-0.0453051643192488,0.14881839871364355,2084.525,2034.775,-0.02447799858480948,-0.0006266049071764757,-0.0674157303370787,0.2133701367747937,371400.0,444840.0,0.8349069328297815,891744377.5,303,False,jpx_liquidity,JPX流動性
594,3612,ワールド,繊維製品,プライム,3612.T,2026-09-09,1569.0,-0.006962025316455733,-0.019987507807620264,-0.03386699507389157,0.022816166883963485,0.056565656565656486,1624.2905029296876,1604.7468343098958,-0.034039787113180564,-0.022275684578788035,-0.0632835820895522,0.15872185650189974,244700.0,548250.0,0.4463292293661651,887092465.0,303,False,jpx_liquidity,JPX流動性
595,8386,百十四銀行,銀行業,プライム,8386.T,2026-09-09,2973.0,-0.009000000000000008,-0.04405144694533758,0.023760330578512345,0.16314553990610325,0.43476255339825376,3059.05,2819.866666666667,-0.02812964809336238,0.05430516809305397,-0.0606635071090047,0.3729783583310973,310500.0,286040.0,1.0855125157320655,881413630.0,303,False,jpx_liquidity,JPX流動性
596,2206,江崎グリコ,食料品,プライム,2206.T,2026-09-09,4980.0,-0.01987797677622516,-0.029618082618862007,-0.030373831775700966,-0.07897170334751247,-0.1915584415584416,5142.35,5187.063297526041,-0.031571168823592344,-0.03991917693096203,-0.2082670906200318,0.12278553436166856,115000.0,176045.0,0.6532420687892301,877682510.0,303,False,jpx_liquidity,JPX流動性
597,6387,サムコ,機械,プライム,6387.T,2026-09-09,8670.0,0.01403508771929829,0.05602923264311821,-0.05760869565217386,-0.4296052631578947,0.10025380710659904,8982.5,10778.163606770833,-0.03478986919009186,-0.19559580682617272,-0.4654747225647349,0.7519622804986825,75100.0,96390.0,0.7791264654009752,876639850.0,303,False,jpx_liquidity,JPX流動性
598,9048,名古屋鉄道,陸運業,プライム,9048.T,2026-09-09,1869.0,-0.004792332268370614,-0.008750994431185322,0.0005353319057814776,0.026077408729069385,0.10152727542714368,1881.3,1870.2416666666666,-0.0065380322117684075,-0.0006639070708330808,-0.06292303835547752,0.08696985502991843,496400.0,486180.0,1.021021021021021,875903132.5,303,False,jpx_liquidity,JPX流動性
599,3107,ダイワボウホールディングス,卸売業,プライム,3107.T,2026-09-09,3718.0,0.009503122454520785,-0.014577259475218707,0.001616379310344751,0.0736355760900953,0.3012250747231755,3714.35,3561.116666666667,0.0009826752998505217,0.04405453345626609,-0.037286380113930595,0.27464989583575267,214900.0,234550.0,0.9162225538264762,874813625.0,303,False,jpx_liquidity,JPX流動性
600,8714,池田泉州ホールディングス,銀行業,プライム,8714.T,2026-09-09,1042.0,-0.009505703422053258,-0.033395176252319136,0.002887391722810495,0.014605647517039966,0.34892976910496754,1078.2,1031.0666666666666,-0.03357447597848273,0.0106039053407474,-0.0637915543575921,0.3441947528660005,750200.0,814325.0,0.9212537991588126,873998375.0,303,False,jpx_liquidity,JPX流動性
