evaluation_version,factor_key,factor_label,group_name,group_value,horizon,horizon_label,ic_count,mean_ic,median_ic,positive_ic_rate,status
v4,score,総合スコア,全体,全体,1d,1営業日,1,-0.06721312459241675,-0.06721312459241675,0.0,サンプル不足
v4,score,総合スコア,全体,全体,3d,3営業日,1,0.1907482193146812,0.1907482193146812,1.0,サンプル不足
v4,score,総合スコア,全体,全体,5d,5営業日,1,0.222467581567651,0.222467581567651,1.0,サンプル不足
v4,score,総合スコア,全体,全体,10d,10営業日,1,0.025412693745994547,0.025412693745994547,1.0,サンプル不足
v4,score,総合スコア,業種,その他製品,1d,1営業日,0,,,,サンプル不足
v4,score,総合スコア,業種,その他製品,3d,3営業日,0,,,,サンプル不足
v4,score,総合スコア,業種,その他製品,5d,5営業日,0,,,,サンプル不足
v4,score,総合スコア,業種,その他製品,10d,10営業日,0,,,,サンプル不足
v4,score,総合スコア,業種,その他金融業,1d,1営業日,0,,,,サンプル不足
v4,score,総合スコア,業種,その他金融業,3d,3営業日,0,,,,サンプル不足
v4,score,総合スコア,業種,その他金融業,5d,5営業日,0,,,,サンプル不足
v4,score,総合スコア,業種,その他金融業,10d,10営業日,0,,,,サンプル不足
v4,score,総合スコア,業種,ガラス・土石製品,1d,1営業日,0,,,,サンプル不足
v4,score,総合スコア,業種,ガラス・土石製品,3d,3営業日,0,,,,サンプル不足
v4,score,総合スコア,業種,ガラス・土石製品,5d,5営業日,0,,,,サンプル不足
v4,score,総合スコア,業種,ガラス・土石製品,10d,10営業日,0,,,,サンプル不足
v4,score,総合スコア,業種,ゴム製品,1d,1営業日,0,,,,サンプル不足
v4,score,総合スコア,業種,ゴム製品,3d,3営業日,0,,,,サンプル不足
v4,score,総合スコア,業種,ゴム製品,5d,5営業日,0,,,,サンプル不足
v4,score,総合スコア,業種,ゴム製品,10d,10営業日,0,,,,サンプル不足
v4,score,総合スコア,業種,サービス業,1d,1営業日,1,-0.08571428571428573,-0.08571428571428573,0.0,サンプル不足
v4,score,総合スコア,業種,サービス業,3d,3営業日,1,0.08571428571428573,0.08571428571428573,1.0,サンプル不足
v4,score,総合スコア,業種,サービス業,5d,5営業日,1,0.14285714285714288,0.14285714285714288,1.0,サンプル不足
v4,score,総合スコア,業種,サービス業,10d,10営業日,1,0.3714285714285715,0.3714285714285715,1.0,サンプル不足
v4,score,総合スコア,業種,不動産業,1d,1営業日,0,,,,サンプル不足
v4,score,総合スコア,業種,不動産業,3d,3営業日,0,,,,サンプル不足
v4,score,総合スコア,業種,不動産業,5d,5営業日,0,,,,サンプル不足
v4,score,総合スコア,業種,不動産業,10d,10営業日,0,,,,サンプル不足
v4,score,総合スコア,業種,保険業,1d,1営業日,0,,,,サンプル不足
v4,score,総合スコア,業種,保険業,3d,3営業日,0,,,,サンプル不足
v4,score,総合スコア,業種,保険業,5d,5営業日,0,,,,サンプル不足
v4,score,総合スコア,業種,保険業,10d,10営業日,0,,,,サンプル不足
v4,score,総合スコア,業種,化学,1d,1営業日,1,-0.5659340659340659,-0.5659340659340659,0.0,サンプル不足
v4,score,総合スコア,業種,化学,3d,3営業日,1,-0.2967032967032967,-0.2967032967032967,0.0,サンプル不足
v4,score,総合スコア,業種,化学,5d,5営業日,1,-0.08241758241758242,-0.08241758241758242,0.0,サンプル不足
v4,score,総合スコア,業種,化学,10d,10営業日,1,0.15934065934065936,0.15934065934065936,1.0,サンプル不足
v4,score,総合スコア,業種,卸売業,1d,1営業日,0,,,,サンプル不足
v4,score,総合スコア,業種,卸売業,3d,3営業日,0,,,,サンプル不足
v4,score,総合スコア,業種,卸売業,5d,5営業日,0,,,,サンプル不足
v4,score,総合スコア,業種,卸売業,10d,10営業日,0,,,,サンプル不足
v4,score,総合スコア,業種,小売業,1d,1営業日,1,-0.5,-0.5,0.0,サンプル不足
v4,score,総合スコア,業種,小売業,3d,3営業日,1,-0.5,-0.5,0.0,サンプル不足
v4,score,総合スコア,業種,小売業,5d,5営業日,1,-0.5,-0.5,0.0,サンプル不足
v4,score,総合スコア,業種,小売業,10d,10営業日,1,0.5,0.5,1.0,サンプル不足
v4,score,総合スコア,業種,建設業,1d,1営業日,0,,,,サンプル不足
v4,score,総合スコア,業種,建設業,3d,3営業日,0,,,,サンプル不足
v4,score,総合スコア,業種,建設業,5d,5営業日,0,,,,サンプル不足
v4,score,総合スコア,業種,建設業,10d,10営業日,0,,,,サンプル不足
v4,score,総合スコア,業種,情報・通信業,1d,1営業日,1,-0.5,-0.5,0.0,サンプル不足
v4,score,総合スコア,業種,情報・通信業,3d,3営業日,1,-1.0,-1.0,0.0,サンプル不足
v4,score,総合スコア,業種,情報・通信業,5d,5営業日,1,-0.5,-0.5,0.0,サンプル不足
v4,score,総合スコア,業種,情報・通信業,10d,10営業日,1,-0.5,-0.5,0.0,サンプル不足
v4,score,総合スコア,業種,機械,1d,1営業日,1,-0.015584415584415586,-0.015584415584415586,0.0,サンプル不足
v4,score,総合スコア,業種,機械,3d,3営業日,1,-0.02077922077922078,-0.02077922077922078,0.0,サンプル不足
v4,score,総合スコア,業種,機械,5d,5営業日,1,0.05454545454545454,0.05454545454545454,1.0,サンプル不足
v4,score,総合スコア,業種,機械,10d,10営業日,1,-0.22987012987012984,-0.22987012987012984,0.0,サンプル不足
v4,score,総合スコア,業種,海運業,1d,1営業日,0,,,,サンプル不足
v4,score,総合スコア,業種,海運業,3d,3営業日,0,,,,サンプル不足
v4,score,総合スコア,業種,海運業,5d,5営業日,0,,,,サンプル不足
v4,score,総合スコア,業種,海運業,10d,10営業日,0,,,,サンプル不足
v4,score,総合スコア,業種,空運業,1d,1営業日,0,,,,サンプル不足
v4,score,総合スコア,業種,空運業,3d,3営業日,0,,,,サンプル不足
v4,score,総合スコア,業種,空運業,5d,5営業日,0,,,,サンプル不足
v4,score,総合スコア,業種,空運業,10d,10営業日,0,,,,サンプル不足
v4,score,総合スコア,業種,繊維製品,1d,1営業日,0,,,,サンプル不足
v4,score,総合スコア,業種,繊維製品,3d,3営業日,0,,,,サンプル不足
v4,score,総合スコア,業種,繊維製品,5d,5営業日,0,,,,サンプル不足
v4,score,総合スコア,業種,繊維製品,10d,10営業日,0,,,,サンプル不足
v4,score,総合スコア,業種,証券、商品先物取引業,1d,1営業日,0,,,,サンプル不足
v4,score,総合スコア,業種,証券、商品先物取引業,3d,3営業日,0,,,,サンプル不足
v4,score,総合スコア,業種,証券、商品先物取引業,5d,5営業日,0,,,,サンプル不足
v4,score,総合スコア,業種,証券、商品先物取引業,10d,10営業日,0,,,,サンプル不足
v4,score,総合スコア,業種,輸送用機器,1d,1営業日,1,-1.0,-1.0,0.0,サンプル不足
v4,score,総合スコア,業種,輸送用機器,3d,3営業日,1,0.5,0.5,1.0,サンプル不足
v4,score,総合スコア,業種,輸送用機器,5d,5営業日,1,0.5,0.5,1.0,サンプル不足
v4,score,総合スコア,業種,輸送用機器,10d,10営業日,1,-0.5,-0.5,0.0,サンプル不足
v4,score,総合スコア,業種,金属製品,1d,1営業日,1,-1.0,-1.0,0.0,サンプル不足
v4,score,総合スコア,業種,金属製品,3d,3営業日,1,-1.0,-1.0,0.0,サンプル不足
v4,score,総合スコア,業種,金属製品,5d,5営業日,1,-0.5,-0.5,0.0,サンプル不足
v4,score,総合スコア,業種,金属製品,10d,10営業日,1,-0.5,-0.5,0.0,サンプル不足
v4,score,総合スコア,業種,鉄鋼,1d,1営業日,0,,,,サンプル不足
v4,score,総合スコア,業種,鉄鋼,3d,3営業日,0,,,,サンプル不足
v4,score,総合スコア,業種,鉄鋼,5d,5営業日,0,,,,サンプル不足
v4,score,総合スコア,業種,鉄鋼,10d,10営業日,0,,,,サンプル不足
v4,score,総合スコア,業種,銀行業,1d,1営業日,1,-0.19999999999999998,-0.19999999999999998,0.0,サンプル不足
v4,score,総合スコア,業種,銀行業,3d,3営業日,1,0.7,0.7,1.0,サンプル不足
v4,score,総合スコア,業種,銀行業,5d,5営業日,1,0.39999999999999997,0.39999999999999997,1.0,サンプル不足
v4,score,総合スコア,業種,銀行業,10d,10営業日,1,0.09999999999999999,0.09999999999999999,1.0,サンプル不足
v4,score,総合スコア,業種,電気機器,1d,1営業日,1,0.0694522868435912,0.0694522868435912,1.0,サンプル不足
v4,score,総合スコア,業種,電気機器,3d,3営業日,1,0.08639186900056467,0.08639186900056467,1.0,サンプル不足
v4,score,総合スコア,業種,電気機器,5d,5営業日,1,-0.09203839638622249,-0.09203839638622249,0.0,サンプル不足
v4,score,総合スコア,業種,電気機器,10d,10営業日,1,-0.3325804630152457,-0.3325804630152457,0.0,サンプル不足
v4,score,総合スコア,業種,食料品,1d,1営業日,0,,,,サンプル不足
v4,score,総合スコア,業種,食料品,3d,3営業日,0,,,,サンプル不足
v4,score,総合スコア,業種,食料品,5d,5営業日,0,,,,サンプル不足
v4,score,総合スコア,業種,食料品,10d,10営業日,0,,,,サンプル不足
v4,return_20d,20日モメンタム,全体,全体,1d,1営業日,1,-0.0833123312331233,-0.0833123312331233,0.0,サンプル不足
v4,return_20d,20日モメンタム,全体,全体,3d,3営業日,1,0.11812781278127811,0.11812781278127811,1.0,サンプル不足
v4,return_20d,20日モメンタム,全体,全体,5d,5営業日,1,0.13466546654665465,0.13466546654665465,1.0,サンプル不足
v4,return_20d,20日モメンタム,全体,全体,10d,10営業日,1,-0.014641464146414639,-0.014641464146414639,0.0,サンプル不足
v4,return_20d,20日モメンタム,業種,その他製品,1d,1営業日,0,,,,サンプル不足
v4,return_20d,20日モメンタム,業種,その他製品,3d,3営業日,0,,,,サンプル不足
v4,return_20d,20日モメンタム,業種,その他製品,5d,5営業日,0,,,,サンプル不足
v4,return_20d,20日モメンタム,業種,その他製品,10d,10営業日,0,,,,サンプル不足
v4,return_20d,20日モメンタム,業種,その他金融業,1d,1営業日,0,,,,サンプル不足
v4,return_20d,20日モメンタム,業種,その他金融業,3d,3営業日,0,,,,サンプル不足
v4,return_20d,20日モメンタム,業種,その他金融業,5d,5営業日,0,,,,サンプル不足
v4,return_20d,20日モメンタム,業種,その他金融業,10d,10営業日,0,,,,サンプル不足
v4,return_20d,20日モメンタム,業種,ガラス・土石製品,1d,1営業日,0,,,,サンプル不足
v4,return_20d,20日モメンタム,業種,ガラス・土石製品,3d,3営業日,0,,,,サンプル不足
v4,return_20d,20日モメンタム,業種,ガラス・土石製品,5d,5営業日,0,,,,サンプル不足
v4,return_20d,20日モメンタム,業種,ガラス・土石製品,10d,10営業日,0,,,,サンプル不足
v4,return_20d,20日モメンタム,業種,ゴム製品,1d,1営業日,0,,,,サンプル不足
v4,return_20d,20日モメンタム,業種,ゴム製品,3d,3営業日,0,,,,サンプル不足
v4,return_20d,20日モメンタム,業種,ゴム製品,5d,5営業日,0,,,,サンプル不足
v4,return_20d,20日モメンタム,業種,ゴム製品,10d,10営業日,0,,,,サンプル不足
v4,return_20d,20日モメンタム,業種,サービス業,1d,1営業日,1,-0.7142857142857143,-0.7142857142857143,0.0,サンプル不足
v4,return_20d,20日モメンタム,業種,サービス業,3d,3営業日,1,-0.48571428571428577,-0.48571428571428577,0.0,サンプル不足
v4,return_20d,20日モメンタム,業種,サービス業,5d,5営業日,1,-0.2571428571428572,-0.2571428571428572,0.0,サンプル不足
v4,return_20d,20日モメンタム,業種,サービス業,10d,10営業日,1,-0.08571428571428573,-0.08571428571428573,0.0,サンプル不足
v4,return_20d,20日モメンタム,業種,不動産業,1d,1営業日,0,,,,サンプル不足
v4,return_20d,20日モメンタム,業種,不動産業,3d,3営業日,0,,,,サンプル不足
v4,return_20d,20日モメンタム,業種,不動産業,5d,5営業日,0,,,,サンプル不足
v4,return_20d,20日モメンタム,業種,不動産業,10d,10営業日,0,,,,サンプル不足
v4,return_20d,20日モメンタム,業種,保険業,1d,1営業日,0,,,,サンプル不足
v4,return_20d,20日モメンタム,業種,保険業,3d,3営業日,0,,,,サンプル不足
v4,return_20d,20日モメンタム,業種,保険業,5d,5営業日,0,,,,サンプル不足
v4,return_20d,20日モメンタム,業種,保険業,10d,10営業日,0,,,,サンプル不足
v4,return_20d,20日モメンタム,業種,化学,1d,1営業日,1,-0.46703296703296704,-0.46703296703296704,0.0,サンプル不足
v4,return_20d,20日モメンタム,業種,化学,3d,3営業日,1,0.3681318681318681,0.3681318681318681,1.0,サンプル不足
v4,return_20d,20日モメンタム,業種,化学,5d,5営業日,1,0.22527472527472525,0.22527472527472525,1.0,サンプル不足
v4,return_20d,20日モメンタム,業種,化学,10d,10営業日,1,-0.0934065934065934,-0.0934065934065934,0.0,サンプル不足
v4,return_20d,20日モメンタム,業種,卸売業,1d,1営業日,0,,,,サンプル不足
v4,return_20d,20日モメンタム,業種,卸売業,3d,3営業日,0,,,,サンプル不足
v4,return_20d,20日モメンタム,業種,卸売業,5d,5営業日,0,,,,サンプル不足
v4,return_20d,20日モメンタム,業種,卸売業,10d,10営業日,0,,,,サンプル不足
v4,return_20d,20日モメンタム,業種,小売業,1d,1営業日,1,-0.5,-0.5,0.0,サンプル不足
v4,return_20d,20日モメンタム,業種,小売業,3d,3営業日,1,-0.5,-0.5,0.0,サンプル不足
v4,return_20d,20日モメンタム,業種,小売業,5d,5営業日,1,-0.5,-0.5,0.0,サンプル不足
v4,return_20d,20日モメンタム,業種,小売業,10d,10営業日,1,0.5,0.5,1.0,サンプル不足
v4,return_20d,20日モメンタム,業種,建設業,1d,1営業日,0,,,,サンプル不足
v4,return_20d,20日モメンタム,業種,建設業,3d,3営業日,0,,,,サンプル不足
v4,return_20d,20日モメンタム,業種,建設業,5d,5営業日,0,,,,サンプル不足
v4,return_20d,20日モメンタム,業種,建設業,10d,10営業日,0,,,,サンプル不足
v4,return_20d,20日モメンタム,業種,情報・通信業,1d,1営業日,1,0.5,0.5,1.0,サンプル不足
v4,return_20d,20日モメンタム,業種,情報・通信業,3d,3営業日,1,-0.5,-0.5,0.0,サンプル不足
v4,return_20d,20日モメンタム,業種,情報・通信業,5d,5営業日,1,-1.0,-1.0,0.0,サンプル不足
v4,return_20d,20日モメンタム,業種,情報・通信業,10d,10営業日,1,0.5,0.5,1.0,サンプル不足
v4,return_20d,20日モメンタム,業種,機械,1d,1営業日,1,0.087012987012987,0.087012987012987,1.0,サンプル不足
v4,return_20d,20日モメンタム,業種,機械,3d,3営業日,1,0.07012987012987014,0.07012987012987014,1.0,サンプル不足
v4,return_20d,20日モメンタム,業種,機械,5d,5営業日,1,0.18311688311688312,0.18311688311688312,1.0,サンプル不足
v4,return_20d,20日モメンタム,業種,機械,10d,10営業日,1,-0.01948051948051948,-0.01948051948051948,0.0,サンプル不足
v4,return_20d,20日モメンタム,業種,海運業,1d,1営業日,0,,,,サンプル不足
v4,return_20d,20日モメンタム,業種,海運業,3d,3営業日,0,,,,サンプル不足
v4,return_20d,20日モメンタム,業種,海運業,5d,5営業日,0,,,,サンプル不足
v4,return_20d,20日モメンタム,業種,海運業,10d,10営業日,0,,,,サンプル不足
v4,return_20d,20日モメンタム,業種,空運業,1d,1営業日,0,,,,サンプル不足
v4,return_20d,20日モメンタム,業種,空運業,3d,3営業日,0,,,,サンプル不足
v4,return_20d,20日モメンタム,業種,空運業,5d,5営業日,0,,,,サンプル不足
v4,return_20d,20日モメンタム,業種,空運業,10d,10営業日,0,,,,サンプル不足
v4,return_20d,20日モメンタム,業種,繊維製品,1d,1営業日,0,,,,サンプル不足
v4,return_20d,20日モメンタム,業種,繊維製品,3d,3営業日,0,,,,サンプル不足
v4,return_20d,20日モメンタム,業種,繊維製品,5d,5営業日,0,,,,サンプル不足
v4,return_20d,20日モメンタム,業種,繊維製品,10d,10営業日,0,,,,サンプル不足
v4,return_20d,20日モメンタム,業種,証券、商品先物取引業,1d,1営業日,0,,,,サンプル不足
v4,return_20d,20日モメンタム,業種,証券、商品先物取引業,3d,3営業日,0,,,,サンプル不足
v4,return_20d,20日モメンタム,業種,証券、商品先物取引業,5d,5営業日,0,,,,サンプル不足
v4,return_20d,20日モメンタム,業種,証券、商品先物取引業,10d,10営業日,0,,,,サンプル不足
v4,return_20d,20日モメンタム,業種,輸送用機器,1d,1営業日,1,-1.0,-1.0,0.0,サンプル不足
v4,return_20d,20日モメンタム,業種,輸送用機器,3d,3営業日,1,0.5,0.5,1.0,サンプル不足
v4,return_20d,20日モメンタム,業種,輸送用機器,5d,5営業日,1,0.5,0.5,1.0,サンプル不足
v4,return_20d,20日モメンタム,業種,輸送用機器,10d,10営業日,1,-0.5,-0.5,0.0,サンプル不足
v4,return_20d,20日モメンタム,業種,金属製品,1d,1営業日,1,-1.0,-1.0,0.0,サンプル不足
v4,return_20d,20日モメンタム,業種,金属製品,3d,3営業日,1,-1.0,-1.0,0.0,サンプル不足
v4,return_20d,20日モメンタム,業種,金属製品,5d,5営業日,1,-0.5,-0.5,0.0,サンプル不足
v4,return_20d,20日モメンタム,業種,金属製品,10d,10営業日,1,-0.5,-0.5,0.0,サンプル不足
v4,return_20d,20日モメンタム,業種,鉄鋼,1d,1営業日,0,,,,サンプル不足
v4,return_20d,20日モメンタム,業種,鉄鋼,3d,3営業日,0,,,,サンプル不足
v4,return_20d,20日モメンタム,業種,鉄鋼,5d,5営業日,0,,,,サンプル不足
v4,return_20d,20日モメンタム,業種,鉄鋼,10d,10営業日,0,,,,サンプル不足
v4,return_20d,20日モメンタム,業種,銀行業,1d,1営業日,1,0.09999999999999999,0.09999999999999999,1.0,サンプル不足
v4,return_20d,20日モメンタム,業種,銀行業,3d,3営業日,1,0.8999999999999998,0.8999999999999998,1.0,サンプル不足
v4,return_20d,20日モメンタム,業種,銀行業,5d,5営業日,1,0.7,0.7,1.0,サンプル不足
v4,return_20d,20日モメンタム,業種,銀行業,10d,10営業日,1,0.3,0.3,1.0,サンプル不足
v4,return_20d,20日モメンタム,業種,電気機器,1d,1営業日,1,0.11236589497459064,0.11236589497459064,1.0,サンプル不足
v4,return_20d,20日モメンタム,業種,電気機器,3d,3営業日,1,0.18464144551101075,0.18464144551101075,1.0,サンプル不足
v4,return_20d,20日モメンタム,業種,電気機器,5d,5営業日,1,0.04912478825522304,0.04912478825522304,1.0,サンプル不足
v4,return_20d,20日モメンタム,業種,電気機器,10d,10営業日,1,-0.2941840767927725,-0.2941840767927725,0.0,サンプル不足
v4,return_20d,20日モメンタム,業種,食料品,1d,1営業日,0,,,,サンプル不足
v4,return_20d,20日モメンタム,業種,食料品,3d,3営業日,0,,,,サンプル不足
v4,return_20d,20日モメンタム,業種,食料品,5d,5営業日,0,,,,サンプル不足
v4,return_20d,20日モメンタム,業種,食料品,10d,10営業日,0,,,,サンプル不足
v4,return_60d,60日モメンタム,全体,全体,1d,1営業日,1,0.1197119711971197,0.1197119711971197,1.0,サンプル不足
v4,return_60d,60日モメンタム,全体,全体,3d,3営業日,1,0.35585958595859585,0.35585958595859585,1.0,サンプル不足
v4,return_60d,60日モメンタム,全体,全体,5d,5営業日,1,0.452001200120012,0.452001200120012,1.0,サンプル不足
v4,return_60d,60日モメンタム,全体,全体,10d,10営業日,1,0.15786378637863788,0.15786378637863788,1.0,サンプル不足
v4,return_60d,60日モメンタム,業種,その他製品,1d,1営業日,0,,,,サンプル不足
v4,return_60d,60日モメンタム,業種,その他製品,3d,3営業日,0,,,,サンプル不足
v4,return_60d,60日モメンタム,業種,その他製品,5d,5営業日,0,,,,サンプル不足
v4,return_60d,60日モメンタム,業種,その他製品,10d,10営業日,0,,,,サンプル不足
v4,return_60d,60日モメンタム,業種,その他金融業,1d,1営業日,0,,,,サンプル不足
v4,return_60d,60日モメンタム,業種,その他金融業,3d,3営業日,0,,,,サンプル不足
v4,return_60d,60日モメンタム,業種,その他金融業,5d,5営業日,0,,,,サンプル不足
v4,return_60d,60日モメンタム,業種,その他金融業,10d,10営業日,0,,,,サンプル不足
v4,return_60d,60日モメンタム,業種,ガラス・土石製品,1d,1営業日,0,,,,サンプル不足
v4,return_60d,60日モメンタム,業種,ガラス・土石製品,3d,3営業日,0,,,,サンプル不足
v4,return_60d,60日モメンタム,業種,ガラス・土石製品,5d,5営業日,0,,,,サンプル不足
v4,return_60d,60日モメンタム,業種,ガラス・土石製品,10d,10営業日,0,,,,サンプル不足
v4,return_60d,60日モメンタム,業種,ゴム製品,1d,1営業日,0,,,,サンプル不足
v4,return_60d,60日モメンタム,業種,ゴム製品,3d,3営業日,0,,,,サンプル不足
v4,return_60d,60日モメンタム,業種,ゴム製品,5d,5営業日,0,,,,サンプル不足
v4,return_60d,60日モメンタム,業種,ゴム製品,10d,10営業日,0,,,,サンプル不足
v4,return_60d,60日モメンタム,業種,サービス業,1d,1営業日,1,0.2,0.2,1.0,サンプル不足
v4,return_60d,60日モメンタム,業種,サービス業,3d,3営業日,1,0.48571428571428577,0.48571428571428577,1.0,サンプル不足
v4,return_60d,60日モメンタム,業種,サービス業,5d,5営業日,1,0.5428571428571429,0.5428571428571429,1.0,サンプル不足
v4,return_60d,60日モメンタム,業種,サービス業,10d,10営業日,1,0.7142857142857143,0.7142857142857143,1.0,サンプル不足
v4,return_60d,60日モメンタム,業種,不動産業,1d,1営業日,0,,,,サンプル不足
v4,return_60d,60日モメンタム,業種,不動産業,3d,3営業日,0,,,,サンプル不足
v4,return_60d,60日モメンタム,業種,不動産業,5d,5営業日,0,,,,サンプル不足
v4,return_60d,60日モメンタム,業種,不動産業,10d,10営業日,0,,,,サンプル不足
v4,return_60d,60日モメンタム,業種,保険業,1d,1営業日,0,,,,サンプル不足
v4,return_60d,60日モメンタム,業種,保険業,3d,3営業日,0,,,,サンプル不足
v4,return_60d,60日モメンタム,業種,保険業,5d,5営業日,0,,,,サンプル不足
v4,return_60d,60日モメンタム,業種,保険業,10d,10営業日,0,,,,サンプル不足
v4,return_60d,60日モメンタム,業種,化学,1d,1営業日,1,-0.2912087912087912,-0.2912087912087912,0.0,サンプル不足
v4,return_60d,60日モメンタム,業種,化学,3d,3営業日,1,0.2747252747252747,0.2747252747252747,1.0,サンプル不足
v4,return_60d,60日モメンタム,業種,化学,5d,5営業日,1,0.3516483516483516,0.3516483516483516,1.0,サンプル不足
v4,return_60d,60日モメンタム,業種,化学,10d,10営業日,1,-0.3681318681318681,-0.3681318681318681,0.0,サンプル不足
v4,return_60d,60日モメンタム,業種,卸売業,1d,1営業日,0,,,,サンプル不足
v4,return_60d,60日モメンタム,業種,卸売業,3d,3営業日,0,,,,サンプル不足
v4,return_60d,60日モメンタム,業種,卸売業,5d,5営業日,0,,,,サンプル不足
v4,return_60d,60日モメンタム,業種,卸売業,10d,10営業日,0,,,,サンプル不足
v4,return_60d,60日モメンタム,業種,小売業,1d,1営業日,1,0.5,0.5,1.0,サンプル不足
v4,return_60d,60日モメンタム,業種,小売業,3d,3営業日,1,0.5,0.5,1.0,サンプル不足
v4,return_60d,60日モメンタム,業種,小売業,5d,5営業日,1,0.5,0.5,1.0,サンプル不足
v4,return_60d,60日モメンタム,業種,小売業,10d,10営業日,1,1.0,1.0,1.0,サンプル不足
v4,return_60d,60日モメンタム,業種,建設業,1d,1営業日,0,,,,サンプル不足
v4,return_60d,60日モメンタム,業種,建設業,3d,3営業日,0,,,,サンプル不足
v4,return_60d,60日モメンタム,業種,建設業,5d,5営業日,0,,,,サンプル不足
v4,return_60d,60日モメンタム,業種,建設業,10d,10営業日,0,,,,サンプル不足
v4,return_60d,60日モメンタム,業種,情報・通信業,1d,1営業日,1,1.0,1.0,1.0,サンプル不足
v4,return_60d,60日モメンタム,業種,情報・通信業,3d,3営業日,1,0.5,0.5,1.0,サンプル不足
v4,return_60d,60日モメンタム,業種,情報・通信業,5d,5営業日,1,-0.5,-0.5,0.0,サンプル不足
v4,return_60d,60日モメンタム,業種,情報・通信業,10d,10営業日,1,1.0,1.0,1.0,サンプル不足
v4,return_60d,60日モメンタム,業種,機械,1d,1営業日,1,0.5,0.5,1.0,サンプル不足
v4,return_60d,60日モメンタム,業種,機械,3d,3営業日,1,0.22857142857142856,0.22857142857142856,1.0,サンプル不足
v4,return_60d,60日モメンタム,業種,機械,5d,5営業日,1,0.22337662337662337,0.22337662337662337,1.0,サンプル不足
v4,return_60d,60日モメンタム,業種,機械,10d,10営業日,1,0.11168831168831168,0.11168831168831168,1.0,サンプル不足
v4,return_60d,60日モメンタム,業種,海運業,1d,1営業日,0,,,,サンプル不足
v4,return_60d,60日モメンタム,業種,海運業,3d,3営業日,0,,,,サンプル不足
v4,return_60d,60日モメンタム,業種,海運業,5d,5営業日,0,,,,サンプル不足
v4,return_60d,60日モメンタム,業種,海運業,10d,10営業日,0,,,,サンプル不足
v4,return_60d,60日モメンタム,業種,空運業,1d,1営業日,0,,,,サンプル不足
v4,return_60d,60日モメンタム,業種,空運業,3d,3営業日,0,,,,サンプル不足
v4,return_60d,60日モメンタム,業種,空運業,5d,5営業日,0,,,,サンプル不足
v4,return_60d,60日モメンタム,業種,空運業,10d,10営業日,0,,,,サンプル不足
v4,return_60d,60日モメンタム,業種,繊維製品,1d,1営業日,0,,,,サンプル不足
v4,return_60d,60日モメンタム,業種,繊維製品,3d,3営業日,0,,,,サンプル不足
v4,return_60d,60日モメンタム,業種,繊維製品,5d,5営業日,0,,,,サンプル不足
v4,return_60d,60日モメンタム,業種,繊維製品,10d,10営業日,0,,,,サンプル不足
v4,return_60d,60日モメンタム,業種,証券、商品先物取引業,1d,1営業日,0,,,,サンプル不足
v4,return_60d,60日モメンタム,業種,証券、商品先物取引業,3d,3営業日,0,,,,サンプル不足
v4,return_60d,60日モメンタム,業種,証券、商品先物取引業,5d,5営業日,0,,,,サンプル不足
v4,return_60d,60日モメンタム,業種,証券、商品先物取引業,10d,10営業日,0,,,,サンプル不足
v4,return_60d,60日モメンタム,業種,輸送用機器,1d,1営業日,1,-0.5,-0.5,0.0,サンプル不足
v4,return_60d,60日モメンタム,業種,輸送用機器,3d,3営業日,1,1.0,1.0,1.0,サンプル不足
v4,return_60d,60日モメンタム,業種,輸送用機器,5d,5営業日,1,1.0,1.0,1.0,サンプル不足
v4,return_60d,60日モメンタム,業種,輸送用機器,10d,10営業日,1,0.5,0.5,1.0,サンプル不足
v4,return_60d,60日モメンタム,業種,金属製品,1d,1営業日,1,-0.5,-0.5,0.0,サンプル不足
v4,return_60d,60日モメンタム,業種,金属製品,3d,3営業日,1,-0.5,-0.5,0.0,サンプル不足
v4,return_60d,60日モメンタム,業種,金属製品,5d,5営業日,1,0.5,0.5,1.0,サンプル不足
v4,return_60d,60日モメンタム,業種,金属製品,10d,10営業日,1,0.5,0.5,1.0,サンプル不足
v4,return_60d,60日モメンタム,業種,鉄鋼,1d,1営業日,0,,,,サンプル不足
v4,return_60d,60日モメンタム,業種,鉄鋼,3d,3営業日,0,,,,サンプル不足
v4,return_60d,60日モメンタム,業種,鉄鋼,5d,5営業日,0,,,,サンプル不足
v4,return_60d,60日モメンタム,業種,鉄鋼,10d,10営業日,0,,,,サンプル不足
v4,return_60d,60日モメンタム,業種,銀行業,1d,1営業日,1,-0.49999999999999994,-0.49999999999999994,0.0,サンプル不足
v4,return_60d,60日モメンタム,業種,銀行業,3d,3営業日,1,0.49999999999999994,0.49999999999999994,1.0,サンプル不足
v4,return_60d,60日モメンタム,業種,銀行業,5d,5営業日,1,0.3,0.3,1.0,サンプル不足
v4,return_60d,60日モメンタム,業種,銀行業,10d,10営業日,1,-0.3,-0.3,0.0,サンプル不足
v4,return_60d,60日モメンタム,業種,電気機器,1d,1営業日,1,0.011857707509881424,0.011857707509881424,1.0,サンプル不足
v4,return_60d,60日モメンタム,業種,電気機器,3d,3営業日,1,0.04573687182382835,0.04573687182382835,1.0,サンプル不足
v4,return_60d,60日モメンタム,業種,電気機器,5d,5営業日,1,0.17108977978543197,0.17108977978543197,1.0,サンプル不足
v4,return_60d,60日モメンタム,業種,電気機器,10d,10営業日,1,-0.05477131564088086,-0.05477131564088086,0.0,サンプル不足
v4,return_60d,60日モメンタム,業種,食料品,1d,1営業日,0,,,,サンプル不足
v4,return_60d,60日モメンタム,業種,食料品,3d,3営業日,0,,,,サンプル不足
v4,return_60d,60日モメンタム,業種,食料品,5d,5営業日,0,,,,サンプル不足
v4,return_60d,60日モメンタム,業種,食料品,10d,10営業日,0,,,,サンプル不足
v4,return_120d,120日モメンタム,全体,全体,1d,1営業日,1,0.026450645064506447,0.026450645064506447,1.0,サンプル不足
v4,return_120d,120日モメンタム,全体,全体,3d,3営業日,1,0.31914791479147914,0.31914791479147914,1.0,サンプル不足
v4,return_120d,120日モメンタム,全体,全体,5d,5営業日,1,0.4600300030003,0.4600300030003,1.0,サンプル不足
v4,return_120d,120日モメンタム,全体,全体,10d,10営業日,1,0.16182418241824179,0.16182418241824179,1.0,サンプル不足
v4,return_120d,120日モメンタム,業種,その他製品,1d,1営業日,0,,,,サンプル不足
v4,return_120d,120日モメンタム,業種,その他製品,3d,3営業日,0,,,,サンプル不足
v4,return_120d,120日モメンタム,業種,その他製品,5d,5営業日,0,,,,サンプル不足
v4,return_120d,120日モメンタム,業種,その他製品,10d,10営業日,0,,,,サンプル不足
v4,return_120d,120日モメンタム,業種,その他金融業,1d,1営業日,0,,,,サンプル不足
v4,return_120d,120日モメンタム,業種,その他金融業,3d,3営業日,0,,,,サンプル不足
v4,return_120d,120日モメンタム,業種,その他金融業,5d,5営業日,0,,,,サンプル不足
v4,return_120d,120日モメンタム,業種,その他金融業,10d,10営業日,0,,,,サンプル不足
v4,return_120d,120日モメンタム,業種,ガラス・土石製品,1d,1営業日,0,,,,サンプル不足
v4,return_120d,120日モメンタム,業種,ガラス・土石製品,3d,3営業日,0,,,,サンプル不足
v4,return_120d,120日モメンタム,業種,ガラス・土石製品,5d,5営業日,0,,,,サンプル不足
v4,return_120d,120日モメンタム,業種,ガラス・土石製品,10d,10営業日,0,,,,サンプル不足
v4,return_120d,120日モメンタム,業種,ゴム製品,1d,1営業日,0,,,,サンプル不足
v4,return_120d,120日モメンタム,業種,ゴム製品,3d,3営業日,0,,,,サンプル不足
v4,return_120d,120日モメンタム,業種,ゴム製品,5d,5営業日,0,,,,サンプル不足
v4,return_120d,120日モメンタム,業種,ゴム製品,10d,10営業日,0,,,,サンプル不足
v4,return_120d,120日モメンタム,業種,サービス業,1d,1営業日,1,0.14285714285714288,0.14285714285714288,1.0,サンプル不足
v4,return_120d,120日モメンタム,業種,サービス業,3d,3営業日,1,0.3714285714285715,0.3714285714285715,1.0,サンプル不足
v4,return_120d,120日モメンタム,業種,サービス業,5d,5営業日,1,0.2571428571428572,0.2571428571428572,1.0,サンプル不足
v4,return_120d,120日モメンタム,業種,サービス業,10d,10営業日,1,0.3714285714285715,0.3714285714285715,1.0,サンプル不足
v4,return_120d,120日モメンタム,業種,不動産業,1d,1営業日,0,,,,サンプル不足
v4,return_120d,120日モメンタム,業種,不動産業,3d,3営業日,0,,,,サンプル不足
v4,return_120d,120日モメンタム,業種,不動産業,5d,5営業日,0,,,,サンプル不足
v4,return_120d,120日モメンタム,業種,不動産業,10d,10営業日,0,,,,サンプル不足
v4,return_120d,120日モメンタム,業種,保険業,1d,1営業日,0,,,,サンプル不足
v4,return_120d,120日モメンタム,業種,保険業,3d,3営業日,0,,,,サンプル不足
v4,return_120d,120日モメンタム,業種,保険業,5d,5営業日,0,,,,サンプル不足
v4,return_120d,120日モメンタム,業種,保険業,10d,10営業日,0,,,,サンプル不足
v4,return_120d,120日モメンタム,業種,化学,1d,1営業日,1,0.24175824175824176,0.24175824175824176,1.0,サンプル不足
v4,return_120d,120日モメンタム,業種,化学,3d,3営業日,1,0.34065934065934067,0.34065934065934067,1.0,サンプル不足
v4,return_120d,120日モメンタム,業種,化学,5d,5営業日,1,0.5549450549450549,0.5549450549450549,1.0,サンプル不足
v4,return_120d,120日モメンタム,業種,化学,10d,10営業日,1,-0.2582417582417582,-0.2582417582417582,0.0,サンプル不足
v4,return_120d,120日モメンタム,業種,卸売業,1d,1営業日,0,,,,サンプル不足
v4,return_120d,120日モメンタム,業種,卸売業,3d,3営業日,0,,,,サンプル不足
v4,return_120d,120日モメンタム,業種,卸売業,5d,5営業日,0,,,,サンプル不足
v4,return_120d,120日モメンタム,業種,卸売業,10d,10営業日,0,,,,サンプル不足
v4,return_120d,120日モメンタム,業種,小売業,1d,1営業日,1,-0.5,-0.5,0.0,サンプル不足
v4,return_120d,120日モメンタム,業種,小売業,3d,3営業日,1,-0.5,-0.5,0.0,サンプル不足
v4,return_120d,120日モメンタム,業種,小売業,5d,5営業日,1,-0.5,-0.5,0.0,サンプル不足
v4,return_120d,120日モメンタム,業種,小売業,10d,10営業日,1,0.5,0.5,1.0,サンプル不足
v4,return_120d,120日モメンタム,業種,建設業,1d,1営業日,0,,,,サンプル不足
v4,return_120d,120日モメンタム,業種,建設業,3d,3営業日,0,,,,サンプル不足
v4,return_120d,120日モメンタム,業種,建設業,5d,5営業日,0,,,,サンプル不足
v4,return_120d,120日モメンタム,業種,建設業,10d,10営業日,0,,,,サンプル不足
v4,return_120d,120日モメンタム,業種,情報・通信業,1d,1営業日,1,1.0,1.0,1.0,サンプル不足
v4,return_120d,120日モメンタム,業種,情報・通信業,3d,3営業日,1,0.5,0.5,1.0,サンプル不足
v4,return_120d,120日モメンタム,業種,情報・通信業,5d,5営業日,1,-0.5,-0.5,0.0,サンプル不足
v4,return_120d,120日モメンタム,業種,情報・通信業,10d,10営業日,1,1.0,1.0,1.0,サンプル不足
v4,return_120d,120日モメンタム,業種,機械,1d,1営業日,1,0.17922077922077922,0.17922077922077922,1.0,サンプル不足
v4,return_120d,120日モメンタム,業種,機械,3d,3営業日,1,0.14805194805194805,0.14805194805194805,1.0,サンプル不足
v4,return_120d,120日モメンタム,業種,機械,5d,5営業日,1,0.11428571428571428,0.11428571428571428,1.0,サンプル不足
v4,return_120d,120日モメンタム,業種,機械,10d,10営業日,1,-0.059740259740259746,-0.059740259740259746,0.0,サンプル不足
v4,return_120d,120日モメンタム,業種,海運業,1d,1営業日,0,,,,サンプル不足
v4,return_120d,120日モメンタム,業種,海運業,3d,3営業日,0,,,,サンプル不足
v4,return_120d,120日モメンタム,業種,海運業,5d,5営業日,0,,,,サンプル不足
v4,return_120d,120日モメンタム,業種,海運業,10d,10営業日,0,,,,サンプル不足
v4,return_120d,120日モメンタム,業種,空運業,1d,1営業日,0,,,,サンプル不足
v4,return_120d,120日モメンタム,業種,空運業,3d,3営業日,0,,,,サンプル不足
v4,return_120d,120日モメンタム,業種,空運業,5d,5営業日,0,,,,サンプル不足
v4,return_120d,120日モメンタム,業種,空運業,10d,10営業日,0,,,,サンプル不足
v4,return_120d,120日モメンタム,業種,繊維製品,1d,1営業日,0,,,,サンプル不足
v4,return_120d,120日モメンタム,業種,繊維製品,3d,3営業日,0,,,,サンプル不足
v4,return_120d,120日モメンタム,業種,繊維製品,5d,5営業日,0,,,,サンプル不足
v4,return_120d,120日モメンタム,業種,繊維製品,10d,10営業日,0,,,,サンプル不足
v4,return_120d,120日モメンタム,業種,証券、商品先物取引業,1d,1営業日,0,,,,サンプル不足
v4,return_120d,120日モメンタム,業種,証券、商品先物取引業,3d,3営業日,0,,,,サンプル不足
v4,return_120d,120日モメンタム,業種,証券、商品先物取引業,5d,5営業日,0,,,,サンプル不足
v4,return_120d,120日モメンタム,業種,証券、商品先物取引業,10d,10営業日,0,,,,サンプル不足
v4,return_120d,120日モメンタム,業種,輸送用機器,1d,1営業日,1,-1.0,-1.0,0.0,サンプル不足
v4,return_120d,120日モメンタム,業種,輸送用機器,3d,3営業日,1,0.5,0.5,1.0,サンプル不足
v4,return_120d,120日モメンタム,業種,輸送用機器,5d,5営業日,1,0.5,0.5,1.0,サンプル不足
v4,return_120d,120日モメンタム,業種,輸送用機器,10d,10営業日,1,-0.5,-0.5,0.0,サンプル不足
v4,return_120d,120日モメンタム,業種,金属製品,1d,1営業日,1,-0.5,-0.5,0.0,サンプル不足
v4,return_120d,120日モメンタム,業種,金属製品,3d,3営業日,1,-0.5,-0.5,0.0,サンプル不足
v4,return_120d,120日モメンタム,業種,金属製品,5d,5営業日,1,0.5,0.5,1.0,サンプル不足
v4,return_120d,120日モメンタム,業種,金属製品,10d,10営業日,1,0.5,0.5,1.0,サンプル不足
v4,return_120d,120日モメンタム,業種,鉄鋼,1d,1営業日,0,,,,サンプル不足
v4,return_120d,120日モメンタム,業種,鉄鋼,3d,3営業日,0,,,,サンプル不足
v4,return_120d,120日モメンタム,業種,鉄鋼,5d,5営業日,0,,,,サンプル不足
v4,return_120d,120日モメンタム,業種,鉄鋼,10d,10営業日,0,,,,サンプル不足
v4,return_120d,120日モメンタム,業種,銀行業,1d,1営業日,1,-0.3,-0.3,0.0,サンプル不足
v4,return_120d,120日モメンタム,業種,銀行業,3d,3営業日,1,0.3,0.3,1.0,サンプル不足
v4,return_120d,120日モメンタム,業種,銀行業,5d,5営業日,1,0.49999999999999994,0.49999999999999994,1.0,サンプル不足
v4,return_120d,120日モメンタム,業種,銀行業,10d,10営業日,1,-0.49999999999999994,-0.49999999999999994,0.0,サンプル不足
v4,return_120d,120日モメンタム,業種,電気機器,1d,1営業日,1,-0.17221908526256355,-0.17221908526256355,0.0,サンプル不足
v4,return_120d,120日モメンタム,業種,電気機器,3d,3営業日,1,-0.10333145115753813,-0.10333145115753813,0.0,サンプル不足
v4,return_120d,120日モメンタム,業種,電気機器,5d,5営業日,1,0.17221908526256355,0.17221908526256355,1.0,サンプル不足
v4,return_120d,120日モメンタム,業種,電気機器,10d,10営業日,1,-0.0016939582156973462,-0.0016939582156973462,0.0,サンプル不足
v4,return_120d,120日モメンタム,業種,食料品,1d,1営業日,0,,,,サンプル不足
v4,return_120d,120日モメンタム,業種,食料品,3d,3営業日,0,,,,サンプル不足
v4,return_120d,120日モメンタム,業種,食料品,5d,5営業日,0,,,,サンプル不足
v4,return_120d,120日モメンタム,業種,食料品,10d,10営業日,0,,,,サンプル不足
v4,distance_ma20,20日移動平均乖離,全体,全体,1d,1営業日,1,-0.0896009600960096,-0.0896009600960096,0.0,サンプル不足
v4,distance_ma20,20日移動平均乖離,全体,全体,3d,3営業日,1,0.024398439843984394,0.024398439843984394,1.0,サンプル不足
v4,distance_ma20,20日移動平均乖離,全体,全体,5d,5営業日,1,0.050405040504050404,0.050405040504050404,1.0,サンプル不足
v4,distance_ma20,20日移動平均乖離,全体,全体,10d,10営業日,1,-0.027254725472547252,-0.027254725472547252,0.0,サンプル不足
v4,distance_ma20,20日移動平均乖離,業種,その他製品,1d,1営業日,0,,,,サンプル不足
v4,distance_ma20,20日移動平均乖離,業種,その他製品,3d,3営業日,0,,,,サンプル不足
v4,distance_ma20,20日移動平均乖離,業種,その他製品,5d,5営業日,0,,,,サンプル不足
v4,distance_ma20,20日移動平均乖離,業種,その他製品,10d,10営業日,0,,,,サンプル不足
v4,distance_ma20,20日移動平均乖離,業種,その他金融業,1d,1営業日,0,,,,サンプル不足
v4,distance_ma20,20日移動平均乖離,業種,その他金融業,3d,3営業日,0,,,,サンプル不足
v4,distance_ma20,20日移動平均乖離,業種,その他金融業,5d,5営業日,0,,,,サンプル不足
v4,distance_ma20,20日移動平均乖離,業種,その他金融業,10d,10営業日,0,,,,サンプル不足
v4,distance_ma20,20日移動平均乖離,業種,ガラス・土石製品,1d,1営業日,0,,,,サンプル不足
v4,distance_ma20,20日移動平均乖離,業種,ガラス・土石製品,3d,3営業日,0,,,,サンプル不足
v4,distance_ma20,20日移動平均乖離,業種,ガラス・土石製品,5d,5営業日,0,,,,サンプル不足
v4,distance_ma20,20日移動平均乖離,業種,ガラス・土石製品,10d,10営業日,0,,,,サンプル不足
v4,distance_ma20,20日移動平均乖離,業種,ゴム製品,1d,1営業日,0,,,,サンプル不足
v4,distance_ma20,20日移動平均乖離,業種,ゴム製品,3d,3営業日,0,,,,サンプル不足
v4,distance_ma20,20日移動平均乖離,業種,ゴム製品,5d,5営業日,0,,,,サンプル不足
v4,distance_ma20,20日移動平均乖離,業種,ゴム製品,10d,10営業日,0,,,,サンプル不足
v4,distance_ma20,20日移動平均乖離,業種,サービス業,1d,1営業日,1,-0.3142857142857143,-0.3142857142857143,0.0,サンプル不足
v4,distance_ma20,20日移動平均乖離,業種,サービス業,3d,3営業日,1,-0.028571428571428574,-0.028571428571428574,0.0,サンプル不足
v4,distance_ma20,20日移動平均乖離,業種,サービス業,5d,5営業日,1,0.08571428571428573,0.08571428571428573,1.0,サンプル不足
v4,distance_ma20,20日移動平均乖離,業種,サービス業,10d,10営業日,1,0.14285714285714288,0.14285714285714288,1.0,サンプル不足
v4,distance_ma20,20日移動平均乖離,業種,不動産業,1d,1営業日,0,,,,サンプル不足
v4,distance_ma20,20日移動平均乖離,業種,不動産業,3d,3営業日,0,,,,サンプル不足
v4,distance_ma20,20日移動平均乖離,業種,不動産業,5d,5営業日,0,,,,サンプル不足
v4,distance_ma20,20日移動平均乖離,業種,不動産業,10d,10営業日,0,,,,サンプル不足
v4,distance_ma20,20日移動平均乖離,業種,保険業,1d,1営業日,0,,,,サンプル不足
v4,distance_ma20,20日移動平均乖離,業種,保険業,3d,3営業日,0,,,,サンプル不足
v4,distance_ma20,20日移動平均乖離,業種,保険業,5d,5営業日,0,,,,サンプル不足
v4,distance_ma20,20日移動平均乖離,業種,保険業,10d,10営業日,0,,,,サンプル不足
v4,distance_ma20,20日移動平均乖離,業種,化学,1d,1営業日,1,-0.14835164835164835,-0.14835164835164835,0.0,サンプル不足
v4,distance_ma20,20日移動平均乖離,業種,化学,3d,3営業日,1,0.08241758241758242,0.08241758241758242,1.0,サンプル不足
v4,distance_ma20,20日移動平均乖離,業種,化学,5d,5営業日,1,0.32417582417582413,0.32417582417582413,1.0,サンプル不足
v4,distance_ma20,20日移動平均乖離,業種,化学,10d,10営業日,1,0.13186813186813187,0.13186813186813187,1.0,サンプル不足
v4,distance_ma20,20日移動平均乖離,業種,卸売業,1d,1営業日,0,,,,サンプル不足
v4,distance_ma20,20日移動平均乖離,業種,卸売業,3d,3営業日,0,,,,サンプル不足
v4,distance_ma20,20日移動平均乖離,業種,卸売業,5d,5営業日,0,,,,サンプル不足
v4,distance_ma20,20日移動平均乖離,業種,卸売業,10d,10営業日,0,,,,サンプル不足
v4,distance_ma20,20日移動平均乖離,業種,小売業,1d,1営業日,1,-1.0,-1.0,0.0,サンプル不足
v4,distance_ma20,20日移動平均乖離,業種,小売業,3d,3営業日,1,-1.0,-1.0,0.0,サンプル不足
v4,distance_ma20,20日移動平均乖離,業種,小売業,5d,5営業日,1,-1.0,-1.0,0.0,サンプル不足
v4,distance_ma20,20日移動平均乖離,業種,小売業,10d,10営業日,1,-0.5,-0.5,0.0,サンプル不足
v4,distance_ma20,20日移動平均乖離,業種,建設業,1d,1営業日,0,,,,サンプル不足
v4,distance_ma20,20日移動平均乖離,業種,建設業,3d,3営業日,0,,,,サンプル不足
v4,distance_ma20,20日移動平均乖離,業種,建設業,5d,5営業日,0,,,,サンプル不足
v4,distance_ma20,20日移動平均乖離,業種,建設業,10d,10営業日,0,,,,サンプル不足
v4,distance_ma20,20日移動平均乖離,業種,情報・通信業,1d,1営業日,1,0.5,0.5,1.0,サンプル不足
v4,distance_ma20,20日移動平均乖離,業種,情報・通信業,3d,3営業日,1,-0.5,-0.5,0.0,サンプル不足
v4,distance_ma20,20日移動平均乖離,業種,情報・通信業,5d,5営業日,1,-1.0,-1.0,0.0,サンプル不足
v4,distance_ma20,20日移動平均乖離,業種,情報・通信業,10d,10営業日,1,0.5,0.5,1.0,サンプル不足
v4,distance_ma20,20日移動平均乖離,業種,機械,1d,1営業日,1,-0.2909090909090909,-0.2909090909090909,0.0,サンプル不足
v4,distance_ma20,20日移動平均乖離,業種,機械,3d,3営業日,1,-0.24155844155844156,-0.24155844155844156,0.0,サンプル不足
v4,distance_ma20,20日移動平均乖離,業種,機械,5d,5営業日,1,-0.1987012987012987,-0.1987012987012987,0.0,サンプル不足
v4,distance_ma20,20日移動平均乖離,業種,機械,10d,10営業日,1,-0.4194805194805195,-0.4194805194805195,0.0,サンプル不足
v4,distance_ma20,20日移動平均乖離,業種,海運業,1d,1営業日,0,,,,サンプル不足
v4,distance_ma20,20日移動平均乖離,業種,海運業,3d,3営業日,0,,,,サンプル不足
v4,distance_ma20,20日移動平均乖離,業種,海運業,5d,5営業日,0,,,,サンプル不足
v4,distance_ma20,20日移動平均乖離,業種,海運業,10d,10営業日,0,,,,サンプル不足
v4,distance_ma20,20日移動平均乖離,業種,空運業,1d,1営業日,0,,,,サンプル不足
v4,distance_ma20,20日移動平均乖離,業種,空運業,3d,3営業日,0,,,,サンプル不足
v4,distance_ma20,20日移動平均乖離,業種,空運業,5d,5営業日,0,,,,サンプル不足
v4,distance_ma20,20日移動平均乖離,業種,空運業,10d,10営業日,0,,,,サンプル不足
v4,distance_ma20,20日移動平均乖離,業種,繊維製品,1d,1営業日,0,,,,サンプル不足
v4,distance_ma20,20日移動平均乖離,業種,繊維製品,3d,3営業日,0,,,,サンプル不足
v4,distance_ma20,20日移動平均乖離,業種,繊維製品,5d,5営業日,0,,,,サンプル不足
v4,distance_ma20,20日移動平均乖離,業種,繊維製品,10d,10営業日,0,,,,サンプル不足
v4,distance_ma20,20日移動平均乖離,業種,証券、商品先物取引業,1d,1営業日,0,,,,サンプル不足
v4,distance_ma20,20日移動平均乖離,業種,証券、商品先物取引業,3d,3営業日,0,,,,サンプル不足
v4,distance_ma20,20日移動平均乖離,業種,証券、商品先物取引業,5d,5営業日,0,,,,サンプル不足
v4,distance_ma20,20日移動平均乖離,業種,証券、商品先物取引業,10d,10営業日,0,,,,サンプル不足
v4,distance_ma20,20日移動平均乖離,業種,輸送用機器,1d,1営業日,1,-1.0,-1.0,0.0,サンプル不足
v4,distance_ma20,20日移動平均乖離,業種,輸送用機器,3d,3営業日,1,0.5,0.5,1.0,サンプル不足
v4,distance_ma20,20日移動平均乖離,業種,輸送用機器,5d,5営業日,1,0.5,0.5,1.0,サンプル不足
v4,distance_ma20,20日移動平均乖離,業種,輸送用機器,10d,10営業日,1,-0.5,-0.5,0.0,サンプル不足
v4,distance_ma20,20日移動平均乖離,業種,金属製品,1d,1営業日,1,-1.0,-1.0,0.0,サンプル不足
v4,distance_ma20,20日移動平均乖離,業種,金属製品,3d,3営業日,1,-1.0,-1.0,0.0,サンプル不足
v4,distance_ma20,20日移動平均乖離,業種,金属製品,5d,5営業日,1,-0.5,-0.5,0.0,サンプル不足
v4,distance_ma20,20日移動平均乖離,業種,金属製品,10d,10営業日,1,-0.5,-0.5,0.0,サンプル不足
v4,distance_ma20,20日移動平均乖離,業種,鉄鋼,1d,1営業日,0,,,,サンプル不足
v4,distance_ma20,20日移動平均乖離,業種,鉄鋼,3d,3営業日,0,,,,サンプル不足
v4,distance_ma20,20日移動平均乖離,業種,鉄鋼,5d,5営業日,0,,,,サンプル不足
v4,distance_ma20,20日移動平均乖離,業種,鉄鋼,10d,10営業日,0,,,,サンプル不足
v4,distance_ma20,20日移動平均乖離,業種,銀行業,1d,1営業日,1,-0.09999999999999999,-0.09999999999999999,0.0,サンプル不足
v4,distance_ma20,20日移動平均乖離,業種,銀行業,3d,3営業日,1,0.6,0.6,1.0,サンプル不足
v4,distance_ma20,20日移動平均乖離,業種,銀行業,5d,5営業日,1,0.19999999999999998,0.19999999999999998,1.0,サンプル不足
v4,distance_ma20,20日移動平均乖離,業種,銀行業,10d,10営業日,1,0.3,0.3,1.0,サンプル不足
v4,distance_ma20,20日移動平均乖離,業種,電気機器,1d,1営業日,1,0.20722755505364204,0.20722755505364204,1.0,サンプル不足
v4,distance_ma20,20日移動平均乖離,業種,電気機器,3d,3営業日,1,0.30434782608695654,0.30434782608695654,1.0,サンプル不足
v4,distance_ma20,20日移動平均乖離,業種,電気機器,5d,5営業日,1,0.1225296442687747,0.1225296442687747,1.0,サンプル不足
v4,distance_ma20,20日移動平均乖離,業種,電気機器,10d,10営業日,1,-0.17108977978543197,-0.17108977978543197,0.0,サンプル不足
v4,distance_ma20,20日移動平均乖離,業種,食料品,1d,1営業日,0,,,,サンプル不足
v4,distance_ma20,20日移動平均乖離,業種,食料品,3d,3営業日,0,,,,サンプル不足
v4,distance_ma20,20日移動平均乖離,業種,食料品,5d,5営業日,0,,,,サンプル不足
v4,distance_ma20,20日移動平均乖離,業種,食料品,10d,10営業日,0,,,,サンプル不足
v4,distance_ma60,60日移動平均乖離,全体,全体,1d,1営業日,1,0.01836183618361836,0.01836183618361836,1.0,サンプル不足
v4,distance_ma60,60日移動平均乖離,全体,全体,3d,3営業日,1,0.22804680468046803,0.22804680468046803,1.0,サンプル不足
v4,distance_ma60,60日移動平均乖離,全体,全体,5d,5営業日,1,0.3491749174917491,0.3491749174917491,1.0,サンプル不足
v4,distance_ma60,60日移動平均乖離,全体,全体,10d,10営業日,1,0.12255625562556254,0.12255625562556254,1.0,サンプル不足
v4,distance_ma60,60日移動平均乖離,業種,その他製品,1d,1営業日,0,,,,サンプル不足
v4,distance_ma60,60日移動平均乖離,業種,その他製品,3d,3営業日,0,,,,サンプル不足
v4,distance_ma60,60日移動平均乖離,業種,その他製品,5d,5営業日,0,,,,サンプル不足
v4,distance_ma60,60日移動平均乖離,業種,その他製品,10d,10営業日,0,,,,サンプル不足
v4,distance_ma60,60日移動平均乖離,業種,その他金融業,1d,1営業日,0,,,,サンプル不足
v4,distance_ma60,60日移動平均乖離,業種,その他金融業,3d,3営業日,0,,,,サンプル不足
v4,distance_ma60,60日移動平均乖離,業種,その他金融業,5d,5営業日,0,,,,サンプル不足
v4,distance_ma60,60日移動平均乖離,業種,その他金融業,10d,10営業日,0,,,,サンプル不足
v4,distance_ma60,60日移動平均乖離,業種,ガラス・土石製品,1d,1営業日,0,,,,サンプル不足
v4,distance_ma60,60日移動平均乖離,業種,ガラス・土石製品,3d,3営業日,0,,,,サンプル不足
v4,distance_ma60,60日移動平均乖離,業種,ガラス・土石製品,5d,5営業日,0,,,,サンプル不足
v4,distance_ma60,60日移動平均乖離,業種,ガラス・土石製品,10d,10営業日,0,,,,サンプル不足
v4,distance_ma60,60日移動平均乖離,業種,ゴム製品,1d,1営業日,0,,,,サンプル不足
v4,distance_ma60,60日移動平均乖離,業種,ゴム製品,3d,3営業日,0,,,,サンプル不足
v4,distance_ma60,60日移動平均乖離,業種,ゴム製品,5d,5営業日,0,,,,サンプル不足
v4,distance_ma60,60日移動平均乖離,業種,ゴム製品,10d,10営業日,0,,,,サンプル不足
v4,distance_ma60,60日移動平均乖離,業種,サービス業,1d,1営業日,1,0.028571428571428574,0.028571428571428574,1.0,サンプル不足
v4,distance_ma60,60日移動平均乖離,業種,サービス業,3d,3営業日,1,0.3142857142857143,0.3142857142857143,1.0,サンプル不足
v4,distance_ma60,60日移動平均乖離,業種,サービス業,5d,5営業日,1,0.48571428571428577,0.48571428571428577,1.0,サンプル不足
v4,distance_ma60,60日移動平均乖離,業種,サービス業,10d,10営業日,1,0.7142857142857143,0.7142857142857143,1.0,サンプル不足
v4,distance_ma60,60日移動平均乖離,業種,不動産業,1d,1営業日,0,,,,サンプル不足
v4,distance_ma60,60日移動平均乖離,業種,不動産業,3d,3営業日,0,,,,サンプル不足
v4,distance_ma60,60日移動平均乖離,業種,不動産業,5d,5営業日,0,,,,サンプル不足
v4,distance_ma60,60日移動平均乖離,業種,不動産業,10d,10営業日,0,,,,サンプル不足
v4,distance_ma60,60日移動平均乖離,業種,保険業,1d,1営業日,0,,,,サンプル不足
v4,distance_ma60,60日移動平均乖離,業種,保険業,3d,3営業日,0,,,,サンプル不足
v4,distance_ma60,60日移動平均乖離,業種,保険業,5d,5営業日,0,,,,サンプル不足
v4,distance_ma60,60日移動平均乖離,業種,保険業,10d,10営業日,0,,,,サンプル不足
v4,distance_ma60,60日移動平均乖離,業種,化学,1d,1営業日,1,-0.4340659340659341,-0.4340659340659341,0.0,サンプル不足
v4,distance_ma60,60日移動平均乖離,業種,化学,3d,3営業日,1,0.2857142857142857,0.2857142857142857,1.0,サンプル不足
v4,distance_ma60,60日移動平均乖離,業種,化学,5d,5営業日,1,0.3186813186813187,0.3186813186813187,1.0,サンプル不足
v4,distance_ma60,60日移動平均乖離,業種,化学,10d,10営業日,1,-0.1868131868131868,-0.1868131868131868,0.0,サンプル不足
v4,distance_ma60,60日移動平均乖離,業種,卸売業,1d,1営業日,0,,,,サンプル不足
v4,distance_ma60,60日移動平均乖離,業種,卸売業,3d,3営業日,0,,,,サンプル不足
v4,distance_ma60,60日移動平均乖離,業種,卸売業,5d,5営業日,0,,,,サンプル不足
v4,distance_ma60,60日移動平均乖離,業種,卸売業,10d,10営業日,0,,,,サンプル不足
v4,distance_ma60,60日移動平均乖離,業種,小売業,1d,1営業日,1,-0.5,-0.5,0.0,サンプル不足
v4,distance_ma60,60日移動平均乖離,業種,小売業,3d,3営業日,1,-0.5,-0.5,0.0,サンプル不足
v4,distance_ma60,60日移動平均乖離,業種,小売業,5d,5営業日,1,-0.5,-0.5,0.0,サンプル不足
v4,distance_ma60,60日移動平均乖離,業種,小売業,10d,10営業日,1,0.5,0.5,1.0,サンプル不足
v4,distance_ma60,60日移動平均乖離,業種,建設業,1d,1営業日,0,,,,サンプル不足
v4,distance_ma60,60日移動平均乖離,業種,建設業,3d,3営業日,0,,,,サンプル不足
v4,distance_ma60,60日移動平均乖離,業種,建設業,5d,5営業日,0,,,,サンプル不足
v4,distance_ma60,60日移動平均乖離,業種,建設業,10d,10営業日,0,,,,サンプル不足
v4,distance_ma60,60日移動平均乖離,業種,情報・通信業,1d,1営業日,1,0.5,0.5,1.0,サンプル不足
v4,distance_ma60,60日移動平均乖離,業種,情報・通信業,3d,3営業日,1,-0.5,-0.5,0.0,サンプル不足
v4,distance_ma60,60日移動平均乖離,業種,情報・通信業,5d,5営業日,1,-1.0,-1.0,0.0,サンプル不足
v4,distance_ma60,60日移動平均乖離,業種,情報・通信業,10d,10営業日,1,0.5,0.5,1.0,サンプル不足
v4,distance_ma60,60日移動平均乖離,業種,機械,1d,1営業日,1,0.3103896103896104,0.3103896103896104,1.0,サンプル不足
v4,distance_ma60,60日移動平均乖離,業種,機械,3d,3営業日,1,0.0935064935064935,0.0935064935064935,1.0,サンプル不足
v4,distance_ma60,60日移動平均乖離,業種,機械,5d,5営業日,1,0.14285714285714285,0.14285714285714285,1.0,サンプル不足
v4,distance_ma60,60日移動平均乖離,業種,機械,10d,10営業日,1,-0.006493506493506493,-0.006493506493506493,0.0,サンプル不足
v4,distance_ma60,60日移動平均乖離,業種,海運業,1d,1営業日,0,,,,サンプル不足
v4,distance_ma60,60日移動平均乖離,業種,海運業,3d,3営業日,0,,,,サンプル不足
v4,distance_ma60,60日移動平均乖離,業種,海運業,5d,5営業日,0,,,,サンプル不足
v4,distance_ma60,60日移動平均乖離,業種,海運業,10d,10営業日,0,,,,サンプル不足
v4,distance_ma60,60日移動平均乖離,業種,空運業,1d,1営業日,0,,,,サンプル不足
v4,distance_ma60,60日移動平均乖離,業種,空運業,3d,3営業日,0,,,,サンプル不足
v4,distance_ma60,60日移動平均乖離,業種,空運業,5d,5営業日,0,,,,サンプル不足
v4,distance_ma60,60日移動平均乖離,業種,空運業,10d,10営業日,0,,,,サンプル不足
v4,distance_ma60,60日移動平均乖離,業種,繊維製品,1d,1営業日,0,,,,サンプル不足
v4,distance_ma60,60日移動平均乖離,業種,繊維製品,3d,3営業日,0,,,,サンプル不足
v4,distance_ma60,60日移動平均乖離,業種,繊維製品,5d,5営業日,0,,,,サンプル不足
v4,distance_ma60,60日移動平均乖離,業種,繊維製品,10d,10営業日,0,,,,サンプル不足
v4,distance_ma60,60日移動平均乖離,業種,証券、商品先物取引業,1d,1営業日,0,,,,サンプル不足
v4,distance_ma60,60日移動平均乖離,業種,証券、商品先物取引業,3d,3営業日,0,,,,サンプル不足
v4,distance_ma60,60日移動平均乖離,業種,証券、商品先物取引業,5d,5営業日,0,,,,サンプル不足
v4,distance_ma60,60日移動平均乖離,業種,証券、商品先物取引業,10d,10営業日,0,,,,サンプル不足
v4,distance_ma60,60日移動平均乖離,業種,輸送用機器,1d,1営業日,1,-1.0,-1.0,0.0,サンプル不足
v4,distance_ma60,60日移動平均乖離,業種,輸送用機器,3d,3営業日,1,0.5,0.5,1.0,サンプル不足
v4,distance_ma60,60日移動平均乖離,業種,輸送用機器,5d,5営業日,1,0.5,0.5,1.0,サンプル不足
v4,distance_ma60,60日移動平均乖離,業種,輸送用機器,10d,10営業日,1,-0.5,-0.5,0.0,サンプル不足
v4,distance_ma60,60日移動平均乖離,業種,金属製品,1d,1営業日,1,-1.0,-1.0,0.0,サンプル不足
v4,distance_ma60,60日移動平均乖離,業種,金属製品,3d,3営業日,1,-1.0,-1.0,0.0,サンプル不足
v4,distance_ma60,60日移動平均乖離,業種,金属製品,5d,5営業日,1,-0.5,-0.5,0.0,サンプル不足
v4,distance_ma60,60日移動平均乖離,業種,金属製品,10d,10営業日,1,-0.5,-0.5,0.0,サンプル不足
v4,distance_ma60,60日移動平均乖離,業種,鉄鋼,1d,1営業日,0,,,,サンプル不足
v4,distance_ma60,60日移動平均乖離,業種,鉄鋼,3d,3営業日,0,,,,サンプル不足
v4,distance_ma60,60日移動平均乖離,業種,鉄鋼,5d,5営業日,0,,,,サンプル不足
v4,distance_ma60,60日移動平均乖離,業種,鉄鋼,10d,10営業日,0,,,,サンプル不足
v4,distance_ma60,60日移動平均乖離,業種,銀行業,1d,1営業日,1,-0.49999999999999994,-0.49999999999999994,0.0,サンプル不足
v4,distance_ma60,60日移動平均乖離,業種,銀行業,3d,3営業日,1,0.49999999999999994,0.49999999999999994,1.0,サンプル不足
v4,distance_ma60,60日移動平均乖離,業種,銀行業,5d,5営業日,1,0.3,0.3,1.0,サンプル不足
v4,distance_ma60,60日移動平均乖離,業種,銀行業,10d,10営業日,1,-0.3,-0.3,0.0,サンプル不足
v4,distance_ma60,60日移動平均乖離,業種,電気機器,1d,1営業日,1,0.07622811970638058,0.07622811970638058,1.0,サンプル不足
v4,distance_ma60,60日移動平均乖離,業種,電気機器,3d,3営業日,1,0.10671936758893281,0.10671936758893281,1.0,サンプル不足
v4,distance_ma60,60日移動平均乖離,業種,電気機器,5d,5営業日,1,0.15866741953698477,0.15866741953698477,1.0,サンプル不足
v4,distance_ma60,60日移動平均乖離,業種,電気機器,10d,10営業日,1,-0.14963297571993225,-0.14963297571993225,0.0,サンプル不足
v4,distance_ma60,60日移動平均乖離,業種,食料品,1d,1営業日,0,,,,サンプル不足
v4,distance_ma60,60日移動平均乖離,業種,食料品,3d,3営業日,0,,,,サンプル不足
v4,distance_ma60,60日移動平均乖離,業種,食料品,5d,5営業日,0,,,,サンプル不足
v4,distance_ma60,60日移動平均乖離,業種,食料品,10d,10営業日,0,,,,サンプル不足
v4,avg_turnover_20d,20日平均売買代金,全体,全体,1d,1営業日,1,-0.1051065106510651,-0.1051065106510651,0.0,サンプル不足
v4,avg_turnover_20d,20日平均売買代金,全体,全体,3d,3営業日,1,-0.034695469546954696,-0.034695469546954696,0.0,サンプル不足
v4,avg_turnover_20d,20日平均売買代金,全体,全体,5d,5営業日,1,-0.06822682268226822,-0.06822682268226822,0.0,サンプル不足
v4,avg_turnover_20d,20日平均売買代金,全体,全体,10d,10営業日,1,-0.17432943294329434,-0.17432943294329434,0.0,サンプル不足
v4,avg_turnover_20d,20日平均売買代金,業種,その他製品,1d,1営業日,0,,,,サンプル不足
v4,avg_turnover_20d,20日平均売買代金,業種,その他製品,3d,3営業日,0,,,,サンプル不足
v4,avg_turnover_20d,20日平均売買代金,業種,その他製品,5d,5営業日,0,,,,サンプル不足
v4,avg_turnover_20d,20日平均売買代金,業種,その他製品,10d,10営業日,0,,,,サンプル不足
v4,avg_turnover_20d,20日平均売買代金,業種,その他金融業,1d,1営業日,0,,,,サンプル不足
v4,avg_turnover_20d,20日平均売買代金,業種,その他金融業,3d,3営業日,0,,,,サンプル不足
v4,avg_turnover_20d,20日平均売買代金,業種,その他金融業,5d,5営業日,0,,,,サンプル不足
v4,avg_turnover_20d,20日平均売買代金,業種,その他金融業,10d,10営業日,0,,,,サンプル不足
v4,avg_turnover_20d,20日平均売買代金,業種,ガラス・土石製品,1d,1営業日,0,,,,サンプル不足
v4,avg_turnover_20d,20日平均売買代金,業種,ガラス・土石製品,3d,3営業日,0,,,,サンプル不足
v4,avg_turnover_20d,20日平均売買代金,業種,ガラス・土石製品,5d,5営業日,0,,,,サンプル不足
v4,avg_turnover_20d,20日平均売買代金,業種,ガラス・土石製品,10d,10営業日,0,,,,サンプル不足
v4,avg_turnover_20d,20日平均売買代金,業種,ゴム製品,1d,1営業日,0,,,,サンプル不足
v4,avg_turnover_20d,20日平均売買代金,業種,ゴム製品,3d,3営業日,0,,,,サンプル不足
v4,avg_turnover_20d,20日平均売買代金,業種,ゴム製品,5d,5営業日,0,,,,サンプル不足
v4,avg_turnover_20d,20日平均売買代金,業種,ゴム製品,10d,10営業日,0,,,,サンプル不足
v4,avg_turnover_20d,20日平均売買代金,業種,サービス業,1d,1営業日,1,-0.028571428571428574,-0.028571428571428574,0.0,サンプル不足
v4,avg_turnover_20d,20日平均売買代金,業種,サービス業,3d,3営業日,1,-0.14285714285714288,-0.14285714285714288,0.0,サンプル不足
v4,avg_turnover_20d,20日平均売買代金,業種,サービス業,5d,5営業日,1,-0.3142857142857143,-0.3142857142857143,0.0,サンプル不足
v4,avg_turnover_20d,20日平均売買代金,業種,サービス業,10d,10営業日,1,-0.2571428571428572,-0.2571428571428572,0.0,サンプル不足
v4,avg_turnover_20d,20日平均売買代金,業種,不動産業,1d,1営業日,0,,,,サンプル不足
v4,avg_turnover_20d,20日平均売買代金,業種,不動産業,3d,3営業日,0,,,,サンプル不足
v4,avg_turnover_20d,20日平均売買代金,業種,不動産業,5d,5営業日,0,,,,サンプル不足
v4,avg_turnover_20d,20日平均売買代金,業種,不動産業,10d,10営業日,0,,,,サンプル不足
v4,avg_turnover_20d,20日平均売買代金,業種,保険業,1d,1営業日,0,,,,サンプル不足
v4,avg_turnover_20d,20日平均売買代金,業種,保険業,3d,3営業日,0,,,,サンプル不足
v4,avg_turnover_20d,20日平均売買代金,業種,保険業,5d,5営業日,0,,,,サンプル不足
v4,avg_turnover_20d,20日平均売買代金,業種,保険業,10d,10営業日,0,,,,サンプル不足
v4,avg_turnover_20d,20日平均売買代金,業種,化学,1d,1営業日,1,-0.03846153846153846,-0.03846153846153846,0.0,サンプル不足
v4,avg_turnover_20d,20日平均売買代金,業種,化学,3d,3営業日,1,-0.6813186813186813,-0.6813186813186813,0.0,サンプル不足
v4,avg_turnover_20d,20日平均売買代金,業種,化学,5d,5営業日,1,-0.5439560439560439,-0.5439560439560439,0.0,サンプル不足
v4,avg_turnover_20d,20日平均売買代金,業種,化学,10d,10営業日,1,0.010989010989010988,0.010989010989010988,1.0,サンプル不足
v4,avg_turnover_20d,20日平均売買代金,業種,卸売業,1d,1営業日,0,,,,サンプル不足
v4,avg_turnover_20d,20日平均売買代金,業種,卸売業,3d,3営業日,0,,,,サンプル不足
v4,avg_turnover_20d,20日平均売買代金,業種,卸売業,5d,5営業日,0,,,,サンプル不足
v4,avg_turnover_20d,20日平均売買代金,業種,卸売業,10d,10営業日,0,,,,サンプル不足
v4,avg_turnover_20d,20日平均売買代金,業種,小売業,1d,1営業日,1,-0.5,-0.5,0.0,サンプル不足
v4,avg_turnover_20d,20日平均売買代金,業種,小売業,3d,3営業日,1,-0.5,-0.5,0.0,サンプル不足
v4,avg_turnover_20d,20日平均売買代金,業種,小売業,5d,5営業日,1,-0.5,-0.5,0.0,サンプル不足
v4,avg_turnover_20d,20日平均売買代金,業種,小売業,10d,10営業日,1,0.5,0.5,1.0,サンプル不足
v4,avg_turnover_20d,20日平均売買代金,業種,建設業,1d,1営業日,0,,,,サンプル不足
v4,avg_turnover_20d,20日平均売買代金,業種,建設業,3d,3営業日,0,,,,サンプル不足
v4,avg_turnover_20d,20日平均売買代金,業種,建設業,5d,5営業日,0,,,,サンプル不足
v4,avg_turnover_20d,20日平均売買代金,業種,建設業,10d,10営業日,0,,,,サンプル不足
v4,avg_turnover_20d,20日平均売買代金,業種,情報・通信業,1d,1営業日,1,-0.5,-0.5,0.0,サンプル不足
v4,avg_turnover_20d,20日平均売買代金,業種,情報・通信業,3d,3営業日,1,0.5,0.5,1.0,サンプル不足
v4,avg_turnover_20d,20日平均売買代金,業種,情報・通信業,5d,5営業日,1,1.0,1.0,1.0,サンプル不足
v4,avg_turnover_20d,20日平均売買代金,業種,情報・通信業,10d,10営業日,1,-0.5,-0.5,0.0,サンプル不足
v4,avg_turnover_20d,20日平均売買代金,業種,機械,1d,1営業日,1,-0.2545454545454545,-0.2545454545454545,0.0,サンプル不足
v4,avg_turnover_20d,20日平均売買代金,業種,機械,3d,3営業日,1,-0.08181818181818182,-0.08181818181818182,0.0,サンプル不足
v4,avg_turnover_20d,20日平均売買代金,業種,機械,5d,5営業日,1,-0.08441558441558442,-0.08441558441558442,0.0,サンプル不足
v4,avg_turnover_20d,20日平均売買代金,業種,機械,10d,10営業日,1,-0.26233766233766237,-0.26233766233766237,0.0,サンプル不足
v4,avg_turnover_20d,20日平均売買代金,業種,海運業,1d,1営業日,0,,,,サンプル不足
v4,avg_turnover_20d,20日平均売買代金,業種,海運業,3d,3営業日,0,,,,サンプル不足
v4,avg_turnover_20d,20日平均売買代金,業種,海運業,5d,5営業日,0,,,,サンプル不足
v4,avg_turnover_20d,20日平均売買代金,業種,海運業,10d,10営業日,0,,,,サンプル不足
v4,avg_turnover_20d,20日平均売買代金,業種,空運業,1d,1営業日,0,,,,サンプル不足
v4,avg_turnover_20d,20日平均売買代金,業種,空運業,3d,3営業日,0,,,,サンプル不足
v4,avg_turnover_20d,20日平均売買代金,業種,空運業,5d,5営業日,0,,,,サンプル不足
v4,avg_turnover_20d,20日平均売買代金,業種,空運業,10d,10営業日,0,,,,サンプル不足
v4,avg_turnover_20d,20日平均売買代金,業種,繊維製品,1d,1営業日,0,,,,サンプル不足
v4,avg_turnover_20d,20日平均売買代金,業種,繊維製品,3d,3営業日,0,,,,サンプル不足
v4,avg_turnover_20d,20日平均売買代金,業種,繊維製品,5d,5営業日,0,,,,サンプル不足
v4,avg_turnover_20d,20日平均売買代金,業種,繊維製品,10d,10営業日,0,,,,サンプル不足
v4,avg_turnover_20d,20日平均売買代金,業種,証券、商品先物取引業,1d,1営業日,0,,,,サンプル不足
v4,avg_turnover_20d,20日平均売買代金,業種,証券、商品先物取引業,3d,3営業日,0,,,,サンプル不足
v4,avg_turnover_20d,20日平均売買代金,業種,証券、商品先物取引業,5d,5営業日,0,,,,サンプル不足
v4,avg_turnover_20d,20日平均売買代金,業種,証券、商品先物取引業,10d,10営業日,0,,,,サンプル不足
v4,avg_turnover_20d,20日平均売買代金,業種,輸送用機器,1d,1営業日,1,1.0,1.0,1.0,サンプル不足
v4,avg_turnover_20d,20日平均売買代金,業種,輸送用機器,3d,3営業日,1,-0.5,-0.5,0.0,サンプル不足
v4,avg_turnover_20d,20日平均売買代金,業種,輸送用機器,5d,5営業日,1,-0.5,-0.5,0.0,サンプル不足
v4,avg_turnover_20d,20日平均売買代金,業種,輸送用機器,10d,10営業日,1,0.5,0.5,1.0,サンプル不足
v4,avg_turnover_20d,20日平均売買代金,業種,金属製品,1d,1営業日,1,-1.0,-1.0,0.0,サンプル不足
v4,avg_turnover_20d,20日平均売買代金,業種,金属製品,3d,3営業日,1,-1.0,-1.0,0.0,サンプル不足
v4,avg_turnover_20d,20日平均売買代金,業種,金属製品,5d,5営業日,1,-0.5,-0.5,0.0,サンプル不足
v4,avg_turnover_20d,20日平均売買代金,業種,金属製品,10d,10営業日,1,-0.5,-0.5,0.0,サンプル不足
v4,avg_turnover_20d,20日平均売買代金,業種,鉄鋼,1d,1営業日,0,,,,サンプル不足
v4,avg_turnover_20d,20日平均売買代金,業種,鉄鋼,3d,3営業日,0,,,,サンプル不足
v4,avg_turnover_20d,20日平均売買代金,業種,鉄鋼,5d,5営業日,0,,,,サンプル不足
v4,avg_turnover_20d,20日平均売買代金,業種,鉄鋼,10d,10営業日,0,,,,サンプル不足
v4,avg_turnover_20d,20日平均売買代金,業種,銀行業,1d,1営業日,1,0.3,0.3,1.0,サンプル不足
v4,avg_turnover_20d,20日平均売買代金,業種,銀行業,3d,3営業日,1,0.7,0.7,1.0,サンプル不足
v4,avg_turnover_20d,20日平均売買代金,業種,銀行業,5d,5営業日,1,0.49999999999999994,0.49999999999999994,1.0,サンプル不足
v4,avg_turnover_20d,20日平均売買代金,業種,銀行業,10d,10営業日,1,0.49999999999999994,0.49999999999999994,1.0,サンプル不足
v4,avg_turnover_20d,20日平均売買代金,業種,電気機器,1d,1営業日,1,0.21626199887069456,0.21626199887069456,1.0,サンプル不足
v4,avg_turnover_20d,20日平均売買代金,業種,電気機器,3d,3営業日,1,0.11801242236024848,0.11801242236024848,1.0,サンプル不足
v4,avg_turnover_20d,20日平均売買代金,業種,電気機器,5d,5営業日,1,-0.07058159232072277,-0.07058159232072277,0.0,サンプル不足
v4,avg_turnover_20d,20日平均売買代金,業種,電気機器,10d,10営業日,1,-0.3506493506493507,-0.3506493506493507,0.0,サンプル不足
v4,avg_turnover_20d,20日平均売買代金,業種,食料品,1d,1営業日,0,,,,サンプル不足
v4,avg_turnover_20d,20日平均売買代金,業種,食料品,3d,3営業日,0,,,,サンプル不足
v4,avg_turnover_20d,20日平均売買代金,業種,食料品,5d,5営業日,0,,,,サンプル不足
v4,avg_turnover_20d,20日平均売買代金,業種,食料品,10d,10営業日,0,,,,サンプル不足
v4,volume_ratio_20d,出来高比,全体,全体,1d,1営業日,1,-0.16945694569456943,-0.16945694569456943,0.0,サンプル不足
v4,volume_ratio_20d,出来高比,全体,全体,3d,3営業日,1,-0.12890489048904888,-0.12890489048904888,0.0,サンプル不足
v4,volume_ratio_20d,出来高比,全体,全体,5d,5営業日,1,-0.15915991599159912,-0.15915991599159912,0.0,サンプル不足
v4,volume_ratio_20d,出来高比,全体,全体,10d,10営業日,1,-0.024098409840984093,-0.024098409840984093,0.0,サンプル不足
v4,volume_ratio_20d,出来高比,業種,その他製品,1d,1営業日,0,,,,サンプル不足
v4,volume_ratio_20d,出来高比,業種,その他製品,3d,3営業日,0,,,,サンプル不足
v4,volume_ratio_20d,出来高比,業種,その他製品,5d,5営業日,0,,,,サンプル不足
v4,volume_ratio_20d,出来高比,業種,その他製品,10d,10営業日,0,,,,サンプル不足
v4,volume_ratio_20d,出来高比,業種,その他金融業,1d,1営業日,0,,,,サンプル不足
v4,volume_ratio_20d,出来高比,業種,その他金融業,3d,3営業日,0,,,,サンプル不足
v4,volume_ratio_20d,出来高比,業種,その他金融業,5d,5営業日,0,,,,サンプル不足
v4,volume_ratio_20d,出来高比,業種,その他金融業,10d,10営業日,0,,,,サンプル不足
v4,volume_ratio_20d,出来高比,業種,ガラス・土石製品,1d,1営業日,0,,,,サンプル不足
v4,volume_ratio_20d,出来高比,業種,ガラス・土石製品,3d,3営業日,0,,,,サンプル不足
v4,volume_ratio_20d,出来高比,業種,ガラス・土石製品,5d,5営業日,0,,,,サンプル不足
v4,volume_ratio_20d,出来高比,業種,ガラス・土石製品,10d,10営業日,0,,,,サンプル不足
v4,volume_ratio_20d,出来高比,業種,ゴム製品,1d,1営業日,0,,,,サンプル不足
v4,volume_ratio_20d,出来高比,業種,ゴム製品,3d,3営業日,0,,,,サンプル不足
v4,volume_ratio_20d,出来高比,業種,ゴム製品,5d,5営業日,0,,,,サンプル不足
v4,volume_ratio_20d,出来高比,業種,ゴム製品,10d,10営業日,0,,,,サンプル不足
v4,volume_ratio_20d,出来高比,業種,サービス業,1d,1営業日,1,-0.08571428571428573,-0.08571428571428573,0.0,サンプル不足
v4,volume_ratio_20d,出来高比,業種,サービス業,3d,3営業日,1,-0.08571428571428573,-0.08571428571428573,0.0,サンプル不足
v4,volume_ratio_20d,出来高比,業種,サービス業,5d,5営業日,1,-0.028571428571428574,-0.028571428571428574,0.0,サンプル不足
v4,volume_ratio_20d,出来高比,業種,サービス業,10d,10営業日,1,-0.14285714285714288,-0.14285714285714288,0.0,サンプル不足
v4,volume_ratio_20d,出来高比,業種,不動産業,1d,1営業日,0,,,,サンプル不足
v4,volume_ratio_20d,出来高比,業種,不動産業,3d,3営業日,0,,,,サンプル不足
v4,volume_ratio_20d,出来高比,業種,不動産業,5d,5営業日,0,,,,サンプル不足
v4,volume_ratio_20d,出来高比,業種,不動産業,10d,10営業日,0,,,,サンプル不足
v4,volume_ratio_20d,出来高比,業種,保険業,1d,1営業日,0,,,,サンプル不足
v4,volume_ratio_20d,出来高比,業種,保険業,3d,3営業日,0,,,,サンプル不足
v4,volume_ratio_20d,出来高比,業種,保険業,5d,5営業日,0,,,,サンプル不足
v4,volume_ratio_20d,出来高比,業種,保険業,10d,10営業日,0,,,,サンプル不足
v4,volume_ratio_20d,出来高比,業種,化学,1d,1営業日,1,-0.07142857142857142,-0.07142857142857142,0.0,サンプル不足
v4,volume_ratio_20d,出来高比,業種,化学,3d,3営業日,1,-0.42857142857142855,-0.42857142857142855,0.0,サンプル不足
v4,volume_ratio_20d,出来高比,業種,化学,5d,5営業日,1,-0.16483516483516483,-0.16483516483516483,0.0,サンプル不足
v4,volume_ratio_20d,出来高比,業種,化学,10d,10営業日,1,0.0934065934065934,0.0934065934065934,1.0,サンプル不足
v4,volume_ratio_20d,出来高比,業種,卸売業,1d,1営業日,0,,,,サンプル不足
v4,volume_ratio_20d,出来高比,業種,卸売業,3d,3営業日,0,,,,サンプル不足
v4,volume_ratio_20d,出来高比,業種,卸売業,5d,5営業日,0,,,,サンプル不足
v4,volume_ratio_20d,出来高比,業種,卸売業,10d,10営業日,0,,,,サンプル不足
v4,volume_ratio_20d,出来高比,業種,小売業,1d,1営業日,1,-0.5,-0.5,0.0,サンプル不足
v4,volume_ratio_20d,出来高比,業種,小売業,3d,3営業日,1,-0.5,-0.5,0.0,サンプル不足
v4,volume_ratio_20d,出来高比,業種,小売業,5d,5営業日,1,-0.5,-0.5,0.0,サンプル不足
v4,volume_ratio_20d,出来高比,業種,小売業,10d,10営業日,1,-1.0,-1.0,0.0,サンプル不足
v4,volume_ratio_20d,出来高比,業種,建設業,1d,1営業日,0,,,,サンプル不足
v4,volume_ratio_20d,出来高比,業種,建設業,3d,3営業日,0,,,,サンプル不足
v4,volume_ratio_20d,出来高比,業種,建設業,5d,5営業日,0,,,,サンプル不足
v4,volume_ratio_20d,出来高比,業種,建設業,10d,10営業日,0,,,,サンプル不足
v4,volume_ratio_20d,出来高比,業種,情報・通信業,1d,1営業日,1,-1.0,-1.0,0.0,サンプル不足
v4,volume_ratio_20d,出来高比,業種,情報・通信業,3d,3営業日,1,-0.5,-0.5,0.0,サンプル不足
v4,volume_ratio_20d,出来高比,業種,情報・通信業,5d,5営業日,1,0.5,0.5,1.0,サンプル不足
v4,volume_ratio_20d,出来高比,業種,情報・通信業,10d,10営業日,1,-1.0,-1.0,0.0,サンプル不足
v4,volume_ratio_20d,出来高比,業種,機械,1d,1営業日,1,-0.4090909090909091,-0.4090909090909091,0.0,サンプル不足
v4,volume_ratio_20d,出来高比,業種,機械,3d,3営業日,1,-0.12467532467532469,-0.12467532467532469,0.0,サンプル不足
v4,volume_ratio_20d,出来高比,業種,機械,5d,5営業日,1,-0.05454545454545454,-0.05454545454545454,0.0,サンプル不足
v4,volume_ratio_20d,出来高比,業種,機械,10d,10営業日,1,-0.3246753246753247,-0.3246753246753247,0.0,サンプル不足
v4,volume_ratio_20d,出来高比,業種,海運業,1d,1営業日,0,,,,サンプル不足
v4,volume_ratio_20d,出来高比,業種,海運業,3d,3営業日,0,,,,サンプル不足
v4,volume_ratio_20d,出来高比,業種,海運業,5d,5営業日,0,,,,サンプル不足
v4,volume_ratio_20d,出来高比,業種,海運業,10d,10営業日,0,,,,サンプル不足
v4,volume_ratio_20d,出来高比,業種,空運業,1d,1営業日,0,,,,サンプル不足
v4,volume_ratio_20d,出来高比,業種,空運業,3d,3営業日,0,,,,サンプル不足
v4,volume_ratio_20d,出来高比,業種,空運業,5d,5営業日,0,,,,サンプル不足
v4,volume_ratio_20d,出来高比,業種,空運業,10d,10営業日,0,,,,サンプル不足
v4,volume_ratio_20d,出来高比,業種,繊維製品,1d,1営業日,0,,,,サンプル不足
v4,volume_ratio_20d,出来高比,業種,繊維製品,3d,3営業日,0,,,,サンプル不足
v4,volume_ratio_20d,出来高比,業種,繊維製品,5d,5営業日,0,,,,サンプル不足
v4,volume_ratio_20d,出来高比,業種,繊維製品,10d,10営業日,0,,,,サンプル不足
v4,volume_ratio_20d,出来高比,業種,証券、商品先物取引業,1d,1営業日,0,,,,サンプル不足
v4,volume_ratio_20d,出来高比,業種,証券、商品先物取引業,3d,3営業日,0,,,,サンプル不足
v4,volume_ratio_20d,出来高比,業種,証券、商品先物取引業,5d,5営業日,0,,,,サンプル不足
v4,volume_ratio_20d,出来高比,業種,証券、商品先物取引業,10d,10営業日,0,,,,サンプル不足
v4,volume_ratio_20d,出来高比,業種,輸送用機器,1d,1営業日,1,-0.5,-0.5,0.0,サンプル不足
v4,volume_ratio_20d,出来高比,業種,輸送用機器,3d,3営業日,1,-0.5,-0.5,0.0,サンプル不足
v4,volume_ratio_20d,出来高比,業種,輸送用機器,5d,5営業日,1,-0.5,-0.5,0.0,サンプル不足
v4,volume_ratio_20d,出来高比,業種,輸送用機器,10d,10営業日,1,-1.0,-1.0,0.0,サンプル不足
v4,volume_ratio_20d,出来高比,業種,金属製品,1d,1営業日,1,0.5,0.5,1.0,サンプル不足
v4,volume_ratio_20d,出来高比,業種,金属製品,3d,3営業日,1,0.5,0.5,1.0,サンプル不足
v4,volume_ratio_20d,出来高比,業種,金属製品,5d,5営業日,1,-0.5,-0.5,0.0,サンプル不足
v4,volume_ratio_20d,出来高比,業種,金属製品,10d,10営業日,1,-0.5,-0.5,0.0,サンプル不足
v4,volume_ratio_20d,出来高比,業種,鉄鋼,1d,1営業日,0,,,,サンプル不足
v4,volume_ratio_20d,出来高比,業種,鉄鋼,3d,3営業日,0,,,,サンプル不足
v4,volume_ratio_20d,出来高比,業種,鉄鋼,5d,5営業日,0,,,,サンプル不足
v4,volume_ratio_20d,出来高比,業種,鉄鋼,10d,10営業日,0,,,,サンプル不足
v4,volume_ratio_20d,出来高比,業種,銀行業,1d,1営業日,1,0.3,0.3,1.0,サンプル不足
v4,volume_ratio_20d,出来高比,業種,銀行業,3d,3営業日,1,0.19999999999999998,0.19999999999999998,1.0,サンプル不足
v4,volume_ratio_20d,出来高比,業種,銀行業,5d,5営業日,1,-0.09999999999999999,-0.09999999999999999,0.0,サンプル不足
v4,volume_ratio_20d,出来高比,業種,銀行業,10d,10営業日,1,0.6,0.6,1.0,サンプル不足
v4,volume_ratio_20d,出来高比,業種,電気機器,1d,1営業日,1,-0.07622811970638058,-0.07622811970638058,0.0,サンプル不足
v4,volume_ratio_20d,出来高比,業種,電気機器,3d,3営業日,1,0.023150762281197064,0.023150762281197064,1.0,サンプル不足
v4,volume_ratio_20d,出来高比,業種,電気機器,5d,5営業日,1,-0.23884810841332585,-0.23884810841332585,0.0,サンプル不足
v4,volume_ratio_20d,出来高比,業種,電気機器,10d,10営業日,1,-0.017504234895539244,-0.017504234895539244,0.0,サンプル不足
v4,volume_ratio_20d,出来高比,業種,食料品,1d,1営業日,0,,,,サンプル不足
v4,volume_ratio_20d,出来高比,業種,食料品,3d,3営業日,0,,,,サンプル不足
v4,volume_ratio_20d,出来高比,業種,食料品,5d,5営業日,0,,,,サンプル不足
v4,volume_ratio_20d,出来高比,業種,食料品,10d,10営業日,0,,,,サンプル不足
v4,distance_high_120d,120日高値接近度,全体,全体,1d,1営業日,1,0.05138521073031149,0.05138521073031149,1.0,サンプル不足
v4,distance_high_120d,120日高値接近度,全体,全体,3d,3営業日,1,0.09897540827203907,0.09897540827203907,1.0,サンプル不足
v4,distance_high_120d,120日高値接近度,全体,全体,5d,5営業日,1,-0.0005186111270572877,-0.0005186111270572877,0.0,サンプル不足
v4,distance_high_120d,120日高値接近度,全体,全体,10d,10営業日,1,0.013508294532998061,0.013508294532998061,1.0,サンプル不足
v4,distance_high_120d,120日高値接近度,業種,その他製品,1d,1営業日,0,,,,サンプル不足
v4,distance_high_120d,120日高値接近度,業種,その他製品,3d,3営業日,0,,,,サンプル不足
v4,distance_high_120d,120日高値接近度,業種,その他製品,5d,5営業日,0,,,,サンプル不足
v4,distance_high_120d,120日高値接近度,業種,その他製品,10d,10営業日,0,,,,サンプル不足
v4,distance_high_120d,120日高値接近度,業種,その他金融業,1d,1営業日,0,,,,サンプル不足
v4,distance_high_120d,120日高値接近度,業種,その他金融業,3d,3営業日,0,,,,サンプル不足
v4,distance_high_120d,120日高値接近度,業種,その他金融業,5d,5営業日,0,,,,サンプル不足
v4,distance_high_120d,120日高値接近度,業種,その他金融業,10d,10営業日,0,,,,サンプル不足
v4,distance_high_120d,120日高値接近度,業種,ガラス・土石製品,1d,1営業日,0,,,,サンプル不足
v4,distance_high_120d,120日高値接近度,業種,ガラス・土石製品,3d,3営業日,0,,,,サンプル不足
v4,distance_high_120d,120日高値接近度,業種,ガラス・土石製品,5d,5営業日,0,,,,サンプル不足
v4,distance_high_120d,120日高値接近度,業種,ガラス・土石製品,10d,10営業日,0,,,,サンプル不足
v4,distance_high_120d,120日高値接近度,業種,ゴム製品,1d,1営業日,0,,,,サンプル不足
v4,distance_high_120d,120日高値接近度,業種,ゴム製品,3d,3営業日,0,,,,サンプル不足
v4,distance_high_120d,120日高値接近度,業種,ゴム製品,5d,5営業日,0,,,,サンプル不足
v4,distance_high_120d,120日高値接近度,業種,ゴム製品,10d,10営業日,0,,,,サンプル不足
v4,distance_high_120d,120日高値接近度,業種,サービス業,1d,1営業日,1,-0.028571428571428574,-0.028571428571428574,0.0,サンプル不足
v4,distance_high_120d,120日高値接近度,業種,サービス業,3d,3営業日,1,0.028571428571428574,0.028571428571428574,1.0,サンプル不足
v4,distance_high_120d,120日高値接近度,業種,サービス業,5d,5営業日,1,0.14285714285714288,0.14285714285714288,1.0,サンプル不足
v4,distance_high_120d,120日高値接近度,業種,サービス業,10d,10営業日,1,0.3142857142857143,0.3142857142857143,1.0,サンプル不足
v4,distance_high_120d,120日高値接近度,業種,不動産業,1d,1営業日,0,,,,サンプル不足
v4,distance_high_120d,120日高値接近度,業種,不動産業,3d,3営業日,0,,,,サンプル不足
v4,distance_high_120d,120日高値接近度,業種,不動産業,5d,5営業日,0,,,,サンプル不足
v4,distance_high_120d,120日高値接近度,業種,不動産業,10d,10営業日,0,,,,サンプル不足
v4,distance_high_120d,120日高値接近度,業種,保険業,1d,1営業日,0,,,,サンプル不足
v4,distance_high_120d,120日高値接近度,業種,保険業,3d,3営業日,0,,,,サンプル不足
v4,distance_high_120d,120日高値接近度,業種,保険業,5d,5営業日,0,,,,サンプル不足
v4,distance_high_120d,120日高値接近度,業種,保険業,10d,10営業日,0,,,,サンプル不足
v4,distance_high_120d,120日高値接近度,業種,化学,1d,1営業日,1,-0.36863858808008876,-0.36863858808008876,0.0,サンプル不足
v4,distance_high_120d,120日高値接近度,業種,化学,3d,3営業日,1,-0.654746148978068,-0.654746148978068,0.0,サンプル不足
v4,distance_high_120d,120日高値接近度,業種,化学,5d,5営業日,1,-0.36313651960128146,-0.36313651960128146,0.0,サンプル不足
v4,distance_high_120d,120日高値接近度,業種,化学,10d,10営業日,1,0.2613482527433465,0.2613482527433465,1.0,サンプル不足
v4,distance_high_120d,120日高値接近度,業種,卸売業,1d,1営業日,0,,,,サンプル不足
v4,distance_high_120d,120日高値接近度,業種,卸売業,3d,3営業日,0,,,,サンプル不足
v4,distance_high_120d,120日高値接近度,業種,卸売業,5d,5営業日,0,,,,サンプル不足
v4,distance_high_120d,120日高値接近度,業種,卸売業,10d,10営業日,0,,,,サンプル不足
v4,distance_high_120d,120日高値接近度,業種,小売業,1d,1営業日,1,-0.5,-0.5,0.0,サンプル不足
v4,distance_high_120d,120日高値接近度,業種,小売業,3d,3営業日,1,-0.5,-0.5,0.0,サンプル不足
v4,distance_high_120d,120日高値接近度,業種,小売業,5d,5営業日,1,-0.5,-0.5,0.0,サンプル不足
v4,distance_high_120d,120日高値接近度,業種,小売業,10d,10営業日,1,-1.0,-1.0,0.0,サンプル不足
v4,distance_high_120d,120日高値接近度,業種,建設業,1d,1営業日,0,,,,サンプル不足
v4,distance_high_120d,120日高値接近度,業種,建設業,3d,3営業日,0,,,,サンプル不足
v4,distance_high_120d,120日高値接近度,業種,建設業,5d,5営業日,0,,,,サンプル不足
v4,distance_high_120d,120日高値接近度,業種,建設業,10d,10営業日,0,,,,サンプル不足
v4,distance_high_120d,120日高値接近度,業種,情報・通信業,1d,1営業日,1,0.5,0.5,1.0,サンプル不足
v4,distance_high_120d,120日高値接近度,業種,情報・通信業,3d,3営業日,1,-0.5,-0.5,0.0,サンプル不足
v4,distance_high_120d,120日高値接近度,業種,情報・通信業,5d,5営業日,1,-1.0,-1.0,0.0,サンプル不足
v4,distance_high_120d,120日高値接近度,業種,情報・通信業,10d,10営業日,1,0.5,0.5,1.0,サンプル不足
v4,distance_high_120d,120日高値接近度,業種,機械,1d,1営業日,1,-0.030860669992418384,-0.030860669992418384,0.0,サンプル不足
v4,distance_high_120d,120日高値接近度,業種,機械,3d,3営業日,1,-0.05891582453098055,-0.05891582453098055,0.0,サンプル不足
v4,distance_high_120d,120日高値接近度,業種,機械,5d,5営業日,1,0.002805515453856217,0.002805515453856217,1.0,サンプル不足
v4,distance_high_120d,120日高値接近度,業種,機械,10d,10営業日,1,-0.1514978345082357,-0.1514978345082357,0.0,サンプル不足
v4,distance_high_120d,120日高値接近度,業種,海運業,1d,1営業日,0,,,,サンプル不足
v4,distance_high_120d,120日高値接近度,業種,海運業,3d,3営業日,0,,,,サンプル不足
v4,distance_high_120d,120日高値接近度,業種,海運業,5d,5営業日,0,,,,サンプル不足
v4,distance_high_120d,120日高値接近度,業種,海運業,10d,10営業日,0,,,,サンプル不足
v4,distance_high_120d,120日高値接近度,業種,空運業,1d,1営業日,0,,,,サンプル不足
v4,distance_high_120d,120日高値接近度,業種,空運業,3d,3営業日,0,,,,サンプル不足
v4,distance_high_120d,120日高値接近度,業種,空運業,5d,5営業日,0,,,,サンプル不足
v4,distance_high_120d,120日高値接近度,業種,空運業,10d,10営業日,0,,,,サンプル不足
v4,distance_high_120d,120日高値接近度,業種,繊維製品,1d,1営業日,0,,,,サンプル不足
v4,distance_high_120d,120日高値接近度,業種,繊維製品,3d,3営業日,0,,,,サンプル不足
v4,distance_high_120d,120日高値接近度,業種,繊維製品,5d,5営業日,0,,,,サンプル不足
v4,distance_high_120d,120日高値接近度,業種,繊維製品,10d,10営業日,0,,,,サンプル不足
v4,distance_high_120d,120日高値接近度,業種,証券、商品先物取引業,1d,1営業日,0,,,,サンプル不足
v4,distance_high_120d,120日高値接近度,業種,証券、商品先物取引業,3d,3営業日,0,,,,サンプル不足
v4,distance_high_120d,120日高値接近度,業種,証券、商品先物取引業,5d,5営業日,0,,,,サンプル不足
v4,distance_high_120d,120日高値接近度,業種,証券、商品先物取引業,10d,10営業日,0,,,,サンプル不足
v4,distance_high_120d,120日高値接近度,業種,輸送用機器,1d,1営業日,1,-0.5,-0.5,0.0,サンプル不足
v4,distance_high_120d,120日高値接近度,業種,輸送用機器,3d,3営業日,1,1.0,1.0,1.0,サンプル不足
v4,distance_high_120d,120日高値接近度,業種,輸送用機器,5d,5営業日,1,1.0,1.0,1.0,サンプル不足
v4,distance_high_120d,120日高値接近度,業種,輸送用機器,10d,10営業日,1,0.5,0.5,1.0,サンプル不足
v4,distance_high_120d,120日高値接近度,業種,金属製品,1d,1営業日,1,-0.5,-0.5,0.0,サンプル不足
v4,distance_high_120d,120日高値接近度,業種,金属製品,3d,3営業日,1,-0.5,-0.5,0.0,サンプル不足
v4,distance_high_120d,120日高値接近度,業種,金属製品,5d,5営業日,1,-1.0,-1.0,0.0,サンプル不足
v4,distance_high_120d,120日高値接近度,業種,金属製品,10d,10営業日,1,-1.0,-1.0,0.0,サンプル不足
v4,distance_high_120d,120日高値接近度,業種,鉄鋼,1d,1営業日,0,,,,サンプル不足
v4,distance_high_120d,120日高値接近度,業種,鉄鋼,3d,3営業日,0,,,,サンプル不足
v4,distance_high_120d,120日高値接近度,業種,鉄鋼,5d,5営業日,0,,,,サンプル不足
v4,distance_high_120d,120日高値接近度,業種,鉄鋼,10d,10営業日,0,,,,サンプル不足
v4,distance_high_120d,120日高値接近度,業種,銀行業,1d,1営業日,1,0.22360679774997894,0.22360679774997894,1.0,サンプル不足
v4,distance_high_120d,120日高値接近度,業種,銀行業,3d,3営業日,1,0.8944271909999157,0.8944271909999157,1.0,サンプル不足
v4,distance_high_120d,120日高値接近度,業種,銀行業,5d,5営業日,1,0.6708203932499368,0.6708203932499368,1.0,サンプル不足
v4,distance_high_120d,120日高値接近度,業種,銀行業,10d,10営業日,1,0.44721359549995787,0.44721359549995787,1.0,サンプル不足
v4,distance_high_120d,120日高値接近度,業種,電気機器,1d,1営業日,1,0.22641561010241712,0.22641561010241712,1.0,サンプル不足
v4,distance_high_120d,120日高値接近度,業種,電気機器,3d,3営業日,1,0.15683700951678767,0.15683700951678767,1.0,サンプル不足
v4,distance_high_120d,120日高値接近度,業種,電気機器,5d,5営業日,1,-0.11406327964857284,-0.11406327964857284,0.0,サンプル不足
v4,distance_high_120d,120日高値接近度,業種,電気機器,10d,10営業日,1,-0.23325940688133145,-0.23325940688133145,0.0,サンプル不足
v4,distance_high_120d,120日高値接近度,業種,食料品,1d,1営業日,0,,,,サンプル不足
v4,distance_high_120d,120日高値接近度,業種,食料品,3d,3営業日,0,,,,サンプル不足
v4,distance_high_120d,120日高値接近度,業種,食料品,5d,5営業日,0,,,,サンプル不足
v4,distance_high_120d,120日高値接近度,業種,食料品,10d,10営業日,0,,,,サンプル不足
v4,volatility_20d,20日変動率,全体,全体,1d,1営業日,1,0.05027302730273027,0.05027302730273027,1.0,サンプル不足
v4,volatility_20d,20日変動率,全体,全体,3d,3営業日,1,-0.23530753075307528,-0.23530753075307528,0.0,サンプル不足
v4,volatility_20d,20日変動率,全体,全体,5d,5営業日,1,-0.3777737773777377,-0.3777737773777377,0.0,サンプル不足
v4,volatility_20d,20日変動率,全体,全体,10d,10営業日,1,-0.048568856885688565,-0.048568856885688565,0.0,サンプル不足
v4,volatility_20d,20日変動率,業種,その他製品,1d,1営業日,0,,,,サンプル不足
v4,volatility_20d,20日変動率,業種,その他製品,3d,3営業日,0,,,,サンプル不足
v4,volatility_20d,20日変動率,業種,その他製品,5d,5営業日,0,,,,サンプル不足
v4,volatility_20d,20日変動率,業種,その他製品,10d,10営業日,0,,,,サンプル不足
v4,volatility_20d,20日変動率,業種,その他金融業,1d,1営業日,0,,,,サンプル不足
v4,volatility_20d,20日変動率,業種,その他金融業,3d,3営業日,0,,,,サンプル不足
v4,volatility_20d,20日変動率,業種,その他金融業,5d,5営業日,0,,,,サンプル不足
v4,volatility_20d,20日変動率,業種,その他金融業,10d,10営業日,0,,,,サンプル不足
v4,volatility_20d,20日変動率,業種,ガラス・土石製品,1d,1営業日,0,,,,サンプル不足
v4,volatility_20d,20日変動率,業種,ガラス・土石製品,3d,3営業日,0,,,,サンプル不足
v4,volatility_20d,20日変動率,業種,ガラス・土石製品,5d,5営業日,0,,,,サンプル不足
v4,volatility_20d,20日変動率,業種,ガラス・土石製品,10d,10営業日,0,,,,サンプル不足
v4,volatility_20d,20日変動率,業種,ゴム製品,1d,1営業日,0,,,,サンプル不足
v4,volatility_20d,20日変動率,業種,ゴム製品,3d,3営業日,0,,,,サンプル不足
v4,volatility_20d,20日変動率,業種,ゴム製品,5d,5営業日,0,,,,サンプル不足
v4,volatility_20d,20日変動率,業種,ゴム製品,10d,10営業日,0,,,,サンプル不足
v4,volatility_20d,20日変動率,業種,サービス業,1d,1営業日,1,0.6,0.6,1.0,サンプル不足
v4,volatility_20d,20日変動率,業種,サービス業,3d,3営業日,1,0.2571428571428572,0.2571428571428572,1.0,サンプル不足
v4,volatility_20d,20日変動率,業種,サービス業,5d,5営業日,1,0.2,0.2,1.0,サンプル不足
v4,volatility_20d,20日変動率,業種,サービス業,10d,10営業日,1,0.028571428571428574,0.028571428571428574,1.0,サンプル不足
v4,volatility_20d,20日変動率,業種,不動産業,1d,1営業日,0,,,,サンプル不足
v4,volatility_20d,20日変動率,業種,不動産業,3d,3営業日,0,,,,サンプル不足
v4,volatility_20d,20日変動率,業種,不動産業,5d,5営業日,0,,,,サンプル不足
v4,volatility_20d,20日変動率,業種,不動産業,10d,10営業日,0,,,,サンプル不足
v4,volatility_20d,20日変動率,業種,保険業,1d,1営業日,0,,,,サンプル不足
v4,volatility_20d,20日変動率,業種,保険業,3d,3営業日,0,,,,サンプル不足
v4,volatility_20d,20日変動率,業種,保険業,5d,5営業日,0,,,,サンプル不足
v4,volatility_20d,20日変動率,業種,保険業,10d,10営業日,0,,,,サンプル不足
v4,volatility_20d,20日変動率,業種,化学,1d,1営業日,1,-0.30769230769230765,-0.30769230769230765,0.0,サンプル不足
v4,volatility_20d,20日変動率,業種,化学,3d,3営業日,1,-0.6538461538461539,-0.6538461538461539,0.0,サンプル不足
v4,volatility_20d,20日変動率,業種,化学,5d,5営業日,1,-0.6098901098901099,-0.6098901098901099,0.0,サンプル不足
v4,volatility_20d,20日変動率,業種,化学,10d,10営業日,1,0.46703296703296704,0.46703296703296704,1.0,サンプル不足
v4,volatility_20d,20日変動率,業種,卸売業,1d,1営業日,0,,,,サンプル不足
v4,volatility_20d,20日変動率,業種,卸売業,3d,3営業日,0,,,,サンプル不足
v4,volatility_20d,20日変動率,業種,卸売業,5d,5営業日,0,,,,サンプル不足
v4,volatility_20d,20日変動率,業種,卸売業,10d,10営業日,0,,,,サンプル不足
v4,volatility_20d,20日変動率,業種,小売業,1d,1営業日,1,1.0,1.0,1.0,サンプル不足
v4,volatility_20d,20日変動率,業種,小売業,3d,3営業日,1,1.0,1.0,1.0,サンプル不足
v4,volatility_20d,20日変動率,業種,小売業,5d,5営業日,1,1.0,1.0,1.0,サンプル不足
v4,volatility_20d,20日変動率,業種,小売業,10d,10営業日,1,0.5,0.5,1.0,サンプル不足
v4,volatility_20d,20日変動率,業種,建設業,1d,1営業日,0,,,,サンプル不足
v4,volatility_20d,20日変動率,業種,建設業,3d,3営業日,0,,,,サンプル不足
v4,volatility_20d,20日変動率,業種,建設業,5d,5営業日,0,,,,サンプル不足
v4,volatility_20d,20日変動率,業種,建設業,10d,10営業日,0,,,,サンプル不足
v4,volatility_20d,20日変動率,業種,情報・通信業,1d,1営業日,1,-1.0,-1.0,0.0,サンプル不足
v4,volatility_20d,20日変動率,業種,情報・通信業,3d,3営業日,1,-0.5,-0.5,0.0,サンプル不足
v4,volatility_20d,20日変動率,業種,情報・通信業,5d,5営業日,1,0.5,0.5,1.0,サンプル不足
v4,volatility_20d,20日変動率,業種,情報・通信業,10d,10営業日,1,-1.0,-1.0,0.0,サンプル不足
v4,volatility_20d,20日変動率,業種,機械,1d,1営業日,1,-0.20909090909090908,-0.20909090909090908,0.0,サンプル不足
v4,volatility_20d,20日変動率,業種,機械,3d,3営業日,1,-0.503896103896104,-0.503896103896104,0.0,サンプル不足
v4,volatility_20d,20日変動率,業種,機械,5d,5営業日,1,-0.5025974025974026,-0.5025974025974026,0.0,サンプル不足
v4,volatility_20d,20日変動率,業種,機械,10d,10営業日,1,-0.22467532467532467,-0.22467532467532467,0.0,サンプル不足
v4,volatility_20d,20日変動率,業種,海運業,1d,1営業日,0,,,,サンプル不足
v4,volatility_20d,20日変動率,業種,海運業,3d,3営業日,0,,,,サンプル不足
v4,volatility_20d,20日変動率,業種,海運業,5d,5営業日,0,,,,サンプル不足
v4,volatility_20d,20日変動率,業種,海運業,10d,10営業日,0,,,,サンプル不足
v4,volatility_20d,20日変動率,業種,空運業,1d,1営業日,0,,,,サンプル不足
v4,volatility_20d,20日変動率,業種,空運業,3d,3営業日,0,,,,サンプル不足
v4,volatility_20d,20日変動率,業種,空運業,5d,5営業日,0,,,,サンプル不足
v4,volatility_20d,20日変動率,業種,空運業,10d,10営業日,0,,,,サンプル不足
v4,volatility_20d,20日変動率,業種,繊維製品,1d,1営業日,0,,,,サンプル不足
v4,volatility_20d,20日変動率,業種,繊維製品,3d,3営業日,0,,,,サンプル不足
v4,volatility_20d,20日変動率,業種,繊維製品,5d,5営業日,0,,,,サンプル不足
v4,volatility_20d,20日変動率,業種,繊維製品,10d,10営業日,0,,,,サンプル不足
v4,volatility_20d,20日変動率,業種,証券、商品先物取引業,1d,1営業日,0,,,,サンプル不足
v4,volatility_20d,20日変動率,業種,証券、商品先物取引業,3d,3営業日,0,,,,サンプル不足
v4,volatility_20d,20日変動率,業種,証券、商品先物取引業,5d,5営業日,0,,,,サンプル不足
v4,volatility_20d,20日変動率,業種,証券、商品先物取引業,10d,10営業日,0,,,,サンプル不足
v4,volatility_20d,20日変動率,業種,輸送用機器,1d,1営業日,1,0.5,0.5,1.0,サンプル不足
v4,volatility_20d,20日変動率,業種,輸送用機器,3d,3営業日,1,-1.0,-1.0,0.0,サンプル不足
v4,volatility_20d,20日変動率,業種,輸送用機器,5d,5営業日,1,-1.0,-1.0,0.0,サンプル不足
v4,volatility_20d,20日変動率,業種,輸送用機器,10d,10営業日,1,-0.5,-0.5,0.0,サンプル不足
v4,volatility_20d,20日変動率,業種,金属製品,1d,1営業日,1,0.5,0.5,1.0,サンプル不足
v4,volatility_20d,20日変動率,業種,金属製品,3d,3営業日,1,0.5,0.5,1.0,サンプル不足
v4,volatility_20d,20日変動率,業種,金属製品,5d,5営業日,1,1.0,1.0,1.0,サンプル不足
v4,volatility_20d,20日変動率,業種,金属製品,10d,10営業日,1,1.0,1.0,1.0,サンプル不足
v4,volatility_20d,20日変動率,業種,鉄鋼,1d,1営業日,0,,,,サンプル不足
v4,volatility_20d,20日変動率,業種,鉄鋼,3d,3営業日,0,,,,サンプル不足
v4,volatility_20d,20日変動率,業種,鉄鋼,5d,5営業日,0,,,,サンプル不足
v4,volatility_20d,20日変動率,業種,鉄鋼,10d,10営業日,0,,,,サンプル不足
v4,volatility_20d,20日変動率,業種,銀行業,1d,1営業日,1,0.09999999999999999,0.09999999999999999,1.0,サンプル不足
v4,volatility_20d,20日変動率,業種,銀行業,3d,3営業日,1,-0.6,-0.6,0.0,サンプル不足
v4,volatility_20d,20日変動率,業種,銀行業,5d,5営業日,1,-0.7,-0.7,0.0,サンプル不足
v4,volatility_20d,20日変動率,業種,銀行業,10d,10営業日,1,0.19999999999999998,0.19999999999999998,1.0,サンプル不足
v4,volatility_20d,20日変動率,業種,電気機器,1d,1営業日,1,0.0378317334839074,0.0378317334839074,1.0,サンプル不足
v4,volatility_20d,20日変動率,業種,電気機器,3d,3営業日,1,-0.24901185770750994,-0.24901185770750994,0.0,サンプル不足
v4,volatility_20d,20日変動率,業種,電気機器,5d,5営業日,1,-0.30321852060982496,-0.30321852060982496,0.0,サンプル不足
v4,volatility_20d,20日変動率,業種,電気機器,10d,10営業日,1,-0.059288537549407126,-0.059288537549407126,0.0,サンプル不足
v4,volatility_20d,20日変動率,業種,食料品,1d,1営業日,0,,,,サンプル不足
v4,volatility_20d,20日変動率,業種,食料品,3d,3営業日,0,,,,サンプル不足
v4,volatility_20d,20日変動率,業種,食料品,5d,5営業日,0,,,,サンプル不足
v4,volatility_20d,20日変動率,業種,食料品,10d,10営業日,0,,,,サンプル不足
v5,score,総合スコア,全体,全体,1d,1営業日,1,0.21433607661685614,0.21433607661685614,1.0,サンプル不足
v5,score,総合スコア,全体,全体,3d,3営業日,1,0.2510658597846877,0.2510658597846877,1.0,サンプル不足
v5,score,総合スコア,全体,全体,5d,5営業日,1,0.08595285314426068,0.08595285314426068,1.0,サンプル不足
v5,score,総合スコア,全体,全体,10d,10営業日,1,0.31161809666535895,0.31161809666535895,1.0,サンプル不足
v5,score,総合スコア,業種,その他金融業,1d,1営業日,0,,,,サンプル不足
v5,score,総合スコア,業種,その他金融業,3d,3営業日,0,,,,サンプル不足
v5,score,総合スコア,業種,その他金融業,5d,5営業日,0,,,,サンプル不足
v5,score,総合スコア,業種,その他金融業,10d,10営業日,0,,,,サンプル不足
v5,score,総合スコア,業種,ガラス・土石製品,1d,1営業日,1,0.19999999999999998,0.19999999999999998,1.0,サンプル不足
v5,score,総合スコア,業種,ガラス・土石製品,3d,3営業日,1,0.19999999999999998,0.19999999999999998,1.0,サンプル不足
v5,score,総合スコア,業種,ガラス・土石製品,5d,5営業日,1,0.39999999999999997,0.39999999999999997,1.0,サンプル不足
v5,score,総合スコア,業種,ガラス・土石製品,10d,10営業日,1,-0.39999999999999997,-0.39999999999999997,0.0,サンプル不足
v5,score,総合スコア,業種,サービス業,1d,1営業日,1,-0.08571428571428573,-0.08571428571428573,0.0,サンプル不足
v5,score,総合スコア,業種,サービス業,3d,3営業日,1,0.7714285714285715,0.7714285714285715,1.0,サンプル不足
v5,score,総合スコア,業種,サービス業,5d,5営業日,1,0.48571428571428577,0.48571428571428577,1.0,サンプル不足
v5,score,総合スコア,業種,サービス業,10d,10営業日,1,0.6,0.6,1.0,サンプル不足
v5,score,総合スコア,業種,パルプ・紙,1d,1営業日,0,,,,サンプル不足
v5,score,総合スコア,業種,パルプ・紙,3d,3営業日,0,,,,サンプル不足
v5,score,総合スコア,業種,パルプ・紙,5d,5営業日,0,,,,サンプル不足
v5,score,総合スコア,業種,パルプ・紙,10d,10営業日,0,,,,サンプル不足
v5,score,総合スコア,業種,不動産業,1d,1営業日,0,,,,サンプル不足
v5,score,総合スコア,業種,不動産業,3d,3営業日,0,,,,サンプル不足
v5,score,総合スコア,業種,不動産業,5d,5営業日,0,,,,サンプル不足
v5,score,総合スコア,業種,不動産業,10d,10営業日,0,,,,サンプル不足
v5,score,総合スコア,業種,保険業,1d,1営業日,0,,,,サンプル不足
v5,score,総合スコア,業種,保険業,3d,3営業日,0,,,,サンプル不足
v5,score,総合スコア,業種,保険業,5d,5営業日,0,,,,サンプル不足
v5,score,総合スコア,業種,保険業,10d,10営業日,0,,,,サンプル不足
v5,score,総合スコア,業種,化学,1d,1営業日,1,0.0,0.0,0.0,サンプル不足
v5,score,総合スコア,業種,化学,3d,3営業日,1,0.0,0.0,0.0,サンプル不足
v5,score,総合スコア,業種,化学,5d,5営業日,1,-0.25,-0.25,0.0,サンプル不足
v5,score,総合スコア,業種,化学,10d,10営業日,1,-0.5357142857142858,-0.5357142857142858,0.0,サンプル不足
v5,score,総合スコア,業種,卸売業,1d,1営業日,0,,,,サンプル不足
v5,score,総合スコア,業種,卸売業,3d,3営業日,0,,,,サンプル不足
v5,score,総合スコア,業種,卸売業,5d,5営業日,0,,,,サンプル不足
v5,score,総合スコア,業種,卸売業,10d,10営業日,0,,,,サンプル不足
v5,score,総合スコア,業種,小売業,1d,1営業日,1,1.0,1.0,1.0,サンプル不足
v5,score,総合スコア,業種,小売業,3d,3営業日,1,0.5,0.5,1.0,サンプル不足
v5,score,総合スコア,業種,小売業,5d,5営業日,1,0.5,0.5,1.0,サンプル不足
v5,score,総合スコア,業種,小売業,10d,10営業日,1,1.0,1.0,1.0,サンプル不足
v5,score,総合スコア,業種,建設業,1d,1営業日,0,,,,サンプル不足
v5,score,総合スコア,業種,建設業,3d,3営業日,0,,,,サンプル不足
v5,score,総合スコア,業種,建設業,5d,5営業日,0,,,,サンプル不足
v5,score,総合スコア,業種,建設業,10d,10営業日,0,,,,サンプル不足
v5,score,総合スコア,業種,情報・通信業,1d,1営業日,1,-0.7999999999999999,-0.7999999999999999,0.0,サンプル不足
v5,score,総合スコア,業種,情報・通信業,3d,3営業日,1,-0.7999999999999999,-0.7999999999999999,0.0,サンプル不足
v5,score,総合スコア,業種,情報・通信業,5d,5営業日,1,-0.49999999999999994,-0.49999999999999994,0.0,サンプル不足
v5,score,総合スコア,業種,情報・通信業,10d,10営業日,1,-0.3,-0.3,0.0,サンプル不足
v5,score,総合スコア,業種,機械,1d,1営業日,1,0.3021978021978022,0.3021978021978022,1.0,サンプル不足
v5,score,総合スコア,業種,機械,3d,3営業日,1,0.5824175824175823,0.5824175824175823,1.0,サンプル不足
v5,score,総合スコア,業種,機械,5d,5営業日,1,0.5494505494505494,0.5494505494505494,1.0,サンプル不足
v5,score,総合スコア,業種,機械,10d,10営業日,1,0.3681318681318681,0.3681318681318681,1.0,サンプル不足
v5,score,総合スコア,業種,精密機器,1d,1営業日,1,0.4642857142857144,0.4642857142857144,1.0,サンプル不足
v5,score,総合スコア,業種,精密機器,3d,3営業日,1,0.07142857142857144,0.07142857142857144,1.0,サンプル不足
v5,score,総合スコア,業種,精密機器,5d,5営業日,1,0.1785714285714286,0.1785714285714286,1.0,サンプル不足
v5,score,総合スコア,業種,精密機器,10d,10営業日,1,0.28571428571428575,0.28571428571428575,1.0,サンプル不足
v5,score,総合スコア,業種,証券、商品先物取引業,1d,1営業日,0,,,,サンプル不足
v5,score,総合スコア,業種,証券、商品先物取引業,3d,3営業日,0,,,,サンプル不足
v5,score,総合スコア,業種,証券、商品先物取引業,5d,5営業日,0,,,,サンプル不足
v5,score,総合スコア,業種,証券、商品先物取引業,10d,10営業日,0,,,,サンプル不足
v5,score,総合スコア,業種,輸送用機器,1d,1営業日,1,0.7999999999999999,0.7999999999999999,1.0,サンプル不足
v5,score,総合スコア,業種,輸送用機器,3d,3営業日,1,1.0,1.0,1.0,サンプル不足
v5,score,総合スコア,業種,輸送用機器,5d,5営業日,1,1.0,1.0,1.0,サンプル不足
v5,score,総合スコア,業種,輸送用機器,10d,10営業日,1,1.0,1.0,1.0,サンプル不足
v5,score,総合スコア,業種,金属製品,1d,1営業日,1,0.19999999999999998,0.19999999999999998,1.0,サンプル不足
v5,score,総合スコア,業種,金属製品,3d,3営業日,1,-0.39999999999999997,-0.39999999999999997,0.0,サンプル不足
v5,score,総合スコア,業種,金属製品,5d,5営業日,1,-0.39999999999999997,-0.39999999999999997,0.0,サンプル不足
v5,score,総合スコア,業種,金属製品,10d,10営業日,1,0.39999999999999997,0.39999999999999997,1.0,サンプル不足
v5,score,総合スコア,業種,鉄鋼,1d,1営業日,0,,,,サンプル不足
v5,score,総合スコア,業種,鉄鋼,3d,3営業日,0,,,,サンプル不足
v5,score,総合スコア,業種,鉄鋼,5d,5営業日,0,,,,サンプル不足
v5,score,総合スコア,業種,鉄鋼,10d,10営業日,0,,,,サンプル不足
v5,score,総合スコア,業種,銀行業,1d,1営業日,1,-0.9999999999999999,-0.9999999999999999,0.0,サンプル不足
v5,score,総合スコア,業種,銀行業,3d,3営業日,1,-0.9999999999999999,-0.9999999999999999,0.0,サンプル不足
v5,score,総合スコア,業種,銀行業,5d,5営業日,1,-0.8999999999999998,-0.8999999999999998,0.0,サンプル不足
v5,score,総合スコア,業種,銀行業,10d,10営業日,1,-0.19999999999999998,-0.19999999999999998,0.0,サンプル不足
v5,score,総合スコア,業種,電気・ガス業,1d,1営業日,0,,,,サンプル不足
v5,score,総合スコア,業種,電気・ガス業,3d,3営業日,0,,,,サンプル不足
v5,score,総合スコア,業種,電気・ガス業,5d,5営業日,0,,,,サンプル不足
v5,score,総合スコア,業種,電気・ガス業,10d,10営業日,0,,,,サンプル不足
v5,score,総合スコア,業種,電気機器,1d,1営業日,1,0.23846153846153845,0.23846153846153845,1.0,サンプル不足
v5,score,総合スコア,業種,電気機器,3d,3営業日,1,0.21000000000000002,0.21000000000000002,1.0,サンプル不足
v5,score,総合スコア,業種,電気機器,5d,5営業日,1,-0.07846153846153846,-0.07846153846153846,0.0,サンプル不足
v5,score,総合スコア,業種,電気機器,10d,10営業日,1,0.3153846153846154,0.3153846153846154,1.0,サンプル不足
v5,score,総合スコア,業種,非鉄金属,1d,1営業日,0,,,,サンプル不足
v5,score,総合スコア,業種,非鉄金属,3d,3営業日,0,,,,サンプル不足
v5,score,総合スコア,業種,非鉄金属,5d,5営業日,0,,,,サンプル不足
v5,score,総合スコア,業種,非鉄金属,10d,10営業日,0,,,,サンプル不足
v5,score,総合スコア,業種,食料品,1d,1営業日,0,,,,サンプル不足
v5,score,総合スコア,業種,食料品,3d,3営業日,0,,,,サンプル不足
v5,score,総合スコア,業種,食料品,5d,5営業日,0,,,,サンプル不足
v5,score,総合スコア,業種,食料品,10d,10営業日,0,,,,サンプル不足
v5,return_20d,20日モメンタム,全体,全体,1d,1営業日,1,0.11836783678367833,0.11836783678367833,1.0,サンプル不足
v5,return_20d,20日モメンタム,全体,全体,3d,3営業日,1,0.15813981398139812,0.15813981398139812,1.0,サンプル不足
v5,return_20d,20日モメンタム,全体,全体,5d,5営業日,1,0.0022922292229222924,0.0022922292229222924,1.0,サンプル不足
v5,return_20d,20日モメンタム,全体,全体,10d,10営業日,1,0.09878187818781876,0.09878187818781876,1.0,サンプル不足
v5,return_20d,20日モメンタム,業種,その他金融業,1d,1営業日,0,,,,サンプル不足
v5,return_20d,20日モメンタム,業種,その他金融業,3d,3営業日,0,,,,サンプル不足
v5,return_20d,20日モメンタム,業種,その他金融業,5d,5営業日,0,,,,サンプル不足
v5,return_20d,20日モメンタム,業種,その他金融業,10d,10営業日,0,,,,サンプル不足
v5,return_20d,20日モメンタム,業種,ガラス・土石製品,1d,1営業日,1,0.19999999999999998,0.19999999999999998,1.0,サンプル不足
v5,return_20d,20日モメンタム,業種,ガラス・土石製品,3d,3営業日,1,0.19999999999999998,0.19999999999999998,1.0,サンプル不足
v5,return_20d,20日モメンタム,業種,ガラス・土石製品,5d,5営業日,1,0.39999999999999997,0.39999999999999997,1.0,サンプル不足
v5,return_20d,20日モメンタム,業種,ガラス・土石製品,10d,10営業日,1,-0.39999999999999997,-0.39999999999999997,0.0,サンプル不足
v5,return_20d,20日モメンタム,業種,サービス業,1d,1営業日,1,-0.2,-0.2,0.0,サンプル不足
v5,return_20d,20日モメンタム,業種,サービス業,3d,3営業日,1,0.08571428571428573,0.08571428571428573,1.0,サンプル不足
v5,return_20d,20日モメンタム,業種,サービス業,5d,5営業日,1,-0.08571428571428573,-0.08571428571428573,0.0,サンプル不足
v5,return_20d,20日モメンタム,業種,サービス業,10d,10営業日,1,0.48571428571428577,0.48571428571428577,1.0,サンプル不足
v5,return_20d,20日モメンタム,業種,パルプ・紙,1d,1営業日,0,,,,サンプル不足
v5,return_20d,20日モメンタム,業種,パルプ・紙,3d,3営業日,0,,,,サンプル不足
v5,return_20d,20日モメンタム,業種,パルプ・紙,5d,5営業日,0,,,,サンプル不足
v5,return_20d,20日モメンタム,業種,パルプ・紙,10d,10営業日,0,,,,サンプル不足
v5,return_20d,20日モメンタム,業種,不動産業,1d,1営業日,0,,,,サンプル不足
v5,return_20d,20日モメンタム,業種,不動産業,3d,3営業日,0,,,,サンプル不足
v5,return_20d,20日モメンタム,業種,不動産業,5d,5営業日,0,,,,サンプル不足
v5,return_20d,20日モメンタム,業種,不動産業,10d,10営業日,0,,,,サンプル不足
v5,return_20d,20日モメンタム,業種,保険業,1d,1営業日,0,,,,サンプル不足
v5,return_20d,20日モメンタム,業種,保険業,3d,3営業日,0,,,,サンプル不足
v5,return_20d,20日モメンタム,業種,保険業,5d,5営業日,0,,,,サンプル不足
v5,return_20d,20日モメンタム,業種,保険業,10d,10営業日,0,,,,サンプル不足
v5,return_20d,20日モメンタム,業種,化学,1d,1営業日,1,0.14285714285714288,0.14285714285714288,1.0,サンプル不足
v5,return_20d,20日モメンタム,業種,化学,3d,3営業日,1,-0.03571428571428572,-0.03571428571428572,0.0,サンプル不足
v5,return_20d,20日モメンタム,業種,化学,5d,5営業日,1,-0.3214285714285715,-0.3214285714285715,0.0,サンプル不足
v5,return_20d,20日モメンタム,業種,化学,10d,10営業日,1,-0.39285714285714296,-0.39285714285714296,0.0,サンプル不足
v5,return_20d,20日モメンタム,業種,卸売業,1d,1営業日,0,,,,サンプル不足
v5,return_20d,20日モメンタム,業種,卸売業,3d,3営業日,0,,,,サンプル不足
v5,return_20d,20日モメンタム,業種,卸売業,5d,5営業日,0,,,,サンプル不足
v5,return_20d,20日モメンタム,業種,卸売業,10d,10営業日,0,,,,サンプル不足
v5,return_20d,20日モメンタム,業種,小売業,1d,1営業日,1,-0.5,-0.5,0.0,サンプル不足
v5,return_20d,20日モメンタム,業種,小売業,3d,3営業日,1,0.5,0.5,1.0,サンプル不足
v5,return_20d,20日モメンタム,業種,小売業,5d,5営業日,1,0.5,0.5,1.0,サンプル不足
v5,return_20d,20日モメンタム,業種,小売業,10d,10営業日,1,-0.5,-0.5,0.0,サンプル不足
v5,return_20d,20日モメンタム,業種,建設業,1d,1営業日,0,,,,サンプル不足
v5,return_20d,20日モメンタム,業種,建設業,3d,3営業日,0,,,,サンプル不足
v5,return_20d,20日モメンタム,業種,建設業,5d,5営業日,0,,,,サンプル不足
v5,return_20d,20日モメンタム,業種,建設業,10d,10営業日,0,,,,サンプル不足
v5,return_20d,20日モメンタム,業種,情報・通信業,1d,1営業日,1,-0.3,-0.3,0.0,サンプル不足
v5,return_20d,20日モメンタム,業種,情報・通信業,3d,3営業日,1,-0.3,-0.3,0.0,サンプル不足
v5,return_20d,20日モメンタム,業種,情報・通信業,5d,5営業日,1,-0.39999999999999997,-0.39999999999999997,0.0,サンプル不足
v5,return_20d,20日モメンタム,業種,情報・通信業,10d,10営業日,1,-0.7,-0.7,0.0,サンプル不足
v5,return_20d,20日モメンタム,業種,機械,1d,1営業日,1,0.13736263736263735,0.13736263736263735,1.0,サンプル不足
v5,return_20d,20日モメンタム,業種,機械,3d,3営業日,1,0.42857142857142855,0.42857142857142855,1.0,サンプル不足
v5,return_20d,20日モメンタム,業種,機械,5d,5営業日,1,0.5549450549450549,0.5549450549450549,1.0,サンプル不足
v5,return_20d,20日モメンタム,業種,機械,10d,10営業日,1,0.24725274725274726,0.24725274725274726,1.0,サンプル不足
v5,return_20d,20日モメンタム,業種,精密機器,1d,1営業日,1,0.6071428571428572,0.6071428571428572,1.0,サンプル不足
v5,return_20d,20日モメンタム,業種,精密機器,3d,3営業日,1,0.3571428571428572,0.3571428571428572,1.0,サンプル不足
v5,return_20d,20日モメンタム,業種,精密機器,5d,5営業日,1,0.39285714285714296,0.39285714285714296,1.0,サンプル不足
v5,return_20d,20日モメンタム,業種,精密機器,10d,10営業日,1,0.5714285714285715,0.5714285714285715,1.0,サンプル不足
v5,return_20d,20日モメンタム,業種,証券、商品先物取引業,1d,1営業日,0,,,,サンプル不足
v5,return_20d,20日モメンタム,業種,証券、商品先物取引業,3d,3営業日,0,,,,サンプル不足
v5,return_20d,20日モメンタム,業種,証券、商品先物取引業,5d,5営業日,0,,,,サンプル不足
v5,return_20d,20日モメンタム,業種,証券、商品先物取引業,10d,10営業日,0,,,,サンプル不足
v5,return_20d,20日モメンタム,業種,輸送用機器,1d,1営業日,1,0.39999999999999997,0.39999999999999997,1.0,サンプル不足
v5,return_20d,20日モメンタム,業種,輸送用機器,3d,3営業日,1,0.7999999999999999,0.7999999999999999,1.0,サンプル不足
v5,return_20d,20日モメンタム,業種,輸送用機器,5d,5営業日,1,0.7999999999999999,0.7999999999999999,1.0,サンプル不足
v5,return_20d,20日モメンタム,業種,輸送用機器,10d,10営業日,1,0.7999999999999999,0.7999999999999999,1.0,サンプル不足
v5,return_20d,20日モメンタム,業種,金属製品,1d,1営業日,1,0.19999999999999998,0.19999999999999998,1.0,サンプル不足
v5,return_20d,20日モメンタム,業種,金属製品,3d,3営業日,1,-0.39999999999999997,-0.39999999999999997,0.0,サンプル不足
v5,return_20d,20日モメンタム,業種,金属製品,5d,5営業日,1,-0.39999999999999997,-0.39999999999999997,0.0,サンプル不足
v5,return_20d,20日モメンタム,業種,金属製品,10d,10営業日,1,0.39999999999999997,0.39999999999999997,1.0,サンプル不足
v5,return_20d,20日モメンタム,業種,鉄鋼,1d,1営業日,0,,,,サンプル不足
v5,return_20d,20日モメンタム,業種,鉄鋼,3d,3営業日,0,,,,サンプル不足
v5,return_20d,20日モメンタム,業種,鉄鋼,5d,5営業日,0,,,,サンプル不足
v5,return_20d,20日モメンタム,業種,鉄鋼,10d,10営業日,0,,,,サンプル不足
v5,return_20d,20日モメンタム,業種,銀行業,1d,1営業日,1,-0.8999999999999998,-0.8999999999999998,0.0,サンプル不足
v5,return_20d,20日モメンタム,業種,銀行業,3d,3営業日,1,-0.8999999999999998,-0.8999999999999998,0.0,サンプル不足
v5,return_20d,20日モメンタム,業種,銀行業,5d,5営業日,1,-0.7,-0.7,0.0,サンプル不足
v5,return_20d,20日モメンタム,業種,銀行業,10d,10営業日,1,-0.09999999999999999,-0.09999999999999999,0.0,サンプル不足
v5,return_20d,20日モメンタム,業種,電気・ガス業,1d,1営業日,0,,,,サンプル不足
v5,return_20d,20日モメンタム,業種,電気・ガス業,3d,3営業日,0,,,,サンプル不足
v5,return_20d,20日モメンタム,業種,電気・ガス業,5d,5営業日,0,,,,サンプル不足
v5,return_20d,20日モメンタム,業種,電気・ガス業,10d,10営業日,0,,,,サンプル不足
v5,return_20d,20日モメンタム,業種,電気機器,1d,1営業日,1,0.16846153846153847,0.16846153846153847,1.0,サンプル不足
v5,return_20d,20日モメンタム,業種,電気機器,3d,3営業日,1,0.18923076923076923,0.18923076923076923,1.0,サンプル不足
v5,return_20d,20日モメンタム,業種,電気機器,5d,5営業日,1,-0.12461538461538461,-0.12461538461538461,0.0,サンプル不足
v5,return_20d,20日モメンタム,業種,電気機器,10d,10営業日,1,0.21846153846153843,0.21846153846153843,1.0,サンプル不足
v5,return_20d,20日モメンタム,業種,非鉄金属,1d,1営業日,0,,,,サンプル不足
v5,return_20d,20日モメンタム,業種,非鉄金属,3d,3営業日,0,,,,サンプル不足
v5,return_20d,20日モメンタム,業種,非鉄金属,5d,5営業日,0,,,,サンプル不足
v5,return_20d,20日モメンタム,業種,非鉄金属,10d,10営業日,0,,,,サンプル不足
v5,return_20d,20日モメンタム,業種,食料品,1d,1営業日,0,,,,サンプル不足
v5,return_20d,20日モメンタム,業種,食料品,3d,3営業日,0,,,,サンプル不足
v5,return_20d,20日モメンタム,業種,食料品,5d,5営業日,0,,,,サンプル不足
v5,return_20d,20日モメンタム,業種,食料品,10d,10営業日,0,,,,サンプル不足
v5,return_60d,60日モメンタム,全体,全体,1d,1営業日,1,0.18997899789978998,0.18997899789978998,1.0,サンプル不足
v5,return_60d,60日モメンタム,全体,全体,3d,3営業日,1,0.22145814581458143,0.22145814581458143,1.0,サンプル不足
v5,return_60d,60日モメンタム,全体,全体,5d,5営業日,1,-0.008472847284728472,-0.008472847284728472,0.0,サンプル不足
v5,return_60d,60日モメンタム,全体,全体,10d,10営業日,1,0.16717671767176717,0.16717671767176717,1.0,サンプル不足
v5,return_60d,60日モメンタム,業種,その他金融業,1d,1営業日,0,,,,サンプル不足
v5,return_60d,60日モメンタム,業種,その他金融業,3d,3営業日,0,,,,サンプル不足
v5,return_60d,60日モメンタム,業種,その他金融業,5d,5営業日,0,,,,サンプル不足
v5,return_60d,60日モメンタム,業種,その他金融業,10d,10営業日,0,,,,サンプル不足
v5,return_60d,60日モメンタム,業種,ガラス・土石製品,1d,1営業日,1,0.19999999999999998,0.19999999999999998,1.0,サンプル不足
v5,return_60d,60日モメンタム,業種,ガラス・土石製品,3d,3営業日,1,0.19999999999999998,0.19999999999999998,1.0,サンプル不足
v5,return_60d,60日モメンタム,業種,ガラス・土石製品,5d,5営業日,1,0.39999999999999997,0.39999999999999997,1.0,サンプル不足
v5,return_60d,60日モメンタム,業種,ガラス・土石製品,10d,10営業日,1,-0.39999999999999997,-0.39999999999999997,0.0,サンプル不足
v5,return_60d,60日モメンタム,業種,サービス業,1d,1営業日,1,0.2571428571428572,0.2571428571428572,1.0,サンプル不足
v5,return_60d,60日モメンタム,業種,サービス業,3d,3営業日,1,0.7714285714285715,0.7714285714285715,1.0,サンプル不足
v5,return_60d,60日モメンタム,業種,サービス業,5d,5営業日,1,0.942857142857143,0.942857142857143,1.0,サンプル不足
v5,return_60d,60日モメンタム,業種,サービス業,10d,10営業日,1,0.8285714285714287,0.8285714285714287,1.0,サンプル不足
v5,return_60d,60日モメンタム,業種,パルプ・紙,1d,1営業日,0,,,,サンプル不足
v5,return_60d,60日モメンタム,業種,パルプ・紙,3d,3営業日,0,,,,サンプル不足
v5,return_60d,60日モメンタム,業種,パルプ・紙,5d,5営業日,0,,,,サンプル不足
v5,return_60d,60日モメンタム,業種,パルプ・紙,10d,10営業日,0,,,,サンプル不足
v5,return_60d,60日モメンタム,業種,不動産業,1d,1営業日,0,,,,サンプル不足
v5,return_60d,60日モメンタム,業種,不動産業,3d,3営業日,0,,,,サンプル不足
v5,return_60d,60日モメンタム,業種,不動産業,5d,5営業日,0,,,,サンプル不足
v5,return_60d,60日モメンタム,業種,不動産業,10d,10営業日,0,,,,サンプル不足
v5,return_60d,60日モメンタム,業種,保険業,1d,1営業日,0,,,,サンプル不足
v5,return_60d,60日モメンタム,業種,保険業,3d,3営業日,0,,,,サンプル不足
v5,return_60d,60日モメンタム,業種,保険業,5d,5営業日,0,,,,サンプル不足
v5,return_60d,60日モメンタム,業種,保険業,10d,10営業日,0,,,,サンプル不足
v5,return_60d,60日モメンタム,業種,化学,1d,1営業日,1,0.1785714285714286,0.1785714285714286,1.0,サンプル不足
v5,return_60d,60日モメンタム,業種,化学,3d,3営業日,1,0.10714285714285716,0.10714285714285716,1.0,サンプル不足
v5,return_60d,60日モメンタム,業種,化学,5d,5営業日,1,-0.1785714285714286,-0.1785714285714286,0.0,サンプル不足
v5,return_60d,60日モメンタム,業種,化学,10d,10営業日,1,-0.3214285714285715,-0.3214285714285715,0.0,サンプル不足
v5,return_60d,60日モメンタム,業種,卸売業,1d,1営業日,0,,,,サンプル不足
v5,return_60d,60日モメンタム,業種,卸売業,3d,3営業日,0,,,,サンプル不足
v5,return_60d,60日モメンタム,業種,卸売業,5d,5営業日,0,,,,サンプル不足
v5,return_60d,60日モメンタム,業種,卸売業,10d,10営業日,0,,,,サンプル不足
v5,return_60d,60日モメンタム,業種,小売業,1d,1営業日,1,0.5,0.5,1.0,サンプル不足
v5,return_60d,60日モメンタム,業種,小売業,3d,3営業日,1,-0.5,-0.5,0.0,サンプル不足
v5,return_60d,60日モメンタム,業種,小売業,5d,5営業日,1,-0.5,-0.5,0.0,サンプル不足
v5,return_60d,60日モメンタム,業種,小売業,10d,10営業日,1,0.5,0.5,1.0,サンプル不足
v5,return_60d,60日モメンタム,業種,建設業,1d,1営業日,0,,,,サンプル不足
v5,return_60d,60日モメンタム,業種,建設業,3d,3営業日,0,,,,サンプル不足
v5,return_60d,60日モメンタム,業種,建設業,5d,5営業日,0,,,,サンプル不足
v5,return_60d,60日モメンタム,業種,建設業,10d,10営業日,0,,,,サンプル不足
v5,return_60d,60日モメンタム,業種,情報・通信業,1d,1営業日,1,-0.19999999999999998,-0.19999999999999998,0.0,サンプル不足
v5,return_60d,60日モメンタム,業種,情報・通信業,3d,3営業日,1,-0.19999999999999998,-0.19999999999999998,0.0,サンプル不足
v5,return_60d,60日モメンタム,業種,情報・通信業,5d,5営業日,1,-0.49999999999999994,-0.49999999999999994,0.0,サンプル不足
v5,return_60d,60日モメンタム,業種,情報・通信業,10d,10営業日,1,-0.7,-0.7,0.0,サンプル不足
v5,return_60d,60日モメンタム,業種,機械,1d,1営業日,1,0.3681318681318681,0.3681318681318681,1.0,サンプル不足
v5,return_60d,60日モメンタム,業種,機械,3d,3営業日,1,0.7142857142857143,0.7142857142857143,1.0,サンプル不足
v5,return_60d,60日モメンタム,業種,機械,5d,5営業日,1,0.6318681318681317,0.6318681318681317,1.0,サンプル不足
v5,return_60d,60日モメンタム,業種,機械,10d,10営業日,1,0.48901098901098894,0.48901098901098894,1.0,サンプル不足
v5,return_60d,60日モメンタム,業種,精密機器,1d,1営業日,1,-0.07142857142857144,-0.07142857142857144,0.0,サンプル不足
v5,return_60d,60日モメンタム,業種,精密機器,3d,3営業日,1,0.0,0.0,0.0,サンプル不足
v5,return_60d,60日モメンタム,業種,精密機器,5d,5営業日,1,0.14285714285714288,0.14285714285714288,1.0,サンプル不足
v5,return_60d,60日モメンタム,業種,精密機器,10d,10営業日,1,0.14285714285714288,0.14285714285714288,1.0,サンプル不足
v5,return_60d,60日モメンタム,業種,証券、商品先物取引業,1d,1営業日,0,,,,サンプル不足
v5,return_60d,60日モメンタム,業種,証券、商品先物取引業,3d,3営業日,0,,,,サンプル不足
v5,return_60d,60日モメンタム,業種,証券、商品先物取引業,5d,5営業日,0,,,,サンプル不足
v5,return_60d,60日モメンタム,業種,証券、商品先物取引業,10d,10営業日,0,,,,サンプル不足
v5,return_60d,60日モメンタム,業種,輸送用機器,1d,1営業日,1,-0.19999999999999998,-0.19999999999999998,0.0,サンプル不足
v5,return_60d,60日モメンタム,業種,輸送用機器,3d,3営業日,1,-0.39999999999999997,-0.39999999999999997,0.0,サンプル不足
v5,return_60d,60日モメンタム,業種,輸送用機器,5d,5営業日,1,-0.39999999999999997,-0.39999999999999997,0.0,サンプル不足
v5,return_60d,60日モメンタム,業種,輸送用機器,10d,10営業日,1,-0.39999999999999997,-0.39999999999999997,0.0,サンプル不足
v5,return_60d,60日モメンタム,業種,金属製品,1d,1営業日,1,0.7999999999999999,0.7999999999999999,1.0,サンプル不足
v5,return_60d,60日モメンタム,業種,金属製品,3d,3営業日,1,0.39999999999999997,0.39999999999999997,1.0,サンプル不足
v5,return_60d,60日モメンタム,業種,金属製品,5d,5営業日,1,0.39999999999999997,0.39999999999999997,1.0,サンプル不足
v5,return_60d,60日モメンタム,業種,金属製品,10d,10営業日,1,1.0,1.0,1.0,サンプル不足
v5,return_60d,60日モメンタム,業種,鉄鋼,1d,1営業日,0,,,,サンプル不足
v5,return_60d,60日モメンタム,業種,鉄鋼,3d,3営業日,0,,,,サンプル不足
v5,return_60d,60日モメンタム,業種,鉄鋼,5d,5営業日,0,,,,サンプル不足
v5,return_60d,60日モメンタム,業種,鉄鋼,10d,10営業日,0,,,,サンプル不足
v5,return_60d,60日モメンタム,業種,銀行業,1d,1営業日,1,-0.8999999999999998,-0.8999999999999998,0.0,サンプル不足
v5,return_60d,60日モメンタム,業種,銀行業,3d,3営業日,1,-0.8999999999999998,-0.8999999999999998,0.0,サンプル不足
v5,return_60d,60日モメンタム,業種,銀行業,5d,5営業日,1,-0.7,-0.7,0.0,サンプル不足
v5,return_60d,60日モメンタム,業種,銀行業,10d,10営業日,1,-0.09999999999999999,-0.09999999999999999,0.0,サンプル不足
v5,return_60d,60日モメンタム,業種,電気・ガス業,1d,1営業日,0,,,,サンプル不足
v5,return_60d,60日モメンタム,業種,電気・ガス業,3d,3営業日,0,,,,サンプル不足
v5,return_60d,60日モメンタム,業種,電気・ガス業,5d,5営業日,0,,,,サンプル不足
v5,return_60d,60日モメンタム,業種,電気・ガス業,10d,10営業日,0,,,,サンプル不足
v5,return_60d,60日モメンタム,業種,電気機器,1d,1営業日,1,0.1392307692307692,0.1392307692307692,1.0,サンプル不足
v5,return_60d,60日モメンタム,業種,電気機器,3d,3営業日,1,0.16153846153846155,0.16153846153846155,1.0,サンプル不足
v5,return_60d,60日モメンタム,業種,電気機器,5d,5営業日,1,-0.1623076923076923,-0.1623076923076923,0.0,サンプル不足
v5,return_60d,60日モメンタム,業種,電気機器,10d,10営業日,1,0.1723076923076923,0.1723076923076923,1.0,サンプル不足
v5,return_60d,60日モメンタム,業種,非鉄金属,1d,1営業日,0,,,,サンプル不足
v5,return_60d,60日モメンタム,業種,非鉄金属,3d,3営業日,0,,,,サンプル不足
v5,return_60d,60日モメンタム,業種,非鉄金属,5d,5営業日,0,,,,サンプル不足
v5,return_60d,60日モメンタム,業種,非鉄金属,10d,10営業日,0,,,,サンプル不足
v5,return_60d,60日モメンタム,業種,食料品,1d,1営業日,0,,,,サンプル不足
v5,return_60d,60日モメンタム,業種,食料品,3d,3営業日,0,,,,サンプル不足
v5,return_60d,60日モメンタム,業種,食料品,5d,5営業日,0,,,,サンプル不足
v5,return_60d,60日モメンタム,業種,食料品,10d,10営業日,0,,,,サンプル不足
v5,return_120d,120日モメンタム,全体,全体,1d,1営業日,1,0.24517251725172515,0.24517251725172515,1.0,サンプル不足
v5,return_120d,120日モメンタム,全体,全体,3d,3営業日,1,0.39912391239123907,0.39912391239123907,1.0,サンプル不足
v5,return_120d,120日モメンタム,全体,全体,5d,5営業日,1,0.09857785778577859,0.09857785778577859,1.0,サンプル不足
v5,return_120d,120日モメンタム,全体,全体,10d,10営業日,1,0.15372337233723368,0.15372337233723368,1.0,サンプル不足
v5,return_120d,120日モメンタム,業種,その他金融業,1d,1営業日,0,,,,サンプル不足
v5,return_120d,120日モメンタム,業種,その他金融業,3d,3営業日,0,,,,サンプル不足
v5,return_120d,120日モメンタム,業種,その他金融業,5d,5営業日,0,,,,サンプル不足
v5,return_120d,120日モメンタム,業種,その他金融業,10d,10営業日,0,,,,サンプル不足
v5,return_120d,120日モメンタム,業種,ガラス・土石製品,1d,1営業日,1,0.7999999999999999,0.7999999999999999,1.0,サンプル不足
v5,return_120d,120日モメンタム,業種,ガラス・土石製品,3d,3営業日,1,0.7999999999999999,0.7999999999999999,1.0,サンプル不足
v5,return_120d,120日モメンタム,業種,ガラス・土石製品,5d,5営業日,1,1.0,1.0,1.0,サンプル不足
v5,return_120d,120日モメンタム,業種,ガラス・土石製品,10d,10営業日,1,-0.39999999999999997,-0.39999999999999997,0.0,サンプル不足
v5,return_120d,120日モメンタム,業種,サービス業,1d,1営業日,1,0.08571428571428573,0.08571428571428573,1.0,サンプル不足
v5,return_120d,120日モメンタム,業種,サービス業,3d,3営業日,1,0.7714285714285715,0.7714285714285715,1.0,サンプル不足
v5,return_120d,120日モメンタム,業種,サービス業,5d,5営業日,1,0.7714285714285715,0.7714285714285715,1.0,サンプル不足
v5,return_120d,120日モメンタム,業種,サービス業,10d,10営業日,1,0.3142857142857143,0.3142857142857143,1.0,サンプル不足
v5,return_120d,120日モメンタム,業種,パルプ・紙,1d,1営業日,0,,,,サンプル不足
v5,return_120d,120日モメンタム,業種,パルプ・紙,3d,3営業日,0,,,,サンプル不足
v5,return_120d,120日モメンタム,業種,パルプ・紙,5d,5営業日,0,,,,サンプル不足
v5,return_120d,120日モメンタム,業種,パルプ・紙,10d,10営業日,0,,,,サンプル不足
v5,return_120d,120日モメンタム,業種,不動産業,1d,1営業日,0,,,,サンプル不足
v5,return_120d,120日モメンタム,業種,不動産業,3d,3営業日,0,,,,サンプル不足
v5,return_120d,120日モメンタム,業種,不動産業,5d,5営業日,0,,,,サンプル不足
v5,return_120d,120日モメンタム,業種,不動産業,10d,10営業日,0,,,,サンプル不足
v5,return_120d,120日モメンタム,業種,保険業,1d,1営業日,0,,,,サンプル不足
v5,return_120d,120日モメンタム,業種,保険業,3d,3営業日,0,,,,サンプル不足
v5,return_120d,120日モメンタム,業種,保険業,5d,5営業日,0,,,,サンプル不足
v5,return_120d,120日モメンタム,業種,保険業,10d,10営業日,0,,,,サンプル不足
v5,return_120d,120日モメンタム,業種,化学,1d,1営業日,1,0.3214285714285715,0.3214285714285715,1.0,サンプル不足
v5,return_120d,120日モメンタム,業種,化学,3d,3営業日,1,0.3571428571428572,0.3571428571428572,1.0,サンプル不足
v5,return_120d,120日モメンタム,業種,化学,5d,5営業日,1,-0.10714285714285716,-0.10714285714285716,0.0,サンプル不足
v5,return_120d,120日モメンタム,業種,化学,10d,10営業日,1,-0.4642857142857144,-0.4642857142857144,0.0,サンプル不足
v5,return_120d,120日モメンタム,業種,卸売業,1d,1営業日,0,,,,サンプル不足
v5,return_120d,120日モメンタム,業種,卸売業,3d,3営業日,0,,,,サンプル不足
v5,return_120d,120日モメンタム,業種,卸売業,5d,5営業日,0,,,,サンプル不足
v5,return_120d,120日モメンタム,業種,卸売業,10d,10営業日,0,,,,サンプル不足
v5,return_120d,120日モメンタム,業種,小売業,1d,1営業日,1,1.0,1.0,1.0,サンプル不足
v5,return_120d,120日モメンタム,業種,小売業,3d,3営業日,1,0.5,0.5,1.0,サンプル不足
v5,return_120d,120日モメンタム,業種,小売業,5d,5営業日,1,0.5,0.5,1.0,サンプル不足
v5,return_120d,120日モメンタム,業種,小売業,10d,10営業日,1,1.0,1.0,1.0,サンプル不足
v5,return_120d,120日モメンタム,業種,建設業,1d,1営業日,0,,,,サンプル不足
v5,return_120d,120日モメンタム,業種,建設業,3d,3営業日,0,,,,サンプル不足
v5,return_120d,120日モメンタム,業種,建設業,5d,5営業日,0,,,,サンプル不足
v5,return_120d,120日モメンタム,業種,建設業,10d,10営業日,0,,,,サンプル不足
v5,return_120d,120日モメンタム,業種,情報・通信業,1d,1営業日,1,-0.39999999999999997,-0.39999999999999997,0.0,サンプル不足
v5,return_120d,120日モメンタム,業種,情報・通信業,3d,3営業日,1,-0.39999999999999997,-0.39999999999999997,0.0,サンプル不足
v5,return_120d,120日モメンタム,業種,情報・通信業,5d,5営業日,1,-0.3,-0.3,0.0,サンプル不足
v5,return_120d,120日モメンタム,業種,情報・通信業,10d,10営業日,1,-0.09999999999999999,-0.09999999999999999,0.0,サンプル不足
v5,return_120d,120日モメンタム,業種,機械,1d,1営業日,1,0.12637362637362637,0.12637362637362637,1.0,サンプル不足
v5,return_120d,120日モメンタム,業種,機械,3d,3営業日,1,0.5549450549450549,0.5549450549450549,1.0,サンプル不足
v5,return_120d,120日モメンタム,業種,機械,5d,5営業日,1,0.5384615384615384,0.5384615384615384,1.0,サンプル不足
v5,return_120d,120日モメンタム,業種,機械,10d,10営業日,1,0.4725274725274725,0.4725274725274725,1.0,サンプル不足
v5,return_120d,120日モメンタム,業種,精密機器,1d,1営業日,1,0.14285714285714288,0.14285714285714288,1.0,サンプル不足
v5,return_120d,120日モメンタム,業種,精密機器,3d,3営業日,1,0.4642857142857144,0.4642857142857144,1.0,サンプル不足
v5,return_120d,120日モメンタム,業種,精密機器,5d,5営業日,1,0.42857142857142866,0.42857142857142866,1.0,サンプル不足
v5,return_120d,120日モメンタム,業種,精密機器,10d,10営業日,1,0.6785714285714287,0.6785714285714287,1.0,サンプル不足
v5,return_120d,120日モメンタム,業種,証券、商品先物取引業,1d,1営業日,0,,,,サンプル不足
v5,return_120d,120日モメンタム,業種,証券、商品先物取引業,3d,3営業日,0,,,,サンプル不足
v5,return_120d,120日モメンタム,業種,証券、商品先物取引業,5d,5営業日,0,,,,サンプル不足
v5,return_120d,120日モメンタム,業種,証券、商品先物取引業,10d,10営業日,0,,,,サンプル不足
v5,return_120d,120日モメンタム,業種,輸送用機器,1d,1営業日,1,0.39999999999999997,0.39999999999999997,1.0,サンプル不足
v5,return_120d,120日モメンタム,業種,輸送用機器,3d,3営業日,1,0.0,0.0,0.0,サンプル不足
v5,return_120d,120日モメンタム,業種,輸送用機器,5d,5営業日,1,0.0,0.0,0.0,サンプル不足
v5,return_120d,120日モメンタム,業種,輸送用機器,10d,10営業日,1,0.0,0.0,0.0,サンプル不足
v5,return_120d,120日モメンタム,業種,金属製品,1d,1営業日,1,0.39999999999999997,0.39999999999999997,1.0,サンプル不足
v5,return_120d,120日モメンタム,業種,金属製品,3d,3営業日,1,0.19999999999999998,0.19999999999999998,1.0,サンプル不足
v5,return_120d,120日モメンタム,業種,金属製品,5d,5営業日,1,0.19999999999999998,0.19999999999999998,1.0,サンプル不足
v5,return_120d,120日モメンタム,業種,金属製品,10d,10営業日,1,0.7999999999999999,0.7999999999999999,1.0,サンプル不足
v5,return_120d,120日モメンタム,業種,鉄鋼,1d,1営業日,0,,,,サンプル不足
v5,return_120d,120日モメンタム,業種,鉄鋼,3d,3営業日,0,,,,サンプル不足
v5,return_120d,120日モメンタム,業種,鉄鋼,5d,5営業日,0,,,,サンプル不足
v5,return_120d,120日モメンタム,業種,鉄鋼,10d,10営業日,0,,,,サンプル不足
v5,return_120d,120日モメンタム,業種,銀行業,1d,1営業日,1,0.3,0.3,1.0,サンプル不足
v5,return_120d,120日モメンタム,業種,銀行業,3d,3営業日,1,0.3,0.3,1.0,サンプル不足
v5,return_120d,120日モメンタム,業種,銀行業,5d,5営業日,1,0.09999999999999999,0.09999999999999999,1.0,サンプル不足
v5,return_120d,120日モメンタム,業種,銀行業,10d,10営業日,1,-0.7,-0.7,0.0,サンプル不足
v5,return_120d,120日モメンタム,業種,電気・ガス業,1d,1営業日,0,,,,サンプル不足
v5,return_120d,120日モメンタム,業種,電気・ガス業,3d,3営業日,0,,,,サンプル不足
v5,return_120d,120日モメンタム,業種,電気・ガス業,5d,5営業日,0,,,,サンプル不足
v5,return_120d,120日モメンタム,業種,電気・ガス業,10d,10営業日,0,,,,サンプル不足
v5,return_120d,120日モメンタム,業種,電気機器,1d,1営業日,1,0.2923076923076923,0.2923076923076923,1.0,サンプル不足
v5,return_120d,120日モメンタム,業種,電気機器,3d,3営業日,1,0.19615384615384615,0.19615384615384615,1.0,サンプル不足
v5,return_120d,120日モメンタム,業種,電気機器,5d,5営業日,1,-0.1176923076923077,-0.1176923076923077,0.0,サンプル不足
v5,return_120d,120日モメンタム,業種,電気機器,10d,10営業日,1,0.19384615384615386,0.19384615384615386,1.0,サンプル不足
v5,return_120d,120日モメンタム,業種,非鉄金属,1d,1営業日,0,,,,サンプル不足
v5,return_120d,120日モメンタム,業種,非鉄金属,3d,3営業日,0,,,,サンプル不足
v5,return_120d,120日モメンタム,業種,非鉄金属,5d,5営業日,0,,,,サンプル不足
v5,return_120d,120日モメンタム,業種,非鉄金属,10d,10営業日,0,,,,サンプル不足
v5,return_120d,120日モメンタム,業種,食料品,1d,1営業日,0,,,,サンプル不足
v5,return_120d,120日モメンタム,業種,食料品,3d,3営業日,0,,,,サンプル不足
v5,return_120d,120日モメンタム,業種,食料品,5d,5営業日,0,,,,サンプル不足
v5,return_120d,120日モメンタム,業種,食料品,10d,10営業日,0,,,,サンプル不足
v5,distance_ma20,20日移動平均乖離,全体,全体,1d,1営業日,1,-0.006024602460246023,-0.006024602460246023,0.0,サンプル不足
v5,distance_ma20,20日移動平均乖離,全体,全体,3d,3営業日,1,0.03341134113411341,0.03341134113411341,1.0,サンプル不足
v5,distance_ma20,20日移動平均乖離,全体,全体,5d,5営業日,1,-0.08348034803480348,-0.08348034803480348,0.0,サンプル不足
v5,distance_ma20,20日移動平均乖離,全体,全体,10d,10営業日,1,0.10001800180018001,0.10001800180018001,1.0,サンプル不足
v5,distance_ma20,20日移動平均乖離,業種,その他金融業,1d,1営業日,0,,,,サンプル不足
v5,distance_ma20,20日移動平均乖離,業種,その他金融業,3d,3営業日,0,,,,サンプル不足
v5,distance_ma20,20日移動平均乖離,業種,その他金融業,5d,5営業日,0,,,,サンプル不足
v5,distance_ma20,20日移動平均乖離,業種,その他金融業,10d,10営業日,0,,,,サンプル不足
v5,distance_ma20,20日移動平均乖離,業種,ガラス・土石製品,1d,1営業日,1,0.19999999999999998,0.19999999999999998,1.0,サンプル不足
v5,distance_ma20,20日移動平均乖離,業種,ガラス・土石製品,3d,3営業日,1,0.19999999999999998,0.19999999999999998,1.0,サンプル不足
v5,distance_ma20,20日移動平均乖離,業種,ガラス・土石製品,5d,5営業日,1,0.39999999999999997,0.39999999999999997,1.0,サンプル不足
v5,distance_ma20,20日移動平均乖離,業種,ガラス・土石製品,10d,10営業日,1,-0.39999999999999997,-0.39999999999999997,0.0,サンプル不足
v5,distance_ma20,20日移動平均乖離,業種,サービス業,1d,1営業日,1,-0.48571428571428577,-0.48571428571428577,0.0,サンプル不足
v5,distance_ma20,20日移動平均乖離,業種,サービス業,3d,3営業日,1,-0.2,-0.2,0.0,サンプル不足
v5,distance_ma20,20日移動平均乖離,業種,サービス業,5d,5営業日,1,-0.6,-0.6,0.0,サンプル不足
v5,distance_ma20,20日移動平均乖離,業種,サービス業,10d,10営業日,1,-0.48571428571428577,-0.48571428571428577,0.0,サンプル不足
v5,distance_ma20,20日移動平均乖離,業種,パルプ・紙,1d,1営業日,0,,,,サンプル不足
v5,distance_ma20,20日移動平均乖離,業種,パルプ・紙,3d,3営業日,0,,,,サンプル不足
v5,distance_ma20,20日移動平均乖離,業種,パルプ・紙,5d,5営業日,0,,,,サンプル不足
v5,distance_ma20,20日移動平均乖離,業種,パルプ・紙,10d,10営業日,0,,,,サンプル不足
v5,distance_ma20,20日移動平均乖離,業種,不動産業,1d,1営業日,0,,,,サンプル不足
v5,distance_ma20,20日移動平均乖離,業種,不動産業,3d,3営業日,0,,,,サンプル不足
v5,distance_ma20,20日移動平均乖離,業種,不動産業,5d,5営業日,0,,,,サンプル不足
v5,distance_ma20,20日移動平均乖離,業種,不動産業,10d,10営業日,0,,,,サンプル不足
v5,distance_ma20,20日移動平均乖離,業種,保険業,1d,1営業日,0,,,,サンプル不足
v5,distance_ma20,20日移動平均乖離,業種,保険業,3d,3営業日,0,,,,サンプル不足
v5,distance_ma20,20日移動平均乖離,業種,保険業,5d,5営業日,0,,,,サンプル不足
v5,distance_ma20,20日移動平均乖離,業種,保険業,10d,10営業日,0,,,,サンプル不足
v5,distance_ma20,20日移動平均乖離,業種,化学,1d,1営業日,1,-0.25,-0.25,0.0,サンプル不足
v5,distance_ma20,20日移動平均乖離,業種,化学,3d,3営業日,1,-0.42857142857142866,-0.42857142857142866,0.0,サンプル不足
v5,distance_ma20,20日移動平均乖離,業種,化学,5d,5営業日,1,-0.5357142857142858,-0.5357142857142858,0.0,サンプル不足
v5,distance_ma20,20日移動平均乖離,業種,化学,10d,10営業日,1,-0.8214285714285715,-0.8214285714285715,0.0,サンプル不足
v5,distance_ma20,20日移動平均乖離,業種,卸売業,1d,1営業日,0,,,,サンプル不足
v5,distance_ma20,20日移動平均乖離,業種,卸売業,3d,3営業日,0,,,,サンプル不足
v5,distance_ma20,20日移動平均乖離,業種,卸売業,5d,5営業日,0,,,,サンプル不足
v5,distance_ma20,20日移動平均乖離,業種,卸売業,10d,10営業日,0,,,,サンプル不足
v5,distance_ma20,20日移動平均乖離,業種,小売業,1d,1営業日,1,-0.5,-0.5,0.0,サンプル不足
v5,distance_ma20,20日移動平均乖離,業種,小売業,3d,3営業日,1,0.5,0.5,1.0,サンプル不足
v5,distance_ma20,20日移動平均乖離,業種,小売業,5d,5営業日,1,0.5,0.5,1.0,サンプル不足
v5,distance_ma20,20日移動平均乖離,業種,小売業,10d,10営業日,1,-0.5,-0.5,0.0,サンプル不足
v5,distance_ma20,20日移動平均乖離,業種,建設業,1d,1営業日,0,,,,サンプル不足
v5,distance_ma20,20日移動平均乖離,業種,建設業,3d,3営業日,0,,,,サンプル不足
v5,distance_ma20,20日移動平均乖離,業種,建設業,5d,5営業日,0,,,,サンプル不足
v5,distance_ma20,20日移動平均乖離,業種,建設業,10d,10営業日,0,,,,サンプル不足
v5,distance_ma20,20日移動平均乖離,業種,情報・通信業,1d,1営業日,1,-0.8999999999999998,-0.8999999999999998,0.0,サンプル不足
v5,distance_ma20,20日移動平均乖離,業種,情報・通信業,3d,3営業日,1,-0.8999999999999998,-0.8999999999999998,0.0,サンプル不足
v5,distance_ma20,20日移動平均乖離,業種,情報・通信業,5d,5営業日,1,-0.7,-0.7,0.0,サンプル不足
v5,distance_ma20,20日移動平均乖離,業種,情報・通信業,10d,10営業日,1,-0.6,-0.6,0.0,サンプル不足
v5,distance_ma20,20日移動平均乖離,業種,機械,1d,1営業日,1,0.1043956043956044,0.1043956043956044,1.0,サンプル不足
v5,distance_ma20,20日移動平均乖離,業種,機械,3d,3営業日,1,0.049450549450549455,0.049450549450549455,1.0,サンプル不足
v5,distance_ma20,20日移動平均乖離,業種,機械,5d,5営業日,1,0.09890109890109891,0.09890109890109891,1.0,サンプル不足
v5,distance_ma20,20日移動平均乖離,業種,機械,10d,10営業日,1,-0.21428571428571427,-0.21428571428571427,0.0,サンプル不足
v5,distance_ma20,20日移動平均乖離,業種,精密機器,1d,1営業日,1,0.3214285714285715,0.3214285714285715,1.0,サンプル不足
v5,distance_ma20,20日移動平均乖離,業種,精密機器,3d,3営業日,1,-0.10714285714285716,-0.10714285714285716,0.0,サンプル不足
v5,distance_ma20,20日移動平均乖離,業種,精密機器,5d,5営業日,1,-0.07142857142857144,-0.07142857142857144,0.0,サンプル不足
v5,distance_ma20,20日移動平均乖離,業種,精密機器,10d,10営業日,1,-0.03571428571428572,-0.03571428571428572,0.0,サンプル不足
v5,distance_ma20,20日移動平均乖離,業種,証券、商品先物取引業,1d,1営業日,0,,,,サンプル不足
v5,distance_ma20,20日移動平均乖離,業種,証券、商品先物取引業,3d,3営業日,0,,,,サンプル不足
v5,distance_ma20,20日移動平均乖離,業種,証券、商品先物取引業,5d,5営業日,0,,,,サンプル不足
v5,distance_ma20,20日移動平均乖離,業種,証券、商品先物取引業,10d,10営業日,0,,,,サンプル不足
v5,distance_ma20,20日移動平均乖離,業種,輸送用機器,1d,1営業日,1,0.7999999999999999,0.7999999999999999,1.0,サンプル不足
v5,distance_ma20,20日移動平均乖離,業種,輸送用機器,3d,3営業日,1,1.0,1.0,1.0,サンプル不足
v5,distance_ma20,20日移動平均乖離,業種,輸送用機器,5d,5営業日,1,1.0,1.0,1.0,サンプル不足
v5,distance_ma20,20日移動平均乖離,業種,輸送用機器,10d,10営業日,1,1.0,1.0,1.0,サンプル不足
v5,distance_ma20,20日移動平均乖離,業種,金属製品,1d,1営業日,1,-0.6000000000000001,-0.6000000000000001,0.0,サンプル不足
v5,distance_ma20,20日移動平均乖離,業種,金属製品,3d,3営業日,1,-0.7999999999999999,-0.7999999999999999,0.0,サンプル不足
v5,distance_ma20,20日移動平均乖離,業種,金属製品,5d,5営業日,1,-0.7999999999999999,-0.7999999999999999,0.0,サンプル不足
v5,distance_ma20,20日移動平均乖離,業種,金属製品,10d,10営業日,1,0.0,0.0,0.0,サンプル不足
v5,distance_ma20,20日移動平均乖離,業種,鉄鋼,1d,1営業日,0,,,,サンプル不足
v5,distance_ma20,20日移動平均乖離,業種,鉄鋼,3d,3営業日,0,,,,サンプル不足
v5,distance_ma20,20日移動平均乖離,業種,鉄鋼,5d,5営業日,0,,,,サンプル不足
v5,distance_ma20,20日移動平均乖離,業種,鉄鋼,10d,10営業日,0,,,,サンプル不足
v5,distance_ma20,20日移動平均乖離,業種,銀行業,1d,1営業日,1,-0.8999999999999998,-0.8999999999999998,0.0,サンプル不足
v5,distance_ma20,20日移動平均乖離,業種,銀行業,3d,3営業日,1,-0.8999999999999998,-0.8999999999999998,0.0,サンプル不足
v5,distance_ma20,20日移動平均乖離,業種,銀行業,5d,5営業日,1,-0.7,-0.7,0.0,サンプル不足
v5,distance_ma20,20日移動平均乖離,業種,銀行業,10d,10営業日,1,-0.09999999999999999,-0.09999999999999999,0.0,サンプル不足
v5,distance_ma20,20日移動平均乖離,業種,電気・ガス業,1d,1営業日,0,,,,サンプル不足
v5,distance_ma20,20日移動平均乖離,業種,電気・ガス業,3d,3営業日,0,,,,サンプル不足
v5,distance_ma20,20日移動平均乖離,業種,電気・ガス業,5d,5営業日,0,,,,サンプル不足
v5,distance_ma20,20日移動平均乖離,業種,電気・ガス業,10d,10営業日,0,,,,サンプル不足
v5,distance_ma20,20日移動平均乖離,業種,電気機器,1d,1営業日,1,0.10615384615384615,0.10615384615384615,1.0,サンプル不足
v5,distance_ma20,20日移動平均乖離,業種,電気機器,3d,3営業日,1,0.16923076923076924,0.16923076923076924,1.0,サンプル不足
v5,distance_ma20,20日移動平均乖離,業種,電気機器,5d,5営業日,1,-0.1769230769230769,-0.1769230769230769,0.0,サンプル不足
v5,distance_ma20,20日移動平均乖離,業種,電気機器,10d,10営業日,1,0.21000000000000002,0.21000000000000002,1.0,サンプル不足
v5,distance_ma20,20日移動平均乖離,業種,非鉄金属,1d,1営業日,0,,,,サンプル不足
v5,distance_ma20,20日移動平均乖離,業種,非鉄金属,3d,3営業日,0,,,,サンプル不足
v5,distance_ma20,20日移動平均乖離,業種,非鉄金属,5d,5営業日,0,,,,サンプル不足
v5,distance_ma20,20日移動平均乖離,業種,非鉄金属,10d,10営業日,0,,,,サンプル不足
v5,distance_ma20,20日移動平均乖離,業種,食料品,1d,1営業日,0,,,,サンプル不足
v5,distance_ma20,20日移動平均乖離,業種,食料品,3d,3営業日,0,,,,サンプル不足
v5,distance_ma20,20日移動平均乖離,業種,食料品,5d,5営業日,0,,,,サンプル不足
v5,distance_ma20,20日移動平均乖離,業種,食料品,10d,10営業日,0,,,,サンプル不足
v5,distance_ma60,60日移動平均乖離,全体,全体,1d,1営業日,1,0.16802880288028801,0.16802880288028801,1.0,サンプル不足
v5,distance_ma60,60日移動平均乖離,全体,全体,3d,3営業日,1,0.18076207620762072,0.18076207620762072,1.0,サンプル不足
v5,distance_ma60,60日移動平均乖離,全体,全体,5d,5営業日,1,-0.026114611461146114,-0.026114611461146114,0.0,サンプル不足
v5,distance_ma60,60日移動平均乖離,全体,全体,10d,10営業日,1,0.14557455745574555,0.14557455745574555,1.0,サンプル不足
v5,distance_ma60,60日移動平均乖離,業種,その他金融業,1d,1営業日,0,,,,サンプル不足
v5,distance_ma60,60日移動平均乖離,業種,その他金融業,3d,3営業日,0,,,,サンプル不足
v5,distance_ma60,60日移動平均乖離,業種,その他金融業,5d,5営業日,0,,,,サンプル不足
v5,distance_ma60,60日移動平均乖離,業種,その他金融業,10d,10営業日,0,,,,サンプル不足
v5,distance_ma60,60日移動平均乖離,業種,ガラス・土石製品,1d,1営業日,1,0.19999999999999998,0.19999999999999998,1.0,サンプル不足
v5,distance_ma60,60日移動平均乖離,業種,ガラス・土石製品,3d,3営業日,1,0.19999999999999998,0.19999999999999998,1.0,サンプル不足
v5,distance_ma60,60日移動平均乖離,業種,ガラス・土石製品,5d,5営業日,1,0.39999999999999997,0.39999999999999997,1.0,サンプル不足
v5,distance_ma60,60日移動平均乖離,業種,ガラス・土石製品,10d,10営業日,1,-0.39999999999999997,-0.39999999999999997,0.0,サンプル不足
v5,distance_ma60,60日移動平均乖離,業種,サービス業,1d,1営業日,1,0.14285714285714288,0.14285714285714288,1.0,サンプル不足
v5,distance_ma60,60日移動平均乖離,業種,サービス業,3d,3営業日,1,0.8857142857142858,0.8857142857142858,1.0,サンプル不足
v5,distance_ma60,60日移動平均乖離,業種,サービス業,5d,5営業日,1,0.8285714285714287,0.8285714285714287,1.0,サンプル不足
v5,distance_ma60,60日移動平均乖離,業種,サービス業,10d,10営業日,1,0.942857142857143,0.942857142857143,1.0,サンプル不足
v5,distance_ma60,60日移動平均乖離,業種,パルプ・紙,1d,1営業日,0,,,,サンプル不足
v5,distance_ma60,60日移動平均乖離,業種,パルプ・紙,3d,3営業日,0,,,,サンプル不足
v5,distance_ma60,60日移動平均乖離,業種,パルプ・紙,5d,5営業日,0,,,,サンプル不足
v5,distance_ma60,60日移動平均乖離,業種,パルプ・紙,10d,10営業日,0,,,,サンプル不足
v5,distance_ma60,60日移動平均乖離,業種,不動産業,1d,1営業日,0,,,,サンプル不足
v5,distance_ma60,60日移動平均乖離,業種,不動産業,3d,3営業日,0,,,,サンプル不足
v5,distance_ma60,60日移動平均乖離,業種,不動産業,5d,5営業日,0,,,,サンプル不足
v5,distance_ma60,60日移動平均乖離,業種,不動産業,10d,10営業日,0,,,,サンプル不足
v5,distance_ma60,60日移動平均乖離,業種,保険業,1d,1営業日,0,,,,サンプル不足
v5,distance_ma60,60日移動平均乖離,業種,保険業,3d,3営業日,0,,,,サンプル不足
v5,distance_ma60,60日移動平均乖離,業種,保険業,5d,5営業日,0,,,,サンプル不足
v5,distance_ma60,60日移動平均乖離,業種,保険業,10d,10営業日,0,,,,サンプル不足
v5,distance_ma60,60日移動平均乖離,業種,化学,1d,1営業日,1,-0.07142857142857144,-0.07142857142857144,0.0,サンプル不足
v5,distance_ma60,60日移動平均乖離,業種,化学,3d,3営業日,1,-0.14285714285714288,-0.14285714285714288,0.0,サンプル不足
v5,distance_ma60,60日移動平均乖離,業種,化学,5d,5営業日,1,-0.3214285714285715,-0.3214285714285715,0.0,サンプル不足
v5,distance_ma60,60日移動平均乖離,業種,化学,10d,10営業日,1,-0.6071428571428572,-0.6071428571428572,0.0,サンプル不足
v5,distance_ma60,60日移動平均乖離,業種,卸売業,1d,1営業日,0,,,,サンプル不足
v5,distance_ma60,60日移動平均乖離,業種,卸売業,3d,3営業日,0,,,,サンプル不足
v5,distance_ma60,60日移動平均乖離,業種,卸売業,5d,5営業日,0,,,,サンプル不足
v5,distance_ma60,60日移動平均乖離,業種,卸売業,10d,10営業日,0,,,,サンプル不足
v5,distance_ma60,60日移動平均乖離,業種,小売業,1d,1営業日,1,1.0,1.0,1.0,サンプル不足
v5,distance_ma60,60日移動平均乖離,業種,小売業,3d,3営業日,1,0.5,0.5,1.0,サンプル不足
v5,distance_ma60,60日移動平均乖離,業種,小売業,5d,5営業日,1,0.5,0.5,1.0,サンプル不足
v5,distance_ma60,60日移動平均乖離,業種,小売業,10d,10営業日,1,1.0,1.0,1.0,サンプル不足
v5,distance_ma60,60日移動平均乖離,業種,建設業,1d,1営業日,0,,,,サンプル不足
v5,distance_ma60,60日移動平均乖離,業種,建設業,3d,3営業日,0,,,,サンプル不足
v5,distance_ma60,60日移動平均乖離,業種,建設業,5d,5営業日,0,,,,サンプル不足
v5,distance_ma60,60日移動平均乖離,業種,建設業,10d,10営業日,0,,,,サンプル不足
v5,distance_ma60,60日移動平均乖離,業種,情報・通信業,1d,1営業日,1,-0.39999999999999997,-0.39999999999999997,0.0,サンプル不足
v5,distance_ma60,60日移動平均乖離,業種,情報・通信業,3d,3営業日,1,-0.39999999999999997,-0.39999999999999997,0.0,サンプル不足
v5,distance_ma60,60日移動平均乖離,業種,情報・通信業,5d,5営業日,1,-0.3,-0.3,0.0,サンプル不足
v5,distance_ma60,60日移動平均乖離,業種,情報・通信業,10d,10営業日,1,-0.49999999999999994,-0.49999999999999994,0.0,サンプル不足
v5,distance_ma60,60日移動平均乖離,業種,機械,1d,1営業日,1,0.11538461538461539,0.11538461538461539,1.0,サンプル不足
v5,distance_ma60,60日移動平均乖離,業種,機械,3d,3営業日,1,0.4945054945054945,0.4945054945054945,1.0,サンプル不足
v5,distance_ma60,60日移動平均乖離,業種,機械,5d,5営業日,1,0.42857142857142855,0.42857142857142855,1.0,サンプル不足
v5,distance_ma60,60日移動平均乖離,業種,機械,10d,10営業日,1,0.21428571428571427,0.21428571428571427,1.0,サンプル不足
v5,distance_ma60,60日移動平均乖離,業種,精密機器,1d,1営業日,1,0.5714285714285715,0.5714285714285715,1.0,サンプル不足
v5,distance_ma60,60日移動平均乖離,業種,精密機器,3d,3営業日,1,0.07142857142857144,0.07142857142857144,1.0,サンプル不足
v5,distance_ma60,60日移動平均乖離,業種,精密機器,5d,5営業日,1,0.1785714285714286,0.1785714285714286,1.0,サンプル不足
v5,distance_ma60,60日移動平均乖離,業種,精密機器,10d,10営業日,1,0.21428571428571433,0.21428571428571433,1.0,サンプル不足
v5,distance_ma60,60日移動平均乖離,業種,証券、商品先物取引業,1d,1営業日,0,,,,サンプル不足
v5,distance_ma60,60日移動平均乖離,業種,証券、商品先物取引業,3d,3営業日,0,,,,サンプル不足
v5,distance_ma60,60日移動平均乖離,業種,証券、商品先物取引業,5d,5営業日,0,,,,サンプル不足
v5,distance_ma60,60日移動平均乖離,業種,証券、商品先物取引業,10d,10営業日,0,,,,サンプル不足
v5,distance_ma60,60日移動平均乖離,業種,輸送用機器,1d,1営業日,1,0.6000000000000001,0.6000000000000001,1.0,サンプル不足
v5,distance_ma60,60日移動平均乖離,業種,輸送用機器,3d,3営業日,1,0.7999999999999999,0.7999999999999999,1.0,サンプル不足
v5,distance_ma60,60日移動平均乖離,業種,輸送用機器,5d,5営業日,1,0.7999999999999999,0.7999999999999999,1.0,サンプル不足
v5,distance_ma60,60日移動平均乖離,業種,輸送用機器,10d,10営業日,1,0.7999999999999999,0.7999999999999999,1.0,サンプル不足
v5,distance_ma60,60日移動平均乖離,業種,金属製品,1d,1営業日,1,0.7999999999999999,0.7999999999999999,1.0,サンプル不足
v5,distance_ma60,60日移動平均乖離,業種,金属製品,3d,3営業日,1,0.39999999999999997,0.39999999999999997,1.0,サンプル不足
v5,distance_ma60,60日移動平均乖離,業種,金属製品,5d,5営業日,1,0.39999999999999997,0.39999999999999997,1.0,サンプル不足
v5,distance_ma60,60日移動平均乖離,業種,金属製品,10d,10営業日,1,1.0,1.0,1.0,サンプル不足
v5,distance_ma60,60日移動平均乖離,業種,鉄鋼,1d,1営業日,0,,,,サンプル不足
v5,distance_ma60,60日移動平均乖離,業種,鉄鋼,3d,3営業日,0,,,,サンプル不足
v5,distance_ma60,60日移動平均乖離,業種,鉄鋼,5d,5営業日,0,,,,サンプル不足
v5,distance_ma60,60日移動平均乖離,業種,鉄鋼,10d,10営業日,0,,,,サンプル不足
v5,distance_ma60,60日移動平均乖離,業種,銀行業,1d,1営業日,1,-0.7999999999999999,-0.7999999999999999,0.0,サンプル不足
v5,distance_ma60,60日移動平均乖離,業種,銀行業,3d,3営業日,1,-0.7999999999999999,-0.7999999999999999,0.0,サンプル不足
v5,distance_ma60,60日移動平均乖離,業種,銀行業,5d,5営業日,1,-0.49999999999999994,-0.49999999999999994,0.0,サンプル不足
v5,distance_ma60,60日移動平均乖離,業種,銀行業,10d,10営業日,1,0.0,0.0,0.0,サンプル不足
v5,distance_ma60,60日移動平均乖離,業種,電気・ガス業,1d,1営業日,0,,,,サンプル不足
v5,distance_ma60,60日移動平均乖離,業種,電気・ガス業,3d,3営業日,0,,,,サンプル不足
v5,distance_ma60,60日移動平均乖離,業種,電気・ガス業,5d,5営業日,0,,,,サンプル不足
v5,distance_ma60,60日移動平均乖離,業種,電気・ガス業,10d,10営業日,0,,,,サンプル不足
v5,distance_ma60,60日移動平均乖離,業種,電気機器,1d,1営業日,1,0.10692307692307691,0.10692307692307691,1.0,サンプル不足
v5,distance_ma60,60日移動平均乖離,業種,電気機器,3d,3営業日,1,0.15307692307692308,0.15307692307692308,1.0,サンプル不足
v5,distance_ma60,60日移動平均乖離,業種,電気機器,5d,5営業日,1,-0.1992307692307692,-0.1992307692307692,0.0,サンプル不足
v5,distance_ma60,60日移動平均乖離,業種,電気機器,10d,10営業日,1,0.1523076923076923,0.1523076923076923,1.0,サンプル不足
v5,distance_ma60,60日移動平均乖離,業種,非鉄金属,1d,1営業日,0,,,,サンプル不足
v5,distance_ma60,60日移動平均乖離,業種,非鉄金属,3d,3営業日,0,,,,サンプル不足
v5,distance_ma60,60日移動平均乖離,業種,非鉄金属,5d,5営業日,0,,,,サンプル不足
v5,distance_ma60,60日移動平均乖離,業種,非鉄金属,10d,10営業日,0,,,,サンプル不足
v5,distance_ma60,60日移動平均乖離,業種,食料品,1d,1営業日,0,,,,サンプル不足
v5,distance_ma60,60日移動平均乖離,業種,食料品,3d,3営業日,0,,,,サンプル不足
v5,distance_ma60,60日移動平均乖離,業種,食料品,5d,5営業日,0,,,,サンプル不足
v5,distance_ma60,60日移動平均乖離,業種,食料品,10d,10営業日,0,,,,サンプル不足
v5,avg_turnover_20d,20日平均売買代金,全体,全体,1d,1営業日,1,0.3243684368436844,0.3243684368436844,1.0,サンプル不足
v5,avg_turnover_20d,20日平均売買代金,全体,全体,3d,3営業日,1,0.26198619861986194,0.26198619861986194,1.0,サンプル不足
v5,avg_turnover_20d,20日平均売買代金,全体,全体,5d,5営業日,1,0.05748574857485748,0.05748574857485748,1.0,サンプル不足
v5,avg_turnover_20d,20日平均売買代金,全体,全体,10d,10営業日,1,0.16387638763876383,0.16387638763876383,1.0,サンプル不足
v5,avg_turnover_20d,20日平均売買代金,業種,その他金融業,1d,1営業日,0,,,,サンプル不足
v5,avg_turnover_20d,20日平均売買代金,業種,その他金融業,3d,3営業日,0,,,,サンプル不足
v5,avg_turnover_20d,20日平均売買代金,業種,その他金融業,5d,5営業日,0,,,,サンプル不足
v5,avg_turnover_20d,20日平均売買代金,業種,その他金融業,10d,10営業日,0,,,,サンプル不足
v5,avg_turnover_20d,20日平均売買代金,業種,ガラス・土石製品,1d,1営業日,1,0.39999999999999997,0.39999999999999997,1.0,サンプル不足
v5,avg_turnover_20d,20日平均売買代金,業種,ガラス・土石製品,3d,3営業日,1,0.39999999999999997,0.39999999999999997,1.0,サンプル不足
v5,avg_turnover_20d,20日平均売買代金,業種,ガラス・土石製品,5d,5営業日,1,0.7999999999999999,0.7999999999999999,1.0,サンプル不足
v5,avg_turnover_20d,20日平均売買代金,業種,ガラス・土石製品,10d,10営業日,1,-0.19999999999999998,-0.19999999999999998,0.0,サンプル不足
v5,avg_turnover_20d,20日平均売買代金,業種,サービス業,1d,1営業日,1,0.942857142857143,0.942857142857143,1.0,サンプル不足
v5,avg_turnover_20d,20日平均売買代金,業種,サービス業,3d,3営業日,1,0.2571428571428572,0.2571428571428572,1.0,サンプル不足
v5,avg_turnover_20d,20日平均売買代金,業種,サービス業,5d,5営業日,1,0.5428571428571429,0.5428571428571429,1.0,サンプル不足
v5,avg_turnover_20d,20日平均売買代金,業種,サービス業,10d,10営業日,1,0.08571428571428573,0.08571428571428573,1.0,サンプル不足
v5,avg_turnover_20d,20日平均売買代金,業種,パルプ・紙,1d,1営業日,0,,,,サンプル不足
v5,avg_turnover_20d,20日平均売買代金,業種,パルプ・紙,3d,3営業日,0,,,,サンプル不足
v5,avg_turnover_20d,20日平均売買代金,業種,パルプ・紙,5d,5営業日,0,,,,サンプル不足
v5,avg_turnover_20d,20日平均売買代金,業種,パルプ・紙,10d,10営業日,0,,,,サンプル不足
v5,avg_turnover_20d,20日平均売買代金,業種,不動産業,1d,1営業日,0,,,,サンプル不足
v5,avg_turnover_20d,20日平均売買代金,業種,不動産業,3d,3営業日,0,,,,サンプル不足
v5,avg_turnover_20d,20日平均売買代金,業種,不動産業,5d,5営業日,0,,,,サンプル不足
v5,avg_turnover_20d,20日平均売買代金,業種,不動産業,10d,10営業日,0,,,,サンプル不足
v5,avg_turnover_20d,20日平均売買代金,業種,保険業,1d,1営業日,0,,,,サンプル不足
v5,avg_turnover_20d,20日平均売買代金,業種,保険業,3d,3営業日,0,,,,サンプル不足
v5,avg_turnover_20d,20日平均売買代金,業種,保険業,5d,5営業日,0,,,,サンプル不足
v5,avg_turnover_20d,20日平均売買代金,業種,保険業,10d,10営業日,0,,,,サンプル不足
v5,avg_turnover_20d,20日平均売買代金,業種,化学,1d,1営業日,1,-0.07142857142857144,-0.07142857142857144,0.0,サンプル不足
v5,avg_turnover_20d,20日平均売買代金,業種,化学,3d,3営業日,1,-0.1785714285714286,-0.1785714285714286,0.0,サンプル不足
v5,avg_turnover_20d,20日平均売買代金,業種,化学,5d,5営業日,1,0.0,0.0,0.0,サンプル不足
v5,avg_turnover_20d,20日平均売買代金,業種,化学,10d,10営業日,1,0.3571428571428572,0.3571428571428572,1.0,サンプル不足
v5,avg_turnover_20d,20日平均売買代金,業種,卸売業,1d,1営業日,0,,,,サンプル不足
v5,avg_turnover_20d,20日平均売買代金,業種,卸売業,3d,3営業日,0,,,,サンプル不足
v5,avg_turnover_20d,20日平均売買代金,業種,卸売業,5d,5営業日,0,,,,サンプル不足
v5,avg_turnover_20d,20日平均売買代金,業種,卸売業,10d,10営業日,0,,,,サンプル不足
v5,avg_turnover_20d,20日平均売買代金,業種,小売業,1d,1営業日,1,-0.5,-0.5,0.0,サンプル不足
v5,avg_turnover_20d,20日平均売買代金,業種,小売業,3d,3営業日,1,0.5,0.5,1.0,サンプル不足
v5,avg_turnover_20d,20日平均売買代金,業種,小売業,5d,5営業日,1,0.5,0.5,1.0,サンプル不足
v5,avg_turnover_20d,20日平均売買代金,業種,小売業,10d,10営業日,1,-0.5,-0.5,0.0,サンプル不足
v5,avg_turnover_20d,20日平均売買代金,業種,建設業,1d,1営業日,0,,,,サンプル不足
v5,avg_turnover_20d,20日平均売買代金,業種,建設業,3d,3営業日,0,,,,サンプル不足
v5,avg_turnover_20d,20日平均売買代金,業種,建設業,5d,5営業日,0,,,,サンプル不足
v5,avg_turnover_20d,20日平均売買代金,業種,建設業,10d,10営業日,0,,,,サンプル不足
v5,avg_turnover_20d,20日平均売買代金,業種,情報・通信業,1d,1営業日,1,0.6,0.6,1.0,サンプル不足
v5,avg_turnover_20d,20日平均売買代金,業種,情報・通信業,3d,3営業日,1,0.6,0.6,1.0,サンプル不足
v5,avg_turnover_20d,20日平均売買代金,業種,情報・通信業,5d,5営業日,1,0.19999999999999998,0.19999999999999998,1.0,サンプル不足
v5,avg_turnover_20d,20日平均売買代金,業種,情報・通信業,10d,10営業日,1,-0.09999999999999999,-0.09999999999999999,0.0,サンプル不足
v5,avg_turnover_20d,20日平均売買代金,業種,機械,1d,1営業日,1,0.5714285714285714,0.5714285714285714,1.0,サンプル不足
v5,avg_turnover_20d,20日平均売買代金,業種,機械,3d,3営業日,1,0.6428571428571429,0.6428571428571429,1.0,サンプル不足
v5,avg_turnover_20d,20日平均売買代金,業種,機械,5d,5営業日,1,0.16483516483516483,0.16483516483516483,1.0,サンプル不足
v5,avg_turnover_20d,20日平均売買代金,業種,機械,10d,10営業日,1,0.32417582417582413,0.32417582417582413,1.0,サンプル不足
v5,avg_turnover_20d,20日平均売買代金,業種,精密機器,1d,1営業日,1,-0.4642857142857144,-0.4642857142857144,0.0,サンプル不足
v5,avg_turnover_20d,20日平均売買代金,業種,精密機器,3d,3営業日,1,0.0,0.0,0.0,サンプル不足
v5,avg_turnover_20d,20日平均売買代金,業種,精密機器,5d,5営業日,1,-0.14285714285714288,-0.14285714285714288,0.0,サンプル不足
v5,avg_turnover_20d,20日平均売買代金,業種,精密機器,10d,10営業日,1,0.3571428571428572,0.3571428571428572,1.0,サンプル不足
v5,avg_turnover_20d,20日平均売買代金,業種,証券、商品先物取引業,1d,1営業日,0,,,,サンプル不足
v5,avg_turnover_20d,20日平均売買代金,業種,証券、商品先物取引業,3d,3営業日,0,,,,サンプル不足
v5,avg_turnover_20d,20日平均売買代金,業種,証券、商品先物取引業,5d,5営業日,0,,,,サンプル不足
v5,avg_turnover_20d,20日平均売買代金,業種,証券、商品先物取引業,10d,10営業日,0,,,,サンプル不足
v5,avg_turnover_20d,20日平均売買代金,業種,輸送用機器,1d,1営業日,1,-0.7999999999999999,-0.7999999999999999,0.0,サンプル不足
v5,avg_turnover_20d,20日平均売買代金,業種,輸送用機器,3d,3営業日,1,-0.6000000000000001,-0.6000000000000001,0.0,サンプル不足
v5,avg_turnover_20d,20日平均売買代金,業種,輸送用機器,5d,5営業日,1,-0.6000000000000001,-0.6000000000000001,0.0,サンプル不足
v5,avg_turnover_20d,20日平均売買代金,業種,輸送用機器,10d,10営業日,1,-0.6000000000000001,-0.6000000000000001,0.0,サンプル不足
v5,avg_turnover_20d,20日平均売買代金,業種,金属製品,1d,1営業日,1,0.19999999999999998,0.19999999999999998,1.0,サンプル不足
v5,avg_turnover_20d,20日平均売買代金,業種,金属製品,3d,3営業日,1,-0.39999999999999997,-0.39999999999999997,0.0,サンプル不足
v5,avg_turnover_20d,20日平均売買代金,業種,金属製品,5d,5営業日,1,-0.39999999999999997,-0.39999999999999997,0.0,サンプル不足
v5,avg_turnover_20d,20日平均売買代金,業種,金属製品,10d,10営業日,1,0.39999999999999997,0.39999999999999997,1.0,サンプル不足
v5,avg_turnover_20d,20日平均売買代金,業種,鉄鋼,1d,1営業日,0,,,,サンプル不足
v5,avg_turnover_20d,20日平均売買代金,業種,鉄鋼,3d,3営業日,0,,,,サンプル不足
v5,avg_turnover_20d,20日平均売買代金,業種,鉄鋼,5d,5営業日,0,,,,サンプル不足
v5,avg_turnover_20d,20日平均売買代金,業種,鉄鋼,10d,10営業日,0,,,,サンプル不足
v5,avg_turnover_20d,20日平均売買代金,業種,銀行業,1d,1営業日,1,-0.6,-0.6,0.0,サンプル不足
v5,avg_turnover_20d,20日平均売買代金,業種,銀行業,3d,3営業日,1,-0.6,-0.6,0.0,サンプル不足
v5,avg_turnover_20d,20日平均売買代金,業種,銀行業,5d,5営業日,1,-0.3,-0.3,0.0,サンプル不足
v5,avg_turnover_20d,20日平均売買代金,業種,銀行業,10d,10営業日,1,0.6,0.6,1.0,サンプル不足
v5,avg_turnover_20d,20日平均売買代金,業種,電気・ガス業,1d,1営業日,0,,,,サンプル不足
v5,avg_turnover_20d,20日平均売買代金,業種,電気・ガス業,3d,3営業日,0,,,,サンプル不足
v5,avg_turnover_20d,20日平均売買代金,業種,電気・ガス業,5d,5営業日,0,,,,サンプル不足
v5,avg_turnover_20d,20日平均売買代金,業種,電気・ガス業,10d,10営業日,0,,,,サンプル不足
v5,avg_turnover_20d,20日平均売買代金,業種,電気機器,1d,1営業日,1,0.3392307692307693,0.3392307692307693,1.0,サンプル不足
v5,avg_turnover_20d,20日平均売買代金,業種,電気機器,3d,3営業日,1,0.5638461538461538,0.5638461538461538,1.0,サンプル不足
v5,avg_turnover_20d,20日平均売買代金,業種,電気機器,5d,5営業日,1,0.43076923076923074,0.43076923076923074,1.0,サンプル不足
v5,avg_turnover_20d,20日平均売買代金,業種,電気機器,10d,10営業日,1,0.4684615384615385,0.4684615384615385,1.0,サンプル不足
v5,avg_turnover_20d,20日平均売買代金,業種,非鉄金属,1d,1営業日,0,,,,サンプル不足
v5,avg_turnover_20d,20日平均売買代金,業種,非鉄金属,3d,3営業日,0,,,,サンプル不足
v5,avg_turnover_20d,20日平均売買代金,業種,非鉄金属,5d,5営業日,0,,,,サンプル不足
v5,avg_turnover_20d,20日平均売買代金,業種,非鉄金属,10d,10営業日,0,,,,サンプル不足
v5,avg_turnover_20d,20日平均売買代金,業種,食料品,1d,1営業日,0,,,,サンプル不足
v5,avg_turnover_20d,20日平均売買代金,業種,食料品,3d,3営業日,0,,,,サンプル不足
v5,avg_turnover_20d,20日平均売買代金,業種,食料品,5d,5営業日,0,,,,サンプル不足
v5,avg_turnover_20d,20日平均売買代金,業種,食料品,10d,10営業日,0,,,,サンプル不足
v5,volume_ratio_20d,出来高比,全体,全体,1d,1営業日,1,-0.311083108310831,-0.311083108310831,0.0,サンプル不足
v5,volume_ratio_20d,出来高比,全体,全体,3d,3営業日,1,-0.2246024602460246,-0.2246024602460246,0.0,サンプル不足
v5,volume_ratio_20d,出来高比,全体,全体,5d,5営業日,1,-0.10417041704170416,-0.10417041704170416,0.0,サンプル不足
v5,volume_ratio_20d,出来高比,全体,全体,10d,10営業日,1,-0.1138073807380738,-0.1138073807380738,0.0,サンプル不足
v5,volume_ratio_20d,出来高比,業種,その他金融業,1d,1営業日,0,,,,サンプル不足
v5,volume_ratio_20d,出来高比,業種,その他金融業,3d,3営業日,0,,,,サンプル不足
v5,volume_ratio_20d,出来高比,業種,その他金融業,5d,5営業日,0,,,,サンプル不足
v5,volume_ratio_20d,出来高比,業種,その他金融業,10d,10営業日,0,,,,サンプル不足
v5,volume_ratio_20d,出来高比,業種,ガラス・土石製品,1d,1営業日,1,0.39999999999999997,0.39999999999999997,1.0,サンプル不足
v5,volume_ratio_20d,出来高比,業種,ガラス・土石製品,3d,3営業日,1,0.39999999999999997,0.39999999999999997,1.0,サンプル不足
v5,volume_ratio_20d,出来高比,業種,ガラス・土石製品,5d,5営業日,1,0.7999999999999999,0.7999999999999999,1.0,サンプル不足
v5,volume_ratio_20d,出来高比,業種,ガラス・土石製品,10d,10営業日,1,-0.19999999999999998,-0.19999999999999998,0.0,サンプル不足
v5,volume_ratio_20d,出来高比,業種,サービス業,1d,1営業日,1,-0.48571428571428577,-0.48571428571428577,0.0,サンプル不足
v5,volume_ratio_20d,出来高比,業種,サービス業,3d,3営業日,1,-0.3714285714285715,-0.3714285714285715,0.0,サンプル不足
v5,volume_ratio_20d,出来高比,業種,サービス業,5d,5営業日,1,-0.7142857142857143,-0.7142857142857143,0.0,サンプル不足
v5,volume_ratio_20d,出来高比,業種,サービス業,10d,10営業日,1,-0.3714285714285715,-0.3714285714285715,0.0,サンプル不足
v5,volume_ratio_20d,出来高比,業種,パルプ・紙,1d,1営業日,0,,,,サンプル不足
v5,volume_ratio_20d,出来高比,業種,パルプ・紙,3d,3営業日,0,,,,サンプル不足
v5,volume_ratio_20d,出来高比,業種,パルプ・紙,5d,5営業日,0,,,,サンプル不足
v5,volume_ratio_20d,出来高比,業種,パルプ・紙,10d,10営業日,0,,,,サンプル不足
v5,volume_ratio_20d,出来高比,業種,不動産業,1d,1営業日,0,,,,サンプル不足
v5,volume_ratio_20d,出来高比,業種,不動産業,3d,3営業日,0,,,,サンプル不足
v5,volume_ratio_20d,出来高比,業種,不動産業,5d,5営業日,0,,,,サンプル不足
v5,volume_ratio_20d,出来高比,業種,不動産業,10d,10営業日,0,,,,サンプル不足
v5,volume_ratio_20d,出来高比,業種,保険業,1d,1営業日,0,,,,サンプル不足
v5,volume_ratio_20d,出来高比,業種,保険業,3d,3営業日,0,,,,サンプル不足
v5,volume_ratio_20d,出来高比,業種,保険業,5d,5営業日,0,,,,サンプル不足
v5,volume_ratio_20d,出来高比,業種,保険業,10d,10営業日,0,,,,サンプル不足
v5,volume_ratio_20d,出来高比,業種,化学,1d,1営業日,1,-0.6071428571428572,-0.6071428571428572,0.0,サンプル不足
v5,volume_ratio_20d,出来高比,業種,化学,3d,3営業日,1,0.10714285714285716,0.10714285714285716,1.0,サンプル不足
v5,volume_ratio_20d,出来高比,業種,化学,5d,5営業日,1,0.6071428571428572,0.6071428571428572,1.0,サンプル不足
v5,volume_ratio_20d,出来高比,業種,化学,10d,10営業日,1,0.3214285714285715,0.3214285714285715,1.0,サンプル不足
v5,volume_ratio_20d,出来高比,業種,卸売業,1d,1営業日,0,,,,サンプル不足
v5,volume_ratio_20d,出来高比,業種,卸売業,3d,3営業日,0,,,,サンプル不足
v5,volume_ratio_20d,出来高比,業種,卸売業,5d,5営業日,0,,,,サンプル不足
v5,volume_ratio_20d,出来高比,業種,卸売業,10d,10営業日,0,,,,サンプル不足
v5,volume_ratio_20d,出来高比,業種,小売業,1d,1営業日,1,0.5,0.5,1.0,サンプル不足
v5,volume_ratio_20d,出来高比,業種,小売業,3d,3営業日,1,-0.5,-0.5,0.0,サンプル不足
v5,volume_ratio_20d,出来高比,業種,小売業,5d,5営業日,1,-0.5,-0.5,0.0,サンプル不足
v5,volume_ratio_20d,出来高比,業種,小売業,10d,10営業日,1,0.5,0.5,1.0,サンプル不足
v5,volume_ratio_20d,出来高比,業種,建設業,1d,1営業日,0,,,,サンプル不足
v5,volume_ratio_20d,出来高比,業種,建設業,3d,3営業日,0,,,,サンプル不足
v5,volume_ratio_20d,出来高比,業種,建設業,5d,5営業日,0,,,,サンプル不足
v5,volume_ratio_20d,出来高比,業種,建設業,10d,10営業日,0,,,,サンプル不足
v5,volume_ratio_20d,出来高比,業種,情報・通信業,1d,1営業日,1,-0.3,-0.3,0.0,サンプル不足
v5,volume_ratio_20d,出来高比,業種,情報・通信業,3d,3営業日,1,-0.3,-0.3,0.0,サンプル不足
v5,volume_ratio_20d,出来高比,業種,情報・通信業,5d,5営業日,1,-0.09999999999999999,-0.09999999999999999,0.0,サンプル不足
v5,volume_ratio_20d,出来高比,業種,情報・通信業,10d,10営業日,1,0.0,0.0,0.0,サンプル不足
v5,volume_ratio_20d,出来高比,業種,機械,1d,1営業日,1,-0.6813186813186813,-0.6813186813186813,0.0,サンプル不足
v5,volume_ratio_20d,出来高比,業種,機械,3d,3営業日,1,-0.510989010989011,-0.510989010989011,0.0,サンプル不足
v5,volume_ratio_20d,出来高比,業種,機械,5d,5営業日,1,-0.5549450549450549,-0.5549450549450549,0.0,サンプル不足
v5,volume_ratio_20d,出来高比,業種,機械,10d,10営業日,1,-0.40659340659340654,-0.40659340659340654,0.0,サンプル不足
v5,volume_ratio_20d,出来高比,業種,精密機器,1d,1営業日,1,0.07142857142857144,0.07142857142857144,1.0,サンプル不足
v5,volume_ratio_20d,出来高比,業種,精密機器,3d,3営業日,1,-0.5,-0.5,0.0,サンプル不足
v5,volume_ratio_20d,出来高比,業種,精密機器,5d,5営業日,1,-0.42857142857142866,-0.42857142857142866,0.0,サンプル不足
v5,volume_ratio_20d,出来高比,業種,精密機器,10d,10営業日,1,-0.3571428571428572,-0.3571428571428572,0.0,サンプル不足
v5,volume_ratio_20d,出来高比,業種,証券、商品先物取引業,1d,1営業日,0,,,,サンプル不足
v5,volume_ratio_20d,出来高比,業種,証券、商品先物取引業,3d,3営業日,0,,,,サンプル不足
v5,volume_ratio_20d,出来高比,業種,証券、商品先物取引業,5d,5営業日,0,,,,サンプル不足
v5,volume_ratio_20d,出来高比,業種,証券、商品先物取引業,10d,10営業日,0,,,,サンプル不足
v5,volume_ratio_20d,出来高比,業種,輸送用機器,1d,1営業日,1,1.0,1.0,1.0,サンプル不足
v5,volume_ratio_20d,出来高比,業種,輸送用機器,3d,3営業日,1,0.7999999999999999,0.7999999999999999,1.0,サンプル不足
v5,volume_ratio_20d,出来高比,業種,輸送用機器,5d,5営業日,1,0.7999999999999999,0.7999999999999999,1.0,サンプル不足
v5,volume_ratio_20d,出来高比,業種,輸送用機器,10d,10営業日,1,0.7999999999999999,0.7999999999999999,1.0,サンプル不足
v5,volume_ratio_20d,出来高比,業種,金属製品,1d,1営業日,1,-0.7999999999999999,-0.7999999999999999,0.0,サンプル不足
v5,volume_ratio_20d,出来高比,業種,金属製品,3d,3営業日,1,-0.39999999999999997,-0.39999999999999997,0.0,サンプル不足
v5,volume_ratio_20d,出来高比,業種,金属製品,5d,5営業日,1,-0.39999999999999997,-0.39999999999999997,0.0,サンプル不足
v5,volume_ratio_20d,出来高比,業種,金属製品,10d,10営業日,1,-1.0,-1.0,0.0,サンプル不足
v5,volume_ratio_20d,出来高比,業種,鉄鋼,1d,1営業日,0,,,,サンプル不足
v5,volume_ratio_20d,出来高比,業種,鉄鋼,3d,3営業日,0,,,,サンプル不足
v5,volume_ratio_20d,出来高比,業種,鉄鋼,5d,5営業日,0,,,,サンプル不足
v5,volume_ratio_20d,出来高比,業種,鉄鋼,10d,10営業日,0,,,,サンプル不足
v5,volume_ratio_20d,出来高比,業種,銀行業,1d,1営業日,1,-0.7,-0.7,0.0,サンプル不足
v5,volume_ratio_20d,出来高比,業種,銀行業,3d,3営業日,1,-0.7,-0.7,0.0,サンプル不足
v5,volume_ratio_20d,出来高比,業種,銀行業,5d,5営業日,1,-0.8999999999999998,-0.8999999999999998,0.0,サンプル不足
v5,volume_ratio_20d,出来高比,業種,銀行業,10d,10営業日,1,-0.7,-0.7,0.0,サンプル不足
v5,volume_ratio_20d,出来高比,業種,電気・ガス業,1d,1営業日,0,,,,サンプル不足
v5,volume_ratio_20d,出来高比,業種,電気・ガス業,3d,3営業日,0,,,,サンプル不足
v5,volume_ratio_20d,出来高比,業種,電気・ガス業,5d,5営業日,0,,,,サンプル不足
v5,volume_ratio_20d,出来高比,業種,電気・ガス業,10d,10営業日,0,,,,サンプル不足
v5,volume_ratio_20d,出来高比,業種,電気機器,1d,1営業日,1,-0.18615384615384614,-0.18615384615384614,0.0,サンプル不足
v5,volume_ratio_20d,出来高比,業種,電気機器,3d,3営業日,1,-0.4553846153846154,-0.4553846153846154,0.0,サンプル不足
v5,volume_ratio_20d,出来高比,業種,電気機器,5d,5営業日,1,-0.45461538461538464,-0.45461538461538464,0.0,サンプル不足
v5,volume_ratio_20d,出来高比,業種,電気機器,10d,10営業日,1,-0.24,-0.24,0.0,サンプル不足
v5,volume_ratio_20d,出来高比,業種,非鉄金属,1d,1営業日,0,,,,サンプル不足
v5,volume_ratio_20d,出来高比,業種,非鉄金属,3d,3営業日,0,,,,サンプル不足
v5,volume_ratio_20d,出来高比,業種,非鉄金属,5d,5営業日,0,,,,サンプル不足
v5,volume_ratio_20d,出来高比,業種,非鉄金属,10d,10営業日,0,,,,サンプル不足
v5,volume_ratio_20d,出来高比,業種,食料品,1d,1営業日,0,,,,サンプル不足
v5,volume_ratio_20d,出来高比,業種,食料品,3d,3営業日,0,,,,サンプル不足
v5,volume_ratio_20d,出来高比,業種,食料品,5d,5営業日,0,,,,サンプル不足
v5,volume_ratio_20d,出来高比,業種,食料品,10d,10営業日,0,,,,サンプル不足
v5,distance_high_120d,120日高値接近度,全体,全体,1d,1営業日,1,-0.008206528780486153,-0.008206528780486153,0.0,サンプル不足
v5,distance_high_120d,120日高値接近度,全体,全体,3d,3営業日,1,-0.0214547366772351,-0.0214547366772351,0.0,サンプル不足
v5,distance_high_120d,120日高値接近度,全体,全体,5d,5営業日,1,0.0608436214517359,0.0608436214517359,1.0,サンプル不足
v5,distance_high_120d,120日高値接近度,全体,全体,10d,10営業日,1,0.23145109869986957,0.23145109869986957,1.0,サンプル不足
v5,distance_high_120d,120日高値接近度,業種,その他金融業,1d,1営業日,0,,,,サンプル不足
v5,distance_high_120d,120日高値接近度,業種,その他金融業,3d,3営業日,0,,,,サンプル不足
v5,distance_high_120d,120日高値接近度,業種,その他金融業,5d,5営業日,0,,,,サンプル不足
v5,distance_high_120d,120日高値接近度,業種,その他金融業,10d,10営業日,0,,,,サンプル不足
v5,distance_high_120d,120日高値接近度,業種,ガラス・土石製品,1d,1営業日,1,-0.10540925533894598,-0.10540925533894598,0.0,サンプル不足
v5,distance_high_120d,120日高値接近度,業種,ガラス・土石製品,3d,3営業日,1,-0.10540925533894598,-0.10540925533894598,0.0,サンプル不足
v5,distance_high_120d,120日高値接近度,業種,ガラス・土石製品,5d,5営業日,1,0.21081851067789195,0.21081851067789195,1.0,サンプル不足
v5,distance_high_120d,120日高値接近度,業種,ガラス・土石製品,10d,10営業日,1,-0.10540925533894598,-0.10540925533894598,0.0,サンプル不足
v5,distance_high_120d,120日高値接近度,業種,サービス業,1d,1営業日,1,-0.2898855178262242,-0.2898855178262242,0.0,サンプル不足
v5,distance_high_120d,120日高値接近度,業種,サービス業,3d,3営業日,1,0.6087595874350709,0.6087595874350709,1.0,サンプル不足
v5,distance_high_120d,120日高値接近度,業種,サービス業,5d,5営業日,1,0.3188740696088466,0.3188740696088466,1.0,サンプル不足
v5,distance_high_120d,120日高値接近度,業種,サービス業,10d,10営業日,1,0.20291986247835697,0.20291986247835697,1.0,サンプル不足
v5,distance_high_120d,120日高値接近度,業種,パルプ・紙,1d,1営業日,0,,,,サンプル不足
v5,distance_high_120d,120日高値接近度,業種,パルプ・紙,3d,3営業日,0,,,,サンプル不足
v5,distance_high_120d,120日高値接近度,業種,パルプ・紙,5d,5営業日,0,,,,サンプル不足
v5,distance_high_120d,120日高値接近度,業種,パルプ・紙,10d,10営業日,0,,,,サンプル不足
v5,distance_high_120d,120日高値接近度,業種,不動産業,1d,1営業日,0,,,,サンプル不足
v5,distance_high_120d,120日高値接近度,業種,不動産業,3d,3営業日,0,,,,サンプル不足
v5,distance_high_120d,120日高値接近度,業種,不動産業,5d,5営業日,0,,,,サンプル不足
v5,distance_high_120d,120日高値接近度,業種,不動産業,10d,10営業日,0,,,,サンプル不足
v5,distance_high_120d,120日高値接近度,業種,保険業,1d,1営業日,0,,,,サンプル不足
v5,distance_high_120d,120日高値接近度,業種,保険業,3d,3営業日,0,,,,サンプル不足
v5,distance_high_120d,120日高値接近度,業種,保険業,5d,5営業日,0,,,,サンプル不足
v5,distance_high_120d,120日高値接近度,業種,保険業,10d,10営業日,0,,,,サンプル不足
v5,distance_high_120d,120日高値接近度,業種,化学,1d,1営業日,1,-0.42857142857142866,-0.42857142857142866,0.0,サンプル不足
v5,distance_high_120d,120日高値接近度,業種,化学,3d,3営業日,1,0.25,0.25,1.0,サンプル不足
v5,distance_high_120d,120日高値接近度,業種,化学,5d,5営業日,1,0.5714285714285715,0.5714285714285715,1.0,サンプル不足
v5,distance_high_120d,120日高値接近度,業種,化学,10d,10営業日,1,0.3571428571428572,0.3571428571428572,1.0,サンプル不足
v5,distance_high_120d,120日高値接近度,業種,卸売業,1d,1営業日,0,,,,サンプル不足
v5,distance_high_120d,120日高値接近度,業種,卸売業,3d,3営業日,0,,,,サンプル不足
v5,distance_high_120d,120日高値接近度,業種,卸売業,5d,5営業日,0,,,,サンプル不足
v5,distance_high_120d,120日高値接近度,業種,卸売業,10d,10営業日,0,,,,サンプル不足
v5,distance_high_120d,120日高値接近度,業種,小売業,1d,1営業日,1,1.0,1.0,1.0,サンプル不足
v5,distance_high_120d,120日高値接近度,業種,小売業,3d,3営業日,1,0.5,0.5,1.0,サンプル不足
v5,distance_high_120d,120日高値接近度,業種,小売業,5d,5営業日,1,0.5,0.5,1.0,サンプル不足
v5,distance_high_120d,120日高値接近度,業種,小売業,10d,10営業日,1,1.0,1.0,1.0,サンプル不足
v5,distance_high_120d,120日高値接近度,業種,建設業,1d,1営業日,0,,,,サンプル不足
v5,distance_high_120d,120日高値接近度,業種,建設業,3d,3営業日,0,,,,サンプル不足
v5,distance_high_120d,120日高値接近度,業種,建設業,5d,5営業日,0,,,,サンプル不足
v5,distance_high_120d,120日高値接近度,業種,建設業,10d,10営業日,0,,,,サンプル不足
v5,distance_high_120d,120日高値接近度,業種,情報・通信業,1d,1営業日,1,-0.49999999999999994,-0.49999999999999994,0.0,サンプル不足
v5,distance_high_120d,120日高値接近度,業種,情報・通信業,3d,3営業日,1,-0.49999999999999994,-0.49999999999999994,0.0,サンプル不足
v5,distance_high_120d,120日高値接近度,業種,情報・通信業,5d,5営業日,1,-0.3,-0.3,0.0,サンプル不足
v5,distance_high_120d,120日高値接近度,業種,情報・通信業,10d,10営業日,1,0.09999999999999999,0.09999999999999999,1.0,サンプル不足
v5,distance_high_120d,120日高値接近度,業種,機械,1d,1営業日,1,-0.03867462340768808,-0.03867462340768808,0.0,サンプル不足
v5,distance_high_120d,120日高値接近度,業種,機械,3d,3営業日,1,0.0,0.0,0.0,サンプル不足
v5,distance_high_120d,120日高値接近度,業種,機械,5d,5営業日,1,0.22099784804393194,0.22099784804393194,1.0,サンプル不足
v5,distance_high_120d,120日高値接近度,業種,機械,10d,10営業日,1,-0.12707376262526085,-0.12707376262526085,0.0,サンプル不足
v5,distance_high_120d,120日高値接近度,業種,精密機器,1d,1営業日,1,0.40089186286863665,0.40089186286863665,1.0,サンプル不足
v5,distance_high_120d,120日高値接近度,業種,精密機器,3d,3営業日,1,-0.13363062095621223,-0.13363062095621223,0.0,サンプル不足
v5,distance_high_120d,120日高値接近度,業種,精密機器,5d,5営業日,1,-0.13363062095621223,-0.13363062095621223,0.0,サンプル不足
v5,distance_high_120d,120日高値接近度,業種,精密機器,10d,10営業日,1,0.13363062095621223,0.13363062095621223,1.0,サンプル不足
v5,distance_high_120d,120日高値接近度,業種,証券、商品先物取引業,1d,1営業日,0,,,,サンプル不足
v5,distance_high_120d,120日高値接近度,業種,証券、商品先物取引業,3d,3営業日,0,,,,サンプル不足
v5,distance_high_120d,120日高値接近度,業種,証券、商品先物取引業,5d,5営業日,0,,,,サンプル不足
v5,distance_high_120d,120日高値接近度,業種,証券、商品先物取引業,10d,10営業日,0,,,,サンプル不足
v5,distance_high_120d,120日高値接近度,業種,輸送用機器,1d,1営業日,1,0.39999999999999997,0.39999999999999997,1.0,サンプル不足
v5,distance_high_120d,120日高値接近度,業種,輸送用機器,3d,3営業日,1,0.7999999999999999,0.7999999999999999,1.0,サンプル不足
v5,distance_high_120d,120日高値接近度,業種,輸送用機器,5d,5営業日,1,0.7999999999999999,0.7999999999999999,1.0,サンプル不足
v5,distance_high_120d,120日高値接近度,業種,輸送用機器,10d,10営業日,1,0.7999999999999999,0.7999999999999999,1.0,サンプル不足
v5,distance_high_120d,120日高値接近度,業種,金属製品,1d,1営業日,1,-0.39999999999999997,-0.39999999999999997,0.0,サンプル不足
v5,distance_high_120d,120日高値接近度,業種,金属製品,3d,3営業日,1,0.19999999999999998,0.19999999999999998,1.0,サンプル不足
v5,distance_high_120d,120日高値接近度,業種,金属製品,5d,5営業日,1,0.19999999999999998,0.19999999999999998,1.0,サンプル不足
v5,distance_high_120d,120日高値接近度,業種,金属製品,10d,10営業日,1,-0.7999999999999999,-0.7999999999999999,0.0,サンプル不足
v5,distance_high_120d,120日高値接近度,業種,鉄鋼,1d,1営業日,0,,,,サンプル不足
v5,distance_high_120d,120日高値接近度,業種,鉄鋼,3d,3営業日,0,,,,サンプル不足
v5,distance_high_120d,120日高値接近度,業種,鉄鋼,5d,5営業日,0,,,,サンプル不足
v5,distance_high_120d,120日高値接近度,業種,鉄鋼,10d,10営業日,0,,,,サンプル不足
v5,distance_high_120d,120日高値接近度,業種,銀行業,1d,1営業日,1,-0.9746794344808964,-0.9746794344808964,0.0,サンプル不足
v5,distance_high_120d,120日高値接近度,業種,銀行業,3d,3営業日,1,-0.9746794344808964,-0.9746794344808964,0.0,サンプル不足
v5,distance_high_120d,120日高値接近度,業種,銀行業,5d,5営業日,1,-0.8720815992723809,-0.8720815992723809,0.0,サンプル不足
v5,distance_high_120d,120日高値接近度,業種,銀行業,10d,10営業日,1,-0.051298917604257706,-0.051298917604257706,0.0,サンプル不足
v5,distance_high_120d,120日高値接近度,業種,電気・ガス業,1d,1営業日,0,,,,サンプル不足
v5,distance_high_120d,120日高値接近度,業種,電気・ガス業,3d,3営業日,0,,,,サンプル不足
v5,distance_high_120d,120日高値接近度,業種,電気・ガス業,5d,5営業日,0,,,,サンプル不足
v5,distance_high_120d,120日高値接近度,業種,電気・ガス業,10d,10営業日,0,,,,サンプル不足
v5,distance_high_120d,120日高値接近度,業種,電気機器,1d,1営業日,1,0.05708384153547584,0.05708384153547584,1.0,サンプル不足
v5,distance_high_120d,120日高値接近度,業種,電気機器,3d,3営業日,1,0.09004775002779287,0.09004775002779287,1.0,サンプル不足
v5,distance_high_120d,120日高値接近度,業種,電気機器,5d,5営業日,1,-0.005627984376737055,-0.005627984376737055,0.0,サンプル不足
v5,distance_high_120d,120日高値接近度,業種,電気機器,10d,10営業日,1,0.22029538846085045,0.22029538846085045,1.0,サンプル不足
v5,distance_high_120d,120日高値接近度,業種,非鉄金属,1d,1営業日,0,,,,サンプル不足
v5,distance_high_120d,120日高値接近度,業種,非鉄金属,3d,3営業日,0,,,,サンプル不足
v5,distance_high_120d,120日高値接近度,業種,非鉄金属,5d,5営業日,0,,,,サンプル不足
v5,distance_high_120d,120日高値接近度,業種,非鉄金属,10d,10営業日,0,,,,サンプル不足
v5,distance_high_120d,120日高値接近度,業種,食料品,1d,1営業日,0,,,,サンプル不足
v5,distance_high_120d,120日高値接近度,業種,食料品,3d,3営業日,0,,,,サンプル不足
v5,distance_high_120d,120日高値接近度,業種,食料品,5d,5営業日,0,,,,サンプル不足
v5,distance_high_120d,120日高値接近度,業種,食料品,10d,10営業日,0,,,,サンプル不足
v5,volatility_20d,20日変動率,全体,全体,1d,1営業日,1,-0.036387638763876386,-0.036387638763876386,0.0,サンプル不足
v5,volatility_20d,20日変動率,全体,全体,3d,3営業日,1,-0.13608160816081608,-0.13608160816081608,0.0,サンプル不足
v5,volatility_20d,20日変動率,全体,全体,5d,5営業日,1,0.14365436543654364,0.14365436543654364,1.0,サンプル不足
v5,volatility_20d,20日変動率,全体,全体,10d,10営業日,1,0.18064206420642062,0.18064206420642062,1.0,サンプル不足
v5,volatility_20d,20日変動率,業種,その他金融業,1d,1営業日,0,,,,サンプル不足
v5,volatility_20d,20日変動率,業種,その他金融業,3d,3営業日,0,,,,サンプル不足
v5,volatility_20d,20日変動率,業種,その他金融業,5d,5営業日,0,,,,サンプル不足
v5,volatility_20d,20日変動率,業種,その他金融業,10d,10営業日,0,,,,サンプル不足
v5,volatility_20d,20日変動率,業種,ガラス・土石製品,1d,1営業日,1,-0.7999999999999999,-0.7999999999999999,0.0,サンプル不足
v5,volatility_20d,20日変動率,業種,ガラス・土石製品,3d,3営業日,1,-0.7999999999999999,-0.7999999999999999,0.0,サンプル不足
v5,volatility_20d,20日変動率,業種,ガラス・土石製品,5d,5営業日,1,-1.0,-1.0,0.0,サンプル不足
v5,volatility_20d,20日変動率,業種,ガラス・土石製品,10d,10営業日,1,0.39999999999999997,0.39999999999999997,1.0,サンプル不足
v5,volatility_20d,20日変動率,業種,サービス業,1d,1営業日,1,0.2571428571428572,0.2571428571428572,1.0,サンプル不足
v5,volatility_20d,20日変動率,業種,サービス業,3d,3営業日,1,0.08571428571428573,0.08571428571428573,1.0,サンプル不足
v5,volatility_20d,20日変動率,業種,サービス業,5d,5営業日,1,0.3714285714285715,0.3714285714285715,1.0,サンプル不足
v5,volatility_20d,20日変動率,業種,サービス業,10d,10営業日,1,0.2571428571428572,0.2571428571428572,1.0,サンプル不足
v5,volatility_20d,20日変動率,業種,パルプ・紙,1d,1営業日,0,,,,サンプル不足
v5,volatility_20d,20日変動率,業種,パルプ・紙,3d,3営業日,0,,,,サンプル不足
v5,volatility_20d,20日変動率,業種,パルプ・紙,5d,5営業日,0,,,,サンプル不足
v5,volatility_20d,20日変動率,業種,パルプ・紙,10d,10営業日,0,,,,サンプル不足
v5,volatility_20d,20日変動率,業種,不動産業,1d,1営業日,0,,,,サンプル不足
v5,volatility_20d,20日変動率,業種,不動産業,3d,3営業日,0,,,,サンプル不足
v5,volatility_20d,20日変動率,業種,不動産業,5d,5営業日,0,,,,サンプル不足
v5,volatility_20d,20日変動率,業種,不動産業,10d,10営業日,0,,,,サンプル不足
v5,volatility_20d,20日変動率,業種,保険業,1d,1営業日,0,,,,サンプル不足
v5,volatility_20d,20日変動率,業種,保険業,3d,3営業日,0,,,,サンプル不足
v5,volatility_20d,20日変動率,業種,保険業,5d,5営業日,0,,,,サンプル不足
v5,volatility_20d,20日変動率,業種,保険業,10d,10営業日,0,,,,サンプル不足
v5,volatility_20d,20日変動率,業種,化学,1d,1営業日,1,-0.07142857142857144,-0.07142857142857144,0.0,サンプル不足
v5,volatility_20d,20日変動率,業種,化学,3d,3営業日,1,0.14285714285714288,0.14285714285714288,1.0,サンプル不足
v5,volatility_20d,20日変動率,業種,化学,5d,5営業日,1,0.5,0.5,1.0,サンプル不足
v5,volatility_20d,20日変動率,業種,化学,10d,10営業日,1,0.7142857142857144,0.7142857142857144,1.0,サンプル不足
v5,volatility_20d,20日変動率,業種,卸売業,1d,1営業日,0,,,,サンプル不足
v5,volatility_20d,20日変動率,業種,卸売業,3d,3営業日,0,,,,サンプル不足
v5,volatility_20d,20日変動率,業種,卸売業,5d,5営業日,0,,,,サンプル不足
v5,volatility_20d,20日変動率,業種,卸売業,10d,10営業日,0,,,,サンプル不足
v5,volatility_20d,20日変動率,業種,小売業,1d,1営業日,1,-0.5,-0.5,0.0,サンプル不足
v5,volatility_20d,20日変動率,業種,小売業,3d,3営業日,1,-1.0,-1.0,0.0,サンプル不足
v5,volatility_20d,20日変動率,業種,小売業,5d,5営業日,1,-1.0,-1.0,0.0,サンプル不足
v5,volatility_20d,20日変動率,業種,小売業,10d,10営業日,1,-0.5,-0.5,0.0,サンプル不足
v5,volatility_20d,20日変動率,業種,建設業,1d,1営業日,0,,,,サンプル不足
v5,volatility_20d,20日変動率,業種,建設業,3d,3営業日,0,,,,サンプル不足
v5,volatility_20d,20日変動率,業種,建設業,5d,5営業日,0,,,,サンプル不足
v5,volatility_20d,20日変動率,業種,建設業,10d,10営業日,0,,,,サンプル不足
v5,volatility_20d,20日変動率,業種,情報・通信業,1d,1営業日,1,0.3,0.3,1.0,サンプル不足
v5,volatility_20d,20日変動率,業種,情報・通信業,3d,3営業日,1,0.3,0.3,1.0,サンプル不足
v5,volatility_20d,20日変動率,業種,情報・通信業,5d,5営業日,1,0.39999999999999997,0.39999999999999997,1.0,サンプル不足
v5,volatility_20d,20日変動率,業種,情報・通信業,10d,10営業日,1,0.7,0.7,1.0,サンプル不足
v5,volatility_20d,20日変動率,業種,機械,1d,1営業日,1,-0.11538461538461539,-0.11538461538461539,0.0,サンプル不足
v5,volatility_20d,20日変動率,業種,機械,3d,3営業日,1,-0.2692307692307692,-0.2692307692307692,0.0,サンプル不足
v5,volatility_20d,20日変動率,業種,機械,5d,5営業日,1,-0.38461538461538464,-0.38461538461538464,0.0,サンプル不足
v5,volatility_20d,20日変動率,業種,機械,10d,10営業日,1,-0.19230769230769232,-0.19230769230769232,0.0,サンプル不足
v5,volatility_20d,20日変動率,業種,精密機器,1d,1営業日,1,0.4642857142857144,0.4642857142857144,1.0,サンプル不足
v5,volatility_20d,20日変動率,業種,精密機器,3d,3営業日,1,0.14285714285714288,0.14285714285714288,1.0,サンプル不足
v5,volatility_20d,20日変動率,業種,精密機器,5d,5営業日,1,0.07142857142857144,0.07142857142857144,1.0,サンプル不足
v5,volatility_20d,20日変動率,業種,精密機器,10d,10営業日,1,0.42857142857142866,0.42857142857142866,1.0,サンプル不足
v5,volatility_20d,20日変動率,業種,証券、商品先物取引業,1d,1営業日,0,,,,サンプル不足
v5,volatility_20d,20日変動率,業種,証券、商品先物取引業,3d,3営業日,0,,,,サンプル不足
v5,volatility_20d,20日変動率,業種,証券、商品先物取引業,5d,5営業日,0,,,,サンプル不足
v5,volatility_20d,20日変動率,業種,証券、商品先物取引業,10d,10営業日,0,,,,サンプル不足
v5,volatility_20d,20日変動率,業種,輸送用機器,1d,1営業日,1,0.39999999999999997,0.39999999999999997,1.0,サンプル不足
v5,volatility_20d,20日変動率,業種,輸送用機器,3d,3営業日,1,0.7999999999999999,0.7999999999999999,1.0,サンプル不足
v5,volatility_20d,20日変動率,業種,輸送用機器,5d,5営業日,1,0.7999999999999999,0.7999999999999999,1.0,サンプル不足
v5,volatility_20d,20日変動率,業種,輸送用機器,10d,10営業日,1,0.7999999999999999,0.7999999999999999,1.0,サンプル不足
v5,volatility_20d,20日変動率,業種,金属製品,1d,1営業日,1,0.6000000000000001,0.6000000000000001,1.0,サンプル不足
v5,volatility_20d,20日変動率,業種,金属製品,3d,3営業日,1,0.7999999999999999,0.7999999999999999,1.0,サンプル不足
v5,volatility_20d,20日変動率,業種,金属製品,5d,5営業日,1,0.7999999999999999,0.7999999999999999,1.0,サンプル不足
v5,volatility_20d,20日変動率,業種,金属製品,10d,10営業日,1,0.0,0.0,0.0,サンプル不足
v5,volatility_20d,20日変動率,業種,鉄鋼,1d,1営業日,0,,,,サンプル不足
v5,volatility_20d,20日変動率,業種,鉄鋼,3d,3営業日,0,,,,サンプル不足
v5,volatility_20d,20日変動率,業種,鉄鋼,5d,5営業日,0,,,,サンプル不足
v5,volatility_20d,20日変動率,業種,鉄鋼,10d,10営業日,0,,,,サンプル不足
v5,volatility_20d,20日変動率,業種,銀行業,1d,1営業日,1,0.0,0.0,0.0,サンプル不足
v5,volatility_20d,20日変動率,業種,銀行業,3d,3営業日,1,0.0,0.0,0.0,サンプル不足
v5,volatility_20d,20日変動率,業種,銀行業,5d,5営業日,1,0.09999999999999999,0.09999999999999999,1.0,サンプル不足
v5,volatility_20d,20日変動率,業種,銀行業,10d,10営業日,1,0.7999999999999999,0.7999999999999999,1.0,サンプル不足
v5,volatility_20d,20日変動率,業種,電気・ガス業,1d,1営業日,0,,,,サンプル不足
v5,volatility_20d,20日変動率,業種,電気・ガス業,3d,3営業日,0,,,,サンプル不足
v5,volatility_20d,20日変動率,業種,電気・ガス業,5d,5営業日,0,,,,サンプル不足
v5,volatility_20d,20日変動率,業種,電気・ガス業,10d,10営業日,0,,,,サンプル不足
v5,volatility_20d,20日変動率,業種,電気機器,1d,1営業日,1,-0.11307692307692309,-0.11307692307692309,0.0,サンプル不足
v5,volatility_20d,20日変動率,業種,電気機器,3d,3営業日,1,-0.03,-0.03,0.0,サンプル不足
v5,volatility_20d,20日変動率,業種,電気機器,5d,5営業日,1,0.31384615384615383,0.31384615384615383,1.0,サンプル不足
v5,volatility_20d,20日変動率,業種,電気機器,10d,10営業日,1,0.09307692307692307,0.09307692307692307,1.0,サンプル不足
v5,volatility_20d,20日変動率,業種,非鉄金属,1d,1営業日,0,,,,サンプル不足
v5,volatility_20d,20日変動率,業種,非鉄金属,3d,3営業日,0,,,,サンプル不足
v5,volatility_20d,20日変動率,業種,非鉄金属,5d,5営業日,0,,,,サンプル不足
v5,volatility_20d,20日変動率,業種,非鉄金属,10d,10営業日,0,,,,サンプル不足
v5,volatility_20d,20日変動率,業種,食料品,1d,1営業日,0,,,,サンプル不足
v5,volatility_20d,20日変動率,業種,食料品,3d,3営業日,0,,,,サンプル不足
v5,volatility_20d,20日変動率,業種,食料品,5d,5営業日,0,,,,サンプル不足
v5,volatility_20d,20日変動率,業種,食料品,10d,10営業日,0,,,,サンプル不足
v7,score,総合スコア,全体,全体,1d,1営業日,50,-0.023276416842853732,-0.02732711774152264,0.46,評価可能
v7,score,総合スコア,全体,全体,3d,3営業日,49,-0.05003264942896102,-0.04120036723966909,0.2857142857142857,評価可能
v7,score,総合スコア,全体,全体,5d,5営業日,47,-0.0712122233674558,-0.0467086708670867,0.23404255319148937,評価可能
v7,score,総合スコア,全体,全体,10d,10営業日,42,-0.1265545362063029,-0.11382622304927126,0.16666666666666666,評価可能
v7,score,総合スコア,業種,その他製品,1d,1営業日,16,0.11607142857142859,0.32857142857142857,0.5625,サンプル不足
v7,score,総合スコア,業種,その他製品,3d,3営業日,16,0.04196428571428572,0.1571428571428571,0.5,サンプル不足
v7,score,総合スコア,業種,その他製品,5d,5営業日,15,0.16285714285714284,0.39999999999999997,0.6,サンプル不足
v7,score,総合スコア,業種,その他製品,10d,10営業日,13,0.18791208791208788,0.5,0.6923076923076923,サンプル不足
v7,score,総合スコア,業種,その他金融業,1d,1営業日,2,-0.5,-0.5,0.0,サンプル不足
v7,score,総合スコア,業種,その他金融業,3d,3営業日,2,-0.25,-0.25,0.5,サンプル不足
v7,score,総合スコア,業種,その他金融業,5d,5営業日,2,-0.25,-0.25,0.5,サンプル不足
v7,score,総合スコア,業種,その他金融業,10d,10営業日,2,-0.25,-0.25,0.5,サンプル不足
v7,score,総合スコア,業種,ガラス・土石製品,1d,1営業日,2,-0.75,-0.75,0.0,サンプル不足
v7,score,総合スコア,業種,ガラス・土石製品,3d,3営業日,2,-0.75,-0.75,0.0,サンプル不足
v7,score,総合スコア,業種,ガラス・土石製品,5d,5営業日,2,-0.25,-0.25,0.5,サンプル不足
v7,score,総合スコア,業種,ガラス・土石製品,10d,10営業日,2,-0.75,-0.75,0.0,サンプル不足
v7,score,総合スコア,業種,ゴム製品,1d,1営業日,1,0.0,0.0,0.0,サンプル不足
v7,score,総合スコア,業種,ゴム製品,3d,3営業日,1,-0.6000000000000001,-0.6000000000000001,0.0,サンプル不足
v7,score,総合スコア,業種,ゴム製品,5d,5営業日,1,-0.7999999999999999,-0.7999999999999999,0.0,サンプル不足
v7,score,総合スコア,業種,ゴム製品,10d,10営業日,1,-0.7999999999999999,-0.7999999999999999,0.0,サンプル不足
v7,score,総合スコア,業種,サービス業,1d,1営業日,50,-0.03188377825668359,-0.06130536130536131,0.44,評価可能
v7,score,総合スコア,業種,サービス業,3d,3営業日,49,-0.03743911992310489,-0.08571428571428573,0.3673469387755102,評価可能
v7,score,総合スコア,業種,サービス業,5d,5営業日,47,-0.02496793731167247,0.02417582417582418,0.5106382978723404,評価可能
v7,score,総合スコア,業種,サービス業,10d,10営業日,42,-0.04262132294028976,-0.05454545454545455,0.4523809523809524,評価可能
v7,score,総合スコア,業種,パルプ・紙,1d,1営業日,0,,,,サンプル不足
v7,score,総合スコア,業種,パルプ・紙,3d,3営業日,0,,,,サンプル不足
v7,score,総合スコア,業種,パルプ・紙,5d,5営業日,0,,,,サンプル不足
v7,score,総合スコア,業種,パルプ・紙,10d,10営業日,0,,,,サンプル不足
v7,score,総合スコア,業種,不動産業,1d,1営業日,7,-0.3620614852602392,-0.5,0.2857142857142857,サンプル不足
v7,score,総合スコア,業種,不動産業,3d,3営業日,7,-0.17142857142857143,-0.5,0.42857142857142855,サンプル不足
v7,score,総合スコア,業種,不動産業,5d,5営業日,7,-0.19999999999999998,-0.5,0.2857142857142857,サンプル不足
v7,score,総合スコア,業種,不動産業,10d,10営業日,5,-0.039999999999999994,0.19999999999999998,0.6,サンプル不足
v7,score,総合スコア,業種,保険業,1d,1営業日,18,-0.15826018322502855,-0.39999999999999997,0.4444444444444444,サンプル不足
v7,score,総合スコア,業種,保険業,3d,3営業日,18,-0.3360379610028063,-0.5,0.2777777777777778,サンプル不足
v7,score,総合スコア,業種,保険業,5d,5営業日,18,-0.21381573878058413,-0.5,0.3333333333333333,サンプル不足
v7,score,総合スコア,業種,保険業,10d,10営業日,18,-0.20735864066853754,-0.5,0.2777777777777778,サンプル不足
v7,score,総合スコア,業種,倉庫・運輸関連業,1d,1営業日,1,0.5,0.5,1.0,サンプル不足
v7,score,総合スコア,業種,倉庫・運輸関連業,3d,3営業日,1,0.5,0.5,1.0,サンプル不足
v7,score,総合スコア,業種,倉庫・運輸関連業,5d,5営業日,1,-0.5,-0.5,0.0,サンプル不足
v7,score,総合スコア,業種,倉庫・運輸関連業,10d,10営業日,1,0.5,0.5,1.0,サンプル不足
v7,score,総合スコア,業種,化学,1d,1営業日,46,-0.07403936643067077,-0.014285714285714287,0.391304347826087,評価可能
v7,score,総合スコア,業種,化学,3d,3営業日,45,-0.04303714803714801,-0.03636363636363637,0.4444444444444444,評価可能
v7,score,総合スコア,業種,化学,5d,5営業日,43,0.06443420920165105,0.0,0.4418604651162791,評価可能
v7,score,総合スコア,業種,化学,10d,10営業日,41,-0.029081487618073,0.0,0.4878048780487805,評価可能
v7,score,総合スコア,業種,医薬品,1d,1営業日,12,-0.20595238095238091,-0.6357142857142857,0.4166666666666667,サンプル不足
v7,score,総合スコア,業種,医薬品,3d,3営業日,11,0.0025974025974025983,0.39999999999999997,0.5454545454545454,サンプル不足
v7,score,総合スコア,業種,医薬品,5d,5営業日,9,0.07777777777777778,0.5,0.5555555555555556,サンプル不足
v7,score,総合スコア,業種,医薬品,10d,10営業日,4,0.0,0.0,0.5,サンプル不足
v7,score,総合スコア,業種,卸売業,1d,1営業日,46,0.07963266173259068,0.15198911528748127,0.6086956521739131,評価可能
v7,score,総合スコア,業種,卸売業,3d,3営業日,45,0.051181928735153155,0.09999999999999999,0.5333333333333333,評価可能
v7,score,総合スコア,業種,卸売業,5d,5営業日,43,0.08609888945655811,0.0,0.4883720930232558,評価可能
v7,score,総合スコア,業種,卸売業,10d,10営業日,38,0.023057810767147673,0.06428571428571428,0.5263157894736842,評価可能
v7,score,総合スコア,業種,小売業,1d,1営業日,43,-0.1369658989700095,-0.14285714285714288,0.37209302325581395,評価可能
v7,score,総合スコア,業種,小売業,3d,3営業日,42,-0.08705687403166394,-0.022058823529411766,0.40476190476190477,評価可能
v7,score,総合スコア,業種,小売業,5d,5営業日,40,-0.13683772110242698,-0.1964285714285714,0.35,評価可能
v7,score,総合スコア,業種,小売業,10d,10営業日,35,-0.19592641252305118,-0.19999999999999998,0.2857142857142857,評価可能
v7,score,総合スコア,業種,建設業,1d,1営業日,8,-0.25,-0.5,0.25,サンプル不足
v7,score,総合スコア,業種,建設業,3d,3営業日,8,-0.16249999999999998,-0.5,0.375,サンプル不足
v7,score,総合スコア,業種,建設業,5d,5営業日,7,-0.2857142857142857,-0.5,0.2857142857142857,サンプル不足
v7,score,総合スコア,業種,建設業,10d,10営業日,7,-0.14285714285714285,-0.5,0.42857142857142855,サンプル不足
v7,score,総合スコア,業種,情報・通信業,1d,1営業日,50,-0.025097894645712725,-0.05057744188178971,0.42,評価可能
v7,score,総合スコア,業種,情報・通信業,3d,3営業日,49,0.010723182102386895,-0.02260869565217391,0.4489795918367347,評価可能
v7,score,総合スコア,業種,情報・通信業,5d,5営業日,47,-0.03521716090206338,-0.04175824175824176,0.3617021276595745,評価可能
v7,score,総合スコア,業種,情報・通信業,10d,10営業日,42,-0.10466776246683293,-0.15041827541827543,0.3333333333333333,評価可能
v7,score,総合スコア,業種,機械,1d,1営業日,34,-0.0025492002070487962,0.011904761904761908,0.5,評価可能
v7,score,総合スコア,業種,機械,3d,3営業日,34,0.10148023548143674,0.15757575757575756,0.5588235294117647,評価可能
v7,score,総合スコア,業種,機械,5d,5営業日,33,-0.03144608361502364,0.0,0.48484848484848486,評価可能
v7,score,総合スコア,業種,機械,10d,10営業日,31,-0.09854303383168386,0.0,0.41935483870967744,評価可能
v7,score,総合スコア,業種,海運業,1d,1営業日,9,-0.011111111111111118,0.19999999999999998,0.5555555555555556,サンプル不足
v7,score,総合スコア,業種,海運業,3d,3営業日,9,-9.25185853854297e-18,0.19999999999999998,0.5555555555555556,サンプル不足
v7,score,総合スコア,業種,海運業,5d,5営業日,7,0.05714285714285713,0.19999999999999998,0.5714285714285714,サンプル不足
v7,score,総合スコア,業種,海運業,10d,10営業日,3,0.033333333333333326,0.5,0.6666666666666666,サンプル不足
v7,score,総合スコア,業種,石油・石炭製品,1d,1営業日,0,,,,サンプル不足
v7,score,総合スコア,業種,石油・石炭製品,3d,3営業日,0,,,,サンプル不足
v7,score,総合スコア,業種,石油・石炭製品,5d,5営業日,0,,,,サンプル不足
v7,score,総合スコア,業種,石油・石炭製品,10d,10営業日,0,,,,サンプル不足
v7,score,総合スコア,業種,空運業,1d,1営業日,0,,,,サンプル不足
v7,score,総合スコア,業種,空運業,3d,3営業日,0,,,,サンプル不足
v7,score,総合スコア,業種,空運業,5d,5営業日,0,,,,サンプル不足
v7,score,総合スコア,業種,空運業,10d,10営業日,0,,,,サンプル不足
v7,score,総合スコア,業種,精密機器,1d,1営業日,23,-0.09254658385093167,-0.39999999999999997,0.43478260869565216,サンプル不足
v7,score,総合スコア,業種,精密機器,3d,3営業日,22,0.04935064935064936,0.1285714285714286,0.5,サンプル不足
v7,score,総合スコア,業種,精密機器,5d,5営業日,20,0.038571428571428576,0.07142857142857144,0.5,サンプル不足
v7,score,総合スコア,業種,精密機器,10d,10営業日,16,-0.03214285714285714,-0.05714285714285713,0.5,サンプル不足
v7,score,総合スコア,業種,繊維製品,1d,1営業日,0,,,,サンプル不足
v7,score,総合スコア,業種,繊維製品,3d,3営業日,0,,,,サンプル不足
v7,score,総合スコア,業種,繊維製品,5d,5営業日,0,,,,サンプル不足
v7,score,総合スコア,業種,繊維製品,10d,10営業日,0,,,,サンプル不足
v7,score,総合スコア,業種,証券、商品先物取引業,1d,1営業日,21,0.04217687074829933,0.19999999999999998,0.5238095238095238,サンプル不足
v7,score,総合スコア,業種,証券、商品先物取引業,3d,3営業日,20,0.0003571428571428614,0.05357142857142849,0.5,サンプル不足
v7,score,総合スコア,業種,証券、商品先物取引業,5d,5営業日,18,0.15714285714285714,0.4642857142857143,0.6666666666666666,サンプル不足
v7,score,総合スコア,業種,証券、商品先物取引業,10d,10営業日,17,0.04285714285714286,-0.39999999999999997,0.4117647058823529,サンプル不足
v7,score,総合スコア,業種,輸送用機器,1d,1営業日,30,-0.016327830919798756,-0.08571428571428572,0.43333333333333335,評価可能
v7,score,総合スコア,業種,輸送用機器,3d,3営業日,30,-0.08029608488805273,0.042857142857142864,0.5,評価可能
v7,score,総合スコア,業種,輸送用機器,5d,5営業日,29,-0.06746557221588376,-0.08571428571428573,0.4827586206896552,サンプル不足
v7,score,総合スコア,業種,輸送用機器,10d,10営業日,26,-0.059132845200500356,0.12380952380952381,0.5384615384615384,サンプル不足
v7,score,総合スコア,業種,金属製品,1d,1営業日,19,-0.15213032581453634,-0.19999999999999998,0.3157894736842105,サンプル不足
v7,score,総合スコア,業種,金属製品,3d,3営業日,19,-0.10626566416040098,-0.11904761904761905,0.42105263157894735,サンプル不足
v7,score,総合スコア,業種,金属製品,5d,5営業日,19,-0.05664160401002506,-0.04761904761904763,0.47368421052631576,サンプル不足
v7,score,総合スコア,業種,金属製品,10d,10営業日,16,-0.4244047619047619,-0.5,0.1875,サンプル不足
v7,score,総合スコア,業種,鉄鋼,1d,1営業日,9,-0.20000000000000004,-0.5,0.3333333333333333,サンプル不足
v7,score,総合スコア,業種,鉄鋼,3d,3営業日,9,-0.06666666666666668,0.0,0.4444444444444444,サンプル不足
v7,score,総合スコア,業種,鉄鋼,5d,5営業日,8,-0.03749999999999998,0.3,0.625,サンプル不足
v7,score,総合スコア,業種,鉄鋼,10d,10営業日,6,-0.1166666666666667,2.7755575615628914e-17,0.5,サンプル不足
v7,score,総合スコア,業種,鉱業,1d,1営業日,0,,,,サンプル不足
v7,score,総合スコア,業種,鉱業,3d,3営業日,0,,,,サンプル不足
v7,score,総合スコア,業種,鉱業,5d,5営業日,0,,,,サンプル不足
v7,score,総合スコア,業種,鉱業,10d,10営業日,0,,,,サンプル不足
v7,score,総合スコア,業種,銀行業,1d,1営業日,42,0.16397762266109114,0.20604395604395603,0.6190476190476191,評価可能
v7,score,総合スコア,業種,銀行業,3d,3営業日,42,0.01708569834559747,-0.11043956043956044,0.42857142857142855,評価可能
v7,score,総合スコア,業種,銀行業,5d,5営業日,41,-0.05713871972121613,-0.13333333333333333,0.36585365853658536,評価可能
v7,score,総合スコア,業種,銀行業,10d,10営業日,39,-0.04599401101663546,-0.03571428571428572,0.46153846153846156,評価可能
v7,score,総合スコア,業種,陸運業,1d,1営業日,1,-1.0,-1.0,0.0,サンプル不足
v7,score,総合スコア,業種,陸運業,3d,3営業日,1,-1.0,-1.0,0.0,サンプル不足
v7,score,総合スコア,業種,陸運業,5d,5営業日,1,-0.5,-0.5,0.0,サンプル不足
v7,score,総合スコア,業種,陸運業,10d,10営業日,1,-0.5,-0.5,0.0,サンプル不足
v7,score,総合スコア,業種,電気・ガス業,1d,1営業日,1,0.5,0.5,1.0,サンプル不足
v7,score,総合スコア,業種,電気・ガス業,3d,3営業日,1,0.5,0.5,1.0,サンプル不足
v7,score,総合スコア,業種,電気・ガス業,5d,5営業日,1,0.5,0.5,1.0,サンプル不足
v7,score,総合スコア,業種,電気・ガス業,10d,10営業日,1,0.5,0.5,1.0,サンプル不足
v7,score,総合スコア,業種,電気機器,1d,1営業日,50,-0.11736168809544688,-0.16217391304347825,0.34,評価可能
v7,score,総合スコア,業種,電気機器,3d,3営業日,49,-0.1736602916158712,-0.14285714285714285,0.2653061224489796,評価可能
v7,score,総合スコア,業種,電気機器,5d,5営業日,47,-0.20825977281229568,-0.21071428571428572,0.19148936170212766,評価可能
v7,score,総合スコア,業種,電気機器,10d,10営業日,42,-0.16486027189961816,-0.16818091530271728,0.2619047619047619,評価可能
v7,score,総合スコア,業種,非鉄金属,1d,1営業日,13,-0.13846153846153847,-0.19999999999999998,0.46153846153846156,サンプル不足
v7,score,総合スコア,業種,非鉄金属,3d,3営業日,13,0.14615384615384616,0.39999999999999997,0.6153846153846154,サンプル不足
v7,score,総合スコア,業種,非鉄金属,5d,5営業日,11,-0.009090909090909078,-0.39999999999999997,0.45454545454545453,サンプル不足
v7,score,総合スコア,業種,非鉄金属,10d,10営業日,7,0.07142857142857142,0.5,0.5714285714285714,サンプル不足
v7,score,総合スコア,業種,食料品,1d,1営業日,24,0.06767314429418365,0.25,0.5416666666666666,サンプル不足
v7,score,総合スコア,業種,食料品,3d,3営業日,24,-0.14539787705937213,-0.3,0.375,サンプル不足
v7,score,総合スコア,業種,食料品,5d,5営業日,24,-0.12337013640771162,-0.39999999999999997,0.375,サンプル不足
v7,score,総合スコア,業種,食料品,10d,10営業日,22,-0.20971595822263564,-0.5,0.3181818181818182,サンプル不足
v7,return_20d,20日モメンタム,全体,全体,1d,1営業日,50,-0.044632724432471356,-0.023771416808826096,0.42,評価可能
v7,return_20d,20日モメンタム,全体,全体,3d,3営業日,49,-0.09113769480422934,-0.08348134991720206,0.2653061224489796,評価可能
v7,return_20d,20日モメンタム,全体,全体,5d,5営業日,47,-0.10340268763423112,-0.08800480048004798,0.2553191489361702,評価可能
v7,return_20d,20日モメンタム,全体,全体,10d,10営業日,42,-0.13174722519089083,-0.08386812150602814,0.21428571428571427,評価可能
v7,return_20d,20日モメンタム,業種,その他製品,1d,1営業日,16,0.15089285714285716,0.0,0.5,サンプル不足
v7,return_20d,20日モメンタム,業種,その他製品,3d,3営業日,16,-0.13660714285714284,-0.2,0.3125,サンプル不足
v7,return_20d,20日モメンタム,業種,その他製品,5d,5営業日,15,0.3180952380952381,0.39999999999999997,0.6,サンプル不足
v7,return_20d,20日モメンタム,業種,その他製品,10d,10営業日,13,0.19670329670329673,0.39999999999999997,0.6153846153846154,サンプル不足
v7,return_20d,20日モメンタム,業種,その他金融業,1d,1営業日,2,-0.25,-0.25,0.5,サンプル不足
v7,return_20d,20日モメンタム,業種,その他金融業,3d,3営業日,2,-0.5,-0.5,0.0,サンプル不足
v7,return_20d,20日モメンタム,業種,その他金融業,5d,5営業日,2,-0.5,-0.5,0.0,サンプル不足
v7,return_20d,20日モメンタム,業種,その他金融業,10d,10営業日,2,-0.5,-0.5,0.0,サンプル不足
v7,return_20d,20日モメンタム,業種,ガラス・土石製品,1d,1営業日,2,-0.5,-0.5,0.0,サンプル不足
v7,return_20d,20日モメンタム,業種,ガラス・土石製品,3d,3営業日,2,-1.0,-1.0,0.0,サンプル不足
v7,return_20d,20日モメンタム,業種,ガラス・土石製品,5d,5営業日,2,-0.75,-0.75,0.0,サンプル不足
v7,return_20d,20日モメンタム,業種,ガラス・土石製品,10d,10営業日,2,-1.0,-1.0,0.0,サンプル不足
v7,return_20d,20日モメンタム,業種,ゴム製品,1d,1営業日,1,-0.39999999999999997,-0.39999999999999997,0.0,サンプル不足
v7,return_20d,20日モメンタム,業種,ゴム製品,3d,3営業日,1,-0.7999999999999999,-0.7999999999999999,0.0,サンプル不足
v7,return_20d,20日モメンタム,業種,ゴム製品,5d,5営業日,1,-0.6000000000000001,-0.6000000000000001,0.0,サンプル不足
v7,return_20d,20日モメンタム,業種,ゴム製品,10d,10営業日,1,-0.6000000000000001,-0.6000000000000001,0.0,サンプル不足
v7,return_20d,20日モメンタム,業種,サービス業,1d,1営業日,50,0.0007139072219439407,-0.030839429554919973,0.46,評価可能
v7,return_20d,20日モメンタム,業種,サービス業,3d,3営業日,49,-0.06115585042576891,-0.09890109890109891,0.40816326530612246,評価可能
v7,return_20d,20日モメンタム,業種,サービス業,5d,5営業日,47,-0.09278691408147915,-0.08391608391608392,0.425531914893617,評価可能
v7,return_20d,20日モメンタム,業種,サービス業,10d,10営業日,42,-0.13749812435315734,-0.10909090909090909,0.2857142857142857,評価可能
v7,return_20d,20日モメンタム,業種,パルプ・紙,1d,1営業日,0,,,,サンプル不足
v7,return_20d,20日モメンタム,業種,パルプ・紙,3d,3営業日,0,,,,サンプル不足
v7,return_20d,20日モメンタム,業種,パルプ・紙,5d,5営業日,0,,,,サンプル不足
v7,return_20d,20日モメンタム,業種,パルプ・紙,10d,10営業日,0,,,,サンプル不足
v7,return_20d,20日モメンタム,業種,不動産業,1d,1営業日,7,-0.10315456793497753,-0.5,0.42857142857142855,サンプル不足
v7,return_20d,20日モメンタム,業種,不動産業,3d,3営業日,7,-0.19999999999999998,-0.5,0.2857142857142857,サンプル不足
v7,return_20d,20日モメンタム,業種,不動産業,5d,5営業日,7,-0.42857142857142855,-0.5,0.14285714285714285,サンプル不足
v7,return_20d,20日モメンタム,業種,不動産業,10d,10営業日,5,-0.27999999999999997,-0.5,0.2,サンプル不足
v7,return_20d,20日モメンタム,業種,保険業,1d,1営業日,18,-0.11666666666666664,-0.39999999999999997,0.3888888888888889,サンプル不足
v7,return_20d,20日モメンタム,業種,保険業,3d,3営業日,18,-0.2444444444444444,-0.5,0.3333333333333333,サンプル不足
v7,return_20d,20日モメンタム,業種,保険業,5d,5営業日,18,-0.1611111111111111,-0.39999999999999997,0.3333333333333333,サンプル不足
v7,return_20d,20日モメンタム,業種,保険業,10d,10営業日,18,-0.3722222222222222,-0.55,0.2777777777777778,サンプル不足
v7,return_20d,20日モメンタム,業種,倉庫・運輸関連業,1d,1営業日,1,-1.0,-1.0,0.0,サンプル不足
v7,return_20d,20日モメンタム,業種,倉庫・運輸関連業,3d,3営業日,1,-1.0,-1.0,0.0,サンプル不足
v7,return_20d,20日モメンタム,業種,倉庫・運輸関連業,5d,5営業日,1,1.0,1.0,1.0,サンプル不足
v7,return_20d,20日モメンタム,業種,倉庫・運輸関連業,10d,10営業日,1,0.5,0.5,1.0,サンプル不足
v7,return_20d,20日モメンタム,業種,化学,1d,1営業日,46,-0.10217029347464132,-0.17261904761904767,0.43478260869565216,評価可能
v7,return_20d,20日モメンタム,業種,化学,3d,3営業日,45,-0.0647141747141747,-0.08571428571428573,0.37777777777777777,評価可能
v7,return_20d,20日モメンタム,業種,化学,5d,5営業日,43,-0.0173388626876999,-0.03333333333333333,0.46511627906976744,評価可能
v7,return_20d,20日モメンタム,業種,化学,10d,10営業日,41,-0.018553397821690527,-0.09999999999999999,0.4634146341463415,評価可能
v7,return_20d,20日モメンタム,業種,医薬品,1d,1営業日,12,-0.27976190476190477,-0.5,0.25,サンプル不足
v7,return_20d,20日モメンタム,業種,医薬品,3d,3営業日,11,-0.10389610389610389,-0.39999999999999997,0.45454545454545453,サンプル不足
v7,return_20d,20日モメンタム,業種,医薬品,5d,5営業日,9,0.020634920634920634,0.48571428571428577,0.5555555555555556,サンプル不足
v7,return_20d,20日モメンタム,業種,医薬品,10d,10営業日,4,0.0,0.0,0.5,サンプル不足
v7,return_20d,20日モメンタム,業種,卸売業,1d,1営業日,46,0.07373604656213353,0.059523809523809534,0.5217391304347826,評価可能
v7,return_20d,20日モメンタム,業種,卸売業,3d,3営業日,45,0.038095978095978096,0.1666666666666667,0.6,評価可能
v7,return_20d,20日モメンタム,業種,卸売業,5d,5営業日,43,0.015162357022822124,0.028571428571428574,0.5348837209302325,評価可能
v7,return_20d,20日モメンタム,業種,卸売業,10d,10営業日,38,0.06583153688416847,0.15930735930735931,0.5789473684210527,評価可能
v7,return_20d,20日モメンタム,業種,小売業,1d,1営業日,43,-0.06132030010279858,0.0,0.46511627906976744,評価可能
v7,return_20d,20日モメンタム,業種,小売業,3d,3営業日,42,0.013901353082025357,0.0,0.47619047619047616,評価可能
v7,return_20d,20日モメンタム,業種,小売業,5d,5営業日,40,-0.059424435858259406,-0.057692307692307696,0.425,評価可能
v7,return_20d,20日モメンタム,業種,小売業,10d,10営業日,35,-0.03502728364072902,-0.09999999999999999,0.42857142857142855,評価可能
v7,return_20d,20日モメンタム,業種,建設業,1d,1営業日,8,0.09999999999999998,0.0,0.5,サンプル不足
v7,return_20d,20日モメンタム,業種,建設業,3d,3営業日,8,0.07499999999999996,0.14999999999999997,0.5,サンプル不足
v7,return_20d,20日モメンタム,業種,建設業,5d,5営業日,7,0.04285714285714283,0.5,0.5714285714285714,サンプル不足
v7,return_20d,20日モメンタム,業種,建設業,10d,10営業日,7,-0.10000000000000002,-0.5,0.42857142857142855,サンプル不足
v7,return_20d,20日モメンタム,業種,情報・通信業,1d,1営業日,50,-0.006080378876917989,-0.03205128205128205,0.48,評価可能
v7,return_20d,20日モメンタム,業種,情報・通信業,3d,3営業日,49,-0.07925956131908238,-0.1328671328671329,0.32653061224489793,評価可能
v7,return_20d,20日モメンタム,業種,情報・通信業,5d,5営業日,47,-0.08437281993103604,-0.12637362637362637,0.40425531914893614,評価可能
v7,return_20d,20日モメンタム,業種,情報・通信業,10d,10営業日,42,-0.12265522681104211,-0.1732142857142857,0.2619047619047619,評価可能
v7,return_20d,20日モメンタム,業種,機械,1d,1営業日,34,0.006858337740690661,-0.09203296703296704,0.47058823529411764,評価可能
v7,return_20d,20日モメンタム,業種,機械,3d,3営業日,34,0.040285449844273354,0.18181818181818182,0.5294117647058824,評価可能
v7,return_20d,20日モメンタム,業種,機械,5d,5営業日,33,-0.0533998829453375,-0.14285714285714288,0.45454545454545453,評価可能
v7,return_20d,20日モメンタム,業種,機械,10d,10営業日,31,-0.11973026973026976,-0.18787878787878787,0.3548387096774194,評価可能
v7,return_20d,20日モメンタム,業種,海運業,1d,1営業日,9,-0.055555555555555546,0.0,0.4444444444444444,サンプル不足
v7,return_20d,20日モメンタム,業種,海運業,3d,3営業日,9,-0.3333333333333333,-0.7999999999999999,0.3333333333333333,サンプル不足
v7,return_20d,20日モメンタム,業種,海運業,5d,5営業日,7,-0.32857142857142857,-0.5,0.2857142857142857,サンプル不足
v7,return_20d,20日モメンタム,業種,海運業,10d,10営業日,3,-0.13333333333333333,-0.39999999999999997,0.3333333333333333,サンプル不足
v7,return_20d,20日モメンタム,業種,石油・石炭製品,1d,1営業日,0,,,,サンプル不足
v7,return_20d,20日モメンタム,業種,石油・石炭製品,3d,3営業日,0,,,,サンプル不足
v7,return_20d,20日モメンタム,業種,石油・石炭製品,5d,5営業日,0,,,,サンプル不足
v7,return_20d,20日モメンタム,業種,石油・石炭製品,10d,10営業日,0,,,,サンプル不足
v7,return_20d,20日モメンタム,業種,空運業,1d,1営業日,0,,,,サンプル不足
v7,return_20d,20日モメンタム,業種,空運業,3d,3営業日,0,,,,サンプル不足
v7,return_20d,20日モメンタム,業種,空運業,5d,5営業日,0,,,,サンプル不足
v7,return_20d,20日モメンタム,業種,空運業,10d,10営業日,0,,,,サンプル不足
v7,return_20d,20日モメンタム,業種,精密機器,1d,1営業日,23,-0.12732919254658387,-0.39999999999999997,0.30434782608695654,サンプル不足
v7,return_20d,20日モメンタム,業種,精密機器,3d,3営業日,22,-0.1279220779220779,-0.4,0.4090909090909091,サンプル不足
v7,return_20d,20日モメンタム,業種,精密機器,5d,5営業日,20,-0.1692857142857143,-0.4357142857142857,0.4,サンプル不足
v7,return_20d,20日モメンタム,業種,精密機器,10d,10営業日,16,-0.06517857142857142,-0.44999999999999996,0.375,サンプル不足
v7,return_20d,20日モメンタム,業種,繊維製品,1d,1営業日,0,,,,サンプル不足
v7,return_20d,20日モメンタム,業種,繊維製品,3d,3営業日,0,,,,サンプル不足
v7,return_20d,20日モメンタム,業種,繊維製品,5d,5営業日,0,,,,サンプル不足
v7,return_20d,20日モメンタム,業種,繊維製品,10d,10営業日,0,,,,サンプル不足
v7,return_20d,20日モメンタム,業種,証券、商品先物取引業,1d,1営業日,21,0.018367346938775515,0.28571428571428575,0.5238095238095238,サンプル不足
v7,return_20d,20日モメンタム,業種,証券、商品先物取引業,3d,3営業日,20,0.027142857142857163,-0.07857142857142856,0.5,サンプル不足
v7,return_20d,20日モメンタム,業種,証券、商品先物取引業,5d,5営業日,18,0.05634920634920637,0.35714285714285715,0.5555555555555556,サンプル不足
v7,return_20d,20日モメンタム,業種,証券、商品先物取引業,10d,10営業日,17,-0.41218487394957976,-0.5,0.11764705882352941,サンプル不足
v7,return_20d,20日モメンタム,業種,輸送用機器,1d,1営業日,30,0.12206349206349207,0.21904761904761905,0.6666666666666666,評価可能
v7,return_20d,20日モメンタム,業種,輸送用機器,3d,3営業日,30,-0.02238095238095239,-0.22380952380952385,0.43333333333333335,評価可能
v7,return_20d,20日モメンタム,業種,輸送用機器,5d,5営業日,29,-0.12742200328407224,-0.48571428571428577,0.3793103448275862,サンプル不足
v7,return_20d,20日モメンタム,業種,輸送用機器,10d,10営業日,26,-0.2785714285714286,-0.5,0.2692307692307692,サンプル不足
v7,return_20d,20日モメンタム,業種,金属製品,1d,1営業日,19,-0.15112781954887217,-0.39999999999999997,0.3157894736842105,サンプル不足
v7,return_20d,20日モメンタム,業種,金属製品,3d,3営業日,19,-0.11503759398496237,-0.28571428571428575,0.42105263157894735,サンプル不足
v7,return_20d,20日モメンタム,業種,金属製品,5d,5営業日,19,-0.20977443609022553,-0.3142857142857143,0.3157894736842105,サンプル不足
v7,return_20d,20日モメンタム,業種,金属製品,10d,10営業日,16,-0.33898809523809526,-0.5857142857142857,0.3125,サンプル不足
v7,return_20d,20日モメンタム,業種,鉄鋼,1d,1営業日,9,-0.37777777777777777,-0.5,0.2222222222222222,サンプル不足
v7,return_20d,20日モメンタム,業種,鉄鋼,3d,3営業日,9,-0.30000000000000004,-0.5,0.2222222222222222,サンプル不足
v7,return_20d,20日モメンタム,業種,鉄鋼,5d,5営業日,8,-0.3125,-0.5,0.25,サンプル不足
v7,return_20d,20日モメンタム,業種,鉄鋼,10d,10営業日,6,-0.15,-0.35,0.3333333333333333,サンプル不足
v7,return_20d,20日モメンタム,業種,鉱業,1d,1営業日,0,,,,サンプル不足
v7,return_20d,20日モメンタム,業種,鉱業,3d,3営業日,0,,,,サンプル不足
v7,return_20d,20日モメンタム,業種,鉱業,5d,5営業日,0,,,,サンプル不足
v7,return_20d,20日モメンタム,業種,鉱業,10d,10営業日,0,,,,サンプル不足
v7,return_20d,20日モメンタム,業種,銀行業,1d,1営業日,42,0.15511922373709708,0.2274725274725275,0.6190476190476191,評価可能
v7,return_20d,20日モメンタム,業種,銀行業,3d,3営業日,42,0.011963489151874436,-0.01048951048951049,0.47619047619047616,評価可能
v7,return_20d,20日モメンタム,業種,銀行業,5d,5営業日,41,-0.09159708775203755,-0.14285714285714285,0.4634146341463415,評価可能
v7,return_20d,20日モメンタム,業種,銀行業,10d,10営業日,39,-0.040483267361095414,0.0,0.48717948717948717,評価可能
v7,return_20d,20日モメンタム,業種,陸運業,1d,1営業日,1,-1.0,-1.0,0.0,サンプル不足
v7,return_20d,20日モメンタム,業種,陸運業,3d,3営業日,1,-1.0,-1.0,0.0,サンプル不足
v7,return_20d,20日モメンタム,業種,陸運業,5d,5営業日,1,-0.5,-0.5,0.0,サンプル不足
v7,return_20d,20日モメンタム,業種,陸運業,10d,10営業日,1,-0.5,-0.5,0.0,サンプル不足
v7,return_20d,20日モメンタム,業種,電気・ガス業,1d,1営業日,1,0.5,0.5,1.0,サンプル不足
v7,return_20d,20日モメンタム,業種,電気・ガス業,3d,3営業日,1,0.5,0.5,1.0,サンプル不足
v7,return_20d,20日モメンタム,業種,電気・ガス業,5d,5営業日,1,0.5,0.5,1.0,サンプル不足
v7,return_20d,20日モメンタム,業種,電気・ガス業,10d,10営業日,1,0.5,0.5,1.0,サンプル不足
v7,return_20d,20日モメンタム,業種,電気機器,1d,1営業日,50,-0.10489431151285203,-0.03523504273504273,0.4,評価可能
v7,return_20d,20日モメンタム,業種,電気機器,3d,3営業日,49,-0.197258864247988,-0.18333333333333335,0.32653061224489793,評価可能
v7,return_20d,20日モメンタム,業種,電気機器,5d,5営業日,47,-0.1105220946577676,-0.11247863247863246,0.3404255319148936,評価可能
v7,return_20d,20日モメンタム,業種,電気機器,10d,10営業日,42,-0.041401815740134344,-0.10269607843137254,0.35714285714285715,評価可能
v7,return_20d,20日モメンタム,業種,非鉄金属,1d,1営業日,13,0.2692307692307692,0.5,0.6923076923076923,サンプル不足
v7,return_20d,20日モメンタム,業種,非鉄金属,3d,3営業日,13,0.13076923076923078,0.39999999999999997,0.6153846153846154,サンプル不足
v7,return_20d,20日モメンタム,業種,非鉄金属,5d,5営業日,11,0.14545454545454548,0.49999999999999994,0.6363636363636364,サンプル不足
v7,return_20d,20日モメンタム,業種,非鉄金属,10d,10営業日,7,0.5142857142857143,0.5,0.8571428571428571,サンプル不足
v7,return_20d,20日モメンタム,業種,食料品,1d,1営業日,24,0.041132478632478625,0.0,0.4583333333333333,サンプル不足
v7,return_20d,20日モメンタム,業種,食料品,3d,3営業日,24,-0.07348901098901099,-0.39999999999999997,0.4166666666666667,サンプル不足
v7,return_20d,20日モメンタム,業種,食料品,5d,5営業日,24,-0.04346764346764346,-0.09285714285714286,0.4166666666666667,サンプル不足
v7,return_20d,20日モメンタム,業種,食料品,10d,10営業日,22,-0.2162837162837163,-0.5,0.2727272727272727,サンプル不足
v7,return_60d,60日モメンタム,全体,全体,1d,1営業日,50,-0.010733000208339555,0.001986328617558965,0.5,評価可能
v7,return_60d,60日モメンタム,全体,全体,3d,3営業日,49,-0.05734863329946963,-0.03986810641514018,0.3673469387755102,評価可能
v7,return_60d,60日モメンタム,全体,全体,5d,5営業日,47,-0.11408861109665826,-0.11015901590159015,0.3617021276595745,評価可能
v7,return_60d,60日モメンタム,全体,全体,10d,10営業日,42,-0.19418167164794523,-0.1602245938879602,0.21428571428571427,評価可能
v7,return_60d,60日モメンタム,業種,その他製品,1d,1営業日,16,0.16517857142857142,0.14285714285714285,0.5625,サンプル不足
v7,return_60d,60日モメンタム,業種,その他製品,3d,3営業日,16,0.009821428571428571,-0.23571428571428574,0.4375,サンプル不足
v7,return_60d,60日モメンタム,業種,その他製品,5d,5営業日,15,0.07238095238095238,0.0,0.4666666666666667,サンプル不足
v7,return_60d,60日モメンタム,業種,その他製品,10d,10営業日,13,0.20659340659340658,0.39999999999999997,0.6153846153846154,サンプル不足
v7,return_60d,60日モメンタム,業種,その他金融業,1d,1営業日,2,0.25,0.25,0.5,サンプル不足
v7,return_60d,60日モメンタム,業種,その他金融業,3d,3営業日,2,0.5,0.5,1.0,サンプル不足
v7,return_60d,60日モメンタム,業種,その他金融業,5d,5営業日,2,0.5,0.5,1.0,サンプル不足
v7,return_60d,60日モメンタム,業種,その他金融業,10d,10営業日,2,0.5,0.5,1.0,サンプル不足
v7,return_60d,60日モメンタム,業種,ガラス・土石製品,1d,1営業日,2,-0.75,-0.75,0.0,サンプル不足
v7,return_60d,60日モメンタム,業種,ガラス・土石製品,3d,3営業日,2,-0.75,-0.75,0.0,サンプル不足
v7,return_60d,60日モメンタム,業種,ガラス・土石製品,5d,5営業日,2,-0.25,-0.25,0.5,サンプル不足
v7,return_60d,60日モメンタム,業種,ガラス・土石製品,10d,10営業日,2,-0.75,-0.75,0.0,サンプル不足
v7,return_60d,60日モメンタム,業種,ゴム製品,1d,1営業日,1,-0.39999999999999997,-0.39999999999999997,0.0,サンプル不足
v7,return_60d,60日モメンタム,業種,ゴム製品,3d,3営業日,1,-0.7999999999999999,-0.7999999999999999,0.0,サンプル不足
v7,return_60d,60日モメンタム,業種,ゴム製品,5d,5営業日,1,-1.0,-1.0,0.0,サンプル不足
v7,return_60d,60日モメンタム,業種,ゴム製品,10d,10営業日,1,-1.0,-1.0,0.0,サンプル不足
v7,return_60d,60日モメンタム,業種,サービス業,1d,1営業日,50,-0.03357410611668745,-0.027922077922077924,0.42,評価可能
v7,return_60d,60日モメンタム,業種,サービス業,3d,3営業日,49,0.05774766660436719,0.03333333333333333,0.5306122448979592,評価可能
v7,return_60d,60日モメンタム,業種,サービス業,5d,5営業日,47,0.03189685701847225,0.0,0.48936170212765956,評価可能
v7,return_60d,60日モメンタム,業種,サービス業,10d,10営業日,42,0.0008324839751732453,-0.010714285714285711,0.5,評価可能
v7,return_60d,60日モメンタム,業種,パルプ・紙,1d,1営業日,0,,,,サンプル不足
v7,return_60d,60日モメンタム,業種,パルプ・紙,3d,3営業日,0,,,,サンプル不足
v7,return_60d,60日モメンタム,業種,パルプ・紙,5d,5営業日,0,,,,サンプル不足
v7,return_60d,60日モメンタム,業種,パルプ・紙,10d,10営業日,0,,,,サンプル不足
v7,return_60d,60日モメンタム,業種,不動産業,1d,1営業日,7,-0.34128112920002757,-0.5,0.2857142857142857,サンプル不足
v7,return_60d,60日モメンタム,業種,不動産業,3d,3営業日,7,-0.24285714285714285,-0.5,0.2857142857142857,サンプル不足
v7,return_60d,60日モメンタム,業種,不動産業,5d,5営業日,7,-0.2857142857142857,-0.5,0.2857142857142857,サンプル不足
v7,return_60d,60日モメンタム,業種,不動産業,10d,10営業日,5,-0.04,-0.39999999999999997,0.4,サンプル不足
v7,return_60d,60日モメンタム,業種,保険業,1d,1営業日,18,0.08333333333333331,0.09999999999999999,0.5,サンプル不足
v7,return_60d,60日モメンタム,業種,保険業,3d,3営業日,18,0.07222222222222224,0.39999999999999997,0.6111111111111112,サンプル不足
v7,return_60d,60日モメンタム,業種,保険業,5d,5営業日,18,0.10555555555555553,0.3,0.5555555555555556,サンプル不足
v7,return_60d,60日モメンタム,業種,保険業,10d,10営業日,18,0.2833333333333333,0.5,0.6111111111111112,サンプル不足
v7,return_60d,60日モメンタム,業種,倉庫・運輸関連業,1d,1営業日,1,0.5,0.5,1.0,サンプル不足
v7,return_60d,60日モメンタム,業種,倉庫・運輸関連業,3d,3営業日,1,0.5,0.5,1.0,サンプル不足
v7,return_60d,60日モメンタム,業種,倉庫・運輸関連業,5d,5営業日,1,-0.5,-0.5,0.0,サンプル不足
v7,return_60d,60日モメンタム,業種,倉庫・運輸関連業,10d,10営業日,1,0.5,0.5,1.0,サンプル不足
v7,return_60d,60日モメンタム,業種,化学,1d,1営業日,46,0.009835454400671788,0.04761904761904763,0.5434782608695652,評価可能
v7,return_60d,60日モメンタム,業種,化学,3d,3営業日,45,-0.01280349280349281,0.0,0.4888888888888889,評価可能
v7,return_60d,60日モメンタム,業種,化学,5d,5営業日,43,0.0424141749723145,0.0,0.4883720930232558,評価可能
v7,return_60d,60日モメンタム,業種,化学,10d,10営業日,41,-0.08992795822064115,-0.08571428571428573,0.43902439024390244,評価可能
v7,return_60d,60日モメンタム,業種,医薬品,1d,1営業日,12,-0.18214285714285713,-0.5,0.3333333333333333,サンプル不足
v7,return_60d,60日モメンタム,業種,医薬品,3d,3営業日,11,-0.21818181818181817,-0.5,0.36363636363636365,サンプル不足
v7,return_60d,60日モメンタム,業種,医薬品,5d,5営業日,9,-0.25873015873015875,-0.5,0.3333333333333333,サンプル不足
v7,return_60d,60日モメンタム,業種,医薬品,10d,10営業日,4,-0.75,-0.75,0.0,サンプル不足
v7,return_60d,60日モメンタム,業種,卸売業,1d,1営業日,46,0.08273212294951426,0.10952380952380952,0.5217391304347826,評価可能
v7,return_60d,60日モメンタム,業種,卸売業,3d,3営業日,45,0.007379287379287377,0.09999999999999999,0.5333333333333333,評価可能
v7,return_60d,60日モメンタム,業種,卸売業,5d,5営業日,43,-0.030108263829194067,0.0,0.4418604651162791,評価可能
v7,return_60d,60日モメンタム,業種,卸売業,10d,10営業日,38,-0.06402501007764168,-0.023809523809523815,0.4473684210526316,評価可能
v7,return_60d,60日モメンタム,業種,小売業,1d,1営業日,43,-0.024860642165710288,0.023809523809523815,0.5116279069767442,評価可能
v7,return_60d,60日モメンタム,業種,小売業,3d,3営業日,42,-0.1529250278199858,-0.15934065934065933,0.40476190476190477,評価可能
v7,return_60d,60日モメンタム,業種,小売業,5d,5営業日,40,-0.2449259808818632,-0.2,0.25,評価可能
v7,return_60d,60日モメンタム,業種,小売業,10d,10営業日,35,-0.27080213903743316,-0.24019607843137256,0.17142857142857143,評価可能
v7,return_60d,60日モメンタム,業種,建設業,1d,1営業日,8,-0.175,-0.05000000000000002,0.5,サンプル不足
v7,return_60d,60日モメンタム,業種,建設業,3d,3営業日,8,-0.09999999999999998,-0.39999999999999997,0.375,サンプル不足
v7,return_60d,60日モメンタム,業種,建設業,5d,5営業日,7,-0.05714285714285713,-0.39999999999999997,0.42857142857142855,サンプル不足
v7,return_60d,60日モメンタム,業種,建設業,10d,10営業日,7,0.0142857142857143,-0.39999999999999997,0.42857142857142855,サンプル不足
v7,return_60d,60日モメンタム,業種,情報・通信業,1d,1営業日,50,-0.06958478354387918,-0.09956622325043378,0.44,評価可能
v7,return_60d,60日モメンタム,業種,情報・通信業,3d,3営業日,49,-0.10685198880326581,-0.09090909090909093,0.3877551020408163,評価可能
v7,return_60d,60日モメンタム,業種,情報・通信業,5d,5営業日,47,-0.15869950064430544,-0.0945054945054945,0.2978723404255319,評価可能
v7,return_60d,60日モメンタム,業種,情報・通信業,10d,10営業日,42,-0.19038112909052862,-0.17282913165266106,0.3333333333333333,評価可能
v7,return_60d,60日モメンタム,業種,機械,1d,1営業日,34,-0.01728957317192613,-0.03874458874458875,0.4117647058823529,評価可能
v7,return_60d,60日モメンタム,業種,機械,3d,3営業日,34,0.11256096844332139,0.2803030303030303,0.6176470588235294,評価可能
v7,return_60d,60日モメンタム,業種,機械,5d,5営業日,33,-0.027855730128457393,-0.19999999999999998,0.3939393939393939,評価可能
v7,return_60d,60日モメンタム,業種,機械,10d,10営業日,31,-0.14453610905223813,0.0,0.45161290322580644,評価可能
v7,return_60d,60日モメンタム,業種,海運業,1d,1営業日,9,0.3555555555555555,0.5,0.7777777777777778,サンプル不足
v7,return_60d,60日モメンタム,業種,海運業,3d,3営業日,9,0.3333333333333333,0.5,0.7777777777777778,サンプル不足
v7,return_60d,60日モメンタム,業種,海運業,5d,5営業日,7,0.3142857142857142,0.5,0.7142857142857143,サンプル不足
v7,return_60d,60日モメンタム,業種,海運業,10d,10営業日,3,0.09999999999999998,0.5,0.6666666666666666,サンプル不足
v7,return_60d,60日モメンタム,業種,石油・石炭製品,1d,1営業日,0,,,,サンプル不足
v7,return_60d,60日モメンタム,業種,石油・石炭製品,3d,3営業日,0,,,,サンプル不足
v7,return_60d,60日モメンタム,業種,石油・石炭製品,5d,5営業日,0,,,,サンプル不足
v7,return_60d,60日モメンタム,業種,石油・石炭製品,10d,10営業日,0,,,,サンプル不足
v7,return_60d,60日モメンタム,業種,空運業,1d,1営業日,0,,,,サンプル不足
v7,return_60d,60日モメンタム,業種,空運業,3d,3営業日,0,,,,サンプル不足
v7,return_60d,60日モメンタム,業種,空運業,5d,5営業日,0,,,,サンプル不足
v7,return_60d,60日モメンタム,業種,空運業,10d,10営業日,0,,,,サンプル不足
v7,return_60d,60日モメンタム,業種,精密機器,1d,1営業日,23,0.0024844720496894467,0.3,0.5217391304347826,サンプル不足
v7,return_60d,60日モメンタム,業種,精密機器,3d,3営業日,22,0.0525974025974026,0.25,0.5,サンプル不足
v7,return_60d,60日モメンタム,業種,精密機器,5d,5営業日,20,0.08214285714285714,0.5,0.55,サンプル不足
v7,return_60d,60日モメンタム,業種,精密機器,10d,10営業日,16,-0.058928571428571434,0.0785714285714286,0.5,サンプル不足
v7,return_60d,60日モメンタム,業種,繊維製品,1d,1営業日,0,,,,サンプル不足
v7,return_60d,60日モメンタム,業種,繊維製品,3d,3営業日,0,,,,サンプル不足
v7,return_60d,60日モメンタム,業種,繊維製品,5d,5営業日,0,,,,サンプル不足
v7,return_60d,60日モメンタム,業種,繊維製品,10d,10営業日,0,,,,サンプル不足
v7,return_60d,60日モメンタム,業種,証券、商品先物取引業,1d,1営業日,21,-0.02006802721088433,-0.19999999999999998,0.47619047619047616,サンプル不足
v7,return_60d,60日モメンタム,業種,証券、商品先物取引業,3d,3営業日,20,-0.11285714285714285,-0.25,0.45,サンプル不足
v7,return_60d,60日モメンタム,業種,証券、商品先物取引業,5d,5営業日,18,-0.10912698412698411,-0.19999999999999998,0.4444444444444444,サンプル不足
v7,return_60d,60日モメンタム,業種,証券、商品先物取引業,10d,10営業日,17,-0.08907563025210084,-0.39999999999999997,0.4117647058823529,サンプル不足
v7,return_60d,60日モメンタム,業種,輸送用機器,1d,1営業日,30,0.03492063492063493,0.2571428571428571,0.5333333333333333,評価可能
v7,return_60d,60日モメンタム,業種,輸送用機器,3d,3営業日,30,0.09349206349206349,0.4928571428571429,0.6,評価可能
v7,return_60d,60日モメンタム,業種,輸送用機器,5d,5営業日,29,0.003776683087027909,0.3714285714285715,0.5517241379310345,サンプル不足
v7,return_60d,60日モメンタム,業種,輸送用機器,10d,10営業日,26,0.03992673992673994,0.09999999999999999,0.5,サンプル不足
v7,return_60d,60日モメンタム,業種,金属製品,1d,1営業日,19,0.187468671679198,0.3,0.6842105263157895,サンプル不足
v7,return_60d,60日モメンタム,業種,金属製品,3d,3営業日,19,-0.09373433583959898,-0.1666666666666667,0.47368421052631576,サンプル不足
v7,return_60d,60日モメンタム,業種,金属製品,5d,5営業日,19,-0.07418546365914787,-0.028571428571428574,0.47368421052631576,サンプル不足
v7,return_60d,60日モメンタム,業種,金属製品,10d,10営業日,16,-0.20565476190476192,-0.41428571428571426,0.4375,サンプル不足
v7,return_60d,60日モメンタム,業種,鉄鋼,1d,1営業日,9,0.1888888888888889,0.39999999999999997,0.5555555555555556,サンプル不足
v7,return_60d,60日モメンタム,業種,鉄鋼,3d,3営業日,9,0.3111111111111111,0.5,0.6666666666666666,サンプル不足
v7,return_60d,60日モメンタム,業種,鉄鋼,5d,5営業日,8,0.45,0.5,0.875,サンプル不足
v7,return_60d,60日モメンタム,業種,鉄鋼,10d,10営業日,6,-0.23333333333333336,-0.6,0.3333333333333333,サンプル不足
v7,return_60d,60日モメンタム,業種,鉱業,1d,1営業日,0,,,,サンプル不足
v7,return_60d,60日モメンタム,業種,鉱業,3d,3営業日,0,,,,サンプル不足
v7,return_60d,60日モメンタム,業種,鉱業,5d,5営業日,0,,,,サンプル不足
v7,return_60d,60日モメンタム,業種,鉱業,10d,10営業日,0,,,,サンプル不足
v7,return_60d,60日モメンタム,業種,銀行業,1d,1営業日,42,-0.007147687178270735,0.06071428571428572,0.5714285714285714,評価可能
v7,return_60d,60日モメンタム,業種,銀行業,3d,3営業日,42,-0.140145520754549,-0.21139367653621077,0.38095238095238093,評価可能
v7,return_60d,60日モメンタム,業種,銀行業,5d,5営業日,41,-0.16638617241199738,-0.25,0.34146341463414637,評価可能
v7,return_60d,60日モメンタム,業種,銀行業,10d,10営業日,39,-0.2504882347416284,-0.4285714285714286,0.3333333333333333,評価可能
v7,return_60d,60日モメンタム,業種,陸運業,1d,1営業日,1,-0.5,-0.5,0.0,サンプル不足
v7,return_60d,60日モメンタム,業種,陸運業,3d,3営業日,1,-0.5,-0.5,0.0,サンプル不足
v7,return_60d,60日モメンタム,業種,陸運業,5d,5営業日,1,-1.0,-1.0,0.0,サンプル不足
v7,return_60d,60日モメンタム,業種,陸運業,10d,10営業日,1,-1.0,-1.0,0.0,サンプル不足
v7,return_60d,60日モメンタム,業種,電気・ガス業,1d,1営業日,1,0.5,0.5,1.0,サンプル不足
v7,return_60d,60日モメンタム,業種,電気・ガス業,3d,3営業日,1,0.5,0.5,1.0,サンプル不足
v7,return_60d,60日モメンタム,業種,電気・ガス業,5d,5営業日,1,0.5,0.5,1.0,サンプル不足
v7,return_60d,60日モメンタム,業種,電気・ガス業,10d,10営業日,1,0.5,0.5,1.0,サンプル不足
v7,return_60d,60日モメンタム,業種,電気機器,1d,1営業日,50,-0.19981872856712407,-0.16127450980392158,0.3,評価可能
v7,return_60d,60日モメンタム,業種,電気機器,3d,3営業日,49,-0.25388663109296394,-0.25274725274725274,0.2857142857142857,評価可能
v7,return_60d,60日モメンタム,業種,電気機器,5d,5営業日,47,-0.3003856328931568,-0.3,0.14893617021276595,評価可能
v7,return_60d,60日モメンタム,業種,電気機器,10d,10営業日,42,-0.27764349081105555,-0.396969696969697,0.23809523809523808,評価可能
v7,return_60d,60日モメンタム,業種,非鉄金属,1d,1営業日,13,-0.21538461538461537,-0.5,0.3076923076923077,サンプル不足
v7,return_60d,60日モメンタム,業種,非鉄金属,3d,3営業日,13,-0.4230769230769231,-0.5,0.15384615384615385,サンプル不足
v7,return_60d,60日モメンタム,業種,非鉄金属,5d,5営業日,11,-0.3727272727272727,-0.7,0.2727272727272727,サンプル不足
v7,return_60d,60日モメンタム,業種,非鉄金属,10d,10営業日,7,-0.29999999999999993,-0.5,0.2857142857142857,サンプル不足
v7,return_60d,60日モメンタム,業種,食料品,1d,1営業日,24,0.02915140415140413,0.25934065934065936,0.5416666666666666,サンプル不足
v7,return_60d,60日モメンタム,業種,食料品,3d,3営業日,24,0.01446886446886445,0.12362637362637363,0.5833333333333334,サンプル不足
v7,return_60d,60日モメンタム,業種,食料品,5d,5営業日,24,-0.06793345543345543,0.06813186813186813,0.5,サンプル不足
v7,return_60d,60日モメンタム,業種,食料品,10d,10営業日,22,-0.10714285714285716,-0.3,0.45454545454545453,サンプル不足
v7,return_120d,120日モメンタム,全体,全体,1d,1営業日,50,-0.03198617595472598,-0.024334551781381213,0.46,評価可能
v7,return_120d,120日モメンタム,全体,全体,3d,3営業日,49,-0.08483422710167796,-0.09811347219300089,0.3673469387755102,評価可能
v7,return_120d,120日モメンタム,全体,全体,5d,5営業日,47,-0.1254080536165478,-0.1335133513351335,0.3191489361702128,評価可能
v7,return_120d,120日モメンタム,全体,全体,10d,10営業日,42,-0.2175536198822149,-0.16591059105910588,0.16666666666666666,評価可能
v7,return_120d,120日モメンタム,業種,その他製品,1d,1営業日,16,-0.12321428571428572,-0.09999999999999999,0.5,サンプル不足
v7,return_120d,120日モメンタム,業種,その他製品,3d,3営業日,16,-0.002678571428571447,0.007142857142857131,0.5,サンプル不足
v7,return_120d,120日モメンタム,業種,その他製品,5d,5営業日,15,-0.10952380952380952,-0.19999999999999998,0.4,サンプル不足
v7,return_120d,120日モメンタム,業種,その他製品,10d,10営業日,13,-0.07032967032967036,-0.14285714285714288,0.38461538461538464,サンプル不足
v7,return_120d,120日モメンタム,業種,その他金融業,1d,1営業日,2,0.25,0.25,0.5,サンプル不足
v7,return_120d,120日モメンタム,業種,その他金融業,3d,3営業日,2,0.5,0.5,1.0,サンプル不足
v7,return_120d,120日モメンタム,業種,その他金融業,5d,5営業日,2,0.5,0.5,1.0,サンプル不足
v7,return_120d,120日モメンタム,業種,その他金融業,10d,10営業日,2,0.5,0.5,1.0,サンプル不足
v7,return_120d,120日モメンタム,業種,ガラス・土石製品,1d,1営業日,2,-0.25,-0.25,0.5,サンプル不足
v7,return_120d,120日モメンタム,業種,ガラス・土石製品,3d,3営業日,2,-0.5,-0.5,0.0,サンプル不足
v7,return_120d,120日モメンタム,業種,ガラス・土石製品,5d,5営業日,2,0.0,0.0,0.5,サンプル不足
v7,return_120d,120日モメンタム,業種,ガラス・土石製品,10d,10営業日,2,-0.5,-0.5,0.0,サンプル不足
v7,return_120d,120日モメンタム,業種,ゴム製品,1d,1営業日,1,0.7999999999999999,0.7999999999999999,1.0,サンプル不足
v7,return_120d,120日モメンタム,業種,ゴム製品,3d,3営業日,1,0.39999999999999997,0.39999999999999997,1.0,サンプル不足
v7,return_120d,120日モメンタム,業種,ゴム製品,5d,5営業日,1,0.19999999999999998,0.19999999999999998,1.0,サンプル不足
v7,return_120d,120日モメンタム,業種,ゴム製品,10d,10営業日,1,0.19999999999999998,0.19999999999999998,1.0,サンプル不足
v7,return_120d,120日モメンタム,業種,サービス業,1d,1営業日,50,0.001731946667136266,0.011624649859943974,0.5,評価可能
v7,return_120d,120日モメンタム,業種,サービス業,3d,3営業日,49,0.03937558250599256,0.012254901960784315,0.5102040816326531,評価可能
v7,return_120d,120日モメンタム,業種,サービス業,5d,5営業日,47,0.03924926863369874,0.05454545454545456,0.574468085106383,評価可能
v7,return_120d,120日モメンタム,業種,サービス業,10d,10営業日,42,0.03340756609750329,0.026785714285714288,0.5476190476190477,評価可能
v7,return_120d,120日モメンタム,業種,パルプ・紙,1d,1営業日,0,,,,サンプル不足
v7,return_120d,120日モメンタム,業種,パルプ・紙,3d,3営業日,0,,,,サンプル不足
v7,return_120d,120日モメンタム,業種,パルプ・紙,5d,5営業日,0,,,,サンプル不足
v7,return_120d,120日モメンタム,業種,パルプ・紙,10d,10営業日,0,,,,サンプル不足
v7,return_120d,120日モメンタム,業種,不動産業,1d,1営業日,7,-0.296105734054765,-0.5,0.2857142857142857,サンプル不足
v7,return_120d,120日モメンタム,業種,不動産業,3d,3営業日,7,-0.21428571428571427,-0.5,0.2857142857142857,サンプル不足
v7,return_120d,120日モメンタム,業種,不動産業,5d,5営業日,7,-0.2571428571428572,-0.5,0.2857142857142857,サンプル不足
v7,return_120d,120日モメンタム,業種,不動産業,10d,10営業日,5,-0.1,-0.19999999999999998,0.4,サンプル不足
v7,return_120d,120日モメンタム,業種,保険業,1d,1営業日,18,-0.19444444444444445,-0.44999999999999996,0.3888888888888889,サンプル不足
v7,return_120d,120日モメンタム,業種,保険業,3d,3営業日,18,0.00555555555555556,0.09999999999999999,0.5,サンプル不足
v7,return_120d,120日モメンタム,業種,保険業,5d,5営業日,18,0.12777777777777777,0.3,0.6111111111111112,サンプル不足
v7,return_120d,120日モメンタム,業種,保険業,10d,10営業日,18,-0.027777777777777804,0.0,0.5,サンプル不足
v7,return_120d,120日モメンタム,業種,倉庫・運輸関連業,1d,1営業日,1,0.5,0.5,1.0,サンプル不足
v7,return_120d,120日モメンタム,業種,倉庫・運輸関連業,3d,3営業日,1,0.5,0.5,1.0,サンプル不足
v7,return_120d,120日モメンタム,業種,倉庫・運輸関連業,5d,5営業日,1,-0.5,-0.5,0.0,サンプル不足
v7,return_120d,120日モメンタム,業種,倉庫・運輸関連業,10d,10営業日,1,0.5,0.5,1.0,サンプル不足
v7,return_120d,120日モメンタム,業種,化学,1d,1営業日,45,-0.03185092685092686,0.016666666666666666,0.5333333333333333,評価可能
v7,return_120d,120日モメンタム,業種,化学,3d,3営業日,44,-0.14061771561771563,-0.1547619047619048,0.3409090909090909,評価可能
v7,return_120d,120日モメンタム,業種,化学,5d,5営業日,42,-0.1553615035757893,-0.1374875124875125,0.2857142857142857,評価可能
v7,return_120d,120日モメンタム,業種,化学,10d,10営業日,40,-0.18058836996336997,-0.1732142857142857,0.35,評価可能
v7,return_120d,120日モメンタム,業種,医薬品,1d,1営業日,12,-0.22857142857142856,-0.35,0.25,サンプル不足
v7,return_120d,120日モメンタム,業種,医薬品,3d,3営業日,11,0.16493506493506496,0.5,0.6363636363636364,サンプル不足
v7,return_120d,120日モメンタム,業種,医薬品,5d,5営業日,9,0.2888888888888889,0.5,0.6666666666666666,サンプル不足
v7,return_120d,120日モメンタム,業種,医薬品,10d,10営業日,4,0.0,0.0,0.5,サンプル不足
v7,return_120d,120日モメンタム,業種,卸売業,1d,1営業日,46,0.04593377636855898,0.014285714285714287,0.5,評価可能
v7,return_120d,120日モメンタム,業種,卸売業,3d,3営業日,45,-0.02078218078218078,-0.08571428571428573,0.4888888888888889,評価可能
v7,return_120d,120日モメンタム,業種,卸売業,5d,5営業日,43,-0.07396556931440652,-0.07878787878787878,0.4418604651162791,評価可能
v7,return_120d,120日モメンタム,業種,卸売業,10d,10営業日,38,-0.050301014774699,-0.11969696969696969,0.42105263157894735,評価可能
v7,return_120d,120日モメンタム,業種,小売業,1d,1営業日,43,-0.09745048070972227,-0.13928571428571426,0.37209302325581395,評価可能
v7,return_120d,120日モメンタム,業種,小売業,3d,3営業日,42,-0.09503428410991435,-0.16964285714285715,0.42857142857142855,評価可能
v7,return_120d,120日モメンタム,業種,小売業,5d,5営業日,40,-0.12615866976161091,-0.1939775910364146,0.35,評価可能
v7,return_120d,120日モメンタム,業種,小売業,10d,10営業日,35,-0.10978697772815416,-0.0857142857142857,0.4,評価可能
v7,return_120d,120日モメンタム,業種,建設業,1d,1営業日,8,-0.33749999999999997,-0.5,0.25,サンプル不足
v7,return_120d,120日モメンタム,業種,建設業,3d,3営業日,8,-0.09999999999999998,-0.39999999999999997,0.375,サンプル不足
v7,return_120d,120日モメンタム,業種,建設業,5d,5営業日,7,-0.2714285714285714,-0.5,0.2857142857142857,サンプル不足
v7,return_120d,120日モメンタム,業種,建設業,10d,10営業日,7,0.0142857142857143,-0.39999999999999997,0.42857142857142855,サンプル不足
v7,return_120d,120日モメンタム,業種,情報・通信業,1d,1営業日,50,-0.05146218074930417,-0.06807943014839567,0.42,評価可能
v7,return_120d,120日モメンタム,業種,情報・通信業,3d,3営業日,49,-0.08952196376036284,-0.09705882352941177,0.32653061224489793,評価可能
v7,return_120d,120日モメンタム,業種,情報・通信業,5d,5営業日,47,-0.057289222170649245,0.04895104895104895,0.6170212765957447,評価可能
v7,return_120d,120日モメンタム,業種,情報・通信業,10d,10営業日,42,-0.14749162768667384,-0.07172974084738792,0.3333333333333333,評価可能
v7,return_120d,120日モメンタム,業種,機械,1d,1営業日,34,-0.029627725215960524,-0.16536796536796539,0.38235294117647056,評価可能
v7,return_120d,120日モメンタム,業種,機械,3d,3営業日,34,0.11371128871128867,0.15,0.5882352941176471,評価可能
v7,return_120d,120日モメンタム,業種,機械,5d,5営業日,33,-0.04964404282586101,-0.09999999999999999,0.42424242424242425,評価可能
v7,return_120d,120日モメンタム,業種,機械,10d,10営業日,31,-0.21457870086902336,-0.3934065934065934,0.3870967741935484,評価可能
v7,return_120d,120日モメンタム,業種,海運業,1d,1営業日,9,-0.05555555555555552,0.39999999999999997,0.5555555555555556,サンプル不足
v7,return_120d,120日モメンタム,業種,海運業,3d,3営業日,9,0.04444444444444446,0.09999999999999999,0.5555555555555556,サンプル不足
v7,return_120d,120日モメンタム,業種,海運業,5d,5営業日,7,1.586032892321652e-17,0.0,0.42857142857142855,サンプル不足
v7,return_120d,120日モメンタム,業種,海運業,10d,10営業日,3,-0.3666666666666667,-0.6,0.3333333333333333,サンプル不足
v7,return_120d,120日モメンタム,業種,石油・石炭製品,1d,1営業日,0,,,,サンプル不足
v7,return_120d,120日モメンタム,業種,石油・石炭製品,3d,3営業日,0,,,,サンプル不足
v7,return_120d,120日モメンタム,業種,石油・石炭製品,5d,5営業日,0,,,,サンプル不足
v7,return_120d,120日モメンタム,業種,石油・石炭製品,10d,10営業日,0,,,,サンプル不足
v7,return_120d,120日モメンタム,業種,空運業,1d,1営業日,0,,,,サンプル不足
v7,return_120d,120日モメンタム,業種,空運業,3d,3営業日,0,,,,サンプル不足
v7,return_120d,120日モメンタム,業種,空運業,5d,5営業日,0,,,,サンプル不足
v7,return_120d,120日モメンタム,業種,空運業,10d,10営業日,0,,,,サンプル不足
v7,return_120d,120日モメンタム,業種,精密機器,1d,1営業日,23,0.0857142857142857,0.5,0.5217391304347826,サンプル不足
v7,return_120d,120日モメンタム,業種,精密機器,3d,3営業日,22,0.01103896103896106,0.3142857142857143,0.5454545454545454,サンプル不足
v7,return_120d,120日モメンタム,業種,精密機器,5d,5営業日,20,0.019285714285714288,-0.11428571428571428,0.45,サンプル不足
v7,return_120d,120日モメンタム,業種,精密機器,10d,10営業日,16,-0.028571428571428553,0.049999999999999996,0.5,サンプル不足
v7,return_120d,120日モメンタム,業種,繊維製品,1d,1営業日,0,,,,サンプル不足
v7,return_120d,120日モメンタム,業種,繊維製品,3d,3営業日,0,,,,サンプル不足
v7,return_120d,120日モメンタム,業種,繊維製品,5d,5営業日,0,,,,サンプル不足
v7,return_120d,120日モメンタム,業種,繊維製品,10d,10営業日,0,,,,サンプル不足
v7,return_120d,120日モメンタム,業種,証券、商品先物取引業,1d,1営業日,21,0.22448979591836732,0.39999999999999997,0.6666666666666666,サンプル不足
v7,return_120d,120日モメンタム,業種,証券、商品先物取引業,3d,3営業日,20,0.10285714285714287,0.049999999999999996,0.5,サンプル不足
v7,return_120d,120日モメンタム,業種,証券、商品先物取引業,5d,5営業日,18,0.21587301587301588,0.5,0.6111111111111112,サンプル不足
v7,return_120d,120日モメンタム,業種,証券、商品先物取引業,10d,10営業日,17,0.45588235294117646,0.7999999999999999,0.7058823529411765,サンプル不足
v7,return_120d,120日モメンタム,業種,輸送用機器,1d,1営業日,30,0.23412698412698413,0.34285714285714286,0.6666666666666666,評価可能
v7,return_120d,120日モメンタム,業種,輸送用機器,3d,3営業日,30,0.10920634920634922,0.2785714285714286,0.6666666666666666,評価可能
v7,return_120d,120日モメンタム,業種,輸送用機器,5d,5営業日,29,0.07323481116584567,0.19999999999999998,0.5862068965517241,サンプル不足
v7,return_120d,120日モメンタム,業種,輸送用機器,10d,10営業日,26,0.3556776556776557,0.5,0.7307692307692307,サンプル不足
v7,return_120d,120日モメンタム,業種,金属製品,1d,1営業日,19,0.06566416040100248,0.19047619047619052,0.631578947368421,サンプル不足
v7,return_120d,120日モメンタム,業種,金属製品,3d,3営業日,19,0.05513784461152884,0.19999999999999998,0.5789473684210527,サンプル不足
v7,return_120d,120日モメンタム,業種,金属製品,5d,5営業日,19,0.06641604010025062,-0.023809523809523815,0.47368421052631576,サンプル不足
v7,return_120d,120日モメンタム,業種,金属製品,10d,10営業日,16,-0.2467261904761905,-0.44999999999999996,0.3125,サンプル不足
v7,return_120d,120日モメンタム,業種,鉄鋼,1d,1営業日,9,0.12222222222222223,0.09999999999999999,0.5555555555555556,サンプル不足
v7,return_120d,120日モメンタム,業種,鉄鋼,3d,3営業日,9,0.4222222222222222,0.5,0.7777777777777778,サンプル不足
v7,return_120d,120日モメンタム,業種,鉄鋼,5d,5営業日,8,0.625,0.75,0.875,サンプル不足
v7,return_120d,120日モメンタム,業種,鉄鋼,10d,10営業日,6,0.2833333333333334,0.35000000000000003,0.6666666666666666,サンプル不足
v7,return_120d,120日モメンタム,業種,鉱業,1d,1営業日,0,,,,サンプル不足
v7,return_120d,120日モメンタム,業種,鉱業,3d,3営業日,0,,,,サンプル不足
v7,return_120d,120日モメンタム,業種,鉱業,5d,5営業日,0,,,,サンプル不足
v7,return_120d,120日モメンタム,業種,鉱業,10d,10営業日,0,,,,サンプル不足
v7,return_120d,120日モメンタム,業種,銀行業,1d,1営業日,42,-0.0892846421886569,-0.053571428571428575,0.42857142857142855,評価可能
v7,return_120d,120日モメンタム,業種,銀行業,3d,3営業日,42,-0.04412654333135947,-0.014285714285714287,0.47619047619047616,評価可能
v7,return_120d,120日モメンタム,業種,銀行業,5d,5営業日,41,-0.11405857652629534,-0.10714285714285716,0.36585365853658536,評価可能
v7,return_120d,120日モメンタム,業種,銀行業,10d,10営業日,39,-0.20167776918908142,-0.3142857142857143,0.28205128205128205,評価可能
v7,return_120d,120日モメンタム,業種,陸運業,1d,1営業日,1,-0.5,-0.5,0.0,サンプル不足
v7,return_120d,120日モメンタム,業種,陸運業,3d,3営業日,1,-0.5,-0.5,0.0,サンプル不足
v7,return_120d,120日モメンタム,業種,陸運業,5d,5営業日,1,-1.0,-1.0,0.0,サンプル不足
v7,return_120d,120日モメンタム,業種,陸運業,10d,10営業日,1,-1.0,-1.0,0.0,サンプル不足
v7,return_120d,120日モメンタム,業種,電気・ガス業,1d,1営業日,1,0.5,0.5,1.0,サンプル不足
v7,return_120d,120日モメンタム,業種,電気・ガス業,3d,3営業日,1,0.5,0.5,1.0,サンプル不足
v7,return_120d,120日モメンタム,業種,電気・ガス業,5d,5営業日,1,0.5,0.5,1.0,サンプル不足
v7,return_120d,120日モメンタム,業種,電気・ガス業,10d,10営業日,1,0.5,0.5,1.0,サンプル不足
v7,return_120d,120日モメンタム,業種,電気機器,1d,1営業日,50,-0.06855944558761685,-0.03917748917748917,0.46,評価可能
v7,return_120d,120日モメンタム,業種,電気機器,3d,3営業日,49,-0.1647711349101182,-0.2121212121212121,0.2857142857142857,評価可能
v7,return_120d,120日モメンタム,業種,電気機器,5d,5営業日,47,-0.2248219991827742,-0.24705882352941175,0.2553191489361702,評価可能
v7,return_120d,120日モメンタム,業種,電気機器,10d,10営業日,42,-0.14930363020305953,-0.27565323565323563,0.2857142857142857,評価可能
v7,return_120d,120日モメンタム,業種,非鉄金属,1d,1営業日,13,0.12307692307692308,0.19999999999999998,0.5384615384615384,サンプル不足
v7,return_120d,120日モメンタム,業種,非鉄金属,3d,3営業日,13,0.13846153846153844,0.39999999999999997,0.5384615384615384,サンプル不足
v7,return_120d,120日モメンタム,業種,非鉄金属,5d,5営業日,11,-2.0185873175002847e-17,-0.09999999999999999,0.45454545454545453,サンプル不足
v7,return_120d,120日モメンタム,業種,非鉄金属,10d,10営業日,7,-0.34285714285714286,-0.5,0.14285714285714285,サンプル不足
v7,return_120d,120日モメンタム,業種,食料品,1d,1営業日,24,0.15183150183150182,0.4928571428571429,0.625,サンプル不足
v7,return_120d,120日モメンタム,業種,食料品,3d,3営業日,24,0.0856227106227106,0.15,0.5833333333333334,サンプル不足
v7,return_120d,120日モメンタム,業種,食料品,5d,5営業日,24,0.025534188034188016,0.18021978021978025,0.5833333333333334,サンプル不足
v7,return_120d,120日モメンタム,業種,食料品,10d,10営業日,22,0.013153513153513164,-0.09285714285714286,0.45454545454545453,サンプル不足
v7,distance_ma20,20日移動平均乖離,全体,全体,1d,1営業日,50,-0.06516692723940876,-0.06272538665322575,0.38,評価可能
v7,distance_ma20,20日移動平均乖離,全体,全体,3d,3営業日,49,-0.10165176910394819,-0.11503150315031502,0.2653061224489796,評価可能
v7,distance_ma20,20日移動平均乖離,全体,全体,5d,5営業日,47,-0.11103696982710397,-0.1145034503450345,0.2978723404255319,評価可能
v7,distance_ma20,20日移動平均乖離,全体,全体,10d,10営業日,42,-0.10548786853552934,-0.08952662613200094,0.23809523809523808,評価可能
v7,distance_ma20,20日移動平均乖離,業種,その他製品,1d,1営業日,16,0.09017857142857144,-0.007142857142857131,0.5,サンプル不足
v7,distance_ma20,20日移動平均乖離,業種,その他製品,3d,3営業日,16,-0.17857142857142858,-0.38571428571428573,0.3125,サンプル不足
v7,distance_ma20,20日移動平均乖離,業種,その他製品,5d,5営業日,15,-0.06761904761904762,-0.19999999999999998,0.3333333333333333,サンプル不足
v7,distance_ma20,20日移動平均乖離,業種,その他製品,10d,10営業日,13,-0.038461538461538464,0.028571428571428574,0.5384615384615384,サンプル不足
v7,distance_ma20,20日移動平均乖離,業種,その他金融業,1d,1営業日,2,0.25,0.25,0.5,サンプル不足
v7,distance_ma20,20日移動平均乖離,業種,その他金融業,3d,3営業日,2,-0.25,-0.25,0.5,サンプル不足
v7,distance_ma20,20日移動平均乖離,業種,その他金融業,5d,5営業日,2,-0.25,-0.25,0.5,サンプル不足
v7,distance_ma20,20日移動平均乖離,業種,その他金融業,10d,10営業日,2,-0.25,-0.25,0.5,サンプル不足
v7,distance_ma20,20日移動平均乖離,業種,ガラス・土石製品,1d,1営業日,2,-0.5,-0.5,0.0,サンプル不足
v7,distance_ma20,20日移動平均乖離,業種,ガラス・土石製品,3d,3営業日,2,-1.0,-1.0,0.0,サンプル不足
v7,distance_ma20,20日移動平均乖離,業種,ガラス・土石製品,5d,5営業日,2,-0.75,-0.75,0.0,サンプル不足
v7,distance_ma20,20日移動平均乖離,業種,ガラス・土石製品,10d,10営業日,2,-1.0,-1.0,0.0,サンプル不足
v7,distance_ma20,20日移動平均乖離,業種,ゴム製品,1d,1営業日,1,-0.7999999999999999,-0.7999999999999999,0.0,サンプル不足
v7,distance_ma20,20日移動平均乖離,業種,ゴム製品,3d,3営業日,1,-1.0,-1.0,0.0,サンプル不足
v7,distance_ma20,20日移動平均乖離,業種,ゴム製品,5d,5営業日,1,-0.7999999999999999,-0.7999999999999999,0.0,サンプル不足
v7,distance_ma20,20日移動平均乖離,業種,ゴム製品,10d,10営業日,1,-0.7999999999999999,-0.7999999999999999,0.0,サンプル不足
v7,distance_ma20,20日移動平均乖離,業種,サービス業,1d,1営業日,50,-0.10752484717892431,-0.14267937944408532,0.34,評価可能
v7,distance_ma20,20日移動平均乖離,業種,サービス業,3d,3営業日,49,-0.15283133969713866,-0.17853457172342618,0.30612244897959184,評価可能
v7,distance_ma20,20日移動平均乖離,業種,サービス業,5d,5営業日,47,-0.2057236668497567,-0.2121212121212121,0.2553191489361702,評価可能
v7,distance_ma20,20日移動平均乖離,業種,サービス業,10d,10営業日,42,-0.2486212546776836,-0.27380952380952384,0.23809523809523808,評価可能
v7,distance_ma20,20日移動平均乖離,業種,パルプ・紙,1d,1営業日,0,,,,サンプル不足
v7,distance_ma20,20日移動平均乖離,業種,パルプ・紙,3d,3営業日,0,,,,サンプル不足
v7,distance_ma20,20日移動平均乖離,業種,パルプ・紙,5d,5営業日,0,,,,サンプル不足
v7,distance_ma20,20日移動平均乖離,業種,パルプ・紙,10d,10営業日,0,,,,サンプル不足
v7,distance_ma20,20日移動平均乖離,業種,不動産業,1d,1営業日,7,-0.17337824502193586,-0.5,0.42857142857142855,サンプル不足
v7,distance_ma20,20日移動平均乖離,業種,不動産業,3d,3営業日,7,-0.22857142857142856,-0.5,0.42857142857142855,サンプル不足
v7,distance_ma20,20日移動平均乖離,業種,不動産業,5d,5営業日,7,-0.2714285714285714,-0.5,0.2857142857142857,サンプル不足
v7,distance_ma20,20日移動平均乖離,業種,不動産業,10d,10営業日,5,-0.21999999999999997,-0.5,0.4,サンプル不足
v7,distance_ma20,20日移動平均乖離,業種,保険業,1d,1営業日,18,-0.12777777777777777,-0.39999999999999997,0.3888888888888889,サンプル不足
v7,distance_ma20,20日移動平均乖離,業種,保険業,3d,3営業日,18,-0.01666666666666667,-0.09999999999999999,0.4444444444444444,サンプル不足
v7,distance_ma20,20日移動平均乖離,業種,保険業,5d,5営業日,18,-0.03333333333333331,-0.19999999999999998,0.3888888888888889,サンプル不足
v7,distance_ma20,20日移動平均乖離,業種,保険業,10d,10営業日,18,-0.2444444444444444,-0.5,0.2777777777777778,サンプル不足
v7,distance_ma20,20日移動平均乖離,業種,倉庫・運輸関連業,1d,1営業日,1,-1.0,-1.0,0.0,サンプル不足
v7,distance_ma20,20日移動平均乖離,業種,倉庫・運輸関連業,3d,3営業日,1,-1.0,-1.0,0.0,サンプル不足
v7,distance_ma20,20日移動平均乖離,業種,倉庫・運輸関連業,5d,5営業日,1,1.0,1.0,1.0,サンプル不足
v7,distance_ma20,20日移動平均乖離,業種,倉庫・運輸関連業,10d,10営業日,1,0.5,0.5,1.0,サンプル不足
v7,distance_ma20,20日移動平均乖離,業種,化学,1d,1営業日,46,-0.1116751002620568,-0.08496503496503496,0.391304347826087,評価可能
v7,distance_ma20,20日移動平均乖離,業種,化学,3d,3営業日,45,-0.023195693195693166,0.0,0.4222222222222222,評価可能
v7,distance_ma20,20日移動平均乖離,業種,化学,5d,5営業日,43,0.017639337406779268,0.14285714285714288,0.5348837209302325,評価可能
v7,distance_ma20,20日移動平均乖離,業種,化学,10d,10営業日,41,0.05748194894536355,0.09523809523809526,0.5853658536585366,評価可能
v7,distance_ma20,20日移動平均乖離,業種,医薬品,1d,1営業日,12,-0.4392857142857143,-0.5,0.16666666666666666,サンプル不足
v7,distance_ma20,20日移動平均乖離,業種,医薬品,3d,3営業日,11,0.08441558441558444,0.5,0.5454545454545454,サンプル不足
v7,distance_ma20,20日移動平均乖離,業種,医薬品,5d,5営業日,9,0.24444444444444446,0.5,0.6666666666666666,サンプル不足
v7,distance_ma20,20日移動平均乖離,業種,医薬品,10d,10営業日,4,0.375,0.5,0.75,サンプル不足
v7,distance_ma20,20日移動平均乖離,業種,卸売業,1d,1営業日,46,-0.019201812680073534,-0.014285714285714287,0.4782608695652174,評価可能
v7,distance_ma20,20日移動平均乖離,業種,卸売業,3d,3営業日,45,-0.06713101713101713,-0.09999999999999999,0.37777777777777777,評価可能
v7,distance_ma20,20日移動平均乖離,業種,卸売業,5d,5営業日,43,-0.07852070410209946,-0.09999999999999999,0.3953488372093023,評価可能
v7,distance_ma20,20日移動平均乖離,業種,卸売業,10d,10営業日,38,-0.0014358448568974906,-0.006993006993006993,0.47368421052631576,評価可能
v7,distance_ma20,20日移動平均乖離,業種,小売業,1d,1営業日,43,-0.07163541267507562,-0.1519607843137255,0.4186046511627907,評価可能
v7,distance_ma20,20日移動平均乖離,業種,小売業,3d,3営業日,42,-0.04464894349348132,-0.029437229437229435,0.4523809523809524,評価可能
v7,distance_ma20,20日移動平均乖離,業種,小売業,5d,5営業日,40,-0.09496116628469568,-0.13690476190476192,0.45,評価可能
v7,distance_ma20,20日移動平均乖離,業種,小売業,10d,10営業日,35,-0.050888117484756135,0.0,0.4857142857142857,評価可能
v7,distance_ma20,20日移動平均乖離,業種,建設業,1d,1営業日,8,-0.10000000000000003,-0.5,0.375,サンプル不足
v7,distance_ma20,20日移動平均乖離,業種,建設業,3d,3営業日,8,-0.1875,-0.25,0.25,サンプル不足
v7,distance_ma20,20日移動平均乖離,業種,建設業,5d,5営業日,7,-0.42857142857142855,-0.5,0.14285714285714285,サンプル不足
v7,distance_ma20,20日移動平均乖離,業種,建設業,10d,10営業日,7,-0.2857142857142857,-0.5,0.2857142857142857,サンプル不足
v7,distance_ma20,20日移動平均乖離,業種,情報・通信業,1d,1営業日,50,-0.014173854509586858,-0.02158223141245397,0.48,評価可能
v7,distance_ma20,20日移動平均乖離,業種,情報・通信業,3d,3営業日,49,-0.040220233092291995,-0.0945054945054945,0.40816326530612246,評価可能
v7,distance_ma20,20日移動平均乖離,業種,情報・通信業,5d,5営業日,47,-0.04931380009650845,-0.08565531475748193,0.40425531914893614,評価可能
v7,distance_ma20,20日移動平均乖離,業種,情報・通信業,10d,10営業日,42,-0.006172537747406935,-0.0877201956297393,0.38095238095238093,評価可能
v7,distance_ma20,20日移動平均乖離,業種,機械,1d,1営業日,34,-0.0168561830326536,-0.0857142857142857,0.5,評価可能
v7,distance_ma20,20日移動平均乖離,業種,機械,3d,3営業日,34,-0.0027690446808094037,0.049999999999999996,0.5,評価可能
v7,distance_ma20,20日移動平均乖離,業種,機械,5d,5営業日,33,-0.07820109183745547,-0.09999999999999999,0.3939393939393939,評価可能
v7,distance_ma20,20日移動平均乖離,業種,機械,10d,10営業日,31,-0.13596511015865856,-0.10714285714285716,0.45161290322580644,評価可能
v7,distance_ma20,20日移動平均乖離,業種,海運業,1d,1営業日,9,-0.03333333333333334,-0.19999999999999998,0.4444444444444444,サンプル不足
v7,distance_ma20,20日移動平均乖離,業種,海運業,3d,3営業日,9,-0.17777777777777778,-0.49999999999999994,0.4444444444444444,サンプル不足
v7,distance_ma20,20日移動平均乖離,業種,海運業,5d,5営業日,7,-0.39999999999999997,-0.5,0.2857142857142857,サンプル不足
v7,distance_ma20,20日移動平均乖離,業種,海運業,10d,10営業日,3,-0.06666666666666665,-0.5,0.3333333333333333,サンプル不足
v7,distance_ma20,20日移動平均乖離,業種,石油・石炭製品,1d,1営業日,0,,,,サンプル不足
v7,distance_ma20,20日移動平均乖離,業種,石油・石炭製品,3d,3営業日,0,,,,サンプル不足
v7,distance_ma20,20日移動平均乖離,業種,石油・石炭製品,5d,5営業日,0,,,,サンプル不足
v7,distance_ma20,20日移動平均乖離,業種,石油・石炭製品,10d,10営業日,0,,,,サンプル不足
v7,distance_ma20,20日移動平均乖離,業種,空運業,1d,1営業日,0,,,,サンプル不足
v7,distance_ma20,20日移動平均乖離,業種,空運業,3d,3営業日,0,,,,サンプル不足
v7,distance_ma20,20日移動平均乖離,業種,空運業,5d,5営業日,0,,,,サンプル不足
v7,distance_ma20,20日移動平均乖離,業種,空運業,10d,10営業日,0,,,,サンプル不足
v7,distance_ma20,20日移動平均乖離,業種,精密機器,1d,1営業日,23,-0.07639751552795031,-0.3,0.391304347826087,サンプル不足
v7,distance_ma20,20日移動平均乖離,業種,精密機器,3d,3営業日,22,-0.04740259740259738,-0.15,0.5,サンプル不足
v7,distance_ma20,20日移動平均乖離,業種,精密機器,5d,5営業日,20,0.19357142857142856,0.5,0.55,サンプル不足
v7,distance_ma20,20日移動平均乖離,業種,精密機器,10d,10営業日,16,0.13482142857142856,0.5,0.625,サンプル不足
v7,distance_ma20,20日移動平均乖離,業種,繊維製品,1d,1営業日,0,,,,サンプル不足
v7,distance_ma20,20日移動平均乖離,業種,繊維製品,3d,3営業日,0,,,,サンプル不足
v7,distance_ma20,20日移動平均乖離,業種,繊維製品,5d,5営業日,0,,,,サンプル不足
v7,distance_ma20,20日移動平均乖離,業種,繊維製品,10d,10営業日,0,,,,サンプル不足
v7,distance_ma20,20日移動平均乖離,業種,証券、商品先物取引業,1d,1営業日,21,0.023129251700680246,0.28571428571428575,0.5238095238095238,サンプル不足
v7,distance_ma20,20日移動平均乖離,業種,証券、商品先物取引業,3d,3営業日,20,-0.0028571428571428415,-0.3,0.45,サンプル不足
v7,distance_ma20,20日移動平均乖離,業種,証券、商品先物取引業,5d,5営業日,18,0.07301587301587302,0.30714285714285716,0.5555555555555556,サンプル不足
v7,distance_ma20,20日移動平均乖離,業種,証券、商品先物取引業,10d,10営業日,17,-0.08277310924369748,-0.39999999999999997,0.4117647058823529,サンプル不足
v7,distance_ma20,20日移動平均乖離,業種,輸送用機器,1d,1営業日,30,0.08174603174603175,0.28095238095238095,0.5666666666666667,評価可能
v7,distance_ma20,20日移動平均乖離,業種,輸送用機器,3d,3営業日,30,-0.09682539682539683,-0.38571428571428573,0.36666666666666664,評価可能
v7,distance_ma20,20日移動平均乖離,業種,輸送用機器,5d,5営業日,29,-0.08801313628899837,-0.19047619047619052,0.4482758620689655,サンプル不足
v7,distance_ma20,20日移動平均乖離,業種,輸送用機器,10d,10営業日,26,-0.20915750915750916,-0.3571428571428571,0.2692307692307692,サンプル不足
v7,distance_ma20,20日移動平均乖離,業種,金属製品,1d,1営業日,19,-0.0894736842105263,-0.19999999999999998,0.3684210526315789,サンプル不足
v7,distance_ma20,20日移動平均乖離,業種,金属製品,3d,3営業日,19,-0.02105263157894736,0.028571428571428574,0.5263157894736842,サンプル不足
v7,distance_ma20,20日移動平均乖離,業種,金属製品,5d,5営業日,19,-0.08320802005012533,-0.39999999999999997,0.47368421052631576,サンプル不足
v7,distance_ma20,20日移動平均乖離,業種,金属製品,10d,10営業日,16,-0.4485119047619048,-0.55,0.1875,サンプル不足
v7,distance_ma20,20日移動平均乖離,業種,鉄鋼,1d,1営業日,9,-0.6000000000000001,-0.7999999999999999,0.1111111111111111,サンプル不足
v7,distance_ma20,20日移動平均乖離,業種,鉄鋼,3d,3営業日,9,-0.3888888888888889,-0.5,0.1111111111111111,サンプル不足
v7,distance_ma20,20日移動平均乖離,業種,鉄鋼,5d,5営業日,8,-0.3,-0.5,0.25,サンプル不足
v7,distance_ma20,20日移動平均乖離,業種,鉄鋼,10d,10営業日,6,-0.3,-0.44999999999999996,0.3333333333333333,サンプル不足
v7,distance_ma20,20日移動平均乖離,業種,鉱業,1d,1営業日,0,,,,サンプル不足
v7,distance_ma20,20日移動平均乖離,業種,鉱業,3d,3営業日,0,,,,サンプル不足
v7,distance_ma20,20日移動平均乖離,業種,鉱業,5d,5営業日,0,,,,サンプル不足
v7,distance_ma20,20日移動平均乖離,業種,鉱業,10d,10営業日,0,,,,サンプル不足
v7,distance_ma20,20日移動平均乖離,業種,銀行業,1d,1営業日,42,0.12708442105772155,0.14285714285714285,0.5714285714285714,評価可能
v7,distance_ma20,20日移動平均乖離,業種,銀行業,3d,3営業日,42,-0.02267254034203318,-0.033333333333333326,0.4523809523809524,評価可能
v7,distance_ma20,20日移動平均乖離,業種,銀行業,5d,5営業日,41,-0.11667224215287342,-0.12727272727272726,0.43902439024390244,評価可能
v7,distance_ma20,20日移動平均乖離,業種,銀行業,10d,10営業日,39,-0.046057999315917864,0.0,0.48717948717948717,評価可能
v7,distance_ma20,20日移動平均乖離,業種,陸運業,1d,1営業日,1,-1.0,-1.0,0.0,サンプル不足
v7,distance_ma20,20日移動平均乖離,業種,陸運業,3d,3営業日,1,-1.0,-1.0,0.0,サンプル不足
v7,distance_ma20,20日移動平均乖離,業種,陸運業,5d,5営業日,1,-0.5,-0.5,0.0,サンプル不足
v7,distance_ma20,20日移動平均乖離,業種,陸運業,10d,10営業日,1,-0.5,-0.5,0.0,サンプル不足
v7,distance_ma20,20日移動平均乖離,業種,電気・ガス業,1d,1営業日,1,0.5,0.5,1.0,サンプル不足
v7,distance_ma20,20日移動平均乖離,業種,電気・ガス業,3d,3営業日,1,0.5,0.5,1.0,サンプル不足
v7,distance_ma20,20日移動平均乖離,業種,電気・ガス業,5d,5営業日,1,0.5,0.5,1.0,サンプル不足
v7,distance_ma20,20日移動平均乖離,業種,電気・ガス業,10d,10営業日,1,0.5,0.5,1.0,サンプル不足
v7,distance_ma20,20日移動平均乖離,業種,電気機器,1d,1営業日,50,-0.054162804089235135,0.024102564102564096,0.5,評価可能
v7,distance_ma20,20日移動平均乖離,業種,電気機器,3d,3営業日,49,-0.12521102275994725,-0.14066776135741652,0.3673469387755102,評価可能
v7,distance_ma20,20日移動平均乖離,業種,電気機器,5d,5営業日,47,-0.1280057462526071,-0.08571428571428573,0.40425531914893614,評価可能
v7,distance_ma20,20日移動平均乖離,業種,電気機器,10d,10営業日,42,-0.11696417910431482,-0.12367521367521367,0.40476190476190477,評価可能
v7,distance_ma20,20日移動平均乖離,業種,非鉄金属,1d,1営業日,13,0.015384615384615389,0.0,0.46153846153846156,サンプル不足
v7,distance_ma20,20日移動平均乖離,業種,非鉄金属,3d,3営業日,13,0.1461538461538462,0.09999999999999999,0.6153846153846154,サンプル不足
v7,distance_ma20,20日移動平均乖離,業種,非鉄金属,5d,5営業日,11,-0.14545454545454545,-0.39999999999999997,0.36363636363636365,サンプル不足
v7,distance_ma20,20日移動平均乖離,業種,非鉄金属,10d,10営業日,7,0.2285714285714286,0.5,0.5714285714285714,サンプル不足
v7,distance_ma20,20日移動平均乖離,業種,食料品,1d,1営業日,24,-0.052304639804639806,-0.09523809523809526,0.4166666666666667,サンプル不足
v7,distance_ma20,20日移動平均乖離,業種,食料品,3d,3営業日,24,-0.2443986568986569,-0.44999999999999996,0.375,サンプル不足
v7,distance_ma20,20日移動平均乖離,業種,食料品,5d,5営業日,24,-0.132997557997558,-0.11263736263736265,0.375,サンプル不足
v7,distance_ma20,20日移動平均乖離,業種,食料品,10d,10営業日,22,-0.22001332001332,-0.44999999999999996,0.36363636363636365,サンプル不足
v7,distance_ma60,60日移動平均乖離,全体,全体,1d,1営業日,50,-0.029499085593478355,-0.028877935921621536,0.48,評価可能
v7,distance_ma60,60日移動平均乖離,全体,全体,3d,3営業日,49,-0.0747699713091721,-0.07607560756075607,0.30612244897959184,評価可能
v7,distance_ma60,60日移動平均乖離,全体,全体,5d,5営業日,47,-0.105606079567349,-0.07603983210304881,0.23404255319148937,評価可能
v7,distance_ma60,60日移動平均乖離,全体,全体,10d,10営業日,42,-0.16382384926571,-0.18322832283228324,0.2857142857142857,評価可能
v7,distance_ma60,60日移動平均乖離,業種,その他製品,1d,1営業日,16,0.25625,0.3,0.6875,サンプル不足
v7,distance_ma60,60日移動平均乖離,業種,その他製品,3d,3営業日,16,-1.3877787807814457e-17,-0.38571428571428573,0.4375,サンプル不足
v7,distance_ma60,60日移動平均乖離,業種,その他製品,5d,5営業日,15,0.22095238095238096,0.5,0.6,サンプル不足
v7,distance_ma60,60日移動平均乖離,業種,その他製品,10d,10営業日,13,0.23516483516483516,0.5,0.6923076923076923,サンプル不足
v7,distance_ma60,60日移動平均乖離,業種,その他金融業,1d,1営業日,2,0.25,0.25,0.5,サンプル不足
v7,distance_ma60,60日移動平均乖離,業種,その他金融業,3d,3営業日,2,-0.25,-0.25,0.5,サンプル不足
v7,distance_ma60,60日移動平均乖離,業種,その他金融業,5d,5営業日,2,-0.25,-0.25,0.5,サンプル不足
v7,distance_ma60,60日移動平均乖離,業種,その他金融業,10d,10営業日,2,-0.25,-0.25,0.5,サンプル不足
v7,distance_ma60,60日移動平均乖離,業種,ガラス・土石製品,1d,1営業日,2,-0.75,-0.75,0.0,サンプル不足
v7,distance_ma60,60日移動平均乖離,業種,ガラス・土石製品,3d,3営業日,2,-0.75,-0.75,0.0,サンプル不足
v7,distance_ma60,60日移動平均乖離,業種,ガラス・土石製品,5d,5営業日,2,-0.25,-0.25,0.5,サンプル不足
v7,distance_ma60,60日移動平均乖離,業種,ガラス・土石製品,10d,10営業日,2,-0.75,-0.75,0.0,サンプル不足
v7,distance_ma60,60日移動平均乖離,業種,ゴム製品,1d,1営業日,1,-0.39999999999999997,-0.39999999999999997,0.0,サンプル不足
v7,distance_ma60,60日移動平均乖離,業種,ゴム製品,3d,3営業日,1,-0.7999999999999999,-0.7999999999999999,0.0,サンプル不足
v7,distance_ma60,60日移動平均乖離,業種,ゴム製品,5d,5営業日,1,-0.6000000000000001,-0.6000000000000001,0.0,サンプル不足
v7,distance_ma60,60日移動平均乖離,業種,ゴム製品,10d,10営業日,1,-0.6000000000000001,-0.6000000000000001,0.0,サンプル不足
v7,distance_ma60,60日移動平均乖離,業種,サービス業,1d,1営業日,50,-0.03663352375844957,-0.004510115953694441,0.46,評価可能
v7,distance_ma60,60日移動平均乖離,業種,サービス業,3d,3営業日,49,-0.002139650223620643,-0.08181818181818183,0.40816326530612246,評価可能
v7,distance_ma60,60日移動平均乖離,業種,サービス業,5d,5営業日,47,-0.014059724848542027,-0.013986013986013986,0.44680851063829785,評価可能
v7,distance_ma60,60日移動平均乖離,業種,サービス業,10d,10営業日,42,-0.03371874519948543,-0.007292707292707294,0.5,評価可能
v7,distance_ma60,60日移動平均乖離,業種,パルプ・紙,1d,1営業日,0,,,,サンプル不足
v7,distance_ma60,60日移動平均乖離,業種,パルプ・紙,3d,3営業日,0,,,,サンプル不足
v7,distance_ma60,60日移動平均乖離,業種,パルプ・紙,5d,5営業日,0,,,,サンプル不足
v7,distance_ma60,60日移動平均乖離,業種,パルプ・紙,10d,10営業日,0,,,,サンプル不足
v7,distance_ma60,60日移動平均乖離,業種,不動産業,1d,1営業日,7,-0.1984239863428847,-0.20519567041703085,0.42857142857142855,サンプル不足
v7,distance_ma60,60日移動平均乖離,業種,不動産業,3d,3営業日,7,-0.042857142857142864,0.0,0.42857142857142855,サンプル不足
v7,distance_ma60,60日移動平均乖離,業種,不動産業,5d,5営業日,7,-0.08571428571428573,0.0,0.42857142857142855,サンプル不足
v7,distance_ma60,60日移動平均乖離,業種,不動産業,10d,10営業日,5,0.039999999999999994,0.0,0.4,サンプル不足
v7,distance_ma60,60日移動平均乖離,業種,保険業,1d,1営業日,18,-0.23888888888888893,-0.39999999999999997,0.2222222222222222,サンプル不足
v7,distance_ma60,60日移動平均乖離,業種,保険業,3d,3営業日,18,-0.3333333333333333,-0.5,0.2222222222222222,サンプル不足
v7,distance_ma60,60日移動平均乖離,業種,保険業,5d,5営業日,18,-0.27222222222222225,-0.5,0.2777777777777778,サンプル不足
v7,distance_ma60,60日移動平均乖離,業種,保険業,10d,10営業日,18,-0.1777777777777778,-0.5,0.3888888888888889,サンプル不足
v7,distance_ma60,60日移動平均乖離,業種,倉庫・運輸関連業,1d,1営業日,1,-1.0,-1.0,0.0,サンプル不足
v7,distance_ma60,60日移動平均乖離,業種,倉庫・運輸関連業,3d,3営業日,1,-1.0,-1.0,0.0,サンプル不足
v7,distance_ma60,60日移動平均乖離,業種,倉庫・運輸関連業,5d,5営業日,1,1.0,1.0,1.0,サンプル不足
v7,distance_ma60,60日移動平均乖離,業種,倉庫・運輸関連業,10d,10営業日,1,0.5,0.5,1.0,サンプル不足
v7,distance_ma60,60日移動平均乖離,業種,化学,1d,1営業日,46,-0.08413959229176624,-0.042857142857142864,0.4782608695652174,評価可能
v7,distance_ma60,60日移動平均乖離,業種,化学,3d,3営業日,45,-0.012183372183372196,-0.07272727272727274,0.4666666666666667,評価可能
v7,distance_ma60,60日移動平均乖離,業種,化学,5d,5営業日,43,0.0478955153373758,0.09999999999999999,0.5348837209302325,評価可能
v7,distance_ma60,60日移動平均乖離,業種,化学,10d,10営業日,41,0.005419783468563945,0.016666666666666666,0.5121951219512195,評価可能
v7,distance_ma60,60日移動平均乖離,業種,医薬品,1d,1営業日,12,-0.11428571428571427,-0.44999999999999996,0.4166666666666667,サンプル不足
v7,distance_ma60,60日移動平均乖離,業種,医薬品,3d,3営業日,11,-0.2428571428571428,-0.5,0.36363636363636365,サンプル不足
v7,distance_ma60,60日移動平均乖離,業種,医薬品,5d,5営業日,9,-0.10793650793650794,-0.5,0.4444444444444444,サンプル不足
v7,distance_ma60,60日移動平均乖離,業種,医薬品,10d,10営業日,4,-0.25,-0.5,0.25,サンプル不足
v7,distance_ma60,60日移動平均乖離,業種,卸売業,1d,1営業日,46,0.0677072927072927,0.0,0.4782608695652174,評価可能
v7,distance_ma60,60日移動平均乖離,業種,卸売業,3d,3営業日,45,0.053374033374033375,0.09999999999999999,0.5777777777777777,評価可能
v7,distance_ma60,60日移動平均乖離,業種,卸売業,5d,5営業日,43,-0.0049919073174887136,0.04761904761904763,0.5348837209302325,評価可能
v7,distance_ma60,60日移動平均乖離,業種,卸売業,10d,10営業日,38,0.02143777275356222,0.03268398268398269,0.5,評価可能
v7,distance_ma60,60日移動平均乖離,業種,小売業,1d,1営業日,43,0.016249111991238404,0.14285714285714288,0.5348837209302325,評価可能
v7,distance_ma60,60日移動平均乖離,業種,小売業,3d,3営業日,42,-0.024043976564984974,0.0,0.42857142857142855,評価可能
v7,distance_ma60,60日移動平均乖離,業種,小売業,5d,5営業日,40,-0.09395377906407318,-0.04642857142857142,0.45,評価可能
v7,distance_ma60,60日移動平均乖離,業種,小売業,10d,10営業日,35,-0.1587613506941238,-0.19999999999999998,0.37142857142857144,評価可能
v7,distance_ma60,60日移動平均乖離,業種,建設業,1d,1営業日,8,-0.4375,-0.75,0.25,サンプル不足
v7,distance_ma60,60日移動平均乖離,業種,建設業,3d,3営業日,8,-0.19999999999999998,-0.44999999999999996,0.25,サンプル不足
v7,distance_ma60,60日移動平均乖離,業種,建設業,5d,5営業日,7,-0.5285714285714286,-0.5,0.14285714285714285,サンプル不足
v7,distance_ma60,60日移動平均乖離,業種,建設業,10d,10営業日,7,-0.24285714285714288,-0.5,0.2857142857142857,サンプル不足
v7,distance_ma60,60日移動平均乖離,業種,情報・通信業,1d,1営業日,50,-0.07927367989364681,-0.10513897866839045,0.36,評価可能
v7,distance_ma60,60日移動平均乖離,業種,情報・通信業,3d,3営業日,49,-0.1346718984232014,-0.1328671328671329,0.32653061224489793,評価可能
v7,distance_ma60,60日移動平均乖離,業種,情報・通信業,5d,5営業日,47,-0.1675071943151329,-0.14285714285714285,0.3191489361702128,評価可能
v7,distance_ma60,60日移動平均乖離,業種,情報・通信業,10d,10営業日,42,-0.22577240213242064,-0.23451842275371687,0.21428571428571427,評価可能
v7,distance_ma60,60日移動平均乖離,業種,機械,1d,1営業日,34,-0.06694041252864784,-0.06666666666666667,0.4411764705882353,評価可能
v7,distance_ma60,60日移動平均乖離,業種,機械,3d,3営業日,34,0.10936563436563436,0.1939393939393939,0.5588235294117647,評価可能
v7,distance_ma60,60日移動平均乖離,業種,機械,5d,5営業日,33,-0.07232388823297914,0.0,0.48484848484848486,評価可能
v7,distance_ma60,60日移動平均乖離,業種,機械,10d,10営業日,31,-0.26265052152148927,-0.4761904761904762,0.2903225806451613,評価可能
v7,distance_ma60,60日移動平均乖離,業種,海運業,1d,1営業日,9,-0.02222222222222224,0.19999999999999998,0.5555555555555556,サンプル不足
v7,distance_ma60,60日移動平均乖離,業種,海運業,3d,3営業日,9,-0.21111111111111114,-0.5,0.4444444444444444,サンプル不足
v7,distance_ma60,60日移動平均乖離,業種,海運業,5d,5営業日,7,-0.4428571428571428,-0.5,0.2857142857142857,サンプル不足
v7,distance_ma60,60日移動平均乖離,業種,海運業,10d,10営業日,3,0.09999999999999999,0.3,0.6666666666666666,サンプル不足
v7,distance_ma60,60日移動平均乖離,業種,石油・石炭製品,1d,1営業日,0,,,,サンプル不足
v7,distance_ma60,60日移動平均乖離,業種,石油・石炭製品,3d,3営業日,0,,,,サンプル不足
v7,distance_ma60,60日移動平均乖離,業種,石油・石炭製品,5d,5営業日,0,,,,サンプル不足
v7,distance_ma60,60日移動平均乖離,業種,石油・石炭製品,10d,10営業日,0,,,,サンプル不足
v7,distance_ma60,60日移動平均乖離,業種,空運業,1d,1営業日,0,,,,サンプル不足
v7,distance_ma60,60日移動平均乖離,業種,空運業,3d,3営業日,0,,,,サンプル不足
v7,distance_ma60,60日移動平均乖離,業種,空運業,5d,5営業日,0,,,,サンプル不足
v7,distance_ma60,60日移動平均乖離,業種,空運業,10d,10営業日,0,,,,サンプル不足
v7,distance_ma60,60日移動平均乖離,業種,精密機器,1d,1営業日,23,-0.11863354037267079,-0.49999999999999994,0.34782608695652173,サンプル不足
v7,distance_ma60,60日移動平均乖離,業種,精密機器,3d,3営業日,22,0.007792207792207797,0.07857142857142856,0.5,サンプル不足
v7,distance_ma60,60日移動平均乖離,業種,精密機器,5d,5営業日,20,0.11071428571428572,0.35,0.55,サンプル不足
v7,distance_ma60,60日移動平均乖離,業種,精密機器,10d,10営業日,16,0.16874999999999998,0.5,0.6875,サンプル不足
v7,distance_ma60,60日移動平均乖離,業種,繊維製品,1d,1営業日,0,,,,サンプル不足
v7,distance_ma60,60日移動平均乖離,業種,繊維製品,3d,3営業日,0,,,,サンプル不足
v7,distance_ma60,60日移動平均乖離,業種,繊維製品,5d,5営業日,0,,,,サンプル不足
v7,distance_ma60,60日移動平均乖離,業種,繊維製品,10d,10営業日,0,,,,サンプル不足
v7,distance_ma60,60日移動平均乖離,業種,証券、商品先物取引業,1d,1営業日,21,-0.08503401360544215,-0.39999999999999997,0.47619047619047616,サンプル不足
v7,distance_ma60,60日移動平均乖離,業種,証券、商品先物取引業,3d,3営業日,20,-0.12392857142857143,-0.5,0.4,サンプル不足
v7,distance_ma60,60日移動平均乖離,業種,証券、商品先物取引業,5d,5営業日,18,0.01587301587301589,0.39999999999999997,0.6111111111111112,サンプル不足
v7,distance_ma60,60日移動平均乖離,業種,証券、商品先物取引業,10d,10営業日,17,-0.1453781512605042,-0.5,0.29411764705882354,サンプル不足
v7,distance_ma60,60日移動平均乖離,業種,輸送用機器,1d,1営業日,30,0.011111111111111124,0.0380952380952381,0.5666666666666667,評価可能
v7,distance_ma60,60日移動平均乖離,業種,輸送用機器,3d,3営業日,30,0.0003174603174603163,-0.011904761904761908,0.4666666666666667,評価可能
v7,distance_ma60,60日移動平均乖離,業種,輸送用機器,5d,5営業日,29,-0.042692939244663386,0.08571428571428573,0.5172413793103449,サンプル不足
v7,distance_ma60,60日移動平均乖離,業種,輸送用機器,10d,10営業日,26,-0.12326007326007324,-0.04761904761904763,0.46153846153846156,サンプル不足
v7,distance_ma60,60日移動平均乖離,業種,金属製品,1d,1営業日,19,-0.02731829573934835,0.0,0.47368421052631576,サンプル不足
v7,distance_ma60,60日移動平均乖離,業種,金属製品,3d,3営業日,19,-0.08897243107769422,-0.028571428571428574,0.47368421052631576,サンプル不足
v7,distance_ma60,60日移動平均乖離,業種,金属製品,5d,5営業日,19,-0.09122807017543862,-0.3,0.47368421052631576,サンプル不足
v7,distance_ma60,60日移動平均乖離,業種,金属製品,10d,10営業日,16,-0.35625,-0.6,0.3125,サンプル不足
v7,distance_ma60,60日移動平均乖離,業種,鉄鋼,1d,1営業日,9,-0.34444444444444444,-0.8999999999999998,0.3333333333333333,サンプル不足
v7,distance_ma60,60日移動平均乖離,業種,鉄鋼,3d,3営業日,9,-0.32222222222222224,-0.5,0.2222222222222222,サンプル不足
v7,distance_ma60,60日移動平均乖離,業種,鉄鋼,5d,5営業日,8,-0.25,-0.5,0.25,サンプル不足
v7,distance_ma60,60日移動平均乖離,業種,鉄鋼,10d,10営業日,6,-0.15,-0.44999999999999996,0.3333333333333333,サンプル不足
v7,distance_ma60,60日移動平均乖離,業種,鉱業,1d,1営業日,0,,,,サンプル不足
v7,distance_ma60,60日移動平均乖離,業種,鉱業,3d,3営業日,0,,,,サンプル不足
v7,distance_ma60,60日移動平均乖離,業種,鉱業,5d,5営業日,0,,,,サンプル不足
v7,distance_ma60,60日移動平均乖離,業種,鉱業,10d,10営業日,0,,,,サンプル不足
v7,distance_ma60,60日移動平均乖離,業種,銀行業,1d,1営業日,42,0.1560224264234442,0.2403846153846154,0.5952380952380952,評価可能
v7,distance_ma60,60日移動平均乖離,業種,銀行業,3d,3営業日,42,0.012546879438222509,-0.14495798319327732,0.40476190476190477,評価可能
v7,distance_ma60,60日移動平均乖離,業種,銀行業,5d,5営業日,41,-0.0765008258121601,-0.18230769230769234,0.4146341463414634,評価可能
v7,distance_ma60,60日移動平均乖離,業種,銀行業,10d,10営業日,39,-0.03552648457625832,-0.07142857142857144,0.46153846153846156,評価可能
v7,distance_ma60,60日移動平均乖離,業種,陸運業,1d,1営業日,1,-1.0,-1.0,0.0,サンプル不足
v7,distance_ma60,60日移動平均乖離,業種,陸運業,3d,3営業日,1,-1.0,-1.0,0.0,サンプル不足
v7,distance_ma60,60日移動平均乖離,業種,陸運業,5d,5営業日,1,-0.5,-0.5,0.0,サンプル不足
v7,distance_ma60,60日移動平均乖離,業種,陸運業,10d,10営業日,1,-0.5,-0.5,0.0,サンプル不足
v7,distance_ma60,60日移動平均乖離,業種,電気・ガス業,1d,1営業日,1,0.5,0.5,1.0,サンプル不足
v7,distance_ma60,60日移動平均乖離,業種,電気・ガス業,3d,3営業日,1,0.5,0.5,1.0,サンプル不足
v7,distance_ma60,60日移動平均乖離,業種,電気・ガス業,5d,5営業日,1,0.5,0.5,1.0,サンプル不足
v7,distance_ma60,60日移動平均乖離,業種,電気・ガス業,10d,10営業日,1,0.5,0.5,1.0,サンプル不足
v7,distance_ma60,60日移動平均乖離,業種,電気機器,1d,1営業日,50,-0.09973626923942308,-0.10909090909090909,0.42,評価可能
v7,distance_ma60,60日移動平均乖離,業種,電気機器,3d,3営業日,49,-0.1789549039666761,-0.1869565217391304,0.32653061224489793,評価可能
v7,distance_ma60,60日移動平均乖離,業種,電気機器,5d,5営業日,47,-0.22907221697795596,-0.2571428571428571,0.23404255319148937,評価可能
v7,distance_ma60,60日移動平均乖離,業種,電気機器,10d,10営業日,42,-0.22033790973976305,-0.2949450549450549,0.30952380952380953,評価可能
v7,distance_ma60,60日移動平均乖離,業種,非鉄金属,1d,1営業日,13,-0.29230769230769227,-0.5,0.3076923076923077,サンプル不足
v7,distance_ma60,60日移動平均乖離,業種,非鉄金属,3d,3営業日,13,-0.1538461538461538,-0.39999999999999997,0.46153846153846156,サンプル不足
v7,distance_ma60,60日移動平均乖離,業種,非鉄金属,5d,5営業日,11,-0.34545454545454546,-0.5,0.2727272727272727,サンプル不足
v7,distance_ma60,60日移動平均乖離,業種,非鉄金属,10d,10営業日,7,-0.35714285714285715,-0.5,0.2857142857142857,サンプル不足
v7,distance_ma60,60日移動平均乖離,業種,食料品,1d,1営業日,24,-0.040491452991453014,-0.14285714285714285,0.4166666666666667,サンプル不足
v7,distance_ma60,60日移動平均乖離,業種,食料品,3d,3営業日,24,-0.27206959706959705,-0.48626373626373626,0.25,サンプル不足
v7,distance_ma60,60日移動平均乖離,業種,食料品,5d,5営業日,24,-0.1316086691086691,-0.3,0.375,サンプル不足
v7,distance_ma60,60日移動平均乖離,業種,食料品,10d,10営業日,22,-0.4458041958041958,-0.5,0.18181818181818182,サンプル不足
v7,avg_turnover_20d,20日平均売買代金,全体,全体,1d,1営業日,50,0.0003582503216240662,0.010060143049433593,0.52,評価可能
v7,avg_turnover_20d,20日平均売買代金,全体,全体,3d,3営業日,49,0.014672101843485877,-0.034641568081668316,0.46938775510204084,評価可能
v7,avg_turnover_20d,20日平均売買代金,全体,全体,5d,5営業日,47,0.01262408964299096,0.05919609719827783,0.5531914893617021,評価可能
v7,avg_turnover_20d,20日平均売買代金,全体,全体,10d,10営業日,42,-0.035110760849557776,-0.06645664566456645,0.30952380952380953,評価可能
v7,avg_turnover_20d,20日平均売買代金,業種,その他製品,1d,1営業日,16,0.18749999999999997,0.39999999999999997,0.6875,サンプル不足
v7,avg_turnover_20d,20日平均売買代金,業種,その他製品,3d,3営業日,16,0.32410714285714287,0.5,0.6875,サンプル不足
v7,avg_turnover_20d,20日平均売買代金,業種,その他製品,5d,5営業日,15,0.3257142857142857,0.5,0.6666666666666666,サンプル不足
v7,avg_turnover_20d,20日平均売買代金,業種,その他製品,10d,10営業日,13,0.2318681318681319,0.39999999999999997,0.6923076923076923,サンプル不足
v7,avg_turnover_20d,20日平均売買代金,業種,その他金融業,1d,1営業日,2,-0.75,-0.75,0.0,サンプル不足
v7,avg_turnover_20d,20日平均売買代金,業種,その他金融業,3d,3営業日,2,0.0,0.0,0.5,サンプル不足
v7,avg_turnover_20d,20日平均売買代金,業種,その他金融業,5d,5営業日,2,0.0,0.0,0.5,サンプル不足
v7,avg_turnover_20d,20日平均売買代金,業種,その他金融業,10d,10営業日,2,0.0,0.0,0.5,サンプル不足
v7,avg_turnover_20d,20日平均売買代金,業種,ガラス・土石製品,1d,1営業日,2,-0.5,-0.5,0.0,サンプル不足
v7,avg_turnover_20d,20日平均売買代金,業種,ガラス・土石製品,3d,3営業日,2,-0.25,-0.25,0.5,サンプル不足
v7,avg_turnover_20d,20日平均売買代金,業種,ガラス・土石製品,5d,5営業日,2,0.0,0.0,0.5,サンプル不足
v7,avg_turnover_20d,20日平均売買代金,業種,ガラス・土石製品,10d,10営業日,2,-0.25,-0.25,0.5,サンプル不足
v7,avg_turnover_20d,20日平均売買代金,業種,ゴム製品,1d,1営業日,1,0.0,0.0,0.0,サンプル不足
v7,avg_turnover_20d,20日平均売買代金,業種,ゴム製品,3d,3営業日,1,-0.6000000000000001,-0.6000000000000001,0.0,サンプル不足
v7,avg_turnover_20d,20日平均売買代金,業種,ゴム製品,5d,5営業日,1,-0.7999999999999999,-0.7999999999999999,0.0,サンプル不足
v7,avg_turnover_20d,20日平均売買代金,業種,ゴム製品,10d,10営業日,1,-0.7999999999999999,-0.7999999999999999,0.0,サンプル不足
v7,avg_turnover_20d,20日平均売買代金,業種,サービス業,1d,1営業日,50,0.04252874929889348,0.10559440559440558,0.62,評価可能
v7,avg_turnover_20d,20日平均売買代金,業種,サービス業,3d,3営業日,49,0.1723616461674843,0.21678321678321683,0.7142857142857143,評価可能
v7,avg_turnover_20d,20日平均売買代金,業種,サービス業,5d,5営業日,47,0.2530273593229465,0.29696969696969694,0.7659574468085106,評価可能
v7,avg_turnover_20d,20日平均売買代金,業種,サービス業,10d,10営業日,42,0.2489929055160896,0.2867132867132868,0.8333333333333334,評価可能
v7,avg_turnover_20d,20日平均売買代金,業種,パルプ・紙,1d,1営業日,0,,,,サンプル不足
v7,avg_turnover_20d,20日平均売買代金,業種,パルプ・紙,3d,3営業日,0,,,,サンプル不足
v7,avg_turnover_20d,20日平均売買代金,業種,パルプ・紙,5d,5営業日,0,,,,サンプル不足
v7,avg_turnover_20d,20日平均売買代金,業種,パルプ・紙,10d,10営業日,0,,,,サンプル不足
v7,avg_turnover_20d,20日平均売買代金,業種,不動産業,1d,1営業日,7,-0.2613192466292348,-0.5,0.2857142857142857,サンプル不足
v7,avg_turnover_20d,20日平均売買代金,業種,不動産業,3d,3営業日,7,-0.35714285714285715,-0.5,0.14285714285714285,サンプル不足
v7,avg_turnover_20d,20日平均売買代金,業種,不動産業,5d,5営業日,7,-0.32857142857142857,-0.5,0.14285714285714285,サンプル不足
v7,avg_turnover_20d,20日平均売買代金,業種,不動産業,10d,10営業日,5,-0.3,-0.5,0.2,サンプル不足
v7,avg_turnover_20d,20日平均売買代金,業種,保険業,1d,1営業日,18,-0.16666666666666669,-0.5,0.3888888888888889,サンプル不足
v7,avg_turnover_20d,20日平均売買代金,業種,保険業,3d,3営業日,18,-6.1679056923619804e-18,0.15000000000000002,0.5,サンプル不足
v7,avg_turnover_20d,20日平均売買代金,業種,保険業,5d,5営業日,18,0.21666666666666667,0.5,0.6666666666666666,サンプル不足
v7,avg_turnover_20d,20日平均売買代金,業種,保険業,10d,10営業日,18,-0.022222222222222213,0.19999999999999998,0.5555555555555556,サンプル不足
v7,avg_turnover_20d,20日平均売買代金,業種,倉庫・運輸関連業,1d,1営業日,1,-1.0,-1.0,0.0,サンプル不足
v7,avg_turnover_20d,20日平均売買代金,業種,倉庫・運輸関連業,3d,3営業日,1,-1.0,-1.0,0.0,サンプル不足
v7,avg_turnover_20d,20日平均売買代金,業種,倉庫・運輸関連業,5d,5営業日,1,1.0,1.0,1.0,サンプル不足
v7,avg_turnover_20d,20日平均売買代金,業種,倉庫・運輸関連業,10d,10営業日,1,0.5,0.5,1.0,サンプル不足
v7,avg_turnover_20d,20日平均売買代金,業種,化学,1d,1営業日,46,-0.09022915490306793,-0.1142857142857143,0.3695652173913043,評価可能
v7,avg_turnover_20d,20日平均売買代金,業種,化学,3d,3営業日,45,0.022101047101047103,-0.09999999999999999,0.4888888888888889,評価可能
v7,avg_turnover_20d,20日平均売買代金,業種,化学,5d,5営業日,43,-0.0001140332535681382,0.07142857142857144,0.5348837209302325,評価可能
v7,avg_turnover_20d,20日平均売買代金,業種,化学,10d,10営業日,41,-0.017224442224442218,-0.028571428571428574,0.4878048780487805,評価可能
v7,avg_turnover_20d,20日平均売買代金,業種,医薬品,1d,1営業日,12,0.35595238095238096,0.5,0.75,サンプル不足
v7,avg_turnover_20d,20日平均売買代金,業種,医薬品,3d,3営業日,11,0.0896103896103896,0.19999999999999998,0.5454545454545454,サンプル不足
v7,avg_turnover_20d,20日平均売買代金,業種,医薬品,5d,5営業日,9,0.1365079365079365,0.19999999999999998,0.6666666666666666,サンプル不足
v7,avg_turnover_20d,20日平均売買代金,業種,医薬品,10d,10営業日,4,0.0,0.0,0.5,サンプル不足
v7,avg_turnover_20d,20日平均売買代金,業種,卸売業,1d,1営業日,46,0.008139324443672276,-0.0648018648018648,0.45652173913043476,評価可能
v7,avg_turnover_20d,20日平均売買代金,業種,卸売業,3d,3営業日,45,0.0722847522847523,0.18181818181818185,0.5111111111111111,評価可能
v7,avg_turnover_20d,20日平均売買代金,業種,卸売業,5d,5営業日,43,0.12878671715881018,0.19999999999999998,0.5581395348837209,評価可能
v7,avg_turnover_20d,20日平均売買代金,業種,卸売業,10d,10営業日,38,0.09824123245175874,0.18333333333333335,0.6052631578947368,評価可能
v7,avg_turnover_20d,20日平均売買代金,業種,小売業,1d,1営業日,43,-0.042253254257377894,0.04761904761904763,0.5116279069767442,評価可能
v7,avg_turnover_20d,20日平均売買代金,業種,小売業,3d,3営業日,42,0.009065281124104657,0.059523809523809534,0.5238095238095238,評価可能
v7,avg_turnover_20d,20日平均売買代金,業種,小売業,5d,5営業日,40,0.012630017041781738,-0.06071428571428572,0.4,評価可能
v7,avg_turnover_20d,20日平均売買代金,業種,小売業,10d,10営業日,35,-0.04830134851143253,-0.010989010989010988,0.4,評価可能
v7,avg_turnover_20d,20日平均売買代金,業種,建設業,1d,1営業日,8,0.15,0.09999999999999999,0.5,サンプル不足
v7,avg_turnover_20d,20日平均売買代金,業種,建設業,3d,3営業日,8,0.0,0.0,0.5,サンプル不足
v7,avg_turnover_20d,20日平均売買代金,業種,建設業,5d,5営業日,7,0.15714285714285717,0.5,0.5714285714285714,サンプル不足
v7,avg_turnover_20d,20日平均売買代金,業種,建設業,10d,10営業日,7,-0.12857142857142856,-0.39999999999999997,0.42857142857142855,サンプル不足
v7,avg_turnover_20d,20日平均売買代金,業種,情報・通信業,1d,1営業日,50,0.01955471543634972,0.005952380952380954,0.5,評価可能
v7,avg_turnover_20d,20日平均売買代金,業種,情報・通信業,3d,3営業日,49,0.03495080468350868,0.07327141382868937,0.6122448979591837,評価可能
v7,avg_turnover_20d,20日平均売買代金,業種,情報・通信業,5d,5営業日,47,0.00998055924738484,0.032352941176470584,0.5319148936170213,評価可能
v7,avg_turnover_20d,20日平均売買代金,業種,情報・通信業,10d,10営業日,42,-0.015734278467228312,0.07142857142857142,0.5476190476190477,評価可能
v7,avg_turnover_20d,20日平均売買代金,業種,機械,1d,1営業日,34,-0.18580292256762848,-0.2846153846153846,0.3235294117647059,評価可能
v7,avg_turnover_20d,20日平均売買代金,業種,機械,3d,3営業日,34,-0.030706793206793207,0.0,0.4411764705882353,評価可能
v7,avg_turnover_20d,20日平均売買代金,業種,機械,5d,5営業日,33,-0.19061645425281784,-0.2571428571428572,0.3333333333333333,評価可能
v7,avg_turnover_20d,20日平均売買代金,業種,機械,10d,10営業日,31,-0.20637507653636683,-0.37499999999999994,0.2903225806451613,評価可能
v7,avg_turnover_20d,20日平均売買代金,業種,海運業,1d,1営業日,9,0.14444444444444446,0.19999999999999998,0.5555555555555556,サンプル不足
v7,avg_turnover_20d,20日平均売買代金,業種,海運業,3d,3営業日,9,-1.5419764230904953e-17,0.0,0.4444444444444444,サンプル不足
v7,avg_turnover_20d,20日平均売買代金,業種,海運業,5d,5営業日,7,0.0571428571428571,-0.3,0.42857142857142855,サンプル不足
v7,avg_turnover_20d,20日平均売買代金,業種,海運業,10d,10営業日,3,0.3666666666666667,0.6,0.6666666666666666,サンプル不足
v7,avg_turnover_20d,20日平均売買代金,業種,石油・石炭製品,1d,1営業日,0,,,,サンプル不足
v7,avg_turnover_20d,20日平均売買代金,業種,石油・石炭製品,3d,3営業日,0,,,,サンプル不足
v7,avg_turnover_20d,20日平均売買代金,業種,石油・石炭製品,5d,5営業日,0,,,,サンプル不足
v7,avg_turnover_20d,20日平均売買代金,業種,石油・石炭製品,10d,10営業日,0,,,,サンプル不足
v7,avg_turnover_20d,20日平均売買代金,業種,空運業,1d,1営業日,0,,,,サンプル不足
v7,avg_turnover_20d,20日平均売買代金,業種,空運業,3d,3営業日,0,,,,サンプル不足
v7,avg_turnover_20d,20日平均売買代金,業種,空運業,5d,5営業日,0,,,,サンプル不足
v7,avg_turnover_20d,20日平均売買代金,業種,空運業,10d,10営業日,0,,,,サンプル不足
v7,avg_turnover_20d,20日平均売買代金,業種,精密機器,1d,1営業日,23,0.08944099378881988,0.3714285714285715,0.5652173913043478,サンプル不足
v7,avg_turnover_20d,20日平均売買代金,業種,精密機器,3d,3営業日,22,0.04480519480519481,0.2928571428571428,0.5454545454545454,サンプル不足
v7,avg_turnover_20d,20日平均売買代金,業種,精密機器,5d,5営業日,20,-0.0664285714285714,-0.1571428571428571,0.5,サンプル不足
v7,avg_turnover_20d,20日平均売買代金,業種,精密機器,10d,10営業日,16,0.11071428571428571,0.5,0.5625,サンプル不足
v7,avg_turnover_20d,20日平均売買代金,業種,繊維製品,1d,1営業日,0,,,,サンプル不足
v7,avg_turnover_20d,20日平均売買代金,業種,繊維製品,3d,3営業日,0,,,,サンプル不足
v7,avg_turnover_20d,20日平均売買代金,業種,繊維製品,5d,5営業日,0,,,,サンプル不足
v7,avg_turnover_20d,20日平均売買代金,業種,繊維製品,10d,10営業日,0,,,,サンプル不足
v7,avg_turnover_20d,20日平均売買代金,業種,証券、商品先物取引業,1d,1営業日,21,-0.17517006802721086,-0.5,0.2857142857142857,サンプル不足
v7,avg_turnover_20d,20日平均売買代金,業種,証券、商品先物取引業,3d,3営業日,20,-0.0785714285714286,-0.3,0.45,サンプル不足
v7,avg_turnover_20d,20日平均売買代金,業種,証券、商品先物取引業,5d,5営業日,18,-0.1119047619047619,-0.09999999999999999,0.5,サンプル不足
v7,avg_turnover_20d,20日平均売買代金,業種,証券、商品先物取引業,10d,10営業日,17,-0.17983193277310927,-0.39999999999999997,0.35294117647058826,サンプル不足
v7,avg_turnover_20d,20日平均売買代金,業種,輸送用機器,1d,1営業日,30,0.04634920634920636,0.2285714285714286,0.6,評価可能
v7,avg_turnover_20d,20日平均売買代金,業種,輸送用機器,3d,3営業日,30,0.18857142857142858,0.3,0.5666666666666667,評価可能
v7,avg_turnover_20d,20日平均売買代金,業種,輸送用機器,5d,5営業日,29,0.18440065681444995,0.3,0.6896551724137931,サンプル不足
v7,avg_turnover_20d,20日平均売買代金,業種,輸送用機器,10d,10営業日,26,0.3238095238095238,0.49999999999999994,0.8461538461538461,サンプル不足
v7,avg_turnover_20d,20日平均売買代金,業種,金属製品,1d,1営業日,19,-0.08496240601503757,-0.3714285714285715,0.3157894736842105,サンプル不足
v7,avg_turnover_20d,20日平均売買代金,業種,金属製品,3d,3営業日,19,-0.16842105263157892,-0.28571428571428575,0.42105263157894735,サンプル不足
v7,avg_turnover_20d,20日平均売買代金,業種,金属製品,5d,5営業日,19,-0.1370927318295739,-0.08571428571428573,0.47368421052631576,サンプル不足
v7,avg_turnover_20d,20日平均売買代金,業種,金属製品,10d,10営業日,16,-0.21726190476190474,-0.0380952380952381,0.4375,サンプル不足
v7,avg_turnover_20d,20日平均売買代金,業種,鉄鋼,1d,1営業日,9,0.1333333333333333,0.5,0.5555555555555556,サンプル不足
v7,avg_turnover_20d,20日平均売買代金,業種,鉄鋼,3d,3営業日,9,0.16666666666666663,0.5,0.5555555555555556,サンプル不足
v7,avg_turnover_20d,20日平均売買代金,業種,鉄鋼,5d,5営業日,8,-0.11249999999999999,-0.35,0.375,サンプル不足
v7,avg_turnover_20d,20日平均売買代金,業種,鉄鋼,10d,10営業日,6,-0.20000000000000004,-0.5,0.3333333333333333,サンプル不足
v7,avg_turnover_20d,20日平均売買代金,業種,鉱業,1d,1営業日,0,,,,サンプル不足
v7,avg_turnover_20d,20日平均売買代金,業種,鉱業,3d,3営業日,0,,,,サンプル不足
v7,avg_turnover_20d,20日平均売買代金,業種,鉱業,5d,5営業日,0,,,,サンプル不足
v7,avg_turnover_20d,20日平均売買代金,業種,鉱業,10d,10営業日,0,,,,サンプル不足
v7,avg_turnover_20d,20日平均売買代金,業種,銀行業,1d,1営業日,42,-0.09338387148754831,-0.14450549450549452,0.40476190476190477,評価可能
v7,avg_turnover_20d,20日平均売買代金,業種,銀行業,3d,3営業日,42,-0.10677948356999725,-0.15,0.42857142857142855,評価可能
v7,avg_turnover_20d,20日平均売買代金,業種,銀行業,5d,5営業日,41,0.067293605485858,0.04895104895104895,0.5121951219512195,評価可能
v7,avg_turnover_20d,20日平均売買代金,業種,銀行業,10d,10営業日,39,-0.017107397378890568,-0.2571428571428572,0.46153846153846156,評価可能
v7,avg_turnover_20d,20日平均売買代金,業種,陸運業,1d,1営業日,1,1.0,1.0,1.0,サンプル不足
v7,avg_turnover_20d,20日平均売買代金,業種,陸運業,3d,3営業日,1,1.0,1.0,1.0,サンプル不足
v7,avg_turnover_20d,20日平均売買代金,業種,陸運業,5d,5営業日,1,0.5,0.5,1.0,サンプル不足
v7,avg_turnover_20d,20日平均売買代金,業種,陸運業,10d,10営業日,1,0.5,0.5,1.0,サンプル不足
v7,avg_turnover_20d,20日平均売買代金,業種,電気・ガス業,1d,1営業日,1,-0.5,-0.5,0.0,サンプル不足
v7,avg_turnover_20d,20日平均売買代金,業種,電気・ガス業,3d,3営業日,1,-0.5,-0.5,0.0,サンプル不足
v7,avg_turnover_20d,20日平均売買代金,業種,電気・ガス業,5d,5営業日,1,-0.5,-0.5,0.0,サンプル不足
v7,avg_turnover_20d,20日平均売買代金,業種,電気・ガス業,10d,10営業日,1,-0.5,-0.5,0.0,サンプル不足
v7,avg_turnover_20d,20日平均売買代金,業種,電気機器,1d,1営業日,50,0.06941119359938679,0.0,0.48,評価可能
v7,avg_turnover_20d,20日平均売買代金,業種,電気機器,3d,3営業日,49,0.05223260204487671,0.09090909090909088,0.5306122448979592,評価可能
v7,avg_turnover_20d,20日平均売買代金,業種,電気機器,5d,5営業日,47,0.01220755918908283,-0.028571428571428574,0.44680851063829785,評価可能
v7,avg_turnover_20d,20日平均売買代金,業種,電気機器,10d,10営業日,42,-0.0532583016417646,-0.026788897377132664,0.47619047619047616,評価可能
v7,avg_turnover_20d,20日平均売買代金,業種,非鉄金属,1d,1営業日,13,0.11538461538461539,0.39999999999999997,0.6153846153846154,サンプル不足
v7,avg_turnover_20d,20日平均売買代金,業種,非鉄金属,3d,3営業日,13,0.09999999999999999,0.09999999999999999,0.5384615384615384,サンプル不足
v7,avg_turnover_20d,20日平均売買代金,業種,非鉄金属,5d,5営業日,11,0.09999999999999999,0.19999999999999998,0.5454545454545454,サンプル不足
v7,avg_turnover_20d,20日平均売買代金,業種,非鉄金属,10d,10営業日,7,-0.42857142857142855,-0.5,0.0,サンプル不足
v7,avg_turnover_20d,20日平均売買代金,業種,食料品,1d,1営業日,24,0.0643009768009768,0.2285714285714286,0.5833333333333334,サンプル不足
v7,avg_turnover_20d,20日平均売買代金,業種,食料品,3d,3営業日,24,0.3959859584859584,0.5,0.8333333333333334,サンプル不足
v7,avg_turnover_20d,20日平均売買代金,業種,食料品,5d,5営業日,24,0.12483211233211233,0.39999999999999997,0.625,サンプル不足
v7,avg_turnover_20d,20日平均売買代金,業種,食料品,10d,10営業日,22,0.10602730602730605,0.3142857142857143,0.6363636363636364,サンプル不足
v7,volume_ratio_20d,出来高比,全体,全体,1d,1営業日,50,-0.041713561896481705,-0.03380448186178389,0.34,評価可能
v7,volume_ratio_20d,出来高比,全体,全体,3d,3営業日,49,-0.038573314598866,-0.027248074360285982,0.4489795918367347,評価可能
v7,volume_ratio_20d,出来高比,全体,全体,5d,5営業日,47,-0.03571206312901653,-0.03817581758175817,0.40425531914893614,評価可能
v7,volume_ratio_20d,出来高比,全体,全体,10d,10営業日,42,-2.91204541033318e-05,0.004174397031539889,0.5476190476190477,評価可能
v7,volume_ratio_20d,出来高比,業種,その他製品,1d,1営業日,16,-0.10535714285714284,-0.11428571428571428,0.375,サンプル不足
v7,volume_ratio_20d,出来高比,業種,その他製品,3d,3営業日,16,-0.06607142857142856,-0.39999999999999997,0.4375,サンプル不足
v7,volume_ratio_20d,出来高比,業種,その他製品,5d,5営業日,15,-0.1838095238095238,-0.5,0.3333333333333333,サンプル不足
v7,volume_ratio_20d,出来高比,業種,その他製品,10d,10営業日,13,-0.1835164835164835,-0.5,0.3076923076923077,サンプル不足
v7,volume_ratio_20d,出来高比,業種,その他金融業,1d,1営業日,2,0.5,0.5,1.0,サンプル不足
v7,volume_ratio_20d,出来高比,業種,その他金融業,3d,3営業日,2,0.25,0.25,0.5,サンプル不足
v7,volume_ratio_20d,出来高比,業種,その他金融業,5d,5営業日,2,0.25,0.25,0.5,サンプル不足
v7,volume_ratio_20d,出来高比,業種,その他金融業,10d,10営業日,2,0.25,0.25,0.5,サンプル不足
v7,volume_ratio_20d,出来高比,業種,ガラス・土石製品,1d,1営業日,2,-0.5,-0.5,0.0,サンプル不足
v7,volume_ratio_20d,出来高比,業種,ガラス・土石製品,3d,3営業日,2,-0.25,-0.25,0.5,サンプル不足
v7,volume_ratio_20d,出来高比,業種,ガラス・土石製品,5d,5営業日,2,0.0,0.0,0.5,サンプル不足
v7,volume_ratio_20d,出来高比,業種,ガラス・土石製品,10d,10営業日,2,-0.25,-0.25,0.5,サンプル不足
v7,volume_ratio_20d,出来高比,業種,ゴム製品,1d,1営業日,1,0.0,0.0,0.0,サンプル不足
v7,volume_ratio_20d,出来高比,業種,ゴム製品,3d,3営業日,1,0.6000000000000001,0.6000000000000001,1.0,サンプル不足
v7,volume_ratio_20d,出来高比,業種,ゴム製品,5d,5営業日,1,0.7999999999999999,0.7999999999999999,1.0,サンプル不足
v7,volume_ratio_20d,出来高比,業種,ゴム製品,10d,10営業日,1,0.7999999999999999,0.7999999999999999,1.0,サンプル不足
v7,volume_ratio_20d,出来高比,業種,サービス業,1d,1営業日,50,-0.08127608149326529,-0.16536796536796539,0.38,評価可能
v7,volume_ratio_20d,出来高比,業種,サービス業,3d,3営業日,49,-0.17522673510226427,-0.2571428571428572,0.2857142857142857,評価可能
v7,volume_ratio_20d,出来高比,業種,サービス業,5d,5営業日,47,-0.22896919609795716,-0.28571428571428575,0.2978723404255319,評価可能
v7,volume_ratio_20d,出来高比,業種,サービス業,10d,10営業日,42,-0.16288796751639442,-0.17445054945054947,0.35714285714285715,評価可能
v7,volume_ratio_20d,出来高比,業種,パルプ・紙,1d,1営業日,0,,,,サンプル不足
v7,volume_ratio_20d,出来高比,業種,パルプ・紙,3d,3営業日,0,,,,サンプル不足
v7,volume_ratio_20d,出来高比,業種,パルプ・紙,5d,5営業日,0,,,,サンプル不足
v7,volume_ratio_20d,出来高比,業種,パルプ・紙,10d,10営業日,0,,,,サンプル不足
v7,volume_ratio_20d,出来高比,業種,不動産業,1d,1営業日,7,0.12393238337444225,0.316227766016838,0.7142857142857143,サンプル不足
v7,volume_ratio_20d,出来高比,業種,不動産業,3d,3営業日,7,0.02857142857142855,0.5,0.5714285714285714,サンプル不足
v7,volume_ratio_20d,出来高比,業種,不動産業,5d,5営業日,7,0.2857142857142857,0.5,0.7142857142857143,サンプル不足
v7,volume_ratio_20d,出来高比,業種,不動産業,10d,10営業日,5,0.33999999999999997,0.5,0.8,サンプル不足
v7,volume_ratio_20d,出来高比,業種,保険業,1d,1営業日,18,0.06666666666666665,0.0,0.3888888888888889,サンプル不足
v7,volume_ratio_20d,出来高比,業種,保険業,3d,3営業日,18,-0.0388888888888889,0.35,0.5555555555555556,サンプル不足
v7,volume_ratio_20d,出来高比,業種,保険業,5d,5営業日,18,0.0888888888888889,0.44999999999999996,0.5555555555555556,サンプル不足
v7,volume_ratio_20d,出来高比,業種,保険業,10d,10営業日,18,0.3277777777777777,0.5,0.7777777777777778,サンプル不足
v7,volume_ratio_20d,出来高比,業種,倉庫・運輸関連業,1d,1営業日,1,0.5,0.5,1.0,サンプル不足
v7,volume_ratio_20d,出来高比,業種,倉庫・運輸関連業,3d,3営業日,1,0.5,0.5,1.0,サンプル不足
v7,volume_ratio_20d,出来高比,業種,倉庫・運輸関連業,5d,5営業日,1,-0.5,-0.5,0.0,サンプル不足
v7,volume_ratio_20d,出来高比,業種,倉庫・運輸関連業,10d,10営業日,1,0.5,0.5,1.0,サンプル不足
v7,volume_ratio_20d,出来高比,業種,化学,1d,1営業日,46,-0.045187602252819634,-0.09761904761904763,0.45652173913043476,評価可能
v7,volume_ratio_20d,出来高比,業種,化学,3d,3営業日,45,0.05824268324268325,0.09999999999999999,0.5333333333333333,評価可能
v7,volume_ratio_20d,出来高比,業種,化学,5d,5営業日,43,0.077176312060033,0.10714285714285716,0.5813953488372093,評価可能
v7,volume_ratio_20d,出来高比,業種,化学,10d,10営業日,41,0.06277442070124997,0.10714285714285716,0.5365853658536586,評価可能
v7,volume_ratio_20d,出来高比,業種,医薬品,1d,1営業日,12,-0.29404761904761906,-0.5,0.4166666666666667,サンプル不足
v7,volume_ratio_20d,出来高比,業種,医薬品,3d,3営業日,11,0.2974025974025974,0.5,0.7272727272727273,サンプル不足
v7,volume_ratio_20d,出来高比,業種,医薬品,5d,5営業日,9,0.4571428571428572,0.5,0.7777777777777778,サンプル不足
v7,volume_ratio_20d,出来高比,業種,医薬品,10d,10営業日,4,0.25,0.5,0.75,サンプル不足
v7,volume_ratio_20d,出来高比,業種,卸売業,1d,1営業日,46,-0.0027718658153440727,0.023809523809523815,0.5,評価可能
v7,volume_ratio_20d,出来高比,業種,卸売業,3d,3営業日,45,0.017162097162097146,-0.027972027972027972,0.4444444444444444,評価可能
v7,volume_ratio_20d,出来高比,業種,卸売業,5d,5営業日,43,-0.1316873049431189,-0.19999999999999998,0.3953488372093023,評価可能
v7,volume_ratio_20d,出来高比,業種,卸売業,10d,10営業日,38,-0.19994479205005522,-0.19999999999999998,0.42105263157894735,評価可能
v7,volume_ratio_20d,出来高比,業種,小売業,1d,1営業日,43,-0.04095510641336526,-0.07142857142857144,0.46511627906976744,評価可能
v7,volume_ratio_20d,出来高比,業種,小売業,3d,3営業日,42,0.07485344953832349,0.11285650623885918,0.5238095238095238,評価可能
v7,volume_ratio_20d,出来高比,業種,小売業,5d,5営業日,40,0.10638471822295355,0.16158963585434177,0.675,評価可能
v7,volume_ratio_20d,出来高比,業種,小売業,10d,10営業日,35,0.13111820952157088,0.14285714285714288,0.6285714285714286,評価可能
v7,volume_ratio_20d,出来高比,業種,建設業,1d,1営業日,8,-0.275,-0.35,0.25,サンプル不足
v7,volume_ratio_20d,出来高比,業種,建設業,3d,3営業日,8,-0.32499999999999996,-0.44999999999999996,0.25,サンプル不足
v7,volume_ratio_20d,出来高比,業種,建設業,5d,5営業日,7,-0.19999999999999998,-0.5,0.2857142857142857,サンプル不足
v7,volume_ratio_20d,出来高比,業種,建設業,10d,10営業日,7,-0.05714285714285713,-0.39999999999999997,0.42857142857142855,サンプル不足
v7,volume_ratio_20d,出来高比,業種,情報・通信業,1d,1営業日,50,-0.00039540439732606124,-0.08253878474466711,0.46,評価可能
v7,volume_ratio_20d,出来高比,業種,情報・通信業,3d,3営業日,49,-0.03708272795981726,-0.11661506707946334,0.3877551020408163,評価可能
v7,volume_ratio_20d,出来高比,業種,情報・通信業,5d,5営業日,47,-0.055337014121794766,-0.1398601398601399,0.3829787234042553,評価可能
v7,volume_ratio_20d,出来高比,業種,情報・通信業,10d,10営業日,42,-0.028928089088387975,-0.1616145470045726,0.40476190476190477,評価可能
v7,volume_ratio_20d,出来高比,業種,機械,1d,1営業日,34,0.11139497757144817,0.19999999999999998,0.6176470588235294,評価可能
v7,volume_ratio_20d,出来高比,業種,機械,3d,3営業日,34,0.039144433997375175,0.03571428571428572,0.5,評価可能
v7,volume_ratio_20d,出来高比,業種,機械,5d,5営業日,33,0.14500474273201544,0.04761904761904763,0.6060606060606061,評価可能
v7,volume_ratio_20d,出来高比,業種,機械,10d,10営業日,31,0.25909466877208814,0.33571428571428563,0.7419354838709677,評価可能
v7,volume_ratio_20d,出来高比,業種,海運業,1d,1営業日,9,-0.08888888888888888,0.19999999999999998,0.5555555555555556,サンプル不足
v7,volume_ratio_20d,出来高比,業種,海運業,3d,3営業日,9,0.06666666666666668,0.3,0.6666666666666666,サンプル不足
v7,volume_ratio_20d,出来高比,業種,海運業,5d,5営業日,7,-0.08571428571428566,-0.5,0.42857142857142855,サンプル不足
v7,volume_ratio_20d,出来高比,業種,海運業,10d,10営業日,3,0.0,0.0,0.3333333333333333,サンプル不足
v7,volume_ratio_20d,出来高比,業種,石油・石炭製品,1d,1営業日,0,,,,サンプル不足
v7,volume_ratio_20d,出来高比,業種,石油・石炭製品,3d,3営業日,0,,,,サンプル不足
v7,volume_ratio_20d,出来高比,業種,石油・石炭製品,5d,5営業日,0,,,,サンプル不足
v7,volume_ratio_20d,出来高比,業種,石油・石炭製品,10d,10営業日,0,,,,サンプル不足
v7,volume_ratio_20d,出来高比,業種,空運業,1d,1営業日,0,,,,サンプル不足
v7,volume_ratio_20d,出来高比,業種,空運業,3d,3営業日,0,,,,サンプル不足
v7,volume_ratio_20d,出来高比,業種,空運業,5d,5営業日,0,,,,サンプル不足
v7,volume_ratio_20d,出来高比,業種,空運業,10d,10営業日,0,,,,サンプル不足
v7,volume_ratio_20d,出来高比,業種,精密機器,1d,1営業日,23,0.07950310559006211,0.2571428571428572,0.5217391304347826,サンプル不足
v7,volume_ratio_20d,出来高比,業種,精密機器,3d,3営業日,22,0.1,0.1,0.5,サンプル不足
v7,volume_ratio_20d,出来高比,業種,精密機器,5d,5営業日,20,-0.08214285714285714,-0.5,0.4,サンプル不足
v7,volume_ratio_20d,出来高比,業種,精密機器,10d,10営業日,16,-0.16160714285714284,-0.35,0.3125,サンプル不足
v7,volume_ratio_20d,出来高比,業種,繊維製品,1d,1営業日,0,,,,サンプル不足
v7,volume_ratio_20d,出来高比,業種,繊維製品,3d,3営業日,0,,,,サンプル不足
v7,volume_ratio_20d,出来高比,業種,繊維製品,5d,5営業日,0,,,,サンプル不足
v7,volume_ratio_20d,出来高比,業種,繊維製品,10d,10営業日,0,,,,サンプル不足
v7,volume_ratio_20d,出来高比,業種,証券、商品先物取引業,1d,1営業日,21,-0.1068027210884354,-0.09999999999999999,0.47619047619047616,サンプル不足
v7,volume_ratio_20d,出来高比,業種,証券、商品先物取引業,3d,3営業日,20,0.024999999999999998,-0.09999999999999999,0.45,サンプル不足
v7,volume_ratio_20d,出来高比,業種,証券、商品先物取引業,5d,5営業日,18,0.08174603174603173,0.39999999999999997,0.5555555555555556,サンプル不足
v7,volume_ratio_20d,出来高比,業種,証券、商品先物取引業,10d,10営業日,17,0.2004201680672269,0.5,0.6470588235294118,サンプル不足
v7,volume_ratio_20d,出来高比,業種,輸送用機器,1d,1営業日,30,0.03253968253968254,0.030952380952380957,0.5,評価可能
v7,volume_ratio_20d,出来高比,業種,輸送用機器,3d,3営業日,30,-0.009523809523809513,0.0,0.4666666666666667,評価可能
v7,volume_ratio_20d,出来高比,業種,輸送用機器,5d,5営業日,29,0.057799671592775034,0.3,0.5862068965517241,サンプル不足
v7,volume_ratio_20d,出来高比,業種,輸送用機器,10d,10営業日,26,-0.10000000000000003,-0.330952380952381,0.46153846153846156,サンプル不足
v7,volume_ratio_20d,出来高比,業種,金属製品,1d,1営業日,19,0.009022556390977437,-0.08571428571428573,0.47368421052631576,サンプル不足
v7,volume_ratio_20d,出来高比,業種,金属製品,3d,3営業日,19,0.04661654135338346,-0.09999999999999999,0.47368421052631576,サンプル不足
v7,volume_ratio_20d,出来高比,業種,金属製品,5d,5営業日,19,0.013032581453634095,-0.14285714285714288,0.42105263157894735,サンプル不足
v7,volume_ratio_20d,出来高比,業種,金属製品,10d,10営業日,16,-0.3133928571428571,-0.5,0.3125,サンプル不足
v7,volume_ratio_20d,出来高比,業種,鉄鋼,1d,1営業日,9,-0.2777777777777778,-0.5,0.3333333333333333,サンプル不足
v7,volume_ratio_20d,出来高比,業種,鉄鋼,3d,3営業日,9,-0.03333333333333331,-0.49999999999999994,0.4444444444444444,サンプル不足
v7,volume_ratio_20d,出来高比,業種,鉄鋼,5d,5営業日,8,0.23750000000000002,0.3,0.625,サンプル不足
v7,volume_ratio_20d,出来高比,業種,鉄鋼,10d,10営業日,6,0.35000000000000003,0.5,0.5,サンプル不足
v7,volume_ratio_20d,出来高比,業種,鉱業,1d,1営業日,0,,,,サンプル不足
v7,volume_ratio_20d,出来高比,業種,鉱業,3d,3営業日,0,,,,サンプル不足
v7,volume_ratio_20d,出来高比,業種,鉱業,5d,5営業日,0,,,,サンプル不足
v7,volume_ratio_20d,出来高比,業種,鉱業,10d,10営業日,0,,,,サンプル不足
v7,volume_ratio_20d,出来高比,業種,銀行業,1d,1営業日,42,0.1712563998772776,0.2702380952380953,0.6666666666666666,評価可能
v7,volume_ratio_20d,出来高比,業種,銀行業,3d,3営業日,42,0.12562474646194716,0.12566977266275173,0.5476190476190477,評価可能
v7,volume_ratio_20d,出来高比,業種,銀行業,5d,5営業日,41,0.08119494087930244,0.14545454545454548,0.5365853658536586,評価可能
v7,volume_ratio_20d,出来高比,業種,銀行業,10d,10営業日,39,0.07172929132205152,0.15846153846153843,0.5897435897435898,評価可能
v7,volume_ratio_20d,出来高比,業種,陸運業,1d,1営業日,1,-0.5,-0.5,0.0,サンプル不足
v7,volume_ratio_20d,出来高比,業種,陸運業,3d,3営業日,1,-0.5,-0.5,0.0,サンプル不足
v7,volume_ratio_20d,出来高比,業種,陸運業,5d,5営業日,1,-1.0,-1.0,0.0,サンプル不足
v7,volume_ratio_20d,出来高比,業種,陸運業,10d,10営業日,1,-1.0,-1.0,0.0,サンプル不足
v7,volume_ratio_20d,出来高比,業種,電気・ガス業,1d,1営業日,1,0.5,0.5,1.0,サンプル不足
v7,volume_ratio_20d,出来高比,業種,電気・ガス業,3d,3営業日,1,0.5,0.5,1.0,サンプル不足
v7,volume_ratio_20d,出来高比,業種,電気・ガス業,5d,5営業日,1,0.5,0.5,1.0,サンプル不足
v7,volume_ratio_20d,出来高比,業種,電気・ガス業,10d,10営業日,1,0.5,0.5,1.0,サンプル不足
v7,volume_ratio_20d,出来高比,業種,電気機器,1d,1営業日,50,-0.13706534558351866,-0.19041501976284586,0.38,評価可能
v7,volume_ratio_20d,出来高比,業種,電気機器,3d,3営業日,49,-0.06549304160156041,-0.08571428571428573,0.42857142857142855,評価可能
v7,volume_ratio_20d,出来高比,業種,電気機器,5d,5営業日,47,-0.056454971528046835,-0.09999999999999999,0.44680851063829785,評価可能
v7,volume_ratio_20d,出来高比,業種,電気機器,10d,10営業日,42,-0.08202789406703308,-0.13831168831168833,0.42857142857142855,評価可能
v7,volume_ratio_20d,出来高比,業種,非鉄金属,1d,1営業日,13,-0.05384615384615384,0.09999999999999999,0.5384615384615384,サンプル不足
v7,volume_ratio_20d,出来高比,業種,非鉄金属,3d,3営業日,13,-0.14615384615384613,-0.49999999999999994,0.23076923076923078,サンプル不足
v7,volume_ratio_20d,出来高比,業種,非鉄金属,5d,5営業日,11,-0.018181818181818167,0.0,0.45454545454545453,サンプル不足
v7,volume_ratio_20d,出来高比,業種,非鉄金属,10d,10営業日,7,0.4,0.6000000000000001,0.7142857142857143,サンプル不足
v7,volume_ratio_20d,出来高比,業種,食料品,1d,1営業日,24,0.04702380952380952,-0.04285714285714285,0.4583333333333333,サンプル不足
v7,volume_ratio_20d,出来高比,業種,食料品,3d,3営業日,24,-0.30804334554334556,-0.5,0.20833333333333334,サンプル不足
v7,volume_ratio_20d,出来高比,業種,食料品,5d,5営業日,24,-0.2365384615384615,-0.5,0.3333333333333333,サンプル不足
v7,volume_ratio_20d,出来高比,業種,食料品,10d,10営業日,22,0.011055611055611026,-0.1021978021978022,0.4090909090909091,サンプル不足
v7,distance_high_120d,120日高値接近度,全体,全体,1d,1営業日,50,0.04135843928918418,0.02441849702626485,0.64,評価可能
v7,distance_high_120d,120日高値接近度,全体,全体,3d,3営業日,49,0.051080589287299465,0.04598680020103189,0.6938775510204082,評価可能
v7,distance_high_120d,120日高値接近度,全体,全体,5d,5営業日,47,0.07627979929455403,0.057475694055210566,0.7021276595744681,評価可能
v7,distance_high_120d,120日高値接近度,全体,全体,10d,10営業日,42,0.07415789191678017,0.0632442963233752,0.7142857142857143,評価可能
v7,distance_high_120d,120日高値接近度,業種,その他製品,1d,1営業日,16,0.0515927797829828,0.27954621161490195,0.5625,サンプル不足
v7,distance_high_120d,120日高値接近度,業種,その他製品,3d,3営業日,16,0.0667017910805994,-0.08451542547285167,0.4375,サンプル不足
v7,distance_high_120d,120日高値接近度,業種,その他製品,5d,5営業日,15,0.28084049065204425,0.5,0.6666666666666666,サンプル不足
v7,distance_high_120d,120日高値接近度,業種,その他製品,10d,10営業日,13,0.163260378527343,0.0,0.46153846153846156,サンプル不足
v7,distance_high_120d,120日高値接近度,業種,その他金融業,1d,1営業日,1,0.5,0.5,1.0,サンプル不足
v7,distance_high_120d,120日高値接近度,業種,その他金融業,3d,3営業日,1,-0.5,-0.5,0.0,サンプル不足
v7,distance_high_120d,120日高値接近度,業種,その他金融業,5d,5営業日,1,-0.5,-0.5,0.0,サンプル不足
v7,distance_high_120d,120日高値接近度,業種,その他金融業,10d,10営業日,1,-0.5,-0.5,0.0,サンプル不足
v7,distance_high_120d,120日高値接近度,業種,ガラス・土石製品,1d,1営業日,1,0.5,0.5,1.0,サンプル不足
v7,distance_high_120d,120日高値接近度,業種,ガラス・土石製品,3d,3営業日,1,-0.5,-0.5,0.0,サンプル不足
v7,distance_high_120d,120日高値接近度,業種,ガラス・土石製品,5d,5営業日,1,-0.5,-0.5,0.0,サンプル不足
v7,distance_high_120d,120日高値接近度,業種,ガラス・土石製品,10d,10営業日,1,-0.5,-0.5,0.0,サンプル不足
v7,distance_high_120d,120日高値接近度,業種,ゴム製品,1d,1営業日,1,0.9486832980505139,0.9486832980505139,1.0,サンプル不足
v7,distance_high_120d,120日高値接近度,業種,ゴム製品,3d,3営業日,1,0.632455532033676,0.632455532033676,1.0,サンプル不足
v7,distance_high_120d,120日高値接近度,業種,ゴム製品,5d,5営業日,1,0.316227766016838,0.316227766016838,1.0,サンプル不足
v7,distance_high_120d,120日高値接近度,業種,ゴム製品,10d,10営業日,1,0.316227766016838,0.316227766016838,1.0,サンプル不足
v7,distance_high_120d,120日高値接近度,業種,サービス業,1d,1営業日,50,0.04739592626473321,-0.020366642679221048,0.48,評価可能
v7,distance_high_120d,120日高値接近度,業種,サービス業,3d,3営業日,49,0.0021788174581809376,-0.015595993903683136,0.4489795918367347,評価可能
v7,distance_high_120d,120日高値接近度,業種,サービス業,5d,5営業日,47,0.02764195376025607,-0.008669072079243589,0.44680851063829785,評価可能
v7,distance_high_120d,120日高値接近度,業種,サービス業,10d,10営業日,42,0.06906914877403152,0.0534640762581469,0.5714285714285714,評価可能
v7,distance_high_120d,120日高値接近度,業種,パルプ・紙,1d,1営業日,0,,,,サンプル不足
v7,distance_high_120d,120日高値接近度,業種,パルプ・紙,3d,3営業日,0,,,,サンプル不足
v7,distance_high_120d,120日高値接近度,業種,パルプ・紙,5d,5営業日,0,,,,サンプル不足
v7,distance_high_120d,120日高値接近度,業種,パルプ・紙,10d,10営業日,0,,,,サンプル不足
v7,distance_high_120d,120日高値接近度,業種,不動産業,1d,1営業日,7,-0.10107341869885222,-0.5,0.42857142857142855,サンプル不足
v7,distance_high_120d,120日高値接近度,業種,不動産業,3d,3営業日,7,-0.05841401370214662,-0.22360679774997894,0.42857142857142855,サンプル不足
v7,distance_high_120d,120日高値接近度,業種,不動産業,5d,5営業日,7,0.13989978645856918,0.5,0.5714285714285714,サンプル不足
v7,distance_high_120d,120日高値接近度,業種,不動産業,10d,10営業日,5,-0.08177961918300528,-0.22360679774997894,0.4,サンプル不足
v7,distance_high_120d,120日高値接近度,業種,保険業,1d,1営業日,17,-0.12257483729312717,-0.19999999999999998,0.4117647058823529,サンプル不足
v7,distance_high_120d,120日高値接近度,業種,保険業,3d,3営業日,17,-0.0558704492804471,-0.39999999999999997,0.47058823529411764,サンプル不足
v7,distance_high_120d,120日高値接近度,業種,保険業,5d,5営業日,17,0.001362122678686419,-0.19999999999999998,0.47058823529411764,サンプル不足
v7,distance_high_120d,120日高値接近度,業種,保険業,10d,10営業日,17,-0.028502738043840004,0.0,0.47058823529411764,サンプル不足
v7,distance_high_120d,120日高値接近度,業種,倉庫・運輸関連業,1d,1営業日,1,0.5,0.5,1.0,サンプル不足
v7,distance_high_120d,120日高値接近度,業種,倉庫・運輸関連業,3d,3営業日,1,0.5,0.5,1.0,サンプル不足
v7,distance_high_120d,120日高値接近度,業種,倉庫・運輸関連業,5d,5営業日,1,-0.5,-0.5,0.0,サンプル不足
v7,distance_high_120d,120日高値接近度,業種,倉庫・運輸関連業,10d,10営業日,1,0.5,0.5,1.0,サンプル不足
v7,distance_high_120d,120日高値接近度,業種,化学,1d,1営業日,46,-0.010747735217768362,-0.00900937462695559,0.4782608695652174,評価可能
v7,distance_high_120d,120日高値接近度,業種,化学,3d,3営業日,45,0.012754821602095541,0.0,0.4666666666666667,評価可能
v7,distance_high_120d,120日高値接近度,業種,化学,5d,5営業日,43,0.06430035164740523,0.14285714285714288,0.5581395348837209,評価可能
v7,distance_high_120d,120日高値接近度,業種,化学,10d,10営業日,41,0.06832205757266831,0.09009374626955591,0.5853658536585366,評価可能
v7,distance_high_120d,120日高値接近度,業種,医薬品,1d,1営業日,12,0.08174302536725513,0.1474021647914846,0.5,サンプル不足
v7,distance_high_120d,120日高値接近度,業種,医薬品,3d,3営業日,11,0.504950042739395,0.5797710356524484,0.8181818181818182,サンプル不足
v7,distance_high_120d,120日高値接近度,業種,医薬品,5d,5営業日,9,0.5873732093771472,0.9746794344808964,0.7777777777777778,サンプル不足
v7,distance_high_120d,120日高値接近度,業種,医薬品,10d,10営業日,4,0.25,0.25,0.5,サンプル不足
v7,distance_high_120d,120日高値接近度,業種,卸売業,1d,1営業日,45,0.04660948969663085,0.19999999999999998,0.5555555555555556,評価可能
v7,distance_high_120d,120日高値接近度,業種,卸売業,3d,3営業日,44,0.06975191467926814,0.14655899365945976,0.5681818181818182,評価可能
v7,distance_high_120d,120日高値接近度,業種,卸売業,5d,5営業日,42,0.21748292346271492,0.33298126367784997,0.6666666666666666,評価可能
v7,distance_high_120d,120日高値接近度,業種,卸売業,10d,10営業日,37,0.167691789655152,0.316227766016838,0.6216216216216216,評価可能
v7,distance_high_120d,120日高値接近度,業種,小売業,1d,1営業日,42,-0.159856674725707,-0.15085198903250424,0.38095238095238093,評価可能
v7,distance_high_120d,120日高値接近度,業種,小売業,3d,3営業日,41,-0.046962807992818476,-0.01673654817511446,0.4634146341463415,評価可能
v7,distance_high_120d,120日高値接近度,業種,小売業,5d,5営業日,39,-0.08824412802436941,-0.08571428571428573,0.38461538461538464,評価可能
v7,distance_high_120d,120日高値接近度,業種,小売業,10d,10営業日,34,-0.15282274139215282,-0.17467697066871096,0.38235294117647056,評価可能
v7,distance_high_120d,120日高値接近度,業種,建設業,1d,1営業日,8,-0.004056941504209488,-0.19999999999999998,0.375,サンプル不足
v7,distance_high_120d,120日高値接近度,業種,建設業,3d,3営業日,8,0.08547152924789525,0.0,0.375,サンプル不足
v7,distance_high_120d,120日高値接近度,業種,建設業,5d,5営業日,7,0.12371791482634839,0.0,0.42857142857142855,サンプル不足
v7,distance_high_120d,120日高値接近度,業種,建設業,10d,10営業日,7,0.33800362911206266,0.5,0.7142857142857143,サンプル不足
v7,distance_high_120d,120日高値接近度,業種,情報・通信業,1d,1営業日,50,0.021704281420344376,-0.044788805736045226,0.46,評価可能
v7,distance_high_120d,120日高値接近度,業種,情報・通信業,3d,3営業日,49,0.08975072475651794,0.0584244554498818,0.5918367346938775,評価可能
v7,distance_high_120d,120日高値接近度,業種,情報・通信業,5d,5営業日,47,0.11667183960239132,0.12653798100771668,0.6382978723404256,評価可能
v7,distance_high_120d,120日高値接近度,業種,情報・通信業,10d,10営業日,42,0.10531552429136878,0.05385698226052052,0.5952380952380952,評価可能
v7,distance_high_120d,120日高値接近度,業種,機械,1d,1営業日,32,0.05497874216761421,0.21377443619682235,0.59375,評価可能
v7,distance_high_120d,120日高値接近度,業種,機械,3d,3営業日,32,0.12476512775742803,0.1978021978021978,0.65625,評価可能
v7,distance_high_120d,120日高値接近度,業種,機械,5d,5営業日,31,0.11883769801754022,0.03647433262080388,0.5161290322580645,評価可能
v7,distance_high_120d,120日高値接近度,業種,機械,10d,10営業日,29,0.14706650949656003,0.3,0.5517241379310345,サンプル不足
v7,distance_high_120d,120日高値接近度,業種,海運業,1d,1営業日,9,0.17299142831717404,0.39999999999999997,0.6666666666666666,サンプル不足
v7,distance_high_120d,120日高値接近度,業種,海運業,3d,3営業日,9,0.1752050012724198,0.22360679774997894,0.5555555555555556,サンプル不足
v7,distance_high_120d,120日高値接近度,業種,海運業,5d,5営業日,7,0.3057424501675493,0.5,0.7142857142857143,サンプル不足
v7,distance_high_120d,120日高値接近度,業種,海運業,10d,10営業日,3,-0.008440188506367852,0.0,0.3333333333333333,サンプル不足
v7,distance_high_120d,120日高値接近度,業種,石油・石炭製品,1d,1営業日,0,,,,サンプル不足
v7,distance_high_120d,120日高値接近度,業種,石油・石炭製品,3d,3営業日,0,,,,サンプル不足
v7,distance_high_120d,120日高値接近度,業種,石油・石炭製品,5d,5営業日,0,,,,サンプル不足
v7,distance_high_120d,120日高値接近度,業種,石油・石炭製品,10d,10営業日,0,,,,サンプル不足
v7,distance_high_120d,120日高値接近度,業種,空運業,1d,1営業日,0,,,,サンプル不足
v7,distance_high_120d,120日高値接近度,業種,空運業,3d,3営業日,0,,,,サンプル不足
v7,distance_high_120d,120日高値接近度,業種,空運業,5d,5営業日,0,,,,サンプル不足
v7,distance_high_120d,120日高値接近度,業種,空運業,10d,10営業日,0,,,,サンプル不足
v7,distance_high_120d,120日高値接近度,業種,精密機器,1d,1営業日,21,-0.2371193394289219,-0.5,0.2857142857142857,サンプル不足
v7,distance_high_120d,120日高値接近度,業種,精密機器,3d,3営業日,20,-0.21081812138524972,-0.2644942758913112,0.3,サンプル不足
v7,distance_high_120d,120日高値接近度,業種,精密機器,5d,5営業日,18,-0.19496900350892632,-0.25,0.3888888888888889,サンプル不足
v7,distance_high_120d,120日高値接近度,業種,精密機器,10d,10営業日,14,-0.2250258961226255,-0.402919862478357,0.35714285714285715,サンプル不足
v7,distance_high_120d,120日高値接近度,業種,繊維製品,1d,1営業日,0,,,,サンプル不足
v7,distance_high_120d,120日高値接近度,業種,繊維製品,3d,3営業日,0,,,,サンプル不足
v7,distance_high_120d,120日高値接近度,業種,繊維製品,5d,5営業日,0,,,,サンプル不足
v7,distance_high_120d,120日高値接近度,業種,繊維製品,10d,10営業日,0,,,,サンプル不足
v7,distance_high_120d,120日高値接近度,業種,証券、商品先物取引業,1d,1営業日,20,0.15311993815941866,0.25,0.5,サンプル不足
v7,distance_high_120d,120日高値接近度,業種,証券、商品先物取引業,3d,3営業日,19,-0.05714725573528933,-0.3354101966249684,0.42105263157894735,サンプル不足
v7,distance_high_120d,120日高値接近度,業種,証券、商品先物取引業,5d,5営業日,17,0.0036477773563475357,0.0,0.47058823529411764,サンプル不足
v7,distance_high_120d,120日高値接近度,業種,証券、商品先物取引業,10d,10営業日,16,0.17622102656697575,0.25,0.5,サンプル不足
v7,distance_high_120d,120日高値接近度,業種,輸送用機器,1d,1営業日,29,0.1479092285036205,0.19999999999999998,0.6551724137931034,サンプル不足
v7,distance_high_120d,120日高値接近度,業種,輸送用機器,3d,3営業日,29,0.12044467342110525,0.19999999999999998,0.5517241379310345,サンプル不足
v7,distance_high_120d,120日高値接近度,業種,輸送用機器,5d,5営業日,28,0.13246280414396125,0.4094165577905883,0.6071428571428571,サンプル不足
v7,distance_high_120d,120日高値接近度,業種,輸送用機器,10d,10営業日,25,0.3604369291438755,0.5,0.76,サンプル不足
v7,distance_high_120d,120日高値接近度,業種,金属製品,1d,1営業日,16,-0.25095841297678056,-0.44999999999999996,0.3125,サンプル不足
v7,distance_high_120d,120日高値接近度,業種,金属製品,3d,3営業日,16,0.007150875861356196,-0.06619382981085933,0.5,サンプル不足
v7,distance_high_120d,120日高値接近度,業種,金属製品,5d,5営業日,16,0.12580581497498067,0.10625592962581036,0.5,サンプル不足
v7,distance_high_120d,120日高値接近度,業種,金属製品,10d,10営業日,14,-0.031440148885162236,0.08451542547285167,0.5,サンプル不足
v7,distance_high_120d,120日高値接近度,業種,鉄鋼,1d,1営業日,9,-0.029269729841769256,0.0,0.4444444444444444,サンプル不足
v7,distance_high_120d,120日高値接近度,業種,鉄鋼,3d,3営業日,9,0.30057729671300343,0.5,0.6666666666666666,サンプル不足
v7,distance_high_120d,120日高値接近度,業種,鉄鋼,5d,5営業日,8,0.4702112823047899,0.5,0.75,サンプル不足
v7,distance_high_120d,120日高値接近度,業種,鉄鋼,10d,10営業日,6,0.123484596128366,0.12045378838509807,0.5,サンプル不足
v7,distance_high_120d,120日高値接近度,業種,鉱業,1d,1営業日,0,,,,サンプル不足
v7,distance_high_120d,120日高値接近度,業種,鉱業,3d,3営業日,0,,,,サンプル不足
v7,distance_high_120d,120日高値接近度,業種,鉱業,5d,5営業日,0,,,,サンプル不足
v7,distance_high_120d,120日高値接近度,業種,鉱業,10d,10営業日,0,,,,サンプル不足
v7,distance_high_120d,120日高値接近度,業種,銀行業,1d,1営業日,41,0.11367987004198996,0.19999999999999998,0.5853658536585366,評価可能
v7,distance_high_120d,120日高値接近度,業種,銀行業,3d,3営業日,41,-0.03901506746462166,-0.10811249552346709,0.34146341463414637,評価可能
v7,distance_high_120d,120日高値接近度,業種,銀行業,5d,5営業日,40,-0.04312919029976403,-0.03940552031195504,0.45,評価可能
v7,distance_high_120d,120日高値接近度,業種,銀行業,10d,10営業日,38,-0.07294415832729828,-0.04616406871075775,0.39473684210526316,評価可能
v7,distance_high_120d,120日高値接近度,業種,陸運業,1d,1営業日,1,-0.5,-0.5,0.0,サンプル不足
v7,distance_high_120d,120日高値接近度,業種,陸運業,3d,3営業日,1,-0.5,-0.5,0.0,サンプル不足
v7,distance_high_120d,120日高値接近度,業種,陸運業,5d,5営業日,1,-1.0,-1.0,0.0,サンプル不足
v7,distance_high_120d,120日高値接近度,業種,陸運業,10d,10営業日,1,-1.0,-1.0,0.0,サンプル不足
v7,distance_high_120d,120日高値接近度,業種,電気・ガス業,1d,1営業日,1,0.5,0.5,1.0,サンプル不足
v7,distance_high_120d,120日高値接近度,業種,電気・ガス業,3d,3営業日,1,0.5,0.5,1.0,サンプル不足
v7,distance_high_120d,120日高値接近度,業種,電気・ガス業,5d,5営業日,1,0.5,0.5,1.0,サンプル不足
v7,distance_high_120d,120日高値接近度,業種,電気・ガス業,10d,10営業日,1,0.5,0.5,1.0,サンプル不足
v7,distance_high_120d,120日高値接近度,業種,電気機器,1d,1営業日,50,0.017882325515887323,0.00031270300911306285,0.5,評価可能
v7,distance_high_120d,120日高値接近度,業種,電気機器,3d,3営業日,49,0.04903449319518099,0.04395604395604395,0.5102040816326531,評価可能
v7,distance_high_120d,120日高値接近度,業種,電気機器,5d,5営業日,47,0.034066237660307135,0.040692929447891504,0.574468085106383,評価可能
v7,distance_high_120d,120日高値接近度,業種,電気機器,10d,10営業日,42,0.03061643712134991,0.08145215803444153,0.5238095238095238,評価可能
v7,distance_high_120d,120日高値接近度,業種,非鉄金属,1d,1営業日,13,-0.1384615384615384,-0.3,0.38461538461538464,サンプル不足
v7,distance_high_120d,120日高値接近度,業種,非鉄金属,3d,3営業日,13,-0.08461538461538462,-0.09999999999999999,0.46153846153846156,サンプル不足
v7,distance_high_120d,120日高値接近度,業種,非鉄金属,5d,5営業日,11,5.046468293750712e-18,0.39999999999999997,0.5454545454545454,サンプル不足
v7,distance_high_120d,120日高値接近度,業種,非鉄金属,10d,10営業日,7,0.18571428571428572,0.5,0.7142857142857143,サンプル不足
v7,distance_high_120d,120日高値接近度,業種,食料品,1d,1営業日,23,0.06755313063669134,-0.011111797045680466,0.43478260869565216,サンプル不足
v7,distance_high_120d,120日高値接近度,業種,食料品,3d,3営業日,23,-0.18835273858102514,-0.3,0.34782608695652173,サンプル不足
v7,distance_high_120d,120日高値接近度,業種,食料品,5d,5営業日,23,-0.015806863156369363,0.0,0.4782608695652174,サンプル不足
v7,distance_high_120d,120日高値接近度,業種,食料品,10d,10営業日,21,-0.04992988986079922,0.0,0.47619047619047616,サンプル不足
v7,volatility_20d,20日変動率,全体,全体,1d,1営業日,50,0.06576819896070407,0.036546693094324845,0.58,評価可能
v7,volatility_20d,20日変動率,全体,全体,3d,3営業日,49,0.13150743298670414,0.13464786873108528,0.7755102040816326,評価可能
v7,volatility_20d,20日変動率,全体,全体,5d,5営業日,47,0.18417862571182675,0.14559299607925139,0.7659574468085106,評価可能
v7,volatility_20d,20日変動率,全体,全体,10d,10営業日,42,0.24317863359184408,0.24714022422650428,0.7857142857142857,評価可能
v7,volatility_20d,20日変動率,業種,その他製品,1d,1営業日,16,0.07678571428571429,0.3,0.625,サンプル不足
v7,volatility_20d,20日変動率,業種,その他製品,3d,3営業日,16,0.20446428571428574,0.44999999999999996,0.6875,サンプル不足
v7,volatility_20d,20日変動率,業種,その他製品,5d,5営業日,15,0.06476190476190476,0.19999999999999998,0.5333333333333333,サンプル不足
v7,volatility_20d,20日変動率,業種,その他製品,10d,10営業日,13,0.07912087912087912,0.19999999999999998,0.5384615384615384,サンプル不足
v7,volatility_20d,20日変動率,業種,その他金融業,1d,1営業日,2,0.0,0.0,0.5,サンプル不足
v7,volatility_20d,20日変動率,業種,その他金融業,3d,3営業日,2,-0.75,-0.75,0.0,サンプル不足
v7,volatility_20d,20日変動率,業種,その他金融業,5d,5営業日,2,-0.75,-0.75,0.0,サンプル不足
v7,volatility_20d,20日変動率,業種,その他金融業,10d,10営業日,2,-0.75,-0.75,0.0,サンプル不足
v7,volatility_20d,20日変動率,業種,ガラス・土石製品,1d,1営業日,2,0.5,0.5,1.0,サンプル不足
v7,volatility_20d,20日変動率,業種,ガラス・土石製品,3d,3営業日,2,1.0,1.0,1.0,サンプル不足
v7,volatility_20d,20日変動率,業種,ガラス・土石製品,5d,5営業日,2,0.75,0.75,1.0,サンプル不足
v7,volatility_20d,20日変動率,業種,ガラス・土石製品,10d,10営業日,2,1.0,1.0,1.0,サンプル不足
v7,volatility_20d,20日変動率,業種,ゴム製品,1d,1営業日,1,0.7999999999999999,0.7999999999999999,1.0,サンプル不足
v7,volatility_20d,20日変動率,業種,ゴム製品,3d,3営業日,1,1.0,1.0,1.0,サンプル不足
v7,volatility_20d,20日変動率,業種,ゴム製品,5d,5営業日,1,0.7999999999999999,0.7999999999999999,1.0,サンプル不足
v7,volatility_20d,20日変動率,業種,ゴム製品,10d,10営業日,1,0.7999999999999999,0.7999999999999999,1.0,サンプル不足
v7,volatility_20d,20日変動率,業種,サービス業,1d,1営業日,50,-0.04953224929484562,-0.03300865800865801,0.46,評価可能
v7,volatility_20d,20日変動率,業種,サービス業,3d,3営業日,49,0.020549937731020686,0.04195804195804196,0.5306122448979592,評価可能
v7,volatility_20d,20日変動率,業種,サービス業,5d,5営業日,47,0.05049444236746411,0.06666666666666667,0.5319148936170213,評価可能
v7,volatility_20d,20日変動率,業種,サービス業,10d,10営業日,42,0.0921859245800284,0.1131868131868132,0.6190476190476191,評価可能
v7,volatility_20d,20日変動率,業種,パルプ・紙,1d,1営業日,0,,,,サンプル不足
v7,volatility_20d,20日変動率,業種,パルプ・紙,3d,3営業日,0,,,,サンプル不足
v7,volatility_20d,20日変動率,業種,パルプ・紙,5d,5営業日,0,,,,サンプル不足
v7,volatility_20d,20日変動率,業種,パルプ・紙,10d,10営業日,0,,,,サンプル不足
v7,volatility_20d,20日変動率,業種,不動産業,1d,1営業日,7,0.13979665193801874,0.5,0.5714285714285714,サンプル不足
v7,volatility_20d,20日変動率,業種,不動産業,3d,3営業日,7,0.05714285714285713,0.5,0.5714285714285714,サンプル不足
v7,volatility_20d,20日変動率,業種,不動産業,5d,5営業日,7,0.24285714285714285,0.5,0.5714285714285714,サンプル不足
v7,volatility_20d,20日変動率,業種,不動産業,10d,10営業日,5,-0.019999999999999997,0.0,0.4,サンプル不足
v7,volatility_20d,20日変動率,業種,保険業,1d,1営業日,18,0.06666666666666671,0.19999999999999998,0.5,サンプル不足
v7,volatility_20d,20日変動率,業種,保険業,3d,3営業日,18,-0.19999999999999998,-0.44999999999999996,0.3333333333333333,サンプル不足
v7,volatility_20d,20日変動率,業種,保険業,5d,5営業日,18,-0.16666666666666666,-0.5,0.3888888888888889,サンプル不足
v7,volatility_20d,20日変動率,業種,保険業,10d,10営業日,18,-0.06666666666666668,-0.19999999999999998,0.3888888888888889,サンプル不足
v7,volatility_20d,20日変動率,業種,倉庫・運輸関連業,1d,1営業日,1,1.0,1.0,1.0,サンプル不足
v7,volatility_20d,20日変動率,業種,倉庫・運輸関連業,3d,3営業日,1,1.0,1.0,1.0,サンプル不足
v7,volatility_20d,20日変動率,業種,倉庫・運輸関連業,5d,5営業日,1,-1.0,-1.0,0.0,サンプル不足
v7,volatility_20d,20日変動率,業種,倉庫・運輸関連業,10d,10営業日,1,-0.5,-0.5,0.0,サンプル不足
v7,volatility_20d,20日変動率,業種,化学,1d,1営業日,46,0.06521684836902229,0.15222277722277724,0.6304347826086957,評価可能
v7,volatility_20d,20日変動率,業種,化学,3d,3営業日,45,0.006773966773966777,0.04895104895104895,0.5555555555555556,評価可能
v7,volatility_20d,20日変動率,業種,化学,5d,5営業日,43,0.07429624638926965,0.2142857142857143,0.5813953488372093,評価可能
v7,volatility_20d,20日変動率,業種,化学,10d,10営業日,41,0.07776106007813328,0.04761904761904763,0.5365853658536586,評価可能
v7,volatility_20d,20日変動率,業種,医薬品,1d,1営業日,12,0.4892857142857143,0.6,0.75,サンプル不足
v7,volatility_20d,20日変動率,業種,医薬品,3d,3営業日,11,0.14025974025974025,0.39999999999999997,0.6363636363636364,サンプル不足
v7,volatility_20d,20日変動率,業種,医薬品,5d,5営業日,9,0.06507936507936508,0.5,0.5555555555555556,サンプル不足
v7,volatility_20d,20日変動率,業種,医薬品,10d,10営業日,4,0.25,0.5,0.75,サンプル不足
v7,volatility_20d,20日変動率,業種,卸売業,1d,1営業日,46,-0.0985927116361899,-0.039285714285714285,0.391304347826087,評価可能
v7,volatility_20d,20日変動率,業種,卸売業,3d,3営業日,45,0.0015514115514115672,-0.08571428571428573,0.4222222222222222,評価可能
v7,volatility_20d,20日変動率,業種,卸売業,5d,5営業日,43,-0.007992007992007982,-0.09523809523809526,0.4186046511627907,評価可能
v7,volatility_20d,20日変動率,業種,卸売業,10d,10営業日,38,-0.017037786774628895,-0.06785714285714287,0.47368421052631576,評価可能
v7,volatility_20d,20日変動率,業種,小売業,1d,1営業日,43,0.03850989558923457,0.0,0.4883720930232558,評価可能
v7,volatility_20d,20日変動率,業種,小売業,3d,3営業日,42,0.09436852829709974,0.13392857142857145,0.5714285714285714,評価可能
v7,volatility_20d,20日変動率,業種,小売業,5d,5営業日,40,0.04018234216763629,0.01761204481792717,0.525,評価可能
v7,volatility_20d,20日変動率,業種,小売業,10d,10営業日,35,-0.0679584001432741,-0.11071428571428568,0.4,評価可能
v7,volatility_20d,20日変動率,業種,建設業,1d,1営業日,8,0.0875,0.35,0.625,サンプル不足
v7,volatility_20d,20日変動率,業種,建設業,3d,3営業日,8,0.1875,0.44999999999999996,0.625,サンプル不足
v7,volatility_20d,20日変動率,業種,建設業,5d,5営業日,7,0.34285714285714286,0.5,0.8571428571428571,サンプル不足
v7,volatility_20d,20日変動率,業種,建設業,10d,10営業日,7,0.5571428571428572,0.5,0.8571428571428571,サンプル不足
v7,volatility_20d,20日変動率,業種,情報・通信業,1d,1営業日,50,0.08456658501112456,0.09974937343358396,0.66,評価可能
v7,volatility_20d,20日変動率,業種,情報・通信業,3d,3営業日,49,0.16161852920897354,0.19316239316239317,0.6530612244897959,評価可能
v7,volatility_20d,20日変動率,業種,情報・通信業,5d,5営業日,47,0.21053661971264062,0.1958041958041958,0.7446808510638298,評価可能
v7,volatility_20d,20日変動率,業種,情報・通信業,10d,10営業日,42,0.20209889687780258,0.1655719759168035,0.7142857142857143,評価可能
v7,volatility_20d,20日変動率,業種,機械,1d,1営業日,34,0.1642105443576032,0.33131868131868136,0.6176470588235294,評価可能
v7,volatility_20d,20日変動率,業種,機械,3d,3営業日,34,0.014830512624630277,0.0,0.4411764705882353,評価可能
v7,volatility_20d,20日変動率,業種,機械,5d,5営業日,33,0.17100147327420057,0.39999999999999997,0.6060606060606061,評価可能
v7,volatility_20d,20日変動率,業種,機械,10d,10営業日,31,0.38101629553242444,0.5,0.7741935483870968,評価可能
v7,volatility_20d,20日変動率,業種,海運業,1d,1営業日,9,-0.011111111111111143,-0.39999999999999997,0.4444444444444444,サンプル不足
v7,volatility_20d,20日変動率,業種,海運業,3d,3営業日,9,-9.25185853854297e-18,-0.09999999999999999,0.4444444444444444,サンプル不足
v7,volatility_20d,20日変動率,業種,海運業,5d,5営業日,7,0.014285714285714282,-0.39999999999999997,0.42857142857142855,サンプル不足
v7,volatility_20d,20日変動率,業種,海運業,10d,10営業日,3,0.3333333333333333,0.49999999999999994,0.6666666666666666,サンプル不足
v7,volatility_20d,20日変動率,業種,石油・石炭製品,1d,1営業日,0,,,,サンプル不足
v7,volatility_20d,20日変動率,業種,石油・石炭製品,3d,3営業日,0,,,,サンプル不足
v7,volatility_20d,20日変動率,業種,石油・石炭製品,5d,5営業日,0,,,,サンプル不足
v7,volatility_20d,20日変動率,業種,石油・石炭製品,10d,10営業日,0,,,,サンプル不足
v7,volatility_20d,20日変動率,業種,空運業,1d,1営業日,0,,,,サンプル不足
v7,volatility_20d,20日変動率,業種,空運業,3d,3営業日,0,,,,サンプル不足
v7,volatility_20d,20日変動率,業種,空運業,5d,5営業日,0,,,,サンプル不足
v7,volatility_20d,20日変動率,業種,空運業,10d,10営業日,0,,,,サンプル不足
v7,volatility_20d,20日変動率,業種,精密機器,1d,1営業日,23,-0.3236024844720497,-0.5,0.30434782608695654,サンプル不足
v7,volatility_20d,20日変動率,業種,精密機器,3d,3営業日,22,-0.20194805194805196,-0.5,0.36363636363636365,サンプル不足
v7,volatility_20d,20日変動率,業種,精密機器,5d,5営業日,20,-0.10928571428571429,-0.5,0.4,サンプル不足
v7,volatility_20d,20日変動率,業種,精密機器,10d,10営業日,16,-0.18125000000000002,-0.44999999999999996,0.3125,サンプル不足
v7,volatility_20d,20日変動率,業種,繊維製品,1d,1営業日,0,,,,サンプル不足
v7,volatility_20d,20日変動率,業種,繊維製品,3d,3営業日,0,,,,サンプル不足
v7,volatility_20d,20日変動率,業種,繊維製品,5d,5営業日,0,,,,サンプル不足
v7,volatility_20d,20日変動率,業種,繊維製品,10d,10営業日,0,,,,サンプル不足
v7,volatility_20d,20日変動率,業種,証券、商品先物取引業,1d,1営業日,21,0.10136054421768707,0.5,0.5714285714285714,サンプル不足
v7,volatility_20d,20日変動率,業種,証券、商品先物取引業,3d,3営業日,20,0.17678571428571427,0.21785714285714283,0.55,サンプル不足
v7,volatility_20d,20日変動率,業種,証券、商品先物取引業,5d,5営業日,18,0.010317460317460309,-0.15714285714285717,0.3888888888888889,サンプル不足
v7,volatility_20d,20日変動率,業種,証券、商品先物取引業,10d,10営業日,17,0.28907563025210087,0.5,0.7058823529411765,サンプル不足
v7,volatility_20d,20日変動率,業種,輸送用機器,1d,1営業日,30,-0.0580952380952381,-0.042857142857142864,0.4666666666666667,評価可能
v7,volatility_20d,20日変動率,業種,輸送用機器,3d,3営業日,30,0.021746031746031756,0.11190476190476191,0.5333333333333333,評価可能
v7,volatility_20d,20日変動率,業種,輸送用機器,5d,5営業日,29,0.12791461412151067,0.19047619047619052,0.5862068965517241,サンプル不足
v7,volatility_20d,20日変動率,業種,輸送用機器,10d,10営業日,26,0.2908424908424908,0.5,0.7307692307692307,サンプル不足
v7,volatility_20d,20日変動率,業種,金属製品,1d,1営業日,19,-0.059398496240601506,-0.09999999999999999,0.3684210526315789,サンプル不足
v7,volatility_20d,20日変動率,業種,金属製品,3d,3営業日,19,0.2353383458646617,0.39999999999999997,0.5789473684210527,サンプル不足
v7,volatility_20d,20日変動率,業種,金属製品,5d,5営業日,19,0.27593984962406015,0.3142857142857143,0.7368421052631579,サンプル不足
v7,volatility_20d,20日変動率,業種,金属製品,10d,10営業日,16,0.31934523809523807,0.44999999999999996,0.6875,サンプル不足
v7,volatility_20d,20日変動率,業種,鉄鋼,1d,1営業日,9,0.26666666666666666,0.5,0.6666666666666666,サンプル不足
v7,volatility_20d,20日変動率,業種,鉄鋼,3d,3営業日,9,0.36666666666666664,0.5,0.7777777777777778,サンプル不足
v7,volatility_20d,20日変動率,業種,鉄鋼,5d,5営業日,8,0.5,0.5,0.875,サンプル不足
v7,volatility_20d,20日変動率,業種,鉄鋼,10d,10営業日,6,0.5166666666666666,0.6499999999999999,0.8333333333333334,サンプル不足
v7,volatility_20d,20日変動率,業種,鉱業,1d,1営業日,0,,,,サンプル不足
v7,volatility_20d,20日変動率,業種,鉱業,3d,3営業日,0,,,,サンプル不足
v7,volatility_20d,20日変動率,業種,鉱業,5d,5営業日,0,,,,サンプル不足
v7,volatility_20d,20日変動率,業種,鉱業,10d,10営業日,0,,,,サンプル不足
v7,volatility_20d,20日変動率,業種,銀行業,1d,1営業日,42,0.08207995881093438,0.12225274725274726,0.5476190476190477,評価可能
v7,volatility_20d,20日変動率,業種,銀行業,3d,3営業日,42,0.09748079829122852,0.09761904761904763,0.6428571428571429,評価可能
v7,volatility_20d,20日変動率,業種,銀行業,5d,5営業日,41,0.14054176813143812,0.1785714285714286,0.6097560975609756,評価可能
v7,volatility_20d,20日変動率,業種,銀行業,10d,10営業日,39,0.1716530327390056,0.1676923076923077,0.6666666666666666,評価可能
v7,volatility_20d,20日変動率,業種,陸運業,1d,1営業日,1,1.0,1.0,1.0,サンプル不足
v7,volatility_20d,20日変動率,業種,陸運業,3d,3営業日,1,1.0,1.0,1.0,サンプル不足
v7,volatility_20d,20日変動率,業種,陸運業,5d,5営業日,1,0.5,0.5,1.0,サンプル不足
v7,volatility_20d,20日変動率,業種,陸運業,10d,10営業日,1,0.5,0.5,1.0,サンプル不足
v7,volatility_20d,20日変動率,業種,電気・ガス業,1d,1営業日,1,-0.5,-0.5,0.0,サンプル不足
v7,volatility_20d,20日変動率,業種,電気・ガス業,3d,3営業日,1,-0.5,-0.5,0.0,サンプル不足
v7,volatility_20d,20日変動率,業種,電気・ガス業,5d,5営業日,1,-0.5,-0.5,0.0,サンプル不足
v7,volatility_20d,20日変動率,業種,電気・ガス業,10d,10営業日,1,-0.5,-0.5,0.0,サンプル不足
v7,volatility_20d,20日変動率,業種,電気機器,1d,1営業日,50,0.12323242890849681,0.1471861471861472,0.6,評価可能
v7,volatility_20d,20日変動率,業種,電気機器,3d,3営業日,49,0.21797918344380665,0.25565217391304346,0.7346938775510204,評価可能
v7,volatility_20d,20日変動率,業種,電気機器,5d,5営業日,47,0.24203180098667293,0.2875213675213675,0.7872340425531915,評価可能
v7,volatility_20d,20日変動率,業種,電気機器,10d,10営業日,42,0.17183980404833876,0.23068058424704702,0.6190476190476191,評価可能
v7,volatility_20d,20日変動率,業種,非鉄金属,1d,1営業日,13,0.007692307692307699,-0.39999999999999997,0.38461538461538464,サンプル不足
v7,volatility_20d,20日変動率,業種,非鉄金属,3d,3営業日,13,0.04615384615384616,0.3,0.6153846153846154,サンプル不足
v7,volatility_20d,20日変動率,業種,非鉄金属,5d,5営業日,11,0.045454545454545435,-0.09999999999999999,0.45454545454545453,サンプル不足
v7,volatility_20d,20日変動率,業種,非鉄金属,10d,10営業日,7,0.41428571428571426,0.5,0.7142857142857143,サンプル不足
v7,volatility_20d,20日変動率,業種,食料品,1d,1営業日,24,-0.04677960927960927,-0.014285714285714287,0.4166666666666667,サンプル不足
v7,volatility_20d,20日変動率,業種,食料品,3d,3営業日,24,-0.09384920634920633,0.021428571428571443,0.5,サンプル不足
v7,volatility_20d,20日変動率,業種,食料品,5d,5営業日,24,0.014072039072039086,0.0379120879120879,0.5,サンプル不足
v7,volatility_20d,20日変動率,業種,食料品,10d,10営業日,22,0.187945387945388,0.41428571428571426,0.6363636363636364,サンプル不足
