liquidity_rank,code,name,industry,market,ticker,trade_date,close,return_1d,return_5d,return_20d,return_60d,return_120d,ma20,ma60,distance_ma20,distance_ma60,distance_high_120d,volatility_20d,latest_volume,avg_volume_20d,volume_ratio_20d,avg_turnover_20d,history_days,in_yahoo_pool,universe_source,universe_label
1,285A,キオクシアホールディングス,電気機器,プライム,285A.T,2026-08-17,61840.0,0.15072571641235588,0.2956212025979468,-0.004347126066655882,0.11745572822551509,1.8870214752567693,51804.5,70372.16666666667,0.19371869239158768,-0.1212434840479073,-0.4310947562097516,1.5894647579773589,48583900.0,48117675.0,1.0096892669897288,2464408897850.0,286,True,jpx_liquidity,JPX流動性
2,6857,アドバンテスト,電気機器,プライム,6857.T,2026-08-17,37780.0,0.024681312720368886,0.17365641503572538,0.27462887989203777,0.41260048607216304,0.4032427267306924,31333.0,29751.0,0.20575750805859627,0.2698732815703673,0.0,0.996752075173742,6600200.0,10123245.0,0.6519846156049764,308541288700.0,286,True,jpx_liquidity,JPX流動性
3,5803,フジクラ,非鉄金属,プライム,5803.T,2026-08-17,6078.0,0.07290379523389223,0.17222757955641277,0.2766225582860744,0.3503665852032882,0.6401250726496273,4796.0,5009.366666666667,0.26730608840700576,0.2133270340229303,-0.2262253341820496,1.0334409607618447,66184600.0,55522380.0,1.1920346354028772,281432266125.0,286,True,jpx_liquidity,JPX流動性
4,8035,東京エレクトロン,電気機器,プライム,8035.T,2026-08-17,60090.0,0.016235413495687467,0.10256880733944951,-0.1523487092678798,0.23135245901639334,0.39783144502846546,58822.0,64002.833333333336,0.021556560470572306,-0.06113531432202224,-0.23743654822335025,0.7644640230514161,2533100.0,4574160.0,0.5537847386186754,257829564500.0,286,False,jpx_liquidity,JPX流動性
5,9984,ソフトバンクグループ,情報・通信業,プライム,9984.T,2026-08-17,5886.0,0.025614218504965924,0.060158501440922274,-0.01258178158027179,-0.025335320417287588,0.36250939410999905,5468.75,6346.533333333334,0.07629714285714284,-0.07256454967541337,-0.31811862835959226,0.9464116207635895,26818700.0,47821465.0,0.5608088334391261,253798007620.0,286,True,jpx_liquidity,JPX流動性
6,6976,太陽誘電,電気機器,プライム,6976.T,2026-08-17,11295.0,0.025419881979119374,0.16455304670584603,-0.0982035928143713,0.3867403314917126,1.478744845672626,10636.2,14360.6,0.06193941445253004,-0.2134729746667967,-0.5014345619068639,1.2221596432545265,15180700.0,23902135.0,0.6351189966921365,246816712525.0,286,True,jpx_liquidity,JPX流動性
7,6981,村田製作所,電気機器,プライム,6981.T,2026-08-17,8290.0,0.006678809957498588,0.1414016246730001,-0.013095238095238049,0.23234725732124284,1.3180630087938807,7629.8,9138.816666666668,0.0865291357571627,-0.09288036926735599,-0.32326530612244897,1.0968420887135841,19316100.0,30886910.0,0.6253814318104336,231972008360.0,286,True,jpx_liquidity,JPX流動性
8,8306,三菱ＵＦＪフィナンシャル・グループ,銀行業,プライム,8306.T,2026-08-17,3649.0,-0.010037981551817676,0.023849607182940602,0.005511160099200829,0.18976198239321818,0.25998885034552033,3615.2,3375.45,0.00934941358707686,0.08104104637900145,-0.03948407475651483,0.35230567087615283,28917900.0,45291725.0,0.6384808704018229,162027190315.0,286,True,jpx_liquidity,JPX流動性
9,4062,イビデン,電気機器,プライム,4062.T,2026-08-17,21580.0,0.038248737070002425,0.12925170068027203,0.23987359954036203,0.20727272727272728,1.3161792065511486,17836.0,20238.416666666668,0.20991253644314867,0.06628894717554479,-0.1833491012298959,1.4709728656622083,6812000.0,8923340.0,0.7633912862224235,158758310500.0,286,True,jpx_liquidity,JPX流動性
10,6920,レーザーテック,電気機器,プライム,6920.T,2026-08-17,39260.0,0.011334363730036046,0.048051254671649835,-0.15333189562216953,0.03152916447714138,0.2595444337504009,40616.5,43962.0341796875,-0.03339775706917136,-0.10695670178656247,-0.31439733801800107,1.1389978022259164,2014100.0,3777180.0,0.5332284932145145,148289242850.0,286,False,jpx_liquidity,JPX流動性
11,6146,ディスコ,機械,プライム,6146.T,2026-08-17,65910.0,0.006720635405529141,0.12782340862423003,-0.06629834254143652,0.003960396039603964,-0.07720154648546018,61903.0,70395.5,0.06473030386249445,-0.06371856155578126,-0.25508589511754065,0.9770763044577676,833300.0,2120945.0,0.3928909047617925,127621042300.0,286,False,jpx_liquidity,JPX流動性
12,7203,トヨタ自動車,輸送用機器,プライム,7203.T,2026-08-17,3013.0,-0.0023178807947019653,0.011073825503355783,0.0357511172224132,0.011752854264607038,-0.18019754178460656,2988.95,2893.525,0.008046303885980155,0.041290467509352835,-0.22467973056010349,0.3523101046971048,15465900.0,36809565.0,0.42015981443953493,108561239195.0,286,True,jpx_liquidity,JPX流動性
13,5801,古河電気工業,非鉄金属,プライム,5801.T,2026-08-17,4298.0,0.0594035001232438,0.11462655601659755,0.23719055843408166,-0.912784090909091,-0.8024911375390573,3558.85,16961.583333333332,0.20769349649465418,-0.7466038449633732,-0.9285334220152976,0.9372112103123836,26957200.0,27964515.0,0.9639788138646423,105194843617.5,286,True,jpx_liquidity,JPX流動性
14,7974,任天堂,その他製品,プライム,7974.T,2026-08-17,8761.0,-0.01561797752808991,0.08927017282108674,0.2374293785310735,0.2044267253230685,0.03434176477885731,7757.9,7337.75,0.12930045502004406,0.19396272699396944,-0.12597112408925526,0.5247004835995891,11825900.0,11960755.0,0.9887252100724411,95397462050.0,286,True,jpx_liquidity,JPX流動性
15,9983,ファーストリテイリング,小売業,プライム,9983.T,2026-08-17,76820.0,-0.00389004149377592,-0.03139578867734205,-0.025621511922881757,0.048021828103683495,0.14314107334326698,78370.5,80243.5,-0.01978423003553631,-0.042663891779396446,-0.1260523321956769,0.2697629246941296,823700.0,1193480.0,0.6901665717062707,92698388250.0,286,False,jpx_liquidity,JPX流動性
16,8316,三井住友フィナンシャルグループ,銀行業,プライム,8316.T,2026-08-17,6918.0,-0.00731812311665947,0.020053081686818075,-0.015931721194879067,0.14707345382192005,0.19492546930637622,6863.8,6561.75,0.007896500480783164,0.05429191907646591,-0.041031327973385046,0.364959088640065,8023000.0,13315590.0,0.6025268125558086,89522285975.0,286,True,jpx_liquidity,JPX流動性
17,8411,みずほフィナンシャルグループ,銀行業,プライム,8411.T,2026-08-17,8530.0,-0.01044083526682138,0.00994553634856743,0.010663507109004655,0.16833310505410215,0.22679676887749278,8371.4,7993.0,0.018945457151730904,0.0671837858125861,-0.02792022792022797,0.47951021238717717,7719800.0,10409390.0,0.7416188652745261,87092744370.0,286,True,jpx_liquidity,JPX流動性
18,5016,ＪＸ金属,非鉄金属,プライム,5016.T,2026-08-17,4000.0,0.05680317040951133,0.029336078229541984,0.03842159916926269,0.018329938900203624,0.23957597483261295,3799.0,3980.75,0.05290866017372986,0.004835772153488627,-0.30069930069930073,0.8730119496613745,17306800.0,22043285.0,0.785127987956423,83610821335.0,286,True,jpx_liquidity,JPX流動性
19,7011,三菱重工業,機械,プライム,7011.T,2026-08-17,4350.0,0.02256699576868826,0.07566765578635004,0.1378498561339263,0.09903991915108645,-0.11906496371809006,3956.3,3829.25,0.09951217046230054,0.13599268786315855,-0.1602713169709027,0.4071377637783262,16596500.0,19868160.0,0.8353315052828244,78668458440.0,286,True,jpx_liquidity,JPX流動性
20,6525,ＫＯＫＵＳＡＩ　ＥＬＥＣＴＲＩＣ,電気機器,プライム,6525.T,2026-08-17,9306.0,0.01295308588222488,0.14380530973451333,-0.059049544994944414,0.32847965738758034,0.5735509001149117,8251.1,8963.783333333333,0.1278496200506598,0.03817770398287923,-0.22450000000000003,1.2029996663591975,5824000.0,8906860.0,0.6538780221088015,72288516810.0,286,True,jpx_liquidity,JPX流動性
21,6758,ソニーグループ,電気機器,プライム,6758.T,2026-08-17,3780.0,-0.033742331288343586,0.0158559527008868,0.09947643979057585,0.06359032076533477,0.09265239030413275,3641.25,3472.516666666667,0.03810504634397538,0.08854769115578986,-0.033742331288343586,0.406120061876623,14750800.0,19705945.0,0.7485456799965695,72260240285.0,286,True,jpx_liquidity,JPX流動性
22,6501,日立製作所,電気機器,プライム,6501.T,2026-08-17,5571.0,-0.033986474770244524,-0.008718861209964457,0.15389395194697597,0.0874487604918992,0.14069190102719586,5252.5,4973.016666666666,0.06063779152784399,0.12024559204507002,-0.033986474770244524,0.3192291824412398,9693800.0,12738515.0,0.760983521234618,65929035860.0,286,True,jpx_liquidity,JPX流動性
23,3436,ＳＵＭＣＯ,金属製品,プライム,3436.T,2026-08-17,4061.0,0.035969387755101945,0.17031700288184437,-0.11985262245340267,0.3193632228719947,1.6191551112544342,3588.15,3967.534041341146,0.13178100135167137,0.023557695456409844,-0.23478424722065194,1.1472560987714686,12366000.0,18534230.0,0.6671979359272007,65377219987.5,286,True,jpx_liquidity,JPX流動性
24,6861,キーエンス,電気機器,プライム,6861.T,2026-08-17,86750.0,-0.010381017567875905,0.019269181059804907,0.17150573936529367,0.12720893970893976,0.49234143519459606,79831.5,78074.16666666667,0.0866637855984167,0.11112297067958887,-0.010381017567875905,0.48538261654923026,588800.0,804610.0,0.7317830998869017,64642617300.0,286,False,jpx_liquidity,JPX流動性
25,6098,リクルートホールディングス,サービス業,プライム,6098.T,2026-08-17,16380.0,-0.004557885141294404,0.24420812761109012,0.2984542211652794,0.71267252195734,1.5938783794755218,13605.25,11998.8,0.2039470057514563,0.3651365136513651,-0.024419297200714674,0.8544730215923648,3258000.0,4598395.0,0.7085080772747883,63902486925.0,286,True,jpx_liquidity,JPX流動性
26,5802,住友電気工業,非鉄金属,プライム,5802.T,2026-08-17,2473.0,0.03646269907795463,0.1613054707677859,0.031491136600625635,-0.769524697110904,-0.7166971614920556,2271.675,5277.841666666666,0.08862403292724519,-0.5314372510227507,-0.8229144289294665,0.7820143631306987,19089100.0,26854265.0,0.7108405312899087,60108103690.0,286,True,jpx_liquidity,JPX流動性
27,6723,ルネサスエレクトロニクス,電気機器,プライム,6723.T,2026-08-17,3873.0,0.03390282968499725,0.030875698695767895,-0.06426673109446723,0.023249669749009216,0.3080040526849037,3766.5,4308.683333333333,0.028275587415372394,-0.1011175107631489,-0.24399765762248682,0.8738102418425329,9156700.0,15882655.0,0.5765219983686607,58504913780.0,286,True,jpx_liquidity,JPX流動性
28,7735,ＳＣＲＥＥＮホールディングス,電気機器,プライム,7735.T,2026-08-17,14615.0,0.0238178633975481,0.11692777990064962,-0.22136387852956851,0.3620689655172413,0.4004168005175057,14235.0,14841.666666666666,0.026694766420793714,-0.015272318921953909,-0.25012827090815803,0.9543201023009554,1962300.0,3972105.0,0.49402017318273306,53758588200.0,286,False,jpx_liquidity,JPX流動性
29,4063,信越化学工業,化学,プライム,4063.T,2026-08-17,6385.0,0.002040175768989405,0.04398299542184425,-0.132590680614047,-0.06883476739098726,0.15984058365264886,6324.1,6941.583333333333,0.009629828750336022,-0.08018103458624948,-0.18203945682808098,0.43089602447612846,4280400.0,8700675.0,0.49196183054762993,53715604030.0,286,True,jpx_liquidity,JPX流動性
30,6954,ファナック,電気機器,プライム,6954.T,2026-08-17,6523.0,0.013675213675213627,-0.001836266258607444,-0.07079772079772084,-0.14921090387374458,0.0347350389430372,6582.2,7142.55,-0.008993953389444198,-0.08674072985138359,-0.22603227337446608,0.7269957112758398,5031200.0,8037375.0,0.6259755206146286,52190471500.0,286,True,jpx_liquidity,JPX流動性
31,5706,三井金属,非鉄金属,プライム,5706.T,2026-08-17,31590.0,0.07540425531914896,-0.019553072625698276,-0.021375464684014855,-0.3231197771587744,0.1129989779094811,30665.5,39245.5,0.03014788606088281,-0.19506695035099564,-0.4245901639344263,1.1541626001071896,1610400.0,1652560.0,0.9744880669990802,50819134875.0,286,True,jpx_liquidity,JPX流動性
32,4004,レゾナック・ホールディングス,化学,プライム,4004.T,2026-08-17,17200.0,0.04464014576374131,0.04910033546813053,0.15474991607922117,-0.006354708261120723,0.6570327552986512,14947.5,16609.166666666668,0.15069409600267614,0.035572725904370106,-0.11568123393316199,0.9667730163431285,1773100.0,3073165.0,0.5769621871913809,45935365600.0,286,False,jpx_liquidity,JPX流動性
33,9432,ＮＴＴ,情報・通信業,プライム,9432.T,2026-08-17,161.5,-0.007375519181010981,0.018927444794952786,0.07024523878236266,0.05074823166316933,0.07344634945761563,155.40499877929688,150.17333297729493,0.0392201104763632,0.07542395709108729,-0.007375519181010981,0.2535505760570425,242864700.0,267218960.0,0.9088602844648449,42014637072.08649,286,True,jpx_liquidity,JPX流動性
34,7013,ＩＨＩ,機械,プライム,7013.T,2026-08-17,3011.0,-0.0056142668428005305,0.09710329750409907,0.07191171235315053,0.12560747663551397,-0.25256742801456433,2817.6,2760.2916666666665,0.0686399772856332,0.09082675441906818,-0.3185223168699358,0.4844665174057248,8789000.0,14938425.0,0.5883485039420153,41619388992.5,286,True,jpx_liquidity,JPX流動性
35,6752,パナソニック　ホールディングス,電気機器,プライム,6752.T,2026-08-17,4788.0,0.014191908493963235,0.11038961038961048,0.1351351351351351,0.3995907629348143,0.9467997539753665,4194.0,4136.35,0.14163090128755362,0.1575422776119042,0.0,0.8426516226513111,6603200.0,10053525.0,0.6568044541591134,41282107375.0,286,True,jpx_liquidity,JPX流動性
36,8058,三菱商事,卸売業,プライム,8058.T,2026-08-17,4709.0,-0.01258125393164189,-0.03266228430566964,0.03951434878587201,-0.12973572352615048,-0.029717958136553535,4781.25,4712.916666666667,-0.015111111111111075,-0.0008310494209177177,-0.19942196531791911,0.3097689492648025,6622000.0,8244890.0,0.8031641416683546,39534059565.0,286,True,jpx_liquidity,JPX流動性
37,6762,ＴＤＫ,電気機器,プライム,6762.T,2026-08-17,3244.0,0.010591900311526459,0.08567603748326635,0.05153970826580223,0.032792104425342306,0.3458128244465626,3046.65,3465.0,0.06477606551458148,-0.06378066378066383,-0.21089759182680612,0.5039884376603603,6741900.0,12895620.0,0.5228054176534358,37879613657.5,286,True,jpx_liquidity,JPX流動性
38,8136,サンリオ,卸売業,プライム,8136.T,2026-08-17,1212.0,-0.054970760233918115,-0.1324266284896206,-0.0036991368680641123,0.39422525827602817,0.04188931256656292,1261.225,1077.6983337402344,-0.03902951495569773,0.1246189792218213,-0.1667239601237539,0.8784664685764905,29320000.0,29472925.0,0.994811339559952,37785863605.0,286,True,jpx_liquidity,JPX流動性
39,8766,東京海上ホールディングス,保険業,プライム,8766.T,2026-08-17,7481.0,-0.007824933687002655,-0.057689885375991956,-0.015657894736842093,-0.02806288164219828,0.17239188685905527,7893.45,7522.666666666667,-0.05225218377262153,-0.005538816022687021,-0.10866198022161322,0.2902258144450232,5471500.0,4676290.0,1.170051472427929,37663128120.0,286,True,jpx_liquidity,JPX流動性
40,6367,ダイキン工業,機械,プライム,6367.T,2026-08-17,21450.0,0.00917431192660545,-0.03421882035119317,-0.13751507840772015,-0.09398099260823656,0.07152965873774653,23071.0,23775.0,-0.07026136708421826,-0.09779179810725547,-0.17973231357552577,0.2669556143602278,705400.0,1646750.0,0.42835888872020644,37556012050.0,286,False,jpx_liquidity,JPX流動性
41,6503,三菱電機,電気機器,プライム,6503.T,2026-08-17,6126.0,-0.004388103364212581,0.05149330587023693,0.08118602188492763,0.009391992090953982,0.09522540815453562,5707.0,5879.216666666666,0.07341860872612571,0.04197554662894443,-0.06615853658536586,0.6090424015440798,3726600.0,6606100.0,0.5641149846354128,37416789925.0,286,True,jpx_liquidity,JPX流動性
42,6701,日本電気,電気機器,プライム,6701.T,2026-08-17,4786.0,-0.07391640866873062,-0.015631427396133324,0.07768520603467688,0.1602424242424243,0.19092683457880688,4653.9,4283.983333333334,0.028384795547820252,0.11718455176062781,-0.07391640866873062,0.5534507639016716,10784600.0,7448375.0,1.4479131354154429,35548122740.0,286,True,jpx_liquidity,JPX流動性
43,5713,住友金属鉱山,非鉄金属,プライム,5713.T,2026-08-17,9947.0,0.03776734480959831,0.10534503833759312,0.3670973062122045,0.08201892744479489,0.045780022213921745,8342.3,8284.766666666666,0.19235702384234576,0.20063731426755127,-0.22443988727047703,0.8154632514562155,2400400.0,3963695.0,0.6055965456474325,34312928870.0,286,False,jpx_liquidity,JPX流動性
44,5401,日本製鉄,鉄鋼,プライム,5401.T,2026-08-17,670.0,-0.009315374695670342,-0.03942652329749108,0.15477419149196026,0.2271062271062272,-0.006478856106835962,651.575,586.028330485026,0.028277634961439535,0.14328943695516383,-0.03942652329749108,0.27695845683420767,24936900.0,51976050.0,0.4797767433269746,33879642447.882385,286,True,jpx_liquidity,JPX流動性
45,2914,日本たばこ産業,食料品,プライム,2914.T,2026-08-17,7100.0,-0.0044868199663488095,-0.0011254924029262536,0.14608555286521385,0.1390983475052141,0.19047619047619047,6800.8,6311.4174397786455,0.04399482413833655,0.12494539740806809,-0.004905395935529078,0.3285062074404813,2765000.0,5083010.0,0.5439690262265862,33669798590.0,286,False,jpx_liquidity,JPX流動性
46,7012,川崎重工業,輸送用機器,プライム,7012.T,2026-08-17,2855.5,0.002105632567116933,0.027712794673384833,0.04310502283105033,0.004220151222085411,-0.15206395061377542,2760.85,2874.766666666667,0.03428292011518197,-0.006701993205245671,-0.21805299063712946,0.39807772185982915,6530100.0,12673660.0,0.5152497384338857,33511259922.5,286,True,jpx_liquidity,JPX流動性
47,6702,富士通,電気機器,プライム,6702.T,2026-08-17,3664.0,-0.04608174954438948,-0.0029931972789115635,0.12496162112373344,0.12427124884934027,0.0045268736941195264,3568.8,3423.233333333333,0.026675633266083798,0.07033311586511792,-0.060994361865709945,0.5043798946642816,5846300.0,9477395.0,0.6168678207461017,33090600875.0,286,True,jpx_liquidity,JPX流動性
48,6506,安川電機,電気機器,プライム,6506.T,2026-08-17,5472.0,0.007549254280979634,0.03911887580706419,-0.004004368401892999,-0.18303971334726787,0.06966830769594945,5156.3,6265.65,0.06122607295929239,-0.1266668262670273,-0.28517308948399733,0.6016066742135486,2469900.0,6986720.0,0.3535135227975359,32746892075.0,286,False,jpx_liquidity,JPX流動性
49,8031,三井物産,卸売業,プライム,8031.T,2026-08-17,4796.0,-0.006010362694300553,-0.02777214676667339,0.012241452089489346,-0.1529494878134935,-0.1115258401927357,4867.65,4845.266666666666,-0.014719628568200194,-0.010167999009342399,-0.2731029513674581,0.25015371722863,4323500.0,6379155.0,0.6777543420719515,30723055380.0,286,True,jpx_liquidity,JPX流動性
50,7267,本田技研工業,輸送用機器,プライム,7267.T,2026-08-17,1687.0,0.017490952955367955,0.002376708259061111,0.0824510747513636,0.2189306358381502,0.09462574628331577,1618.925,1513.0833333333333,0.04204950816127995,0.1149418956876136,-0.002955082742316817,0.34098430008882186,25630300.0,18071220.0,1.4182938395968838,30210061627.5,286,True,jpx_liquidity,JPX流動性
51,9433,ＫＤＤＩ,情報・通信業,プライム,9433.T,2026-08-17,2833.5,-0.015291051259774147,-0.04948004025494801,-0.003691983122362852,0.04249448123620314,0.07303874148982792,2908.15,2784.4333333333334,-0.02566923989477854,0.017621778219386375,-0.08832046332046328,0.3294198088383664,6748700.0,9663170.0,0.6983940052798409,28029215227.5,286,True,jpx_liquidity,JPX流動性
52,8001,伊藤忠商事,卸売業,プライム,8001.T,2026-08-17,1991.5,-0.03535965124727536,-0.04254807692307694,0.03750976816879392,0.021806054386865004,-0.0889469091515045,2009.675,1921.3916666666667,-0.009043750855237787,0.036488309255010565,-0.11322830882744617,0.23462119438855353,11185000.0,13913100.0,0.8039186090806506,27997087800.0,286,True,jpx_liquidity,JPX流動性
53,8002,丸紅,卸売業,プライム,8002.T,2026-08-17,4917.0,-0.0026369168356997763,-0.021297770700636987,-0.03284815106215577,-0.07661971830985914,-0.14160765974575085,5109.8,4998.866666666667,-0.03773141805941527,-0.016377045463638495,-0.19643732636051647,0.30006278131432346,3092600.0,5238390.0,0.590372232689815,26562138900.0,286,True,jpx_liquidity,JPX流動性
54,7741,ＨＯＹＡ,精密機器,プライム,7741.T,2026-08-17,26400.0,-0.009194970913867562,0.029641185647425905,0.05389221556886237,-0.006772009029345383,-0.02026381292988222,25293.25,25855.916666666668,0.04375673351585907,0.021042894759742303,-0.1208791208791209,0.28048632499494136,572100.0,1031790.0,0.554473293984241,25675021050.0,286,False,jpx_liquidity,JPX流動性
55,8308,りそなホールディングス,銀行業,プライム,8308.T,2026-08-17,2481.5,0.01120619396903022,0.0728491137051448,0.05416312659303313,0.1705188679245282,0.28805708841263966,2309.825,2219.925,0.07432381241003116,0.11783055733864867,0.0,0.4376146259433757,7135900.0,10748865.0,0.6638747439845974,24634056002.5,286,True,jpx_liquidity,JPX流動性
56,7936,アシックス,その他製品,プライム,7936.T,2026-08-17,5148.0,-0.025184624124218846,0.03435804701627476,0.03456591639871376,0.1389380530973452,0.10259156136217595,4885.75,4653.670515950521,0.053676508212659346,0.10622356747327899,-0.025184624124218846,0.49642355137043237,8705100.0,4584175.0,1.8989458299475914,24339075915.0,286,True,jpx_liquidity,JPX流動性
57,4502,武田薬品工業,医薬品,プライム,4502.T,2026-08-17,5513.0,-0.01746569238994833,-0.00487364620938624,0.03143124415341436,0.06428571428571428,-0.03442152602740123,5554.3,5266.716666666666,-0.007435680463784844,0.04676221428277594,-0.06400679117147712,0.2917512442023288,2529900.0,4328400.0,0.5844884945938453,23280740900.0,286,False,jpx_liquidity,JPX流動性
58,6273,ＳＭＣ,機械,プライム,6273.T,2026-08-17,77610.0,0.01543896375768683,0.046097856854023345,0.05692496254936685,0.19823992589161654,0.09770841125832685,72601.0,70622.0,0.06899354003388392,0.09894933590099408,-0.08219016083254493,0.5524549424387206,246300.0,316220.0,0.778888115868699,23237842250.0,286,False,jpx_liquidity,JPX流動性
59,6301,小松製作所,機械,プライム,6301.T,2026-08-17,7211.0,-0.012462339085182128,-0.018778065042862946,0.11972049689440989,0.1698572355613237,-0.037160597651560656,6981.4,6674.566666666667,0.0328873864840864,0.08036976183222877,-0.04069439404799158,0.43315149258042596,1433200.0,3363015.0,0.4261652118708956,23196898060.0,286,False,jpx_liquidity,JPX流動性
60,7182,ゆうちょ銀行,銀行業,プライム,7182.T,2026-08-17,3277.0,0.000610687022900791,0.027917189460476832,0.005831798649478248,0.026307547760726635,0.13749700002847431,3235.95,3188.391666666667,0.012685610099043565,0.027790918618843863,-0.049318247751668154,0.4090131412333915,3967200.0,7236325.0,0.5482340829081059,23043897810.0,286,True,jpx_liquidity,JPX流動性
61,6963,ローム,電気機器,プライム,6963.T,2026-08-17,5239.0,0.04445773524720886,0.14613870050317224,0.04800960192038417,0.19149420059131228,1.0456322363273354,4595.5,5046.416666666667,0.1400282885431401,0.03816239245669362,-0.11949579831932777,0.7891492783285509,3245400.0,4994680.0,0.6497713567235539,22666571935.0,286,True,jpx_liquidity,JPX流動性
62,2802,味の素,食料品,プライム,2802.T,2026-08-17,5721.0,0.027847646424721484,0.10103926096997684,0.06715165081141583,0.1052936630602781,0.23954130465002765,5186.5,5386.0,0.10305601079726223,0.062198291867805455,-0.0735222672064777,0.4206399217839462,3490200.0,4343310.0,0.8035806792515385,22458243515.0,286,True,jpx_liquidity,JPX流動性
63,8015,豊田通商,卸売業,プライム,8015.T,2026-08-17,7377.0,0.0070989761092150605,-0.0063308189655172376,0.18811402802383648,0.08310086624577884,0.10165944968128793,6854.2,6488.733333333334,0.07627440109713746,0.13689369265701568,-0.011126005361930313,0.40032067084030853,1684900.0,3322450.0,0.5071257656247649,22448362850.0,286,False,jpx_liquidity,JPX流動性
64,4661,オリエンタルランド,サービス業,プライム,4661.T,2026-08-17,2881.0,-0.028821843923815926,-0.03289694528365228,0.06901669758812612,0.3453187018445014,0.04333593741987474,2898.85,2548.0666666666666,-0.0061576142263310985,0.13066115486251006,-0.09030628354910009,0.5161225971658183,5437800.0,7672025.0,0.7087828832674554,22424753535.0,286,True,jpx_liquidity,JPX流動性
65,8591,オリックス,その他金融業,プライム,8591.T,2026-08-17,6353.0,-0.0036072772898368965,0.0026830808080808843,-0.024865694551036044,0.017945842012498048,0.18740673578557776,6426.45,6328.716666666666,-0.011429327233542619,0.0038370075028375528,-0.047954443278885095,0.3659670798386655,2166100.0,3521190.0,0.6151613517021234,22361641335.0,286,False,jpx_liquidity,JPX流動性
66,4901,富士フイルムホールディングス,化学,プライム,4901.T,2026-08-17,3242.0,-0.026133974166416385,0.001854140914709479,-0.10540838852097134,0.014392991239048802,0.04296199487442509,3599.0,3498.483333333333,-0.09919422061683802,-0.07331272122681731,-0.1640020629190304,0.6633116848919013,7045200.0,6221945.0,1.1323147343796836,22245343625.0,286,True,jpx_liquidity,JPX流動性
67,6361,荏原製作所,機械,プライム,6361.T,2026-08-17,5482.0,-0.0645051194539249,-0.0358775940907492,-0.05969125214408233,0.0885623510722795,-0.03247440875397101,5581.0,5795.4324951171875,-0.017738756495251695,-0.05408267551753265,-0.18655235983177987,0.7538586808064134,8911400.0,3818500.0,2.3337436166033783,22149441925.0,286,True,jpx_liquidity,JPX流動性
68,3110,日東紡績,ガラス・土石製品,プライム,3110.T,2026-08-17,3440.0,0.08688783570300163,0.21769911504424777,0.04878048780487809,-0.8437783832879201,-0.8365960377730643,3038.95,8580.2,0.13196992382237283,-0.5990769445933661,-0.8923317683881065,1.2085729067667397,7629700.0,7071410.0,1.0789503083543452,21999336880.0,286,True,jpx_liquidity,JPX流動性
69,8725,ＭＳ＆ＡＤインシュアランスグループホールディングス,保険業,プライム,8725.T,2026-08-17,4925.0,0.018403639371381342,0.015463917525773141,0.08170437074456394,0.13218390804597702,0.15935565554272668,4856.65,4569.333333333333,0.014073486868520613,0.07783775897286271,-0.024752475247524774,0.27340736105532687,6427300.0,4485515.0,1.4329012387652253,21895754650.0,286,True,jpx_liquidity,JPX流動性
70,6971,京セラ,電気機器,プライム,6971.T,2026-08-17,3872.0,-0.0092118730808598,0.021097046413502074,0.06607929515418509,0.3170068027210884,0.48452444090165625,3737.15,3647.8333333333335,0.03608364662911567,0.06145200347238089,-0.011235955056179803,0.42767510059332625,3195100.0,5965120.0,0.5356304651038034,21778552105.0,286,True,jpx_liquidity,JPX流動性
71,6871,日本マイクロニクス,電気機器,プライム,6871.T,2026-08-17,15320.0,0.01997336884154466,0.11743253099927053,-0.0382925298179535,0.018617021276595702,0.2895622895622896,14301.5,15113.5,0.07121630598189,0.013663281172461739,-0.13201133144475918,1.188047012027937,2003700.0,1485705.0,1.3486526598483548,21757516600.0,286,False,jpx_liquidity,JPX流動性
72,4519,中外製薬,医薬品,プライム,4519.T,2026-08-17,6864.0,-0.009952401557767221,0.001020854601137433,-0.05206463195691202,-0.12404287901990807,-0.2697872340425532,7025.95,7350.247265625,-0.02305026366541174,-0.06615386504057341,-0.3434720229555237,0.3947919333145378,1900800.0,3069120.0,0.6193306224585549,21367549150.0,286,False,jpx_liquidity,JPX流動性
73,7751,キヤノン,電気機器,プライム,7751.T,2026-08-17,4561.0,-0.02040378006872856,-0.015965480043149904,0.037298157834887435,0.10435835351089584,-0.051569972967352884,4543.0,4361.900288899739,0.003962139555359956,0.04564517708186355,-0.04220915581688367,0.35843040930480974,2069400.0,4661650.0,0.443920071219418,20917023040.0,286,False,jpx_liquidity,JPX流動性
74,5108,ブリヂストン,ゴム製品,プライム,5108.T,2026-08-17,4098.0,-0.008468424872973612,-0.024053346034770162,0.10607287449392722,0.23174030658250677,0.12212486308871862,3971.15,3625.659220377604,0.03194288808027901,0.13027721330445474,-0.05138888888888893,0.3753394588306896,2898600.0,5220495.0,0.5552347047550089,20804133570.0,286,False,jpx_liquidity,JPX流動性
75,8053,住友商事,卸売業,プライム,8053.T,2026-08-17,1750.0,-0.022892238972641032,-0.021252796420581643,0.10549589387239422,-0.7542134831460674,-0.7296212381310401,1672.8,3097.508333333333,0.046150167384026775,-0.43502976855052844,-0.7726977529549293,0.33609762748299826,6691800.0,11948580.0,0.560049813450636,19747697695.0,286,True,jpx_liquidity,JPX流動性
76,4578,大塚ホールディングス,医薬品,プライム,4578.T,2026-08-17,12015.0,-0.0012468827930174342,-0.05430932703659974,0.0897959183673469,0.027801539777587703,0.13188883655204897,11661.25,11171.948649088541,0.030335512916711327,0.07546144163312452,-0.05430932703659974,0.3510614705989738,894500.0,1683745.0,0.5312562175388791,19517829375.0,286,False,jpx_liquidity,JPX流動性
77,8750,第一ライフグループ,保険業,プライム,8750.T,2026-08-17,1847.0,-0.014407684098185713,-0.044243208279430735,0.005717397222978482,0.10665068903535047,0.20060800789178757,1893.8,1801.9083333333333,-0.024712218819305076,0.02502439543262014,-0.05717202654415521,0.3193866471145427,9288400.0,10159030.0,0.9142998888673427,19452589302.5,286,True,jpx_liquidity,JPX流動性
78,6526,ソシオネクスト,電気機器,プライム,6526.T,2026-08-17,2131.0,0.005900401227283414,0.07571933366986361,-0.13811931243680486,-0.1918847174819871,0.06437034082906035,2141.05,2473.475,-0.00469395857172894,-0.13845905052608165,-0.29437086092715237,0.7464201062721795,5806500.0,9097085.0,0.6382813835420906,19049901117.5,286,True,jpx_liquidity,JPX流動性
79,3382,セブン＆アイ・ホールディングス,小売業,プライム,3382.T,2026-08-17,2046.5,-0.011591403042743309,-0.02431466030989271,0.01968111609367207,0.08023225125362887,-0.10511574935788515,2098.15,1986.2916666666667,-0.024616924433429443,0.030311929684713856,-0.09553539463311655,0.3600245682108943,5700900.0,9196910.0,0.6198712393619161,19018958057.5,286,True,jpx_liquidity,JPX流動性
80,9434,ソフトバンク,情報・通信業,プライム,9434.T,2026-08-17,234.89999389648438,0.0,0.017323517131807575,0.06967207362351635,0.04632513985070985,0.1202222804690749,227.5799987792969,217.70666732788087,0.032164492294800784,0.0789747359584041,-0.004239084467458021,0.28474440822279373,54854100.0,84728235.0,0.6474122823401196,18964589445.179977,286,True,jpx_liquidity,JPX流動性
81,4568,第一三共,医薬品,プライム,4568.T,2026-08-17,2660.0,-0.025283986808354753,-0.03343023255813948,-0.0314946295284908,-0.001688872208669534,-0.08272078168634045,2740.65,2653.6666666666665,-0.029427325634429846,0.0023866348448688957,-0.12014241996851349,0.4928637770660768,5786400.0,6965085.0,0.8307723452046888,18942954267.5,286,True,jpx_liquidity,JPX流動性
82,9101,日本郵船,海運業,プライム,9101.T,2026-08-17,6490.0,0.014062500000000089,0.061324611610793056,0.17148014440433212,0.1804292469989086,0.2882646694418536,6038.6,5591.433333333333,0.07475242605902022,0.16070417245429014,0.0,0.266846639917725,2521100.0,3098895.0,0.8135480550325197,18773998795.0,286,False,jpx_liquidity,JPX流動性
83,9501,東京電力ホールディングス,電気・ガス業,プライム,9501.T,2026-08-17,522.7000122070312,0.011416456179225154,0.0026856406039634795,0.04206540240583889,-0.06225333815424172,-0.2676194433699889,520.9299957275391,512.3599995930989,0.0033978010366251254,0.020181147283441447,-0.26895103187827796,0.2594080358866506,24603600.0,35998365.0,0.6834643740069861,18641989556.593628,286,True,jpx_liquidity,JPX流動性
84,6902,デンソー,輸送用機器,プライム,6902.T,2026-08-17,1920.0,-0.01790281329923271,-0.004923555325213824,-0.02809415337889143,0.037837837837837895,-0.1499881323111124,1983.575,1929.4833333333333,-0.03205071650933289,-0.0049149599633753205,-0.14702124149564133,0.49417064699174895,5755900.0,9026235.0,0.6376855909468344,18036829810.0,286,True,jpx_liquidity,JPX流動性
85,8630,ＳＯＭＰＯホールディングス,保険業,プライム,8630.T,2026-08-17,6714.0,-0.042362002567394086,-0.05008488964346347,0.014505893019038929,0.20581896551724133,0.13833954399102733,7005.2,6482.816666666667,-0.041569120082224575,0.03566093956073613,-0.08789566634968071,0.3203786308597496,3893800.0,2541265.0,1.5322290276692907,17921906760.0,286,True,jpx_liquidity,JPX流動性
86,8309,三井住友トラストグループ,銀行業,プライム,8309.T,2026-08-17,1728.5,-0.004893494530800235,0.02856292770008917,0.031940298507462606,-0.6969139049623005,-0.6820860230910013,1687.5125,4514.054166666667,0.024288708972526107,-0.617084789818465,-0.7441912091164717,0.2874618433546875,4989500.0,10597500.0,0.47081858928992687,17650577222.5,286,True,jpx_liquidity,JPX流動性
87,1605,ＩＮＰＥＸ,鉱業,プライム,1605.T,2026-08-17,3775.0,-0.0018508725542041304,0.07887967990854539,0.10090405365995925,-0.028314028314028294,0.04919399666481383,3604.65,3509.333182779948,0.04725840234141998,0.07570293368656489,-0.22959183673469385,0.3456074226580172,4055500.0,4819045.0,0.841556781478488,17458028475.0,286,True,jpx_liquidity,JPX流動性
88,7272,ヤマハ発動機,輸送用機器,プライム,7272.T,2026-08-17,1936.5,-0.006413545407901511,0.05101763907734047,0.5111197815060475,0.5326474079936683,0.5529270248596632,1561.55,1344.421697998047,0.24011398930549777,0.44039627066686426,-0.006413545407901511,0.8447970832147488,5396100.0,10249740.0,0.5264621346492692,16669511732.5,286,True,jpx_liquidity,JPX流動性
89,7269,スズキ,輸送用機器,プライム,7269.T,2026-08-17,2092.5,0.0028756290438534116,0.06978527607361973,0.019736842105263053,0.1758921045237427,-0.09064075764658652,2030.55,1975.4416666666666,0.03050897540075348,0.059256790675503046,-0.11254157528094955,0.4312557492925297,4850600.0,8325605.0,0.5826123146606162,16649302490.0,286,True,jpx_liquidity,JPX流動性
90,8604,野村ホールディングス,証券、商品先物取引業,プライム,8604.T,2026-08-17,1559.0,-0.007006369426751591,-0.001920614596670922,-0.031075201988812973,0.20805889190236337,0.09349487861799366,1560.875,1462.6333333333334,-0.0012012492992712342,0.06588573121538777,-0.04120541205412054,0.40301101012201407,6250100.0,11007720.0,0.5677924220456189,16616788227.5,286,True,jpx_liquidity,JPX流動性
91,9104,商船三井,海運業,プライム,9104.T,2026-08-17,6629.0,0.024416628032761567,0.07161332040090529,0.20047084389713876,0.16114906288316688,0.28909172827097884,6006.5,5636.733333333334,0.1036377257970531,0.17603576539603316,-0.04024902273056319,0.25553292239988507,3114900.0,2680220.0,1.1621807165083464,16502151780.0,286,True,jpx_liquidity,JPX流動性
92,7832,バンダイナムコホールディングス,その他製品,プライム,7832.T,2026-08-17,5332.0,-0.01895124195032194,-0.012226750648388296,0.2979552093476143,0.4226254002134471,0.3308158180330256,4710.3,4093.3,0.13198734687811808,0.3026164708181662,-0.01895124195032194,0.6355825284477846,1844500.0,3391730.0,0.5438227689114404,16286547545.0,286,False,jpx_liquidity,JPX流動性
93,4307,野村総合研究所,情報・通信業,プライム,4307.T,2026-08-17,4869.0,-0.051062171116741384,0.0020580366330520405,-0.04529411764705882,0.040162358470412274,0.2641431205498346,4987.1,4818.5,-0.023681097230855652,0.010480439970945277,-0.12679340028694408,0.6875681932209178,2234800.0,3256600.0,0.6862371798808573,16079765520.0,286,False,jpx_liquidity,JPX流動性
94,8802,三菱地所,不動産業,プライム,8802.T,2026-08-17,3675.0,-0.0005439216752787246,-0.04122097573702066,-0.12811387900355875,-0.1058394160583942,-0.24049054074482057,3907.55,4031.766666666667,-0.059512994075571646,-0.08848891718270735,-0.30402148966809805,0.3533251355209828,2492200.0,4096380.0,0.608390823116996,15892040420.0,286,False,jpx_liquidity,JPX流動性
95,4503,アステラス製薬,医薬品,プライム,4503.T,2026-08-17,2283.0,-0.031190324633991073,-0.01890846583584016,0.06284916201117308,0.0021949078138718825,-0.07810738086445179,2244.175,2188.741666666667,0.017300344224492115,0.043065079250254046,-0.14092191909689555,0.3298314252714862,3904500.0,7191325.0,0.5429458409959221,15760945275.0,286,True,jpx_liquidity,JPX流動性
96,8801,三井不動産,不動産業,プライム,8801.T,2026-08-17,1449.0,-0.005490734385724116,-0.049836065573770516,-0.06455777921239514,-0.046710526315789425,-0.28682864685226583,1524.325,1517.0333333333333,-0.04941531497548102,-0.044846300894289315,-0.30477221292925316,0.30269934502326273,7334100.0,10117425.0,0.7248978865669872,15384835590.0,286,True,jpx_liquidity,JPX流動性
97,6504,富士電機,電気機器,プライム,6504.T,2026-08-17,14970.0,0.004697986577181235,0.02323991797676017,0.179204411185506,-0.023483365949119372,0.27010598467582025,13715.0,14080.25,0.09150565074735684,0.06319134958541217,-0.13342981186685965,0.6432886561563448,505700.0,1133710.0,0.44605763378641805,15323706375.0,286,False,jpx_liquidity,JPX流動性
98,9697,カプコン,情報・通信業,プライム,9697.T,2026-08-17,4138.0,-0.010047846889952194,-0.0026512412629549065,0.2619701128392802,0.2911076443057723,0.31625772335865476,3833.5,3308.991666666667,0.07943132907264894,0.25053201000304726,-0.02151808938283284,0.7859295810008995,1827200.0,3781555.0,0.4831874718204548,14860401900.0,286,False,jpx_liquidity,JPX流動性
99,7453,良品計画,小売業,プライム,7453.T,2026-08-17,4345.0,-0.03422982885085579,-0.015185856754306393,-0.005720823798627039,0.2583260932522444,0.21132912135500237,4318.2,3893.8166666666666,0.006206289657727737,0.11587174537407607,-0.039991162174105144,0.31294938825458224,2595200.0,3633805.0,0.7141825166732942,14827189245.0,286,False,jpx_liquidity,JPX流動性
100,8267,イオン,小売業,プライム,8267.T,2026-08-17,1362.5,-0.008369723435225573,-0.020488856937455058,-0.006199854121079484,-0.08954226528566656,-0.4306646384366456,1374.75,1374.875,-0.0089107110383706,-0.009000818256205134,-0.4146939629092924,0.30068645309827496,9637800.0,10353510.0,0.93087271852734,14421972510.0,286,True,jpx_liquidity,JPX流動性
101,4755,楽天グループ,サービス業,プライム,4755.T,2026-08-17,777.4000244140625,0.017805756531093397,-0.12306821837105186,-0.0392980564919132,0.03350174394851679,-0.07386228043450282,815.2399963378906,774.8249959309895,-0.046415745171737965,0.0033233678528645783,-0.12306821837105186,0.5603211325598273,25912200.0,16973690.0,1.5266097118540518,14116242548.556519,286,True,jpx_liquidity,JPX流動性
102,9107,川崎汽船,海運業,プライム,9107.T,2026-08-17,3072.0,0.013861386138613874,0.07600700525394055,0.16209570644978255,0.21446926270013833,0.3563725323748219,2845.425,2654.0,0.07962782361158705,0.15749811605124342,0.0,0.29522143504628473,5113900.0,4848825.0,1.0546678834563012,14073966027.5,286,True,jpx_liquidity,JPX流動性
103,4911,資生堂,化学,プライム,4911.T,2026-08-17,3504.0,-0.014900196795052056,-0.031776733904393506,0.15873015873015883,0.2638412984670875,0.1314175008072329,3317.95,2873.197342936198,0.05607378049699374,0.21954727844039001,-0.031776733904393506,0.62193403848983,1871200.0,4337550.0,0.4313956035088933,14053039885.0,286,False,jpx_liquidity,JPX流動性
104,9766,コナミグループ,情報・通信業,プライム,9766.T,2026-08-17,21595.0,-0.017962710322873998,0.026134473746733278,0.1849108367626886,0.1077199281867145,0.12424118620915725,20371.5,19228.833333333332,0.060059396706182655,0.12305305400743682,-0.04888791015194893,0.623223764969116,446100.0,677150.0,0.6587905190873514,13996835625.0,286,False,jpx_liquidity,JPX流動性
105,4452,花王,化学,プライム,4452.T,2026-08-17,3493.0,-0.011321822813472937,-0.044061302681992376,0.06331811263318121,-0.41135827435119654,-0.46947144592952617,3390.15,4046.246024576823,0.030337890653805877,-0.13673069339244748,-0.4820581257413997,0.5265805491091609,2223000.0,4023800.0,0.5524628460659079,13852833665.0,286,False,jpx_liquidity,JPX流動性
106,2502,アサヒグループホールディングス,食料品,プライム,2502.T,2026-08-17,1661.0,-0.04731861198738174,-0.01976984361168488,0.04927353126974099,0.05060088551549646,-0.02751756440281028,1672.575,1582.8333333333333,-0.006920466944681181,0.049384016005054265,-0.06501547987616096,0.3532439190874516,8929700.0,8080410.0,1.1051048152259602,13720867722.5,286,True,jpx_liquidity,JPX流動性
107,7003,三井Ｅ＆Ｓ,機械,プライム,7003.T,2026-08-17,4379.0,0.007825086306098905,0.042122798667301176,-0.060098733633827006,-0.03226519337016576,-0.4114960679421381,4518.1,4436.016666666666,-0.03078727783802937,-0.012853122733984312,-0.45761206243012775,0.6441863237270833,1444700.0,3076210.0,0.4696363382213828,13648577090.0,286,False,jpx_liquidity,JPX流動性
108,6315,ＴＯＷＡ,機械,プライム,6315.T,2026-08-17,2554.0,0.01671974522292996,0.00868878357030023,-0.1930489731437599,-0.04701492537313434,-0.05866287126980019,2683.3,2968.0,-0.04818693399918017,-0.13948787061994605,-0.27853107344632766,1.002588121755474,2987600.0,5038605.0,0.592941895623888,13454835500.0,286,False,jpx_liquidity,JPX流動性
109,7270,ＳＵＢＡＲＵ,輸送用機器,プライム,7270.T,2026-08-17,2557.5,-0.009872241579558683,-0.003894839337877265,0.015485407980941002,0.025872442839951937,-0.15053734056539536,2613.125,2522.258333333333,-0.02128677349916286,0.013972266916883358,-0.15218890316899703,0.40537194044721514,3250600.0,5107780.0,0.6364017244282252,13308833655.0,286,True,jpx_liquidity,JPX流動性
110,6383,ダイフク,機械,プライム,6383.T,2026-08-17,6347.0,0.00698080279232105,0.02768782383419688,-0.034383082306404966,-0.05282793612893599,0.006501744370440932,6147.9,6691.249698893229,0.032385042046877865,-0.05144774360313731,-0.18092657117047362,0.4391732122054684,2233300.0,2056095.0,1.0861852200409028,12868347135.0,286,False,jpx_liquidity,JPX流動性
111,3563,ＦＯＯＤ　＆　ＬＩＦＥ　ＣＯＭＰＡＮＩＥＳ,小売業,プライム,3563.T,2026-08-17,5840.0,-0.0035830063129158596,0.02961918194640334,0.07689470772635065,-0.4490566037735849,-0.38616775278536897,5659.9,6638.841666666666,0.03182035018286555,-0.12032847095565113,-0.46298850574712647,0.3641393981655488,1051200.0,2284975.0,0.4600487970327903,12760359060.0,286,False,jpx_liquidity,JPX流動性
112,8473,ＳＢＩホールディングス,証券、商品先物取引業,プライム,8473.T,2026-08-17,3070.0,0.0,0.022311022311022333,0.08117626342665973,-0.0022749431264218467,-0.07945683303112738,2945.3,2866.6583333333333,0.042338641225002416,0.07093334573647025,-0.09843165916788876,0.4252211163468027,1773600.0,4372885.0,0.4055903596824522,12456042890.0,286,False,jpx_liquidity,JPX流動性
113,2503,キリンホールディングス,食料品,プライム,2503.T,2026-08-17,3000.0,-0.03474903474903479,-0.012508229098090795,0.051156271899089,0.0826416456153014,0.17647058823529416,2971.325,2824.575223795573,0.009650576762892049,0.06210660446447469,-0.04245132460900092,0.3665794652726805,2544600.0,4168545.0,0.6104288186885352,12444982082.5,286,False,jpx_liquidity,JPX流動性
114,6326,クボタ,機械,プライム,6326.T,2026-08-17,2687.0,-0.02344175904052337,-0.02644927536231889,-0.02290909090909088,-0.005551443375277576,-0.09574289079589438,2739.875,2760.128096516927,-0.019298325653542614,-0.026494457488842382,-0.15396725440806047,0.37437085839031015,2728000.0,4572180.0,0.5966519253397723,12444207562.5,286,False,jpx_liquidity,JPX流動性
115,6323,ローツェ,機械,プライム,6323.T,2026-08-17,4363.0,0.005994927369149083,0.1034395548811331,-0.06693755346449959,0.16284648187633266,0.2309514989550152,4171.3,4323.033333333334,0.04595689593172381,0.009245051699809492,-0.1411417322834646,1.0668895166487942,1377400.0,3107315.0,0.44327659088312577,12371918445.0,286,False,jpx_liquidity,JPX流動性
116,6178,日本郵政,サービス業,プライム,6178.T,2026-08-17,2394.5,0.0077861952861952854,-0.008077879038939528,0.002721943048576314,0.12207122774133072,0.22122960051150864,2404.525,2275.4083333333333,-0.004169222611534518,0.05233859124186502,-0.050366845131865956,0.281327349481443,3096000.0,5212910.0,0.5939101192999687,12328702317.5,286,True,jpx_liquidity,JPX流動性
117,6988,日東電工,化学,プライム,6988.T,2026-08-17,3476.0,-0.028235951915012603,-0.011657662780779066,0.0485671191553545,0.1370624795551194,-0.029193347998249797,3426.8,3232.7083333333335,0.014357417999299571,0.07525939292388983,-0.035065720353933405,0.3046815057809882,1939300.0,3645850.0,0.5319198540806671,12327798505.0,286,False,jpx_liquidity,JPX流動性
118,9020,東日本旅客鉄道,陸運業,プライム,9020.T,2026-08-17,3460.0,-0.01452577613215611,-0.00028893383415196094,-0.03915579005831715,-0.06283856988082337,-0.08833339809017915,3577.05,3483.0666666666666,-0.032722494793195556,-0.0066225165562914245,-0.12071156289707752,0.3712771293046019,1882400.0,3529030.0,0.5334043632386236,12309684040.0,286,False,jpx_liquidity,JPX流動性
119,6594,ニデック,電気機器,プライム,6594.T,2026-08-17,2815.0,0.015512265512265477,0.03797935103244843,0.08981804103755331,0.07034220532319391,0.20453572956782207,2640.25,2683.8333333333335,0.06618691411798117,0.048872880829659016,-0.02897550879613664,0.33019071050123244,2106800.0,4798785.0,0.4390277955774222,12224639910.0,286,False,jpx_liquidity,JPX流動性
120,5411,ＪＦＥホールディングス,鉄鋼,プライム,5411.T,2026-08-17,1781.0,-0.0039149888143176215,-0.04529616724738672,0.04980842911877392,0.07613293051359515,-0.19670355565833086,1797.25,1676.4916666666666,-0.009041591320072317,0.06233752031772699,-0.19581589183263748,0.2832061978513619,4406800.0,6700775.0,0.6576552712186277,12049216767.5,286,True,jpx_liquidity,JPX流動性
121,6479,ミネベアミツミ,電気機器,プライム,6479.T,2026-08-17,3731.0,-0.010344827586206917,0.010016242555495491,-0.08486632327691934,-0.037657982976528226,0.11046435288438738,3788.45,4306.0,-0.015164513191410656,-0.13353460287970276,-0.288791460160122,0.5701537945901287,2096600.0,3184520.0,0.6583723763706932,11918751735.0,286,False,jpx_liquidity,JPX流動性
122,6645,オムロン,電気機器,プライム,6645.T,2026-08-17,7043.0,0.005568246716162184,0.061972255729795034,0.25902752949588836,0.302089110741357,0.4851844651876942,5938.7,5839.833333333333,0.18594978699041875,0.20602756927994537,0.0,0.7302793126663166,1248900.0,1892230.0,0.6600149030508976,11583732760.0,286,False,jpx_liquidity,JPX流動性
123,4543,テルモ,精密機器,プライム,4543.T,2026-08-17,2620.0,-0.019644527595883976,0.10408765276021903,0.18713185319438153,0.12349914236706683,0.3390349258937291,2369.2,2298.008333333333,0.1058585176430864,0.1401177106262308,-0.019644527595883976,0.42626536557769423,3448200.0,4857730.0,0.7098377225576555,11580629157.5,286,True,jpx_liquidity,JPX流動性
124,9022,東海旅客鉄道,陸運業,プライム,9022.T,2026-08-17,3796.0,-0.01683501683501687,-0.027414809121188877,0.023456457266109565,0.07383309759547374,-0.17949098984048317,3904.95,3610.85,-0.027900485281501686,0.05127601534264792,-0.20698358049064514,0.3141803628788921,1632600.0,2984230.0,0.5470757950962225,11501171750.0,286,False,jpx_liquidity,JPX流動性
125,7201,日産自動車,輸送用機器,プライム,7201.T,2026-08-17,330.20001220703125,0.0006060975970643145,-0.03110321586154763,0.0036474535168122824,-0.0853185257422957,-0.2806099951916531,334.98500061035156,334.7249989827474,-0.014284187037037266,-0.01351852054512781,-0.26654819357227433,0.4187093518146622,22571400.0,35234170.0,0.640611088610857,11480416078.503418,286,True,jpx_liquidity,JPX流動性
126,3099,三越伊勢丹ホールディングス,小売業,プライム,3099.T,2026-08-17,3530.0,-0.005073280721533235,-0.027816028642247304,-0.11573146292585168,0.09900373599003731,0.19071032360759488,3652.35,3706.633333333333,-0.03349898010869712,-0.04765330623476827,-0.15246098439375755,0.2840397925638776,2902500.0,3035555.0,0.9561678177466724,11275816840.0,286,False,jpx_liquidity,JPX流動性
127,9502,中部電力,電気・ガス業,プライム,9502.T,2026-08-17,2849.5,0.011178140525195168,0.052252584933530244,-0.057081403044341505,0.04857405703771844,0.09761936669107074,2815.6,2900.7,0.012040062508879235,-0.017650911848864026,-0.12323076923076925,0.38818114547536614,2173500.0,4040960.0,0.5378672394678492,11261053060.0,286,False,jpx_liquidity,JPX流動性
128,9843,ニトリホールディングス,小売業,プライム,9843.T,2026-08-17,2914.0,-0.023131076097888004,0.03150442477876103,0.2068751294263822,0.17784963621665328,-0.14445477103567494,2675.225,2557.7083333333335,0.08925417488248666,0.13930113219841966,-0.11634065975883345,0.564075807775978,2228900.0,4125910.0,0.5402202180852224,11196079492.5,286,False,jpx_liquidity,JPX流動性
129,5334,日本特殊陶業,ガラス・土石製品,プライム,5334.T,2026-08-17,9600.0,-0.01336073997944498,-0.024092711192436722,-0.03903903903903905,-0.0008326394671107629,0.26016608518286377,9573.55,10084.95,0.00276282047934151,-0.0480865051388456,-0.12647861692447682,0.46192356775025484,587100.0,1185665.0,0.4951651604795621,11194763115.0,286,False,jpx_liquidity,JPX流動性
130,1812,鹿島建設,建設業,プライム,1812.T,2026-08-17,4981.0,0.00891229491594081,-0.015418066811622833,-0.1232177433550431,-0.10910391700947952,-0.2725374524810815,5291.5,5605.066666666667,-0.05867901351223659,-0.11133974023502546,-0.2920939701929789,0.2401181423304331,1518200.0,2140375.0,0.7093149564912691,11166766010.0,286,False,jpx_liquidity,JPX流動性
131,3407,旭化成,化学,プライム,3407.T,2026-08-17,1707.0,0.002937720329024618,0.00886524822695045,-0.09008528784648184,-0.001170275014628408,-0.026831045966303035,1754.05,1781.9666666666667,-0.026823636726433064,-0.04206962344974652,-0.10205155181483427,0.37204427746445956,2868000.0,6338070.0,0.45250368014237774,10878393717.5,286,False,jpx_liquidity,JPX流動性
132,5333,ＮＧＫ,ガラス・土石製品,プライム,5333.T,2026-08-17,6121.0,0.03308016877637132,0.08489897199574625,-0.05320959010054138,0.07385964912280696,0.4420877738280298,5811.65,6462.516666666666,0.05322928944447791,-0.052845769578930724,-0.22055265503629184,0.6194461964627789,1333000.0,1915135.0,0.6960344832087555,10780636790.0,286,False,jpx_liquidity,JPX流動性
133,6532,ベイカレント,サービス業,プライム,6532.T,2026-08-17,7400.0,-0.03733576167555608,0.03903397921932039,0.09548482605477426,0.33646378905544516,0.674619207336006,7015.5,6340.083333333333,0.05480721260067001,0.1671770875777132,-0.03733576167555608,0.5105514075194855,982200.0,1668245.0,0.5887624419674569,10681711310.0,286,False,jpx_liquidity,JPX流動性
134,6590,芝浦メカトロニクス,電気機器,プライム,6590.T,2026-08-17,4580.0,0.021181716833890807,0.06264501160092806,-0.15498154981549817,-0.049792531120331995,-0.09705557120921238,4701.75,4942.666666666667,-0.025894613707661995,-0.0733746965200972,-0.2341137123745819,0.9608067276155503,1286000.0,2351170.0,0.546961725438824,10681679600.0,286,False,jpx_liquidity,JPX流動性
135,6481,ＴＨＫ,機械,プライム,6481.T,2026-08-17,7520.0,0.012521879628383026,0.04531554072838473,0.059751972942502896,0.055290485545888224,0.5173527037933818,6968.45,7296.469571940104,0.07914959567766156,0.030635422495219222,-0.07116551570742136,0.7007442933363714,885700.0,1538430.0,0.575716802194445,10639607045.0,286,False,jpx_liquidity,JPX流動性
136,6787,メイコー,電気機器,プライム,6787.T,2026-08-17,19360.0,0.06082191780821922,0.030335284725917955,-0.21935483870967742,-0.5166042446941324,-0.01734091439463825,21065.5,28913.666666666668,-0.0809617621229024,-0.33042044707808305,-0.5544303797468355,1.2570999193325199,443200.0,516170.0,0.858631846097216,10605309400.0,286,True,jpx_liquidity,JPX流動性
137,4186,東京応化工業,化学,プライム,4186.T,2026-08-17,9577.0,0.0231837606837606,0.08829545454545462,-0.08485427615862395,-0.09394512771996211,0.07498035694241767,9393.85,10237.43984375,0.019496798437275364,-0.064512207527471,-0.17581755593803783,0.7192285861957559,538000.0,1147070.0,0.46902107107674335,10446445300.0,286,False,jpx_liquidity,JPX流動性
138,6324,ハーモニック・ドライブ・システムズ,機械,プライム,6324.T,2026-08-17,6510.0,0.0,-0.09078212290502796,-0.09583333333333333,-0.006106870229007688,0.7449342679363185,6510.0,7189.5,0.0,-0.09451283121218446,-0.26771653543307083,0.9923260753873642,851300.0,1617725.0,0.5262328269637917,10312087250.0,286,False,jpx_liquidity,JPX流動性
139,1928,積水ハウス,建設業,プライム,1928.T,2026-08-17,3406.0,-0.011033681765389103,-0.006127808578932026,-0.02315739236420189,0.0240529164161154,-0.10179324894514763,3464.080676269531,3386.722623697917,-0.0167665483853795,0.005692044623670567,-0.10977522216414004,0.24183757598406477,1294100.0,2979230.0,0.43437398253911247,10269291180.0,286,False,jpx_liquidity,JPX流動性
140,5101,横浜ゴム,ゴム製品,プライム,5101.T,2026-08-17,7660.0,-0.02420382165605095,-0.016940451745379836,-0.0051948051948051965,0.2051604782882317,0.13179669030732866,7616.4,7436.62880859375,0.005724489260017895,0.03003661970436422,-0.04034076672513154,0.4055937294448655,725800.0,1340170.0,0.5415730840117299,10139021035.0,286,False,jpx_liquidity,JPX流動性
141,5020,ＥＮＥＯＳホールディングス,石油・石炭製品,プライム,5020.T,2026-08-17,1294.5,0.0027110766847404655,-0.04075583549462769,0.01609105180533743,-0.009942638623327005,-0.09246629914178961,1300.375,1267.8333333333333,-0.0045179275209074055,0.021033258840541746,-0.15153826206921717,0.36095796291852833,5257000.0,7789305.0,0.6748997503628372,10075719187.5,286,True,jpx_liquidity,JPX流動性
142,1925,大和ハウス工業,建設業,プライム,1925.T,2026-08-17,4571.0,-0.008244738555001074,-0.0034881185960322636,-0.0060882800608828,0.02649898944531781,-0.16304191367074483,4633.55,4472.166666666667,-0.013499368734555595,0.02209965341184361,-0.1735724927899307,0.24451745034873615,1287700.0,2164120.0,0.5950224571650371,9976270160.0,286,False,jpx_liquidity,JPX流動性
143,2413,エムスリー,サービス業,プライム,2413.T,2026-08-17,1732.0,0.020324005891016128,0.13202614379084965,-0.10096029068258505,0.23098791755508175,0.10425811067031376,1784.275,1715.2666666666667,-0.029297613876784756,0.009755528780753142,-0.12701612903225812,0.8001485002516865,8981500.0,5458725.0,1.6453475857457556,9939847422.5,286,True,jpx_liquidity,JPX流動性
144,5201,ＡＧＣ,ガラス・土石製品,プライム,5201.T,2026-08-17,5996.0,0.005871498070793457,0.03183617277577011,-0.06633447524135783,-0.035392535392535396,-0.057973291437549146,6024.4,6685.323413085937,-0.004714162406214695,-0.10310995751329655,-0.27064833961805135,0.3819851820995023,1055900.0,1659415.0,0.6363085786256,9928674290.0,286,False,jpx_liquidity,JPX流動性
145,8830,住友不動産,不動産業,プライム,8830.T,2026-08-17,3360.0,-0.006505026611472453,-0.04054825813820673,-0.1215686274509804,-0.11718339464004202,-0.3007587490258933,3592.8,3641.6666666666665,-0.06479625918503684,-0.07734553775743702,-0.3676586697719143,0.23614483712790768,2487800.0,2735815.0,0.9093451128822673,9881790850.0,286,False,jpx_liquidity,JPX流動性
146,543A,ＡＲＣＨＩＯＮ,輸送用機器,プライム,543A.T,2026-08-17,287.0,0.03985507246376807,0.036101083032491044,-0.027118644067796627,-0.3017031630170316,-0.3733624454148472,280.25,301.6,0.02408563782337203,-0.048408488063660604,-0.4470134874759152,0.4137902238294338,49732700.0,32697920.0,1.5209744228379052,9777410005.0,286,True,jpx_liquidity,JPX流動性
147,9735,セコム,サービス業,プライム,9735.T,2026-08-17,6408.0,-0.015819382583320496,-0.06302090948969152,-0.040431266846361225,-0.0034214618973561484,0.08535346643476882,6732.75,6569.65,-0.04823437674055919,-0.02460557259519147,-0.10652537646402682,0.3673197077624779,1179100.0,1441245.0,0.8181121183421278,9652761735.0,286,False,jpx_liquidity,JPX流動性
148,7911,ＴＯＰＰＡＮホールディングス,その他製品,プライム,7911.T,2026-08-17,5433.0,0.02878242757053595,0.15644955300127705,0.14475347661188365,0.2230977037370554,0.17310936950604994,4751.75,4768.633333333333,0.14336823275635302,0.13932014064127385,-0.06078724556901938,0.6034018531913454,1879100.0,1962710.0,0.9574007367364511,9557964835.0,286,False,jpx_liquidity,JPX流動性
149,1803,清水建設,建設業,プライム,1803.T,2026-08-17,2423.5,0.003311943696957087,0.012957157784744044,-0.03388479170819214,-0.06301952445389525,-0.2761931178141339,2415.9,2503.275,0.0031458255722505157,-0.031868252589108303,-0.31078534381838707,0.3142365087248794,2094200.0,3934255.0,0.532298999429371,9444266570.0,286,False,jpx_liquidity,JPX流動性
150,7261,マツダ,輸送用機器,プライム,7261.T,2026-08-17,1177.5,0.007271171941830579,0.007702182284980763,0.03653169014084501,0.08926919518963916,-0.12679950139452023,1163.625,1132.0416666666667,0.011923944569771194,0.04015606021568696,-0.12868610549494974,0.3404550633509566,4625500.0,8249800.0,0.5606802589153677,9428488922.5,286,True,jpx_liquidity,JPX流動性
151,7729,東京精密,精密機器,プライム,7729.T,2026-08-17,19270.0,0.006529119874640887,0.10906474820143885,0.022281167108753275,0.17535834095760894,0.18044017765994136,17694.25,18244.416666666668,0.08905435381550508,0.05621354478310714,-0.07887189292543018,0.8477228326785063,229800.0,545340.0,0.4213884915832325,9365197500.0,286,False,jpx_liquidity,JPX流動性
152,4751,サイバーエージェント,サービス業,プライム,4751.T,2026-08-17,1263.0,-0.0023696682464454666,-0.15743829219479655,-0.15490130478420872,-0.038812785388127824,-0.038812785388127824,1417.1,1399.0333333333333,-0.1087432079599181,-0.09723380429344064,-0.19860406091370564,0.680826031606552,9022400.0,6522415.0,1.3832913115770769,9338113777.5,286,True,jpx_liquidity,JPX流動性
153,7733,オリンパス,精密機器,プライム,7733.T,2026-08-17,2076.0,-0.016346837242359635,0.08919202518363067,0.18832283915283332,0.12337662337662336,0.3880825758768527,1875.325,1790.8083333333334,0.10700811859277715,0.15925303750168673,-0.016346837242359635,0.4428228162561396,4084700.0,4877815.0,0.8374036325690909,9277341050.0,286,True,jpx_liquidity,JPX流動性
154,4385,メルカリ,情報・通信業,プライム,4385.T,2026-08-17,4610.0,-0.0496804782519068,-0.08349900596421467,-0.012847965738758016,0.13045610593428147,0.34755919321835727,4558.8,4259.8,0.011231025708519748,0.0822104324146673,-0.08349900596421467,0.5794348009976658,2077200.0,1971565.0,1.053579263174179,9188538210.0,286,False,jpx_liquidity,JPX流動性
155,5332,ＴＯＴＯ,ガラス・土石製品,プライム,5332.T,2026-08-17,6660.0,0.004373397677575053,0.027302174919018984,-0.14713791778716867,0.013698630136986356,0.06878707295214936,6879.8,7638.516666666666,-0.0319486031570686,-0.12810296938105348,-0.285024154589372,0.5955783163385483,1124500.0,1333730.0,0.8431241705592586,8971642105.0,286,False,jpx_liquidity,JPX流動性
156,8697,日本取引所グループ,その他金融業,プライム,8697.T,2026-08-17,2221.5,-0.010026737967914423,-0.018772084805653733,-0.007372654155495928,0.18353755993606824,0.22566499556401354,2237.725,2140.483333333333,-0.007250667530639299,0.0378497068419128,-0.03160418482999128,0.41369538541402034,2843200.0,3956540.0,0.7186076723601935,8822248035.0,286,False,jpx_liquidity,JPX流動性
157,8729,ソニーフィナンシャルグループ,保険業,プライム,8729.T,2026-08-17,155.60000610351562,-0.0012836774346900448,0.019659239056418976,-0.00511501166360806,0.08432060002449915,-0.004607207249945566,156.20500106811522,147.93166732788086,-0.0038730831949214117,0.05183703336918666,-0.03950613516348378,0.3130385713975713,46527600.0,57829455.0,0.8045657701598605,8802042896.148376,215,True,jpx_liquidity,JPX流動性
158,7581,サイゼリヤ,小売業,プライム,7581.T,2026-08-17,7360.0,-0.01866666666666672,-0.06480304955527316,0.08554572271386429,0.42359767891682787,0.09523809523809534,7655.0,6157.0,-0.03853690398432397,0.19538736397596224,-0.11432009626955475,0.602561168353482,367900.0,1133920.0,0.32444969662762807,8685757900.0,286,False,jpx_liquidity,JPX流動性
159,5344,ＭＡＲＵＷＡ,ガラス・土石製品,プライム,5344.T,2026-08-17,61980.0,0.015899032945418723,0.114748201438849,0.06166495375128478,-0.11228874248066456,0.12381158522730806,57191.5,65048.166666666664,0.08372747698521632,-0.04716761169287376,-0.2175230400201995,0.6285671812660534,85200.0,154735.0,0.5506187998836721,8629904150.0,286,False,jpx_liquidity,JPX流動性
160,4689,ＬＩＮＥヤフー,情報・通信業,プライム,4689.T,2026-08-17,491.8999938964844,-0.028441624024633905,0.01716291912368617,0.08109888768458107,0.19480199006922283,0.3111980819027649,464.43999938964845,435.34833374023435,0.0591249559532403,0.1298997969520046,-0.028441624024633905,0.3303114306823014,11683500.0,18609430.0,0.6278268598232186,8618722576.047821,286,True,jpx_liquidity,JPX流動性
161,7532,パン・パシフィック・インターナショナルホールディングス,小売業,プライム,7532.T,2026-08-17,909.0999755859375,-0.018674490902639063,-0.009371294003157948,0.04614496615182673,0.04843732116543853,-0.04945634422908263,904.1100006103516,859.8406107584635,0.005519212233265014,0.057288948918128524,-0.1411431501313769,0.33772917262472535,7561000.0,9463960.0,0.7989256083077274,8589048749.412842,286,True,jpx_liquidity,JPX流動性
162,3659,ネクソン,情報・通信業,プライム,3659.T,2026-08-17,3045.0,0.007610853739245638,0.25308641975308643,0.3326039387308535,0.34615384615384626,-0.061922365988909434,2473.625,2308.901359049479,0.23098691192076415,0.3188090465906934,-0.08310749774164405,0.7752899319544646,14498400.0,2686215.0,5.39733416722042,8574425625.0,286,True,jpx_liquidity,JPX流動性
163,6134,ＦＵＪＩ,機械,プライム,6134.T,2026-08-17,8561.0,0.032689987937273735,0.08243772916930081,0.12069642623380017,0.12867501647989443,0.6446120653468881,7663.1,7905.766666666666,0.11717190171079594,0.08288042905389736,-0.04153605015673978,0.7596655174154288,584100.0,1100005.0,0.5309975863746074,8498794550.0,286,False,jpx_liquidity,JPX流動性
164,9201,日本航空,空運業,プライム,9201.T,2026-08-17,3029.0,-0.008185985592665368,-0.006885245901639303,0.04196766425868592,0.177682737169518,-0.03638290664036703,2973.45,2857.016666666667,0.018682002387798713,0.060196825359786654,-0.04384590414895029,0.2714715395409167,1730600.0,2907120.0,0.5952970637606979,8498724105.0,286,False,jpx_liquidity,JPX流動性
165,8601,大和証券グループ本社,証券、商品先物取引業,プライム,8601.T,2026-08-17,1778.5,-0.012493059411438079,-0.021996150673632142,-0.05171954145561186,0.17859509609012592,0.13750346650543777,1818.7,1682.3833333333334,-0.02210370044537313,0.05713125229089688,-0.05348589675359239,0.3016931977173642,3349700.0,4727035.0,0.708626020327753,8475856032.5,286,True,jpx_liquidity,JPX流動性
166,4684,オービック,情報・通信業,プライム,4684.T,2026-08-17,4539.0,-0.03404979782932538,-0.005041648399824683,0.07865969581749055,0.09215591915303167,0.20517436083295348,4469.35,4139.95,0.015583921599337636,0.09639005301996395,-0.044823232323232376,0.3895328216970077,1065900.0,1919080.0,0.5554223898951581,8469988820.0,286,False,jpx_liquidity,JPX流動性
167,1802,大林組,建設業,プライム,1802.T,2026-08-17,3034.0,-0.005571943625040987,0.0013201320132012473,-0.06386917618019128,-0.06473489519112208,-0.2353063736816592,3163.15,3198.0333333333333,-0.040829552819183434,-0.05129193983802549,-0.3045721326423112,0.20352222241036896,2540600.0,2645515.0,0.960342315201388,8426732230.0,286,False,jpx_liquidity,JPX流動性
168,1801,大成建設,建設業,プライム,1801.T,2026-08-17,12925.0,-0.009578544061302652,0.0027152831652443865,-0.07047824523552682,-0.04542097488921715,-0.2752855802572267,13213.25,13761.75,-0.021815223355344027,-0.06080258688030227,-0.358988454023627,0.3503588598537723,428000.0,652910.0,0.6555267954235653,8424573925.0,286,False,jpx_liquidity,JPX流動性
169,5711,三菱マテリアル,非鉄金属,プライム,5711.T,2026-08-17,5264.0,0.018181818181818077,0.020748497188287862,0.25542570951585986,0.076482617586912,0.035009957749648324,4478.05,4601.166666666667,0.1755116624423576,0.14405766653385,-0.13704918032786884,0.7060917937622929,1750600.0,1755330.0,0.9973053499911697,8403465880.0,286,False,jpx_liquidity,JPX流動性
170,4523,エーザイ,医薬品,プライム,4523.T,2026-08-17,4729.0,-0.026554137505146125,-0.010255336961071615,0.09013370216689709,0.11454159792599583,-0.057362438553314354,4744.85,4255.7,-0.003340463871355337,0.1112155462086144,-0.084059655239202,0.41713647487470173,986600.0,1773625.0,0.5562618930157164,8363973440.0,286,False,jpx_liquidity,JPX流動性
171,6305,日立建機,機械,プライム,6305.T,2026-08-17,5390.0,-0.029877609791216675,-0.039044392939918016,0.019481747682996042,0.08081010627631846,-0.1451390057510782,5458.55,5338.383333333333,-0.012558280129338462,0.009668969694320628,-0.21886114297829007,0.43050223247893626,2231800.0,1441020.0,1.5487640698949354,8316357685.0,286,False,jpx_liquidity,JPX流動性
172,1942,関電工,建設業,プライム,1942.T,2026-08-17,5740.0,0.03985507246376807,0.043636363636363695,-0.06117108276087668,-0.057316472327147316,-0.13160721277082976,5664.7,6132.716666666666,0.013292848694546944,-0.06403632973967488,-0.21862237952627284,0.4144044804255366,1056200.0,1469620.0,0.7186891849593773,8264456080.0,286,False,jpx_liquidity,JPX流動性
173,4507,塩野義製薬,医薬品,プライム,4507.T,2026-08-17,2803.0,-0.010065336394137425,-0.002491103202846956,-0.01389621811785402,-0.0597115062059711,-0.20737513112797845,2867.775,2853.05,-0.022587197391706115,-0.017542629817213218,-0.2271850013785498,0.3308207661011531,1669800.0,2875990.0,0.5806000716275092,8173506585.0,286,False,jpx_liquidity,JPX流動性
174,9202,ＡＮＡホールディングス,空運業,プライム,9202.T,2026-08-17,3088.0,-0.012156110044785673,-0.016560509554140124,0.02984825746206443,0.10879712746858172,-0.067418918161683,3095.5,3001.5833333333335,-0.0024228719108383423,0.028790360642994006,-0.07235179680002046,0.2524468644662541,2017000.0,2609585.0,0.7729198320805799,8152805055.0,286,False,jpx_liquidity,JPX流動性
175,9021,西日本旅客鉄道,陸運業,プライム,9021.T,2026-08-17,2888.0,-0.010958904109588996,-0.012987012987012991,-0.02448910656983616,0.06098457016899328,-0.13319976091499475,2969.425,2779.525,-0.02742113372117505,0.039026452361464514,-0.12649438583741024,0.29961882276172835,2515400.0,2745405.0,0.9162218324800895,8112462987.5,286,False,jpx_liquidity,JPX流動性
176,6965,浜松ホトニクス,電気機器,プライム,6965.T,2026-08-17,2611.5,0.01932084309133497,0.12443487621097948,0.08903252710592158,-0.023190574153731047,0.49677803211410243,2384.65,2575.85,0.09512926425261559,0.013840091620241912,-0.12174205481755507,0.6018415017710865,1949900.0,3412765.0,0.5713548984474466,7983193740.0,286,False,jpx_liquidity,JPX流動性
177,1944,きんでん,建設業,プライム,1944.T,2026-08-17,7083.0,0.02473958333333326,0.016066561468942808,-0.04167230415370049,0.03871535415750116,-0.11650743663906049,7177.55,7365.916666666667,-0.013173018648424573,-0.0384088877826928,-0.1691495601173021,0.4249875041033745,604900.0,1100095.0,0.549861602861571,7965348815.0,286,False,jpx_liquidity,JPX流動性
178,4005,住友化学,化学,プライム,4005.T,2026-08-17,528.0,-0.004712535344015056,0.03651355776673881,-0.02402957486136781,-0.10690123630257864,-0.08868417961579522,523.0449996948242,544.5550003051758,0.009473372860971496,-0.03040097014240639,-0.15330336646679843,0.3467885499037334,10512200.0,15178060.0,0.692591806858057,7872155029.398804,286,True,jpx_liquidity,JPX流動性
179,4188,三菱ケミカルグループ,化学,プライム,4188.T,2026-08-17,1194.0,-0.011998345055854398,-0.020508613617719496,-0.0070686070686070135,0.18983557548579966,0.07441505948786808,1187.6,1140.0083333333334,0.005389019872010792,0.04736076490668917,-0.04211793020457277,0.4102921403594555,3732600.0,6613255.0,0.564411927258211,7766045120.0,286,True,jpx_liquidity,JPX流動性
180,9503,関西電力,電気・ガス業,プライム,9503.T,2026-08-17,2393.5,-0.0031236984589754213,0.003774376179492611,0.031014430325220665,0.03862009112605769,-0.12113594429932839,2390.275,2334.025,0.001349217140287129,0.025481732200811846,-0.13763604489250547,0.20966299089536136,2229500.0,3226660.0,0.690962171409445,7750161052.5,286,False,jpx_liquidity,JPX流動性
181,7309,シマノ,輸送用機器,プライム,7309.T,2026-08-17,19530.0,-0.02980625931445602,-0.019085886489201398,0.07662624035281151,0.14747356051703875,0.15289256198347112,19575.0,17744.366178385415,-0.0022988505747126853,0.10063102866923934,-0.07286968905767865,0.4614288695317671,208900.0,409590.0,0.5100222173392905,7738257975.0,286,False,jpx_liquidity,JPX流動性
182,6841,横河電機,電気機器,プライム,6841.T,2026-08-17,5599.0,-0.015820003515556347,0.03417066863686746,0.01892629663330303,0.17354852232236428,0.0787123318573586,5626.0,5424.716666666666,-0.004799146818343369,0.03212763800259921,-0.09522891984550619,0.5184452706346651,662000.0,1360965.0,0.48641956258978003,7448603590.0,286,False,jpx_liquidity,JPX流動性
183,2801,キッコーマン,食料品,プライム,2801.T,2026-08-17,1781.5,-0.005859375,0.012215909090909083,0.0916053921568627,0.2648207312744053,0.2155345369256756,1688.4,1599.6,0.05514096185737971,0.11371592898224558,-0.005859375,0.48962178113518334,2730200.0,4381910.0,0.6230616329408865,7417450442.5,286,False,jpx_liquidity,JPX流動性
184,9602,東宝,情報・通信業,プライム,9602.T,2026-08-17,1499.0,-0.004648074369189903,-0.0013324450366422047,0.07262969588550994,0.20692431561996782,-0.03401804274835918,1482.3,1349.2416666666666,0.011266275382850965,0.11099444749828624,-0.1320208453966416,0.4425850863574615,2241400.0,5480145.0,0.40900377635993207,7374004820.0,286,False,jpx_liquidity,JPX流動性
185,8795,Ｔ＆Ｄホールディングス,保険業,プライム,8795.T,2026-08-17,4938.0,0.0024360535931791105,-0.013583699560527407,-0.0004048582995951344,0.2117791411042944,0.2516895695939543,4994.75,4766.5,-0.011361930026527856,0.03598027903073531,-0.045981452859350846,0.2882543989640185,1032300.0,1494260.0,0.6908436282842343,7305158460.0,286,False,jpx_liquidity,JPX流動性
186,7186,横浜フィナンシャルグループ,銀行業,プライム,7186.T,2026-08-17,1911.0,-0.01214784181959161,0.039151712887438794,0.0007855459544383603,0.13244444444444436,0.1667820536508111,1879.55,1787.6583333333333,0.01673272857864916,0.06899621944909318,-0.0360655737704918,0.36886228103404933,3217800.0,3787980.0,0.8494765019878668,7159845927.5,286,True,jpx_liquidity,JPX流動性
187,6856,堀場製作所,電気機器,プライム,6856.T,2026-08-17,25540.0,0.01976442403673384,-0.005064277366575776,-0.08245015268546796,0.025496888175065235,0.3298620151002343,25829.0,26497.507682291667,-0.011188973634287058,-0.03613576392815132,-0.11565096952908582,0.6505261665815895,302000.0,272115.0,1.109824890211859,7099304225.0,286,False,jpx_liquidity,JPX流動性
188,9147,ＮＩＰＰＯＮ　ＥＸＰＲＥＳＳホールディングス,陸運業,プライム,9147.T,2026-08-17,5614.0,-0.012315270935960632,0.07961538461538464,0.03426676492262337,0.1485270049099836,0.5347184253690542,5408.15,5254.951725260416,0.038062923550567174,0.06832570373837088,-0.012315270935960632,0.34785653777168374,916000.0,1308590.0,0.6999900656431732,7076622940.0,286,False,jpx_liquidity,JPX流動性
189,3697,ＳＨＩＦＴ,情報・通信業,プライム,3697.T,2026-08-17,902.9000244140625,-0.05564266554789088,0.0072512269332531964,0.32818481998713755,0.3907886744249256,0.3824836291013691,862.9149993896484,736.409999593099,0.04633715377840919,0.22608332982028645,-0.05564266554789088,0.7906343110320014,4487800.0,8778265.0,0.5112399773759393,7044296082.373352,286,True,jpx_liquidity,JPX流動性
190,4704,トレンドマイクロ,情報・通信業,プライム,4704.T,2026-08-17,5352.0,-0.08528456674072804,-0.2049910873440285,-0.1727975270479134,-0.10651085141903172,-0.042747272402074765,6458.45,6216.833333333333,-0.171318195542274,-0.13911155196911607,-0.23169681309216195,0.6911545860822037,4151200.0,938125.0,4.424996668887409,7010140635.0,286,True,jpx_liquidity,JPX流動性
191,2768,双日,卸売業,プライム,2768.T,2026-08-17,5600.0,-0.014778325123152691,-0.011997177134791759,0.0738255033557047,0.006470165348670065,-0.17370233917859002,5432.55,5303.2,0.030823462278303904,0.05596620908130934,-0.19879472705661994,0.3087310656990022,941100.0,1307950.0,0.7195229175427196,7002644320.0,286,False,jpx_liquidity,JPX流動性
192,8593,三菱ＨＣキャピタル,その他金融業,プライム,8593.T,2026-08-17,1385.5,-0.011063526052819461,-0.042170756999654335,-0.01842012043924901,0.039384846211552915,-0.07676324550042701,1434.7,1361.3416666666667,-0.03429288352965776,0.017745973641199564,-0.08728590250329382,0.3055853728154811,3934000.0,4838825.0,0.8130072899929218,6998919772.5,286,True,jpx_liquidity,JPX流動性
193,3402,東レ,繊維製品,プライム,3402.T,2026-08-17,1333.0,-0.015873015873015928,-0.01623616236162362,0.14273467638234028,0.22800552740672497,0.02598269423882904,1225.8,1172.6083333333333,0.08745309185837824,0.13678196044430857,-0.02948671277757553,0.4273081999151351,4031400.0,5501190.0,0.7328232618760668,6992717220.0,286,True,jpx_liquidity,JPX流動性
194,7202,いすゞ自動車,輸送用機器,プライム,7202.T,2026-08-17,2260.5,-0.0022070183182520964,-0.012666521074470416,-0.028786251342642344,0.02238805970149249,-0.1790150796329858,2321.125,2271.8416666666667,-0.026118800150788934,-0.004992278657917071,-0.20981787849725053,0.3492157072083592,1666300.0,2987135.0,0.5578254749115792,6900417805.0,286,False,jpx_liquidity,JPX流動性
195,9962,ミスミグループ本社,卸売業,プライム,9962.T,2026-08-17,3948.0,0.030540328895849678,0.053361792956243326,0.04665959703075284,0.22342733188720176,0.3023655427638534,3732.75,3775.4333333333334,0.057665260196905876,0.04570777747366739,-0.05708144256030567,0.584183287602706,1352700.0,1806140.0,0.7489452644866954,6895082790.0,286,False,jpx_liquidity,JPX流動性
196,8331,千葉銀行,銀行業,プライム,8331.T,2026-08-17,2843.5,0.0053031642213188235,0.06657914478619653,0.055297828910744196,0.2056391774432902,0.24101307877258038,2698.65,2564.475,0.05367498564096862,0.10880394622681067,0.0,0.3738992829369577,1702900.0,2599050.0,0.6552009388045632,6860407420.0,286,False,jpx_liquidity,JPX流動性
197,6330,東洋エンジニアリング,建設業,プライム,6330.T,2026-08-17,2438.0,-0.05868725868725866,0.17664092664092657,0.28654353562005275,0.20932539682539675,-0.35245683930942895,2066.45,2032.2166666666667,0.1798011081806965,0.1996752314795831,-0.3283746556473829,0.8788021444725304,5410900.0,2934615.0,1.8438193766473625,6802215275.0,286,True,jpx_liquidity,JPX流動性
198,5838,楽天銀行,銀行業,プライム,5838.T,2026-08-17,6220.0,0.026911012052170946,0.07668339968841953,0.12011525301638759,0.13503649635036497,-0.2922971896689043,5593.5,5305.466666666666,0.11200500581031547,0.1723756628383304,-0.3155056674369979,0.45455830371747785,1270400.0,1174710.0,1.0814584024993403,6761036350.0,286,False,jpx_liquidity,JPX流動性
199,4182,三菱瓦斯化学,化学,プライム,4182.T,2026-08-17,4226.0,0.05150534958945019,-0.05204127411395243,-0.08070480748314113,-0.1503819863289103,-0.026362691498022728,4244.75,4774.7,-0.004417221273337657,-0.11491821475694808,-0.25401588702559574,0.8698812255756532,2032700.0,1557180.0,1.3053725323983099,6755099135.0,286,True,jpx_liquidity,JPX流動性
200,6141,ＤＭＧ森精機,機械,プライム,6141.T,2026-08-17,3294.0,-0.0027247956403270157,-0.09876880984952119,-0.0814277746793084,0.014474899907606975,0.10778543803598462,3579.95,3538.613517252604,-0.07987541725443092,-0.06912693801116865,-0.15689787560788326,0.6177699246276808,3190200.0,1784700.0,1.7875273155152127,6701889515.0,286,True,jpx_liquidity,JPX流動性
201,7550,ゼンショーホールディングス,小売業,プライム,7550.T,2026-08-17,11360.0,0.0008810572687225626,0.08448687350835327,0.23478260869565215,0.47858909280229067,0.17397665436878063,10190.05,8800.166666666666,0.11481297932787382,0.2908846423363194,-0.0202673566192324,0.4794974102400417,533800.0,653135.0,0.817288921892105,6698898355.0,286,False,jpx_liquidity,JPX流動性
202,9024,西武ホールディングス,陸運業,プライム,9024.T,2026-08-17,3278.0,-0.020908004778972478,-0.01885662975157143,-0.08944444444444444,0.11062171777062502,-0.28379392885097865,3467.1,3215.008333333333,-0.05454125926566866,0.019593002610154064,-0.2966379381787638,0.4274077484485723,1371200.0,1915035.0,0.7160182450973481,6660047675.0,286,False,jpx_liquidity,JPX流動性
203,5805,ＳＷＣＣ,非鉄金属,プライム,5805.T,2026-08-17,14680.0,0.029453015427769902,0.13271604938271597,0.32610659439927736,0.11890243902439024,0.04843510860474054,12039.0,12923.5,0.21937037959963446,0.13591519325260193,-0.22858644245927484,0.6800742973591029,481400.0,542840.0,0.8868174784466878,6643629750.0,286,False,jpx_liquidity,JPX流動性
204,9531,東京瓦斯,電気・ガス業,プライム,9531.T,2026-08-17,6005.0,-0.0016625103906899863,0.0065370432450553295,-0.010056050115397341,-0.09780649038461542,-0.19854184122327578,6104.85,6165.4,-0.016355848219039015,-0.026016154669607716,-0.23014748228459825,0.1502249711244401,761900.0,1095435.0,0.695522783186588,6621879820.0,286,False,jpx_liquidity,JPX流動性
205,6113,アマダ,機械,プライム,6113.T,2026-08-17,2832.5,0.023671846765449978,0.04597488921713433,-0.011861154718297628,0.07048374905517774,0.13839593000533879,2798.25,2914.025,0.012239792727597676,-0.02797676752944811,-0.11484375000000002,0.5658457480638829,2036700.0,2345825.0,0.8682233329425681,6563830212.5,286,False,jpx_liquidity,JPX流動性
206,8303,ＳＢＩ新生銀行,銀行業,プライム,8303.T,2026-08-17,1627.5,0.02005640864932623,0.04932301740812384,0.11625514403292181,0.08499999999999996,-0.12291070536702486,1493.4,1450.9083333333333,0.08979509843310551,0.12171111200454887,-0.1572499119164441,0.37234402216269313,3493200.0,4299385.0,0.81248829774491,6537845567.5,171,True,jpx_liquidity,JPX流動性
207,6278,ユニオンツール,機械,プライム,6278.T,2026-08-17,17160.0,0.048259010384850365,0.04063068526379632,-0.09110169491525422,-0.11500773594636415,0.2834704562453254,16810.5,20535.110286458334,0.020790577317747916,-0.16435803067899835,-0.3507377979568672,1.1827448091080888,216600.0,385055.0,0.5625170430198283,6400113500.0,286,False,jpx_liquidity,JPX流動性
208,6754,アンリツ,電気機器,プライム,6754.T,2026-08-17,3695.0,0.012328767123287676,0.04792966534316512,-0.0578786333503315,-0.1730080572963295,0.48532334031305924,3684.65,4114.016666666666,0.0028089506466013603,-0.10185098909824541,-0.22634003350083753,0.6135391640727543,1076400.0,1746335.0,0.6163765829580236,6387740205.0,286,False,jpx_liquidity,JPX流動性
209,5831,しずおかフィナンシャルグループ,銀行業,プライム,5831.T,2026-08-17,3548.0,0.009962994591517171,0.039554644008203965,0.061322165719413624,0.181091877496671,0.19017197560364174,3318.85,3147.6583333333333,0.06904500052729112,0.12718714176411572,0.0,0.4071989015152218,1663700.0,1917625.0,0.8675835995045955,6385787995.0,286,False,jpx_liquidity,JPX流動性
210,6269,三井海洋開発,機械,プライム,6269.T,2026-08-17,10535.0,0.0023786869647954845,0.02083333333333326,0.06705155474526481,-0.030372756557754288,-0.3118876551273677,10164.7,10005.509912109375,0.03642999793402657,0.05291985041659886,-0.32250803858520904,0.4757754380336002,547200.0,615760.0,0.8886579186696115,6354529035.0,286,False,jpx_liquidity,JPX流動性
211,6806,ヒロセ電機,電気機器,プライム,6806.T,2026-08-17,27065.0,-0.008971072867081653,0.0025930727912575335,-0.009515096065873752,0.15243772620821794,0.26993367005705915,27320.5,27718.333333333332,-0.009351951831042649,-0.02357044074319037,-0.13668261562998407,0.37776987448230487,228400.0,227290.0,1.0048836288442078,6350022750.0,286,False,jpx_liquidity,JPX流動性
212,5110,住友ゴム工業,ゴム製品,プライム,5110.T,2026-08-17,2360.5,-0.015432742440041669,-0.05105527638190954,0.062092238470191186,0.2158125160958022,-0.11954494591570308,2294.95,2183.7549560546877,0.028562713784614058,0.08093629894474574,-0.15470008952551473,0.45930016625302594,1034200.0,2694680.0,0.383793251888907,6198990747.5,286,False,jpx_liquidity,JPX流動性
213,4980,デクセリアルズ,化学,プライム,4980.T,2026-08-17,3199.0,0.0025070510811657787,0.047821814608581814,-0.15303150648662955,-0.21689106487148102,0.3821389155142516,3329.9,3953.65,-0.039310489804498694,-0.19087425543485137,-0.3628759211312488,0.613509257729312,1689400.0,1824685.0,0.9258584358396107,6163984040.0,286,False,jpx_liquidity,JPX流動性
214,6268,ナブテスコ,機械,プライム,6268.T,2026-08-17,4938.0,0.007960808328230318,0.005702647657841231,-0.04524361948955913,-0.07040662650602414,0.11416967509025278,4810.5,5119.503824869792,0.02650452135952608,-0.035453401555844755,-0.15154639175257734,0.6183130048660539,904200.0,1279560.0,0.7066491606489731,6125996260.0,286,False,jpx_liquidity,JPX流動性
215,1878,大東建託,不動産業,プライム,1878.T,2026-08-17,3231.0,-0.001853568118628357,0.005289359054138076,-0.0009276437847866026,-0.038964901844140365,-0.0569369757381486,3284.35,3159.491666666667,-0.016243701188971893,0.022632860243868347,-0.1492890995260664,0.35337114088504934,1119600.0,1847675.0,0.6059507218531398,6065839915.0,286,False,jpx_liquidity,JPX流動性
216,6724,セイコーエプソン,電気機器,プライム,6724.T,2026-08-17,3136.0,-0.01103752759381893,-0.012283464566929081,0.09516326174262257,0.2865641025641026,0.5305913168604532,3028.65,2890.725,0.03544483515757846,0.08484895657663749,-0.03950995405819291,0.376864309704478,1673400.0,1954285.0,0.8562722427895624,5982060857.5,286,False,jpx_liquidity,JPX流動性
217,2587,サントリービバレッジ＆フード,食料品,プライム,2587.T,2026-08-17,4547.0,-0.021729776247848553,-0.02215053763440855,-0.01430739215261223,0.0904076738609112,-0.0699529556146451,4647.35,4476.31865234375,-0.021592950821435974,0.01579006168813346,-0.08141414141414138,0.3148508237965748,803800.0,1280435.0,0.627755411246959,5911557160.0,286,False,jpx_liquidity,JPX流動性
218,6674,ジーエス・ユアサ　コーポレーション,電気機器,プライム,6674.T,2026-08-17,5681.0,0.004953122235980878,0.08706467661691542,-0.037444933920704804,-0.05912553825770117,0.18545206009277249,5601.2,6257.25,0.014246947082767969,-0.09209317192057209,-0.24424637488359713,0.6343012998584912,816500.0,1053370.0,0.7751312454313299,5908165035.0,286,False,jpx_liquidity,JPX流動性
219,268A,リガク・ホールディングス,精密機器,プライム,268A.T,2026-08-17,2111.0,0.01149976042165779,-0.02763703362505754,-0.12261014131338321,-0.11115789473684212,0.5154343144292892,2124.05,2450.854768880208,-0.0061439231656506,-0.13866785302643103,-0.34845679012345676,0.8513640751681746,1295700.0,2834840.0,0.45706283247026286,5837561230.0,286,False,jpx_liquidity,JPX流動性
220,6407,ＣＫＤ,機械,プライム,6407.T,2026-08-17,6220.0,0.011382113821138296,-0.017377567140600347,-0.08124076809453473,-0.022012578616352196,0.20290516494647837,6174.0,6732.0,0.007450599287333937,-0.07605466428995844,-0.2396088019559902,0.9405042690656228,751500.0,939815.0,0.7996254582018801,5827729300.0,286,False,jpx_liquidity,JPX流動性
221,6302,住友重機械工業,機械,プライム,6302.T,2026-08-17,5933.0,-0.010836945648549534,0.00832766825288922,0.13031053534006487,0.15383119408790358,0.06345223158272084,5537.9,5330.794441731771,0.0713447335632642,0.11296731938374927,-0.05540519025632862,0.43568950607793633,518200.0,1053045.0,0.49209672900968143,5809809940.0,286,False,jpx_liquidity,JPX流動性
222,9412,スカパーＪＳＡＴ,情報・通信業,プライム,9412.T,2026-08-17,2365.0,0.005954912803062484,0.012847965738758127,0.008959044368600733,-0.42527339003645204,-0.15015334374282252,2257.25,2887.75,0.04773507586665193,-0.18102328802701062,-0.48249452954048144,0.6975748947873115,1666100.0,2597100.0,0.6415232374571638,5804069725.0,286,False,jpx_liquidity,JPX流動性
223,4324,電通グループ,サービス業,プライム,4324.T,2026-08-17,3510.0,-0.07093700370566436,-0.03967168262653897,0.018572257690075533,0.12463953860942012,0.2238493723849373,3584.5,3291.116666666667,-0.020783930813223606,0.06650731514632824,-0.09395973154362414,0.5259102775742945,2769200.0,1505850.0,1.838961383935983,5779196735.0,286,False,jpx_liquidity,JPX流動性
224,7259,アイシン,輸送用機器,プライム,7259.T,2026-08-17,2241.0,-0.01059602649006619,-0.0075287865367581475,-0.01947057536644059,-0.04881154499151108,-0.20784859474388273,2289.0,2301.8083333333334,-0.020969855832241202,-0.02641763540984088,-0.2232249506028655,0.5070663510816942,1893000.0,2494840.0,0.7587660932163987,5765906332.5,286,False,jpx_liquidity,JPX流動性
225,4768,大塚商会,情報・通信業,プライム,4768.T,2026-08-17,3437.0,-0.027997737556561098,-0.0017426662794074455,0.15142378559463987,0.17968079629311817,0.12137030995106035,3286.575,3003.254679361979,0.045769532111696876,0.1444250877618436,-0.027997737556561098,0.4498428936472382,1100000.0,1757685.0,0.6258231708184345,5762698532.5,286,False,jpx_liquidity,JPX流動性
226,5631,日本製鋼所,機械,プライム,5631.T,2026-08-17,8052.0,0.03059004223729689,0.03977272727272729,0.018080667593880495,0.04004133298889179,-0.10758103613165282,7623.25,7739.75,0.0562424162922639,0.04034368035143254,-0.22133336959761385,0.39222259774274226,619900.0,790370.0,0.7843162063337424,5761893665.0,286,False,jpx_liquidity,JPX流動性
227,4203,住友ベークライト,化学,プライム,4203.T,2026-08-17,7880.0,0.01038594691627126,0.05928216158085764,0.08480176211453738,0.1905121619579997,0.3760745146314246,7163.55,7073.0,0.10001326158119928,0.1140958574862152,0.0,0.6663620064238248,441500.0,789360.0,0.5593138745312658,5719071125.0,286,False,jpx_liquidity,JPX流動性
228,8354,ふくおかフィナンシャルグループ,銀行業,プライム,8354.T,2026-08-17,7751.0,0.0027166882276843385,0.027439024390243816,0.030444030842860847,0.15153766156588921,0.1773863585287121,7512.55,7127.616666666667,0.03174022136291943,0.08746027774595055,-0.0066641035499166446,0.3923299548023528,531700.0,762640.0,0.6971834679534249,5714149680.0,286,False,jpx_liquidity,JPX流動性
229,6728,アルバック,電気機器,プライム,6728.T,2026-08-17,7870.0,-0.16008537886872998,-0.10354254470896462,-0.2362930616205725,-0.14447222524187409,-0.21535393818544368,9019.85,9372.399641927082,-0.1274799470057706,-0.16030042457922444,-0.30477031802120136,0.8994348836327268,2397400.0,555865.0,4.312917704838405,5710283745.0,286,False,jpx_liquidity,JPX流動性
230,8113,ユニ・チャーム,化学,プライム,8113.T,2026-08-17,972.2000122070312,-0.015493658524525333,-0.04965785708012582,0.007670008818087215,0.03701334635416664,-0.10064753727379161,993.7850067138672,953.9798919677735,-0.021719984061955966,0.019099061094123515,-0.11214610757348742,0.31316850207732516,3517100.0,5623680.0,0.6254089848640036,5634324621.043396,286,True,jpx_liquidity,JPX流動性
231,6869,シスメックス,電気機器,プライム,6869.T,2026-08-17,1850.5,-0.03544435757101905,0.12049651831668173,0.1931012250161186,0.3477785870356882,0.4638490705382059,1685.1,1536.6,0.09815441220105647,0.2042821814395419,-0.06540404040404035,0.7950626574478566,1740000.0,3235770.0,0.5377390852872732,5593971185.0,286,False,jpx_liquidity,JPX流動性
232,6586,マキタ,機械,プライム,6586.T,2026-08-17,5331.0,-0.01732718894009222,-0.028607871720116584,-0.0611130679816837,-0.05679405520169856,-0.0887583357808911,5504.95,5612.933333333333,-0.03159883377687356,-0.05022923248687561,-0.11577376015923035,0.4642262398362008,720700.0,1027300.0,0.7015477465200038,5590741825.0,286,False,jpx_liquidity,JPX流動性
233,4021,日産化学,化学,プライム,4021.T,2026-08-17,8158.0,0.02281845536609839,0.08845897264843239,0.03475393201420607,0.1459474645315353,0.2603601726528224,7698.6,7812.366666666667,0.059673187332761835,0.04424182172709079,-0.056551405111599395,0.37433689483406263,498700.0,721395.0,0.6912994961151657,5556185805.0,286,False,jpx_liquidity,JPX流動性
234,4612,日本ペイントホールディングス,化学,プライム,4612.T,2026-08-17,1236.0,-0.002018570851836876,-0.01865819769749899,0.1428571428571428,0.19651500484027107,-0.002018570851836876,1200.15,1096.8461517333985,0.029871266091738402,0.12686724391263993,-0.026388341866876774,0.3015560908323775,2569800.0,4610345.0,0.5573986328571939,5519370377.5,286,False,jpx_liquidity,JPX流動性
235,2875,東洋水産,食料品,プライム,2875.T,2026-08-17,10590.0,-0.0018850141376060003,-0.009354536950420989,0.0037914691943128354,-0.04162895927601806,-0.10837858522061472,10659.75,10482.05,-0.006543305424611234,0.010298558011076153,-0.13183281287302262,0.4035387786551987,285200.0,520460.0,0.5479767897629021,5505766325.0,286,False,jpx_liquidity,JPX流動性
236,9532,大阪瓦斯,電気・ガス業,プライム,9532.T,2026-08-17,5415.0,-0.0014751982297621646,0.0009242144177448175,0.008192142990132156,-0.04463655610444606,-0.15364789926490474,5456.7,5452.15,-0.007641981417340071,-0.006813825738470114,-0.18189763200811349,0.18408573029857644,578000.0,1001205.0,0.5773043482603463,5454168485.0,286,False,jpx_liquidity,JPX流動性
237,5105,ＴＯＹＯ　ＴＩＲＥ,ゴム製品,プライム,5105.T,2026-08-17,3804.0,0.001052631578947416,0.056079955580233154,-0.05349589450111969,0.05344779839379665,-0.1887396033269354,4024.55,3859.224043782552,-0.0548011578934291,-0.014309623684979234,-0.21193287756370416,0.6025581038544026,1377300.0,1353990.0,1.0172157844592649,5402914490.0,286,False,jpx_liquidity,JPX流動性
238,5714,ＤＯＷＡホールディングス,非鉄金属,プライム,5714.T,2026-08-17,9630.0,0.016251582946390952,0.05395644084491624,0.15343154868846565,-0.052631578947368474,0.04003325197175189,8641.2,9113.15,0.11442855159005694,0.05671474737055804,-0.17268041237113407,0.43204550073435766,522000.0,607880.0,0.8587221162071461,5369351365.0,286,False,jpx_liquidity,JPX流動性
239,2269,明治ホールディングス,食料品,プライム,2269.T,2026-08-17,4195.0,-0.012476459510357807,0.020681265206812682,0.1213579256883186,0.1298141664422301,0.1121132353339982,3909.95,3793.8,0.07290374557219415,0.10575148927196998,-0.012476459510357807,0.47310563820627366,762700.0,1354250.0,0.5631899575410744,5310495430.0,286,False,jpx_liquidity,JPX流動性
240,6370,栗田工業,機械,プライム,6370.T,2026-08-17,8499.0,0.00508514664143811,-0.023103448275862082,-0.05282514209294553,-0.007474016115847304,0.07125581796109404,8686.35,8864.666666666666,-0.02156832271322251,-0.04124990599383316,-0.11126215622712543,0.4642969909057461,493600.0,601730.0,0.8203014641118109,5286086475.0,286,False,jpx_liquidity,JPX流動性
241,4506,住友ファーマ,医薬品,プライム,4506.T,2026-08-17,1355.5,-0.012026239067055355,0.04671814671814678,0.028842504743832986,-0.13689907672715695,-0.5369769427839454,1297.825,1410.725,0.04443973571167148,-0.03914653812755842,-0.5378452096829185,0.35010569019529086,2291100.0,4127590.0,0.5550696653495139,5266519505.0,286,False,jpx_liquidity,JPX流動性
242,9042,阪急阪神ホールディングス,陸運業,プライム,9042.T,2026-08-17,4635.0,-0.002582311168495832,0.006514657980456029,-0.014458856049330171,-0.035981697171381,0.002389371830798126,4698.5,4563.266666666666,-0.01351495158029159,0.01571973293985307,-0.09313245940129133,0.3487333866343057,623300.0,1107845.0,0.5626238327563874,5128664915.0,286,False,jpx_liquidity,JPX流動性
243,8304,あおぞら銀行,銀行業,プライム,8304.T,2026-08-17,3428.0,-0.0017472335468841083,0.05185639766799621,0.17056513573501797,0.22933476779630624,0.21863509732138908,3165.875,2904.616666666667,0.08279701504323445,0.180190157048836,-0.0017472335468841083,0.2767446521612183,2041800.0,1554150.0,1.313772801853103,5097466780.0,286,False,jpx_liquidity,JPX流動性
244,429A,テクセンドフォトマスク,その他製品,プライム,429A.T,2026-08-17,3895.0,0.01432291666666674,0.06130790190735702,-0.0012820512820512775,-0.04417177914110426,0.2864030132008961,3905.5,4132.333333333333,-0.0026885161951094583,-0.05743324997983379,-0.24951830443159928,1.037726732464343,399500.0,1340195.0,0.2980909494513858,5090619450.0,203,False,jpx_liquidity,JPX流動性
245,1911,住友林業,建設業,プライム,1911.T,2026-08-17,1329.0,-0.014094955489614258,-0.013363028953229383,-0.0267301354815086,0.045633359559402065,-0.26635385040022086,1346.5,1328.9977294921875,-0.012996658002228045,1.7084361862984565e-06,-0.24809052333804804,0.2584568766283534,2528600.0,3857885.0,0.6554368520575393,5078681177.5,286,False,jpx_liquidity,JPX流動性
246,2897,日清食品ホールディングス,食料品,プライム,2897.T,2026-08-17,2921.0,-0.016663861302810945,-0.0059554194316828735,0.016884247171453426,0.09237097980553477,-0.09053291671398556,2936.0,2797.875,-0.005108991825613085,0.04400661216101498,-0.10322574165314635,0.431149115979597,564800.0,1744900.0,0.3236861711272852,5059080737.5,286,False,jpx_liquidity,JPX流動性
247,3038,神戸物産,卸売業,プライム,3038.T,2026-08-17,2776.5,-0.003052064631956952,-0.021670190274841405,0.03678117998506347,0.006707759245830225,-0.26097950492414157,2763.05,2684.0916666666667,0.004867809123975331,0.03442815850178982,-0.26934210526315794,0.3101656854456498,1051500.0,1802580.0,0.5833305595313384,5004355350.0,286,False,jpx_liquidity,JPX流動性
248,7752,リコー,電気機器,プライム,7752.T,2026-08-17,1635.5,-0.025327771156138268,0.012066831683168244,0.0859893758300132,0.13340263340263347,0.12145104442641674,1591.975,1508.4,0.027340253458754127,0.0842614691063377,-0.025327771156138268,0.34595849222234476,2348300.0,3122700.0,0.7520094789765267,4926191257.5,286,False,jpx_liquidity,JPX流動性
249,3003,ヒューリック,不動産業,プライム,3003.T,2026-08-17,1740.0,-0.009675583380762687,0.0005750431282345314,-0.027932960893854775,0.0017271157167531026,-0.1364764267990074,1772.05,1724.870448811849,-0.018086397110690933,0.008771413063846545,-0.15962327940111087,0.3463147951558881,1729000.0,2784315.0,0.6209785889886741,4926052080.0,286,False,jpx_liquidity,JPX流動性
250,7912,大日本印刷,その他製品,プライム,7912.T,2026-08-17,3319.0,0.0012066365007541435,0.09537953795379539,0.03783614759224507,0.21197735986854127,0.10118996607155673,3098.775,2925.225,0.07106840606368636,0.1346135767334138,0.0,0.3262283692737385,1088500.0,1610220.0,0.6759945845909254,4900086945.0,286,False,jpx_liquidity,JPX流動性
251,5076,インフロニア・ホールディングス,建設業,プライム,5076.T,2026-08-17,2820.5,-0.006166314305849241,0.07920413238951607,0.002309879175550922,0.18883034773445728,0.10219687236174146,2698.525,2657.616666666667,0.04520061885659765,0.061289250393522954,-0.032584462356371136,0.3090973836019933,1113000.0,1824785.0,0.6099348690393663,4867746235.0,286,False,jpx_liquidity,JPX流動性
252,6368,オルガノ,機械,プライム,6368.T,2026-08-17,14770.0,-0.00101454176530269,0.014771556166265798,-0.05229387231312155,-0.10376213592233008,-0.07979321923309857,14592.75,15534.083333333334,0.012146442582789296,-0.04918753922825614,-0.21872520497222958,0.836407749151969,268800.0,331110.0,0.811814804747667,4842349600.0,286,False,jpx_liquidity,JPX流動性
253,4183,三井化学,化学,プライム,4183.T,2026-08-17,2197.0,-0.015460452610351783,0.008955223880596996,0.005491990846681949,0.07801766437683999,-0.047454766625723455,2166.55,2141.5583333333334,0.014054602940158256,0.02588846906652864,-0.058861228729914616,0.24844873118008218,1926200.0,2228320.0,0.8644180369067279,4839283087.5,286,False,jpx_liquidity,JPX流動性
254,5019,出光興産,石油・石炭製品,プライム,5019.T,2026-08-17,1330.0,0.017986988136241777,0.00681302043906129,0.05346534653465351,-0.011887072808320909,-0.03541866360277246,1295.875,1288.8,0.026333558406482105,0.03196772191185593,-0.19831223628691985,0.31617611247615235,2773500.0,3689445.0,0.7517390827075617,4784839807.5,286,False,jpx_liquidity,JPX流動性
255,5830,いよぎんホールディングス,銀行業,プライム,5830.T,2026-08-17,4005.0,0.01034308779011095,0.050354051927615995,0.18211334120425038,0.26460372592358694,0.16254989538136644,3656.6,3318.116666666667,0.09527976809057592,0.20701000065298092,0.0,0.4325406492395429,849100.0,1310035.0,0.6481506219299484,4746782360.0,286,False,jpx_liquidity,JPX流動性
256,5406,神戸製鋼所,鉄鋼,プライム,5406.T,2026-08-17,2002.0,0.00805639476334341,-0.0186274509803922,0.026140440799589992,0.03730569948186524,-0.09874312780248606,2013.3,1953.9583333333333,-0.00561267570655144,0.024586842947009302,-0.10642764238415214,0.26029491568626206,1333700.0,2365300.0,0.5638608210375006,4721612742.5,286,False,jpx_liquidity,JPX流動性
257,6622,ダイヘン,電気機器,プライム,6622.T,2026-08-17,14540.0,0.04529115744069023,0.05133767172812731,-0.0332446808510638,-0.08091024020227555,0.03503443519946825,13995.0,15667.0,0.03894247945694884,-0.07193463968851721,-0.2524421593830334,0.8627513116767035,203300.0,337180.0,0.6029420487573403,4717455000.0,286,False,jpx_liquidity,JPX流動性
258,5844,京都フィナンシャルグループ,銀行業,プライム,5844.T,2026-08-17,5091.0,0.003548196333530429,0.09061696658097684,0.09507420950742085,0.1325917686318132,0.4284694769274906,4658.25,4606.983333333334,0.09289969409112864,0.10506151892597826,0.0,0.3474042106299234,711100.0,1018140.0,0.6984304712514978,4693441155.0,286,False,jpx_liquidity,JPX流動性
259,7762,シチズン時計,精密機器,プライム,7762.T,2026-08-17,2801.0,0.01817520901490366,0.170497283744254,0.2350088183421517,0.32184992921189237,0.6483838744843367,2348.8,2317.25,0.19252384196185268,0.208760384075952,0.0,0.5489702118766276,6045300.0,1672130.0,3.6153289516963394,4678382225.0,286,True,jpx_liquidity,JPX流動性
260,3778,さくらインターネット,情報・通信業,プライム,3778.T,2026-08-17,3800.0,-0.018087855297157618,0.10465116279069764,0.2991452991452992,0.339443073669369,0.27546402616681065,3223.45,3014.1,0.17886115807597447,0.2607411831060682,-0.04040404040404044,0.6800130370929403,1450200.0,1401245.0,1.0349367883560692,4678138465.0,286,False,jpx_liquidity,JPX流動性
261,9005,東急,陸運業,プライム,9005.T,2026-08-17,1634.0,-0.003050640634533197,-0.021556886227544925,-0.06788362806617232,-0.005780346820809301,-0.17560677676577907,1718.275,1688.6583333333333,-0.049046281881538256,-0.03236790548709778,-0.17498770253073614,0.23069241210618274,2805900.0,2652210.0,1.0579479000531633,4610125442.5,286,False,jpx_liquidity,JPX流動性
262,7181,かんぽ生命保険,保険業,プライム,7181.T,2026-08-17,1681.5,-0.009133765468473776,-0.059563758389261756,0.014479638009049722,0.08940719144800768,0.046269391326539955,1720.775,1594.5916666666667,-0.02282401824759195,0.054501936232368875,-0.06349206349206349,0.4541847730155507,1986300.0,2676930.0,0.7420067017068059,4607308787.5,286,False,jpx_liquidity,JPX流動性
263,7167,めぶきフィナンシャルグループ,銀行業,プライム,7167.T,2026-08-17,1671.0,0.007536930961712374,0.057594936708860844,0.1080901856763925,0.1855267825470024,0.3099316892240074,1540.6,1461.725,0.08464234713747887,0.14316988489626992,0.0,0.42133107276424697,1885100.0,3011710.0,0.6259234786881871,4575041305.0,286,False,jpx_liquidity,JPX流動性
264,3064,ＭｏｎｏｔａＲＯ,小売業,プライム,3064.T,2026-08-17,1800.5,-0.03276927209239855,-0.06443232008313848,-0.0855764347384459,-0.05236842105263162,-0.0841810783316378,1930.975,1887.840663655599,-0.06756949209596186,-0.046264849220099546,-0.1480955760586704,0.4018144366890851,2142900.0,2294805.0,0.9338048330903933,4496370482.5,286,False,jpx_liquidity,JPX流動性
265,8050,セイコーグループ,精密機器,プライム,8050.T,2026-08-17,11180.0,-0.00267618198037467,0.21919302071973834,0.4444444444444444,0.8357963875205254,1.098516241278996,8792.5,7834.833333333333,0.2715382428205857,0.42696079474143245,-0.005338078291814985,0.8637429698072556,415300.0,480000.0,0.8652083333333334,4492974450.0,286,False,jpx_liquidity,JPX流動性
266,9616,共立メンテナンス,サービス業,プライム,9616.T,2026-08-17,3206.0,-0.021964612568639463,-0.07126303592120509,0.05011464133639043,0.277799920286967,0.19709396199280338,3295.9,2953.3416666666667,-0.02727631299493316,0.08554998433977334,-0.07687877915346963,0.30776266248479545,1178900.0,1344445.0,0.8768674062531379,4490438580.0,286,False,jpx_liquidity,JPX流動性
267,6952,カシオ計算機,電気機器,プライム,6952.T,2026-08-17,2399.0,-0.023208469055374548,0.08971156029979555,0.32067162124965587,0.5497416020671835,0.532380119254035,2048.075,1904.9083333333333,0.17134382285804972,0.25937818530200496,-0.035965441028732115,0.8908592663669833,1652200.0,2017440.0,0.8189586803077167,4475061672.5,286,False,jpx_liquidity,JPX流動性
268,3231,野村不動産ホールディングス,不動産業,プライム,3231.T,2026-08-17,915.2999877929688,-0.003917767467020439,0.012724054166102006,-0.039458532540403546,-0.022219835846005065,-0.1475576462381356,933.65,927.0349985758463,-0.019654059023222037,-0.012658649135043887,-0.19558773264821872,0.2682802238191302,3873700.0,4738490.0,0.8174967130879246,4465426775.826416,286,True,jpx_liquidity,JPX流動性
269,6448,ブラザー工業,電気機器,プライム,6448.T,2026-08-17,4618.0,-0.02655986509274877,0.012497259372944436,0.20385818561001035,0.3366136034732272,0.49447760005359953,4191.35,3892.5666666666666,0.10179297839598211,0.1863637531363196,-0.02655986509274877,0.3975001178198495,944800.0,1035355.0,0.9125372456790183,4458732595.0,286,False,jpx_liquidity,JPX流動性
270,4680,ラウンドワン,サービス業,プライム,4680.T,2026-08-17,1299.0,-0.03023516237402013,-0.02110022607385076,-0.009531071292413262,0.5166374781085814,0.28343320234157,1257.925,1129.6749532063802,0.03265298010612727,0.1498882898244498,-0.0483516483516484,0.5067116590043114,2258000.0,3494985.0,0.6460685811240964,4448504472.5,286,False,jpx_liquidity,JPX流動性
271,9684,スクウェア・エニックス・ホールディングス,情報・通信業,プライム,9684.T,2026-08-17,2886.0,-0.01518512199283395,0.04206535475717632,0.15486194477791115,0.056562328390993954,0.16963159599190591,2730.225,2582.6666666666665,0.057055737164519504,0.1174496644295302,-0.029589778076664408,0.47795727189104953,1351300.0,1549620.0,0.8720202372194473,4420787060.0,286,False,jpx_liquidity,JPX流動性
272,3197,すかいらーくホールディングス,小売業,プライム,3197.T,2026-08-17,3165.0,-0.028545119705340682,0.0006323110970598567,0.053946053946053896,0.10374891020052313,-0.1345365053322395,3137.35,2910.565987141927,0.00881317035077367,0.08741736623807594,-0.14804845222072682,0.38243234828226064,1360200.0,1386425.0,0.9810844438033071,4399656190.0,286,False,jpx_liquidity,JPX流動性
273,4204,積水化学工業,化学,プライム,4204.T,2026-08-17,2652.5,-0.015221830332281416,-0.011920283106723772,-0.004503659223118794,0.15804409517572582,-0.11791557802963004,2673.65,2541.866666666667,-0.007910534288332438,0.043524443978178784,-0.11675833634192834,0.2056897591518792,1278100.0,1653985.0,0.7727397769629107,4397676760.0,286,False,jpx_liquidity,JPX流動性
274,3405,クラレ,化学,プライム,3405.T,2026-08-17,1851.0,-0.016210470369386165,-0.05295471987720646,0.04783470138692336,0.15470991890205865,0.017032967032966972,1855.375,1736.0277180989583,-0.0023580138785960214,0.06622721555790734,-0.05295471987720646,0.29062185284423986,1539200.0,2291305.0,0.6717569245473649,4337980287.5,286,False,jpx_liquidity,JPX流動性
275,5938,ＬＩＸＩＬ,金属製品,プライム,5938.T,2026-08-17,1746.0,-0.008517887563884163,-0.0380165289256198,-0.07472178060413359,0.06528370957901153,-0.038532166334799944,1813.7,1777.9583333333333,-0.03732701108231795,-0.017974736940779446,-0.09580528223718277,0.3818807962376424,1750100.0,2379095.0,0.7356158539276489,4314357262.5,286,False,jpx_liquidity,JPX流動性
276,3092,ＺＯＺＯ,小売業,プライム,3092.T,2026-08-17,1111.5,-0.025854513584574912,-0.03263707571801566,-0.06321112515802785,0.09077526987242401,0.030889756686953707,1152.85,1118.1033335367838,-0.03586763238929602,-0.005905834763855089,-0.09228256431196402,0.32802815204666563,2548600.0,3801905.0,0.6703481544120645,4309342435.0,286,False,jpx_liquidity,JPX流動性
277,8359,八十二長野銀行,銀行業,プライム,8359.T,2026-08-17,2721.5,0.008710155670867303,0.043920214806290714,0.04612723428791088,0.15808510638297868,0.36350664025584933,2589.25,2469.2833333333333,0.05107656657333215,0.10214164703658968,0.0,0.3996883915636251,1035900.0,1677315.0,0.6175941907155186,4306313377.5,286,False,jpx_liquidity,JPX流動性
278,2579,コカ・コーラ　ボトラーズジャパンホールディングス,食料品,プライム,2579.T,2026-08-17,3869.0,-0.02740070387129212,-0.03371628371628377,-0.08469363614856873,0.09883555808009081,-0.055189255189255215,4103.75,3981.2318806966146,-0.05720377703320134,-0.02819023961924494,-0.15726421258984968,0.6040765548839289,578900.0,1059265.0,0.5465110241535405,4286302835.0,286,False,jpx_liquidity,JPX流動性
279,4527,ロート製薬,医薬品,プライム,4527.T,2026-08-17,2750.0,-0.023264073876753666,-0.0393013100436681,0.13052415210688584,0.09300476947535774,0.14236454450952052,2522.375,2442.1583333333333,0.09024233113632985,0.12605311558423393,-0.0393013100436681,0.814556248403049,779900.0,1643585.0,0.4745115099006136,4270250387.5,286,False,jpx_liquidity,JPX流動性
280,7747,朝日インテック,精密機器,プライム,7747.T,2026-08-17,4103.0,0.059112028910686565,0.11222553537544044,0.18310265282583615,0.11767910651048763,0.38849407783417944,3658.1,3655.4140421549478,0.12162051338126356,0.12244466774034457,0.0,0.39100361502077274,3334100.0,1016655.0,3.2794802563308103,4254783235.0,286,True,jpx_liquidity,JPX流動性
281,7211,三菱自動車工業,輸送用機器,プライム,7211.T,2026-08-17,348.0,0.015169231015760065,-0.0034364609538438673,-0.10585819865060886,-0.053576316434657434,-0.20699811611648788,361.19000244140625,349.0783335367839,-0.03651818254173855,-0.0030890875576792265,-0.20965919239061437,0.4613298504967094,8029200.0,12350400.0,0.6501165954139138,4224135276.748047,286,True,jpx_liquidity,JPX流動性
282,8377,ほくほくフィナンシャルグループ,銀行業,プライム,8377.T,2026-08-17,8577.0,-0.0017458100558659373,0.06506891841549733,0.13138108428967166,0.26113806793118655,0.42794701465626095,7800.45,7127.316666666667,0.09955194892602348,0.20339819333596787,-0.0017458100558659373,0.5429019838630345,552700.0,531525.0,1.0398382014016274,4202256665.0,286,False,jpx_liquidity,JPX流動性
283,6135,牧野フライス製作所,機械,プライム,6135.T,2026-08-17,16430.0,0.07035830618892502,0.12534246575342456,0.12765957446808507,0.23626787057938303,0.44034858101310115,14692.0,14506.666666666666,0.11829567111353123,0.13258272058823528,0.0,0.4254068722561081,356800.0,272420.0,1.3097423096688936,4177937750.0,286,True,jpx_liquidity,JPX流動性
284,2282,日本ハム,食料品,プライム,2282.T,2026-08-17,6306.0,-0.00015855398763275907,0.032078559738134116,0.024865919063871367,0.012199036918137951,-0.06573479509039915,6236.8,6107.516666666666,0.011095433555669443,0.032498205762844234,-0.1491026851976791,0.41093951835910797,433400.0,672190.0,0.6447581784912004,4159494090.0,286,False,jpx_liquidity,JPX流動性
285,4722,フューチャー,情報・通信業,プライム,4722.T,2026-08-17,2445.0,0.00040916530278223284,-0.00040883074407194187,0.13720930232558137,0.5563335455124125,0.3426688632619439,2373.7,1856.777870686849,0.030037494207355575,0.31679725324147645,-0.0016333197223356022,0.3467517444160749,1243800.0,1728850.0,0.7194377765566706,4151480975.0,286,False,jpx_liquidity,JPX流動性
286,5214,日本電気硝子,ガラス・土石製品,プライム,5214.T,2026-08-17,5194.0,0.00952380952380949,0.05397727272727271,-0.0988896599583623,-0.21087815253722275,-0.1327433628318584,5193.35,5957.012060546875,0.0001251600604619263,-0.12808637162249215,-0.3662762323084432,0.7526966028221834,459300.0,813430.0,0.564646005187908,4115069950.0,286,False,jpx_liquidity,JPX流動性
287,7701,島津製作所,精密機器,プライム,7701.T,2026-08-17,4156.0,-0.015399194503672109,0.019127023050514946,-0.011182488698548654,0.12324324324324332,0.01762612472265279,4137.25,4005.7,0.0045319958909904035,0.03752153181716067,-0.03606829921279464,0.2520172298184524,641600.0,999085.0,0.6421876016555148,4104522565.0,286,False,jpx_liquidity,JPX流動性
288,3132,マクニカホールディングス,卸売業,プライム,3132.T,2026-08-17,3760.0,-0.010005265929436513,0.038387185860259576,0.1393939393939394,0.18949699462195513,0.4077056477194898,3454.45,3313.6666666666665,0.08845112825485968,0.13469469872246265,-0.02236089443577738,0.8084278770120449,424400.0,1211330.0,0.35035869663923125,4100618505.0,286,False,jpx_liquidity,JPX流動性
289,2737,トーメンデバイス,卸売業,プライム,2737.T,2026-08-17,32550.0,0.03662420382165599,0.13020833333333326,1.0229956494717216,1.1613545816733066,1.5539354820814508,23575.0,18324.0,0.38069989395546133,0.7763588736083824,-0.025449101796407136,1.604812913729076,69100.0,154685.0,0.44671429033196497,4080852950.0,286,False,jpx_liquidity,JPX流動性
290,2871,ニチレイ,食料品,プライム,2871.T,2026-08-17,2159.0,-0.013479552204706424,-0.03031664046710081,0.06538366641993587,0.1576407506702413,0.06481441289182888,2188.025,2085.75,-0.013265387735515,0.035119261656478384,-0.08283772302463888,0.37285845913895216,1141800.0,2105295.0,0.5423467970046953,4069438005.0,286,False,jpx_liquidity,JPX流動性
291,4042,東ソー,化学,プライム,4042.T,2026-08-17,2733.0,-0.006181818181818177,0.004041146216017699,-0.011394465545306542,0.04293073840870054,0.051571824625679774,2740.225,2790.266666666667,-0.002636644801065624,-0.02052372533091229,-0.10275771503611297,0.2195585340015838,755300.0,1499055.0,0.5038507593116998,4045494182.5,286,False,jpx_liquidity,JPX流動性
292,3088,マツキヨココカラ＆カンパニー,小売業,プライム,3088.T,2026-08-17,2477.5,-0.015302066772654999,-0.004820245029122261,0.003239522170479958,0.10528663841177788,-0.02996581120435826,2509.45,2407.9416666666666,-0.012731873518101455,0.028887050835257,-0.07968053491827642,0.3347169364727954,1299600.0,1609920.0,0.8072450805008945,4035776612.5,286,False,jpx_liquidity,JPX流動性
293,4528,小野薬品工業,医薬品,プライム,4528.T,2026-08-17,2408.5,-0.008847736625514413,0.01176223482461669,0.02642233113147241,-0.015331152902698264,-0.04548556000760107,2400.275,2360.025,0.0034266906916915474,0.02054003665215398,-0.08510090935176107,0.25386369845275325,1556000.0,1674085.0,0.9294629603634224,4015266787.5,286,False,jpx_liquidity,JPX流動性
294,7220,武蔵精密工業,輸送用機器,プライム,7220.T,2026-08-17,3685.0,0.016551724137930934,0.10164424514200299,0.09347181008902083,-0.28861003861003864,0.5445509863425713,3279.5,4654.583333333333,0.12364689739289525,-0.20830722406230417,-0.6216632443531828,0.6215007252732117,631600.0,1273085.0,0.4961176983469289,3992544825.0,286,False,jpx_liquidity,JPX流動性
295,2267,ヤクルト本社,食料品,プライム,2267.T,2026-08-17,2840.5,-0.01422870032968937,-0.0035081564637783336,0.018465399784869163,0.027305605786618337,0.11600478182744434,2827.775,2769.2166666666667,0.004500004420436632,0.02574133479383467,-0.07985098801425328,0.260534044570277,1160100.0,1400935.0,0.8280898114473548,3980217487.5,286,False,jpx_liquidity,JPX流動性
296,6254,野村マイクロ・サイエンス,機械,プライム,6254.T,2026-08-17,3960.0,0.01538461538461533,-0.06272189349112423,-0.06823529411764706,-0.13631406761177756,0.2835325506024946,4014.5,4415.083333333333,-0.013575787769336212,-0.10307468715199786,-0.273394495412844,1.0042691155675494,382800.0,1014105.0,0.37747570517845785,3976220075.0,286,False,jpx_liquidity,JPX流動性
297,7826,フルヤ金属,その他製品,プライム,7826.T,2026-08-17,9160.0,0.07638072855464162,0.15656565656565657,0.31232091690544417,-0.028632025450689325,0.3431085043988269,7206.5,8013.003141276042,0.2710747242073128,0.1431419454730556,-0.14711359404096835,0.9802976230067065,470000.0,533825.0,0.8804383458998736,3973879450.0,286,True,jpx_liquidity,JPX流動性
298,9435,光通信,情報・通信業,プライム,9435.T,2026-08-17,38140.0,-0.011404872991187198,-0.0498256103637269,0.011134676564156898,0.022246046636290595,-0.09145885680686106,38895.0,37134.046484375,-0.01941123537729783,0.027089789852239088,-0.13317658522796483,0.3163936022653187,156200.0,97390.0,1.6038607659924018,3946666500.0,286,False,jpx_liquidity,JPX流動性
299,8233,高島屋,小売業,プライム,8233.T,2026-08-17,2245.0,-0.023913043478260843,-0.023700804522722385,-0.09965911369560854,0.13670886075949373,-0.03341605506578549,2311.55,2248.116666666667,-0.028790205706128003,-0.0013863456078051506,-0.1372021521906226,0.3981242450183516,1623200.0,1750540.0,0.9272567322083471,3906790747.5,286,False,jpx_liquidity,JPX流動性
300,7731,ニコン,精密機器,プライム,7731.T,2026-08-17,2010.0,-0.017355169885113653,0.004246814888833272,-0.1251360174102285,0.022640549478504246,0.03868603874533494,2041.525,2070.1583333333333,-0.015441887804459986,-0.029059774010844586,-0.13604126370083813,0.5510870135613903,1309900.0,1940290.0,0.675105267769251,3869129485.0,286,False,jpx_liquidity,JPX流動性
301,4971,メック,化学,プライム,4971.T,2026-08-17,7970.0,0.05702917771883298,-0.09943502824858752,-0.07433217189314756,-0.2053838484546361,0.1418338108882522,8360.5,9650.887483723958,-0.046707732791100964,-0.17416921361467985,-0.31283604498803463,1.0927955840891899,666300.0,450195.0,1.4800253223603106,3860065750.0,286,True,jpx_liquidity,JPX流動性
302,3626,ＴＩＳＩ,情報・通信業,プライム,3626.T,2026-08-17,3745.0,-0.02676715176715172,0.011069114470842356,0.07893978680495528,0.046966731898238745,0.19321473621194896,3687.35,3428.5666666666666,0.01563453428614059,0.09229318374053297,-0.04925107895404923,0.3612694674327706,782600.0,1042845.0,0.7504470942469879,3850338620.0,286,False,jpx_liquidity,JPX流動性
303,6770,アルプスアルパイン,電気機器,プライム,6770.T,2026-08-17,2205.0,-0.0024881248586292593,0.055276381909547645,0.03569751056834192,0.02486637229839639,0.003873028681752988,2159.35,2127.525,0.021140621020214523,0.03641555328374513,-0.06824424255229244,0.38863744646568177,899800.0,1792860.0,0.5018796782793972,3845847852.5,286,False,jpx_liquidity,JPX流動性
304,3289,東急不動産ホールディングス,不動産業,プライム,3289.T,2026-08-17,1317.5,-0.0026495079485238104,0.003809523809523707,-0.010514457378896003,0.0,-0.12952692238114505,1329.825,1311.675,-0.009268136784915337,0.004440886652562703,-0.14476917398484845,0.2503067093750963,1338000.0,2943460.0,0.4545670741236504,3841081995.0,286,False,jpx_liquidity,JPX流動性
305,6999,ＫＯＡ,電気機器,プライム,6999.T,2026-08-17,2574.0,0.017391304347825987,0.059259259259259345,0.06583850931677016,0.19720930232558143,0.5658885323522924,2428.9,2618.8,0.059738976491415796,-0.017107071941347196,-0.16156351791530943,1.0005178260940464,354000.0,1533550.0,0.23083694695314794,3824324985.0,286,False,jpx_liquidity,JPX流動性
306,4043,トクヤマ,化学,プライム,4043.T,2026-08-17,4270.0,0.006126295947219695,0.0608695652173914,-0.08447684391080612,-0.025336681123031224,0.02408202249454172,4204.35,4691.333333333333,0.01561477993031013,-0.08981099900525791,-0.2404838135894699,0.5025592449351722,544600.0,910855.0,0.5978997754856701,3730603085.0,286,False,jpx_liquidity,JPX流動性
307,7951,ヤマハ,その他製品,プライム,7951.T,2026-08-17,1326.0,-0.02248433468485067,-0.03703703703703709,0.0851063829787233,0.19083969465648853,0.11543931558352827,1288.75,1188.4166666666667,0.028903976721629476,0.11577028258887867,-0.056899004267425335,0.34518616445046263,2101800.0,2847560.0,0.7381056062032055,3694281627.5,286,False,jpx_liquidity,JPX流動性
308,9831,ヤマダホールディングス,小売業,プライム,9831.T,2026-08-17,685.2000122070312,-0.011112731903195727,0.016315633047811584,0.008982531056389131,0.142000020345052,0.24239978468334522,705.0549987792969,668.840000406901,-0.02816090461969878,0.024460277181653778,-0.10407946764701725,0.35448315747121556,2759500.0,5345490.0,0.5162295692256463,3685834223.6087036,286,False,jpx_liquidity,JPX流動性
309,6941,山一電機,電気機器,プライム,6941.T,2026-08-17,9040.0,0.07875894988066823,0.11604938271604937,-0.012021857923497303,0.13997477931904156,0.09383249271996208,8688.0,9153.5,0.04051565377532218,-0.012399628557382414,-0.19572953736654808,1.1307526263116199,393400.0,414200.0,0.9497827136648962,3639297150.0,286,True,jpx_liquidity,JPX流動性
310,4631,ＤＩＣ,化学,プライム,4631.T,2026-08-17,5567.0,0.018477863154043206,0.19003847798204365,0.22083333333333344,0.20315539226280532,0.30772844726333104,4755.6,4821.955086263021,0.17061990074859112,0.1545109608879378,-0.019030837004405332,0.6271848641216413,879900.0,709060.0,1.2409387075846896,3628780100.0,286,False,jpx_liquidity,JPX流動性
311,6996,ニチコン,電気機器,プライム,6996.T,2026-08-17,3000.0,0.007387508394895992,0.037703216879972246,-0.07120743034055732,-0.040000000000000036,0.4606961819698405,2940.8,3634.4333333333334,0.020130576713819348,-0.1745618299047078,-0.37106918238993714,0.9027893219260986,507100.0,1253595.0,0.40451661022898144,3613084305.0,286,False,jpx_liquidity,JPX流動性
312,1963,日揮ホールディングス,建設業,プライム,1963.T,2026-08-17,2355.5,0.004477611940298498,0.03085339168490142,0.0376651982378855,-0.1209180817316664,0.038371560534009586,2288.925,2472.5833333333335,0.02908570617211126,-0.04735263388493827,-0.1772616136919315,0.29372430971393215,1331100.0,1576330.0,0.8444297831037917,3568582072.5,286,False,jpx_liquidity,JPX流動性
313,6101,ツガミ,機械,プライム,6101.T,2026-08-17,6240.0,0.006451612903225712,0.07401032702237531,-0.1333333333333333,0.05050505050505061,0.633869468487285,6256.5,6828.333333333333,-0.002637257252457448,-0.08616060532096648,-0.23716381418092913,0.7276755149396835,273400.0,580070.0,0.4713224266036858,3531638300.0,286,False,jpx_liquidity,JPX流動性
314,4208,ＵＢＥ,化学,プライム,4208.T,2026-08-17,3653.0,-0.0002736726874658091,0.09044776119402975,0.11134773349558857,0.1992777413000657,0.3160213793947195,3328.3,3179.15,0.09755731154042602,0.14904927417705993,-0.0002736726874658091,0.3156121605718698,738100.0,1061695.0,0.6952090760529154,3527068110.0,286,False,jpx_liquidity,JPX流動性
315,8253,クレディセゾン,その他金融業,プライム,8253.T,2026-08-17,4705.0,-0.006335797254487852,-0.006125897760878796,0.009223509223509119,0.11466477138118925,0.01312127387080464,4647.05,4440.416666666667,0.012470276842297734,0.0595852491320259,-0.02869529314616015,0.2776509063639013,798000.0,747260.0,1.0679013997805316,3527051570.0,286,False,jpx_liquidity,JPX流動性
316,3861,王子ホールディングス,パルプ・紙,プライム,3861.T,2026-08-17,861.7999877929688,-0.015760607786374115,-0.027204013948451622,0.027542595981547846,0.08648509144000416,-0.10815708836291471,871.6099975585937,821.6083323160807,-0.011255045023695343,0.048918266643656505,-0.10924037511788443,0.2113340970650833,3052200.0,3991175.0,0.7647372014507006,3491899904.9713135,286,True,jpx_liquidity,JPX流動性
317,6997,日本ケミコン,電気機器,プライム,6997.T,2026-08-17,3150.0,-0.004739336492891044,-0.0031645569620253333,-0.1322314049586777,0.07765993841943208,0.9217407196071798,3106.75,4182.75,0.013921300394302838,-0.24690693921463147,-0.47324414715719065,1.170698872973931,421700.0,1173435.0,0.3593722703004427,3474718440.0,286,False,jpx_liquidity,JPX流動性
318,5301,東海カーボン,ガラス・土石製品,プライム,5301.T,2026-08-17,1792.5,-0.0025041736227044975,0.03373702422145319,0.08900364520048609,0.0966656469868461,0.7104007633587786,1660.975,1710.6789835611978,0.07918541820316394,0.04782955611488937,-0.056330613319294565,0.41166889847810584,850200.0,2086815.0,0.40741512783835654,3439360227.5,286,False,jpx_liquidity,JPX流動性
319,4368,扶桑化学工業,化学,プライム,4368.T,2026-08-17,3520.0,0.024745269286754024,-0.07611548556430447,-0.13725490196078427,-0.11335012594458438,0.1736533945739922,3730.25,4091.4166666666665,-0.05636351450975141,-0.1396623011589303,-0.2808988764044944,0.8894310350893896,646900.0,920485.0,0.7027816857417557,3422628225.0,286,False,jpx_liquidity,JPX流動性
320,6508,明電舎,電気機器,プライム,6508.T,2026-08-17,12660.0,0.023443815683104274,0.16682027649769582,0.4402730375426622,0.18097014925373145,0.7177946789977332,10058.5,9854.333333333334,0.25863697370383254,0.2847140006088691,0.0,0.7683765825523958,283600.0,324935.0,0.8727899426039054,3406746900.0,286,False,jpx_liquidity,JPX流動性
321,9506,東北電力,電気・ガス業,プライム,9506.T,2026-08-17,1257.0,0.0023923444976077235,0.03286770747740353,0.11042402826855113,0.2269399707174231,6.400118096250296e-05,1188.4,1091.6916666666666,0.057724671827667384,0.15142401319053778,-0.03322099217674046,0.17829930683348008,2206800.0,2841390.0,0.7766621266352032,3370865050.0,286,False,jpx_liquidity,JPX流動性
322,4061,デンカ,化学,プライム,4061.T,2026-08-17,3606.0,0.019796380090497667,0.008671328671328693,-0.06556102617258353,-0.07133659541591553,0.1452786933091863,3567.15,3945.266666666667,0.010891047474874904,-0.08599334223288668,-0.2045003309066843,0.6371433602114057,768800.0,931840.0,0.8250343406593407,3357679820.0,286,False,jpx_liquidity,JPX流動性
323,1969,高砂熱学工業,建設業,プライム,1969.T,2026-08-17,4373.0,0.008068234209313019,0.0629557608167235,-0.06579790643024996,0.047927150730889156,-0.10571400555150257,4312.1,4617.516666666666,0.014123049094408646,-0.05295414923606123,-0.15680148666642757,0.4513344877524118,737500.0,758865.0,0.9718461122861115,3324482885.0,286,False,jpx_liquidity,JPX流動性
324,1893,五洋建設,建設業,プライム,1893.T,2026-08-17,1464.5,0.018074383037886665,-0.02334111370456815,-0.09037267080745337,-0.14829892410584478,-0.2872340387609933,1508.45,1634.6666666666667,-0.029135867943915983,-0.1040986949429038,-0.3237127684137613,0.4487122900633644,1934100.0,2164230.0,0.8936665696344659,3268351190.0,286,False,jpx_liquidity,JPX流動性
325,8804,東京建物,不動産業,プライム,8804.T,2026-08-17,3360.0,-0.006798699379249151,-0.020979020979020935,-0.02410688353180368,0.05461393596986808,-0.17687408133268,3404.35,3317.9658081054686,-0.013027450174042055,0.012668663369539868,-0.2318244170096022,0.2943999423754689,563100.0,971120.0,0.5798459510668095,3250896255.0,286,False,jpx_liquidity,JPX流動性
326,3391,ツルハホールディングス,小売業,プライム,3391.T,2026-08-17,2371.0,-0.013932210438760695,-0.01720207253886008,0.007649808754781162,0.11471556182416554,-0.11699320661612089,2422.125,2195.225,-0.02110749858079164,0.0800715188648089,-0.13205719604602106,0.2838011661457573,1181300.0,1349130.0,0.875601313439031,3227772065.0,286,False,jpx_liquidity,JPX流動性
327,2501,サッポロビール,食料品,プライム,2501.T,2026-08-17,1952.0,-0.04780487804878053,-0.004081632653061273,-0.022289005760080194,0.16921233902365973,0.1221615406726071,2008.575,1871.009092203776,-0.02816673512315948,0.04328728712955021,-0.0975496994914471,0.40645173887154934,1593300.0,1563850.0,1.0188317293858107,3226674607.5,286,False,jpx_liquidity,JPX流動性
328,9023,東京地下鉄,陸運業,プライム,9023.T,2026-08-17,1445.5,-0.011623931623931605,-0.015997277059223936,-0.015326975476839255,-0.0408095554080955,-0.13892657414382115,1460.325,1429.075,-0.010151849759471365,0.011493448559382724,-0.14270763259014374,0.21264335505052787,1474300.0,2175080.0,0.677814149364621,3214597487.5,286,False,jpx_liquidity,JPX流動性
329,3498,霞ヶ関キャピタル,不動産業,プライム,3498.T,2026-08-17,7970.0,-0.019680196801967975,0.027061855670102997,0.15340086830680177,0.35775127768313464,0.05145118733509224,7522.0,6708.833333333333,0.059558628024461546,0.18798598862196614,-0.019680196801967975,0.34190249737791867,262800.0,436845.0,0.601586375030045,3168928000.0,286,False,jpx_liquidity,JPX流動性
330,9064,ヤマトホールディングス,陸運業,プライム,9064.T,2026-08-17,1948.0,-0.011669203450025423,0.006458279514337306,-0.010162601626016232,0.09009513150531623,0.05540625990599768,2004.975,1893.9583333333333,-0.028416813177221667,0.028533714662853482,-0.10642201834862386,0.3305281970834885,994600.0,1562945.0,0.6363627638848456,3164903325.0,286,False,jpx_liquidity,JPX流動性
331,6460,セガサミーホールディングス,機械,プライム,6460.T,2026-08-17,2730.0,-0.002375296912114022,-0.014262502256725096,0.10014104372355437,0.18592528236316253,0.0840980474449955,2683.475,2424.25,0.017337593977957644,0.12612148087037234,-0.06554851959609787,0.4653353157503464,769200.0,1201730.0,0.6400772220049429,3159042575.0,286,False,jpx_liquidity,JPX流動性
332,6471,日本精工,機械,プライム,6471.T,2026-08-17,1183.5,0.0072340425531916,0.00852151682999569,0.03407601572739183,0.014573510501500131,-0.06410699216494331,1146.85,1165.9166666666667,0.031957099882286455,0.015081123579443911,-0.1471646343662525,0.34661375329567373,939700.0,2798365.0,0.3358032279563245,3140230972.5,286,False,jpx_liquidity,JPX流動性
333,2767,円谷フィールズホールディングス,卸売業,プライム,2767.T,2026-08-17,2403.0,-0.02830570157703194,-0.04186602870813394,0.6258457374830853,0.6982332155477031,0.5879936581496117,2124.85,1634.6166666666666,0.1309033578840859,0.47006943523965883,-0.04186602870813394,1.1523339470330958,850600.0,1333100.0,0.6380616607906383,3125372490.0,286,False,jpx_liquidity,JPX流動性
334,9508,九州電力,電気・ガス業,プライム,9508.T,2026-08-17,1855.0,-0.009345794392523366,0.033714126497631725,0.049801924165251865,0.09698403311649906,-0.044464023908521,1812.8,1713.6166666666666,0.023278905560458973,0.08250581129579748,-0.06628857363932317,0.23046079880637618,1101300.0,1717120.0,0.6413646105106224,3120711492.5,286,False,jpx_liquidity,JPX流動性
335,4613,関西ペイント,化学,プライム,4613.T,2026-08-17,2924.5,-0.004594962559564375,0.008796136598827164,0.10129919035963098,0.24898569293188122,0.08974860028223608,2833.15,2651.5416666666665,0.03224326279935763,0.10294325628172296,-0.034499834929019424,0.2454842490408096,590000.0,1088785.0,0.5418884352741817,3119274690.0,286,False,jpx_liquidity,JPX流動性
336,4022,ラサ工業,化学,プライム,4022.T,2026-08-17,2535.0,0.06962025316455689,0.10409407665505221,0.3556149732620322,0.3792165397170837,0.2977345861710008,2026.2,2059.7833333333333,0.25111045306485047,0.23071196808725847,-0.044477949491142144,1.007742658467868,1172800.0,1530160.0,0.7664557954723689,3093014080.0,286,True,jpx_liquidity,JPX流動性
337,6814,古野電気,電気機器,プライム,6814.T,2026-08-17,7920.0,0.0050761421319796,0.027237354085603016,0.09695290858725758,0.32441471571906355,-0.0068038166034188885,7494.5,6623.0,0.05677496831009399,0.19583270421259247,-0.04586878789942972,0.44337447325607005,277300.0,420215.0,0.6599002891377033,3089740700.0,286,False,jpx_liquidity,JPX流動性
338,6779,日本電波工業,電気機器,プライム,6779.T,2026-08-17,3185.0,0.02741935483870961,0.13872005720414737,0.05115511551155105,0.4510250569476082,1.5697765980759808,2782.85,3408.633333333333,0.1445101245126399,-0.06560791715154657,-0.3405797101449275,0.9862879609806817,559500.0,1120540.0,0.49931283131347387,3082221645.0,286,False,jpx_liquidity,JPX流動性
339,6951,日本電子,電気機器,プライム,6951.T,2026-08-17,7425.0,-0.16073245167853512,-0.10552945428261651,-0.14260969976905313,0.14230769230769225,0.17502224648205766,8260.75,7540.316666666667,-0.10117120116212208,-0.015293345328113994,-0.1751832926016441,0.7811882559174375,1184300.0,359410.0,3.2951225619765725,3079854280.0,286,False,jpx_liquidity,JPX流動性
340,4091,日本酸素ホールディングス,化学,プライム,4091.T,2026-08-17,6083.0,-0.009283387622149863,0.0057870370370369795,0.008622119051566957,0.03947368421052633,0.07002993304788863,5961.0,5901.083333333333,0.020466364703908724,0.030827672884922386,-0.04982817869415812,0.2603766477293581,204800.0,524765.0,0.39026993034977564,3057218300.0,286,False,jpx_liquidity,JPX流動性
341,3086,Ｊ．フロント　リテイリング,小売業,プライム,3086.T,2026-08-17,2854.0,-0.020590253946465298,-0.029581774906494385,-0.1330498177399757,0.2824084475398787,0.10419214821018152,3004.25,2811.3416666666667,-0.050012482316717954,0.015173656706021221,-0.21094829969588058,0.4133779402595631,783200.0,1013755.0,0.7725732548791374,3043199057.5,286,False,jpx_liquidity,JPX流動性
342,7282,豊田合成,輸送用機器,プライム,7282.T,2026-08-17,5270.0,0.011904761904761862,0.020329138431752103,0.05105704028719593,0.13724643936124292,0.07366591069748463,5158.15,4998.316666666667,0.021684130938417923,0.05435496617194446,-0.05249910104279032,0.3993883308095399,296600.0,577295.0,0.513775452758122,3013479355.0,286,False,jpx_liquidity,JPX流動性
343,5991,日本発條,金属製品,プライム,5991.T,2026-08-17,3753.0,0.010772959870724463,0.05629045876723904,0.027093596059113212,0.15405904059040587,0.2542826929855482,3594.7,3742.7166666666667,0.044037054552535704,0.002747558591575716,-0.11548432712703272,0.49354444142273485,536500.0,851120.0,0.6303458971707867,3005787905.0,286,False,jpx_liquidity,JPX流動性
344,8366,滋賀銀行,銀行業,プライム,8366.T,2026-08-17,2765.0,-0.003603603603603567,0.08303956130043089,0.012079062957540243,0.28127896200185365,0.6277339568258367,2592.7,2448.7833333333333,0.06645581825895785,0.12913215406290202,-0.04358353510895885,0.5699739249612389,502100.0,1204180.0,0.41696424122639475,2996164270.0,286,False,jpx_liquidity,JPX流動性
345,4461,第一工業製薬,化学,プライム,4461.T,2026-08-17,15390.0,0.007198952879581055,0.09615384615384626,0.4263206672845228,0.78125,0.39998242844098075,12304.0,11709.0,0.2508127438231469,0.31437355880092244,-0.007736943907156624,1.2995810477061391,140700.0,236695.0,0.5944358773949597,2990030550.0,286,False,jpx_liquidity,JPX流動性
346,3994,マネーフォワード,情報・通信業,プライム,3994.T,2026-08-17,6000.0,-0.0739311622163914,0.11193476649369893,0.1428571428571428,0.39082058414464527,0.7862459065197975,5516.05,4739.9,0.08773488275124408,0.26584949049558015,-0.0739311622163914,0.7589512611997042,521100.0,556455.0,0.9364638650025608,2972257170.0,286,False,jpx_liquidity,JPX流動性
347,4902,コニカミノルタ,電気機器,プライム,4902.T,2026-08-17,670.7000122070312,-0.02923724344077483,0.01852697373884782,0.07294838970094442,0.1627947753143264,0.1458412125402042,644.9300018310547,607.1916676839193,0.039957840855304516,0.10459357053656415,-0.02923724344077483,0.6746640727212776,3560900.0,4620575.0,0.7706616600747742,2960080220.0616455,286,True,jpx_liquidity,JPX流動性
348,4733,オービックビジネスコンサルタント,情報・通信業,プライム,4733.T,2026-08-17,8000.0,-0.02983264613145764,0.006922592825676421,0.21765601217656005,0.3112604491067039,0.3898111505878705,7754.75,6670.2,0.031625777749121564,0.19936433690144217,-0.05055779729408971,0.4715153943878783,128600.0,386895.0,0.3323899249150286,2905708990.0,286,False,jpx_liquidity,JPX流動性
349,8252,丸井グループ,小売業,プライム,8252.T,2026-08-17,2944.5,-0.007917789757412419,-0.006746500252993726,-0.006411337944997486,0.04749199573105667,-0.05886612640580868,2957.625,2866.075,-0.004437682261950071,0.027363205777936717,-0.059265175718849816,0.23994341522245016,703200.0,982280.0,0.7158854908987254,2887680565.0,286,False,jpx_liquidity,JPX流動性
350,9142,九州旅客鉄道,陸運業,プライム,9142.T,2026-08-17,3471.0,-0.004588471465443056,0.0025996533795493715,-0.03636868406440863,-0.04063018242122718,-0.11278166585582416,3570.95,3525.4666666666667,-0.02798975062658393,-0.015449491320298048,-0.11099110823276515,0.24683779926100557,527300.0,802545.0,0.657034808016996,2861700535.0,286,False,jpx_liquidity,JPX流動性
351,5471,大同特殊鋼,鉄鋼,プライム,5471.T,2026-08-17,2528.5,0.04656456953642385,0.09743923611111116,0.03605818479819711,0.3753059559423444,0.16188511325499366,2327.375,2391.6583333333333,0.08641710081099951,0.05721622723424136,-0.14519945909398246,0.5283465282454887,1398000.0,1206355.0,1.1588628554612863,2854485302.5,286,False,jpx_liquidity,JPX流動性
352,9007,小田急電鉄,陸運業,プライム,9007.T,2026-08-17,1702.0,-0.0023446658851113966,-0.0029291154071470205,-0.014761215629522484,0.0,-0.03628638752614688,1733.65,1688.9,-0.01825628010267355,0.007756527917579525,-0.08247978436657677,0.26180970813734616,906900.0,1655355.0,0.547858314379695,2844293757.5,286,False,jpx_liquidity,JPX流動性
353,2181,パーソルホールディングス,サービス業,プライム,2181.T,2026-08-17,283.79998779296875,-0.01424107742423153,0.07785796031300629,0.08196721692937992,0.18249994913736978,0.2167836459122141,268.6949966430664,253.42499847412108,0.05621612362945383,0.11985790471238555,-0.01424107742423153,0.36331294298736005,7962800.0,10306720.0,0.7725833242777528,2832868557.778778,286,True,jpx_liquidity,JPX流動性
354,7276,小糸製作所,電気機器,プライム,7276.T,2026-08-17,2729.0,0.0038624241309546115,0.012240356083086157,0.08552108194112962,-0.005828779599271416,0.021657749465178178,2623.525,2672.9416666666666,0.04020354294317752,0.020972524029393425,-0.06203815088503184,0.2896361667436532,877600.0,1058975.0,0.8287258906017612,2825623035.0,286,False,jpx_liquidity,JPX流動性
355,4151,協和キリン,医薬品,プライム,4151.T,2026-08-17,2541.5,-0.01473153711959685,-0.0019634792852935012,-0.039312039312039304,0.058958333333333224,-0.04184731385485396,2587.275,2527.6301147460936,-0.01769235972210148,0.00548730812035747,-0.11906412478336226,0.24642289613512366,820200.0,1098025.0,0.7469775278340657,2824954020.0,286,False,jpx_liquidity,JPX流動性
356,6961,エンプラス,電気機器,プライム,6961.T,2026-08-17,11870.0,0.03940455341506133,0.16601178781925352,-0.06017418844022171,-0.08551617873651773,-0.15693005481430633,11576.5,12367.666666666666,0.025353085993175872,-0.04023933374659727,-0.32518476407049457,0.9662662754607397,110300.0,248040.0,0.444686340912756,2817298550.0,286,False,jpx_liquidity,JPX流動性
357,7649,スギホールディングス,小売業,プライム,7649.T,2026-08-17,2735.5,-0.03509700176366848,-0.02910381543921914,-0.06286399451867075,-0.07786954323276585,-0.22879221400474237,2849.45,2943.358333333333,-0.03999017354226253,-0.07061944547469867,-0.2646505376344086,0.33376425803013043,1385200.0,960820.0,1.441685227201765,2798012840.0,286,False,jpx_liquidity,JPX流動性
358,8334,群馬銀行,銀行業,プライム,8334.T,2026-08-17,2761.5,-0.0012658227848101333,0.0641618497109826,0.06931268151016456,0.17710997442455234,0.29097698587322807,2589.7,2430.9,0.06633973047071096,0.13599901271134152,-0.0012658227848101333,0.37616803361838724,720600.0,1078120.0,0.6683857084554595,2782145412.5,286,False,jpx_liquidity,JPX流動性
359,7867,タカラトミー,その他製品,プライム,7867.T,2026-08-17,3600.0,0.0005558643690939391,-0.0005552470849528035,0.038661281015579974,0.2534818941504178,0.30752290310944574,3583.45,3266.1833333333334,0.004618454282883766,0.10220389751544867,-0.03433476394849788,0.4915804891897079,417700.0,804475.0,0.51922060971441,2771605685.0,286,False,jpx_liquidity,JPX流動性
360,5233,太平洋セメント,ガラス・土石製品,プライム,5233.T,2026-08-17,4201.0,-0.006385998107852453,-0.002137767220902642,0.060858585858585945,0.030161844041196595,-0.1119186243052549,4152.15,4161.683333333333,0.011764989222451172,0.00944729896956753,-0.09340119965926341,0.35648807345734407,603900.0,652445.0,0.9255952609032179,2739159740.0,286,False,jpx_liquidity,JPX流動性
361,3769,ＧＭＯペイメントゲートウェイ,情報・通信業,プライム,3769.T,2026-08-17,8809.0,-0.13211822660098527,-0.12435387673956266,-0.09845461058233551,0.008471665712650234,0.205886379192334,9835.55,9153.133333333333,-0.104371387466893,-0.037597325506019796,-0.1418412079883098,0.5682022051879758,1475900.0,219055.0,6.737577320764192,2737267330.0,286,True,jpx_liquidity,JPX流動性
362,6103,オークマ,機械,プライム,6103.T,2026-08-17,5470.0,-0.00545454545454549,-0.01971326164874554,0.10505050505050506,0.355638166047088,0.22684610739503053,5123.25,4670.083333333333,0.06768164739179228,0.1712853089702182,-0.01971326164874554,0.37256155599757684,244500.0,534745.0,0.45722727655237544,2731296000.0,286,False,jpx_liquidity,JPX流動性
363,3349,コスモス薬品,小売業,プライム,3349.T,2026-08-17,6356.0,-0.034629404617253945,-0.015336948102246284,0.007769145394006749,0.03520615549443673,-0.1286556620666084,6431.95,6222.915836588541,-0.011808238559068318,0.02138614226934754,-0.11159182940276058,0.43997525543229493,367400.0,419735.0,0.8753141863318522,2712538440.0,286,False,jpx_liquidity,JPX流動性
364,1721,コムシスホールディングス,建設業,プライム,1721.T,2026-08-17,5417.0,0.021497265698661172,0.03259626382005343,0.027114144861585032,0.03813721732464548,-0.00017700104001627803,5263.75,5343.916666666667,0.029114224649726905,0.013675986713864718,-0.08233101812637644,0.16269926888100208,424000.0,516535.0,0.8208543467528822,2710125690.0,286,False,jpx_liquidity,JPX流動性
365,1808,長谷工コーポレーション,建設業,プライム,1808.T,2026-08-17,2806.0,0.0025008931761343334,0.017035157665820977,-0.0010679957280170793,0.03199705774181694,-0.11568368656355599,2776.925,2751.35,0.010470214355807084,0.019862976357061024,-0.1641216349778306,0.2545573762731562,717500.0,949025.0,0.7560390927530887,2680702100.0,286,False,jpx_liquidity,JPX流動性
366,8056,ＢＩＰＲＯＧＹ,情報・通信業,プライム,8056.T,2026-08-17,4462.0,-0.04104878572963677,0.036469221835075505,-0.03711696158826072,-0.032523850823937606,-0.033405877621048075,4654.1,4527.866666666667,-0.041275434563073476,-0.014546953679437036,-0.1223446105428796,0.5775208478342971,521700.0,576155.0,0.905485503033038,2669638715.0,286,False,jpx_liquidity,JPX流動性
367,6703,沖電気工業,電気機器,プライム,6703.T,2026-08-17,2978.0,-0.0026791694574681557,0.08015959376133486,-0.1030120481927711,0.0030313236780059594,0.010613025527948183,3013.25,3230.1666666666665,-0.0116983323653862,-0.0780661472576234,-0.22749675745784692,0.6517590639799075,432700.0,931360.0,0.4645894176258375,2664983105.0,286,False,jpx_liquidity,JPX流動性
368,9513,電源開発,電気・ガス業,プライム,9513.T,2026-08-17,3933.0,0.00434116445352406,0.005368098159509227,0.07224645583424216,-0.10450819672131151,0.08751518663536939,3837.75,3832.1833333333334,0.024819230017588456,0.02630789236771025,-0.11617977528089884,0.18124369577089455,545200.0,689795.0,0.790379750505585,2658240600.0,286,False,jpx_liquidity,JPX流動性
369,4401,ＡＤＥＫＡ,化学,プライム,4401.T,2026-08-17,4739.0,-0.006915339480301763,0.007226354941551438,0.13645083932853708,0.15981399902104743,0.10124480565080751,4226.8,4173.916666666667,0.12117914261379759,0.1353844310899035,-0.007331378299120228,0.570136080815491,360300.0,605875.0,0.5946771198679596,2641434255.0,286,False,jpx_liquidity,JPX流動性
370,4205,日本ゼオン,化学,プライム,4205.T,2026-08-17,2467.5,0.005091649694501044,0.016059295861643008,0.08988515901060068,0.17500000000000004,0.23748291737214866,2323.525,2280.741666666667,0.061964041703876704,0.08188491316786561,0.0,0.29264464196109913,779800.0,1133535.0,0.6879364113150455,2623688622.5,286,False,jpx_liquidity,JPX流動性
371,6465,ホシザキ,機械,プライム,6465.T,2026-08-17,5705.0,-0.014340013821700026,-0.0060975609756097615,0.08110668940685994,0.12747035573122534,0.058637966227500504,5630.9,5399.0595296223955,0.013159530448063395,0.05666551159494282,-0.023785078713210117,0.243906775633505,329900.0,477170.0,0.6913678563195507,2623112755.0,286,False,jpx_liquidity,JPX流動性
372,5929,三和ホールディングス,金属製品,プライム,5929.T,2026-08-17,3552.0,-0.027115858668857795,-0.027382256297918905,-0.04541789841440469,0.06379155435759198,-0.10652457273716276,3711.15,3661.5,-0.042884281152742454,-0.029905776321179856,-0.12467932766864354,0.5047465534345927,576800.0,700705.0,0.8231709492582471,2618436640.0,286,False,jpx_liquidity,JPX流動性
373,4088,エア・ウォーター,化学,プライム,4088.T,2026-08-17,2549.0,0.005919494869771169,-0.010481366459627384,0.007509881422924858,0.0011783189316574294,0.25788613717407705,2563.0,2578.883333333333,-0.005462348809988304,-0.011587702687855805,-0.10874125874125873,0.18901982799922695,535500.0,1006220.0,0.532189779571068,2607325900.0,286,False,jpx_liquidity,JPX流動性
374,2432,ディー・エヌ・エー,情報・通信業,プライム,2432.T,2026-08-17,2510.0,-0.010252365930599416,0.019496344435418367,0.04149377593361003,-0.08410873928115303,-0.040670915251656226,2466.375,2542.8333333333335,0.01768790228574324,-0.012912105918594818,-0.09074443035681945,0.25535380889360687,921400.0,1057605.0,0.8712137329154079,2587931907.5,286,False,jpx_liquidity,JPX流動性
375,4443,Ｓａｎｓａｎ,情報・通信業,プライム,4443.T,2026-08-17,2013.0,-0.04415954415954415,0.059473684210526345,0.09580838323353302,0.4329839877328443,0.7921853505154797,1921.35,1700.3215759277343,0.047700835350144466,0.1838936989914164,-0.04415954415954415,0.44241046694076913,1108300.0,1397500.0,0.7930590339892666,2585779850.0,286,False,jpx_liquidity,JPX流動性
376,6507,シンフォニアテクノロジー,電気機器,プライム,6507.T,2026-08-17,13680.0,0.014084507042253502,0.061287820015515804,-0.04867872044506261,0.00588235294117645,0.1882803690608652,13438.5,14382.5,0.017970755664694638,-0.04884408134886142,-0.17788461538461542,0.7343021806794612,156300.0,190195.0,0.8217881647782539,2580501950.0,286,False,jpx_liquidity,JPX流動性
377,3288,オープンハウスグループ,不動産業,プライム,3288.T,2026-08-17,8191.0,-0.006790348005335289,-0.03703268281213257,-0.04187624283541935,-0.0599104785952026,-0.2838698016191936,8430.4,8480.65,-0.02839722907572595,-0.034154221669329576,-0.2957595536029294,0.2861879257803316,211200.0,300110.0,0.7037419612808636,2547943105.0,286,False,jpx_liquidity,JPX流動性
378,7966,リンテック,その他製品,プライム,7966.T,2026-08-17,6200.0,0.009771986970684043,0.021416803953871577,-0.08823529411764708,0.1588785046728971,0.22761202796042634,6339.0,6280.166666666667,-0.021927748856286455,-0.012765054005997811,-0.15184678522571815,0.5726132307455155,103600.0,407805.0,0.2540429862311644,2529977700.0,286,False,jpx_liquidity,JPX流動性
379,8358,スルガ銀行,銀行業,プライム,8358.T,2026-08-17,2903.0,0.0020711080428028605,0.061425959780621486,0.06885125184094254,0.2192356152876942,0.407587796908079,2717.05,2522.4166666666665,0.06843819583739719,0.15088043873269696,0.0,0.3633349376967999,643700.0,933300.0,0.6897032036858459,2524303955.0,286,False,jpx_liquidity,JPX流動性
380,7721,東京計器,精密機器,プライム,7721.T,2026-08-17,7780.0,0.04851752021563338,0.07905686546463242,0.21562499999999996,0.2609400324149109,-0.038725160211065535,6991.5,6389.833333333333,0.11277980404777233,0.21755914343097116,-0.15040421470627663,0.5906148640777248,334700.0,356645.0,0.938468224705239,2522245900.0,286,True,jpx_liquidity,JPX流動性
381,5857,ＡＲＥホールディングス,非鉄金属,プライム,5857.T,2026-08-17,3630.0,0.0,0.04610951008645525,0.18433931484502453,0.05985401459854023,-0.08482220346131375,3257.5,3169.05,0.1143514965464314,0.14545368485823817,-0.2150067615576069,0.4438621079055126,450500.0,766195.0,0.5879704252833808,2519584365.0,286,False,jpx_liquidity,JPX流動性
382,1662,石油資源開発,鉱業,プライム,1662.T,2026-08-17,1820.0,0.0,0.04597701149425282,0.07756068679692119,-0.03345724907063197,-0.16759373743457606,1750.7,1710.5833333333333,0.03958416633346662,0.0639645345155162,-0.3244246473645137,0.2759316185397469,850200.0,1451985.0,0.5855432390830484,2511961035.0,286,False,jpx_liquidity,JPX流動性
383,4392,ＦＩＧ,情報・通信業,プライム,4392.T,2026-08-17,1230.0,0.17142857142857149,0.3666666666666667,0.10313901345291487,-0.37910146390711763,2.360655737704918,955.65,1245.9666666666667,0.28708209072359137,-0.012814682040718117,-0.5215869311551926,1.0687454098351605,16665100.0,1626250.0,10.247563412759416,2502139610.0,286,True,jpx_liquidity,JPX流動性
384,2212,山崎製パン,食料品,プライム,2212.T,2026-08-17,3467.0,-0.021726862302483108,-0.021726862302483108,0.04806529625151157,0.09196850393700795,0.02271386430678457,3445.9,3256.9333333333334,0.006123218897820637,0.06449830106030219,-0.056855277475516885,0.4159689693618973,367300.0,731610.0,0.5020434384439797,2497507765.0,286,False,jpx_liquidity,JPX流動性
385,6473,ジェイテクト,機械,プライム,6473.T,2026-08-17,2129.5,-0.006531373921156991,-0.013663733209819395,0.002353494939985934,0.11114009913905565,0.06332744907493448,2108.325,2078.9416666666666,0.01004351795856917,0.02431926501064252,-0.039034296028880866,0.36591145462529934,695700.0,1187620.0,0.5857934356107173,2486935660.0,286,False,jpx_liquidity,JPX流動性
386,6753,シャープ,電気機器,プライム,6753.T,2026-08-17,637.5,-0.05639428206446273,-0.008399477693260438,0.005361969003264466,0.0514596945987158,-0.04594434547468895,629.5899993896485,629.8999969482422,0.012563732934163241,0.012065412110777052,-0.05639428206446273,0.37658253625369975,4335600.0,3813940.0,1.1367771910412854,2461517849.9398804,286,True,jpx_liquidity,JPX流動性
387,3635,コーエーテクモホールディングス,情報・通信業,プライム,3635.T,2026-08-17,1660.0,-0.0036014405762304635,0.024691358024691468,0.07582631237848347,0.08567691301504254,0.007952978718404946,1591.325,1540.275,0.04315586068213584,0.07772962620311308,-0.08670926763038656,0.4608465372889887,1021700.0,1531595.0,0.6670823553223927,2457351127.5,286,False,jpx_liquidity,JPX流動性
388,8341,七十七銀行,銀行業,プライム,8341.T,2026-08-17,3881.0,0.0114672921553296,0.06009287080032788,0.10506833712984065,0.1945213911972914,0.2527408426394331,3604.3,3417.9666666666667,0.07676941431068451,0.13547040638196206,0.0,0.4030473344338988,543100.0,672840.0,0.8071755543665656,2440363930.0,286,False,jpx_liquidity,JPX流動性
389,8227,しまむら,小売業,プライム,8227.T,2026-08-17,3347.0,-0.011518015357353861,-0.021058789119625665,-0.00029868578255676237,0.044631710362047494,-0.09007700750800474,3385.95,3330.0333333333333,-0.011503418538371779,0.005095044093652801,-0.0774531422271224,0.2982264908089549,502900.0,716490.0,0.7018939552540859,2435115055.0,286,False,jpx_liquidity,JPX流動性
390,5021,コスモエネルギーホールディングス,石油・石炭製品,プライム,5021.T,2026-08-17,4146.0,-0.0012045290291495814,0.014187866927592996,0.08818897637795287,0.12054054054054064,-0.1121116184754225,3961.3,3810.0833333333335,0.04662610759094221,0.0881651757398132,-0.14392466866810594,0.3474857175363666,488900.0,613240.0,0.7972408844824213,2433406430.0,286,False,jpx_liquidity,JPX流動性
391,6592,マブチモーター,電気機器,プライム,6592.T,2026-08-17,1786.0,0.025258323765786406,0.08340915984228081,0.10485617073925146,0.1489224831135414,0.026436781609195492,1663.8,1604.2689208984375,0.07344632768361592,0.11327968567750335,-0.052519893899204195,0.2949509714613028,2986700.0,1328190.0,2.2486993577726078,2425912117.5,286,False,jpx_liquidity,JPX流動性
392,6845,アズビル,電気機器,プライム,6845.T,2026-08-17,1550.5,-0.009265175718849883,-0.005452212957023694,-0.062292107650438466,-0.0095816033216225,0.18163918357960407,1627.325,1644.6,-0.04720937735240349,-0.05721756050103366,-0.10993111366245689,0.4060854410028943,1323900.0,1460740.0,0.9063214535098648,2399862222.5,286,False,jpx_liquidity,JPX流動性
393,9065,山九,陸運業,プライム,9065.T,2026-08-17,8500.0,-0.0031664125718307012,-0.005731664522166335,-0.017454629522598575,-0.07819108556555687,-0.13282295022320045,8931.8,8777.766666666666,-0.0483441187666539,-0.03164434385359982,-0.1413695904755159,0.304709384994969,187700.0,263820.0,0.7114699416268668,2391886825.0,286,False,jpx_liquidity,JPX流動性
394,8410,セブン銀行,銀行業,プライム,8410.T,2026-08-17,335.6000061035156,-0.0014876524573641525,0.032615403395432674,0.10649528391209406,0.2203636585582387,0.15551324733643157,322.1500015258789,295.7883331298828,0.04175075124609684,0.1345951429265848,-0.0014876524573641525,0.28599207889495254,5963600.0,7374315.0,0.8086988418585319,2390383293.2199097,286,True,jpx_liquidity,JPX流動性
395,2264,森永乳業,食料品,プライム,2264.T,2026-08-17,1192.0,0.002944888514934796,-0.040257648953301084,-0.008731808731808677,-0.7455166524338173,-0.7305689348636017,1217.75,2279.0958333333333,-0.021145555327448218,-0.47698557359186666,-0.774498675747257,0.3877336798034988,1764600.0,1935210.0,0.9118390252220689,2389823372.5,286,False,jpx_liquidity,JPX流動性
396,8524,北洋銀行,銀行業,プライム,8524.T,2026-08-17,1311.0,0.00768639508070712,0.07371007371007376,0.07459016393442619,0.2941757156959526,0.28529211799202314,1210.0,1111.4214965820313,0.08347107438016521,0.17957049061200903,0.0,0.5616514839187353,1316000.0,1986660.0,0.6624183302628532,2389124250.0,286,False,jpx_liquidity,JPX流動性
397,4114,日本触媒,化学,プライム,4114.T,2026-08-17,2667.5,-0.002430815258040342,0.09055600981193779,0.27023809523809517,0.3104888233849177,0.12263200718988854,2287.0,2140.983333333333,0.16637516397026664,0.24592282362465867,-0.002430815258040342,0.4285807257156569,753500.0,974485.0,0.7732289363099484,2374350317.5,286,False,jpx_liquidity,JPX流動性
398,6923,スタンレー電気,電気機器,プライム,6923.T,2026-08-17,3672.0,0.003827227993439042,0.03582510578279274,0.05004289390906491,0.056082830025884434,0.1804004937422068,3541.45,3569.6666666666665,0.036863431645230094,0.028667475954804456,-0.030367045154475858,0.23974685006584376,315800.0,677835.0,0.46589509246350513,2349059525.0,286,False,jpx_liquidity,JPX流動性
399,1980,ダイダン,建設業,プライム,1980.T,2026-08-17,2906.0,0.04909747292418776,0.1573078454798884,0.08676140613313388,0.20231692180388916,-0.07066446492635492,2589.85,2643.3333333333335,0.1220727069135279,0.09936948297604031,-0.1922124316606132,0.8192892338801916,900000.0,878815.0,1.0241063249944529,2348403290.0,286,True,jpx_liquidity,JPX流動性
400,4912,ライオン,化学,プライム,4912.T,2026-08-17,1887.0,-0.009708737864077666,0.04979137691237834,0.12187871581450649,0.1716858118596709,0.046008869179600786,1755.15,1688.9015563964845,0.07512178446286644,0.11729425131574112,-0.009708737864077666,0.32263961489397086,1300400.0,1290135.0,1.007956531680793,2315439510.0,286,False,jpx_liquidity,JPX流動性
401,4676,フジ・メディア・ホールディングス,情報・通信業,プライム,4676.T,2026-08-17,4103.0,-0.0065375302663438495,0.012086827824371094,-0.0019459985405011482,0.07746848739495804,0.22810710574236337,4082.75,4009.7,0.004959892229502216,0.023268573708756346,-0.06452348381212947,0.33339838816015,456000.0,566560.0,0.8048573849195143,2314490750.0,286,False,jpx_liquidity,JPX流動性
402,9143,ＳＧホールディングス,陸運業,プライム,9143.T,2026-08-17,1631.5,-0.007603406326034068,0.05872809863724848,0.02513352183474704,0.0818965517241379,0.0838272298733409,1590.85,1531.8083333333334,0.02555237765974172,0.06508103167824508,-0.017168674698795128,0.28508221254116645,1475100.0,1450225.0,1.017152510817287,2310356690.0,286,False,jpx_liquidity,JPX流動性
403,6480,日本トムソン,機械,プライム,6480.T,2026-08-17,1898.0,0.015516318887105474,0.038861521620142225,-0.013000520020800876,-0.049098196392785565,0.8410492800231131,1814.1,2019.7333333333333,0.04624882862025248,-0.060271983100079196,-0.26434108527131783,0.9098039584182568,632300.0,1261160.0,0.5013638237812807,2307865835.0,286,False,jpx_liquidity,JPX流動性
404,3923,ラクス,情報・通信業,プライム,3923.T,2026-08-17,1100.0,-0.06382978723404253,0.0451306413301662,0.07948969578017673,0.21654499574164698,0.37925587651594617,1049.2649993896484,995.6333353678385,0.04835289525512043,0.10482439762184437,-0.06382978723404253,0.5216461834271234,4954800.0,1998485.0,2.4792780531252423,2298289663.630371,286,True,jpx_liquidity,JPX流動性
405,9861,吉野家ホールディングス,小売業,プライム,9861.T,2026-08-17,3733.0,-0.01217253241598304,-0.01007690267833461,0.032070776886922836,0.16003729024238655,0.1941658319812405,3741.5,3372.266666666667,-0.0022718161165308226,0.10697058358374179,-0.07599009900990095,0.3305971094895062,602800.0,604730.0,0.9968084930464836,2283477180.0,286,False,jpx_liquidity,JPX流動性
406,7173,東京きらぼしフィナンシャルグループ,銀行業,プライム,7173.T,2026-08-17,1798.0,0.010112359550561889,0.04231884057971014,0.03333333333333344,-0.8384546271338724,-0.8366376649259943,1733.1,4526.658333333334,0.037447348681553416,-0.6027975014681544,-0.854412955465587,0.3912468273256475,852600.0,1330265.0,0.6409249284916915,2274469285.0,286,False,jpx_liquidity,JPX流動性
407,4536,参天製薬,医薬品,プライム,4536.T,2026-08-17,1899.5,-0.009903570497784675,-0.0173305742369374,-0.09245102723363596,0.008762612851832108,0.134030181328761,1942.95,1989.4583333333333,-0.022362901773077093,-0.04521750057595242,-0.1504919499105546,0.2797060033587366,860400.0,1146870.0,0.750215804755552,2262299555.0,286,False,jpx_liquidity,JPX流動性
408,1959,クラフティア,建設業,プライム,1959.T,2026-08-17,8467.0,0.008456407813244304,0.03889570552147248,-0.044895657078398155,-0.03399885909868794,-0.11754272792245635,8485.55,8878.683333333332,-0.002186069258916512,-0.04636761081316476,-0.18770497777812756,0.4165586954972073,252400.0,261180.0,0.9663833371621104,2257230115.0,286,False,jpx_liquidity,JPX流動性
409,7189,西日本フィナンシャルホールディングス,銀行業,プライム,7189.T,2026-08-17,4844.0,0.01530077551875908,0.06884377758164173,0.11458812701334553,0.14732354334438647,0.16369614927949572,4445.0,4248.7,0.08976377952755898,0.1401134464659779,0.0,0.44512542056494797,529900.0,495250.0,1.0699646643109542,2250243560.0,286,False,jpx_liquidity,JPX流動性
410,9041,近鉄グループホールディングス,陸運業,プライム,9041.T,2026-08-17,3532.0,-0.00646976090014062,0.00914285714285712,0.016110471806674243,0.001701644923425949,0.06785885584737472,3505.45,3487.8166666666666,0.007573920609337037,0.012667905901017296,-0.03206357906275692,0.21238337605938723,404000.0,640855.0,0.630407814560236,2247512010.0,286,False,jpx_liquidity,JPX流動性
411,3046,ジンズホールディングス,小売業,プライム,3046.T,2026-08-17,6440.0,-0.024242424242424288,0.03536977491961424,0.004680187207488196,-0.13324360699865412,0.23313558215923647,6576.0,7508.0,-0.020681265206812682,-0.14224826851358552,-0.29385964912280704,0.5094218919743795,261600.0,357245.0,0.7322705706168036,2244544200.0,286,False,jpx_liquidity,JPX流動性
412,9009,京成電鉄,陸運業,プライム,9009.T,2026-08-17,1280.0,0.0,-0.005825242718446644,0.00827097282394651,0.1973807296538821,-0.0523608377300242,1275.35,1176.8333333333333,0.003646057944878045,0.0876646367370062,-0.047121406563144674,0.2125204082858707,1281000.0,1746830.0,0.7333283719652169,2240349402.5,286,False,jpx_liquidity,JPX流動性
413,4516,日本新薬,医薬品,プライム,4516.T,2026-08-17,3598.0,-0.011538461538461497,0.0053087454596256745,-0.09824561403508769,-0.15599343185550085,-0.2668579936731751,3689.95,3936.0333333333333,-0.024919036843317643,-0.08588172525639182,-0.35114971045356624,0.4630844847695517,298400.0,615225.0,0.4850258035678004,2225736815.0,286,False,jpx_liquidity,JPX流動性
414,4047,関東電化工業,化学,プライム,4047.T,2026-08-17,2715.0,0.0323193916349811,-0.046029515108924834,-0.07179487179487176,-0.05400696864111498,0.5994015820939465,2739.85,3298.0333333333333,-0.009069839589758488,-0.17678212267917248,-0.38365493757094216,0.7969174067513023,934200.0,796285.0,1.1731980383907772,2225184925.0,286,False,jpx_liquidity,JPX流動性
415,4099,四国化成ホールディングス,化学,プライム,4099.T,2026-08-17,2800.0,0.007194244604316502,-0.05181171689806974,0.006470165348670065,-0.5096322241681261,-0.4433399602385686,2773.7,3942.5638346354167,0.009481919457763999,-0.289802241018394,-0.5814648729446936,0.9814219861466269,648600.0,784970.0,0.8262736155521867,2224203975.0,286,False,jpx_liquidity,JPX流動性
416,4732,ユー・エス・エス,サービス業,プライム,4732.T,2026-08-17,1996.0,-0.0074589756340128766,0.00452944136889788,0.010632911392405076,0.12800226052557218,0.0809366883256395,1995.825,1918.8333333333333,8.768303834250091e-05,0.04021540866846185,-0.032945736434108475,0.19741956224481708,846400.0,1111620.0,0.7614112736366744,2214142007.5,286,False,jpx_liquidity,JPX流動性
417,7956,ピジョン,その他製品,プライム,7956.T,2026-08-17,2125.0,0.0054412112609416585,0.015531660692950977,0.05380609967765926,0.15426398696360666,0.29415347137637027,2035.425,1987.9165893554687,0.04400800815554495,0.06895833123912776,0.0,0.2814551817143177,1178900.0,1057655.0,1.1146356798767083,2209036847.5,286,False,jpx_liquidity,JPX流動性
418,1332,ニッスイ,水産・農林業,プライム,1332.T,2026-08-17,1292.0,-0.013740458015267132,0.035671342685370755,0.03858520900321549,-0.03293413173652693,-0.12732091532137013,1270.85,1277.3,0.016642404689774626,0.011508651060831543,-0.16088544760275048,0.31496804808584405,1227000.0,1730705.0,0.7089596436134408,2207025605.0,286,False,jpx_liquidity,JPX流動性
419,5393,ニチアス,ガラス・土石製品,プライム,5393.T,2026-08-17,3584.0,-0.00830105146651905,0.02195608782435121,0.043984852898339755,0.07692307692307687,0.3321890593089254,3426.2,3607.233333333333,0.04605685599206133,-0.006440762541929601,-0.11789318237755353,0.45967483589647085,410500.0,643840.0,0.6375807654075547,2178073020.0,286,False,jpx_liquidity,JPX流動性
420,6376,日機装,精密機器,プライム,6376.T,2026-08-17,3720.0,-0.1516533637400228,-0.06060606060606055,-0.03626943005181349,0.24,0.5397350993377483,3901.5,3748.9607950846353,-0.04652056901191848,-0.0077250194567536346,-0.1516533637400228,0.9334459446070057,2292800.0,459195.0,4.993085726107645,2174875625.0,286,False,jpx_liquidity,JPX流動性
421,9449,ＧＭＯインターネットグループ,情報・通信業,プライム,9449.T,2026-08-17,3930.0,-0.09509555606723463,-0.05958363244795406,-0.03558282208588959,0.1848055471811878,0.2989871514111564,4131.8,3651.9,-0.04884069896897236,0.07615213998192716,-0.09509555606723463,0.4467463825187804,890600.0,505215.0,1.7628138515285572,2167198940.0,286,False,jpx_liquidity,JPX流動性
422,5444,大和工業,鉄鋼,プライム,5444.T,2026-08-17,13165.0,-0.005289006422364961,-0.01753731343283582,0.016209957545349374,0.14329135909683033,0.0847775350523956,13260.25,12454.25,-0.007183122490149185,0.057068872071782684,-0.042197162604583505,0.20359373143370485,101800.0,162970.0,0.6246548444498987,2165165850.0,286,False,jpx_liquidity,JPX流動性
423,3105,日清紡ホールディングス,電気機器,プライム,3105.T,2026-08-17,2454.5,-0.00988301734570396,0.014046684569303913,0.04602599616450043,0.05050288893644339,0.4715227817745804,2291.3,2307.941788736979,0.07122594160520213,0.06350169314418674,-0.016035277610743637,0.5577862885793348,457100.0,964190.0,0.474076686130327,2154169480.0,286,False,jpx_liquidity,JPX流動性
424,5232,住友大阪セメント,ガラス・土石製品,プライム,5232.T,2026-08-17,5845.0,-0.011332882273342393,0.004813477737665384,0.03396426676101183,0.20864350703060386,0.3701530527859678,5664.25,5647.183333333333,0.03191066778479068,0.035029262375638526,-0.08270558694287511,0.4506080691377598,176400.0,385370.0,0.4577419103718504,2151768885.0,286,False,jpx_liquidity,JPX流動性
425,4403,日油,化学,プライム,4403.T,2026-08-17,2760.5,0.011172161172161132,-0.004328223624887273,0.006930512493160679,-0.003968969871910533,-0.06745956602549852,2758.35,2731.516666666667,0.0007794514836769739,0.010610710777284815,-0.16802290536467757,0.23468820958447295,668500.0,767670.0,0.8708168874646658,2145406005.0,286,False,jpx_liquidity,JPX流動性
426,1515,日鉄鉱業,鉱業,プライム,1515.T,2026-08-17,3425.0,0.017830609212481363,0.07874015748031504,0.2784621127286302,0.5667886550777677,-0.07473984642929177,3059.1,2643.4333333333334,0.11961034291131378,0.29566346796464194,-0.17633271724248067,0.6771125318797858,457200.0,695760.0,0.6571231459123836,2128448045.0,286,False,jpx_liquidity,JPX流動性
427,5741,ＵＡＣＪ,非鉄金属,プライム,5741.T,2026-08-17,2454.0,0.019526381387619418,0.054576708207993097,-0.0012210012210012167,-0.20966183574879227,0.03348222042953597,2362.1,2686.6666666666665,0.03890605816857895,-0.08660049627791555,-0.31356643356643354,0.6193740890511175,1041800.0,880785.0,1.1828085174020901,2117414025.0,286,False,jpx_liquidity,JPX流動性
428,4202,ダイセル,化学,プライム,4202.T,2026-08-17,1474.5,-0.009405441719852248,-0.0023680649526387487,-0.00101626016260159,0.25222929936305727,-0.07941397914489357,1466.625,1386.05,0.005369470723600056,0.0638144367086324,-0.0869301668222201,0.17196333451696938,729500.0,1467565.0,0.49708190097201826,2117212765.0,286,False,jpx_liquidity,JPX流動性
429,4626,太陽ホールディングス,化学,プライム,4626.T,2026-08-17,4855.0,0.008935993349958427,0.002891964470150832,0.00914570775306589,0.003928866832092703,-0.16336377735653973,4792.6,4941.7,0.013020072611943379,-0.017544569682497846,-0.2035761154855643,0.16469483691416517,296900.0,442840.0,0.6704453075602926,2111587595.0,286,False,jpx_liquidity,JPX流動性
430,5726,大阪チタニウムテクノロジーズ,非鉄金属,プライム,5726.T,2026-08-17,3140.0,0.05263157894736836,0.046666666666666634,0.15867158671586723,0.3395904436860069,0.15647358927142863,2812.0,2726.866666666667,0.11664295874822184,0.15150477960051822,-0.06522671492250787,0.7792258087297007,1214600.0,691890.0,1.755481362644351,2096153515.0,286,True,jpx_liquidity,JPX流動性
431,7180,九州フィナンシャルグループ,銀行業,プライム,7180.T,2026-08-17,1541.0,-0.0042003231017770926,0.03457536085934887,0.0009743423189347844,0.060929432013769436,0.1982384273758493,1529.8,1479.9416666666666,0.007321218459929391,0.041257256761246364,-0.042857142857142816,0.3552228644214118,926700.0,1370265.0,0.6762925419535637,2091596707.5,286,False,jpx_liquidity,JPX流動性
432,9509,北海道電力,電気・ガス業,プライム,9509.T,2026-08-17,1057.0,0.012937230474365125,0.0337408312958436,0.04343534057255671,0.1148613302587218,-0.134971407118615,1024.054998779297,966.6233317057291,0.03217112485166762,0.09349729654754957,-0.14016784659756387,0.20538411508913107,1608700.0,2047615.0,0.7856457390671586,2078410195.4620361,286,False,jpx_liquidity,JPX流動性
433,9401,ＴＢＳホールディングス,情報・通信業,プライム,9401.T,2026-08-17,5919.0,0.01683559525854661,0.014743699639979457,-0.06226235741444863,0.0016923337282110928,0.03685124478307489,6029.85,6072.433333333333,-0.018383541879151255,-0.025267191076614015,-0.09716290420988405,0.27474924581425686,281100.0,342560.0,0.8205861746847267,2076375115.0,286,False,jpx_liquidity,JPX流動性
434,7327,第四北越フィナンシャルグループ,銀行業,プライム,7327.T,2026-08-17,2519.0,0.007600000000000051,0.06197301854974713,0.07741659538066714,0.17053903345724897,0.2947113439629132,2353.7,2205.116666666667,0.07022985087309341,0.1423431866794651,0.0,0.37066022207888,517500.0,893740.0,0.5790274576498758,2068987420.0,286,False,jpx_liquidity,JPX流動性
435,1961,三機工業,建設業,プライム,1961.T,2026-08-17,2527.0,0.035231462515362466,0.0753191489361702,-0.026204238921001877,0.15864282439248045,0.0426751075203502,2386.85,2539.4666666666667,0.058717556612271515,-0.004909167279218751,-0.19135999999999997,0.5054124718831405,625200.0,865330.0,0.722498931043648,2063181380.0,286,False,jpx_liquidity,JPX流動性
436,7717,ブイ・テクノロジー,精密機器,プライム,7717.T,2026-08-17,6080.0,0.04647160068846823,0.1135531135531136,-0.12517985611510796,0.20634920634920628,0.5628444888251793,5837.75,6588.75,0.041497152156224626,-0.07721494972490983,-0.35181236673773986,0.8174522650219791,196700.0,361835.0,0.5436179474069672,2049517725.0,286,False,jpx_liquidity,JPX流動性
437,3445,ＲＳ　Ｔｅｃｈｎｏｌｏｇｉｅｓ,金属製品,プライム,3445.T,2026-08-17,6350.0,0.019261637239165408,-0.045112781954887216,-0.11312849162011174,-0.05786350148367958,0.7638888888888888,6523.0,7028.0,-0.026521539169093944,-0.09647125782583954,-0.24852071005917165,1.1220853835581728,304100.0,308310.0,0.9863449125879796,2044674550.0,286,False,jpx_liquidity,JPX流動性
438,8088,岩谷産業,卸売業,プライム,8088.T,2026-08-17,2244.0,-0.0024449877750610804,0.007633587786259444,0.14169422538794207,0.06426369456959935,0.16340961388189568,2072.325,1988.3416666666667,0.0828417357316058,0.12857867318242588,-0.0024449877750610804,0.3644980405103767,772300.0,951075.0,0.8120284940724969,2006726632.5,286,False,jpx_liquidity,JPX流動性
439,4922,コーセーホールディングス,化学,プライム,4922.T,2026-08-17,5631.0,-0.020184444057769313,-0.04881756756756761,0.04626532887402446,0.07956288343558282,-0.06585932315859322,5704.8,5388.809521484375,-0.012936474547749266,0.04494322494607528,-0.10076652826572985,0.3663616523962287,244000.0,344530.0,0.708211186253737,1993704500.0,286,False,jpx_liquidity,JPX流動性
440,2492,インフォマート,サービス業,プライム,2492.T,2026-08-17,568.0,-0.07491856677524433,-0.029059829059829068,0.18828451882845187,0.5106382978723405,0.48302872062663194,553.5,453.5550231933594,0.02619692863595313,0.2523287604684967,-0.07491856677524433,0.7255302388266833,3314700.0,3569755.0,0.9285511190543889,1984795600.0,286,True,jpx_liquidity,JPX流動性
441,6417,ＳＡＮＫＹＯ,機械,プライム,6417.T,2026-08-17,1899.0,-0.016571724495080264,-0.009906152241918709,0.14363143631436315,0.10086956521739121,-0.11942199751391913,1836.5,1688.55,0.03403212632725294,0.12463356133961101,-0.12379114827086746,0.30144992311464336,738100.0,1069795.0,0.6899452698881562,1981282520.0,286,False,jpx_liquidity,JPX流動性
442,4194,ビジョナル,情報・通信業,プライム,4194.T,2026-08-17,9064.0,-0.030277094254841153,0.007111111111111068,0.0807201621557172,0.1583386581469648,0.20291970802919712,8859.1,8140.966666666666,0.023128760257813852,0.11338129378575035,-0.030277094254841153,0.4096466297697388,223500.0,216930.0,1.0302862674595492,1974677245.0,286,False,jpx_liquidity,JPX流動性
443,8368,百五銀行,銀行業,プライム,8368.T,2026-08-17,2305.0,-0.0012998266897746857,0.08675153229608679,0.09971374045801529,0.15077383924113819,0.5179914679222271,2090.15,2012.7666666666667,0.10279166566992792,0.14518987132139838,-0.0012998266897746857,0.6306335501270505,772400.0,951160.0,0.8120610622818454,1972211715.0,286,False,jpx_liquidity,JPX流動性
444,9989,サンドラッグ,小売業,プライム,9989.T,2026-08-17,3700.0,-0.012279765082754968,-0.006977992485238893,-0.03039832285115307,-0.0043057050592034685,-0.10208785665541709,3777.35,3775.1,-0.02047731875521197,-0.019893512754629028,-0.11746016365001777,0.22113362564896893,933500.0,493875.0,1.8901543912933434,1965173635.0,286,False,jpx_liquidity,JPX流動性
445,5384,フジミインコーポレーテッド,ガラス・土石製品,プライム,5384.T,2026-08-17,4095.0,0.012360939431396822,0.04597701149425282,-0.0024360535931789995,0.26,0.30717312060430824,3983.0,4143.916666666667,0.02811950790861162,-0.01180445230961058,-0.19548133595284878,0.7893608136322964,252500.0,488630.0,0.5167509158258805,1947316400.0,286,False,jpx_liquidity,JPX流動性
446,3116,トヨタ紡織,輸送用機器,プライム,3116.T,2026-08-17,2252.5,0.004907428061565966,0.024096385542168752,0.009184587813620082,0.0033407572383072903,-0.29237552545080936,2252.525,2218.516666666667,-1.1098655952834768e-05,0.01531804283642968,-0.3010129820619717,0.37145697745146977,330200.0,868680.0,0.38011695906432746,1921025880.0,286,False,jpx_liquidity,JPX流動性
447,6432,竹内製作所,機械,プライム,6432.T,2026-08-17,7590.0,-0.007843137254901933,-0.014285714285714235,0.03265306122448974,0.11127379209370414,0.06328640121353346,7544.0,7342.833333333333,0.0060975609756097615,0.033660939237805554,-0.04287515762925598,0.36563026410838095,113900.0,260265.0,0.4376308762223119,1920624850.0,286,False,jpx_liquidity,JPX流動性
448,4092,日本化学工業,化学,プライム,4092.T,2026-08-17,5560.0,0.0018018018018017834,-0.0071428571428571175,0.08171206225680927,0.5232876712328767,0.6937816643785424,5497.0,5040.5,0.011460796798253625,0.1030651721059419,-0.09001636661211132,0.9134911088464895,104800.0,379600.0,0.2760800842992624,1919708750.0,286,False,jpx_liquidity,JPX流動性
449,9468,ＫＡＤＯＫＡＷＡ,情報・通信業,プライム,9468.T,2026-08-17,3523.0,0.0005680204487361618,-0.017842207973236657,-0.04136054421768709,0.07310386841303695,0.28166392573952637,3540.2,3453.7,-0.004858482571606038,0.020065437067492864,-0.09597125994354627,0.22947068687119127,365300.0,549325.0,0.6649979520320394,1915909795.0,286,False,jpx_liquidity,JPX流動性
450,8418,山口フィナンシャルグループ,銀行業,プライム,8418.T,2026-08-17,3183.0,-0.005933791380387299,0.035121951219512226,0.036470205144903955,0.09513160158265954,0.19431535422132273,3055.0,2940.6583333333333,0.041898527004909925,0.08241068468228496,-0.005933791380387299,0.40361083741850245,349300.0,635130.0,0.5499661486624785,1915375042.5,286,False,jpx_liquidity,JPX流動性
451,3774,インターネットイニシアティブ,情報・通信業,プライム,3774.T,2026-08-17,3443.0,-0.01740867579908678,-0.05203744493392071,-0.03177727784026996,0.11785714285714288,0.5616058225718117,3499.55,3293.8333333333335,-0.01615922047120344,0.04528664676415528,-0.05203744493392071,0.308068107986951,372000.0,538705.0,0.6905449179049759,1873452410.0,286,False,jpx_liquidity,JPX流動性
452,1951,エクシオグループ,建設業,プライム,1951.T,2026-08-17,2660.0,0.010446343779677125,-0.005979073243647215,0.014105985512771646,-0.03971119133574008,-0.04691432195946188,2621.5,2714.9666666666667,0.014686248331108098,-0.020245797984014602,-0.11096256684491979,0.2400134817018381,524300.0,702060.0,0.7468022676124548,1873108972.5,286,False,jpx_liquidity,JPX流動性
453,6966,三井ハイテック,電気機器,プライム,6966.T,2026-08-17,977.0,0.007216494845360799,0.024109014675052443,0.021716236756109675,0.33469945355191255,0.18567961165048552,920.3203674316406,947.7106923421223,0.06158685016016374,0.03090532574397109,-0.2598484848484849,0.5252238169061307,843200.0,2088415.0,0.40375117014578044,1866507165.0,286,False,jpx_liquidity,JPX流動性
454,9301,三菱倉庫,倉庫・運輸関連業,プライム,9301.T,2026-08-17,1498.5,-0.0019980019980020414,-0.020588235294117685,-0.047966963151207076,-0.0066291017567119415,0.12814631176828684,1553.775,1525.7166666666667,-0.03557464883911765,-0.01783861136296605,-0.08460598656078189,0.3203999644051495,900100.0,1208975.0,0.7445149816993735,1862578990.0,286,False,jpx_liquidity,JPX流動性
455,9001,東武鉄道,陸運業,プライム,9001.T,2026-08-17,2925.5,-0.005439401665816801,-0.008473140145737967,-0.030970520039748206,0.03520877565463554,-0.03928302329112798,3015.0,2913.6916666666666,-0.029684908789386455,0.004052705187863159,-0.08520950594121324,0.23516888773899305,481100.0,618740.0,0.7775479199663833,1858734830.0,286,False,jpx_liquidity,JPX流動性
456,7337,ひろぎんホールディングス,銀行業,プライム,7337.T,2026-08-17,2359.5,-0.0021146119687037723,0.04034391534391535,0.05641370047011418,0.11745204830689082,0.2462883651978227,2259.125,2156.825,0.04443091905051744,0.09396914446002813,-0.0021146119687037723,0.33840661025983815,512800.0,829750.0,0.6180174751431154,1850437960.0,286,False,jpx_liquidity,JPX流動性
457,2002,日清製粉グループ本社,食料品,プライム,2002.T,2026-08-17,2011.0,-0.009115545700911554,0.004997501249375258,-0.008627064333251222,-0.017586712261846604,-0.037503344819648454,2027.45,1985.5416666666667,-0.008113640287060075,0.012821858015235055,-0.07476420519898785,0.29777336885660965,834600.0,898330.0,0.9290572506762548,1844822177.5,286,False,jpx_liquidity,JPX流動性
458,8439,東京センチュリー,その他金融業,プライム,8439.T,2026-08-17,2519.5,-0.010991167811579938,-0.0013872374157748446,-0.05067822155237378,0.037044659394937174,0.12783575797349878,2591.575,2502.7916666666665,-0.027811273067536058,0.006675878602227625,-0.07541284403669724,0.27820222559696295,397000.0,713875.0,0.5561197688670986,1840689317.5,286,False,jpx_liquidity,JPX流動性
459,3941,レンゴー,パルプ・紙,プライム,3941.T,2026-08-17,1624.0,-0.0076382523678582,0.029803424223208586,0.12115982050396967,0.15095676824946835,0.09824552250461704,1536.55,1453.1833333333334,0.05691321466922661,0.11754653576630614,-0.0076382523678582,0.3583183294014391,804600.0,1187265.0,0.6776920064181122,1836009122.5,286,False,jpx_liquidity,JPX流動性
460,6925,ウシオ電機,電気機器,プライム,6925.T,2026-08-17,4358.0,0.007863089731729778,0.09442491210447002,0.06918547595682045,0.07871287128712878,0.4769479652585975,4047.6,4214.7,0.07668741970550452,0.034000047452962257,-0.09734879867439938,0.7009226730938369,228400.0,447110.0,0.5108362595334481,1808852155.0,286,False,jpx_liquidity,JPX流動性
461,6490,ＰＩＬＬＡＲ,機械,プライム,6490.T,2026-08-17,10480.0,0.02946954813359537,0.01945525291828787,0.03762376237623766,0.1268817204301076,0.36333905968972235,9984.5,9926.166666666666,0.04962692172867955,0.05579528854710625,-0.07256637168141589,0.8064993858155565,108700.0,180705.0,0.6015328850889572,1798136100.0,286,False,jpx_liquidity,JPX流動性
462,9008,京王電鉄,陸運業,プライム,9008.T,2026-08-17,758.0999755859375,-0.0018433501172646638,0.004904495031994083,-0.030562691066576053,-0.008501177357504885,-0.08886478895514904,783.7550018310546,755.8499989827474,-0.032733476896709246,0.0029767501570658883,-0.09835872194065087,0.27202962599553965,1003800.0,2384670.0,0.4209387462416183,1797341723.677063,286,False,jpx_liquidity,JPX流動性
463,9364,上組,倉庫・運輸関連業,プライム,9364.T,2026-08-17,4929.0,-0.0048455481526347155,-0.026081802015411992,-0.03485412179361658,-0.0024286581663630624,-0.09293680564628548,5107.85,4969.733333333334,-0.03501473222588769,-0.008196281490623236,-0.13457815088011682,0.1417194841870947,352200.0,344625.0,1.0219804134929271,1785849820.0,286,False,jpx_liquidity,JPX流動性
464,7389,あいちフィナンシャルグループ,銀行業,プライム,7389.T,2026-08-17,1862.0,-0.0032119914346895317,0.14796547472256472,0.06950028719126933,0.2547169811320755,0.5347646463406535,1737.9,1519.0,0.07140802117498124,0.22580645161290325,-0.006933333333333347,0.6154326882005777,1865200.0,1013500.0,1.8403552047360632,1785295995.0,286,False,jpx_liquidity,JPX流動性
465,3186,ネクステージ,小売業,プライム,3186.T,2026-08-17,3625.0,0.0041551246537396835,0.047687861271676235,0.009749303621169991,0.009749303621169991,-0.014945652173913082,3462.75,3666.6666666666665,0.04685582268428279,-0.011363636363636354,-0.1440377804014168,0.2900905523774011,220400.0,544040.0,0.4051172707889126,1778795050.0,286,False,jpx_liquidity,JPX流動性
466,6266,タツモ,機械,プライム,6266.T,2026-08-17,4050.0,0.00746268656716409,0.20178041543026715,-0.18918918918918914,0.06299212598425208,0.5838873680093859,4106.0,4269.0,-0.013638577691183595,-0.05130007027406891,-0.24581005586592175,1.1992997215253154,296700.0,442295.0,0.6708192495958579,1752737875.0,286,False,jpx_liquidity,JPX流動性
467,6136,オーエスジー,機械,プライム,6136.T,2026-08-17,3955.0,0.012285641156897897,0.006105316713304498,0.012544802867383575,0.21066440033785683,0.41244174761556374,3810.5,3673.6915893554688,0.03792153260726949,0.07657376886498124,-0.03560107290904657,0.4901175139952939,327100.0,467415.0,0.6998063819090102,1747967340.0,286,False,jpx_liquidity,JPX流動性
468,9706,日本空港ビルデング,不動産業,プライム,9706.T,2026-08-17,5504.0,-0.027733615968910108,-0.03910614525139666,0.022668153102935795,0.12143439282803592,0.009864828060719866,5603.5,5171.366666666667,-0.017756759168376934,0.06432213276954513,-0.051198069298396875,0.2869164827317785,306400.0,313945.0,0.9759671280001274,1732503210.0,286,False,jpx_liquidity,JPX流動性
469,5074,テスホールディングス,建設業,プライム,5074.T,2026-08-17,686.0,0.057010785824345156,-0.10909090909090913,-0.13927227101631112,-0.4598425196850394,0.2077464788732395,727.85,876.0992706298828,-0.05749811087449341,-0.21698371063955857,-0.4861423220973783,1.0095333380531137,5267200.0,2313340.0,2.2768810464523157,1720234175.0,286,True,jpx_liquidity,JPX流動性
470,2809,キユーピー,食料品,プライム,2809.T,2026-08-17,4652.0,0.0015069967707213028,0.001291433491175109,0.028066298342541485,0.12463487685766461,0.03432670268042637,4602.1,4356.176057942708,0.010842876078311914,0.06790908772337367,-0.03983488132094948,0.317054625483604,192100.0,373780.0,0.5139386805072502,1712352005.0,286,False,jpx_liquidity,JPX流動性
471,4369,トリケミカル研究所,化学,プライム,4369.T,2026-08-17,3455.0,0.026745913818722045,0.023703703703703782,0.01319648093841641,0.0359820089955023,-0.01846590909090906,3294.8,3518.1833333333334,0.04862207114240613,-0.017959079259655786,-0.17344497607655507,0.7763009078207637,258100.0,534270.0,0.4830890748123608,1705525750.0,286,False,jpx_liquidity,JPX流動性
472,9048,名古屋鉄道,陸運業,プライム,9048.T,2026-08-17,1860.0,-0.0018781862087470236,0.006765899864682012,-0.029986962190352018,-0.007470651013874119,0.033981605356277145,1891.825,1854.8166666666666,-0.01682238050559648,0.0027945259639317044,-0.06743544748057162,0.20562620629329195,373000.0,903990.0,0.4126151837962809,1687944502.5,286,False,jpx_liquidity,JPX流動性
473,6055,ジャパンマテリアル,サービス業,プライム,6055.T,2026-08-17,2290.0,0.02140945584299736,0.04185623293903551,-0.060320065654493216,0.13873694679264048,0.12430318683061325,2244.25,2333.633333333333,0.020385429430767488,-0.0186975960233684,-0.1574687270051508,0.7415920588694858,513100.0,769375.0,0.6669049553208773,1681704975.0,286,False,jpx_liquidity,JPX流動性
474,2222,寿スピリッツ,食料品,プライム,2222.T,2026-08-17,2704.0,-0.015294974508375803,0.036412418551168946,0.028136882129277563,0.3520000000000001,0.38552403260181944,2572.1,2417.9666666666667,0.05128105439135333,0.11829498614538392,-0.015294974508375803,0.3044592883948552,596900.0,637760.0,0.9359320120421475,1666411177.5,286,False,jpx_liquidity,JPX流動性
475,9504,中国電力,電気・ガス業,プライム,9504.T,2026-08-17,933.7999877929688,0.00214638337218398,0.028074425126836333,0.0030075056852509885,0.049685266884049506,-0.15401411161738388,928.6699951171875,904.3633321126302,0.005524021129953649,0.032549590009994356,-0.15589400246621365,0.18416562382669663,1109400.0,1788760.0,0.6202061763456249,1651267541.559143,286,False,jpx_liquidity,JPX流動性
476,2331,ＡＬＳＯＫ,サービス業,プライム,2331.T,2026-08-17,1155.0,-0.011553273427471145,0.003039513677811634,0.02393617021276606,0.004347826086956497,0.004449968481424538,1160.125,1114.4166666666667,-0.004417627410839398,0.036416660435205195,-0.11460329628210042,0.2601889094424653,1010300.0,1424930.0,0.7090172850596169,1648727972.5,286,False,jpx_liquidity,JPX流動性
477,2146,ＵＴグループ,サービス業,プライム,2146.T,2026-08-17,225.0,0.008968609865470878,0.2295081967213115,0.25,0.27840909090909083,0.14190360944567204,192.45,181.5,0.16913484021823866,0.2396694214876034,-0.013157894736842146,0.7600104060307633,6476500.0,8088330.0,0.800721533369682,1639742080.0,286,True,jpx_liquidity,JPX流動性
478,4540,ツムラ,医薬品,プライム,4540.T,2026-08-17,3720.0,-0.008528784648187626,-0.01352426412092278,-0.03651903651903654,-0.04492939666238771,-0.06787945990656108,3821.7,3778.5666666666666,-0.02661119397126932,-0.015499704473477594,-0.09368521806700525,0.24474193771573782,506500.0,416645.0,1.2156632144871533,1636278755.0,286,False,jpx_liquidity,JPX流動性
479,4118,カネカ,化学,プライム,4118.T,2026-08-17,6277.0,-0.010717100078802222,0.05107166778298722,0.10122807017543867,0.15407243978672547,0.25579574735124044,5868.35,5694.05,0.06963626913868448,0.10237879892168134,-0.010717100078802222,0.22405767888476882,271300.0,264800.0,1.024546827794562,1624365955.0,286,False,jpx_liquidity,JPX流動性
480,3397,トリドールホールディングス,小売業,プライム,3397.T,2026-08-17,4152.0,-0.012134189864382638,-0.00883265695870139,0.013671875,0.0926315789473684,-0.029042527438899013,4228.25,3955.2,-0.018033465381659064,0.0497572815533982,-0.09424083769633507,0.37002714792276986,487000.0,366545.0,1.3286226793436005,1623157975.0,286,False,jpx_liquidity,JPX流動性
481,7988,ニフコ,化学,プライム,7988.T,2026-08-17,5053.0,-0.01154147104851333,-0.0039424403705894395,-0.0064883995281164175,0.22705196697425944,-0.005824192113702886,5118.4,4794.85,-0.012777430447014626,0.0538390147762704,-0.0743262293603848,0.24449726098851526,172100.0,322570.0,0.5335276064110116,1621584385.0,286,False,jpx_liquidity,JPX流動性
482,2670,エービーシー・マート,小売業,プライム,2670.T,2026-08-17,2785.0,-0.02177730944854228,-0.002507163323782202,0.051538606758542604,0.05293005671077511,0.08507078372416643,2746.225,2723.5916666666667,0.014119382060828967,0.02254682083400894,-0.05625211792612672,0.2398937780665467,327600.0,603940.0,0.5424379905288604,1607167317.5,286,False,jpx_liquidity,JPX流動性
483,1518,三井松島ホールディングス,その他製品,プライム,1518.T,2026-08-17,2310.0,-0.016602809706257937,0.010940919037199182,0.49224806201550386,0.634819532908705,0.5958997391290488,2175.0,1712.7166666666667,0.06206896551724128,0.34873446668548014,-0.02981940361192781,1.0420871356029608,427800.0,684890.0,0.624625852326651,1598367900.0,286,False,jpx_liquidity,JPX流動性
484,8698,マネックスグループ,証券、商品先物取引業,プライム,8698.T,2026-08-17,686.0,-0.00867052023121384,-0.005797101449275366,-0.09973753280839892,0.025411061285500747,-0.0259758008444807,714.55,676.4,-0.03995521656986911,0.014192785334121938,-0.10677083333333337,0.2906595234942515,1487000.0,2320105.0,0.6409192687399924,1594555510.0,286,False,jpx_liquidity,JPX流動性
485,8282,ケーズホールディングス,小売業,プライム,8282.T,2026-08-17,1912.0,-0.0039072675175827465,0.00764163372859028,0.07718309859154937,-0.05696670776818746,0.14794016356737827,1891.875,1937.2833333333333,0.010637594978526677,-0.013050921823515749,-0.10591536123451017,0.23682963856885272,588200.0,835575.0,0.7039463842264309,1590502262.5,286,False,jpx_liquidity,JPX流動性
486,8544,京葉銀行,銀行業,プライム,8544.T,2026-08-17,2800.0,0.004304160688665792,0.05940219447597417,0.044386422976501416,0.1522633744855968,0.3424451234236472,2708.4,2583.983333333333,0.03382070595185338,0.0835983204226034,-0.04599659284497448,0.566935089438125,323400.0,582125.0,0.5555507837663732,1582216945.0,286,False,jpx_liquidity,JPX流動性
487,2127,日本Ｍ＆Ａセンターホールディングス,サービス業,プライム,2127.T,2026-08-17,655.4000244140625,-0.024992543123897648,0.02023661193328463,-0.02629616968336257,-0.002738873645062756,-0.04544675104332985,661.4450042724609,654.411669921875,-0.009139051348717064,0.0015102947236644848,-0.07173106009000119,0.38283600868041423,1309200.0,2364320.0,0.5537321513162347,1574112231.0162354,286,False,jpx_liquidity,JPX流動性
488,4666,パーク２４,不動産業,プライム,4666.T,2026-08-17,1996.0,-0.006965174129353269,0.0175885801682385,-0.0002504382669672456,0.1061235799390412,-0.09293342422176776,1987.475,1959.4333333333334,0.004289362130341257,0.018661858020175837,-0.11288888888888893,0.21601868642333652,476300.0,802210.0,0.5937348075940215,1565213040.0,286,False,jpx_liquidity,JPX流動性
489,6472,ＮＴＮ,機械,プライム,6472.T,2026-08-17,386.20001220703125,-0.010758149987488919,-0.015047166040917492,-0.009743558443509603,-0.011517788224730152,-0.05848576859242938,383.2849975585938,406.6983317057292,0.007605345022646981,-0.0504017791583411,-0.19440964304554742,0.40796275968960843,2696900.0,4048305.0,0.66618004325267,1546814366.2748718,286,False,jpx_liquidity,JPX流動性
490,8361,大垣共立銀行,銀行業,プライム,8361.T,2026-08-17,8150.0,0.012422360248447228,0.07804232804232814,0.023869346733668362,0.05844155844155852,0.32608627775752286,7627.5,7530.666666666667,0.0685021304490332,0.0822415014164306,-0.009720534629404587,0.5992772532680958,115300.0,203740.0,0.5659173456365957,1542302850.0,286,False,jpx_liquidity,JPX流動性
491,2206,江崎グリコ,食料品,プライム,2206.T,2026-08-17,5151.0,-0.0021309569934133687,0.014176018901358445,0.005269320843091396,-0.0588342773615933,-0.13341184387617766,5093.3,5254.479964192708,0.011328608171519372,-0.019693664244204045,-0.18108108108108112,0.25698392411465787,192700.0,303885.0,0.6341214604208829,1537458835.0,286,False,jpx_liquidity,JPX流動性
492,9404,日本テレビホールディングス,情報・通信業,プライム,9404.T,2026-08-17,2926.5,0.0074010327022375755,0.0020544427324087344,0.01755910987482623,-0.00947706887798272,-0.1179785536885144,2900.375,2860.2083333333335,0.00900745593242247,0.02317721611187995,-0.12991180761720877,0.3107784217236095,347800.0,525445.0,0.6619151385968084,1512132550.0,286,False,jpx_liquidity,JPX流動性
493,3863,日本製紙,パルプ・紙,プライム,3863.T,2026-08-17,1338.0,-0.05774647887323947,-0.04768683274021357,-0.08041237113402067,-0.024070021881838044,0.11178387471057682,1429.85,1328.6166666666666,-0.06423750743084933,0.007062483535506869,-0.1584905660377358,0.467031327076463,788400.0,1051515.0,0.7497753241751187,1495219425.0,286,False,jpx_liquidity,JPX流動性
494,1860,戸田建設,建設業,プライム,1860.T,2026-08-17,1501.5,0.00975117686617355,0.00805639476334341,-0.0072727272727273196,0.029482344874871336,0.01563244676476616,1500.8,1543.475,0.0004664179104478805,-0.02719512787703071,-0.08080808080808077,0.15919783008427882,593700.0,1007930.0,0.589029000029764,1493029062.5,286,False,jpx_liquidity,JPX流動性
495,4812,電通総研,情報・通信業,プライム,4812.T,2026-08-17,2656.0,-0.01410541945063104,-0.014471243042671667,-0.016296296296296253,0.24344569288389506,0.44191096634093374,2688.0,2385.596006266276,-0.011904761904761862,0.11334861100683025,-0.028174167581412335,0.124584795668826,345100.0,561065.0,0.6150802491689911,1490168325.0,286,False,jpx_liquidity,JPX流動性
496,6875,メガチップス,電気機器,プライム,6875.T,2026-08-17,11790.0,0.04800000000000004,0.06216216216216219,0.18018018018018012,0.04244031830238737,0.3653047688569704,9922.5,10693.5,0.1882086167800454,0.10253892551550003,-0.10068649885583525,0.6017628594587212,147100.0,147085.0,1.0001019818472312,1488876400.0,286,False,jpx_liquidity,JPX流動性
497,5032,ＡＮＹＣＯＬＯＲ,情報・通信業,プライム,5032.T,2026-08-17,2802.0,-0.009893992932862195,0.026749725174056493,0.14041514041514036,0.010822510822510845,-0.2813760621735055,2642.95,2550.016666666667,0.06017896668495437,0.09881634760557101,-0.31182622391824366,0.3283818844100164,361900.0,568755.0,0.6363020984430906,1486814080.0,286,False,jpx_liquidity,JPX流動性
498,8714,池田泉州ホールディングス,銀行業,プライム,8714.T,2026-08-17,1103.0,0.0036396724294813776,0.06983511154219202,0.054493307839388105,0.1359423274974254,0.23311315704036217,1028.85,1005.5,0.0720707586139866,0.09696668324216806,0.0,0.5346792787363406,678300.0,1472980.0,0.4604950508492987,1485773715.0,286,False,jpx_liquidity,JPX流動性
499,3687,フィックスターズ,情報・通信業,プライム,3687.T,2026-08-17,2322.0,0.01619256017505477,0.03660714285714284,0.013973799126637543,0.4789808917197451,0.5531772575250835,2174.05,2369.0333333333333,0.06805271267910107,-0.01985338605056919,-0.3612104539202201,0.48811228751784097,467400.0,690550.0,0.67685178480921,1477130500.0,286,False,jpx_liquidity,JPX流動性
500,9006,京浜急行電鉄,陸運業,プライム,9006.T,2026-08-17,1516.0,-0.001646361540994401,0.0073089700996678,-0.04534005037783373,-0.01237785016286641,-0.013667679969858182,1552.65,1513.875,-0.02360480468875803,0.0014036826025927152,-0.08204662428095666,0.2278164265563621,609600.0,959580.0,0.6352779340961671,1471537105.0,286,False,jpx_liquidity,JPX流動性
501,3401,帝人,繊維製品,プライム,3401.T,2026-08-17,1749.5,-0.007094211123722993,-0.0014269406392694028,0.009812409812409717,0.08935242839352431,0.04290613869201865,1703.325,1662.375,0.027108743193459794,0.05240995563576201,-0.02180598266703937,0.2759597423041365,585200.0,866580.0,0.6752982990606753,1460394265.0,286,False,jpx_liquidity,JPX流動性
502,4078,堺化学工業,化学,プライム,4078.T,2026-08-17,4030.0,0.007500000000000062,0.016393442622950838,-0.006165228113440224,0.19762258543833577,0.12416260956357639,4015.0,4428.333333333333,0.0037359900373599153,-0.08995107263831381,-0.3683385579937304,0.5705501559042254,184600.0,367810.0,0.5018895625458797,1457298925.0,286,False,jpx_liquidity,JPX流動性
503,6632,ＪＶＣケンウッド,電気機器,プライム,6632.T,2026-08-17,1027.0,-0.016283524904214586,0.03622240470023064,-0.09475539885412076,-0.072686230248307,-0.20390346558895234,1071.8649963378907,1110.6966654459636,-0.04185694699535425,-0.07535510643885657,-0.22587702267754384,0.68592308544336,1059400.0,1420730.0,0.7456729990920161,1450654534.981079,286,False,jpx_liquidity,JPX流動性
504,9507,四国電力,電気・ガス業,プライム,9507.T,2026-08-17,1807.5,0.005004170141784892,0.050566695727986,0.20741482965931857,0.1938573315719947,0.027803512708752365,1660.325,1530.25,0.08864228389020212,0.1811795458258454,-0.018196632265073287,0.25624627743226397,641000.0,863310.0,0.7424911097983343,1449522562.5,286,False,jpx_liquidity,JPX流動性
505,6005,三浦工業,機械,プライム,6005.T,2026-08-17,3187.0,-0.004995316890415213,-0.024188609920391957,-0.016358024691358053,-0.034242424242424296,0.09223458848734989,3182.8,3178.866666666667,0.001319592811360959,0.002558563848751083,-0.07489114658925977,0.3494798851754632,302300.0,461995.0,0.6543360858883754,1448291760.0,286,False,jpx_liquidity,JPX流動性
506,5947,リンナイ,金属製品,プライム,5947.T,2026-08-17,3609.0,-0.011232876712328754,-0.0013835085777531564,-0.0024875621890547706,0.020356234096692072,-0.09973981458096803,3612.55,3544.366666666667,-0.0009826853607562969,0.018235509870122568,-0.12094275365464513,0.2567139766857262,284100.0,397680.0,0.7143934821967411,1447170470.0,286,False,jpx_liquidity,JPX流動性
507,8338,筑波銀行,銀行業,プライム,8338.T,2026-08-17,769.0,0.018543046357615944,0.1704718417047184,0.2015625000000001,0.19224806201550382,0.12862573360292862,666.3,646.65,0.15413477412576926,0.18920590736874665,0.0,0.6515969108425759,1814100.0,2096405.0,0.8653385199901736,1445116115.0,286,False,jpx_liquidity,JPX流動性
508,4180,Ａｐｐｉｅｒ　Ｇｒｏｕｐ,情報・通信業,プライム,4180.T,2026-08-17,1302.0,0.15017667844522964,0.34088568486096804,0.4121475054229935,0.3705263157894736,0.6564885496183206,970.15,900.9666666666667,0.342060506107303,0.44511450664101515,0.0,0.81557583691547,8260600.0,991160.0,8.334274990919731,1441186920.0,286,True,jpx_liquidity,JPX流動性
509,2175,エス・エム・エス,サービス業,プライム,2175.T,2026-08-17,2286.0,-0.0284742881427964,-0.0030527692978630228,-0.09141494435612085,0.21985058697972248,0.3622859683522177,2319.7,2196.0666666666666,-0.014527740656119281,0.04095200510002739,-0.0985804416403786,0.40714950806932604,438900.0,620935.0,0.7068372696014881,1440350860.0,286,False,jpx_liquidity,JPX流動性
510,6617,東光高岳,電気機器,プライム,6617.T,2026-08-17,7820.0,0.011642949547218562,0.012953367875647714,-0.02857142857142858,0.05248990578734869,0.47517678235391103,7640.0,7693.5,0.023560209424083878,0.01644245142002987,-0.09069767441860466,0.7685256671203633,85500.0,194035.0,0.44064215218903807,1430504600.0,286,False,jpx_liquidity,JPX流動性
511,2371,カカクコム,サービス業,プライム,2371.T,2026-08-17,3700.0,-0.004037685060565233,-0.0029641606036109325,0.029493600445186452,0.08791531902381644,1.2065541875164842,3682.75,3504.0333333333333,0.0046839997284637835,0.055926028100950376,-0.005376344086021501,0.06731160591047763,235400.0,428760.0,0.5490250956245919,1423511020.0,286,False,jpx_liquidity,JPX流動性
512,9110,ＮＳユナイテッド海運,海運業,プライム,9110.T,2026-08-17,10440.0,0.0,-0.000956937799043045,0.4829545454545454,0.326556543837357,0.4092030108964968,8893.5,7685.333333333333,0.17389104402091404,0.3584316446911868,-0.000956937799043045,0.691470639925224,99300.0,141900.0,0.6997885835095138,1420265600.0,286,False,jpx_liquidity,JPX流動性
513,3291,飯田グループホールディングス,不動産業,プライム,3291.T,2026-08-17,2291.0,-0.01419965576592086,0.022996204509935225,0.022311468094600606,0.08758604319962027,-0.1350212946231215,2273.35,2199.5666666666666,0.0077638726988804585,0.041568793853334673,-0.16068141256206603,0.24681205183342675,418400.0,617660.0,0.6773953307644983,1407779010.0,286,False,jpx_liquidity,JPX流動性
514,6707,サンケン電気,電気機器,プライム,6707.T,2026-08-17,8423.0,0.017270531400966238,-0.000356040826014703,-0.1111228366399325,-0.10077933169638087,0.03413136893799873,8720.8,9401.616666666667,-0.034148243280432866,-0.10409025398114158,-0.2794696321642429,0.5690279598985831,179800.0,157165.0,1.1440206152769383,1393533730.0,286,False,jpx_liquidity,JPX流動性
515,8388,阿波銀行,銀行業,プライム,8388.T,2026-08-17,9390.0,0.007510729613734002,0.05151175811870101,0.1708229426433916,0.35497835497835495,0.6530908547010752,8627.5,7602.666666666667,0.0883801796580701,0.23509294984216056,0.0,0.42814987607504446,163600.0,157250.0,1.0403815580286169,1392984200.0,286,False,jpx_liquidity,JPX流動性
516,7380,十六フィナンシャルグループ,銀行業,プライム,7380.T,2026-08-17,2591.0,0.0034856700232377413,0.07243377483443703,0.043495771244462356,0.21472105016408816,0.3991184530292926,2452.7,2326.1,0.05638683899376207,0.1138816044022184,0.0,0.5303796057506374,394100.0,564690.0,0.6979050452460642,1391976710.0,286,False,jpx_liquidity,JPX流動性
517,1861,熊谷組,建設業,プライム,1861.T,2026-08-17,1313.0,0.007674597083653145,-0.054034582132564846,-0.11103588354773186,-0.07730147575544621,-0.3458670000631261,1401.2,1410.4833333333333,-0.0629460462460748,-0.06911342447624336,-0.3387427740956208,0.2973143413024371,1763300.0,953635.0,1.8490302893664767,1385635935.0,286,False,jpx_liquidity,JPX流動性
518,4967,小林製薬,化学,プライム,4967.T,2026-08-17,5510.0,-0.010061085159899341,0.006760460442170713,-0.0016307302047472438,-0.05682985279014041,-0.04207232267037553,5563.25,5565.0832112630205,-0.009571743135756927,-0.009898003169393599,-0.09923164950138952,0.2706355947946591,185400.0,245255.0,0.7559478909706224,1380152820.0,286,False,jpx_liquidity,JPX流動性
519,1979,大氣社,建設業,プライム,1979.T,2026-08-17,4140.0,0.014705882352941124,0.020961775585696563,-0.09902067464635478,-0.021276595744680882,0.13936037563717396,4283.25,4525.75,-0.03344423043249867,-0.08523449152074247,-0.16616314199395765,0.3563305854922145,186500.0,325750.0,0.5725249424405219,1372389725.0,286,False,jpx_liquidity,JPX流動性
520,6235,オプトラン,機械,プライム,6235.T,2026-08-17,3205.0,-0.0015576323987538387,0.012638230647709303,-0.04613095238095233,-0.13495276653171395,0.16757741347905286,3135.4,3560.27431640625,0.022198124641193973,-0.09978846707656641,-0.33506224066390045,0.7268357052390476,227800.0,440140.0,0.51756259372018,1372345545.0,286,False,jpx_liquidity,JPX流動性
521,6264,マルマエ,機械,プライム,6264.T,2026-08-17,2232.0,0.03959012575687004,0.09626719056974453,0.06743185078909608,0.008130081300812941,0.2497016805335639,2019.25,2283.1833333333334,0.10536090132474918,-0.02241753107868405,-0.2811594202898551,0.7481980235616156,450200.0,705310.0,0.6383008889708072,1368481310.0,286,False,jpx_liquidity,JPX流動性
522,1719,安藤・間,建設業,プライム,1719.T,2026-08-17,1903.0,0.006878306878306928,0.02615260177945533,0.04877376687792778,0.07910405443719881,-0.08263090098195969,1838.65,1795.85,0.034998504337421465,0.05966533953281172,-0.09227163254523363,0.1250885172988745,592000.0,759285.0,0.7796808839895428,1362691087.5,286,False,jpx_liquidity,JPX流動性
523,4023,クレハ,化学,プライム,4023.T,2026-08-17,4515.0,0.0033333333333334103,0.02149321266968318,0.06737588652482263,0.18503937007874005,-0.03278322935290012,4345.5,4065.25,0.0390058681394545,0.11063280241067575,-0.05644607054062367,0.2100600044304424,149500.0,311075.0,0.4805914972273567,1358700375.0,286,False,jpx_liquidity,JPX流動性
524,7164,全国保証,その他金融業,プライム,7164.T,2026-08-17,3139.0,0.0025550942190992743,0.013234344738541015,0.021145087833441822,0.03700033036009254,0.01073693541314591,3106.95,3006.7916666666665,0.01031558280628908,0.04396990147305413,-0.0380018387986516,0.2086157531709901,310500.0,436280.0,0.7116989089575502,1349861145.0,286,False,jpx_liquidity,JPX流動性
525,1414,ショーボンドホールディングス,建設業,プライム,1414.T,2026-08-17,1267.5,0.0,-0.01744186046511631,-0.003145890680298913,0.005952380952380931,-0.10739436619718312,1295.3,1268.3795776367188,-0.021462209526750486,-0.0006934656251385007,-0.1377551020408163,0.19573887275035678,923700.0,1020585.0,0.9050691515160423,1349631447.5,286,False,jpx_liquidity,JPX流動性
526,6849,日本光電工業,電気機器,プライム,6849.T,2026-08-17,1458.0,-0.01718907987866536,0.016382014639247044,-0.061171925305859576,-0.02409638554216864,-0.11958449236778712,1541.35,1472.65,-0.054075972361890545,-0.009948052829932497,-0.15297956140927538,0.4549702905454009,767400.0,866990.0,0.8851313163934994,1346539230.0,286,False,jpx_liquidity,JPX流動性
527,8242,エイチ・ツー・オー　リテイリング,小売業,プライム,8242.T,2026-08-17,2837.5,-0.010462074978204061,0.01666069509136503,-0.002636203866432374,0.11056751467710368,0.15749600263320773,2838.375,2730.925,-0.00030827498128327413,0.03902523870117269,-0.03813559322033899,0.23408850098166542,292000.0,473635.0,0.6165084928267548,1345714845.0,286,False,jpx_liquidity,JPX流動性
528,6436,アマノ,機械,プライム,6436.T,2026-08-17,3841.0,-0.009029927760577872,-0.023640061006609092,0.014795244385733097,0.05696202531645578,-0.02133431203617886,3878.35,3709.483333333333,-0.009630384055074992,0.03545417376184479,-0.04902203515721715,0.3348252116337956,192400.0,344675.0,0.5582070066004207,1338273670.0,286,False,jpx_liquidity,JPX流動性
529,4272,日本化薬,化学,プライム,4272.T,2026-08-17,2141.0,0.006109022556390897,0.053382533825338196,0.09234693877551026,0.03305186972255725,0.13921643094226166,2005.9,2040.0666666666666,0.06735131362480673,0.049475507336361524,-0.01811511121302456,0.2099383427613457,352200.0,676730.0,0.5204438993394707,1337578735.0,286,False,jpx_liquidity,JPX流動性
530,5715,古河機械金属,非鉄金属,プライム,5715.T,2026-08-17,4255.0,0.009489916963226541,0.11241830065359482,0.1657534246575343,0.10090556274256146,-0.268211430854141,3742.0,3780.0833333333335,0.13709246392303576,0.12563656004056334,-0.28044867586880906,0.5877540171192756,431000.0,340325.0,1.2664364945272901,1333464800.0,286,False,jpx_liquidity,JPX流動性
531,2607,不二製油,食料品,プライム,2607.T,2026-08-17,4484.0,-0.013638363396392461,0.0920603994154896,0.1372051737255897,0.2486772486772486,0.07990037838480468,4092.75,3884.366666666667,0.09559587074705278,0.1543709399215658,-0.013638363396392461,0.42542164260731286,234200.0,315145.0,0.743149978581288,1327833495.0,286,False,jpx_liquidity,JPX流動性
532,4373,シンプレクス・ホールディングス,情報・通信業,プライム,4373.T,2026-08-17,1146.0,-0.022184300341296925,0.04753199268738584,0.07605633802816891,0.14029850746268657,0.3611086705574409,1108.0,1044.8333333333333,0.03429602888086647,0.09682565002392729,-0.031276415891800524,0.4541477007681948,879000.0,1209345.0,0.7268397355593317,1327812535.0,286,False,jpx_liquidity,JPX流動性
533,2121,ＭＩＸＩ,情報・通信業,プライム,2121.T,2026-08-17,3305.0,-0.006015037593984918,0.009160305343511421,0.11730899256254235,0.23736428304005996,0.282865948730205,3102.5,2849.75,0.06526994359387595,0.15975085533818767,-0.027941176470588247,0.6822632676712181,195200.0,424305.0,0.460046428866028,1325970900.0,286,False,jpx_liquidity,JPX流動性
534,7459,メディパルホールディングス,卸売業,プライム,7459.T,2026-08-17,2817.5,-0.0035366931918655586,-0.005471231909636387,0.005173028897609733,-0.006172839506172867,-0.03505497783896083,2858.425,2733.016666666667,-0.014317325100361322,0.030912117867313738,-0.08045039164490864,0.2906801231128658,662000.0,446855.0,1.4814649047230086,1313133227.5,286,False,jpx_liquidity,JPX流動性
535,6258,平田機工,機械,プライム,6258.T,2026-08-17,3785.0,-0.010457516339869244,0.19589257503949442,0.22096774193548385,0.259567387687188,0.38488886665606636,3128.2,3008.7166666666667,0.20996099993606543,0.2580114445250743,-0.02069857697283317,1.004247280655997,313500.0,401395.0,0.7810261712278429,1313025245.0,286,False,jpx_liquidity,JPX流動性
536,4206,アイカ工業,化学,プライム,4206.T,2026-08-17,4066.0,-0.015019379844961267,-0.005138243210178639,0.10159848279599015,0.18232044198895037,0.06347028371236241,3868.35,3665.4166666666665,0.05109413574262933,0.10928725701943853,-0.033285782215882076,0.3128558482294614,162500.0,337525.0,0.48144581882823495,1307793165.0,286,False,jpx_liquidity,JPX流動性
537,8111,ゴールドウイン,繊維製品,プライム,8111.T,2026-08-17,2098.0,-0.016639325052730247,0.011084337349397622,-0.07820738137082606,-0.03606708017459226,-0.13229933797168825,2250.0,2200.5416666666665,-0.06755555555555559,-0.04659837539999612,-0.13863032987899704,0.4044027992333206,621100.0,572445.0,1.0849950650280813,1303295805.0,286,False,jpx_liquidity,JPX流動性
538,3387,クリエイト・レストランツ・ホールディングス,小売業,プライム,3387.T,2026-08-17,773.0,-0.005148005148005175,0.027925531914893664,-0.020278833967046883,0.07960893854748607,0.008151287903488846,771.55,738.3833333333333,0.0018793338085671962,0.04688170101347544,-0.04802955665024633,0.2721147545224659,1648300.0,1718755.0,0.9590081192491077,1300813410.0,286,False,jpx_liquidity,JPX流動性
539,6544,ジャパンエレベーターサービスホールディングス,サービス業,プライム,6544.T,2026-08-17,1527.5,-0.005210029306414898,0.027927321668909766,-0.12263067202757039,-0.1924398625429553,-0.03785372289915334,1621.825,1695.4166666666667,-0.05815978912644704,-0.09904153354632594,-0.1924398625429553,0.3552926085056849,946800.0,790305.0,1.19801848653368,1294690205.0,286,False,jpx_liquidity,JPX流動性
540,2784,アルフレッサ　ホールディングス,卸売業,プライム,2784.T,2026-08-17,2250.0,0.0,0.022727272727272707,-0.021951749619647853,0.0033444816053511683,-0.09505941323793754,2292.575,2228.9666666666667,-0.018570821020031936,0.009436360645441066,-0.14859918884118029,0.2958447445276889,342300.0,577760.0,0.5924605372473,1292253765.0,286,False,jpx_liquidity,JPX流動性
541,3048,ビックカメラ,小売業,プライム,3048.T,2026-08-17,1716.0,-0.006657018813314042,0.0035087719298245723,0.04094631483166511,-0.00952380952380949,-0.024017310353671273,1728.625,1707.0666666666666,-0.007303492660351463,0.00523314848082479,-0.07890499194847023,0.26084145376341966,1099600.0,722755.0,1.5214007512919316,1291829980.0,286,False,jpx_liquidity,JPX流動性
542,4483,ＪＭＤＣ,情報・通信業,プライム,4483.T,2026-08-17,3370.0,-0.028818443804034533,-0.001481481481481528,0.04821150855365475,0.2532539977686872,-0.1507632783523053,3273.25,2999.766666666667,0.02955777896585965,0.12342071049970538,-0.188394126318582,0.6903862718580055,333900.0,385250.0,0.8667099286177806,1288329700.0,286,False,jpx_liquidity,JPX流動性
543,2726,パルグループホールディングス,小売業,プライム,2726.T,2026-08-17,1477.0,-0.01533333333333331,-0.008724832214765055,0.0379479971890373,0.0379479971890373,-0.10586877663272498,1466.9,1442.0333333333333,0.006885268252777799,0.02424816809597563,-0.1070133010882709,0.2744074692369716,406000.0,896155.0,0.4530466269785919,1278949585.0,286,False,jpx_liquidity,JPX流動性
544,5331,ノリタケ,ガラス・土石製品,プライム,5331.T,2026-08-17,3900.0,0.007751937984496138,0.09550561797752799,0.1353711790393013,0.1470588235294117,0.15816889194491002,3531.75,3811.8333333333335,0.10426842217031207,0.02312972760264076,-0.1409691629955947,0.5930240317962401,169900.0,361805.0,0.4695899724989981,1273543025.0,286,False,jpx_liquidity,JPX流動性
545,5463,丸一鋼管,鉄鋼,プライム,5463.T,2026-08-17,1777.5,0.00679694137638065,-0.029484029484029506,-0.03396739130434778,-0.02974890829694321,0.14324091142522533,1791.25,1766.9166666666667,-0.007676203768318235,0.005989718436070435,-0.08139534883720934,0.2745038263937922,778800.0,689360.0,1.1297435302309389,1268257685.0,286,False,jpx_liquidity,JPX流動性
546,3097,物語コーポレーション,小売業,プライム,3097.T,2026-08-17,5610.0,-0.00883392226148405,0.01814882032667886,0.10433070866141736,0.1578947368421053,0.12650602409638556,5350.0,4957.508618164063,0.04859813084112141,0.13161679224222467,-0.031088082901554404,0.36582280675258844,144000.0,231855.0,0.6210778288154234,1267189775.0,286,False,jpx_liquidity,JPX流動性
547,9627,アインホールディングス,小売業,プライム,9627.T,2026-08-17,6108.0,-0.011330527678860447,0.032105441027374004,0.06078499478985755,0.058212058212058215,-0.03567064192600933,5925.4,5718.333333333333,0.03081648496304057,0.06814339842611483,-0.04987588336545434,0.3260897197387316,156700.0,211325.0,0.7415118892700816,1253608295.0,286,False,jpx_liquidity,JPX流動性
548,3101,東洋紡,化学,プライム,3101.T,2026-08-17,1660.0,0.019656019656019597,0.026592455163883644,-0.04432930339666086,0.030415890751086305,0.051783803742800005,1603.0,1694.55,0.03555832813474735,-0.02038889380661535,-0.13315926892950392,0.4926599773578252,362400.0,785560.0,0.4613269514741076,1252215380.0,286,False,jpx_liquidity,JPX流動性
549,2433,博報堂ＤＹホールディングス,サービス業,プライム,2433.T,2026-08-17,1267.0,-0.007053291536050166,0.020128824476650653,0.031339031339031376,0.055393586005831,0.11648472125380449,1270.275,1192.8666666666666,-0.0025781818897483433,0.0621472084055219,-0.09012567324955112,0.45906644328898943,889900.0,961810.0,0.9252347137168464,1243163457.5,286,False,jpx_liquidity,JPX流動性
550,9076,セイノーホールディングス,陸運業,プライム,9076.T,2026-08-17,2799.0,0.008285302593660004,0.03974739970282326,0.03705075954057069,0.07902852737085575,0.11645278066731035,2697.4,2673.733333333333,0.03766590049677454,0.04685084526006089,0.0,0.23902490810558963,383900.0,450990.0,0.8512383866604581,1237646752.5,286,False,jpx_liquidity,JPX流動性
551,8386,百十四銀行,銀行業,プライム,8386.T,2026-08-17,3125.0,0.01296596434359798,0.08809192200557092,0.13926358002187378,0.21030209140201395,0.3435664109656853,2890.3,2658.8166666666666,0.08120264332422233,0.17533489208858577,0.0,0.4824327662671576,351300.0,425240.0,0.8261217194995767,1232762145.0,286,False,jpx_liquidity,JPX流動性
552,2593,伊藤園,食料品,プライム,2593.T,2026-08-17,2935.5,-0.025721871888483294,-0.011782528193906794,-0.02733598409542748,-0.0006808510638297571,-0.026155875215076896,3005.95,2916.4083333333333,-0.023436850247010033,0.006546294100334693,-0.09286155747836833,0.357377103443933,246100.0,409920.0,0.6003610460577674,1222366112.5,286,False,jpx_liquidity,JPX流動性
553,8020,兼松,卸売業,プライム,8020.T,2026-08-17,2177.5,-0.014928749151775667,-0.014036676477247045,0.024705882352941133,-0.0018336007334402993,-0.017989678973578616,2139.65,2101.358333333333,0.017689809080924324,0.03623449911366872,-0.10143765300879515,0.190665364476211,473400.0,575190.0,0.8230323892974495,1221036575.0,286,False,jpx_liquidity,JPX流動性
554,3993,ＰＫＳＨＡ　Ｔｅｃｈｎｏｌｏｇｙ,情報・通信業,プライム,3993.T,2026-08-17,3020.0,-0.04731861198738174,0.05557497378538967,0.017520215633423097,0.09698510715583009,0.08321377331420376,2875.25,2820.133333333333,0.050343448395791635,0.07087135360030272,-0.11566617862371886,0.4507128917342554,600500.0,397945.0,1.5090025003455252,1206240405.0,286,False,jpx_liquidity,JPX流動性
555,7419,ノジマ,小売業,プライム,7419.T,2026-08-17,1298.0,-0.015174506828528056,-0.017411052233156754,-0.029895366218236186,-0.09672929714683365,0.1214502938038835,1354.6,1397.5166666666667,-0.04178355234017417,-0.07120964568102939,-0.1790006325110689,0.35725737167469107,1083200.0,890300.0,1.216668538694822,1203023175.0,286,False,jpx_liquidity,JPX流動性
556,9744,メイテックグループホールディングス,サービス業,プライム,9744.T,2026-08-17,3305.0,-0.015196662693682916,0.005782105903834545,0.025124069478908106,0.1107376911443454,0.01165097096904999,3303.3,3155.241666666667,0.0005146368782731336,0.047463348026696384,-0.027941176470588247,0.16851815587365584,267700.0,361895.0,0.739717321322483,1194207210.0,286,False,jpx_liquidity,JPX流動性
557,8012,長瀬産業,卸売業,プライム,8012.T,2026-08-17,1229.5,-0.01165594855305463,-0.01992825827022715,0.04416135881104033,0.08565121412803522,0.07217905702280802,1198.9,1173.6583333333333,0.02552339644674273,0.04757915066139362,-0.03379174852652256,0.43452762894136243,746200.0,972305.0,0.7674546567177994,1189930097.5,286,False,jpx_liquidity,JPX流動性
558,5832,ちゅうぎんフィナンシャルグループ,銀行業,プライム,5832.T,2026-08-17,3530.0,0.0034110289937463456,0.042836041358936594,0.06325301204819267,0.11708860759493667,0.08649811065435253,3366.35,3194.75,0.04861348344646288,0.1049377885593552,-0.0014144271570014633,0.3965609250114563,204700.0,352305.0,0.5810306410638509,1186591840.0,286,False,jpx_liquidity,JPX流動性
559,3433,トーカロ,金属製品,プライム,3433.T,2026-08-17,2974.0,0.008135593220339077,0.004051316677920358,-0.026513911620294595,-0.05736925515055469,0.040500451383066904,2936.05,3090.6666666666665,0.012925529197391095,-0.03774805867126829,-0.12271386430678466,0.5840967954737518,154600.0,401290.0,0.3852575444192479,1167276830.0,286,False,jpx_liquidity,JPX流動性
560,9533,東邦瓦斯,電気・ガス業,プライム,9533.T,2026-08-17,1185.0,0.008510638297872353,0.05006645990252556,-0.01291128696376509,-0.08740854832499034,-0.15546678296537164,1174.975,1210.4333333333334,0.00853209642758368,-0.021011758874232456,-0.14991456691837723,0.21072873655284113,723200.0,982440.0,0.7361263792190872,1164235280.0,286,False,jpx_liquidity,JPX流動性
561,2229,カルビー,食料品,プライム,2229.T,2026-08-17,3006.0,-0.012807881773398977,0.006697923643670389,0.015540540540540437,0.013144590495449915,0.007006349110282084,2986.575,2929.1,0.00650410587378536,0.026253798094977965,-0.05915492957746482,0.3656067397751286,175700.0,390965.0,0.44940084150755183,1160000895.0,286,False,jpx_liquidity,JPX流動性
562,9418,Ｕ－ＮＥＸＴ　ＨＯＬＤＩＮＧＳ,情報・通信業,プライム,9418.T,2026-08-17,1726.0,-0.0005790387955992848,0.0034883720930232176,0.023724792408066353,0.09378960709759188,-0.05760305760305762,1712.5,1654.3,0.007883211678832103,0.04334159463217069,-0.07254164427727028,0.2902787467171462,645500.0,667840.0,0.966548873981792,1145310210.0,286,False,jpx_liquidity,JPX流動性
563,8060,キヤノンマーケティングジャパン,卸売業,プライム,8060.T,2026-08-17,3603.0,-0.025162337662337664,-0.017184942716857665,0.024744027303754246,-0.013147082990961345,0.062048636698599946,3609.25,3520.9333333333334,-0.0017316617025697756,0.023308213731207728,-0.06439885743962603,0.18187149571658678,223700.0,314745.0,0.7107340863238495,1140314185.0,286,False,jpx_liquidity,JPX流動性
564,8381,山陰合同銀行,銀行業,プライム,8381.T,2026-08-17,2639.0,0.003040668947168479,0.05391373801916943,0.06798866855524088,0.26692270763322123,0.5409848802531474,2465.2,2306.8333333333335,0.07050137919844235,0.1439924860920454,0.0,0.3726505696799591,480000.0,456710.0,1.0509951610431127,1138688460.0,286,False,jpx_liquidity,JPX流動性
565,7278,エクセディ,輸送用機器,プライム,7278.T,2026-08-17,6190.0,0.0032414910858995505,0.03511705685618738,0.04384485666104543,0.04737732656514382,0.04155217328398364,6023.5,5978.666666666667,0.027641736531916594,0.035347903657448665,-0.008012820512820484,0.18534295609414905,151700.0,192090.0,0.7897339788640741,1137048050.0,286,False,jpx_liquidity,JPX流動性
566,8360,山梨中央銀行,銀行業,プライム,8360.T,2026-08-17,7590.0,0.014705882352941124,0.07355021216407365,0.1277860326894502,0.2587064676616915,0.46830781763357554,6897.0,6392.666666666667,0.1004784688995215,0.1872979455626238,0.0,0.6047576290077558,136800.0,163380.0,0.8373117884686008,1136012850.0,286,False,jpx_liquidity,JPX流動性
567,8541,愛媛銀行,銀行業,プライム,8541.T,2026-08-17,3190.0,0.040783034257748874,0.11812127584998255,0.3176373399421726,0.5981963927855711,0.7100705021397737,2763.25,2305.55,0.1544377092192164,0.3836177918501007,0.0,0.6376883262972001,188600.0,400625.0,0.4707644305772231,1118786955.0,286,False,jpx_liquidity,JPX流動性
568,9956,バローホールディングス,小売業,プライム,9956.T,2026-08-17,3210.0,0.0015600624024960652,-0.01078582434514641,-0.033132530120481896,-0.10957004160887651,-0.10258677511028635,3236.75,3406.25,-0.008264462809917328,-0.05761467889908256,-0.1842439644218552,0.27601779269488885,158800.0,515485.0,0.30805940037052487,1116863100.0,286,False,jpx_liquidity,JPX流動性
569,8367,南都銀行,銀行業,プライム,8367.T,2026-08-17,1962.0,0.010819165378670892,0.08517699115044253,0.032088374539716025,0.11604095563139927,0.3639971444894452,1838.75,1791.85,0.0670292318150918,0.09495772525602031,0.0,0.49157624048886844,383800.0,616355.0,0.6226930908323937,1109149015.0,286,False,jpx_liquidity,JPX流動性
570,8086,ニプロ,精密機器,プライム,8086.T,2026-08-17,1583.0,-0.007523510971786829,-0.016770186335403725,0.0018987341772152,-0.07615990662386929,0.028417142580256405,1609.975,1633.6416666666667,-0.016754918554635845,-0.030999250141554913,-0.09517004858531009,0.29663048404184345,676700.0,677670.0,0.9985686248469019,1106612877.5,286,False,jpx_liquidity,JPX流動性
571,6516,山洋電気,電気機器,プライム,6516.T,2026-08-17,6020.0,0.02033898305084736,0.027303754266211566,0.04152249134948094,-0.15921787709497204,0.22917062965563972,5694.0,6271.833333333333,0.05725324903407092,-0.04015306529191354,-0.21614583333333337,0.5218712725921145,118400.0,195540.0,0.6055027104428762,1098197200.0,286,False,jpx_liquidity,JPX流動性
572,7004,カナデビア,機械,プライム,7004.T,2026-08-17,1245.0,-0.0008025682182986049,0.0016090104585679832,0.021328958162428302,-0.06671664167916047,0.16088884194308295,1211.55,1287.7166666666667,0.02760926086418225,-0.033172411115281575,-0.14315209910529936,0.30282757638245605,540900.0,914190.0,0.591671315590851,1092498330.0,286,False,jpx_liquidity,JPX流動性
573,6457,グローリー,機械,プライム,6457.T,2026-08-17,4870.0,-0.011167512690355319,0.003089598352214118,0.15539739027283517,0.1749095295536791,0.20127458131429887,4594.2,4213.483333333334,0.060032214531365646,0.15581328196385402,-0.011167512690355319,0.3066198249073104,190500.0,234435.0,0.8125919764540278,1087771085.0,286,False,jpx_liquidity,JPX流動性
574,4681,リゾートトラスト,サービス業,プライム,4681.T,2026-08-17,1814.0,-0.009555009555009542,0.03156098947967023,0.057725947521865884,0.024569330697542968,-0.0062862876518083866,1776.2,1733.3583333333333,0.02128138723116768,0.04652336745143093,-0.054046146885071256,0.41309379641800564,479200.0,591310.0,0.8104040181968849,1086351870.0,286,False,jpx_liquidity,JPX流動性
575,8022,美津濃,その他製品,プライム,8022.T,2026-08-17,4075.0,-0.04566744730679162,0.020025031289111483,0.10884353741496589,0.257716049382716,0.01288682941274999,3836.0,3531.5,0.06230448383733056,0.15390060880645628,-0.054524361948955935,0.4612246176458637,288500.0,264855.0,1.0892752638236016,1076765200.0,286,False,jpx_liquidity,JPX流動性
576,8628,松井証券,証券、商品先物取引業,プライム,8628.T,2026-08-17,1096.0,-0.008144796380090469,0.020484171322160183,0.0009132420091324533,0.12641315519013352,0.19753174680237873,1083.25,1011.7666666666667,0.011770136164320322,0.08325371462458397,-0.024042742653606397,0.2706472483356874,435100.0,1025220.0,0.42439671485144653,1075291330.0,286,False,jpx_liquidity,JPX流動性
577,2810,ハウス食品グループ本社,食料品,プライム,2810.T,2026-08-17,3769.0,-0.005540897097625286,0.001594472495349386,-0.026852569067906007,0.06049521665728763,0.2500891947756396,3842.45,3699.55,-0.019115408138036916,0.01877255341865891,-0.0827451934777318,0.3063191061474618,163100.0,281075.0,0.5802721693498176,1073988805.0,286,False,jpx_liquidity,JPX流動性
578,8876,リログループ,サービス業,プライム,8876.T,2026-08-17,2118.5,-0.0196668209162425,-0.006565064478311844,0.05529265255292648,0.05819180819180825,0.20897343487601394,2059.75,1960.3583333333333,0.02852287899016881,0.08066977550872934,-0.029990842490842495,0.31325587585304854,291300.0,526680.0,0.5530872636135794,1072436772.5,286,False,jpx_liquidity,JPX流動性
579,5703,日本軽金属ホールディングス,非鉄金属,プライム,5703.T,2026-08-17,3000.0,0.0,0.02951269732326689,0.09729334308705195,-0.021207177814029365,0.02430114453649379,2791.2,2896.9333333333334,0.0748065348237319,0.03557785244166234,-0.08814589665653494,0.36157778434678933,174200.0,387385.0,0.44968184106250886,1069608375.0,286,False,jpx_liquidity,JPX流動性
580,5901,東洋製罐グループホールディングス,金属製品,プライム,5901.T,2026-08-17,4426.0,0.0015840687938446507,0.023352601156069408,0.09149198520345259,0.01887661141804786,0.1301427744631276,4189.4,4061.4333333333334,0.05647586766601442,0.0897630557356599,0.0,0.2593883047687838,245500.0,252845.0,0.9709505823725998,1067952725.0,286,False,jpx_liquidity,JPX流動性
581,2585,ライフドリンク　カンパニー,食料品,プライム,2585.T,2026-08-17,1676.0,-0.06211527700055963,0.10773298083278249,0.16631871955462763,0.14324693042291958,0.2437847866419296,1495.25,1574.5333333333333,0.12088279551914405,0.06444237446015744,-0.07352128247650636,0.7877653372745236,2130400.0,611865.0,3.481813798795486,1052644725.0,286,False,jpx_liquidity,JPX流動性
582,7599,ＩＤＯＭ,卸売業,プライム,7599.T,2026-08-17,1302.0,0.0030816640986133237,0.008520526723470256,0.0038550501156515704,0.010085337470907785,-0.12694211877861428,1294.15,1333.35,0.006065757446972908,-0.02351220609742366,-0.1501305483028721,0.20671692032988315,1174800.0,838920.0,1.4003719067372336,1049241055.0,286,False,jpx_liquidity,JPX流動性
583,9045,京阪ホールディングス,陸運業,プライム,9045.T,2026-08-17,3107.0,-0.011139401654996828,-0.009247448979591844,-0.03658914728682172,0.02136752136752129,-0.08693137294433007,3207.4,3192.116666666667,-0.03130261270811252,-0.02666464780422606,-0.09522422830518351,0.24698922865648903,189700.0,324295.0,0.5849612235772984,1042008375.0,286,False,jpx_liquidity,JPX流動性
584,2327,日鉄ソリューションズ,情報・通信業,プライム,2327.T,2026-08-17,3779.0,-0.015115976022934574,-0.0010573618821041464,-0.009696016771488458,0.06510710259301011,0.05563705710824518,3819.75,3577.7166666666667,-0.01066823745009493,0.05626027773766329,-0.05169385194479292,0.2755070767938801,185400.0,270990.0,0.6841580870142809,1039738150.0,286,False,jpx_liquidity,JPX流動性
585,2760,東京エレクトロン　デバイス,卸売業,プライム,2760.T,2026-08-17,4345.0,-0.015855039637599044,-0.012499999999999956,0.12857142857142856,0.03084223013048626,0.21794373448581328,4060.25,4018.4166666666665,0.07013114955975608,0.08127164513386287,-0.04189636163175303,0.6489475399507323,125400.0,255090.0,0.49159120310478654,1038262550.0,286,False,jpx_liquidity,JPX流動性
586,9072,ニッコンホールディングス,陸運業,プライム,9072.T,2026-08-17,5431.0,0.008354994430003648,0.0174222555264143,0.0011059907834101157,-0.14269928966061562,0.3547245257326319,5228.7,5666.15,0.03869030542964791,-0.041500842723895315,-0.16523209345219803,0.1854270663159381,101700.0,201975.0,0.5035276643148905,1036016950.0,286,False,jpx_liquidity,JPX流動性
587,7240,ＮＯＫ,輸送用機器,プライム,7240.T,2026-08-17,3076.0,-0.006138933764135657,0.016523463317911435,0.03290799194089988,0.07703081232492992,-0.015832469079204325,3016.85,2952.975,0.019606543248752883,0.0416613753926125,-0.05458387360130623,0.22490214369119124,174000.0,348115.0,0.49983482469873464,1033077580.0,286,False,jpx_liquidity,JPX流動性
588,6237,イワキポンプ,機械,プライム,6237.T,2026-08-17,4705.0,0.015102481121898492,-0.13827838827838823,0.016198704103671746,0.48422712933753953,0.6575871436810106,5010.75,4090.9166666666665,-0.06101880955944716,0.15010898127966432,-0.20924369747899163,0.8381585348655322,83600.0,203785.0,0.41023627843069904,1032803525.0,286,False,jpx_liquidity,JPX流動性
589,8522,名古屋銀行,銀行業,プライム,8522.T,2026-08-17,6800.0,-0.010189228529839833,0.054263565891472965,0.019490254872563728,0.10929853181076665,0.2671279367571555,6604.0,6241.166666666667,0.02967898243488798,0.08953988303468896,-0.027181688125894166,0.4344095557281205,124200.0,156495.0,0.7936355794114828,1031424800.0,286,False,jpx_liquidity,JPX流動性
590,7616,コロワイド,小売業,プライム,7616.T,2026-08-17,2005.0,-0.026462733673221606,-0.01691591076244181,0.01983723296032558,0.08115394985171198,0.08861023933709467,2026.525,1888.6916666666666,-0.010621630623851241,0.061581429825761314,-0.07111419967570076,0.3651333299347069,442200.0,502350.0,0.880262765004479,1021304215.0,286,False,jpx_liquidity,JPX流動性
591,6387,サムコ,機械,プライム,6387.T,2026-08-17,10650.0,0.07575757575757569,0.20611551528878813,-0.05483255596396441,-0.015711645101663563,0.7317073170731707,9281.098583984374,11644.163606770833,0.14749346789374984,-0.08537870476096265,-0.34340320591861895,1.08457499962918,119700.0,109900.0,1.089171974522293,1015364200.0,286,True,jpx_liquidity,JPX流動性
592,6800,ヨコオ,電気機器,プライム,6800.T,2026-08-17,4445.0,0.057074910820451796,0.10161090458488231,-0.08444902162718848,-0.08913934426229508,0.4892357363834712,4197.75,5026.916666666667,0.058900601512715145,-0.11576015781708471,-0.30000000000000004,1.0430090472144198,148700.0,243070.0,0.6117579298144568,1011577650.0,286,True,jpx_liquidity,JPX流動性
593,8346,東邦銀行,銀行業,プライム,8346.T,2026-08-17,1002.0,-0.0009970089730807485,0.06369426751592355,0.1788235294117646,0.28791773778920304,0.41250007528507227,910.5,824.0,0.10049423393739709,0.21601941747572817,-0.0009970089730807485,0.4826759220662493,891500.0,1112305.0,0.8014888002840947,1009791660.0,286,False,jpx_liquidity,JPX流動性
594,4187,大阪有機化学工業,化学,プライム,4187.T,2026-08-17,5000.0,0.012145748987854255,0.029866117404737436,-0.040307101727447225,0.0030924438829043055,0.12777690282065368,4890.0,5379.658577473959,0.02249488752556239,-0.07057298748728935,-0.18831168831168832,0.7296952569720244,63500.0,213500.0,0.297423887587822,1004687175.0,286,False,jpx_liquidity,JPX流動性
595,4784,ＧＭＯインターネット,サービス業,プライム,4784.T,2026-08-17,541.0,-0.04920913884007028,0.016917293233082775,-0.019927536231884035,-0.07044673539518898,-0.29396950981716596,537.9,506.2,0.005763153002416921,0.06874753062030825,-0.3220551378446115,0.4507031588063259,3648500.0,1792935.0,2.034931550781261,999734515.0,286,True,jpx_liquidity,JPX流動性
596,2811,カゴメ,食料品,プライム,2811.T,2026-08-17,2628.0,-0.01480787253983129,-0.005110732538330498,-0.028106508875739622,0.026362038664323295,-0.0770851624231782,2681.6,2626.2916666666665,-0.019988066825775586,0.0006504735764940595,-0.09752747252747251,0.34801064492727296,696400.0,346860.0,2.007726460243326,999156237.5,286,False,jpx_liquidity,JPX流動性
597,4028,石原産業,化学,プライム,4028.T,2026-08-17,3115.0,0.001607717041800738,-0.01267828843106178,0.08839972047519207,0.20316724604094238,-0.18347536981877421,3003.2,2983.9,0.037226957911561165,0.04393578873286641,-0.18657611906157479,0.4387087040598524,148400.0,331980.0,0.4470148804144828,998240795.0,286,False,jpx_liquidity,JPX流動性
598,1417,ミライト・ワン,建設業,プライム,1417.T,2026-08-17,3552.0,0.020983041103765476,0.023926203516863698,-0.040000000000000036,-0.08122090015519923,-0.08570451818945646,3545.1,3741.5833333333335,0.0019463484810020582,-0.05066927993941961,-0.1504424778761062,0.21168598015075202,252000.0,277675.0,0.9075357882416494,997690130.0,286,False,jpx_liquidity,JPX流動性
599,4587,ペプチドリーム,医薬品,プライム,4587.T,2026-08-17,1002.5,-0.028114396509936967,0.01642503539240825,0.02400408580183866,-0.15329391891891897,-0.2777377521613833,970.095004272461,1009.1566680908203,0.03340394042317718,-0.006596268251800486,-0.3382838283828383,0.29817854499956287,1431900.0,993765.0,1.4408839111862461,996760575.2624512,286,False,jpx_liquidity,JPX流動性
600,4927,ポーラ・オルビスホールディングス,化学,プライム,4927.T,2026-08-17,1377.5,-0.022009229676961284,-0.01501608866642834,0.038447041085563516,0.08294025157232698,0.022642910170749708,1357.125,1301.0595560709635,0.015013355438887377,0.05875245569839782,-0.03570178508925448,0.32180996324924727,355200.0,724815.0,0.49005608327642225,986559092.5,286,False,jpx_liquidity,JPX流動性
