evaluation_version,factor_key,factor_label,group_name,group_value,horizon,horizon_label,ic_count,mean_ic,median_ic,positive_ic_rate,status
v4,score,総合スコア,全体,全体,1d,1営業日,1,-0.06721312459241675,-0.06721312459241675,0.0,サンプル不足
v4,score,総合スコア,全体,全体,3d,3営業日,1,0.1907482193146812,0.1907482193146812,1.0,サンプル不足
v4,score,総合スコア,全体,全体,5d,5営業日,1,0.222467581567651,0.222467581567651,1.0,サンプル不足
v4,score,総合スコア,全体,全体,10d,10営業日,1,0.025412693745994547,0.025412693745994547,1.0,サンプル不足
v4,score,総合スコア,業種,その他製品,1d,1営業日,0,,,,サンプル不足
v4,score,総合スコア,業種,その他製品,3d,3営業日,0,,,,サンプル不足
v4,score,総合スコア,業種,その他製品,5d,5営業日,0,,,,サンプル不足
v4,score,総合スコア,業種,その他製品,10d,10営業日,0,,,,サンプル不足
v4,score,総合スコア,業種,その他金融業,1d,1営業日,0,,,,サンプル不足
v4,score,総合スコア,業種,その他金融業,3d,3営業日,0,,,,サンプル不足
v4,score,総合スコア,業種,その他金融業,5d,5営業日,0,,,,サンプル不足
v4,score,総合スコア,業種,その他金融業,10d,10営業日,0,,,,サンプル不足
v4,score,総合スコア,業種,ガラス・土石製品,1d,1営業日,0,,,,サンプル不足
v4,score,総合スコア,業種,ガラス・土石製品,3d,3営業日,0,,,,サンプル不足
v4,score,総合スコア,業種,ガラス・土石製品,5d,5営業日,0,,,,サンプル不足
v4,score,総合スコア,業種,ガラス・土石製品,10d,10営業日,0,,,,サンプル不足
v4,score,総合スコア,業種,ゴム製品,1d,1営業日,0,,,,サンプル不足
v4,score,総合スコア,業種,ゴム製品,3d,3営業日,0,,,,サンプル不足
v4,score,総合スコア,業種,ゴム製品,5d,5営業日,0,,,,サンプル不足
v4,score,総合スコア,業種,ゴム製品,10d,10営業日,0,,,,サンプル不足
v4,score,総合スコア,業種,サービス業,1d,1営業日,1,-0.08571428571428573,-0.08571428571428573,0.0,サンプル不足
v4,score,総合スコア,業種,サービス業,3d,3営業日,1,0.08571428571428573,0.08571428571428573,1.0,サンプル不足
v4,score,総合スコア,業種,サービス業,5d,5営業日,1,0.14285714285714288,0.14285714285714288,1.0,サンプル不足
v4,score,総合スコア,業種,サービス業,10d,10営業日,1,0.3714285714285715,0.3714285714285715,1.0,サンプル不足
v4,score,総合スコア,業種,不動産業,1d,1営業日,0,,,,サンプル不足
v4,score,総合スコア,業種,不動産業,3d,3営業日,0,,,,サンプル不足
v4,score,総合スコア,業種,不動産業,5d,5営業日,0,,,,サンプル不足
v4,score,総合スコア,業種,不動産業,10d,10営業日,0,,,,サンプル不足
v4,score,総合スコア,業種,保険業,1d,1営業日,0,,,,サンプル不足
v4,score,総合スコア,業種,保険業,3d,3営業日,0,,,,サンプル不足
v4,score,総合スコア,業種,保険業,5d,5営業日,0,,,,サンプル不足
v4,score,総合スコア,業種,保険業,10d,10営業日,0,,,,サンプル不足
v4,score,総合スコア,業種,化学,1d,1営業日,1,-0.5659340659340659,-0.5659340659340659,0.0,サンプル不足
v4,score,総合スコア,業種,化学,3d,3営業日,1,-0.2967032967032967,-0.2967032967032967,0.0,サンプル不足
v4,score,総合スコア,業種,化学,5d,5営業日,1,-0.08241758241758242,-0.08241758241758242,0.0,サンプル不足
v4,score,総合スコア,業種,化学,10d,10営業日,1,0.15934065934065936,0.15934065934065936,1.0,サンプル不足
v4,score,総合スコア,業種,卸売業,1d,1営業日,0,,,,サンプル不足
v4,score,総合スコア,業種,卸売業,3d,3営業日,0,,,,サンプル不足
v4,score,総合スコア,業種,卸売業,5d,5営業日,0,,,,サンプル不足
v4,score,総合スコア,業種,卸売業,10d,10営業日,0,,,,サンプル不足
v4,score,総合スコア,業種,小売業,1d,1営業日,1,-0.5,-0.5,0.0,サンプル不足
v4,score,総合スコア,業種,小売業,3d,3営業日,1,-0.5,-0.5,0.0,サンプル不足
v4,score,総合スコア,業種,小売業,5d,5営業日,1,-0.5,-0.5,0.0,サンプル不足
v4,score,総合スコア,業種,小売業,10d,10営業日,1,0.5,0.5,1.0,サンプル不足
v4,score,総合スコア,業種,建設業,1d,1営業日,0,,,,サンプル不足
v4,score,総合スコア,業種,建設業,3d,3営業日,0,,,,サンプル不足
v4,score,総合スコア,業種,建設業,5d,5営業日,0,,,,サンプル不足
v4,score,総合スコア,業種,建設業,10d,10営業日,0,,,,サンプル不足
v4,score,総合スコア,業種,情報・通信業,1d,1営業日,1,-0.5,-0.5,0.0,サンプル不足
v4,score,総合スコア,業種,情報・通信業,3d,3営業日,1,-1.0,-1.0,0.0,サンプル不足
v4,score,総合スコア,業種,情報・通信業,5d,5営業日,1,-0.5,-0.5,0.0,サンプル不足
v4,score,総合スコア,業種,情報・通信業,10d,10営業日,1,-0.5,-0.5,0.0,サンプル不足
v4,score,総合スコア,業種,機械,1d,1営業日,1,-0.015584415584415586,-0.015584415584415586,0.0,サンプル不足
v4,score,総合スコア,業種,機械,3d,3営業日,1,-0.02077922077922078,-0.02077922077922078,0.0,サンプル不足
v4,score,総合スコア,業種,機械,5d,5営業日,1,0.05454545454545454,0.05454545454545454,1.0,サンプル不足
v4,score,総合スコア,業種,機械,10d,10営業日,1,-0.22987012987012984,-0.22987012987012984,0.0,サンプル不足
v4,score,総合スコア,業種,海運業,1d,1営業日,0,,,,サンプル不足
v4,score,総合スコア,業種,海運業,3d,3営業日,0,,,,サンプル不足
v4,score,総合スコア,業種,海運業,5d,5営業日,0,,,,サンプル不足
v4,score,総合スコア,業種,海運業,10d,10営業日,0,,,,サンプル不足
v4,score,総合スコア,業種,空運業,1d,1営業日,0,,,,サンプル不足
v4,score,総合スコア,業種,空運業,3d,3営業日,0,,,,サンプル不足
v4,score,総合スコア,業種,空運業,5d,5営業日,0,,,,サンプル不足
v4,score,総合スコア,業種,空運業,10d,10営業日,0,,,,サンプル不足
v4,score,総合スコア,業種,繊維製品,1d,1営業日,0,,,,サンプル不足
v4,score,総合スコア,業種,繊維製品,3d,3営業日,0,,,,サンプル不足
v4,score,総合スコア,業種,繊維製品,5d,5営業日,0,,,,サンプル不足
v4,score,総合スコア,業種,繊維製品,10d,10営業日,0,,,,サンプル不足
v4,score,総合スコア,業種,証券、商品先物取引業,1d,1営業日,0,,,,サンプル不足
v4,score,総合スコア,業種,証券、商品先物取引業,3d,3営業日,0,,,,サンプル不足
v4,score,総合スコア,業種,証券、商品先物取引業,5d,5営業日,0,,,,サンプル不足
v4,score,総合スコア,業種,証券、商品先物取引業,10d,10営業日,0,,,,サンプル不足
v4,score,総合スコア,業種,輸送用機器,1d,1営業日,1,-1.0,-1.0,0.0,サンプル不足
v4,score,総合スコア,業種,輸送用機器,3d,3営業日,1,0.5,0.5,1.0,サンプル不足
v4,score,総合スコア,業種,輸送用機器,5d,5営業日,1,0.5,0.5,1.0,サンプル不足
v4,score,総合スコア,業種,輸送用機器,10d,10営業日,1,-0.5,-0.5,0.0,サンプル不足
v4,score,総合スコア,業種,金属製品,1d,1営業日,1,-1.0,-1.0,0.0,サンプル不足
v4,score,総合スコア,業種,金属製品,3d,3営業日,1,-1.0,-1.0,0.0,サンプル不足
v4,score,総合スコア,業種,金属製品,5d,5営業日,1,-0.5,-0.5,0.0,サンプル不足
v4,score,総合スコア,業種,金属製品,10d,10営業日,1,-0.5,-0.5,0.0,サンプル不足
v4,score,総合スコア,業種,鉄鋼,1d,1営業日,0,,,,サンプル不足
v4,score,総合スコア,業種,鉄鋼,3d,3営業日,0,,,,サンプル不足
v4,score,総合スコア,業種,鉄鋼,5d,5営業日,0,,,,サンプル不足
v4,score,総合スコア,業種,鉄鋼,10d,10営業日,0,,,,サンプル不足
v4,score,総合スコア,業種,銀行業,1d,1営業日,1,-0.19999999999999998,-0.19999999999999998,0.0,サンプル不足
v4,score,総合スコア,業種,銀行業,3d,3営業日,1,0.7,0.7,1.0,サンプル不足
v4,score,総合スコア,業種,銀行業,5d,5営業日,1,0.39999999999999997,0.39999999999999997,1.0,サンプル不足
v4,score,総合スコア,業種,銀行業,10d,10営業日,1,0.09999999999999999,0.09999999999999999,1.0,サンプル不足
v4,score,総合スコア,業種,電気機器,1d,1営業日,1,0.0694522868435912,0.0694522868435912,1.0,サンプル不足
v4,score,総合スコア,業種,電気機器,3d,3営業日,1,0.08639186900056467,0.08639186900056467,1.0,サンプル不足
v4,score,総合スコア,業種,電気機器,5d,5営業日,1,-0.09203839638622249,-0.09203839638622249,0.0,サンプル不足
v4,score,総合スコア,業種,電気機器,10d,10営業日,1,-0.3325804630152457,-0.3325804630152457,0.0,サンプル不足
v4,score,総合スコア,業種,食料品,1d,1営業日,0,,,,サンプル不足
v4,score,総合スコア,業種,食料品,3d,3営業日,0,,,,サンプル不足
v4,score,総合スコア,業種,食料品,5d,5営業日,0,,,,サンプル不足
v4,score,総合スコア,業種,食料品,10d,10営業日,0,,,,サンプル不足
v4,return_20d,20日モメンタム,全体,全体,1d,1営業日,1,-0.0833123312331233,-0.0833123312331233,0.0,サンプル不足
v4,return_20d,20日モメンタム,全体,全体,3d,3営業日,1,0.11812781278127811,0.11812781278127811,1.0,サンプル不足
v4,return_20d,20日モメンタム,全体,全体,5d,5営業日,1,0.13466546654665465,0.13466546654665465,1.0,サンプル不足
v4,return_20d,20日モメンタム,全体,全体,10d,10営業日,1,-0.014641464146414639,-0.014641464146414639,0.0,サンプル不足
v4,return_20d,20日モメンタム,業種,その他製品,1d,1営業日,0,,,,サンプル不足
v4,return_20d,20日モメンタム,業種,その他製品,3d,3営業日,0,,,,サンプル不足
v4,return_20d,20日モメンタム,業種,その他製品,5d,5営業日,0,,,,サンプル不足
v4,return_20d,20日モメンタム,業種,その他製品,10d,10営業日,0,,,,サンプル不足
v4,return_20d,20日モメンタム,業種,その他金融業,1d,1営業日,0,,,,サンプル不足
v4,return_20d,20日モメンタム,業種,その他金融業,3d,3営業日,0,,,,サンプル不足
v4,return_20d,20日モメンタム,業種,その他金融業,5d,5営業日,0,,,,サンプル不足
v4,return_20d,20日モメンタム,業種,その他金融業,10d,10営業日,0,,,,サンプル不足
v4,return_20d,20日モメンタム,業種,ガラス・土石製品,1d,1営業日,0,,,,サンプル不足
v4,return_20d,20日モメンタム,業種,ガラス・土石製品,3d,3営業日,0,,,,サンプル不足
v4,return_20d,20日モメンタム,業種,ガラス・土石製品,5d,5営業日,0,,,,サンプル不足
v4,return_20d,20日モメンタム,業種,ガラス・土石製品,10d,10営業日,0,,,,サンプル不足
v4,return_20d,20日モメンタム,業種,ゴム製品,1d,1営業日,0,,,,サンプル不足
v4,return_20d,20日モメンタム,業種,ゴム製品,3d,3営業日,0,,,,サンプル不足
v4,return_20d,20日モメンタム,業種,ゴム製品,5d,5営業日,0,,,,サンプル不足
v4,return_20d,20日モメンタム,業種,ゴム製品,10d,10営業日,0,,,,サンプル不足
v4,return_20d,20日モメンタム,業種,サービス業,1d,1営業日,1,-0.7142857142857143,-0.7142857142857143,0.0,サンプル不足
v4,return_20d,20日モメンタム,業種,サービス業,3d,3営業日,1,-0.48571428571428577,-0.48571428571428577,0.0,サンプル不足
v4,return_20d,20日モメンタム,業種,サービス業,5d,5営業日,1,-0.2571428571428572,-0.2571428571428572,0.0,サンプル不足
v4,return_20d,20日モメンタム,業種,サービス業,10d,10営業日,1,-0.08571428571428573,-0.08571428571428573,0.0,サンプル不足
v4,return_20d,20日モメンタム,業種,不動産業,1d,1営業日,0,,,,サンプル不足
v4,return_20d,20日モメンタム,業種,不動産業,3d,3営業日,0,,,,サンプル不足
v4,return_20d,20日モメンタム,業種,不動産業,5d,5営業日,0,,,,サンプル不足
v4,return_20d,20日モメンタム,業種,不動産業,10d,10営業日,0,,,,サンプル不足
v4,return_20d,20日モメンタム,業種,保険業,1d,1営業日,0,,,,サンプル不足
v4,return_20d,20日モメンタム,業種,保険業,3d,3営業日,0,,,,サンプル不足
v4,return_20d,20日モメンタム,業種,保険業,5d,5営業日,0,,,,サンプル不足
v4,return_20d,20日モメンタム,業種,保険業,10d,10営業日,0,,,,サンプル不足
v4,return_20d,20日モメンタム,業種,化学,1d,1営業日,1,-0.46703296703296704,-0.46703296703296704,0.0,サンプル不足
v4,return_20d,20日モメンタム,業種,化学,3d,3営業日,1,0.3681318681318681,0.3681318681318681,1.0,サンプル不足
v4,return_20d,20日モメンタム,業種,化学,5d,5営業日,1,0.22527472527472525,0.22527472527472525,1.0,サンプル不足
v4,return_20d,20日モメンタム,業種,化学,10d,10営業日,1,-0.0934065934065934,-0.0934065934065934,0.0,サンプル不足
v4,return_20d,20日モメンタム,業種,卸売業,1d,1営業日,0,,,,サンプル不足
v4,return_20d,20日モメンタム,業種,卸売業,3d,3営業日,0,,,,サンプル不足
v4,return_20d,20日モメンタム,業種,卸売業,5d,5営業日,0,,,,サンプル不足
v4,return_20d,20日モメンタム,業種,卸売業,10d,10営業日,0,,,,サンプル不足
v4,return_20d,20日モメンタム,業種,小売業,1d,1営業日,1,-0.5,-0.5,0.0,サンプル不足
v4,return_20d,20日モメンタム,業種,小売業,3d,3営業日,1,-0.5,-0.5,0.0,サンプル不足
v4,return_20d,20日モメンタム,業種,小売業,5d,5営業日,1,-0.5,-0.5,0.0,サンプル不足
v4,return_20d,20日モメンタム,業種,小売業,10d,10営業日,1,0.5,0.5,1.0,サンプル不足
v4,return_20d,20日モメンタム,業種,建設業,1d,1営業日,0,,,,サンプル不足
v4,return_20d,20日モメンタム,業種,建設業,3d,3営業日,0,,,,サンプル不足
v4,return_20d,20日モメンタム,業種,建設業,5d,5営業日,0,,,,サンプル不足
v4,return_20d,20日モメンタム,業種,建設業,10d,10営業日,0,,,,サンプル不足
v4,return_20d,20日モメンタム,業種,情報・通信業,1d,1営業日,1,0.5,0.5,1.0,サンプル不足
v4,return_20d,20日モメンタム,業種,情報・通信業,3d,3営業日,1,-0.5,-0.5,0.0,サンプル不足
v4,return_20d,20日モメンタム,業種,情報・通信業,5d,5営業日,1,-1.0,-1.0,0.0,サンプル不足
v4,return_20d,20日モメンタム,業種,情報・通信業,10d,10営業日,1,0.5,0.5,1.0,サンプル不足
v4,return_20d,20日モメンタム,業種,機械,1d,1営業日,1,0.087012987012987,0.087012987012987,1.0,サンプル不足
v4,return_20d,20日モメンタム,業種,機械,3d,3営業日,1,0.07012987012987014,0.07012987012987014,1.0,サンプル不足
v4,return_20d,20日モメンタム,業種,機械,5d,5営業日,1,0.18311688311688312,0.18311688311688312,1.0,サンプル不足
v4,return_20d,20日モメンタム,業種,機械,10d,10営業日,1,-0.01948051948051948,-0.01948051948051948,0.0,サンプル不足
v4,return_20d,20日モメンタム,業種,海運業,1d,1営業日,0,,,,サンプル不足
v4,return_20d,20日モメンタム,業種,海運業,3d,3営業日,0,,,,サンプル不足
v4,return_20d,20日モメンタム,業種,海運業,5d,5営業日,0,,,,サンプル不足
v4,return_20d,20日モメンタム,業種,海運業,10d,10営業日,0,,,,サンプル不足
v4,return_20d,20日モメンタム,業種,空運業,1d,1営業日,0,,,,サンプル不足
v4,return_20d,20日モメンタム,業種,空運業,3d,3営業日,0,,,,サンプル不足
v4,return_20d,20日モメンタム,業種,空運業,5d,5営業日,0,,,,サンプル不足
v4,return_20d,20日モメンタム,業種,空運業,10d,10営業日,0,,,,サンプル不足
v4,return_20d,20日モメンタム,業種,繊維製品,1d,1営業日,0,,,,サンプル不足
v4,return_20d,20日モメンタム,業種,繊維製品,3d,3営業日,0,,,,サンプル不足
v4,return_20d,20日モメンタム,業種,繊維製品,5d,5営業日,0,,,,サンプル不足
v4,return_20d,20日モメンタム,業種,繊維製品,10d,10営業日,0,,,,サンプル不足
v4,return_20d,20日モメンタム,業種,証券、商品先物取引業,1d,1営業日,0,,,,サンプル不足
v4,return_20d,20日モメンタム,業種,証券、商品先物取引業,3d,3営業日,0,,,,サンプル不足
v4,return_20d,20日モメンタム,業種,証券、商品先物取引業,5d,5営業日,0,,,,サンプル不足
v4,return_20d,20日モメンタム,業種,証券、商品先物取引業,10d,10営業日,0,,,,サンプル不足
v4,return_20d,20日モメンタム,業種,輸送用機器,1d,1営業日,1,-1.0,-1.0,0.0,サンプル不足
v4,return_20d,20日モメンタム,業種,輸送用機器,3d,3営業日,1,0.5,0.5,1.0,サンプル不足
v4,return_20d,20日モメンタム,業種,輸送用機器,5d,5営業日,1,0.5,0.5,1.0,サンプル不足
v4,return_20d,20日モメンタム,業種,輸送用機器,10d,10営業日,1,-0.5,-0.5,0.0,サンプル不足
v4,return_20d,20日モメンタム,業種,金属製品,1d,1営業日,1,-1.0,-1.0,0.0,サンプル不足
v4,return_20d,20日モメンタム,業種,金属製品,3d,3営業日,1,-1.0,-1.0,0.0,サンプル不足
v4,return_20d,20日モメンタム,業種,金属製品,5d,5営業日,1,-0.5,-0.5,0.0,サンプル不足
v4,return_20d,20日モメンタム,業種,金属製品,10d,10営業日,1,-0.5,-0.5,0.0,サンプル不足
v4,return_20d,20日モメンタム,業種,鉄鋼,1d,1営業日,0,,,,サンプル不足
v4,return_20d,20日モメンタム,業種,鉄鋼,3d,3営業日,0,,,,サンプル不足
v4,return_20d,20日モメンタム,業種,鉄鋼,5d,5営業日,0,,,,サンプル不足
v4,return_20d,20日モメンタム,業種,鉄鋼,10d,10営業日,0,,,,サンプル不足
v4,return_20d,20日モメンタム,業種,銀行業,1d,1営業日,1,0.09999999999999999,0.09999999999999999,1.0,サンプル不足
v4,return_20d,20日モメンタム,業種,銀行業,3d,3営業日,1,0.8999999999999998,0.8999999999999998,1.0,サンプル不足
v4,return_20d,20日モメンタム,業種,銀行業,5d,5営業日,1,0.7,0.7,1.0,サンプル不足
v4,return_20d,20日モメンタム,業種,銀行業,10d,10営業日,1,0.3,0.3,1.0,サンプル不足
v4,return_20d,20日モメンタム,業種,電気機器,1d,1営業日,1,0.11236589497459064,0.11236589497459064,1.0,サンプル不足
v4,return_20d,20日モメンタム,業種,電気機器,3d,3営業日,1,0.18464144551101075,0.18464144551101075,1.0,サンプル不足
v4,return_20d,20日モメンタム,業種,電気機器,5d,5営業日,1,0.04912478825522304,0.04912478825522304,1.0,サンプル不足
v4,return_20d,20日モメンタム,業種,電気機器,10d,10営業日,1,-0.2941840767927725,-0.2941840767927725,0.0,サンプル不足
v4,return_20d,20日モメンタム,業種,食料品,1d,1営業日,0,,,,サンプル不足
v4,return_20d,20日モメンタム,業種,食料品,3d,3営業日,0,,,,サンプル不足
v4,return_20d,20日モメンタム,業種,食料品,5d,5営業日,0,,,,サンプル不足
v4,return_20d,20日モメンタム,業種,食料品,10d,10営業日,0,,,,サンプル不足
v4,return_60d,60日モメンタム,全体,全体,1d,1営業日,1,0.1197119711971197,0.1197119711971197,1.0,サンプル不足
v4,return_60d,60日モメンタム,全体,全体,3d,3営業日,1,0.35585958595859585,0.35585958595859585,1.0,サンプル不足
v4,return_60d,60日モメンタム,全体,全体,5d,5営業日,1,0.452001200120012,0.452001200120012,1.0,サンプル不足
v4,return_60d,60日モメンタム,全体,全体,10d,10営業日,1,0.15786378637863788,0.15786378637863788,1.0,サンプル不足
v4,return_60d,60日モメンタム,業種,その他製品,1d,1営業日,0,,,,サンプル不足
v4,return_60d,60日モメンタム,業種,その他製品,3d,3営業日,0,,,,サンプル不足
v4,return_60d,60日モメンタム,業種,その他製品,5d,5営業日,0,,,,サンプル不足
v4,return_60d,60日モメンタム,業種,その他製品,10d,10営業日,0,,,,サンプル不足
v4,return_60d,60日モメンタム,業種,その他金融業,1d,1営業日,0,,,,サンプル不足
v4,return_60d,60日モメンタム,業種,その他金融業,3d,3営業日,0,,,,サンプル不足
v4,return_60d,60日モメンタム,業種,その他金融業,5d,5営業日,0,,,,サンプル不足
v4,return_60d,60日モメンタム,業種,その他金融業,10d,10営業日,0,,,,サンプル不足
v4,return_60d,60日モメンタム,業種,ガラス・土石製品,1d,1営業日,0,,,,サンプル不足
v4,return_60d,60日モメンタム,業種,ガラス・土石製品,3d,3営業日,0,,,,サンプル不足
v4,return_60d,60日モメンタム,業種,ガラス・土石製品,5d,5営業日,0,,,,サンプル不足
v4,return_60d,60日モメンタム,業種,ガラス・土石製品,10d,10営業日,0,,,,サンプル不足
v4,return_60d,60日モメンタム,業種,ゴム製品,1d,1営業日,0,,,,サンプル不足
v4,return_60d,60日モメンタム,業種,ゴム製品,3d,3営業日,0,,,,サンプル不足
v4,return_60d,60日モメンタム,業種,ゴム製品,5d,5営業日,0,,,,サンプル不足
v4,return_60d,60日モメンタム,業種,ゴム製品,10d,10営業日,0,,,,サンプル不足
v4,return_60d,60日モメンタム,業種,サービス業,1d,1営業日,1,0.2,0.2,1.0,サンプル不足
v4,return_60d,60日モメンタム,業種,サービス業,3d,3営業日,1,0.48571428571428577,0.48571428571428577,1.0,サンプル不足
v4,return_60d,60日モメンタム,業種,サービス業,5d,5営業日,1,0.5428571428571429,0.5428571428571429,1.0,サンプル不足
v4,return_60d,60日モメンタム,業種,サービス業,10d,10営業日,1,0.7142857142857143,0.7142857142857143,1.0,サンプル不足
v4,return_60d,60日モメンタム,業種,不動産業,1d,1営業日,0,,,,サンプル不足
v4,return_60d,60日モメンタム,業種,不動産業,3d,3営業日,0,,,,サンプル不足
v4,return_60d,60日モメンタム,業種,不動産業,5d,5営業日,0,,,,サンプル不足
v4,return_60d,60日モメンタム,業種,不動産業,10d,10営業日,0,,,,サンプル不足
v4,return_60d,60日モメンタム,業種,保険業,1d,1営業日,0,,,,サンプル不足
v4,return_60d,60日モメンタム,業種,保険業,3d,3営業日,0,,,,サンプル不足
v4,return_60d,60日モメンタム,業種,保険業,5d,5営業日,0,,,,サンプル不足
v4,return_60d,60日モメンタム,業種,保険業,10d,10営業日,0,,,,サンプル不足
v4,return_60d,60日モメンタム,業種,化学,1d,1営業日,1,-0.2912087912087912,-0.2912087912087912,0.0,サンプル不足
v4,return_60d,60日モメンタム,業種,化学,3d,3営業日,1,0.2747252747252747,0.2747252747252747,1.0,サンプル不足
v4,return_60d,60日モメンタム,業種,化学,5d,5営業日,1,0.3516483516483516,0.3516483516483516,1.0,サンプル不足
v4,return_60d,60日モメンタム,業種,化学,10d,10営業日,1,-0.3681318681318681,-0.3681318681318681,0.0,サンプル不足
v4,return_60d,60日モメンタム,業種,卸売業,1d,1営業日,0,,,,サンプル不足
v4,return_60d,60日モメンタム,業種,卸売業,3d,3営業日,0,,,,サンプル不足
v4,return_60d,60日モメンタム,業種,卸売業,5d,5営業日,0,,,,サンプル不足
v4,return_60d,60日モメンタム,業種,卸売業,10d,10営業日,0,,,,サンプル不足
v4,return_60d,60日モメンタム,業種,小売業,1d,1営業日,1,0.5,0.5,1.0,サンプル不足
v4,return_60d,60日モメンタム,業種,小売業,3d,3営業日,1,0.5,0.5,1.0,サンプル不足
v4,return_60d,60日モメンタム,業種,小売業,5d,5営業日,1,0.5,0.5,1.0,サンプル不足
v4,return_60d,60日モメンタム,業種,小売業,10d,10営業日,1,1.0,1.0,1.0,サンプル不足
v4,return_60d,60日モメンタム,業種,建設業,1d,1営業日,0,,,,サンプル不足
v4,return_60d,60日モメンタム,業種,建設業,3d,3営業日,0,,,,サンプル不足
v4,return_60d,60日モメンタム,業種,建設業,5d,5営業日,0,,,,サンプル不足
v4,return_60d,60日モメンタム,業種,建設業,10d,10営業日,0,,,,サンプル不足
v4,return_60d,60日モメンタム,業種,情報・通信業,1d,1営業日,1,1.0,1.0,1.0,サンプル不足
v4,return_60d,60日モメンタム,業種,情報・通信業,3d,3営業日,1,0.5,0.5,1.0,サンプル不足
v4,return_60d,60日モメンタム,業種,情報・通信業,5d,5営業日,1,-0.5,-0.5,0.0,サンプル不足
v4,return_60d,60日モメンタム,業種,情報・通信業,10d,10営業日,1,1.0,1.0,1.0,サンプル不足
v4,return_60d,60日モメンタム,業種,機械,1d,1営業日,1,0.5,0.5,1.0,サンプル不足
v4,return_60d,60日モメンタム,業種,機械,3d,3営業日,1,0.22857142857142856,0.22857142857142856,1.0,サンプル不足
v4,return_60d,60日モメンタム,業種,機械,5d,5営業日,1,0.22337662337662337,0.22337662337662337,1.0,サンプル不足
v4,return_60d,60日モメンタム,業種,機械,10d,10営業日,1,0.11168831168831168,0.11168831168831168,1.0,サンプル不足
v4,return_60d,60日モメンタム,業種,海運業,1d,1営業日,0,,,,サンプル不足
v4,return_60d,60日モメンタム,業種,海運業,3d,3営業日,0,,,,サンプル不足
v4,return_60d,60日モメンタム,業種,海運業,5d,5営業日,0,,,,サンプル不足
v4,return_60d,60日モメンタム,業種,海運業,10d,10営業日,0,,,,サンプル不足
v4,return_60d,60日モメンタム,業種,空運業,1d,1営業日,0,,,,サンプル不足
v4,return_60d,60日モメンタム,業種,空運業,3d,3営業日,0,,,,サンプル不足
v4,return_60d,60日モメンタム,業種,空運業,5d,5営業日,0,,,,サンプル不足
v4,return_60d,60日モメンタム,業種,空運業,10d,10営業日,0,,,,サンプル不足
v4,return_60d,60日モメンタム,業種,繊維製品,1d,1営業日,0,,,,サンプル不足
v4,return_60d,60日モメンタム,業種,繊維製品,3d,3営業日,0,,,,サンプル不足
v4,return_60d,60日モメンタム,業種,繊維製品,5d,5営業日,0,,,,サンプル不足
v4,return_60d,60日モメンタム,業種,繊維製品,10d,10営業日,0,,,,サンプル不足
v4,return_60d,60日モメンタム,業種,証券、商品先物取引業,1d,1営業日,0,,,,サンプル不足
v4,return_60d,60日モメンタム,業種,証券、商品先物取引業,3d,3営業日,0,,,,サンプル不足
v4,return_60d,60日モメンタム,業種,証券、商品先物取引業,5d,5営業日,0,,,,サンプル不足
v4,return_60d,60日モメンタム,業種,証券、商品先物取引業,10d,10営業日,0,,,,サンプル不足
v4,return_60d,60日モメンタム,業種,輸送用機器,1d,1営業日,1,-0.5,-0.5,0.0,サンプル不足
v4,return_60d,60日モメンタム,業種,輸送用機器,3d,3営業日,1,1.0,1.0,1.0,サンプル不足
v4,return_60d,60日モメンタム,業種,輸送用機器,5d,5営業日,1,1.0,1.0,1.0,サンプル不足
v4,return_60d,60日モメンタム,業種,輸送用機器,10d,10営業日,1,0.5,0.5,1.0,サンプル不足
v4,return_60d,60日モメンタム,業種,金属製品,1d,1営業日,1,-0.5,-0.5,0.0,サンプル不足
v4,return_60d,60日モメンタム,業種,金属製品,3d,3営業日,1,-0.5,-0.5,0.0,サンプル不足
v4,return_60d,60日モメンタム,業種,金属製品,5d,5営業日,1,0.5,0.5,1.0,サンプル不足
v4,return_60d,60日モメンタム,業種,金属製品,10d,10営業日,1,0.5,0.5,1.0,サンプル不足
v4,return_60d,60日モメンタム,業種,鉄鋼,1d,1営業日,0,,,,サンプル不足
v4,return_60d,60日モメンタム,業種,鉄鋼,3d,3営業日,0,,,,サンプル不足
v4,return_60d,60日モメンタム,業種,鉄鋼,5d,5営業日,0,,,,サンプル不足
v4,return_60d,60日モメンタム,業種,鉄鋼,10d,10営業日,0,,,,サンプル不足
v4,return_60d,60日モメンタム,業種,銀行業,1d,1営業日,1,-0.49999999999999994,-0.49999999999999994,0.0,サンプル不足
v4,return_60d,60日モメンタム,業種,銀行業,3d,3営業日,1,0.49999999999999994,0.49999999999999994,1.0,サンプル不足
v4,return_60d,60日モメンタム,業種,銀行業,5d,5営業日,1,0.3,0.3,1.0,サンプル不足
v4,return_60d,60日モメンタム,業種,銀行業,10d,10営業日,1,-0.3,-0.3,0.0,サンプル不足
v4,return_60d,60日モメンタム,業種,電気機器,1d,1営業日,1,0.011857707509881424,0.011857707509881424,1.0,サンプル不足
v4,return_60d,60日モメンタム,業種,電気機器,3d,3営業日,1,0.04573687182382835,0.04573687182382835,1.0,サンプル不足
v4,return_60d,60日モメンタム,業種,電気機器,5d,5営業日,1,0.17108977978543197,0.17108977978543197,1.0,サンプル不足
v4,return_60d,60日モメンタム,業種,電気機器,10d,10営業日,1,-0.05477131564088086,-0.05477131564088086,0.0,サンプル不足
v4,return_60d,60日モメンタム,業種,食料品,1d,1営業日,0,,,,サンプル不足
v4,return_60d,60日モメンタム,業種,食料品,3d,3営業日,0,,,,サンプル不足
v4,return_60d,60日モメンタム,業種,食料品,5d,5営業日,0,,,,サンプル不足
v4,return_60d,60日モメンタム,業種,食料品,10d,10営業日,0,,,,サンプル不足
v4,return_120d,120日モメンタム,全体,全体,1d,1営業日,1,0.026450645064506447,0.026450645064506447,1.0,サンプル不足
v4,return_120d,120日モメンタム,全体,全体,3d,3営業日,1,0.31914791479147914,0.31914791479147914,1.0,サンプル不足
v4,return_120d,120日モメンタム,全体,全体,5d,5営業日,1,0.4600300030003,0.4600300030003,1.0,サンプル不足
v4,return_120d,120日モメンタム,全体,全体,10d,10営業日,1,0.16182418241824179,0.16182418241824179,1.0,サンプル不足
v4,return_120d,120日モメンタム,業種,その他製品,1d,1営業日,0,,,,サンプル不足
v4,return_120d,120日モメンタム,業種,その他製品,3d,3営業日,0,,,,サンプル不足
v4,return_120d,120日モメンタム,業種,その他製品,5d,5営業日,0,,,,サンプル不足
v4,return_120d,120日モメンタム,業種,その他製品,10d,10営業日,0,,,,サンプル不足
v4,return_120d,120日モメンタム,業種,その他金融業,1d,1営業日,0,,,,サンプル不足
v4,return_120d,120日モメンタム,業種,その他金融業,3d,3営業日,0,,,,サンプル不足
v4,return_120d,120日モメンタム,業種,その他金融業,5d,5営業日,0,,,,サンプル不足
v4,return_120d,120日モメンタム,業種,その他金融業,10d,10営業日,0,,,,サンプル不足
v4,return_120d,120日モメンタム,業種,ガラス・土石製品,1d,1営業日,0,,,,サンプル不足
v4,return_120d,120日モメンタム,業種,ガラス・土石製品,3d,3営業日,0,,,,サンプル不足
v4,return_120d,120日モメンタム,業種,ガラス・土石製品,5d,5営業日,0,,,,サンプル不足
v4,return_120d,120日モメンタム,業種,ガラス・土石製品,10d,10営業日,0,,,,サンプル不足
v4,return_120d,120日モメンタム,業種,ゴム製品,1d,1営業日,0,,,,サンプル不足
v4,return_120d,120日モメンタム,業種,ゴム製品,3d,3営業日,0,,,,サンプル不足
v4,return_120d,120日モメンタム,業種,ゴム製品,5d,5営業日,0,,,,サンプル不足
v4,return_120d,120日モメンタム,業種,ゴム製品,10d,10営業日,0,,,,サンプル不足
v4,return_120d,120日モメンタム,業種,サービス業,1d,1営業日,1,0.14285714285714288,0.14285714285714288,1.0,サンプル不足
v4,return_120d,120日モメンタム,業種,サービス業,3d,3営業日,1,0.3714285714285715,0.3714285714285715,1.0,サンプル不足
v4,return_120d,120日モメンタム,業種,サービス業,5d,5営業日,1,0.2571428571428572,0.2571428571428572,1.0,サンプル不足
v4,return_120d,120日モメンタム,業種,サービス業,10d,10営業日,1,0.3714285714285715,0.3714285714285715,1.0,サンプル不足
v4,return_120d,120日モメンタム,業種,不動産業,1d,1営業日,0,,,,サンプル不足
v4,return_120d,120日モメンタム,業種,不動産業,3d,3営業日,0,,,,サンプル不足
v4,return_120d,120日モメンタム,業種,不動産業,5d,5営業日,0,,,,サンプル不足
v4,return_120d,120日モメンタム,業種,不動産業,10d,10営業日,0,,,,サンプル不足
v4,return_120d,120日モメンタム,業種,保険業,1d,1営業日,0,,,,サンプル不足
v4,return_120d,120日モメンタム,業種,保険業,3d,3営業日,0,,,,サンプル不足
v4,return_120d,120日モメンタム,業種,保険業,5d,5営業日,0,,,,サンプル不足
v4,return_120d,120日モメンタム,業種,保険業,10d,10営業日,0,,,,サンプル不足
v4,return_120d,120日モメンタム,業種,化学,1d,1営業日,1,0.24175824175824176,0.24175824175824176,1.0,サンプル不足
v4,return_120d,120日モメンタム,業種,化学,3d,3営業日,1,0.34065934065934067,0.34065934065934067,1.0,サンプル不足
v4,return_120d,120日モメンタム,業種,化学,5d,5営業日,1,0.5549450549450549,0.5549450549450549,1.0,サンプル不足
v4,return_120d,120日モメンタム,業種,化学,10d,10営業日,1,-0.2582417582417582,-0.2582417582417582,0.0,サンプル不足
v4,return_120d,120日モメンタム,業種,卸売業,1d,1営業日,0,,,,サンプル不足
v4,return_120d,120日モメンタム,業種,卸売業,3d,3営業日,0,,,,サンプル不足
v4,return_120d,120日モメンタム,業種,卸売業,5d,5営業日,0,,,,サンプル不足
v4,return_120d,120日モメンタム,業種,卸売業,10d,10営業日,0,,,,サンプル不足
v4,return_120d,120日モメンタム,業種,小売業,1d,1営業日,1,-0.5,-0.5,0.0,サンプル不足
v4,return_120d,120日モメンタム,業種,小売業,3d,3営業日,1,-0.5,-0.5,0.0,サンプル不足
v4,return_120d,120日モメンタム,業種,小売業,5d,5営業日,1,-0.5,-0.5,0.0,サンプル不足
v4,return_120d,120日モメンタム,業種,小売業,10d,10営業日,1,0.5,0.5,1.0,サンプル不足
v4,return_120d,120日モメンタム,業種,建設業,1d,1営業日,0,,,,サンプル不足
v4,return_120d,120日モメンタム,業種,建設業,3d,3営業日,0,,,,サンプル不足
v4,return_120d,120日モメンタム,業種,建設業,5d,5営業日,0,,,,サンプル不足
v4,return_120d,120日モメンタム,業種,建設業,10d,10営業日,0,,,,サンプル不足
v4,return_120d,120日モメンタム,業種,情報・通信業,1d,1営業日,1,1.0,1.0,1.0,サンプル不足
v4,return_120d,120日モメンタム,業種,情報・通信業,3d,3営業日,1,0.5,0.5,1.0,サンプル不足
v4,return_120d,120日モメンタム,業種,情報・通信業,5d,5営業日,1,-0.5,-0.5,0.0,サンプル不足
v4,return_120d,120日モメンタム,業種,情報・通信業,10d,10営業日,1,1.0,1.0,1.0,サンプル不足
v4,return_120d,120日モメンタム,業種,機械,1d,1営業日,1,0.17922077922077922,0.17922077922077922,1.0,サンプル不足
v4,return_120d,120日モメンタム,業種,機械,3d,3営業日,1,0.14805194805194805,0.14805194805194805,1.0,サンプル不足
v4,return_120d,120日モメンタム,業種,機械,5d,5営業日,1,0.11428571428571428,0.11428571428571428,1.0,サンプル不足
v4,return_120d,120日モメンタム,業種,機械,10d,10営業日,1,-0.059740259740259746,-0.059740259740259746,0.0,サンプル不足
v4,return_120d,120日モメンタム,業種,海運業,1d,1営業日,0,,,,サンプル不足
v4,return_120d,120日モメンタム,業種,海運業,3d,3営業日,0,,,,サンプル不足
v4,return_120d,120日モメンタム,業種,海運業,5d,5営業日,0,,,,サンプル不足
v4,return_120d,120日モメンタム,業種,海運業,10d,10営業日,0,,,,サンプル不足
v4,return_120d,120日モメンタム,業種,空運業,1d,1営業日,0,,,,サンプル不足
v4,return_120d,120日モメンタム,業種,空運業,3d,3営業日,0,,,,サンプル不足
v4,return_120d,120日モメンタム,業種,空運業,5d,5営業日,0,,,,サンプル不足
v4,return_120d,120日モメンタム,業種,空運業,10d,10営業日,0,,,,サンプル不足
v4,return_120d,120日モメンタム,業種,繊維製品,1d,1営業日,0,,,,サンプル不足
v4,return_120d,120日モメンタム,業種,繊維製品,3d,3営業日,0,,,,サンプル不足
v4,return_120d,120日モメンタム,業種,繊維製品,5d,5営業日,0,,,,サンプル不足
v4,return_120d,120日モメンタム,業種,繊維製品,10d,10営業日,0,,,,サンプル不足
v4,return_120d,120日モメンタム,業種,証券、商品先物取引業,1d,1営業日,0,,,,サンプル不足
v4,return_120d,120日モメンタム,業種,証券、商品先物取引業,3d,3営業日,0,,,,サンプル不足
v4,return_120d,120日モメンタム,業種,証券、商品先物取引業,5d,5営業日,0,,,,サンプル不足
v4,return_120d,120日モメンタム,業種,証券、商品先物取引業,10d,10営業日,0,,,,サンプル不足
v4,return_120d,120日モメンタム,業種,輸送用機器,1d,1営業日,1,-1.0,-1.0,0.0,サンプル不足
v4,return_120d,120日モメンタム,業種,輸送用機器,3d,3営業日,1,0.5,0.5,1.0,サンプル不足
v4,return_120d,120日モメンタム,業種,輸送用機器,5d,5営業日,1,0.5,0.5,1.0,サンプル不足
v4,return_120d,120日モメンタム,業種,輸送用機器,10d,10営業日,1,-0.5,-0.5,0.0,サンプル不足
v4,return_120d,120日モメンタム,業種,金属製品,1d,1営業日,1,-0.5,-0.5,0.0,サンプル不足
v4,return_120d,120日モメンタム,業種,金属製品,3d,3営業日,1,-0.5,-0.5,0.0,サンプル不足
v4,return_120d,120日モメンタム,業種,金属製品,5d,5営業日,1,0.5,0.5,1.0,サンプル不足
v4,return_120d,120日モメンタム,業種,金属製品,10d,10営業日,1,0.5,0.5,1.0,サンプル不足
v4,return_120d,120日モメンタム,業種,鉄鋼,1d,1営業日,0,,,,サンプル不足
v4,return_120d,120日モメンタム,業種,鉄鋼,3d,3営業日,0,,,,サンプル不足
v4,return_120d,120日モメンタム,業種,鉄鋼,5d,5営業日,0,,,,サンプル不足
v4,return_120d,120日モメンタム,業種,鉄鋼,10d,10営業日,0,,,,サンプル不足
v4,return_120d,120日モメンタム,業種,銀行業,1d,1営業日,1,-0.3,-0.3,0.0,サンプル不足
v4,return_120d,120日モメンタム,業種,銀行業,3d,3営業日,1,0.3,0.3,1.0,サンプル不足
v4,return_120d,120日モメンタム,業種,銀行業,5d,5営業日,1,0.49999999999999994,0.49999999999999994,1.0,サンプル不足
v4,return_120d,120日モメンタム,業種,銀行業,10d,10営業日,1,-0.49999999999999994,-0.49999999999999994,0.0,サンプル不足
v4,return_120d,120日モメンタム,業種,電気機器,1d,1営業日,1,-0.17221908526256355,-0.17221908526256355,0.0,サンプル不足
v4,return_120d,120日モメンタム,業種,電気機器,3d,3営業日,1,-0.10333145115753813,-0.10333145115753813,0.0,サンプル不足
v4,return_120d,120日モメンタム,業種,電気機器,5d,5営業日,1,0.17221908526256355,0.17221908526256355,1.0,サンプル不足
v4,return_120d,120日モメンタム,業種,電気機器,10d,10営業日,1,-0.0016939582156973462,-0.0016939582156973462,0.0,サンプル不足
v4,return_120d,120日モメンタム,業種,食料品,1d,1営業日,0,,,,サンプル不足
v4,return_120d,120日モメンタム,業種,食料品,3d,3営業日,0,,,,サンプル不足
v4,return_120d,120日モメンタム,業種,食料品,5d,5営業日,0,,,,サンプル不足
v4,return_120d,120日モメンタム,業種,食料品,10d,10営業日,0,,,,サンプル不足
v4,distance_ma20,20日移動平均乖離,全体,全体,1d,1営業日,1,-0.0896009600960096,-0.0896009600960096,0.0,サンプル不足
v4,distance_ma20,20日移動平均乖離,全体,全体,3d,3営業日,1,0.024398439843984394,0.024398439843984394,1.0,サンプル不足
v4,distance_ma20,20日移動平均乖離,全体,全体,5d,5営業日,1,0.050405040504050404,0.050405040504050404,1.0,サンプル不足
v4,distance_ma20,20日移動平均乖離,全体,全体,10d,10営業日,1,-0.027254725472547252,-0.027254725472547252,0.0,サンプル不足
v4,distance_ma20,20日移動平均乖離,業種,その他製品,1d,1営業日,0,,,,サンプル不足
v4,distance_ma20,20日移動平均乖離,業種,その他製品,3d,3営業日,0,,,,サンプル不足
v4,distance_ma20,20日移動平均乖離,業種,その他製品,5d,5営業日,0,,,,サンプル不足
v4,distance_ma20,20日移動平均乖離,業種,その他製品,10d,10営業日,0,,,,サンプル不足
v4,distance_ma20,20日移動平均乖離,業種,その他金融業,1d,1営業日,0,,,,サンプル不足
v4,distance_ma20,20日移動平均乖離,業種,その他金融業,3d,3営業日,0,,,,サンプル不足
v4,distance_ma20,20日移動平均乖離,業種,その他金融業,5d,5営業日,0,,,,サンプル不足
v4,distance_ma20,20日移動平均乖離,業種,その他金融業,10d,10営業日,0,,,,サンプル不足
v4,distance_ma20,20日移動平均乖離,業種,ガラス・土石製品,1d,1営業日,0,,,,サンプル不足
v4,distance_ma20,20日移動平均乖離,業種,ガラス・土石製品,3d,3営業日,0,,,,サンプル不足
v4,distance_ma20,20日移動平均乖離,業種,ガラス・土石製品,5d,5営業日,0,,,,サンプル不足
v4,distance_ma20,20日移動平均乖離,業種,ガラス・土石製品,10d,10営業日,0,,,,サンプル不足
v4,distance_ma20,20日移動平均乖離,業種,ゴム製品,1d,1営業日,0,,,,サンプル不足
v4,distance_ma20,20日移動平均乖離,業種,ゴム製品,3d,3営業日,0,,,,サンプル不足
v4,distance_ma20,20日移動平均乖離,業種,ゴム製品,5d,5営業日,0,,,,サンプル不足
v4,distance_ma20,20日移動平均乖離,業種,ゴム製品,10d,10営業日,0,,,,サンプル不足
v4,distance_ma20,20日移動平均乖離,業種,サービス業,1d,1営業日,1,-0.3142857142857143,-0.3142857142857143,0.0,サンプル不足
v4,distance_ma20,20日移動平均乖離,業種,サービス業,3d,3営業日,1,-0.028571428571428574,-0.028571428571428574,0.0,サンプル不足
v4,distance_ma20,20日移動平均乖離,業種,サービス業,5d,5営業日,1,0.08571428571428573,0.08571428571428573,1.0,サンプル不足
v4,distance_ma20,20日移動平均乖離,業種,サービス業,10d,10営業日,1,0.14285714285714288,0.14285714285714288,1.0,サンプル不足
v4,distance_ma20,20日移動平均乖離,業種,不動産業,1d,1営業日,0,,,,サンプル不足
v4,distance_ma20,20日移動平均乖離,業種,不動産業,3d,3営業日,0,,,,サンプル不足
v4,distance_ma20,20日移動平均乖離,業種,不動産業,5d,5営業日,0,,,,サンプル不足
v4,distance_ma20,20日移動平均乖離,業種,不動産業,10d,10営業日,0,,,,サンプル不足
v4,distance_ma20,20日移動平均乖離,業種,保険業,1d,1営業日,0,,,,サンプル不足
v4,distance_ma20,20日移動平均乖離,業種,保険業,3d,3営業日,0,,,,サンプル不足
v4,distance_ma20,20日移動平均乖離,業種,保険業,5d,5営業日,0,,,,サンプル不足
v4,distance_ma20,20日移動平均乖離,業種,保険業,10d,10営業日,0,,,,サンプル不足
v4,distance_ma20,20日移動平均乖離,業種,化学,1d,1営業日,1,-0.14835164835164835,-0.14835164835164835,0.0,サンプル不足
v4,distance_ma20,20日移動平均乖離,業種,化学,3d,3営業日,1,0.08241758241758242,0.08241758241758242,1.0,サンプル不足
v4,distance_ma20,20日移動平均乖離,業種,化学,5d,5営業日,1,0.32417582417582413,0.32417582417582413,1.0,サンプル不足
v4,distance_ma20,20日移動平均乖離,業種,化学,10d,10営業日,1,0.13186813186813187,0.13186813186813187,1.0,サンプル不足
v4,distance_ma20,20日移動平均乖離,業種,卸売業,1d,1営業日,0,,,,サンプル不足
v4,distance_ma20,20日移動平均乖離,業種,卸売業,3d,3営業日,0,,,,サンプル不足
v4,distance_ma20,20日移動平均乖離,業種,卸売業,5d,5営業日,0,,,,サンプル不足
v4,distance_ma20,20日移動平均乖離,業種,卸売業,10d,10営業日,0,,,,サンプル不足
v4,distance_ma20,20日移動平均乖離,業種,小売業,1d,1営業日,1,-1.0,-1.0,0.0,サンプル不足
v4,distance_ma20,20日移動平均乖離,業種,小売業,3d,3営業日,1,-1.0,-1.0,0.0,サンプル不足
v4,distance_ma20,20日移動平均乖離,業種,小売業,5d,5営業日,1,-1.0,-1.0,0.0,サンプル不足
v4,distance_ma20,20日移動平均乖離,業種,小売業,10d,10営業日,1,-0.5,-0.5,0.0,サンプル不足
v4,distance_ma20,20日移動平均乖離,業種,建設業,1d,1営業日,0,,,,サンプル不足
v4,distance_ma20,20日移動平均乖離,業種,建設業,3d,3営業日,0,,,,サンプル不足
v4,distance_ma20,20日移動平均乖離,業種,建設業,5d,5営業日,0,,,,サンプル不足
v4,distance_ma20,20日移動平均乖離,業種,建設業,10d,10営業日,0,,,,サンプル不足
v4,distance_ma20,20日移動平均乖離,業種,情報・通信業,1d,1営業日,1,0.5,0.5,1.0,サンプル不足
v4,distance_ma20,20日移動平均乖離,業種,情報・通信業,3d,3営業日,1,-0.5,-0.5,0.0,サンプル不足
v4,distance_ma20,20日移動平均乖離,業種,情報・通信業,5d,5営業日,1,-1.0,-1.0,0.0,サンプル不足
v4,distance_ma20,20日移動平均乖離,業種,情報・通信業,10d,10営業日,1,0.5,0.5,1.0,サンプル不足
v4,distance_ma20,20日移動平均乖離,業種,機械,1d,1営業日,1,-0.2909090909090909,-0.2909090909090909,0.0,サンプル不足
v4,distance_ma20,20日移動平均乖離,業種,機械,3d,3営業日,1,-0.24155844155844156,-0.24155844155844156,0.0,サンプル不足
v4,distance_ma20,20日移動平均乖離,業種,機械,5d,5営業日,1,-0.1987012987012987,-0.1987012987012987,0.0,サンプル不足
v4,distance_ma20,20日移動平均乖離,業種,機械,10d,10営業日,1,-0.4194805194805195,-0.4194805194805195,0.0,サンプル不足
v4,distance_ma20,20日移動平均乖離,業種,海運業,1d,1営業日,0,,,,サンプル不足
v4,distance_ma20,20日移動平均乖離,業種,海運業,3d,3営業日,0,,,,サンプル不足
v4,distance_ma20,20日移動平均乖離,業種,海運業,5d,5営業日,0,,,,サンプル不足
v4,distance_ma20,20日移動平均乖離,業種,海運業,10d,10営業日,0,,,,サンプル不足
v4,distance_ma20,20日移動平均乖離,業種,空運業,1d,1営業日,0,,,,サンプル不足
v4,distance_ma20,20日移動平均乖離,業種,空運業,3d,3営業日,0,,,,サンプル不足
v4,distance_ma20,20日移動平均乖離,業種,空運業,5d,5営業日,0,,,,サンプル不足
v4,distance_ma20,20日移動平均乖離,業種,空運業,10d,10営業日,0,,,,サンプル不足
v4,distance_ma20,20日移動平均乖離,業種,繊維製品,1d,1営業日,0,,,,サンプル不足
v4,distance_ma20,20日移動平均乖離,業種,繊維製品,3d,3営業日,0,,,,サンプル不足
v4,distance_ma20,20日移動平均乖離,業種,繊維製品,5d,5営業日,0,,,,サンプル不足
v4,distance_ma20,20日移動平均乖離,業種,繊維製品,10d,10営業日,0,,,,サンプル不足
v4,distance_ma20,20日移動平均乖離,業種,証券、商品先物取引業,1d,1営業日,0,,,,サンプル不足
v4,distance_ma20,20日移動平均乖離,業種,証券、商品先物取引業,3d,3営業日,0,,,,サンプル不足
v4,distance_ma20,20日移動平均乖離,業種,証券、商品先物取引業,5d,5営業日,0,,,,サンプル不足
v4,distance_ma20,20日移動平均乖離,業種,証券、商品先物取引業,10d,10営業日,0,,,,サンプル不足
v4,distance_ma20,20日移動平均乖離,業種,輸送用機器,1d,1営業日,1,-1.0,-1.0,0.0,サンプル不足
v4,distance_ma20,20日移動平均乖離,業種,輸送用機器,3d,3営業日,1,0.5,0.5,1.0,サンプル不足
v4,distance_ma20,20日移動平均乖離,業種,輸送用機器,5d,5営業日,1,0.5,0.5,1.0,サンプル不足
v4,distance_ma20,20日移動平均乖離,業種,輸送用機器,10d,10営業日,1,-0.5,-0.5,0.0,サンプル不足
v4,distance_ma20,20日移動平均乖離,業種,金属製品,1d,1営業日,1,-1.0,-1.0,0.0,サンプル不足
v4,distance_ma20,20日移動平均乖離,業種,金属製品,3d,3営業日,1,-1.0,-1.0,0.0,サンプル不足
v4,distance_ma20,20日移動平均乖離,業種,金属製品,5d,5営業日,1,-0.5,-0.5,0.0,サンプル不足
v4,distance_ma20,20日移動平均乖離,業種,金属製品,10d,10営業日,1,-0.5,-0.5,0.0,サンプル不足
v4,distance_ma20,20日移動平均乖離,業種,鉄鋼,1d,1営業日,0,,,,サンプル不足
v4,distance_ma20,20日移動平均乖離,業種,鉄鋼,3d,3営業日,0,,,,サンプル不足
v4,distance_ma20,20日移動平均乖離,業種,鉄鋼,5d,5営業日,0,,,,サンプル不足
v4,distance_ma20,20日移動平均乖離,業種,鉄鋼,10d,10営業日,0,,,,サンプル不足
v4,distance_ma20,20日移動平均乖離,業種,銀行業,1d,1営業日,1,-0.09999999999999999,-0.09999999999999999,0.0,サンプル不足
v4,distance_ma20,20日移動平均乖離,業種,銀行業,3d,3営業日,1,0.6,0.6,1.0,サンプル不足
v4,distance_ma20,20日移動平均乖離,業種,銀行業,5d,5営業日,1,0.19999999999999998,0.19999999999999998,1.0,サンプル不足
v4,distance_ma20,20日移動平均乖離,業種,銀行業,10d,10営業日,1,0.3,0.3,1.0,サンプル不足
v4,distance_ma20,20日移動平均乖離,業種,電気機器,1d,1営業日,1,0.20722755505364204,0.20722755505364204,1.0,サンプル不足
v4,distance_ma20,20日移動平均乖離,業種,電気機器,3d,3営業日,1,0.30434782608695654,0.30434782608695654,1.0,サンプル不足
v4,distance_ma20,20日移動平均乖離,業種,電気機器,5d,5営業日,1,0.1225296442687747,0.1225296442687747,1.0,サンプル不足
v4,distance_ma20,20日移動平均乖離,業種,電気機器,10d,10営業日,1,-0.17108977978543197,-0.17108977978543197,0.0,サンプル不足
v4,distance_ma20,20日移動平均乖離,業種,食料品,1d,1営業日,0,,,,サンプル不足
v4,distance_ma20,20日移動平均乖離,業種,食料品,3d,3営業日,0,,,,サンプル不足
v4,distance_ma20,20日移動平均乖離,業種,食料品,5d,5営業日,0,,,,サンプル不足
v4,distance_ma20,20日移動平均乖離,業種,食料品,10d,10営業日,0,,,,サンプル不足
v4,distance_ma60,60日移動平均乖離,全体,全体,1d,1営業日,1,0.01836183618361836,0.01836183618361836,1.0,サンプル不足
v4,distance_ma60,60日移動平均乖離,全体,全体,3d,3営業日,1,0.22804680468046803,0.22804680468046803,1.0,サンプル不足
v4,distance_ma60,60日移動平均乖離,全体,全体,5d,5営業日,1,0.3491749174917491,0.3491749174917491,1.0,サンプル不足
v4,distance_ma60,60日移動平均乖離,全体,全体,10d,10営業日,1,0.12255625562556254,0.12255625562556254,1.0,サンプル不足
v4,distance_ma60,60日移動平均乖離,業種,その他製品,1d,1営業日,0,,,,サンプル不足
v4,distance_ma60,60日移動平均乖離,業種,その他製品,3d,3営業日,0,,,,サンプル不足
v4,distance_ma60,60日移動平均乖離,業種,その他製品,5d,5営業日,0,,,,サンプル不足
v4,distance_ma60,60日移動平均乖離,業種,その他製品,10d,10営業日,0,,,,サンプル不足
v4,distance_ma60,60日移動平均乖離,業種,その他金融業,1d,1営業日,0,,,,サンプル不足
v4,distance_ma60,60日移動平均乖離,業種,その他金融業,3d,3営業日,0,,,,サンプル不足
v4,distance_ma60,60日移動平均乖離,業種,その他金融業,5d,5営業日,0,,,,サンプル不足
v4,distance_ma60,60日移動平均乖離,業種,その他金融業,10d,10営業日,0,,,,サンプル不足
v4,distance_ma60,60日移動平均乖離,業種,ガラス・土石製品,1d,1営業日,0,,,,サンプル不足
v4,distance_ma60,60日移動平均乖離,業種,ガラス・土石製品,3d,3営業日,0,,,,サンプル不足
v4,distance_ma60,60日移動平均乖離,業種,ガラス・土石製品,5d,5営業日,0,,,,サンプル不足
v4,distance_ma60,60日移動平均乖離,業種,ガラス・土石製品,10d,10営業日,0,,,,サンプル不足
v4,distance_ma60,60日移動平均乖離,業種,ゴム製品,1d,1営業日,0,,,,サンプル不足
v4,distance_ma60,60日移動平均乖離,業種,ゴム製品,3d,3営業日,0,,,,サンプル不足
v4,distance_ma60,60日移動平均乖離,業種,ゴム製品,5d,5営業日,0,,,,サンプル不足
v4,distance_ma60,60日移動平均乖離,業種,ゴム製品,10d,10営業日,0,,,,サンプル不足
v4,distance_ma60,60日移動平均乖離,業種,サービス業,1d,1営業日,1,0.028571428571428574,0.028571428571428574,1.0,サンプル不足
v4,distance_ma60,60日移動平均乖離,業種,サービス業,3d,3営業日,1,0.3142857142857143,0.3142857142857143,1.0,サンプル不足
v4,distance_ma60,60日移動平均乖離,業種,サービス業,5d,5営業日,1,0.48571428571428577,0.48571428571428577,1.0,サンプル不足
v4,distance_ma60,60日移動平均乖離,業種,サービス業,10d,10営業日,1,0.7142857142857143,0.7142857142857143,1.0,サンプル不足
v4,distance_ma60,60日移動平均乖離,業種,不動産業,1d,1営業日,0,,,,サンプル不足
v4,distance_ma60,60日移動平均乖離,業種,不動産業,3d,3営業日,0,,,,サンプル不足
v4,distance_ma60,60日移動平均乖離,業種,不動産業,5d,5営業日,0,,,,サンプル不足
v4,distance_ma60,60日移動平均乖離,業種,不動産業,10d,10営業日,0,,,,サンプル不足
v4,distance_ma60,60日移動平均乖離,業種,保険業,1d,1営業日,0,,,,サンプル不足
v4,distance_ma60,60日移動平均乖離,業種,保険業,3d,3営業日,0,,,,サンプル不足
v4,distance_ma60,60日移動平均乖離,業種,保険業,5d,5営業日,0,,,,サンプル不足
v4,distance_ma60,60日移動平均乖離,業種,保険業,10d,10営業日,0,,,,サンプル不足
v4,distance_ma60,60日移動平均乖離,業種,化学,1d,1営業日,1,-0.4340659340659341,-0.4340659340659341,0.0,サンプル不足
v4,distance_ma60,60日移動平均乖離,業種,化学,3d,3営業日,1,0.2857142857142857,0.2857142857142857,1.0,サンプル不足
v4,distance_ma60,60日移動平均乖離,業種,化学,5d,5営業日,1,0.3186813186813187,0.3186813186813187,1.0,サンプル不足
v4,distance_ma60,60日移動平均乖離,業種,化学,10d,10営業日,1,-0.1868131868131868,-0.1868131868131868,0.0,サンプル不足
v4,distance_ma60,60日移動平均乖離,業種,卸売業,1d,1営業日,0,,,,サンプル不足
v4,distance_ma60,60日移動平均乖離,業種,卸売業,3d,3営業日,0,,,,サンプル不足
v4,distance_ma60,60日移動平均乖離,業種,卸売業,5d,5営業日,0,,,,サンプル不足
v4,distance_ma60,60日移動平均乖離,業種,卸売業,10d,10営業日,0,,,,サンプル不足
v4,distance_ma60,60日移動平均乖離,業種,小売業,1d,1営業日,1,-0.5,-0.5,0.0,サンプル不足
v4,distance_ma60,60日移動平均乖離,業種,小売業,3d,3営業日,1,-0.5,-0.5,0.0,サンプル不足
v4,distance_ma60,60日移動平均乖離,業種,小売業,5d,5営業日,1,-0.5,-0.5,0.0,サンプル不足
v4,distance_ma60,60日移動平均乖離,業種,小売業,10d,10営業日,1,0.5,0.5,1.0,サンプル不足
v4,distance_ma60,60日移動平均乖離,業種,建設業,1d,1営業日,0,,,,サンプル不足
v4,distance_ma60,60日移動平均乖離,業種,建設業,3d,3営業日,0,,,,サンプル不足
v4,distance_ma60,60日移動平均乖離,業種,建設業,5d,5営業日,0,,,,サンプル不足
v4,distance_ma60,60日移動平均乖離,業種,建設業,10d,10営業日,0,,,,サンプル不足
v4,distance_ma60,60日移動平均乖離,業種,情報・通信業,1d,1営業日,1,0.5,0.5,1.0,サンプル不足
v4,distance_ma60,60日移動平均乖離,業種,情報・通信業,3d,3営業日,1,-0.5,-0.5,0.0,サンプル不足
v4,distance_ma60,60日移動平均乖離,業種,情報・通信業,5d,5営業日,1,-1.0,-1.0,0.0,サンプル不足
v4,distance_ma60,60日移動平均乖離,業種,情報・通信業,10d,10営業日,1,0.5,0.5,1.0,サンプル不足
v4,distance_ma60,60日移動平均乖離,業種,機械,1d,1営業日,1,0.3103896103896104,0.3103896103896104,1.0,サンプル不足
v4,distance_ma60,60日移動平均乖離,業種,機械,3d,3営業日,1,0.0935064935064935,0.0935064935064935,1.0,サンプル不足
v4,distance_ma60,60日移動平均乖離,業種,機械,5d,5営業日,1,0.14285714285714285,0.14285714285714285,1.0,サンプル不足
v4,distance_ma60,60日移動平均乖離,業種,機械,10d,10営業日,1,-0.006493506493506493,-0.006493506493506493,0.0,サンプル不足
v4,distance_ma60,60日移動平均乖離,業種,海運業,1d,1営業日,0,,,,サンプル不足
v4,distance_ma60,60日移動平均乖離,業種,海運業,3d,3営業日,0,,,,サンプル不足
v4,distance_ma60,60日移動平均乖離,業種,海運業,5d,5営業日,0,,,,サンプル不足
v4,distance_ma60,60日移動平均乖離,業種,海運業,10d,10営業日,0,,,,サンプル不足
v4,distance_ma60,60日移動平均乖離,業種,空運業,1d,1営業日,0,,,,サンプル不足
v4,distance_ma60,60日移動平均乖離,業種,空運業,3d,3営業日,0,,,,サンプル不足
v4,distance_ma60,60日移動平均乖離,業種,空運業,5d,5営業日,0,,,,サンプル不足
v4,distance_ma60,60日移動平均乖離,業種,空運業,10d,10営業日,0,,,,サンプル不足
v4,distance_ma60,60日移動平均乖離,業種,繊維製品,1d,1営業日,0,,,,サンプル不足
v4,distance_ma60,60日移動平均乖離,業種,繊維製品,3d,3営業日,0,,,,サンプル不足
v4,distance_ma60,60日移動平均乖離,業種,繊維製品,5d,5営業日,0,,,,サンプル不足
v4,distance_ma60,60日移動平均乖離,業種,繊維製品,10d,10営業日,0,,,,サンプル不足
v4,distance_ma60,60日移動平均乖離,業種,証券、商品先物取引業,1d,1営業日,0,,,,サンプル不足
v4,distance_ma60,60日移動平均乖離,業種,証券、商品先物取引業,3d,3営業日,0,,,,サンプル不足
v4,distance_ma60,60日移動平均乖離,業種,証券、商品先物取引業,5d,5営業日,0,,,,サンプル不足
v4,distance_ma60,60日移動平均乖離,業種,証券、商品先物取引業,10d,10営業日,0,,,,サンプル不足
v4,distance_ma60,60日移動平均乖離,業種,輸送用機器,1d,1営業日,1,-1.0,-1.0,0.0,サンプル不足
v4,distance_ma60,60日移動平均乖離,業種,輸送用機器,3d,3営業日,1,0.5,0.5,1.0,サンプル不足
v4,distance_ma60,60日移動平均乖離,業種,輸送用機器,5d,5営業日,1,0.5,0.5,1.0,サンプル不足
v4,distance_ma60,60日移動平均乖離,業種,輸送用機器,10d,10営業日,1,-0.5,-0.5,0.0,サンプル不足
v4,distance_ma60,60日移動平均乖離,業種,金属製品,1d,1営業日,1,-1.0,-1.0,0.0,サンプル不足
v4,distance_ma60,60日移動平均乖離,業種,金属製品,3d,3営業日,1,-1.0,-1.0,0.0,サンプル不足
v4,distance_ma60,60日移動平均乖離,業種,金属製品,5d,5営業日,1,-0.5,-0.5,0.0,サンプル不足
v4,distance_ma60,60日移動平均乖離,業種,金属製品,10d,10営業日,1,-0.5,-0.5,0.0,サンプル不足
v4,distance_ma60,60日移動平均乖離,業種,鉄鋼,1d,1営業日,0,,,,サンプル不足
v4,distance_ma60,60日移動平均乖離,業種,鉄鋼,3d,3営業日,0,,,,サンプル不足
v4,distance_ma60,60日移動平均乖離,業種,鉄鋼,5d,5営業日,0,,,,サンプル不足
v4,distance_ma60,60日移動平均乖離,業種,鉄鋼,10d,10営業日,0,,,,サンプル不足
v4,distance_ma60,60日移動平均乖離,業種,銀行業,1d,1営業日,1,-0.49999999999999994,-0.49999999999999994,0.0,サンプル不足
v4,distance_ma60,60日移動平均乖離,業種,銀行業,3d,3営業日,1,0.49999999999999994,0.49999999999999994,1.0,サンプル不足
v4,distance_ma60,60日移動平均乖離,業種,銀行業,5d,5営業日,1,0.3,0.3,1.0,サンプル不足
v4,distance_ma60,60日移動平均乖離,業種,銀行業,10d,10営業日,1,-0.3,-0.3,0.0,サンプル不足
v4,distance_ma60,60日移動平均乖離,業種,電気機器,1d,1営業日,1,0.07622811970638058,0.07622811970638058,1.0,サンプル不足
v4,distance_ma60,60日移動平均乖離,業種,電気機器,3d,3営業日,1,0.10671936758893281,0.10671936758893281,1.0,サンプル不足
v4,distance_ma60,60日移動平均乖離,業種,電気機器,5d,5営業日,1,0.15866741953698477,0.15866741953698477,1.0,サンプル不足
v4,distance_ma60,60日移動平均乖離,業種,電気機器,10d,10営業日,1,-0.14963297571993225,-0.14963297571993225,0.0,サンプル不足
v4,distance_ma60,60日移動平均乖離,業種,食料品,1d,1営業日,0,,,,サンプル不足
v4,distance_ma60,60日移動平均乖離,業種,食料品,3d,3営業日,0,,,,サンプル不足
v4,distance_ma60,60日移動平均乖離,業種,食料品,5d,5営業日,0,,,,サンプル不足
v4,distance_ma60,60日移動平均乖離,業種,食料品,10d,10営業日,0,,,,サンプル不足
v4,avg_turnover_20d,20日平均売買代金,全体,全体,1d,1営業日,1,-0.1051065106510651,-0.1051065106510651,0.0,サンプル不足
v4,avg_turnover_20d,20日平均売買代金,全体,全体,3d,3営業日,1,-0.034695469546954696,-0.034695469546954696,0.0,サンプル不足
v4,avg_turnover_20d,20日平均売買代金,全体,全体,5d,5営業日,1,-0.06822682268226822,-0.06822682268226822,0.0,サンプル不足
v4,avg_turnover_20d,20日平均売買代金,全体,全体,10d,10営業日,1,-0.17432943294329434,-0.17432943294329434,0.0,サンプル不足
v4,avg_turnover_20d,20日平均売買代金,業種,その他製品,1d,1営業日,0,,,,サンプル不足
v4,avg_turnover_20d,20日平均売買代金,業種,その他製品,3d,3営業日,0,,,,サンプル不足
v4,avg_turnover_20d,20日平均売買代金,業種,その他製品,5d,5営業日,0,,,,サンプル不足
v4,avg_turnover_20d,20日平均売買代金,業種,その他製品,10d,10営業日,0,,,,サンプル不足
v4,avg_turnover_20d,20日平均売買代金,業種,その他金融業,1d,1営業日,0,,,,サンプル不足
v4,avg_turnover_20d,20日平均売買代金,業種,その他金融業,3d,3営業日,0,,,,サンプル不足
v4,avg_turnover_20d,20日平均売買代金,業種,その他金融業,5d,5営業日,0,,,,サンプル不足
v4,avg_turnover_20d,20日平均売買代金,業種,その他金融業,10d,10営業日,0,,,,サンプル不足
v4,avg_turnover_20d,20日平均売買代金,業種,ガラス・土石製品,1d,1営業日,0,,,,サンプル不足
v4,avg_turnover_20d,20日平均売買代金,業種,ガラス・土石製品,3d,3営業日,0,,,,サンプル不足
v4,avg_turnover_20d,20日平均売買代金,業種,ガラス・土石製品,5d,5営業日,0,,,,サンプル不足
v4,avg_turnover_20d,20日平均売買代金,業種,ガラス・土石製品,10d,10営業日,0,,,,サンプル不足
v4,avg_turnover_20d,20日平均売買代金,業種,ゴム製品,1d,1営業日,0,,,,サンプル不足
v4,avg_turnover_20d,20日平均売買代金,業種,ゴム製品,3d,3営業日,0,,,,サンプル不足
v4,avg_turnover_20d,20日平均売買代金,業種,ゴム製品,5d,5営業日,0,,,,サンプル不足
v4,avg_turnover_20d,20日平均売買代金,業種,ゴム製品,10d,10営業日,0,,,,サンプル不足
v4,avg_turnover_20d,20日平均売買代金,業種,サービス業,1d,1営業日,1,-0.028571428571428574,-0.028571428571428574,0.0,サンプル不足
v4,avg_turnover_20d,20日平均売買代金,業種,サービス業,3d,3営業日,1,-0.14285714285714288,-0.14285714285714288,0.0,サンプル不足
v4,avg_turnover_20d,20日平均売買代金,業種,サービス業,5d,5営業日,1,-0.3142857142857143,-0.3142857142857143,0.0,サンプル不足
v4,avg_turnover_20d,20日平均売買代金,業種,サービス業,10d,10営業日,1,-0.2571428571428572,-0.2571428571428572,0.0,サンプル不足
v4,avg_turnover_20d,20日平均売買代金,業種,不動産業,1d,1営業日,0,,,,サンプル不足
v4,avg_turnover_20d,20日平均売買代金,業種,不動産業,3d,3営業日,0,,,,サンプル不足
v4,avg_turnover_20d,20日平均売買代金,業種,不動産業,5d,5営業日,0,,,,サンプル不足
v4,avg_turnover_20d,20日平均売買代金,業種,不動産業,10d,10営業日,0,,,,サンプル不足
v4,avg_turnover_20d,20日平均売買代金,業種,保険業,1d,1営業日,0,,,,サンプル不足
v4,avg_turnover_20d,20日平均売買代金,業種,保険業,3d,3営業日,0,,,,サンプル不足
v4,avg_turnover_20d,20日平均売買代金,業種,保険業,5d,5営業日,0,,,,サンプル不足
v4,avg_turnover_20d,20日平均売買代金,業種,保険業,10d,10営業日,0,,,,サンプル不足
v4,avg_turnover_20d,20日平均売買代金,業種,化学,1d,1営業日,1,-0.03846153846153846,-0.03846153846153846,0.0,サンプル不足
v4,avg_turnover_20d,20日平均売買代金,業種,化学,3d,3営業日,1,-0.6813186813186813,-0.6813186813186813,0.0,サンプル不足
v4,avg_turnover_20d,20日平均売買代金,業種,化学,5d,5営業日,1,-0.5439560439560439,-0.5439560439560439,0.0,サンプル不足
v4,avg_turnover_20d,20日平均売買代金,業種,化学,10d,10営業日,1,0.010989010989010988,0.010989010989010988,1.0,サンプル不足
v4,avg_turnover_20d,20日平均売買代金,業種,卸売業,1d,1営業日,0,,,,サンプル不足
v4,avg_turnover_20d,20日平均売買代金,業種,卸売業,3d,3営業日,0,,,,サンプル不足
v4,avg_turnover_20d,20日平均売買代金,業種,卸売業,5d,5営業日,0,,,,サンプル不足
v4,avg_turnover_20d,20日平均売買代金,業種,卸売業,10d,10営業日,0,,,,サンプル不足
v4,avg_turnover_20d,20日平均売買代金,業種,小売業,1d,1営業日,1,-0.5,-0.5,0.0,サンプル不足
v4,avg_turnover_20d,20日平均売買代金,業種,小売業,3d,3営業日,1,-0.5,-0.5,0.0,サンプル不足
v4,avg_turnover_20d,20日平均売買代金,業種,小売業,5d,5営業日,1,-0.5,-0.5,0.0,サンプル不足
v4,avg_turnover_20d,20日平均売買代金,業種,小売業,10d,10営業日,1,0.5,0.5,1.0,サンプル不足
v4,avg_turnover_20d,20日平均売買代金,業種,建設業,1d,1営業日,0,,,,サンプル不足
v4,avg_turnover_20d,20日平均売買代金,業種,建設業,3d,3営業日,0,,,,サンプル不足
v4,avg_turnover_20d,20日平均売買代金,業種,建設業,5d,5営業日,0,,,,サンプル不足
v4,avg_turnover_20d,20日平均売買代金,業種,建設業,10d,10営業日,0,,,,サンプル不足
v4,avg_turnover_20d,20日平均売買代金,業種,情報・通信業,1d,1営業日,1,-0.5,-0.5,0.0,サンプル不足
v4,avg_turnover_20d,20日平均売買代金,業種,情報・通信業,3d,3営業日,1,0.5,0.5,1.0,サンプル不足
v4,avg_turnover_20d,20日平均売買代金,業種,情報・通信業,5d,5営業日,1,1.0,1.0,1.0,サンプル不足
v4,avg_turnover_20d,20日平均売買代金,業種,情報・通信業,10d,10営業日,1,-0.5,-0.5,0.0,サンプル不足
v4,avg_turnover_20d,20日平均売買代金,業種,機械,1d,1営業日,1,-0.2545454545454545,-0.2545454545454545,0.0,サンプル不足
v4,avg_turnover_20d,20日平均売買代金,業種,機械,3d,3営業日,1,-0.08181818181818182,-0.08181818181818182,0.0,サンプル不足
v4,avg_turnover_20d,20日平均売買代金,業種,機械,5d,5営業日,1,-0.08441558441558442,-0.08441558441558442,0.0,サンプル不足
v4,avg_turnover_20d,20日平均売買代金,業種,機械,10d,10営業日,1,-0.26233766233766237,-0.26233766233766237,0.0,サンプル不足
v4,avg_turnover_20d,20日平均売買代金,業種,海運業,1d,1営業日,0,,,,サンプル不足
v4,avg_turnover_20d,20日平均売買代金,業種,海運業,3d,3営業日,0,,,,サンプル不足
v4,avg_turnover_20d,20日平均売買代金,業種,海運業,5d,5営業日,0,,,,サンプル不足
v4,avg_turnover_20d,20日平均売買代金,業種,海運業,10d,10営業日,0,,,,サンプル不足
v4,avg_turnover_20d,20日平均売買代金,業種,空運業,1d,1営業日,0,,,,サンプル不足
v4,avg_turnover_20d,20日平均売買代金,業種,空運業,3d,3営業日,0,,,,サンプル不足
v4,avg_turnover_20d,20日平均売買代金,業種,空運業,5d,5営業日,0,,,,サンプル不足
v4,avg_turnover_20d,20日平均売買代金,業種,空運業,10d,10営業日,0,,,,サンプル不足
v4,avg_turnover_20d,20日平均売買代金,業種,繊維製品,1d,1営業日,0,,,,サンプル不足
v4,avg_turnover_20d,20日平均売買代金,業種,繊維製品,3d,3営業日,0,,,,サンプル不足
v4,avg_turnover_20d,20日平均売買代金,業種,繊維製品,5d,5営業日,0,,,,サンプル不足
v4,avg_turnover_20d,20日平均売買代金,業種,繊維製品,10d,10営業日,0,,,,サンプル不足
v4,avg_turnover_20d,20日平均売買代金,業種,証券、商品先物取引業,1d,1営業日,0,,,,サンプル不足
v4,avg_turnover_20d,20日平均売買代金,業種,証券、商品先物取引業,3d,3営業日,0,,,,サンプル不足
v4,avg_turnover_20d,20日平均売買代金,業種,証券、商品先物取引業,5d,5営業日,0,,,,サンプル不足
v4,avg_turnover_20d,20日平均売買代金,業種,証券、商品先物取引業,10d,10営業日,0,,,,サンプル不足
v4,avg_turnover_20d,20日平均売買代金,業種,輸送用機器,1d,1営業日,1,1.0,1.0,1.0,サンプル不足
v4,avg_turnover_20d,20日平均売買代金,業種,輸送用機器,3d,3営業日,1,-0.5,-0.5,0.0,サンプル不足
v4,avg_turnover_20d,20日平均売買代金,業種,輸送用機器,5d,5営業日,1,-0.5,-0.5,0.0,サンプル不足
v4,avg_turnover_20d,20日平均売買代金,業種,輸送用機器,10d,10営業日,1,0.5,0.5,1.0,サンプル不足
v4,avg_turnover_20d,20日平均売買代金,業種,金属製品,1d,1営業日,1,-1.0,-1.0,0.0,サンプル不足
v4,avg_turnover_20d,20日平均売買代金,業種,金属製品,3d,3営業日,1,-1.0,-1.0,0.0,サンプル不足
v4,avg_turnover_20d,20日平均売買代金,業種,金属製品,5d,5営業日,1,-0.5,-0.5,0.0,サンプル不足
v4,avg_turnover_20d,20日平均売買代金,業種,金属製品,10d,10営業日,1,-0.5,-0.5,0.0,サンプル不足
v4,avg_turnover_20d,20日平均売買代金,業種,鉄鋼,1d,1営業日,0,,,,サンプル不足
v4,avg_turnover_20d,20日平均売買代金,業種,鉄鋼,3d,3営業日,0,,,,サンプル不足
v4,avg_turnover_20d,20日平均売買代金,業種,鉄鋼,5d,5営業日,0,,,,サンプル不足
v4,avg_turnover_20d,20日平均売買代金,業種,鉄鋼,10d,10営業日,0,,,,サンプル不足
v4,avg_turnover_20d,20日平均売買代金,業種,銀行業,1d,1営業日,1,0.3,0.3,1.0,サンプル不足
v4,avg_turnover_20d,20日平均売買代金,業種,銀行業,3d,3営業日,1,0.7,0.7,1.0,サンプル不足
v4,avg_turnover_20d,20日平均売買代金,業種,銀行業,5d,5営業日,1,0.49999999999999994,0.49999999999999994,1.0,サンプル不足
v4,avg_turnover_20d,20日平均売買代金,業種,銀行業,10d,10営業日,1,0.49999999999999994,0.49999999999999994,1.0,サンプル不足
v4,avg_turnover_20d,20日平均売買代金,業種,電気機器,1d,1営業日,1,0.21626199887069456,0.21626199887069456,1.0,サンプル不足
v4,avg_turnover_20d,20日平均売買代金,業種,電気機器,3d,3営業日,1,0.11801242236024848,0.11801242236024848,1.0,サンプル不足
v4,avg_turnover_20d,20日平均売買代金,業種,電気機器,5d,5営業日,1,-0.07058159232072277,-0.07058159232072277,0.0,サンプル不足
v4,avg_turnover_20d,20日平均売買代金,業種,電気機器,10d,10営業日,1,-0.3506493506493507,-0.3506493506493507,0.0,サンプル不足
v4,avg_turnover_20d,20日平均売買代金,業種,食料品,1d,1営業日,0,,,,サンプル不足
v4,avg_turnover_20d,20日平均売買代金,業種,食料品,3d,3営業日,0,,,,サンプル不足
v4,avg_turnover_20d,20日平均売買代金,業種,食料品,5d,5営業日,0,,,,サンプル不足
v4,avg_turnover_20d,20日平均売買代金,業種,食料品,10d,10営業日,0,,,,サンプル不足
v4,volume_ratio_20d,出来高比,全体,全体,1d,1営業日,1,-0.16945694569456943,-0.16945694569456943,0.0,サンプル不足
v4,volume_ratio_20d,出来高比,全体,全体,3d,3営業日,1,-0.12890489048904888,-0.12890489048904888,0.0,サンプル不足
v4,volume_ratio_20d,出来高比,全体,全体,5d,5営業日,1,-0.15915991599159912,-0.15915991599159912,0.0,サンプル不足
v4,volume_ratio_20d,出来高比,全体,全体,10d,10営業日,1,-0.024098409840984093,-0.024098409840984093,0.0,サンプル不足
v4,volume_ratio_20d,出来高比,業種,その他製品,1d,1営業日,0,,,,サンプル不足
v4,volume_ratio_20d,出来高比,業種,その他製品,3d,3営業日,0,,,,サンプル不足
v4,volume_ratio_20d,出来高比,業種,その他製品,5d,5営業日,0,,,,サンプル不足
v4,volume_ratio_20d,出来高比,業種,その他製品,10d,10営業日,0,,,,サンプル不足
v4,volume_ratio_20d,出来高比,業種,その他金融業,1d,1営業日,0,,,,サンプル不足
v4,volume_ratio_20d,出来高比,業種,その他金融業,3d,3営業日,0,,,,サンプル不足
v4,volume_ratio_20d,出来高比,業種,その他金融業,5d,5営業日,0,,,,サンプル不足
v4,volume_ratio_20d,出来高比,業種,その他金融業,10d,10営業日,0,,,,サンプル不足
v4,volume_ratio_20d,出来高比,業種,ガラス・土石製品,1d,1営業日,0,,,,サンプル不足
v4,volume_ratio_20d,出来高比,業種,ガラス・土石製品,3d,3営業日,0,,,,サンプル不足
v4,volume_ratio_20d,出来高比,業種,ガラス・土石製品,5d,5営業日,0,,,,サンプル不足
v4,volume_ratio_20d,出来高比,業種,ガラス・土石製品,10d,10営業日,0,,,,サンプル不足
v4,volume_ratio_20d,出来高比,業種,ゴム製品,1d,1営業日,0,,,,サンプル不足
v4,volume_ratio_20d,出来高比,業種,ゴム製品,3d,3営業日,0,,,,サンプル不足
v4,volume_ratio_20d,出来高比,業種,ゴム製品,5d,5営業日,0,,,,サンプル不足
v4,volume_ratio_20d,出来高比,業種,ゴム製品,10d,10営業日,0,,,,サンプル不足
v4,volume_ratio_20d,出来高比,業種,サービス業,1d,1営業日,1,-0.08571428571428573,-0.08571428571428573,0.0,サンプル不足
v4,volume_ratio_20d,出来高比,業種,サービス業,3d,3営業日,1,-0.08571428571428573,-0.08571428571428573,0.0,サンプル不足
v4,volume_ratio_20d,出来高比,業種,サービス業,5d,5営業日,1,-0.028571428571428574,-0.028571428571428574,0.0,サンプル不足
v4,volume_ratio_20d,出来高比,業種,サービス業,10d,10営業日,1,-0.14285714285714288,-0.14285714285714288,0.0,サンプル不足
v4,volume_ratio_20d,出来高比,業種,不動産業,1d,1営業日,0,,,,サンプル不足
v4,volume_ratio_20d,出来高比,業種,不動産業,3d,3営業日,0,,,,サンプル不足
v4,volume_ratio_20d,出来高比,業種,不動産業,5d,5営業日,0,,,,サンプル不足
v4,volume_ratio_20d,出来高比,業種,不動産業,10d,10営業日,0,,,,サンプル不足
v4,volume_ratio_20d,出来高比,業種,保険業,1d,1営業日,0,,,,サンプル不足
v4,volume_ratio_20d,出来高比,業種,保険業,3d,3営業日,0,,,,サンプル不足
v4,volume_ratio_20d,出来高比,業種,保険業,5d,5営業日,0,,,,サンプル不足
v4,volume_ratio_20d,出来高比,業種,保険業,10d,10営業日,0,,,,サンプル不足
v4,volume_ratio_20d,出来高比,業種,化学,1d,1営業日,1,-0.07142857142857142,-0.07142857142857142,0.0,サンプル不足
v4,volume_ratio_20d,出来高比,業種,化学,3d,3営業日,1,-0.42857142857142855,-0.42857142857142855,0.0,サンプル不足
v4,volume_ratio_20d,出来高比,業種,化学,5d,5営業日,1,-0.16483516483516483,-0.16483516483516483,0.0,サンプル不足
v4,volume_ratio_20d,出来高比,業種,化学,10d,10営業日,1,0.0934065934065934,0.0934065934065934,1.0,サンプル不足
v4,volume_ratio_20d,出来高比,業種,卸売業,1d,1営業日,0,,,,サンプル不足
v4,volume_ratio_20d,出来高比,業種,卸売業,3d,3営業日,0,,,,サンプル不足
v4,volume_ratio_20d,出来高比,業種,卸売業,5d,5営業日,0,,,,サンプル不足
v4,volume_ratio_20d,出来高比,業種,卸売業,10d,10営業日,0,,,,サンプル不足
v4,volume_ratio_20d,出来高比,業種,小売業,1d,1営業日,1,-0.5,-0.5,0.0,サンプル不足
v4,volume_ratio_20d,出来高比,業種,小売業,3d,3営業日,1,-0.5,-0.5,0.0,サンプル不足
v4,volume_ratio_20d,出来高比,業種,小売業,5d,5営業日,1,-0.5,-0.5,0.0,サンプル不足
v4,volume_ratio_20d,出来高比,業種,小売業,10d,10営業日,1,-1.0,-1.0,0.0,サンプル不足
v4,volume_ratio_20d,出来高比,業種,建設業,1d,1営業日,0,,,,サンプル不足
v4,volume_ratio_20d,出来高比,業種,建設業,3d,3営業日,0,,,,サンプル不足
v4,volume_ratio_20d,出来高比,業種,建設業,5d,5営業日,0,,,,サンプル不足
v4,volume_ratio_20d,出来高比,業種,建設業,10d,10営業日,0,,,,サンプル不足
v4,volume_ratio_20d,出来高比,業種,情報・通信業,1d,1営業日,1,-1.0,-1.0,0.0,サンプル不足
v4,volume_ratio_20d,出来高比,業種,情報・通信業,3d,3営業日,1,-0.5,-0.5,0.0,サンプル不足
v4,volume_ratio_20d,出来高比,業種,情報・通信業,5d,5営業日,1,0.5,0.5,1.0,サンプル不足
v4,volume_ratio_20d,出来高比,業種,情報・通信業,10d,10営業日,1,-1.0,-1.0,0.0,サンプル不足
v4,volume_ratio_20d,出来高比,業種,機械,1d,1営業日,1,-0.4090909090909091,-0.4090909090909091,0.0,サンプル不足
v4,volume_ratio_20d,出来高比,業種,機械,3d,3営業日,1,-0.12467532467532469,-0.12467532467532469,0.0,サンプル不足
v4,volume_ratio_20d,出来高比,業種,機械,5d,5営業日,1,-0.05454545454545454,-0.05454545454545454,0.0,サンプル不足
v4,volume_ratio_20d,出来高比,業種,機械,10d,10営業日,1,-0.3246753246753247,-0.3246753246753247,0.0,サンプル不足
v4,volume_ratio_20d,出来高比,業種,海運業,1d,1営業日,0,,,,サンプル不足
v4,volume_ratio_20d,出来高比,業種,海運業,3d,3営業日,0,,,,サンプル不足
v4,volume_ratio_20d,出来高比,業種,海運業,5d,5営業日,0,,,,サンプル不足
v4,volume_ratio_20d,出来高比,業種,海運業,10d,10営業日,0,,,,サンプル不足
v4,volume_ratio_20d,出来高比,業種,空運業,1d,1営業日,0,,,,サンプル不足
v4,volume_ratio_20d,出来高比,業種,空運業,3d,3営業日,0,,,,サンプル不足
v4,volume_ratio_20d,出来高比,業種,空運業,5d,5営業日,0,,,,サンプル不足
v4,volume_ratio_20d,出来高比,業種,空運業,10d,10営業日,0,,,,サンプル不足
v4,volume_ratio_20d,出来高比,業種,繊維製品,1d,1営業日,0,,,,サンプル不足
v4,volume_ratio_20d,出来高比,業種,繊維製品,3d,3営業日,0,,,,サンプル不足
v4,volume_ratio_20d,出来高比,業種,繊維製品,5d,5営業日,0,,,,サンプル不足
v4,volume_ratio_20d,出来高比,業種,繊維製品,10d,10営業日,0,,,,サンプル不足
v4,volume_ratio_20d,出来高比,業種,証券、商品先物取引業,1d,1営業日,0,,,,サンプル不足
v4,volume_ratio_20d,出来高比,業種,証券、商品先物取引業,3d,3営業日,0,,,,サンプル不足
v4,volume_ratio_20d,出来高比,業種,証券、商品先物取引業,5d,5営業日,0,,,,サンプル不足
v4,volume_ratio_20d,出来高比,業種,証券、商品先物取引業,10d,10営業日,0,,,,サンプル不足
v4,volume_ratio_20d,出来高比,業種,輸送用機器,1d,1営業日,1,-0.5,-0.5,0.0,サンプル不足
v4,volume_ratio_20d,出来高比,業種,輸送用機器,3d,3営業日,1,-0.5,-0.5,0.0,サンプル不足
v4,volume_ratio_20d,出来高比,業種,輸送用機器,5d,5営業日,1,-0.5,-0.5,0.0,サンプル不足
v4,volume_ratio_20d,出来高比,業種,輸送用機器,10d,10営業日,1,-1.0,-1.0,0.0,サンプル不足
v4,volume_ratio_20d,出来高比,業種,金属製品,1d,1営業日,1,0.5,0.5,1.0,サンプル不足
v4,volume_ratio_20d,出来高比,業種,金属製品,3d,3営業日,1,0.5,0.5,1.0,サンプル不足
v4,volume_ratio_20d,出来高比,業種,金属製品,5d,5営業日,1,-0.5,-0.5,0.0,サンプル不足
v4,volume_ratio_20d,出来高比,業種,金属製品,10d,10営業日,1,-0.5,-0.5,0.0,サンプル不足
v4,volume_ratio_20d,出来高比,業種,鉄鋼,1d,1営業日,0,,,,サンプル不足
v4,volume_ratio_20d,出来高比,業種,鉄鋼,3d,3営業日,0,,,,サンプル不足
v4,volume_ratio_20d,出来高比,業種,鉄鋼,5d,5営業日,0,,,,サンプル不足
v4,volume_ratio_20d,出来高比,業種,鉄鋼,10d,10営業日,0,,,,サンプル不足
v4,volume_ratio_20d,出来高比,業種,銀行業,1d,1営業日,1,0.3,0.3,1.0,サンプル不足
v4,volume_ratio_20d,出来高比,業種,銀行業,3d,3営業日,1,0.19999999999999998,0.19999999999999998,1.0,サンプル不足
v4,volume_ratio_20d,出来高比,業種,銀行業,5d,5営業日,1,-0.09999999999999999,-0.09999999999999999,0.0,サンプル不足
v4,volume_ratio_20d,出来高比,業種,銀行業,10d,10営業日,1,0.6,0.6,1.0,サンプル不足
v4,volume_ratio_20d,出来高比,業種,電気機器,1d,1営業日,1,-0.07622811970638058,-0.07622811970638058,0.0,サンプル不足
v4,volume_ratio_20d,出来高比,業種,電気機器,3d,3営業日,1,0.023150762281197064,0.023150762281197064,1.0,サンプル不足
v4,volume_ratio_20d,出来高比,業種,電気機器,5d,5営業日,1,-0.23884810841332585,-0.23884810841332585,0.0,サンプル不足
v4,volume_ratio_20d,出来高比,業種,電気機器,10d,10営業日,1,-0.017504234895539244,-0.017504234895539244,0.0,サンプル不足
v4,volume_ratio_20d,出来高比,業種,食料品,1d,1営業日,0,,,,サンプル不足
v4,volume_ratio_20d,出来高比,業種,食料品,3d,3営業日,0,,,,サンプル不足
v4,volume_ratio_20d,出来高比,業種,食料品,5d,5営業日,0,,,,サンプル不足
v4,volume_ratio_20d,出来高比,業種,食料品,10d,10営業日,0,,,,サンプル不足
v4,distance_high_120d,120日高値接近度,全体,全体,1d,1営業日,1,0.05138521073031149,0.05138521073031149,1.0,サンプル不足
v4,distance_high_120d,120日高値接近度,全体,全体,3d,3営業日,1,0.09897540827203907,0.09897540827203907,1.0,サンプル不足
v4,distance_high_120d,120日高値接近度,全体,全体,5d,5営業日,1,-0.0005186111270572877,-0.0005186111270572877,0.0,サンプル不足
v4,distance_high_120d,120日高値接近度,全体,全体,10d,10営業日,1,0.013508294532998061,0.013508294532998061,1.0,サンプル不足
v4,distance_high_120d,120日高値接近度,業種,その他製品,1d,1営業日,0,,,,サンプル不足
v4,distance_high_120d,120日高値接近度,業種,その他製品,3d,3営業日,0,,,,サンプル不足
v4,distance_high_120d,120日高値接近度,業種,その他製品,5d,5営業日,0,,,,サンプル不足
v4,distance_high_120d,120日高値接近度,業種,その他製品,10d,10営業日,0,,,,サンプル不足
v4,distance_high_120d,120日高値接近度,業種,その他金融業,1d,1営業日,0,,,,サンプル不足
v4,distance_high_120d,120日高値接近度,業種,その他金融業,3d,3営業日,0,,,,サンプル不足
v4,distance_high_120d,120日高値接近度,業種,その他金融業,5d,5営業日,0,,,,サンプル不足
v4,distance_high_120d,120日高値接近度,業種,その他金融業,10d,10営業日,0,,,,サンプル不足
v4,distance_high_120d,120日高値接近度,業種,ガラス・土石製品,1d,1営業日,0,,,,サンプル不足
v4,distance_high_120d,120日高値接近度,業種,ガラス・土石製品,3d,3営業日,0,,,,サンプル不足
v4,distance_high_120d,120日高値接近度,業種,ガラス・土石製品,5d,5営業日,0,,,,サンプル不足
v4,distance_high_120d,120日高値接近度,業種,ガラス・土石製品,10d,10営業日,0,,,,サンプル不足
v4,distance_high_120d,120日高値接近度,業種,ゴム製品,1d,1営業日,0,,,,サンプル不足
v4,distance_high_120d,120日高値接近度,業種,ゴム製品,3d,3営業日,0,,,,サンプル不足
v4,distance_high_120d,120日高値接近度,業種,ゴム製品,5d,5営業日,0,,,,サンプル不足
v4,distance_high_120d,120日高値接近度,業種,ゴム製品,10d,10営業日,0,,,,サンプル不足
v4,distance_high_120d,120日高値接近度,業種,サービス業,1d,1営業日,1,-0.028571428571428574,-0.028571428571428574,0.0,サンプル不足
v4,distance_high_120d,120日高値接近度,業種,サービス業,3d,3営業日,1,0.028571428571428574,0.028571428571428574,1.0,サンプル不足
v4,distance_high_120d,120日高値接近度,業種,サービス業,5d,5営業日,1,0.14285714285714288,0.14285714285714288,1.0,サンプル不足
v4,distance_high_120d,120日高値接近度,業種,サービス業,10d,10営業日,1,0.3142857142857143,0.3142857142857143,1.0,サンプル不足
v4,distance_high_120d,120日高値接近度,業種,不動産業,1d,1営業日,0,,,,サンプル不足
v4,distance_high_120d,120日高値接近度,業種,不動産業,3d,3営業日,0,,,,サンプル不足
v4,distance_high_120d,120日高値接近度,業種,不動産業,5d,5営業日,0,,,,サンプル不足
v4,distance_high_120d,120日高値接近度,業種,不動産業,10d,10営業日,0,,,,サンプル不足
v4,distance_high_120d,120日高値接近度,業種,保険業,1d,1営業日,0,,,,サンプル不足
v4,distance_high_120d,120日高値接近度,業種,保険業,3d,3営業日,0,,,,サンプル不足
v4,distance_high_120d,120日高値接近度,業種,保険業,5d,5営業日,0,,,,サンプル不足
v4,distance_high_120d,120日高値接近度,業種,保険業,10d,10営業日,0,,,,サンプル不足
v4,distance_high_120d,120日高値接近度,業種,化学,1d,1営業日,1,-0.36863858808008876,-0.36863858808008876,0.0,サンプル不足
v4,distance_high_120d,120日高値接近度,業種,化学,3d,3営業日,1,-0.654746148978068,-0.654746148978068,0.0,サンプル不足
v4,distance_high_120d,120日高値接近度,業種,化学,5d,5営業日,1,-0.36313651960128146,-0.36313651960128146,0.0,サンプル不足
v4,distance_high_120d,120日高値接近度,業種,化学,10d,10営業日,1,0.2613482527433465,0.2613482527433465,1.0,サンプル不足
v4,distance_high_120d,120日高値接近度,業種,卸売業,1d,1営業日,0,,,,サンプル不足
v4,distance_high_120d,120日高値接近度,業種,卸売業,3d,3営業日,0,,,,サンプル不足
v4,distance_high_120d,120日高値接近度,業種,卸売業,5d,5営業日,0,,,,サンプル不足
v4,distance_high_120d,120日高値接近度,業種,卸売業,10d,10営業日,0,,,,サンプル不足
v4,distance_high_120d,120日高値接近度,業種,小売業,1d,1営業日,1,-0.5,-0.5,0.0,サンプル不足
v4,distance_high_120d,120日高値接近度,業種,小売業,3d,3営業日,1,-0.5,-0.5,0.0,サンプル不足
v4,distance_high_120d,120日高値接近度,業種,小売業,5d,5営業日,1,-0.5,-0.5,0.0,サンプル不足
v4,distance_high_120d,120日高値接近度,業種,小売業,10d,10営業日,1,-1.0,-1.0,0.0,サンプル不足
v4,distance_high_120d,120日高値接近度,業種,建設業,1d,1営業日,0,,,,サンプル不足
v4,distance_high_120d,120日高値接近度,業種,建設業,3d,3営業日,0,,,,サンプル不足
v4,distance_high_120d,120日高値接近度,業種,建設業,5d,5営業日,0,,,,サンプル不足
v4,distance_high_120d,120日高値接近度,業種,建設業,10d,10営業日,0,,,,サンプル不足
v4,distance_high_120d,120日高値接近度,業種,情報・通信業,1d,1営業日,1,0.5,0.5,1.0,サンプル不足
v4,distance_high_120d,120日高値接近度,業種,情報・通信業,3d,3営業日,1,-0.5,-0.5,0.0,サンプル不足
v4,distance_high_120d,120日高値接近度,業種,情報・通信業,5d,5営業日,1,-1.0,-1.0,0.0,サンプル不足
v4,distance_high_120d,120日高値接近度,業種,情報・通信業,10d,10営業日,1,0.5,0.5,1.0,サンプル不足
v4,distance_high_120d,120日高値接近度,業種,機械,1d,1営業日,1,-0.030860669992418384,-0.030860669992418384,0.0,サンプル不足
v4,distance_high_120d,120日高値接近度,業種,機械,3d,3営業日,1,-0.05891582453098055,-0.05891582453098055,0.0,サンプル不足
v4,distance_high_120d,120日高値接近度,業種,機械,5d,5営業日,1,0.002805515453856217,0.002805515453856217,1.0,サンプル不足
v4,distance_high_120d,120日高値接近度,業種,機械,10d,10営業日,1,-0.1514978345082357,-0.1514978345082357,0.0,サンプル不足
v4,distance_high_120d,120日高値接近度,業種,海運業,1d,1営業日,0,,,,サンプル不足
v4,distance_high_120d,120日高値接近度,業種,海運業,3d,3営業日,0,,,,サンプル不足
v4,distance_high_120d,120日高値接近度,業種,海運業,5d,5営業日,0,,,,サンプル不足
v4,distance_high_120d,120日高値接近度,業種,海運業,10d,10営業日,0,,,,サンプル不足
v4,distance_high_120d,120日高値接近度,業種,空運業,1d,1営業日,0,,,,サンプル不足
v4,distance_high_120d,120日高値接近度,業種,空運業,3d,3営業日,0,,,,サンプル不足
v4,distance_high_120d,120日高値接近度,業種,空運業,5d,5営業日,0,,,,サンプル不足
v4,distance_high_120d,120日高値接近度,業種,空運業,10d,10営業日,0,,,,サンプル不足
v4,distance_high_120d,120日高値接近度,業種,繊維製品,1d,1営業日,0,,,,サンプル不足
v4,distance_high_120d,120日高値接近度,業種,繊維製品,3d,3営業日,0,,,,サンプル不足
v4,distance_high_120d,120日高値接近度,業種,繊維製品,5d,5営業日,0,,,,サンプル不足
v4,distance_high_120d,120日高値接近度,業種,繊維製品,10d,10営業日,0,,,,サンプル不足
v4,distance_high_120d,120日高値接近度,業種,証券、商品先物取引業,1d,1営業日,0,,,,サンプル不足
v4,distance_high_120d,120日高値接近度,業種,証券、商品先物取引業,3d,3営業日,0,,,,サンプル不足
v4,distance_high_120d,120日高値接近度,業種,証券、商品先物取引業,5d,5営業日,0,,,,サンプル不足
v4,distance_high_120d,120日高値接近度,業種,証券、商品先物取引業,10d,10営業日,0,,,,サンプル不足
v4,distance_high_120d,120日高値接近度,業種,輸送用機器,1d,1営業日,1,-0.5,-0.5,0.0,サンプル不足
v4,distance_high_120d,120日高値接近度,業種,輸送用機器,3d,3営業日,1,1.0,1.0,1.0,サンプル不足
v4,distance_high_120d,120日高値接近度,業種,輸送用機器,5d,5営業日,1,1.0,1.0,1.0,サンプル不足
v4,distance_high_120d,120日高値接近度,業種,輸送用機器,10d,10営業日,1,0.5,0.5,1.0,サンプル不足
v4,distance_high_120d,120日高値接近度,業種,金属製品,1d,1営業日,1,-0.5,-0.5,0.0,サンプル不足
v4,distance_high_120d,120日高値接近度,業種,金属製品,3d,3営業日,1,-0.5,-0.5,0.0,サンプル不足
v4,distance_high_120d,120日高値接近度,業種,金属製品,5d,5営業日,1,-1.0,-1.0,0.0,サンプル不足
v4,distance_high_120d,120日高値接近度,業種,金属製品,10d,10営業日,1,-1.0,-1.0,0.0,サンプル不足
v4,distance_high_120d,120日高値接近度,業種,鉄鋼,1d,1営業日,0,,,,サンプル不足
v4,distance_high_120d,120日高値接近度,業種,鉄鋼,3d,3営業日,0,,,,サンプル不足
v4,distance_high_120d,120日高値接近度,業種,鉄鋼,5d,5営業日,0,,,,サンプル不足
v4,distance_high_120d,120日高値接近度,業種,鉄鋼,10d,10営業日,0,,,,サンプル不足
v4,distance_high_120d,120日高値接近度,業種,銀行業,1d,1営業日,1,0.22360679774997894,0.22360679774997894,1.0,サンプル不足
v4,distance_high_120d,120日高値接近度,業種,銀行業,3d,3営業日,1,0.8944271909999157,0.8944271909999157,1.0,サンプル不足
v4,distance_high_120d,120日高値接近度,業種,銀行業,5d,5営業日,1,0.6708203932499368,0.6708203932499368,1.0,サンプル不足
v4,distance_high_120d,120日高値接近度,業種,銀行業,10d,10営業日,1,0.44721359549995787,0.44721359549995787,1.0,サンプル不足
v4,distance_high_120d,120日高値接近度,業種,電気機器,1d,1営業日,1,0.22641561010241712,0.22641561010241712,1.0,サンプル不足
v4,distance_high_120d,120日高値接近度,業種,電気機器,3d,3営業日,1,0.15683700951678767,0.15683700951678767,1.0,サンプル不足
v4,distance_high_120d,120日高値接近度,業種,電気機器,5d,5営業日,1,-0.11406327964857284,-0.11406327964857284,0.0,サンプル不足
v4,distance_high_120d,120日高値接近度,業種,電気機器,10d,10営業日,1,-0.23325940688133145,-0.23325940688133145,0.0,サンプル不足
v4,distance_high_120d,120日高値接近度,業種,食料品,1d,1営業日,0,,,,サンプル不足
v4,distance_high_120d,120日高値接近度,業種,食料品,3d,3営業日,0,,,,サンプル不足
v4,distance_high_120d,120日高値接近度,業種,食料品,5d,5営業日,0,,,,サンプル不足
v4,distance_high_120d,120日高値接近度,業種,食料品,10d,10営業日,0,,,,サンプル不足
v4,volatility_20d,20日変動率,全体,全体,1d,1営業日,1,0.05027302730273027,0.05027302730273027,1.0,サンプル不足
v4,volatility_20d,20日変動率,全体,全体,3d,3営業日,1,-0.23530753075307528,-0.23530753075307528,0.0,サンプル不足
v4,volatility_20d,20日変動率,全体,全体,5d,5営業日,1,-0.3777737773777377,-0.3777737773777377,0.0,サンプル不足
v4,volatility_20d,20日変動率,全体,全体,10d,10営業日,1,-0.048568856885688565,-0.048568856885688565,0.0,サンプル不足
v4,volatility_20d,20日変動率,業種,その他製品,1d,1営業日,0,,,,サンプル不足
v4,volatility_20d,20日変動率,業種,その他製品,3d,3営業日,0,,,,サンプル不足
v4,volatility_20d,20日変動率,業種,その他製品,5d,5営業日,0,,,,サンプル不足
v4,volatility_20d,20日変動率,業種,その他製品,10d,10営業日,0,,,,サンプル不足
v4,volatility_20d,20日変動率,業種,その他金融業,1d,1営業日,0,,,,サンプル不足
v4,volatility_20d,20日変動率,業種,その他金融業,3d,3営業日,0,,,,サンプル不足
v4,volatility_20d,20日変動率,業種,その他金融業,5d,5営業日,0,,,,サンプル不足
v4,volatility_20d,20日変動率,業種,その他金融業,10d,10営業日,0,,,,サンプル不足
v4,volatility_20d,20日変動率,業種,ガラス・土石製品,1d,1営業日,0,,,,サンプル不足
v4,volatility_20d,20日変動率,業種,ガラス・土石製品,3d,3営業日,0,,,,サンプル不足
v4,volatility_20d,20日変動率,業種,ガラス・土石製品,5d,5営業日,0,,,,サンプル不足
v4,volatility_20d,20日変動率,業種,ガラス・土石製品,10d,10営業日,0,,,,サンプル不足
v4,volatility_20d,20日変動率,業種,ゴム製品,1d,1営業日,0,,,,サンプル不足
v4,volatility_20d,20日変動率,業種,ゴム製品,3d,3営業日,0,,,,サンプル不足
v4,volatility_20d,20日変動率,業種,ゴム製品,5d,5営業日,0,,,,サンプル不足
v4,volatility_20d,20日変動率,業種,ゴム製品,10d,10営業日,0,,,,サンプル不足
v4,volatility_20d,20日変動率,業種,サービス業,1d,1営業日,1,0.6,0.6,1.0,サンプル不足
v4,volatility_20d,20日変動率,業種,サービス業,3d,3営業日,1,0.2571428571428572,0.2571428571428572,1.0,サンプル不足
v4,volatility_20d,20日変動率,業種,サービス業,5d,5営業日,1,0.2,0.2,1.0,サンプル不足
v4,volatility_20d,20日変動率,業種,サービス業,10d,10営業日,1,0.028571428571428574,0.028571428571428574,1.0,サンプル不足
v4,volatility_20d,20日変動率,業種,不動産業,1d,1営業日,0,,,,サンプル不足
v4,volatility_20d,20日変動率,業種,不動産業,3d,3営業日,0,,,,サンプル不足
v4,volatility_20d,20日変動率,業種,不動産業,5d,5営業日,0,,,,サンプル不足
v4,volatility_20d,20日変動率,業種,不動産業,10d,10営業日,0,,,,サンプル不足
v4,volatility_20d,20日変動率,業種,保険業,1d,1営業日,0,,,,サンプル不足
v4,volatility_20d,20日変動率,業種,保険業,3d,3営業日,0,,,,サンプル不足
v4,volatility_20d,20日変動率,業種,保険業,5d,5営業日,0,,,,サンプル不足
v4,volatility_20d,20日変動率,業種,保険業,10d,10営業日,0,,,,サンプル不足
v4,volatility_20d,20日変動率,業種,化学,1d,1営業日,1,-0.30769230769230765,-0.30769230769230765,0.0,サンプル不足
v4,volatility_20d,20日変動率,業種,化学,3d,3営業日,1,-0.6538461538461539,-0.6538461538461539,0.0,サンプル不足
v4,volatility_20d,20日変動率,業種,化学,5d,5営業日,1,-0.6098901098901099,-0.6098901098901099,0.0,サンプル不足
v4,volatility_20d,20日変動率,業種,化学,10d,10営業日,1,0.46703296703296704,0.46703296703296704,1.0,サンプル不足
v4,volatility_20d,20日変動率,業種,卸売業,1d,1営業日,0,,,,サンプル不足
v4,volatility_20d,20日変動率,業種,卸売業,3d,3営業日,0,,,,サンプル不足
v4,volatility_20d,20日変動率,業種,卸売業,5d,5営業日,0,,,,サンプル不足
v4,volatility_20d,20日変動率,業種,卸売業,10d,10営業日,0,,,,サンプル不足
v4,volatility_20d,20日変動率,業種,小売業,1d,1営業日,1,1.0,1.0,1.0,サンプル不足
v4,volatility_20d,20日変動率,業種,小売業,3d,3営業日,1,1.0,1.0,1.0,サンプル不足
v4,volatility_20d,20日変動率,業種,小売業,5d,5営業日,1,1.0,1.0,1.0,サンプル不足
v4,volatility_20d,20日変動率,業種,小売業,10d,10営業日,1,0.5,0.5,1.0,サンプル不足
v4,volatility_20d,20日変動率,業種,建設業,1d,1営業日,0,,,,サンプル不足
v4,volatility_20d,20日変動率,業種,建設業,3d,3営業日,0,,,,サンプル不足
v4,volatility_20d,20日変動率,業種,建設業,5d,5営業日,0,,,,サンプル不足
v4,volatility_20d,20日変動率,業種,建設業,10d,10営業日,0,,,,サンプル不足
v4,volatility_20d,20日変動率,業種,情報・通信業,1d,1営業日,1,-1.0,-1.0,0.0,サンプル不足
v4,volatility_20d,20日変動率,業種,情報・通信業,3d,3営業日,1,-0.5,-0.5,0.0,サンプル不足
v4,volatility_20d,20日変動率,業種,情報・通信業,5d,5営業日,1,0.5,0.5,1.0,サンプル不足
v4,volatility_20d,20日変動率,業種,情報・通信業,10d,10営業日,1,-1.0,-1.0,0.0,サンプル不足
v4,volatility_20d,20日変動率,業種,機械,1d,1営業日,1,-0.20909090909090908,-0.20909090909090908,0.0,サンプル不足
v4,volatility_20d,20日変動率,業種,機械,3d,3営業日,1,-0.503896103896104,-0.503896103896104,0.0,サンプル不足
v4,volatility_20d,20日変動率,業種,機械,5d,5営業日,1,-0.5025974025974026,-0.5025974025974026,0.0,サンプル不足
v4,volatility_20d,20日変動率,業種,機械,10d,10営業日,1,-0.22467532467532467,-0.22467532467532467,0.0,サンプル不足
v4,volatility_20d,20日変動率,業種,海運業,1d,1営業日,0,,,,サンプル不足
v4,volatility_20d,20日変動率,業種,海運業,3d,3営業日,0,,,,サンプル不足
v4,volatility_20d,20日変動率,業種,海運業,5d,5営業日,0,,,,サンプル不足
v4,volatility_20d,20日変動率,業種,海運業,10d,10営業日,0,,,,サンプル不足
v4,volatility_20d,20日変動率,業種,空運業,1d,1営業日,0,,,,サンプル不足
v4,volatility_20d,20日変動率,業種,空運業,3d,3営業日,0,,,,サンプル不足
v4,volatility_20d,20日変動率,業種,空運業,5d,5営業日,0,,,,サンプル不足
v4,volatility_20d,20日変動率,業種,空運業,10d,10営業日,0,,,,サンプル不足
v4,volatility_20d,20日変動率,業種,繊維製品,1d,1営業日,0,,,,サンプル不足
v4,volatility_20d,20日変動率,業種,繊維製品,3d,3営業日,0,,,,サンプル不足
v4,volatility_20d,20日変動率,業種,繊維製品,5d,5営業日,0,,,,サンプル不足
v4,volatility_20d,20日変動率,業種,繊維製品,10d,10営業日,0,,,,サンプル不足
v4,volatility_20d,20日変動率,業種,証券、商品先物取引業,1d,1営業日,0,,,,サンプル不足
v4,volatility_20d,20日変動率,業種,証券、商品先物取引業,3d,3営業日,0,,,,サンプル不足
v4,volatility_20d,20日変動率,業種,証券、商品先物取引業,5d,5営業日,0,,,,サンプル不足
v4,volatility_20d,20日変動率,業種,証券、商品先物取引業,10d,10営業日,0,,,,サンプル不足
v4,volatility_20d,20日変動率,業種,輸送用機器,1d,1営業日,1,0.5,0.5,1.0,サンプル不足
v4,volatility_20d,20日変動率,業種,輸送用機器,3d,3営業日,1,-1.0,-1.0,0.0,サンプル不足
v4,volatility_20d,20日変動率,業種,輸送用機器,5d,5営業日,1,-1.0,-1.0,0.0,サンプル不足
v4,volatility_20d,20日変動率,業種,輸送用機器,10d,10営業日,1,-0.5,-0.5,0.0,サンプル不足
v4,volatility_20d,20日変動率,業種,金属製品,1d,1営業日,1,0.5,0.5,1.0,サンプル不足
v4,volatility_20d,20日変動率,業種,金属製品,3d,3営業日,1,0.5,0.5,1.0,サンプル不足
v4,volatility_20d,20日変動率,業種,金属製品,5d,5営業日,1,1.0,1.0,1.0,サンプル不足
v4,volatility_20d,20日変動率,業種,金属製品,10d,10営業日,1,1.0,1.0,1.0,サンプル不足
v4,volatility_20d,20日変動率,業種,鉄鋼,1d,1営業日,0,,,,サンプル不足
v4,volatility_20d,20日変動率,業種,鉄鋼,3d,3営業日,0,,,,サンプル不足
v4,volatility_20d,20日変動率,業種,鉄鋼,5d,5営業日,0,,,,サンプル不足
v4,volatility_20d,20日変動率,業種,鉄鋼,10d,10営業日,0,,,,サンプル不足
v4,volatility_20d,20日変動率,業種,銀行業,1d,1営業日,1,0.09999999999999999,0.09999999999999999,1.0,サンプル不足
v4,volatility_20d,20日変動率,業種,銀行業,3d,3営業日,1,-0.6,-0.6,0.0,サンプル不足
v4,volatility_20d,20日変動率,業種,銀行業,5d,5営業日,1,-0.7,-0.7,0.0,サンプル不足
v4,volatility_20d,20日変動率,業種,銀行業,10d,10営業日,1,0.19999999999999998,0.19999999999999998,1.0,サンプル不足
v4,volatility_20d,20日変動率,業種,電気機器,1d,1営業日,1,0.0378317334839074,0.0378317334839074,1.0,サンプル不足
v4,volatility_20d,20日変動率,業種,電気機器,3d,3営業日,1,-0.24901185770750994,-0.24901185770750994,0.0,サンプル不足
v4,volatility_20d,20日変動率,業種,電気機器,5d,5営業日,1,-0.30321852060982496,-0.30321852060982496,0.0,サンプル不足
v4,volatility_20d,20日変動率,業種,電気機器,10d,10営業日,1,-0.059288537549407126,-0.059288537549407126,0.0,サンプル不足
v4,volatility_20d,20日変動率,業種,食料品,1d,1営業日,0,,,,サンプル不足
v4,volatility_20d,20日変動率,業種,食料品,3d,3営業日,0,,,,サンプル不足
v4,volatility_20d,20日変動率,業種,食料品,5d,5営業日,0,,,,サンプル不足
v4,volatility_20d,20日変動率,業種,食料品,10d,10営業日,0,,,,サンプル不足
v5,score,総合スコア,全体,全体,1d,1営業日,1,0.2145887464071191,0.2145887464071191,1.0,サンプル不足
v5,score,総合スコア,全体,全体,3d,3営業日,1,0.2510658597846877,0.2510658597846877,1.0,サンプル不足
v5,score,総合スコア,全体,全体,5d,5営業日,1,0.08595285314426068,0.08595285314426068,1.0,サンプル不足
v5,score,総合スコア,全体,全体,10d,10営業日,1,0.31161809666535895,0.31161809666535895,1.0,サンプル不足
v5,score,総合スコア,業種,その他金融業,1d,1営業日,0,,,,サンプル不足
v5,score,総合スコア,業種,その他金融業,3d,3営業日,0,,,,サンプル不足
v5,score,総合スコア,業種,その他金融業,5d,5営業日,0,,,,サンプル不足
v5,score,総合スコア,業種,その他金融業,10d,10営業日,0,,,,サンプル不足
v5,score,総合スコア,業種,ガラス・土石製品,1d,1営業日,1,0.19999999999999998,0.19999999999999998,1.0,サンプル不足
v5,score,総合スコア,業種,ガラス・土石製品,3d,3営業日,1,0.19999999999999998,0.19999999999999998,1.0,サンプル不足
v5,score,総合スコア,業種,ガラス・土石製品,5d,5営業日,1,0.39999999999999997,0.39999999999999997,1.0,サンプル不足
v5,score,総合スコア,業種,ガラス・土石製品,10d,10営業日,1,-0.39999999999999997,-0.39999999999999997,0.0,サンプル不足
v5,score,総合スコア,業種,サービス業,1d,1営業日,1,-0.08571428571428573,-0.08571428571428573,0.0,サンプル不足
v5,score,総合スコア,業種,サービス業,3d,3営業日,1,0.7714285714285715,0.7714285714285715,1.0,サンプル不足
v5,score,総合スコア,業種,サービス業,5d,5営業日,1,0.48571428571428577,0.48571428571428577,1.0,サンプル不足
v5,score,総合スコア,業種,サービス業,10d,10営業日,1,0.6,0.6,1.0,サンプル不足
v5,score,総合スコア,業種,パルプ・紙,1d,1営業日,0,,,,サンプル不足
v5,score,総合スコア,業種,パルプ・紙,3d,3営業日,0,,,,サンプル不足
v5,score,総合スコア,業種,パルプ・紙,5d,5営業日,0,,,,サンプル不足
v5,score,総合スコア,業種,パルプ・紙,10d,10営業日,0,,,,サンプル不足
v5,score,総合スコア,業種,不動産業,1d,1営業日,0,,,,サンプル不足
v5,score,総合スコア,業種,不動産業,3d,3営業日,0,,,,サンプル不足
v5,score,総合スコア,業種,不動産業,5d,5営業日,0,,,,サンプル不足
v5,score,総合スコア,業種,不動産業,10d,10営業日,0,,,,サンプル不足
v5,score,総合スコア,業種,保険業,1d,1営業日,0,,,,サンプル不足
v5,score,総合スコア,業種,保険業,3d,3営業日,0,,,,サンプル不足
v5,score,総合スコア,業種,保険業,5d,5営業日,0,,,,サンプル不足
v5,score,総合スコア,業種,保険業,10d,10営業日,0,,,,サンプル不足
v5,score,総合スコア,業種,化学,1d,1営業日,1,0.0,0.0,0.0,サンプル不足
v5,score,総合スコア,業種,化学,3d,3営業日,1,0.0,0.0,0.0,サンプル不足
v5,score,総合スコア,業種,化学,5d,5営業日,1,-0.25,-0.25,0.0,サンプル不足
v5,score,総合スコア,業種,化学,10d,10営業日,1,-0.5357142857142858,-0.5357142857142858,0.0,サンプル不足
v5,score,総合スコア,業種,卸売業,1d,1営業日,0,,,,サンプル不足
v5,score,総合スコア,業種,卸売業,3d,3営業日,0,,,,サンプル不足
v5,score,総合スコア,業種,卸売業,5d,5営業日,0,,,,サンプル不足
v5,score,総合スコア,業種,卸売業,10d,10営業日,0,,,,サンプル不足
v5,score,総合スコア,業種,小売業,1d,1営業日,1,1.0,1.0,1.0,サンプル不足
v5,score,総合スコア,業種,小売業,3d,3営業日,1,0.5,0.5,1.0,サンプル不足
v5,score,総合スコア,業種,小売業,5d,5営業日,1,0.5,0.5,1.0,サンプル不足
v5,score,総合スコア,業種,小売業,10d,10営業日,1,1.0,1.0,1.0,サンプル不足
v5,score,総合スコア,業種,建設業,1d,1営業日,0,,,,サンプル不足
v5,score,総合スコア,業種,建設業,3d,3営業日,0,,,,サンプル不足
v5,score,総合スコア,業種,建設業,5d,5営業日,0,,,,サンプル不足
v5,score,総合スコア,業種,建設業,10d,10営業日,0,,,,サンプル不足
v5,score,総合スコア,業種,情報・通信業,1d,1営業日,1,-0.7999999999999999,-0.7999999999999999,0.0,サンプル不足
v5,score,総合スコア,業種,情報・通信業,3d,3営業日,1,-0.7999999999999999,-0.7999999999999999,0.0,サンプル不足
v5,score,総合スコア,業種,情報・通信業,5d,5営業日,1,-0.49999999999999994,-0.49999999999999994,0.0,サンプル不足
v5,score,総合スコア,業種,情報・通信業,10d,10営業日,1,-0.3,-0.3,0.0,サンプル不足
v5,score,総合スコア,業種,機械,1d,1営業日,1,0.3021978021978022,0.3021978021978022,1.0,サンプル不足
v5,score,総合スコア,業種,機械,3d,3営業日,1,0.5824175824175823,0.5824175824175823,1.0,サンプル不足
v5,score,総合スコア,業種,機械,5d,5営業日,1,0.5494505494505494,0.5494505494505494,1.0,サンプル不足
v5,score,総合スコア,業種,機械,10d,10営業日,1,0.3681318681318681,0.3681318681318681,1.0,サンプル不足
v5,score,総合スコア,業種,精密機器,1d,1営業日,1,0.4642857142857144,0.4642857142857144,1.0,サンプル不足
v5,score,総合スコア,業種,精密機器,3d,3営業日,1,0.07142857142857144,0.07142857142857144,1.0,サンプル不足
v5,score,総合スコア,業種,精密機器,5d,5営業日,1,0.1785714285714286,0.1785714285714286,1.0,サンプル不足
v5,score,総合スコア,業種,精密機器,10d,10営業日,1,0.28571428571428575,0.28571428571428575,1.0,サンプル不足
v5,score,総合スコア,業種,証券、商品先物取引業,1d,1営業日,0,,,,サンプル不足
v5,score,総合スコア,業種,証券、商品先物取引業,3d,3営業日,0,,,,サンプル不足
v5,score,総合スコア,業種,証券、商品先物取引業,5d,5営業日,0,,,,サンプル不足
v5,score,総合スコア,業種,証券、商品先物取引業,10d,10営業日,0,,,,サンプル不足
v5,score,総合スコア,業種,輸送用機器,1d,1営業日,1,0.7999999999999999,0.7999999999999999,1.0,サンプル不足
v5,score,総合スコア,業種,輸送用機器,3d,3営業日,1,1.0,1.0,1.0,サンプル不足
v5,score,総合スコア,業種,輸送用機器,5d,5営業日,1,1.0,1.0,1.0,サンプル不足
v5,score,総合スコア,業種,輸送用機器,10d,10営業日,1,1.0,1.0,1.0,サンプル不足
v5,score,総合スコア,業種,金属製品,1d,1営業日,1,0.19999999999999998,0.19999999999999998,1.0,サンプル不足
v5,score,総合スコア,業種,金属製品,3d,3営業日,1,-0.39999999999999997,-0.39999999999999997,0.0,サンプル不足
v5,score,総合スコア,業種,金属製品,5d,5営業日,1,-0.39999999999999997,-0.39999999999999997,0.0,サンプル不足
v5,score,総合スコア,業種,金属製品,10d,10営業日,1,0.39999999999999997,0.39999999999999997,1.0,サンプル不足
v5,score,総合スコア,業種,鉄鋼,1d,1営業日,0,,,,サンプル不足
v5,score,総合スコア,業種,鉄鋼,3d,3営業日,0,,,,サンプル不足
v5,score,総合スコア,業種,鉄鋼,5d,5営業日,0,,,,サンプル不足
v5,score,総合スコア,業種,鉄鋼,10d,10営業日,0,,,,サンプル不足
v5,score,総合スコア,業種,銀行業,1d,1営業日,1,-0.9999999999999999,-0.9999999999999999,0.0,サンプル不足
v5,score,総合スコア,業種,銀行業,3d,3営業日,1,-0.9999999999999999,-0.9999999999999999,0.0,サンプル不足
v5,score,総合スコア,業種,銀行業,5d,5営業日,1,-0.8999999999999998,-0.8999999999999998,0.0,サンプル不足
v5,score,総合スコア,業種,銀行業,10d,10営業日,1,-0.19999999999999998,-0.19999999999999998,0.0,サンプル不足
v5,score,総合スコア,業種,電気・ガス業,1d,1営業日,0,,,,サンプル不足
v5,score,総合スコア,業種,電気・ガス業,3d,3営業日,0,,,,サンプル不足
v5,score,総合スコア,業種,電気・ガス業,5d,5営業日,0,,,,サンプル不足
v5,score,総合スコア,業種,電気・ガス業,10d,10営業日,0,,,,サンプル不足
v5,score,総合スコア,業種,電気機器,1d,1営業日,1,0.23846153846153845,0.23846153846153845,1.0,サンプル不足
v5,score,総合スコア,業種,電気機器,3d,3営業日,1,0.21000000000000002,0.21000000000000002,1.0,サンプル不足
v5,score,総合スコア,業種,電気機器,5d,5営業日,1,-0.07846153846153846,-0.07846153846153846,0.0,サンプル不足
v5,score,総合スコア,業種,電気機器,10d,10営業日,1,0.3153846153846154,0.3153846153846154,1.0,サンプル不足
v5,score,総合スコア,業種,非鉄金属,1d,1営業日,0,,,,サンプル不足
v5,score,総合スコア,業種,非鉄金属,3d,3営業日,0,,,,サンプル不足
v5,score,総合スコア,業種,非鉄金属,5d,5営業日,0,,,,サンプル不足
v5,score,総合スコア,業種,非鉄金属,10d,10営業日,0,,,,サンプル不足
v5,score,総合スコア,業種,食料品,1d,1営業日,0,,,,サンプル不足
v5,score,総合スコア,業種,食料品,3d,3営業日,0,,,,サンプル不足
v5,score,総合スコア,業種,食料品,5d,5営業日,0,,,,サンプル不足
v5,score,総合スコア,業種,食料品,10d,10営業日,0,,,,サンプル不足
v5,return_20d,20日モメンタム,全体,全体,1d,1営業日,1,0.11830218512560033,0.11830218512560033,1.0,サンプル不足
v5,return_20d,20日モメンタム,全体,全体,3d,3営業日,1,0.15813981398139812,0.15813981398139812,1.0,サンプル不足
v5,return_20d,20日モメンタム,全体,全体,5d,5営業日,1,0.0022922292229222924,0.0022922292229222924,1.0,サンプル不足
v5,return_20d,20日モメンタム,全体,全体,10d,10営業日,1,0.09878187818781876,0.09878187818781876,1.0,サンプル不足
v5,return_20d,20日モメンタム,業種,その他金融業,1d,1営業日,0,,,,サンプル不足
v5,return_20d,20日モメンタム,業種,その他金融業,3d,3営業日,0,,,,サンプル不足
v5,return_20d,20日モメンタム,業種,その他金融業,5d,5営業日,0,,,,サンプル不足
v5,return_20d,20日モメンタム,業種,その他金融業,10d,10営業日,0,,,,サンプル不足
v5,return_20d,20日モメンタム,業種,ガラス・土石製品,1d,1営業日,1,0.19999999999999998,0.19999999999999998,1.0,サンプル不足
v5,return_20d,20日モメンタム,業種,ガラス・土石製品,3d,3営業日,1,0.19999999999999998,0.19999999999999998,1.0,サンプル不足
v5,return_20d,20日モメンタム,業種,ガラス・土石製品,5d,5営業日,1,0.39999999999999997,0.39999999999999997,1.0,サンプル不足
v5,return_20d,20日モメンタム,業種,ガラス・土石製品,10d,10営業日,1,-0.39999999999999997,-0.39999999999999997,0.0,サンプル不足
v5,return_20d,20日モメンタム,業種,サービス業,1d,1営業日,1,-0.2,-0.2,0.0,サンプル不足
v5,return_20d,20日モメンタム,業種,サービス業,3d,3営業日,1,0.08571428571428573,0.08571428571428573,1.0,サンプル不足
v5,return_20d,20日モメンタム,業種,サービス業,5d,5営業日,1,-0.08571428571428573,-0.08571428571428573,0.0,サンプル不足
v5,return_20d,20日モメンタム,業種,サービス業,10d,10営業日,1,0.48571428571428577,0.48571428571428577,1.0,サンプル不足
v5,return_20d,20日モメンタム,業種,パルプ・紙,1d,1営業日,0,,,,サンプル不足
v5,return_20d,20日モメンタム,業種,パルプ・紙,3d,3営業日,0,,,,サンプル不足
v5,return_20d,20日モメンタム,業種,パルプ・紙,5d,5営業日,0,,,,サンプル不足
v5,return_20d,20日モメンタム,業種,パルプ・紙,10d,10営業日,0,,,,サンプル不足
v5,return_20d,20日モメンタム,業種,不動産業,1d,1営業日,0,,,,サンプル不足
v5,return_20d,20日モメンタム,業種,不動産業,3d,3営業日,0,,,,サンプル不足
v5,return_20d,20日モメンタム,業種,不動産業,5d,5営業日,0,,,,サンプル不足
v5,return_20d,20日モメンタム,業種,不動産業,10d,10営業日,0,,,,サンプル不足
v5,return_20d,20日モメンタム,業種,保険業,1d,1営業日,0,,,,サンプル不足
v5,return_20d,20日モメンタム,業種,保険業,3d,3営業日,0,,,,サンプル不足
v5,return_20d,20日モメンタム,業種,保険業,5d,5営業日,0,,,,サンプル不足
v5,return_20d,20日モメンタム,業種,保険業,10d,10営業日,0,,,,サンプル不足
v5,return_20d,20日モメンタム,業種,化学,1d,1営業日,1,0.14285714285714288,0.14285714285714288,1.0,サンプル不足
v5,return_20d,20日モメンタム,業種,化学,3d,3営業日,1,-0.03571428571428572,-0.03571428571428572,0.0,サンプル不足
v5,return_20d,20日モメンタム,業種,化学,5d,5営業日,1,-0.3214285714285715,-0.3214285714285715,0.0,サンプル不足
v5,return_20d,20日モメンタム,業種,化学,10d,10営業日,1,-0.39285714285714296,-0.39285714285714296,0.0,サンプル不足
v5,return_20d,20日モメンタム,業種,卸売業,1d,1営業日,0,,,,サンプル不足
v5,return_20d,20日モメンタム,業種,卸売業,3d,3営業日,0,,,,サンプル不足
v5,return_20d,20日モメンタム,業種,卸売業,5d,5営業日,0,,,,サンプル不足
v5,return_20d,20日モメンタム,業種,卸売業,10d,10営業日,0,,,,サンプル不足
v5,return_20d,20日モメンタム,業種,小売業,1d,1営業日,1,-0.5,-0.5,0.0,サンプル不足
v5,return_20d,20日モメンタム,業種,小売業,3d,3営業日,1,0.5,0.5,1.0,サンプル不足
v5,return_20d,20日モメンタム,業種,小売業,5d,5営業日,1,0.5,0.5,1.0,サンプル不足
v5,return_20d,20日モメンタム,業種,小売業,10d,10営業日,1,-0.5,-0.5,0.0,サンプル不足
v5,return_20d,20日モメンタム,業種,建設業,1d,1営業日,0,,,,サンプル不足
v5,return_20d,20日モメンタム,業種,建設業,3d,3営業日,0,,,,サンプル不足
v5,return_20d,20日モメンタム,業種,建設業,5d,5営業日,0,,,,サンプル不足
v5,return_20d,20日モメンタム,業種,建設業,10d,10営業日,0,,,,サンプル不足
v5,return_20d,20日モメンタム,業種,情報・通信業,1d,1営業日,1,-0.3,-0.3,0.0,サンプル不足
v5,return_20d,20日モメンタム,業種,情報・通信業,3d,3営業日,1,-0.3,-0.3,0.0,サンプル不足
v5,return_20d,20日モメンタム,業種,情報・通信業,5d,5営業日,1,-0.39999999999999997,-0.39999999999999997,0.0,サンプル不足
v5,return_20d,20日モメンタム,業種,情報・通信業,10d,10営業日,1,-0.7,-0.7,0.0,サンプル不足
v5,return_20d,20日モメンタム,業種,機械,1d,1営業日,1,0.13736263736263735,0.13736263736263735,1.0,サンプル不足
v5,return_20d,20日モメンタム,業種,機械,3d,3営業日,1,0.42857142857142855,0.42857142857142855,1.0,サンプル不足
v5,return_20d,20日モメンタム,業種,機械,5d,5営業日,1,0.5549450549450549,0.5549450549450549,1.0,サンプル不足
v5,return_20d,20日モメンタム,業種,機械,10d,10営業日,1,0.24725274725274726,0.24725274725274726,1.0,サンプル不足
v5,return_20d,20日モメンタム,業種,精密機器,1d,1営業日,1,0.6071428571428572,0.6071428571428572,1.0,サンプル不足
v5,return_20d,20日モメンタム,業種,精密機器,3d,3営業日,1,0.3571428571428572,0.3571428571428572,1.0,サンプル不足
v5,return_20d,20日モメンタム,業種,精密機器,5d,5営業日,1,0.39285714285714296,0.39285714285714296,1.0,サンプル不足
v5,return_20d,20日モメンタム,業種,精密機器,10d,10営業日,1,0.5714285714285715,0.5714285714285715,1.0,サンプル不足
v5,return_20d,20日モメンタム,業種,証券、商品先物取引業,1d,1営業日,0,,,,サンプル不足
v5,return_20d,20日モメンタム,業種,証券、商品先物取引業,3d,3営業日,0,,,,サンプル不足
v5,return_20d,20日モメンタム,業種,証券、商品先物取引業,5d,5営業日,0,,,,サンプル不足
v5,return_20d,20日モメンタム,業種,証券、商品先物取引業,10d,10営業日,0,,,,サンプル不足
v5,return_20d,20日モメンタム,業種,輸送用機器,1d,1営業日,1,0.39999999999999997,0.39999999999999997,1.0,サンプル不足
v5,return_20d,20日モメンタム,業種,輸送用機器,3d,3営業日,1,0.7999999999999999,0.7999999999999999,1.0,サンプル不足
v5,return_20d,20日モメンタム,業種,輸送用機器,5d,5営業日,1,0.7999999999999999,0.7999999999999999,1.0,サンプル不足
v5,return_20d,20日モメンタム,業種,輸送用機器,10d,10営業日,1,0.7999999999999999,0.7999999999999999,1.0,サンプル不足
v5,return_20d,20日モメンタム,業種,金属製品,1d,1営業日,1,0.19999999999999998,0.19999999999999998,1.0,サンプル不足
v5,return_20d,20日モメンタム,業種,金属製品,3d,3営業日,1,-0.39999999999999997,-0.39999999999999997,0.0,サンプル不足
v5,return_20d,20日モメンタム,業種,金属製品,5d,5営業日,1,-0.39999999999999997,-0.39999999999999997,0.0,サンプル不足
v5,return_20d,20日モメンタム,業種,金属製品,10d,10営業日,1,0.39999999999999997,0.39999999999999997,1.0,サンプル不足
v5,return_20d,20日モメンタム,業種,鉄鋼,1d,1営業日,0,,,,サンプル不足
v5,return_20d,20日モメンタム,業種,鉄鋼,3d,3営業日,0,,,,サンプル不足
v5,return_20d,20日モメンタム,業種,鉄鋼,5d,5営業日,0,,,,サンプル不足
v5,return_20d,20日モメンタム,業種,鉄鋼,10d,10営業日,0,,,,サンプル不足
v5,return_20d,20日モメンタム,業種,銀行業,1d,1営業日,1,-0.8999999999999998,-0.8999999999999998,0.0,サンプル不足
v5,return_20d,20日モメンタム,業種,銀行業,3d,3営業日,1,-0.8999999999999998,-0.8999999999999998,0.0,サンプル不足
v5,return_20d,20日モメンタム,業種,銀行業,5d,5営業日,1,-0.7,-0.7,0.0,サンプル不足
v5,return_20d,20日モメンタム,業種,銀行業,10d,10営業日,1,-0.09999999999999999,-0.09999999999999999,0.0,サンプル不足
v5,return_20d,20日モメンタム,業種,電気・ガス業,1d,1営業日,0,,,,サンプル不足
v5,return_20d,20日モメンタム,業種,電気・ガス業,3d,3営業日,0,,,,サンプル不足
v5,return_20d,20日モメンタム,業種,電気・ガス業,5d,5営業日,0,,,,サンプル不足
v5,return_20d,20日モメンタム,業種,電気・ガス業,10d,10営業日,0,,,,サンプル不足
v5,return_20d,20日モメンタム,業種,電気機器,1d,1営業日,1,0.16846153846153847,0.16846153846153847,1.0,サンプル不足
v5,return_20d,20日モメンタム,業種,電気機器,3d,3営業日,1,0.18923076923076923,0.18923076923076923,1.0,サンプル不足
v5,return_20d,20日モメンタム,業種,電気機器,5d,5営業日,1,-0.12461538461538461,-0.12461538461538461,0.0,サンプル不足
v5,return_20d,20日モメンタム,業種,電気機器,10d,10営業日,1,0.21846153846153843,0.21846153846153843,1.0,サンプル不足
v5,return_20d,20日モメンタム,業種,非鉄金属,1d,1営業日,0,,,,サンプル不足
v5,return_20d,20日モメンタム,業種,非鉄金属,3d,3営業日,0,,,,サンプル不足
v5,return_20d,20日モメンタム,業種,非鉄金属,5d,5営業日,0,,,,サンプル不足
v5,return_20d,20日モメンタム,業種,非鉄金属,10d,10営業日,0,,,,サンプル不足
v5,return_20d,20日モメンタム,業種,食料品,1d,1営業日,0,,,,サンプル不足
v5,return_20d,20日モメンタム,業種,食料品,3d,3営業日,0,,,,サンプル不足
v5,return_20d,20日モメンタム,業種,食料品,5d,5営業日,0,,,,サンプル不足
v5,return_20d,20日モメンタム,業種,食料品,10d,10営業日,0,,,,サンプル不足
v5,return_60d,60日モメンタム,全体,全体,1d,1営業日,1,0.19027959879953266,0.19027959879953266,1.0,サンプル不足
v5,return_60d,60日モメンタム,全体,全体,3d,3営業日,1,0.22145814581458143,0.22145814581458143,1.0,サンプル不足
v5,return_60d,60日モメンタム,全体,全体,5d,5営業日,1,-0.008472847284728472,-0.008472847284728472,0.0,サンプル不足
v5,return_60d,60日モメンタム,全体,全体,10d,10営業日,1,0.16717671767176717,0.16717671767176717,1.0,サンプル不足
v5,return_60d,60日モメンタム,業種,その他金融業,1d,1営業日,0,,,,サンプル不足
v5,return_60d,60日モメンタム,業種,その他金融業,3d,3営業日,0,,,,サンプル不足
v5,return_60d,60日モメンタム,業種,その他金融業,5d,5営業日,0,,,,サンプル不足
v5,return_60d,60日モメンタム,業種,その他金融業,10d,10営業日,0,,,,サンプル不足
v5,return_60d,60日モメンタム,業種,ガラス・土石製品,1d,1営業日,1,0.19999999999999998,0.19999999999999998,1.0,サンプル不足
v5,return_60d,60日モメンタム,業種,ガラス・土石製品,3d,3営業日,1,0.19999999999999998,0.19999999999999998,1.0,サンプル不足
v5,return_60d,60日モメンタム,業種,ガラス・土石製品,5d,5営業日,1,0.39999999999999997,0.39999999999999997,1.0,サンプル不足
v5,return_60d,60日モメンタム,業種,ガラス・土石製品,10d,10営業日,1,-0.39999999999999997,-0.39999999999999997,0.0,サンプル不足
v5,return_60d,60日モメンタム,業種,サービス業,1d,1営業日,1,0.2571428571428572,0.2571428571428572,1.0,サンプル不足
v5,return_60d,60日モメンタム,業種,サービス業,3d,3営業日,1,0.7714285714285715,0.7714285714285715,1.0,サンプル不足
v5,return_60d,60日モメンタム,業種,サービス業,5d,5営業日,1,0.942857142857143,0.942857142857143,1.0,サンプル不足
v5,return_60d,60日モメンタム,業種,サービス業,10d,10営業日,1,0.8285714285714287,0.8285714285714287,1.0,サンプル不足
v5,return_60d,60日モメンタム,業種,パルプ・紙,1d,1営業日,0,,,,サンプル不足
v5,return_60d,60日モメンタム,業種,パルプ・紙,3d,3営業日,0,,,,サンプル不足
v5,return_60d,60日モメンタム,業種,パルプ・紙,5d,5営業日,0,,,,サンプル不足
v5,return_60d,60日モメンタム,業種,パルプ・紙,10d,10営業日,0,,,,サンプル不足
v5,return_60d,60日モメンタム,業種,不動産業,1d,1営業日,0,,,,サンプル不足
v5,return_60d,60日モメンタム,業種,不動産業,3d,3営業日,0,,,,サンプル不足
v5,return_60d,60日モメンタム,業種,不動産業,5d,5営業日,0,,,,サンプル不足
v5,return_60d,60日モメンタム,業種,不動産業,10d,10営業日,0,,,,サンプル不足
v5,return_60d,60日モメンタム,業種,保険業,1d,1営業日,0,,,,サンプル不足
v5,return_60d,60日モメンタム,業種,保険業,3d,3営業日,0,,,,サンプル不足
v5,return_60d,60日モメンタム,業種,保険業,5d,5営業日,0,,,,サンプル不足
v5,return_60d,60日モメンタム,業種,保険業,10d,10営業日,0,,,,サンプル不足
v5,return_60d,60日モメンタム,業種,化学,1d,1営業日,1,0.1785714285714286,0.1785714285714286,1.0,サンプル不足
v5,return_60d,60日モメンタム,業種,化学,3d,3営業日,1,0.10714285714285716,0.10714285714285716,1.0,サンプル不足
v5,return_60d,60日モメンタム,業種,化学,5d,5営業日,1,-0.1785714285714286,-0.1785714285714286,0.0,サンプル不足
v5,return_60d,60日モメンタム,業種,化学,10d,10営業日,1,-0.3214285714285715,-0.3214285714285715,0.0,サンプル不足
v5,return_60d,60日モメンタム,業種,卸売業,1d,1営業日,0,,,,サンプル不足
v5,return_60d,60日モメンタム,業種,卸売業,3d,3営業日,0,,,,サンプル不足
v5,return_60d,60日モメンタム,業種,卸売業,5d,5営業日,0,,,,サンプル不足
v5,return_60d,60日モメンタム,業種,卸売業,10d,10営業日,0,,,,サンプル不足
v5,return_60d,60日モメンタム,業種,小売業,1d,1営業日,1,0.5,0.5,1.0,サンプル不足
v5,return_60d,60日モメンタム,業種,小売業,3d,3営業日,1,-0.5,-0.5,0.0,サンプル不足
v5,return_60d,60日モメンタム,業種,小売業,5d,5営業日,1,-0.5,-0.5,0.0,サンプル不足
v5,return_60d,60日モメンタム,業種,小売業,10d,10営業日,1,0.5,0.5,1.0,サンプル不足
v5,return_60d,60日モメンタム,業種,建設業,1d,1営業日,0,,,,サンプル不足
v5,return_60d,60日モメンタム,業種,建設業,3d,3営業日,0,,,,サンプル不足
v5,return_60d,60日モメンタム,業種,建設業,5d,5営業日,0,,,,サンプル不足
v5,return_60d,60日モメンタム,業種,建設業,10d,10営業日,0,,,,サンプル不足
v5,return_60d,60日モメンタム,業種,情報・通信業,1d,1営業日,1,-0.19999999999999998,-0.19999999999999998,0.0,サンプル不足
v5,return_60d,60日モメンタム,業種,情報・通信業,3d,3営業日,1,-0.19999999999999998,-0.19999999999999998,0.0,サンプル不足
v5,return_60d,60日モメンタム,業種,情報・通信業,5d,5営業日,1,-0.49999999999999994,-0.49999999999999994,0.0,サンプル不足
v5,return_60d,60日モメンタム,業種,情報・通信業,10d,10営業日,1,-0.7,-0.7,0.0,サンプル不足
v5,return_60d,60日モメンタム,業種,機械,1d,1営業日,1,0.3681318681318681,0.3681318681318681,1.0,サンプル不足
v5,return_60d,60日モメンタム,業種,機械,3d,3営業日,1,0.7142857142857143,0.7142857142857143,1.0,サンプル不足
v5,return_60d,60日モメンタム,業種,機械,5d,5営業日,1,0.6318681318681317,0.6318681318681317,1.0,サンプル不足
v5,return_60d,60日モメンタム,業種,機械,10d,10営業日,1,0.48901098901098894,0.48901098901098894,1.0,サンプル不足
v5,return_60d,60日モメンタム,業種,精密機器,1d,1営業日,1,-0.07142857142857144,-0.07142857142857144,0.0,サンプル不足
v5,return_60d,60日モメンタム,業種,精密機器,3d,3営業日,1,0.0,0.0,0.0,サンプル不足
v5,return_60d,60日モメンタム,業種,精密機器,5d,5営業日,1,0.14285714285714288,0.14285714285714288,1.0,サンプル不足
v5,return_60d,60日モメンタム,業種,精密機器,10d,10営業日,1,0.14285714285714288,0.14285714285714288,1.0,サンプル不足
v5,return_60d,60日モメンタム,業種,証券、商品先物取引業,1d,1営業日,0,,,,サンプル不足
v5,return_60d,60日モメンタム,業種,証券、商品先物取引業,3d,3営業日,0,,,,サンプル不足
v5,return_60d,60日モメンタム,業種,証券、商品先物取引業,5d,5営業日,0,,,,サンプル不足
v5,return_60d,60日モメンタム,業種,証券、商品先物取引業,10d,10営業日,0,,,,サンプル不足
v5,return_60d,60日モメンタム,業種,輸送用機器,1d,1営業日,1,-0.19999999999999998,-0.19999999999999998,0.0,サンプル不足
v5,return_60d,60日モメンタム,業種,輸送用機器,3d,3営業日,1,-0.39999999999999997,-0.39999999999999997,0.0,サンプル不足
v5,return_60d,60日モメンタム,業種,輸送用機器,5d,5営業日,1,-0.39999999999999997,-0.39999999999999997,0.0,サンプル不足
v5,return_60d,60日モメンタム,業種,輸送用機器,10d,10営業日,1,-0.39999999999999997,-0.39999999999999997,0.0,サンプル不足
v5,return_60d,60日モメンタム,業種,金属製品,1d,1営業日,1,0.7999999999999999,0.7999999999999999,1.0,サンプル不足
v5,return_60d,60日モメンタム,業種,金属製品,3d,3営業日,1,0.39999999999999997,0.39999999999999997,1.0,サンプル不足
v5,return_60d,60日モメンタム,業種,金属製品,5d,5営業日,1,0.39999999999999997,0.39999999999999997,1.0,サンプル不足
v5,return_60d,60日モメンタム,業種,金属製品,10d,10営業日,1,1.0,1.0,1.0,サンプル不足
v5,return_60d,60日モメンタム,業種,鉄鋼,1d,1営業日,0,,,,サンプル不足
v5,return_60d,60日モメンタム,業種,鉄鋼,3d,3営業日,0,,,,サンプル不足
v5,return_60d,60日モメンタム,業種,鉄鋼,5d,5営業日,0,,,,サンプル不足
v5,return_60d,60日モメンタム,業種,鉄鋼,10d,10営業日,0,,,,サンプル不足
v5,return_60d,60日モメンタム,業種,銀行業,1d,1営業日,1,-0.8999999999999998,-0.8999999999999998,0.0,サンプル不足
v5,return_60d,60日モメンタム,業種,銀行業,3d,3営業日,1,-0.8999999999999998,-0.8999999999999998,0.0,サンプル不足
v5,return_60d,60日モメンタム,業種,銀行業,5d,5営業日,1,-0.7,-0.7,0.0,サンプル不足
v5,return_60d,60日モメンタム,業種,銀行業,10d,10営業日,1,-0.09999999999999999,-0.09999999999999999,0.0,サンプル不足
v5,return_60d,60日モメンタム,業種,電気・ガス業,1d,1営業日,0,,,,サンプル不足
v5,return_60d,60日モメンタム,業種,電気・ガス業,3d,3営業日,0,,,,サンプル不足
v5,return_60d,60日モメンタム,業種,電気・ガス業,5d,5営業日,0,,,,サンプル不足
v5,return_60d,60日モメンタム,業種,電気・ガス業,10d,10営業日,0,,,,サンプル不足
v5,return_60d,60日モメンタム,業種,電気機器,1d,1営業日,1,0.1392307692307692,0.1392307692307692,1.0,サンプル不足
v5,return_60d,60日モメンタム,業種,電気機器,3d,3営業日,1,0.16153846153846155,0.16153846153846155,1.0,サンプル不足
v5,return_60d,60日モメンタム,業種,電気機器,5d,5営業日,1,-0.1623076923076923,-0.1623076923076923,0.0,サンプル不足
v5,return_60d,60日モメンタム,業種,電気機器,10d,10営業日,1,0.1723076923076923,0.1723076923076923,1.0,サンプル不足
v5,return_60d,60日モメンタム,業種,非鉄金属,1d,1営業日,0,,,,サンプル不足
v5,return_60d,60日モメンタム,業種,非鉄金属,3d,3営業日,0,,,,サンプル不足
v5,return_60d,60日モメンタム,業種,非鉄金属,5d,5営業日,0,,,,サンプル不足
v5,return_60d,60日モメンタム,業種,非鉄金属,10d,10営業日,0,,,,サンプル不足
v5,return_60d,60日モメンタム,業種,食料品,1d,1営業日,0,,,,サンプル不足
v5,return_60d,60日モメンタム,業種,食料品,3d,3営業日,0,,,,サンプル不足
v5,return_60d,60日モメンタム,業種,食料品,5d,5営業日,0,,,,サンプル不足
v5,return_60d,60日モメンタム,業種,食料品,10d,10営業日,0,,,,サンプル不足
v5,return_120d,120日モメンタム,全体,全体,1d,1営業日,1,0.2455212886938404,0.2455212886938404,1.0,サンプル不足
v5,return_120d,120日モメンタム,全体,全体,3d,3営業日,1,0.39912391239123907,0.39912391239123907,1.0,サンプル不足
v5,return_120d,120日モメンタム,全体,全体,5d,5営業日,1,0.09857785778577859,0.09857785778577859,1.0,サンプル不足
v5,return_120d,120日モメンタム,全体,全体,10d,10営業日,1,0.15372337233723368,0.15372337233723368,1.0,サンプル不足
v5,return_120d,120日モメンタム,業種,その他金融業,1d,1営業日,0,,,,サンプル不足
v5,return_120d,120日モメンタム,業種,その他金融業,3d,3営業日,0,,,,サンプル不足
v5,return_120d,120日モメンタム,業種,その他金融業,5d,5営業日,0,,,,サンプル不足
v5,return_120d,120日モメンタム,業種,その他金融業,10d,10営業日,0,,,,サンプル不足
v5,return_120d,120日モメンタム,業種,ガラス・土石製品,1d,1営業日,1,0.7999999999999999,0.7999999999999999,1.0,サンプル不足
v5,return_120d,120日モメンタム,業種,ガラス・土石製品,3d,3営業日,1,0.7999999999999999,0.7999999999999999,1.0,サンプル不足
v5,return_120d,120日モメンタム,業種,ガラス・土石製品,5d,5営業日,1,1.0,1.0,1.0,サンプル不足
v5,return_120d,120日モメンタム,業種,ガラス・土石製品,10d,10営業日,1,-0.39999999999999997,-0.39999999999999997,0.0,サンプル不足
v5,return_120d,120日モメンタム,業種,サービス業,1d,1営業日,1,0.08571428571428573,0.08571428571428573,1.0,サンプル不足
v5,return_120d,120日モメンタム,業種,サービス業,3d,3営業日,1,0.7714285714285715,0.7714285714285715,1.0,サンプル不足
v5,return_120d,120日モメンタム,業種,サービス業,5d,5営業日,1,0.7714285714285715,0.7714285714285715,1.0,サンプル不足
v5,return_120d,120日モメンタム,業種,サービス業,10d,10営業日,1,0.3142857142857143,0.3142857142857143,1.0,サンプル不足
v5,return_120d,120日モメンタム,業種,パルプ・紙,1d,1営業日,0,,,,サンプル不足
v5,return_120d,120日モメンタム,業種,パルプ・紙,3d,3営業日,0,,,,サンプル不足
v5,return_120d,120日モメンタム,業種,パルプ・紙,5d,5営業日,0,,,,サンプル不足
v5,return_120d,120日モメンタム,業種,パルプ・紙,10d,10営業日,0,,,,サンプル不足
v5,return_120d,120日モメンタム,業種,不動産業,1d,1営業日,0,,,,サンプル不足
v5,return_120d,120日モメンタム,業種,不動産業,3d,3営業日,0,,,,サンプル不足
v5,return_120d,120日モメンタム,業種,不動産業,5d,5営業日,0,,,,サンプル不足
v5,return_120d,120日モメンタム,業種,不動産業,10d,10営業日,0,,,,サンプル不足
v5,return_120d,120日モメンタム,業種,保険業,1d,1営業日,0,,,,サンプル不足
v5,return_120d,120日モメンタム,業種,保険業,3d,3営業日,0,,,,サンプル不足
v5,return_120d,120日モメンタム,業種,保険業,5d,5営業日,0,,,,サンプル不足
v5,return_120d,120日モメンタム,業種,保険業,10d,10営業日,0,,,,サンプル不足
v5,return_120d,120日モメンタム,業種,化学,1d,1営業日,1,0.3214285714285715,0.3214285714285715,1.0,サンプル不足
v5,return_120d,120日モメンタム,業種,化学,3d,3営業日,1,0.3571428571428572,0.3571428571428572,1.0,サンプル不足
v5,return_120d,120日モメンタム,業種,化学,5d,5営業日,1,-0.10714285714285716,-0.10714285714285716,0.0,サンプル不足
v5,return_120d,120日モメンタム,業種,化学,10d,10営業日,1,-0.4642857142857144,-0.4642857142857144,0.0,サンプル不足
v5,return_120d,120日モメンタム,業種,卸売業,1d,1営業日,0,,,,サンプル不足
v5,return_120d,120日モメンタム,業種,卸売業,3d,3営業日,0,,,,サンプル不足
v5,return_120d,120日モメンタム,業種,卸売業,5d,5営業日,0,,,,サンプル不足
v5,return_120d,120日モメンタム,業種,卸売業,10d,10営業日,0,,,,サンプル不足
v5,return_120d,120日モメンタム,業種,小売業,1d,1営業日,1,1.0,1.0,1.0,サンプル不足
v5,return_120d,120日モメンタム,業種,小売業,3d,3営業日,1,0.5,0.5,1.0,サンプル不足
v5,return_120d,120日モメンタム,業種,小売業,5d,5営業日,1,0.5,0.5,1.0,サンプル不足
v5,return_120d,120日モメンタム,業種,小売業,10d,10営業日,1,1.0,1.0,1.0,サンプル不足
v5,return_120d,120日モメンタム,業種,建設業,1d,1営業日,0,,,,サンプル不足
v5,return_120d,120日モメンタム,業種,建設業,3d,3営業日,0,,,,サンプル不足
v5,return_120d,120日モメンタム,業種,建設業,5d,5営業日,0,,,,サンプル不足
v5,return_120d,120日モメンタム,業種,建設業,10d,10営業日,0,,,,サンプル不足
v5,return_120d,120日モメンタム,業種,情報・通信業,1d,1営業日,1,-0.39999999999999997,-0.39999999999999997,0.0,サンプル不足
v5,return_120d,120日モメンタム,業種,情報・通信業,3d,3営業日,1,-0.39999999999999997,-0.39999999999999997,0.0,サンプル不足
v5,return_120d,120日モメンタム,業種,情報・通信業,5d,5営業日,1,-0.3,-0.3,0.0,サンプル不足
v5,return_120d,120日モメンタム,業種,情報・通信業,10d,10営業日,1,-0.09999999999999999,-0.09999999999999999,0.0,サンプル不足
v5,return_120d,120日モメンタム,業種,機械,1d,1営業日,1,0.12637362637362637,0.12637362637362637,1.0,サンプル不足
v5,return_120d,120日モメンタム,業種,機械,3d,3営業日,1,0.5549450549450549,0.5549450549450549,1.0,サンプル不足
v5,return_120d,120日モメンタム,業種,機械,5d,5営業日,1,0.5384615384615384,0.5384615384615384,1.0,サンプル不足
v5,return_120d,120日モメンタム,業種,機械,10d,10営業日,1,0.4725274725274725,0.4725274725274725,1.0,サンプル不足
v5,return_120d,120日モメンタム,業種,精密機器,1d,1営業日,1,0.14285714285714288,0.14285714285714288,1.0,サンプル不足
v5,return_120d,120日モメンタム,業種,精密機器,3d,3営業日,1,0.4642857142857144,0.4642857142857144,1.0,サンプル不足
v5,return_120d,120日モメンタム,業種,精密機器,5d,5営業日,1,0.42857142857142866,0.42857142857142866,1.0,サンプル不足
v5,return_120d,120日モメンタム,業種,精密機器,10d,10営業日,1,0.6785714285714287,0.6785714285714287,1.0,サンプル不足
v5,return_120d,120日モメンタム,業種,証券、商品先物取引業,1d,1営業日,0,,,,サンプル不足
v5,return_120d,120日モメンタム,業種,証券、商品先物取引業,3d,3営業日,0,,,,サンプル不足
v5,return_120d,120日モメンタム,業種,証券、商品先物取引業,5d,5営業日,0,,,,サンプル不足
v5,return_120d,120日モメンタム,業種,証券、商品先物取引業,10d,10営業日,0,,,,サンプル不足
v5,return_120d,120日モメンタム,業種,輸送用機器,1d,1営業日,1,0.39999999999999997,0.39999999999999997,1.0,サンプル不足
v5,return_120d,120日モメンタム,業種,輸送用機器,3d,3営業日,1,0.0,0.0,0.0,サンプル不足
v5,return_120d,120日モメンタム,業種,輸送用機器,5d,5営業日,1,0.0,0.0,0.0,サンプル不足
v5,return_120d,120日モメンタム,業種,輸送用機器,10d,10営業日,1,0.0,0.0,0.0,サンプル不足
v5,return_120d,120日モメンタム,業種,金属製品,1d,1営業日,1,0.39999999999999997,0.39999999999999997,1.0,サンプル不足
v5,return_120d,120日モメンタム,業種,金属製品,3d,3営業日,1,0.19999999999999998,0.19999999999999998,1.0,サンプル不足
v5,return_120d,120日モメンタム,業種,金属製品,5d,5営業日,1,0.19999999999999998,0.19999999999999998,1.0,サンプル不足
v5,return_120d,120日モメンタム,業種,金属製品,10d,10営業日,1,0.7999999999999999,0.7999999999999999,1.0,サンプル不足
v5,return_120d,120日モメンタム,業種,鉄鋼,1d,1営業日,0,,,,サンプル不足
v5,return_120d,120日モメンタム,業種,鉄鋼,3d,3営業日,0,,,,サンプル不足
v5,return_120d,120日モメンタム,業種,鉄鋼,5d,5営業日,0,,,,サンプル不足
v5,return_120d,120日モメンタム,業種,鉄鋼,10d,10営業日,0,,,,サンプル不足
v5,return_120d,120日モメンタム,業種,銀行業,1d,1営業日,1,0.3,0.3,1.0,サンプル不足
v5,return_120d,120日モメンタム,業種,銀行業,3d,3営業日,1,0.3,0.3,1.0,サンプル不足
v5,return_120d,120日モメンタム,業種,銀行業,5d,5営業日,1,0.09999999999999999,0.09999999999999999,1.0,サンプル不足
v5,return_120d,120日モメンタム,業種,銀行業,10d,10営業日,1,-0.7,-0.7,0.0,サンプル不足
v5,return_120d,120日モメンタム,業種,電気・ガス業,1d,1営業日,0,,,,サンプル不足
v5,return_120d,120日モメンタム,業種,電気・ガス業,3d,3営業日,0,,,,サンプル不足
v5,return_120d,120日モメンタム,業種,電気・ガス業,5d,5営業日,0,,,,サンプル不足
v5,return_120d,120日モメンタム,業種,電気・ガス業,10d,10営業日,0,,,,サンプル不足
v5,return_120d,120日モメンタム,業種,電気機器,1d,1営業日,1,0.2923076923076923,0.2923076923076923,1.0,サンプル不足
v5,return_120d,120日モメンタム,業種,電気機器,3d,3営業日,1,0.19615384615384615,0.19615384615384615,1.0,サンプル不足
v5,return_120d,120日モメンタム,業種,電気機器,5d,5営業日,1,-0.1176923076923077,-0.1176923076923077,0.0,サンプル不足
v5,return_120d,120日モメンタム,業種,電気機器,10d,10営業日,1,0.19384615384615386,0.19384615384615386,1.0,サンプル不足
v5,return_120d,120日モメンタム,業種,非鉄金属,1d,1営業日,0,,,,サンプル不足
v5,return_120d,120日モメンタム,業種,非鉄金属,3d,3営業日,0,,,,サンプル不足
v5,return_120d,120日モメンタム,業種,非鉄金属,5d,5営業日,0,,,,サンプル不足
v5,return_120d,120日モメンタム,業種,非鉄金属,10d,10営業日,0,,,,サンプル不足
v5,return_120d,120日モメンタム,業種,食料品,1d,1営業日,0,,,,サンプル不足
v5,return_120d,120日モメンタム,業種,食料品,3d,3営業日,0,,,,サンプル不足
v5,return_120d,120日モメンタム,業種,食料品,5d,5営業日,0,,,,サンプル不足
v5,return_120d,120日モメンタム,業種,食料品,10d,10営業日,0,,,,サンプル不足
v5,distance_ma20,20日移動平均乖離,全体,全体,1d,1営業日,1,-0.005994617445623877,-0.005994617445623877,0.0,サンプル不足
v5,distance_ma20,20日移動平均乖離,全体,全体,3d,3営業日,1,0.03341134113411341,0.03341134113411341,1.0,サンプル不足
v5,distance_ma20,20日移動平均乖離,全体,全体,5d,5営業日,1,-0.08348034803480348,-0.08348034803480348,0.0,サンプル不足
v5,distance_ma20,20日移動平均乖離,全体,全体,10d,10営業日,1,0.10001800180018001,0.10001800180018001,1.0,サンプル不足
v5,distance_ma20,20日移動平均乖離,業種,その他金融業,1d,1営業日,0,,,,サンプル不足
v5,distance_ma20,20日移動平均乖離,業種,その他金融業,3d,3営業日,0,,,,サンプル不足
v5,distance_ma20,20日移動平均乖離,業種,その他金融業,5d,5営業日,0,,,,サンプル不足
v5,distance_ma20,20日移動平均乖離,業種,その他金融業,10d,10営業日,0,,,,サンプル不足
v5,distance_ma20,20日移動平均乖離,業種,ガラス・土石製品,1d,1営業日,1,0.19999999999999998,0.19999999999999998,1.0,サンプル不足
v5,distance_ma20,20日移動平均乖離,業種,ガラス・土石製品,3d,3営業日,1,0.19999999999999998,0.19999999999999998,1.0,サンプル不足
v5,distance_ma20,20日移動平均乖離,業種,ガラス・土石製品,5d,5営業日,1,0.39999999999999997,0.39999999999999997,1.0,サンプル不足
v5,distance_ma20,20日移動平均乖離,業種,ガラス・土石製品,10d,10営業日,1,-0.39999999999999997,-0.39999999999999997,0.0,サンプル不足
v5,distance_ma20,20日移動平均乖離,業種,サービス業,1d,1営業日,1,-0.48571428571428577,-0.48571428571428577,0.0,サンプル不足
v5,distance_ma20,20日移動平均乖離,業種,サービス業,3d,3営業日,1,-0.2,-0.2,0.0,サンプル不足
v5,distance_ma20,20日移動平均乖離,業種,サービス業,5d,5営業日,1,-0.6,-0.6,0.0,サンプル不足
v5,distance_ma20,20日移動平均乖離,業種,サービス業,10d,10営業日,1,-0.48571428571428577,-0.48571428571428577,0.0,サンプル不足
v5,distance_ma20,20日移動平均乖離,業種,パルプ・紙,1d,1営業日,0,,,,サンプル不足
v5,distance_ma20,20日移動平均乖離,業種,パルプ・紙,3d,3営業日,0,,,,サンプル不足
v5,distance_ma20,20日移動平均乖離,業種,パルプ・紙,5d,5営業日,0,,,,サンプル不足
v5,distance_ma20,20日移動平均乖離,業種,パルプ・紙,10d,10営業日,0,,,,サンプル不足
v5,distance_ma20,20日移動平均乖離,業種,不動産業,1d,1営業日,0,,,,サンプル不足
v5,distance_ma20,20日移動平均乖離,業種,不動産業,3d,3営業日,0,,,,サンプル不足
v5,distance_ma20,20日移動平均乖離,業種,不動産業,5d,5営業日,0,,,,サンプル不足
v5,distance_ma20,20日移動平均乖離,業種,不動産業,10d,10営業日,0,,,,サンプル不足
v5,distance_ma20,20日移動平均乖離,業種,保険業,1d,1営業日,0,,,,サンプル不足
v5,distance_ma20,20日移動平均乖離,業種,保険業,3d,3営業日,0,,,,サンプル不足
v5,distance_ma20,20日移動平均乖離,業種,保険業,5d,5営業日,0,,,,サンプル不足
v5,distance_ma20,20日移動平均乖離,業種,保険業,10d,10営業日,0,,,,サンプル不足
v5,distance_ma20,20日移動平均乖離,業種,化学,1d,1営業日,1,-0.25,-0.25,0.0,サンプル不足
v5,distance_ma20,20日移動平均乖離,業種,化学,3d,3営業日,1,-0.42857142857142866,-0.42857142857142866,0.0,サンプル不足
v5,distance_ma20,20日移動平均乖離,業種,化学,5d,5営業日,1,-0.5357142857142858,-0.5357142857142858,0.0,サンプル不足
v5,distance_ma20,20日移動平均乖離,業種,化学,10d,10営業日,1,-0.8214285714285715,-0.8214285714285715,0.0,サンプル不足
v5,distance_ma20,20日移動平均乖離,業種,卸売業,1d,1営業日,0,,,,サンプル不足
v5,distance_ma20,20日移動平均乖離,業種,卸売業,3d,3営業日,0,,,,サンプル不足
v5,distance_ma20,20日移動平均乖離,業種,卸売業,5d,5営業日,0,,,,サンプル不足
v5,distance_ma20,20日移動平均乖離,業種,卸売業,10d,10営業日,0,,,,サンプル不足
v5,distance_ma20,20日移動平均乖離,業種,小売業,1d,1営業日,1,-0.5,-0.5,0.0,サンプル不足
v5,distance_ma20,20日移動平均乖離,業種,小売業,3d,3営業日,1,0.5,0.5,1.0,サンプル不足
v5,distance_ma20,20日移動平均乖離,業種,小売業,5d,5営業日,1,0.5,0.5,1.0,サンプル不足
v5,distance_ma20,20日移動平均乖離,業種,小売業,10d,10営業日,1,-0.5,-0.5,0.0,サンプル不足
v5,distance_ma20,20日移動平均乖離,業種,建設業,1d,1営業日,0,,,,サンプル不足
v5,distance_ma20,20日移動平均乖離,業種,建設業,3d,3営業日,0,,,,サンプル不足
v5,distance_ma20,20日移動平均乖離,業種,建設業,5d,5営業日,0,,,,サンプル不足
v5,distance_ma20,20日移動平均乖離,業種,建設業,10d,10営業日,0,,,,サンプル不足
v5,distance_ma20,20日移動平均乖離,業種,情報・通信業,1d,1営業日,1,-0.8999999999999998,-0.8999999999999998,0.0,サンプル不足
v5,distance_ma20,20日移動平均乖離,業種,情報・通信業,3d,3営業日,1,-0.8999999999999998,-0.8999999999999998,0.0,サンプル不足
v5,distance_ma20,20日移動平均乖離,業種,情報・通信業,5d,5営業日,1,-0.7,-0.7,0.0,サンプル不足
v5,distance_ma20,20日移動平均乖離,業種,情報・通信業,10d,10営業日,1,-0.6,-0.6,0.0,サンプル不足
v5,distance_ma20,20日移動平均乖離,業種,機械,1d,1営業日,1,0.1043956043956044,0.1043956043956044,1.0,サンプル不足
v5,distance_ma20,20日移動平均乖離,業種,機械,3d,3営業日,1,0.049450549450549455,0.049450549450549455,1.0,サンプル不足
v5,distance_ma20,20日移動平均乖離,業種,機械,5d,5営業日,1,0.09890109890109891,0.09890109890109891,1.0,サンプル不足
v5,distance_ma20,20日移動平均乖離,業種,機械,10d,10営業日,1,-0.21428571428571427,-0.21428571428571427,0.0,サンプル不足
v5,distance_ma20,20日移動平均乖離,業種,精密機器,1d,1営業日,1,0.3214285714285715,0.3214285714285715,1.0,サンプル不足
v5,distance_ma20,20日移動平均乖離,業種,精密機器,3d,3営業日,1,-0.10714285714285716,-0.10714285714285716,0.0,サンプル不足
v5,distance_ma20,20日移動平均乖離,業種,精密機器,5d,5営業日,1,-0.07142857142857144,-0.07142857142857144,0.0,サンプル不足
v5,distance_ma20,20日移動平均乖離,業種,精密機器,10d,10営業日,1,-0.03571428571428572,-0.03571428571428572,0.0,サンプル不足
v5,distance_ma20,20日移動平均乖離,業種,証券、商品先物取引業,1d,1営業日,0,,,,サンプル不足
v5,distance_ma20,20日移動平均乖離,業種,証券、商品先物取引業,3d,3営業日,0,,,,サンプル不足
v5,distance_ma20,20日移動平均乖離,業種,証券、商品先物取引業,5d,5営業日,0,,,,サンプル不足
v5,distance_ma20,20日移動平均乖離,業種,証券、商品先物取引業,10d,10営業日,0,,,,サンプル不足
v5,distance_ma20,20日移動平均乖離,業種,輸送用機器,1d,1営業日,1,0.7999999999999999,0.7999999999999999,1.0,サンプル不足
v5,distance_ma20,20日移動平均乖離,業種,輸送用機器,3d,3営業日,1,1.0,1.0,1.0,サンプル不足
v5,distance_ma20,20日移動平均乖離,業種,輸送用機器,5d,5営業日,1,1.0,1.0,1.0,サンプル不足
v5,distance_ma20,20日移動平均乖離,業種,輸送用機器,10d,10営業日,1,1.0,1.0,1.0,サンプル不足
v5,distance_ma20,20日移動平均乖離,業種,金属製品,1d,1営業日,1,-0.6000000000000001,-0.6000000000000001,0.0,サンプル不足
v5,distance_ma20,20日移動平均乖離,業種,金属製品,3d,3営業日,1,-0.7999999999999999,-0.7999999999999999,0.0,サンプル不足
v5,distance_ma20,20日移動平均乖離,業種,金属製品,5d,5営業日,1,-0.7999999999999999,-0.7999999999999999,0.0,サンプル不足
v5,distance_ma20,20日移動平均乖離,業種,金属製品,10d,10営業日,1,0.0,0.0,0.0,サンプル不足
v5,distance_ma20,20日移動平均乖離,業種,鉄鋼,1d,1営業日,0,,,,サンプル不足
v5,distance_ma20,20日移動平均乖離,業種,鉄鋼,3d,3営業日,0,,,,サンプル不足
v5,distance_ma20,20日移動平均乖離,業種,鉄鋼,5d,5営業日,0,,,,サンプル不足
v5,distance_ma20,20日移動平均乖離,業種,鉄鋼,10d,10営業日,0,,,,サンプル不足
v5,distance_ma20,20日移動平均乖離,業種,銀行業,1d,1営業日,1,-0.8999999999999998,-0.8999999999999998,0.0,サンプル不足
v5,distance_ma20,20日移動平均乖離,業種,銀行業,3d,3営業日,1,-0.8999999999999998,-0.8999999999999998,0.0,サンプル不足
v5,distance_ma20,20日移動平均乖離,業種,銀行業,5d,5営業日,1,-0.7,-0.7,0.0,サンプル不足
v5,distance_ma20,20日移動平均乖離,業種,銀行業,10d,10営業日,1,-0.09999999999999999,-0.09999999999999999,0.0,サンプル不足
v5,distance_ma20,20日移動平均乖離,業種,電気・ガス業,1d,1営業日,0,,,,サンプル不足
v5,distance_ma20,20日移動平均乖離,業種,電気・ガス業,3d,3営業日,0,,,,サンプル不足
v5,distance_ma20,20日移動平均乖離,業種,電気・ガス業,5d,5営業日,0,,,,サンプル不足
v5,distance_ma20,20日移動平均乖離,業種,電気・ガス業,10d,10営業日,0,,,,サンプル不足
v5,distance_ma20,20日移動平均乖離,業種,電気機器,1d,1営業日,1,0.10615384615384615,0.10615384615384615,1.0,サンプル不足
v5,distance_ma20,20日移動平均乖離,業種,電気機器,3d,3営業日,1,0.16923076923076924,0.16923076923076924,1.0,サンプル不足
v5,distance_ma20,20日移動平均乖離,業種,電気機器,5d,5営業日,1,-0.1769230769230769,-0.1769230769230769,0.0,サンプル不足
v5,distance_ma20,20日移動平均乖離,業種,電気機器,10d,10営業日,1,0.21000000000000002,0.21000000000000002,1.0,サンプル不足
v5,distance_ma20,20日移動平均乖離,業種,非鉄金属,1d,1営業日,0,,,,サンプル不足
v5,distance_ma20,20日移動平均乖離,業種,非鉄金属,3d,3営業日,0,,,,サンプル不足
v5,distance_ma20,20日移動平均乖離,業種,非鉄金属,5d,5営業日,0,,,,サンプル不足
v5,distance_ma20,20日移動平均乖離,業種,非鉄金属,10d,10営業日,0,,,,サンプル不足
v5,distance_ma20,20日移動平均乖離,業種,食料品,1d,1営業日,0,,,,サンプル不足
v5,distance_ma20,20日移動平均乖離,業種,食料品,3d,3営業日,0,,,,サンプル不足
v5,distance_ma20,20日移動平均乖離,業種,食料品,5d,5営業日,0,,,,サンプル不足
v5,distance_ma20,20日移動平均乖離,業種,食料品,10d,10営業日,0,,,,サンプル不足
v5,distance_ma60,60日移動平均乖離,全体,全体,1d,1営業日,1,0.16838934410320044,0.16838934410320044,1.0,サンプル不足
v5,distance_ma60,60日移動平均乖離,全体,全体,3d,3営業日,1,0.18076207620762072,0.18076207620762072,1.0,サンプル不足
v5,distance_ma60,60日移動平均乖離,全体,全体,5d,5営業日,1,-0.026114611461146114,-0.026114611461146114,0.0,サンプル不足
v5,distance_ma60,60日移動平均乖離,全体,全体,10d,10営業日,1,0.14557455745574555,0.14557455745574555,1.0,サンプル不足
v5,distance_ma60,60日移動平均乖離,業種,その他金融業,1d,1営業日,0,,,,サンプル不足
v5,distance_ma60,60日移動平均乖離,業種,その他金融業,3d,3営業日,0,,,,サンプル不足
v5,distance_ma60,60日移動平均乖離,業種,その他金融業,5d,5営業日,0,,,,サンプル不足
v5,distance_ma60,60日移動平均乖離,業種,その他金融業,10d,10営業日,0,,,,サンプル不足
v5,distance_ma60,60日移動平均乖離,業種,ガラス・土石製品,1d,1営業日,1,0.19999999999999998,0.19999999999999998,1.0,サンプル不足
v5,distance_ma60,60日移動平均乖離,業種,ガラス・土石製品,3d,3営業日,1,0.19999999999999998,0.19999999999999998,1.0,サンプル不足
v5,distance_ma60,60日移動平均乖離,業種,ガラス・土石製品,5d,5営業日,1,0.39999999999999997,0.39999999999999997,1.0,サンプル不足
v5,distance_ma60,60日移動平均乖離,業種,ガラス・土石製品,10d,10営業日,1,-0.39999999999999997,-0.39999999999999997,0.0,サンプル不足
v5,distance_ma60,60日移動平均乖離,業種,サービス業,1d,1営業日,1,0.14285714285714288,0.14285714285714288,1.0,サンプル不足
v5,distance_ma60,60日移動平均乖離,業種,サービス業,3d,3営業日,1,0.8857142857142858,0.8857142857142858,1.0,サンプル不足
v5,distance_ma60,60日移動平均乖離,業種,サービス業,5d,5営業日,1,0.8285714285714287,0.8285714285714287,1.0,サンプル不足
v5,distance_ma60,60日移動平均乖離,業種,サービス業,10d,10営業日,1,0.942857142857143,0.942857142857143,1.0,サンプル不足
v5,distance_ma60,60日移動平均乖離,業種,パルプ・紙,1d,1営業日,0,,,,サンプル不足
v5,distance_ma60,60日移動平均乖離,業種,パルプ・紙,3d,3営業日,0,,,,サンプル不足
v5,distance_ma60,60日移動平均乖離,業種,パルプ・紙,5d,5営業日,0,,,,サンプル不足
v5,distance_ma60,60日移動平均乖離,業種,パルプ・紙,10d,10営業日,0,,,,サンプル不足
v5,distance_ma60,60日移動平均乖離,業種,不動産業,1d,1営業日,0,,,,サンプル不足
v5,distance_ma60,60日移動平均乖離,業種,不動産業,3d,3営業日,0,,,,サンプル不足
v5,distance_ma60,60日移動平均乖離,業種,不動産業,5d,5営業日,0,,,,サンプル不足
v5,distance_ma60,60日移動平均乖離,業種,不動産業,10d,10営業日,0,,,,サンプル不足
v5,distance_ma60,60日移動平均乖離,業種,保険業,1d,1営業日,0,,,,サンプル不足
v5,distance_ma60,60日移動平均乖離,業種,保険業,3d,3営業日,0,,,,サンプル不足
v5,distance_ma60,60日移動平均乖離,業種,保険業,5d,5営業日,0,,,,サンプル不足
v5,distance_ma60,60日移動平均乖離,業種,保険業,10d,10営業日,0,,,,サンプル不足
v5,distance_ma60,60日移動平均乖離,業種,化学,1d,1営業日,1,-0.07142857142857144,-0.07142857142857144,0.0,サンプル不足
v5,distance_ma60,60日移動平均乖離,業種,化学,3d,3営業日,1,-0.14285714285714288,-0.14285714285714288,0.0,サンプル不足
v5,distance_ma60,60日移動平均乖離,業種,化学,5d,5営業日,1,-0.3214285714285715,-0.3214285714285715,0.0,サンプル不足
v5,distance_ma60,60日移動平均乖離,業種,化学,10d,10営業日,1,-0.6071428571428572,-0.6071428571428572,0.0,サンプル不足
v5,distance_ma60,60日移動平均乖離,業種,卸売業,1d,1営業日,0,,,,サンプル不足
v5,distance_ma60,60日移動平均乖離,業種,卸売業,3d,3営業日,0,,,,サンプル不足
v5,distance_ma60,60日移動平均乖離,業種,卸売業,5d,5営業日,0,,,,サンプル不足
v5,distance_ma60,60日移動平均乖離,業種,卸売業,10d,10営業日,0,,,,サンプル不足
v5,distance_ma60,60日移動平均乖離,業種,小売業,1d,1営業日,1,1.0,1.0,1.0,サンプル不足
v5,distance_ma60,60日移動平均乖離,業種,小売業,3d,3営業日,1,0.5,0.5,1.0,サンプル不足
v5,distance_ma60,60日移動平均乖離,業種,小売業,5d,5営業日,1,0.5,0.5,1.0,サンプル不足
v5,distance_ma60,60日移動平均乖離,業種,小売業,10d,10営業日,1,1.0,1.0,1.0,サンプル不足
v5,distance_ma60,60日移動平均乖離,業種,建設業,1d,1営業日,0,,,,サンプル不足
v5,distance_ma60,60日移動平均乖離,業種,建設業,3d,3営業日,0,,,,サンプル不足
v5,distance_ma60,60日移動平均乖離,業種,建設業,5d,5営業日,0,,,,サンプル不足
v5,distance_ma60,60日移動平均乖離,業種,建設業,10d,10営業日,0,,,,サンプル不足
v5,distance_ma60,60日移動平均乖離,業種,情報・通信業,1d,1営業日,1,-0.39999999999999997,-0.39999999999999997,0.0,サンプル不足
v5,distance_ma60,60日移動平均乖離,業種,情報・通信業,3d,3営業日,1,-0.39999999999999997,-0.39999999999999997,0.0,サンプル不足
v5,distance_ma60,60日移動平均乖離,業種,情報・通信業,5d,5営業日,1,-0.3,-0.3,0.0,サンプル不足
v5,distance_ma60,60日移動平均乖離,業種,情報・通信業,10d,10営業日,1,-0.49999999999999994,-0.49999999999999994,0.0,サンプル不足
v5,distance_ma60,60日移動平均乖離,業種,機械,1d,1営業日,1,0.11538461538461539,0.11538461538461539,1.0,サンプル不足
v5,distance_ma60,60日移動平均乖離,業種,機械,3d,3営業日,1,0.4945054945054945,0.4945054945054945,1.0,サンプル不足
v5,distance_ma60,60日移動平均乖離,業種,機械,5d,5営業日,1,0.42857142857142855,0.42857142857142855,1.0,サンプル不足
v5,distance_ma60,60日移動平均乖離,業種,機械,10d,10営業日,1,0.21428571428571427,0.21428571428571427,1.0,サンプル不足
v5,distance_ma60,60日移動平均乖離,業種,精密機器,1d,1営業日,1,0.5714285714285715,0.5714285714285715,1.0,サンプル不足
v5,distance_ma60,60日移動平均乖離,業種,精密機器,3d,3営業日,1,0.07142857142857144,0.07142857142857144,1.0,サンプル不足
v5,distance_ma60,60日移動平均乖離,業種,精密機器,5d,5営業日,1,0.1785714285714286,0.1785714285714286,1.0,サンプル不足
v5,distance_ma60,60日移動平均乖離,業種,精密機器,10d,10営業日,1,0.21428571428571433,0.21428571428571433,1.0,サンプル不足
v5,distance_ma60,60日移動平均乖離,業種,証券、商品先物取引業,1d,1営業日,0,,,,サンプル不足
v5,distance_ma60,60日移動平均乖離,業種,証券、商品先物取引業,3d,3営業日,0,,,,サンプル不足
v5,distance_ma60,60日移動平均乖離,業種,証券、商品先物取引業,5d,5営業日,0,,,,サンプル不足
v5,distance_ma60,60日移動平均乖離,業種,証券、商品先物取引業,10d,10営業日,0,,,,サンプル不足
v5,distance_ma60,60日移動平均乖離,業種,輸送用機器,1d,1営業日,1,0.6000000000000001,0.6000000000000001,1.0,サンプル不足
v5,distance_ma60,60日移動平均乖離,業種,輸送用機器,3d,3営業日,1,0.7999999999999999,0.7999999999999999,1.0,サンプル不足
v5,distance_ma60,60日移動平均乖離,業種,輸送用機器,5d,5営業日,1,0.7999999999999999,0.7999999999999999,1.0,サンプル不足
v5,distance_ma60,60日移動平均乖離,業種,輸送用機器,10d,10営業日,1,0.7999999999999999,0.7999999999999999,1.0,サンプル不足
v5,distance_ma60,60日移動平均乖離,業種,金属製品,1d,1営業日,1,0.7999999999999999,0.7999999999999999,1.0,サンプル不足
v5,distance_ma60,60日移動平均乖離,業種,金属製品,3d,3営業日,1,0.39999999999999997,0.39999999999999997,1.0,サンプル不足
v5,distance_ma60,60日移動平均乖離,業種,金属製品,5d,5営業日,1,0.39999999999999997,0.39999999999999997,1.0,サンプル不足
v5,distance_ma60,60日移動平均乖離,業種,金属製品,10d,10営業日,1,1.0,1.0,1.0,サンプル不足
v5,distance_ma60,60日移動平均乖離,業種,鉄鋼,1d,1営業日,0,,,,サンプル不足
v5,distance_ma60,60日移動平均乖離,業種,鉄鋼,3d,3営業日,0,,,,サンプル不足
v5,distance_ma60,60日移動平均乖離,業種,鉄鋼,5d,5営業日,0,,,,サンプル不足
v5,distance_ma60,60日移動平均乖離,業種,鉄鋼,10d,10営業日,0,,,,サンプル不足
v5,distance_ma60,60日移動平均乖離,業種,銀行業,1d,1営業日,1,-0.7999999999999999,-0.7999999999999999,0.0,サンプル不足
v5,distance_ma60,60日移動平均乖離,業種,銀行業,3d,3営業日,1,-0.7999999999999999,-0.7999999999999999,0.0,サンプル不足
v5,distance_ma60,60日移動平均乖離,業種,銀行業,5d,5営業日,1,-0.49999999999999994,-0.49999999999999994,0.0,サンプル不足
v5,distance_ma60,60日移動平均乖離,業種,銀行業,10d,10営業日,1,0.0,0.0,0.0,サンプル不足
v5,distance_ma60,60日移動平均乖離,業種,電気・ガス業,1d,1営業日,0,,,,サンプル不足
v5,distance_ma60,60日移動平均乖離,業種,電気・ガス業,3d,3営業日,0,,,,サンプル不足
v5,distance_ma60,60日移動平均乖離,業種,電気・ガス業,5d,5営業日,0,,,,サンプル不足
v5,distance_ma60,60日移動平均乖離,業種,電気・ガス業,10d,10営業日,0,,,,サンプル不足
v5,distance_ma60,60日移動平均乖離,業種,電気機器,1d,1営業日,1,0.10692307692307691,0.10692307692307691,1.0,サンプル不足
v5,distance_ma60,60日移動平均乖離,業種,電気機器,3d,3営業日,1,0.15307692307692308,0.15307692307692308,1.0,サンプル不足
v5,distance_ma60,60日移動平均乖離,業種,電気機器,5d,5営業日,1,-0.1992307692307692,-0.1992307692307692,0.0,サンプル不足
v5,distance_ma60,60日移動平均乖離,業種,電気機器,10d,10営業日,1,0.1523076923076923,0.1523076923076923,1.0,サンプル不足
v5,distance_ma60,60日移動平均乖離,業種,非鉄金属,1d,1営業日,0,,,,サンプル不足
v5,distance_ma60,60日移動平均乖離,業種,非鉄金属,3d,3営業日,0,,,,サンプル不足
v5,distance_ma60,60日移動平均乖離,業種,非鉄金属,5d,5営業日,0,,,,サンプル不足
v5,distance_ma60,60日移動平均乖離,業種,非鉄金属,10d,10営業日,0,,,,サンプル不足
v5,distance_ma60,60日移動平均乖離,業種,食料品,1d,1営業日,0,,,,サンプル不足
v5,distance_ma60,60日移動平均乖離,業種,食料品,3d,3営業日,0,,,,サンプル不足
v5,distance_ma60,60日移動平均乖離,業種,食料品,5d,5営業日,0,,,,サンプル不足
v5,distance_ma60,60日移動平均乖離,業種,食料品,10d,10営業日,0,,,,サンプル不足
v5,avg_turnover_20d,20日平均売買代金,全体,全体,1d,1営業日,1,0.32450142364809614,0.32450142364809614,1.0,サンプル不足
v5,avg_turnover_20d,20日平均売買代金,全体,全体,3d,3営業日,1,0.26198619861986194,0.26198619861986194,1.0,サンプル不足
v5,avg_turnover_20d,20日平均売買代金,全体,全体,5d,5営業日,1,0.05748574857485748,0.05748574857485748,1.0,サンプル不足
v5,avg_turnover_20d,20日平均売買代金,全体,全体,10d,10営業日,1,0.16387638763876383,0.16387638763876383,1.0,サンプル不足
v5,avg_turnover_20d,20日平均売買代金,業種,その他金融業,1d,1営業日,0,,,,サンプル不足
v5,avg_turnover_20d,20日平均売買代金,業種,その他金融業,3d,3営業日,0,,,,サンプル不足
v5,avg_turnover_20d,20日平均売買代金,業種,その他金融業,5d,5営業日,0,,,,サンプル不足
v5,avg_turnover_20d,20日平均売買代金,業種,その他金融業,10d,10営業日,0,,,,サンプル不足
v5,avg_turnover_20d,20日平均売買代金,業種,ガラス・土石製品,1d,1営業日,1,0.39999999999999997,0.39999999999999997,1.0,サンプル不足
v5,avg_turnover_20d,20日平均売買代金,業種,ガラス・土石製品,3d,3営業日,1,0.39999999999999997,0.39999999999999997,1.0,サンプル不足
v5,avg_turnover_20d,20日平均売買代金,業種,ガラス・土石製品,5d,5営業日,1,0.7999999999999999,0.7999999999999999,1.0,サンプル不足
v5,avg_turnover_20d,20日平均売買代金,業種,ガラス・土石製品,10d,10営業日,1,-0.19999999999999998,-0.19999999999999998,0.0,サンプル不足
v5,avg_turnover_20d,20日平均売買代金,業種,サービス業,1d,1営業日,1,0.942857142857143,0.942857142857143,1.0,サンプル不足
v5,avg_turnover_20d,20日平均売買代金,業種,サービス業,3d,3営業日,1,0.2571428571428572,0.2571428571428572,1.0,サンプル不足
v5,avg_turnover_20d,20日平均売買代金,業種,サービス業,5d,5営業日,1,0.5428571428571429,0.5428571428571429,1.0,サンプル不足
v5,avg_turnover_20d,20日平均売買代金,業種,サービス業,10d,10営業日,1,0.08571428571428573,0.08571428571428573,1.0,サンプル不足
v5,avg_turnover_20d,20日平均売買代金,業種,パルプ・紙,1d,1営業日,0,,,,サンプル不足
v5,avg_turnover_20d,20日平均売買代金,業種,パルプ・紙,3d,3営業日,0,,,,サンプル不足
v5,avg_turnover_20d,20日平均売買代金,業種,パルプ・紙,5d,5営業日,0,,,,サンプル不足
v5,avg_turnover_20d,20日平均売買代金,業種,パルプ・紙,10d,10営業日,0,,,,サンプル不足
v5,avg_turnover_20d,20日平均売買代金,業種,不動産業,1d,1営業日,0,,,,サンプル不足
v5,avg_turnover_20d,20日平均売買代金,業種,不動産業,3d,3営業日,0,,,,サンプル不足
v5,avg_turnover_20d,20日平均売買代金,業種,不動産業,5d,5営業日,0,,,,サンプル不足
v5,avg_turnover_20d,20日平均売買代金,業種,不動産業,10d,10営業日,0,,,,サンプル不足
v5,avg_turnover_20d,20日平均売買代金,業種,保険業,1d,1営業日,0,,,,サンプル不足
v5,avg_turnover_20d,20日平均売買代金,業種,保険業,3d,3営業日,0,,,,サンプル不足
v5,avg_turnover_20d,20日平均売買代金,業種,保険業,5d,5営業日,0,,,,サンプル不足
v5,avg_turnover_20d,20日平均売買代金,業種,保険業,10d,10営業日,0,,,,サンプル不足
v5,avg_turnover_20d,20日平均売買代金,業種,化学,1d,1営業日,1,-0.07142857142857144,-0.07142857142857144,0.0,サンプル不足
v5,avg_turnover_20d,20日平均売買代金,業種,化学,3d,3営業日,1,-0.1785714285714286,-0.1785714285714286,0.0,サンプル不足
v5,avg_turnover_20d,20日平均売買代金,業種,化学,5d,5営業日,1,0.0,0.0,0.0,サンプル不足
v5,avg_turnover_20d,20日平均売買代金,業種,化学,10d,10営業日,1,0.3571428571428572,0.3571428571428572,1.0,サンプル不足
v5,avg_turnover_20d,20日平均売買代金,業種,卸売業,1d,1営業日,0,,,,サンプル不足
v5,avg_turnover_20d,20日平均売買代金,業種,卸売業,3d,3営業日,0,,,,サンプル不足
v5,avg_turnover_20d,20日平均売買代金,業種,卸売業,5d,5営業日,0,,,,サンプル不足
v5,avg_turnover_20d,20日平均売買代金,業種,卸売業,10d,10営業日,0,,,,サンプル不足
v5,avg_turnover_20d,20日平均売買代金,業種,小売業,1d,1営業日,1,-0.5,-0.5,0.0,サンプル不足
v5,avg_turnover_20d,20日平均売買代金,業種,小売業,3d,3営業日,1,0.5,0.5,1.0,サンプル不足
v5,avg_turnover_20d,20日平均売買代金,業種,小売業,5d,5営業日,1,0.5,0.5,1.0,サンプル不足
v5,avg_turnover_20d,20日平均売買代金,業種,小売業,10d,10営業日,1,-0.5,-0.5,0.0,サンプル不足
v5,avg_turnover_20d,20日平均売買代金,業種,建設業,1d,1営業日,0,,,,サンプル不足
v5,avg_turnover_20d,20日平均売買代金,業種,建設業,3d,3営業日,0,,,,サンプル不足
v5,avg_turnover_20d,20日平均売買代金,業種,建設業,5d,5営業日,0,,,,サンプル不足
v5,avg_turnover_20d,20日平均売買代金,業種,建設業,10d,10営業日,0,,,,サンプル不足
v5,avg_turnover_20d,20日平均売買代金,業種,情報・通信業,1d,1営業日,1,0.6,0.6,1.0,サンプル不足
v5,avg_turnover_20d,20日平均売買代金,業種,情報・通信業,3d,3営業日,1,0.6,0.6,1.0,サンプル不足
v5,avg_turnover_20d,20日平均売買代金,業種,情報・通信業,5d,5営業日,1,0.19999999999999998,0.19999999999999998,1.0,サンプル不足
v5,avg_turnover_20d,20日平均売買代金,業種,情報・通信業,10d,10営業日,1,-0.09999999999999999,-0.09999999999999999,0.0,サンプル不足
v5,avg_turnover_20d,20日平均売買代金,業種,機械,1d,1営業日,1,0.5714285714285714,0.5714285714285714,1.0,サンプル不足
v5,avg_turnover_20d,20日平均売買代金,業種,機械,3d,3営業日,1,0.6428571428571429,0.6428571428571429,1.0,サンプル不足
v5,avg_turnover_20d,20日平均売買代金,業種,機械,5d,5営業日,1,0.16483516483516483,0.16483516483516483,1.0,サンプル不足
v5,avg_turnover_20d,20日平均売買代金,業種,機械,10d,10営業日,1,0.32417582417582413,0.32417582417582413,1.0,サンプル不足
v5,avg_turnover_20d,20日平均売買代金,業種,精密機器,1d,1営業日,1,-0.4642857142857144,-0.4642857142857144,0.0,サンプル不足
v5,avg_turnover_20d,20日平均売買代金,業種,精密機器,3d,3営業日,1,0.0,0.0,0.0,サンプル不足
v5,avg_turnover_20d,20日平均売買代金,業種,精密機器,5d,5営業日,1,-0.14285714285714288,-0.14285714285714288,0.0,サンプル不足
v5,avg_turnover_20d,20日平均売買代金,業種,精密機器,10d,10営業日,1,0.3571428571428572,0.3571428571428572,1.0,サンプル不足
v5,avg_turnover_20d,20日平均売買代金,業種,証券、商品先物取引業,1d,1営業日,0,,,,サンプル不足
v5,avg_turnover_20d,20日平均売買代金,業種,証券、商品先物取引業,3d,3営業日,0,,,,サンプル不足
v5,avg_turnover_20d,20日平均売買代金,業種,証券、商品先物取引業,5d,5営業日,0,,,,サンプル不足
v5,avg_turnover_20d,20日平均売買代金,業種,証券、商品先物取引業,10d,10営業日,0,,,,サンプル不足
v5,avg_turnover_20d,20日平均売買代金,業種,輸送用機器,1d,1営業日,1,-0.7999999999999999,-0.7999999999999999,0.0,サンプル不足
v5,avg_turnover_20d,20日平均売買代金,業種,輸送用機器,3d,3営業日,1,-0.6000000000000001,-0.6000000000000001,0.0,サンプル不足
v5,avg_turnover_20d,20日平均売買代金,業種,輸送用機器,5d,5営業日,1,-0.6000000000000001,-0.6000000000000001,0.0,サンプル不足
v5,avg_turnover_20d,20日平均売買代金,業種,輸送用機器,10d,10営業日,1,-0.6000000000000001,-0.6000000000000001,0.0,サンプル不足
v5,avg_turnover_20d,20日平均売買代金,業種,金属製品,1d,1営業日,1,0.19999999999999998,0.19999999999999998,1.0,サンプル不足
v5,avg_turnover_20d,20日平均売買代金,業種,金属製品,3d,3営業日,1,-0.39999999999999997,-0.39999999999999997,0.0,サンプル不足
v5,avg_turnover_20d,20日平均売買代金,業種,金属製品,5d,5営業日,1,-0.39999999999999997,-0.39999999999999997,0.0,サンプル不足
v5,avg_turnover_20d,20日平均売買代金,業種,金属製品,10d,10営業日,1,0.39999999999999997,0.39999999999999997,1.0,サンプル不足
v5,avg_turnover_20d,20日平均売買代金,業種,鉄鋼,1d,1営業日,0,,,,サンプル不足
v5,avg_turnover_20d,20日平均売買代金,業種,鉄鋼,3d,3営業日,0,,,,サンプル不足
v5,avg_turnover_20d,20日平均売買代金,業種,鉄鋼,5d,5営業日,0,,,,サンプル不足
v5,avg_turnover_20d,20日平均売買代金,業種,鉄鋼,10d,10営業日,0,,,,サンプル不足
v5,avg_turnover_20d,20日平均売買代金,業種,銀行業,1d,1営業日,1,-0.6,-0.6,0.0,サンプル不足
v5,avg_turnover_20d,20日平均売買代金,業種,銀行業,3d,3営業日,1,-0.6,-0.6,0.0,サンプル不足
v5,avg_turnover_20d,20日平均売買代金,業種,銀行業,5d,5営業日,1,-0.3,-0.3,0.0,サンプル不足
v5,avg_turnover_20d,20日平均売買代金,業種,銀行業,10d,10営業日,1,0.6,0.6,1.0,サンプル不足
v5,avg_turnover_20d,20日平均売買代金,業種,電気・ガス業,1d,1営業日,0,,,,サンプル不足
v5,avg_turnover_20d,20日平均売買代金,業種,電気・ガス業,3d,3営業日,0,,,,サンプル不足
v5,avg_turnover_20d,20日平均売買代金,業種,電気・ガス業,5d,5営業日,0,,,,サンプル不足
v5,avg_turnover_20d,20日平均売買代金,業種,電気・ガス業,10d,10営業日,0,,,,サンプル不足
v5,avg_turnover_20d,20日平均売買代金,業種,電気機器,1d,1営業日,1,0.3392307692307693,0.3392307692307693,1.0,サンプル不足
v5,avg_turnover_20d,20日平均売買代金,業種,電気機器,3d,3営業日,1,0.5638461538461538,0.5638461538461538,1.0,サンプル不足
v5,avg_turnover_20d,20日平均売買代金,業種,電気機器,5d,5営業日,1,0.43076923076923074,0.43076923076923074,1.0,サンプル不足
v5,avg_turnover_20d,20日平均売買代金,業種,電気機器,10d,10営業日,1,0.4684615384615385,0.4684615384615385,1.0,サンプル不足
v5,avg_turnover_20d,20日平均売買代金,業種,非鉄金属,1d,1営業日,0,,,,サンプル不足
v5,avg_turnover_20d,20日平均売買代金,業種,非鉄金属,3d,3営業日,0,,,,サンプル不足
v5,avg_turnover_20d,20日平均売買代金,業種,非鉄金属,5d,5営業日,0,,,,サンプル不足
v5,avg_turnover_20d,20日平均売買代金,業種,非鉄金属,10d,10営業日,0,,,,サンプル不足
v5,avg_turnover_20d,20日平均売買代金,業種,食料品,1d,1営業日,0,,,,サンプル不足
v5,avg_turnover_20d,20日平均売買代金,業種,食料品,3d,3営業日,0,,,,サンプル不足
v5,avg_turnover_20d,20日平均売買代金,業種,食料品,5d,5営業日,0,,,,サンプル不足
v5,avg_turnover_20d,20日平均売買代金,業種,食料品,10d,10営業日,0,,,,サンプル不足
v5,volume_ratio_20d,出来高比,全体,全体,1d,1営業日,1,-0.3111320466022003,-0.3111320466022003,0.0,サンプル不足
v5,volume_ratio_20d,出来高比,全体,全体,3d,3営業日,1,-0.2246024602460246,-0.2246024602460246,0.0,サンプル不足
v5,volume_ratio_20d,出来高比,全体,全体,5d,5営業日,1,-0.10417041704170416,-0.10417041704170416,0.0,サンプル不足
v5,volume_ratio_20d,出来高比,全体,全体,10d,10営業日,1,-0.1138073807380738,-0.1138073807380738,0.0,サンプル不足
v5,volume_ratio_20d,出来高比,業種,その他金融業,1d,1営業日,0,,,,サンプル不足
v5,volume_ratio_20d,出来高比,業種,その他金融業,3d,3営業日,0,,,,サンプル不足
v5,volume_ratio_20d,出来高比,業種,その他金融業,5d,5営業日,0,,,,サンプル不足
v5,volume_ratio_20d,出来高比,業種,その他金融業,10d,10営業日,0,,,,サンプル不足
v5,volume_ratio_20d,出来高比,業種,ガラス・土石製品,1d,1営業日,1,0.39999999999999997,0.39999999999999997,1.0,サンプル不足
v5,volume_ratio_20d,出来高比,業種,ガラス・土石製品,3d,3営業日,1,0.39999999999999997,0.39999999999999997,1.0,サンプル不足
v5,volume_ratio_20d,出来高比,業種,ガラス・土石製品,5d,5営業日,1,0.7999999999999999,0.7999999999999999,1.0,サンプル不足
v5,volume_ratio_20d,出来高比,業種,ガラス・土石製品,10d,10営業日,1,-0.19999999999999998,-0.19999999999999998,0.0,サンプル不足
v5,volume_ratio_20d,出来高比,業種,サービス業,1d,1営業日,1,-0.48571428571428577,-0.48571428571428577,0.0,サンプル不足
v5,volume_ratio_20d,出来高比,業種,サービス業,3d,3営業日,1,-0.3714285714285715,-0.3714285714285715,0.0,サンプル不足
v5,volume_ratio_20d,出来高比,業種,サービス業,5d,5営業日,1,-0.7142857142857143,-0.7142857142857143,0.0,サンプル不足
v5,volume_ratio_20d,出来高比,業種,サービス業,10d,10営業日,1,-0.3714285714285715,-0.3714285714285715,0.0,サンプル不足
v5,volume_ratio_20d,出来高比,業種,パルプ・紙,1d,1営業日,0,,,,サンプル不足
v5,volume_ratio_20d,出来高比,業種,パルプ・紙,3d,3営業日,0,,,,サンプル不足
v5,volume_ratio_20d,出来高比,業種,パルプ・紙,5d,5営業日,0,,,,サンプル不足
v5,volume_ratio_20d,出来高比,業種,パルプ・紙,10d,10営業日,0,,,,サンプル不足
v5,volume_ratio_20d,出来高比,業種,不動産業,1d,1営業日,0,,,,サンプル不足
v5,volume_ratio_20d,出来高比,業種,不動産業,3d,3営業日,0,,,,サンプル不足
v5,volume_ratio_20d,出来高比,業種,不動産業,5d,5営業日,0,,,,サンプル不足
v5,volume_ratio_20d,出来高比,業種,不動産業,10d,10営業日,0,,,,サンプル不足
v5,volume_ratio_20d,出来高比,業種,保険業,1d,1営業日,0,,,,サンプル不足
v5,volume_ratio_20d,出来高比,業種,保険業,3d,3営業日,0,,,,サンプル不足
v5,volume_ratio_20d,出来高比,業種,保険業,5d,5営業日,0,,,,サンプル不足
v5,volume_ratio_20d,出来高比,業種,保険業,10d,10営業日,0,,,,サンプル不足
v5,volume_ratio_20d,出来高比,業種,化学,1d,1営業日,1,-0.6071428571428572,-0.6071428571428572,0.0,サンプル不足
v5,volume_ratio_20d,出来高比,業種,化学,3d,3営業日,1,0.10714285714285716,0.10714285714285716,1.0,サンプル不足
v5,volume_ratio_20d,出来高比,業種,化学,5d,5営業日,1,0.6071428571428572,0.6071428571428572,1.0,サンプル不足
v5,volume_ratio_20d,出来高比,業種,化学,10d,10営業日,1,0.3214285714285715,0.3214285714285715,1.0,サンプル不足
v5,volume_ratio_20d,出来高比,業種,卸売業,1d,1営業日,0,,,,サンプル不足
v5,volume_ratio_20d,出来高比,業種,卸売業,3d,3営業日,0,,,,サンプル不足
v5,volume_ratio_20d,出来高比,業種,卸売業,5d,5営業日,0,,,,サンプル不足
v5,volume_ratio_20d,出来高比,業種,卸売業,10d,10営業日,0,,,,サンプル不足
v5,volume_ratio_20d,出来高比,業種,小売業,1d,1営業日,1,0.5,0.5,1.0,サンプル不足
v5,volume_ratio_20d,出来高比,業種,小売業,3d,3営業日,1,-0.5,-0.5,0.0,サンプル不足
v5,volume_ratio_20d,出来高比,業種,小売業,5d,5営業日,1,-0.5,-0.5,0.0,サンプル不足
v5,volume_ratio_20d,出来高比,業種,小売業,10d,10営業日,1,0.5,0.5,1.0,サンプル不足
v5,volume_ratio_20d,出来高比,業種,建設業,1d,1営業日,0,,,,サンプル不足
v5,volume_ratio_20d,出来高比,業種,建設業,3d,3営業日,0,,,,サンプル不足
v5,volume_ratio_20d,出来高比,業種,建設業,5d,5営業日,0,,,,サンプル不足
v5,volume_ratio_20d,出来高比,業種,建設業,10d,10営業日,0,,,,サンプル不足
v5,volume_ratio_20d,出来高比,業種,情報・通信業,1d,1営業日,1,-0.3,-0.3,0.0,サンプル不足
v5,volume_ratio_20d,出来高比,業種,情報・通信業,3d,3営業日,1,-0.3,-0.3,0.0,サンプル不足
v5,volume_ratio_20d,出来高比,業種,情報・通信業,5d,5営業日,1,-0.09999999999999999,-0.09999999999999999,0.0,サンプル不足
v5,volume_ratio_20d,出来高比,業種,情報・通信業,10d,10営業日,1,0.0,0.0,0.0,サンプル不足
v5,volume_ratio_20d,出来高比,業種,機械,1d,1営業日,1,-0.6813186813186813,-0.6813186813186813,0.0,サンプル不足
v5,volume_ratio_20d,出来高比,業種,機械,3d,3営業日,1,-0.510989010989011,-0.510989010989011,0.0,サンプル不足
v5,volume_ratio_20d,出来高比,業種,機械,5d,5営業日,1,-0.5549450549450549,-0.5549450549450549,0.0,サンプル不足
v5,volume_ratio_20d,出来高比,業種,機械,10d,10営業日,1,-0.40659340659340654,-0.40659340659340654,0.0,サンプル不足
v5,volume_ratio_20d,出来高比,業種,精密機器,1d,1営業日,1,0.07142857142857144,0.07142857142857144,1.0,サンプル不足
v5,volume_ratio_20d,出来高比,業種,精密機器,3d,3営業日,1,-0.5,-0.5,0.0,サンプル不足
v5,volume_ratio_20d,出来高比,業種,精密機器,5d,5営業日,1,-0.42857142857142866,-0.42857142857142866,0.0,サンプル不足
v5,volume_ratio_20d,出来高比,業種,精密機器,10d,10営業日,1,-0.3571428571428572,-0.3571428571428572,0.0,サンプル不足
v5,volume_ratio_20d,出来高比,業種,証券、商品先物取引業,1d,1営業日,0,,,,サンプル不足
v5,volume_ratio_20d,出来高比,業種,証券、商品先物取引業,3d,3営業日,0,,,,サンプル不足
v5,volume_ratio_20d,出来高比,業種,証券、商品先物取引業,5d,5営業日,0,,,,サンプル不足
v5,volume_ratio_20d,出来高比,業種,証券、商品先物取引業,10d,10営業日,0,,,,サンプル不足
v5,volume_ratio_20d,出来高比,業種,輸送用機器,1d,1営業日,1,1.0,1.0,1.0,サンプル不足
v5,volume_ratio_20d,出来高比,業種,輸送用機器,3d,3営業日,1,0.7999999999999999,0.7999999999999999,1.0,サンプル不足
v5,volume_ratio_20d,出来高比,業種,輸送用機器,5d,5営業日,1,0.7999999999999999,0.7999999999999999,1.0,サンプル不足
v5,volume_ratio_20d,出来高比,業種,輸送用機器,10d,10営業日,1,0.7999999999999999,0.7999999999999999,1.0,サンプル不足
v5,volume_ratio_20d,出来高比,業種,金属製品,1d,1営業日,1,-0.7999999999999999,-0.7999999999999999,0.0,サンプル不足
v5,volume_ratio_20d,出来高比,業種,金属製品,3d,3営業日,1,-0.39999999999999997,-0.39999999999999997,0.0,サンプル不足
v5,volume_ratio_20d,出来高比,業種,金属製品,5d,5営業日,1,-0.39999999999999997,-0.39999999999999997,0.0,サンプル不足
v5,volume_ratio_20d,出来高比,業種,金属製品,10d,10営業日,1,-1.0,-1.0,0.0,サンプル不足
v5,volume_ratio_20d,出来高比,業種,鉄鋼,1d,1営業日,0,,,,サンプル不足
v5,volume_ratio_20d,出来高比,業種,鉄鋼,3d,3営業日,0,,,,サンプル不足
v5,volume_ratio_20d,出来高比,業種,鉄鋼,5d,5営業日,0,,,,サンプル不足
v5,volume_ratio_20d,出来高比,業種,鉄鋼,10d,10営業日,0,,,,サンプル不足
v5,volume_ratio_20d,出来高比,業種,銀行業,1d,1営業日,1,-0.7,-0.7,0.0,サンプル不足
v5,volume_ratio_20d,出来高比,業種,銀行業,3d,3営業日,1,-0.7,-0.7,0.0,サンプル不足
v5,volume_ratio_20d,出来高比,業種,銀行業,5d,5営業日,1,-0.8999999999999998,-0.8999999999999998,0.0,サンプル不足
v5,volume_ratio_20d,出来高比,業種,銀行業,10d,10営業日,1,-0.7,-0.7,0.0,サンプル不足
v5,volume_ratio_20d,出来高比,業種,電気・ガス業,1d,1営業日,0,,,,サンプル不足
v5,volume_ratio_20d,出来高比,業種,電気・ガス業,3d,3営業日,0,,,,サンプル不足
v5,volume_ratio_20d,出来高比,業種,電気・ガス業,5d,5営業日,0,,,,サンプル不足
v5,volume_ratio_20d,出来高比,業種,電気・ガス業,10d,10営業日,0,,,,サンプル不足
v5,volume_ratio_20d,出来高比,業種,電気機器,1d,1営業日,1,-0.18615384615384614,-0.18615384615384614,0.0,サンプル不足
v5,volume_ratio_20d,出来高比,業種,電気機器,3d,3営業日,1,-0.4553846153846154,-0.4553846153846154,0.0,サンプル不足
v5,volume_ratio_20d,出来高比,業種,電気機器,5d,5営業日,1,-0.45461538461538464,-0.45461538461538464,0.0,サンプル不足
v5,volume_ratio_20d,出来高比,業種,電気機器,10d,10営業日,1,-0.24,-0.24,0.0,サンプル不足
v5,volume_ratio_20d,出来高比,業種,非鉄金属,1d,1営業日,0,,,,サンプル不足
v5,volume_ratio_20d,出来高比,業種,非鉄金属,3d,3営業日,0,,,,サンプル不足
v5,volume_ratio_20d,出来高比,業種,非鉄金属,5d,5営業日,0,,,,サンプル不足
v5,volume_ratio_20d,出来高比,業種,非鉄金属,10d,10営業日,0,,,,サンプル不足
v5,volume_ratio_20d,出来高比,業種,食料品,1d,1営業日,0,,,,サンプル不足
v5,volume_ratio_20d,出来高比,業種,食料品,3d,3営業日,0,,,,サンプル不足
v5,volume_ratio_20d,出来高比,業種,食料品,5d,5営業日,0,,,,サンプル不足
v5,volume_ratio_20d,出来高比,業種,食料品,10d,10営業日,0,,,,サンプル不足
v5,distance_high_120d,120日高値接近度,全体,全体,1d,1営業日,1,-0.007814012731666951,-0.007814012731666951,0.0,サンプル不足
v5,distance_high_120d,120日高値接近度,全体,全体,3d,3営業日,1,-0.0214547366772351,-0.0214547366772351,0.0,サンプル不足
v5,distance_high_120d,120日高値接近度,全体,全体,5d,5営業日,1,0.0608436214517359,0.0608436214517359,1.0,サンプル不足
v5,distance_high_120d,120日高値接近度,全体,全体,10d,10営業日,1,0.23145109869986957,0.23145109869986957,1.0,サンプル不足
v5,distance_high_120d,120日高値接近度,業種,その他金融業,1d,1営業日,0,,,,サンプル不足
v5,distance_high_120d,120日高値接近度,業種,その他金融業,3d,3営業日,0,,,,サンプル不足
v5,distance_high_120d,120日高値接近度,業種,その他金融業,5d,5営業日,0,,,,サンプル不足
v5,distance_high_120d,120日高値接近度,業種,その他金融業,10d,10営業日,0,,,,サンプル不足
v5,distance_high_120d,120日高値接近度,業種,ガラス・土石製品,1d,1営業日,1,-0.10540925533894598,-0.10540925533894598,0.0,サンプル不足
v5,distance_high_120d,120日高値接近度,業種,ガラス・土石製品,3d,3営業日,1,-0.10540925533894598,-0.10540925533894598,0.0,サンプル不足
v5,distance_high_120d,120日高値接近度,業種,ガラス・土石製品,5d,5営業日,1,0.21081851067789195,0.21081851067789195,1.0,サンプル不足
v5,distance_high_120d,120日高値接近度,業種,ガラス・土石製品,10d,10営業日,1,-0.10540925533894598,-0.10540925533894598,0.0,サンプル不足
v5,distance_high_120d,120日高値接近度,業種,サービス業,1d,1営業日,1,-0.2898855178262242,-0.2898855178262242,0.0,サンプル不足
v5,distance_high_120d,120日高値接近度,業種,サービス業,3d,3営業日,1,0.6087595874350709,0.6087595874350709,1.0,サンプル不足
v5,distance_high_120d,120日高値接近度,業種,サービス業,5d,5営業日,1,0.3188740696088466,0.3188740696088466,1.0,サンプル不足
v5,distance_high_120d,120日高値接近度,業種,サービス業,10d,10営業日,1,0.20291986247835697,0.20291986247835697,1.0,サンプル不足
v5,distance_high_120d,120日高値接近度,業種,パルプ・紙,1d,1営業日,0,,,,サンプル不足
v5,distance_high_120d,120日高値接近度,業種,パルプ・紙,3d,3営業日,0,,,,サンプル不足
v5,distance_high_120d,120日高値接近度,業種,パルプ・紙,5d,5営業日,0,,,,サンプル不足
v5,distance_high_120d,120日高値接近度,業種,パルプ・紙,10d,10営業日,0,,,,サンプル不足
v5,distance_high_120d,120日高値接近度,業種,不動産業,1d,1営業日,0,,,,サンプル不足
v5,distance_high_120d,120日高値接近度,業種,不動産業,3d,3営業日,0,,,,サンプル不足
v5,distance_high_120d,120日高値接近度,業種,不動産業,5d,5営業日,0,,,,サンプル不足
v5,distance_high_120d,120日高値接近度,業種,不動産業,10d,10営業日,0,,,,サンプル不足
v5,distance_high_120d,120日高値接近度,業種,保険業,1d,1営業日,0,,,,サンプル不足
v5,distance_high_120d,120日高値接近度,業種,保険業,3d,3営業日,0,,,,サンプル不足
v5,distance_high_120d,120日高値接近度,業種,保険業,5d,5営業日,0,,,,サンプル不足
v5,distance_high_120d,120日高値接近度,業種,保険業,10d,10営業日,0,,,,サンプル不足
v5,distance_high_120d,120日高値接近度,業種,化学,1d,1営業日,1,-0.42857142857142866,-0.42857142857142866,0.0,サンプル不足
v5,distance_high_120d,120日高値接近度,業種,化学,3d,3営業日,1,0.25,0.25,1.0,サンプル不足
v5,distance_high_120d,120日高値接近度,業種,化学,5d,5営業日,1,0.5714285714285715,0.5714285714285715,1.0,サンプル不足
v5,distance_high_120d,120日高値接近度,業種,化学,10d,10営業日,1,0.3571428571428572,0.3571428571428572,1.0,サンプル不足
v5,distance_high_120d,120日高値接近度,業種,卸売業,1d,1営業日,0,,,,サンプル不足
v5,distance_high_120d,120日高値接近度,業種,卸売業,3d,3営業日,0,,,,サンプル不足
v5,distance_high_120d,120日高値接近度,業種,卸売業,5d,5営業日,0,,,,サンプル不足
v5,distance_high_120d,120日高値接近度,業種,卸売業,10d,10営業日,0,,,,サンプル不足
v5,distance_high_120d,120日高値接近度,業種,小売業,1d,1営業日,1,1.0,1.0,1.0,サンプル不足
v5,distance_high_120d,120日高値接近度,業種,小売業,3d,3営業日,1,0.5,0.5,1.0,サンプル不足
v5,distance_high_120d,120日高値接近度,業種,小売業,5d,5営業日,1,0.5,0.5,1.0,サンプル不足
v5,distance_high_120d,120日高値接近度,業種,小売業,10d,10営業日,1,1.0,1.0,1.0,サンプル不足
v5,distance_high_120d,120日高値接近度,業種,建設業,1d,1営業日,0,,,,サンプル不足
v5,distance_high_120d,120日高値接近度,業種,建設業,3d,3営業日,0,,,,サンプル不足
v5,distance_high_120d,120日高値接近度,業種,建設業,5d,5営業日,0,,,,サンプル不足
v5,distance_high_120d,120日高値接近度,業種,建設業,10d,10営業日,0,,,,サンプル不足
v5,distance_high_120d,120日高値接近度,業種,情報・通信業,1d,1営業日,1,-0.49999999999999994,-0.49999999999999994,0.0,サンプル不足
v5,distance_high_120d,120日高値接近度,業種,情報・通信業,3d,3営業日,1,-0.49999999999999994,-0.49999999999999994,0.0,サンプル不足
v5,distance_high_120d,120日高値接近度,業種,情報・通信業,5d,5営業日,1,-0.3,-0.3,0.0,サンプル不足
v5,distance_high_120d,120日高値接近度,業種,情報・通信業,10d,10営業日,1,0.09999999999999999,0.09999999999999999,1.0,サンプル不足
v5,distance_high_120d,120日高値接近度,業種,機械,1d,1営業日,1,-0.03867462340768808,-0.03867462340768808,0.0,サンプル不足
v5,distance_high_120d,120日高値接近度,業種,機械,3d,3営業日,1,0.0,0.0,0.0,サンプル不足
v5,distance_high_120d,120日高値接近度,業種,機械,5d,5営業日,1,0.22099784804393194,0.22099784804393194,1.0,サンプル不足
v5,distance_high_120d,120日高値接近度,業種,機械,10d,10営業日,1,-0.12707376262526085,-0.12707376262526085,0.0,サンプル不足
v5,distance_high_120d,120日高値接近度,業種,精密機器,1d,1営業日,1,0.40089186286863665,0.40089186286863665,1.0,サンプル不足
v5,distance_high_120d,120日高値接近度,業種,精密機器,3d,3営業日,1,-0.13363062095621223,-0.13363062095621223,0.0,サンプル不足
v5,distance_high_120d,120日高値接近度,業種,精密機器,5d,5営業日,1,-0.13363062095621223,-0.13363062095621223,0.0,サンプル不足
v5,distance_high_120d,120日高値接近度,業種,精密機器,10d,10営業日,1,0.13363062095621223,0.13363062095621223,1.0,サンプル不足
v5,distance_high_120d,120日高値接近度,業種,証券、商品先物取引業,1d,1営業日,0,,,,サンプル不足
v5,distance_high_120d,120日高値接近度,業種,証券、商品先物取引業,3d,3営業日,0,,,,サンプル不足
v5,distance_high_120d,120日高値接近度,業種,証券、商品先物取引業,5d,5営業日,0,,,,サンプル不足
v5,distance_high_120d,120日高値接近度,業種,証券、商品先物取引業,10d,10営業日,0,,,,サンプル不足
v5,distance_high_120d,120日高値接近度,業種,輸送用機器,1d,1営業日,1,0.39999999999999997,0.39999999999999997,1.0,サンプル不足
v5,distance_high_120d,120日高値接近度,業種,輸送用機器,3d,3営業日,1,0.7999999999999999,0.7999999999999999,1.0,サンプル不足
v5,distance_high_120d,120日高値接近度,業種,輸送用機器,5d,5営業日,1,0.7999999999999999,0.7999999999999999,1.0,サンプル不足
v5,distance_high_120d,120日高値接近度,業種,輸送用機器,10d,10営業日,1,0.7999999999999999,0.7999999999999999,1.0,サンプル不足
v5,distance_high_120d,120日高値接近度,業種,金属製品,1d,1営業日,1,-0.39999999999999997,-0.39999999999999997,0.0,サンプル不足
v5,distance_high_120d,120日高値接近度,業種,金属製品,3d,3営業日,1,0.19999999999999998,0.19999999999999998,1.0,サンプル不足
v5,distance_high_120d,120日高値接近度,業種,金属製品,5d,5営業日,1,0.19999999999999998,0.19999999999999998,1.0,サンプル不足
v5,distance_high_120d,120日高値接近度,業種,金属製品,10d,10営業日,1,-0.7999999999999999,-0.7999999999999999,0.0,サンプル不足
v5,distance_high_120d,120日高値接近度,業種,鉄鋼,1d,1営業日,0,,,,サンプル不足
v5,distance_high_120d,120日高値接近度,業種,鉄鋼,3d,3営業日,0,,,,サンプル不足
v5,distance_high_120d,120日高値接近度,業種,鉄鋼,5d,5営業日,0,,,,サンプル不足
v5,distance_high_120d,120日高値接近度,業種,鉄鋼,10d,10営業日,0,,,,サンプル不足
v5,distance_high_120d,120日高値接近度,業種,銀行業,1d,1営業日,1,-0.9746794344808964,-0.9746794344808964,0.0,サンプル不足
v5,distance_high_120d,120日高値接近度,業種,銀行業,3d,3営業日,1,-0.9746794344808964,-0.9746794344808964,0.0,サンプル不足
v5,distance_high_120d,120日高値接近度,業種,銀行業,5d,5営業日,1,-0.8720815992723809,-0.8720815992723809,0.0,サンプル不足
v5,distance_high_120d,120日高値接近度,業種,銀行業,10d,10営業日,1,-0.051298917604257706,-0.051298917604257706,0.0,サンプル不足
v5,distance_high_120d,120日高値接近度,業種,電気・ガス業,1d,1営業日,0,,,,サンプル不足
v5,distance_high_120d,120日高値接近度,業種,電気・ガス業,3d,3営業日,0,,,,サンプル不足
v5,distance_high_120d,120日高値接近度,業種,電気・ガス業,5d,5営業日,0,,,,サンプル不足
v5,distance_high_120d,120日高値接近度,業種,電気・ガス業,10d,10営業日,0,,,,サンプル不足
v5,distance_high_120d,120日高値接近度,業種,電気機器,1d,1営業日,1,0.05708384153547584,0.05708384153547584,1.0,サンプル不足
v5,distance_high_120d,120日高値接近度,業種,電気機器,3d,3営業日,1,0.09004775002779287,0.09004775002779287,1.0,サンプル不足
v5,distance_high_120d,120日高値接近度,業種,電気機器,5d,5営業日,1,-0.005627984376737055,-0.005627984376737055,0.0,サンプル不足
v5,distance_high_120d,120日高値接近度,業種,電気機器,10d,10営業日,1,0.22029538846085045,0.22029538846085045,1.0,サンプル不足
v5,distance_high_120d,120日高値接近度,業種,非鉄金属,1d,1営業日,0,,,,サンプル不足
v5,distance_high_120d,120日高値接近度,業種,非鉄金属,3d,3営業日,0,,,,サンプル不足
v5,distance_high_120d,120日高値接近度,業種,非鉄金属,5d,5営業日,0,,,,サンプル不足
v5,distance_high_120d,120日高値接近度,業種,非鉄金属,10d,10営業日,0,,,,サンプル不足
v5,distance_high_120d,120日高値接近度,業種,食料品,1d,1営業日,0,,,,サンプル不足
v5,distance_high_120d,120日高値接近度,業種,食料品,3d,3営業日,0,,,,サンプル不足
v5,distance_high_120d,120日高値接近度,業種,食料品,5d,5営業日,0,,,,サンプル不足
v5,distance_high_120d,120日高値接近度,業種,食料品,10d,10営業日,0,,,,サンプル不足
v5,volatility_20d,20日変動率,全体,全体,1d,1営業日,1,-0.036633773278812586,-0.036633773278812586,0.0,サンプル不足
v5,volatility_20d,20日変動率,全体,全体,3d,3営業日,1,-0.13608160816081608,-0.13608160816081608,0.0,サンプル不足
v5,volatility_20d,20日変動率,全体,全体,5d,5営業日,1,0.14365436543654364,0.14365436543654364,1.0,サンプル不足
v5,volatility_20d,20日変動率,全体,全体,10d,10営業日,1,0.18064206420642062,0.18064206420642062,1.0,サンプル不足
v5,volatility_20d,20日変動率,業種,その他金融業,1d,1営業日,0,,,,サンプル不足
v5,volatility_20d,20日変動率,業種,その他金融業,3d,3営業日,0,,,,サンプル不足
v5,volatility_20d,20日変動率,業種,その他金融業,5d,5営業日,0,,,,サンプル不足
v5,volatility_20d,20日変動率,業種,その他金融業,10d,10営業日,0,,,,サンプル不足
v5,volatility_20d,20日変動率,業種,ガラス・土石製品,1d,1営業日,1,-0.7999999999999999,-0.7999999999999999,0.0,サンプル不足
v5,volatility_20d,20日変動率,業種,ガラス・土石製品,3d,3営業日,1,-0.7999999999999999,-0.7999999999999999,0.0,サンプル不足
v5,volatility_20d,20日変動率,業種,ガラス・土石製品,5d,5営業日,1,-1.0,-1.0,0.0,サンプル不足
v5,volatility_20d,20日変動率,業種,ガラス・土石製品,10d,10営業日,1,0.39999999999999997,0.39999999999999997,1.0,サンプル不足
v5,volatility_20d,20日変動率,業種,サービス業,1d,1営業日,1,0.2571428571428572,0.2571428571428572,1.0,サンプル不足
v5,volatility_20d,20日変動率,業種,サービス業,3d,3営業日,1,0.08571428571428573,0.08571428571428573,1.0,サンプル不足
v5,volatility_20d,20日変動率,業種,サービス業,5d,5営業日,1,0.3714285714285715,0.3714285714285715,1.0,サンプル不足
v5,volatility_20d,20日変動率,業種,サービス業,10d,10営業日,1,0.2571428571428572,0.2571428571428572,1.0,サンプル不足
v5,volatility_20d,20日変動率,業種,パルプ・紙,1d,1営業日,0,,,,サンプル不足
v5,volatility_20d,20日変動率,業種,パルプ・紙,3d,3営業日,0,,,,サンプル不足
v5,volatility_20d,20日変動率,業種,パルプ・紙,5d,5営業日,0,,,,サンプル不足
v5,volatility_20d,20日変動率,業種,パルプ・紙,10d,10営業日,0,,,,サンプル不足
v5,volatility_20d,20日変動率,業種,不動産業,1d,1営業日,0,,,,サンプル不足
v5,volatility_20d,20日変動率,業種,不動産業,3d,3営業日,0,,,,サンプル不足
v5,volatility_20d,20日変動率,業種,不動産業,5d,5営業日,0,,,,サンプル不足
v5,volatility_20d,20日変動率,業種,不動産業,10d,10営業日,0,,,,サンプル不足
v5,volatility_20d,20日変動率,業種,保険業,1d,1営業日,0,,,,サンプル不足
v5,volatility_20d,20日変動率,業種,保険業,3d,3営業日,0,,,,サンプル不足
v5,volatility_20d,20日変動率,業種,保険業,5d,5営業日,0,,,,サンプル不足
v5,volatility_20d,20日変動率,業種,保険業,10d,10営業日,0,,,,サンプル不足
v5,volatility_20d,20日変動率,業種,化学,1d,1営業日,1,-0.07142857142857144,-0.07142857142857144,0.0,サンプル不足
v5,volatility_20d,20日変動率,業種,化学,3d,3営業日,1,0.14285714285714288,0.14285714285714288,1.0,サンプル不足
v5,volatility_20d,20日変動率,業種,化学,5d,5営業日,1,0.5,0.5,1.0,サンプル不足
v5,volatility_20d,20日変動率,業種,化学,10d,10営業日,1,0.7142857142857144,0.7142857142857144,1.0,サンプル不足
v5,volatility_20d,20日変動率,業種,卸売業,1d,1営業日,0,,,,サンプル不足
v5,volatility_20d,20日変動率,業種,卸売業,3d,3営業日,0,,,,サンプル不足
v5,volatility_20d,20日変動率,業種,卸売業,5d,5営業日,0,,,,サンプル不足
v5,volatility_20d,20日変動率,業種,卸売業,10d,10営業日,0,,,,サンプル不足
v5,volatility_20d,20日変動率,業種,小売業,1d,1営業日,1,-0.5,-0.5,0.0,サンプル不足
v5,volatility_20d,20日変動率,業種,小売業,3d,3営業日,1,-1.0,-1.0,0.0,サンプル不足
v5,volatility_20d,20日変動率,業種,小売業,5d,5営業日,1,-1.0,-1.0,0.0,サンプル不足
v5,volatility_20d,20日変動率,業種,小売業,10d,10営業日,1,-0.5,-0.5,0.0,サンプル不足
v5,volatility_20d,20日変動率,業種,建設業,1d,1営業日,0,,,,サンプル不足
v5,volatility_20d,20日変動率,業種,建設業,3d,3営業日,0,,,,サンプル不足
v5,volatility_20d,20日変動率,業種,建設業,5d,5営業日,0,,,,サンプル不足
v5,volatility_20d,20日変動率,業種,建設業,10d,10営業日,0,,,,サンプル不足
v5,volatility_20d,20日変動率,業種,情報・通信業,1d,1営業日,1,0.3,0.3,1.0,サンプル不足
v5,volatility_20d,20日変動率,業種,情報・通信業,3d,3営業日,1,0.3,0.3,1.0,サンプル不足
v5,volatility_20d,20日変動率,業種,情報・通信業,5d,5営業日,1,0.39999999999999997,0.39999999999999997,1.0,サンプル不足
v5,volatility_20d,20日変動率,業種,情報・通信業,10d,10営業日,1,0.7,0.7,1.0,サンプル不足
v5,volatility_20d,20日変動率,業種,機械,1d,1営業日,1,-0.11538461538461539,-0.11538461538461539,0.0,サンプル不足
v5,volatility_20d,20日変動率,業種,機械,3d,3営業日,1,-0.2692307692307692,-0.2692307692307692,0.0,サンプル不足
v5,volatility_20d,20日変動率,業種,機械,5d,5営業日,1,-0.38461538461538464,-0.38461538461538464,0.0,サンプル不足
v5,volatility_20d,20日変動率,業種,機械,10d,10営業日,1,-0.19230769230769232,-0.19230769230769232,0.0,サンプル不足
v5,volatility_20d,20日変動率,業種,精密機器,1d,1営業日,1,0.4642857142857144,0.4642857142857144,1.0,サンプル不足
v5,volatility_20d,20日変動率,業種,精密機器,3d,3営業日,1,0.14285714285714288,0.14285714285714288,1.0,サンプル不足
v5,volatility_20d,20日変動率,業種,精密機器,5d,5営業日,1,0.07142857142857144,0.07142857142857144,1.0,サンプル不足
v5,volatility_20d,20日変動率,業種,精密機器,10d,10営業日,1,0.42857142857142866,0.42857142857142866,1.0,サンプル不足
v5,volatility_20d,20日変動率,業種,証券、商品先物取引業,1d,1営業日,0,,,,サンプル不足
v5,volatility_20d,20日変動率,業種,証券、商品先物取引業,3d,3営業日,0,,,,サンプル不足
v5,volatility_20d,20日変動率,業種,証券、商品先物取引業,5d,5営業日,0,,,,サンプル不足
v5,volatility_20d,20日変動率,業種,証券、商品先物取引業,10d,10営業日,0,,,,サンプル不足
v5,volatility_20d,20日変動率,業種,輸送用機器,1d,1営業日,1,0.39999999999999997,0.39999999999999997,1.0,サンプル不足
v5,volatility_20d,20日変動率,業種,輸送用機器,3d,3営業日,1,0.7999999999999999,0.7999999999999999,1.0,サンプル不足
v5,volatility_20d,20日変動率,業種,輸送用機器,5d,5営業日,1,0.7999999999999999,0.7999999999999999,1.0,サンプル不足
v5,volatility_20d,20日変動率,業種,輸送用機器,10d,10営業日,1,0.7999999999999999,0.7999999999999999,1.0,サンプル不足
v5,volatility_20d,20日変動率,業種,金属製品,1d,1営業日,1,0.6000000000000001,0.6000000000000001,1.0,サンプル不足
v5,volatility_20d,20日変動率,業種,金属製品,3d,3営業日,1,0.7999999999999999,0.7999999999999999,1.0,サンプル不足
v5,volatility_20d,20日変動率,業種,金属製品,5d,5営業日,1,0.7999999999999999,0.7999999999999999,1.0,サンプル不足
v5,volatility_20d,20日変動率,業種,金属製品,10d,10営業日,1,0.0,0.0,0.0,サンプル不足
v5,volatility_20d,20日変動率,業種,鉄鋼,1d,1営業日,0,,,,サンプル不足
v5,volatility_20d,20日変動率,業種,鉄鋼,3d,3営業日,0,,,,サンプル不足
v5,volatility_20d,20日変動率,業種,鉄鋼,5d,5営業日,0,,,,サンプル不足
v5,volatility_20d,20日変動率,業種,鉄鋼,10d,10営業日,0,,,,サンプル不足
v5,volatility_20d,20日変動率,業種,銀行業,1d,1営業日,1,0.0,0.0,0.0,サンプル不足
v5,volatility_20d,20日変動率,業種,銀行業,3d,3営業日,1,0.0,0.0,0.0,サンプル不足
v5,volatility_20d,20日変動率,業種,銀行業,5d,5営業日,1,0.09999999999999999,0.09999999999999999,1.0,サンプル不足
v5,volatility_20d,20日変動率,業種,銀行業,10d,10営業日,1,0.7999999999999999,0.7999999999999999,1.0,サンプル不足
v5,volatility_20d,20日変動率,業種,電気・ガス業,1d,1営業日,0,,,,サンプル不足
v5,volatility_20d,20日変動率,業種,電気・ガス業,3d,3営業日,0,,,,サンプル不足
v5,volatility_20d,20日変動率,業種,電気・ガス業,5d,5営業日,0,,,,サンプル不足
v5,volatility_20d,20日変動率,業種,電気・ガス業,10d,10営業日,0,,,,サンプル不足
v5,volatility_20d,20日変動率,業種,電気機器,1d,1営業日,1,-0.11307692307692309,-0.11307692307692309,0.0,サンプル不足
v5,volatility_20d,20日変動率,業種,電気機器,3d,3営業日,1,-0.03,-0.03,0.0,サンプル不足
v5,volatility_20d,20日変動率,業種,電気機器,5d,5営業日,1,0.31384615384615383,0.31384615384615383,1.0,サンプル不足
v5,volatility_20d,20日変動率,業種,電気機器,10d,10営業日,1,0.09307692307692307,0.09307692307692307,1.0,サンプル不足
v5,volatility_20d,20日変動率,業種,非鉄金属,1d,1営業日,0,,,,サンプル不足
v5,volatility_20d,20日変動率,業種,非鉄金属,3d,3営業日,0,,,,サンプル不足
v5,volatility_20d,20日変動率,業種,非鉄金属,5d,5営業日,0,,,,サンプル不足
v5,volatility_20d,20日変動率,業種,非鉄金属,10d,10営業日,0,,,,サンプル不足
v5,volatility_20d,20日変動率,業種,食料品,1d,1営業日,0,,,,サンプル不足
v5,volatility_20d,20日変動率,業種,食料品,3d,3営業日,0,,,,サンプル不足
v5,volatility_20d,20日変動率,業種,食料品,5d,5営業日,0,,,,サンプル不足
v5,volatility_20d,20日変動率,業種,食料品,10d,10営業日,0,,,,サンプル不足
v7,score,総合スコア,全体,全体,1d,1営業日,63,-0.01546448460316235,-0.025178668939360837,0.47619047619047616,評価可能
v7,score,総合スコア,全体,全体,3d,3営業日,61,-0.03578972741243401,-0.04030099733019851,0.32786885245901637,評価可能
v7,score,総合スコア,全体,全体,5d,5営業日,59,-0.05471535671075907,-0.04493276287286452,0.2711864406779661,評価可能
v7,score,総合スコア,全体,全体,10d,10営業日,54,-0.10527376010082537,-0.09515180063589372,0.2037037037037037,評価可能
v7,score,総合スコア,業種,その他製品,1d,1営業日,21,0.1836734693877551,0.39999999999999997,0.6190476190476191,サンプル不足
v7,score,総合スコア,業種,その他製品,3d,3営業日,21,0.15578231292517006,0.39999999999999997,0.6190476190476191,サンプル不足
v7,score,総合スコア,業種,その他製品,5d,5営業日,21,0.27346938775510204,0.5,0.7142857142857143,サンプル不足
v7,score,総合スコア,業種,その他製品,10d,10営業日,18,0.17460317460317457,0.5,0.6666666666666666,サンプル不足
v7,score,総合スコア,業種,その他金融業,1d,1営業日,2,-0.5,-0.5,0.0,サンプル不足
v7,score,総合スコア,業種,その他金融業,3d,3営業日,2,-0.25,-0.25,0.5,サンプル不足
v7,score,総合スコア,業種,その他金融業,5d,5営業日,2,-0.25,-0.25,0.5,サンプル不足
v7,score,総合スコア,業種,その他金融業,10d,10営業日,2,-0.25,-0.25,0.5,サンプル不足
v7,score,総合スコア,業種,ガラス・土石製品,1d,1営業日,3,-0.3333333333333333,-0.5,0.3333333333333333,サンプル不足
v7,score,総合スコア,業種,ガラス・土石製品,3d,3営業日,3,-0.16666666666666666,-0.5,0.3333333333333333,サンプル不足
v7,score,総合スコア,業種,ガラス・土石製品,5d,5営業日,3,0.16666666666666666,0.5,0.6666666666666666,サンプル不足
v7,score,総合スコア,業種,ガラス・土石製品,10d,10営業日,2,-0.75,-0.75,0.0,サンプル不足
v7,score,総合スコア,業種,ゴム製品,1d,1営業日,1,0.0,0.0,0.0,サンプル不足
v7,score,総合スコア,業種,ゴム製品,3d,3営業日,1,-0.6000000000000001,-0.6000000000000001,0.0,サンプル不足
v7,score,総合スコア,業種,ゴム製品,5d,5営業日,1,-0.7999999999999999,-0.7999999999999999,0.0,サンプル不足
v7,score,総合スコア,業種,ゴム製品,10d,10営業日,1,-0.7999999999999999,-0.7999999999999999,0.0,サンプル不足
v7,score,総合スコア,業種,サービス業,1d,1営業日,63,-0.019389762179507577,-0.03571428571428572,0.47619047619047616,評価可能
v7,score,総合スコア,業種,サービス業,3d,3営業日,61,-0.01381340428938754,-0.08359133126934985,0.4098360655737705,評価可能
v7,score,総合スコア,業種,サービス業,5d,5営業日,59,-0.01856753235294223,0.0,0.4915254237288136,評価可能
v7,score,総合スコア,業種,サービス業,10d,10営業日,54,-0.03175153552301263,-0.00909090909090909,0.46296296296296297,評価可能
v7,score,総合スコア,業種,パルプ・紙,1d,1営業日,0,,,,サンプル不足
v7,score,総合スコア,業種,パルプ・紙,3d,3営業日,0,,,,サンプル不足
v7,score,総合スコア,業種,パルプ・紙,5d,5営業日,0,,,,サンプル不足
v7,score,総合スコア,業種,パルプ・紙,10d,10営業日,0,,,,サンプル不足
v7,score,総合スコア,業種,不動産業,1d,1営業日,11,-0.23040276334742493,-0.5,0.36363636363636365,サンプル不足
v7,score,総合スコア,業種,不動産業,3d,3営業日,11,-0.12727272727272726,-0.5,0.45454545454545453,サンプル不足
v7,score,総合スコア,業種,不動産業,5d,5営業日,10,-0.15999999999999998,-0.35,0.3,サンプル不足
v7,score,総合スコア,業種,不動産業,10d,10営業日,7,-0.31428571428571433,-0.5,0.42857142857142855,サンプル不足
v7,score,総合スコア,業種,保険業,1d,1営業日,23,-0.05429057817610931,-0.19999999999999998,0.4782608695652174,サンプル不足
v7,score,総合スコア,業種,保険業,3d,3営業日,22,-0.16584924082047792,-0.44999999999999996,0.4090909090909091,サンプル不足
v7,score,総合スコア,業種,保険業,5d,5営業日,20,-0.12243416490252572,-0.44999999999999996,0.4,サンプル不足
v7,score,総合スコア,業種,保険業,10d,10営業日,18,-0.20735864066853754,-0.5,0.2777777777777778,サンプル不足
v7,score,総合スコア,業種,倉庫・運輸関連業,1d,1営業日,1,0.5,0.5,1.0,サンプル不足
v7,score,総合スコア,業種,倉庫・運輸関連業,3d,3営業日,1,0.5,0.5,1.0,サンプル不足
v7,score,総合スコア,業種,倉庫・運輸関連業,5d,5営業日,1,-0.5,-0.5,0.0,サンプル不足
v7,score,総合スコア,業種,倉庫・運輸関連業,10d,10営業日,1,0.5,0.5,1.0,サンプル不足
v7,score,総合スコア,業種,化学,1d,1営業日,57,-0.06625684257263205,-0.027972027972027972,0.40350877192982454,評価可能
v7,score,総合スコア,業種,化学,3d,3営業日,55,-0.04927905427905428,-0.03636363636363637,0.45454545454545453,評価可能
v7,score,総合スコア,業種,化学,5d,5営業日,55,-0.015122301940483762,0.0,0.41818181818181815,評価可能
v7,score,総合スコア,業種,化学,10d,10営業日,50,-0.053806859806859814,-0.004545454545454546,0.48,評価可能
v7,score,総合スコア,業種,医薬品,1d,1営業日,22,0.02435064935064936,0.39999999999999997,0.5909090909090909,サンプル不足
v7,score,総合スコア,業種,医薬品,3d,3営業日,20,0.1710714285714286,0.41428571428571426,0.7,サンプル不足
v7,score,総合スコア,業種,医薬品,5d,5営業日,18,0.24445252880856908,0.45721561641997854,0.7222222222222222,サンプル不足
v7,score,総合スコア,業種,医薬品,10d,10営業日,14,0.18469387755102037,0.39999999999999997,0.7142857142857143,サンプル不足
v7,score,総合スコア,業種,卸売業,1d,1営業日,59,0.10225450609512869,0.19999999999999998,0.6440677966101694,評価可能
v7,score,総合スコア,業種,卸売業,3d,3営業日,57,0.08712205887460445,0.09999999999999999,0.5964912280701754,評価可能
v7,score,総合スコア,業種,卸売業,5d,5営業日,55,0.11332705777032599,0.09523809523809526,0.5272727272727272,評価可能
v7,score,総合スコア,業種,卸売業,10d,10営業日,50,0.07309536475446078,0.10952380952380952,0.56,評価可能
v7,score,総合スコア,業種,小売業,1d,1営業日,55,-0.0992769022982978,-0.03571428571428572,0.43636363636363634,評価可能
v7,score,総合スコア,業種,小売業,3d,3営業日,54,-0.07146455577828126,-0.022058823529411766,0.42592592592592593,評価可能
v7,score,総合スコア,業種,小売業,5d,5営業日,52,-0.0990698215811338,-0.0892857142857143,0.40384615384615385,評価可能
v7,score,総合スコア,業種,小売業,10d,10営業日,47,-0.13496039838342716,-0.10714285714285716,0.3404255319148936,評価可能
v7,score,総合スコア,業種,建設業,1d,1営業日,12,-0.24166666666666667,-0.5,0.25,サンプル不足
v7,score,総合スコア,業種,建設業,3d,3営業日,11,-0.2545454545454545,-0.5,0.2727272727272727,サンプル不足
v7,score,総合スコア,業種,建設業,5d,5営業日,11,-0.0818181818181818,-0.5,0.45454545454545453,サンプル不足
v7,score,総合スコア,業種,建設業,10d,10営業日,9,-0.08888888888888886,-0.5,0.4444444444444444,サンプル不足
v7,score,総合スコア,業種,情報・通信業,1d,1営業日,63,-0.02123257666317353,-0.04743083003952569,0.4126984126984127,評価可能
v7,score,総合スコア,業種,情報・通信業,3d,3営業日,61,-0.000944867021137806,-0.027472527472527472,0.4262295081967213,評価可能
v7,score,総合スコア,業種,情報・通信業,5d,5営業日,59,-0.02900461512364806,-0.04175824175824176,0.3898305084745763,評価可能
v7,score,総合スコア,業種,情報・通信業,10d,10営業日,54,-0.0825109976266298,-0.12197802197802199,0.37037037037037035,評価可能
v7,score,総合スコア,業種,機械,1d,1営業日,40,0.017833179824008522,0.037179487179487186,0.525,評価可能
v7,score,総合スコア,業種,機械,3d,3営業日,38,0.1065875791149697,0.15757575757575756,0.5789473684210527,評価可能
v7,score,総合スコア,業種,機械,5d,5営業日,38,-0.04046633577094159,-0.014285714285714287,0.47368421052631576,評価可能
v7,score,総合スコア,業種,機械,10d,10営業日,35,-0.07299525853663431,0.0,0.42857142857142855,評価可能
v7,score,総合スコア,業種,海運業,1d,1営業日,13,0.16153846153846155,0.19999999999999998,0.6923076923076923,サンプル不足
v7,score,総合スコア,業種,海運業,3d,3営業日,13,-0.05384615384615384,0.19999999999999998,0.5384615384615384,サンプル不足
v7,score,総合スコア,業種,海運業,5d,5営業日,12,-0.05833333333333335,0.09999999999999999,0.5,サンプル不足
v7,score,総合スコア,業種,海運業,10d,10営業日,11,0.09999999999999999,0.39999999999999997,0.7272727272727273,サンプル不足
v7,score,総合スコア,業種,石油・石炭製品,1d,1営業日,2,0.25,0.25,0.5,サンプル不足
v7,score,総合スコア,業種,石油・石炭製品,3d,3営業日,1,0.5,0.5,1.0,サンプル不足
v7,score,総合スコア,業種,石油・石炭製品,5d,5営業日,0,,,,サンプル不足
v7,score,総合スコア,業種,石油・石炭製品,10d,10営業日,0,,,,サンプル不足
v7,score,総合スコア,業種,空運業,1d,1営業日,0,,,,サンプル不足
v7,score,総合スコア,業種,空運業,3d,3営業日,0,,,,サンプル不足
v7,score,総合スコア,業種,空運業,5d,5営業日,0,,,,サンプル不足
v7,score,総合スコア,業種,空運業,10d,10営業日,0,,,,サンプル不足
v7,score,総合スコア,業種,精密機器,1d,1営業日,23,-0.09254658385093167,-0.39999999999999997,0.43478260869565216,サンプル不足
v7,score,総合スコア,業種,精密機器,3d,3営業日,23,0.025465838509316777,0.0,0.4782608695652174,サンプル不足
v7,score,総合スコア,業種,精密機器,5d,5営業日,23,0.06397515527950311,0.14285714285714288,0.5217391304347826,サンプル不足
v7,score,総合スコア,業種,精密機器,10d,10営業日,23,-0.016770186335403725,0.0,0.4782608695652174,サンプル不足
v7,score,総合スコア,業種,繊維製品,1d,1営業日,1,-0.39999999999999997,-0.39999999999999997,0.0,サンプル不足
v7,score,総合スコア,業種,繊維製品,3d,3営業日,0,,,,サンプル不足
v7,score,総合スコア,業種,繊維製品,5d,5営業日,0,,,,サンプル不足
v7,score,総合スコア,業種,繊維製品,10d,10営業日,0,,,,サンプル不足
v7,score,総合スコア,業種,証券、商品先物取引業,1d,1営業日,27,0.03280423280423281,0.19999999999999998,0.5185185185185185,サンプル不足
v7,score,総合スコア,業種,証券、商品先物取引業,3d,3営業日,26,-0.11126373626373628,-0.39642857142857146,0.38461538461538464,サンプル不足
v7,score,総合スコア,業種,証券、商品先物取引業,5d,5営業日,25,-0.034857142857142864,0.39999999999999997,0.52,サンプル不足
v7,score,総合スコア,業種,証券、商品先物取引業,10d,10営業日,22,-0.08051948051948052,-0.44999999999999996,0.36363636363636365,サンプル不足
v7,score,総合スコア,業種,輸送用機器,1d,1営業日,35,0.07212716533405004,-0.023809523809523815,0.4857142857142857,評価可能
v7,score,総合スコア,業種,輸送用機器,3d,3営業日,35,-0.06147827684282071,0.0,0.4857142857142857,評価可能
v7,score,総合スコア,業種,輸送用機器,5d,5営業日,35,-0.03834902514214043,0.0,0.4857142857142857,評価可能
v7,score,総合スコア,業種,輸送用機器,10d,10営業日,34,-0.15782427658189527,-0.3,0.4411764705882353,評価可能
v7,score,総合スコア,業種,金属製品,1d,1営業日,20,-0.11952380952380952,-0.19999999999999998,0.35,サンプル不足
v7,score,総合スコア,業種,金属製品,3d,3営業日,20,-0.07595238095238092,-0.10238095238095239,0.45,サンプル不足
v7,score,総合スコア,業種,金属製品,5d,5営業日,19,-0.05664160401002506,-0.04761904761904763,0.47368421052631576,サンプル不足
v7,score,総合スコア,業種,金属製品,10d,10営業日,18,-0.3994708994708995,-0.5,0.16666666666666666,サンプル不足
v7,score,総合スコア,業種,鉄鋼,1d,1営業日,10,-0.08000000000000003,-0.35,0.4,サンプル不足
v7,score,総合スコア,業種,鉄鋼,3d,3営業日,10,0.039999999999999994,0.19999999999999998,0.5,サンプル不足
v7,score,総合スコア,業種,鉄鋼,5d,5営業日,10,-0.02999999999999998,0.3,0.6,サンプル不足
v7,score,総合スコア,業種,鉄鋼,10d,10営業日,8,-0.15000000000000002,2.7755575615628914e-17,0.5,サンプル不足
v7,score,総合スコア,業種,鉱業,1d,1営業日,1,-0.5,-0.5,0.0,サンプル不足
v7,score,総合スコア,業種,鉱業,3d,3営業日,1,-1.0,-1.0,0.0,サンプル不足
v7,score,総合スコア,業種,鉱業,5d,5営業日,1,-1.0,-1.0,0.0,サンプル不足
v7,score,総合スコア,業種,鉱業,10d,10営業日,1,-1.0,-1.0,0.0,サンプル不足
v7,score,総合スコア,業種,銀行業,1d,1営業日,55,0.11508866092669222,0.19999999999999998,0.5818181818181818,評価可能
v7,score,総合スコア,業種,銀行業,3d,3営業日,53,0.06822254234436112,-0.023809523809523815,0.4716981132075472,評価可能
v7,score,総合スコア,業種,銀行業,5d,5営業日,51,-0.025988138543825035,-0.03571428571428572,0.43137254901960786,評価可能
v7,score,総合スコア,業種,銀行業,10d,10営業日,46,-0.06080933985026056,-0.01785714285714286,0.45652173913043476,評価可能
v7,score,総合スコア,業種,陸運業,1d,1営業日,1,-1.0,-1.0,0.0,サンプル不足
v7,score,総合スコア,業種,陸運業,3d,3営業日,1,-1.0,-1.0,0.0,サンプル不足
v7,score,総合スコア,業種,陸運業,5d,5営業日,1,-0.5,-0.5,0.0,サンプル不足
v7,score,総合スコア,業種,陸運業,10d,10営業日,1,-0.5,-0.5,0.0,サンプル不足
v7,score,総合スコア,業種,電気・ガス業,1d,1営業日,7,-0.12312925170068025,-0.261904761904762,0.42857142857142855,サンプル不足
v7,score,総合スコア,業種,電気・ガス業,3d,3営業日,6,0.037301587301587336,0.2119047619047619,0.6666666666666666,サンプル不足
v7,score,総合スコア,業種,電気・ガス業,5d,5営業日,5,0.23714285714285716,0.5,0.6,サンプル不足
v7,score,総合スコア,業種,電気・ガス業,10d,10営業日,4,0.15714285714285714,0.09999999999999999,0.5,サンプル不足
v7,score,総合スコア,業種,電気機器,1d,1営業日,63,-0.08288342592609162,-0.1243478260869565,0.38095238095238093,評価可能
v7,score,総合スコア,業種,電気機器,3d,3営業日,61,-0.16178488686395903,-0.14285714285714285,0.3114754098360656,評価可能
v7,score,総合スコア,業種,電気機器,5d,5営業日,59,-0.19887199012569476,-0.21071428571428572,0.22033898305084745,評価可能
v7,score,総合スコア,業種,電気機器,10d,10営業日,54,-0.1735068428707789,-0.1982142857142857,0.25925925925925924,評価可能
v7,score,総合スコア,業種,非鉄金属,1d,1営業日,14,-0.05714285714285716,-0.049999999999999996,0.5,サンプル不足
v7,score,総合スコア,業種,非鉄金属,3d,3営業日,14,0.20714285714285716,0.44999999999999996,0.6428571428571429,サンプル不足
v7,score,総合スコア,業種,非鉄金属,5d,5営業日,14,-0.021428571428571415,-0.39999999999999997,0.42857142857142855,サンプル不足
v7,score,総合スコア,業種,非鉄金属,10d,10営業日,13,-0.1769230769230769,-0.5,0.3076923076923077,サンプル不足
v7,score,総合スコア,業種,食料品,1d,1営業日,27,0.05645020233557066,0.19999999999999998,0.5555555555555556,サンプル不足
v7,score,総合スコア,業種,食料品,3d,3営業日,27,-0.11813144627499744,-0.2,0.4074074074074074,サンプル不足
v7,score,総合スコア,業種,食料品,5d,5営業日,27,-0.13558826939944735,-0.39999999999999997,0.37037037037037035,サンプル不足
v7,score,総合スコア,業種,食料品,10d,10営業日,26,-0.13899042618838398,-0.44999999999999996,0.38461538461538464,サンプル不足
v7,return_20d,20日モメンタム,全体,全体,1d,1営業日,63,-0.038397879576790375,-0.021098109810981095,0.42857142857142855,評価可能
v7,return_20d,20日モメンタム,全体,全体,3d,3営業日,61,-0.09074552053467214,-0.08258025802580256,0.2786885245901639,評価可能
v7,return_20d,20日モメンタム,全体,全体,5d,5営業日,59,-0.11620487213624006,-0.09537353735373537,0.2542372881355932,評価可能
v7,return_20d,20日モメンタム,全体,全体,10d,10営業日,54,-0.13163789144491733,-0.09549128382225977,0.2222222222222222,評価可能
v7,return_20d,20日モメンタム,業種,その他製品,1d,1営業日,21,0.12448979591836735,0.19999999999999998,0.5238095238095238,サンプル不足
v7,return_20d,20日モメンタム,業種,その他製品,3d,3営業日,21,-0.05646258503401359,-0.19999999999999998,0.38095238095238093,サンプル不足
v7,return_20d,20日モメンタム,業種,その他製品,5d,5営業日,21,0.21292517006802725,0.39999999999999997,0.5714285714285714,サンプル不足
v7,return_20d,20日モメンタム,業種,その他製品,10d,10営業日,18,0.13650793650793652,0.38571428571428573,0.5555555555555556,サンプル不足
v7,return_20d,20日モメンタム,業種,その他金融業,1d,1営業日,2,-0.25,-0.25,0.5,サンプル不足
v7,return_20d,20日モメンタム,業種,その他金融業,3d,3営業日,2,-0.5,-0.5,0.0,サンプル不足
v7,return_20d,20日モメンタム,業種,その他金融業,5d,5営業日,2,-0.5,-0.5,0.0,サンプル不足
v7,return_20d,20日モメンタム,業種,その他金融業,10d,10営業日,2,-0.5,-0.5,0.0,サンプル不足
v7,return_20d,20日モメンタム,業種,ガラス・土石製品,1d,1営業日,3,-0.5,-0.5,0.0,サンプル不足
v7,return_20d,20日モメンタム,業種,ガラス・土石製品,3d,3営業日,3,-1.0,-1.0,0.0,サンプル不足
v7,return_20d,20日モメンタム,業種,ガラス・土石製品,5d,5営業日,3,-0.8333333333333334,-1.0,0.0,サンプル不足
v7,return_20d,20日モメンタム,業種,ガラス・土石製品,10d,10営業日,2,-1.0,-1.0,0.0,サンプル不足
v7,return_20d,20日モメンタム,業種,ゴム製品,1d,1営業日,1,-0.39999999999999997,-0.39999999999999997,0.0,サンプル不足
v7,return_20d,20日モメンタム,業種,ゴム製品,3d,3営業日,1,-0.7999999999999999,-0.7999999999999999,0.0,サンプル不足
v7,return_20d,20日モメンタム,業種,ゴム製品,5d,5営業日,1,-0.6000000000000001,-0.6000000000000001,0.0,サンプル不足
v7,return_20d,20日モメンタム,業種,ゴム製品,10d,10営業日,1,-0.6000000000000001,-0.6000000000000001,0.0,サンプル不足
v7,return_20d,20日モメンタム,業種,サービス業,1d,1営業日,63,0.005638367655515667,-0.015384615384615385,0.49206349206349204,評価可能
v7,return_20d,20日モメンタム,業種,サービス業,3d,3営業日,61,-0.07485908456192168,-0.09890109890109891,0.4262295081967213,評価可能
v7,return_20d,20日モメンタム,業種,サービス業,5d,5営業日,59,-0.08955962719227223,-0.08391608391608392,0.423728813559322,評価可能
v7,return_20d,20日モメンタム,業種,サービス業,10d,10営業日,54,-0.11121497923759002,-0.09545454545454543,0.35185185185185186,評価可能
v7,return_20d,20日モメンタム,業種,パルプ・紙,1d,1営業日,0,,,,サンプル不足
v7,return_20d,20日モメンタム,業種,パルプ・紙,3d,3営業日,0,,,,サンプル不足
v7,return_20d,20日モメンタム,業種,パルプ・紙,5d,5営業日,0,,,,サンプル不足
v7,return_20d,20日モメンタム,業種,パルプ・紙,10d,10営業日,0,,,,サンプル不足
v7,return_20d,20日モメンタム,業種,不動産業,1d,1営業日,11,-0.07473472504953114,-0.5,0.36363636363636365,サンプル不足
v7,return_20d,20日モメンタム,業種,不動産業,3d,3営業日,11,0.03636363636363637,-0.39999999999999997,0.45454545454545453,サンプル不足
v7,return_20d,20日モメンタム,業種,不動産業,5d,5営業日,10,-0.25,-0.5,0.2,サンプル不足
v7,return_20d,20日モメンタム,業種,不動産業,10d,10営業日,7,-0.41428571428571426,-0.5,0.14285714285714285,サンプル不足
v7,return_20d,20日モメンタム,業種,保険業,1d,1営業日,23,-0.11739130434782608,-0.39999999999999997,0.34782608695652173,サンプル不足
v7,return_20d,20日モメンタム,業種,保険業,3d,3営業日,22,-0.1636363636363636,-0.5,0.4090909090909091,サンプル不足
v7,return_20d,20日モメンタム,業種,保険業,5d,5営業日,20,-0.16499999999999998,-0.39999999999999997,0.35,サンプル不足
v7,return_20d,20日モメンタム,業種,保険業,10d,10営業日,18,-0.3722222222222222,-0.55,0.2777777777777778,サンプル不足
v7,return_20d,20日モメンタム,業種,倉庫・運輸関連業,1d,1営業日,1,-1.0,-1.0,0.0,サンプル不足
v7,return_20d,20日モメンタム,業種,倉庫・運輸関連業,3d,3営業日,1,-1.0,-1.0,0.0,サンプル不足
v7,return_20d,20日モメンタム,業種,倉庫・運輸関連業,5d,5営業日,1,1.0,1.0,1.0,サンプル不足
v7,return_20d,20日モメンタム,業種,倉庫・運輸関連業,10d,10営業日,1,0.5,0.5,1.0,サンプル不足
v7,return_20d,20日モメンタム,業種,化学,1d,1営業日,57,-0.04172026803605751,-0.08571428571428573,0.47368421052631576,評価可能
v7,return_20d,20日モメンタム,業種,化学,3d,3営業日,55,-0.08257923894287532,-0.19999999999999998,0.36363636363636365,評価可能
v7,return_20d,20日モメンタム,業種,化学,5d,5営業日,55,-0.011111918384645661,0.0,0.4909090909090909,評価可能
v7,return_20d,20日モメンタム,業種,化学,10d,10営業日,50,-0.05065700965700967,-0.09090909090909091,0.44,評価可能
v7,return_20d,20日モメンタム,業種,医薬品,1d,1営業日,22,-0.04372294372294373,-0.2571428571428572,0.45454545454545453,サンプル不足
v7,return_20d,20日モメンタム,業種,医薬品,3d,3営業日,20,0.02357142857142857,0.3,0.6,サンプル不足
v7,return_20d,20日モメンタム,業種,医薬品,5d,5営業日,18,0.010650545013179956,0.23514061940433384,0.6111111111111112,サンプル不足
v7,return_20d,20日モメンタム,業種,医薬品,10d,10営業日,14,0.14795918367346936,0.3,0.6428571428571429,サンプル不足
v7,return_20d,20日モメンタム,業種,卸売業,1d,1営業日,59,0.037443629816511184,0.0,0.4745762711864407,評価可能
v7,return_20d,20日モメンタム,業種,卸売業,3d,3営業日,57,-0.010438392017339388,0.09999999999999999,0.543859649122807,評価可能
v7,return_20d,20日モメンタム,業種,卸売業,5d,5営業日,55,-0.03672115763024855,-0.018181818181818184,0.4727272727272727,評価可能
v7,return_20d,20日モメンタム,業種,卸売業,10d,10営業日,50,0.04103196803196803,0.07380952380952381,0.52,評価可能
v7,return_20d,20日モメンタム,業種,小売業,1d,1営業日,55,-0.07985183926361084,0.0,0.45454545454545453,評価可能
v7,return_20d,20日モメンタム,業種,小売業,3d,3営業日,54,-0.08165092895485053,-0.12142857142857144,0.4074074074074074,評価可能
v7,return_20d,20日モメンタム,業種,小売業,5d,5営業日,52,-0.11228043261414303,-0.18452380952380956,0.36538461538461536,評価可能
v7,return_20d,20日モメンタム,業種,小売業,10d,10営業日,47,-0.148829841414322,-0.28571428571428575,0.3404255319148936,評価可能
v7,return_20d,20日モメンタム,業種,建設業,1d,1営業日,12,0.024999999999999984,-0.25,0.4166666666666667,サンプル不足
v7,return_20d,20日モメンタム,業種,建設業,3d,3営業日,11,-0.08181818181818185,-0.5,0.36363636363636365,サンプル不足
v7,return_20d,20日モメンタム,業種,建設業,5d,5営業日,11,-0.11818181818181821,-0.5,0.45454545454545453,サンプル不足
v7,return_20d,20日モメンタム,業種,建設業,10d,10営業日,9,0.12222222222222218,0.5,0.5555555555555556,サンプル不足
v7,return_20d,20日モメンタム,業種,情報・通信業,1d,1営業日,63,9.824026167061186e-05,0.007518796992481202,0.5079365079365079,評価可能
v7,return_20d,20日モメンタム,業種,情報・通信業,3d,3営業日,61,-0.08568660498955732,-0.1328671328671329,0.32786885245901637,評価可能
v7,return_20d,20日モメンタム,業種,情報・通信業,5d,5営業日,59,-0.09825602224206648,-0.17482517482517487,0.3898305084745763,評価可能
v7,return_20d,20日モメンタム,業種,情報・通信業,10d,10営業日,54,-0.10374301914924275,-0.13365384615384615,0.3148148148148148,評価可能
v7,return_20d,20日モメンタム,業種,機械,1d,1営業日,40,0.018329587079587074,-0.024175824175824177,0.5,評価可能
v7,return_20d,20日モメンタム,業種,機械,3d,3営業日,38,0.028150139334349844,0.18181818181818182,0.5263157894736842,評価可能
v7,return_20d,20日モメンタム,業種,機械,5d,5営業日,38,-0.05689989834726678,-0.12142857142857144,0.4473684210526316,評価可能
v7,return_20d,20日モメンタム,業種,機械,10d,10営業日,35,-0.10890395318966746,-0.18787878787878787,0.37142857142857144,評価可能
v7,return_20d,20日モメンタム,業種,海運業,1d,1営業日,13,0.05384615384615384,0.0,0.46153846153846156,サンプル不足
v7,return_20d,20日モメンタム,業種,海運業,3d,3営業日,13,-0.25384615384615383,-0.7999999999999999,0.38461538461538464,サンプル不足
v7,return_20d,20日モメンタム,業種,海運業,5d,5営業日,12,-0.44166666666666665,-0.6499999999999999,0.25,サンプル不足
v7,return_20d,20日モメンタム,業種,海運業,10d,10営業日,11,-0.3363636363636363,-0.5,0.36363636363636365,サンプル不足
v7,return_20d,20日モメンタム,業種,石油・石炭製品,1d,1営業日,2,0.5,0.5,1.0,サンプル不足
v7,return_20d,20日モメンタム,業種,石油・石炭製品,3d,3営業日,1,1.0,1.0,1.0,サンプル不足
v7,return_20d,20日モメンタム,業種,石油・石炭製品,5d,5営業日,0,,,,サンプル不足
v7,return_20d,20日モメンタム,業種,石油・石炭製品,10d,10営業日,0,,,,サンプル不足
v7,return_20d,20日モメンタム,業種,空運業,1d,1営業日,0,,,,サンプル不足
v7,return_20d,20日モメンタム,業種,空運業,3d,3営業日,0,,,,サンプル不足
v7,return_20d,20日モメンタム,業種,空運業,5d,5営業日,0,,,,サンプル不足
v7,return_20d,20日モメンタム,業種,空運業,10d,10営業日,0,,,,サンプル不足
v7,return_20d,20日モメンタム,業種,精密機器,1d,1営業日,23,-0.12732919254658387,-0.39999999999999997,0.30434782608695654,サンプル不足
v7,return_20d,20日モメンタム,業種,精密機器,3d,3営業日,23,-0.14409937888198757,-0.5,0.391304347826087,サンプル不足
v7,return_20d,20日モメンタム,業種,精密機器,5d,5営業日,23,-0.1515527950310559,-0.5,0.391304347826087,サンプル不足
v7,return_20d,20日モメンタム,業種,精密機器,10d,10営業日,23,-0.0422360248447205,-0.39999999999999997,0.43478260869565216,サンプル不足
v7,return_20d,20日モメンタム,業種,繊維製品,1d,1営業日,1,-0.7999999999999999,-0.7999999999999999,0.0,サンプル不足
v7,return_20d,20日モメンタム,業種,繊維製品,3d,3営業日,0,,,,サンプル不足
v7,return_20d,20日モメンタム,業種,繊維製品,5d,5営業日,0,,,,サンプル不足
v7,return_20d,20日モメンタム,業種,繊維製品,10d,10営業日,0,,,,サンプル不足
v7,return_20d,20日モメンタム,業種,証券、商品先物取引業,1d,1営業日,27,0.014285714285714277,0.19999999999999998,0.5185185185185185,サンプル不足
v7,return_20d,20日モメンタム,業種,証券、商品先物取引業,3d,3営業日,26,-0.07912087912087912,-0.35,0.4230769230769231,サンプル不足
v7,return_20d,20日モメンタム,業種,証券、商品先物取引業,5d,5営業日,25,-0.1354285714285714,-0.39999999999999997,0.4,サンプル不足
v7,return_20d,20日モメンタム,業種,証券、商品先物取引業,10d,10営業日,22,-0.39577922077922073,-0.5,0.13636363636363635,サンプル不足
v7,return_20d,20日モメンタム,業種,輸送用機器,1d,1営業日,35,0.08299319727891155,0.19999999999999998,0.6,評価可能
v7,return_20d,20日モメンタム,業種,輸送用機器,3d,3営業日,35,0.011836734693877547,-0.19999999999999998,0.42857142857142855,評価可能
v7,return_20d,20日モメンタム,業種,輸送用機器,5d,5営業日,35,-0.07904761904761906,-0.3714285714285715,0.4,評価可能
v7,return_20d,20日モメンタム,業種,輸送用機器,10d,10営業日,34,-0.27310924369747897,-0.5,0.2647058823529412,評価可能
v7,return_20d,20日モメンタム,業種,金属製品,1d,1営業日,20,-0.16857142857142854,-0.44999999999999996,0.3,サンプル不足
v7,return_20d,20日モメンタム,業種,金属製品,3d,3営業日,20,-0.13428571428571426,-0.30000000000000004,0.4,サンプル不足
v7,return_20d,20日モメンタム,業種,金属製品,5d,5営業日,19,-0.20977443609022553,-0.3142857142857143,0.3157894736842105,サンプル不足
v7,return_20d,20日モメンタム,業種,金属製品,10d,10営業日,18,-0.3457671957671958,-0.5857142857142857,0.2777777777777778,サンプル不足
v7,return_20d,20日モメンタム,業種,鉄鋼,1d,1営業日,10,-0.29,-0.5,0.3,サンプル不足
v7,return_20d,20日モメンタム,業種,鉄鋼,3d,3営業日,10,-0.22000000000000003,-0.5,0.3,サンプル不足
v7,return_20d,20日モメンタム,業種,鉄鋼,5d,5営業日,10,-0.35,-0.5,0.2,サンプル不足
v7,return_20d,20日モメンタム,業種,鉄鋼,10d,10営業日,8,-0.30000000000000004,-0.5,0.25,サンプル不足
v7,return_20d,20日モメンタム,業種,鉱業,1d,1営業日,1,-0.5,-0.5,0.0,サンプル不足
v7,return_20d,20日モメンタム,業種,鉱業,3d,3営業日,1,-1.0,-1.0,0.0,サンプル不足
v7,return_20d,20日モメンタム,業種,鉱業,5d,5営業日,1,-1.0,-1.0,0.0,サンプル不足
v7,return_20d,20日モメンタム,業種,鉱業,10d,10営業日,1,-1.0,-1.0,0.0,サンプル不足
v7,return_20d,20日モメンタム,業種,銀行業,1d,1営業日,55,0.0723508441906685,0.14285714285714288,0.6,評価可能
v7,return_20d,20日モメンタム,業種,銀行業,3d,3営業日,53,0.003413611751577452,0.0,0.49056603773584906,評価可能
v7,return_20d,20日モメンタム,業種,銀行業,5d,5営業日,51,-0.09307495272893197,-0.14285714285714285,0.47058823529411764,評価可能
v7,return_20d,20日モメンタム,業種,銀行業,10d,10営業日,46,-0.05975096514738458,0.0,0.4782608695652174,評価可能
v7,return_20d,20日モメンタム,業種,陸運業,1d,1営業日,1,-1.0,-1.0,0.0,サンプル不足
v7,return_20d,20日モメンタム,業種,陸運業,3d,3営業日,1,-1.0,-1.0,0.0,サンプル不足
v7,return_20d,20日モメンタム,業種,陸運業,5d,5営業日,1,-0.5,-0.5,0.0,サンプル不足
v7,return_20d,20日モメンタム,業種,陸運業,10d,10営業日,1,-0.5,-0.5,0.0,サンプル不足
v7,return_20d,20日モメンタム,業種,電気・ガス業,1d,1営業日,7,-0.07959183673469387,0.14285714285714288,0.5714285714285714,サンプル不足
v7,return_20d,20日モメンタム,業種,電気・ガス業,3d,3営業日,6,-0.07777777777777775,-0.03333333333333327,0.5,サンプル不足
v7,return_20d,20日モメンタム,業種,電気・ガス業,5d,5営業日,5,0.1180952380952381,0.19999999999999998,0.8,サンプル不足
v7,return_20d,20日モメンタム,業種,電気・ガス業,10d,10営業日,4,-0.17142857142857143,-0.1928571428571429,0.5,サンプル不足
v7,return_20d,20日モメンタム,業種,電気機器,1d,1営業日,63,-0.040505689409292986,-0.010989010989010988,0.4603174603174603,評価可能
v7,return_20d,20日モメンタム,業種,電気機器,3d,3営業日,61,-0.11786055527804813,-0.1326933935629588,0.39344262295081966,評価可能
v7,return_20d,20日モメンタム,業種,電気機器,5d,5営業日,59,-0.0906257525643395,-0.11247863247863246,0.3559322033898305,評価可能
v7,return_20d,20日モメンタム,業種,電気機器,10d,10営業日,54,-0.03427372264797045,-0.09761904761904763,0.37037037037037035,評価可能
v7,return_20d,20日モメンタム,業種,非鉄金属,1d,1営業日,14,0.2857142857142857,0.5,0.7142857142857143,サンプル不足
v7,return_20d,20日モメンタム,業種,非鉄金属,3d,3営業日,14,0.15714285714285717,0.44999999999999996,0.6428571428571429,サンプル不足
v7,return_20d,20日モメンタム,業種,非鉄金属,5d,5営業日,14,0.057142857142857155,0.39999999999999997,0.5714285714285714,サンプル不足
v7,return_20d,20日モメンタム,業種,非鉄金属,10d,10営業日,13,-0.05384615384615387,-0.19999999999999998,0.46153846153846156,サンプル不足
v7,return_20d,20日モメンタム,業種,食料品,1d,1営業日,27,0.07359924026590693,0.0,0.48148148148148145,サンプル不足
v7,return_20d,20日モメンタム,業種,食料品,3d,3営業日,27,-0.06902726902726904,-0.39999999999999997,0.4074074074074074,サンプル不足
v7,return_20d,20日モメンタム,業種,食料品,5d,5営業日,27,-0.06086012752679419,-0.09999999999999999,0.4074074074074074,サンプル不足
v7,return_20d,20日モメンタム,業種,食料品,10d,10営業日,26,-0.10608622147083684,-0.4076923076923077,0.34615384615384615,サンプル不足
v7,return_60d,60日モメンタム,全体,全体,1d,1営業日,63,0.0007628703881850215,0.006204694926278531,0.5238095238095238,評価可能
v7,return_60d,60日モメンタム,全体,全体,3d,3営業日,61,-0.03277264446416393,-0.03457545754575457,0.4098360655737705,評価可能
v7,return_60d,60日モメンタム,全体,全体,5d,5営業日,59,-0.08960160372455647,-0.0777380070150724,0.3728813559322034,評価可能
v7,return_60d,60日モメンタム,全体,全体,10d,10営業日,54,-0.1439717996221852,-0.09013427873399585,0.2962962962962963,評価可能
v7,return_60d,60日モメンタム,業種,その他製品,1d,1営業日,21,0.12108843537414965,0.08571428571428573,0.5238095238095238,サンプル不足
v7,return_60d,60日モメンタム,業種,その他製品,3d,3営業日,21,-0.040136054421768715,-0.3714285714285715,0.42857142857142855,サンプル不足
v7,return_60d,60日モメンタム,業種,その他製品,5d,5営業日,21,-0.005442176870748325,-0.3142857142857143,0.42857142857142855,サンプル不足
v7,return_60d,60日モメンタム,業種,その他製品,10d,10営業日,18,0.1103174603174603,0.32857142857142857,0.5555555555555556,サンプル不足
v7,return_60d,60日モメンタム,業種,その他金融業,1d,1営業日,2,0.25,0.25,0.5,サンプル不足
v7,return_60d,60日モメンタム,業種,その他金融業,3d,3営業日,2,0.5,0.5,1.0,サンプル不足
v7,return_60d,60日モメンタム,業種,その他金融業,5d,5営業日,2,0.5,0.5,1.0,サンプル不足
v7,return_60d,60日モメンタム,業種,その他金融業,10d,10営業日,2,0.5,0.5,1.0,サンプル不足
v7,return_60d,60日モメンタム,業種,ガラス・土石製品,1d,1営業日,3,-0.16666666666666666,-0.5,0.3333333333333333,サンプル不足
v7,return_60d,60日モメンタム,業種,ガラス・土石製品,3d,3営業日,3,-0.3333333333333333,-0.5,0.3333333333333333,サンプル不足
v7,return_60d,60日モメンタム,業種,ガラス・土石製品,5d,5営業日,3,0.0,0.5,0.6666666666666666,サンプル不足
v7,return_60d,60日モメンタム,業種,ガラス・土石製品,10d,10営業日,2,-0.75,-0.75,0.0,サンプル不足
v7,return_60d,60日モメンタム,業種,ゴム製品,1d,1営業日,1,-0.39999999999999997,-0.39999999999999997,0.0,サンプル不足
v7,return_60d,60日モメンタム,業種,ゴム製品,3d,3営業日,1,-0.7999999999999999,-0.7999999999999999,0.0,サンプル不足
v7,return_60d,60日モメンタム,業種,ゴム製品,5d,5営業日,1,-1.0,-1.0,0.0,サンプル不足
v7,return_60d,60日モメンタム,業種,ゴム製品,10d,10営業日,1,-1.0,-1.0,0.0,サンプル不足
v7,return_60d,60日モメンタム,業種,サービス業,1d,1営業日,63,-0.012828461741652425,-0.002197802197802198,0.47619047619047616,評価可能
v7,return_60d,60日モメンタム,業種,サービス業,3d,3営業日,61,0.07202448154968077,0.08333333333333334,0.5901639344262295,評価可能
v7,return_60d,60日モメンタム,業種,サービス業,5d,5営業日,59,0.041458434327740455,0.016666666666666666,0.5084745762711864,評価可能
v7,return_60d,60日モメンタム,業種,サービス業,10d,10営業日,54,0.023938486278740994,0.026190476190476195,0.5185185185185185,評価可能
v7,return_60d,60日モメンタム,業種,パルプ・紙,1d,1営業日,0,,,,サンプル不足
v7,return_60d,60日モメンタム,業種,パルプ・紙,3d,3営業日,0,,,,サンプル不足
v7,return_60d,60日モメンタム,業種,パルプ・紙,5d,5営業日,0,,,,サンプル不足
v7,return_60d,60日モメンタム,業種,パルプ・紙,10d,10営業日,0,,,,サンプル不足
v7,return_60d,60日モメンタム,業種,不動産業,1d,1営業日,11,-0.19899708221819934,-0.5,0.36363636363636365,サンプル不足
v7,return_60d,60日モメンタム,業種,不動産業,3d,3営業日,11,-0.1636363636363636,-0.5,0.2727272727272727,サンプル不足
v7,return_60d,60日モメンタム,業種,不動産業,5d,5営業日,10,-0.25,-0.5,0.3,サンプル不足
v7,return_60d,60日モメンタム,業種,不動産業,10d,10営業日,7,-0.24285714285714285,-0.5,0.2857142857142857,サンプル不足
v7,return_60d,60日モメンタム,業種,保険業,1d,1営業日,23,0.1043478260869565,0.19999999999999998,0.5217391304347826,サンプル不足
v7,return_60d,60日モメンタム,業種,保険業,3d,3営業日,22,-0.01363636363636362,0.25,0.5454545454545454,サンプル不足
v7,return_60d,60日モメンタム,業種,保険業,5d,5営業日,20,0.034999999999999976,0.0,0.5,サンプル不足
v7,return_60d,60日モメンタム,業種,保険業,10d,10営業日,18,0.2833333333333333,0.5,0.6111111111111112,サンプル不足
v7,return_60d,60日モメンタム,業種,倉庫・運輸関連業,1d,1営業日,1,0.5,0.5,1.0,サンプル不足
v7,return_60d,60日モメンタム,業種,倉庫・運輸関連業,3d,3営業日,1,0.5,0.5,1.0,サンプル不足
v7,return_60d,60日モメンタム,業種,倉庫・運輸関連業,5d,5営業日,1,-0.5,-0.5,0.0,サンプル不足
v7,return_60d,60日モメンタム,業種,倉庫・運輸関連業,10d,10営業日,1,0.5,0.5,1.0,サンプル不足
v7,return_60d,60日モメンタム,業種,化学,1d,1営業日,57,0.025533822902243954,0.08333333333333334,0.5614035087719298,評価可能
v7,return_60d,60日モメンタム,業種,化学,3d,3営業日,55,-0.002691550873369059,0.02097902097902098,0.509090909090909,評価可能
v7,return_60d,60日モメンタム,業種,化学,5d,5営業日,55,0.009864378046196217,0.1258741258741259,0.509090909090909,評価可能
v7,return_60d,60日モメンタム,業種,化学,10d,10営業日,50,-0.07706859806859806,-0.09285714285714286,0.42,評価可能
v7,return_60d,60日モメンタム,業種,医薬品,1d,1営業日,22,0.08398268398268398,0.39999999999999997,0.5909090909090909,サンプル不足
v7,return_60d,60日モメンタム,業種,医薬品,3d,3営業日,20,0.09357142857142856,0.3,0.6,サンプル不足
v7,return_60d,60日モメンタム,業種,医薬品,5d,5営業日,18,0.16312127872567028,0.4109486513881755,0.6111111111111112,サンプル不足
v7,return_60d,60日モメンタム,業種,医薬品,10d,10営業日,14,-0.06224489795918368,-0.1857142857142857,0.5,サンプル不足
v7,return_60d,60日モメンタム,業種,卸売業,1d,1営業日,59,0.04531965209931311,0.023809523809523815,0.5084745762711864,評価可能
v7,return_60d,60日モメンタム,業種,卸売業,3d,3営業日,57,-0.01738758317705687,0.08571428571428573,0.5087719298245614,評価可能
v7,return_60d,60日モメンタム,業種,卸売業,5d,5営業日,55,-0.062071262071262075,-0.08181818181818183,0.41818181818181815,評価可能
v7,return_60d,60日モメンタム,業種,卸売業,10d,10営業日,50,-0.01780186480186483,0.0,0.48,評価可能
v7,return_60d,60日モメンタム,業種,小売業,1d,1営業日,55,0.018445615825289842,0.023809523809523815,0.509090909090909,評価可能
v7,return_60d,60日モメンタム,業種,小売業,3d,3営業日,54,-0.11571096840704685,-0.15934065934065933,0.42592592592592593,評価可能
v7,return_60d,60日モメンタム,業種,小売業,5d,5営業日,52,-0.21106207141275019,-0.2,0.2692307692307692,評価可能
v7,return_60d,60日モメンタム,業種,小売業,10d,10営業日,47,-0.18762874588907125,-0.19999999999999998,0.2553191489361702,評価可能
v7,return_60d,60日モメンタム,業種,建設業,1d,1営業日,12,-0.11666666666666665,-0.05000000000000002,0.5,サンプル不足
v7,return_60d,60日モメンタム,業種,建設業,3d,3営業日,11,-0.07272727272727271,-0.39999999999999997,0.36363636363636365,サンプル不足
v7,return_60d,60日モメンタム,業種,建設業,5d,5営業日,11,0.1272727272727273,0.5,0.5454545454545454,サンプル不足
v7,return_60d,60日モメンタム,業種,建設業,10d,10営業日,9,0.07777777777777779,-0.39999999999999997,0.4444444444444444,サンプル不足
v7,return_60d,60日モメンタム,業種,情報・通信業,1d,1営業日,63,-0.044700092901574125,-0.07843137254901962,0.4603174603174603,評価可能
v7,return_60d,60日モメンタム,業種,情報・通信業,3d,3営業日,61,-0.0914330899993752,-0.09090909090909093,0.39344262295081966,評価可能
v7,return_60d,60日モメンタム,業種,情報・通信業,5d,5営業日,59,-0.1471627231938169,-0.0945054945054945,0.3050847457627119,評価可能
v7,return_60d,60日モメンタム,業種,情報・通信業,10d,10営業日,54,-0.16771083862213154,-0.14395604395604394,0.3148148148148148,評価可能
v7,return_60d,60日モメンタム,業種,機械,1d,1営業日,40,-0.022196137196137205,-0.03874458874458875,0.425,評価可能
v7,return_60d,60日モメンタム,業種,機械,3d,3営業日,38,0.12176507702823491,0.2803030303030303,0.631578947368421,評価可能
v7,return_60d,60日モメンタム,業種,機械,5d,5営業日,38,-0.03208523932208142,-0.19999999999999998,0.39473684210526316,評価可能
v7,return_60d,60日モメンタム,業種,機械,10d,10営業日,35,-0.09087483944626804,0.0,0.45714285714285713,評価可能
v7,return_60d,60日モメンタム,業種,海運業,1d,1営業日,13,0.2769230769230769,0.5,0.6923076923076923,サンプル不足
v7,return_60d,60日モメンタム,業種,海運業,3d,3営業日,13,0.14615384615384613,0.5,0.6153846153846154,サンプル不足
v7,return_60d,60日モメンタム,業種,海運業,5d,5営業日,12,0.3916666666666666,0.5,0.75,サンプル不足
v7,return_60d,60日モメンタム,業種,海運業,10d,10営業日,11,0.3818181818181818,0.5,0.8181818181818182,サンプル不足
v7,return_60d,60日モメンタム,業種,石油・石炭製品,1d,1営業日,2,0.25,0.25,0.5,サンプル不足
v7,return_60d,60日モメンタム,業種,石油・石炭製品,3d,3営業日,1,0.5,0.5,1.0,サンプル不足
v7,return_60d,60日モメンタム,業種,石油・石炭製品,5d,5営業日,0,,,,サンプル不足
v7,return_60d,60日モメンタム,業種,石油・石炭製品,10d,10営業日,0,,,,サンプル不足
v7,return_60d,60日モメンタム,業種,空運業,1d,1営業日,0,,,,サンプル不足
v7,return_60d,60日モメンタム,業種,空運業,3d,3営業日,0,,,,サンプル不足
v7,return_60d,60日モメンタム,業種,空運業,5d,5営業日,0,,,,サンプル不足
v7,return_60d,60日モメンタム,業種,空運業,10d,10営業日,0,,,,サンプル不足
v7,return_60d,60日モメンタム,業種,精密機器,1d,1営業日,23,0.0024844720496894467,0.3,0.5217391304347826,サンプル不足
v7,return_60d,60日モメンタム,業種,精密機器,3d,3営業日,23,0.028571428571428577,0.0,0.4782608695652174,サンプル不足
v7,return_60d,60日モメンタム,業種,精密機器,5d,5営業日,23,0.11055900621118012,0.5,0.5652173913043478,サンプル不足
v7,return_60d,60日モメンタム,業種,精密機器,10d,10営業日,23,0.0732919254658385,0.5,0.6086956521739131,サンプル不足
v7,return_60d,60日モメンタム,業種,繊維製品,1d,1営業日,1,0.39999999999999997,0.39999999999999997,1.0,サンプル不足
v7,return_60d,60日モメンタム,業種,繊維製品,3d,3営業日,0,,,,サンプル不足
v7,return_60d,60日モメンタム,業種,繊維製品,5d,5営業日,0,,,,サンプル不足
v7,return_60d,60日モメンタム,業種,繊維製品,10d,10営業日,0,,,,サンプル不足
v7,return_60d,60日モメンタム,業種,証券、商品先物取引業,1d,1営業日,27,0.0695767195767196,0.3,0.5555555555555556,サンプル不足
v7,return_60d,60日モメンタム,業種,証券、商品先物取引業,3d,3営業日,26,-0.03681318681318681,0.0,0.46153846153846156,サンプル不足
v7,return_60d,60日モメンタム,業種,証券、商品先物取引業,5d,5営業日,25,-0.026571428571428565,0.0,0.48,サンプル不足
v7,return_60d,60日モメンタム,業種,証券、商品先物取引業,10d,10営業日,22,-0.0006493506493506496,0.1,0.5,サンプル不足
v7,return_60d,60日モメンタム,業種,輸送用機器,1d,1営業日,35,0.08585034013605443,0.3,0.5714285714285714,評価可能
v7,return_60d,60日モメンタム,業種,輸送用機器,3d,3営業日,35,0.07850340136054423,0.4047619047619048,0.6,評価可能
v7,return_60d,60日モメンタム,業種,輸送用機器,5d,5営業日,35,-0.011972789115646261,0.3714285714285715,0.5428571428571428,評価可能
v7,return_60d,60日モメンタム,業種,輸送用機器,10d,10営業日,34,-0.07829131652661063,-0.17142857142857143,0.4117647058823529,評価可能
v7,return_60d,60日モメンタム,業種,金属製品,1d,1営業日,20,0.22809523809523807,0.35,0.7,サンプル不足
v7,return_60d,60日モメンタム,業種,金属製品,3d,3営業日,20,-0.03904761904761903,-0.011904761904761918,0.5,サンプル不足
v7,return_60d,60日モメンタム,業種,金属製品,5d,5営業日,19,-0.07418546365914787,-0.028571428571428574,0.47368421052631576,サンプル不足
v7,return_60d,60日モメンタム,業種,金属製品,10d,10営業日,18,-0.21613756613756616,-0.41428571428571426,0.3888888888888889,サンプル不足
v7,return_60d,60日モメンタム,業種,鉄鋼,1d,1営業日,10,0.27,0.44999999999999996,0.6,サンプル不足
v7,return_60d,60日モメンタム,業種,鉄鋼,3d,3営業日,10,0.38,0.5,0.7,サンプル不足
v7,return_60d,60日モメンタム,業種,鉄鋼,5d,5営業日,10,0.36,0.5,0.8,サンプル不足
v7,return_60d,60日モメンタム,業種,鉄鋼,10d,10営業日,8,-0.05,0.0,0.5,サンプル不足
v7,return_60d,60日モメンタム,業種,鉱業,1d,1営業日,1,-1.0,-1.0,0.0,サンプル不足
v7,return_60d,60日モメンタム,業種,鉱業,3d,3営業日,1,-0.5,-0.5,0.0,サンプル不足
v7,return_60d,60日モメンタム,業種,鉱業,5d,5営業日,1,-0.5,-0.5,0.0,サンプル不足
v7,return_60d,60日モメンタム,業種,鉱業,10d,10営業日,1,-0.5,-0.5,0.0,サンプル不足
v7,return_60d,60日モメンタム,業種,銀行業,1d,1営業日,55,0.009142984960269563,0.07142857142857144,0.5818181818181818,評価可能
v7,return_60d,60日モメンタム,業種,銀行業,3d,3営業日,53,-0.057663367768635426,-0.07142857142857144,0.4528301886792453,評価可能
v7,return_60d,60日モメンタム,業種,銀行業,5d,5営業日,51,-0.0862357557859288,-0.1515151515151515,0.43137254901960786,評価可能
v7,return_60d,60日モメンタム,業種,銀行業,10d,10営業日,46,-0.1910265863718549,-0.30000000000000004,0.3695652173913043,評価可能
v7,return_60d,60日モメンタム,業種,陸運業,1d,1営業日,1,-0.5,-0.5,0.0,サンプル不足
v7,return_60d,60日モメンタム,業種,陸運業,3d,3営業日,1,-0.5,-0.5,0.0,サンプル不足
v7,return_60d,60日モメンタム,業種,陸運業,5d,5営業日,1,-1.0,-1.0,0.0,サンプル不足
v7,return_60d,60日モメンタム,業種,陸運業,10d,10営業日,1,-1.0,-1.0,0.0,サンプル不足
v7,return_60d,60日モメンタム,業種,電気・ガス業,1d,1営業日,7,-0.04489795918367345,-0.19999999999999998,0.42857142857142855,サンプル不足
v7,return_60d,60日モメンタム,業種,電気・ガス業,3d,3営業日,6,0.19285714285714292,0.17857142857142855,0.5,サンプル不足
v7,return_60d,60日モメンタム,業種,電気・ガス業,5d,5営業日,5,0.4828571428571428,0.5,0.8,サンプル不足
v7,return_60d,60日モメンタム,業種,電気・ガス業,10d,10営業日,4,0.3869047619047619,0.35,1.0,サンプル不足
v7,return_60d,60日モメンタム,業種,電気機器,1d,1営業日,63,-0.16548349583936528,-0.07878787878787878,0.3492063492063492,評価可能
v7,return_60d,60日モメンタム,業種,電気機器,3d,3営業日,61,-0.2052688082706167,-0.22377622377622378,0.3114754098360656,評価可能
v7,return_60d,60日モメンタム,業種,電気機器,5d,5営業日,59,-0.25155820796250666,-0.3,0.1864406779661017,評価可能
v7,return_60d,60日モメンタム,業種,電気機器,10d,10営業日,54,-0.22586557221812256,-0.3916125541125541,0.25925925925925924,評価可能
v7,return_60d,60日モメンタム,業種,非鉄金属,1d,1営業日,14,-0.2714285714285714,-0.5,0.2857142857142857,サンプル不足
v7,return_60d,60日モメンタム,業種,非鉄金属,3d,3営業日,14,-0.4642857142857143,-0.5,0.14285714285714285,サンプル不足
v7,return_60d,60日モメンタム,業種,非鉄金属,5d,5営業日,14,-0.4928571428571428,-0.7999999999999999,0.21428571428571427,サンプル不足
v7,return_60d,60日モメンタム,業種,非鉄金属,10d,10営業日,13,-0.3076923076923076,-0.5,0.3076923076923077,サンプル不足
v7,return_60d,60日モメンタム,業種,食料品,1d,1営業日,27,0.04443087776421109,0.3186813186813187,0.5555555555555556,サンプル不足
v7,return_60d,60日モメンタム,業種,食料品,3d,3営業日,27,0.04619454619454618,0.14725274725274726,0.5925925925925926,サンプル不足
v7,return_60d,60日モメンタム,業種,食料品,5d,5営業日,27,-0.06408899742233076,-0.06373626373626373,0.48148148148148145,サンプル不足
v7,return_60d,60日モメンタム,業種,食料品,10d,10営業日,26,-0.01758241758241758,0.09999999999999999,0.5,サンプル不足
v7,return_120d,120日モメンタム,全体,全体,1d,1営業日,63,0.0001877332641446139,0.03001680274247769,0.5238095238095238,評価可能
v7,return_120d,120日モメンタム,全体,全体,3d,3営業日,61,-0.054460961669463,-0.08366036603660365,0.4426229508196721,評価可能
v7,return_120d,120日モメンタム,全体,全体,5d,5営業日,59,-0.09117490049961935,-0.07861496170402982,0.3898305084745763,評価可能
v7,return_120d,120日モメンタム,全体,全体,10d,10営業日,54,-0.15842280950777093,-0.10198619861986197,0.25925925925925924,評価可能
v7,return_120d,120日モメンタム,業種,その他製品,1d,1営業日,21,-0.02244897959183674,0.3,0.5714285714285714,サンプル不足
v7,return_120d,120日モメンタム,業種,その他製品,3d,3営業日,21,0.14557823129251699,0.19999999999999998,0.6190476190476191,サンプル不足
v7,return_120d,120日モメンタム,業種,その他製品,5d,5営業日,21,0.0836734693877551,0.08571428571428573,0.5238095238095238,サンプル不足
v7,return_120d,120日モメンタム,業種,その他製品,10d,10営業日,18,0.06031746031746029,0.0,0.4444444444444444,サンプル不足
v7,return_120d,120日モメンタム,業種,その他金融業,1d,1営業日,2,0.25,0.25,0.5,サンプル不足
v7,return_120d,120日モメンタム,業種,その他金融業,3d,3営業日,2,0.5,0.5,1.0,サンプル不足
v7,return_120d,120日モメンタム,業種,その他金融業,5d,5営業日,2,0.5,0.5,1.0,サンプル不足
v7,return_120d,120日モメンタム,業種,その他金融業,10d,10営業日,2,0.5,0.5,1.0,サンプル不足
v7,return_120d,120日モメンタム,業種,ガラス・土石製品,1d,1営業日,3,0.0,0.5,0.6666666666666666,サンプル不足
v7,return_120d,120日モメンタム,業種,ガラス・土石製品,3d,3営業日,3,0.0,-0.5,0.3333333333333333,サンプル不足
v7,return_120d,120日モメンタム,業種,ガラス・土石製品,5d,5営業日,3,0.3333333333333333,0.5,0.6666666666666666,サンプル不足
v7,return_120d,120日モメンタム,業種,ガラス・土石製品,10d,10営業日,2,-0.5,-0.5,0.0,サンプル不足
v7,return_120d,120日モメンタム,業種,ゴム製品,1d,1営業日,1,0.7999999999999999,0.7999999999999999,1.0,サンプル不足
v7,return_120d,120日モメンタム,業種,ゴム製品,3d,3営業日,1,0.39999999999999997,0.39999999999999997,1.0,サンプル不足
v7,return_120d,120日モメンタム,業種,ゴム製品,5d,5営業日,1,0.19999999999999998,0.19999999999999998,1.0,サンプル不足
v7,return_120d,120日モメンタム,業種,ゴム製品,10d,10営業日,1,0.19999999999999998,0.19999999999999998,1.0,サンプル不足
v7,return_120d,120日モメンタム,業種,サービス業,1d,1営業日,63,0.011665921988646974,-0.0196078431372549,0.49206349206349204,評価可能
v7,return_120d,120日モメンタム,業種,サービス業,3d,3営業日,61,0.03513247609451233,0.028571428571428574,0.5409836065573771,評価可能
v7,return_120d,120日モメンタム,業種,サービス業,5d,5営業日,59,0.03918297778979243,0.05454545454545456,0.576271186440678,評価可能
v7,return_120d,120日モメンタム,業種,サービス業,10d,10営業日,54,0.03808119261316647,0.039285714285714285,0.5555555555555556,評価可能
v7,return_120d,120日モメンタム,業種,パルプ・紙,1d,1営業日,0,,,,サンプル不足
v7,return_120d,120日モメンタム,業種,パルプ・紙,3d,3営業日,0,,,,サンプル不足
v7,return_120d,120日モメンタム,業種,パルプ・紙,5d,5営業日,0,,,,サンプル不足
v7,return_120d,120日モメンタム,業種,パルプ・紙,10d,10営業日,0,,,,サンプル不足
v7,return_120d,120日モメンタム,業種,不動産業,1d,1営業日,11,-0.17934001258030496,-0.5,0.36363636363636365,サンプル不足
v7,return_120d,120日モメンタム,業種,不動産業,3d,3営業日,11,-0.2545454545454545,-0.5,0.2727272727272727,サンプル不足
v7,return_120d,120日モメンタム,業種,不動産業,5d,5営業日,10,-0.27999999999999997,-0.5,0.3,サンプル不足
v7,return_120d,120日モメンタム,業種,不動産業,10d,10営業日,7,-0.35714285714285715,-0.5,0.2857142857142857,サンプル不足
v7,return_120d,120日モメンタム,業種,保険業,1d,1営業日,23,-0.1,-0.39999999999999997,0.43478260869565216,サンプル不足
v7,return_120d,120日モメンタム,業種,保険業,3d,3営業日,22,0.09545454545454546,0.19999999999999998,0.5909090909090909,サンプル不足
v7,return_120d,120日モメンタム,業種,保険業,5d,5営業日,20,0.19,0.44999999999999996,0.65,サンプル不足
v7,return_120d,120日モメンタム,業種,保険業,10d,10営業日,18,-0.027777777777777804,0.0,0.5,サンプル不足
v7,return_120d,120日モメンタム,業種,倉庫・運輸関連業,1d,1営業日,1,0.5,0.5,1.0,サンプル不足
v7,return_120d,120日モメンタム,業種,倉庫・運輸関連業,3d,3営業日,1,0.5,0.5,1.0,サンプル不足
v7,return_120d,120日モメンタム,業種,倉庫・運輸関連業,5d,5営業日,1,-0.5,-0.5,0.0,サンプル不足
v7,return_120d,120日モメンタム,業種,倉庫・運輸関連業,10d,10営業日,1,0.5,0.5,1.0,サンプル不足
v7,return_120d,120日モメンタム,業種,化学,1d,1営業日,56,-0.03156709362066506,0.016666666666666666,0.5178571428571429,評価可能
v7,return_120d,120日モメンタム,業種,化学,3d,3営業日,54,-0.1269363352696686,-0.1547619047619048,0.3333333333333333,評価可能
v7,return_120d,120日モメンタム,業種,化学,5d,5営業日,54,-0.16203164119830785,-0.1374875124875125,0.2962962962962963,評価可能
v7,return_120d,120日モメンタム,業種,化学,10d,10営業日,49,-0.09633920501267441,-0.14285714285714288,0.40816326530612246,評価可能
v7,return_120d,120日モメンタム,業種,医薬品,1d,1営業日,21,0.054648526077097526,0.07142857142857144,0.5238095238095238,サンプル不足
v7,return_120d,120日モメンタム,業種,医薬品,3d,3営業日,19,0.29172932330827067,0.5,0.7368421052631579,サンプル不足
v7,return_120d,120日モメンタム,業種,医薬品,5d,5営業日,17,0.2911764705882353,0.5,0.7058823529411765,サンプル不足
v7,return_120d,120日モメンタム,業種,医薬品,10d,10営業日,14,0.4122448979591837,0.5,0.7857142857142857,サンプル不足
v7,return_120d,120日モメンタム,業種,卸売業,1d,1営業日,59,0.08025477347511246,0.08333333333333334,0.5423728813559322,評価可能
v7,return_120d,120日モメンタム,業種,卸売業,3d,3営業日,57,0.024228695281326863,0.09999999999999999,0.543859649122807,評価可能
v7,return_120d,120日モメンタム,業種,卸売業,5d,5営業日,55,0.01404565131837859,0.028571428571428574,0.5272727272727272,評価可能
v7,return_120d,120日モメンタム,業種,卸売業,10d,10営業日,50,0.01519980019980018,0.042857142857142864,0.5,評価可能
v7,return_120d,120日モメンタム,業種,小売業,1d,1営業日,55,-0.010066800614934939,-0.08571428571428573,0.43636363636363634,評価可能
v7,return_120d,120日モメンタム,業種,小売業,3d,3営業日,54,0.0036241898986997144,0.022619047619047622,0.5185185185185185,評価可能
v7,return_120d,120日モメンタム,業種,小売業,5d,5営業日,52,-0.05779399710395184,-0.09047619047619049,0.4230769230769231,評価可能
v7,return_120d,120日モメンタム,業種,小売業,10d,10営業日,47,0.03673411486302603,0.0,0.48936170212765956,評価可能
v7,return_120d,120日モメンタム,業種,建設業,1d,1営業日,12,-0.3499999999999999,-0.5,0.25,サンプル不足
v7,return_120d,120日モメンタム,業種,建設業,3d,3営業日,11,-0.027272727272727258,-0.39999999999999997,0.45454545454545453,サンプル不足
v7,return_120d,120日モメンタム,業種,建設業,5d,5営業日,11,-0.2818181818181818,-0.5,0.2727272727272727,サンプル不足
v7,return_120d,120日モメンタム,業種,建設業,10d,10営業日,9,-0.14444444444444443,-0.39999999999999997,0.3333333333333333,サンプル不足
v7,return_120d,120日モメンタム,業種,情報・通信業,1d,1営業日,63,-0.020533528425561227,-0.05334566759173604,0.4444444444444444,評価可能
v7,return_120d,120日モメンタム,業種,情報・通信業,3d,3営業日,61,-0.06382309437332026,-0.08956521739130434,0.36065573770491804,評価可能
v7,return_120d,120日モメンタム,業種,情報・通信業,5d,5営業日,59,-0.0609007624742889,0.02427350427350427,0.5423728813559322,評価可能
v7,return_120d,120日モメンタム,業種,情報・通信業,10d,10営業日,54,-0.11894239489820096,-0.06079183973920815,0.37037037037037035,評価可能
v7,return_120d,120日モメンタム,業種,機械,1d,1営業日,40,-0.04018356643356645,-0.1891774891774892,0.375,評価可能
v7,return_120d,120日モメンタム,業種,機械,3d,3営業日,38,0.09384694253115304,0.15,0.5789473684210527,評価可能
v7,return_120d,120日モメンタム,業種,機械,5d,5営業日,38,-0.08521719508561613,-0.17142857142857143,0.39473684210526316,評価可能
v7,return_120d,120日モメンタム,業種,機械,10d,10営業日,35,-0.14148399219827792,-0.34545454545454546,0.42857142857142855,評価可能
v7,return_120d,120日モメンタム,業種,海運業,1d,1営業日,13,0.09230769230769234,0.39999999999999997,0.6153846153846154,サンプル不足
v7,return_120d,120日モメンタム,業種,海運業,3d,3営業日,13,-0.04615384615384614,0.0,0.46153846153846156,サンプル不足
v7,return_120d,120日モメンタム,業種,海運業,5d,5営業日,12,0.17500000000000002,0.5,0.5833333333333334,サンプル不足
v7,return_120d,120日モメンタム,業種,海運業,10d,10営業日,11,-0.009090909090909078,-0.19999999999999998,0.45454545454545453,サンプル不足
v7,return_120d,120日モメンタム,業種,石油・石炭製品,1d,1営業日,2,0.5,0.5,1.0,サンプル不足
v7,return_120d,120日モメンタム,業種,石油・石炭製品,3d,3営業日,1,1.0,1.0,1.0,サンプル不足
v7,return_120d,120日モメンタム,業種,石油・石炭製品,5d,5営業日,0,,,,サンプル不足
v7,return_120d,120日モメンタム,業種,石油・石炭製品,10d,10営業日,0,,,,サンプル不足
v7,return_120d,120日モメンタム,業種,空運業,1d,1営業日,0,,,,サンプル不足
v7,return_120d,120日モメンタム,業種,空運業,3d,3営業日,0,,,,サンプル不足
v7,return_120d,120日モメンタム,業種,空運業,5d,5営業日,0,,,,サンプル不足
v7,return_120d,120日モメンタム,業種,空運業,10d,10営業日,0,,,,サンプル不足
v7,return_120d,120日モメンタム,業種,精密機器,1d,1営業日,23,0.0857142857142857,0.5,0.5217391304347826,サンプル不足
v7,return_120d,120日モメンタム,業種,精密機器,3d,3営業日,23,-0.03291925465838507,0.19999999999999998,0.5217391304347826,サンプル不足
v7,return_120d,120日モメンタム,業種,精密機器,5d,5営業日,23,-0.018012422360248446,-0.19999999999999998,0.43478260869565216,サンプル不足
v7,return_120d,120日モメンタム,業種,精密機器,10d,10営業日,23,-0.04906832298136645,-0.09999999999999999,0.4782608695652174,サンプル不足
v7,return_120d,120日モメンタム,業種,繊維製品,1d,1営業日,1,0.0,0.0,0.0,サンプル不足
v7,return_120d,120日モメンタム,業種,繊維製品,3d,3営業日,0,,,,サンプル不足
v7,return_120d,120日モメンタム,業種,繊維製品,5d,5営業日,0,,,,サンプル不足
v7,return_120d,120日モメンタム,業種,繊維製品,10d,10営業日,0,,,,サンプル不足
v7,return_120d,120日モメンタム,業種,証券、商品先物取引業,1d,1営業日,27,0.23386243386243386,0.5,0.6666666666666666,サンプル不足
v7,return_120d,120日モメンタム,業種,証券、商品先物取引業,3d,3営業日,26,0.19065934065934068,0.39999999999999997,0.5769230769230769,サンプル不足
v7,return_120d,120日モメンタム,業種,証券、商品先物取引業,5d,5営業日,25,0.2514285714285714,0.5,0.64,サンプル不足
v7,return_120d,120日モメンタム,業種,証券、商品先物取引業,10d,10営業日,22,0.42500000000000004,0.5,0.7272727272727273,サンプル不足
v7,return_120d,120日モメンタム,業種,輸送用機器,1d,1営業日,35,0.26068027210884354,0.5,0.6857142857142857,評価可能
v7,return_120d,120日モメンタム,業種,輸送用機器,3d,3営業日,35,0.08054421768707484,0.3571428571428572,0.6571428571428571,評価可能
v7,return_120d,120日モメンタム,業種,輸送用機器,5d,5営業日,35,0.039047619047619046,0.14285714285714288,0.5428571428571428,評価可能
v7,return_120d,120日モメンタム,業種,輸送用機器,10d,10営業日,34,0.14677871148459387,0.5,0.5882352941176471,評価可能
v7,return_120d,120日モメンタム,業種,金属製品,1d,1営業日,20,0.11238095238095236,0.19523809523809527,0.65,サンプル不足
v7,return_120d,120日モメンタム,業種,金属製品,3d,3営業日,20,0.10238095238095239,0.19999999999999998,0.6,サンプル不足
v7,return_120d,120日モメンタム,業種,金属製品,5d,5営業日,19,0.06641604010025062,-0.023809523809523815,0.47368421052631576,サンプル不足
v7,return_120d,120日モメンタム,業種,金属製品,10d,10営業日,18,-0.2082010582010582,-0.39999999999999997,0.3333333333333333,サンプル不足
v7,return_120d,120日モメンタム,業種,鉄鋼,1d,1営業日,10,0.16,0.3,0.6,サンプル不足
v7,return_120d,120日モメンタム,業種,鉄鋼,3d,3営業日,10,0.43,0.5,0.8,サンプル不足
v7,return_120d,120日モメンタム,業種,鉄鋼,5d,5営業日,10,0.65,0.75,0.9,サンプル不足
v7,return_120d,120日モメンタム,業種,鉄鋼,10d,10営業日,8,0.275,0.35000000000000003,0.625,サンプル不足
v7,return_120d,120日モメンタム,業種,鉱業,1d,1営業日,1,-0.5,-0.5,0.0,サンプル不足
v7,return_120d,120日モメンタム,業種,鉱業,3d,3営業日,1,-1.0,-1.0,0.0,サンプル不足
v7,return_120d,120日モメンタム,業種,鉱業,5d,5営業日,1,-1.0,-1.0,0.0,サンプル不足
v7,return_120d,120日モメンタム,業種,鉱業,10d,10営業日,1,-1.0,-1.0,0.0,サンプル不足
v7,return_120d,120日モメンタム,業種,銀行業,1d,1営業日,55,-0.06642903257279655,-0.03571428571428572,0.43636363636363634,評価可能
v7,return_120d,120日モメンタム,業種,銀行業,3d,3営業日,53,0.01748349509477287,0.03571428571428572,0.5094339622641509,評価可能
v7,return_120d,120日モメンタム,業種,銀行業,5d,5営業日,51,-0.07212025959430804,-0.07142857142857144,0.4117647058823529,評価可能
v7,return_120d,120日モメンタム,業種,銀行業,10d,10営業日,46,-0.12281338439906216,-0.25710622710622716,0.3695652173913043,評価可能
v7,return_120d,120日モメンタム,業種,陸運業,1d,1営業日,1,-0.5,-0.5,0.0,サンプル不足
v7,return_120d,120日モメンタム,業種,陸運業,3d,3営業日,1,-0.5,-0.5,0.0,サンプル不足
v7,return_120d,120日モメンタム,業種,陸運業,5d,5営業日,1,-1.0,-1.0,0.0,サンプル不足
v7,return_120d,120日モメンタム,業種,陸運業,10d,10営業日,1,-1.0,-1.0,0.0,サンプル不足
v7,return_120d,120日モメンタム,業種,電気・ガス業,1d,1営業日,7,-0.22653061224489793,-0.28571428571428575,0.2857142857142857,サンプル不足
v7,return_120d,120日モメンタム,業種,電気・ガス業,3d,3営業日,6,0.008730158730158755,-0.12380952380952381,0.3333333333333333,サンプル不足
v7,return_120d,120日モメンタム,業種,電気・ガス業,5d,5営業日,5,0.2333333333333333,0.39999999999999997,0.6,サンプル不足
v7,return_120d,120日モメンタム,業種,電気・ガス業,10d,10営業日,4,0.03333333333333332,0.016666666666666635,0.5,サンプル不足
v7,return_120d,120日モメンタム,業種,電気機器,1d,1営業日,63,-0.046003339279665684,-0.024999999999999998,0.49206349206349204,評価可能
v7,return_120d,120日モメンタム,業種,電気機器,3d,3営業日,61,-0.17544847605192163,-0.21666666666666667,0.29508196721311475,評価可能
v7,return_120d,120日モメンタム,業種,電気機器,5d,5営業日,59,-0.24031421565246017,-0.3,0.2542372881355932,評価可能
v7,return_120d,120日モメンタム,業種,電気機器,10d,10営業日,54,-0.1571744284295401,-0.28252136752136753,0.2777777777777778,評価可能
v7,return_120d,120日モメンタム,業種,非鉄金属,1d,1営業日,14,0.18571428571428572,0.35,0.5714285714285714,サンプル不足
v7,return_120d,120日モメンタム,業種,非鉄金属,3d,3営業日,14,0.19999999999999998,0.44999999999999996,0.5714285714285714,サンプル不足
v7,return_120d,120日モメンタム,業種,非鉄金属,5d,5営業日,14,0.1714285714285714,0.39999999999999997,0.5714285714285714,サンプル不足
v7,return_120d,120日モメンタム,業種,非鉄金属,10d,10営業日,13,-0.04615384615384616,-0.19999999999999998,0.38461538461538464,サンプル不足
v7,return_120d,120日モメンタム,業種,食料品,1d,1営業日,27,0.1645909645909646,0.48571428571428577,0.6296296296296297,サンプル不足
v7,return_120d,120日モメンタム,業種,食料品,3d,3営業日,27,0.035368335368335356,0.09999999999999999,0.5555555555555556,サンプル不足
v7,return_120d,120日モメンタム,業種,食料品,5d,5営業日,27,-0.006932573599240282,0.1032967032967033,0.5555555555555556,サンプル不足
v7,return_120d,120日モメンタム,業種,食料品,10d,10営業日,26,0.04574528036066499,0.05714285714285713,0.5,サンプル不足
v7,distance_ma20,20日移動平均乖離,全体,全体,1d,1営業日,63,-0.054338697628692874,-0.05792979297929792,0.3968253968253968,評価可能
v7,distance_ma20,20日移動平均乖離,全体,全体,3d,3営業日,61,-0.10002518016583835,-0.10034203420342035,0.2786885245901639,評価可能
v7,distance_ma20,20日移動平均乖離,全体,全体,5d,5営業日,59,-0.12086722738153538,-0.12874887488748873,0.3050847457627119,評価可能
v7,distance_ma20,20日移動平均乖離,全体,全体,10d,10営業日,54,-0.12037933013363784,-0.12130813081308128,0.2222222222222222,評価可能
v7,distance_ma20,20日移動平均乖離,業種,その他製品,1d,1営業日,21,0.1687074829931973,0.19999999999999998,0.5714285714285714,サンプル不足
v7,distance_ma20,20日移動平均乖離,業種,その他製品,3d,3営業日,21,-0.02653061224489796,-0.19999999999999998,0.42857142857142855,サンプル不足
v7,distance_ma20,20日移動平均乖離,業種,その他製品,5d,5営業日,21,0.05646258503401361,-0.19999999999999998,0.42857142857142855,サンプル不足
v7,distance_ma20,20日移動平均乖離,業種,その他製品,10d,10営業日,18,0.06666666666666667,0.06428571428571428,0.5555555555555556,サンプル不足
v7,distance_ma20,20日移動平均乖離,業種,その他金融業,1d,1営業日,2,0.25,0.25,0.5,サンプル不足
v7,distance_ma20,20日移動平均乖離,業種,その他金融業,3d,3営業日,2,-0.25,-0.25,0.5,サンプル不足
v7,distance_ma20,20日移動平均乖離,業種,その他金融業,5d,5営業日,2,-0.25,-0.25,0.5,サンプル不足
v7,distance_ma20,20日移動平均乖離,業種,その他金融業,10d,10営業日,2,-0.25,-0.25,0.5,サンプル不足
v7,distance_ma20,20日移動平均乖離,業種,ガラス・土石製品,1d,1営業日,3,-0.6666666666666666,-0.5,0.0,サンプル不足
v7,distance_ma20,20日移動平均乖離,業種,ガラス・土石製品,3d,3営業日,3,-0.8333333333333334,-1.0,0.0,サンプル不足
v7,distance_ma20,20日移動平均乖離,業種,ガラス・土石製品,5d,5営業日,3,-0.6666666666666666,-0.5,0.0,サンプル不足
v7,distance_ma20,20日移動平均乖離,業種,ガラス・土石製品,10d,10営業日,2,-1.0,-1.0,0.0,サンプル不足
v7,distance_ma20,20日移動平均乖離,業種,ゴム製品,1d,1営業日,1,-0.7999999999999999,-0.7999999999999999,0.0,サンプル不足
v7,distance_ma20,20日移動平均乖離,業種,ゴム製品,3d,3営業日,1,-1.0,-1.0,0.0,サンプル不足
v7,distance_ma20,20日移動平均乖離,業種,ゴム製品,5d,5営業日,1,-0.7999999999999999,-0.7999999999999999,0.0,サンプル不足
v7,distance_ma20,20日移動平均乖離,業種,ゴム製品,10d,10営業日,1,-0.7999999999999999,-0.7999999999999999,0.0,サンプル不足
v7,distance_ma20,20日移動平均乖離,業種,サービス業,1d,1営業日,63,-0.08165181448488135,-0.10294117647058824,0.3492063492063492,評価可能
v7,distance_ma20,20日移動平均乖離,業種,サービス業,3d,3営業日,61,-0.12344209741433515,-0.14285714285714288,0.3442622950819672,評価可能
v7,distance_ma20,20日移動平均乖離,業種,サービス業,5d,5営業日,59,-0.1775349612993193,-0.16483516483516483,0.3220338983050847,評価可能
v7,distance_ma20,20日移動平均乖離,業種,サービス業,10d,10営業日,54,-0.23410615558227724,-0.23571428571428574,0.25925925925925924,評価可能
v7,distance_ma20,20日移動平均乖離,業種,パルプ・紙,1d,1営業日,0,,,,サンプル不足
v7,distance_ma20,20日移動平均乖離,業種,パルプ・紙,3d,3営業日,0,,,,サンプル不足
v7,distance_ma20,20日移動平均乖離,業種,パルプ・紙,5d,5営業日,0,,,,サンプル不足
v7,distance_ma20,20日移動平均乖離,業種,パルプ・紙,10d,10営業日,0,,,,サンプル不足
v7,distance_ma20,20日移動平均乖離,業種,不動産業,1d,1営業日,11,-0.30124070137759557,-0.5,0.2727272727272727,サンプル不足
v7,distance_ma20,20日移動平均乖離,業種,不動産業,3d,3営業日,11,-0.1636363636363636,-0.5,0.45454545454545453,サンプル不足
v7,distance_ma20,20日移動平均乖離,業種,不動産業,5d,5営業日,10,-0.33999999999999997,-0.5,0.2,サンプル不足
v7,distance_ma20,20日移動平均乖離,業種,不動産業,10d,10営業日,7,-0.4428571428571428,-0.5,0.2857142857142857,サンプル不足
v7,distance_ma20,20日移動平均乖離,業種,保険業,1d,1営業日,23,-0.13043478260869562,-0.39999999999999997,0.391304347826087,サンプル不足
v7,distance_ma20,20日移動平均乖離,業種,保険業,3d,3営業日,22,0.09545454545454544,0.24999999999999997,0.5454545454545454,サンプル不足
v7,distance_ma20,20日移動平均乖離,業種,保険業,5d,5営業日,20,0.020000000000000014,-0.09999999999999999,0.45,サンプル不足
v7,distance_ma20,20日移動平均乖離,業種,保険業,10d,10営業日,18,-0.2444444444444444,-0.5,0.2777777777777778,サンプル不足
v7,distance_ma20,20日移動平均乖離,業種,倉庫・運輸関連業,1d,1営業日,1,-1.0,-1.0,0.0,サンプル不足
v7,distance_ma20,20日移動平均乖離,業種,倉庫・運輸関連業,3d,3営業日,1,-1.0,-1.0,0.0,サンプル不足
v7,distance_ma20,20日移動平均乖離,業種,倉庫・運輸関連業,5d,5営業日,1,1.0,1.0,1.0,サンプル不足
v7,distance_ma20,20日移動平均乖離,業種,倉庫・運輸関連業,10d,10営業日,1,0.5,0.5,1.0,サンプル不足
v7,distance_ma20,20日移動平均乖離,業種,化学,1d,1営業日,57,-0.05494315625894574,-0.028571428571428574,0.45614035087719296,評価可能
v7,distance_ma20,20日移動平均乖離,業種,化学,3d,3営業日,55,-0.039301607483425656,0.0,0.43636363636363634,評価可能
v7,distance_ma20,20日移動平均乖離,業種,化学,5d,5営業日,55,0.025818726727817647,0.19999999999999998,0.5454545454545454,評価可能
v7,distance_ma20,20日移動平均乖離,業種,化学,10d,10営業日,50,0.03420013320013319,0.11904761904761907,0.58,評価可能
v7,distance_ma20,20日移動平均乖離,業種,医薬品,1d,1営業日,22,-0.17034632034632027,-0.39999999999999997,0.36363636363636365,サンプル不足
v7,distance_ma20,20日移動平均乖離,業種,医薬品,3d,3営業日,20,0.041428571428571426,0.09999999999999999,0.5,サンプル不足
v7,distance_ma20,20日移動平均乖離,業種,医薬品,5d,5営業日,18,0.025811607059958393,0.01801874925391118,0.5,サンプル不足
v7,distance_ma20,20日移動平均乖離,業種,医薬品,10d,10営業日,14,0.21020408163265306,0.44999999999999996,0.6428571428571429,サンプル不足
v7,distance_ma20,20日移動平均乖離,業種,卸売業,1d,1営業日,59,0.0012665300800894222,0.0,0.4915254237288136,評価可能
v7,distance_ma20,20日移動平均乖離,業種,卸売業,3d,3営業日,57,-0.04732109995267888,-0.09999999999999999,0.40350877192982454,評価可能
v7,distance_ma20,20日移動平均乖離,業種,卸売業,5d,5営業日,55,-0.07935821754003572,-0.09999999999999999,0.4,評価可能
v7,distance_ma20,20日移動平均乖離,業種,卸売業,10d,10営業日,50,-0.02180552780552782,-0.12142857142857144,0.44,評価可能
v7,distance_ma20,20日移動平均乖離,業種,小売業,1d,1営業日,55,-0.06667398785045162,-0.09523809523809526,0.43636363636363634,評価可能
v7,distance_ma20,20日移動平均乖離,業種,小売業,3d,3営業日,54,-0.06596855395875004,-0.039627039627039624,0.42592592592592593,評価可能
v7,distance_ma20,20日移動平均乖離,業種,小売業,5d,5営業日,52,-0.10100563086988427,-0.21904761904761905,0.4230769230769231,評価可能
v7,distance_ma20,20日移動平均乖離,業種,小売業,10d,10営業日,47,-0.12264717968722975,-0.19999999999999998,0.40425531914893614,評価可能
v7,distance_ma20,20日移動平均乖離,業種,建設業,1d,1営業日,12,-0.2916666666666667,-0.5,0.25,サンプル不足
v7,distance_ma20,20日移動平均乖離,業種,建設業,3d,3営業日,11,-0.3181818181818182,-0.5,0.18181818181818182,サンプル不足
v7,distance_ma20,20日移動平均乖離,業種,建設業,5d,5営業日,11,-0.4090909090909091,-0.5,0.18181818181818182,サンプル不足
v7,distance_ma20,20日移動平均乖離,業種,建設業,10d,10営業日,9,-0.2777777777777778,-0.5,0.2222222222222222,サンプル不足
v7,distance_ma20,20日移動平均乖離,業種,情報・通信業,1d,1営業日,63,-0.02064764608711143,-0.013752698119025594,0.49206349206349204,評価可能
v7,distance_ma20,20日移動平均乖離,業種,情報・通信業,3d,3営業日,61,-0.06499108044609463,-0.09606837606837607,0.3770491803278688,評価可能
v7,distance_ma20,20日移動平均乖離,業種,情報・通信業,5d,5営業日,59,-0.08718193458049582,-0.10000000000000002,0.3728813559322034,評価可能
v7,distance_ma20,20日移動平均乖離,業種,情報・通信業,10d,10営業日,54,-0.04470683149935293,-0.10290057768318636,0.35185185185185186,評価可能
v7,distance_ma20,20日移動平均乖離,業種,機械,1d,1営業日,40,-0.03682775557775556,0.028571428571428574,0.525,評価可能
v7,distance_ma20,20日移動平均乖離,業種,機械,3d,3営業日,38,-0.02879335576703999,0.049999999999999996,0.5,評価可能
v7,distance_ma20,20日移動平均乖離,業種,機械,5d,5営業日,38,-0.0863325271220008,-0.13333333333333336,0.39473684210526316,評価可能
v7,distance_ma20,20日移動平均乖離,業種,機械,10d,10営業日,35,-0.18328338328338326,-0.3,0.4,評価可能
v7,distance_ma20,20日移動平均乖離,業種,海運業,1d,1営業日,13,0.16153846153846155,0.19999999999999998,0.5384615384615384,サンプル不足
v7,distance_ma20,20日移動平均乖離,業種,海運業,3d,3営業日,13,-0.007692307692307703,0.19999999999999998,0.5384615384615384,サンプル不足
v7,distance_ma20,20日移動平均乖離,業種,海運業,5d,5営業日,12,-0.26666666666666666,-0.44999999999999996,0.3333333333333333,サンプル不足
v7,distance_ma20,20日移動平均乖離,業種,海運業,10d,10営業日,11,-0.2090909090909091,-0.5,0.36363636363636365,サンプル不足
v7,distance_ma20,20日移動平均乖離,業種,石油・石炭製品,1d,1営業日,2,0.0,0.0,0.5,サンプル不足
v7,distance_ma20,20日移動平均乖離,業種,石油・石炭製品,3d,3営業日,1,0.5,0.5,1.0,サンプル不足
v7,distance_ma20,20日移動平均乖離,業種,石油・石炭製品,5d,5営業日,0,,,,サンプル不足
v7,distance_ma20,20日移動平均乖離,業種,石油・石炭製品,10d,10営業日,0,,,,サンプル不足
v7,distance_ma20,20日移動平均乖離,業種,空運業,1d,1営業日,0,,,,サンプル不足
v7,distance_ma20,20日移動平均乖離,業種,空運業,3d,3営業日,0,,,,サンプル不足
v7,distance_ma20,20日移動平均乖離,業種,空運業,5d,5営業日,0,,,,サンプル不足
v7,distance_ma20,20日移動平均乖離,業種,空運業,10d,10営業日,0,,,,サンプル不足
v7,distance_ma20,20日移動平均乖離,業種,精密機器,1d,1営業日,23,-0.07639751552795031,-0.3,0.391304347826087,サンプル不足
v7,distance_ma20,20日移動平均乖離,業種,精密機器,3d,3営業日,23,-0.06708074534161489,-0.39999999999999997,0.4782608695652174,サンプル不足
v7,distance_ma20,20日移動平均乖離,業種,精密機器,5d,5営業日,23,0.16397515527950315,0.5,0.5217391304347826,サンプル不足
v7,distance_ma20,20日移動平均乖離,業種,精密機器,10d,10営業日,23,0.19937888198757764,0.5,0.6956521739130435,サンプル不足
v7,distance_ma20,20日移動平均乖離,業種,繊維製品,1d,1営業日,1,-0.19999999999999998,-0.19999999999999998,0.0,サンプル不足
v7,distance_ma20,20日移動平均乖離,業種,繊維製品,3d,3営業日,0,,,,サンプル不足
v7,distance_ma20,20日移動平均乖離,業種,繊維製品,5d,5営業日,0,,,,サンプル不足
v7,distance_ma20,20日移動平均乖離,業種,繊維製品,10d,10営業日,0,,,,サンプル不足
v7,distance_ma20,20日移動平均乖離,業種,証券、商品先物取引業,1d,1営業日,27,0.010582010582010566,0.28571428571428575,0.5185185185185185,サンプル不足
v7,distance_ma20,20日移動平均乖離,業種,証券、商品先物取引業,3d,3営業日,26,-0.09835164835164832,-0.39999999999999997,0.38461538461538464,サンプル不足
v7,distance_ma20,20日移動平均乖離,業種,証券、商品先物取引業,5d,5営業日,25,-0.1274285714285714,-0.39999999999999997,0.4,サンプル不足
v7,distance_ma20,20日移動平均乖離,業種,証券、商品先物取引業,10d,10営業日,22,-0.1775974025974026,-0.5,0.36363636363636365,サンプル不足
v7,distance_ma20,20日移動平均乖離,業種,輸送用機器,1d,1営業日,35,0.015782312925170083,0.19999999999999998,0.5428571428571428,評価可能
v7,distance_ma20,20日移動平均乖離,業種,輸送用機器,3d,3営業日,35,-0.06993197278911563,-0.3714285714285715,0.4,評価可能
v7,distance_ma20,20日移動平均乖離,業種,輸送用機器,5d,5営業日,35,-0.05210884353741498,-0.19047619047619052,0.45714285714285713,評価可能
v7,distance_ma20,20日移動平均乖離,業種,輸送用機器,10d,10営業日,34,-0.1002801120448179,-0.2523809523809524,0.35294117647058826,評価可能
v7,distance_ma20,20日移動平均乖離,業種,金属製品,1d,1営業日,20,-0.10999999999999999,-0.19999999999999998,0.35,サンプル不足
v7,distance_ma20,20日移動平均乖離,業種,金属製品,3d,3営業日,20,-0.045,-0.1285714285714286,0.5,サンプル不足
v7,distance_ma20,20日移動平均乖離,業種,金属製品,5d,5営業日,19,-0.08320802005012533,-0.39999999999999997,0.47368421052631576,サンプル不足
v7,distance_ma20,20日移動平均乖離,業種,金属製品,10d,10営業日,18,-0.44312169312169314,-0.55,0.16666666666666666,サンプル不足
v7,distance_ma20,20日移動平均乖離,業種,鉄鋼,1d,1営業日,10,-0.5900000000000001,-0.7,0.1,サンプル不足
v7,distance_ma20,20日移動平均乖離,業種,鉄鋼,3d,3営業日,10,-0.4,-0.5,0.1,サンプル不足
v7,distance_ma20,20日移動平均乖離,業種,鉄鋼,5d,5営業日,10,-0.39,-0.5,0.2,サンプル不足
v7,distance_ma20,20日移動平均乖離,業種,鉄鋼,10d,10営業日,8,-0.475,-0.5,0.25,サンプル不足
v7,distance_ma20,20日移動平均乖離,業種,鉱業,1d,1営業日,1,-0.5,-0.5,0.0,サンプル不足
v7,distance_ma20,20日移動平均乖離,業種,鉱業,3d,3営業日,1,-1.0,-1.0,0.0,サンプル不足
v7,distance_ma20,20日移動平均乖離,業種,鉱業,5d,5営業日,1,-1.0,-1.0,0.0,サンプル不足
v7,distance_ma20,20日移動平均乖離,業種,鉱業,10d,10営業日,1,-1.0,-1.0,0.0,サンプル不足
v7,distance_ma20,20日移動平均乖離,業種,銀行業,1d,1営業日,55,0.07498027932041211,0.07878787878787878,0.5454545454545454,評価可能
v7,distance_ma20,20日移動平均乖離,業種,銀行業,3d,3営業日,53,-0.019489421416189305,-0.023809523809523815,0.4528301886792453,評価可能
v7,distance_ma20,20日移動平均乖離,業種,銀行業,5d,5営業日,51,-0.093540684613349,0.0,0.45098039215686275,評価可能
v7,distance_ma20,20日移動平均乖離,業種,銀行業,10d,10営業日,46,-0.09742485562178657,-0.05064935064935065,0.43478260869565216,評価可能
v7,distance_ma20,20日移動平均乖離,業種,陸運業,1d,1営業日,1,-1.0,-1.0,0.0,サンプル不足
v7,distance_ma20,20日移動平均乖離,業種,陸運業,3d,3営業日,1,-1.0,-1.0,0.0,サンプル不足
v7,distance_ma20,20日移動平均乖離,業種,陸運業,5d,5営業日,1,-0.5,-0.5,0.0,サンプル不足
v7,distance_ma20,20日移動平均乖離,業種,陸運業,10d,10営業日,1,-0.5,-0.5,0.0,サンプル不足
v7,distance_ma20,20日移動平均乖離,業種,電気・ガス業,1d,1営業日,7,-0.2836734693877551,-0.5,0.42857142857142855,サンプル不足
v7,distance_ma20,20日移動平均乖離,業種,電気・ガス業,3d,3営業日,6,-0.28015873015873016,-0.44999999999999996,0.3333333333333333,サンプル不足
v7,distance_ma20,20日移動平均乖離,業種,電気・ガス業,5d,5営業日,5,-0.09619047619047619,0.11904761904761905,0.6,サンプル不足
v7,distance_ma20,20日移動平均乖離,業種,電気・ガス業,10d,10営業日,4,-0.225,-0.30000000000000004,0.25,サンプル不足
v7,distance_ma20,20日移動平均乖離,業種,電気機器,1d,1営業日,63,-0.019460275354268253,0.04820512820512819,0.5079365079365079,評価可能
v7,distance_ma20,20日移動平均乖離,業種,電気機器,3d,3営業日,61,-0.1285652946291848,-0.14066776135741652,0.39344262295081966,評価可能
v7,distance_ma20,20日移動平均乖離,業種,電気機器,5d,5営業日,59,-0.14902475508581373,-0.13333333333333333,0.3728813559322034,評価可能
v7,distance_ma20,20日移動平均乖離,業種,電気機器,10d,10営業日,54,-0.12355591355379687,-0.152505858836504,0.4074074074074074,評価可能
v7,distance_ma20,20日移動平均乖離,業種,非鉄金属,1d,1営業日,14,0.05,0.25,0.5,サンプル不足
v7,distance_ma20,20日移動平均乖離,業種,非鉄金属,3d,3営業日,14,0.17142857142857146,0.24999999999999997,0.6428571428571429,サンプル不足
v7,distance_ma20,20日移動平均乖離,業種,非鉄金属,5d,5営業日,14,-0.10714285714285711,-0.3,0.42857142857142855,サンプル不足
v7,distance_ma20,20日移動平均乖離,業種,非鉄金属,10d,10営業日,13,-0.23076923076923073,-0.5,0.3076923076923077,サンプル不足
v7,distance_ma20,20日移動平均乖離,業種,食料品,1d,1営業日,27,-0.009455976122642788,0.0,0.4444444444444444,サンプル不足
v7,distance_ma20,20日移動平均乖離,業種,食料品,3d,3営業日,27,-0.24316917650250983,-0.39999999999999997,0.37037037037037035,サンプル不足
v7,distance_ma20,20日移動平均乖離,業種,食料品,5d,5営業日,27,-0.1330348663681997,-0.09999999999999999,0.4074074074074074,サンプル不足
v7,distance_ma20,20日移動平均乖離,業種,食料品,10d,10営業日,26,-0.12847280924204,-0.3153846153846154,0.4230769230769231,サンプル不足
v7,distance_ma60,60日移動平均乖離,全体,全体,1d,1営業日,63,-0.014197624311147641,-0.025670567056705666,0.49206349206349204,評価可能
v7,distance_ma60,60日移動平均乖離,全体,全体,3d,3営業日,61,-0.06259156256970623,-0.05582958295829583,0.3442622950819672,評価可能
v7,distance_ma60,60日移動平均乖離,全体,全体,5d,5営業日,59,-0.10677441792067094,-0.08448844884488448,0.2542372881355932,評価可能
v7,distance_ma60,60日移動平均乖離,全体,全体,10d,10営業日,54,-0.1505660078169417,-0.16295229522952295,0.2962962962962963,評価可能
v7,distance_ma60,60日移動平均乖離,業種,その他製品,1d,1営業日,21,0.18095238095238095,0.19999999999999998,0.6190476190476191,サンプル不足
v7,distance_ma60,60日移動平均乖離,業種,その他製品,3d,3営業日,21,0.09047619047619046,0.19999999999999998,0.5238095238095238,サンプル不足
v7,distance_ma60,60日移動平均乖離,業種,その他製品,5d,5営業日,21,0.1340136054421769,0.19999999999999998,0.5714285714285714,サンプル不足
v7,distance_ma60,60日移動平均乖離,業種,その他製品,10d,10営業日,18,0.23095238095238096,0.44999999999999996,0.7222222222222222,サンプル不足
v7,distance_ma60,60日移動平均乖離,業種,その他金融業,1d,1営業日,2,0.25,0.25,0.5,サンプル不足
v7,distance_ma60,60日移動平均乖離,業種,その他金融業,3d,3営業日,2,-0.25,-0.25,0.5,サンプル不足
v7,distance_ma60,60日移動平均乖離,業種,その他金融業,5d,5営業日,2,-0.25,-0.25,0.5,サンプル不足
v7,distance_ma60,60日移動平均乖離,業種,その他金融業,10d,10営業日,2,-0.25,-0.25,0.5,サンプル不足
v7,distance_ma60,60日移動平均乖離,業種,ガラス・土石製品,1d,1営業日,3,-0.8333333333333334,-1.0,0.0,サンプル不足
v7,distance_ma60,60日移動平均乖離,業種,ガラス・土石製品,3d,3営業日,3,-0.6666666666666666,-0.5,0.0,サンプル不足
v7,distance_ma60,60日移動平均乖離,業種,ガラス・土石製品,5d,5営業日,3,-0.3333333333333333,-0.5,0.3333333333333333,サンプル不足
v7,distance_ma60,60日移動平均乖離,業種,ガラス・土石製品,10d,10営業日,2,-0.75,-0.75,0.0,サンプル不足
v7,distance_ma60,60日移動平均乖離,業種,ゴム製品,1d,1営業日,1,-0.39999999999999997,-0.39999999999999997,0.0,サンプル不足
v7,distance_ma60,60日移動平均乖離,業種,ゴム製品,3d,3営業日,1,-0.7999999999999999,-0.7999999999999999,0.0,サンプル不足
v7,distance_ma60,60日移動平均乖離,業種,ゴム製品,5d,5営業日,1,-0.6000000000000001,-0.6000000000000001,0.0,サンプル不足
v7,distance_ma60,60日移動平均乖離,業種,ゴム製品,10d,10営業日,1,-0.6000000000000001,-0.6000000000000001,0.0,サンプル不足
v7,distance_ma60,60日移動平均乖離,業種,サービス業,1d,1営業日,63,0.007183802527058891,0.028571428571428574,0.5238095238095238,評価可能
v7,distance_ma60,60日移動平均乖離,業種,サービス業,3d,3営業日,61,0.013000104076336134,-0.07647058823529412,0.4426229508196721,評価可能
v7,distance_ma60,60日移動平均乖離,業種,サービス業,5d,5営業日,59,-0.007881442303554167,0.0,0.4745762711864407,評価可能
v7,distance_ma60,60日移動平均乖離,業種,サービス業,10d,10営業日,54,-0.019770486796786637,0.02127872127872128,0.5185185185185185,評価可能
v7,distance_ma60,60日移動平均乖離,業種,パルプ・紙,1d,1営業日,0,,,,サンプル不足
v7,distance_ma60,60日移動平均乖離,業種,パルプ・紙,3d,3営業日,0,,,,サンプル不足
v7,distance_ma60,60日移動平均乖離,業種,パルプ・紙,5d,5営業日,0,,,,サンプル不足
v7,distance_ma60,60日移動平均乖離,業種,パルプ・紙,10d,10営業日,0,,,,サンプル不足
v7,distance_ma60,60日移動平均乖離,業種,不動産業,1d,1営業日,11,-0.0444516276727448,-0.09999999999999999,0.45454545454545453,サンプル不足
v7,distance_ma60,60日移動平均乖離,業種,不動産業,3d,3営業日,11,0.045454545454545456,0.0,0.45454545454545453,サンプル不足
v7,distance_ma60,60日移動平均乖離,業種,不動産業,5d,5営業日,10,-0.06000000000000001,0.0,0.4,サンプル不足
v7,distance_ma60,60日移動平均乖離,業種,不動産業,10d,10営業日,7,-0.1142857142857143,-0.5,0.2857142857142857,サンプル不足
v7,distance_ma60,60日移動平均乖離,業種,保険業,1d,1営業日,23,-0.17826086956521742,-0.39999999999999997,0.2608695652173913,サンプル不足
v7,distance_ma60,60日移動平均乖離,業種,保険業,3d,3営業日,22,-0.29090909090909095,-0.5,0.22727272727272727,サンプル不足
v7,distance_ma60,60日移動平均乖離,業種,保険業,5d,5営業日,20,-0.26,-0.5,0.3,サンプル不足
v7,distance_ma60,60日移動平均乖離,業種,保険業,10d,10営業日,18,-0.1777777777777778,-0.5,0.3888888888888889,サンプル不足
v7,distance_ma60,60日移動平均乖離,業種,倉庫・運輸関連業,1d,1営業日,1,-1.0,-1.0,0.0,サンプル不足
v7,distance_ma60,60日移動平均乖離,業種,倉庫・運輸関連業,3d,3営業日,1,-1.0,-1.0,0.0,サンプル不足
v7,distance_ma60,60日移動平均乖離,業種,倉庫・運輸関連業,5d,5営業日,1,1.0,1.0,1.0,サンプル不足
v7,distance_ma60,60日移動平均乖離,業種,倉庫・運輸関連業,10d,10営業日,1,0.5,0.5,1.0,サンプル不足
v7,distance_ma60,60日移動平均乖離,業種,化学,1d,1営業日,57,-0.017009160430213083,0.028571428571428574,0.5263157894736842,評価可能
v7,distance_ma60,60日移動平均乖離,業種,化学,3d,3営業日,55,-0.001445826900372361,-0.07142857142857144,0.4909090909090909,評価可能
v7,distance_ma60,60日移動平均乖離,業種,化学,5d,5営業日,55,0.04814034450398087,0.09999999999999999,0.5454545454545454,評価可能
v7,distance_ma60,60日移動平均乖離,業種,化学,10d,10営業日,50,-0.020871461871461886,-0.03452380952380953,0.5,評価可能
v7,distance_ma60,60日移動平均乖離,業種,医薬品,1d,1営業日,22,0.062445887445887444,0.3,0.5454545454545454,サンプル不足
v7,distance_ma60,60日移動平均乖離,業種,医薬品,3d,3営業日,20,-0.019999999999999976,0.2785714285714286,0.55,サンプル不足
v7,distance_ma60,60日移動平均乖離,業種,医薬品,5d,5営業日,18,0.009513937621626544,0.2891968671660674,0.5555555555555556,サンプル不足
v7,distance_ma60,60日移動平均乖離,業種,医薬品,10d,10営業日,14,0.06734693877551019,0.39999999999999997,0.5714285714285714,サンプル不足
v7,distance_ma60,60日移動平均乖離,業種,卸売業,1d,1営業日,59,0.0492081364962721,0.0,0.4915254237288136,評価可能
v7,distance_ma60,60日移動平均乖離,業種,卸売業,3d,3営業日,57,0.025687178318757276,0.08571428571428573,0.543859649122807,評価可能
v7,distance_ma60,60日移動平均乖離,業種,卸売業,5d,5営業日,55,-0.046594617503708406,0.028571428571428574,0.509090909090909,評価可能
v7,distance_ma60,60日移動平均乖離,業種,卸売業,10d,10営業日,50,-0.028421578421578414,-0.052747252747252754,0.46,評価可能
v7,distance_ma60,60日移動平均乖離,業種,小売業,1d,1営業日,55,0.019687170903742467,0.09999999999999999,0.509090909090909,評価可能
v7,distance_ma60,60日移動平均乖離,業種,小売業,3d,3営業日,54,-0.07721026250438018,-0.023284313725490197,0.4074074074074074,評価可能
v7,distance_ma60,60日移動平均乖離,業種,小売業,5d,5営業日,52,-0.13265342312288014,-0.10952380952380952,0.40384615384615385,評価可能
v7,distance_ma60,60日移動平均乖離,業種,小売業,10d,10営業日,47,-0.17020222164152074,-0.19999999999999998,0.3617021276595745,評価可能
v7,distance_ma60,60日移動平均乖離,業種,建設業,1d,1営業日,12,-0.4083333333333334,-0.5,0.25,サンプル不足
v7,distance_ma60,60日移動平均乖離,業種,建設業,3d,3営業日,11,-0.3272727272727272,-0.5,0.18181818181818182,サンプル不足
v7,distance_ma60,60日移動平均乖離,業種,建設業,5d,5営業日,11,-0.4,-0.5,0.18181818181818182,サンプル不足
v7,distance_ma60,60日移動平均乖離,業種,建設業,10d,10営業日,9,-0.12222222222222218,-0.39999999999999997,0.3333333333333333,サンプル不足
v7,distance_ma60,60日移動平均乖離,業種,情報・通信業,1d,1営業日,63,-0.059228761132455295,-0.0912280701754386,0.4126984126984127,評価可能
v7,distance_ma60,60日移動平均乖離,業種,情報・通信業,3d,3営業日,61,-0.12960166375231888,-0.11666666666666665,0.32786885245901637,評価可能
v7,distance_ma60,60日移動平均乖離,業種,情報・通信業,5d,5営業日,59,-0.16997776820817398,-0.15384615384615385,0.3220338983050847,評価可能
v7,distance_ma60,60日移動平均乖離,業種,情報・通信業,10d,10営業日,54,-0.2084053560136374,-0.2175824175824176,0.2222222222222222,評価可能
v7,distance_ma60,60日移動平均乖離,業種,機械,1d,1営業日,40,-0.051899350649350674,-0.0030303030303030303,0.475,評価可能
v7,distance_ma60,60日移動平均乖離,業種,機械,3d,3営業日,38,0.13995872548504126,0.19999999999999998,0.5789473684210527,評価可能
v7,distance_ma60,60日移動平均乖離,業種,機械,5d,5営業日,38,-0.007544429254955567,0.06813186813186813,0.5263157894736842,評価可能
v7,distance_ma60,60日移動平均乖離,業種,機械,10d,10営業日,35,-0.1812047476333191,-0.06813186813186813,0.34285714285714286,評価可能
v7,distance_ma60,60日移動平均乖離,業種,海運業,1d,1営業日,13,-0.03846153846153848,-0.3,0.46153846153846156,サンプル不足
v7,distance_ma60,60日移動平均乖離,業種,海運業,3d,3営業日,13,-0.2846153846153846,-0.5,0.38461538461538464,サンプル不足
v7,distance_ma60,60日移動平均乖離,業種,海運業,5d,5営業日,12,-0.26666666666666666,-0.35,0.4166666666666667,サンプル不足
v7,distance_ma60,60日移動平均乖離,業種,海運業,10d,10営業日,11,-0.23636363636363636,-0.5,0.36363636363636365,サンプル不足
v7,distance_ma60,60日移動平均乖離,業種,石油・石炭製品,1d,1営業日,2,0.25,0.25,0.5,サンプル不足
v7,distance_ma60,60日移動平均乖離,業種,石油・石炭製品,3d,3営業日,1,0.5,0.5,1.0,サンプル不足
v7,distance_ma60,60日移動平均乖離,業種,石油・石炭製品,5d,5営業日,0,,,,サンプル不足
v7,distance_ma60,60日移動平均乖離,業種,石油・石炭製品,10d,10営業日,0,,,,サンプル不足
v7,distance_ma60,60日移動平均乖離,業種,空運業,1d,1営業日,0,,,,サンプル不足
v7,distance_ma60,60日移動平均乖離,業種,空運業,3d,3営業日,0,,,,サンプル不足
v7,distance_ma60,60日移動平均乖離,業種,空運業,5d,5営業日,0,,,,サンプル不足
v7,distance_ma60,60日移動平均乖離,業種,空運業,10d,10営業日,0,,,,サンプル不足
v7,distance_ma60,60日移動平均乖離,業種,精密機器,1d,1営業日,23,-0.11863354037267079,-0.49999999999999994,0.34782608695652173,サンプル不足
v7,distance_ma60,60日移動平均乖離,業種,精密機器,3d,3営業日,23,-0.01428571428571428,-0.14285714285714288,0.4782608695652174,サンプル不足
v7,distance_ma60,60日移動平均乖離,業種,精密機器,5d,5営業日,23,0.11801242236024845,0.19999999999999998,0.5217391304347826,サンプル不足
v7,distance_ma60,60日移動平均乖離,業種,精密機器,10d,10営業日,23,0.24037267080745336,0.5,0.7391304347826086,サンプル不足
v7,distance_ma60,60日移動平均乖離,業種,繊維製品,1d,1営業日,1,-0.39999999999999997,-0.39999999999999997,0.0,サンプル不足
v7,distance_ma60,60日移動平均乖離,業種,繊維製品,3d,3営業日,0,,,,サンプル不足
v7,distance_ma60,60日移動平均乖離,業種,繊維製品,5d,5営業日,0,,,,サンプル不足
v7,distance_ma60,60日移動平均乖離,業種,繊維製品,10d,10営業日,0,,,,サンプル不足
v7,distance_ma60,60日移動平均乖離,業種,証券、商品先物取引業,1d,1営業日,27,-0.06613756613756612,0.0,0.48148148148148145,サンプル不足
v7,distance_ma60,60日移動平均乖離,業種,証券、商品先物取引業,3d,3営業日,26,-0.203021978021978,-0.5,0.34615384615384615,サンプル不足
v7,distance_ma60,60日移動平均乖離,業種,証券、商品先物取引業,5d,5営業日,25,-0.17257142857142857,-0.39999999999999997,0.44,サンプル不足
v7,distance_ma60,60日移動平均乖離,業種,証券、商品先物取引業,10d,10営業日,22,-0.1987012987012987,-0.5,0.2727272727272727,サンプル不足
v7,distance_ma60,60日移動平均乖離,業種,輸送用機器,1d,1営業日,35,0.046666666666666676,0.04761904761904763,0.5714285714285714,評価可能
v7,distance_ma60,60日移動平均乖離,業種,輸送用機器,3d,3営業日,35,-0.015238095238095228,-0.023809523809523815,0.45714285714285713,評価可能
v7,distance_ma60,60日移動平均乖離,業種,輸送用機器,5d,5営業日,35,-0.06027210884353743,0.0,0.4857142857142857,評価可能
v7,distance_ma60,60日移動平均乖離,業種,輸送用機器,10d,10営業日,34,-0.1875350140056022,-0.34285714285714286,0.38235294117647056,評価可能
v7,distance_ma60,60日移動平均乖離,業種,金属製品,1d,1営業日,20,0.024047619047619068,0.014285714285714287,0.5,サンプル不足
v7,distance_ma60,60日移動平均乖離,業種,金属製品,3d,3営業日,20,-0.0345238095238095,0.03571428571428571,0.5,サンプル不足
v7,distance_ma60,60日移動平均乖離,業種,金属製品,5d,5営業日,19,-0.09122807017543862,-0.3,0.47368421052631576,サンプル不足
v7,distance_ma60,60日移動平均乖離,業種,金属製品,10d,10営業日,18,-0.3611111111111111,-0.6,0.2777777777777778,サンプル不足
v7,distance_ma60,60日移動平均乖離,業種,鉄鋼,1d,1営業日,10,-0.21000000000000002,-0.7,0.4,サンプル不足
v7,distance_ma60,60日移動平均乖離,業種,鉄鋼,3d,3営業日,10,-0.19000000000000003,-0.5,0.3,サンプル不足
v7,distance_ma60,60日移動平均乖離,業種,鉄鋼,5d,5営業日,10,-0.25,-0.5,0.3,サンプル不足
v7,distance_ma60,60日移動平均乖離,業種,鉄鋼,10d,10営業日,8,-0.11249999999999999,-0.44999999999999996,0.375,サンプル不足
v7,distance_ma60,60日移動平均乖離,業種,鉱業,1d,1営業日,1,-0.5,-0.5,0.0,サンプル不足
v7,distance_ma60,60日移動平均乖離,業種,鉱業,3d,3営業日,1,-1.0,-1.0,0.0,サンプル不足
v7,distance_ma60,60日移動平均乖離,業種,鉱業,5d,5営業日,1,-1.0,-1.0,0.0,サンプル不足
v7,distance_ma60,60日移動平均乖離,業種,鉱業,10d,10営業日,1,-1.0,-1.0,0.0,サンプル不足
v7,distance_ma60,60日移動平均乖離,業種,銀行業,1d,1営業日,55,0.1431965298888555,0.25,0.6,評価可能
v7,distance_ma60,60日移動平均乖離,業種,銀行業,3d,3営業日,53,0.09033505938102938,-0.03333333333333333,0.49056603773584906,評価可能
v7,distance_ma60,60日移動平均乖離,業種,銀行業,5d,5営業日,51,-0.02537469835047689,0.0,0.49019607843137253,評価可能
v7,distance_ma60,60日移動平均乖離,業種,銀行業,10d,10営業日,46,-0.005266149025739827,-0.01785714285714286,0.4782608695652174,評価可能
v7,distance_ma60,60日移動平均乖離,業種,陸運業,1d,1営業日,1,-1.0,-1.0,0.0,サンプル不足
v7,distance_ma60,60日移動平均乖離,業種,陸運業,3d,3営業日,1,-1.0,-1.0,0.0,サンプル不足
v7,distance_ma60,60日移動平均乖離,業種,陸運業,5d,5営業日,1,-0.5,-0.5,0.0,サンプル不足
v7,distance_ma60,60日移動平均乖離,業種,陸運業,10d,10営業日,1,-0.5,-0.5,0.0,サンプル不足
v7,distance_ma60,60日移動平均乖離,業種,電気・ガス業,1d,1営業日,7,-0.011564625850340111,0.11904761904761905,0.5714285714285714,サンプル不足
v7,distance_ma60,60日移動平均乖離,業種,電気・ガス業,3d,3営業日,6,0.0904761904761905,0.2714285714285714,0.6666666666666666,サンプル不足
v7,distance_ma60,60日移動平均乖離,業種,電気・ガス業,5d,5営業日,5,0.35238095238095235,0.5,0.8,サンプル不足
v7,distance_ma60,60日移動平均乖離,業種,電気・ガス業,10d,10営業日,4,0.2511904761904762,0.3,0.75,サンプル不足
v7,distance_ma60,60日移動平均乖離,業種,電気機器,1d,1営業日,63,-0.04474533839863509,-0.05357142857142857,0.4603174603174603,評価可能
v7,distance_ma60,60日移動平均乖離,業種,電気機器,3d,3営業日,61,-0.13044074643380932,-0.17575757575757575,0.3770491803278688,評価可能
v7,distance_ma60,60日移動平均乖離,業種,電気機器,5d,5営業日,59,-0.17340135444490926,-0.21666666666666667,0.3050847457627119,評価可能
v7,distance_ma60,60日移動平均乖離,業種,電気機器,10d,10営業日,54,-0.17737040246073282,-0.15892857142857142,0.3333333333333333,評価可能
v7,distance_ma60,60日移動平均乖離,業種,非鉄金属,1d,1営業日,14,-0.3071428571428571,-0.5,0.2857142857142857,サンプル不足
v7,distance_ma60,60日移動平均乖離,業種,非鉄金属,3d,3営業日,14,-0.17857142857142855,-0.44999999999999996,0.42857142857142855,サンプル不足
v7,distance_ma60,60日移動平均乖離,業種,非鉄金属,5d,5営業日,14,-0.4071428571428571,-0.5,0.21428571428571427,サンプル不足
v7,distance_ma60,60日移動平均乖離,業種,非鉄金属,10d,10営業日,13,-0.49999999999999994,-0.5,0.15384615384615385,サンプル不足
v7,distance_ma60,60日移動平均乖離,業種,食料品,1d,1営業日,27,-0.010066476733143417,-0.08571428571428573,0.4444444444444444,サンプル不足
v7,distance_ma60,60日移動平均乖離,業種,食料品,3d,3営業日,27,-0.2010989010989011,-0.39999999999999997,0.2962962962962963,サンプル不足
v7,distance_ma60,60日移動平均乖離,業種,食料品,5d,5営業日,27,-0.11328177994844661,-0.3,0.37037037037037035,サンプル不足
v7,distance_ma60,60日移動平均乖離,業種,食料品,10d,10営業日,26,-0.3079881656804733,-0.5,0.2692307692307692,サンプル不足
v7,avg_turnover_20d,20日平均売買代金,全体,全体,1d,1営業日,63,-0.019524638420070198,0.011833183318331832,0.5238095238095238,評価可能
v7,avg_turnover_20d,20日平均売買代金,全体,全体,3d,3営業日,61,0.003266125137111331,-0.034641568081668316,0.45901639344262296,評価可能
v7,avg_turnover_20d,20日平均売買代金,全体,全体,5d,5営業日,59,0.008487500612431824,0.029318931893189314,0.5254237288135594,評価可能
v7,avg_turnover_20d,20日平均売買代金,全体,全体,10d,10営業日,54,-0.024726871744985553,-0.04901290129012901,0.35185185185185186,評価可能
v7,avg_turnover_20d,20日平均売買代金,業種,その他製品,1d,1営業日,21,0.0857142857142857,0.19999999999999998,0.6190476190476191,サンプル不足
v7,avg_turnover_20d,20日平均売買代金,業種,その他製品,3d,3営業日,21,0.1993197278911565,0.39999999999999997,0.6190476190476191,サンプル不足
v7,avg_turnover_20d,20日平均売買代金,業種,その他製品,5d,5営業日,21,0.2183673469387755,0.39999999999999997,0.5714285714285714,サンプル不足
v7,avg_turnover_20d,20日平均売買代金,業種,その他製品,10d,10営業日,18,0.18412698412698414,0.3571428571428571,0.6666666666666666,サンプル不足
v7,avg_turnover_20d,20日平均売買代金,業種,その他金融業,1d,1営業日,2,-0.75,-0.75,0.0,サンプル不足
v7,avg_turnover_20d,20日平均売買代金,業種,その他金融業,3d,3営業日,2,0.0,0.0,0.5,サンプル不足
v7,avg_turnover_20d,20日平均売買代金,業種,その他金融業,5d,5営業日,2,0.0,0.0,0.5,サンプル不足
v7,avg_turnover_20d,20日平均売買代金,業種,その他金融業,10d,10営業日,2,0.0,0.0,0.5,サンプル不足
v7,avg_turnover_20d,20日平均売買代金,業種,ガラス・土石製品,1d,1営業日,3,-0.16666666666666666,-0.5,0.3333333333333333,サンプル不足
v7,avg_turnover_20d,20日平均売買代金,業種,ガラス・土石製品,3d,3営業日,3,0.16666666666666666,0.5,0.6666666666666666,サンプル不足
v7,avg_turnover_20d,20日平均売買代金,業種,ガラス・土石製品,5d,5営業日,3,0.3333333333333333,1.0,0.6666666666666666,サンプル不足
v7,avg_turnover_20d,20日平均売買代金,業種,ガラス・土石製品,10d,10営業日,2,-0.25,-0.25,0.5,サンプル不足
v7,avg_turnover_20d,20日平均売買代金,業種,ゴム製品,1d,1営業日,1,0.0,0.0,0.0,サンプル不足
v7,avg_turnover_20d,20日平均売買代金,業種,ゴム製品,3d,3営業日,1,-0.6000000000000001,-0.6000000000000001,0.0,サンプル不足
v7,avg_turnover_20d,20日平均売買代金,業種,ゴム製品,5d,5営業日,1,-0.7999999999999999,-0.7999999999999999,0.0,サンプル不足
v7,avg_turnover_20d,20日平均売買代金,業種,ゴム製品,10d,10営業日,1,-0.7999999999999999,-0.7999999999999999,0.0,サンプル不足
v7,avg_turnover_20d,20日平均売買代金,業種,サービス業,1d,1営業日,63,0.024812999868855923,0.08181818181818183,0.5873015873015873,評価可能
v7,avg_turnover_20d,20日平均売買代金,業種,サービス業,3d,3営業日,61,0.14389743510308906,0.17234262125902994,0.6885245901639344,評価可能
v7,avg_turnover_20d,20日平均売買代金,業種,サービス業,5d,5営業日,59,0.2185573198825271,0.2380952380952381,0.7457627118644068,評価可能
v7,avg_turnover_20d,20日平均売買代金,業種,サービス業,10d,10営業日,54,0.2215202683637219,0.2558441558441559,0.7777777777777778,評価可能
v7,avg_turnover_20d,20日平均売買代金,業種,パルプ・紙,1d,1営業日,0,,,,サンプル不足
v7,avg_turnover_20d,20日平均売買代金,業種,パルプ・紙,3d,3営業日,0,,,,サンプル不足
v7,avg_turnover_20d,20日平均売買代金,業種,パルプ・紙,5d,5営業日,0,,,,サンプル不足
v7,avg_turnover_20d,20日平均売買代金,業種,パルプ・紙,10d,10営業日,0,,,,サンプル不足
v7,avg_turnover_20d,20日平均売買代金,業種,不動産業,1d,1営業日,11,-0.19356679330951304,-0.5,0.36363636363636365,サンプル不足
v7,avg_turnover_20d,20日平均売買代金,業種,不動産業,3d,3営業日,11,-0.3181818181818181,-0.5,0.18181818181818182,サンプル不足
v7,avg_turnover_20d,20日平均売買代金,業種,不動産業,5d,5営業日,10,-0.33999999999999997,-0.5,0.2,サンプル不足
v7,avg_turnover_20d,20日平均売買代金,業種,不動産業,10d,10営業日,7,-0.2857142857142857,-0.5,0.2857142857142857,サンプル不足
v7,avg_turnover_20d,20日平均売買代金,業種,保険業,1d,1営業日,23,-0.06956521739130436,-0.39999999999999997,0.43478260869565216,サンプル不足
v7,avg_turnover_20d,20日平均売買代金,業種,保険業,3d,3営業日,22,0.14545454545454548,0.5,0.5909090909090909,サンプル不足
v7,avg_turnover_20d,20日平均売買代金,業種,保険業,5d,5営業日,20,0.28,0.5,0.7,サンプル不足
v7,avg_turnover_20d,20日平均売買代金,業種,保険業,10d,10営業日,18,-0.022222222222222213,0.19999999999999998,0.5555555555555556,サンプル不足
v7,avg_turnover_20d,20日平均売買代金,業種,倉庫・運輸関連業,1d,1営業日,1,-1.0,-1.0,0.0,サンプル不足
v7,avg_turnover_20d,20日平均売買代金,業種,倉庫・運輸関連業,3d,3営業日,1,-1.0,-1.0,0.0,サンプル不足
v7,avg_turnover_20d,20日平均売買代金,業種,倉庫・運輸関連業,5d,5営業日,1,1.0,1.0,1.0,サンプル不足
v7,avg_turnover_20d,20日平均売買代金,業種,倉庫・運輸関連業,10d,10営業日,1,0.5,0.5,1.0,サンプル不足
v7,avg_turnover_20d,20日平均売買代金,業種,化学,1d,1営業日,57,-0.14447993526940894,-0.19047619047619052,0.3333333333333333,評価可能
v7,avg_turnover_20d,20日平均売買代金,業種,化学,3d,3営業日,55,-0.02485166348802711,-0.11666666666666665,0.45454545454545453,評価可能
v7,avg_turnover_20d,20日平均売買代金,業種,化学,5d,5営業日,55,-0.12196273423546153,-0.10714285714285716,0.45454545454545453,評価可能
v7,avg_turnover_20d,20日平均売買代金,業種,化学,10d,10営業日,50,-0.10055461205461205,-0.07380952380952381,0.44,評価可能
v7,avg_turnover_20d,20日平均売買代金,業種,医薬品,1d,1営業日,22,0.20108225108225106,0.44999999999999996,0.6363636363636364,サンプル不足
v7,avg_turnover_20d,20日平均売買代金,業種,医薬品,3d,3営業日,20,0.09714285714285713,0.049999999999999996,0.5,サンプル不足
v7,avg_turnover_20d,20日平均売買代金,業種,医薬品,5d,5営業日,18,0.1761806042882932,0.3891968671660674,0.6666666666666666,サンプル不足
v7,avg_turnover_20d,20日平均売買代金,業種,医薬品,10d,10営業日,14,0.16938775510204082,0.38571428571428573,0.5714285714285714,サンプル不足
v7,avg_turnover_20d,20日平均売買代金,業種,卸売業,1d,1営業日,59,-0.014605733249801044,-0.06293706293706294,0.4576271186440678,評価可能
v7,avg_turnover_20d,20日平均売買代金,業種,卸売業,3d,3営業日,57,0.07344877344877346,0.14285714285714288,0.5263157894736842,評価可能
v7,avg_turnover_20d,20日平均売買代金,業種,卸売業,5d,5営業日,55,0.13287591196682108,0.19999999999999998,0.5818181818181818,評価可能
v7,avg_turnover_20d,20日平均売買代金,業種,卸売業,10d,10営業日,50,0.08566333666333664,0.14285714285714288,0.58,評価可能
v7,avg_turnover_20d,20日平均売買代金,業種,小売業,1d,1営業日,55,-0.08654751593255806,-0.08571428571428573,0.4727272727272727,評価可能
v7,avg_turnover_20d,20日平均売買代金,業種,小売業,3d,3営業日,54,-0.028800411643548896,0.023809523809523815,0.5,評価可能
v7,avg_turnover_20d,20日平均売買代金,業種,小売業,5d,5営業日,52,-0.053487425093759935,-0.12294372294372295,0.34615384615384615,評価可能
v7,avg_turnover_20d,20日平均売買代金,業種,小売業,10d,10営業日,47,-0.09984953511236364,-0.07142857142857144,0.3404255319148936,評価可能
v7,avg_turnover_20d,20日平均売買代金,業種,建設業,1d,1営業日,12,0.12500000000000003,0.09999999999999999,0.5,サンプル不足
v7,avg_turnover_20d,20日平均売買代金,業種,建設業,3d,3営業日,11,-0.045454545454545456,-0.39999999999999997,0.45454545454545453,サンプル不足
v7,avg_turnover_20d,20日平均売買代金,業種,建設業,5d,5営業日,11,0.20909090909090908,0.5,0.6363636363636364,サンプル不足
v7,avg_turnover_20d,20日平均売買代金,業種,建設業,10d,10営業日,9,0.05555555555555555,0.39999999999999997,0.5555555555555556,サンプル不足
v7,avg_turnover_20d,20日平均売買代金,業種,情報・通信業,1d,1営業日,63,0.002965106119623516,-0.01818181818181818,0.47619047619047616,評価可能
v7,avg_turnover_20d,20日平均売買代金,業種,情報・通信業,3d,3営業日,61,0.019901208890332887,0.04395604395604395,0.5737704918032787,評価可能
v7,avg_turnover_20d,20日平均売買代金,業種,情報・通信業,5d,5営業日,59,0.024948077104928447,0.07946336429308565,0.576271186440678,評価可能
v7,avg_turnover_20d,20日平均売買代金,業種,情報・通信業,10d,10営業日,54,0.013642082201646146,0.08281637717121587,0.5740740740740741,評価可能
v7,avg_turnover_20d,20日平均売買代金,業種,機械,1d,1営業日,40,-0.22293248418248418,-0.2846153846153846,0.325,評価可能
v7,avg_turnover_20d,20日平均売買代金,業種,機械,3d,3営業日,38,-0.06957976234292022,-0.03626373626373627,0.42105263157894735,評価可能
v7,avg_turnover_20d,20日平均売買代金,業種,機械,5d,5営業日,38,-0.20500902606165763,-0.27705627705627706,0.3157894736842105,評価可能
v7,avg_turnover_20d,20日平均売買代金,業種,機械,10d,10営業日,35,-0.1713607820750678,-0.37499999999999994,0.3142857142857143,評価可能
v7,avg_turnover_20d,20日平均売買代金,業種,海運業,1d,1営業日,13,0.1769230769230769,0.19999999999999998,0.5384615384615384,サンプル不足
v7,avg_turnover_20d,20日平均売買代金,業種,海運業,3d,3営業日,13,0.1,0.19999999999999998,0.5384615384615384,サンプル不足
v7,avg_turnover_20d,20日平均売買代金,業種,海運業,5d,5営業日,12,-0.10000000000000003,-0.4,0.4166666666666667,サンプル不足
v7,avg_turnover_20d,20日平均売買代金,業種,海運業,10d,10営業日,11,0.036363636363636355,0.39999999999999997,0.5454545454545454,サンプル不足
v7,avg_turnover_20d,20日平均売買代金,業種,石油・石炭製品,1d,1営業日,2,0.25,0.25,0.5,サンプル不足
v7,avg_turnover_20d,20日平均売買代金,業種,石油・石炭製品,3d,3営業日,1,0.5,0.5,1.0,サンプル不足
v7,avg_turnover_20d,20日平均売買代金,業種,石油・石炭製品,5d,5営業日,0,,,,サンプル不足
v7,avg_turnover_20d,20日平均売買代金,業種,石油・石炭製品,10d,10営業日,0,,,,サンプル不足
v7,avg_turnover_20d,20日平均売買代金,業種,空運業,1d,1営業日,0,,,,サンプル不足
v7,avg_turnover_20d,20日平均売買代金,業種,空運業,3d,3営業日,0,,,,サンプル不足
v7,avg_turnover_20d,20日平均売買代金,業種,空運業,5d,5営業日,0,,,,サンプル不足
v7,avg_turnover_20d,20日平均売買代金,業種,空運業,10d,10営業日,0,,,,サンプル不足
v7,avg_turnover_20d,20日平均売買代金,業種,精密機器,1d,1営業日,23,0.08944099378881988,0.3714285714285715,0.5652173913043478,サンプル不足
v7,avg_turnover_20d,20日平均売買代金,業種,精密機器,3d,3営業日,23,-0.0006211180124223532,0.08571428571428573,0.5217391304347826,サンプル不足
v7,avg_turnover_20d,20日平均売買代金,業種,精密機器,5d,5営業日,23,-0.09689440993788816,-0.39999999999999997,0.4782608695652174,サンプル不足
v7,avg_turnover_20d,20日平均売買代金,業種,精密機器,10d,10営業日,23,0.11677018633540372,0.49999999999999994,0.5652173913043478,サンプル不足
v7,avg_turnover_20d,20日平均売買代金,業種,繊維製品,1d,1営業日,1,-0.7999999999999999,-0.7999999999999999,0.0,サンプル不足
v7,avg_turnover_20d,20日平均売買代金,業種,繊維製品,3d,3営業日,0,,,,サンプル不足
v7,avg_turnover_20d,20日平均売買代金,業種,繊維製品,5d,5営業日,0,,,,サンプル不足
v7,avg_turnover_20d,20日平均売買代金,業種,繊維製品,10d,10営業日,0,,,,サンプル不足
v7,avg_turnover_20d,20日平均売買代金,業種,証券、商品先物取引業,1d,1営業日,27,-0.18439153439153438,-0.5,0.2962962962962963,サンプル不足
v7,avg_turnover_20d,20日平均売買代金,業種,証券、商品先物取引業,3d,3営業日,26,-0.02967032967032969,0.0,0.5,サンプル不足
v7,avg_turnover_20d,20日平均売買代金,業種,証券、商品先物取引業,5d,5営業日,25,-0.01657142857142855,0.19999999999999998,0.52,サンプル不足
v7,avg_turnover_20d,20日平均売買代金,業種,証券、商品先物取引業,10d,10営業日,22,-0.08896103896103899,-0.2785714285714286,0.45454545454545453,サンプル不足
v7,avg_turnover_20d,20日平均売買代金,業種,輸送用機器,1d,1営業日,35,0.07891156462585035,0.2571428571428572,0.6,評価可能
v7,avg_turnover_20d,20日平均売買代金,業種,輸送用機器,3d,3営業日,35,0.17755102040816323,0.19999999999999998,0.5428571428571428,評価可能
v7,avg_turnover_20d,20日平均売買代金,業種,輸送用機器,5d,5営業日,35,0.2038095238095238,0.39999999999999997,0.6857142857142857,評価可能
v7,avg_turnover_20d,20日平均売買代金,業種,輸送用機器,10d,10営業日,34,0.23963585434173673,0.39999999999999997,0.7647058823529411,評価可能
v7,avg_turnover_20d,20日平均売買代金,業種,金属製品,1d,1営業日,20,-0.030714285714285694,-0.23571428571428574,0.35,サンプル不足
v7,avg_turnover_20d,20日平均売買代金,業種,金属製品,3d,3営業日,20,-0.10999999999999996,-0.27142857142857146,0.45,サンプル不足
v7,avg_turnover_20d,20日平均売買代金,業種,金属製品,5d,5営業日,19,-0.1370927318295739,-0.08571428571428573,0.47368421052631576,サンプル不足
v7,avg_turnover_20d,20日平均売買代金,業種,金属製品,10d,10営業日,18,-0.17089947089947088,-0.0380952380952381,0.4444444444444444,サンプル不足
v7,avg_turnover_20d,20日平均売買代金,業種,鉄鋼,1d,1営業日,10,0.16999999999999998,0.5,0.6,サンプル不足
v7,avg_turnover_20d,20日平均売買代金,業種,鉄鋼,3d,3営業日,10,0.19999999999999998,0.5,0.6,サンプル不足
v7,avg_turnover_20d,20日平均売買代金,業種,鉄鋼,5d,5営業日,10,0.06000000000000001,0.15000000000000002,0.5,サンプル不足
v7,avg_turnover_20d,20日平均売買代金,業種,鉄鋼,10d,10営業日,8,0.09999999999999998,-0.05000000000000002,0.5,サンプル不足
v7,avg_turnover_20d,20日平均売買代金,業種,鉱業,1d,1営業日,1,0.5,0.5,1.0,サンプル不足
v7,avg_turnover_20d,20日平均売買代金,業種,鉱業,3d,3営業日,1,-0.5,-0.5,0.0,サンプル不足
v7,avg_turnover_20d,20日平均売買代金,業種,鉱業,5d,5営業日,1,-0.5,-0.5,0.0,サンプル不足
v7,avg_turnover_20d,20日平均売買代金,業種,鉱業,10d,10営業日,1,-0.5,-0.5,0.0,サンプル不足
v7,avg_turnover_20d,20日平均売買代金,業種,銀行業,1d,1営業日,55,-0.08024252295162407,-0.14285714285714288,0.38181818181818183,評価可能
v7,avg_turnover_20d,20日平均売買代金,業種,銀行業,3d,3営業日,53,-0.13562349062729392,-0.22424242424242422,0.41509433962264153,評価可能
v7,avg_turnover_20d,20日平均売買代金,業種,銀行業,5d,5営業日,51,0.05501551120928284,0.0,0.49019607843137253,評価可能
v7,avg_turnover_20d,20日平均売買代金,業種,銀行業,10d,10営業日,46,-0.05084891238343923,-0.26043956043956046,0.41304347826086957,評価可能
v7,avg_turnover_20d,20日平均売買代金,業種,陸運業,1d,1営業日,1,1.0,1.0,1.0,サンプル不足
v7,avg_turnover_20d,20日平均売買代金,業種,陸運業,3d,3営業日,1,1.0,1.0,1.0,サンプル不足
v7,avg_turnover_20d,20日平均売買代金,業種,陸運業,5d,5営業日,1,0.5,0.5,1.0,サンプル不足
v7,avg_turnover_20d,20日平均売買代金,業種,陸運業,10d,10営業日,1,0.5,0.5,1.0,サンプル不足
v7,avg_turnover_20d,20日平均売買代金,業種,電気・ガス業,1d,1営業日,7,-0.22653061224489798,-0.5,0.2857142857142857,サンプル不足
v7,avg_turnover_20d,20日平均売買代金,業種,電気・ガス業,3d,3営業日,6,-0.39365079365079364,-0.55,0.16666666666666666,サンプル不足
v7,avg_turnover_20d,20日平均売買代金,業種,電気・ガス業,5d,5営業日,5,-0.43809523809523815,-0.6904761904761906,0.2,サンプル不足
v7,avg_turnover_20d,20日平均売買代金,業種,電気・ガス業,10d,10営業日,4,-0.4035714285714286,-0.6071428571428572,0.25,サンプル不足
v7,avg_turnover_20d,20日平均売買代金,業種,電気機器,1d,1営業日,63,0.02230291253163729,0.0,0.4603174603174603,評価可能
v7,avg_turnover_20d,20日平均売買代金,業種,電気機器,3d,3営業日,61,0.0023008177237924584,0.0,0.47540983606557374,評価可能
v7,avg_turnover_20d,20日平均売買代金,業種,電気機器,5d,5営業日,59,-0.006820935496670915,-0.028571428571428574,0.4406779661016949,評価可能
v7,avg_turnover_20d,20日平均売買代金,業種,電気機器,10d,10営業日,54,-0.07629966670902678,-0.07913043478260869,0.4444444444444444,評価可能
v7,avg_turnover_20d,20日平均売買代金,業種,非鉄金属,1d,1営業日,14,0.07142857142857142,0.39999999999999997,0.5714285714285714,サンプル不足
v7,avg_turnover_20d,20日平均売買代金,業種,非鉄金属,3d,3営業日,14,0.05714285714285713,-0.049999999999999996,0.5,サンプル不足
v7,avg_turnover_20d,20日平均売買代金,業種,非鉄金属,5d,5営業日,14,0.04999999999999998,0.09999999999999999,0.5,サンプル不足
v7,avg_turnover_20d,20日平均売買代金,業種,非鉄金属,10d,10営業日,13,-0.08461538461538459,0.0,0.38461538461538464,サンプル不足
v7,avg_turnover_20d,20日平均売買代金,業種,食料品,1d,1営業日,27,0.038637905304571965,0.19999999999999998,0.5555555555555556,サンプル不足
v7,avg_turnover_20d,20日平均売買代金,業種,食料品,3d,3営業日,27,0.3816171482838148,0.5,0.8148148148148148,サンプル不足
v7,avg_turnover_20d,20日平均売買代金,業種,食料品,5d,5営業日,27,0.10725817392484059,0.39999999999999997,0.5925925925925926,サンプル不足
v7,avg_turnover_20d,20日平均売買代金,業種,食料品,10d,10営業日,26,0.058946182023105115,0.19999999999999998,0.6153846153846154,サンプル不足
v7,volume_ratio_20d,出来高比,全体,全体,1d,1営業日,63,-0.03946862985907788,-0.03589569725697901,0.36507936507936506,評価可能
v7,volume_ratio_20d,出来高比,全体,全体,3d,3営業日,61,-0.03677341440890686,-0.038956012469459664,0.4098360655737705,評価可能
v7,volume_ratio_20d,出来高比,全体,全体,5d,5営業日,59,-0.03673267454733395,-0.014269426942694268,0.423728813559322,評価可能
v7,volume_ratio_20d,出来高比,全体,全体,10d,10営業日,54,-0.027669939782975533,-0.03138913891389138,0.4444444444444444,評価可能
v7,volume_ratio_20d,出来高比,業種,その他製品,1d,1営業日,21,0.06258503401360545,0.19999999999999998,0.5238095238095238,サンプル不足
v7,volume_ratio_20d,出来高比,業種,その他製品,3d,3営業日,21,-0.021768707482993182,-0.39999999999999997,0.42857142857142855,サンプル不足
v7,volume_ratio_20d,出来高比,業種,その他製品,5d,5営業日,21,0.02108843537414967,0.0,0.47619047619047616,サンプル不足
v7,volume_ratio_20d,出来高比,業種,その他製品,10d,10営業日,18,-0.1492063492063492,-0.39999999999999997,0.3333333333333333,サンプル不足
v7,volume_ratio_20d,出来高比,業種,その他金融業,1d,1営業日,2,0.5,0.5,1.0,サンプル不足
v7,volume_ratio_20d,出来高比,業種,その他金融業,3d,3営業日,2,0.25,0.25,0.5,サンプル不足
v7,volume_ratio_20d,出来高比,業種,その他金融業,5d,5営業日,2,0.25,0.25,0.5,サンプル不足
v7,volume_ratio_20d,出来高比,業種,その他金融業,10d,10営業日,2,0.25,0.25,0.5,サンプル不足
v7,volume_ratio_20d,出来高比,業種,ガラス・土石製品,1d,1営業日,3,-0.6666666666666666,-0.5,0.0,サンプル不足
v7,volume_ratio_20d,出来高比,業種,ガラス・土石製品,3d,3営業日,3,-0.3333333333333333,-0.5,0.3333333333333333,サンプル不足
v7,volume_ratio_20d,出来高比,業種,ガラス・土石製品,5d,5営業日,3,-0.16666666666666666,-0.5,0.3333333333333333,サンプル不足
v7,volume_ratio_20d,出来高比,業種,ガラス・土石製品,10d,10営業日,2,-0.25,-0.25,0.5,サンプル不足
v7,volume_ratio_20d,出来高比,業種,ゴム製品,1d,1営業日,1,0.0,0.0,0.0,サンプル不足
v7,volume_ratio_20d,出来高比,業種,ゴム製品,3d,3営業日,1,0.6000000000000001,0.6000000000000001,1.0,サンプル不足
v7,volume_ratio_20d,出来高比,業種,ゴム製品,5d,5営業日,1,0.7999999999999999,0.7999999999999999,1.0,サンプル不足
v7,volume_ratio_20d,出来高比,業種,ゴム製品,10d,10営業日,1,0.7999999999999999,0.7999999999999999,1.0,サンプル不足
v7,volume_ratio_20d,出来高比,業種,サービス業,1d,1営業日,63,-0.06330982572161115,-0.07142857142857144,0.42857142857142855,評価可能
v7,volume_ratio_20d,出来高比,業種,サービス業,3d,3営業日,61,-0.1293288526425612,-0.18787878787878787,0.36065573770491804,評価可能
v7,volume_ratio_20d,出来高比,業種,サービス業,5d,5営業日,59,-0.1964627355138868,-0.23076923076923078,0.3389830508474576,評価可能
v7,volume_ratio_20d,出来高比,業種,サービス業,10d,10営業日,54,-0.15778156486872455,-0.17445054945054947,0.35185185185185186,評価可能
v7,volume_ratio_20d,出来高比,業種,パルプ・紙,1d,1営業日,0,,,,サンプル不足
v7,volume_ratio_20d,出来高比,業種,パルプ・紙,3d,3営業日,0,,,,サンプル不足
v7,volume_ratio_20d,出来高比,業種,パルプ・紙,5d,5営業日,0,,,,サンプル不足
v7,volume_ratio_20d,出来高比,業種,パルプ・紙,10d,10営業日,0,,,,サンプル不足
v7,volume_ratio_20d,出来高比,業種,不動産業,1d,1営業日,11,-0.1029521196708095,0.05129891760425771,0.5454545454545454,サンプル不足
v7,volume_ratio_20d,出来高比,業種,不動産業,3d,3営業日,11,-0.0363636363636364,0.39999999999999997,0.5454545454545454,サンプル不足
v7,volume_ratio_20d,出来高比,業種,不動産業,5d,5営業日,10,0.23999999999999994,0.5,0.7,サンプル不足
v7,volume_ratio_20d,出来高比,業種,不動産業,10d,10営業日,7,0.24285714285714283,0.5,0.7142857142857143,サンプル不足
v7,volume_ratio_20d,出来高比,業種,保険業,1d,1営業日,23,-0.008695652173913047,-0.19999999999999998,0.34782608695652173,サンプル不足
v7,volume_ratio_20d,出来高比,業種,保険業,3d,3営業日,22,0.018181818181818167,0.35,0.5909090909090909,サンプル不足
v7,volume_ratio_20d,出来高比,業種,保険業,5d,5営業日,20,0.13500000000000004,0.5,0.6,サンプル不足
v7,volume_ratio_20d,出来高比,業種,保険業,10d,10営業日,18,0.3277777777777777,0.5,0.7777777777777778,サンプル不足
v7,volume_ratio_20d,出来高比,業種,倉庫・運輸関連業,1d,1営業日,1,0.5,0.5,1.0,サンプル不足
v7,volume_ratio_20d,出来高比,業種,倉庫・運輸関連業,3d,3営業日,1,0.5,0.5,1.0,サンプル不足
v7,volume_ratio_20d,出来高比,業種,倉庫・運輸関連業,5d,5営業日,1,-0.5,-0.5,0.0,サンプル不足
v7,volume_ratio_20d,出来高比,業種,倉庫・運輸関連業,10d,10営業日,1,0.5,0.5,1.0,サンプル不足
v7,volume_ratio_20d,出来高比,業種,化学,1d,1営業日,57,-0.07963191778981252,-0.09999999999999999,0.43859649122807015,評価可能
v7,volume_ratio_20d,出来高比,業種,化学,3d,3営業日,55,0.04562059152968245,0.09999999999999999,0.5272727272727272,評価可能
v7,volume_ratio_20d,出来高比,業種,化学,5d,5営業日,55,0.03966578875669787,0.10714285714285716,0.5636363636363636,評価可能
v7,volume_ratio_20d,出来高比,業種,化学,10d,10営業日,50,0.025000166500166506,0.061904761904761914,0.52,評価可能
v7,volume_ratio_20d,出来高比,業種,医薬品,1d,1営業日,22,-0.20292207792207792,-0.14285714285714288,0.4090909090909091,サンプル不足
v7,volume_ratio_20d,出来高比,業種,医薬品,3d,3営業日,20,0.0467857142857143,0.34285714285714286,0.6,サンプル不足
v7,volume_ratio_20d,出来高比,業種,医薬品,5d,5営業日,18,0.10578090265342961,0.39999999999999997,0.6111111111111112,サンプル不足
v7,volume_ratio_20d,出来高比,業種,医薬品,10d,10営業日,14,0.1826530612244898,0.5,0.7142857142857143,サンプル不足
v7,volume_ratio_20d,出来高比,業種,卸売業,1d,1営業日,59,0.0386122352224047,0.055944055944055944,0.5254237288135594,評価可能
v7,volume_ratio_20d,出来高比,業種,卸売業,3d,3営業日,57,0.03970532391585023,0.0,0.45614035087719296,評価可能
v7,volume_ratio_20d,出来高比,業種,卸売業,5d,5営業日,55,-0.09342778433687526,-0.14285714285714288,0.43636363636363634,評価可能
v7,volume_ratio_20d,出来高比,業種,卸売業,10d,10営業日,50,-0.18438661338661336,-0.19999999999999998,0.4,評価可能
v7,volume_ratio_20d,出来高比,業種,小売業,1d,1営業日,55,-0.028992171077718915,0.0,0.4727272727272727,評価可能
v7,volume_ratio_20d,出来高比,業種,小売業,3d,3営業日,54,0.06432250574407436,0.04545454545454544,0.5,評価可能
v7,volume_ratio_20d,出来高比,業種,小売業,5d,5営業日,52,0.06909009165796497,0.1437324929971989,0.6153846153846154,評価可能
v7,volume_ratio_20d,出来高比,業種,小売業,10d,10営業日,47,-0.020393227965192946,0.0,0.48936170212765956,評価可能
v7,volume_ratio_20d,出来高比,業種,建設業,1d,1営業日,12,-0.25,-0.35,0.3333333333333333,サンプル不足
v7,volume_ratio_20d,出来高比,業種,建設業,3d,3営業日,11,-0.2818181818181818,-0.5,0.2727272727272727,サンプル不足
v7,volume_ratio_20d,出来高比,業種,建設業,5d,5営業日,11,0.0,-0.39999999999999997,0.45454545454545453,サンプル不足
v7,volume_ratio_20d,出来高比,業種,建設業,10d,10営業日,9,-0.1222222222222222,-0.39999999999999997,0.3333333333333333,サンプル不足
v7,volume_ratio_20d,出来高比,業種,情報・通信業,1d,1営業日,63,-0.014568766926251402,-0.09313725490196079,0.42857142857142855,評価可能
v7,volume_ratio_20d,出来高比,業種,情報・通信業,3d,3営業日,61,-0.04667346492657375,-0.0947008547008547,0.3770491803278688,評価可能
v7,volume_ratio_20d,出来高比,業種,情報・通信業,5d,5営業日,59,-0.07551433816765467,-0.1818181818181818,0.3389830508474576,評価可能
v7,volume_ratio_20d,出来高比,業種,情報・通信業,10d,10営業日,54,-0.06312219102663492,-0.16893795641423726,0.37037037037037035,評価可能
v7,volume_ratio_20d,出来高比,業種,機械,1d,1営業日,40,0.05968573093573094,0.125,0.55,評価可能
v7,volume_ratio_20d,出来高比,業種,機械,3d,3営業日,38,0.0008134409450198943,0.03571428571428572,0.5,評価可能
v7,volume_ratio_20d,出来高比,業種,機械,5d,5営業日,38,0.07592517131990817,0.027056277056277056,0.5526315789473685,評価可能
v7,volume_ratio_20d,出来高比,業種,機械,10d,10営業日,35,0.14948384948384946,0.19999999999999998,0.6571428571428571,評価可能
v7,volume_ratio_20d,出来高比,業種,海運業,1d,1営業日,13,-0.19230769230769232,-0.5,0.46153846153846156,サンプル不足
v7,volume_ratio_20d,出来高比,業種,海運業,3d,3営業日,13,0.06923076923076923,0.3,0.6923076923076923,サンプル不足
v7,volume_ratio_20d,出来高比,業種,海運業,5d,5営業日,12,-0.033333333333333305,0.0,0.5,サンプル不足
v7,volume_ratio_20d,出来高比,業種,海運業,10d,10営業日,11,-0.2545454545454545,-0.5,0.2727272727272727,サンプル不足
v7,volume_ratio_20d,出来高比,業種,石油・石炭製品,1d,1営業日,2,-0.25,-0.25,0.5,サンプル不足
v7,volume_ratio_20d,出来高比,業種,石油・石炭製品,3d,3営業日,1,1.0,1.0,1.0,サンプル不足
v7,volume_ratio_20d,出来高比,業種,石油・石炭製品,5d,5営業日,0,,,,サンプル不足
v7,volume_ratio_20d,出来高比,業種,石油・石炭製品,10d,10営業日,0,,,,サンプル不足
v7,volume_ratio_20d,出来高比,業種,空運業,1d,1営業日,0,,,,サンプル不足
v7,volume_ratio_20d,出来高比,業種,空運業,3d,3営業日,0,,,,サンプル不足
v7,volume_ratio_20d,出来高比,業種,空運業,5d,5営業日,0,,,,サンプル不足
v7,volume_ratio_20d,出来高比,業種,空運業,10d,10営業日,0,,,,サンプル不足
v7,volume_ratio_20d,出来高比,業種,精密機器,1d,1営業日,23,0.07950310559006211,0.2571428571428572,0.5217391304347826,サンプル不足
v7,volume_ratio_20d,出来高比,業種,精密機器,3d,3営業日,23,0.07391304347826087,-0.09999999999999999,0.4782608695652174,サンプル不足
v7,volume_ratio_20d,出来高比,業種,精密機器,5d,5営業日,23,-0.07577639751552795,-0.5,0.391304347826087,サンプル不足
v7,volume_ratio_20d,出来高比,業種,精密機器,10d,10営業日,23,-0.020496894409937873,-0.08571428571428573,0.43478260869565216,サンプル不足
v7,volume_ratio_20d,出来高比,業種,繊維製品,1d,1営業日,1,-0.39999999999999997,-0.39999999999999997,0.0,サンプル不足
v7,volume_ratio_20d,出来高比,業種,繊維製品,3d,3営業日,0,,,,サンプル不足
v7,volume_ratio_20d,出来高比,業種,繊維製品,5d,5営業日,0,,,,サンプル不足
v7,volume_ratio_20d,出来高比,業種,繊維製品,10d,10営業日,0,,,,サンプル不足
v7,volume_ratio_20d,出来高比,業種,証券、商品先物取引業,1d,1営業日,27,-0.06455026455026457,-0.09999999999999999,0.48148148148148145,サンプル不足
v7,volume_ratio_20d,出来高比,業種,証券、商品先物取引業,3d,3営業日,26,-0.08076923076923076,-0.19999999999999998,0.38461538461538464,サンプル不足
v7,volume_ratio_20d,出来高比,業種,証券、商品先物取引業,5d,5営業日,25,-0.00514285714285714,0.3,0.52,サンプル不足
v7,volume_ratio_20d,出来高比,業種,証券、商品先物取引業,10d,10営業日,22,0.15032467532467533,0.5,0.5909090909090909,サンプル不足
v7,volume_ratio_20d,出来高比,業種,輸送用機器,1d,1営業日,35,-0.011292517006802717,-0.023809523809523815,0.4857142857142857,評価可能
v7,volume_ratio_20d,出来高比,業種,輸送用機器,3d,3営業日,35,-0.0110204081632653,0.0,0.4857142857142857,評価可能
v7,volume_ratio_20d,出来高比,業種,輸送用機器,5d,5営業日,35,0.026258503401360527,0.14285714285714288,0.5428571428571428,評価可能
v7,volume_ratio_20d,出来高比,業種,輸送用機器,10d,10営業日,34,-0.01470588235294119,0.19999999999999998,0.5588235294117647,評価可能
v7,volume_ratio_20d,出来高比,業種,金属製品,1d,1営業日,20,-0.016428571428571438,-0.14285714285714285,0.45,サンプル不足
v7,volume_ratio_20d,出来高比,業種,金属製品,3d,3営業日,20,0.019285714285714285,-0.12142857142857144,0.45,サンプル不足
v7,volume_ratio_20d,出来高比,業種,金属製品,5d,5営業日,19,0.013032581453634095,-0.14285714285714288,0.42105263157894735,サンプル不足
v7,volume_ratio_20d,出来高比,業種,金属製品,10d,10営業日,18,-0.323015873015873,-0.5,0.2777777777777778,サンプル不足
v7,volume_ratio_20d,出来高比,業種,鉄鋼,1d,1営業日,10,-0.15,-0.5,0.4,サンプル不足
v7,volume_ratio_20d,出来高比,業種,鉄鋼,3d,3営業日,10,0.07000000000000002,2.7755575615628914e-17,0.5,サンプル不足
v7,volume_ratio_20d,出来高比,業種,鉄鋼,5d,5営業日,10,0.19,0.3,0.6,サンプル不足
v7,volume_ratio_20d,出来高比,業種,鉄鋼,10d,10営業日,8,0.2,0.25,0.5,サンプル不足
v7,volume_ratio_20d,出来高比,業種,鉱業,1d,1営業日,1,0.5,0.5,1.0,サンプル不足
v7,volume_ratio_20d,出来高比,業種,鉱業,3d,3営業日,1,1.0,1.0,1.0,サンプル不足
v7,volume_ratio_20d,出来高比,業種,鉱業,5d,5営業日,1,1.0,1.0,1.0,サンプル不足
v7,volume_ratio_20d,出来高比,業種,鉱業,10d,10営業日,1,1.0,1.0,1.0,サンプル不足
v7,volume_ratio_20d,出来高比,業種,銀行業,1d,1営業日,55,0.15558225514409252,0.2833333333333333,0.6545454545454545,評価可能
v7,volume_ratio_20d,出来高比,業種,銀行業,3d,3営業日,53,0.15612938490603448,0.19999999999999998,0.5849056603773585,評価可能
v7,volume_ratio_20d,出来高比,業種,銀行業,5d,5営業日,51,0.04356992488480378,0.03333333333333333,0.5098039215686274,評価可能
v7,volume_ratio_20d,出来高比,業種,銀行業,10d,10営業日,46,0.10898825386037667,0.1682867132867133,0.6086956521739131,評価可能
v7,volume_ratio_20d,出来高比,業種,陸運業,1d,1営業日,1,-0.5,-0.5,0.0,サンプル不足
v7,volume_ratio_20d,出来高比,業種,陸運業,3d,3営業日,1,-0.5,-0.5,0.0,サンプル不足
v7,volume_ratio_20d,出来高比,業種,陸運業,5d,5営業日,1,-1.0,-1.0,0.0,サンプル不足
v7,volume_ratio_20d,出来高比,業種,陸運業,10d,10営業日,1,-1.0,-1.0,0.0,サンプル不足
v7,volume_ratio_20d,出来高比,業種,電気・ガス業,1d,1営業日,7,-0.07959183673469387,-0.3571428571428572,0.2857142857142857,サンプル不足
v7,volume_ratio_20d,出来高比,業種,電気・ガス業,3d,3営業日,6,-0.07222222222222226,-0.1666666666666667,0.3333333333333333,サンプル不足
v7,volume_ratio_20d,出来高比,業種,電気・ガス業,5d,5営業日,5,-0.1742857142857143,-0.5714285714285715,0.4,サンプル不足
v7,volume_ratio_20d,出来高比,業種,電気・ガス業,10d,10営業日,4,-0.4476190476190476,-0.7452380952380953,0.25,サンプル不足
v7,volume_ratio_20d,出来高比,業種,電気機器,1d,1営業日,63,-0.14504430299523402,-0.1808300395256917,0.3492063492063492,評価可能
v7,volume_ratio_20d,出来高比,業種,電気機器,3d,3営業日,61,-0.13141478517408714,-0.13949579831932774,0.3770491803278688,評価可能
v7,volume_ratio_20d,出来高比,業種,電気機器,5d,5営業日,59,-0.12269657538190656,-0.1666666666666667,0.4067796610169492,評価可能
v7,volume_ratio_20d,出来高比,業種,電気機器,10d,10営業日,54,-0.1252192262496677,-0.18831168831168832,0.4074074074074074,評価可能
v7,volume_ratio_20d,出来高比,業種,非鉄金属,1d,1営業日,14,-0.12142857142857143,-0.2,0.5,サンプル不足
v7,volume_ratio_20d,出来高比,業種,非鉄金属,3d,3営業日,14,-0.20714285714285713,-0.5,0.21428571428571427,サンプル不足
v7,volume_ratio_20d,出来高比,業種,非鉄金属,5d,5営業日,14,-0.11428571428571425,-0.25,0.42857142857142855,サンプル不足
v7,volume_ratio_20d,出来高比,業種,非鉄金属,10d,10営業日,13,0.061538461538461556,0.5,0.5384615384615384,サンプル不足
v7,volume_ratio_20d,出来高比,業種,食料品,1d,1営業日,27,0.03439153439153439,-0.0857142857142857,0.4444444444444444,サンプル不足
v7,volume_ratio_20d,出来高比,業種,食料品,3d,3営業日,27,-0.35159408492741834,-0.5,0.18518518518518517,サンプル不足
v7,volume_ratio_20d,出来高比,業種,食料品,5d,5営業日,27,-0.2769230769230769,-0.5,0.2962962962962963,サンプル不足
v7,volume_ratio_20d,出来高比,業種,食料品,10d,10営業日,26,-0.040645252183713766,-0.22124542124542124,0.38461538461538464,サンプル不足
v7,distance_high_120d,120日高値接近度,全体,全体,1d,1営業日,63,0.031336641398755284,0.018242679589498642,0.6190476190476191,評価可能
v7,distance_high_120d,120日高値接近度,全体,全体,3d,3営業日,61,0.05259745505261046,0.04598680020103189,0.7213114754098361,評価可能
v7,distance_high_120d,120日高値接近度,全体,全体,5d,5営業日,59,0.08406845233858413,0.06857437082875532,0.711864406779661,評価可能
v7,distance_high_120d,120日高値接近度,全体,全体,10d,10営業日,54,0.0672142320891399,0.06218074715895802,0.6666666666666666,評価可能
v7,distance_high_120d,120日高値接近度,業種,その他製品,1d,1営業日,21,0.15835640364417736,0.39999999999999997,0.6190476190476191,サンプル不足
v7,distance_high_120d,120日高値接近度,業種,その他製品,3d,3営業日,21,0.17462993606140906,0.39999999999999997,0.5714285714285714,サンプル不足
v7,distance_high_120d,120日高値接近度,業種,その他製品,5d,5営業日,21,0.30060035046574585,0.5,0.7142857142857143,サンプル不足
v7,distance_high_120d,120日高値接近度,業種,その他製品,10d,10営業日,18,0.15337192568984107,0.19999999999999998,0.5,サンプル不足
v7,distance_high_120d,120日高値接近度,業種,その他金融業,1d,1営業日,1,0.5,0.5,1.0,サンプル不足
v7,distance_high_120d,120日高値接近度,業種,その他金融業,3d,3営業日,1,-0.5,-0.5,0.0,サンプル不足
v7,distance_high_120d,120日高値接近度,業種,その他金融業,5d,5営業日,1,-0.5,-0.5,0.0,サンプル不足
v7,distance_high_120d,120日高値接近度,業種,その他金融業,10d,10営業日,1,-0.5,-0.5,0.0,サンプル不足
v7,distance_high_120d,120日高値接近度,業種,ガラス・土石製品,1d,1営業日,2,0.0,0.0,0.5,サンプル不足
v7,distance_high_120d,120日高値接近度,業種,ガラス・土石製品,3d,3営業日,2,0.0,0.0,0.5,サンプル不足
v7,distance_high_120d,120日高値接近度,業種,ガラス・土石製品,5d,5営業日,2,0.0,0.0,0.5,サンプル不足
v7,distance_high_120d,120日高値接近度,業種,ガラス・土石製品,10d,10営業日,1,-0.5,-0.5,0.0,サンプル不足
v7,distance_high_120d,120日高値接近度,業種,ゴム製品,1d,1営業日,1,0.9486832980505139,0.9486832980505139,1.0,サンプル不足
v7,distance_high_120d,120日高値接近度,業種,ゴム製品,3d,3営業日,1,0.632455532033676,0.632455532033676,1.0,サンプル不足
v7,distance_high_120d,120日高値接近度,業種,ゴム製品,5d,5営業日,1,0.316227766016838,0.316227766016838,1.0,サンプル不足
v7,distance_high_120d,120日高値接近度,業種,ゴム製品,10d,10営業日,1,0.316227766016838,0.316227766016838,1.0,サンプル不足
v7,distance_high_120d,120日高値接近度,業種,サービス業,1d,1営業日,63,0.002924695647146897,-0.03592878785739777,0.4603174603174603,評価可能
v7,distance_high_120d,120日高値接近度,業種,サービス業,3d,3営業日,61,0.0049400413762480146,-0.014929322993226433,0.45901639344262296,評価可能
v7,distance_high_120d,120日高値接近度,業種,サービス業,5d,5営業日,59,0.017713438417258184,-0.008669072079243589,0.4576271186440678,評価可能
v7,distance_high_120d,120日高値接近度,業種,サービス業,10d,10営業日,54,0.028213276424068946,0.00025279377272626087,0.5,評価可能
v7,distance_high_120d,120日高値接近度,業種,パルプ・紙,1d,1営業日,0,,,,サンプル不足
v7,distance_high_120d,120日高値接近度,業種,パルプ・紙,3d,3営業日,0,,,,サンプル不足
v7,distance_high_120d,120日高値接近度,業種,パルプ・紙,5d,5営業日,0,,,,サンプル不足
v7,distance_high_120d,120日高値接近度,業種,パルプ・紙,10d,10営業日,0,,,,サンプル不足
v7,distance_high_120d,120日高値接近度,業種,不動産業,1d,1営業日,11,-0.36273979300153564,-0.5,0.2727272727272727,サンプル不足
v7,distance_high_120d,120日高値接近度,業種,不動産業,3d,3営業日,11,-0.21419197194681674,-0.44721359549995787,0.36363636363636365,サンプル不足
v7,distance_high_120d,120日高値接近度,業種,不動産業,5d,5営業日,10,0.053208490971002644,0.0822949016875158,0.5,サンプル不足
v7,distance_high_120d,120日高値接近度,業種,不動産業,10d,10営業日,7,-0.05841401370214662,-0.22360679774997894,0.42857142857142855,サンプル不足
v7,distance_high_120d,120日高値接近度,業種,保険業,1d,1営業日,22,-0.108353283362871,-0.09999999999999999,0.4090909090909091,サンプル不足
v7,distance_high_120d,120日高値接近度,業種,保険業,3d,3営業日,21,-0.1833236970365524,-0.49999999999999994,0.38095238095238093,サンプル不足
v7,distance_high_120d,120日高値接近度,業種,保険業,5d,5営業日,19,-0.07246546918222793,-0.21081851067789195,0.42105263157894735,サンプル不足
v7,distance_high_120d,120日高値接近度,業種,保険業,10d,10営業日,17,-0.028502738043840004,0.0,0.47058823529411764,サンプル不足
v7,distance_high_120d,120日高値接近度,業種,倉庫・運輸関連業,1d,1営業日,1,0.5,0.5,1.0,サンプル不足
v7,distance_high_120d,120日高値接近度,業種,倉庫・運輸関連業,3d,3営業日,1,0.5,0.5,1.0,サンプル不足
v7,distance_high_120d,120日高値接近度,業種,倉庫・運輸関連業,5d,5営業日,1,-0.5,-0.5,0.0,サンプル不足
v7,distance_high_120d,120日高値接近度,業種,倉庫・運輸関連業,10d,10営業日,1,0.5,0.5,1.0,サンプル不足
v7,distance_high_120d,120日高値接近度,業種,化学,1d,1営業日,57,-0.012502372962551444,0.0,0.49122807017543857,評価可能
v7,distance_high_120d,120日高値接近度,業種,化学,3d,3営業日,55,0.004388510658930594,0.0,0.4727272727272727,評価可能
v7,distance_high_120d,120日高値接近度,業種,化学,5d,5営業日,55,0.04320285207650848,0.08703882797784893,0.5272727272727272,評価可能
v7,distance_high_120d,120日高値接近度,業種,化学,10d,10営業日,50,0.09182947976551929,0.10785455733667473,0.58,評価可能
v7,distance_high_120d,120日高値接近度,業種,医薬品,1d,1営業日,22,0.20284389314884796,0.5,0.5909090909090909,サンプル不足
v7,distance_high_120d,120日高値接近度,業種,医薬品,3d,3営業日,20,0.5149306834339054,0.5398855178262242,0.8,サンプル不足
v7,distance_high_120d,120日高値接近度,業種,医薬品,5d,5営業日,18,0.45343511703061284,0.5,0.7222222222222222,サンプル不足
v7,distance_high_120d,120日高値接近度,業種,医薬品,10d,10営業日,14,0.3623407730301157,0.39999999999999997,0.7142857142857143,サンプル不足
v7,distance_high_120d,120日高値接近度,業種,卸売業,1d,1営業日,58,0.12689832045045477,0.2236258162748111,0.6206896551724138,評価可能
v7,distance_high_120d,120日高値接近度,業種,卸売業,3d,3営業日,56,0.12475770503438115,0.16709344742283053,0.625,評価可能
v7,distance_high_120d,120日高値接近度,業種,卸売業,5d,5営業日,54,0.24459154686661796,0.3107142857142857,0.7037037037037037,評価可能
v7,distance_high_120d,120日高値接近度,業種,卸売業,10d,10営業日,49,0.22944670067437783,0.36596252735569995,0.6938775510204082,評価可能
v7,distance_high_120d,120日高値接近度,業種,小売業,1d,1営業日,53,-0.12120335102892714,-0.07319250547113999,0.4339622641509434,評価可能
v7,distance_high_120d,120日高値接近度,業種,小売業,3d,3営業日,52,0.008960615577945832,0.03361479837869118,0.5,評価可能
v7,distance_high_120d,120日高値接近度,業種,小売業,5d,5営業日,50,-0.02825418724053014,-0.06918738206451464,0.42,評価可能
v7,distance_high_120d,120日高値接近度,業種,小売業,10d,10営業日,45,-0.023831502891356295,0.0,0.4666666666666667,評価可能
v7,distance_high_120d,120日高値接近度,業種,建設業,1d,1営業日,12,0.04729537233052702,-0.19999999999999998,0.4166666666666667,サンプル不足
v7,distance_high_120d,120日高値接近度,業種,建設業,3d,3営業日,11,0.19852474854392382,0.0,0.45454545454545453,サンプル不足
v7,distance_high_120d,120日高値接近度,業種,建設業,5d,5営業日,11,0.13376678719303498,0.10540925533894598,0.5454545454545454,サンプル不足
v7,distance_high_120d,120日高値接近度,業種,建設業,10d,10営業日,9,0.17219973752973342,0.5,0.5555555555555556,サンプル不足
v7,distance_high_120d,120日高値接近度,業種,情報・通信業,1d,1営業日,63,0.0019494039703132886,-0.06012213189548638,0.4444444444444444,評価可能
v7,distance_high_120d,120日高値接近度,業種,情報・通信業,3d,3営業日,61,0.07695927874545139,0.0584244554498818,0.5737704918032787,評価可能
v7,distance_high_120d,120日高値接近度,業種,情報・通信業,5d,5営業日,59,0.12756992814683774,0.11755777456108259,0.6271186440677966,評価可能
v7,distance_high_120d,120日高値接近度,業種,情報・通信業,10d,10営業日,54,0.07276106190255192,0.02690497701229074,0.5555555555555556,評価可能
v7,distance_high_120d,120日高値接近度,業種,機械,1d,1営業日,38,0.023507745936295166,0.1952312249824404,0.5789473684210527,評価可能
v7,distance_high_120d,120日高値接近度,業種,機械,3d,3営業日,36,0.09240163012370162,0.1978021978021978,0.6388888888888888,評価可能
v7,distance_high_120d,120日高値接近度,業種,機械,5d,5営業日,36,0.06438731207664745,0.0,0.4722222222222222,評価可能
v7,distance_high_120d,120日高値接近度,業種,機械,10d,10営業日,33,0.11110447998733718,0.3,0.5454545454545454,評価可能
v7,distance_high_120d,120日高値接近度,業種,海運業,1d,1営業日,13,0.1351479119118897,0.39999999999999997,0.6153846153846154,サンプル不足
v7,distance_high_120d,120日高値接近度,業種,海運業,3d,3営業日,13,-0.055627306811401676,0.0,0.46153846153846156,サンプル不足
v7,distance_high_120d,120日高値接近度,業種,海運業,5d,5営業日,12,0.24501642926440373,0.5,0.6666666666666666,サンプル不足
v7,distance_high_120d,120日高値接近度,業種,海運業,10d,10営業日,11,0.17219846598012245,0.5,0.5454545454545454,サンプル不足
v7,distance_high_120d,120日高値接近度,業種,石油・石炭製品,1d,1営業日,2,-0.06698729810778065,-0.06698729810778065,0.5,サンプル不足
v7,distance_high_120d,120日高値接近度,業種,石油・石炭製品,3d,3営業日,1,-0.5,-0.5,0.0,サンプル不足
v7,distance_high_120d,120日高値接近度,業種,石油・石炭製品,5d,5営業日,0,,,,サンプル不足
v7,distance_high_120d,120日高値接近度,業種,石油・石炭製品,10d,10営業日,0,,,,サンプル不足
v7,distance_high_120d,120日高値接近度,業種,空運業,1d,1営業日,0,,,,サンプル不足
v7,distance_high_120d,120日高値接近度,業種,空運業,3d,3営業日,0,,,,サンプル不足
v7,distance_high_120d,120日高値接近度,業種,空運業,5d,5営業日,0,,,,サンプル不足
v7,distance_high_120d,120日高値接近度,業種,空運業,10d,10営業日,0,,,,サンプル不足
v7,distance_high_120d,120日高値接近度,業種,精密機器,1d,1営業日,21,-0.2371193394289219,-0.5,0.2857142857142857,サンプル不足
v7,distance_high_120d,120日高値接近度,業種,精密機器,3d,3営業日,21,-0.20077916322404735,-0.028988551782622423,0.2857142857142857,サンプル不足
v7,distance_high_120d,120日高値接近度,業種,精密機器,5d,5営業日,21,-0.08938031100604753,0.0,0.42857142857142855,サンプル不足
v7,distance_high_120d,120日高値接近度,業種,精密機器,10d,10営業日,21,-0.09677079239399913,-0.39999999999999997,0.42857142857142855,サンプル不足
v7,distance_high_120d,120日高値接近度,業種,繊維製品,1d,1営業日,1,-0.632455532033676,-0.632455532033676,0.0,サンプル不足
v7,distance_high_120d,120日高値接近度,業種,繊維製品,3d,3営業日,0,,,,サンプル不足
v7,distance_high_120d,120日高値接近度,業種,繊維製品,5d,5営業日,0,,,,サンプル不足
v7,distance_high_120d,120日高値接近度,業種,繊維製品,10d,10営業日,0,,,,サンプル不足
v7,distance_high_120d,120日高値接近度,業種,証券、商品先物取引業,1d,1営業日,26,0.16414646225105073,0.302704627669473,0.5384615384615384,サンプル不足
v7,distance_high_120d,120日高値接近度,業種,証券、商品先物取引業,3d,3営業日,25,0.024187461973314218,0.0,0.48,サンプル不足
v7,distance_high_120d,120日高値接近度,業種,証券、商品先物取引業,5d,5営業日,24,-0.007681215569713133,-0.12909944487358055,0.4583333333333333,サンプル不足
v7,distance_high_120d,120日高値接近度,業種,証券、商品先物取引業,10d,10営業日,21,0.06445275197042859,0.0,0.42857142857142855,サンプル不足
v7,distance_high_120d,120日高値接近度,業種,輸送用機器,1d,1営業日,34,0.1874533358668972,0.2571428571428571,0.6470588235294118,評価可能
v7,distance_high_120d,120日高値接近度,業種,輸送用機器,3d,3営業日,34,0.10217710175303546,0.18333333333333335,0.5294117647058824,評価可能
v7,distance_high_120d,120日高値接近度,業種,輸送用機器,5d,5営業日,34,0.13871038634489216,0.37857142857142856,0.6176470588235294,評価可能
v7,distance_high_120d,120日高値接近度,業種,輸送用機器,10d,10営業日,33,0.18109378641992577,0.4523809523809524,0.6363636363636364,評価可能
v7,distance_high_120d,120日高値接近度,業種,金属製品,1d,1営業日,17,-0.2656079180957935,-0.5,0.29411764705882354,サンプル不足
v7,distance_high_120d,120日高値接近度,業種,金属製品,3d,3営業日,17,-0.02268152860107652,-0.19999999999999998,0.47058823529411764,サンプル不足
v7,distance_high_120d,120日高値接近度,業種,金属製品,5d,5営業日,16,0.12580581497498067,0.10625592962581036,0.5,サンプル不足
v7,distance_high_120d,120日高値接近度,業種,金属製品,10d,10営業日,15,0.01065586104051525,0.16903085094570333,0.5333333333333333,サンプル不足
v7,distance_high_120d,120日高値接近度,業種,鉄鋼,1d,1営業日,10,0.02365724314240767,0.051298917604257706,0.5,サンプル不足
v7,distance_high_120d,120日高値接近度,業種,鉄鋼,3d,3営業日,10,0.3205195670417031,0.5,0.7,サンプル不足
v7,distance_high_120d,120日高値接近度,業種,鉄鋼,5d,5営業日,10,0.526169025843832,0.5,0.8,サンプル不足
v7,distance_high_120d,120日高値接近度,業種,鉄鋼,10d,10営業日,8,0.1551134470962745,0.12045378838509807,0.5,サンプル不足
v7,distance_high_120d,120日高値接近度,業種,鉱業,1d,1営業日,1,-0.5,-0.5,0.0,サンプル不足
v7,distance_high_120d,120日高値接近度,業種,鉱業,3d,3営業日,1,-1.0,-1.0,0.0,サンプル不足
v7,distance_high_120d,120日高値接近度,業種,鉱業,5d,5営業日,1,-1.0,-1.0,0.0,サンプル不足
v7,distance_high_120d,120日高値接近度,業種,鉱業,10d,10営業日,1,-1.0,-1.0,0.0,サンプル不足
v7,distance_high_120d,120日高値接近度,業種,銀行業,1d,1営業日,54,0.032335636519937344,0.10430492733080526,0.5370370370370371,評価可能
v7,distance_high_120d,120日高値接近度,業種,銀行業,3d,3営業日,52,-0.02894226495719585,-0.125484819190305,0.36538461538461536,評価可能
v7,distance_high_120d,120日高値接近度,業種,銀行業,5d,5営業日,50,0.019443139879525412,0.014153462926807445,0.5,評価可能
v7,distance_high_120d,120日高値接近度,業種,銀行業,10d,10営業日,45,-0.07474982277247913,-0.06978631577988531,0.37777777777777777,評価可能
v7,distance_high_120d,120日高値接近度,業種,陸運業,1d,1営業日,1,-0.5,-0.5,0.0,サンプル不足
v7,distance_high_120d,120日高値接近度,業種,陸運業,3d,3営業日,1,-0.5,-0.5,0.0,サンプル不足
v7,distance_high_120d,120日高値接近度,業種,陸運業,5d,5営業日,1,-1.0,-1.0,0.0,サンプル不足
v7,distance_high_120d,120日高値接近度,業種,陸運業,10d,10営業日,1,-1.0,-1.0,0.0,サンプル不足
v7,distance_high_120d,120日高値接近度,業種,電気・ガス業,1d,1営業日,6,0.05128238298847965,0.05000000000000002,0.5,サンプル不足
v7,distance_high_120d,120日高値接近度,業種,電気・ガス業,3d,3営業日,5,0.22570861724862978,0.19999999999999998,0.6,サンプル不足
v7,distance_high_120d,120日高値接近度,業種,電気・ガス業,5d,5営業日,4,0.36199430684207534,0.44999999999999996,0.75,サンプル不足
v7,distance_high_120d,120日高値接近度,業種,電気・ガス業,10d,10営業日,3,0.13893441434962467,0.39999999999999997,0.6666666666666666,サンプル不足
v7,distance_high_120d,120日高値接近度,業種,電気機器,1d,1営業日,63,0.058090125997803894,0.021978021978021976,0.5238095238095238,評価可能
v7,distance_high_120d,120日高値接近度,業種,電気機器,3d,3営業日,61,0.07856266177210305,0.06780635036208103,0.5245901639344263,評価可能
v7,distance_high_120d,120日高値接近度,業種,電気機器,5d,5営業日,59,0.0515739518941139,0.040692929447891504,0.559322033898305,評価可能
v7,distance_high_120d,120日高値接近度,業種,電気機器,10d,10営業日,54,0.04819750392066588,0.0863399705310765,0.5370370370370371,評価可能
v7,distance_high_120d,120日高値接近度,業種,非鉄金属,1d,1営業日,14,-0.09285714285714282,-0.3,0.42857142857142855,サンプル不足
v7,distance_high_120d,120日高値接近度,業種,非鉄金属,3d,3営業日,14,-0.042857142857142864,0.15,0.5,サンプル不足
v7,distance_high_120d,120日高値接近度,業種,非鉄金属,5d,5営業日,14,-0.028571428571428564,0.19999999999999998,0.5,サンプル不足
v7,distance_high_120d,120日高値接近度,業種,非鉄金属,10d,10営業日,13,0.030769230769230795,0.39999999999999997,0.6153846153846154,サンプル不足
v7,distance_high_120d,120日高値接近度,業種,食料品,1d,1営業日,26,0.05236725071850687,-0.05555589852284023,0.4230769230769231,サンプル不足
v7,distance_high_120d,120日高値接近度,業種,食料品,3d,3営業日,26,-0.21501199527348996,-0.2790994448735805,0.3076923076923077,サンプル不足
v7,distance_high_120d,120日高値接近度,業種,食料品,5d,5営業日,26,-0.08029931331261905,-0.1,0.4230769230769231,サンプル不足
v7,distance_high_120d,120日高値接近度,業種,食料品,10d,10営業日,25,-0.021567284354304838,0.0,0.48,サンプル不足
v7,volatility_20d,20日変動率,全体,全体,1d,1営業日,63,0.04803359608587946,0.02561663851388221,0.5555555555555556,評価可能
v7,volatility_20d,20日変動率,全体,全体,3d,3営業日,61,0.12116345622468215,0.13464786873108528,0.7377049180327869,評価可能
v7,volatility_20d,20日変動率,全体,全体,5d,5営業日,59,0.1873622928472148,0.15072488119754754,0.7966101694915254,評価可能
v7,volatility_20d,20日変動率,全体,全体,10d,10営業日,54,0.22523283622755955,0.1738913891389139,0.8148148148148148,評価可能
v7,volatility_20d,20日変動率,業種,その他製品,1d,1営業日,21,0.09659863945578233,0.39999999999999997,0.6190476190476191,サンプル不足
v7,volatility_20d,20日変動率,業種,その他製品,3d,3営業日,21,0.1414965986394558,0.39999999999999997,0.6190476190476191,サンプル不足
v7,volatility_20d,20日変動率,業種,その他製品,5d,5営業日,21,0.09863945578231291,0.39999999999999997,0.5714285714285714,サンプル不足
v7,volatility_20d,20日変動率,業種,その他製品,10d,10営業日,18,0.03492063492063487,0.09999999999999999,0.5,サンプル不足
v7,volatility_20d,20日変動率,業種,その他金融業,1d,1営業日,2,0.0,0.0,0.5,サンプル不足
v7,volatility_20d,20日変動率,業種,その他金融業,3d,3営業日,2,-0.75,-0.75,0.0,サンプル不足
v7,volatility_20d,20日変動率,業種,その他金融業,5d,5営業日,2,-0.75,-0.75,0.0,サンプル不足
v7,volatility_20d,20日変動率,業種,その他金融業,10d,10営業日,2,-0.75,-0.75,0.0,サンプル不足
v7,volatility_20d,20日変動率,業種,ガラス・土石製品,1d,1営業日,3,0.5,0.5,1.0,サンプル不足
v7,volatility_20d,20日変動率,業種,ガラス・土石製品,3d,3営業日,3,1.0,1.0,1.0,サンプル不足
v7,volatility_20d,20日変動率,業種,ガラス・土石製品,5d,5営業日,3,0.8333333333333334,1.0,1.0,サンプル不足
v7,volatility_20d,20日変動率,業種,ガラス・土石製品,10d,10営業日,2,1.0,1.0,1.0,サンプル不足
v7,volatility_20d,20日変動率,業種,ゴム製品,1d,1営業日,1,0.7999999999999999,0.7999999999999999,1.0,サンプル不足
v7,volatility_20d,20日変動率,業種,ゴム製品,3d,3営業日,1,1.0,1.0,1.0,サンプル不足
v7,volatility_20d,20日変動率,業種,ゴム製品,5d,5営業日,1,0.7999999999999999,0.7999999999999999,1.0,サンプル不足
v7,volatility_20d,20日変動率,業種,ゴム製品,10d,10営業日,1,0.7999999999999999,0.7999999999999999,1.0,サンプル不足
v7,volatility_20d,20日変動率,業種,サービス業,1d,1営業日,63,-0.06609983942281031,-0.03571428571428572,0.4444444444444444,評価可能
v7,volatility_20d,20日変動率,業種,サービス業,3d,3営業日,61,0.02434318291294386,0.034055727554179564,0.5245901639344263,評価可能
v7,volatility_20d,20日変動率,業種,サービス業,5d,5営業日,59,0.03643066937764551,0.055944055944055944,0.5254237288135594,評価可能
v7,volatility_20d,20日変動率,業種,サービス業,10d,10営業日,54,0.05693397382185436,0.06293706293706294,0.5555555555555556,評価可能
v7,volatility_20d,20日変動率,業種,パルプ・紙,1d,1営業日,0,,,,サンプル不足
v7,volatility_20d,20日変動率,業種,パルプ・紙,3d,3営業日,0,,,,サンプル不足
v7,volatility_20d,20日変動率,業種,パルプ・紙,5d,5営業日,0,,,,サンプル不足
v7,volatility_20d,20日変動率,業種,パルプ・紙,10d,10営業日,0,,,,サンプル不足
v7,volatility_20d,20日変動率,業種,不動産業,1d,1営業日,11,0.10714332396055738,0.5,0.5454545454545454,サンプル不足
v7,volatility_20d,20日変動率,業種,不動産業,3d,3営業日,11,0.07272727272727272,0.5,0.5454545454545454,サンプル不足
v7,volatility_20d,20日変動率,業種,不動産業,5d,5営業日,10,0.22999999999999998,0.5,0.6,サンプル不足
v7,volatility_20d,20日変動率,業種,不動産業,10d,10営業日,7,0.19999999999999998,0.5,0.5714285714285714,サンプル不足
v7,volatility_20d,20日変動率,業種,保険業,1d,1営業日,23,0.08260869565217395,0.0,0.4782608695652174,サンプル不足
v7,volatility_20d,20日変動率,業種,保険業,3d,3営業日,22,-0.03181818181818181,-0.09999999999999999,0.45454545454545453,サンプル不足
v7,volatility_20d,20日変動率,業種,保険業,5d,5営業日,20,-0.08,-0.35,0.45,サンプル不足
v7,volatility_20d,20日変動率,業種,保険業,10d,10営業日,18,-0.06666666666666668,-0.19999999999999998,0.3888888888888889,サンプル不足
v7,volatility_20d,20日変動率,業種,倉庫・運輸関連業,1d,1営業日,1,1.0,1.0,1.0,サンプル不足
v7,volatility_20d,20日変動率,業種,倉庫・運輸関連業,3d,3営業日,1,1.0,1.0,1.0,サンプル不足
v7,volatility_20d,20日変動率,業種,倉庫・運輸関連業,5d,5営業日,1,-1.0,-1.0,0.0,サンプル不足
v7,volatility_20d,20日変動率,業種,倉庫・運輸関連業,10d,10営業日,1,-0.5,-0.5,0.0,サンプル不足
v7,volatility_20d,20日変動率,業種,化学,1d,1営業日,57,0.020622798254377208,0.10714285714285716,0.5964912280701754,評価可能
v7,volatility_20d,20日変動率,業種,化学,3d,3営業日,55,0.05908788181515454,0.09999999999999999,0.5818181818181818,評価可能
v7,volatility_20d,20日変動率,業種,化学,5d,5営業日,55,0.11430811612629795,0.2142857142857143,0.6,評価可能
v7,volatility_20d,20日変動率,業種,化学,10d,10営業日,50,0.10288694638694641,0.12142857142857144,0.58,評価可能
v7,volatility_20d,20日変動率,業種,医薬品,1d,1営業日,22,0.19523809523809518,0.35,0.5909090909090909,サンプル不足
v7,volatility_20d,20日変動率,業種,医薬品,3d,3営業日,20,0.039285714285714264,0.09999999999999999,0.5,サンプル不足
v7,volatility_20d,20日変動率,業種,医薬品,5d,5営業日,18,0.12129300566223529,0.39999999999999997,0.6111111111111112,サンプル不足
v7,volatility_20d,20日変動率,業種,医薬品,10d,10営業日,14,0.0040816326530612335,-0.17142857142857143,0.42857142857142855,サンプル不足
v7,volatility_20d,20日変動率,業種,卸売業,1d,1営業日,59,-0.050073090751056856,0.0,0.4406779661016949,評価可能
v7,volatility_20d,20日変動率,業種,卸売業,3d,3営業日,57,0.04729451834714993,-0.08571428571428573,0.43859649122807015,評価可能
v7,volatility_20d,20日変動率,業種,卸売業,5d,5営業日,55,0.03383434747071113,-0.028571428571428574,0.4727272727272727,評価可能
v7,volatility_20d,20日変動率,業種,卸売業,10d,10営業日,50,0.042051282051282064,0.06666666666666668,0.52,評価可能
v7,volatility_20d,20日変動率,業種,小売業,1d,1営業日,55,0.014414944495155,0.0,0.4727272727272727,評価可能
v7,volatility_20d,20日変動率,業種,小売業,3d,3営業日,54,0.12304192720859389,0.13392857142857145,0.5925925925925926,評価可能
v7,volatility_20d,20日変動率,業種,小売業,5d,5営業日,52,0.09350907388237704,0.053571428571428575,0.5576923076923077,評価可能
v7,volatility_20d,20日変動率,業種,小売業,10d,10営業日,47,0.06975742238570774,0.08571428571428573,0.5106382978723404,評価可能
v7,volatility_20d,20日変動率,業種,建設業,1d,1営業日,12,0.13333333333333333,0.44999999999999996,0.6666666666666666,サンプル不足
v7,volatility_20d,20日変動率,業種,建設業,3d,3営業日,11,0.22727272727272727,0.5,0.6363636363636364,サンプル不足
v7,volatility_20d,20日変動率,業種,建設業,5d,5営業日,11,0.24545454545454543,0.5,0.7272727272727273,サンプル不足
v7,volatility_20d,20日変動率,業種,建設業,10d,10営業日,9,0.3333333333333333,0.5,0.6666666666666666,サンプル不足
v7,volatility_20d,20日変動率,業種,情報・通信業,1d,1営業日,63,0.053645751015103035,0.0823529411764706,0.6190476190476191,評価可能
v7,volatility_20d,20日変動率,業種,情報・通信業,3d,3営業日,61,0.15296572822723817,0.16615067079463364,0.6557377049180327,評価可能
v7,volatility_20d,20日変動率,業種,情報・通信業,5d,5営業日,59,0.21184210883290758,0.19230769230769232,0.7627118644067796,評価可能
v7,volatility_20d,20日変動率,業種,情報・通信業,10d,10営業日,54,0.19062095833330203,0.13383458646616542,0.7037037037037037,評価可能
v7,volatility_20d,20日変動率,業種,機械,1d,1営業日,40,0.1220789627039627,0.25274725274725274,0.575,評価可能
v7,volatility_20d,20日変動率,業種,機械,3d,3営業日,38,-0.0025200676516465934,-0.049999999999999996,0.42105263157894735,評価可能
v7,volatility_20d,20日変動率,業種,機械,5d,5営業日,38,0.1406065425802268,0.3,0.5789473684210527,評価可能
v7,volatility_20d,20日変動率,業種,機械,10d,10営業日,35,0.308900147471576,0.39999999999999997,0.7142857142857143,評価可能
v7,volatility_20d,20日変動率,業種,海運業,1d,1営業日,13,0.023076923076923054,-0.09999999999999999,0.46153846153846156,サンプル不足
v7,volatility_20d,20日変動率,業種,海運業,3d,3営業日,13,-0.10769230769230768,-0.39999999999999997,0.38461538461538464,サンプル不足
v7,volatility_20d,20日変動率,業種,海運業,5d,5営業日,12,0.041666666666666664,0.0,0.5,サンプル不足
v7,volatility_20d,20日変動率,業種,海運業,10d,10営業日,11,-0.09090909090909091,-0.5,0.45454545454545453,サンプル不足
v7,volatility_20d,20日変動率,業種,石油・石炭製品,1d,1営業日,2,-0.5,-0.5,0.0,サンプル不足
v7,volatility_20d,20日変動率,業種,石油・石炭製品,3d,3営業日,1,-1.0,-1.0,0.0,サンプル不足
v7,volatility_20d,20日変動率,業種,石油・石炭製品,5d,5営業日,0,,,,サンプル不足
v7,volatility_20d,20日変動率,業種,石油・石炭製品,10d,10営業日,0,,,,サンプル不足
v7,volatility_20d,20日変動率,業種,空運業,1d,1営業日,0,,,,サンプル不足
v7,volatility_20d,20日変動率,業種,空運業,3d,3営業日,0,,,,サンプル不足
v7,volatility_20d,20日変動率,業種,空運業,5d,5営業日,0,,,,サンプル不足
v7,volatility_20d,20日変動率,業種,空運業,10d,10営業日,0,,,,サンプル不足
v7,volatility_20d,20日変動率,業種,精密機器,1d,1営業日,23,-0.3236024844720497,-0.5,0.30434782608695654,サンプル不足
v7,volatility_20d,20日変動率,業種,精密機器,3d,3営業日,23,-0.17142857142857143,-0.5,0.391304347826087,サンプル不足
v7,volatility_20d,20日変動率,業種,精密機器,5d,5営業日,23,-0.09503105590062112,-0.5,0.391304347826087,サンプル不足
v7,volatility_20d,20日変動率,業種,精密機器,10d,10営業日,23,-0.2565217391304348,-0.5,0.2608695652173913,サンプル不足
v7,volatility_20d,20日変動率,業種,繊維製品,1d,1営業日,1,0.39999999999999997,0.39999999999999997,1.0,サンプル不足
v7,volatility_20d,20日変動率,業種,繊維製品,3d,3営業日,0,,,,サンプル不足
v7,volatility_20d,20日変動率,業種,繊維製品,5d,5営業日,0,,,,サンプル不足
v7,volatility_20d,20日変動率,業種,繊維製品,10d,10営業日,0,,,,サンプル不足
v7,volatility_20d,20日変動率,業種,証券、商品先物取引業,1d,1営業日,27,0.05661375661375662,0.19999999999999998,0.5185185185185185,サンプル不足
v7,volatility_20d,20日変動率,業種,証券、商品先物取引業,3d,3営業日,26,0.18598901098901097,0.3,0.5769230769230769,サンプル不足
v7,volatility_20d,20日変動率,業種,証券、商品先物取引業,5d,5営業日,25,0.13142857142857142,0.19999999999999998,0.52,サンプル不足
v7,volatility_20d,20日変動率,業種,証券、商品先物取引業,10d,10営業日,22,0.30974025974025976,0.5,0.7272727272727273,サンプル不足
v7,volatility_20d,20日変動率,業種,輸送用機器,1d,1営業日,35,-0.026122448979591845,0.0,0.4857142857142857,評価可能
v7,volatility_20d,20日変動率,業種,輸送用機器,3d,3営業日,35,0.0035374149659863916,0.023809523809523815,0.5142857142857142,評価可能
v7,volatility_20d,20日変動率,業種,輸送用機器,5d,5営業日,35,0.13170068027210885,0.19999999999999998,0.6,評価可能
v7,volatility_20d,20日変動率,業種,輸送用機器,10d,10営業日,34,0.25518207282913163,0.44999999999999996,0.7058823529411765,評価可能
v7,volatility_20d,20日変動率,業種,金属製品,1d,1営業日,20,-0.08142857142857143,-0.12142857142857144,0.35,サンプル不足
v7,volatility_20d,20日変動率,業種,金属製品,3d,3営業日,20,0.19857142857142862,0.3,0.55,サンプル不足
v7,volatility_20d,20日変動率,業種,金属製品,5d,5営業日,19,0.27593984962406015,0.3142857142857143,0.7368421052631579,サンプル不足
v7,volatility_20d,20日変動率,業種,金属製品,10d,10営業日,18,0.29497354497354494,0.44999999999999996,0.6666666666666666,サンプル不足
v7,volatility_20d,20日変動率,業種,鉄鋼,1d,1営業日,10,0.19,0.44999999999999996,0.6,サンプル不足
v7,volatility_20d,20日変動率,業種,鉄鋼,3d,3営業日,10,0.27999999999999997,0.5,0.7,サンプル不足
v7,volatility_20d,20日変動率,業種,鉄鋼,5d,5営業日,10,0.35,0.5,0.8,サンプル不足
v7,volatility_20d,20日変動率,業種,鉄鋼,10d,10営業日,8,0.38749999999999996,0.6499999999999999,0.75,サンプル不足
v7,volatility_20d,20日変動率,業種,鉱業,1d,1営業日,1,0.5,0.5,1.0,サンプル不足
v7,volatility_20d,20日変動率,業種,鉱業,3d,3営業日,1,1.0,1.0,1.0,サンプル不足
v7,volatility_20d,20日変動率,業種,鉱業,5d,5営業日,1,1.0,1.0,1.0,サンプル不足
v7,volatility_20d,20日変動率,業種,鉱業,10d,10営業日,1,1.0,1.0,1.0,サンプル不足
v7,volatility_20d,20日変動率,業種,銀行業,1d,1営業日,55,0.020501209849819776,0.0,0.4909090909090909,評価可能
v7,volatility_20d,20日変動率,業種,銀行業,3d,3営業日,53,0.015772612075217168,0.028571428571428574,0.5471698113207547,評価可能
v7,volatility_20d,20日変動率,業種,銀行業,5d,5営業日,51,0.0934955509695994,0.17575757575757575,0.5686274509803921,評価可能
v7,volatility_20d,20日変動率,業種,銀行業,10d,10営業日,46,0.15393583398698493,0.1637529137529138,0.6086956521739131,評価可能
v7,volatility_20d,20日変動率,業種,陸運業,1d,1営業日,1,1.0,1.0,1.0,サンプル不足
v7,volatility_20d,20日変動率,業種,陸運業,3d,3営業日,1,1.0,1.0,1.0,サンプル不足
v7,volatility_20d,20日変動率,業種,陸運業,5d,5営業日,1,0.5,0.5,1.0,サンプル不足
v7,volatility_20d,20日変動率,業種,陸運業,10d,10営業日,1,0.5,0.5,1.0,サンプル不足
v7,volatility_20d,20日変動率,業種,電気・ガス業,1d,1営業日,7,0.1714285714285714,0.39999999999999997,0.5714285714285714,サンプル不足
v7,volatility_20d,20日変動率,業種,電気・ガス業,3d,3営業日,6,0.38095238095238093,0.44999999999999996,0.8333333333333334,サンプル不足
v7,volatility_20d,20日変動率,業種,電気・ガス業,5d,5営業日,5,0.3142857142857143,0.5,0.8,サンプル不足
v7,volatility_20d,20日変動率,業種,電気・ガス業,10d,10営業日,4,0.36190476190476195,0.5738095238095239,0.75,サンプル不足
v7,volatility_20d,20日変動率,業種,電気機器,1d,1営業日,63,0.050543499889585515,0.016666666666666666,0.5396825396825397,評価可能
v7,volatility_20d,20日変動率,業種,電気機器,3d,3営業日,61,0.15800201386703905,0.22142857142857136,0.6721311475409836,評価可能
v7,volatility_20d,20日変動率,業種,電気機器,5d,5営業日,59,0.23170733460358847,0.3,0.7627118644067796,評価可能
v7,volatility_20d,20日変動率,業種,電気機器,10d,10営業日,54,0.15913818974482782,0.2233169129720854,0.6296296296296297,評価可能
v7,volatility_20d,20日変動率,業種,非鉄金属,1d,1営業日,14,0.042857142857142864,-0.24999999999999997,0.42857142857142855,サンプル不足
v7,volatility_20d,20日変動率,業種,非鉄金属,3d,3営業日,14,0.07857142857142858,0.4,0.6428571428571429,サンプル不足
v7,volatility_20d,20日変動率,業種,非鉄金属,5d,5営業日,14,0.0857142857142857,0.2,0.5,サンプル不足
v7,volatility_20d,20日変動率,業種,非鉄金属,10d,10営業日,13,0.13076923076923072,0.3,0.5384615384615384,サンプル不足
v7,volatility_20d,20日変動率,業種,食料品,1d,1営業日,27,-0.0045448378781712115,0.0,0.4444444444444444,サンプル不足
v7,volatility_20d,20日変動率,業種,食料品,3d,3営業日,27,-0.1167548500881834,-0.09999999999999999,0.48148148148148145,サンプル不足
v7,volatility_20d,20日変動率,業種,食料品,5d,5営業日,27,-0.03934337267670599,-0.02417582417582418,0.48148148148148145,サンプル不足
v7,volatility_20d,20日変動率,業種,食料品,10d,10営業日,26,0.12056917441532826,0.39999999999999997,0.5769230769230769,サンプル不足
