liquidity_rank,code,name,industry,market,ticker,trade_date,close,return_1d,return_5d,return_20d,return_60d,return_120d,ma20,ma60,distance_ma20,distance_ma60,distance_high_120d,volatility_20d,latest_volume,avg_volume_20d,volume_ratio_20d,avg_turnover_20d,history_days,in_yahoo_pool,universe_source,universe_label
1,285A,キオクシアホールディングス,電気機器,プライム,285A.T,2026-10-02,19300.0,0.010471204188481575,0.03800641758056145,-0.6215686274509804,-0.7683073229291717,-0.1535087719298246,32899.41669921875,48569.30556640625,-0.41336345940570096,-0.6026296901936938,-0.8224471021159154,2.499574461010562,41082900.0,51645525.0,0.7954784078581832,1369476979588.7598,317,True,jpx_liquidity,JPX流動性
2,9984,ソフトバンクグループ,情報・通信業,プライム,9984.T,2026-10-02,6310.0,-0.0583495000746157,0.02692078404298237,0.1991638160395286,0.022856216566704557,0.7297149122807018,6173.877172851562,5758.309057617187,0.022048191652890736,0.09580780344761575,-0.26899907321594063,0.8980763034282793,59835800.0,69590910.0,0.8598220658416451,446493509150.0,317,True,jpx_liquidity,JPX流動性
3,6857,アドバンテスト,電気機器,プライム,6857.T,2026-10-02,38630.0,0.027120446689710143,0.13617647058823534,0.15727980826842414,0.31640824672005463,0.761513907888737,33205.0,32320.75,0.16337900918536374,0.19520741319431023,0.0,0.57249386320177,16856700.0,9811470.0,1.718060596424389,348019479150.0,317,True,jpx_liquidity,JPX流動性
4,6976,太陽誘電,電気機器,プライム,6976.T,2026-10-02,10095.0,-0.0004950495049504955,0.10755531117689854,0.0874717225035011,-0.5089980544747081,1.219169048142449,9230.82138671875,10467.173795572917,0.09361882080446549,-0.035556283180310566,-0.5544030015449128,0.6736405539355576,35239300.0,27876835.0,1.2641069188808558,265638644350.0,317,True,jpx_liquidity,JPX流動性
5,5803,フジクラ,非鉄金属,プライム,5803.T,2026-10-02,5598.0,0.042846497764530644,0.12706360450046694,0.05662514156285381,0.044792833146696465,0.2169565217391305,5056.20546875,5020.018489583334,0.107154373887409,0.11513533498252904,-0.28733290897517505,0.5576197496113887,54641800.0,34646490.0,1.577123685545058,179788657970.0,317,True,jpx_liquidity,JPX流動性
6,8035,東京エレクトロン,電気機器,プライム,8035.T,2026-10-02,12100.0,-0.038155802861685184,0.10819705737118213,-0.7799199708985085,-0.8346994535519126,-0.6846494657284337,27695.783740234376,49668.59458007813,-0.563110395665676,-0.7563852953299939,-0.8464467005076142,2.844536978571421,19102700.0,10216360.0,1.869814689380562,174114037225.0,317,True,jpx_liquidity,JPX流動性
7,4062,イビデン,電気機器,プライム,4062.T,2026-10-02,12100.0,0.008753647353063831,0.03802030868504236,-0.4110489170114383,-0.48168772756478906,0.414542903904606,14634.92998046875,17375.72666015625,-0.1732109401173615,-0.30362624616177114,-0.5421002838221382,1.9818773615223455,11475100.0,12625585.0,0.9088766975946065,171744235250.0,317,True,jpx_liquidity,JPX流動性
8,6981,村田製作所,電気機器,プライム,6981.T,2026-10-02,8467.0,-0.005403500528603278,0.060108157782859495,0.1614540466392318,-0.2358303249097473,1.224060940372997,7574.457202148437,7787.785734049479,0.11783587576392929,0.08721532527286735,-0.3088163265306122,0.6185072136871638,18850400.0,21088285.0,0.893880180393996,160402141095.0,317,True,jpx_liquidity,JPX流動性
9,8306,三菱ＵＦＪフィナンシャル・グループ,銀行業,プライム,8306.T,2026-10-02,3544.0,-0.01171221416620194,-0.03330259785595735,-0.042162162162162176,0.06554419723391458,0.2693409742120343,3639.31376953125,3600.6212565104165,-0.026190038992852882,-0.015725413054216042,-0.06712292708607526,0.2740807520817765,37659600.0,43567495.0,0.8643967251272996,158892926585.0,317,True,jpx_liquidity,JPX流動性
10,6920,レーザーテック,電気機器,プライム,6920.T,2026-10-02,46130.0,0.009188361408882129,0.1275971645074554,0.3944981862152357,-0.03189926547743971,0.23144687666844632,37571.0,39213.333333333336,0.2278086822283143,0.1763855831349881,-0.19442560373842055,0.6012051084939772,6802900.0,3639845.0,1.8690081583144338,148262682300.0,317,True,jpx_liquidity,JPX流動性
11,8316,三井住友フィナンシャルグループ,銀行業,プライム,8316.T,2026-10-02,3321.0,-0.018326928761454364,-0.014661196560691536,-0.526180624910829,-0.502248201438849,-0.3825989960959286,4781.652209472656,6154.384069824218,-0.30547019011107546,-0.46038466850268345,-0.5396451344607707,1.7093563480520177,24496000.0,20295075.0,1.206992336810778,89159478980.0,317,True,jpx_liquidity,JPX流動性
12,5801,古河電気工業,非鉄金属,プライム,5801.T,2026-10-02,4429.0,0.07682956479455383,0.1609799003593555,0.14800414722654232,0.10725000000000007,-0.8812600536193029,3863.8609375,3739.9036458333335,0.14626278524031378,0.18425510906795584,-0.9263551712670436,0.7280008850668641,41385900.0,20692005.0,2.0000913396261017,85028653410.0,317,True,jpx_liquidity,JPX流動性
13,8411,みずほフィナンシャルグループ,銀行業,プライム,8411.T,2026-10-02,8446.0,-0.019161537568226694,-0.012449567433767683,-0.028860526618374127,0.04555583065115121,0.30440154440154443,8578.663818359375,8429.421272786458,-0.015464391794379306,0.0019667693281701926,-0.046188594014681006,0.31996546360839917,7876200.0,9497960.0,0.8292517551137297,81872589845.0,317,True,jpx_liquidity,JPX流動性
14,6146,ディスコ,機械,プライム,6146.T,2026-10-02,60290.0,-0.002481800132362655,0.11545760694628604,0.06538257642693046,-0.21282151716934328,-0.0998805613616005,54292.5900390625,60552.1966796875,0.11046461324874124,-0.004330093606256469,-0.3186030741410488,0.4284069408001475,1582400.0,1446400.0,1.0940265486725664,80184881250.0,317,False,jpx_liquidity,JPX流動性
15,6525,ＫＯＫＵＳＡＩ　ＥＬＥＣＴＲＩＣ,電気機器,プライム,6525.T,2026-10-02,10050.0,-0.00691699604743079,0.08442982502357221,0.17420259376095348,-0.16249999999999998,1.013624524143458,8827.96455078125,8828.421516927083,0.13842777031887876,0.13836884438863017,-0.16249999999999998,0.564481300381067,5483500.0,9065810.0,0.6048549440149308,79742255185.0,317,True,jpx_liquidity,JPX流動性
16,9983,ファーストリテイリング,小売業,プライム,9983.T,2026-10-02,71770.0,-0.013470790378006914,0.04590498396968812,0.007156890261015958,-0.1506508875739645,0.10194994626132359,68490.5,74758.96393229166,0.04788255305480327,-0.03998134504644468,-0.18350398179749716,0.2461054604268642,1188700.0,1111505.0,1.0694508796631594,77822038850.0,317,False,jpx_liquidity,JPX流動性
17,7203,トヨタ自動車,輸送用機器,プライム,7203.T,2026-10-02,2856.5,-0.023418803418803424,-0.02821946802928177,-0.11917977181621953,0.010077793493635134,-0.12026485987064983,2976.835827636719,2986.336942545573,-0.040424072607407546,-0.043476990387728676,-0.15787146226415094,0.2249714659306208,30938400.0,25635250.0,1.206869447343014,77099538065.0,317,True,jpx_liquidity,JPX流動性
18,6098,リクルートホールディングス,サービス業,プライム,6098.T,2026-10-02,16685.0,-0.00417785735601317,0.022234478216436093,-0.046298942555015765,0.399748322147651,1.4041786743515852,16418.711962890626,14939.403987630209,0.01621857047685804,0.11684509059498893,-0.08399670601152898,0.4955362328558463,3204100.0,4559505.0,0.7027297919401339,74891541250.0,317,False,jpx_liquidity,JPX流動性
19,5016,ＪＸ金属,非鉄金属,プライム,5016.T,2026-10-02,3612.0,0.001941747572815622,0.01890308681502839,-0.059864653826132264,-0.11578947368421055,-0.020872865275142316,3624.4556884765625,3747.3352294921874,-0.0034365680110709507,-0.03611505808903226,-0.36853146853146856,0.3911221692408293,20011800.0,17813495.0,1.1234067205789768,65995867970.0,317,True,jpx_liquidity,JPX流動性
20,7974,任天堂,その他製品,プライム,7974.T,2026-10-02,7849.0,-0.011460957178841324,-0.0309876543209876,-0.13775678347797427,0.10053280987100388,-0.11300711944852526,8287.4,8028.5,-0.052899582498732944,-0.0223578501588092,-0.13775678347797427,0.3181636816768597,5995900.0,7654000.0,0.7833681735040502,62894973870.0,317,True,jpx_liquidity,JPX流動性
21,7011,三菱重工業,機械,プライム,7011.T,2026-10-02,3813.0,-0.007548152004164477,-0.018017296373138647,-0.011151452282157637,0.005537974683544222,-0.19472016895459343,3793.885986328125,3895.8453287760417,0.00503810966928242,-0.021265045653665382,-0.21381443298969072,0.31071594928366697,12722900.0,16090240.0,0.7907215802871803,60344289980.0,317,True,jpx_liquidity,JPX流動性
22,6501,日立製作所,電気機器,プライム,6501.T,2026-10-02,5522.0,0.0021778584392013745,0.0025583773049353553,-0.0034289839379173515,0.19653304442036834,0.17016317016317006,5367.187646484375,5242.529215494792,0.028844222284091448,0.05330838856924358,-0.042483093462805654,0.2477525874600843,11270600.0,9883970.0,1.140290794083754,54039434805.0,317,True,jpx_liquidity,JPX流動性
23,6758,ソニーグループ,電気機器,プライム,6758.T,2026-10-02,3753.0,-0.008978082915236385,0.016423810372671266,-0.0724172021749876,0.1103550295857989,0.14003645200486026,3731.100537109375,3675.783512369792,0.005869437897160212,0.021006810485535432,-0.0724172021749876,0.27434846651639716,12893600.0,14257715.0,0.9043244306678875,53020428180.0,317,True,jpx_liquidity,JPX流動性
24,8766,東京海上ホールディングス,保険業,プライム,8766.T,2026-10-02,507.3999938964844,-0.026103658548014663,0.2328726990251868,-0.9349987197160537,-0.9330959923659699,-0.9305692400251117,3240.5484725952147,6240.2494908650715,-0.8434215694696492,-0.9186891494259559,-0.9395448595381288,3.4508627757472854,130963200.0,59925720.0,2.185425556839367,51014598814.69574,317,True,jpx_liquidity,JPX流動性
25,6861,キーエンス,電気機器,プライム,6861.T,2026-10-02,80270.0,-0.011453201970443305,0.008417085427135707,-0.024428779776373366,-0.00037359900373601374,0.37613577918738206,77632.559765625,78974.519921875,0.03397337718010984,0.016403772753624146,-0.08430298882044263,0.26474800823189515,508600.0,585110.0,0.8692382628907385,46134168900.0,317,False,jpx_liquidity,JPX流動性
26,8001,伊藤忠商事,卸売業,プライム,8001.T,2026-10-02,2175.5,-0.012258796821793427,-0.0062344766794572015,0.012566907144519357,0.15197246491924798,0.0772468432780391,2241.286169433594,2083.6703898111978,-0.029351972242892543,0.04407108275753879,-0.07290478212838725,0.2758097742055214,12399000.0,19558885.0,0.6339318422292477,43922617105.0,317,True,jpx_liquidity,JPX流動性
27,8058,三菱商事,卸売業,プライム,8058.T,2026-10-02,4694.0,-0.005929690808979204,-0.021364169796000754,-0.05286521388216303,0.05317478124298858,-0.13154486586493985,4860.760913085937,4760.953637695313,-0.03430757366341364,-0.014063072819109346,-0.2019721183270996,0.3036476922922203,6967800.0,8603775.0,0.8098538141687806,41771571790.0,317,True,jpx_liquidity,JPX流動性
28,5802,住友電気工業,非鉄金属,プライム,5802.T,2026-10-02,2452.0,0.03503588011819336,0.11866160587557895,0.11000452693526475,-0.07957957957957962,-0.7430308111507022,2148.364373779297,2251.813124593099,0.1413333929414229,0.08890030581160002,-0.8244181883279628,0.5298020170548327,27748400.0,17881235.0,1.551816750912339,40409163485.0,317,True,jpx_liquidity,JPX流動性
29,4063,信越化学工業,化学,プライム,4063.T,2026-10-02,6030.0,0.0004977600796416404,0.027477406120082648,0.010388739946380676,-0.13337165852256394,-0.07557872144718691,5814.02841796875,6249.992805989584,0.037146633367627135,-0.03519888947372185,-0.22751729438893165,0.20930649959164477,5867000.0,6758075.0,0.8681466245935417,39657538200.0,317,True,jpx_liquidity,JPX流動性
30,5706,三井金属,非鉄金属,プライム,5706.T,2026-10-02,2553.5,0.03611280178535203,0.18319645319443612,-0.9114137033824805,-0.9340862157976252,-0.9201032540675844,11302.613592529297,24520.121197509765,-0.7740788022968608,-0.8958610367611344,-0.953488160291439,3.201701295069713,18997300.0,8389360.0,2.264451638742407,36792427815.0,317,True,jpx_liquidity,JPX流動性
31,6752,パナソニック　ホールディングス,電気機器,プライム,6752.T,2026-10-02,4568.0,0.003956043956043986,0.0016927111913918047,0.024444942812289705,0.010172490048651062,0.6428699874123358,4325.5529296875,4299.884309895833,0.05604996037582066,0.06235416368926949,-0.04594820384294074,0.4656925784003102,8059400.0,8197065.0,0.9832055741902742,35955718375.0,317,True,jpx_liquidity,JPX流動性
32,6723,ルネサスエレクトロニクス,電気機器,プライム,6723.T,2026-10-02,3575.0,-0.011338495575221264,0.02788959171937888,0.0787567893783947,-0.25829875518672196,0.5614763048700591,3344.35,3687.266666666667,0.06896706385396278,-0.03044712433781127,-0.30216669919968764,0.4212338999579616,10618300.0,10406565.0,1.0203462910191787,35106900850.0,317,True,jpx_liquidity,JPX流動性
33,9432,ＮＴＴ,情報・通信業,プライム,9432.T,2026-10-02,169.89999389648438,-0.002348849959514454,-0.02006235409823076,-0.03246020506212921,0.16290203147634252,0.08147668552307152,172.85923614501954,162.40141169230142,-0.017119375941546555,0.04617313437145709,-0.04129431603563405,0.1616529072133595,162762500.0,205420840.0,0.7923368437204327,34939544312.34207,317,True,jpx_liquidity,JPX流動性
34,3436,ＳＵＭＣＯ,金属製品,プライム,3436.T,2026-10-02,3588.0,0.033410138248847865,0.15110683349374399,0.08170033162496226,-0.2956419316843345,1.0549828178694156,3117.225,3606.6583333333333,0.1510237470827418,-0.0051733021564283055,-0.323911814584511,0.6215747835824292,11551100.0,10916150.0,1.0581661116785679,34018886835.0,317,True,jpx_liquidity,JPX流動性
35,8031,三井物産,卸売業,プライム,8031.T,2026-10-02,4902.0,-0.002847843775427128,-0.01965935656239559,-0.05694497883801464,0.06565217391304357,-0.22972972972972971,5033.700439453125,4904.550146484375,-0.026163741970198218,-0.0005199552269238294,-0.2316614420062696,0.2998229543910653,4473500.0,6787840.0,0.6590461766924383,33762889710.0,317,True,jpx_liquidity,JPX流動性
36,7013,ＩＨＩ,機械,プライム,7013.T,2026-10-02,2707.5,-0.0014751982297621646,-0.027970376109811235,-0.01041666666666663,-0.05645582854155773,-0.17979400181763106,2719.364636230469,2777.6548787434895,-0.004363017769810962,-0.025256873804000102,-0.21339337594421848,0.4290073544652239,12278600.0,11747895.0,1.0451744759380297,31974454507.5,317,True,jpx_liquidity,JPX流動性
37,4004,レゾナック・ホールディングス,化学,プライム,4004.T,2026-10-02,17280.0,0.08713431896822899,0.1753518539036114,0.0786516853932584,-0.012571428571428567,0.45884339383706196,14979.61181640625,15284.12060546875,0.1535679436682249,0.13058516391300334,-0.11156812339331623,0.7868399115704702,4238800.0,1993944.35,2.125836661389271,31787222721.325783,317,True,jpx_liquidity,JPX流動性
38,6503,三菱電機,電気機器,プライム,6503.T,2026-10-02,5264.0,-0.009036144578313254,0.01058763601539825,-0.0465495381271509,-0.11440107671601618,-0.0067924528301887,5179.4255859375,5529.058528645834,0.016328917687730815,-0.04793917938697445,-0.19756097560975605,0.3460806667575244,5687700.0,6061505.0,0.9383313220066634,31561623115.0,317,True,jpx_liquidity,JPX流動性
39,6762,ＴＤＫ,電気機器,プライム,6762.T,2026-10-02,3198.0,-0.0006249999999999867,0.08119274661171039,0.03864891198441045,-0.13544201135442013,0.582776540460282,2900.7560913085936,3038.4686971028646,0.10247118314498249,0.05250384940586894,-0.22208708343468742,0.4915832997525608,11492100.0,9987215.0,1.1506811458449628,30043574797.5,317,True,jpx_liquidity,JPX流動性
40,7741,ＨＯＹＡ,精密機器,プライム,7741.T,2026-10-02,24180.0,-0.008610086100861003,0.029593357462209813,-0.028525512253917196,-0.06748939452371772,-0.13519313304721026,23376.25,24579.333333333332,0.034383188064809334,-0.016246711329301,-0.19480519480519476,0.2481317238687264,1059900.0,1265875.0,0.8372864619334452,29571636225.0,317,False,jpx_liquidity,JPX流動性
41,6954,ファナック,電気機器,プライム,6954.T,2026-10-02,6075.0,-0.00848702464501383,0.015037593984962516,0.01435965937552175,-0.18335797822287947,0.10615440640932272,5879.15,6317.45,0.03331263873178947,-0.038377826496450274,-0.2791884195538681,0.3039573408860684,3569200.0,4663265.0,0.7653864835045832,27440788065.0,317,False,jpx_liquidity,JPX流動性
42,6594,ニデック,電気機器,プライム,6594.T,2026-10-02,2117.0,0.008095238095238155,-0.25457746478873244,-0.17658498638662,-0.2404018658055257,-0.03067765567765568,2573.05,2613.233333333333,-0.17724101746954013,-0.1898924703751418,-0.2697481890307002,0.9122422483991388,26268000.0,10129900.0,2.593115430557064,26954436615.0,317,True,jpx_liquidity,JPX流動性
43,6702,富士通,電気機器,プライム,6702.T,2026-10-02,4069.0,0.016741629185407225,0.016567490088441605,0.030909551558145454,0.22339146121467235,0.25007680491551465,3900.010534667969,3676.4201782226564,0.04333051509216457,0.10678317568345363,0.0,0.3503294847819596,5591400.0,6766000.0,0.8263966893289979,26474795310.0,317,True,jpx_liquidity,JPX流動性
44,6701,日本電気,電気機器,プライム,6701.T,2026-10-02,4913.0,0.019294605809128562,0.02464204366607481,-0.018381618381618336,0.1787428023032629,0.22488157566691602,4740.11650390625,4658.805501302083,0.03647241496095721,0.05456216161564864,-0.049342105263157854,0.3793871452825491,5216300.0,5642350.0,0.9244906820739586,26452513235.0,317,True,jpx_liquidity,JPX流動性
45,2914,日本たばこ産業,食料品,プライム,2914.T,2026-10-02,6830.0,-0.0037922987164527022,-0.016275385280138277,-0.031205673758865293,0.1276209344560013,0.12003935716628411,6820.35,6739.116666666667,0.0014148834004119593,0.013485941530418266,-0.04274702172389633,0.1736248824078011,3875700.0,3827325.0,1.0126393760655288,26282899835.0,317,True,jpx_liquidity,JPX流動性
46,9433,ＫＤＤＩ,情報・通信業,プライム,9433.T,2026-10-02,2896.5,-0.011770726714431912,-0.033272315631952876,-0.03674758895909547,0.07178538390379274,0.04812737470598871,2978.951025390625,2915.450341796875,-0.02767787207237271,-0.006499970699276325,-0.068050193050193,0.14025419033086256,7136800.0,8628745.0,0.8270959450070665,26023070250.0,317,True,jpx_liquidity,JPX流動性
47,7735,ＳＣＲＥＥＮホールディングス,電気機器,プライム,7735.T,2026-10-02,15465.0,-0.008017960230917276,0.13040426248612613,0.14725519287833833,-0.1834741288278775,0.708839779005525,13342.170947265626,14330.306982421875,0.15910671967289036,0.07918134754335582,-0.20651616213442792,0.5023078653867334,1769000.0,1904410.0,0.9288966136493717,25986295475.0,317,False,jpx_liquidity,JPX流動性
48,8002,丸紅,卸売業,プライム,8002.T,2026-10-02,4725.0,-0.022144039735099375,-0.027294419346998167,-0.07750878563061303,-0.04795486600846266,-0.1977928692699491,4948.605078125,5002.985026041667,-0.04518547643121329,-0.055563833310452115,-0.22781500245138098,0.26395309955791335,4576300.0,5248695.0,0.8718929181444149,25944954170.0,317,True,jpx_liquidity,JPX流動性
49,4502,武田薬品工業,医薬品,プライム,4502.T,2026-10-02,5643.0,-0.015355086372360827,-0.03806965100253512,-0.034559452523524326,0.05299496174659457,-0.01929092805005217,5748.829370117188,5637.709790039063,-0.018408855664997836,0.0009383615258600209,-0.044854434664861165,0.20908436983770934,4217900.0,4344250.0,0.9709155780629568,25417258080.0,317,True,jpx_liquidity,JPX流動性
50,8725,ＭＳ＆ＡＤインシュアランスグループホールディングス,保険業,プライム,8725.T,2026-10-02,4776.0,-0.022513303315595534,-0.03431334073993553,-0.07923655292076348,0.07229456668163459,0.15697674418604657,5022.061450195312,4888.170483398438,-0.04899610501296092,-0.022947334545593168,-0.0885496183206107,0.2962253878408451,4946000.0,4940470.0,1.0011193267037346,25042975470.0,317,True,jpx_liquidity,JPX流動性
51,5713,住友金属鉱山,非鉄金属,プライム,5713.T,2026-10-02,9724.0,-0.00470829068577272,0.02543026642364299,-0.14288232701630676,0.22622950819672139,0.026171380329252925,9706.045458984376,9130.881819661457,0.0018498307154541926,0.06495738221705882,-0.15991360691144707,0.5956334526405405,2556800.0,2529465.0,1.0108066330231886,24958607265.0,317,False,jpx_liquidity,JPX流動性
52,7012,川崎重工業,輸送用機器,プライム,7012.T,2026-10-02,2350.0,-0.0008503401360544505,-0.015885430644695497,-0.06856916369401511,-0.16666666666666663,-0.237012987012987,2381.9779296875,2616.009309895833,-0.013424947934633114,-0.10168515413518364,-0.3178519593613933,0.27333054984191346,8008600.0,10729575.0,0.7464042145192145,24738849750.0,317,True,jpx_liquidity,JPX流動性
53,8308,りそなホールディングス,銀行業,プライム,8308.T,2026-10-02,2474.0,0.00020214271275520446,-0.018892804968243193,-0.024063116370808713,0.10175907370296144,0.33765882670992164,2488.8455810546875,2399.0068603515624,-0.005964846179165706,0.03126007719604762,-0.029803921568627434,0.3317786017340628,9706300.0,9634115.0,1.0074926446279704,24198955537.5,317,True,jpx_liquidity,JPX流動性
54,5401,日本製鉄,鉄鋼,プライム,5401.T,2026-10-02,642.5,-0.011538461538461497,-0.04596353992015134,-0.0825360399835624,0.17201748575911324,0.0951082097016871,674.3350402832032,650.1516794840495,-0.04720952995388361,-0.01176906824284718,-0.08813508052465635,0.22874269566548652,30106500.0,36958020.0,0.8146134452007981,23920795087.83142,317,True,jpx_liquidity,JPX流動性
55,7267,本田技研工業,輸送用機器,プライム,7267.T,2026-10-02,1664.5,-0.018573113207547176,-0.0209650265056891,-0.03952683208309293,0.07387096774193558,0.3189381933438986,1665.9888427734375,1637.7296142578125,-0.0008936691142293895,0.016346035089753963,-0.05048488305761556,0.26663824687065274,13714700.0,14117940.0,0.9714377593331605,23767810070.0,317,True,jpx_liquidity,JPX流動性
56,6301,小松製作所,機械,プライム,6301.T,2026-10-02,7500.0,-0.012378193310508268,-0.005655206540820745,-0.0009324630345011187,0.13173381620642832,0.17702448210922794,7305.952416992188,7076.2841389973955,0.02656020350700561,0.05987829949726109,-0.017424341674308952,0.3402538127804225,2905200.0,3144725.0,0.9238327675710912,23252134285.0,317,False,jpx_liquidity,JPX流動性
57,6367,ダイキン工業,機械,プライム,6367.T,2026-10-02,20585.0,-0.019061234214915457,-0.004618628796882351,-0.01695319961795605,-0.1988713757540378,0.05645368231973302,20632.36669921875,22192.872233072918,-0.002295747255235847,-0.07244993870945582,-0.21281070745697894,0.14668397223480392,1299200.0,1105555.0,1.1751563694253113,23237191725.0,317,False,jpx_liquidity,JPX流動性
58,7936,アシックス,その他製品,プライム,7936.T,2026-10-02,4141.0,-0.025417745351847487,-0.0007239382239382364,-0.05261953786318918,-0.10445501730103801,-0.018255097202465653,4124.55,4573.033333333334,0.003988313876665206,-0.09447412731155846,-0.21586820677901908,0.29866524858240046,5036300.0,5468560.0,0.920955425194201,22628545575.0,317,True,jpx_liquidity,JPX流動性
59,8591,オリックス,その他金融業,プライム,8591.T,2026-10-02,5745.0,-0.028083234647267807,-0.052454013767803453,-0.09684011947806948,-0.09256041699573525,0.22730185857722707,6043.358813476562,6265.036271158854,-0.0493697003082505,-0.0830061070121566,-0.1390678855087667,0.2227617927794353,5734000.0,3500320.0,1.6381359418567445,22183003105.0,317,True,jpx_liquidity,JPX流動性
60,1605,ＩＮＰＥＸ,鉱業,プライム,1605.T,2026-10-02,3696.0,0.02353918582110226,-0.04174228675136116,-0.10116731517509725,0.14003701418877235,-0.18085106382978722,3851.4,3711.15,-0.040348964013086186,-0.004082292550826594,-0.17500000000000004,0.3181454648314505,5593300.0,5712620.0,0.9791129114136771,22113036585.0,317,True,jpx_liquidity,JPX流動性
61,4519,中外製薬,医薬品,プライム,4519.T,2026-10-02,6032.0,-0.023157894736842155,-0.08827085852478844,-0.13008364580328813,-0.21067783302800314,-0.3195713479977439,6493.15,6885.583333333333,-0.07102099905284798,-0.12396674210609115,-0.3242213757562178,0.2974932255702412,4546000.0,3151245.0,1.4426044309471335,21184229195.0,317,True,jpx_liquidity,JPX流動性
62,7182,ゆうちょ銀行,銀行業,プライム,7182.T,2026-10-02,3395.0,-0.013368206916594016,0.013735443415945126,-0.005273952534427195,0.051083591331269274,0.2818576552765717,3332.2,3280.15,0.01884640777864477,0.035013642668780376,-0.0305539691604797,0.3190510543225762,4512900.0,6252970.0,0.7217210381626651,20775435690.0,317,True,jpx_liquidity,JPX流動性
63,9104,商船三井,海運業,プライム,9104.T,2026-10-02,7137.0,0.011909825606124969,0.01866765946144744,0.012771392081736943,0.3743500866551126,0.04174573055028463,7050.524169921875,6463.808056640625,0.012265163269284063,0.10414788580669065,-0.026801260554305872,0.30504110327329215,2275800.0,2937855.0,0.7746468086409983,20654336400.0,317,False,jpx_liquidity,JPX流動性
64,9501,東京電力ホールディングス,電気・ガス業,プライム,9501.T,2026-10-02,524.0,0.01060752169720347,0.0036391965196516107,-0.08439627611951206,0.1268817204301076,-0.1764890616806164,542.7699981689453,525.0666631062826,-0.03458186383231687,-0.002031481297959825,-0.21214852017041763,0.3747888143130442,35123000.0,38703765.0,0.9074827733167561,20514758509.656982,317,True,jpx_liquidity,JPX流動性
65,6273,ＳＭＣ,機械,プライム,6273.T,2026-10-02,73450.0,0.00040860800871689307,0.06261717175153603,0.05153901216893342,-0.03100263852242746,0.18238892466194456,68315.1171875,71080.5390625,0.07516466375087405,0.033334875744492676,-0.13138599810785245,0.33829415193788875,363400.0,282610.0,1.2858709882877464,20017116200.0,317,False,jpx_liquidity,JPX流動性
66,9434,ソフトバンク,情報・通信業,プライム,9434.T,2026-10-02,237.39999389648438,-0.014119639170198206,-0.016874695463774403,-0.015346379566007262,0.13534187932523922,0.09350523824163104,241.39148025512696,231.89716008504232,-0.016535324090245385,0.02372963001972095,-0.039147422642338614,0.1432670369563925,76855000.0,81021215.0,0.9485787148464757,19950334176.030426,317,True,jpx_liquidity,JPX流動性
67,8053,住友商事,卸売業,プライム,8053.T,2026-10-02,1728.0,-0.013417071081929799,-0.028060293897631206,-0.06569343065693434,0.0971428571428572,-0.7102129800436022,1788.910382080078,1712.1034606933595,-0.03404887281678903,0.009284800639444368,-0.7755552669177815,0.3131730897197607,8520400.0,11128170.0,0.7656604814628102,19866501150.0,317,True,jpx_liquidity,JPX流動性
68,9101,日本郵船,海運業,プライム,9101.T,2026-10-02,7141.0,0.00028015128169212034,-0.014216072300865634,0.006909193457416807,0.37037037037037046,0.13565521628498733,7210.109057617187,6508.936352539063,-0.009585022510051555,0.09710705608826187,-0.04040462563146474,0.288661473152081,2041900.0,2736570.0,0.7461530309840421,19839840815.0,317,False,jpx_liquidity,JPX流動性
69,6330,東洋エンジニアリング,建設業,プライム,6330.T,2026-10-02,2630.0,-0.043636363636363584,0.004967520061138764,0.00804906094289004,0.2723754233188196,0.1965423111919926,2692.65,2347.766666666667,-0.02326704176183314,0.12021353626851039,-0.09559834938101786,0.6455229627839841,7612400.0,7142700.0,1.0657594467078275,19188599545.0,317,True,jpx_liquidity,JPX流動性
70,8136,サンリオ,卸売業,プライム,8136.T,2026-10-02,1181.0,-0.008812421317666796,-0.017290343550897758,-0.10360531309297916,0.08597701149425285,0.24420563085961122,1213.880059814453,1225.060019938151,-0.02708674514307363,-0.035965601048980056,-0.18803712616019252,0.32783836884272544,9290700.0,16112410.0,0.5766176506183743,18859934492.5,317,True,jpx_liquidity,JPX流動性
71,8750,第一ライフグループ,保険業,プライム,8750.T,2026-10-02,1786.5,-0.017326732673267342,-0.04550795156335408,-0.04388546962804385,-0.030656538252848642,0.23164426059979326,1854.4158630371094,1860.821954345703,-0.0366238578901491,-0.03994038987563209,-0.08805513016845334,0.2676928947870029,10328100.0,9663735.0,1.0687482634819767,18112132350.0,317,True,jpx_liquidity,JPX流動性
72,6971,京セラ,電気機器,プライム,6971.T,2026-10-02,3668.0,-0.016094420600858417,-0.018080074025047188,0.005482456140350811,-0.06332992849846786,0.46837469975980794,3565.795458984375,3655.3818196614584,0.028662479996745427,0.0034519459145612164,-0.06332992849846786,0.29655289891805015,6538900.0,4784035.0,1.3668169233711709,17657569680.0,317,True,jpx_liquidity,JPX流動性
73,4568,第一三共,医薬品,プライム,4568.T,2026-10-02,2709.0,-0.011494252873563204,-0.0584762948846097,-0.04964041396246277,0.022457067371202122,-0.05213435969209235,2789.2990478515626,2771.4080159505206,-0.028788253419228194,-0.022518523289006276,-0.09699999999999998,0.28949071649144387,5139800.0,6163990.0,0.8338430140217619,17455906060.0,317,True,jpx_liquidity,JPX流動性
74,8309,三井住友トラストグループ,銀行業,プライム,8309.T,2026-10-02,1743.0,-0.019960640989597933,-0.01960507513360854,-0.03675048355899424,-0.7244704394562125,-0.6600351082504389,1762.7179321289063,2378.0601440429687,-0.011186096067617668,-0.2670496562644943,-0.7420452863696907,0.209659109544488,8919900.0,9651515.0,0.9241968747911598,17134528867.5,317,True,jpx_liquidity,JPX流動性
75,8015,豊田通商,卸売業,プライム,8015.T,2026-10-02,7264.0,0.0015166138149731445,-0.016584959294828838,-0.0574802127935643,0.16859716859716856,0.2096586178184845,7405.189013671875,7034.413004557292,-0.019066226859463464,0.032637690635162864,-0.0574802127935643,0.2525663352510968,1903900.0,2294000.0,0.829947689625109,17001209145.0,317,False,jpx_liquidity,JPX流動性
76,4661,オリエンタルランド,サービス業,プライム,4661.T,2026-10-02,2816.5,-0.022727272727272707,-0.04842125754170756,-0.0692333113020489,0.10733241596225662,0.05112894196678486,3021.491076660156,2916.438692220052,-0.0678443428953448,-0.03426737290471782,-0.11653074027603516,0.28245044442845474,4622800.0,5432480.0,0.8509557329249257,16626723022.5,317,True,jpx_liquidity,JPX流動性
77,8630,ＳＯＭＰＯホールディングス,保険業,プライム,8630.T,2026-10-02,6523.0,-0.01465256797583081,-0.03908254424562807,-0.05641544915376828,-0.016880180859080607,0.08391492190096383,6730.2835693359375,6814.811189778646,-0.03079863830409002,-0.042820143016775836,-0.11384322782230671,0.24277249340697685,2456100.0,2367260.0,1.0375286195855125,16274932790.0,317,False,jpx_liquidity,JPX流動性
78,8604,野村ホールディングス,証券、商品先物取引業,プライム,8604.T,2026-10-02,1507.0,-0.026800129157248942,-0.04981084489281207,-0.08137762877171595,0.024125042473666314,0.1927186387020181,1607.625,1578.3416666666667,-0.06259233341108783,-0.04520039492927708,-0.10029850746268654,0.2962156138809758,10578200.0,9926710.0,1.0656300022867597,16204995622.5,317,True,jpx_liquidity,JPX流動性
79,5108,ブリヂストン,ゴム製品,プライム,5108.T,2026-10-02,3780.0,-0.016137428422696498,-0.015368585569158655,-0.09265482477196352,0.07539118065433859,0.14302993649833695,3832.25,3898.8,-0.01363428795094268,-0.030470914127423865,-0.125,0.21369158925384915,4064000.0,4146760.0,0.9800422498528972,16187978595.0,317,True,jpx_liquidity,JPX流動性
80,9697,カプコン,情報・通信業,プライム,9697.T,2026-10-02,4448.0,0.020417526955723853,0.012786711514844562,0.02583025830258312,0.3673532124193053,0.3317365269461079,4319.889721679688,3987.196573893229,0.029655914056643917,0.11557078201861204,0.0,0.22938495556383232,3142000.0,3687415.0,0.8520874379477222,16109962975.0,317,False,jpx_liquidity,JPX流動性
81,4578,大塚ホールディングス,医薬品,プライム,4578.T,2026-10-02,11320.0,-0.012647187091146983,0.014336917562723928,-0.08635996771589993,0.001769911504424737,0.012522361359570633,11473.25,11627.5,-0.01335715686488137,-0.026445925607396226,-0.10901219992129085,0.2824947794071336,1185200.0,1376715.0,0.8608898719052237,15871737225.0,317,False,jpx_liquidity,JPX流動性
82,3382,セブン＆アイ・ホールディングス,小売業,プライム,3382.T,2026-10-02,1978.0,-0.010752688172043001,-0.013712291199202142,-0.027531956735496577,-0.022727272727272707,-0.09865573023467755,2023.3,2043.7604064941406,-0.022389166213611422,-0.03217618184851023,-0.12322695035460995,0.14644618384391012,7400000.0,7771180.0,0.9522363399123428,15654006902.5,317,True,jpx_liquidity,JPX流動性
83,2802,味の素,食料品,プライム,2802.T,2026-10-02,5212.0,-0.009125475285171047,0.03705400684965121,-0.02323838080959517,-0.1548564942435544,0.11917543482928927,5043.115063476563,5255.988354492188,0.033488217975937484,-0.008369187967205427,-0.15595141700404858,0.23769165086319094,3706500.0,3009060.0,1.2317800243265338,15632773995.0,317,True,jpx_liquidity,JPX流動性
84,8267,イオン,小売業,プライム,8267.T,2026-10-02,1230.0,-0.016000000000000014,-0.05384615384615388,-0.09558823529411764,-0.12611012433392543,-0.36368339368856695,1332.625,1364.1415384928384,-0.07700966138260956,-0.09833403258216422,-0.3726090283091048,0.29259855919655997,13129200.0,11230925.0,1.1690221419874143,15247816812.5,317,True,jpx_liquidity,JPX流動性
85,3563,ＦＯＯＤ　＆　ＬＩＦＥ　ＣＯＭＰＡＮＩＥＳ,小売業,プライム,3563.T,2026-10-02,5067.0,-0.004127358490566002,0.03396159864652182,-0.16109271523178803,0.09132026706870566,-0.4727915929663927,5248.974145507813,5440.441381835937,-0.03466851625922951,-0.06864174349580354,-0.5340689655172414,0.34515799932700664,1372400.0,2943385.0,0.46626588094999466,15241577430.0,317,False,jpx_liquidity,JPX流動性
86,6871,日本マイクロニクス,電気機器,プライム,6871.T,2026-10-02,15020.0,0.002670226969292422,0.08604483007953734,0.21521035598705507,-0.06125000000000003,0.4143126177024483,13102.5,14014.333333333334,0.146346117153215,0.07175986490022113,-0.14900849858356946,0.6680272754365187,1072600.0,1147940.0,0.9343693921285084,15059590150.0,317,False,jpx_liquidity,JPX流動性
87,5020,ＥＮＥＯＳホールディングス,石油・石炭製品,プライム,5020.T,2026-10-02,1364.0,0.012244897959183598,-0.038699238806312986,-0.017998560115190743,0.11711711711711703,-0.0657534246575342,1399.4776977539063,1332.3425659179688,-0.02535067033282945,0.02376073158048464,-0.07305470608222897,0.3627661480762333,9375800.0,10460520.0,0.8963034342460987,14900674387.5,317,True,jpx_liquidity,JPX流動性
88,7832,バンダイナムコホールディングス,その他製品,プライム,7832.T,2026-10-02,5742.0,-0.0022589052997393777,0.039084550755768666,-0.00657439446366781,0.4662921348314606,0.44525547445255476,5527.261181640625,5044.453727213541,0.03885085421196521,0.13827984366738755,-0.00657439446366781,0.33722305397840685,1969400.0,2731190.0,0.7210776255039012,14835208885.0,317,False,jpx_liquidity,JPX流動性
89,6506,安川電機,電気機器,プライム,6506.T,2026-10-02,4806.0,0.005649717514124353,0.07276785714285716,0.022553191489361746,-0.3574007220216606,0.11585790573485033,4486.05,5062.980403645834,0.07132109539572662,-0.05075674467568214,-0.3721750489875898,0.34800369595501146,3434500.0,3301055.0,1.0404249550522484,14802724545.0,317,False,jpx_liquidity,JPX流動性
90,8801,三井不動産,不動産業,プライム,8801.T,2026-10-02,1426.0,-0.03322033898305088,-0.04217859136743374,-0.08295819935691318,-0.074025974025974,-0.13575757575757574,1479.6528015136719,1508.484267171224,-0.03626039937124814,-0.05468023032543934,-0.2020145495243425,0.22183302394658092,10992300.0,9801605.0,1.121479594413364,14649979710.0,317,True,jpx_liquidity,JPX流動性
91,6963,ローム,電気機器,プライム,6963.T,2026-10-02,5228.0,0.024094025465230207,0.09098497495826385,0.0660685154975531,-0.121344537815126,0.44779839379673225,4793.05,4816.9,0.09074597594433609,0.08534534659220672,-0.121344537815126,0.5400670802212535,3316400.0,3015220.0,1.099886575440598,14644456830.0,317,True,jpx_liquidity,JPX流動性
92,6902,デンソー,輸送用機器,プライム,6902.T,2026-10-02,1808.0,-0.017391304347826098,-0.041821385656784615,-0.08732963149924278,-0.07542827921247763,-0.052162516382699864,1879.8424133300782,1934.6558044433593,-0.03821725311687796,-0.06546684126058322,-0.1811594202898551,0.20374928770316222,10145500.0,7336930.0,1.3827990726366477,14023903962.5,317,True,jpx_liquidity,JPX流動性
93,7269,スズキ,輸送用機器,プライム,7269.T,2026-10-02,1952.5,-0.02521218172740891,-0.006070132764424585,-0.13414634146341464,-0.07464454976303314,0.08291735995562943,2006.972479248047,2045.8324930826823,-0.02714161744183763,-0.04562078928663793,-0.13414634146341464,0.2962731657301282,7199200.0,6811775.0,1.05687577760569,13825460310.0,317,True,jpx_liquidity,JPX流動性
94,9107,川崎汽船,海運業,プライム,9107.T,2026-10-02,3264.0,0.0,-0.03723206985386096,-0.035175879396984966,0.28327108315313554,0.19407353210170109,3355.511572265625,3063.003857421875,-0.027272018079745997,0.0656205972745012,-0.06460810648850301,0.3193412744936887,2734600.0,4080220.0,0.6702089593208209,13756703600.0,317,False,jpx_liquidity,JPX流動性
95,6361,荏原製作所,機械,プライム,6361.T,2026-10-02,4701.0,-0.011772125289047697,0.05878378378378368,0.02866520787746163,-0.22464126669965367,0.038436050364479835,4437.5,5134.15,0.05938028169014076,-0.08436644819493,-0.3024411972946365,0.3701807930672357,2614900.0,3096885.0,0.8443645792465655,13722077140.0,317,False,jpx_liquidity,JPX流動性
96,7751,キヤノン,電気機器,プライム,7751.T,2026-10-02,4607.0,-0.01475620188195037,-0.0013006720138738492,-0.030105263157894746,0.08145539906103294,0.027201783723522777,4522.65,4519.45,0.01865056990923475,0.019371826217791988,-0.030105263157894746,0.21332941558438095,3723700.0,2990735.0,1.2450785509247726,13572581510.0,317,True,jpx_liquidity,JPX流動性
97,4503,アステラス製薬,医薬品,プライム,4503.T,2026-10-02,2245.0,-0.02834884224193901,-0.048016985025465475,-0.07020086974528883,0.04321561338289959,-0.13902205177372962,2300.322265625,2274.957421875,-0.024049789219411366,-0.013168343981712516,-0.14443597560975607,0.25247477567378085,5521400.0,5806550.0,0.9508916654467799,13457752500.0,317,True,jpx_liquidity,JPX流動性
98,7532,パン・パシフィック・インターナショナルホールディングス,小売業,プライム,7532.T,2026-10-02,685.0,-0.027955175061418425,-0.037921348314606695,-0.11795001090081947,-0.1628986799235953,-0.3095453917379277,733.3899963378906,825.8483337402344,-0.06598126042013275,-0.17054987942197308,-0.29944773107827427,0.22249940000647214,26369500.0,18632015.0,1.4152790237663506,13448086189.187317,317,True,jpx_liquidity,JPX流動性
99,9503,関西電力,電気・ガス業,プライム,9503.T,2026-10-02,2632.5,-0.015151515151515138,-0.03224095393740434,-0.1091370558375635,0.1568885959129862,0.011916202191043723,2849.731335449219,2568.9104451497396,-0.0762287071580997,0.02475351173503193,-0.13003965631196301,0.3424824412487482,3698700.0,4851375.0,0.7624024116874082,13421432965.0,317,True,jpx_liquidity,JPX流動性
100,3110,日東紡績,ガラス・土石製品,プライム,3110.T,2026-10-02,3370.0,0.010494752623688264,0.13526703348372893,0.07154213036565982,-0.07034482758620686,-0.8376685934489403,3029.346142578125,3102.565380859375,0.11245128202218635,0.08619789958029789,-0.8945226917057902,0.5656942203158911,4595500.0,4334840.0,1.0601314004669147,13305246360.0,317,True,jpx_liquidity,JPX流動性
101,9843,ニトリホールディングス,小売業,プライム,9843.T,2026-10-02,3009.0,0.0189637656620385,-0.016151576753237196,-0.006930693069306937,0.2861722590297071,0.27176669484361793,3117.6652099609373,2848.171736653646,-0.03485467574059975,0.05646719306867132,-0.11291273584905659,0.44694217857565893,3439300.0,4144620.0,0.8298227581780718,13288614487.5,317,False,jpx_liquidity,JPX流動性
102,6326,クボタ,機械,プライム,6326.T,2026-10-02,2683.0,-0.01396545387725101,-0.035585909417685135,-0.10685752330226361,-0.02276452376616278,0.06913727834229921,2808.475,2768.8416666666667,-0.04467727147295242,-0.031002735801072046,-0.11393659180977544,0.27711364242649955,4146600.0,4745805.0,0.8737400714947201,13046341540.0,317,True,jpx_liquidity,JPX流動性
103,6787,メイコー,電気機器,プライム,6787.T,2026-10-02,23860.0,-0.056544088572558326,0.00304576030084025,0.2862533692722371,-0.1864984657347426,-0.07087227414330222,21174.72578125,21341.741927083334,0.12681506464314096,0.11799683837995056,-0.45086306098964324,0.6992434673741341,662100.0,594555.0,1.1136059742160103,13008192300.0,317,False,jpx_liquidity,JPX流動性
104,4755,楽天グループ,サービス業,プライム,4755.T,2026-10-02,662.0999755859375,-0.028751703491449065,-0.02660987400215553,-0.12466954757328774,-0.1333769953063645,-0.12858648825571273,711.3449981689453,770.6799977620443,-0.06922804364937984,-0.14088859512561536,-0.25313031518788776,0.28904156513507917,27900200.0,18197355.0,1.5332008415508738,13005815437.558594,317,True,jpx_liquidity,JPX流動性
105,6526,ソシオネクスト,電気機器,プライム,6526.T,2026-10-02,2217.0,0.011866727521679499,-0.00029019753248427094,0.11072144288577146,-0.2286012526096033,0.18778462362710946,1999.3396911621094,2139.3048970540362,0.10886609704195704,0.03631791945736906,-0.2658940397350993,0.6478483448160259,4852500.0,6284355.0,0.7721556150153834,12993193607.5,317,True,jpx_liquidity,JPX流動性
106,4901,富士フイルムホールディングス,化学,プライム,4901.T,2026-10-02,3314.0,-0.023283230179781955,-0.02828050282049077,-0.04164256795835741,-0.08478320905827119,0.05642333439591973,3285.35986328125,3436.403287760417,0.008717503686231032,-0.03561959336856235,-0.14543579164517795,0.24689063151912152,3983800.0,3887105.0,1.0248758394743647,12899337475.0,317,True,jpx_liquidity,JPX流動性
107,8802,三菱地所,不動産業,プライム,8802.T,2026-10-02,3498.0,-0.02616926503340755,-0.03658517315105492,-0.08929966154647229,-0.17010676156583626,-0.21357913669064743,3621.6648559570312,3827.8382853190105,-0.03414585856933261,-0.086168291535211,-0.26697401508801344,0.22315102378511176,2662200.0,3560775.0,0.7476462287002127,12870217510.0,317,False,jpx_liquidity,JPX流動性
108,6178,日本郵政,サービス業,プライム,6178.T,2026-10-02,2465.0,-0.017536867277799906,-0.03298049638784217,-0.034847298355520806,0.08518600044023783,0.33279264666125985,2487.5532104492186,2423.8927368164063,-0.009066423324928907,0.016959192359965902,-0.03522504892367906,0.2577030937337374,3631300.0,5263425.0,0.6899119869666615,12833727942.5,317,False,jpx_liquidity,JPX流動性
109,7201,日産自動車,輸送用機器,プライム,7201.T,2026-10-02,281.0,-0.049712585729415504,-0.06706511085114653,-0.17084684254721383,-0.10252317303661396,-0.20238430389860995,306.8800018310547,321.0316670735677,-0.08433264362824888,-0.1246969417019973,-0.2957393483709273,0.325482171433594,99032600.0,38051445.0,2.6025976148868986,12377374175.00534,317,True,jpx_liquidity,JPX流動性
110,8473,ＳＢＩホールディングス,証券、商品先物取引業,プライム,8473.T,2026-10-02,3057.0,-0.031675641431738955,-0.06438193477117637,-0.07335556229160356,0.13411240957150805,0.03521842194378588,3233.2585693359374,3070.2945231119793,-0.05451422011452001,-0.004330048147467069,-0.10796615115261166,0.32423418683305755,3328700.0,3764545.0,0.8842237242482159,12070190435.0,317,False,jpx_liquidity,JPX流動性
111,4543,テルモ,精密機器,プライム,4543.T,2026-10-02,2243.5,-0.04592813098022541,-0.015337244177906717,-0.1182943603851444,-0.006421612046058511,0.026538549530999767,2297.4081176757813,2359.9110392252605,-0.023464754590629133,-0.049328570988623976,-0.16052385406922354,0.290850512882591,6653200.0,4845140.0,1.3731698155264864,11583982142.5,317,True,jpx_liquidity,JPX流動性
112,7453,良品計画,小売業,プライム,7453.T,2026-10-02,4214.0,-0.009402914903620108,0.04049382716049377,-0.03126436781609199,0.16569847856154918,0.17610940552609544,4086.65,4183.67353515625,0.03116244356624609,0.007248764653577933,-0.06893504197967304,0.2592933780456295,1980300.0,2803960.0,0.7062511590750224,11366895995.0,317,False,jpx_liquidity,JPX流動性
113,3659,ネクソン,情報・通信業,プライム,3659.T,2026-10-02,2685.0,0.010728402032749829,-0.003528409120768128,-0.16224648985959433,0.17300131061598956,0.018202502844141044,2815.864953613281,2673.496651204427,-0.04647415830271151,0.00430273544213744,-0.16224648985959433,0.5176459837980634,2839500.0,3756175.0,0.7559551937809075,11241549735.0,317,False,jpx_liquidity,JPX流動性
114,1812,鹿島建設,建設業,プライム,1812.T,2026-10-02,4884.0,-0.010735264330565153,0.009991027401866415,-0.02631578947368418,-0.20300261096605743,-0.1850492240947772,4917.906469726562,5161.518823242188,-0.006894492592586343,-0.05376689163517678,-0.25662100456621006,0.3003410201727205,1559100.0,2295610.0,0.6791658861914698,11113294365.0,317,False,jpx_liquidity,JPX流動性
115,4307,野村総合研究所,情報・通信業,プライム,4307.T,2026-10-02,5075.0,0.01277190181600485,0.005684941441319813,-0.05033682634730541,0.033604887983706755,0.13534675615212532,5029.974829101562,5027.374943033854,0.008951371016399312,0.009473146026663049,-0.0898493543758967,0.37741351396699746,2042600.0,2146680.0,0.9515158290942293,10923223260.0,317,False,jpx_liquidity,JPX流動性
116,9766,コナミグループ,情報・通信業,プライム,9766.T,2026-10-02,22350.0,0.009485094850948617,0.056324864204671865,0.016602228792358398,0.22365179304681093,0.1695447409733124,21202.10302734375,20666.534342447918,0.05414071288946376,0.08145853724948626,-0.01563532261616385,0.31347165996439674,847200.0,484020.0,1.7503408950043386,10838920850.0,317,False,jpx_liquidity,JPX流動性
117,6988,日東電工,化学,プライム,6988.T,2026-10-02,3506.0,-0.0031276656241114864,-0.002658821601154493,-0.02067039106145252,0.08814400993171945,0.13720402205643856,3366.1238403320312,3379.741280110677,0.041554074152593046,0.037357510361026414,-0.02067039106145252,0.33663208919968485,2937800.0,3086440.0,0.9518409559233292,10562631865.0,317,False,jpx_liquidity,JPX流動性
118,1803,清水建設,建設業,プライム,1803.T,2026-10-02,2089.5,-0.016937191249117856,-0.03768434159415601,-0.14853300733496333,-0.19603693728357063,-0.26464895301777225,2297.81875,2386.2229166666666,-0.090659348131788,-0.1243483643519614,-0.396969696969697,0.4197892523620773,4070100.0,4502965.0,0.903871116031326,10452071202.5,317,True,jpx_liquidity,JPX流動性
119,4689,ＬＩＮＥヤフー,情報・通信業,プライム,4689.T,2026-10-02,497.8999938964844,-0.017754981472416276,-0.02810851891392918,-0.11184442458085964,0.1362391146197579,0.27112580643301465,529.3100036621094,496.3433339436849,-0.059341424776237384,0.0031362563901706775,-0.11860511174003452,0.31431303057663584,14674300.0,19851215.0,0.7392141992316339,10315265862.629547,317,True,jpx_liquidity,JPX流動性
120,8601,大和証券グループ本社,証券、商品先物取引業,プライム,8601.T,2026-10-02,1751.0,-0.02857142857142858,-0.0512056353291791,-0.05885514646600376,0.039786223277909816,0.15921880172128433,1828.975,1814.9083333333333,-0.04263316885140578,-0.03521298137187823,-0.06812134113890367,0.2795046704109621,5531900.0,5524210.0,1.0013920542484809,10280346335.0,317,True,jpx_liquidity,JPX流動性
121,9502,中部電力,電気・ガス業,プライム,9502.T,2026-10-02,2635.0,-0.0047214353163361755,-0.06025655883361669,-0.12137379126375458,-0.1698172652804033,-0.02857142857142858,2866.2457275390625,2894.0902425130207,-0.080678961094382,-0.08952389898113378,-0.1892307692307692,0.30891736095641903,4102900.0,3485925.0,1.1769903253799208,10146542352.5,317,True,jpx_liquidity,JPX流動性
122,7272,ヤマハ発動機,輸送用機器,プライム,7272.T,2026-10-02,1754.0,-0.027446631549764344,-0.03414096916299558,-0.10097385955920046,0.4043234587670137,0.46227594831179664,1802.575,1663.9166666666667,-0.026947561127831032,0.05413932989432557,-0.11099847947288388,0.2972083686271171,4016100.0,5686285.0,0.7062783522106261,10110913105.0,317,True,jpx_liquidity,JPX流動性
123,9020,東日本旅客鉄道,陸運業,プライム,9020.T,2026-10-02,3296.0,-0.009019843656043247,-0.03559322833005474,-0.08622123648461322,-0.04712344608268282,-0.07829977628635343,3452.4685302734374,3524.489510091146,-0.04532076944407226,-0.0648291077153006,-0.16238881829733165,0.20452844102680204,2775500.0,2891670.0,0.9598259829095298,10103628340.0,317,False,jpx_liquidity,JPX流動性
124,5711,三菱マテリアル,非鉄金属,プライム,5711.T,2026-10-02,4981.0,-0.013858641853098375,-0.02132056017857653,-0.15946675666554166,0.09352360043907804,-0.03618421052631582,5117.620385742188,4866.640128580729,-0.02669607658333073,0.023498731855610355,-0.1834426229508197,0.48139967018253454,1369000.0,2039085.0,0.6713795648538438,10077831470.0,317,False,jpx_liquidity,JPX流動性
125,5411,ＪＦＥホールディングス,鉄鋼,プライム,5411.T,2026-10-02,1711.0,-0.017231476163124593,-0.052115832678316765,-0.11621900826446285,0.06937499999999996,-0.06528270964217431,1805.3347961425782,1787.4115987141927,-0.052253352865153535,-0.04274986173814732,-0.11621900826446285,0.2878367553963305,4238100.0,5849260.0,0.7245531913438623,10049603937.5,317,True,jpx_liquidity,JPX流動性
126,1801,大成建設,建設業,プライム,1801.T,2026-10-02,12110.0,-0.007377049180327888,-0.010975373600721983,-0.06810311658330126,-0.17337883959044365,-0.23475513428120065,12459.834130859375,12998.861376953126,-0.028076949274383867,-0.06837994122539603,-0.34769727982763265,0.35304188476752557,868700.0,793685.0,1.0945148264109816,10020268275.0,317,False,jpx_liquidity,JPX流動性
127,7270,ＳＵＢＡＲＵ,輸送用機器,プライム,7270.T,2026-10-02,2487.0,-0.019708316909735957,-0.043953673937000226,-0.09084262474867488,-0.011329755515802065,-0.014268727705113005,2577.1268310546875,2589.5006103515625,-0.034971825976373494,-0.03958315744040186,-0.1269088994207478,0.24544878852462224,3756500.0,3771655.0,0.995981870027879,9864373965.0,317,True,jpx_liquidity,JPX流動性
128,8830,住友不動産,不動産業,プライム,8830.T,2026-10-02,3089.0,-0.02861635220125791,-0.028856877373353518,-0.08959622752726204,-0.19703665193657394,-0.3215462332528004,3195.246630859375,3453.232210286458,-0.03325146479562968,-0.10547573638444774,-0.37658930373360244,0.26383995770952773,3133500.0,3047530.0,1.028209730503063,9778575590.0,317,False,jpx_liquidity,JPX流動性
129,6383,ダイフク,機械,プライム,6383.T,2026-10-02,5851.0,0.003257887517146729,0.05442422058028473,0.014389736477115056,-0.19991795432790915,-0.014651397777029285,5568.05,5996.816666666667,0.05081671321198611,-0.02431567859614403,-0.24493483030068397,0.32160329990513725,2685600.0,1676255.0,1.6021428720570559,9628177550.0,317,False,jpx_liquidity,JPX流動性
130,1925,大和ハウス工業,建設業,プライム,1925.T,2026-10-02,2144.5,-0.01424959779361068,-0.020297229912510262,-0.5479553119730185,-0.5237619364867866,-0.5692044997991161,3162.31611328125,4140.90537109375,-0.32185780194667324,-0.4821180858248961,-0.5753465346534654,1.700933674128518,4515600.0,3332930.0,1.35484393611627,9553551507.5,317,True,jpx_liquidity,JPX流動性
131,5334,日本特殊陶業,ガラス・土石製品,プライム,5334.T,2026-10-02,3758.0,-0.02007822685788785,0.014029296553592419,-0.5501017598467617,-0.6580527752502274,-0.4997337593184239,5223.630725097656,8079.460241699218,-0.2805770166822533,-0.5348699185863384,-0.6580527752502274,1.7754103094114395,1699000.0,1931970.0,0.8794132414064401,9549745410.0,317,False,jpx_liquidity,JPX流動性
132,2502,アサヒグループホールディングス,食料品,プライム,2502.T,2026-10-02,1572.0,-0.014420062695924774,-0.026022304832713727,-0.07147076196101598,0.012234385061171915,-0.03558282208588959,1612.55,1642.6416666666667,-0.025146507085051617,-0.04300491586215294,-0.11511398817900365,0.1730633262121428,5182400.0,5815925.0,0.8910706379466723,9469322997.5,317,True,jpx_liquidity,JPX流動性
133,4452,花王,化学,プライム,4452.T,2026-10-02,3439.0,-0.012349224583572682,-0.02106461713635066,-0.04842280022136136,0.04560656734569779,-0.43213342140026423,3473.55,3436.4666666666667,-0.009946596421528509,0.0007371913011426923,-0.44603737113402064,0.15082240981354822,2789200.0,2689110.0,1.0372204930255735,9460360610.0,317,False,jpx_liquidity,JPX流動性
134,8729,ソニーフィナンシャルグループ,保険業,プライム,8729.T,2026-10-02,148.89999389648438,-0.028067905596698806,-0.059203962208542515,-0.0780186136440596,0.014305114448711187,0.032593599498682124,158.28081588745118,156.95360565185547,-0.05926695498990375,-0.05131205315050302,-0.10193008953080518,0.2667451808128883,78596900.0,57651715.0,1.3633054975034133,9299462424.284668,246,True,jpx_liquidity,JPX流動性
135,5019,出光興産,石油・石炭製品,プライム,5019.T,2026-10-02,1560.0,0.02127659574468077,-0.051702836138335484,0.05227655986509272,0.2844792095512556,-0.04118008604794099,1586.1151062011718,1401.738368733724,-0.016464824084374774,0.11290383055522946,-0.06024096385542166,0.4200520971533127,5300000.0,5755485.0,0.9208607093928661,9140112787.5,317,True,jpx_liquidity,JPX流動性
136,4684,オービック,情報・通信業,プライム,4684.T,2026-10-02,5064.0,0.010576731191378919,0.010112548216444361,0.00039510075069149053,0.26726726726726735,0.2742828384499245,4978.0421875,4654.697395833334,0.01726739333705174,0.08793323590338109,-0.004129793510324498,0.26139026210823907,1113700.0,1868505.0,0.5960380089964972,9108015200.0,317,False,jpx_liquidity,JPX流動性
137,6504,富士電機,電気機器,プライム,6504.T,2026-10-02,14655.0,0.007909215955983484,0.0848562533222399,0.07205559619604984,0.08234859675036921,0.384506376948512,13205.466845703126,13471.572281901043,0.10976765692827684,0.08784629539410815,-0.15166425470332856,0.38114260038990067,562800.0,674660.0,0.834197966383067,9015974450.0,317,False,jpx_liquidity,JPX流動性
138,4911,資生堂,化学,プライム,4911.T,2026-10-02,3261.0,-0.04313380281690138,-0.06828571428571428,-0.09917127071823206,0.1776814734561214,-0.0501019516457909,3438.0,3350.5416666666665,-0.05148342059336819,-0.026724534590178206,-0.13409453000531069,0.29476857034121157,3238600.0,2560225.0,1.2649669462644886,8902039080.0,317,False,jpx_liquidity,JPX流動性
139,6479,ミネベアミツミ,電気機器,プライム,6479.T,2026-10-02,3835.0,0.0031388961548521888,0.0758074209272821,0.12463343108504388,-0.20895214521452143,0.47188639416618683,3468.3074340820312,3685.0691446940104,0.10572666145872467,0.04068603584328101,-0.2689668318719024,0.3796273235533866,2677900.0,2510250.0,1.06678617667563,8831898780.0,317,False,jpx_liquidity,JPX流動性
140,6532,ベイカレント,サービス業,プライム,6532.T,2026-10-02,8096.0,0.06149206765438575,0.055128372214257704,-0.005771828564411163,0.21361115275071207,0.6986991187578682,7648.5,7315.849715169271,0.05850820422305025,0.10663836945872496,-0.01171875,0.41950439250233756,1998700.0,1106370.0,1.8065384997785552,8821993195.0,317,True,jpx_liquidity,JPX流動性
141,2503,キリンホールディングス,食料品,プライム,2503.T,2026-10-02,2805.0,-0.013886447530321644,-0.021795989537925053,-0.08363279973864746,-0.0030211480362537513,0.07061068702290085,2849.45,2928.6,-0.015599501658214665,-0.042204466297889764,-0.10469198850941586,0.1940475035738297,3645800.0,2974965.0,1.2254934091661582,8703280400.0,317,False,jpx_liquidity,JPX流動性
142,9735,セコム,サービス業,プライム,9735.T,2026-10-02,6223.0,-0.010022271714922093,-0.017060129397842183,-0.042025862068965525,-0.053248136315228956,0.014178617992177234,6318.040087890625,6526.280029296875,-0.015042653507815196,-0.04647058169974816,-0.1323201338538762,0.15540705234203578,1655400.0,1338735.0,1.2365404654393888,8661336165.0,317,False,jpx_liquidity,JPX流動性
143,1928,積水ハウス,建設業,プライム,1928.T,2026-10-02,3310.0,-0.017804154302670572,-0.017512615019293576,-0.04610951008645536,-0.03918722786647311,-0.07126823793490455,3357.3,3429.2892903645834,-0.014088702230959482,-0.03478542644382776,-0.10005437737901035,0.1664782041683636,2243500.0,2558505.0,0.8768792712931966,8602227645.0,317,False,jpx_liquidity,JPX流動性
144,7966,リンテック,その他製品,プライム,7966.T,2026-10-02,5890.0,-0.006745362563237767,0.03501811044876879,0.07090909090909081,-0.1942544459644323,0.2762730227518959,5504.128881835937,5965.876293945313,0.07010575632366978,-0.012718382045956655,-0.1942544459644323,0.38159699113041623,689600.0,1656125.0,0.4163936900898181,8587419450.0,317,False,jpx_liquidity,JPX流動性
145,9022,東海旅客鉄道,陸運業,プライム,9022.T,2026-10-02,3621.0,-0.01388888888888884,-0.03746376037055488,-0.0954284286784911,0.030449630051223586,-0.11250000000000004,3791.3024780273436,3834.4174926757814,-0.04491925374309724,-0.0556583869866637,-0.16277456647398847,0.18220765835491676,2339100.0,2235600.0,1.0462962962962963,8487547830.0,317,False,jpx_liquidity,JPX流動性
146,4507,塩野義製薬,医薬品,プライム,4507.T,2026-10-02,2786.0,-0.023141654978962145,-0.03922404128940393,-0.05559322033898306,-0.028929940745904492,-0.22178770949720672,2877.88017578125,2876.943391927083,-0.03192633819658852,-0.031611116222264646,-0.2299613045881702,0.23600674993331022,3322400.0,2850900.0,1.1653863692167385,8412785090.0,317,False,jpx_liquidity,JPX流動性
147,7186,横浜フィナンシャルグループ,銀行業,プライム,7186.T,2026-10-02,1886.0,-0.01975051975051978,-0.011187326291032806,-0.03578732106339466,0.02056277056277067,0.2869327874445582,1892.9868591308593,1892.0206197102864,-0.003690917925371795,-0.0031821110444389955,-0.04867591424968476,0.27010792317508303,4378200.0,4297055.0,1.018883863483246,8261236872.5,317,True,jpx_liquidity,JPX流動性
148,4385,メルカリ,情報・通信業,プライム,4385.T,2026-10-02,3546.0,-0.02044198895027627,-0.02448418156808807,-0.23230136393158696,-0.19262295081967218,-0.09770992366412212,3856.85,4348.35,-0.08059686013197298,-0.18451826554900141,-0.2950298210735587,0.46437415715987607,1547700.0,2139680.0,0.723332460928737,8208376185.0,317,False,jpx_liquidity,JPX流動性
149,8331,千葉銀行,銀行業,プライム,8331.T,2026-10-02,2771.0,-0.01963559172120999,-0.011281652444822599,-0.029422066549912418,0.039774859287054376,0.2713925212204633,2762.0375854492186,2743.062528483073,0.003244856115643291,0.010184773852886408,-0.03145753233135262,0.2728925788009154,2317500.0,2910030.0,0.7963835424377068,8054318580.0,317,False,jpx_liquidity,JPX流動性
150,7733,オリンパス,精密機器,プライム,7733.T,2026-10-02,1958.0,-0.025143141647996026,-0.03260869565217395,-0.08053533693355253,0.10746606334841635,0.25553061878807304,2002.0,1950.2666666666667,-0.02197802197802201,0.003965269706706742,-0.10470964791952442,0.21745536373308963,4150400.0,4066705.0,1.0205805437079896,8049492767.5,317,True,jpx_liquidity,JPX流動性
151,8697,日本取引所グループ,その他金融業,プライム,8697.T,2026-10-02,2304.0,-0.009883970777825546,0.005418628785734292,0.039476652379878185,0.057365764111978024,0.2126315789473685,2220.5092041015623,2226.0364013671874,0.037599842299333774,0.0350235057184729,-0.009883970777825546,0.2642785621178665,2622200.0,3596945.0,0.7290075327812908,8000705567.5,317,False,jpx_liquidity,JPX流動性
152,7261,マツダ,輸送用機器,プライム,7261.T,2026-10-02,1072.0,-0.031179394487121592,-0.04724829660486174,-0.1572327044025157,-0.05964912280701751,0.043816942551119675,1131.7962646484375,1154.607088216146,-0.0528330641442889,-0.07154562713084756,-0.1572327044025157,0.3033165897153863,6400300.0,7012315.0,0.9127228311905555,7971301375.0,317,True,jpx_liquidity,JPX流動性
153,7003,三井Ｅ＆Ｓ,機械,プライム,7003.T,2026-10-02,4193.0,-0.00968351440717996,-0.021094106590876627,-0.014802631578947345,-0.049421899795964674,-0.2944640753828033,4251.670678710938,4405.306892903646,-0.013799441006735358,-0.04819343988171265,-0.3444340212632896,0.42846168024103587,1303900.0,1892125.0,0.6891193763625554,7901692425.0,317,False,jpx_liquidity,JPX流動性
154,3038,神戸物産,卸売業,プライム,3038.T,2026-10-02,2995.0,-0.004983388704318914,0.016460207025284168,0.06356534090909083,0.12530527897802002,-0.11074821852731587,3021.25,2849.258333333333,-0.008688456764584185,0.05115073805756465,-0.08353733170134636,0.4210070301590288,1358600.0,2568375.0,0.5289725994062393,7848927622.5,317,False,jpx_liquidity,JPX流動性
155,1802,大林組,建設業,プライム,1802.T,2026-10-02,2965.0,-0.0057008718980550155,-0.018156914736870755,-0.03262642740619903,-0.10287443267776097,-0.20466738197424894,3013.796520996094,3095.823840332031,-0.01619104695892548,-0.04225816683354955,-0.24284984678243104,0.25866620335991514,2145800.0,2621315.0,0.8185967729937074,7837864697.5,317,False,jpx_liquidity,JPX流動性
156,5333,ＮＧＫ,ガラス・土石製品,プライム,5333.T,2026-10-02,5624.0,0.010420409629895877,0.048898851961853396,0.04925373134328348,-0.2474240599491503,0.3650485436893205,5220.67392578125,5710.34130859375,0.07725555741510792,-0.015120166015963221,-0.2838405704826181,0.33759740648938663,1185600.0,1455330.0,0.8146605924429511,7551633605.0,317,False,jpx_liquidity,JPX流動性
157,4704,トレンドマイクロ,情報・通信業,プライム,4704.T,2026-10-02,6798.0,0.01903762554339683,0.03929062834428976,0.12456575682382143,0.08472953566299668,0.2768595041322315,6215.6,6221.25,0.09369972327691611,0.09270644966847508,-0.024117140396210157,0.43579224523538507,1078900.0,1170610.0,0.9216562305122971,7423890635.0,317,False,jpx_liquidity,JPX流動性
158,6645,オムロン,電気機器,プライム,6645.T,2026-10-02,6396.0,-0.004513618677042808,0.011225296442687771,-0.023958492293606026,0.056142668428005305,0.41912580430441526,6191.5,6105.483333333334,0.03302915287087127,0.047582910443890514,-0.0918642623881869,0.31069502579033403,1220300.0,1182145.0,1.0322760744240342,7409363590.0,317,False,jpx_liquidity,JPX流動性
159,7911,ＴＯＰＰＡＮホールディングス,その他製品,プライム,7911.T,2026-10-02,2384.5,-0.0136504653567735,-0.018542844050710272,-0.5175030352084177,-0.5511951816299643,-0.4568337129840546,3415.9399536132814,4417.9966512044275,-0.3019490879874087,-0.4602757339460768,-0.5700504868373603,1.794367055037524,2958300.0,2333285.0,1.2678691201460601,7362801292.5,317,False,jpx_liquidity,JPX流動性
160,4188,三菱ケミカルグループ,化学,プライム,4188.T,2026-10-02,1143.0,-0.010389610389610393,-0.009848686487551328,-0.09751283063561,-0.017196904557179704,0.24577656675749315,1177.1531799316406,1180.4760599772135,-0.029013369299672576,-0.031746565006948835,-0.1091192517537023,0.33510043685422447,9365800.0,6068985.0,1.543223454992886,7337369907.5,317,True,jpx_liquidity,JPX流動性
161,9202,ＡＮＡホールディングス,空運業,プライム,9202.T,2026-10-02,2943.0,-0.009424436216762033,-0.02381633196953803,-0.030951596970694717,-0.06273885350318475,0.00529461998292069,2963.470837402344,3038.3319458007813,-0.0069077235868086895,-0.03137640899722549,-0.08630859981372241,0.19852478461282147,2099600.0,2427710.0,0.8648479431233549,7297101802.5,317,False,jpx_liquidity,JPX流動性
162,3407,旭化成,化学,プライム,3407.T,2026-10-02,1630.0,-0.011821764170960924,0.004036912697176209,-0.034646135623334295,-0.11844240129799888,0.059473513162170866,1596.9932861328125,1697.9394287109376,0.02066803546000795,-0.040012869459375655,-0.14255654918463967,0.2312261768994233,4185400.0,4537815.0,0.922338173768653,7262001237.5,317,True,jpx_liquidity,JPX流動性
163,3099,三越伊勢丹ホールディングス,小売業,プライム,3099.T,2026-10-02,1607.5,-0.02041438147471053,-0.014594192374670634,-0.5428043230944255,-0.5907586558044806,-0.4847756410256411,2227.6249572753904,3187.558319091797,-0.2783794261462511,-0.4956955013585411,-0.6140456182472989,1.747026628579697,3747100.0,3323545.0,1.1274407297027722,7168663105.0,317,True,jpx_liquidity,JPX流動性
164,2768,双日,卸売業,プライム,2768.T,2026-10-02,5535.0,-0.012841091492776902,-0.023039037655944505,-0.0478238431102701,0.058924813468528736,-0.131492232857367,5695.715625,5517.455208333334,-0.02821693279323434,0.003179870248908756,-0.161744661517492,0.2613716595013923,1003400.0,1255100.0,0.7994582105011553,7035920955.0,317,False,jpx_liquidity,JPX流動性
165,9706,日本空港ビルデング,不動産業,プライム,9706.T,2026-10-02,5337.0,-0.012580943570767777,-0.029115927021249544,-0.09002557544757028,0.01870585989692697,-0.03297698858488851,5513.129418945313,5574.859806315104,-0.03194726725261732,-0.042666509038605915,-0.11020340113371119,0.18979262140636696,710400.0,1238860.0,0.573430411830231,6898275640.0,317,False,jpx_liquidity,JPX流動性
166,5838,楽天銀行,銀行業,プライム,5838.T,2026-10-02,6245.0,-0.014984227129337557,-0.023303096653112254,-0.0266521197007481,0.15755329008341046,0.02967848309975274,6357.6,5989.766666666666,-0.017711085944381533,0.04261156528078458,-0.08094186902133926,0.3877272917206538,889200.0,1071890.0,0.8295627349821344,6882052435.0,317,False,jpx_liquidity,JPX流動性
167,5831,しずおかフィナンシャルグループ,銀行業,プライム,5831.T,2026-10-02,3568.0,-0.009164121077478438,-0.0006225539592352725,-0.03201302224633751,0.10396039603960405,0.2946298984034834,3541.2993896484377,3435.549796549479,0.007539777752090249,0.038552840533281785,-0.03253796095444683,0.2721174125389926,1654700.0,1927090.0,0.8586521646627817,6867426440.0,317,False,jpx_liquidity,JPX流動性
168,5201,ＡＧＣ,ガラス・土石製品,プライム,5201.T,2026-10-02,5749.0,-0.006566442025228936,0.006830122591944043,-0.018104184457728434,-0.16499636891793756,0.037538350478252935,5635.9,5915.966666666666,0.020067779768980998,-0.028223057375802107,-0.30069334630823497,0.26234689421314367,1094500.0,1218755.0,0.8980475977534451,6814779490.0,317,False,jpx_liquidity,JPX流動性
169,5631,日本製鋼所,機械,プライム,5631.T,2026-10-02,7182.0,-0.00937931034482764,-0.012492340451272677,-0.029197080291970767,-0.097171590194846,-0.25782783920636565,7208.170434570313,7552.490144856771,-0.003630662566578624,-0.04905536290028445,-0.27410551849605824,0.46387490974173357,638500.0,944105.0,0.6763018943867473,6721001980.0,317,False,jpx_liquidity,JPX流動性
170,7550,ゼンショーホールディングス,小売業,プライム,7550.T,2026-10-02,11065.0,0.025486561631139937,0.06442096529473385,-0.04529767040552202,0.3441448007774539,0.18329590418137087,11084.63203125,10579.92734375,-0.0017711035598342306,0.04584839200588209,-0.07791666666666663,0.3413805011351634,668900.0,604280.0,1.106937181439068,6701755650.0,317,True,jpx_liquidity,JPX流動性
171,9532,大阪瓦斯,電気・ガス業,プライム,9532.T,2026-10-02,5763.0,0.0117626404494382,-0.005992699881587793,-0.019731246810682057,0.07458512026850639,-0.10498524615623539,5867.686669921875,5615.495556640625,-0.017841216787955916,0.02626739561479008,-0.11352099676972771,0.2679139907102134,1071000.0,1118815.0,0.957262818249666,6622398305.0,317,False,jpx_liquidity,JPX流動性
172,9201,日本航空,空運業,プライム,9201.T,2026-10-02,2989.0,-0.01091992058239577,-0.019451125586035456,-0.011900826446280988,-0.020000000000000018,0.15628626692456482,2994.7544067382814,2989.9764689127605,-0.0019214953738222462,-0.0003265808018602101,-0.04014129736673089,0.21053514814794946,2195400.0,2154035.0,1.0192034948364348,6608614160.0,317,False,jpx_liquidity,JPX流動性
173,8795,Ｔ＆Ｄホールディングス,保険業,プライム,8795.T,2026-10-02,4737.0,-0.007958115183246073,-0.03551093023706664,-0.043030303030303085,-0.04380298748486067,0.22276716572018596,4854.810693359375,4911.570231119792,-0.024266794485008902,-0.03554265192294559,-0.08481452859350846,0.24850327490560029,1394300.0,1341635.0,1.0392543426490812,6538970920.0,317,False,jpx_liquidity,JPX流動性
174,4005,住友化学,化学,プライム,4005.T,2026-10-02,574.7999877929688,-0.009136335142257868,-0.005738146432268887,-0.0730527166206778,0.03754510431943814,0.07801945730223481,577.5826782226562,549.3092249552409,-0.004817821819467327,0.04640512425365673,-0.08281478124005082,0.33309005062070896,8461900.0,12093765.0,0.6996911218301332,6532457243.128357,317,True,jpx_liquidity,JPX流動性
175,5101,横浜ゴム,ゴム製品,プライム,5101.T,2026-10-02,7061.0,-0.012447552447552468,0.010735757228743203,-0.05043033889187731,-0.09855738542065617,0.14403758911211928,6910.6,7366.033333333334,0.021763667409486764,-0.04141080002353148,-0.10834701351180709,0.3389980909396003,900400.0,932230.0,0.9658560655632193,6531189920.0,317,False,jpx_liquidity,JPX流動性
176,7826,フルヤ金属,その他製品,プライム,7826.T,2026-10-02,11840.0,0.0016920473773265332,0.011965811965811923,0.20693170234454628,0.5396618985695709,0.8734177215189873,10819.5,8688.166666666666,0.09432043994639305,0.3627731205279212,0.0,0.7603547242928078,451000.0,615520.0,0.7327138029633481,6517757550.0,317,False,jpx_liquidity,JPX流動性
177,6481,ＴＨＫ,機械,プライム,6481.T,2026-10-02,6517.0,-0.014069591527987924,0.013687976357131815,-0.008519701810436597,-0.16276978417266186,0.32298010556232226,6254.1,6764.316666666667,0.04203642410578645,-0.03656195870979817,-0.1950512853544235,0.43008828630220325,865100.0,1052510.0,0.8219399340623842,6490467020.0,317,False,jpx_liquidity,JPX流動性
178,6305,日立建機,機械,プライム,6305.T,2026-10-02,5550.0,-0.01245551601423489,-0.018568062966236032,-0.06471183013144588,0.036995515695067205,0.031790295593976614,5676.054516601563,5559.1681722005205,-0.02220812295457575,-0.0016491985700967104,-0.07960199004975121,0.2882260921255764,905400.0,1154065.0,0.7845312005822895,6447612715.0,317,False,jpx_liquidity,JPX流動性
179,4186,東京応化工業,化学,プライム,4186.T,2026-10-02,8908.0,-0.002910230579807438,0.0658052165589853,0.04370240187463392,-0.17936434822662373,0.1429304593276879,8280.35,9053.683333333332,0.07579993599304369,-0.016091056862676423,-0.2333907056798623,0.3910785879243972,507200.0,789610.0,0.642342422208432,6445350210.0,317,False,jpx_liquidity,JPX流動性
180,5332,ＴＯＴＯ,ガラス・土石製品,プライム,5332.T,2026-10-02,6097.0,0.00810185185185186,0.04128026546498487,-0.022916666666666696,-0.2898905194502679,0.15692599620493364,5812.647680664062,6610.932560221354,0.0489195862122942,-0.07773979775769269,-0.3454643048845948,0.2932130036706686,1740000.0,1076845.0,1.615831433493214,6421417575.0,317,False,jpx_liquidity,JPX流動性
181,9531,東京瓦斯,電気・ガス業,プライム,9531.T,2026-10-02,6173.0,0.010310965630114577,0.001262120666845723,-0.03077406186214482,0.022527745568991175,-0.1454872646733112,6209.005590820312,6134.385196940104,-0.0057989303268698444,0.0062948122460841915,-0.16230153345094311,0.23210492144774372,950600.0,1026460.0,0.9260955127330827,6395192545.0,317,False,jpx_liquidity,JPX流動性
182,9506,東北電力,電気・ガス業,プライム,9506.T,2026-10-02,1237.0,-0.02290679304897314,-0.05552030385885531,-0.10653665583243044,0.15715622076707203,0.057264957264957284,1353.8776062011718,1254.625868733724,-0.08632804447450548,-0.014048705014757523,-0.1369857355512767,0.29670884847643725,3345500.0,4733770.0,0.706730576263739,6342955355.0,317,False,jpx_liquidity,JPX流動性
183,8354,ふくおかフィナンシャルグループ,銀行業,プライム,8354.T,2026-10-02,7789.0,0.00012840267077551815,-0.014411809754497518,-0.019141166099987394,0.07865946544799884,0.2241081250982242,7761.866528320313,7615.055509440104,0.00349574056455193,0.02284218287631168,-0.02491236855282919,0.2663022938033584,1184400.0,771260.0,1.5356689054274824,6316467070.0,317,False,jpx_liquidity,JPX流動性
184,6315,ＴＯＷＡ,機械,プライム,6315.T,2026-10-02,2385.0,-0.01323955316508063,0.08755129958960328,0.04881266490765168,-0.2848575712143928,0.03291468168038114,2208.85,2529.116666666667,0.07974737985829727,-0.05698300460635142,-0.326271186440678,0.4103255294988953,2858900.0,2847510.0,1.0039999859526394,6236811915.0,317,False,jpx_liquidity,JPX流動性
185,2801,キッコーマン,食料品,プライム,2801.T,2026-10-02,1647.5,-0.00782896717856063,-0.0027348771167367003,-0.09824849480021891,0.009806926141587402,0.04702891642834439,1689.9120849609376,1706.570694986979,-0.0250972138363742,-0.03461368178915658,-0.10704607046070458,0.2118959687649983,3167500.0,3620350.0,0.8749154087312,6207811175.0,317,False,jpx_liquidity,JPX流動性
186,1911,住友林業,建設業,プライム,1911.T,2026-10-02,1180.5,-0.017069109075770195,-0.03277345350266281,-0.1190298507462687,-0.1329416085200147,-0.16895459345300945,1241.65,1310.3,-0.049248983207828334,-0.09906128367549416,-0.19282051282051282,0.24888532635652116,4284300.0,4890905.0,0.8759728516501547,6148484515.0,317,True,jpx_liquidity,JPX流動性
187,543A,ＡＲＣＨＩＯＮ,輸送用機器,プライム,543A.T,2026-10-02,280.0,-0.02777777777777779,-0.03425226505012602,-0.03114186851211076,-0.10543130990415339,-0.41052631578947374,277.1678176879883,282.0226058959961,0.010218294229238145,-0.007171786423184723,-0.3650793650793651,0.2743650547053336,15016700.0,22695290.0,0.6616659227531351,6146612070.0,317,True,jpx_liquidity,JPX流動性
188,7202,いすゞ自動車,輸送用機器,プライム,7202.T,2026-10-02,2021.0,-0.022490931076178944,-0.057661810526641766,-0.12887931034482758,-0.1266205704407951,-0.1268092460574638,2148.0628662109375,2252.5626220703125,-0.05915230331925492,-0.1027996379774273,-0.18194697429670104,0.27177478977708586,2841100.0,2831765.0,1.0032965306090018,6110101000.0,317,False,jpx_liquidity,JPX流動性
189,4183,三井化学,化学,プライム,4183.T,2026-10-02,2101.0,-0.0075578649031649014,0.00842213390176938,-0.09439655172413797,-0.037121906507791014,0.09827496079456344,2136.9644165039062,2150.929805501302,-0.01682967494739307,-0.023213126422628738,-0.09439655172413797,0.3855735098568698,1739600.0,2940670.0,0.591565867642408,6070073210.0,317,False,jpx_liquidity,JPX流動性
190,8593,三菱ＨＣキャピタル,その他金融業,プライム,8593.T,2026-10-02,1306.0,-0.014339622641509453,-0.03498358063034834,-0.07703180212014138,-0.033308660251665456,-0.11397557666214386,1362.7504333496095,1396.0668111165364,-0.04164403984823417,-0.06451468539997984,-0.13965744400527014,0.16787380345722352,6140200.0,4301070.0,1.4275982488078547,6065845195.0,317,True,jpx_liquidity,JPX流動性
191,6269,三井海洋開発,機械,プライム,6269.T,2026-10-02,8711.0,-0.005252940504739012,-0.03745856353591159,-0.11473577235772359,-0.06874064571306393,-0.43618122977346274,9163.8,9749.1,-0.04941181605884015,-0.10648162394477445,-0.414779979845482,0.3412946322101241,784000.0,644640.0,1.2161826756018863,6027521995.0,317,False,jpx_liquidity,JPX流動性
192,6324,ハーモニック・ドライブ・システムズ,機械,プライム,6324.T,2026-10-02,6570.0,-0.006051437216338829,0.04448915716521351,0.1669626998223801,-0.25678733031674206,0.7154046997389034,6028.2625,6388.5875,0.08986627573036188,0.028396339566453488,-0.26096737907761525,0.4347330402172903,628100.0,1004835.0,0.6250777490831828,5966530350.0,317,False,jpx_liquidity,JPX流動性
193,4203,住友ベークライト,化学,プライム,4203.T,2026-10-02,8581.0,0.010004708097928416,0.05643010192144793,0.13957503320053122,0.14321875832667197,0.7303891913692278,7729.591943359375,7406.430647786458,0.11014915960370764,0.15858777433696525,0.0,0.5226893735830516,578800.0,762005.0,0.759575068405063,5949820215.0,317,False,jpx_liquidity,JPX流動性
194,9021,西日本旅客鉄道,陸運業,プライム,9021.T,2026-10-02,2868.0,-0.011716057891109632,-0.040150133420880696,-0.05377763114483669,0.025567673878061914,-0.09269218601708318,2975.559460449219,2963.978153483073,-0.03614764278075655,-0.032381532019824744,-0.1090400745573159,0.18794760471053445,2226300.0,1945770.0,1.1441742857583372,5907622437.5,317,False,jpx_liquidity,JPX流動性
195,4506,住友ファーマ,医薬品,プライム,4506.T,2026-10-02,1613.5,-0.01314984709480127,0.011598746081504796,0.01477987421383653,0.0362877328195248,-0.20458466847424206,1594.075,1441.9166666666667,0.012185750356789926,0.11899670577356525,-0.2679219600725953,0.37976559712903374,2701600.0,3694360.0,0.7312768652757176,5839414440.0,317,False,jpx_liquidity,JPX流動性
196,4523,エーザイ,医薬品,プライム,4523.T,2026-10-02,4700.0,-0.027519139250982816,-0.035788112193810395,-0.011774600504625754,0.10458284371327853,-0.08542517999610821,4741.904248046875,4694.084749348958,-0.008837008479058772,0.0012601499476254663,-0.08967654464458652,0.22133351180628677,1177400.0,1212725.0,0.9708713846915006,5832016525.0,317,False,jpx_liquidity,JPX流動性
197,2737,トーメンデバイス,卸売業,プライム,2737.T,2026-10-02,37100.0,-0.09290953545232272,-0.15102974828375282,0.06000000000000005,1.217573221757322,2.0711920529801326,36475.0,28154.0,0.01713502398903355,0.31775236200895085,-0.15102974828375282,0.9175685277155643,286600.0,146095.0,1.9617372257777475,5783768750.0,317,False,jpx_liquidity,JPX流動性
198,8050,セイコーグループ,精密機器,プライム,8050.T,2026-10-02,10460.0,-0.009469696969697017,0.010111450401836253,-0.09437229437229433,0.29776674937965253,0.760942760942761,9892.0908203125,9387.5302734375,0.057410429200806634,0.11424407648485646,-0.11430990685859443,0.8124757929455915,297000.0,589685.0,0.5036587330523924,5712158000.0,317,False,jpx_liquidity,JPX流動性
199,2413,エムスリー,サービス業,プライム,2413.T,2026-10-02,1753.0,-0.02556976097832131,-0.008203677510608243,-0.042076502732240395,-0.057780166621875795,0.07151589242053791,1748.925,1786.7333333333333,0.0023300027159540715,-0.01887989254132305,-0.11643145161290325,0.3491657204013051,4577000.0,3191600.0,1.4340769519989973,5704291330.0,317,True,jpx_liquidity,JPX流動性
200,7259,アイシン,輸送用機器,プライム,7259.T,2026-10-02,2147.5,-0.014908256880733939,-0.02478136696645561,-0.07315494173500214,-0.05914567360350498,-0.031130160162418208,2202.8225830078127,2255.6908610026044,-0.025114407049646847,-0.04796351435963875,-0.14730990669049038,0.3040747980548907,2762500.0,2547655.0,1.084330492158475,5671678897.5,317,False,jpx_liquidity,JPX流動性
201,5344,ＭＡＲＵＷＡ,ガラス・土石製品,プライム,5344.T,2026-10-02,58350.0,-0.002904989747094966,0.04993628730534838,0.11631911230151148,-0.20827679782903663,0.0151356993736953,55083.29375,56546.097916666666,0.05930484594523722,0.03190144235932579,-0.26335058704709,0.5279913681695263,96800.0,101065.0,0.9577994360065305,5661955300.0,317,False,jpx_liquidity,JPX流動性
202,5105,ＴＯＹＯ　ＴＩＲＥ,ゴム製品,プライム,5105.T,2026-10-02,3905.0,-0.00433452320244776,0.008783260139498816,0.017722178785509524,0.008783260139498816,0.021983773881183,3752.25,3878.483333333333,0.0407089079885401,0.006836864925722663,-0.08761682242990654,0.31961984827027323,983700.0,1568415.0,0.6271936955461406,5652800350.0,317,False,jpx_liquidity,JPX流動性
203,6113,アマダ,機械,プライム,6113.T,2026-10-02,2626.5,0.0017162471395881784,0.06252193187565602,0.018417991469561912,-0.14585365853658538,0.17280643000669782,2445.7026245117186,2671.309208170573,0.07392451301162484,-0.016774249882236747,-0.17921874999999998,0.40218636764782295,2184700.0,2237160.0,0.9765506266874072,5576743202.5,317,False,jpx_liquidity,JPX流動性
204,6448,ブラザー工業,電気機器,プライム,6448.T,2026-10-02,4649.0,-0.0023605150214591752,-0.006955580510774051,-0.07977038796516234,0.23021963482402752,0.5429804181878526,4593.354028320313,4353.634676106771,0.012114453041634166,0.06784338739174123,-0.07977038796516234,0.3175054856184711,964500.0,1207945.0,0.798463506202683,5532654765.0,317,False,jpx_liquidity,JPX流動性
205,6856,堀場製作所,電気機器,プライム,6856.T,2026-10-02,25330.0,0.0033670033670034627,0.061831901068958306,0.08063139931740615,-0.08473351400180673,0.3636608344549126,22912.25,24652.0,0.10552215517899821,0.027502839526204692,-0.12292243767313016,0.371831479318465,254000.0,233660.0,1.0870495591885645,5523794150.0,317,False,jpx_liquidity,JPX流動性
206,4751,サイバーエージェント,サービス業,プライム,4751.T,2026-10-02,1231.0,-0.006055712555510739,0.001431289702946481,-0.07478391582111987,-0.1562714187799863,-0.08100037327360954,1238.011376953125,1354.145458984375,-0.005663418837378198,-0.0909396093066217,-0.21890862944162437,0.24875082897005443,3115800.0,4483150.0,0.6950023978675708,5450429465.0,317,False,jpx_liquidity,JPX流動性
207,3402,東レ,繊維製品,プライム,3402.T,2026-10-02,1223.5,-0.00649614291514411,-0.013294018321803436,-0.0706418533991644,0.04260758414997867,0.08610741233910346,1238.8488830566407,1232.3829610188802,-0.012389633042869663,-0.0072079550755360655,-0.1092100473243538,0.26742692664555684,4129300.0,4355240.0,0.9481222619189758,5441243567.5,317,True,jpx_liquidity,JPX流動性
208,4182,三菱瓦斯化学,化学,プライム,4182.T,2026-10-02,3915.0,-0.0012755102040816757,0.016949926448597274,0.004876796714579079,-0.2127488437562839,-0.0012755102040816757,3803.8979370117186,4095.582645670573,0.02920742481212879,-0.04409205265616267,-0.3089143865842895,0.32896274038535156,1408800.0,1465630.0,0.9612248657573876,5397794295.0,317,False,jpx_liquidity,JPX流動性
209,7729,東京精密,精密機器,プライム,7729.T,2026-10-02,19205.0,-0.024631792788217366,0.09594525356139072,0.10627880184331806,-0.008518327310273577,0.3572438162544169,17216.68388671875,17671.14462890625,0.11548775166947634,0.08680000097926222,-0.08197896749521993,0.46783559177553063,341400.0,307035.0,1.11192535053007,5387021075.0,317,False,jpx_liquidity,JPX流動性
210,1942,関電工,建設業,プライム,1942.T,2026-10-02,5516.0,0.0025445292620864812,-0.0127242936861649,-0.04847334828359495,-0.18546958062610752,-0.09021936335147618,5546.603442382812,5699.101147460938,-0.005517510436921613,-0.03212807471271373,-0.24911516471549144,0.34028088015024827,644200.0,990665.0,0.6502702729984404,5314523535.0,317,False,jpx_liquidity,JPX流動性
211,6134,ＦＵＪＩ,機械,プライム,6134.T,2026-10-02,8059.0,0.008509573269928739,0.09520170031711728,0.1463726884779517,-0.07876085962505719,0.6390075249135652,7097.732739257813,7442.0609130859375,0.13543300319345408,0.08289895690443116,-0.09773846842812361,0.4647200384069933,673900.0,739765.0,0.9109649686048948,5308286970.0,317,False,jpx_liquidity,JPX流動性
212,1878,大東建託,不動産業,プライム,1878.T,2026-10-02,3110.0,-0.011757229107086098,-0.033713188673808014,-0.07578008915304602,0.012040351448096231,-0.17855256207078707,3237.4301879882814,3258.9100626627605,-0.03936152460092601,-0.04569321024498918,-0.18114797261716697,0.1878358830895979,1560800.0,1613050.0,0.9676079476767614,5287156515.0,317,False,jpx_liquidity,JPX流動性
213,6590,芝浦メカトロニクス,電気機器,プライム,6590.T,2026-10-02,4260.0,0.001175088131609936,0.12549537648612952,0.05707196029776673,-0.2876254180602007,0.044117647058823595,3865.25,4441.0,0.10212793480369964,-0.040756586354424695,-0.2876254180602007,0.5593650575692929,1043600.0,1362335.0,0.7660377219993614,5266806275.0,317,False,jpx_liquidity,JPX流動性
214,5301,東海カーボン,ガラス・土石製品,プライム,5301.T,2026-10-02,2318.0,0.0023783783783783985,0.012448132780082943,0.2155217619297325,0.31816889394370196,1.334575428546208,2069.775,1810.4083333333333,0.1199284946431376,0.2803741329074012,-0.008342245989304775,0.5273592330937021,1469600.0,2575185.0,0.5706774464747193,5240152217.5,317,False,jpx_liquidity,JPX流動性
215,8303,ＳＢＩ新生銀行,銀行業,プライム,8303.T,2026-10-02,1499.5,-0.019614253023863992,-0.06806897435955794,-0.050949367088607644,0.03592400690846276,-0.14607061503416852,1571.9810485839844,1528.0270161946614,-0.04610809312826902,-0.01866918313113597,-0.18283378746594003,0.3340041409483259,3504200.0,3251720.0,1.0776450616904285,5220685477.5,202,False,jpx_liquidity,JPX流動性
216,9147,ＮＩＰＰＯＮ　ＥＸＰＲＥＳＳホールディングス,陸運業,プライム,9147.T,2026-10-02,5672.0,-0.01339363367542179,-0.02088727774900745,-0.03307193999318103,0.0453372650202728,0.5017209425469951,5580.9,5520.583333333333,0.01632353204680248,0.027427657101453784,-0.03307193999318103,0.2901097751117282,837200.0,946080.0,0.884914594960257,5187982465.0,317,False,jpx_liquidity,JPX流動性
217,7167,めぶきフィナンシャルグループ,銀行業,プライム,7167.T,2026-10-02,1660.0,-0.02035998819710827,-0.027854587671463982,-0.03263403263403264,0.10006626905235261,0.2754514022281982,1676.433819580078,1608.602939860026,-0.009802844220951457,0.0319513652912049,-0.033760186263096625,0.2675546177729092,3747800.0,3004435.0,1.247422560315001,5177901277.5,317,True,jpx_liquidity,JPX流動性
218,6841,横河電機,電気機器,プライム,6841.T,2026-10-02,4707.0,-0.005703422053231932,0.002851070425788027,-0.07705882352941174,-0.19012388162422578,-0.04503956177723678,4649.757763671875,5200.285921223958,0.01231079966688875,-0.09485746143509288,-0.21836599136499502,0.3141026760389386,895900.0,1093005.0,0.8196668816702577,5143153355.0,317,False,jpx_liquidity,JPX流動性
219,6302,住友重機械工業,機械,プライム,6302.T,2026-10-02,6216.0,0.018015067147068464,0.04347826086956519,0.07561861913825929,0.16056758775205382,0.2291872651769824,5813.7,5624.85,0.06919861705970387,0.1050961358969571,0.0,0.40741298653654306,960800.0,856670.0,1.1215520562176802,5105451635.0,317,False,jpx_liquidity,JPX流動性
220,7747,朝日インテック,精密機器,プライム,7747.T,2026-10-02,3293.0,-0.021396731054977747,-0.02197802197802201,-0.13273637081906764,-0.14777432712215322,-0.06262453743239393,3338.3,3598.366666666667,-0.013569781026270933,-0.0848625765393558,-0.20150339476236667,0.3049558731592214,1815000.0,1477185.0,1.228688349800465,5089600655.0,317,False,jpx_liquidity,JPX流動性
221,7309,シマノ,輸送用機器,プライム,7309.T,2026-10-02,17485.0,-0.016038266741699503,-0.029958391123439676,-0.11825516893595567,-0.003135689851767376,0.014799767846778833,18236.5,18877.416666666668,-0.04120856524004057,-0.07376097541595117,-0.1699501542843579,0.1623835970746058,290900.0,276830.0,1.0508254163204855,5076269650.0,317,False,jpx_liquidity,JPX流動性
222,6869,シスメックス,電気機器,プライム,6869.T,2026-10-02,1818.5,-0.026759432700026786,-0.03322430907588492,-0.07549567869852569,0.18972849198560682,0.28652281570569516,1849.640447998047,1767.2384826660157,-0.01683594670075028,0.029006564669558532,-0.08156565656565662,0.3053463457504804,2715600.0,2697490.0,1.006713648614082,5075304357.5,317,False,jpx_liquidity,JPX流動性
223,9962,ミスミグループ本社,卸売業,プライム,9962.T,2026-10-02,3937.0,-0.00931051836940111,0.012713657406854928,0.04208575966119632,-0.05970862192500592,0.4043160335295166,3677.251611328125,3738.250537109375,0.0706365558102402,0.05316643732613735,-0.05970862192500592,0.37951469302108376,1238900.0,1338485.0,0.9255987179535071,4992773470.0,317,False,jpx_liquidity,JPX流動性
224,6965,浜松ホトニクス,電気機器,プライム,6965.T,2026-10-02,2389.0,-0.006239600665557399,0.028327022769523147,0.017245050031935216,-0.10490820532034473,0.2830290010741139,2271.4600463867187,2356.753348795573,0.051746432344366156,0.013682658484778232,-0.1965696990079031,0.320958562485485,1966000.0,2135660.0,0.9205585158686308,4883534027.5,317,False,jpx_liquidity,JPX流動性
225,6323,ローツェ,機械,プライム,6323.T,2026-10-02,4218.0,-0.001656804733727757,0.11410459587955635,0.0730094123632663,-0.1461538461538462,0.5050847457627119,3718.95,4058.883333333333,0.13419110232726994,0.03920207938965148,-0.16968503937007873,0.514166572239953,1391600.0,1283500.0,1.0842228282041293,4850691895.0,317,False,jpx_liquidity,JPX流動性
226,9602,東宝,情報・通信業,プライム,9602.T,2026-10-02,1567.0,-0.00031897926634771867,-0.008227848101265867,-0.013224181360201537,0.202609363008442,-0.09185743262822366,1586.175,1510.7931315104167,-0.01208883004712591,0.037203550451272216,-0.06587183308494782,0.21340666718276183,2767600.0,3075505.0,0.8998847343769559,4830167457.5,317,False,jpx_liquidity,JPX流動性
227,4151,協和キリン,医薬品,プライム,4151.T,2026-10-02,2230.0,-0.024283526580616943,-0.016321129245699173,-0.1700781540751768,-0.16275577247981976,-0.15737766861893066,2281.875,2501.2083333333335,-0.022733497671870717,-0.1084309250528912,-0.18479254249680133,0.4543312963327259,1531300.0,2033985.0,0.7528570761337965,4702128717.5,317,False,jpx_liquidity,JPX流動性
228,6724,セイコーエプソン,電気機器,プライム,6724.T,2026-10-02,3284.0,0.0006093845216330607,0.01620548116169851,-0.0099487488694604,0.16993231207695048,0.6273538156590683,3149.1836181640624,3059.427872721354,0.04280994638049518,0.07340330827243502,-0.0099487488694604,0.3010518974155341,1276600.0,1495175.0,0.8538130988011436,4682848160.0,317,False,jpx_liquidity,JPX流動性
229,8304,あおぞら銀行,銀行業,プライム,8304.T,2026-10-02,3389.0,-0.029217989114866838,-0.038854225751559834,-0.02249783674646666,0.19752650176678443,0.28566009104704104,3455.4,3261.7916666666665,-0.019216299126005643,0.03899952735587542,-0.045083122006198906,0.29185741151218836,1499300.0,1333885.0,1.124009940886958,4673984730.0,317,False,jpx_liquidity,JPX流動性
230,2269,明治ホールディングス,食料品,プライム,2269.T,2026-10-02,4059.0,-0.026852073843203095,-0.048188315276445404,-0.1067341549295775,0.06312205343111588,0.022933467741935498,4283.279711914062,4110.1932373046875,-0.052361677732654766,-0.012455189902034425,-0.1067341549295775,0.19974312373291753,1141000.0,1061295.0,1.0751016446888,4646622825.0,317,False,jpx_liquidity,JPX流動性
231,5844,京都フィナンシャルグループ,銀行業,プライム,5844.T,2026-10-02,4708.0,-0.01670843776106934,-0.023153093196638053,-0.056702063714686446,-0.000424628450106157,0.07292616226071114,4823.265307617187,4765.1051025390625,-0.02389777469531973,-0.01198401741624422,-0.07523079945000977,0.24338513088737784,1318900.0,918055.0,1.436624167397378,4610169170.0,317,False,jpx_liquidity,JPX流動性
232,8377,ほくほくフィナンシャルグループ,銀行業,プライム,8377.T,2026-10-02,877.2999877929688,-0.006004971606134668,0.08802830601293099,-0.8956340723539176,-0.8793259989280648,-0.8608343927993387,5422.752838134766,7032.917612711589,-0.8382187029393121,-0.875258031431038,-0.897893390619999,3.1769476258131646,5526100.0,2761085.0,2.001423353500526,4607749922.850952,317,True,jpx_liquidity,JPX流動性
233,9024,西武ホールディングス,陸運業,プライム,9024.T,2026-10-02,3542.0,0.0008476970895732183,-0.006500191673547651,0.021043528394349975,0.04115226337448563,-0.1922462941847206,3543.0234130859376,3493.0244710286456,-0.0002888530406425227,0.014020952151226007,-0.20529504150774058,0.26403792467316084,1353300.0,1297430.0,1.0430620534441164,4596037560.0,317,False,jpx_liquidity,JPX流動性
234,9508,九州電力,電気・ガス業,プライム,9508.T,2026-10-02,1969.5,-0.012039127163280705,-0.03310608272963933,-0.10171037628278223,0.15614910478426758,0.06401944894651534,2113.180743408203,1930.2019144694011,-0.06799264277624928,0.020359572351476896,-0.10882352941176465,0.3400706398170255,2588700.0,2224060.0,1.1639524113558088,4555219157.5,317,False,jpx_liquidity,JPX流動性
235,4980,デクセリアルズ,化学,プライム,4980.T,2026-10-02,3389.0,0.01467065868263484,0.11244611309452313,0.11260669730794493,-0.21149371800837602,0.5457240592930446,2978.200817871094,3252.0086059570312,0.13793535333945606,0.04212516344268824,-0.32503485361481776,0.45315633131834154,3157700.0,1401540.0,2.2530216761562283,4529570622.5,317,False,jpx_liquidity,JPX流動性
236,9042,阪急阪神ホールディングス,陸運業,プライム,9042.T,2026-10-02,4421.0,0.013990825688073416,-0.008622291470832821,-0.056148590947907806,-0.006293549112160068,-0.07413612565445027,4554.172143554688,4649.5240478515625,-0.029241789584778966,-0.04914998728894804,-0.13500293484640968,0.18196571457689303,1949200.0,947060.0,2.0581589339640574,4507541875.0,317,False,jpx_liquidity,JPX流動性
237,6370,栗田工業,機械,プライム,6370.T,2026-10-02,7825.0,-0.0029306829765545217,0.022014353454878677,-0.02260804396702476,-0.16737603745477758,0.015706126687435207,7605.713916015625,8273.887972005208,0.02883175549406558,-0.054253571419389024,-0.1817421311303984,0.27155830264918657,544900.0,576575.0,0.9450635216580671,4435350980.0,317,False,jpx_liquidity,JPX流動性
238,2875,東洋水産,食料品,プライム,2875.T,2026-10-02,9478.0,-0.01106010016694492,-0.022497577009697123,-0.10669180018850144,-0.10033222591362123,-0.13442922374429223,9897.812451171874,10397.937483723957,-0.04241467023576195,-0.08847307316128306,-0.17294938917975566,0.14481384601921427,348600.0,443195.0,0.7865612202303727,4410376815.0,317,False,jpx_liquidity,JPX流動性
239,6268,ナブテスコ,機械,プライム,6268.T,2026-10-02,4926.0,-0.009849246231155795,0.027963272120200333,0.074138682948103,-0.12891246684350133,0.1552532833020639,4607.8,4785.983333333334,0.06905681670211372,0.029255569214267974,-0.15360824742268042,0.408347075498367,775300.0,942920.0,0.8222330632503287,4384306570.0,317,False,jpx_liquidity,JPX流動性
240,8848,レオパレス２１,不動産業,プライム,8848.T,2026-10-02,1013.0,-0.006862745098039191,-0.01650485436893201,0.5489296636085628,0.5632716049382716,0.5852895148669797,844.45,717.6333333333333,0.19959737106992703,0.4115843745645409,-0.04433962264150948,0.9139848209498902,3057700.0,4314375.0,0.7087237433000145,4365300480.0,317,False,jpx_liquidity,JPX流動性
241,5110,住友ゴム工業,ゴム製品,プライム,5110.T,2026-10-02,1979.5,-0.021018793273986147,-0.027750491159135526,-0.13653217011995633,-0.11865538735529835,-0.033447265625,2031.975,2195.65,-0.02582462874789304,-0.09844465192539797,-0.20422110552763817,0.32416575718275964,2096100.0,2116040.0,0.990576737679817,4344783212.5,317,False,jpx_liquidity,JPX流動性
242,7912,大日本印刷,その他製品,プライム,7912.T,2026-10-02,2994.0,-0.0011676396997497562,-0.0009233583260868095,-0.03419354838709676,-0.019003931847968558,0.052927729910321686,3000.4529296875,3087.009309895833,-0.0021506518644742734,-0.030129261223048154,-0.09792106056040972,0.1830496380392068,1165300.0,1439630.0,0.8094440932739663,4328903497.5,317,False,jpx_liquidity,JPX流動性
243,5076,インフロニア・ホールディングス,建設業,プライム,5076.T,2026-10-02,2695.5,-0.021241830065359513,-0.04804724875045496,-0.07751540041067762,0.004284649776453042,0.22189483227561202,2773.8841186523437,2761.4697062174478,-0.028257892290910025,-0.023889346339348583,-0.07751540041067762,0.2779051570177539,1412900.0,1527710.0,0.9248483023610502,4309752630.0,317,False,jpx_liquidity,JPX流動性
244,4021,日産化学,化学,プライム,4021.T,2026-10-02,8392.0,-0.007333806482138661,0.014749479896208229,0.00804804804804804,-0.02724006027587811,0.35464083938660207,8069.9546875,7963.434895833333,0.03990670641544414,0.053816614284233344,-0.02948999653058859,0.24755166655153887,483300.0,524500.0,0.9214489990467112,4294875450.0,317,False,jpx_liquidity,JPX流動性
245,7701,島津製作所,精密機器,プライム,7701.T,2026-10-02,3898.0,-0.02452452452452447,-0.027163156737048055,-0.038954635108481295,-0.05913589186579771,0.020151792724417694,3876.6980834960937,4040.6160278320312,0.005494860844230454,-0.035295615037331585,-0.08797379503977543,0.23607762423188092,1279800.0,1081025.0,1.183876413588955,4288946355.0,317,False,jpx_liquidity,JPX流動性
246,2587,サントリービバレッジ＆フード,食料品,プライム,2587.T,2026-10-02,4466.0,-0.011728258464261954,-0.016732716864817254,-0.01347470731168543,-0.026166593981683417,-0.029341447511410546,4504.2,4578.883333333333,-0.008480973313795936,-0.02465302675688752,-0.09777777777777774,0.15687207857128666,650800.0,952310.0,0.6833909126229905,4280846240.0,317,False,jpx_liquidity,JPX流動性
247,3231,野村不動産ホールディングス,不動産業,プライム,3231.T,2026-10-02,853.0,-0.02480851938286599,-0.03721441273397774,-0.1004956121688515,-0.09658971725053755,-0.17384987893462467,895.0628814697266,921.6909606933593,-0.04699433116995955,-0.0745271068316492,-0.2024310425432445,0.20049493185990236,7915600.0,4603505.0,1.7194724454518895,4278465182.2198486,317,True,jpx_liquidity,JPX流動性
248,3088,マツキヨココカラ＆カンパニー,小売業,プライム,3088.T,2026-10-02,2431.0,-0.007147232999795805,-0.025302035325862948,-0.06697370946075609,0.0108108108108107,-0.061389961389961445,2504.881726074219,2514.2272420247396,-0.02949509563871111,-0.03310251381960028,-0.09695393759286774,0.23779399541816545,985500.0,1704645.0,0.5781262374277342,4246602122.5,317,False,jpx_liquidity,JPX流動性
249,8113,ユニ・チャーム,化学,プライム,8113.T,2026-10-02,917.5,-0.020706611066848124,-0.04097419432095539,-0.07107422429829502,-0.04407166944254326,-0.0504036551353263,955.9050048828125,976.8033365885417,-0.04017659148831498,-0.06071164416335528,-0.1266063779152784,0.16784492813910024,4844000.0,4453735.0,1.0876264528536161,4230300635.8407593,317,True,jpx_liquidity,JPX流動性
250,5830,いよぎんホールディングス,銀行業,プライム,5830.T,2026-10-02,3857.0,-0.014311270125223596,-0.005303320597724426,-0.036713286713286664,0.15652173913043477,0.2417900837089504,3858.3752685546874,3723.6417561848957,-0.0003564372200640653,0.03581392962778951,-0.045060658578856105,0.32001515988691226,1109200.0,1064385.0,1.0421041258567154,4172675395.0,317,False,jpx_liquidity,JPX流動性
251,6141,ＤＭＧ森精機,機械,プライム,6141.T,2026-10-02,2846.0,-0.026009582477754978,-0.029827850690301694,-0.0449664429530201,-0.24106666666666665,0.15597075548334693,2843.75,3239.8083333333334,0.0007912087912087529,-0.12155297252666697,-0.27156385973893016,0.32830000001852383,1740200.0,1454980.0,1.196030185981938,4162815080.0,317,False,jpx_liquidity,JPX流動性
252,8334,群馬銀行,銀行業,プライム,8334.T,2026-10-02,2989.0,-0.02543201825888486,-0.057963263092296824,0.044009779951100336,0.2356345597354279,0.3534072900158478,2949.1401245117186,2730.471708170573,0.013515761817143535,0.09468264807718585,-0.057963263092296824,0.35549794886028335,1496100.0,1364575.0,1.0963853214370776,4158062745.0,317,False,jpx_liquidity,JPX流動性
253,4768,大塚商会,情報・通信業,プライム,4768.T,2026-10-02,3675.0,0.00027218290691344293,0.0035499726925176667,0.0,0.288117770767613,0.2029459901800328,3604.35,3386.483333333333,0.019601315077614645,0.08519654115134201,0.0,0.20527928909878784,843400.0,1175510.0,0.7174758190062186,4151118135.0,317,False,jpx_liquidity,JPX流動性
254,9005,東急,陸運業,プライム,9005.T,2026-10-02,1583.5,-0.013702896293989464,-0.035838017618879614,-0.04751879699248118,-0.05179640718562872,-0.1698558322411533,1637.3885620117187,1681.779520670573,-0.032911285239167976,-0.0584378151015813,-0.17697505197505192,0.1590457121662736,3495300.0,2438675.0,1.4332783171189274,4140002175.0,317,False,jpx_liquidity,JPX流動性
255,7181,かんぽ生命保険,保険業,プライム,7181.T,2026-10-02,1695.0,-0.01653611836379465,-0.059949936896442346,-0.015679442508710784,0.05083694978301301,0.06269592476489039,1747.3421203613282,1709.1057067871093,-0.02995527879251514,-0.008253267618903548,-0.06353591160220995,0.23821505014842737,2234200.0,2357155.0,0.9478375414429683,4132455522.5,317,False,jpx_liquidity,JPX流動性
256,4088,エア・ウォーター,化学,プライム,4088.T,2026-10-02,2899.0,-0.00514756348661638,-0.0041222947440742175,0.07251202367739551,0.043932301044292466,0.304974116587891,2932.2,2688.483333333333,-0.011322556442261766,0.07830313249725696,-0.046381578947368385,0.37716293925861705,448300.0,1426050.0,0.3143648539672522,4064372740.0,317,False,jpx_liquidity,JPX流動性
257,6674,ジーエス・ユアサ　コーポレーション,電気機器,プライム,6674.T,2026-10-02,5448.0,-0.009454545454545493,0.014903129657227954,0.031232254400908488,-0.1913314531690663,-0.08850593943449891,5235.712646484375,5515.754215494791,0.04054602837269328,-0.012283762627503747,-0.27524278302514305,0.4107048825340429,578500.0,775830.0,0.7456530425479809,4055295090.0,317,False,jpx_liquidity,JPX流動性
258,3086,Ｊ．フロント　リテイリング,小売業,プライム,3086.T,2026-10-02,2559.0,-0.027181144269150304,-0.05519660328595166,-0.12751449028298667,-0.1935077213993066,0.00946745562130169,2662.1,2914.225996907552,-0.03872882310957515,-0.12189377120528821,-0.29250760298589995,0.2714310228135713,1443000.0,1533305.0,0.9411043464933592,4052461877.5,317,False,jpx_liquidity,JPX流動性
259,5714,ＤＯＷＡホールディングス,非鉄金属,プライム,5714.T,2026-10-02,8703.0,-0.020042787974327236,-0.02998216674097187,-0.1467647058823529,-0.014829069504188386,-0.045409674234945685,9051.9,9008.283333333333,-0.03854439399463094,-0.033889179773430644,-0.25231958762886597,0.4175334443926704,484500.0,450795.0,1.0747679100256213,4027397130.0,317,False,jpx_liquidity,JPX流動性
260,8359,八十二長野銀行,銀行業,プライム,8359.T,2026-10-02,2758.0,-0.01833066381918491,-0.018578583827681183,0.008040935672514626,0.09033405811425177,0.339810541656546,2731.7275268554686,2645.025842285156,0.009617530623478476,0.04271192965632431,-0.03919177843581256,0.30900330853304103,1475000.0,1431900.0,1.0300998673091697,4011731737.5,317,False,jpx_liquidity,JPX流動性
261,7762,シチズン時計,精密機器,プライム,7762.T,2026-10-02,2398.0,-0.011948908117016876,-0.0016036820548109842,-0.15652479774885686,-0.0029106029106028553,0.33296275708727063,2380.2939575195314,2407.2146525065104,0.007438594894775052,-0.003827931379910665,-0.15652479774885686,0.5532864835820626,1299900.0,1669945.0,0.7784088697531955,3948259715.0,317,False,jpx_liquidity,JPX流動性
262,4091,日本酸素ホールディングス,化学,プライム,4091.T,2026-10-02,5347.0,-0.010547742413027361,-0.04452524823841075,-0.0619298245614035,-0.1478884462151394,-0.07619212163096056,5459.250903320312,5770.533634440104,-0.020561594494959312,-0.07339592163753117,-0.1647922524211184,0.23532283115773786,674200.0,706225.0,0.9546532620623739,3898598045.0,317,False,jpx_liquidity,JPX流動性
263,268A,リガク・ホールディングス,精密機器,プライム,268A.T,2026-10-02,1795.0,-0.01912568306010931,0.07613908872901676,0.13751584283903684,-0.2600989282769992,-0.22762478485370052,1648.3,1925.7,0.08900078869137906,-0.06787142337851171,-0.44598765432098764,0.48866378908515445,1913800.0,2380730.0,0.8038710815590177,3892827345.0,317,False,jpx_liquidity,JPX流動性
264,6586,マキタ,機械,プライム,6586.T,2026-10-02,5258.0,-0.014802323402660633,-0.010959060878130145,-0.019578594070482902,-0.1226430835975304,-0.004166666666666652,5245.3231201171875,5407.124373372396,0.0024167967525572376,-0.027579238625759173,-0.1278819041300382,0.20907689874456256,1007000.0,717470.0,1.403543005282451,3879562350.0,317,False,jpx_liquidity,JPX流動性
265,3626,ＴＩＳＩ,情報・通信業,プライム,3626.T,2026-10-02,4032.0,0.02127659574468077,0.01581253084636769,-0.0004957858205255627,0.231897341888176,0.14806378132118447,3942.3321044921877,3767.9440348307294,0.022744886308699863,0.07007958789417978,-0.002082837096035628,0.31097588876298915,1055700.0,974435.0,1.0833970454673734,3879531660.0,317,False,jpx_liquidity,JPX流動性
266,4902,コニカミノルタ,電気機器,プライム,4902.T,2026-10-02,645.7999877929688,-0.04212403426261213,-0.024038595018963882,-0.07212645432044718,0.12567539489596302,0.1676008249843577,634.2981018066406,635.6410339355468,0.018133249892389625,0.015982218445721008,-0.07212645432044718,0.4575848543727135,4443700.0,5850505.0,0.7595412703689681,3769498089.744568,317,True,jpx_liquidity,JPX流動性
267,5406,神戸製鋼所,鉄鋼,プライム,5406.T,2026-10-02,1992.5,-0.006977323697981541,-0.02325660996579182,-0.03464147286821706,0.04565730779323007,0.033186414311641155,2020.462353515625,2001.2207845052083,-0.013839581552692715,-0.004357732326553121,-0.04068367838228215,0.224347453131182,1691100.0,1879115.0,0.899944920880308,3756528642.5,317,False,jpx_liquidity,JPX流動性
268,3697,ＳＨＩＦＴ,情報・通信業,プライム,3697.T,2026-10-02,890.4000244140625,0.0334262414626223,0.01806545765970302,-0.05115089380988791,0.2567396251433487,0.33573365890301154,866.5049987792969,852.6312428792318,0.027576327509279297,0.04429673654379607,-0.07872227061401382,0.4421189487831239,5493400.0,4362825.0,1.2591382876920345,3739408897.5390625,317,True,jpx_liquidity,JPX流動性
269,1944,きんでん,建設業,プライム,1944.T,2026-10-02,6838.0,0.0007317430118543022,-0.005185964168513912,-0.059163456246560275,-0.13835685483870963,-0.03933689238550153,6873.08935546875,7092.67978515625,-0.005105325080755785,-0.035907413399551835,-0.19788856304985336,0.2997863390859327,445900.0,558155.0,0.7988820309770583,3722139290.0,317,False,jpx_liquidity,JPX流動性
270,3391,ツルハホールディングス,小売業,プライム,3391.T,2026-10-02,2061.0,-0.016698473282442783,-0.048915551453622474,-0.08521970705725701,-0.03375527426160341,-0.18376237623762381,2218.7,2323.4128987630206,-0.07107765808806954,-0.11294286043721657,-0.20363214837712518,0.2432669537258548,1771900.0,1716750.0,1.0321246541430027,3697445117.5,317,False,jpx_liquidity,JPX流動性
271,4612,日本ペイントホールディングス,化学,プライム,4612.T,2026-10-02,1158.5,-0.018220338983050866,-0.017804154302670572,-0.03498542274052474,0.06528735632183902,0.17352105518110994,1145.325,1163.9916666666666,0.011503285093750648,-0.004717960466498083,-0.08743599842457661,0.2767413604135163,2762800.0,3207590.0,0.8613320280958602,3696650775.0,317,False,jpx_liquidity,JPX流動性
272,4204,積水化学工業,化学,プライム,4204.T,2026-10-02,2499.0,-0.014201183431952646,0.005649808545509893,-0.06736331405112894,-0.053229778367114955,-0.05448354143019296,2500.2538452148438,2605.467948404948,-0.0005014871658906017,-0.040863273129161715,-0.09423704240666908,0.19510049891948697,1928400.0,1431080.0,1.3475137658272074,3670464597.5,317,False,jpx_liquidity,JPX流動性
273,8233,高島屋,小売業,プライム,8233.T,2026-10-02,2042.5,-0.019678425725941917,-0.04332552693208436,-0.11980176686059041,-0.12564212328767121,0.03182621874210656,2131.2,2262.9473958333333,-0.04161974474474461,-0.09741604963475226,-0.21502690238278244,0.17818606941457377,1747000.0,1705225.0,1.0244982333709627,3662910540.0,317,False,jpx_liquidity,JPX流動性
274,6770,アルプスアルパイン,電気機器,プライム,6770.T,2026-10-02,2207.5,-0.027747192248403385,0.01647463422552753,-0.053184645078275805,0.03833490122295391,0.007760785208856369,2198.2317504882812,2170.8022501627606,0.004216229480654254,0.01690515560986161,-0.0671878301288823,0.38256652864814666,1627400.0,1688940.0,0.9635629448056178,3661238380.0,317,False,jpx_liquidity,JPX流動性
275,2282,日本ハム,食料品,プライム,2282.T,2026-10-02,1997.0,-0.005478087649402386,-0.008769007114514005,-0.6866467911501648,-0.673532777505313,-0.7272975556465929,3685.9499938964846,5405.166664632162,-0.4582129428487077,-0.6305386819860619,-0.7252339020363237,2.2983773211331653,2067800.0,1192975.0,1.7333137743875604,3643513276.179199,317,False,jpx_liquidity,JPX流動性
276,5805,ＳＷＣＣ,非鉄金属,プライム,5805.T,2026-10-02,2830.0,0.027596223674654974,0.10265295617984505,-0.802924791086351,-0.7746815286624203,-0.78027950310559,6994.157409667969,10704.885803222656,-0.5953765644324629,-0.7356347323996635,-0.8512874408828166,2.8840588756143584,1486500.0,813195.0,1.82797483998303,3628961620.0,317,True,jpx_liquidity,JPX流動性
277,6728,アルバック,電気機器,プライム,6728.T,2026-10-02,8130.0,-0.02048192771084334,0.0683311432325886,0.10088016249153697,-0.19345238095238093,-0.0822891974263461,7333.85,8312.05,0.10855826066799823,-0.021901937548498784,-0.28180212014134276,0.3764822966767376,629700.0,476855.0,1.3205272042864182,3608376410.0,317,False,jpx_liquidity,JPX流動性
278,6952,カシオ計算機,電気機器,プライム,6952.T,2026-10-02,2174.0,-0.010693970420932897,-0.012491483079718368,-0.13730158730158726,0.16537121415170186,0.3557842220143437,2172.85,2121.5916666666667,0.0005292588075569427,0.024702365755270295,-0.13730158730158726,0.430514943173063,930800.0,1721295.0,0.5407556519945739,3598236920.0,317,False,jpx_liquidity,JPX流動性
279,5938,ＬＩＸＩＬ,金属製品,プライム,5938.T,2026-10-02,1681.0,-0.004736530491415092,-0.0011883541295305555,-0.06298773690078041,-0.09890109890109888,0.028134556574923586,1706.2683471679688,1776.3227823893228,-0.014809128476132583,-0.0536629847538771,-0.12946659761781465,0.15267816794791447,2097400.0,2079215.0,1.0087460892692675,3581051785.0,317,False,jpx_liquidity,JPX流動性
280,4528,小野薬品工業,医薬品,プライム,4528.T,2026-10-02,2290.0,-0.018431204457779682,-0.046413610207492906,-0.07865620599476963,-0.05332782141380732,-0.09557661927330174,2361.8337890625,2402.6029296875,-0.030414413323730738,-0.0468670575133886,-0.11016125898581697,0.21201189901032277,1499300.0,1470375.0,1.0196718524186006,3559672207.5,317,False,jpx_liquidity,JPX流動性
281,3064,ＭｏｎｏｔａＲＯ,小売業,プライム,3064.T,2026-10-02,2060.0,0.05182537656369668,0.05102040816326525,0.08307045215562558,0.07152145643693109,0.18595279217040872,1937.45,1924.7416666666666,0.0632532452450385,0.0702734999069139,-0.01032908959884693,0.3795515295940673,3361700.0,1722485.0,1.951657053617303,3556354572.5,317,True,jpx_liquidity,JPX流動性
282,9831,ヤマダホールディングス,小売業,プライム,9831.T,2026-10-02,707.2000122070312,-0.007856307073287994,-0.017095188037482667,-0.01229048574436975,0.1010431661957023,0.30455643618622696,711.8100006103516,701.7033345540365,-0.006476431069200261,0.007833335517050344,-0.0753137768113169,0.1570309241875099,2816400.0,4982285.0,0.5652827969495924,3519227682.8182983,317,False,jpx_liquidity,JPX流動性
283,6806,ヒロセ電機,電気機器,プライム,6806.T,2026-10-02,25215.0,-0.015039062499999978,0.01811467937985145,-0.027574238333976098,-0.1383905689390056,0.21196827685652497,24449.8978515625,26087.965950520833,0.03129265214449983,-0.0334623999500967,-0.19569377990430625,0.29910289264837026,139600.0,141010.0,0.9900007091695624,3511981825.0,317,False,jpx_liquidity,JPX流動性
284,3132,マクニカホールディングス,卸売業,プライム,3132.T,2026-10-02,4178.0,-0.005001190759704732,-0.016108531185743846,0.11532301121195943,0.31590551181102366,0.8248525879012885,3870.559289550781,3570.353096516927,0.07943056479698063,0.17019238351407462,-0.018096357226792037,0.40289212934087953,927500.0,897135.0,1.033846634007145,3502909280.0,317,False,jpx_liquidity,JPX流動性
285,1963,日揮ホールディングス,建設業,プライム,1963.T,2026-10-02,2245.5,-0.004433606739082219,-0.029812054439403712,-0.0561160151324086,-0.09945859234008425,-0.11507389162561577,2325.425,2311.508333333333,-0.03437006138662835,-0.02855638994740084,-0.2156828501571778,0.28062428830709035,977300.0,1531365.0,0.6381888054121649,3479922702.5,317,False,jpx_liquidity,JPX流動性
286,6460,セガサミーホールディングス,機械,プライム,6460.T,2026-10-02,3285.0,-0.02435402435402434,0.014455930665092875,0.04285714285714293,0.40896418614625785,0.332116788321168,3229.7263671875,2874.9837890625,0.017114029650949547,0.14261513838698958,-0.02435402435402434,0.24926722605078105,1296100.0,1055065.0,1.2284551188789317,3479065190.0,317,False,jpx_liquidity,JPX流動性
287,2897,日清食品ホールディングス,食料品,プライム,2897.T,2026-10-02,2806.5,-0.009528851244044456,-0.03353066684512829,-0.0710029791459782,-0.016126205083260348,-0.08968537139150179,2916.942346191406,2932.830782063802,-0.03786236856398917,-0.04307469180847334,-0.10677912157861236,0.19084663940552601,1048000.0,1183190.0,0.8857410897658026,3472395947.5,317,False,jpx_liquidity,JPX流動性
288,3003,ヒューリック,不動産業,プライム,3003.T,2026-10-02,1684.0,-0.020930232558139528,-0.028835063437139596,-0.06366416458159574,-0.02911501873738831,-0.10401702580473526,1739.4,1763.0,-0.03185006324019779,-0.04480998298355077,-0.12768712768712764,0.1571195958835768,2580700.0,1940140.0,1.3301617409052955,3441823312.5,317,False,jpx_liquidity,JPX流動性
289,3289,東急不動産ホールディングス,不動産業,プライム,3289.T,2026-10-02,1202.0,-0.022366815778771865,-0.04476824280938785,-0.11324234599778682,-0.09861267341582303,-0.10962962962962963,1266.7196105957032,1308.8815368652345,-0.051092293870201755,-0.08165867869235532,-0.1508300953726598,0.20030005510399768,2769400.0,2686520.0,1.0308503193722733,3433172595.0,317,False,jpx_liquidity,JPX流動性
290,6368,オルガノ,機械,プライム,6368.T,2026-10-02,2545.0,-0.015473887814313358,0.048546177616298314,-0.8044563964656166,-0.8421705426356589,-0.8246037215713301,6398.8331298828125,11758.111043294271,-0.6022712347170384,-0.783553668558741,-0.8653795292250728,2.809266729966128,1285500.0,993455.0,1.2939690272835709,3429046575.0,317,False,jpx_liquidity,JPX流動性
291,7211,三菱自動車工業,輸送用機器,プライム,7211.T,2026-10-02,337.29998779296875,-0.028793551256791727,-0.07046524649817498,-0.15653915243549588,0.010485320934675357,0.0915857210128439,360.0820877075195,361.33736419677734,-0.0632691841451879,-0.0665233623354774,-0.16962093142169998,0.397587445104585,12006600.0,9519300.0,1.2612902209196055,3422564885.3871155,317,True,jpx_liquidity,JPX流動性
292,8253,クレディセゾン,その他金融業,プライム,8253.T,2026-10-02,4318.0,-0.03766436371740589,-0.0713978494623656,-0.0888373074488289,-0.059668989547038365,0.013615023474178312,4588.0,4636.483333333334,-0.05884917175239757,-0.06869071027251261,-0.10858794384805948,0.22819999346987366,1175300.0,725970.0,1.6189374216565422,3414558790.0,317,False,jpx_liquidity,JPX流動性
293,4324,電通グループ,サービス業,プライム,4324.T,2026-10-02,3556.0,-0.002244668911335568,-0.008089260808926135,-0.045625335480407925,0.0965155720012334,0.24947294448348556,3608.15,3563.4666666666667,-0.014453390241536579,-0.002095337873232017,-0.08208569953536393,0.22464409009824152,766800.0,956625.0,0.8015680125441004,3410946890.0,317,False,jpx_liquidity,JPX流動性
294,9684,スクウェア・エニックス・ホールディングス,情報・通信業,プライム,9684.T,2026-10-02,2884.0,-0.0010391409767924742,-0.019031326918030445,-0.08763049667826639,0.15037893897088161,0.11372851901911574,2914.285852050781,2806.620284016927,-0.010392203643808329,0.027570425690904177,-0.08763049667826639,0.2929695219300234,1293200.0,1387110.0,0.9322980873903295,3400016630.0,317,False,jpx_liquidity,JPX流動性
295,7731,ニコン,精密機器,プライム,7731.T,2026-10-02,1900.0,-0.030612244897959218,0.019594145875696967,-0.02862985685071573,-0.16336415675913696,-0.05870696061431757,1816.6601257324219,1980.3783752441407,0.04587532532205385,-0.04058738281982688,-0.18332258757790676,0.3716240318043869,1645700.0,1820895.0,0.9037863248567325,3339871820.0,317,False,jpx_liquidity,JPX流動性
296,6754,アンリツ,電気機器,プライム,6754.T,2026-10-02,3489.0,0.01101130107215309,0.03375534385104495,0.03255401006214864,-0.22466666666666668,0.161451398135819,3242.245397949219,3542.6984659830728,0.07610608444593936,-0.015157503947537343,-0.2694723618090452,0.34556444469594977,1315000.0,973450.0,1.3508654784529253,3326437270.0,317,False,jpx_liquidity,JPX流動性
297,9412,スカパーＪＳＡＴ,情報・通信業,プライム,9412.T,2026-10-02,1976.0,-0.012987012987012991,-0.0372341722620958,-0.04077669902912617,-0.2856109906001446,-0.35424836601307186,1997.8053283691406,2198.2851094563803,-0.010914641211284049,-0.10111750677843134,-0.5676148796498905,0.31732209762578,1077100.0,1704825.0,0.6317950522780931,3325270670.0,317,False,jpx_liquidity,JPX流動性
298,3994,マネーフォワード,情報・通信業,プライム,3994.T,2026-10-02,5987.0,-0.00216666666666665,0.038868644803053964,-0.047717512327024036,0.31930365799911864,0.6137466307277628,6046.25,5737.25,-0.009799462476741794,0.04353130855374965,-0.10801549463647198,0.594232089818139,312000.0,541155.0,0.5765446129112731,3280476105.0,317,False,jpx_liquidity,JPX流動性
299,9041,近鉄グループホールディングス,陸運業,プライム,9041.T,2026-10-02,3340.0,-0.0029850746268657025,-0.05129586367703853,-0.04270564631699625,-0.02396259497369957,0.0014992503748125774,3458.254443359375,3490.801481119792,-0.034194835948653246,-0.04319967260682411,-0.08468073444779389,0.1415175661100502,973400.0,913970.0,1.0650240161055615,3255967455.0,317,False,jpx_liquidity,JPX流動性
300,1893,五洋建設,建設業,プライム,1893.T,2026-10-02,1449.0,-0.01595925297113754,-0.02914017023691995,-0.032710280373831724,-0.15089364195722244,-0.18891687657430734,1482.78095703125,1508.24365234375,-0.02278216271328737,-0.03927989503001572,-0.3308704687139229,0.3836773917565149,1198900.0,2237955.0,0.535712290908441,3238475607.5,317,False,jpx_liquidity,JPX流動性
301,8341,七十七銀行,銀行業,プライム,8341.T,2026-10-02,4075.0,-0.005369782767878917,-0.016879014956500793,0.015702891326021984,0.1579994316567206,0.2530750307503076,4024.6148193359377,3777.1716064453126,0.012519255363765636,0.07884957968191797,-0.030223702998572133,0.30708917393091323,649200.0,787275.0,0.8246165571115557,3228687735.0,317,False,jpx_liquidity,JPX流動性
302,5021,コスモエネルギーホールディングス,石油・石炭製品,プライム,5021.T,2026-10-02,4160.0,-0.0009606147934678733,-0.06191835652493316,-0.04433723868596373,0.06968372332219075,-0.067473660614212,4391.685327148438,4142.295109049479,-0.052755448054579435,0.004274174216086557,-0.08780759812004213,0.30277411356552103,617000.0,720285.0,0.8566053714848983,3205992565.0,317,False,jpx_liquidity,JPX流動性
303,7752,リコー,電気機器,プライム,7752.T,2026-10-02,1662.5,-0.0009014423076922906,0.0010705910154884535,-0.04755084503007734,0.1533125216788067,0.2228760573740345,1632.0808654785155,1603.8602884928384,0.01863825204063385,0.03656160821979437,-0.04755084503007734,0.29030275280800516,1976900.0,1929485.0,1.0245739148010997,3184489865.0,317,False,jpx_liquidity,JPX流動性
304,8804,東京建物,不動産業,プライム,8804.T,2026-10-02,3211.0,-0.013517665130568401,-0.032831325301204806,-0.07517281105990781,-0.031080265540132768,-0.12291723572794322,3305.95,3371.4666666666667,-0.028720942542990624,-0.04759550739539664,-0.1724226804123712,0.19107195019689996,1702800.0,918535.0,1.853821574572553,3153683665.0,317,False,jpx_liquidity,JPX流動性
305,9616,共立メンテナンス,サービス業,プライム,9616.T,2026-10-02,3160.0,-0.03481979230299326,-0.02317751222918607,-0.0453172205438066,0.055444221776887126,0.2589641434262948,3188.4916381835938,3234.480546061198,-0.008935773217151888,-0.023027050248268455,-0.09247558874210227,0.23583187169645917,619100.0,1003225.0,0.6171098208278303,3135887910.0,317,False,jpx_liquidity,JPX流動性
306,3349,コスモス薬品,小売業,プライム,3349.T,2026-10-02,6198.0,-0.002093060698760252,-0.015096138566661366,-0.04366610091035339,-0.03472979286715461,-0.07193406219162113,6478.95,6467.716666666666,-0.04336350797582944,-0.041701991686916795,-0.11507709880068528,0.32330300550653995,415000.0,482670.0,0.8598006919841714,3133325350.0,317,False,jpx_liquidity,JPX流動性
307,9435,光通信,情報・通信業,プライム,9435.T,2026-10-02,35790.0,-0.015676567656765727,-0.05274359602898848,-0.10992290475006217,-0.006109414051652329,-0.117603550295858,37882.5181640625,38480.17272135417,-0.05523703981346162,-0.06991061970626977,-0.13173216885007277,0.24089988422958947,79800.0,81860.0,0.9748350842902517,3132195850.0,317,False,jpx_liquidity,JPX流動性
308,7649,スギホールディングス,小売業,プライム,7649.T,2026-10-02,1235.0,-0.01002004008016033,-0.019062748212867353,-0.06261859582542695,-0.6078120038107335,-0.6661259799945931,1276.85,2058.364158121745,-0.032775972118886276,-0.4000089852288643,-0.668010752688172,0.2685312192969418,2207900.0,2445650.0,0.902786580254738,3123975205.0,317,False,jpx_liquidity,JPX流動性
309,5214,日本電気硝子,ガラス・土石製品,プライム,5214.T,2026-10-02,5059.0,-0.0031527093596058764,0.03774358974358982,0.04094650205761319,-0.20393391030684505,-0.21480676703399038,4829.8,5117.933333333333,0.04745538117520387,-0.011515064674543107,-0.38274768179599805,0.29666172523163925,530900.0,654560.0,0.8110791982400392,3101324045.0,317,False,jpx_liquidity,JPX流動性
310,1721,コムシスホールディングス,建設業,プライム,1721.T,2026-10-02,5487.0,0.010311176578899017,-0.007251670375471031,-0.011351351351351346,0.006604292790313604,0.07084309133489453,5450.8810546875,5355.993684895833,0.00662625820488949,0.02445975906835196,-0.07047264102998474,0.3054570432677833,487800.0,550535.0,0.8860472086243382,3101091870.0,317,False,jpx_liquidity,JPX流動性
311,3092,ＺＯＺＯ,小売業,プライム,3092.T,2026-10-02,1088.0,-0.00910746812386154,-0.03619016764085081,-0.07127614169867691,-0.05391304347826087,-0.042674879014518274,1115.6442016601563,1141.1564005533853,-0.02477868985382603,-0.04658117023013497,-0.11147407104940787,0.262963553499752,2421300.0,2819050.0,0.858906369166918,3093713607.5,317,False,jpx_liquidity,JPX流動性
312,7220,武蔵精密工業,輸送用機器,プライム,7220.T,2026-10-02,3145.0,0.02610114192495927,0.06479079814013411,0.016155088852988664,-0.23757575757575755,0.14073268044976417,2862.546240234375,3180.3487467447917,0.09867220860771098,-0.011114739155877906,-0.6771047227926078,0.589311787100336,806500.0,1080600.0,0.746344623357394,3090342740.0,317,True,jpx_liquidity,JPX流動性
313,6966,三井ハイテック,電気機器,プライム,6966.T,2026-10-02,904.0,-0.02481121898597627,0.026106696935300766,-0.04338624338624342,-0.17442922374429226,0.42138364779874204,898.25,924.4773590087891,0.006401335930976915,-0.022150200661208874,-0.3151515151515152,0.45984307960402276,1920300.0,3370100.0,0.5698050502952434,3079336515.0,317,False,jpx_liquidity,JPX流動性
314,3197,すかいらーくホールディングス,小売業,プライム,3197.T,2026-10-02,3167.0,-0.0009463722397475838,-0.0012614317250079221,-0.0646780862374483,0.11161811161811164,-0.06715758468335786,3270.95,3190.241666666667,-0.03177975817423062,-0.007285237011825152,-0.07397660818713447,0.20066921166887255,732300.0,955310.0,0.7665574525546681,3078428050.0,317,False,jpx_liquidity,JPX流動性
315,3861,王子ホールディングス,パルプ・紙,プライム,3861.T,2026-10-02,835.4000244140625,-0.010658455400028188,-0.025764314324535076,-0.06303269707352988,0.026037843145647832,-0.018446659173108837,856.0721496582031,859.977382405599,-0.024147643691474152,-0.028579074862162823,-0.06815390472497207,0.17394591315016855,4852300.0,3449050.0,1.4068511619141504,3074323575.6799316,317,True,jpx_liquidity,JPX流動性
316,9142,九州旅客鉄道,陸運業,プライム,9142.T,2026-10-02,3349.0,-0.017888563049853423,-0.03702268490984273,-0.07791850220264318,-0.05019852524106638,-0.105979711692472,3486.506481933594,3539.6521606445312,-0.03943961746410796,-0.05386183500296693,-0.12122802414064549,0.20758309421831428,979000.0,856215.0,1.1434044019317577,3057999290.0,317,False,jpx_liquidity,JPX流動性
317,4527,ロート製薬,医薬品,プライム,4527.T,2026-10-02,2788.0,-0.01134751773049647,-0.003174924624782416,-0.08500164095831964,0.1590106007067138,0.1187800963081862,2838.7506103515625,2699.3418701171877,-0.01787779812939516,0.032844350270817335,-0.10238248551191242,0.24214673555835886,945200.0,1058545.0,0.8929237774492346,3031426732.5,317,False,jpx_liquidity,JPX流動性
318,7581,サイゼリヤ,小売業,プライム,7581.T,2026-10-02,6490.0,-0.007645259938837912,0.028526148969889142,-0.07549857549857553,0.1864716636197441,-0.021116138763197623,6723.0,6992.0713297526045,-0.03465714710694634,-0.07180580776059797,-0.21901323706377862,0.3526954374460604,373700.0,432740.0,0.8635670379442622,2966317200.0,317,False,jpx_liquidity,JPX流動性
319,2267,ヤクルト本社,食料品,プライム,2267.T,2026-10-02,2720.0,-0.010189228529839833,-0.019230567774082274,-0.05226480836236935,-0.04444054101528194,-0.002201027146001455,2793.227294921875,2830.1757649739584,-0.026216017241061373,-0.03892894792524382,-0.11888564949789437,0.15473954179112637,1382400.0,1035410.0,1.3351232844959968,2961915982.5,317,False,jpx_liquidity,JPX流動性
320,8252,丸井グループ,小売業,プライム,8252.T,2026-10-02,2725.0,-0.017132551848512145,-0.03439216606350781,-0.07170839720660871,-0.070600272851296,-0.11869340232858994,2828.0076171875,2917.844205729167,-0.03642409467409513,-0.06609133049342342,-0.12153449387491944,0.17617720433286385,1093200.0,1032590.0,1.0586970627257672,2956631242.5,317,False,jpx_liquidity,JPX流動性
321,4680,ラウンドワン,サービス業,プライム,4680.T,2026-10-02,1241.0,-0.027810419114766893,0.048913707953134544,-0.07145529367751591,-0.012335853561480259,0.42414501403584426,1216.0348022460937,1260.161600748698,0.02053000268396432,-0.015205669445342185,-0.09150805270863838,0.3938554435555957,1694900.0,2412235.0,0.7026264024856617,2947073202.5,317,False,jpx_liquidity,JPX流動性
322,4732,ユー・エス・エス,サービス業,プライム,4732.T,2026-10-02,1816.0,-0.008192244675040983,-0.016478659456706346,-0.10054482417038135,-0.057602490918526206,0.05183898059658265,1885.9713134765625,1954.1904378255208,-0.037100942615918564,-0.07071492887831798,-0.12015503875968991,0.162892586172397,1442100.0,1512875.0,0.9532182103610675,2916743175.0,317,False,jpx_liquidity,JPX流動性
323,9507,四国電力,電気・ガス業,プライム,9507.T,2026-10-02,2107.0,-0.013807629300257473,0.008078036564162394,0.014443909484833872,0.4188552188552188,0.17709497206703917,2138.700329589844,1841.2251098632812,-0.01482224000775434,0.1443467660271338,-0.06275743493374131,0.3681155298832643,863000.0,1396340.0,0.6180443158543049,2912698165.0,317,False,jpx_liquidity,JPX流動性
324,6278,ユニオンツール,機械,プライム,6278.T,2026-10-02,16370.0,0.023764853033145794,0.14315642458100553,0.18537291817523527,-0.2602801626751017,0.12431318681318682,13801.0,15878.666666666666,0.1861459314542424,0.030942984297590126,-0.3806280741581536,0.552825192746127,246000.0,202105.0,1.217189084881621,2858311550.0,317,True,jpx_liquidity,JPX流動性
325,6997,日本ケミコン,電気機器,プライム,6997.T,2026-10-02,2343.0,-0.04289215686274506,-0.0988461538461538,-0.2019754768392371,-0.5793536804308796,0.5756556825823806,2662.1,3031.05,-0.11986777356222533,-0.22700054436581385,-0.6081939799331104,0.7085299877435227,1669100.0,1054345.0,1.5830681608012558,2856798035.0,317,False,jpx_liquidity,JPX流動性
326,7327,第四北越フィナンシャルグループ,銀行業,プライム,7327.T,2026-10-02,2674.0,-0.033261026753434564,-0.050140626868625415,0.021390374331550888,0.20940750791497065,0.37480719794344464,2663.4928344726563,2475.5976114908854,0.003944882220576318,0.08014322989657052,-0.05378627034677985,0.3022400430050538,1321000.0,1020220.0,1.2948187645801885,2840596965.0,317,False,jpx_liquidity,JPX流動性
327,9023,東京地下鉄,陸運業,プライム,9023.T,2026-10-02,1440.0,-0.017735334242837686,-0.049004353070742024,-0.02074124447466852,-0.0034602076124568004,-0.1251518833535844,1500.3034301757812,1475.9844767252605,-0.04019415603729959,-0.024379983185933374,-0.13174555321073256,0.19733775523577765,1356300.0,1874365.0,0.7236050609139628,2822139712.5,317,False,jpx_liquidity,JPX流動性
328,4042,東ソー,化学,プライム,4042.T,2026-10-02,2603.0,-0.015879017013232466,-0.001266742798005649,-0.04512105649303011,-0.07907305855298075,0.10554257804204714,2593.2317016601564,2677.235567220052,0.0037668436389968196,-0.027728440533582033,-0.14543663821405117,0.21931217778811357,1221500.0,1056635.0,1.1560283352340213,2805188372.5,317,False,jpx_liquidity,JPX流動性
329,2579,コカ・コーラ　ボトラーズジャパンホールディングス,食料品,プライム,2579.T,2026-10-02,3786.0,-0.026735218508997405,-0.011746280344557603,-0.051840721262208844,-0.14363266229359872,0.10669394913767904,3802.4,3988.866666666667,-0.004313065432358543,-0.050858222051376356,-0.17534306251361365,0.26523257762353014,686000.0,738645.0,0.92872760256957,2799986210.0,317,False,jpx_liquidity,JPX流動性
330,8358,スルガ銀行,銀行業,プライム,8358.T,2026-10-02,2936.0,-0.012777404169468709,0.029491703572351646,-0.01969949916527547,0.15590551181102352,0.38164705882352945,2874.8585571289063,2794.4361857096355,0.021267635139641472,0.050659168749067396,-0.01969949916527547,0.2533505992373989,1139900.0,949535.0,1.2004823413565588,2796282855.0,317,False,jpx_liquidity,JPX流動性
331,2871,ニチレイ,食料品,プライム,2871.T,2026-10-02,2087.0,-0.012771996215704795,-0.048968961485273965,-0.03267670915411358,-0.03558225508317925,0.043239190202449374,2153.0769775390627,2160.967325846354,-0.030689556494439718,-0.0342288034444872,-0.11342395921835169,0.18295370473091727,1473400.0,1258245.0,1.1709961096606782,2791388505.0,317,False,jpx_liquidity,JPX流動性
332,3405,クラレ,化学,プライム,3405.T,2026-10-02,1771.0,-0.013370473537604455,-0.019108280254777066,-0.07034120734908134,0.02547770700636942,0.059844404548174746,1800.9,1813.0416666666667,-0.016602809706258048,-0.023188472410544003,-0.0938859043233563,0.24098932569458179,1275700.0,1573165.0,0.8109130320087212,2788876252.5,317,False,jpx_liquidity,JPX流動性
333,2432,ディー・エヌ・エー,情報・通信業,プライム,2432.T,2026-10-02,2532.0,-0.00958341482495595,-0.005303476723629963,-0.02858239017840014,-0.0495495495495496,-0.038359285985567815,2550.675,2514.4583333333335,-0.0073215913434679925,0.006976320281041337,-0.08277485962687914,0.24659292715443007,968900.0,1105665.0,0.8763052099867501,2785484992.5,317,False,jpx_liquidity,JPX流動性
334,7951,ヤマハ,その他製品,プライム,7951.T,2026-10-02,1202.0,-0.016366612111292977,-0.03868060387451355,-0.11160384331116036,0.03308981521272014,0.02691157624946605,1250.4742309570313,1265.9414103190104,-0.0387646780373333,-0.0505089807457183,-0.14509246088193462,0.2555983243429582,1720800.0,2207665.0,0.7794660874725106,2780181767.5,317,False,jpx_liquidity,JPX流動性
335,4208,ＵＢＥ,化学,プライム,4208.T,2026-10-02,3319.0,-0.01949778434268834,-0.0198338624718577,-0.08314917127071819,0.023435090965155725,0.3574642126789367,3388.1359008789063,3373.0953002929687,-0.020405291553084348,-0.016037287854947402,-0.09539384028345599,0.24037032155566845,687700.0,807175.0,0.8519837705578096,2773528025.0,317,False,jpx_liquidity,JPX流動性
336,2181,パーソルホールディングス,サービス業,プライム,2181.T,2026-10-02,279.3999938964844,-0.009571117152122555,-0.027216722467016563,-0.08182712749047216,0.09913452891729646,0.18039711659810087,287.2516159057617,278.0855369567871,-0.02733360431940335,0.004726807996136451,-0.08182712749047216,0.2845013699447251,6284100.0,9895545.0,0.635043345262944,2771187865.7720947,317,True,jpx_liquidity,JPX流動性
337,4666,パーク２４,不動産業,プライム,4666.T,2026-10-02,1771.0,-0.03984819734345346,-0.12043704991308668,-0.14691714836223502,-0.12152777777777779,-0.0776041666666667,1960.325,1985.8833333333334,-0.09657837348398868,-0.10820541656525651,-0.18104046242774563,0.2770269191971364,3536800.0,1417890.0,2.4944107088702228,2771168950.0,317,False,jpx_liquidity,JPX流動性
338,6779,日本電波工業,電気機器,プライム,6779.T,2026-10-02,3635.0,0.009722222222222188,0.12016113390795313,0.3184620964816829,-0.03066666666666662,1.7517032551097653,3018.1814819335937,2934.1604939778645,0.2043676040551552,0.23885520490803214,-0.2474120082815735,0.6454722821711774,677600.0,913965.0,0.741385063979474,2769514910.0,317,False,jpx_liquidity,JPX流動性
339,4812,電通総研,情報・通信業,プライム,4812.T,2026-10-02,2864.0,0.0006988120195667857,0.0013986013986013734,0.0038555906063793,0.04831625183016097,0.4039215686274509,2859.55,2761.516666666667,0.0015561889108426374,0.03711124925312781,-0.015130674002751032,0.017568067534036023,563600.0,1016620.0,0.5543861029686609,2764386905.0,317,False,jpx_liquidity,JPX流動性
340,7867,タカラトミー,その他製品,プライム,7867.T,2026-10-02,4202.0,-0.00023792529145849617,0.037246304257651186,0.11606905710491366,0.2893525621356243,0.5219123505976095,3861.53251953125,3656.127506510417,0.08816900511563719,0.14930346179600007,-0.01175917215428035,0.32113648537029765,620500.0,698415.0,0.8884402540037084,2763935475.0,317,False,jpx_liquidity,JPX流動性
341,3769,ＧＭＯペイメントゲートウェイ,情報・通信業,プライム,3769.T,2026-10-02,8484.0,-0.013603069410533686,-0.04805820162926433,-0.08380129589632834,-0.12716049382716055,-0.013832384052074875,8606.674584960938,9340.374861653645,-0.014253424333632414,-0.09168527755448463,-0.17350219191427185,0.37961883738818886,262300.0,319765.0,0.820289900395603,2761791445.0,317,False,jpx_liquidity,JPX流動性
342,4631,ＤＩＣ,化学,プライム,4631.T,2026-10-02,4883.0,-0.018689710610932497,0.007635163021048275,-0.07780925401322003,0.01920267167605938,0.3297930283224402,4792.85,4829.65,0.018809267972083266,0.011046349114325116,-0.13955947136563873,0.36330346953251297,373400.0,619810.0,0.6024426840483373,2761789385.0,317,False,jpx_liquidity,JPX流動性
343,3778,さくらインターネット,情報・通信業,プライム,3778.T,2026-10-02,3930.0,-0.01749999999999996,0.04800000000000004,0.03693931398416894,0.39559659090909083,0.13256484149855918,3702.5,3420.5333333333333,0.06144496961512491,0.1489436345209325,-0.086046511627907,0.5947522443009904,869600.0,724240.0,1.2007069479730477,2747339650.0,317,False,jpx_liquidity,JPX流動性
344,6471,日本精工,機械,プライム,6471.T,2026-10-02,1107.0,0.0031717263253285832,0.02216066481994461,-0.02766798418972327,-0.06503378378378377,-0.00850873264666363,1074.5256408691407,1118.1835469563803,0.03022204207671786,-0.010001530595599606,-0.1972443799854967,0.2876816445642129,3210200.0,2463490.0,1.3031106276055515,2729984830.0,317,False,jpx_liquidity,JPX流動性
345,9009,京成電鉄,陸運業,プライム,9009.T,2026-10-02,1313.5,-0.01091867469879515,-0.020857278754319752,-0.0320560058953574,0.10657118786857622,0.07885010266940462,1357.6243835449218,1310.0414611816407,-0.03250117195870306,0.0026400224121454485,-0.059097421203438416,0.18736824686282327,1617600.0,2007515.0,0.8057723105431341,2718937932.5,317,False,jpx_liquidity,JPX流動性
346,9007,小田急電鉄,陸運業,プライム,9007.T,2026-10-02,1700.5,-0.01018626309662396,-0.029592339499904696,-0.059977888336097296,0.013710879284649868,0.0008828722778104758,1766.3913513183593,1746.6721171061197,-0.037302804539424805,-0.02643433570269471,-0.08328840970350404,0.1764672991056034,1189900.0,1524825.0,0.7803518436541899,2706916980.0,317,False,jpx_liquidity,JPX流動性
347,6473,ジェイテクト,機械,プライム,6473.T,2026-10-02,2120.0,-0.01987979657882566,0.014139407730402453,-0.03019213174748403,-0.005161895823556972,0.25406684412895597,2076.61875,2094.0645833333333,0.02089032953208192,0.012385203815148182,-0.04332129963898912,0.4116032829283329,1073100.0,1296560.0,0.8276516320108595,2705098070.0,317,False,jpx_liquidity,JPX流動性
348,6407,ＣＫＤ,機械,プライム,6407.T,2026-10-02,5730.0,0.015957446808510634,0.0935114503816794,0.0750469043151969,-0.23497997329773035,0.1814432989690722,5225.25,5866.916666666667,0.09659824888761293,-0.023337073704245648,-0.29951100244498774,0.5280333585477813,676800.0,504790.0,1.3407555617187346,2664484450.0,317,False,jpx_liquidity,JPX流動性
349,4443,Ｓａｎｓａｎ,情報・通信業,プライム,4443.T,2026-10-02,2069.0,0.009268292682926838,0.004368932038834927,-0.08289007092198586,0.20571095571095577,0.6472953951337221,2066.85,1990.8833333333334,0.0010402303021506132,0.03923718952223876,-0.10626349892008635,0.5166946853886991,1053400.0,1274860.0,0.8262868079632273,2636846700.0,317,False,jpx_liquidity,JPX流動性
350,7282,豊田合成,輸送用機器,プライム,7282.T,2026-10-02,1038.5,-0.004791566842357486,0.063756490388027,-0.8139222361583945,-0.801434034416826,-0.7483034415899176,2651.874884033203,4348.274961344401,-0.6083902727640912,-0.7611696571095136,-0.8139222361583945,2.805831373261958,2494500.0,1511140.0,1.6507405005492541,2603771220.2856445,317,False,jpx_liquidity,JPX流動性
351,1662,石油資源開発,鉱業,プライム,1662.T,2026-10-02,1754.0,0.006888633754305484,-0.057089249397062836,-0.1141414141414141,0.0874147551146931,-0.30369194124652643,1868.1145324707031,1802.0881774902343,-0.06108540482246516,-0.02668469728113232,-0.3050713153724247,0.2864316868079586,1264400.0,1387685.0,0.9111577915737361,2591658515.0,317,False,jpx_liquidity,JPX流動性
352,9509,北海道電力,電気・ガス業,プライム,9509.T,2026-10-02,1085.0,-0.021641118124436476,-0.013057310236063824,-0.0734415029888984,0.11855670103092786,0.006026889197960239,1118.2691223144532,1061.2413736979167,-0.029750550784767182,0.022387580140506458,-0.0734415029888984,0.294220307656193,2063200.0,2493390.0,0.8274678249291125,2567482817.5,317,False,jpx_liquidity,JPX流動性
353,4613,関西ペイント,化学,プライム,4613.T,2026-10-02,2760.5,-0.018837746578994174,-0.017205540185852075,-0.03915767490428124,0.0014511155450753765,0.12443991853360492,2797.5154052734374,2813.2051350911456,-0.013231528664207404,-0.01873490647152465,-0.08864311654011225,0.18836986369332526,919500.0,879635.0,1.0453199338361934,2526809735.0,317,False,jpx_liquidity,JPX流動性
354,1808,長谷工コーポレーション,建設業,プライム,1808.T,2026-10-02,2589.5,-0.02246130615326536,-0.03426290583778524,-0.12605467431657102,-0.0833628318584071,-0.10629853321829164,2722.4444946289063,2779.9564982096354,-0.04883276588051355,-0.06851060379264728,-0.13293152519671858,0.24930464351366738,793500.0,942520.0,0.8418919492424564,2518306855.0,317,False,jpx_liquidity,JPX流動性
355,8227,しまむら,小売業,プライム,8227.T,2026-10-02,3200.0,-0.019307385841250357,-0.00497512437810943,-0.02676399026763987,-0.04591532498509243,-0.024092711192436722,3224.55,3315.8303833007812,-0.007613465444790801,-0.03493254175006277,-0.10389246709605149,0.21139888934063047,821500.0,766290.0,1.0720484411906719,2517156945.0,317,False,jpx_liquidity,JPX流動性
356,6417,ＳＡＮＫＹＯ,機械,プライム,6417.T,2026-10-02,2069.5,0.001451729978223959,-0.00014437544409606762,0.018956179222058056,0.2902119700748129,0.053448714685670584,2041.4565673828124,1901.3938557942708,0.013736972446658502,0.08841205818218345,-0.013407446833150427,0.2359199251183949,897500.0,1213990.0,0.7392976877898499,2484604705.0,317,False,jpx_liquidity,JPX流動性
357,4114,日本触媒,化学,プライム,4114.T,2026-10-02,2545.0,-0.0035238841033672363,0.006095745447831646,-0.06895920980428027,0.2081652029432708,0.13312555654496894,2525.6311767578127,2403.9520589192707,0.007668904082444694,0.05867335854615141,-0.06895920980428027,0.253691957564645,566400.0,992625.0,0.570608235738572,2464383847.5,317,False,jpx_liquidity,JPX流動性
358,4403,日油,化学,プライム,4403.T,2026-10-02,2510.0,-0.01549323396744462,-0.012412090789662211,-0.08777030710521538,-0.10850648197478241,-0.22363130219610272,2573.8161010742188,2699.247033691406,-0.02479435148749909,-0.07011104627670839,-0.24352019288728155,0.19788308445142036,887000.0,949885.0,0.9337972491406854,2461601872.5,317,False,jpx_liquidity,JPX流動性
359,9001,東武鉄道,陸運業,プライム,9001.T,2026-10-02,2748.0,-0.017694369973190294,-0.06279536375542372,-0.08491508491508493,-0.053066850447966885,-0.061315115286080246,2902.909375,2965.561458333333,-0.053363489860926205,-0.07336265371333905,-0.14071294559099434,0.15942439326484598,614700.0,839930.0,0.7318467015108402,2459791427.5,317,False,jpx_liquidity,JPX流動性
360,2492,インフォマート,サービス業,プライム,2492.T,2026-10-02,738.0,0.02499999999999991,0.03651685393258419,0.1603773584905661,0.5407098121085594,0.5439330543933054,706.7,605.25,0.04429036366209127,0.2193308550185873,0.0,0.261940786536723,3681900.0,3479675.0,1.0581160596894825,2449791950.0,317,True,jpx_liquidity,JPX流動性
361,6753,シャープ,電気機器,プライム,6753.T,2026-10-02,638.0999755859375,-0.011464019231700262,-0.03653935173345657,-0.05227983491046018,-0.0015647004196537306,0.0017268062573587706,653.1500030517578,641.2700002034505,-0.023042222147287794,-0.004943353995208399,-0.0732026498388707,0.37607477559782826,2770900.0,3713690.0,0.7461312064281079,2440099626.0021973,317,False,jpx_liquidity,JPX流動性
362,7189,西日本フィナンシャルホールディングス,銀行業,プライム,7189.T,2026-10-02,4872.0,-0.014363746712522718,-0.0400277085598284,-0.008143322475570036,0.13778608127043435,0.2116388957970654,4907.8775390625,4638.325846354167,-0.007310194432714634,0.050378986165775075,-0.0400277085598284,0.2866894537710616,459900.0,488785.0,0.9409044876581728,2427777985.0,317,False,jpx_liquidity,JPX流動性
363,4194,ビジョナル,情報・通信業,プライム,4194.T,2026-10-02,8804.0,0.005826573746144259,0.03539927084558392,-0.05363861120068791,0.10867648910716543,0.18412911903160722,8665.8,8794.283333333333,0.015947748621016,0.00110488442302481,-0.08042615416753707,0.4445735324813311,231100.0,282740.0,0.8173587041097828,2426976725.0,317,False,jpx_liquidity,JPX流動性
364,4536,参天製薬,医薬品,プライム,4536.T,2026-10-02,1645.5,-0.02891708468574805,-0.04720668015898155,-0.13690007867820608,-0.25526137135098437,-0.122633964276193,1735.8211853027344,1895.4070617675782,-0.052033692218695915,-0.1318487552402201,-0.26408765652951705,0.24646676054162922,1244900.0,1390430.0,0.8953345367979689,2424726972.5,317,False,jpx_liquidity,JPX流動性
365,7180,九州フィナンシャルグループ,銀行業,プライム,7180.T,2026-10-02,1696.0,-0.01251819505094609,-0.01735947581875741,0.06332288401253927,0.12132231404958671,0.3380670611439842,1639.71240234375,1568.92080078125,0.03432772574982934,0.0809978420551698,-0.03909348441926341,0.35618793444377755,1202000.0,1443265.0,0.8328338870546989,2422977857.5,317,False,jpx_liquidity,JPX流動性
366,1969,高砂熱学工業,建設業,プライム,1969.T,2026-10-02,4661.0,-0.0057593856655290265,-0.0001224481629999996,0.05907748239036592,-0.09495145631067958,0.06052332195676913,4508.565942382813,4451.788647460938,0.03380987648072953,0.04699489780548882,-0.10123409178557652,0.25006792821436147,429800.0,531315.0,0.8089363183798688,2420139955.0,317,False,jpx_liquidity,JPX流動性
367,9064,ヤマトホールディングス,陸運業,プライム,9064.T,2026-10-02,1967.5,-0.006062136903258408,-0.014866881278689847,0.0,0.011308147005911096,0.09518508210409138,1967.0533813476563,1974.6761271158855,0.00022704958420471932,-0.0036340780228940606,-0.09747706422018354,0.20944347017183365,1230600.0,1195155.0,1.0296572411109857,2404550070.0,317,False,jpx_liquidity,JPX流動性
368,9048,名古屋鉄道,陸運業,プライム,9048.T,2026-10-02,1827.0,-0.010560519902518273,-0.024299065420560706,-0.03409992069785883,-0.007334963325183352,0.013873473917868973,1873.125,1884.0,-0.02462462462462467,-0.030254777070063743,-0.08398094760591623,0.15153319094225795,741800.0,1273150.0,0.582649334328241,2401233260.0,317,False,jpx_liquidity,JPX流動性
369,7389,あいちフィナンシャルグループ,銀行業,プライム,7389.T,2026-10-02,2026.0,-0.012189176011701663,-0.01244215194296161,0.0663157894736841,0.3661496965610249,0.3982056590752243,1977.8275634765625,1809.8258544921875,0.024356236819129684,0.11944472169587161,-0.0470366886171214,0.4245191959511394,1234300.0,1191910.0,1.0355647657960751,2391254495.0,317,False,jpx_liquidity,JPX流動性
370,6508,明電舎,電気機器,プライム,6508.T,2026-10-02,11760.0,-0.00591715976331364,0.03359920101507341,0.04440497335701599,0.2024539877300613,0.4271844660194175,10916.688916015624,10481.896305338541,0.07724971284536397,0.12193439597475386,-0.07109004739336489,0.4480284549665096,166400.0,227060.0,0.7328459438034,2387921250.0,317,False,jpx_liquidity,JPX流動性
371,5929,三和ホールディングス,金属製品,プライム,5929.T,2026-10-02,3421.0,-0.02646556630620378,-0.0018896008132804898,-0.07088538837588265,-0.10162815126050417,-0.03388873199661113,3450.699353027344,3610.583117675781,-0.008606763438051557,-0.05250761760549649,-0.1345813306349608,0.2561675410922436,577900.0,683210.0,0.8458599844850047,2386059890.0,317,False,jpx_liquidity,JPX流動性
372,1332,ニッスイ,水産・農林業,プライム,1332.T,2026-10-02,1098.0,-0.018328118015198958,-0.03842929905460535,-0.14385964912280702,-0.15114031696946273,-0.1935365405802424,1172.6374267578126,1242.0624755859376,-0.06364919373601707,-0.11598649698999786,-0.2037708484408992,0.24384998345164838,3024900.0,1926020.0,1.5705444387908745,2378930270.0,317,False,jpx_liquidity,JPX流動性
373,2212,山崎製パン,食料品,プライム,2212.T,2026-10-02,3526.0,-0.0153588383133203,-0.0318506315211422,-0.07332457293035477,0.09367245657568235,-0.011494252873563204,3732.35,3553.6,-0.05528688359880507,-0.007766771724448396,-0.09334019028027774,0.2520755604850296,513100.0,652175.0,0.7867520220799632,2363514000.0,317,False,jpx_liquidity,JPX流動性
374,4676,フジ・メディア・ホールディングス,情報・通信業,プライム,4676.T,2026-10-02,3884.0,-0.009183673469387754,-0.023019092712344258,-0.0728097397947004,-0.021662468513853894,-0.0954820680018631,4008.1013671875,4076.8004557291665,-0.03096263188437831,-0.04729210021997088,-0.11445508435932517,0.20818766711478984,644900.0,575910.0,1.119793023215433,2356099215.0,317,False,jpx_liquidity,JPX流動性
375,1515,日鉄鉱業,鉱業,プライム,1515.T,2026-10-02,3190.0,-0.010852713178294615,-0.007452552910330201,-0.1974842767295597,0.2951684937068615,0.24221183800623058,3355.1926513671874,3198.4142171223957,-0.04923492285901199,-0.0026307465360024818,-0.19949811794228356,0.8138843720211861,345700.0,709785.0,0.4870488950879492,2331551300.0,317,False,jpx_liquidity,JPX流動性
376,9513,電源開発,電気・ガス業,プライム,9513.T,2026-10-02,4016.0,-0.0032266070985356166,-0.010687938899325955,-0.051039697542533125,0.09756764143208518,-0.06365120074609465,4104.290100097656,3928.496700032552,-0.0215116616867691,0.022273990956062972,-0.08561020036429867,0.22216998457951817,474700.0,570955.0,0.8314140343809933,2327065250.0,317,False,jpx_liquidity,JPX流動性
377,3288,オープンハウスグループ,不動産業,プライム,3288.T,2026-10-02,7333.0,-0.015836800429472553,-0.02915128609793971,-0.08520459081836329,-0.14223885834600536,-0.2778926637124569,7529.554052734375,8083.168017578125,-0.026104341818622756,-0.09280618885401937,-0.29726880689985624,0.24823787112217852,281300.0,303460.0,0.9269755486719832,2302894230.0,317,False,jpx_liquidity,JPX流動性
378,6845,アズビル,電気機器,プライム,6845.T,2026-10-02,1458.0,-0.011860386309725524,0.007149331347581223,-0.04267892317793831,-0.156737998843262,0.022799017888460282,1443.18486328125,1554.48662109375,0.010265584884992407,-0.06206976617518989,-0.16303099885189443,0.230092859914123,1234400.0,1555480.0,0.7935814025252655,2278885537.5,317,False,jpx_liquidity,JPX流動性
379,2127,日本Ｍ＆Ａセンターホールディングス,サービス業,プライム,2127.T,2026-10-02,613.5,-0.018399999999999972,-0.011196508627647872,-0.0957995578481945,-0.0654988575780655,-0.05687932359723291,632.2087860107422,657.3595977783203,-0.02959273332595591,-0.06672086012975653,-0.12581930653868478,0.22751656442503165,2075600.0,3657670.0,0.5674650802286701,2276957998.2543945,317,False,jpx_liquidity,JPX流動性
380,9504,中国電力,電気・ガス業,プライム,9504.T,2026-10-02,990.0,-0.023186975826344325,-0.04412222291368473,-0.06161137440758291,0.08031424446217872,-0.007021063189568744,1052.4443054199219,980.3314331054687,-0.05933264601114141,0.009862549101280482,-0.1062308539951583,0.3766843421552944,2017800.0,2235945.0,0.9024372245292259,2271256270.0,317,False,jpx_liquidity,JPX流動性
381,6996,ニチコン,電気機器,プライム,6996.T,2026-10-02,2656.0,-0.00821508588498876,0.024784600709918614,-0.026749725174056382,-0.4011273957158963,0.4380075798592311,2576.977160644531,2854.609053548177,0.030664935864509024,-0.06957486991128026,-0.4431865828092243,0.511505722219255,600400.0,881905.0,0.6807989522681014,2266096370.0,317,False,jpx_liquidity,JPX流動性
382,4540,ツムラ,医薬品,プライム,4540.T,2026-10-02,3703.0,-0.012269938650306789,-0.025159422793657793,-0.02552631578947373,-0.013848202396804288,-0.03366388308977031,3731.49462890625,3783.2648763020834,-0.007636250816365764,-0.02121576969269401,-0.08454882571075406,0.15218123578087586,353100.0,602155.0,0.5863938686882946,2262753610.0,317,False,jpx_liquidity,JPX流動性
383,2264,森永乳業,食料品,プライム,2264.T,2026-10-02,1040.5,-0.01885902876001888,-0.0687372766055172,-0.09482383645063075,-0.199923106497501,-0.7888167241729247,1103.992901611328,1177.6143005371093,-0.057512056027404945,-0.11643396354355717,-0.803159288687098,0.24169574997700358,2117400.0,1976820.0,1.0711142137372143,2253785477.5,317,False,jpx_liquidity,JPX流動性
384,4971,メック,化学,プライム,4971.T,2026-10-02,7200.0,0.008403361344537785,0.06983655274888556,0.09256449165402114,-0.30501930501930496,0.03597122302158273,6438.5,7544.666666666667,0.11827288964820992,-0.0456834850225325,-0.3792245324860538,0.4665438652649296,414800.0,340325.0,1.2188349371923897,2251163750.0,317,False,jpx_liquidity,JPX流動性
385,5032,ＡＮＹＣＯＬＯＲ,情報・通信業,プライム,5032.T,2026-10-02,3065.0,-0.011290322580645107,0.03547297297297303,0.025083612040133874,0.2597616111796137,0.014331747201107081,3065.35,2803.0833333333335,-0.00011417945748448677,0.09343877277997437,-0.07541478129713419,0.6280537575395364,367500.0,726520.0,0.5058360403017123,2237472060.0,317,False,jpx_liquidity,JPX流動性
386,6507,シンフォニアテクノロジー,電気機器,プライム,6507.T,2026-10-02,14400.0,0.03971119133573997,0.13385826771653542,0.20300751879699241,-0.0822179732313576,0.19999999999999996,12389.5,13108.666666666666,0.16227450663868592,0.09850989167471913,-0.13461538461538458,0.47019196611529773,356300.0,171215.0,2.081009257366469,2236971250.0,317,True,jpx_liquidity,JPX流動性
387,6941,山一電機,電気機器,プライム,6941.T,2026-10-02,9620.0,0.032188841201716833,0.1325126013824387,0.22236340533672183,0.02123142250530785,0.1760391198044009,7996.638525390625,8370.546175130208,0.20300548404869612,0.14926789706770305,-0.1441281138790036,0.5511532531807043,325000.0,268305.0,1.2113080263133373,2222602100.0,317,True,jpx_liquidity,JPX流動性
388,6622,ダイヘン,電気機器,プライム,6622.T,2026-10-02,2776.0,0.020963589554983342,0.11875768804886344,-0.778628389154705,-0.8367058823529412,-0.7763094278807413,6356.934753417969,11508.478251139322,-0.5633115475178643,-0.7587865276866488,-0.8572750642673521,2.8379000572409776,1081000.0,561980.0,1.923555998434108,2198429210.0,317,False,jpx_liquidity,JPX流動性
389,5471,大同特殊鋼,鉄鋼,プライム,5471.T,2026-10-02,2471.0,-0.008028904054596553,0.006400414921255537,0.0680786686838124,-0.1268551236749117,0.32920925228617537,2380.691015625,2371.022005208333,0.03793393757622554,0.042166624591441604,-0.16463826910074375,0.3998786532052312,853100.0,915245.0,0.9321001480477905,2188295982.5,317,False,jpx_liquidity,JPX流動性
390,4180,Ａｐｐｉｅｒ　Ｇｒｏｕｐ,情報・通信業,プライム,4180.T,2026-10-02,1404.0,-0.007072135785007094,-0.04878048780487809,-0.010570824524312905,0.6027397260273972,0.6401869158878504,1451.3,1186.4,-0.0325914697168056,0.18341200269723523,-0.0859375,0.5786781231681805,880500.0,1564560.0,0.5627780334407118,2170439965.0,317,False,jpx_liquidity,JPX流動性
391,4967,小林製薬,化学,プライム,4967.T,2026-10-02,7107.0,0.016883674345399946,0.03224400871459698,0.23923278116826507,0.2738842086395412,0.16184404119666507,6129.5,5773.966666666666,0.15947467166979368,0.2308695928275768,0.0,0.6231230658377418,580800.0,317045.0,1.8319166048983582,2166219225.0,317,False,jpx_liquidity,JPX流動性
392,8524,北洋銀行,銀行業,プライム,8524.T,2026-10-02,1361.0,-0.00293040293040292,-0.0043976193722781165,0.028722600151171562,0.1928133216476775,0.361,1326.2917602539062,1256.7472534179688,0.026169385037459136,0.08295442564007649,-0.02156721782890003,0.3032948689622256,1315500.0,1617335.0,0.8133750892672205,2161014010.0,317,False,jpx_liquidity,JPX流動性
393,429A,テクセンドフォトマスク,その他製品,プライム,429A.T,2026-10-02,3870.0,-0.026415094339622636,0.006408525094501183,0.03892617449664426,-0.18952879581151827,0.1852986217457886,3781.870458984375,3877.956819661458,0.023303162276820055,-0.0020518071839058516,-0.2543352601156069,0.5244398732466404,422600.0,581235.0,0.727072526602837,2158692975.0,234,False,jpx_liquidity,JPX流動性
394,8282,ケーズホールディングス,小売業,プライム,8282.T,2026-10-02,1699.5,-0.030242510699001413,-0.08210739900088893,-0.13489437515907354,-0.06079027355623101,-0.05975103734439835,1840.7901428222656,1873.155047607422,-0.07675516047996767,-0.09270724696774635,-0.20528407762450318,0.2037084514756454,974700.0,1149830.0,0.8476905281650331,2157864820.0,317,False,jpx_liquidity,JPX流動性
395,2501,サッポロビール,食料品,プライム,2501.T,2026-10-02,1839.0,0.006017505470459428,0.010439560439560402,-0.01208702659145855,-0.031340531998946486,0.026514094334356697,1843.525,1935.1833333333334,-0.002454536824832876,-0.04970243990664114,-0.14979195561719838,0.20640115493987188,1634800.0,1143230.0,1.4299834678935996,2154649732.5,317,False,jpx_liquidity,JPX流動性
396,4205,日本ゼオン,化学,プライム,4205.T,2026-10-02,2401.0,-0.01396303901437368,0.00015122532685563073,-0.08288770053475936,0.04074555700043336,0.3564971751412429,2384.1424072265627,2359.530802408854,0.0070707155421338985,0.017575188062308733,-0.08288770053475936,0.2586921443725815,755600.0,928875.0,0.813457139012246,2152368190.0,317,False,jpx_liquidity,JPX流動性
397,4461,第一工業製薬,化学,プライム,4461.T,2026-10-02,14850.0,0.0040567951318457585,0.07020466298835415,0.06911447084233258,0.1529503105590062,0.8401486988847584,13239.056396484375,12656.185465494791,0.12168114971875266,0.17333931621706378,-0.04255319148936165,0.7319861816515827,130400.0,163130.0,0.7993624716483786,2143463450.0,317,False,jpx_liquidity,JPX流動性
398,8418,山口フィナンシャルグループ,銀行業,プライム,8418.T,2026-10-02,3461.0,-0.011707595659623093,-0.011730469411184385,0.0632872503840245,0.15868764646802802,0.32529197779054186,3297.9415893554688,3150.1638631184896,0.04944247987011763,0.09867300571907389,-0.020933521923620968,0.3167581605996469,516900.0,627900.0,0.8232202580028667,2140110150.0,317,False,jpx_liquidity,JPX流動性
399,2222,寿スピリッツ,食料品,プライム,2222.T,2026-10-02,2405.0,-0.02354851806739744,-0.039739908762969955,-0.1217819974438561,-0.05500982318271119,0.28403630539241864,2528.6829223632812,2588.0776407877606,-0.0489119933817912,-0.07073885184218631,-0.13395750810226859,0.3523137042806532,1082000.0,811005.0,1.3341471384270134,2129541017.5,317,False,jpx_liquidity,JPX流動性
400,3105,日清紡ホールディングス,電気機器,プライム,3105.T,2026-10-02,2698.5,0.016767143933684947,0.054513481828839305,0.18511198945981544,0.08810483870967745,0.7420916720464816,2403.9,2309.108333333333,0.12255085486085115,0.16863291385924595,0.0,0.32088596600387487,819500.0,871410.0,0.9404298780137937,2126548890.0,317,False,jpx_liquidity,JPX流動性
401,4061,デンカ,化学,プライム,4061.T,2026-10-02,3180.0,-0.017305315203955507,-0.03672644602740849,-0.05777777777777782,-0.24519344884880134,-0.1600633914421553,3252.6955322265626,3490.5485107421873,-0.022349319666203238,-0.08896839845842908,-0.29847782925215094,0.279708821587571,675400.0,653530.0,1.0334644163236577,2117628870.0,317,False,jpx_liquidity,JPX流動性
402,9143,ＳＧホールディングス,陸運業,プライム,9143.T,2026-10-02,1409.0,-0.004592016955139555,-0.043348772601011776,-0.07211063549555485,-0.10709759188846646,-0.06595956247928403,1458.8418518066405,1539.9722839355468,-0.034165356405779,-0.08504846827556833,-0.15120481927710838,0.17819251959267818,1684700.0,1439815.0,1.1700808784461894,2116387257.5,317,False,jpx_liquidity,JPX流動性
403,4368,扶桑化学工業,化学,プライム,4368.T,2026-10-02,3350.0,0.0,0.09974581361882784,0.13559322033898313,-0.2263279445727483,0.17750439367311066,2972.6573974609373,3411.319132486979,0.1269378041550855,-0.017975196721707776,-0.31562819203268644,0.3440417103414265,590100.0,717215.0,0.8227658373012277,2111433230.0,317,False,jpx_liquidity,JPX流動性
404,6951,日本電子,電気機器,プライム,6951.T,2026-10-02,7701.0,-0.016475095785440597,0.010202685564514313,0.08312236286919839,0.015695067264573925,0.2624590163934426,7195.5134765625,7628.1544921875,0.07025023649583728,0.0095495585317662,-0.14452343923572541,0.4746202533072399,343100.0,286305.0,1.1983723651350833,2109438325.0,317,False,jpx_liquidity,JPX流動性
405,9989,サンドラッグ,小売業,プライム,9989.T,2026-10-02,3568.0,-0.0013993842709207893,-0.009264338573950814,-0.03801563763817739,-0.06596858638743452,-0.09830679807935305,3631.494921875,3727.548307291667,-0.01748451346923996,-0.04280247877125165,-0.10396785534907083,0.1656810101430883,637400.0,572080.0,1.1141798349881136,2106997495.0,317,False,jpx_liquidity,JPX流動性
406,9044,ＮＡＮＫＡＩ,陸運業,プライム,9044.T,2026-10-02,2975.5,-0.013428381962864666,-0.0747871846580892,-0.03985156502097453,0.04202416389423913,-0.06870109546165881,3123.0973999023436,3026.4657999674478,-0.04725994133482958,-0.016840038294170023,-0.08950428396572829,0.17438100880474092,321500.0,654340.0,0.49133478008374853,2085682757.5,317,False,jpx_liquidity,JPX流動性
407,8056,ＢＩＰＲＯＧＹ,情報・通信業,プライム,8056.T,2026-10-02,4708.0,0.007058823529411784,-0.003665837936813965,-0.022831050228310557,0.051597051597051635,0.010083673031538343,4709.25380859375,4661.467936197917,-0.00026624358013205285,0.009982276921985278,-0.07395751376868609,0.18876538622726802,371800.0,435035.0,0.8546438792281081,2084361400.0,317,False,jpx_liquidity,JPX流動性
408,5991,日本発條,金属製品,プライム,5991.T,2026-10-02,3461.0,-0.009728183118741018,0.012050869487060245,0.020341981132075526,-0.15482295482295483,0.3863408772281194,3340.7775634765626,3517.6425211588544,0.03598636372495534,-0.01610240972985344,-0.18430355880273397,0.29084709498913336,589800.0,618590.0,0.953458672141483,2071914350.0,317,False,jpx_liquidity,JPX流動性
409,4043,トクヤマ,化学,プライム,4043.T,2026-10-02,4061.0,-0.010236412381184445,-0.0240937234848827,-0.01718296224588578,-0.1926441351888668,0.08932403433476388,4038.2679931640623,4190.705997721354,0.005629147662913558,-0.030950870281017062,-0.2776591960156528,0.3486485737693451,486600.0,515590.0,0.943773153086755,2046764620.0,317,False,jpx_liquidity,JPX流動性
410,9008,京王電鉄,陸運業,プライム,9008.T,2026-10-02,743.0,-0.013280212483399723,-0.05225083684036169,-0.05518822872163487,-0.006950029567217353,-0.07529558182949592,777.2459411621094,777.601981608073,-0.04406062399104471,-0.04449831974002483,-0.11631777974888624,0.18632066202352413,1698400.0,2595690.0,0.6543154228740721,2033902572.7966309,317,False,jpx_liquidity,JPX流動性
411,8368,百五銀行,銀行業,プライム,8368.T,2026-10-02,2584.0,0.0,-0.00044556588283717335,0.0546938775510204,0.24171071600192207,0.6059664387818522,2451.4979614257813,2250.8993204752605,0.054049418216589595,0.14798559690995328,-0.007680491551459334,0.3077341782708217,722100.0,816605.0,0.8842708531052345,2032409040.0,317,False,jpx_liquidity,JPX流動性
412,7173,東京きらぼしフィナンシャルグループ,銀行業,プライム,7173.T,2026-10-02,1684.0,-0.014628437682855489,-0.049620677116939405,-0.028835063437139596,-0.06340378197997776,-0.8535652173913043,1694.8313598632812,1719.727119954427,-0.006390818650036656,-0.02077487732784833,-0.8636437246963563,0.2941763533669402,865900.0,1189010.0,0.7282529162917049,2021760630.0,317,False,jpx_liquidity,JPX流動性
413,5857,ＡＲＥホールディングス,非鉄金属,プライム,5857.T,2026-10-02,3455.0,-0.02401129943502822,-0.03887150422523733,-0.15525672371638144,0.13838550247116976,-0.03491620111731841,3623.79462890625,3462.5482096354167,-0.046579524004978334,-0.0021799579900178,-0.17046818727490998,0.3852226375958642,470400.0,557320.0,0.8440393310844757,2001022875.0,317,False,jpx_liquidity,JPX流動性
414,7276,小糸製作所,電気機器,プライム,7276.T,2026-10-02,2687.0,-0.014668133480014722,0.009285355724661049,-0.025743292240754223,0.03505392912172578,0.07415550669598248,2642.1167602539062,2631.8305867513022,0.016987606460579174,0.020962372550278108,-0.07647362089706133,0.29018362011986515,724300.0,744805.0,0.9724693040460255,1989206737.5,317,False,jpx_liquidity,JPX流動性
415,2002,日清製粉グループ本社,食料品,プライム,2002.T,2026-10-02,1954.0,-0.01188369152970925,-0.021011070219930428,-0.05237633365664407,-0.02153229844767146,-0.10078232857800273,2012.7866760253905,2026.4455586751303,-0.02920661028096405,-0.03575006412829296,-0.10098918794570966,0.21951039019568297,845300.0,975480.0,0.8665477508508632,1978691722.5,317,False,jpx_liquidity,JPX流動性
416,4373,シンプレクス・ホールディングス,情報・通信業,プライム,4373.T,2026-10-02,1151.0,0.03043867502238129,0.0008695652173913437,-0.07475884244372988,0.13064833005893917,0.3784431137724551,1148.5,1127.1666666666667,0.00217675228559,0.0211444625166346,-0.08578236695790309,0.354439354582591,1925800.0,1707375.0,1.1279303023647411,1967188090.0,317,True,jpx_liquidity,JPX流動性
417,7721,東京計器,精密機器,プライム,7721.T,2026-10-02,7520.0,0.017591339648173276,-0.0079155672823219,0.0835734870317002,0.15514592933947768,0.03867403314917128,7108.0,7004.166666666667,0.057962858750703505,0.07364663890541334,-0.07160493827160497,0.5115679512892447,356000.0,269355.0,1.321675855283919,1944666600.0,317,False,jpx_liquidity,JPX流動性
418,4099,四国化成ホールディングス,化学,プライム,4099.T,2026-10-02,2349.0,-0.017154811715481166,0.055730337078651715,-0.017565872020075313,-0.29033232628398786,-0.49320388349514566,2204.6,2553.8333333333335,0.06549941032386841,-0.08020622593486926,-0.6488789237668162,0.4535364237391387,637900.0,868755.0,0.7342691552854372,1941975685.0,317,False,jpx_liquidity,JPX流動性
419,6523,ＰＨＣホールディングス,電気機器,プライム,6523.T,2026-10-02,1602.0,-0.04869358669833734,0.13657187486089017,0.007547169811320753,0.5478260869565217,0.43163538873994645,1384.2587951660157,1289.269598388672,0.15729804686404059,0.24256400833633096,-0.04869358669833734,0.7971725939701662,2886400.0,1196385.0,2.4126012947337188,1939467455.0,317,False,jpx_liquidity,JPX流動性
420,5233,太平洋セメント,ガラス・土石製品,プライム,5233.T,2026-10-02,4100.0,0.0024449877750611915,0.002903556767461124,-0.05048633626679022,0.0029354207436398383,0.1598302687411599,4103.874279785156,4120.408093261719,-0.0009440542085414894,-0.00495293009813591,-0.09492273730684331,0.2777978769981911,509800.0,463985.0,1.0987424162419044,1938291780.0,317,False,jpx_liquidity,JPX流動性
421,8343,秋田銀行,銀行業,プライム,8343.T,2026-10-02,2033.0,0.004943153732080985,0.042098907795504736,-0.7700226244343892,-0.7120396600566572,-0.6044747081712063,4727.972955322266,6794.490985107422,-0.5700060006241242,-0.7007870045812037,-0.779978354978355,2.825154642500244,2345200.0,643940.0,3.6419542193372054,1923586575.0,317,False,jpx_liquidity,JPX流動性
422,6465,ホシザキ,機械,プライム,6465.T,2026-10-02,5176.0,-0.0120251956480244,-0.03198054984103238,-0.08389380530973456,-0.08356940509915012,-0.020809685962920876,5358.5,5532.283333333334,-0.03405803863021373,-0.06440077484582929,-0.11430527036276528,0.15952901920148368,365600.0,351015.0,1.0415509308719,1923462315.0,317,False,jpx_liquidity,JPX流動性
423,6814,古野電気,電気機器,プライム,6814.T,2026-10-02,7900.0,0.0050890585241729624,0.024643320363164634,0.027308192457737412,0.2845528455284554,0.17910447761194037,7533.5,7429.812646484375,0.04864936616446536,0.06328387751986009,-0.013732833957553092,0.39641783906518097,289800.0,248075.0,1.1681951022876147,1904923850.0,317,False,jpx_liquidity,JPX流動性
424,2809,キユーピー,食料品,プライム,2809.T,2026-10-02,4255.0,-0.029646522234891726,-0.03993682310469315,-0.10777940868106517,-0.03645833333333337,0.04801544006296088,4539.9,4589.516666666666,-0.06275468622656877,-0.07288712319016888,-0.1217750257997936,0.1759249758591644,699400.0,400175.0,1.7477353657774723,1900715055.0,317,False,jpx_liquidity,JPX流動性
425,4912,ライオン,化学,プライム,4912.T,2026-10-02,1726.0,-0.008045977011494232,-0.0026004045073677595,-0.09277266754270697,0.0020319303338172112,0.049240121580547136,1763.2,1772.2666666666667,-0.021098003629764106,-0.026105928377971654,-0.09609845509295623,0.16176956033620538,959800.0,1064695.0,0.9014788272697815,1894104537.5,317,False,jpx_liquidity,JPX流動性
426,9404,日本テレビホールディングス,情報・通信業,プライム,9404.T,2026-10-02,2841.0,0.007089684509039351,-0.029521820367143792,-0.07699805068226118,-0.0068169900367068825,-0.08531873792659372,2946.516149902344,2932.8720499674478,-0.03581047736861753,-0.03132494305998368,-0.1091251175917215,0.21816711272853642,1027200.0,610500.0,1.6825552825552825,1892127875.0,317,False,jpx_liquidity,JPX流動性
427,6592,マブチモーター,電気機器,プライム,6592.T,2026-10-02,1717.0,-0.011514104778353462,-0.004349086691794679,-0.03836460375245032,0.05726600985221686,0.06447613143211406,1708.9,1689.85,0.004739891158054732,0.01606651477941834,-0.038633818589025704,0.2298616923650332,804500.0,1137955.0,0.7069699592690396,1886267622.5,317,False,jpx_liquidity,JPX流動性
428,7956,ピジョン,その他製品,プライム,7956.T,2026-10-02,2021.0,-0.007611097471151518,-0.009313725490196045,-0.04669811320754713,-0.028598894496515315,0.20945541591861172,2007.325,2046.975,0.006812549039144189,-0.012689456392970033,-0.06239851542565533,0.20813317702286027,714800.0,946715.0,0.7550318733726623,1881987405.0,317,False,jpx_liquidity,JPX流動性
429,6103,オークマ,機械,プライム,6103.T,2026-10-02,4820.0,-0.0031023784901758056,0.04647267503051,0.01048218029350112,-0.025278058645096024,0.26013071895424833,4518.721484375,4856.240494791667,0.0666733979216847,-0.007462664756931803,-0.1362007168458781,0.3890159743844397,380300.0,412445.0,0.9220623355841385,1868363475.0,317,False,jpx_liquidity,JPX流動性
430,5901,東洋製罐グループホールディングス,金属製品,プライム,5901.T,2026-10-02,4406.0,-0.014317673378076101,-0.014425225155558552,-0.03588621444201312,0.07175869618097797,0.2815590459569517,4468.218237304687,4310.889412434896,-0.013924619165920249,0.022062868810959202,-0.0367293397463927,0.18246680518734623,509600.0,401725.0,1.2685294666749642,1865072555.0,317,False,jpx_liquidity,JPX流動性
431,9065,山九,陸運業,プライム,9065.T,2026-10-02,1567.0,-0.015394282123782577,0.03441361414585464,-0.8131855030996662,-0.8215261958997722,-0.8226372382569327,4070.7760681152345,7186.542022705078,-0.6150611151830025,-0.7819535466363046,-0.8345650337837838,2.772641849394299,1081200.0,699235.0,1.5462612712464336,1849758721.7675781,317,False,jpx_liquidity,JPX流動性
432,5741,ＵＡＣＪ,非鉄金属,プライム,5741.T,2026-10-02,2118.0,-0.012126865671641784,-0.03487694896032645,-0.10443974630021147,-0.1555023923444976,-0.22813411078717205,2190.1363037109377,2322.9454345703125,-0.03293690150184303,-0.08822653839401196,-0.40755244755244757,0.3311737388132832,822100.0,839145.0,0.9796876582712165,1849298420.0,317,False,jpx_liquidity,JPX流動性
433,3498,霞ヶ関キャピタル,不動産業,プライム,3498.T,2026-10-02,7480.0,-0.009271523178807972,-0.009271523178807972,0.002680965147453085,0.06099290780141842,0.18354430379746844,7386.0,7387.962068684896,0.012726780395342585,0.012457824019592945,-0.07768187422934647,0.34742878734303934,233400.0,256540.0,0.909799641381461,1846417250.0,317,False,jpx_liquidity,JPX流動性
434,8366,滋賀銀行,銀行業,プライム,8366.T,2026-10-02,3020.0,-0.00983606557377048,0.008250838129212346,0.05668299510146957,0.14350624763347208,0.5894736842105264,2898.7924560546876,2751.9141520182293,0.04181311555856548,0.09741795462084424,-0.01788617886178867,0.3083649426283683,495100.0,641655.0,0.7715984446470455,1845787520.0,317,False,jpx_liquidity,JPX流動性
435,6135,牧野フライス製作所,機械,プライム,6135.T,2026-10-02,3175.0,-0.015503875968992276,0.06205389273441875,-0.8000629722921915,-0.7928897586431833,-0.7246313963573288,7735.673266601562,12525.891088867187,-0.589563843950348,-0.7465250194597421,-0.8067559342665855,2.7671060180978255,702200.0,390545.0,1.7980002304471956,1838847325.0,317,False,jpx_liquidity,JPX流動性
436,7278,エクセディ,輸送用機器,プライム,7278.T,2026-10-02,5620.0,-0.02430555555555558,-0.031672539991033366,-0.10509554140127386,-0.06799336650082921,-0.0035460992907800915,5832.794677734375,5980.264892578125,-0.036482456436651156,-0.06024229679612281,-0.10509554140127386,0.2187016627308742,351000.0,301330.0,1.1648358942023695,1831154200.0,317,False,jpx_liquidity,JPX流動性
437,9401,ＴＢＳホールディングス,情報・通信業,プライム,9401.T,2026-10-02,5801.0,-0.002921966311447255,0.004070982437111237,-0.043528441879637225,-0.09075235109717872,0.04673403103572715,5786.640893554688,5984.8469645182295,0.002481423456103027,-0.030718741115384418,-0.11516168395363025,0.19595538236079316,400100.0,301935.0,1.325119644956696,1806175600.0,317,False,jpx_liquidity,JPX流動性
438,9744,メイテックグループホールディングス,サービス業,プライム,9744.T,2026-10-02,3272.0,-0.0009160305343511865,-0.042653700049667065,-0.041874084919472865,0.04237018158649253,-0.003350593968930893,3330.2735107421877,3308.3578369140623,-0.017498115561445537,-0.010989692985561628,-0.04411335086181711,0.17693247362794753,745000.0,515170.0,1.4461245802356504,1800580535.0,317,False,jpx_liquidity,JPX流動性
439,7459,メディパルホールディングス,卸売業,プライム,7459.T,2026-10-02,2920.0,-0.011175076193701283,-0.06280077628736269,-0.004262574595055413,0.1037611037611037,-0.025367156208277675,2933.2188232421877,2869.0396077473956,-0.00450659294064415,0.01776217801768709,-0.06280077628736269,0.344948341544145,450000.0,600410.0,0.7494878499691877,1797014230.0,317,False,jpx_liquidity,JPX流動性
440,6703,沖電気工業,電気機器,プライム,6703.T,2026-10-02,2702.0,-0.008076358296622566,-0.02630630630630626,-0.06634416033172075,-0.21109489051094887,-0.08188922867821946,2695.4,2923.3,0.002448616160866557,-0.07570211746998257,-0.2990920881971466,0.4838347451193568,374900.0,666520.0,0.5624737442237292,1784960575.0,317,False,jpx_liquidity,JPX流動性
441,6191,エアトリ,サービス業,プライム,6191.T,2026-10-02,1478.0,0.01720578114246396,0.12272112280123926,0.836024844720497,0.8269468479604449,1.0613668061366806,1171.5111175537108,967.3870391845703,0.26161841561203736,0.5278269608055071,-0.0013513513513513375,2.0154164259958596,589400.0,1111530.0,0.5302600919453366,1778257800.0,317,False,jpx_liquidity,JPX流動性
442,5444,大和工業,鉄鋼,プライム,5444.T,2026-10-02,12025.0,-0.008656224237427845,-0.02735800478216699,-0.04865506329113922,-0.03645833333333337,0.006697362913352878,12209.44453125,12653.81484375,-0.01510670946396575,-0.049693697237919165,-0.12513641324117863,0.20146669584573446,125500.0,144765.0,0.866922253307084,1770177100.0,317,False,jpx_liquidity,JPX流動性
443,3923,ラクス,情報・通信業,プライム,3923.T,2026-10-02,1019.0,0.001966568338249708,-0.027207637231503545,-0.10653222270933804,-0.005853658536585371,0.31704793062266345,1056.0,1061.7299997965495,-0.035037878787878785,-0.040245636654080985,-0.13387165320866978,0.4711192712222342,1252200.0,1682735.0,0.7441456913893156,1758481775.0,317,False,jpx_liquidity,JPX流動性
444,2531,宝ホールディングス,食料品,プライム,2531.T,2026-10-02,2600.0,-0.005736137667303964,-0.026946107784431184,0.18938700823421772,0.22989593188268675,0.5357353809805079,2503.0,2251.35,0.038753495805033955,0.154862637972772,-0.026946107784431184,0.4044602732492244,1345300.0,644975.0,2.085817279739525,1757773277.5,317,False,jpx_liquidity,JPX流動性
445,3186,ネクステージ,小売業,プライム,3186.T,2026-10-02,2819.0,0.009670487106017145,-0.028935583878746174,-0.15850746268656712,-0.3048088779284833,-0.20925666199158488,2961.45,3312.0666666666666,-0.048101436796163966,-0.1488697892554498,-0.3343565525383707,0.3175436950709775,754800.0,567935.0,1.3290253286027451,1743868030.0,317,False,jpx_liquidity,JPX流動性
446,8439,東京センチュリー,その他金融業,プライム,8439.T,2026-10-02,2585.5,-0.014672256097560954,-0.040667211455531094,-0.06220529561117161,0.03627254509018041,0.2593765221626887,2649.9291015625,2610.3097005208333,-0.024313519001134765,-0.009504504586518192,-0.06220529561117161,0.2314679315360682,853400.0,652325.0,1.308243590234929,1742735657.5,317,False,jpx_liquidity,JPX流動性
447,3397,トリドールホールディングス,小売業,プライム,3397.T,2026-10-02,4167.0,-0.0002399232245681171,-0.033178654292343346,-0.03941908713692943,0.08515625000000004,-0.07193763919821827,4275.85,4228.716666666666,-0.02545692669293831,-0.01459465637723023,-0.09096858638743455,0.24041268421759504,290800.0,403340.0,0.7209798185153964,1720362540.0,317,False,jpx_liquidity,JPX流動性
448,2593,伊藤園,食料品,プライム,2593.T,2026-10-02,3085.0,-0.011217948717948678,-0.020012706480304954,0.024576552640318772,0.045054200542005374,0.006222959493907165,3157.05,3053.0583333333334,-0.02282193820180234,0.01046218682359501,-0.0574396578062939,0.3732703758776003,297900.0,542410.0,0.5492155380616139,1697947690.0,317,False,jpx_liquidity,JPX流動性
449,6925,ウシオ電機,電気機器,プライム,6925.T,2026-10-02,4149.0,-0.009785202863961784,0.03414755732801589,0.07570650764843134,-0.11723404255319148,0.3527877404629931,3782.2,3962.1666666666665,0.0969805933054837,0.04715433474950581,-0.14063794531897267,0.49470120057172856,400400.0,435125.0,0.9201953461648952,1662509270.0,317,False,jpx_liquidity,JPX流動性
450,5726,大阪チタニウムテクノロジーズ,非鉄金属,プライム,5726.T,2026-10-02,2393.0,-0.02920892494929006,-0.02802599512591386,-0.11370370370370375,-0.12151248164464024,-0.10307346326836586,2523.55,2689.616666666667,-0.051732678171623414,-0.11028213438098367,-0.2521875,0.25657209817917564,693900.0,645025.0,1.0757722568892678,1651356680.0,317,False,jpx_liquidity,JPX流動性
451,6923,スタンレー電気,電気機器,プライム,6923.T,2026-10-02,3482.0,-0.0025780578630765216,-0.0130385487528345,-0.05611276768772022,-0.03358312517346651,0.17894024039275447,3492.72890625,3536.909635416667,-0.0030717832783417887,-0.01552474930850134,-0.08053868497491423,0.27386091170048477,401000.0,470075.0,0.8530553635058236,1651062275.0,317,False,jpx_liquidity,JPX流動性
452,4722,フューチャー,情報・通信業,プライム,4722.T,2026-10-02,2426.0,0.0,0.0004123711340207059,-0.008581937065794798,0.4466308884913537,0.492923076923077,2430.05,2329.0,-0.0016666323738195876,0.04164877629884067,-0.010199918400652819,0.03711468029295873,186000.0,703265.0,0.2644806722928057,1648802200.0,317,False,jpx_liquidity,JPX流動性
453,5393,ニチアス,ガラス・土石製品,プライム,5393.T,2026-10-02,3553.0,0.004807692307692291,0.05425142262954785,0.03284883720930232,-0.10118897040222619,0.2234848484848484,3349.5429077148438,3421.2309692382814,0.06074174831931334,0.038515093528180167,-0.12552301255230125,0.29230193195192977,494900.0,482795.0,1.0250727534460795,1641422275.0,317,False,jpx_liquidity,JPX流動性
454,4922,コーセーホールディングス,化学,プライム,4922.T,2026-10-02,5385.0,-0.01715641540427082,-0.05790762771168645,-0.08152822786969127,-0.0014834044131281088,-0.12239243807040412,5633.9,5654.983333333334,-0.044178987912458445,-0.04774255155482332,-0.1290635613779718,0.17416774885374414,341500.0,291380.0,1.172009060333585,1621736515.0,317,False,jpx_liquidity,JPX流動性
455,6254,野村マイクロ・サイエンス,機械,プライム,6254.T,2026-10-02,3505.0,-0.01128349788434413,0.03387014143729061,0.0057388809182210565,-0.28687690742624616,0.11624203821656054,3356.3343017578127,3775.6947672526044,0.04429406753800613,-0.07169402823565008,-0.3568807339449541,0.3608470754539165,452600.0,478685.0,0.9455069617807117,1616918100.0,317,False,jpx_liquidity,JPX流動性
456,7337,ひろぎんホールディングス,銀行業,プライム,7337.T,2026-10-02,2374.0,-0.013505090380220186,-0.025045665090053792,-0.0194134655101198,0.07982715487832603,0.3018919659994517,2373.196325683594,2306.9321085611978,0.0003386463680683516,0.029072329952801068,-0.029634171265072506,0.23134235973509543,762300.0,664020.0,1.1480075901328273,1606381507.5,317,False,jpx_liquidity,JPX流動性
457,4369,トリケミカル研究所,化学,プライム,4369.T,2026-10-02,3220.0,-0.022761760242792084,0.0762032085561497,0.047154471544715415,-0.11416781292984868,0.1675126903553299,3027.3,3194.2,0.0636540811944637,0.008077139815916512,-0.2296650717703349,0.38796421368738077,465000.0,604945.0,0.7686649199514005,1605916110.0,317,False,jpx_liquidity,JPX流動性
458,8361,大垣共立銀行,銀行業,プライム,8361.T,2026-10-02,1810.0,0.012870733072188001,0.06790005866150217,-0.7792682926829269,-0.7694267515923567,-0.7219662058371736,4225.288488769531,6615.762829589844,-0.5716268830374941,-0.7264109904447384,-0.7814009661835749,2.7977148879699754,994700.0,650720.0,1.5286144578313252,1602398655.0,317,False,jpx_liquidity,JPX流動性
459,5832,ちゅうぎんフィナンシャルグループ,銀行業,プライム,5832.T,2026-10-02,3711.0,-0.007754010695187219,-0.008591906580666997,0.040661805945036544,0.1506976744186046,0.23658780406531155,3591.902136230469,3447.100712076823,0.03315732424005269,0.07655688358585322,-0.02110261144816672,0.285748112421208,388700.0,431885.0,0.9000081040091691,1588793745.0,317,False,jpx_liquidity,JPX流動性
460,4626,太陽ホールディングス,化学,プライム,4626.T,2026-10-02,4800.0,-0.0057995028997513964,0.004184100418409997,0.010526315789473717,-0.038076152304609256,0.016949152542372836,4746.4,4781.95,0.011292769256699975,0.0037746107759386582,-0.11028730305838741,0.048980452488171344,389600.0,324650.0,1.2000616048051749,1577936240.0,317,False,jpx_liquidity,JPX流動性
461,4082,第一稀元素化学工業,化学,プライム,4082.T,2026-10-02,2190.0,-0.03524229074889873,-0.04623124158762848,-0.1966250917094644,0.06829268292682933,0.049353138476281755,2400.759814453125,2144.653271484375,-0.08778879635701264,0.021144083809985226,-0.27,0.5119119694600027,334200.0,767490.0,0.4354454129695501,1572691930.0,317,False,jpx_liquidity,JPX流動性
462,9364,上組,倉庫・運輸関連業,プライム,9364.T,2026-10-02,4703.0,-0.009269012007583788,-0.023397214032670588,-0.039812168231931455,-0.10042081101759759,-0.14366351056081572,4796.4173828125,4976.4224609375,-0.019476491588753864,-0.05494357906382208,-0.16062823487417455,0.16485247010457296,315400.0,320030.0,0.9855326063181576,1566766035.0,317,False,jpx_liquidity,JPX流動性
463,4516,日本新薬,医薬品,プライム,4516.T,2026-10-02,3378.0,-0.03402916785816412,-0.020042531931882657,-0.048182586644125114,-0.18009708737864083,-0.3621601208459214,3409.997265625,3638.0157552083333,-0.00938336987761057,-0.07147186068012046,-0.3643206624012044,0.2013501096814447,436200.0,449825.0,0.9697104429500362,1540688580.0,317,False,jpx_liquidity,JPX流動性
464,9006,京浜急行電鉄,陸運業,プライム,9006.T,2026-10-02,1507.0,-0.01631853785900783,-0.013102389472746001,-0.03706070287539931,0.0033288948069241098,-0.06105919003115268,1540.9539489746094,1552.1013163248697,-0.02203436968197736,-0.02905822954371462,-0.08749621556161069,0.16217613137863152,1449600.0,958350.0,1.5125997808733762,1539221615.0,317,False,jpx_liquidity,JPX流動性
465,8088,岩谷産業,卸売業,プライム,8088.T,2026-10-02,1996.5,-0.010654112983151665,-0.05499533718453775,-0.1287366353916648,0.010374493927125528,-0.021083598921304292,2102.9375244140624,2096.195841471354,-0.05061373587107343,-0.04756036602065572,-0.1287366353916648,0.2787588241053035,708700.0,729975.0,0.9708551662728175,1534790630.0,317,False,jpx_liquidity,JPX流動性
466,3774,インターネットイニシアティブ,情報・通信業,プライム,3774.T,2026-10-02,3465.0,0.0034752389226759828,0.0062874531284187185,0.017920094007050524,0.04714415231187674,0.32050304878048785,3351.9471801757813,3430.632393391927,0.03372750635595945,0.010017863375356706,-0.04598017621145378,0.2514236716903947,366700.0,457650.0,0.8012673440402054,1527173730.0,317,False,jpx_liquidity,JPX流動性
467,2670,エービーシー・マート,小売業,プライム,2670.T,2026-10-02,2666.5,-0.01948887663173382,-0.025045703839122524,-0.012407407407407423,-0.04767857142857146,0.0005628517823639267,2694.075,2725.5193684895835,-0.010235424032367213,-0.021654356660209872,-0.09640799728905458,0.1707787404831275,676300.0,559605.0,1.2085310174140689,1524717105.0,317,False,jpx_liquidity,JPX流動性
468,7380,十六フィナンシャルグループ,銀行業,プライム,7380.T,2026-10-02,2783.0,-0.008196721311475419,-0.021464792137084632,0.046240601503759304,0.13084112149532712,0.4724867724867725,2696.302685546875,2558.2508951822915,0.032154147573213,0.08785264386732239,-0.03065134099616862,0.31894074205608486,574300.0,543200.0,1.0572533136966127,1519045880.0,317,False,jpx_liquidity,JPX流動性
469,2331,ＡＬＳＯＫ,サービス業,プライム,2331.T,2026-10-02,1157.0,-0.018659881255301047,-0.03252555173684446,-0.051639344262295106,0.06882217090069287,-0.10518174787316315,1199.3038024902344,1171.1262674967447,-0.03527363325488897,-0.012062121642049117,-0.1130701418167881,0.20889327314318717,876100.0,1263305.0,0.6934984029984841,1517124620.0,317,False,jpx_liquidity,JPX流動性
470,6101,ツガミ,機械,プライム,6101.T,2026-10-02,5520.0,0.0,0.059412593231918054,0.05142857142857138,-0.3201970443349754,0.5839311334289814,5066.755932617188,5892.918644205729,0.0894544898965941,-0.06328250341151487,-0.3251833740831296,0.4811835929187492,288100.0,296210.0,0.9726207758009521,1497188200.0,317,False,jpx_liquidity,JPX流動性
471,9468,ＫＡＤＯＫＡＷＡ,情報・通信業,プライム,9468.T,2026-10-02,3750.0,-0.012118018967333999,0.023192360163710735,-0.0015974440894568342,0.022076860179885527,-0.03673259696891862,3659.9,3630.133333333333,0.024618158966091874,0.03301990744141636,-0.02114330462020364,0.19754856289827138,621400.0,398055.0,1.5610908040346183,1495763305.0,317,False,jpx_liquidity,JPX流動性
472,4392,ＦＩＧ,情報・通信業,プライム,4392.T,2026-10-02,912.0,-0.003278688524590123,-0.03594080338266381,-0.20418848167539272,-0.22117847993168227,1.823529411764706,979.7,1022.1333333333333,-0.06910278656731661,-0.10774849986955382,-0.6452742123687281,0.4228880962327224,652400.0,1669385.0,0.39080260095783775,1493695850.0,317,False,jpx_liquidity,JPX流動性
473,9072,ニッコンホールディングス,陸運業,プライム,9072.T,2026-10-02,4524.0,0.014577259475218707,-0.10746795751752036,-0.17625637290604512,-0.20155312389692903,-0.04030547305897325,5023.399609375,5237.216536458333,-0.09941466899089368,-0.13618236547856122,-0.3046418690439594,0.491107395183172,771100.0,275030.0,2.8036941424571866,1483127720.0,317,False,jpx_liquidity,JPX流動性
474,9301,三菱倉庫,倉庫・運輸関連業,プライム,9301.T,2026-10-02,1457.5,-0.006475800954328537,-0.06694216987928614,-0.052340702210663226,-0.07869785082174463,0.048938467074487235,1518.2121704101562,1541.2040568033854,-0.039989252881403536,-0.05431082044839419,-0.10965180207697012,0.20887638258892244,756200.0,966325.0,0.7825524538845626,1480032472.5,317,False,jpx_liquidity,JPX流動性
475,6376,日機装,精密機器,プライム,6376.T,2026-10-02,3600.0,0.014084507042253502,-0.013698630136986356,-0.04635761589403975,-0.11330049261083741,0.35338345864661647,3474.75,3691.1666666666665,0.036045758687675455,-0.024698604777170674,-0.17901938426453823,0.4340116412020491,578600.0,422175.0,1.3705217030852135,1478835850.0,317,False,jpx_liquidity,JPX流動性
476,4202,ダイセル,化学,プライム,4202.T,2026-10-02,1405.0,-0.0219282979463975,-0.0014888623346284158,-0.07565789473684215,-0.009167842031029605,0.14460285132382888,1407.904766845703,1441.3765889485678,-0.0020631841826993513,-0.02523739404918679,-0.07565789473684215,0.25590294908726063,1127600.0,1025060.0,1.1000331687901197,1470412382.5,317,False,jpx_liquidity,JPX流動性
477,8020,兼松,卸売業,プライム,8020.T,2026-10-02,2237.5,-0.004670818505338126,-0.028575965162373373,-0.03117557912968172,0.07288420043155108,-0.002007136485280947,2266.2485961914062,2185.549532063802,-0.012685543960058165,0.023769979666002694,-0.04989384288747345,0.20979173512643912,538700.0,647480.0,0.831994810650522,1468755385.0,317,False,jpx_liquidity,JPX流動性
478,4047,関東電化工業,化学,プライム,4047.T,2026-10-02,2435.0,-0.006527947776417742,0.022073590659412057,0.051381692573402526,-0.3002873563218391,0.7530597552195823,2239.9049682617188,2554.8516560872395,0.0870996915059683,-0.04691139534527511,-0.4472190692395006,0.5538530116449045,331000.0,652510.0,0.5072719192043034,1459968810.0,317,False,jpx_liquidity,JPX流動性
479,6027,弁護士ドットコム,サービス業,プライム,6027.T,2026-10-02,5030.0,-0.02895752895752901,-0.015655577299412915,-0.04554079696394686,1.1046025104602513,0.7562849162011174,5271.5,3814.55,-0.04581238736602489,0.31863522564915914,-0.13869863013698636,0.5435937607359311,142800.0,293260.0,0.4869399167973812,1446327825.0,317,False,jpx_liquidity,JPX流動性
480,8338,筑波銀行,銀行業,プライム,8338.T,2026-10-02,817.0,0.018703241895261735,0.03680203045685282,0.0951742627345844,0.25306748466257667,0.3894557823129252,759.95,704.1333333333333,0.07507072833739059,0.16029161143722792,-0.008495145631068013,0.45845486222197307,2889600.0,1872020.0,1.5435732524225168,1444207125.0,317,False,jpx_liquidity,JPX流動性
481,4565,ネクセラファーマ,医薬品,プライム,4565.T,2026-10-02,1220.0,-0.034810126582278444,-0.031746031746031744,0.08444444444444454,0.25773195876288657,0.20197044334975378,1220.55,1058.8833333333334,-0.0004506165253369554,0.15215714667967806,-0.060816012317167045,0.5112148581313427,550100.0,1183325.0,0.46487651321488177,1428298615.0,317,False,jpx_liquidity,JPX流動性
482,3635,コーエーテクモホールディングス,情報・通信業,プライム,3635.T,2026-10-02,1645.5,-0.004838221953432087,-0.015260323159784539,-0.05322209436133485,0.05177372962607851,0.03523120478137787,1665.175,1634.325,-0.011815574939570861,0.0068376852829148405,-0.065587734241908,0.21060145814704267,710800.0,873805.0,0.8134538026218664,1427513527.5,317,False,jpx_liquidity,JPX流動性
483,8388,阿波銀行,銀行業,プライム,8388.T,2026-10-02,2202.0,-0.0143240823634736,0.04419149586463034,-0.7746161719549642,-0.7079575596816976,-0.6431118314424635,5159.647961425781,7484.382653808594,-0.57322669754556,-0.7057873572405516,-0.7841176470588236,2.8011944043441925,827800.0,460565.0,1.7973575933907266,1425952275.0,317,False,jpx_liquidity,JPX流動性
484,7552,ハピネット,卸売業,プライム,7552.T,2026-10-02,4950.0,-0.03131115459882583,0.1578947368421053,0.27577319587628857,0.6555183946488294,0.8092105263157894,4116.242114257812,3609.7473714192706,0.20255316927403832,0.3712870987018053,-0.046242774566473965,0.5958637504387373,376200.0,308355.0,1.2200223768059542,1422066075.0,317,False,jpx_liquidity,JPX流動性
485,3941,レンゴー,パルプ・紙,プライム,3941.T,2026-10-02,1511.0,-0.0032981530343008103,-0.008236100808707292,-0.07414215686274506,0.07087172218284898,0.2088000000000001,1520.9281066894532,1523.1843688964843,-0.006527663369351067,-0.007999273853704025,-0.07668805377329668,0.2111417971971719,792900.0,922800.0,0.8592327698309493,1416625820.0,317,False,jpx_liquidity,JPX流動性
486,1980,ダイダン,建設業,プライム,1980.T,2026-10-02,2970.0,0.001686340640809414,0.023114850636797524,0.04393673110720564,0.048358630427109084,0.09837278106508873,2821.3754638671876,2725.3584879557293,0.05267804233651918,0.08976489262804255,-0.021416803953871466,0.36488314716015674,488400.0,491935.0,0.9928140912925488,1411057170.0,317,False,jpx_liquidity,JPX流動性
487,6432,竹内製作所,機械,プライム,6432.T,2026-10-02,7390.0,0.0095628415300546,0.012328767123287676,-0.033986928104575154,-0.0013513513513513375,0.1674565560821486,7321.5,7404.755712890625,0.009356006282865481,-0.0019927345968938637,-0.0680958385876419,0.2860453507871556,213900.0,190825.0,1.1209223110179485,1403474550.0,317,False,jpx_liquidity,JPX流動性
488,9110,ＮＳユナイテッド海運,海運業,プライム,9110.T,2026-10-02,10510.0,0.0,0.0,0.0019065776930409228,0.5710014947683109,0.38107752956636,10496.5,9417.0,0.0012861430000477014,0.11606668790485286,-0.0009505703422053591,0.014272102980250546,83500.0,137110.0,0.6090000729341405,1400302000.0,317,False,jpx_liquidity,JPX流動性
489,1719,安藤・間,建設業,プライム,1719.T,2026-10-02,1775.5,-0.016615895873719144,-0.04266745491668644,-0.09367023991832568,-0.01797566371681414,-0.12038642556353729,1862.1888732910156,1856.6212910970053,-0.046552137935295335,-0.04369296608091455,-0.14060987415295256,0.24492821834871142,802800.0,745720.0,1.0765434747626454,1400044592.5,317,False,jpx_liquidity,JPX流動性
490,8628,松井証券,証券、商品先物取引業,プライム,8628.T,2026-10-02,1106.0,-0.02210433244915999,-0.022041423247913916,-0.08745874587458746,0.12056737588652489,0.13903192584963953,1153.7004943847655,1110.350164794922,-0.04134564786695594,-0.0039178314488974575,-0.08745874587458746,0.2796882889946992,1684400.0,1187030.0,1.4190037320034035,1399610715.0,317,False,jpx_liquidity,JPX流動性
491,4023,クレハ,化学,プライム,4023.T,2026-10-02,3940.0,-0.022332506203473934,-0.028776857188388738,-0.15631691648822266,-0.03549571603427171,-0.03075030750307506,4235.761975097656,4309.337325032552,-0.06982497525509268,-0.08570629244712524,-0.15631691648822266,0.2834842359137009,342100.0,325470.0,1.0510953390481457,1393084800.0,317,False,jpx_liquidity,JPX流動性
492,1414,ショーボンドホールディングス,建設業,プライム,1414.T,2026-10-02,1247.0,-0.009531374106433677,-0.014618727775582818,-0.03258339798293253,-0.01031746031746028,-0.1397033459813729,1260.8,1275.4416666666666,-0.010945431472081157,-0.02229946489124679,-0.1426607081471296,0.1830411313208456,710900.0,1102690.0,0.6446961521370467,1386391705.0,317,False,jpx_liquidity,JPX流動性
493,9003,相鉄ホールディングス,陸運業,プライム,9003.T,2026-10-02,2457.5,-0.010070493454179208,-0.055616168437533364,-0.059869931140015265,-0.013448414291449162,-0.2052069857697283,2579.5602416992188,2575.595080566406,-0.047318236545161985,-0.045851570946639386,-0.21485623003194887,0.15594098175637386,319300.0,529395.0,0.6031413216974093,1383981772.5,317,False,jpx_liquidity,JPX流動性
494,7004,カナデビア,機械,プライム,7004.T,2026-10-02,1155.0,-0.01534526854219953,-0.01534526854219953,-0.03830141548709409,-0.12698412698412698,0.02941176470588225,1163.65,1199.1166666666666,-0.007433506638594212,-0.036790971131527295,-0.2050929112181693,0.2893611199239527,998400.0,1181090.0,0.8453208476915391,1379716145.0,317,False,jpx_liquidity,JPX流動性
495,1959,クラフティア,建設業,プライム,1959.T,2026-10-02,7993.0,-0.00510331092855365,-0.0012799375839007698,-0.049018441403926194,-0.1285433929350196,-0.15721214677351325,7992.6705078125,8342.640169270833,4.1224292578911914e-05,-0.04191001435716868,-0.19287084721801473,0.264196626612526,193100.0,170750.0,1.1308931185944364,1377610830.0,317,False,jpx_liquidity,JPX流動性
496,8410,セブン銀行,銀行業,プライム,8410.T,2026-10-02,336.79998779296875,-0.01434013532049172,-0.012918687932117368,-0.009703082185604117,0.166204993174756,0.23369958898523358,338.6533462524414,326.23611602783205,-0.00547273038929641,0.03238106158741627,-0.023768151324728315,0.1473675455773638,4392600.0,3995800.0,1.0993042694829571,1366204369.4734192,317,True,jpx_liquidity,JPX流動性
497,4733,オービックビジネスコンサルタント,情報・通信業,プライム,4733.T,2026-10-02,8180.0,0.004914004914004844,-0.001879626229162823,-0.06181901594219519,0.2678239305641661,0.28515318146111546,8209.483154296875,7845.327718098958,-0.00359135328530924,0.042658802019061914,-0.06621004566210043,0.2312120360232812,109600.0,167370.0,0.654836589591922,1347124795.0,317,False,jpx_liquidity,JPX流動性
498,6632,ＪＶＣケンウッド,電気機器,プライム,6632.T,2026-10-02,1012.0,-0.0014800197335964604,0.004032271005622645,-0.042573320719016094,-0.10561201944321696,-0.17757009345794394,991.9860168457031,1044.6920043945313,0.02017567063892378,-0.03129343792908468,-0.2142857142857143,0.2547690000467025,1065700.0,1338015.0,0.796478365339701,1330172904.894104,317,False,jpx_liquidity,JPX流動性
499,8876,リログループ,サービス業,プライム,8876.T,2026-10-02,2302.5,0.006557377049180246,0.008557894517333242,0.017679558011049812,0.11880466472303208,0.15471414242728176,2227.291857910156,2140.6139526367188,0.0337666309077298,0.07562598905976325,0.0,0.2565463184274472,505600.0,624655.0,0.8094067925494873,1330040320.0,317,False,jpx_liquidity,JPX流動性
500,7616,コロワイド,小売業,プライム,7616.T,2026-10-02,1995.0,-0.0012515644555695093,0.005037783375314797,-0.06797477224947446,0.0868973031871425,0.022552537160430486,2036.25,2023.15,-0.02025782688766109,-0.013913946074191275,-0.07574704656011122,0.23866947159103805,398500.0,648235.0,0.6147461954383827,1320749850.0,317,False,jpx_liquidity,JPX流動性
501,4272,日本化薬,化学,プライム,4272.T,2026-10-02,2083.5,-0.02183098591549293,-0.005965940361562616,-0.014893617021276562,0.024588148512417085,0.17711864406779654,2061.2258544921874,2036.0502848307292,0.010806261458087496,0.023304785506913728,-0.04448520981426274,0.2592844310303312,443500.0,626585.0,0.7078050065035071,1303576125.0,317,False,jpx_liquidity,JPX流動性
502,3107,ダイワボウホールディングス,卸売業,プライム,3107.T,2026-10-02,3644.0,-0.016198704103671746,-0.01782834324454885,-0.05644743656136719,0.03995433789954328,0.14303638644918437,3706.036083984375,3629.3286946614585,-0.01673920128637274,0.004042429488440247,-0.05644743656136719,0.18066473202315933,185000.0,348960.0,0.5301467216872994,1303401225.0,317,False,jpx_liquidity,JPX流動性
503,2726,パルグループホールディングス,小売業,プライム,2726.T,2026-10-02,1399.0,-0.02099370188943317,-0.04700272479564027,-0.07350993377483439,-0.07595772787318367,-0.03848797250859104,1475.45,1480.65,-0.051814700599817076,-0.055144699962854205,-0.11790668348045397,0.34028020331291836,908300.0,856125.0,1.0609432033873558,1288695380.0,317,False,jpx_liquidity,JPX流動性
504,8346,東邦銀行,銀行業,プライム,8346.T,2026-10-02,1112.0,0.012750455373406133,0.02562086372787209,0.12436804853387251,0.3594132029339854,0.6257309941520468,1028.946630859375,948.898876953125,0.08071688720265202,0.17188462017215778,-0.02026431718061672,0.38262366683482507,1430300.0,1184785.0,1.2072232514760062,1282181025.0,317,False,jpx_liquidity,JPX流動性
505,9861,吉野家ホールディングス,小売業,プライム,9861.T,2026-10-02,3689.0,0.00027114967462038564,0.029009762900976233,-0.04824561403508776,0.15353345841150712,0.08086727219455025,3738.0,3710.3754923502606,-0.01310861423220977,-0.005761005158192445,-0.08688118811881185,0.15178991204874284,333100.0,351345.0,0.9480709843601018,1282018005.0,317,False,jpx_liquidity,JPX流動性
506,4022,ラサ工業,化学,プライム,4022.T,2026-10-02,2064.0,-0.012440191387559807,0.09685681403553192,-0.0028985507246376274,-0.009121459433509393,0.2701538461538462,1903.00185546875,1990.01728515625,0.08460220050158207,0.0371769207210384,-0.2220128156803619,0.48430091171449297,654000.0,674525.0,0.9695711797190616,1281636265.0,317,False,jpx_liquidity,JPX流動性
507,3046,ジンズホールディングス,小売業,プライム,3046.T,2026-10-02,5550.0,-0.021164021164021163,-0.04475043029259895,-0.041450777202072575,-0.3215158924205379,0.03159851301115246,5734.0,6318.0522867838545,-0.032089291942797304,-0.12156472468429413,-0.39144736842105265,0.28780861124593105,271900.0,228240.0,1.1912898703119523,1279605750.0,317,False,jpx_liquidity,JPX流動性
508,6055,ジャパンマテリアル,サービス業,プライム,6055.T,2026-10-02,2346.0,-0.020459290187891388,0.01602425292334342,0.10348071495766709,-0.06159999999999999,0.4287454323995128,2207.25,2254.266666666667,0.06286102616377853,0.04069320399834386,-0.13686534216335544,0.4367227483281361,405100.0,578840.0,0.6998479718056804,1278348510.0,317,False,jpx_liquidity,JPX流動性
509,6961,エンプラス,電気機器,プライム,6961.T,2026-10-02,10740.0,0.0028011204481792618,0.0898375533831881,0.07615230460921851,-0.1924812030075188,-0.16614906832298137,9893.10078125,10924.866927083332,0.08560503298976752,-0.01692166397240391,-0.38942581011938604,0.5431447719308912,107300.0,131495.0,0.8160006083881517,1272890200.0,317,False,jpx_liquidity,JPX流動性
510,7988,ニフコ,化学,プライム,7988.T,2026-10-02,2396.0,-0.011958762886597918,-0.010007642316969712,-0.5370942812982998,-0.5251684502576298,-0.47571115973741795,3424.1250244140624,4539.958341471354,-0.30025919529325473,-0.47224185338593194,-0.5509745127436282,1.72582635350757,542000.0,402185.0,1.3476385245595932,1269359455.0,317,False,jpx_liquidity,JPX流動性
511,2327,日鉄ソリューションズ,情報・通信業,プライム,2327.T,2026-10-02,3821.0,0.0034138655462185863,-0.005263502446669954,-0.06302108876900436,0.06345672140272751,-0.00856253243383498,3844.251513671875,3838.1005045572915,-0.006048385124953981,-0.00445546033434685,-0.06302108876900436,0.30475350609070845,159400.0,333170.0,0.47843443287210735,1266515205.0,317,False,jpx_liquidity,JPX流動性
512,8387,四国銀行,銀行業,プライム,8387.T,2026-10-02,4685.0,0.019586507072905324,0.020181017144359048,0.27137042062415206,0.4920382165605095,0.9512703040399832,4187.925769042969,3649.141923014323,0.11869222578666272,0.2838634667653652,-0.01884816753926699,0.423779277658815,421200.0,276320.0,1.5243196294151709,1265945950.0,317,False,jpx_liquidity,JPX流動性
513,2607,不二製油,食料品,プライム,2607.T,2026-10-02,4226.0,-0.005178907721280601,-0.05005189409039579,-0.10655391120507396,0.04629858875959392,0.1827595857822557,4418.981713867188,4281.1272379557295,-0.0436710822453944,-0.012876804376889539,-0.10655391120507396,0.25086994974617743,231000.0,288755.0,0.7999861474260186,1262636500.0,317,False,jpx_liquidity,JPX流動性
514,3116,トヨタ紡織,輸送用機器,プライム,3116.T,2026-10-02,2131.0,-0.025828571428571423,-0.029229086594658504,-0.09241908006814314,-0.05225706026239718,-0.1230452674897119,2210.3928100585936,2232.2392700195314,-0.03591796430811278,-0.04535323402793001,-0.14896166134185307,0.2691240535814475,611100.0,564265.0,1.0830017810780397,1249240352.5,317,False,jpx_liquidity,JPX流動性
515,6849,日本光電工業,電気機器,プライム,6849.T,2026-10-02,1562.5,-0.02920161540851196,-0.02884320506628224,0.020908199934661864,0.065825375170532,0.01990861618798956,1548.2352416992187,1534.7284138997395,0.009213560004696308,0.018095440110926786,-0.05816757082579871,0.2250763061923928,413500.0,805820.0,0.5131418927303865,1238539542.5,317,False,jpx_liquidity,JPX流動性
516,6005,三浦工業,機械,プライム,6005.T,2026-10-02,2998.0,-0.0006666666666667043,-0.053887351046564835,-0.07440568076566845,-0.05336280391537729,-0.09671587827658934,3100.788232421875,3156.929410807292,-0.03314906556569075,-0.050343035946011305,-0.12975326560232225,0.25645946599117336,475400.0,391330.0,1.2148314721590474,1237626150.0,317,False,jpx_liquidity,JPX流動性
517,6387,サムコ,機械,プライム,6387.T,2026-10-02,9200.0,0.004366812227074135,0.1499999999999999,0.08235294117647052,-0.31343283582089554,0.09134045077105579,8321.5,9312.163606770833,0.10556990927116505,-0.012044849243121103,-0.4327990135635018,0.6450033175517477,113700.0,149845.0,0.758784076879442,1234937350.0,317,False,jpx_liquidity,JPX流動性
518,9505,北陸電力,電気・ガス業,プライム,9505.T,2026-10-02,1067.0,-0.0343891402714932,-0.04793075023483506,-0.002803738317757043,0.2042889390519187,-0.02468007312614262,1096.1612487792968,998.9687510172527,-0.026603064842669166,0.06810147856323923,-0.07209078258964263,0.3108739052805354,1023700.0,1126720.0,0.9085664583925022,1231050912.5,317,False,jpx_liquidity,JPX流動性
519,2121,ＭＩＸＩ,情報・通信業,プライム,2121.T,2026-10-02,3695.0,-0.009383378016085797,-0.019791447138418072,-0.012032085561497374,0.31354425879843584,0.44731688209949083,3673.5102416992186,3352.2700805664062,0.005849924700588538,0.10223815838122619,-0.02234406632292507,0.26532889692035094,277300.0,365880.0,0.7578987646222806,1220746575.0,317,False,jpx_liquidity,JPX流動性
520,4401,ＡＤＥＫＡ,化学,プライム,4401.T,2026-10-02,4612.0,0.0,0.006368262209174302,-0.03413612565445023,0.07757009345794397,0.23612972393460208,4506.361181640625,4384.853727213542,0.023442155233752482,0.05180247436230978,-0.03413612565445023,0.2894444933471945,239100.0,271440.0,0.8808576480990274,1220224030.0,317,False,jpx_liquidity,JPX流動性
521,3687,フィックスターズ,情報・通信業,プライム,3687.T,2026-10-02,2283.0,-0.004361098996947255,0.036362699371000895,0.04056517775752044,-0.04075630252100837,0.8162291169451075,2197.9280395507812,2202.959346516927,0.03870552580356823,0.036333241287282325,-0.371939477303989,0.3814801201649321,358000.0,563145.0,0.635715490681796,1207295790.0,317,False,jpx_liquidity,JPX流動性
522,8086,ニプロ,精密機器,プライム,8086.T,2026-10-02,1307.0,-0.0322102924842651,-0.09133277830253927,-0.15840309079201542,-0.16137311517484765,-0.1979134703896901,1430.1423034667969,1535.3391011555989,-0.08610493037531197,-0.14872226010770884,-0.25292940840240064,0.20674860666484143,1223500.0,809005.0,1.5123515923881805,1199233657.5,317,False,jpx_liquidity,JPX流動性
523,3291,飯田グループホールディングス,不動産業,プライム,3291.T,2026-10-02,2114.5,-0.023325635103926046,-0.04739984793139518,-0.11508683825068011,-0.029155188246097308,-0.13393405693221383,2222.2561279296874,2263.1520426432294,-0.04848951773622778,-0.06568363054813253,-0.1475508969965733,0.2113414135987285,467200.0,540565.0,0.8642808912896691,1197947440.0,317,False,jpx_liquidity,JPX流動性
524,4118,カネカ,化学,プライム,4118.T,2026-10-02,5960.0,-0.015038836555941182,-0.014665771589301602,-0.060381522938672605,0.03706281538193834,0.1948676824378508,5994.736596679688,5938.7955322265625,-0.005794515925675148,0.0035704997180610043,-0.06067769897557129,0.23340027111679937,182300.0,210470.0,0.8661566969164252,1197246485.0,317,False,jpx_liquidity,JPX流動性
525,8345,岩手銀行,銀行業,プライム,8345.T,2026-10-02,2810.0,0.0,-0.023607226407301063,0.107171000788022,0.3003239241092086,0.6529411764705881,2675.3437377929686,2415.2979125976562,0.05033232190122838,0.16341755828283766,-0.023607226407301063,0.35701318476341165,977300.0,409735.0,2.3852001903669446,1195659840.0,317,False,jpx_liquidity,JPX流動性
526,5463,丸一鋼管,鉄鋼,プライム,5463.T,2026-10-02,1666.5,-0.0050746268656716165,-0.023097445256440752,-0.07029288702928871,-0.13875968992248067,0.14261227288309897,1709.5535095214843,1763.1928365071615,-0.025184066647633174,-0.05483962644647955,-0.13875968992248067,0.19225468980046373,689300.0,723545.0,0.9526705318950446,1192040367.5,317,False,jpx_liquidity,JPX流動性
527,1951,エクシオグループ,建設業,プライム,1951.T,2026-10-02,2521.5,-0.006501182033096908,-0.02112482561998441,-0.061592854484555315,-0.06472551928783388,-0.09216921692169222,2565.592395019531,2608.030798339844,-0.017186048378193486,-0.0331785952815149,-0.15725267379679142,0.1763963372553326,408800.0,458215.0,0.8921576116015407,1180914290.0,317,False,jpx_liquidity,JPX流動性
528,8111,ゴールドウイン,繊維製品,プライム,8111.T,2026-10-02,2102.0,-0.006616257088846833,-0.02089334439299495,-0.011753643629525135,-0.060558659217877064,-0.05037271289812517,2104.8439880371093,2187.2563293457033,-0.0013511633419260871,-0.038978663909596256,-0.1335531739488871,0.19764932292283313,309500.0,563790.0,0.5489632664644637,1178792925.0,317,False,jpx_liquidity,JPX流動性
529,4887,サワイグループホールディングス,医薬品,プライム,4887.T,2026-10-02,1589.0,-0.01089324618736387,-0.030245237453840668,-0.013043478260869601,-0.07508731082654252,-0.30535519125683064,1601.6346008300782,1634.4198669433595,-0.007888566358100646,-0.02778959547787574,-0.30261136712749614,0.19892120460032076,462400.0,728345.0,0.6348639724306475,1175714545.0,317,False,jpx_liquidity,JPX流動性
530,1961,三機工業,建設業,プライム,1961.T,2026-10-02,2647.0,-0.0026375282592313587,0.04298843787784734,0.07252836304700172,-0.053290414878397696,0.08483606557377055,2473.640625,2464.430208333333,0.07008268430261566,0.07408194845580018,-0.15295999999999998,0.3727883897845283,453600.0,459885.0,0.9863335399067158,1170802095.0,317,False,jpx_liquidity,JPX流動性
531,6136,オーエスジー,機械,プライム,6136.T,2026-10-02,3649.0,0.0,0.023849607182940602,-0.013783783783783754,-0.11021702023896607,0.39899575002609144,3524.85,3711.35,0.03522135693717465,-0.016799816778261256,-0.11021702023896607,0.3014819598602515,317500.0,332445.0,0.9550451954458632,1168224485.0,317,False,jpx_liquidity,JPX流動性
532,2433,博報堂ＤＹホールディングス,サービス業,プライム,2433.T,2026-10-02,1298.0,-0.007645259938837912,-0.01255679447511071,-0.05771324863883842,0.10703624733475481,0.23736892278360333,1310.7405029296874,1287.1718343098958,-0.009720080291415911,0.008412369973826994,-0.06786355475763017,0.2446154905577187,481800.0,903880.0,0.5330353586759304,1163885242.5,317,False,jpx_liquidity,JPX流動性
533,6480,日本トムソン,機械,プライム,6480.T,2026-10-02,1872.0,-0.01473684210526316,0.010286454241613452,0.03711911357340725,-0.14520547945205475,0.9561128526645768,1732.8380310058594,1809.3626770019532,0.08030869966153809,0.034618445375381945,-0.27441860465116275,0.4721143568956552,654300.0,674970.0,0.9693764167296324,1162626050.0,317,False,jpx_liquidity,JPX流動性
534,6472,ＮＴＮ,機械,プライム,6472.T,2026-10-02,376.6000061035156,-0.015682174344703648,-0.021100034307902527,-0.021309724401199714,-0.07876708084874118,0.14502892396539235,376.53467559814453,380.8448903401693,0.00017350461884380053,-0.011145966098854987,-0.2144346873211811,0.3487741540466294,2076800.0,3074905.0,0.6754029799294612,1150804359.0138245,317,False,jpx_liquidity,JPX流動性
535,5947,リンナイ,金属製品,プライム,5947.T,2026-10-02,3349.0,-0.015000000000000013,-0.014071940276387473,-0.0919197396963124,-0.06920511395219564,-0.0877145192045764,3440.8951416015625,3551.348380533854,-0.026706754440296576,-0.05697790215203735,-0.11425548796614649,0.2032663016505156,334900.0,332955.0,1.0058416302503341,1138859100.0,317,False,jpx_liquidity,JPX流動性
536,1861,熊谷組,建設業,プライム,1861.T,2026-10-02,1243.0,-0.011137629276054106,-0.031931464174454804,-0.0482388973966309,-0.13979238754325263,-0.2206896551724138,1279.2882080078125,1352.3127360026042,-0.028365936448615292,-0.0808339174011844,-0.23318938926588528,0.19923083500124608,956200.0,889400.0,1.0751068135821902,1129232805.0,317,False,jpx_liquidity,JPX流動性
537,8344,山形銀行,銀行業,プライム,8344.T,2026-10-02,5600.0,0.007194244604316502,-0.005535592891133367,0.24031007751937983,0.41235813366960916,1.1960784313725492,5083.672778320312,4443.640926106771,0.10156578603595467,0.2602278386400485,-0.024390243902439046,0.4552230983706336,314500.0,205205.0,1.532613727735679,1113120825.0,317,False,jpx_liquidity,JPX流動性
538,9031,西日本鉄道,陸運業,プライム,9031.T,2026-10-02,2829.5,-0.00893169877408051,-0.08120539215581346,-0.09368994234465089,-0.03231874145006841,-0.08489650711513586,3039.1915649414063,3060.8388549804686,-0.06899583670878251,-0.07558021377180435,-0.12804314329738054,0.20732936268446053,240400.0,359305.0,0.6690694535283395,1111490172.5,317,False,jpx_liquidity,JPX流動性
539,8060,キヤノンマーケティングジャパン,卸売業,プライム,8060.T,2026-10-02,3734.0,-0.004532124766728818,-0.0008027829810007825,-0.012169312169312163,0.06563926940639275,0.057191392978482414,3679.65,3618.7,0.014770426535132497,0.031862270981291685,-0.030381719034017096,0.2047403633446334,285300.0,302580.0,0.9428911362284355,1110587250.0,317,False,jpx_liquidity,JPX流動性
540,8714,池田泉州ホールディングス,銀行業,プライム,8714.T,2026-10-02,1118.0,-0.010619469026548645,-0.00650660108358736,0.013599274705349051,0.10039370078740162,0.2152173913043478,1090.1488037109375,1057.5496012369792,0.025548068478592256,0.057160816563416095,-0.03119584055459268,0.298005480198271,1169200.0,975145.0,1.199001174184352,1108722300.0,317,False,jpx_liquidity,JPX流動性
541,1860,戸田建設,建設業,プライム,1860.T,2026-10-02,1404.0,-0.017494751574527623,-0.03899446068368817,-0.10459183673469385,-0.1311881188118812,-0.03105590062111796,1474.919091796875,1503.0563639322916,-0.048083377719706055,-0.06590329298971898,-0.14049586776859502,0.23468364606300815,685300.0,753185.0,0.9098694211913407,1098210015.0,317,False,jpx_liquidity,JPX流動性
542,9533,東邦瓦斯,電気・ガス業,プライム,9533.T,2026-10-02,1250.0,0.015847216578626533,-0.001326460820935016,-0.013028030003947921,0.010101010101010166,-0.035493827160493874,1269.0235900878906,1220.0828633626302,-0.014990730067179547,0.02452057768840077,-0.07715023994093761,0.29393907897464056,649200.0,903280.0,0.7187140200159419,1095980505.0,317,False,jpx_liquidity,JPX流動性
543,6875,メガチップス,電気機器,プライム,6875.T,2026-10-02,11570.0,0.017590149516270914,0.03766816143497764,0.06734317343173424,0.07428040854224705,0.33294930875576045,10861.0,10472.0,0.06527944019887677,0.10485103132161955,-0.1174675819984744,0.3323215816199666,112100.0,99865.0,1.1225153957843088,1095947250.0,317,False,jpx_liquidity,JPX流動性
544,9449,ＧＭＯインターネットグループ,情報・通信業,プライム,9449.T,2026-10-02,3968.0,-0.002764513696908777,-0.006012024048096198,-0.05568776772965256,0.09947353837628148,0.31914893617021267,3942.05,4020.0833333333335,0.006582869319262663,-0.01295578449866297,-0.08634584388671429,0.3104312073703489,273200.0,275975.0,0.989944741371501,1087604765.0,317,False,jpx_liquidity,JPX流動性
545,2784,アルフレッサ　ホールディングス,卸売業,プライム,2784.T,2026-10-02,2220.5,-0.02202158114952657,-0.05586203861105188,-0.04781303602058318,0.01951331496786035,-0.1439861218195837,2299.0093627929687,2289.9781209309895,-0.03414921403260007,-0.030340080674108427,-0.13699961134862026,0.1777025988663092,502900.0,462375.0,1.0876453095431198,1083465157.5,317,False,jpx_liquidity,JPX流動性
546,7322,三十三フィナンシャルグループ,銀行業,プライム,7322.T,2026-10-02,2255.0,-0.0008861320336730483,0.017276053403116,0.05769230769230771,0.2356164383561643,0.474820143884892,2134.9167602539064,2008.1889200846354,0.05624727014265973,0.12290232131395418,-0.015283842794759805,0.4494717764837934,472600.0,516625.0,0.9147834502782483,1083279755.0,317,False,jpx_liquidity,JPX流動性
547,3401,帝人,繊維製品,プライム,3401.T,2026-10-02,1630.0,-0.019253910950661868,-0.03133808063487187,-0.10684931506849316,-0.05149839976723891,-0.02013826269912833,1676.5107116699219,1702.661903889974,-0.02774256755186133,-0.04267547404682481,-0.10684931506849316,0.28950553016836833,487300.0,656075.0,0.7427504477384446,1077952265.0,317,False,jpx_liquidity,JPX流動性
548,2767,円谷フィールズホールディングス,卸売業,プライム,2767.T,2026-10-02,2515.0,-0.006714060031595581,-0.011149126952335497,-0.01834504293520689,0.8251088534107403,0.7167235494880546,2507.8383544921876,2221.062784830729,0.00285570459315454,0.1323407952160489,-0.03713629402756513,0.2770928539263531,260200.0,434045.0,0.5994770127521339,1077666040.0,317,False,jpx_liquidity,JPX流動性
549,2371,カカクコム,サービス業,プライム,2371.T,2026-10-02,3810.0,0.0013140604467805073,-0.0005246589716684236,0.03140227395776929,0.06902356902356899,0.7158297680702546,3771.75,3701.65,0.010141181149333933,0.02927073062012875,-0.010389610389610393,0.12401816618403329,364600.0,273220.0,1.334455749945099,1077334325.0,317,False,jpx_liquidity,JPX流動性
550,6490,ＰＩＬＬＡＲ,機械,プライム,6490.T,2026-10-02,11550.0,0.04054054054054057,0.11594202898550732,0.1785714285714286,0.07843137254901955,0.5318302387267904,9808.5,9929.166666666666,0.17755008411072026,0.16323961393201847,0.0,0.5077025885018822,207000.0,102710.0,2.0153831175153343,1073584150.0,317,True,jpx_liquidity,JPX流動性
551,3445,ＲＳ　Ｔｅｃｈｎｏｌｏｇｉｅｓ,金属製品,プライム,3445.T,2026-10-02,6350.0,0.004746835443038,0.03758169934640532,0.12389380530973448,-0.24852071005917165,0.7349726775956285,5763.5,6300.0,0.10176108267545758,0.007936507936507908,-0.24852071005917165,0.4368853520975893,156800.0,189700.0,0.8265682656826568,1068923350.0,317,False,jpx_liquidity,JPX流動性
552,2810,ハウス食品グループ本社,食料品,プライム,2810.T,2026-10-02,3976.0,-0.017058096415327517,-0.0003933807202937123,-0.006496751624187946,0.032727272727272716,0.2813406380921688,3927.001904296875,3869.2339680989585,0.01247722738547985,0.02759358384148025,-0.03236797274275982,0.1563225848052511,195700.0,280580.0,0.6974837835911326,1068784785.0,317,False,jpx_liquidity,JPX流動性
553,6436,アマノ,機械,プライム,6436.T,2026-10-02,3741.0,-0.011363636363636354,-0.02922025531730499,-0.07102061087658307,0.015748031496062964,-0.03358305347455437,3852.3475830078123,3858.732527669271,-0.02890382568254002,-0.030510673342882155,-0.07378063877197327,0.11869944376424196,244400.0,277585.0,0.8804510330169137,1068364875.0,317,False,jpx_liquidity,JPX流動性
554,8362,福井銀行,銀行業,プライム,8362.T,2026-10-02,8250.0,0.0185185185185186,0.017936491631515006,0.17521367521367526,0.37271214642262884,1.4517087667161963,7617.163061523437,6713.554353841146,0.08308039795986666,0.22885725879016383,0.0,0.4372796984671406,145400.0,133155.0,1.0919604971649581,1064397250.0,317,False,jpx_liquidity,JPX流動性
555,8381,山陰合同銀行,銀行業,プライム,8381.T,2026-10-02,2532.0,-0.020502901353965153,-0.0359029086321927,-0.041997729852440435,0.05897114178168139,0.33826638477801274,2579.606896972656,2522.1022989908856,-0.018455097568752077,0.003924385229367777,-0.04416761041902606,0.21868679321511592,647800.0,392090.0,1.6521716952740442,1061527760.0,317,False,jpx_liquidity,JPX流動性
556,8242,エイチ・ツー・オー　リテイリング,小売業,プライム,8242.T,2026-10-02,2712.0,-0.008409506398537436,-0.040676265530115385,-0.10049751243781091,-0.05505226480836234,0.06687647521636508,2826.034814453125,2859.6949381510417,-0.040351524995346555,-0.05164709570263992,-0.1096520026263953,0.1693517988846047,375700.0,369910.0,1.0156524560028115,1055410382.5,317,False,jpx_liquidity,JPX流動性
557,7148,ＦＰＧ,証券、商品先物取引業,プライム,7148.T,2026-10-02,1605.0,-0.017747858017135854,-0.03520660548164456,-0.0722543352601156,0.03749191984486111,-0.010480887792848281,1664.1682250976562,1636.2227416992187,-0.035554233163047066,-0.019082207393593453,-0.0722543352601156,0.25450653088225433,655400.0,625700.0,1.0474668371424005,1049409735.0,317,False,jpx_liquidity,JPX流動性
558,8360,山梨中央銀行,銀行業,プライム,8360.T,2026-10-02,1505.0,-0.002650762094102088,0.0427912895815179,-0.7941176470588236,-0.7677469135802469,-0.7223247232472325,3682.5100280761717,5838.83667602539,-0.5913113641169779,-0.7422431755661845,-0.8017127799736495,2.7723199157605887,463900.0,452485.0,1.025227355602948,1034410980.0,317,False,jpx_liquidity,JPX流動性
559,6544,ジャパンエレベーターサービスホールディングス,サービス業,プライム,6544.T,2026-10-02,1480.5,0.006458191706322225,-0.016605778811026206,-0.015625,-0.1887671232876712,-0.08100558659217882,1486.45,1593.6583333333333,-0.0040028255238993005,-0.0710053911597529,-0.21728786677240286,0.247056562611752,480900.0,702115.0,0.6849305313232162,1034212832.5,317,False,jpx_liquidity,JPX流動性
560,8698,マネックスグループ,証券、商品先物取引業,プライム,8698.T,2026-10-02,688.0,-0.026874115983026914,-0.03570178062777385,-0.07402422611036341,-0.0028985507246376274,-0.0028985507246376274,708.0925933837891,715.6475311279297,-0.028375658171725604,-0.03863288829398259,-0.10416666666666663,0.2488737529351147,1520100.0,1444820.0,1.0521033761991112,1029389100.0,317,False,jpx_liquidity,JPX流動性
561,4413,ボードルア,情報・通信業,プライム,4413.T,2026-10-02,2953.0,-0.0047185709470846104,-0.003711201079622084,-0.0030384875084402685,0.020034542314335102,0.46478174603174605,2964.35,2960.483333333333,-0.003828832627726153,-0.002527740402749501,-0.08291925465838512,0.01962153606197531,58700.0,361120.0,0.16254984492689412,1025943635.0,317,False,jpx_liquidity,JPX流動性
562,2175,エス・エム・エス,サービス業,プライム,2175.T,2026-10-02,2568.0,-0.047477744807121636,-0.02357414448669204,0.036737989503431656,0.13227513227513232,0.5285714285714285,2606.25,2439.483333333333,-0.01467625899280578,0.052681920351987266,-0.047477744807121636,0.25523341138661165,685500.0,387305.0,1.769922928957798,1025591675.0,317,False,jpx_liquidity,JPX流動性
563,5232,住友大阪セメント,ガラス・土石製品,プライム,5232.T,2026-10-02,1866.0,-0.006125166444740371,0.006412986986651825,-0.6747995817357965,-0.6860699865410498,-0.49865663621708756,3292.3824096679687,4860.3941365559895,-0.4332371614790085,-0.6160805178400156,-0.707156308851224,2.3240690840103895,610400.0,366135.0,1.6671446324443169,1021510336.7004395,317,False,jpx_liquidity,JPX流動性
564,3048,ビックカメラ,小売業,プライム,3048.T,2026-10-02,1645.0,-0.012308616031221908,-0.05187319884726227,-0.08407572383073492,0.006731946144430845,-0.0971459934138309,1718.05,1719.2165303548177,-0.04251913506591776,-0.043168809189788715,-0.11701556629092857,0.1809616628951741,481100.0,598500.0,0.8038429406850459,1017592867.5,317,False,jpx_liquidity,JPX流動性
565,4206,アイカ工業,化学,プライム,4206.T,2026-10-02,4188.0,-0.006169909824394915,-0.02463081748604501,-0.0023820867079561436,0.12339055793991416,0.1364993215739485,4159.372216796875,3984.8574055989584,0.006882717321502696,0.05097863580152562,-0.02463081748604501,0.21207091131639794,213400.0,240855.0,0.8860102551327562,1010433320.0,317,False,jpx_liquidity,JPX流動性
566,8012,長瀬産業,卸売業,プライム,8012.T,2026-10-02,1151.5,-0.009888220120378377,-0.016993361614787705,-0.02908937605396289,-0.040416666666666656,-0.02166525063721325,1146.060565185547,1174.736855061849,0.0047462018846904375,-0.019780476761006693,-0.09508840864440082,0.21931500967338574,709500.0,883760.0,0.8028197700733231,1007897562.5,317,False,jpx_liquidity,JPX流動性
567,9045,京阪ホールディングス,陸運業,プライム,9045.T,2026-10-02,3102.0,-0.009262216544235091,-0.03574759092322044,-0.036945048121701296,-0.017421602787456414,-0.073753359211705,3195.65,3206.4666666666667,-0.029305462112559244,-0.03257999459425742,-0.09668025626092025,0.18008024662318878,365500.0,308225.0,1.1858220455835835,1002813485.0,317,False,jpx_liquidity,JPX流動性
568,5384,フジミインコーポレーテッド,ガラス・土石製品,プライム,5384.T,2026-10-02,3560.0,-0.009735744089012566,0.039097414099890315,0.021520803443328518,-0.20712694877505566,0.2889210716871833,3340.154736328125,3731.2182454427084,0.06581888595782637,-0.04588802749660481,-0.3005893909626719,0.39291581736074044,197000.0,303680.0,0.648709167544784,998784975.0,317,False,jpx_liquidity,JPX流動性
569,8616,東海東京フィナンシャル・ホールディングス,証券、商品先物取引業,プライム,8616.T,2026-10-02,892.0,0.003374578177727683,0.012549366406995777,-0.028322440087146017,0.164490861618799,0.21691678035470674,878.2327362060547,840.4275787353515,0.015676099542154986,0.06136450369971547,-0.0304347826086957,0.19174163286513282,2892800.0,1036250.0,2.791604342581423,997248275.0,317,False,jpx_liquidity,JPX流動性
570,4483,ＪＭＤＣ,情報・通信業,プライム,4483.T,2026-10-02,3625.0,-0.025537634408602128,0.00554785020804438,0.04617604617604609,0.19834710743801653,0.0386819484240688,3561.0,3387.5,0.017972479640550487,0.07011070110701101,-0.029451137884872858,0.3810966299226158,256200.0,283205.0,0.9046450451086668,991442525.0,317,False,jpx_liquidity,JPX流動性
571,9076,セイノーホールディングス,陸運業,プライム,9076.T,2026-10-02,2570.5,-0.012106072252113798,-0.04158191532910127,-0.08847517730496457,-0.028717173625543158,0.03357458785685563,2671.9350708007814,2704.778356933594,-0.037963149594941736,-0.049644865202864596,-0.09073222497347011,0.18526938217508201,291200.0,366865.0,0.7937524702547258,986937225.0,317,False,jpx_liquidity,JPX流動性
572,8022,美津濃,その他製品,プライム,8022.T,2026-10-02,4210.0,0.004773269689737569,0.01402736601837895,0.02682926829268295,0.24925816023738867,0.20285714285714285,4051.5003173828127,3907.9167724609374,0.03912123169215875,0.07730032268543718,-0.023201856148491906,0.3020040023752842,314500.0,233835.0,1.3449654671028717,986234725.0,317,False,jpx_liquidity,JPX流動性
573,6707,サンケン電気,電気機器,プライム,6707.T,2026-10-02,6948.0,-0.01753393665158376,0.0072484778196577615,-0.02099478652951947,-0.369223785746709,-0.1630932305468562,6834.55,8091.45,0.016599483506595236,-0.14131583337967857,-0.4056458511548332,0.25981607693873526,202600.0,142530.0,1.421455132252859,984310410.0,317,False,jpx_liquidity,JPX流動性
574,9759,ＮＳＤ,情報・通信業,プライム,9759.T,2026-10-02,2980.5,0.005566801619433237,0.014983824280606184,0.0013438602385351661,0.1565774155995343,0.06199893105291299,2889.225,2816.366666666667,0.031591516756223514,0.05827839651560507,-0.00434274260898615,0.2461463559147612,339600.0,330940.0,1.0261678854172962,977137380.0,317,False,jpx_liquidity,JPX流動性
575,7717,ブイ・テクノロジー,精密機器,プライム,7717.T,2026-10-02,6530.0,-0.009104704097116834,0.0794459128863425,0.15575221238938064,-0.19283065512978992,0.4383259911894273,5803.863354492188,5953.037784830729,0.12511263638655157,0.09691895734971823,-0.3038379530916845,0.5480258538770114,249600.0,161260.0,1.5478109884658315,976313950.0,317,False,jpx_liquidity,JPX流動性
576,2146,ＵＴグループ,サービス業,プライム,2146.T,2026-10-02,239.0,0.0,-0.004166666666666652,0.02136752136752129,0.3502824858757063,0.21319796954314718,232.55,210.96666666666667,0.027735970758976602,0.13288039184705314,-0.012396694214875992,0.26020689019264825,3961200.0,4325480.0,0.9157827570581762,972068545.0,317,True,jpx_liquidity,JPX流動性
577,9987,スズケン,卸売業,プライム,9987.T,2026-10-02,2558.5,-0.021606118546845132,-0.02790551414829623,-0.5108965780921431,-0.4831313131313131,-0.582217504898759,3609.646044921875,4586.032014973958,-0.2912047419166345,-0.44211030545661634,-0.590574491918707,1.7077070644402221,398600.0,289860.0,1.3751466225074174,970369790.0,317,False,jpx_liquidity,JPX流動性
578,2206,江崎グリコ,食料品,プライム,2206.T,2026-10-02,4981.0,-0.008361536930121427,-0.013663366336633676,-0.041746825702193124,-0.07070895522388054,-0.16017534985668525,5026.5,5111.35,-0.009052024271361758,-0.02550206892503948,-0.16482226693494295,0.13469752706654162,312400.0,185825.0,1.6811516211489304,969651275.0,317,False,jpx_liquidity,JPX流動性
579,7164,全国保証,その他金融業,プライム,7164.T,2026-10-02,2990.0,-0.021916912005233935,-0.03478658150454739,-0.0722928948184921,-0.02985074626865669,-0.06416275430359941,3107.6170166015627,3123.2556722005206,-0.03784797675299989,-0.042665630414635225,-0.08366533864541836,0.12176083521059532,454500.0,305160.0,1.4893826189539914,968543995.0,317,False,jpx_liquidity,JPX流動性
580,6258,平田機工,機械,プライム,6258.T,2026-10-02,3880.0,0.01041666666666674,0.022397891963109373,0.10699001426533528,0.25566343042071193,0.5765948801300285,3630.75,3345.45,0.06864972801762725,0.15978418448938125,0.0,0.3353789033046391,299800.0,265050.0,1.1311073382380683,964988050.0,317,False,jpx_liquidity,JPX流動性
581,8570,イオンフィナンシャルサービス,その他金融業,プライム,8570.T,2026-10-02,1473.5,-0.029314888010540163,-0.09155363748458689,-0.12003583159151987,-0.02222959522229595,-0.08478260869565213,1606.6,1599.3785583496094,-0.08284576123490595,-0.07870466794271824,-0.13268799273898424,0.20905481476805626,703800.0,618755.0,1.1374453539769376,956670330.0,317,False,jpx_liquidity,JPX流動性
582,3097,物語コーポレーション,小売業,プライム,3097.T,2026-10-02,5510.0,0.0036429872495447047,0.05555555555555558,-0.04173913043478261,0.16244725738396615,0.15031315240083498,5497.0,5419.916666666667,0.0023649263234490903,0.016620796752717437,-0.06451612903225812,0.28664252110527905,133700.0,172965.0,0.7729887549504235,955879350.0,317,False,jpx_liquidity,JPX流動性
583,8174,日本瓦斯,小売業,プライム,8174.T,2026-10-02,939.5,-0.0060304825787314,-0.03391121288680066,-0.6918661856346343,-0.6688403242862178,-0.6765364090204855,1786.2215606689454,2524.373853556315,-0.474029414554735,-0.62782850144148,-0.6995522865366166,2.285569894605476,998000.0,707715.0,1.410172173827035,949621656.8991089,317,False,jpx_liquidity,JPX流動性
584,8386,百十四銀行,銀行業,プライム,8386.T,2026-10-02,3210.0,-0.006191950464396245,-0.00014912410311662683,0.014218009478673022,0.20269763956538034,0.4375279892521271,3113.76435546875,2960.6214518229167,0.030906527773121306,0.08423182505265436,-0.01382488479262678,0.25502359669876645,286500.0,297260.0,0.9638027316154208,943927500.0,317,False,jpx_liquidity,JPX流動性
585,9936,王将フードサービス,小売業,プライム,9936.T,2026-10-02,2874.0,-0.004502944232767536,-0.008310981116307903,-0.02806898884004061,-0.00553633217993077,-0.06536585365853653,2915.6642456054688,2930.3380818684896,-0.014289795427668173,-0.01922579589607165,-0.07736757624398072,0.13947375831449327,219400.0,321290.0,0.6828721715584052,938361820.0,317,False,jpx_liquidity,JPX流動性
586,7599,ＩＤＯＭ,卸売業,プライム,7599.T,2026-10-02,1148.0,-0.010344827586206917,-0.046511627906976716,-0.09677419354838712,-0.19664100769769066,-0.1681159420289855,1211.35,1272.8143981933595,-0.05229702398150815,-0.0980617428358147,-0.2346666666666667,0.14887767916778874,949700.0,779060.0,1.2190331938489976,931435980.0,317,False,jpx_liquidity,JPX流動性
587,1833,奥村組,建設業,プライム,1833.T,2026-10-02,5360.0,-0.012891344383057057,-0.0427226759757775,-0.0930626057529611,-0.05633802816901412,-0.1572327044025157,5605.447534179688,5692.815844726562,-0.043787321651491906,-0.058462429455690246,-0.1766513056835638,0.21366906712543549,214900.0,162280.0,1.3242543751540548,930033250.0,317,False,jpx_liquidity,JPX流動性
588,2811,カゴメ,食料品,プライム,2811.T,2026-10-02,2616.0,-0.014874788175484821,-0.040176114474408386,-0.04907306434023995,-0.01598645852924585,-0.08339173090399443,2711.5,2700.275,-0.03522035773557075,-0.031209784188647505,-0.10164835164835162,0.1502650579875038,277100.0,343225.0,0.8073421225143856,928698437.5,317,False,jpx_liquidity,JPX流動性
589,8078,阪和興業,卸売業,プライム,8078.T,2026-10-02,1858.0,-0.0032188841201716833,-0.02607428825437763,-0.04669061056952284,0.07151095732410617,0.14762198888202605,1895.1873901367187,1811.2457967122396,-0.019622012224361662,0.025813284631289957,-0.051072522982635316,0.2184469197681908,337800.0,503880.0,0.670397713741367,926175270.0,317,False,jpx_liquidity,JPX流動性
590,8153,モスフードサービス,卸売業,プライム,8153.T,2026-10-02,3795.0,-0.010430247718383301,-0.02263529799672659,-0.03435114503816794,0.021534320323014722,-0.12254335260115612,3896.6030517578124,3853.0343505859373,-0.02607477600572572,-0.015061986295842877,-0.13257142857142856,0.13369428694218272,90400.0,236060.0,0.38295348640176224,916757975.0,317,False,jpx_liquidity,JPX流動性
591,6768,タムラ製作所,電気機器,プライム,6768.T,2026-10-02,957.0,-0.012383900928792602,0.10848200944941078,0.1656516443361753,0.019169329073482455,0.519047619047619,833.989779663086,838.9465932210286,0.14749607649461538,0.1407162359712557,-0.1470588235294118,0.4401016351397649,1321800.0,1055020.0,1.2528672442228583,914314635.0,317,False,jpx_liquidity,JPX流動性
592,8424,芙蓉総合リース,その他金融業,プライム,8424.T,2026-10-02,4290.0,-0.019204389574759895,-0.04456639220265124,-0.04390461332739026,0.024110766292671393,-0.011748445058742174,4418.192041015625,4409.180680338542,-0.029014592354875912,-0.027030119421050935,-0.06556305815726426,0.19611485912400795,234400.0,201765.0,1.161747577627438,911633195.0,317,False,jpx_liquidity,JPX流動性
593,4784,ＧＭＯインターネット,サービス業,プライム,4784.T,2026-10-02,511.0,-0.03947368421052633,-0.07259528130671511,-0.09557522123893802,0.0849256900212314,-0.35964912280701755,537.1,540.8833333333333,-0.04859430273692056,-0.055249129510368866,-0.35398230088495575,0.4247339500914099,2274900.0,1690070.0,1.3460389214647914,910941085.0,317,False,jpx_liquidity,JPX流動性
594,7458,第一興商,卸売業,プライム,7458.T,2026-10-02,1765.0,-0.016986911723753884,-0.0591563831195937,-0.07178543255324743,0.02111657506508524,0.0022714366837024436,1834.7091735839845,1821.703057861328,-0.03799467217347163,-0.031126399890823664,-0.07178543255324743,0.16908725077763115,231900.0,490595.0,0.472691323800691,900102502.5,317,False,jpx_liquidity,JPX流動性
595,2695,くら寿司,小売業,プライム,2695.T,2026-10-02,1682.0,-0.0029638411381149865,0.0,-0.03775743707093826,0.04213135068153662,-0.05372714486638541,1700.1,1676.0833333333333,-0.010646432562790409,0.0035300551881867204,-0.06685159500693483,0.24968606337446553,206400.0,529065.0,0.3901221967055088,899130920.0,317,False,jpx_liquidity,JPX流動性
596,2201,森永製菓,食料品,プライム,2201.T,2026-10-02,2336.5,-0.01600336913034328,-0.04183954556003355,-0.08192534381139494,-0.12572497661365767,-0.17335927825933128,2448.25732421875,2563.55244140625,-0.04564770341467772,-0.08856945453462206,-0.18361285814116002,0.1545746525365063,562500.0,362215.0,1.5529450740582251,897834385.0,317,False,jpx_liquidity,JPX流動性
597,9722,藤田観光,サービス業,プライム,9722.T,2026-10-02,3005.0,0.0016666666666667052,0.09912216532553031,-0.004966887417218513,0.5402357765248591,0.4094746716697937,2809.85,2414.5333333333333,0.06945210598430518,0.24454691037605603,-0.009884678747940745,0.3697922407528596,205100.0,331520.0,0.6186655405405406,897789915.0,317,False,jpx_liquidity,JPX流動性
598,8173,Ｊｏｓｈｉｎ,小売業,プライム,8173.T,2026-10-02,4225.0,-0.019721577726218076,-0.04072655030509431,-0.07447973713033951,0.15595075239398093,0.43366135052595856,4239.826708984375,4047.1089029947916,-0.0034970082510581424,0.043955105056247,-0.07447973713033951,0.3597319556618523,163100.0,211700.0,0.7704298535663675,895683800.0,317,False,jpx_liquidity,JPX流動性
599,8544,京葉銀行,銀行業,プライム,8544.T,2026-10-02,2927.0,0.0017111567419576534,-0.01674817927294925,0.03318037416166608,0.10955269143290369,0.32084837545126343,2858.3347900390627,2756.7449300130206,0.02402280173765048,0.06175945700793406,-0.017785234899328817,0.33406888146555336,398700.0,305015.0,1.3071488287461273,893534760.0,317,False,jpx_liquidity,JPX流動性
600,6264,マルマエ,機械,プライム,6264.T,2026-10-02,2116.0,-0.00470366886171214,0.09072164948453598,0.0834613415258576,-0.2856178257933828,0.3930217248189598,1916.8,2019.5319010416667,0.10392320534223698,0.047767553911168825,-0.31851851851851853,0.4553221333049485,459900.0,466875.0,0.9850602409638555,891239995.0,317,False,jpx_liquidity,JPX流動性
