liquidity_rank,code,name,industry,market,ticker,trade_date,close,return_1d,return_5d,return_20d,return_60d,return_120d,ma20,ma60,distance_ma20,distance_ma60,distance_high_120d,volatility_20d,latest_volume,avg_volume_20d,volume_ratio_20d,avg_turnover_20d,history_days,in_yahoo_pool,universe_source,universe_label
1,285A,キオクシアホールディングス,電気機器,プライム,285A.T,2026-09-28,17780.0,-0.6812477590534242,-0.6498621504529343,-0.6444,-0.7989824759751272,-0.06813417190775684,51514.5,57040.666666666664,-0.6548544584534451,-0.6882925632005236,-0.8364305427782889,2.495867202853981,55197600.0,29429700.0,1.8755746745634512,1554724407650.0,313,True,jpx_liquidity,JPX流動性
2,9984,ソフトバンクグループ,情報・通信業,プライム,9984.T,2026-09-28,6244.0,0.015284518423478,0.009865764332342986,0.20830912260313772,0.05844927044451986,0.7548523206751054,5941.2271728515625,5739.1590576171875,0.05003559340515129,0.08700594239848991,-0.2772822057460612,0.8228362878425342,59549300.0,63407320.0,0.939154974536063,398084588975.0,313,True,jpx_liquidity,JPX流動性
3,6857,アドバンテスト,電気機器,プライム,6857.T,2026-09-28,33730.0,-0.00794117647058823,0.0986970684039088,-0.05518207282913168,0.05571205007824731,0.6591244466305952,32832.0,31955.583333333332,0.027351364522417043,0.055527594291034266,-0.10719957649550027,0.5036170651074439,10020800.0,8856130.0,1.1315100388092767,293521560600.0,313,True,jpx_liquidity,JPX流動性
4,6976,太陽誘電,電気機器,プライム,6976.T,2026-09-28,9093.0,-0.007314467010542058,-0.028940657142231263,-0.0013245033112583293,-0.5138097796883396,1.4493773687060099,9129.57138671875,11219.323795572916,-0.008934853922870412,-0.19353428380681093,-0.6006179651291106,0.6248724437859182,23526900.0,27788450.0,0.8466431197134061,252674309775.0,313,True,jpx_liquidity,JPX流動性
5,5803,フジクラ,非鉄金属,プライム,5803.T,2026-09-28,4957.0,-0.0058163488704349176,0.024385129808321082,-0.06918001885014136,-0.1609175870858114,0.2073349633251833,5082.25546875,5047.83515625,-0.028384143543551454,-0.021758863522713723,-0.37135582431572245,0.5399348516984452,26464800.0,38148505.0,0.6937309863125698,188499140855.0,313,True,jpx_liquidity,JPX流動性
6,4062,イビデン,電気機器,プライム,4062.T,2026-09-28,11155.0,-0.5221675107953978,-0.411345628547128,-0.44521912350597614,-0.529957805907173,0.5111231687466087,19933.56552734375,19386.021842447917,-0.44114363360038267,-0.4253591535934571,-0.5784295175023653,1.987766299027776,17080800.0,8432215.0,2.0256599244682447,176472717025.0,313,True,jpx_liquidity,JPX流動性
7,8035,東京エレクトロン,電気機器,プライム,8035.T,2026-09-28,11264.0,-0.8007077063054608,-0.7820855051200064,-0.803963963963964,-0.8543507362784472,-0.7077625570776256,50688.3515625,58640.1171875,-0.7853550240909948,-0.8144614894746623,-0.8619289340101522,2.7991177767487794,19749500.0,3018710.0,6.542364122423154,166268249750.0,313,True,jpx_liquidity,JPX流動性
8,6981,村田製作所,電気機器,プライム,6981.T,2026-09-28,8004.0,-0.0022437806340370736,0.04860477616781167,0.10911621433542096,-0.2580074487895717,1.337635670284541,7387.807202148438,7993.119067382812,0.07866918856281835,-0.003017478806394136,-0.34946938775510206,0.5525587430723904,20852800.0,20931180.0,0.996255347285724,155731964645.0,313,True,jpx_liquidity,JPX流動性
9,8306,三菱ＵＦＪフィナンシャル・グループ,銀行業,プライム,8306.T,2026-09-28,3721.0,0.0018847511498500946,0.018057474073031043,0.026264319642358203,0.14388041108688876,0.4126923076923077,3650.51376953125,3578.35458984375,0.006159744049297755,0.026449421872521306,-0.033166622795472445,0.22024979740255818,44841300.0,40279250.0,1.113260549786801,151553617505.0,313,True,jpx_liquidity,JPX流動性
10,6920,レーザーテック,電気機器,プライム,6920.T,2026-09-28,40000.0,-0.02224395013444147,0.11888111888111896,0.15540150202195258,-0.1869918699186992,0.199400299850075,35671.0,39578.5,0.12135908721370292,0.010649721439670579,-0.30147461845950185,0.5212665526587856,3404000.0,3197065.0,1.0647265538861423,117380480950.0,313,False,jpx_liquidity,JPX流動性
11,8316,三井住友フィナンシャルグループ,銀行業,プライム,8316.T,2026-09-28,3495.0,-0.49486922226575647,-0.48918447693461464,-0.4942067736185384,-0.4632723833543506,-0.3198162205353575,6658.6380859375,6752.446028645833,-0.4886341687212161,-0.49573828719918633,-0.5280011089548101,1.7288851190204162,30769800.0,12282780.0,2.5051169197852605,86817431030.0,313,True,jpx_liquidity,JPX流動性
12,5801,古河電気工業,非鉄金属,プライム,5801.T,2026-09-28,3785.0,-0.010716156252831843,-0.007082921847375245,-0.033546734955185675,-0.1459606245756958,-0.8688900468994267,3853.2609375,3756.1536458333335,-0.020569833910969115,0.004751231139456635,-0.9372464250083139,0.6830519560267722,15361700.0,21851605.0,0.7030009923756173,82800665630.0,313,True,jpx_liquidity,JPX流動性
13,6098,リクルートホールディングス,サービス業,プライム,6098.T,2026-09-28,16445.0,0.006734009352860504,-0.041387281550920085,-0.042145147187408916,0.45480301018149616,1.5179282868525896,16595.961962890626,14597.320654296875,-0.009879629951987878,0.1256860343862536,-0.09788635739774909,0.5476559489888144,3902600.0,4717755.0,0.8272154870271983,78198715850.0,313,True,jpx_liquidity,JPX流動性
14,8411,みずほフィナンシャルグループ,銀行業,プライム,8411.T,2026-09-28,8799.0,0.020055644530879713,0.027200523225851203,0.049314409429877415,0.14009409304756937,0.43321833415475597,8566.763818359375,8383.154606119791,0.018354209941407795,0.040658369062093636,-0.005811965811965858,0.24271420714018424,11262400.0,8768310.0,1.2844436385118683,77754178575.0,313,True,jpx_liquidity,JPX流動性
15,7203,トヨタ自動車,輸送用機器,プライム,7203.T,2026-09-28,2986.5,-0.00100348953894136,-0.009781164665700115,-0.043485342019544015,0.059343434343434254,-0.07131562302340289,3027.2858276367188,2977.795275878906,-0.02998918265593431,-0.013867735036525497,-0.13428655660377353,0.24368532976800264,26063800.0,24597445.0,1.0596141184582382,76258736987.5,313,True,jpx_liquidity,JPX流動性
16,6146,ディスコ,機械,プライム,6146.T,2026-09-28,54400.0,0.0033197970988578795,0.06666666666666665,-0.10527965682230656,-0.31830295411690757,-0.1144839973873285,54241.5900390625,61958.36334635417,-0.00023211043506354834,-0.12475092834757695,-0.38710443037974684,0.3668012086726371,1422500.0,1349040.0,1.0544535373302497,72770276850.0,313,False,jpx_liquidity,JPX流動性
17,6525,ＫＯＫＵＳＡＩ　ＥＬＥＣＴＲＩＣ,電気機器,プライム,6525.T,2026-09-28,9169.0,-0.014086038682549318,0.07718514718390845,0.07925820930781957,-0.08419364538438412,0.823024740622506,8622.96455078125,8922.18818359375,0.05961238112386513,0.024076136031433437,-0.23858333333333337,0.5528459521305805,7586600.0,8259800.0,0.9184968159035328,72631602415.0,313,True,jpx_liquidity,JPX流動性
18,9983,ファーストリテイリング,小売業,プライム,9983.T,2026-09-28,67850.0,-0.011221218303701597,0.012233328360435669,-0.05497978905052714,-0.19589950225171837,0.10092487424955388,68595.5,75563.13059895833,-0.010868059858153978,-0.10207531818519788,-0.22810011376564276,0.20211767785543058,1156500.0,1020405.0,1.1333735134578917,71980120650.0,313,False,jpx_liquidity,JPX流動性
19,7974,任天堂,その他製品,プライム,7974.T,2026-09-28,7999.0,-0.012469135802469111,-0.015628845680531578,-0.1008318345323741,0.1534246575342466,-0.08843304843304844,8499.35,7969.083333333333,-0.05886920764529058,0.0037540913321272296,-0.12127869932989122,0.34729068425793297,8814400.0,7974670.0,1.1052996550327474,67792696060.0,313,True,jpx_liquidity,JPX流動性
20,7011,三菱重工業,機械,プライム,7011.T,2026-09-28,3886.0,-0.0028227043159698706,0.0398715361600912,-0.01224489795918371,0.060531361270884654,-0.08311626805588446,3817.285986328125,3890.761995442708,0.014333223622185143,-0.00482219047700283,-0.20164948453608245,0.3297589070617281,13343100.0,16288595.0,0.8191682585269018,62439532175.0,313,True,jpx_liquidity,JPX流動性
21,5016,ＪＸ金属,非鉄金属,プライム,5016.T,2026-09-28,3551.0,-0.0011251853787331845,-0.02765607968696604,-0.08025974025974025,-0.2078299776286353,0.0691425120772946,3671.3556884765626,3788.5352294921877,-0.035506145287343194,-0.065337977476157,-0.3809440559440559,0.38428423869501227,15214400.0,16569290.0,0.9182288438430374,61508640160.0,313,True,jpx_liquidity,JPX流動性
22,6758,ソニーグループ,電気機器,プライム,6758.T,2026-09-28,3680.0,-0.008086276181745733,-0.010486667268226557,-0.055569881382155795,0.11018490451652019,0.14132128388906207,3772.550537109375,3645.9335123697915,-0.029171388435182743,0.004543826039065779,-0.09478497281265452,0.28231978470684294,16022100.0,14298020.0,1.1205817308970054,55182362705.0,313,True,jpx_liquidity,JPX流動性
23,6501,日立製作所,電気機器,プライム,6501.T,2026-09-28,5518.0,-0.0032514503071178202,0.027177983906309766,0.034482758620689724,0.22380740080249661,0.22983870967741926,5365.987646484375,5180.279215494792,0.02311081606698706,0.05978843448800952,-0.04803190567019244,0.28698162052806603,10745800.0,9675095.0,1.1106660968186877,52780607550.0,313,True,jpx_liquidity,JPX流動性
24,8766,東京海上ホールディングス,保険業,プライム,8766.T,2026-09-28,538.3333129882812,-0.9326409745682545,-0.9335390967296655,-0.9454930773380154,-0.9426278541682835,-0.9430988898483469,6725.484024047852,7378.12800801595,-0.9381705002195508,-0.9436397264270151,-0.9504547464567757,3.2922368342183086,99465000.0,6034895.0,16.48164549673192,47278780728.81897,313,True,jpx_liquidity,JPX流動性
25,6861,キーエンス,電気機器,プライム,6861.T,2026-09-28,78500.0,-0.013819095477386911,0.0380165289256198,-0.036809815950920255,0.0038363171355497716,0.4309150565074735,78113.559765625,79007.18658854166,0.00494715943729207,-0.006419499420768138,-0.10449463837554185,0.26337865320695847,656600.0,545760.0,1.2030929346232777,44058903950.0,313,False,jpx_liquidity,JPX流動性
26,8001,伊藤忠商事,卸売業,プライム,8001.T,2026-09-28,2226.0,0.006784285634785725,-0.041550000153945166,0.030869971936389184,0.1916734252500676,0.1162319574575843,2228.0111694335938,2062.620389811198,-0.01077695200230877,0.06854368883735473,-0.06075942992919581,0.26397741370259453,19848300.0,18102900.0,1.096415491440598,41791076442.5,313,True,jpx_liquidity,JPX流動性
27,8058,三菱商事,卸売業,プライム,8058.T,2026-09-28,4818.0,-0.008438004164844415,-0.02548540447413039,0.008054260279779513,0.07748074309016761,-0.10551062629302244,4883.8109130859375,4739.470304361979,-0.0261703238230363,0.0034876673080550535,-0.19143148588915337,0.29717048462006523,8671000.0,8063985.0,1.075274817599487,40598710890.0,313,True,jpx_liquidity,JPX流動性
28,4063,信越化学工業,化学,プライム,4063.T,2026-09-28,5814.0,-0.012735639956922173,-0.0010309505741450398,-0.028992793698676023,-0.16537021031403054,-0.07429301805400224,5825.72841796875,6324.95947265625,-0.005446257650955411,-0.08394669957201584,-0.2577504483730464,0.16453428911890858,8220300.0,6284690.0,1.3079881426132394,37509524275.0,313,True,jpx_liquidity,JPX流動性
29,5802,住友電気工業,非鉄金属,プライム,5802.T,2026-09-28,2200.0,-0.004975137677553976,0.07500610704843647,-0.013791544200768668,-0.24650198652617028,-0.7397374701670645,2125.989373779297,2281.8297912597654,0.02587530629229473,-0.04418812991485166,-0.8438238453276048,0.48512259083681647,12741500.0,17664555.0,0.7213031972783917,37371346865.0,313,True,jpx_liquidity,JPX流動性
30,5706,三井金属,非鉄金属,プライム,5706.T,2026-09-28,2308.0,-0.8995429814543632,-0.8985940218109238,-0.9253057708871663,-0.9483071053886505,-0.922681883024251,23321.00966796875,29304.25322265625,-0.907036615015098,-0.9260175653162922,-0.9605100182149362,3.1348572528363294,10849000.0,1487520.0,7.293347316338604,36737050325.0,313,False,jpx_liquidity,JPX流動性
31,9432,ＮＴＴ,情報・通信業,プライム,9432.T,2026-09-28,174.6999969482422,-0.007950081517972496,-0.013551706442468836,0.014150906899257576,0.17808219178082196,0.0941476039381266,172.94923629760743,160.68307851155598,-0.005488525523026921,0.07043007635449383,-0.02944447577591669,0.19319201302078773,223528700.0,205246385.0,1.0890749671425395,36217509413.534546,313,True,jpx_liquidity,JPX流動性
32,6752,パナソニック　ホールディングス,電気機器,プライム,6752.T,2026-09-28,4469.0,-0.025937166569141357,0.020086720450285256,0.022559852670349878,0.011154108809469543,0.7180429317346742,4313.0029296875,4305.617643229167,0.02990887611612325,0.0316754454463235,-0.07226399331662492,0.4617240552223981,7044600.0,8026575.0,0.8776595247661674,35266988300.0,313,True,jpx_liquidity,JPX流動性
33,6723,ルネサスエレクトロニクス,電気機器,プライム,6723.T,2026-09-28,3459.0,-0.0054629097182288255,0.06759259259259265,0.025800711743772187,-0.2808731808731809,0.6077155472925866,3313.2,3778.366666666667,0.0440057950018109,-0.08452505932898702,-0.3248096818270545,0.4097605506351523,9179300.0,10390765.0,0.8834094506034926,34683861760.0,313,True,jpx_liquidity,JPX流動性
34,8031,三井物産,卸売業,プライム,8031.T,2026-09-28,5021.0,-0.009859949885846708,-0.029570882210986027,0.011646914589293011,0.0970529581209838,-0.16915589864071157,5060.500439453125,4879.733479817708,-0.021638263006446556,0.014604592746109146,-0.22410280520294623,0.3140873664571696,6600000.0,6581325.0,1.0028375745005755,34058851050.0,313,True,jpx_liquidity,JPX流動性
35,3436,ＳＵＭＣＯ,金属製品,プライム,3436.T,2026-09-28,3020.0,-0.031119666345845398,0.014614480094070181,-0.11306901615271658,-0.21333680646001563,0.819825248568846,3125.675,3690.2083333333335,-0.03380869732137859,-0.1816180206627901,-0.43094026757113246,0.4976278646902022,11454300.0,10743665.0,1.0661445605386988,33739540605.0,313,True,jpx_liquidity,JPX流動性
36,7013,ＩＨＩ,機械,プライム,7013.T,2026-09-28,2775.0,-0.007865608265729795,-0.0016190301131133733,0.047573919636088036,0.03308411214953266,-0.11934353091140859,2725.2896362304687,2782.163212076823,0.014020661606588991,-0.006708165788336884,-0.19712376525275999,0.44745397428704464,7531000.0,11864350.0,0.634758752059742,31725482197.5,313,True,jpx_liquidity,JPX流動性
37,6503,三菱電機,電気機器,プライム,6503.T,2026-09-28,5213.0,-0.004962819629975468,0.010271284536348402,-0.07759387791421957,-0.11552901023890783,0.03909382518043314,5249.6755859375,5576.641861979167,-0.012700896435601905,-0.07058761737291519,-0.2099085365853659,0.3383185465497308,7216200.0,5793170.0,1.245639261406104,31164553305.0,313,True,jpx_liquidity,JPX流動性
38,7741,ＨＯＹＡ,精密機器,プライム,7741.T,2026-09-28,23590.0,0.0044709388971684305,0.05359535506922741,-0.05507710795113163,-0.0858360782794032,-0.1114877589453861,23525.5,24712.666666666668,0.0027417058085907886,-0.04542879494995822,-0.2144522144522144,0.2145848068818961,1711900.0,1209815.0,1.4150097328930455,29464349875.0,313,False,jpx_liquidity,JPX流動性
39,4004,レゾナック・ホールディングス,化学,プライム,4004.T,2026-09-28,14695.0,-0.017713903743315496,0.03998584571832975,-0.08127539856205068,-0.17744192555275684,0.4991838400326465,15135.75,15458.666666666666,-0.02911979915101659,-0.04940055200966009,-0.24447300771208225,0.6587128494034528,1836500.0,1935290.0,0.9489533868309142,28947067375.0,313,False,jpx_liquidity,JPX流動性
40,6701,日本電気,電気機器,プライム,6701.T,2026-09-28,4778.0,-0.007684338741464569,-0.013013847647917465,0.01862556197816323,0.17568569310600446,0.23712948517940724,4754.06650390625,4608.755501302084,0.0008273961019515941,0.0323828197559517,-0.07933436532507743,0.400275951630489,4219200.0,6103075.0,0.6913236360359327,28774306160.0,313,True,jpx_liquidity,JPX流動性
41,6702,富士通,電気機器,プライム,6702.T,2026-09-28,3978.0,-0.01241305275998783,0.01118458474297035,0.0637782561894511,0.20408163265306123,0.246216897856242,3875.010534667969,3629.436844889323,0.020126258918342188,0.0891496860088068,-0.01241305275998783,0.37827815590793284,5583300.0,6892120.0,0.8100990696621649,27147145915.0,313,True,jpx_liquidity,JPX流動性
42,7012,川崎重工業,輸送用機器,プライム,7012.T,2026-09-28,2400.0,-0.0033222659295213397,0.00481468895002557,-0.07572815533980581,-0.18170878459687123,-0.17846047635484985,2428.6029296875,2645.759309895833,-0.020012711461957267,-0.10044727383243957,-0.30914368650217705,0.2944155301500304,6041400.0,11244675.0,0.5372676400162744,27056245072.5,313,True,jpx_liquidity,JPX流動性
43,6954,ファナック,電気機器,プライム,6954.T,2026-09-28,5943.0,-0.007017543859649145,0.017985611510791477,-0.013282417399966828,-0.15714083108778898,0.12089777442474547,5882.3,6406.816666666667,0.010319092871835744,-0.07239424675280759,-0.29485049833887045,0.28390182973302946,4340900.0,4489255.0,0.9669533140799531,26655470830.0,313,True,jpx_liquidity,JPX流動性
44,9433,ＫＤＤＩ,情報・通信業,プライム,9433.T,2026-09-28,2981.5,-0.018920756706413022,-0.03166618237343677,0.014495254529766965,0.08189179241810818,0.07930971176794577,2983.451025390625,2901.233675130208,-0.01473160612209834,0.013189673481945441,-0.05421492921492921,0.1630148235453099,11862300.0,8564855.0,1.3849971774186487,26639288717.5,313,True,jpx_liquidity,JPX流動性
45,6762,ＴＤＫ,電気機器,プライム,6762.T,2026-09-28,2955.0,-0.007723354813830463,0.028899718617440007,-0.03167271527548665,-0.1831338714166435,0.4928789420142421,2903.1560913085937,3077.3186971028645,0.010968720829975354,-0.0462476301973046,-0.2860617854536609,0.4179195855665387,8744900.0,8984460.0,0.9733361826976802,26531243952.5,313,True,jpx_liquidity,JPX流動性
46,5713,住友金属鉱山,非鉄金属,プライム,5713.T,2026-09-28,9481.0,-0.011056659962883186,-0.022577347415116633,-0.18980561555075592,0.25173518419647634,0.05906267645398078,10030.595458984375,8986.915152994792,-0.06506049034206107,0.04351714023636721,-0.18980561555075592,0.5823351594945092,2197700.0,2683270.0,0.8190379648712206,26111087245.0,313,False,jpx_liquidity,JPX流動性
47,8002,丸紅,卸売業,プライム,8002.T,2026-09-28,4839.0,-0.01566312510215273,-0.029871692577341236,-0.025575708171999167,0.014534266921281569,-0.14889640441438234,4987.005078125,5003.435026041667,-0.04120811487167475,-0.04435653203979839,-0.2185814675600588,0.2797245244360706,7213600.0,4961900.0,1.453797940305125,25868743665.0,313,True,jpx_liquidity,JPX流動性
48,5401,日本製鉄,鉄鋼,プライム,5401.T,2026-09-28,682.9000244140625,-0.0037928648101537288,0.00029293443774203176,-0.009010303671990405,0.22852967296733695,0.16495918731147086,680.2750396728516,642.7850128173828,-0.013781213056556552,0.043739370140957634,-0.047828487566793476,0.26727143114529883,33561000.0,35581090.0,0.9432257415385532,24863478191.8631,313,True,jpx_liquidity,JPX流動性
49,4502,武田薬品工業,医薬品,プライム,4502.T,2026-09-28,5930.0,-0.006533745533009894,0.014195300001257571,-0.005460750853242269,0.12596599690880983,0.028954802259887114,5765.129370117187,5605.126456705729,0.010905328544523973,0.039762446934205276,-0.01354096140826,0.20204369704880348,4933900.0,4145150.0,1.1902826194468235,24659928935.0,313,True,jpx_liquidity,JPX流動性
50,7267,本田技研工業,輸送用機器,プライム,7267.T,2026-09-28,1718.0,-0.010083592435611188,0.019887197312974836,0.0050761421319796,0.1402439024390243,0.33836978131212714,1670.8138427734375,1626.362947591146,0.007293545764700093,0.03482436223276042,-0.03993154592127779,0.2748576434194162,18267300.0,14411505.0,1.2675497805399227,24559801852.5,313,True,jpx_liquidity,JPX流動性
51,7936,アシックス,その他製品,プライム,7936.T,2026-09-28,4168.0,0.005791505791505891,0.038624470470969285,-0.08112874779541446,-0.07109427234232224,0.002887391722810495,4185.95,4590.966666666666,-0.0042881544213380085,-0.09213019770709141,-0.21075553872372654,0.30787015609234936,4872400.0,5892810.0,0.826838129856554,24256411915.0,313,True,jpx_liquidity,JPX流動性
52,2914,日本たばこ産業,食料品,プライム,2914.T,2026-09-28,6850.0,-0.013394786115512036,0.011368669717997992,-0.01904625519117853,0.1367407899103883,0.13787375415282388,6839.2,6682.05,0.0015791320622295935,0.025134502136320513,-0.03994393833216536,0.1650864800872918,4988800.0,3382255.0,1.4749922758632923,24198512000.0,313,True,jpx_liquidity,JPX流動性
53,8725,ＭＳ＆ＡＤインシュアランスグループホールディングス,保険業,プライム,8725.T,2026-09-28,5072.0,0.008349951786001064,-0.016100845131805208,-0.019079464988198236,0.1706572769953052,0.23685515873015883,5074.3614501953125,4854.103816731771,-0.017216245049305634,0.02737810897454329,-0.04828244274809157,0.2820287940867847,4688300.0,4639635.0,1.0104889716540202,23978410850.0,313,True,jpx_liquidity,JPX流動性
54,8308,りそなホールディングス,銀行業,プライム,8308.T,2026-09-28,2559.5,0.007677195867297648,0.045760964581763375,0.03883892068683559,0.20741268709907335,0.4751814223512336,2490.8705810546876,2377.0818603515627,0.020125260351377516,0.06895771760430436,-0.003529411764705892,0.3058689804892611,10206100.0,9318230.0,1.095283117072663,23731042885.0,313,True,jpx_liquidity,JPX流動性
55,6367,ダイキン工業,機械,プライム,6367.T,2026-09-28,20920.0,0.002876348737073542,0.019990267767040493,-0.011675005956635731,-0.15208503679476693,0.10998126839710998,20663.86669921875,22477.538899739582,0.003684368559352391,-0.0773011185739606,-0.20688336520076478,0.13931297873025483,969400.0,1143350.0,0.8478593606507194,23681447950.0,313,False,jpx_liquidity,JPX流動性
56,7735,ＳＣＲＥＥＮホールディングス,電気機器,プライム,7735.T,2026-09-28,13960.0,0.016011590595354175,0.10181526728170032,0.05223315669947004,-0.1708917387414256,0.5548098434004474,13052.420947265626,14566.390315755209,0.06493653983109815,-0.045748486846081016,-0.2868137506413545,0.428073925457941,2733900.0,1738485.0,1.5725761223133936,23471290050.0,313,False,jpx_liquidity,JPX流動性
57,6301,小松製作所,機械,プライム,6301.T,2026-09-28,7456.0,-0.024083730046264185,0.058339307642819804,-0.010618279569892475,0.16508388730610957,0.22418094129386335,7301.902416992188,7000.167472330729,0.008093450122024004,0.05154627072788176,-0.02837909186906018,0.3274352750251159,4273800.0,2996025.0,1.4264900993816807,22655559585.0,313,True,jpx_liquidity,JPX流動性
58,6330,東洋エンジニアリング,建設業,プライム,6330.T,2026-09-28,2655.0,0.014520443255636284,-0.018847006651884657,0.06030351437699677,0.23201856148491884,0.021939953810623525,2690.35,2302.8166666666666,-0.01313955433307934,0.15293589734310875,-0.08700137551581844,0.6966382167141477,4061200.0,8404375.0,0.4832245110433554,21864985515.0,313,True,jpx_liquidity,JPX流動性
59,8136,サンリオ,卸売業,プライム,8136.T,2026-09-28,1177.5,-0.026859489231816247,-0.01133505015538594,-0.03347107438016528,0.038171327119396414,0.1943423053723714,1233.005059814453,1219.3016866048176,-0.0515042978201643,-0.040844433458869345,-0.19594362323822623,0.37027858620031306,14718600.0,17476395.0,0.8421988630950491,21798176430.0,313,True,jpx_liquidity,JPX流動性
60,9104,商船三井,海運業,プライム,9104.T,2026-09-28,7121.0,0.0021109201455544735,-0.003916651028187612,-0.007492225049476997,0.3414214749713411,0.08081896551724133,7049.124169921875,6336.774723307291,-0.0039897396107561045,0.10797689780197794,-0.042618978611711045,0.289363122818586,3094500.0,3068730.0,1.0083976107379926,21551673315.0,313,False,jpx_liquidity,JPX流動性
61,1605,ＩＮＰＥＸ,鉱業,プライム,1605.T,2026-09-28,3815.0,-0.010889292196007205,-0.06034482758620685,-0.0057336460776648,0.16381940207443568,-0.18448054724241125,3909.2,3682.3333333333335,-0.02409700194413178,0.03602788087263509,-0.18847053818336523,0.32466821868865514,5385800.0,5399615.0,0.99744148425397,21309588545.0,313,True,jpx_liquidity,JPX流動性
62,8591,オリックス,その他金融業,プライム,8591.T,2026-09-28,6131.0,-0.006481955589258237,-0.006320864967930495,-0.047631623641304355,-0.01861681647625446,0.30751681798757335,6129.208813476563,6289.4696044921875,-0.017209208597346426,-0.04225151574524433,-0.09729806976341226,0.19670339466242315,3545800.0,3358855.0,1.055657359427543,21233550070.0,313,False,jpx_liquidity,JPX流動性
63,9501,東京電力ホールディングス,電気・ガス業,プライム,9501.T,2026-09-28,526.5,0.008427551464878835,-0.032169117647058876,-0.021920839792972546,0.13961038961038952,-0.17592740666608198,546.5699951171875,520.846662902832,-0.03671989918305785,0.010854129439286986,-0.20838968677428404,0.41122676373190686,30911800.0,38865275.0,0.7953578097672022,20613726228.61267,313,True,jpx_liquidity,JPX流動性
64,9101,日本郵船,海運業,プライム,9101.T,2026-09-28,7303.0,-0.008418155347586831,-0.009628376627075053,0.031447443997702385,0.38187764524817247,0.2453190013869626,7190.559057617187,6377.603019205729,-0.0010512475534402155,0.12628521693320693,-0.03476073741924257,0.2920299282594389,2559900.0,2919090.0,0.8769513786830827,20580274370.0,313,False,jpx_liquidity,JPX流動性
65,7182,ゆうちょ銀行,銀行業,プライム,7182.T,2026-09-28,3430.0,0.02418632427590328,0.05279312461632912,0.057662658032685776,0.11435997400909681,0.36246276067527305,3320.05,3260.6666666666665,0.03311697112995282,0.05193212022081384,-0.004931824775166849,0.27616929866865625,9379200.0,5732585.0,1.636120528522473,20032403275.0,313,True,jpx_liquidity,JPX流動性
66,8053,住友商事,卸売業,プライム,8053.T,2026-09-28,1788.0,-0.0055616895897060425,0.0011198392507769661,0.0034052213393871433,0.15367047308319748,-0.6941176470588235,1798.035382080078,1700.2617940266928,-0.016704555638572205,0.03983986831397557,-0.7703597869853227,0.32351396910564906,11877200.0,10774400.0,1.1023537273537274,20002242612.5,313,True,jpx_liquidity,JPX流動性
67,9434,ソフトバンク,情報・通信業,プライム,9434.T,2026-09-28,244.5,-0.005693354303139886,-0.017282990530559483,0.0025052446910882598,0.1554379334812266,0.13737564737814134,241.12148056030273,229.8121602376302,-0.004236347812784924,0.04476632505106615,-0.028219395031881533,0.14844150592138847,115412100.0,74075135.0,1.5580410349572769,18661192090.852585,313,True,jpx_liquidity,JPX流動性
68,3382,セブン＆アイ・ホールディングス,小売業,プライム,3382.T,2026-09-28,2000.0,-0.0027424582398404285,-0.015505783903519532,0.003091498119968783,0.023803429741489524,-0.05815870025900638,2027.6,2043.268739827474,-0.013612152298283609,-0.021176235403634447,-0.11347517730496459,0.14202535204590627,8898400.0,8969295.0,0.9920958113207337,18397601720.0,313,True,jpx_liquidity,JPX流動性
69,6273,ＳＭＣ,機械,プライム,6273.T,2026-09-28,69870.0,0.0035909217754124256,0.029771589940447596,-0.030061521252796375,-0.01533002129169625,0.15867713378987802,67931.1171875,71170.37239583333,0.02118149784771628,-0.025296655549588376,-0.17963576158940397,0.3258312603332158,323300.0,251930.0,1.2832929782082325,17783449400.0,313,False,jpx_liquidity,JPX流動性
70,4568,第一三共,医薬品,プライム,4568.T,2026-09-28,2830.0,-0.03379996300450905,-0.003170157154459008,-0.04137931034482756,0.06350420811017599,0.005061460592914013,2813.3990478515625,2762.133015950521,-0.011871422177763047,0.0064685458471052115,-0.07333333333333336,0.2998176194442222,12131200.0,5903635.0,2.0548695845864455,17705117412.5,313,True,jpx_liquidity,JPX流動性
71,8750,第一ライフグループ,保険業,プライム,8750.T,2026-09-28,1943.5,0.01913998454682453,0.025593635405159132,0.04549191559331334,0.09689476710753309,0.3423645320197044,1855.1158630371094,1858.896954345703,0.028237663213730224,0.026146175311478892,-0.026288922919857072,0.23903483512371265,14931300.0,8766145.0,1.703291469625474,17144534612.5,313,True,jpx_liquidity,JPX流動性
72,4519,中外製薬,医薬品,プライム,4519.T,2026-09-28,6362.0,-0.03839177750906897,-0.013031337263419207,-0.09771663593816482,-0.16002112490097697,-0.2611775635814656,6658.1,6974.733333333334,-0.04447214670852051,-0.08785043155771788,-0.30832789736899324,0.2587909150441452,4151800.0,2425910.0,1.7114402430428168,16972776950.0,313,True,jpx_liquidity,JPX流動性
73,8309,三井住友トラストグループ,銀行業,プライム,8309.T,2026-09-28,1809.5,0.004440755639792515,0.01886261029887515,0.020137103684661595,-0.7033145040704436,-0.6357099143206855,1766.7929321289062,2673.1851440429687,0.010729648917177537,-0.3319766855732249,-0.7357185141334912,0.19520567090954274,11769600.0,9058685.0,1.2992614270172769,16478255302.5,313,True,jpx_liquidity,JPX流動性
74,6971,京セラ,電気機器,プライム,6971.T,2026-09-28,3703.0,-0.016206181036545475,0.02861111669168359,0.01379310344827589,0.04730692504987166,0.5454163162321279,3558.395458984375,3663.0151529947916,0.03276885392859219,0.003271852969379596,-0.06154239019407559,0.28076553934339443,4858400.0,4530875.0,1.0722873617126936,16447687190.0,313,True,jpx_liquidity,JPX流動性
75,8015,豊田通商,卸売業,プライム,8015.T,2026-09-28,7390.0,-0.00792050959698598,0.0005415470164211733,-0.027471798274718018,0.22870556673373565,0.2315966386554622,7479.489013671875,6958.896337890625,-0.020253925554936436,0.05304054611356057,-0.04917607369923449,0.2553977823666878,2554000.0,2131300.0,1.1983296579552385,16317156085.0,313,False,jpx_liquidity,JPX流動性
76,8604,野村ホールディングス,証券、商品先物取引業,プライム,8604.T,2026-09-28,1595.0,0.005674653215636871,-0.024166411746711525,-0.005300904271905216,0.12720848056537104,0.32475083056478415,1627.3,1572.45,-0.019848829349228714,0.014340678558936615,-0.047761194029850795,0.2534060211061969,11483800.0,9943805.0,1.1548697907893406,16079536820.0,313,True,jpx_liquidity,JPX流動性
77,4661,オリエンタルランド,サービス業,プライム,4661.T,2026-09-28,2902.0,-0.022237216163927376,-0.03331113792320284,-0.047085940072439936,0.15829497698619166,0.07185185185185183,3051.891076660156,2890.6803588867188,-0.05173548881467438,0.001148394392024521,-0.09222082810539523,0.27411016085167145,9841100.0,4853260.0,2.027729814598847,15818002900.0,313,True,jpx_liquidity,JPX流動性
78,6506,安川電機,電気機器,プライム,6506.T,2026-09-28,4453.0,-0.006026785714285721,0.02133027522935782,-0.09353941842560076,-0.35482468849608806,0.1077114427860697,4505.65,5229.713736979166,-0.011685328420982466,-0.14851935995789678,-0.4182887001959503,0.3158058414797404,2379900.0,3498430.0,0.6802765812092854,15791876945.0,313,False,jpx_liquidity,JPX流動性
79,6594,ニデック,電気機器,プライム,6594.T,2026-09-28,2340.0,-0.176056338028169,-0.11564625850340138,-0.09652509652509655,-0.10344827586206895,0.1902339776195321,2651.0,2647.15,-0.11731422104866085,-0.11603044784012995,-0.19282511210762332,0.8094017427002898,28028800.0,4723230.0,5.934244150718894,15566286335.0,313,True,jpx_liquidity,JPX流動性
80,3563,ＦＯＯＤ　＆　ＬＩＦＥ　ＣＯＭＰＡＮＩＥＳ,小売業,プライム,3563.T,2026-09-28,5064.0,0.02926826595086962,0.04498558532366537,-0.11756473058082573,-0.0021760633036597143,-0.4558791801510248,5417.8741455078125,5418.641381835938,-0.06900753606796262,-0.06913935716281017,-0.5361839080459769,0.39073348465634733,3864600.0,2795235.0,1.3825671186859065,15518483685.0,313,True,jpx_liquidity,JPX流動性
81,8630,ＳＯＭＰＯホールディングス,保険業,プライム,8630.T,2026-09-28,6909.0,0.0030487438650188547,0.008465863760514392,-0.009311799796304365,0.09575152880592208,0.13256819693945432,6779.483569335937,6800.127856445312,0.004353787476905735,0.0013047024617747205,-0.07498981116696102,0.22203322539022372,2376300.0,2210260.0,1.0751223837919521,15344076210.0,313,False,jpx_liquidity,JPX流動性
82,8267,イオン,小売業,プライム,8267.T,2026-09-28,1265.0,-0.02692307692307694,-0.04779826872412496,-0.08122351272275907,-0.07798833819241979,-0.3287344123109578,1352.075,1370.2748718261719,-0.06440101325740066,-0.07682755773363303,-0.35475643968375414,0.2732118161514471,18391000.0,10753340.0,1.7102593240797743,15050382725.0,313,True,jpx_liquidity,JPX流動性
83,4578,大塚ホールディングス,医薬品,プライム,4578.T,2026-09-28,11080.0,-0.007168458781361964,0.016047684548372354,-0.09366053169734156,0.015582034830430747,0.006357856494096259,11634.25,11604.083333333334,-0.047639512645851645,-0.0451636995597815,-0.1279024006296734,0.25295935685130594,1256500.0,1287150.0,0.9761877015110904,15047215925.0,313,False,jpx_liquidity,JPX流動性
84,5108,ブリヂストン,ゴム製品,プライム,5108.T,2026-09-28,3832.0,-0.0018233915082052077,0.03149394347240908,-0.07148049430579118,0.11915887850467288,0.17294153657790012,3895.1,3874.2833333333333,-0.016199840825652734,-0.010913846431813146,-0.11296296296296293,0.20487892993953544,4432900.0,3760840.0,1.1786994394869232,14911483350.0,313,True,jpx_liquidity,JPX流動性
85,6871,日本マイクロニクス,電気機器,プライム,6871.T,2026-09-28,13300.0,-0.038322487346348466,0.034214618973561484,-0.017725258493353047,-0.20120120120120122,0.43939393939393945,12789.0,14149.0,0.03995621237000546,-0.0600042405823733,-0.2464589235127479,0.6458208819021004,1175900.0,1142370.0,1.0293512609749906,14800929950.0,313,False,jpx_liquidity,JPX流動性
86,5411,ＪＦＥホールディングス,鉄鋼,プライム,5411.T,2026-09-28,1826.0,-0.010566263684087529,-0.016693593334794476,-0.030664857530529166,0.14230892228973446,-0.01624896722665936,1831.7847961425782,1776.269932047526,-0.024994637055069546,0.005477809299658576,-0.0774793388429752,0.32364784545114506,7495500.0,7771470.0,0.9644893437148956,14577656212.5,313,True,jpx_liquidity,JPX流動性
87,7832,バンダイナムコホールディングス,その他製品,プライム,7832.T,2026-09-28,5555.0,0.0007205791848485799,0.01684055984841626,-0.02262283492400141,0.44235785080855505,0.4300491336953711,5524.861181640625,4920.837060546875,0.0009301262403573762,0.12379254422730779,-0.04325259515570934,0.33250044234597526,2232100.0,2651745.0,0.8417476039362759,14522677575.0,313,False,jpx_liquidity,JPX流動性
88,9503,関西電力,電気・ガス業,プライム,9503.T,2026-09-28,2774.0,0.005072452776879954,-0.05372679136765546,0.04811194172896305,0.18431882174572234,0.05784484426388081,2866.231335449219,2543.3937784830728,-0.04613421596986855,0.07494168741366036,-0.0964970257766028,0.4501608381096653,3975000.0,4936065.0,0.8052973370488435,14473786965.0,313,True,jpx_liquidity,JPX流動性
89,6178,日本郵政,サービス業,プライム,6178.T,2026-09-28,2585.0,0.0023265037440418634,0.03131862852581557,0.06436159133513852,0.18671620993961913,0.42817216321967577,2482.1032104492188,2404.5510701497396,0.029368959857873245,0.06256840693381127,0.0,0.25589842029694465,5348000.0,5682105.0,0.9412004881993556,14470941350.0,313,True,jpx_liquidity,JPX流動性
90,2802,味の素,食料品,プライム,2802.T,2026-09-28,5006.0,-0.00890905446697765,0.024140739678038425,-0.08031757754800595,-0.14356946354883082,0.1328178303388674,5095.5650634765625,5317.588354492187,-0.022483289301461262,-0.06329718136377449,-0.1933603238866397,0.1852604101656352,3198900.0,2764970.0,1.1569384116283359,14382747100.0,313,False,jpx_liquidity,JPX流動性
91,8801,三井不動産,不動産業,プライム,8801.T,2026-09-28,1491.0,-0.010945284564197855,0.011876465830991556,-0.03125,-0.03156856297270638,-0.11054062216852911,1495.0278015136719,1511.8426005045574,-0.015068483335803573,-0.026022947422851606,-0.17599328483491883,0.21016306915145233,9433300.0,9376540.0,1.0060534056272357,14367503967.5,313,True,jpx_liquidity,JPX流動性
92,6963,ローム,電気機器,プライム,6963.T,2026-09-28,4833.0,0.008555926544240311,0.055931833078435744,0.017902274641954596,-0.09426536731634183,0.5830330822142156,4757.45,4848.616666666667,0.01588035607310645,-0.0032208499331424223,-0.18773109243697483,0.5247374541709969,3392800.0,2939635.0,1.1541568936279505,14356241395.0,313,False,jpx_liquidity,JPX流動性
93,9107,川崎汽船,海運業,プライム,9107.T,2026-09-28,3407.0,-0.01274991966938499,-0.01531792569723267,0.012401693889897203,0.36947626841243864,0.26828344069723387,3367.811572265625,3009.528857421875,-0.006179553641602387,0.11213421055786821,-0.04082209939246917,0.32883840963498573,4124500.0,4301895.0,0.9587635216573162,14218459050.0,313,True,jpx_liquidity,JPX流動性
94,4503,アステラス製薬,医薬品,プライム,4503.T,2026-09-28,2354.0,-0.018757818863664677,0.01750592453630273,-0.04399917372443707,0.06586826347305386,-0.08138150059547444,2319.197265625,2265.224088541667,-0.0022409760920442112,0.021532488421370566,-0.12925682031984953,0.24425136205221973,7543600.0,6017100.0,1.2536936397932559,14204075210.0,313,True,jpx_liquidity,JPX流動性
95,6326,クボタ,機械,プライム,6326.T,2026-09-28,2751.5,-0.010963335729690882,-0.027910263204380836,-0.015034902452121024,0.01756656804733736,0.1198616198616198,2844.825,2767.1583333333333,-0.032805181338043554,-0.005658632953782328,-0.09131439894319682,0.31469491703594193,4370200.0,4865935.0,0.8981213271447317,14129063937.5,313,True,jpx_liquidity,JPX流動性
96,6361,荏原製作所,機械,プライム,6361.T,2026-09-28,4565.0,0.028153153153153143,0.06162790697674425,-0.07945150231901588,-0.259409474367294,0.07310766337564645,4439.15,5232.166666666667,0.028350021963664318,-0.12751250278724557,-0.3226215838438663,0.37765764354796116,3953200.0,3062580.0,1.2908070972839893,14089076155.0,313,True,jpx_liquidity,JPX流動性
97,5020,ＥＮＥＯＳホールディングス,石油・石炭製品,プライム,5020.T,2026-09-28,1428.5,-0.005222855993482933,-0.030868367491644677,0.07501904036557505,0.17625000000000002,0.0007089684509038463,1395.1026977539063,1321.8842325846354,0.011753473255046387,0.06779396047424058,-0.05711422845691383,0.3582766835626718,10095900.0,9671905.0,1.0438377961735563,13830882925.0,313,True,jpx_liquidity,JPX流動性
98,7751,キヤノン,電気機器,プライム,7751.T,2026-09-28,4587.0,-0.00563624539345331,0.03101820633850294,-0.011209312351800005,0.10931076178960097,0.052788616020197354,4538.9,4490.816666666667,0.010597281279605353,0.021417782214816272,-0.03431578947368419,0.21171005558821343,2908900.0,3004090.0,0.9683131996711151,13759355720.0,313,False,jpx_liquidity,JPX流動性
99,7269,スズキ,輸送用機器,プライム,7269.T,2026-09-28,1983.5,-0.0030158028266968895,-0.021218839999004424,-0.09033906177426843,-0.0065939639868121125,0.04425486536923495,2052.472479248047,2049.874159749349,-0.045785013050443024,-0.04457549714199138,-0.13148558758314854,0.29733554361648307,8649500.0,6436230.0,1.3438767725827077,13718915030.0,313,True,jpx_liquidity,JPX流動性
100,7532,パン・パシフィック・インターナショナルホールディングス,小売業,プライム,7532.T,2026-09-28,718.7999877929688,0.009550544653045945,-0.001111711812270877,-0.12788160986775987,-0.13020333185176847,-0.2575914287023713,752.7949951171875,833.1450002034505,-0.045158386472703205,-0.13724503223635642,-0.2754762569483554,0.23338885219427905,17864300.0,17600185.0,1.0150063763534303,13511333080.107422,313,True,jpx_liquidity,JPX流動性
101,3110,日東紡績,ガラス・土石製品,プライム,3110.T,2026-09-28,3100.0,0.04026842712099543,0.06933424887467288,0.06446053085143055,-0.32576419213973795,-0.8352187833511207,2999.946142578125,3145.398714192708,0.02935181274494547,-0.018248470037745324,-0.9033489827856025,0.5595024488497956,4512300.0,4541940.0,0.9934741542160398,13436779180.0,313,True,jpx_liquidity,JPX流動性
102,8802,三菱地所,不動産業,プライム,8802.T,2026-09-28,3630.0,-0.0068399469361646315,0.006655570187592774,-0.04678826328310859,-0.13421368547418966,-0.16547095579726911,3670.4148559570312,3864.271618652344,-0.017549748048912517,-0.06683578281756897,-0.24434199497066222,0.21285986820475292,3819800.0,3660610.0,1.0434872876378527,13327388205.0,313,False,jpx_liquidity,JPX流動性
103,6902,デンソー,輸送用機器,プライム,6902.T,2026-09-28,1919.5,-0.0023389150989474583,0.003397765364655081,-0.01902032308494006,-0.002913135593220373,-0.033376123234916566,1899.3424133300782,1939.4808044433594,-0.008867497093664523,-0.02937941139340805,-0.1474184782608695,0.2177826219275654,7469100.0,6776235.0,1.1022492578843561,13317140605.0,313,True,jpx_liquidity,JPX流動性
104,6526,ソシオネクスト,電気機器,プライム,6526.T,2026-09-28,2128.5,-0.051470649756238496,0.1062889514412455,0.049650698602794474,-0.16444885799404174,0.12546816479400746,1971.8646911621095,2177.71323038737,0.06675676552649867,-0.034078513806048316,-0.303476821192053,0.6466161855510052,7622400.0,6372195.0,1.1961969148778404,13118830950.0,313,True,jpx_liquidity,JPX流動性
105,8473,ＳＢＩホールディングス,証券、商品先物取引業,プライム,8473.T,2026-09-28,3229.0,-0.020921756405951286,-0.0021631177346030928,-0.057454331172657636,0.19054707852623753,0.12285012285012287,3282.7085693359377,3040.1778564453125,-0.025499847935898656,0.05224106978411713,-0.06653049314269044,0.28634464484607725,3734400.0,4130560.0,0.9040904865199876,13000534455.0,313,False,jpx_liquidity,JPX流動性
106,4901,富士フイルムホールディングス,化学,プライム,4901.T,2026-09-28,3355.0,-0.027254245053403237,0.016666669160609215,0.005303030303030365,-0.05565044121833196,0.11832125400303384,3289.80986328125,3448.23662109375,0.00841694136424409,-0.03791405157465133,-0.14453326456936566,0.25164248042761495,4617600.0,3836375.0,1.2036362451533023,12765673720.0,313,True,jpx_liquidity,JPX流動性
107,9843,ニトリホールディングス,小売業,プライム,9843.T,2026-09-28,2963.5,-0.03626014372886899,-0.03782462368999506,-0.027227722772277252,0.18731117824773413,0.17080436941410126,3136.5902099609375,2807.9384033203123,-0.06028527710136944,0.049702513600248466,-0.13104363207547165,0.44348579020367507,4879700.0,3878705.0,1.2580745377645375,12741550157.5,313,True,jpx_liquidity,JPX流動性
108,4755,楽天グループ,サービス業,プライム,4755.T,2026-09-28,687.7999877929688,0.011173148264549404,-0.03763820337849699,-0.10987449601762789,-0.03736880644790941,-0.048817575694653725,730.9649993896485,775.3483317057292,-0.05905209091094954,-0.11291485430833159,-0.2241398896864425,0.2865746479356999,22641300.0,16696125.0,1.3560811266087192,12452247551.744385,313,True,jpx_liquidity,JPX流動性
109,5711,三菱マテリアル,非鉄金属,プライム,5711.T,2026-09-28,5105.0,-0.008352758352758394,0.01450715421303661,-0.1438873050477948,0.18116612679315125,0.06022845275181732,5311.0,4833.116666666667,-0.03878742233101107,0.05625424587998773,-0.16311475409836063,0.5588257326990782,1449700.0,2490310.0,0.5821363605334275,12432678975.0,313,False,jpx_liquidity,JPX流動性
110,4307,野村総合研究所,情報・通信業,プライム,4307.T,2026-09-28,5007.0,-0.016113155811595448,-0.017657457269734,-0.013510828531690833,0.07235421166306688,0.1461218836565097,5076.874829101563,5008.708276367188,-0.022036160604211874,-0.008726456793944015,-0.10957675753228124,0.4065405738163378,1876400.0,2307195.0,0.8132819289223494,11804248715.0,313,False,jpx_liquidity,JPX流動性
111,7201,日産自動車,輸送用機器,プライム,7201.T,2026-09-28,301.8999938964844,0.002323976298420627,-0.03792222549204005,-0.052119328425480727,0.0,-0.09339341172226912,313.3700012207031,322.0016672770182,-0.03660212298413501,-0.06242723384174398,-0.24335841128700653,0.35463869625104527,33531600.0,38087225.0,0.8803896844676923,11788248887.013702,313,True,jpx_liquidity,JPX流動性
112,7272,ヤマハ発動機,輸送用機器,プライム,7272.T,2026-09-28,1800.0,-0.008810572687224627,-0.0008326394671107629,-0.07928388746803072,0.47058823529411775,0.5992892047978675,1829.8,1626.9083333333333,-0.016285932888840282,0.10639300513755634,-0.0876837303598581,0.3087257673178505,5240200.0,6207350.0,0.8441927714725286,11443808557.5,313,True,jpx_liquidity,JPX流動性
113,6787,メイコー,電気機器,プライム,6787.T,2026-09-28,23160.0,-0.02974450344746893,0.049863953447256026,0.24152770306616467,-0.27077409162717214,-0.04391052195526102,20191.22578125,21715.075260416666,0.1430707699496172,0.0628560906750062,-0.4688147295742232,0.6860382690509345,497900.0,546330.0,0.9113539435872092,11352649200.0,313,False,jpx_liquidity,JPX流動性
114,9697,カプコン,情報・通信業,プライム,9697.T,2026-09-28,4385.0,-0.006795045946998202,0.009205947749440169,0.019158878504672794,0.4306329944244014,0.30286738351254483,4297.889721679688,3903.7965738932294,0.014916687600643463,0.11737379687533456,-0.010604679721527899,0.2739029737074986,2722600.0,2576890.0,1.0565449049047495,11284454875.0,313,False,jpx_liquidity,JPX流動性
115,7453,良品計画,小売業,プライム,7453.T,2026-09-28,4033.0,-0.004197530864197496,0.020754239433054877,-0.057930390095772055,0.1221480244852533,0.20965806838632273,4117.5,4140.656868489584,-0.020522161505768022,-0.025999949261396926,-0.10892620415377818,0.23511040410901368,3203100.0,2651260.0,1.2081425435453332,11157396260.0,313,False,jpx_liquidity,JPX流動性
116,3659,ネクソン,情報・通信業,プライム,3659.T,2026-09-28,3068.0,-0.015404420632177951,-0.017925742137147815,-0.149951938481256,0.21920955882352944,-0.0942301126664391,2916.614953613281,2644.4216512044272,-0.090383872333473,0.003243941370569825,-0.1722308892355694,0.523771212352659,5512200.0,3372380.0,1.6345133110740782,11122445250.0,313,False,jpx_liquidity,JPX流動性
117,4689,ＬＩＮＥヤフー,情報・通信業,プライム,4689.T,2026-09-28,515.7999877929688,0.006831934576220222,-0.0694569742880452,-0.07413388907355623,0.2179456618488047,0.3477919292929983,538.6100006103516,491.3433334350586,-0.04234977588892619,0.049775081279580746,-0.0869180996620107,0.31766981567620367,21113000.0,20194995.0,1.0454570550772604,10751575647.577515,313,True,jpx_liquidity,JPX流動性
118,4543,テルモ,精密機器,プライム,4543.T,2026-09-28,2289.5,-0.003048161421936757,0.020276317086626694,-0.11683514774494552,0.010903426791277315,0.07756166982922208,2346.9081176757813,2354.802705891927,-0.03213083507950043,-0.035375662548499776,-0.15004677268475208,0.2318294169951493,5905500.0,4414900.0,1.3376293913791932,10641656750.0,313,True,jpx_liquidity,JPX流動性
119,1812,鹿島建設,建設業,プライム,1812.T,2026-09-28,4888.0,-0.004277887604425379,-0.012525284893152522,-0.002899150962932251,-0.179307993863985,-0.18486541391569322,4912.7564697265625,5233.735489908854,-0.019898496969869894,-0.0800070027834262,-0.26712328767123283,0.3161955491456016,1888600.0,2030970.0,0.9299004908984377,10205962140.0,313,False,jpx_liquidity,JPX流動性
120,8601,大和証券グループ本社,証券、商品先物取引業,プライム,8601.T,2026-09-28,1850.5,0.0027092928745597877,0.010649918077553222,0.02012127894156568,0.1649354737173434,0.2674657534246576,1841.05,1805.0666666666666,0.005132940441595846,0.02516989215541443,-0.015167642362958977,0.2467187239784793,9075500.0,5335715.0,1.700896693320389,10109872142.5,313,True,jpx_liquidity,JPX流動性
121,4684,オービック,情報・通信業,プライム,4684.T,2026-09-28,4987.0,-0.014621645302283603,-0.015399755414847838,0.034771679932970256,0.29590766002098645,0.2824506749740394,4977.2421875,4579.6140625,-0.007482494541561802,0.07869351709153993,-0.02851524090462143,0.30380742417510326,1625000.0,1986095.0,0.8181884552350215,10107924405.0,313,False,jpx_liquidity,JPX流動性
122,5334,日本特殊陶業,ガラス・土石製品,プライム,5334.T,2026-09-28,3829.0,-0.49757249862086517,-0.4714975683385497,-0.5698775698775699,-0.6522875816993464,-0.48471011484710114,7382.519946289062,8962.45664876302,-0.4955651962888463,-0.5844889246394314,-0.6611464968152867,1.7461420893500281,2910400.0,1280650.0,2.2725959473704758,10094077600.0,313,False,jpx_liquidity,JPX流動性
123,9020,東日本旅客鉄道,陸運業,プライム,9020.T,2026-09-28,3431.0,-0.00838150813427041,-0.01943416233278039,-0.054408482142857095,-0.018250289687137933,-0.06510344827586212,3505.5185302734376,3528.872843424479,-0.03323860058567396,-0.03963669126959646,-0.1387547649301144,0.20441381616721518,4343100.0,2763465.0,1.5716138977696479,9963581770.0,313,True,jpx_liquidity,JPX流動性
124,7270,ＳＵＢＡＲＵ,輸送用機器,プライム,7270.T,2026-09-28,2630.0,-0.011278186315224925,0.0017140054575091046,-0.0203770710340887,0.07099729335831761,0.03563519226897527,2603.1018310546874,2584.583943684896,-0.011947988620209293,-0.00486884696302603,-0.09706863261365628,0.27397447188080515,4351200.0,3729720.0,1.1666291303368617,9943811752.5,313,True,jpx_liquidity,JPX流動性
125,2502,アサヒグループホールディングス,食料品,プライム,2502.T,2026-09-28,1597.0,-0.010532837670384154,-0.008074534161490732,-0.04883859440142946,0.014934858595487821,0.007570977917981114,1630.725,1639.6,-0.020680985451256295,-0.02598194681629662,-0.10104137348719389,0.17379075896509966,6072400.0,5936895.0,1.022824220404774,9897695590.0,313,True,jpx_liquidity,JPX流動性
126,6988,日東電工,化学,プライム,6988.T,2026-09-28,3477.0,-0.020011306450649524,0.042578707166406105,0.015625,0.08812381554011361,0.12434725848563977,3365.323840332031,3360.0412801106772,0.023675629285087707,0.02528502265499677,-0.03770949720670391,0.3422920491507745,3002600.0,2868565.0,1.046725453318994,9881914025.0,313,False,jpx_liquidity,JPX流動性
127,1803,清水建設,建設業,プライム,1803.T,2026-09-28,2200.0,-0.0045248644918727265,-0.07231711054703771,-0.09692918320451227,-0.155993752440453,-0.22037871956717758,2357.09375,2416.647916666667,-0.08298089543532161,-0.10557926742535073,-0.3761904761904762,0.4206344710854185,6724900.0,4000850.0,1.6808678155891874,9878675227.5,313,True,jpx_liquidity,JPX流動性
128,1801,大成建設,建設業,プライム,1801.T,2026-09-28,12395.0,-0.003216716333345304,-0.013136938588740432,-0.04760046820132657,-0.15125173852573015,-0.23980068514481467,12587.084130859375,13150.528043619792,-0.030355253598617904,-0.07190038608970772,-0.34258012388903847,0.35270048084717087,619000.0,772625.0,0.8011648600550073,9796158025.0,313,False,jpx_liquidity,JPX流動性
129,9502,中部電力,電気・ガス業,プライム,9502.T,2026-09-28,2835.5,-0.0012328246730716197,-0.032582685927109,-0.045338333049258606,-0.07999342969776613,0.08462432223082872,2911.6957275390623,2923.4069091796873,-0.03818933636758948,-0.0420423543481927,-0.13830769230769235,0.34086456104037005,4479100.0,3209685.0,1.3954951965691338,9742478745.0,313,True,jpx_liquidity,JPX流動性
130,9766,コナミグループ,情報・通信業,プライム,9766.T,2026-09-28,21320.0,0.002350680986697107,0.031197082694562672,-0.04640287769784168,0.1828220858895706,0.09687095940005164,21259.10302734375,20408.11767578125,-0.0024038186031659636,0.039194321442392877,-0.06593261396168248,0.3052767956966817,521100.0,444105.0,1.1733711622251495,9648492175.0,313,False,jpx_liquidity,JPX流動性
131,8830,住友不動産,不動産業,プライム,8830.T,2026-09-28,3181.0,-0.00810729948621891,-0.0037582015521565593,-0.07151265450264865,-0.15596575708935256,-0.28164845173041897,3242.946630859375,3493.848876953125,-0.02711935806235255,-0.09698441142898673,-0.36326942482341074,0.239941337663225,2404300.0,2937880.0,0.8183792394515773,9630987700.0,313,False,jpx_liquidity,JPX流動性
132,8729,ソニーフィナンシャルグループ,保険業,プライム,8729.T,2026-09-28,161.10000610351562,-0.00739375864614511,-0.012867603702197306,-0.034419120772989475,0.11024739295770769,0.09706710510823147,159.8458168029785,156.34027252197265,-0.017177870240090765,0.004859487381513983,-0.0524728394940156,0.29795406513606,61369000.0,58766035.0,1.044293697881778,9480073685.364227,242,True,jpx_liquidity,JPX流動性
133,4452,花王,化学,プライム,4452.T,2026-09-28,3497.0,-0.00455451181326505,0.01775320139697323,-0.026718619537990485,0.07600000000000007,-0.4339592101003561,3503.75,3420.75,-0.0019265073135925626,0.02229043338449177,-0.4424426020408163,0.1508219413114941,3018300.0,2644500.0,1.1413499716392512,9444061070.0,313,False,jpx_liquidity,JPX流動性
134,6383,ダイフク,機械,プライム,6383.T,2026-09-28,5510.0,-0.007028293386195705,0.01491987474673051,-0.05860242610627031,-0.21296957577488929,0.016230173367761003,5578.7,6099.1,-0.012314696972412942,-0.09658802118345333,-0.2889405084527036,0.2780447742238102,2004100.0,1642740.0,1.2199739459683212,9247582635.0,313,False,jpx_liquidity,JPX流動性
135,1925,大和ハウス工業,建設業,プライム,1925.T,2026-09-28,2260.5,-0.5032959492759976,-0.5039499647737304,-0.5390078439686241,-0.5115678346810422,-0.5578487189914599,4441.69638671875,4549.248795572917,-0.5104347954754318,-0.5220089958333107,-0.5694059405940595,1.7399745194848726,4946400.0,1892135.0,2.614189790897584,9020342885.0,313,False,jpx_liquidity,JPX流動性
136,7966,リンテック,その他製品,プライム,7966.T,2026-09-28,5820.0,0.012173907671461537,0.0505414930974859,0.032258064516129004,-0.1724137931034483,0.2857142857142858,5430.128881835937,6048.042960611979,0.06074830364846373,-0.047625812595556205,-0.21203830369357046,0.37699070426286785,1110000.0,1604405.0,0.6918452635089021,8859991900.0,313,False,jpx_liquidity,JPX流動性
137,6504,富士電機,電気機器,プライム,6504.T,2026-09-28,13705.0,0.006610394587227564,0.06944989008154856,-0.026279985678481887,-0.008892128279883393,0.28525519848771275,13142.716845703126,13434.238948567709,0.03464147935635742,0.012189827206382287,-0.21285094066570187,0.37057888623296126,869900.0,646160.0,1.3462609879905905,8816794875.0,313,False,jpx_liquidity,JPX流動性
138,5019,出光興産,石油・石炭製品,プライム,5019.T,2026-09-28,1668.0,0.003006615622914488,-0.0011975904542131932,0.2154696132596685,0.3675922088686283,0.07038598767434312,1555.5151062011719,1377.3717020670572,0.06074186835097728,0.19793371500503643,-0.0060240963855421326,0.3812300223106196,4648500.0,5467415.0,0.8502189791702295,8763014215.0,313,True,jpx_liquidity,JPX流動性
139,7733,オリンパス,精密機器,プライム,7733.T,2026-09-28,2020.0,-0.0019762845849802257,0.017632241813602123,-0.052977027660571996,0.17169373549883993,0.3570708767215318,2027.9,1930.6583333333333,-0.0038956556043198143,0.04627523426810365,-0.07636031092821216,0.2197407846224675,3887400.0,4237420.0,0.91739785057889,8677545677.5,313,False,jpx_liquidity,JPX流動性
140,7003,三井Ｅ＆Ｓ,機械,プライム,7003.T,2026-09-28,4223.0,-0.021094106590876627,0.01881783036558038,-0.01941066417212345,0.031234628627643923,-0.2481620943159405,4294.370678710938,4408.806892903646,-0.023605479427632137,-0.04894904633972652,-0.3444340212632896,0.4828845394794074,1257900.0,1987535.0,0.6328945150651435,8600782195.0,313,False,jpx_liquidity,JPX流動性
141,4911,資生堂,化学,プライム,4911.T,2026-09-28,3527.0,0.007714285714285785,0.019069633054030533,-0.05946666666666667,0.340809731990116,0.10564263322884004,3500.1,3303.258333333333,0.007685494700151452,0.06773362664641724,-0.06346255974508763,0.24817359289069274,2779700.0,2460835.0,1.1295759366231382,8555164320.0,313,False,jpx_liquidity,JPX流動性
142,1928,積水ハウス,建設業,プライム,1928.T,2026-09-28,3375.0,0.0017809439002671734,0.008667065152420772,-0.024848309737070196,-0.0017746228926353025,-0.04119318181818177,3379.6,3433.5226236979165,-0.001361107823411034,-0.01704448466248565,-0.08238172920065256,0.143850225803153,2234100.0,2490000.0,0.8972289156626506,8551145365.0,313,False,jpx_liquidity,JPX流動性
143,6479,ミネベアミツミ,電気機器,プライム,6479.T,2026-09-28,3567.0,-0.007788566409440256,0.031222933831706712,0.053933253873659215,-0.2586459861664221,0.3952662721893492,3398.8574340820314,3756.985811360677,0.04064382475497341,-0.05855380414146527,-0.3257720167746855,0.345349419575987,2122800.0,2496070.0,0.8504569182755292,8473701125.0,313,False,jpx_liquidity,JPX流動性
144,6532,ベイカレント,サービス業,プライム,6532.T,2026-09-28,7634.0,-0.005082757721881936,0.008054931995246317,-0.0095417505514237,0.25807514831905065,0.6818682529191451,7715.85,7224.866381835937,-0.010608034111601494,0.056628537683778735,-0.068115234375,0.38048119221048504,961000.0,1070935.0,0.8973467110515577,8384109115.0,313,False,jpx_liquidity,JPX流動性
145,9022,東海旅客鉄道,陸運業,プライム,9022.T,2026-09-28,3763.0,-0.003970370093474007,-0.008693407816639187,-0.04850177755205687,0.07517934002869442,-0.08251714005876587,3850.152478027344,3819.884159342448,-0.026791790355325085,-0.019080201467416846,-0.13364161849710987,0.16906584056210822,2119400.0,2160200.0,0.9811128599203778,8354715070.0,313,False,jpx_liquidity,JPX流動性
146,4385,メルカリ,情報・通信業,プライム,4385.T,2026-09-28,3661.0,0.007152682255845866,0.01104667219000266,-0.1985551663747811,-0.07550505050505052,-0.002724053391446435,4062.2,4385.766666666666,-0.09876421643444433,-0.16525426949298105,-0.27216699801192845,0.4667074051860881,1653200.0,2083505.0,0.7934706180210751,8263379150.0,313,False,jpx_liquidity,JPX流動性
147,8331,千葉銀行,銀行業,プライム,8331.T,2026-09-28,2845.0,0.0037043347790379766,0.04231546131313291,-0.003189227498228253,0.13771486349848328,0.4093186372745492,2765.112585449219,2725.9291951497394,0.01731843209668127,0.0319416971670381,-0.016777350576721473,0.24445795123176306,2988500.0,2907060.0,1.0280145576630686,8244399152.5,313,False,jpx_liquidity,JPX流動性
148,2503,キリンホールディングス,食料品,プライム,2503.T,2026-09-28,2835.0,-0.011333914559720992,-0.002111932418162654,-0.07924650860669047,0.000705965407695075,0.12277227722772288,2894.25,2925.491666666667,-0.02047162477325737,-0.030932122520715977,-0.0951165017555059,0.18509755701931843,2468100.0,2813070.0,0.8773688532457422,8200833232.5,313,False,jpx_liquidity,JPX流動性
149,8697,日本取引所グループ,その他金融業,プライム,8697.T,2026-09-28,2309.5,-0.010072847482448632,0.04455003112816147,-0.008739348918505585,0.11364752086401575,0.2557431497370606,2213.7842041015624,2213.344734700521,0.024715957317367865,0.02491941920965246,-0.011115954664341787,0.26187855892643513,4459100.0,3561740.0,1.2519442744276674,8172873292.5,313,True,jpx_liquidity,JPX流動性
150,9735,セコム,サービス業,プライム,9735.T,2026-09-28,6288.0,-0.01627036572228202,-0.01673182115711014,-0.031113876789047867,-0.034568283986978754,0.031809145129224614,6364.240087890625,6541.996695963541,-0.021407125754078882,-0.04799707345576609,-0.13162297824874514,0.1468647606027378,1612000.0,1245970.0,1.2937711180847051,8165770575.0,313,False,jpx_liquidity,JPX流動性
151,7261,マツダ,輸送用機器,プライム,7261.T,2026-09-28,1157.5,0.006521738894584184,0.0,-0.05899459908599913,0.03946764570904082,0.08999037536092391,1157.7462646484375,1155.215421549479,-0.021806388342011873,-0.01966336418796344,-0.1096698113207547,0.32750319804796457,7901600.0,6829620.0,1.1569604165385483,8142838462.5,313,True,jpx_liquidity,JPX流動性
152,7186,横浜フィナンシャルグループ,銀行業,プライム,7186.T,2026-09-28,1917.0,-0.006992998937018102,0.017786077451630522,-0.014568158168574374,0.09765285424514625,0.37845705967976717,1900.4618591308595,1883.6456197102864,-0.0034001519682245185,0.00549698955120137,-0.04464060529634295,0.24175902290086854,6017700.0,3946820.0,1.5246958310741305,7852398765.0,313,True,jpx_liquidity,JPX流動性
153,4507,塩野義製薬,医薬品,プライム,4507.T,2026-09-28,2918.0,-0.006807336293425448,0.008990305756271022,-0.015047879616963078,0.02655498128675826,-0.16978956471605655,2894.65517578125,2874.0267252604167,-0.0050628399209223796,0.002078364368390595,-0.205955334987593,0.22056627694171194,3096000.0,2626895.0,1.178577750538183,7850056600.0,313,False,jpx_liquidity,JPX流動性
154,1802,大林組,建設業,プライム,1802.T,2026-09-28,3056.0,-0.0035865620381936303,-0.005208326607149094,0.012108980827447047,-0.08037897310513442,-0.1988817891373802,3020.4715209960937,3115.4155069986978,-0.003797923905705436,-0.03415772527280492,-0.23415627386103333,0.2551330764649042,2431300.0,2591345.0,0.9382386366925284,7673441862.5,313,False,jpx_liquidity,JPX流動性
155,6305,日立建機,機械,プライム,6305.T,2026-09-28,5683.0,-0.010964175886514993,-0.003506897699172007,-0.04278623994523356,0.061088977423638724,0.061088977423638724,5726.0045166015625,5537.5848388671875,-0.023228154329242856,0.010007099258121377,-0.07247097844112771,0.3123232408180197,1105500.0,1354780.0,0.8159996456989327,7648455285.0,313,False,jpx_liquidity,JPX流動性
156,4188,三菱ケミカルグループ,化学,プライム,4188.T,2026-09-28,1161.0,-0.008116138257433403,-0.03169308152519401,0.01148409893992941,0.01327433628318575,0.27363737486095663,1188.2281799316406,1179.3177266438802,-0.03638036924366461,-0.02909964453900149,-0.10756040530007793,0.38571274990722343,5153800.0,6312025.0,0.81650500433696,7647214965.0,313,True,jpx_liquidity,JPX流動性
157,3407,旭化成,化学,プライム,3407.T,2026-09-28,1641.5,-0.0024308097465786105,0.03044569391571561,-0.0036911719470932303,-0.10202384252841701,0.07322730284956935,1599.4182861328125,1708.8977620442708,0.012555636034237594,-0.05231311318316001,-0.14807995791688588,0.2500273293893888,4944200.0,4656890.0,1.0616956810231721,7596428722.5,313,True,jpx_liquidity,JPX流動性
158,7911,ＴＯＰＰＡＮホールディングス,その他製品,プライム,7911.T,2026-09-28,2421.5,-0.5076250271317517,-0.480476297918614,-0.5258620689655172,-0.5299607072691552,-0.41717417783191235,4761.4749755859375,4880.108325195312,-0.4975296494747231,-0.5097444891442554,-0.5686080057699243,1.7978258069297581,2012200.0,1574725.0,1.2778104113416628,7578441625.0,313,False,jpx_liquidity,JPX流動性
159,5333,ＮＧＫ,ガラス・土石製品,プライム,5333.T,2026-09-28,5396.0,-0.0035087898235806048,0.04009252647931727,-0.012749445676274895,-0.28195135062491605,0.34347498114156405,5191.07392578125,5845.307975260416,0.02926679072401872,-0.08593353462065234,-0.31962307398446455,0.3299153155558663,1287900.0,1448230.0,0.8892924466417627,7542072040.0,313,False,jpx_liquidity,JPX流動性
160,6645,オムロン,電気機器,プライム,6645.T,2026-09-28,6280.0,-0.007114624505928813,0.027486910994764413,-0.0271107668474051,0.1109145586414293,0.4169675090252707,6228.65,6074.016666666666,0.008244162057588822,0.03391221075565043,-0.1083345165412466,0.3171211520877471,1373800.0,1177130.0,1.167075853983842,7501046960.0,313,False,jpx_liquidity,JPX流動性
161,3099,三越伊勢丹ホールディングス,小売業,プライム,3099.T,2026-09-28,1663.5,-0.5023930548430102,-0.49159535404422483,-0.5476455837280579,-0.610204081632653,-0.43104958822498685,3167.804833984375,3532.551611328125,-0.48749999287108614,-0.5404171888688651,-0.610204081632653,1.7463479500068573,4070400.0,2274845.0,1.7893087221327166,7475031070.0,313,False,jpx_liquidity,JPX流動性
162,3038,神戸物産,卸売業,プライム,3038.T,2026-09-28,2946.5,0.0,-0.04334415584415585,0.034949069195644444,0.09372680029695624,-0.14693109438332363,2987.825,2824.866666666667,-0.01383113134136027,0.043058079437377605,-0.1333823529411765,0.4277075027772749,1750400.0,2382895.0,0.7345686654258791,7261800577.5,313,False,jpx_liquidity,JPX流動性
163,4005,住友化学,化学,プライム,4005.T,2026-09-28,580.2000122070312,-0.010235461324760053,0.00034486831781621596,0.031734650912126794,0.109559819008338,0.14554556998404644,577.632681274414,546.0775588989258,-0.009405058341569017,0.04783652593374654,-0.08696345769656033,0.4563176017589262,7976400.0,12203300.0,0.653626478083797,7205500744.42627,313,True,jpx_liquidity,JPX流動性
164,8795,Ｔ＆Ｄホールディングス,保険業,プライム,8795.T,2026-09-28,5018.0,0.0050069766413001204,0.008845952447080085,0.01752216037930321,0.05470085470085473,0.24772497472194144,4870.210693359375,4915.753564453125,0.013508513446929493,0.004118683998579842,-0.04636785162287482,0.23169756503534938,1830700.0,1446015.0,1.2660311269246862,7130762375.0,313,False,jpx_liquidity,JPX流動性
165,2768,双日,卸売業,プライム,2768.T,2026-09-28,5726.0,-0.005211927051292364,-0.007625595347969805,0.0012435601350151426,0.07866028708133976,-0.07983673469387753,5708.815625,5490.605208333333,-0.012754944244674271,0.026480649427497394,-0.14644858397698013,0.2786059913952058,1205900.0,1217785.0,0.9902404775884085,7091282815.0,313,False,jpx_liquidity,JPX流動性
166,9202,ＡＮＡホールディングス,空運業,プライム,9202.T,2026-09-28,3025.0,-0.006568098623433993,0.02768818244708937,-0.02664933376665579,-0.0013337779259753324,0.06811697574893016,2980.320837402344,3043.0402791341144,0.004925363207019862,-0.015786935014801773,-0.07016454517230675,0.17976326161904224,3008000.0,2285110.0,1.3163480095050129,7030711402.5,313,False,jpx_liquidity,JPX流動性
167,4704,トレンドマイクロ,情報・通信業,プライム,4704.T,2026-09-28,6439.0,-0.01559394587983487,0.007510561727429144,0.15622194289818636,0.07801774652603388,0.2288167938931298,6079.15,6186.916666666667,0.05919413075841207,0.04074458198079278,-0.07565317255239734,0.47580870543897724,971000.0,1132100.0,0.8576980832081972,6986805350.0,313,False,jpx_liquidity,JPX流動性
168,5201,ＡＧＣ,ガラス・土石製品,プライム,5201.T,2026-09-28,5660.0,-0.008756567425569184,0.010714285714285676,-0.01376546436661441,-0.1813711310384727,0.029465260094579948,5644.7,5994.066666666667,0.002710507201445722,-0.05573289141484361,-0.311519279892957,0.25719699878812224,1247000.0,1207370.0,1.0328234095596214,6873968435.0,313,False,jpx_liquidity,JPX流動性
169,9024,西武ホールディングス,陸運業,プライム,9024.T,2026-09-28,3616.0,0.008365841596159163,0.01830471661070021,0.07121573301549455,0.13371176285083575,-0.17753374513841225,3520.3734130859375,3474.8911376953124,0.021198486114188952,0.03456478420338338,-0.21162280701754388,0.2546994538351474,2269200.0,1890430.0,1.200361822442513,6776797725.0,313,False,jpx_liquidity,JPX流動性
170,5631,日本製鋼所,機械,プライム,5631.T,2026-09-28,7296.0,-0.0031425046326548634,0.026593458273795,-0.05179178655506145,-0.04492161770517722,-0.13391470553099993,7275.770434570312,7593.223478190104,-0.003541952677322824,-0.045201287592277484,-0.2672326662623813,0.5047884383001736,742100.0,911120.0,0.8144920537360612,6759611175.0,313,False,jpx_liquidity,JPX流動性
171,5838,楽天銀行,銀行業,プライム,5838.T,2026-09-28,6355.0,-0.006099468251485773,0.02881657762667955,-0.0018847180775876105,0.24681185010790663,0.12677304964539005,6394.45,5922.766666666666,-0.006169412537434749,0.07297828154634933,-0.06475349521707141,0.3586951909228193,1214900.0,1038840.0,1.169477494128066,6753797755.0,313,False,jpx_liquidity,JPX流動性
172,9706,日本空港ビルデング,不動産業,プライム,9706.T,2026-09-28,5551.0,0.0010820786213348033,0.01741205817392122,-0.06140201262152478,0.09556042205853066,0.06709327128175291,5615.579418945313,5554.076472981771,-0.02004769419972996,-0.009196213489359839,-0.08252750916972329,0.206070292687583,635300.0,1191225.0,0.5333165438938907,6730589025.0,313,False,jpx_liquidity,JPX流動性
173,5831,しずおかフィナンシャルグループ,銀行業,プライム,5831.T,2026-09-28,3639.0,0.00413905382739399,0.04239470465852513,0.005328098710039253,0.18199802176063296,0.39902439024390235,3555.8993896484376,3402.999796549479,0.008183755264920434,0.05348228455231263,-0.027928416485900165,0.258798856057698,2146100.0,1832285.0,1.1712697533407739,6710396545.0,313,False,jpx_liquidity,JPX流動性
174,6315,ＴＯＷＡ,機械,プライム,6315.T,2026-09-28,2209.0,0.00729594163246694,0.03224299065420566,-0.045788336933045404,-0.2964968152866242,-0.0045065344749887215,2205.1,2598.266666666667,0.0017686272731396446,-0.1498178272694618,-0.3759887005649718,0.365050300882859,2847600.0,2963630.0,0.9608486889389026,6557838060.0,313,False,jpx_liquidity,JPX流動性
175,6481,ＴＨＫ,機械,プライム,6481.T,2026-09-28,6431.0,0.0003110903717529201,0.05116050997057853,-0.06034482758620685,-0.12610409022965074,0.4062978351191777,6271.85,6829.283333333334,0.0253752879931759,-0.058319931081104226,-0.2056735946162802,0.4288037816137973,850900.0,1025500.0,0.8297415894685519,6533822575.0,313,False,jpx_liquidity,JPX流動性
176,7550,ゼンショーホールディングス,小売業,プライム,7550.T,2026-09-28,10520.0,0.008145658950638124,-0.041894355646473924,-0.11224057602710713,0.2774256460263287,0.14186097188930047,11281.63203125,10403.444010416666,-0.07105638874140618,0.007358715970084528,-0.1266666666666667,0.33651214230695137,1445700.0,529155.0,2.7320917311562773,6403403850.0,313,False,jpx_liquidity,JPX流動性
177,9532,大阪瓦斯,電気・ガス業,プライム,9532.T,2026-09-28,5840.0,-0.0039229293451622516,-0.05547465249729577,0.03125,0.05711147721032406,-0.0949694405265632,5869.236669921875,5591.678889973959,-0.016056035089675347,0.03278462759275058,-0.11832061068702293,0.268228632614344,1132000.0,1048755.0,1.0793750685336423,6354425460.0,313,False,jpx_liquidity,JPX流動性
178,7826,フルヤ金属,その他製品,プライム,7826.T,2026-09-28,11340.0,-0.03076923076923077,0.06378986866791747,0.2713004484304933,0.3728813559322033,0.9417808219178083,10361.5,8440.666666666666,0.0944361337644164,0.343495774425401,-0.03076923076923077,0.7779803102950705,411500.0,597845.0,0.688305497244269,6295084500.0,313,False,jpx_liquidity,JPX流動性
179,9506,東北電力,電気・ガス業,プライム,9506.T,2026-09-28,1344.0,0.010906319879446569,-0.057503521911275945,-0.0022607385079125297,0.26095238095238105,0.1316239316239316,1366.4276062011718,1240.8342020670573,-0.031050021244173664,0.06702410184567764,-0.07628869350839962,0.31520360715652285,4380800.0,4420770.0,0.9909585886621561,6268884485.0,313,True,jpx_liquidity,JPX流動性
180,2801,キッコーマン,食料品,プライム,2801.T,2026-09-28,1665.0,0.0018050248083767428,0.008785247932448392,-0.09710856519367161,0.003030303030302939,0.1533101045296168,1723.0370849609376,1705.6790283203125,-0.03948672118248697,-0.02971193728647714,-0.10298102981029811,0.23038291611883943,4264700.0,3529225.0,1.208395610934412,6262470937.5,313,True,jpx_liquidity,JPX流動性
181,5101,横浜ゴム,ゴム製品,プライム,5101.T,2026-09-28,6827.0,-0.0227598053249356,0.0160738205090043,-0.09155023286759811,-0.06938386041439482,0.1728225390826319,6984.0,7397.416666666667,-0.02247995418098514,-0.07711025245299596,-0.13789619901502714,0.29658993769505076,1076000.0,874130.0,1.2309381899717433,6256789490.0,313,False,jpx_liquidity,JPX流動性
182,9531,東京瓦斯,電気・ガス業,プライム,9531.T,2026-09-28,6146.0,-0.01284930076487556,-0.043275231936593994,-0.0021314969667158845,-0.012493915300989755,-0.17945260887151138,6220.1055908203125,6127.768530273437,-0.02156001837303645,-0.006816270893243659,-0.20392413342053628,0.2439506127786933,1058900.0,982160.0,1.0781339089354076,6233338970.0,313,False,jpx_liquidity,JPX流動性
183,7202,いすゞ自動車,輸送用機器,プライム,7202.T,2026-09-28,2176.5,-0.007071165520278866,-0.008654127667931721,-0.048055431381314295,-0.01457658491439151,-0.04119765871229175,2186.3128662109375,2262.0376220703124,-0.025985698153713432,-0.058592138688218776,-0.13802873912163527,0.2744841338757751,3394800.0,2760240.0,1.2298930527780194,6156352972.5,313,False,jpx_liquidity,JPX流動性
184,543A,ＡＲＣＨＩＯＮ,輸送用機器,プライム,543A.T,2026-09-28,289.0,-0.017006769783163955,0.05474453090597042,0.04395604395604402,-0.020618556701030966,-0.26356589147286824,276.1678176879883,282.9392725626628,0.03198121484955285,0.007283285274160223,-0.4508670520231214,0.294507757544722,16059700.0,21591810.0,0.7437866487339413,6103521330.0,313,True,jpx_liquidity,JPX流動性
185,5105,ＴＯＹＯ　ＴＩＲＥ,ゴム製品,プライム,5105.T,2026-09-28,3900.0,0.007491604236631311,0.04810534802472444,0.015096304008328953,0.03120042305658388,0.08514190317195336,3735.45,3873.85,0.04405091756013335,0.006750390438452714,-0.08878504672897192,0.3079946907151245,1506200.0,1597095.0,0.94308729286611,6083416080.0,313,False,jpx_liquidity,JPX流動性
186,5332,ＴＯＴＯ,ガラス・土石製品,プライム,5332.T,2026-09-28,5847.0,-0.011663294038729344,0.02650977827073664,-0.10237319683573753,-0.31837455830388695,0.13693516699410613,5894.7476806640625,6779.215893554688,-0.018278590789813864,-0.14636145376311627,-0.378743961352657,0.2831240396914978,963400.0,1013400.0,0.9506611407144266,6082040900.0,313,False,jpx_liquidity,JPX流動性
187,4186,東京応化工業,化学,プライム,4186.T,2026-09-28,8308.0,-0.00598229241445325,0.027073803931264573,-0.04833906071019478,-0.25588893864755935,0.1269669017905588,8270.85,9211.583333333334,0.004491678606189264,-0.09809207609983817,-0.28502581755593803,0.3441736693208206,830200.0,712805.0,1.1646944115150708,6058811365.0,313,False,jpx_liquidity,JPX流動性
188,2413,エムスリー,サービス業,プライム,2413.T,2026-09-28,1781.0,0.007637906647807613,0.01713306681896065,0.01626248216833104,-0.02677595628415297,0.10931174089068829,1760.0,1790.55,0.01193181818181821,-0.00533355672837954,-0.10231854838709675,0.3632921364784983,3847900.0,3460370.0,1.1119909142663935,6058197445.0,313,False,jpx_liquidity,JPX流動性
189,9201,日本航空,空運業,プライム,9201.T,2026-09-28,3115.0,0.006136968159126566,0.03695072680630984,0.007886953664147267,0.07031931600069785,0.19828091424106264,2997.554406738281,2984.5264689127603,0.02316741711363446,0.027633707372440863,-0.015093127809890805,0.18758205235593817,2979000.0,1928155.0,1.5450002722810148,6023746230.0,313,False,jpx_liquidity,JPX流動性
190,8050,セイコーグループ,精密機器,プライム,8050.T,2026-09-28,9990.0,-0.04034583763209865,0.0493697748712032,-0.115093499554764,0.22383004926108385,0.8167276051188299,10145.5908203125,9241.363606770834,-0.020510468438750817,0.0753283198076018,-0.15855207451312447,0.7874819355989541,478100.0,599145.0,0.7979704412120605,5950968500.0,313,False,jpx_liquidity,JPX流動性
191,4506,住友ファーマ,医薬品,プライム,4506.T,2026-09-28,1583.0,-0.007523510971786829,0.04316309719934108,0.08872077028885839,0.035317200784826586,-0.23729221874247164,1575.675,1434.9583333333333,0.004648801307376216,0.10316792009059506,-0.29077060931899645,0.400741788563772,2273600.0,3841915.0,0.5917882097860051,5939901280.0,313,False,jpx_liquidity,JPX流動性
192,6324,ハーモニック・ドライブ・システムズ,機械,プライム,6324.T,2026-09-28,6400.0,0.015873015873015817,0.07202680067001666,0.109375,-0.1025280898876404,0.8441558441558441,5873.2625,6500.5875,0.08798133916200745,-0.017011923922260808,-0.281214848143982,0.44226201372719454,996500.0,992250.0,1.0042831947593853,5911389700.0,313,False,jpx_liquidity,JPX流動性
193,4523,エーザイ,医薬品,プライム,4523.T,2026-09-28,4921.0,-0.00686175555962476,0.028422151519527095,0.001655286571487613,0.16791314837153193,-0.006158899609936319,4738.954248046875,4651.951416015625,0.021533390408903452,0.040638555109050234,-0.06236684098392409,0.20437406366847802,1267900.0,1200185.0,1.0564204685111045,5857881495.0,313,False,jpx_liquidity,JPX流動性
194,4182,三菱瓦斯化学,化学,プライム,4182.T,2026-09-28,3819.0,-0.02227342959067169,0.0,-0.02739018087855294,-0.26855810338126695,0.047009735744089065,3813.347937011719,4171.515979003906,-0.012940843014285663,-0.09769013976094476,-0.3355692850838482,0.3236064446940366,1224300.0,1530520.0,0.7999242087656483,5844191835.0,313,False,jpx_liquidity,JPX流動性
195,4751,サイバーエージェント,サービス業,プライム,4751.T,2026-09-28,1233.5,-0.012805142116551038,-0.015955374366869113,-0.09440298507462686,-0.09910913140311806,-0.08518658122879763,1259.886376953125,1365.9037923177084,-0.03681790501243809,-0.11157725249382666,-0.2300126903553299,0.25096586703064644,5692800.0,4545025.0,1.252534364497445,5819960897.5,313,True,jpx_liquidity,JPX流動性
196,9147,ＮＩＰＰＯＮ　ＥＸＰＲＥＳＳホールディングス,陸運業,プライム,9147.T,2026-09-28,5769.0,-0.004142931123770066,0.04948153538293609,0.006103941402162638,0.15011961722488043,0.6278216704288939,5592.75,5484.383333333333,0.03151401367842288,0.051895837575175685,-0.01653596999659057,0.2808644796606112,1024900.0,1021395.0,1.0034315813177077,5768870420.0,313,False,jpx_liquidity,JPX流動性
197,9021,西日本旅客鉄道,陸運業,プライム,9021.T,2026-09-28,3004.0,-0.010866010922389369,-0.014435755048647136,-0.01021433355659751,0.07688103479686648,-0.05514705882352944,2995.659460449219,2951.5114868164064,-0.013405883071634817,0.0013513459803253802,-0.08185771978875422,0.17383491932242975,2116900.0,1879530.0,1.1262922113507101,5764153862.5,313,False,jpx_liquidity,JPX流動性
198,7259,アイシン,輸送用機器,プライム,7259.T,2026-09-28,2241.5,0.0020116012984938703,0.003806609192306354,-0.020421753607103188,0.009839816933638446,0.01775830258302591,2219.1975830078127,2259.1491943359374,-0.005721700088823445,-0.023304877105034816,-0.12388326384752824,0.30845895368596554,2068100.0,2512660.0,0.8230719635764489,5681650707.5,313,False,jpx_liquidity,JPX流動性
199,4203,住友ベークライト,化学,プライム,4203.T,2026-09-28,8134.0,-0.005988038350568714,0.02173090699858915,0.07082228116710865,0.0726717151587617,0.672328086164043,7544.741943359375,7342.230647786459,0.07014925899572488,0.09966580829685001,-0.005988038350568714,0.5205368271737982,830700.0,738595.0,1.1247029833670685,5673486895.0,313,False,jpx_liquidity,JPX流動性
200,6269,三井海洋開発,機械,プライム,6269.T,2026-09-28,8975.0,-0.008287292817679592,-0.02783795493934138,-0.07588550247116965,-0.04020960325098921,-0.38820722563053855,9361.2,9774.4,-0.04125539460752903,-0.08178507120641676,-0.41909385113268605,0.34503395968359724,467100.0,609005.0,0.7669887767752317,5667750595.0,313,False,jpx_liquidity,JPX流動性
201,1911,住友林業,建設業,プライム,1911.T,2026-09-28,1212.0,-0.006964358869315901,-0.021396851029471087,-0.10022271714922049,-0.10421286031042132,-0.1367521367521367,1270.775,1320.4416666666666,-0.046251303338514016,-0.0821252989845569,-0.17128205128205132,0.22853774803387894,5047100.0,4338500.0,1.1633283392877722,5622513497.5,313,True,jpx_liquidity,JPX流動性
202,8593,三菱ＨＣキャピタル,その他金融業,プライム,8593.T,2026-09-28,1370.0,-0.006166091843658794,-0.013323690658551324,-0.04440497335701599,0.01932550208412276,-0.039971448965025025,1378.3754333496095,1396.258477783203,-0.024213601419537323,-0.03671130997505889,-0.11396574440052698,0.15492872723602646,5334800.0,3884115.0,1.373491773544295,5573013520.0,313,True,jpx_liquidity,JPX流動性
203,4183,三井化学,化学,プライム,4183.T,2026-09-28,2091.0,-0.014376557845176774,-0.0486806156568963,-0.03319209039548021,-0.04377182770663557,0.1049233252623083,2156.3394165039062,2153.629805501302,-0.047691664733672035,-0.046493508422630114,-0.11487068965517244,0.40556488957736964,3682300.0,2399195.0,1.5348064663355834,5506367452.5,313,False,jpx_liquidity,JPX流動性
204,6448,ブラザー工業,電気機器,プライム,6448.T,2026-09-28,4691.0,-0.008664411518714221,0.01933939403753948,-0.012763241863433361,0.25704225352112675,0.6159470752089136,4640.554028320313,4290.634676106771,9.610311117280723e-05,0.08165815790477482,-0.08135391923990498,0.34305245883328706,1296900.0,1149625.0,1.1281069914102424,5478737945.0,313,False,jpx_liquidity,JPX流動性
205,6113,アマダ,機械,プライム,6113.T,2026-09-28,2500.0,-0.0015975146129377782,0.04144966210080092,-0.03968871595330736,-0.15695986336464562,0.1420638593243868,2447.927624511719,2701.5675415039063,0.0081997422175768,-0.08645630283738315,-0.22875,0.38158983967862214,1702900.0,2223320.0,0.7659266322436716,5465775920.0,313,False,jpx_liquidity,JPX流動性
206,9602,東宝,情報・通信業,プライム,9602.T,2026-09-28,1560.5,-0.012341772151898689,-0.019786432160804,-0.00025244696814941125,0.2013086989992301,-0.06388722255548895,1587.9,1492.87646484375,-0.01725549467850629,0.04529747554385066,-0.09640995946728426,0.2213419110091888,3415900.0,3396490.0,1.005714723140654,5405569842.5,313,False,jpx_liquidity,JPX流動性
207,8354,ふくおかフィナンシャルグループ,銀行業,プライム,8354.T,2026-09-28,8000.0,-0.0009990034679365767,0.03896103896103886,0.019104169355879774,0.14686228936664736,0.3397250975733921,7765.266528320312,7559.2721761067705,0.016706892314197308,0.044412718059602785,-0.005792721319733074,0.22778112882965762,828400.0,671605.0,1.2334631219243455,5362426870.0,313,False,jpx_liquidity,JPX流動性
208,6856,堀場製作所,電気機器,プライム,6856.T,2026-09-28,23785.0,-0.0029343953049675298,0.07478535924084961,0.0082662144976684,-0.12779611294462778,0.3313741953540441,22644.75,24852.5,0.05035383477406463,-0.042953425208731466,-0.1764196675900277,0.3532979691622257,308100.0,224590.0,1.3718331181263637,5258187325.0,313,False,jpx_liquidity,JPX流動性
209,6134,ＦＵＪＩ,機械,プライム,6134.T,2026-09-28,7412.0,-0.005634589748064522,0.07373604960395586,0.0057731958762885505,-0.08548931383577052,0.5698347993992705,6961.6827392578125,7498.194246419271,0.051038990722531485,-0.02416505100622046,-0.18081056874160317,0.4497749158387359,465700.0,746490.0,0.6238529652105186,5249223905.0,313,False,jpx_liquidity,JPX流動性
210,7309,シマノ,輸送用機器,プライム,7309.T,2026-09-28,17900.0,-0.006934812760055475,-0.009681881051175623,-0.09481668773704177,0.028144744399770216,0.08947048082775422,18665.0,18847.75,-0.04098580230377713,-0.05028451671950229,-0.15024922857821033,0.16560380993666618,239000.0,279705.0,0.854471675515275,5220095050.0,313,False,jpx_liquidity,JPX流動性
211,7729,東京精密,精密機器,プライム,7729.T,2026-09-28,17755.0,0.00452612853117218,0.0757346284381577,-0.027458563535911584,-0.08674448767833987,0.33255109765329305,16989.18388671875,17730.89462890625,0.03612981749883226,-0.00721309508532908,-0.1585564053537285,0.4047582145158795,413200.0,296720.0,1.3925586411431652,5193899550.0,313,False,jpx_liquidity,JPX流動性
212,1942,関電工,建設業,プライム,1942.T,2026-09-28,5660.0,0.0014154417740950276,0.03492413757225066,0.027359529930224058,-0.1768427247314992,-0.0455475946775844,5553.853442382812,5778.484480794271,0.0074086502361023765,-0.031753045526748624,-0.23836101279607946,0.36955290087430626,2392400.0,811700.0,2.947394357521252,5107226295.0,313,False,jpx_liquidity,JPX流動性
213,9508,九州電力,電気・ガス業,プライム,9508.T,2026-09-28,2098.0,0.01770555496392867,-0.02008404580384371,0.046177138531415585,0.23099762470308782,0.146570796460177,2112.605743408203,1904.676914469401,-0.0187473424853557,0.08837356312342859,-0.061990950226244346,0.4273443957282729,2515200.0,2347130.0,1.0716066004013411,5092150832.5,313,False,jpx_liquidity,JPX流動性
214,6841,横河電機,電気機器,プライム,6841.T,2026-09-28,4701.0,-0.008227802670056739,0.01271007745020869,-0.0987415295256534,-0.1678584197354308,-0.018760539629005035,4733.007763671875,5265.835921223958,-0.01648164709777633,-0.11599980142981359,-0.22700099634672866,0.3078235812649512,990800.0,1061120.0,0.9337303980699638,5092103910.0,313,False,jpx_liquidity,JPX流動性
215,3402,東レ,繊維製品,プライム,3402.T,2026-09-28,1251.5,-0.0011970916972240397,-0.012623227556181726,-0.019009900990099027,0.08783487044356608,0.125397546569741,1249.4738830566407,1225.7579610188802,-0.008782803070517042,0.010395232489885942,-0.09828904259191851,0.27048295250587584,4467400.0,4011810.0,1.1135622075821139,5069900712.5,313,True,jpx_liquidity,JPX流動性
216,5344,ＭＡＲＵＷＡ,ガラス・土石製品,プライム,5344.T,2026-09-28,55430.0,-0.003595168645524116,0.016504648092271923,0.022622345337026672,-0.19136974299065423,0.04876893939393945,54373.79375,57624.097916666666,0.018413396986852737,-0.039030509769006905,-0.3009089761393764,0.49677347795460997,125800.0,89635.0,1.4034696268198805,5049950800.0,313,False,jpx_liquidity,JPX流動性
217,9962,ミスミグループ本社,卸売業,プライム,9962.T,2026-09-28,3856.0,-0.016075479859774644,0.0714087254057687,0.04339336555510087,-0.027192248696592092,0.456895859122072,3643.851611328125,3748.250537109375,0.04973541354797928,0.020497440140401002,-0.08643895912944832,0.37178114215995267,1761100.0,1324290.0,1.3298446714843426,5008181010.0,313,False,jpx_liquidity,JPX流動性
218,2737,トーメンデバイス,卸売業,プライム,2737.T,2026-09-28,39100.0,-0.10526315789473684,0.05675675675675684,0.17771084337349397,1.226651480637813,2.359106529209622,35387.5,26711.333333333332,0.10490992582126446,0.46379813811865134,-0.10526315789473684,0.8649251221291403,246200.0,132175.0,1.8626820503120862,4986054000.0,313,False,jpx_liquidity,JPX流動性
219,1878,大東建託,不動産業,プライム,1878.T,2026-09-28,3280.0,-0.006060607899521564,-0.019725043398686526,-0.04706583258862074,0.03160270880361171,-0.13023382272974438,3278.0301879882813,3254.8600626627604,-0.024109048256441445,-0.01716204739599836,-0.1577145866245392,0.1864682345519768,2061900.0,1452355.0,1.4196942207655843,4951591245.0,313,False,jpx_liquidity,JPX流動性
220,6869,シスメックス,電気機器,プライム,6869.T,2026-09-28,1900.5,-0.00026302623986884655,0.008757991292168033,-0.030670103092783507,0.2650521358896738,0.3741322616002922,1870.3404479980468,1743.9884826660157,0.0054319265847175835,0.0782754695290766,-0.050252525252525215,0.2977035571569048,3083600.0,2549840.0,1.2093307815392338,4863919730.0,313,False,jpx_liquidity,JPX流動性
221,8303,ＳＢＩ新生銀行,銀行業,プライム,8303.T,2026-09-28,1623.0,0.002470653123062938,0.019152313248999464,0.04131697869593287,0.13192982456140356,-0.04130757800891527,1579.2560485839845,1519.0770161946614,0.021366992037973542,0.061828980890395346,-0.12098092643051772,0.2959236120467477,2754000.0,3038640.0,0.9063265144933259,4855550750.0,198,False,jpx_liquidity,JPX流動性
222,7167,めぶきフィナンシャルグループ,銀行業,プライム,7167.T,2026-09-28,1734.5,0.002890975067842083,0.032133285628952235,0.018133174791914453,0.21238938053097356,0.4354568315171836,1679.433819580078,1593.3446065266928,0.019688885643728282,0.07478319064514993,-0.002039627039627012,0.22761075900727862,3643000.0,2819095.0,1.2922586858548577,4850850095.0,313,False,jpx_liquidity,JPX流動性
223,6965,浜松ホトニクス,電気機器,プライム,6965.T,2026-09-28,2305.0,-0.016008549999527055,0.0354897004038357,-0.025575447570332477,-0.140924464487035,0.2940843475799604,2271.0850463867187,2378.261682128906,0.0065673250048521314,-0.03879374705575622,-0.23120901294770468,0.31193311804494617,1699000.0,2122730.0,0.8003844106410142,4842951985.0,313,False,jpx_liquidity,JPX流動性
224,6590,芝浦メカトロニクス,電気機器,プライム,6590.T,2026-09-28,3670.0,-0.0303830911492734,-0.01608579088471851,-0.07440100882723832,-0.14750290360046459,-0.07088607594936713,3863.5,4525.083333333333,-0.05008412061602174,-0.18896521242702702,-0.38628762541806017,0.47493582490135017,1426800.0,1253945.0,1.1378489487178465,4835766525.0,313,False,jpx_liquidity,JPX流動性
225,7747,朝日インテック,精密機器,プライム,7747.T,2026-09-28,3265.0,-0.030294030294030327,-0.0018343014368694677,-0.16794087665647295,-0.13943068002108594,-0.021869382863990428,3434.6,3629.4666666666667,-0.04937984044721366,-0.1004187943132141,-0.20829291949563533,0.2819697767937007,1460400.0,1388580.0,1.0517219029512164,4835587840.0,313,False,jpx_liquidity,JPX流動性
226,6302,住友重機械工業,機械,プライム,6302.T,2026-09-28,5996.0,0.006546919590397771,0.050271501138553054,0.026712328767123372,0.1786907804206801,0.2735768903993203,5753.05,5569.316666666667,0.042229773772173074,0.07661322903168855,-0.00033344448149386086,0.4099807795498796,1002200.0,791920.0,1.2655318719062532,4730158535.0,313,False,jpx_liquidity,JPX流動性
227,5301,東海カーボン,ガラス・土石製品,プライム,5301.T,2026-09-28,2231.5,-0.025333042148940832,0.08509603695599322,0.3581862446743762,0.30306569343065703,1.3194055260639344,1958.1,1771.2583333333334,0.1396251468260048,0.2598388151549509,-0.025333042148940832,0.5697469105542144,1895900.0,2279505.0,0.8317156575660066,4684165117.5,313,False,jpx_liquidity,JPX流動性
228,6141,ＤＭＧ森精機,機械,プライム,6141.T,2026-09-28,2920.5,-0.004431566388273356,0.03417138810198295,-0.03613861386138617,-0.15762907412748772,0.23436179205409968,2868.3,3287.7083333333335,0.018198933165986864,-0.11169127431721693,-0.2524955208599948,0.3189463706440745,1240700.0,1606225.0,0.7724322557549533,4678933787.5,313,False,jpx_liquidity,JPX流動性
229,3086,Ｊ．フロント　リテイリング,小売業,プライム,3086.T,2026-09-28,2684.5,-0.008860993169651055,0.005054286783976014,-0.1346129947920376,-0.22792637331032495,0.11205468102734062,2739.375,2963.1593302408855,-0.020031941592516533,-0.09404129146785789,-0.25781034006082393,0.2815588528235547,900600.0,1686960.0,0.533859724000569,4654084547.5,313,False,jpx_liquidity,JPX流動性
230,6724,セイコーエプソン,電気機器,プライム,6724.T,2026-09-28,3242.0,-0.009168711729671486,0.024328540103274898,0.02104591836734704,0.19992505152707518,0.6694473409801878,3139.2336181640626,3023.3695393880207,0.019994173569231055,0.059083237521846854,-0.03466988242387703,0.3215673484789881,1525600.0,1432830.0,1.06474599219726,4646415645.0,313,False,jpx_liquidity,JPX流動性
231,8304,あおぞら銀行,銀行業,プライム,8304.T,2026-09-28,3549.0,0.00652297220646636,0.011687571265678542,0.047829937998228544,0.3088696293564448,0.42301523656776263,3449.6,3216.4,0.028814935064935154,0.1034075363760727,0.0,0.24656057369490617,1370400.0,1334015.0,1.0272748057555574,4615229670.0,313,False,jpx_liquidity,JPX流動性
232,8113,ユニ・チャーム,化学,プライム,8113.T,2026-09-28,953.2000122070312,-0.003658409067985424,-0.0018848039716949927,-0.03969369771105258,0.009211235793574746,0.02439549941647634,966.8850006103515,977.6533355712891,-0.01415368776502024,-0.025012264035256027,-0.0926225490651773,0.16484441354697335,3810300.0,4754840.0,0.8013518856575615,4609007126.348877,313,False,jpx_liquidity,JPX流動性
233,4151,協和キリン,医薬品,プライム,4151.T,2026-09-28,2246.0,-0.009263343625937392,0.012395762902862373,-0.12708900116595412,-0.12861299709020368,-0.12878200155159036,2358.625,2524.2833333333333,-0.047750278234140686,-0.11024251107575089,-0.17894352038018646,0.47262622464849513,1410700.0,1922165.0,0.7339120210803963,4567086172.5,313,False,jpx_liquidity,JPX流動性
234,6323,ローツェ,機械,プライム,6323.T,2026-09-28,3710.0,-0.02007395668251455,0.06517370083261564,-0.08889980353634575,-0.17829457364341084,0.44357976653696496,3711.55,4112.783333333334,-0.0004176152820251078,-0.09793448880928168,-0.2696850393700787,0.44836402734557373,1236500.0,1240355.0,0.9968920188171935,4552185740.0,313,False,jpx_liquidity,JPX流動性
235,4082,第一稀元素化学工業,化学,プライム,4082.T,2026-09-28,2335.0,0.01038516872908768,-0.029912705904619585,-0.10459282130451564,0.1095169775227165,0.008695652173912993,2511.709814453125,2130.8199381510417,-0.07632641850183874,0.08878275374742084,-0.22666666666666668,0.8148860174040219,184200.0,1654880.0,0.11130716426568694,4547015450.0,313,False,jpx_liquidity,JPX流動性
236,6370,栗田工業,機械,プライム,6370.T,2026-09-28,7775.0,0.0067331164767034934,0.04110873378072166,-0.06217301374863127,-0.15025906735751293,0.05185589519650646,7669.113916015625,8373.071305338543,0.005070479381349191,-0.07942979118241866,-0.19397678552755415,0.27177056980444936,490400.0,590895.0,0.8299274828861304,4472581295.0,313,False,jpx_liquidity,JPX流動性
237,6268,ナブテスコ,機械,プライム,6268.T,2026-09-28,4782.0,-0.002086811352253748,0.05075807514831898,0.039791258969341214,-0.05005959475566146,0.24466423737636656,4551.3,4815.1,0.050688814184958186,-0.006874208219974753,-0.17835051546391756,0.4157657192461258,781100.0,968625.0,0.806400825913021,4469459070.0,313,False,jpx_liquidity,JPX流動性
238,2587,サントリービバレッジ＆フード,食料品,プライム,2587.T,2026-09-28,4505.0,-0.008146191105239953,-0.004859730505853754,-0.012278009208506857,-0.005957634598411254,0.004011589034989882,4510.85,4579.733333333334,-0.0012968730948713647,-0.01631827180621881,-0.08989898989898992,0.1477210917237488,993700.0,957750.0,1.037535891412164,4422120490.0,313,False,jpx_liquidity,JPX流動性
239,3088,マツキヨココカラ＆カンパニー,小売業,プライム,3088.T,2026-09-28,2487.5,-0.013875094974891033,-0.0036050422919163827,-0.0468901375702383,0.00861185154808286,-0.02632620744259695,2538.7817260742186,2510.4855753580728,-0.031228256159230305,-0.02030904931640587,-0.08636701337295694,0.2431731669189816,2902400.0,1640950.0,1.7687315274688442,4412897582.5,313,False,jpx_liquidity,JPX流動性
240,2269,明治ホールディングス,食料品,プライム,2269.T,2026-09-28,4281.0,-0.009027795111667514,-0.0020978796023495283,-0.056485822728287616,0.10166840458811266,0.09510235812386636,4353.729711914062,4087.526570638021,-0.029337997617198797,0.033877071370416845,-0.06998239436619713,0.1906393421859513,1328900.0,995245.0,1.3352491095157473,4363851960.0,313,False,jpx_liquidity,JPX流動性
241,4768,大塚商会,情報・通信業,プライム,4768.T,2026-09-28,3628.0,-0.00928454396504641,0.010303536619326037,0.025148346990675252,0.2934046345811052,0.20092684541542538,3596.9,3328.641666666667,0.008646334343462403,0.08993408222072552,-0.012789115646258509,0.23424850225206065,1168200.0,1182140.0,0.9882078264841728,4322812220.0,313,False,jpx_liquidity,JPX流動性
242,2875,東洋水産,食料品,プライム,2875.T,2026-09-28,9673.0,-0.010637186775060536,-0.022435583579136775,-0.10009380863039397,-0.07936660268714013,-0.12790909090909086,10096.662451171875,10455.804150390624,-0.04988405362738624,-0.08251915758754813,-0.1629144851657941,0.16585925940586432,561300.0,413560.0,1.3572395782957734,4320166500.0,313,False,jpx_liquidity,JPX流動性
243,5110,住友ゴム工業,ゴム製品,プライム,5110.T,2026-09-28,2020.0,-0.007858546168958758,0.013293202909455681,-0.12269272529858855,-0.04559414127096617,-0.0007420232500617852,2080.725,2205.425,-0.029184539042881652,-0.08407676524932839,-0.18793969849246228,0.33571362632072926,2246500.0,2029865.0,1.1067238461671096,4308959825.0,313,False,jpx_liquidity,JPX流動性
244,7912,大日本印刷,その他製品,プライム,7912.T,2026-09-28,2979.5,-0.01210207158462917,-0.0063365241025223895,-0.05505904883498247,0.007658270932607181,0.04703801945181252,3027.4779296875,3088.8093098958334,-0.022123342017034475,-0.0415400554138321,-0.10801446218740585,0.15786732882997576,1360300.0,1397540.0,0.9733531777265767,4287932975.0,313,False,jpx_liquidity,JPX流動性
245,5844,京都フィナンシャルグループ,銀行業,プライム,5844.T,2026-09-28,4927.0,0.01191214198810453,0.017975223120738848,-0.003677221654749707,0.08113500332520496,0.20093573011573507,4857.665307617188,4753.905102539063,0.0039802438328746526,0.02589342757287949,-0.04203496366136317,0.2381108944713256,1259000.0,836665.0,1.5047838740714623,4266334810.0,313,False,jpx_liquidity,JPX流動性
246,5076,インフロニア・ホールディングス,建設業,プライム,5076.T,2026-09-28,2877.0,-0.006903677791237017,0.005944073014481521,0.004285714285714226,0.04574191149126072,0.3033603707995365,2800.3841186523437,2756.903039550781,0.0041479600138734085,0.019985091843562452,-0.03764544832306638,0.270142042183435,1541300.0,1454730.0,1.0595093247544218,4208507435.0,313,False,jpx_liquidity,JPX流動性
247,4088,エア・ウォーター,化学,プライム,4088.T,2026-09-28,2818.0,-0.031947784266575074,-0.07302631578947372,0.13583232567513104,0.013304566702625031,0.3264297481760414,2871.6,2680.1666666666665,-0.018665552305334954,0.05142715005285736,-0.07302631578947372,0.40203629960235826,1346500.0,1399760.0,0.9619506201063039,4205217745.0,313,False,jpx_liquidity,JPX流動性
248,5714,ＤＯＷＡホールディングス,非鉄金属,プライム,5714.T,2026-09-28,8910.0,-0.0069103878733838275,-0.007905578443380468,-0.1473684210526316,0.015963511972634015,0.02003434459072695,9334.3,9000.983333333334,-0.04545600634220015,-0.010108154849747919,-0.23453608247422686,0.4258121642219479,358800.0,462935.0,0.775054813310724,4188824235.0,313,False,jpx_liquidity,JPX流動性
249,1944,きんでん,建設業,プライム,1944.T,2026-09-28,6917.0,-0.011150774854253975,0.006987948268681654,-0.02201438848920867,-0.15354919053549188,-0.025100401606425682,6918.43935546875,7165.063118489584,-0.017552998476854098,-0.051369138331774034,-0.2026979472140763,0.3319653199502186,537700.0,593175.0,0.9064778522358494,4152340180.0,313,False,jpx_liquidity,JPX流動性
250,3697,ＳＨＩＦＴ,情報・通信業,プライム,3697.T,2026-09-28,866.9000244140625,-0.008803969113669874,0.01320716357008589,-0.06256917725971145,0.2883043438271953,0.3634791460492215,885.1999969482422,840.2895762125651,-0.020673263214267323,0.03166818791378878,-0.10303721451219905,0.44169362294516334,3521800.0,4593945.0,0.7666177979927927,4147863035.2948,313,False,jpx_liquidity,JPX流動性
251,7181,かんぽ生命保険,保険業,プライム,7181.T,2026-09-28,1835.0,0.0038292709247429446,0.033220709930897874,0.08708708708708701,0.2074716477651768,0.14920634920634912,1736.8421203613282,1696.872373453776,0.042121203062171375,0.06666831773326987,0.0,0.19185244196013343,2855000.0,2301880.0,1.2402905451196413,4125783177.5,313,False,jpx_liquidity,JPX流動性
252,9042,阪急阪神ホールディングス,陸運業,プライム,9042.T,2026-09-28,4461.0,-0.01086472012618045,-0.03357885063668686,-0.06862331081081086,0.034232121922626035,-0.03097539543057992,4624.122143554688,4646.207381184896,-0.04608921151698964,-0.05062352191539765,-0.13695949911954608,0.16102562766635126,1781600.0,828185.0,2.151210176470233,4111668860.0,313,False,jpx_liquidity,JPX流動性
253,4021,日産化学,化学,プライム,4021.T,2026-09-28,8226.0,-0.013787326259118826,0.010565097082623875,-0.0014691478942213676,-0.02673031026252981,0.3604670558798999,8037.6546875,7975.284895833333,0.014723861263167715,0.022659391674030527,-0.05678269920203538,0.24743215873932564,587700.0,506485.0,1.1603502571645754,4104522890.0,313,False,jpx_liquidity,JPX流動性
254,9684,スクウェア・エニックス・ホールディングス,情報・通信業,プライム,9684.T,2026-09-28,2950.0,-0.0027045251469020037,0.003913512183247647,-0.007111412123264493,0.2163451566065131,0.17092651757188504,2932.3608520507814,2777.6369506835936,-0.0001230585419011998,0.055573515206303936,-0.07244542866181591,0.4039526351195507,912900.0,1380995.0,0.6610451160214194,4101691002.5,313,False,jpx_liquidity,JPX流動性
255,8334,群馬銀行,銀行業,プライム,8334.T,2026-09-28,3200.0,-0.0024937195339977958,0.10440034512510787,0.1391038330034191,0.35169762972453555,0.5345454545454544,2899.465124511719,2684.046708170573,0.09158064128569166,0.17918961334217665,-0.0024937195339977958,0.2899276846380188,2144300.0,1312760.0,1.633428806484049,4081686632.5,313,False,jpx_liquidity,JPX流動性
256,8233,高島屋,小売業,プライム,8233.T,2026-09-28,2122.0,-0.006088992974238927,0.004972768174283715,-0.14442508323232184,-0.15943751237868886,0.1302263648468709,2189.775,2285.0057291666667,-0.03095066844767158,-0.07133712055335384,-0.18447348193697155,0.18586586716166564,1420300.0,1857360.0,0.7646875134599647,4015157040.0,313,False,jpx_liquidity,JPX流動性
257,6952,カシオ計算機,電気機器,プライム,6952.T,2026-09-28,2140.5,-0.027708380649557163,-0.006036684467146558,-0.11182572614107888,0.10935475511790615,0.5278372591006424,2230.575,2102.65,-0.040381964291718475,0.01800109385775084,-0.15059523809523812,0.45882628786293866,1241900.0,1820025.0,0.6823532643782365,3990611742.5,313,False,jpx_liquidity,JPX流動性
258,7762,シチズン時計,精密機器,プライム,7762.T,2026-09-28,2371.0,-0.023878162042328843,0.037182884223803114,-0.13931718061674003,-0.04423155320016303,0.40810810810810816,2460.8939575195313,2409.297985839844,-0.04729742911671464,-0.02689496534703506,-0.17534294759057334,0.5417247377609564,1222400.0,1656525.0,0.7379303059114714,3988259990.0,313,False,jpx_liquidity,JPX流動性
259,7701,島津製作所,精密機器,プライム,7701.T,2026-09-28,4010.0,-0.0059494236233099684,0.046177961540585066,-0.03090024330900243,-0.019931102362204745,0.07969639468690692,3897.748083496094,4048.932694498698,0.02187209503479237,-0.016283969004543097,-0.06808610201216658,0.21581088420553485,1164400.0,983050.0,1.1844768831697268,3971338440.0,313,False,jpx_liquidity,JPX流動性
260,6674,ジーエス・ユアサ　コーポレーション,電気機器,プライム,6674.T,2026-09-28,5398.0,0.0,-0.01063051238918522,0.0022404779686333587,-0.19880597014925372,0.01724464657949598,5213.562646484375,5594.770882161459,0.029622230322630783,-0.040532648599516774,-0.28588532659305577,0.41346993189506354,617900.0,746005.0,0.8282786308402759,3967031505.0,313,False,jpx_liquidity,JPX流動性
261,8848,レオパレス２１,不動産業,プライム,8848.T,2026-09-28,1034.0,0.003883495145631022,0.09883103081827849,0.6464968152866242,0.5858895705521472,0.6283464566929133,768.9,692.7666666666667,0.3447782546494993,0.49256603955155653,-0.024528301886792447,0.8946184409977894,4914400.0,3917915.0,1.2543406378137352,3953568875.0,313,True,jpx_liquidity,JPX流動性
262,268A,リガク・ホールディングス,精密機器,プライム,268A.T,2026-09-28,1740.0,0.043165467625899234,0.09227871939736354,0.05582524271844669,-0.31007137192704204,-0.13086913086913088,1623.75,1975.2166666666667,0.07159353348729791,-0.11908398234792805,-0.4629629629629629,0.4906203022058557,4890400.0,2316765.0,2.110874430509784,3921535195.0,313,True,jpx_liquidity,JPX流動性
263,5805,ＳＷＣＣ,非鉄金属,プライム,5805.T,2026-09-28,2680.0,-0.8020679461497818,-0.794004610376023,-0.8247066942719117,-0.8108711839166046,-0.7890365448504983,12854.78720703125,12542.929069010417,-0.8024082422297365,-0.7974954664875263,-0.8665265370467683,2.8237884717090163,1057000.0,288825.0,3.6596555007357394,3904425000.0,313,False,jpx_liquidity,JPX流動性
264,6586,マキタ,機械,プライム,6586.T,2026-09-28,5346.0,-0.009266141811546502,0.008679259397793126,-0.0045360045360045564,-0.0882811147654492,0.03742367539885749,5251.423120117188,5441.907706705729,0.0029662206846636785,-0.03214088075955435,-0.12638911925692486,0.20478709156364686,771800.0,725335.0,1.0640600550090649,3898679235.0,313,False,jpx_liquidity,JPX流動性
265,3994,マネーフォワード,情報・通信業,プライム,3994.T,2026-09-28,6020.0,0.04459482908207524,0.005847953216374213,-0.024311183144246407,0.40391791044776126,0.7338709677419355,6150.35,5631.216666666666,-0.021193915793410234,0.06904073424038026,-0.10309892729439807,0.6436485124984156,932400.0,603905.0,1.5439514493173596,3876309220.0,313,True,jpx_liquidity,JPX流動性
266,4980,デクセリアルズ,化学,プライム,4980.T,2026-09-28,3026.0,-0.017213436823546147,0.020401245207595675,-0.008280887711162643,-0.2999766191255553,0.41593757389453767,2937.700817871094,3315.075272623698,0.019164368878688443,-0.09685308664788916,-0.4037044413463453,0.3867411239334084,978400.0,1337960.0,0.7312625190588657,3873821162.5,313,False,jpx_liquidity,JPX流動性
267,5830,いよぎんホールディングス,銀行業,プライム,5830.T,2026-09-28,3973.0,0.014296613971778394,0.03787875859413714,0.0007633587786259888,0.23601508485229417,0.3895071542130366,3871.7752685546875,3677.475089518229,0.01581309017146726,0.06948379098748592,-0.026244119831641544,0.28354504171414796,1288500.0,958510.0,1.3442739251546671,3869915500.0,313,False,jpx_liquidity,JPX流動性
268,4812,電通総研,情報・通信業,プライム,4812.T,2026-09-28,2863.0,0.0010489510489510856,0.0006990562740301076,0.056067871634083444,0.3925097276264591,0.4532994923857867,2854.7,2726.883333333333,0.002907485900444984,0.04991657142158634,-0.015474552957359,0.22827687733257407,584600.0,1326760.0,0.4406222677801562,3863788170.0,313,False,jpx_liquidity,JPX流動性
269,9412,スカパーＪＳＡＴ,情報・通信業,プライム,9412.T,2026-09-28,2028.0,-0.023591741504676134,0.01807229438673752,-0.07265155020823688,-0.2271500192826842,-0.3072934669892845,2024.2053283691407,2242.201776123047,-0.009981857119909732,-0.1062356558003078,-0.5614879649890591,0.35962846099564205,1288900.0,1887430.0,0.6828862527352008,3805394935.0,313,False,jpx_liquidity,JPX流動性
270,4612,日本ペイントホールディングス,化学,プライム,4612.T,2026-09-28,1187.0,0.006358626536668188,0.04997788589119856,-0.006278777731268281,0.1283269961977187,0.21593934148431715,1150.075,1156.825,0.03210660174336444,0.02608432563265839,-0.06498621504529345,0.27818648055639894,5287300.0,3104400.0,1.703163252158227,3796538267.5,313,True,jpx_liquidity,JPX流動性
271,7211,三菱自動車工業,輸送用機器,プライム,7211.T,2026-09-28,373.0,0.014138160890269313,0.02051986779459103,-0.01788100343943777,0.16973932886356558,0.19791661906573688,368.37708892822263,359.6506973266602,-0.0010236492430073518,0.023215032628607357,-0.09404237089870293,0.4112517741135062,7713300.0,10151040.0,0.7598531776054473,3760622254.3421936,313,True,jpx_liquidity,JPX流動性
272,3391,ツルハホールディングス,小売業,プライム,3391.T,2026-09-28,2144.0,-0.010613751730503052,-0.029425079221367167,-0.09718455132760839,0.024366937410415623,-0.13565813344083855,2262.35,2322.1628987630206,-0.05231286052113948,-0.07672282545635589,-0.1715610510046368,0.24874806678711922,1872900.0,1628475.0,1.150094413485009,3757628500.0,313,False,jpx_liquidity,JPX流動性
273,3626,ＴＩＳＩ,情報・通信業,プライム,3626.T,2026-09-28,3948.0,-0.016687423637556265,-0.015461321753728718,0.016141629783910538,0.21816479400749067,0.16126152930675386,3940.4821044921873,3718.494034830729,-0.009512060579962345,0.04961846474433562,-0.034010246325850035,0.31539006408481224,751600.0,928695.0,0.809307684438917,3727296645.0,313,False,jpx_liquidity,JPX流動性
274,9005,東急,陸運業,プライム,9005.T,2026-09-28,1644.0,-0.008742843500812114,-0.014388449864646824,-0.018094089264173663,-0.036971310263235746,-0.1254364759602471,1648.4385620117187,1685.9711873372396,-0.012398740531024632,-0.03438444723886247,-0.15384615384615385,0.14315916858693237,3796200.0,2158555.0,1.758676522025151,3712592327.5,313,False,jpx_liquidity,JPX流動性
275,6770,アルプスアルパイン,電気機器,プライム,6770.T,2026-09-28,2185.0,-0.008620662519791211,-0.026075248095097425,-0.018910913647755767,0.06373517786561256,0.03410182516810756,2205.2567504882813,2162.0105834960937,-0.023696447353221295,-0.004167687043198032,-0.09021762095922248,0.3778144321207324,1437900.0,1619685.0,0.8877652136063494,3666434372.5,313,False,jpx_liquidity,JPX流動性
276,4324,電通グループ,サービス業,プライム,4324.T,2026-09-28,3589.0,0.0011157601115761029,-0.009384487993375656,-0.008015478164731915,0.1641258514433992,0.3297517599110782,3628.45,3534.5666666666666,-0.01087241108462289,0.015400284806246889,-0.07356737222509036,0.2710381136853162,1142800.0,976470.0,1.1703380544205146,3630756115.0,313,False,jpx_liquidity,JPX流動性
277,8377,ほくほくフィナンシャルグループ,銀行業,プライム,8377.T,2026-09-28,879.4000244140625,-0.9002382269921516,-0.8934060538399925,-0.901457794387595,-0.8798147281616521,-0.8621894767150826,7622.905548095703,7674.068516031901,-0.8944759292452453,-0.8951794575806054,-0.9063780232292757,3.1325635555846274,4965000.0,418720.0,11.857565915170042,3613191436.060791,313,False,jpx_liquidity,JPX流動性
278,4091,日本酸素ホールディングス,化学,プライム,4091.T,2026-09-28,5492.0,-0.024511563518512136,-0.0014545853377869733,-0.024132999642474062,-0.07833867972311326,-0.01337429965660586,5506.8009033203125,5817.6003011067705,-0.00868033984876615,-0.061640587621419884,-0.1472977194626679,0.2425160592524092,971900.0,627120.0,1.549783135604031,3612528175.0,313,False,jpx_liquidity,JPX流動性
279,6806,ヒロセ電機,電気機器,プライム,6806.T,2026-09-28,24685.0,-0.013783420826774972,0.007756735569583784,-0.04812938425565083,-0.16108535119354284,0.21095686663361435,24622.3978515625,26360.3826171875,-0.008017003573434378,-0.07342012615270588,-0.22089314194577347,0.26792141647201684,113300.0,146925.0,0.7711417389824741,3606422650.0,313,False,jpx_liquidity,JPX流動性
280,3231,野村不動産ホールディングス,不動産業,プライム,3231.T,2026-09-28,906.7999877929688,-0.0013215992259991705,-0.004063764924207791,-0.05470086774255478,-0.06251324513996726,-0.124393876503742,908.577880859375,926.0059611002604,-0.026170451171358078,-0.044498604801994524,-0.17269753362041262,0.1914922656890388,7614700.0,3739085.0,2.0365142809002736,3590027189.9572754,313,True,jpx_liquidity,JPX流動性
281,5406,神戸製鋼所,鉄鋼,プライム,5406.T,2026-09-28,2077.0,-0.001442265746709137,0.014903485329697208,0.0022140221402213722,0.0907630522088354,0.07777777777777772,2023.662353515625,1991.4707845052083,0.006590845780771737,0.022862105660316656,-0.019258545979778496,0.22173777561644525,2538200.0,1668715.0,1.5210506287772327,3564052957.5,313,False,jpx_liquidity,JPX流動性
282,2897,日清食品ホールディングス,食料品,プライム,2897.T,2026-09-28,2928.0,-0.003742818166027506,-0.007121074351496892,-0.027889784946236507,0.024614839737914007,-0.037271214642262906,2947.5923461914062,2930.8641153971353,-0.018520996046805904,-0.012919096179934808,-0.07924888605983449,0.19156623666496347,1685100.0,1230225.0,1.369749436078766,3563478865.0,313,False,jpx_liquidity,JPX流動性
283,8359,八十二長野銀行,銀行業,プライム,8359.T,2026-09-28,2860.0,0.007042279828739062,0.0606341343483201,0.0713609691463184,0.18484404437931756,0.468604047742605,2712.202526855469,2621.5841756184896,0.04343240299281992,0.0794999551491955,0.0,0.2505058506874448,1821900.0,1238935.0,1.470537195252374,3532557762.5,313,False,jpx_liquidity,JPX流動性
284,1963,日揮ホールディングス,建設業,プライム,1963.T,2026-09-28,2273.5,-0.017714409159645728,-0.023620356452651925,0.0030884623869402716,-0.10843137254901958,0.000660211267605737,2341.15,2327.983333333333,-0.02889605535740991,-0.023403661251870322,-0.20590289905693326,0.2800990100698044,1302300.0,1491350.0,0.873235658966708,3523555117.5,313,False,jpx_liquidity,JPX流動性
285,6728,アルバック,電気機器,プライム,6728.T,2026-09-28,7541.0,-0.009067017082785789,0.06286116983791401,-0.0025132275132274673,-0.2642926829268293,-0.07495093228655547,7234.7,8468.783333333333,0.04233762284545328,-0.10955332033133447,-0.3338339222614841,0.3201023229888694,505400.0,479260.0,1.0545424195634938,3483427805.0,313,False,jpx_liquidity,JPX流動性
286,5938,ＬＩＸＩＬ,金属製品,プライム,5938.T,2026-09-28,1728.0,0.0,-0.006896551724137945,-0.04780763790664777,-0.0636995827538247,0.037927844588344195,1723.9933471679688,1785.5227823893229,-0.02377813535957618,-0.05741891584946934,-0.12843086483687205,0.1589291100948531,3244300.0,1891885.0,1.7148505326697976,3478581415.0,313,False,jpx_liquidity,JPX流動性
287,4204,積水化学工業,化学,プライム,4204.T,2026-09-28,2522.5,-0.000990136168776301,0.0063834253628551885,-0.05139472678639667,-0.04519230769230764,-0.04757337425666608,2529.403845214844,2611.942948404948,-0.018543438725127648,-0.04955810711102848,-0.10021747009786153,0.19436434672437272,1606500.0,1338035.0,1.2006412388315701,3476473965.0,313,False,jpx_liquidity,JPX流動性
288,3132,マクニカホールディングス,卸売業,プライム,3132.T,2026-09-28,4224.0,-0.014695570723109674,0.07892716601487804,0.1886363636363637,0.31283338562911833,0.8108634494698117,3758.9592895507812,3500.4030965169272,0.1130740393041112,0.19529090925650405,-0.014695570723109674,0.4130770604694028,941200.0,920725.0,1.0222379103423933,3469939790.0,313,False,jpx_liquidity,JPX流動性
289,2282,日本ハム,食料品,プライム,2282.T,2026-09-28,2018.0,-0.6661151555261416,-0.6750925776847528,-0.6830034558592523,-0.6661151555261416,-0.7129445234708393,5997.55,6154.866666666667,-0.6635292744537353,-0.6721293718791634,-0.7277020644987181,2.305635920013566,1682100.0,540750.0,3.1106796116504856,3422038135.0,313,False,jpx_liquidity,JPX流動性
290,6460,セガサミーホールディングス,機械,プライム,6460.T,2026-09-28,3288.0,0.007044380486717738,0.00427610657687949,0.07305034550839085,0.4626597891904014,0.3455745822158036,3186.2763671875,2805.250455729167,0.02345171108884636,0.1624630497216586,-0.021428551543033025,0.25104129085455046,1218200.0,1060115.0,1.1491206142729797,3411326530.0,313,False,jpx_liquidity,JPX流動性
291,4528,小野薬品工業,医薬品,プライム,4528.T,2026-09-28,2409.5,-0.013308755190678867,0.034120149860749516,-0.04877559213167404,-0.016804979253112085,-0.05616411073491334,2389.1337890625,2407.1695963541665,-0.008217952946956708,-0.015648916641029298,-0.08141112618724555,0.2113464636223568,1359100.0,1434285.0,0.9475801531773671,3401135460.0,313,False,jpx_liquidity,JPX流動性
292,3064,ＭｏｎｏｔａＲＯ,小売業,プライム,3064.T,2026-09-28,1935.5,-0.012499999999999956,-0.010986203372508996,0.040032240730789814,0.05793932768515986,0.13519061583577718,1923.975,1917.0583333333334,0.005990202575397285,0.009619773350663108,-0.0701417247177516,0.3453841696212807,1953000.0,1738375.0,1.1234630042424678,3399324787.5,313,False,jpx_liquidity,JPX流動性
293,9831,ヤマダホールディングス,小売業,プライム,9831.T,2026-09-28,713.5,-0.008339124391938846,-0.006820746447021686,0.005779497384883703,0.08649305122147921,0.3613814791773564,711.4200012207032,697.2700012207031,0.002923728283893867,0.02327649081544192,-0.06707634494217019,0.16460595561727362,12183200.0,4281045.0,2.845847217209817,3370822229.336548,313,True,jpx_liquidity,JPX流動性
294,3289,東急不動産ホールディングス,不動産業,プライム,3289.T,2026-09-28,1275.0,-0.006622548678647977,-0.00623538770552079,-0.07166728555514301,-0.03623747108712416,-0.05660377358490565,1290.0946105957032,1314.5898701985677,-0.03107881411673319,-0.04913309592809467,-0.1169198163193218,0.1938199130896902,2895400.0,2531780.0,1.1436222736572688,3368282652.5,313,False,jpx_liquidity,JPX流動性
295,3003,ヒューリック,不動産業,プライム,3003.T,2026-09-28,1731.5,-0.0014417531718570187,-0.003739930955120818,-0.04098587648850738,0.01139018691588789,-0.05356654823722329,1756.175,1762.5416666666667,-0.014050422082081737,-0.017611876787782865,-0.10308210308210308,0.13488395715864432,1922900.0,1877025.0,1.024440271173799,3341303930.0,313,False,jpx_liquidity,JPX流動性
296,8253,クレディセゾン,その他金融業,プライム,8253.T,2026-09-28,4597.0,-0.01139784946236555,-0.009907387465001083,-0.04368629082587894,0.06981615080288583,0.14581256231306083,4641.4,4639.1,-0.009566079200241218,-0.009075036106141354,-0.05099091659785304,0.19812089588459292,773500.0,700855.0,1.1036519679534282,3311905105.0,313,False,jpx_liquidity,JPX流動性
297,6368,オルガノ,機械,プライム,6368.T,2026-09-28,2519.0,-0.8014972424807952,-0.7861629757307648,-0.8204248975027953,-0.8512044471896232,-0.8229977957384276,11764.866845703125,13760.705615234376,-0.7952378015328038,-0.8249363028787554,-0.8725733932822005,2.7818662501850593,1058500.0,261530.0,4.047336825603181,3284277850.0,313,False,jpx_liquidity,JPX流動性
298,1893,五洋建設,建設業,プライム,1893.T,2026-09-28,1518.0,-0.00032928501965812096,-0.040455112558145934,0.030031066620642033,-0.12952158693115523,-0.08297480024585124,1483.20595703125,1523.0603190104166,0.005929077433286523,-0.020393361065698,-0.31101362271992616,0.382365789613628,1545600.0,2155915.0,0.7169113810145576,3261593545.0,313,False,jpx_liquidity,JPX流動性
299,4392,ＦＩＧ,情報・通信業,プライム,4392.T,2026-09-28,931.0,-0.015856236786469302,-0.014814814814814836,-0.0699300699300699,-0.16126126126126128,2.003225806451613,1030.3,1036.6166666666666,-0.09637969523439771,-0.10188594305191556,-0.6378840917930766,0.7723647474822722,635600.0,3200625.0,0.19858621363015036,3219846640.0,313,False,jpx_liquidity,JPX流動性
300,5214,日本電気硝子,ガラス・土石製品,プライム,5214.T,2026-09-28,4862.0,-0.002666666666666706,0.011862643080124968,0.027906976744185963,-0.2503854455750848,-0.1777439539996618,4795.95,5210.316666666667,0.013772036822735867,-0.06685134300858231,-0.4067837969741337,0.2885991569893215,453300.0,664625.0,0.6820387436524356,3193428825.0,313,False,jpx_liquidity,JPX流動性
301,7649,スギホールディングス,小売業,プライム,7649.T,2026-09-28,1250.5,-0.006751389992057155,0.004417670682731023,-0.07350381402816397,-0.6075015693659762,-0.6402474108170311,1292.325,2183.539158121745,-0.03236414988489744,-0.427305896782879,-0.6638440860215054,0.26683693182042234,2214300.0,2435975.0,0.9089994765956136,3192423785.0,313,False,jpx_liquidity,JPX流動性
302,4527,ロート製薬,医薬品,プライム,4527.T,2026-09-28,2808.5,-0.004783860363372305,-0.00584076017515911,-0.08347053012841621,0.15354330708661412,0.15617860851505716,2893.2756103515626,2671.250203450521,-0.03794163610228052,0.042021446139520524,-0.1038312942691565,0.25077071362211056,966100.0,1103150.0,0.8757648551874179,3162141895.0,313,False,jpx_liquidity,JPX流動性
303,7731,ニコン,精密機器,プライム,7731.T,2026-09-28,1871.0,-0.0013343655396463872,0.08181558788785881,-0.05051020408163265,-0.1352230483271375,-0.014300847457627164,1821.685125732422,2002.7617085774739,0.02158159701269513,-0.07078311312341035,-0.2000859660434129,0.34033666462404816,1983000.0,1696280.0,1.1690286980922961,3146924827.5,313,False,jpx_liquidity,JPX流動性
304,7752,リコー,電気機器,プライム,7752.T,2026-09-28,1662.0,-0.012477732772691041,0.0030175157464331637,-0.029585798816568087,0.15452305526223165,0.24857251617815002,1642.0808654785155,1587.8352884928386,-0.0012672125485788666,0.03285272212124446,-0.060441134345459724,0.306540921631531,2130600.0,1890145.0,1.1272151078356423,3122165965.0,313,False,jpx_liquidity,JPX流動性
305,3349,コスモス薬品,小売業,プライム,3349.T,2026-09-28,6209.0,-0.013348164627363768,-0.04285494065053186,-0.05595256195833964,-0.01036021676761234,-0.08619457337768688,6547.95,6473.616666666667,-0.0517642926412083,-0.04087617174325531,-0.11350656767561396,0.3186941305169091,413600.0,470065.0,0.8798783147011584,3104760800.0,313,False,jpx_liquidity,JPX流動性
306,4631,ＤＩＣ,化学,プライム,4631.T,2026-09-28,4804.0,-0.008666941807676465,0.0035512847294756344,-0.051530108588351387,-0.022782750203417468,0.3140043763676148,4827.75,4822.95,-0.004919475946351781,-0.003929130511408974,-0.1534801762114537,0.39709695125501,475900.0,638675.0,0.7451364152346656,3104443260.0,313,False,jpx_liquidity,JPX流動性
307,9616,共立メンテナンス,サービス業,プライム,9616.T,2026-09-28,3255.0,-0.0009207973179523599,0.030389402602804427,-0.05800058292043131,0.07375415282392028,0.32812821039654816,3228.0916381835937,3222.030546061198,0.0012107344692995348,0.0030941525216106047,-0.07179781734635271,0.22394024992196707,2731200.0,844615.0,3.233662674709779,3095867290.0,313,False,jpx_liquidity,JPX流動性
308,2181,パーソルホールディングス,サービス業,プライム,2181.T,2026-09-28,290.1000061035156,-0.012593595302782812,-0.023889639612434066,-0.04479618749202752,0.14493342590866032,0.22770565412777333,290.8066162109375,275.8955370585124,-0.024781451678508315,0.027925312337942154,-0.06802491790941645,0.29863563252354586,7552700.0,10530450.0,0.7172248099558898,3072324434.55307,313,True,jpx_liquidity,JPX流動性
309,8341,七十七銀行,銀行業,プライム,8341.T,2026-09-28,4194.0,-0.0007148171656015112,0.040178581555822435,0.06973140495867769,0.24347042930051033,0.3553664921465969,3993.7648193359373,3730.4049397786457,0.03711665242439355,0.11033522281518793,-0.0007148171656015112,0.2758574443990807,741400.0,742075.0,0.9990903884378264,3060226040.0,313,False,jpx_liquidity,JPX流動性
310,5021,コスモエネルギーホールディングス,石油・石炭製品,プライム,5021.T,2026-09-28,4485.0,-0.005543257758402698,-0.032988343199371606,0.05200381679389321,0.16821192052980138,-0.0049638989169674685,4399.685327148438,4117.311775716146,0.002344411494139109,0.0710872142377279,-0.032988343199371606,0.2766014831556221,584500.0,676370.0,0.8641719768765617,3050972810.0,313,False,jpx_liquidity,JPX流動性
311,9142,九州旅客鉄道,陸運業,プライム,9142.T,2026-09-28,3496.0,-0.01215032368102864,-0.012429369173634464,-0.028421945701357476,-0.030888575458392076,-0.08703162370449113,3531.2064819335938,3546.5854939778646,-0.02710305455748585,-0.031321814789602276,-0.09853056940435578,0.20898315016586358,1119200.0,820685.0,1.3637388279303264,3022670740.0,313,False,jpx_liquidity,JPX流動性
312,3405,クラレ,化学,プライム,3405.T,2026-09-28,1791.0,-0.008031016338964303,-0.01295122623312206,0.005614823133071267,0.07989146819415138,0.08578357077902399,1814.55,1805.875,-0.012978424402744437,-0.008237004222329869,-0.08365310821181893,0.28484888656571994,2028900.0,1615755.0,1.2556978007185495,3014733265.0,313,False,jpx_liquidity,JPX流動性
313,3197,すかいらーくホールディングス,小売業,プライム,3197.T,2026-09-28,3160.0,-0.0034689372437717303,-0.02978200798280628,-0.05474125037391564,0.10123714932915151,-0.07195301027900147,3313.65,3167.2083333333335,-0.04636880781011876,-0.002275926486258961,-0.09090909090909094,0.20091158621413363,1065400.0,900420.0,1.1832256058283912,3013755065.0,313,False,jpx_liquidity,JPX流動性
314,3092,ＺＯＺＯ,小売業,プライム,3092.T,2026-09-28,1113.5,-0.031317967201535235,-0.02793544883839938,-0.042469352014010475,-0.04788855028297778,-0.010407239819004488,1128.6692016601562,1144.8480672200521,-0.03115988423217886,-0.04485142499714989,-0.10698244181298489,0.26121501421636517,3278200.0,2598030.0,1.2618022116757697,3006835845.0,313,False,jpx_liquidity,JPX流動性
315,3861,王子ホールディングス,パルプ・紙,プライム,3861.T,2026-09-28,861.0999755859375,-0.016784703371254706,-0.013179044634639037,-0.04193184592507104,0.04693901448647053,-0.00495693646588069,864.6271453857422,857.5557149251302,-0.024897633522945495,-0.016856909804927156,-0.059565002135039014,0.17030824509305242,5474500.0,3308005.0,1.6549249472113856,3002815142.535095,313,True,jpx_liquidity,JPX流動性
316,6754,アンリツ,電気機器,プライム,6754.T,2026-09-28,3410.0,0.002941197745997881,0.08048157588517135,-0.006457293806868214,-0.2243354720439963,0.23630387143900666,3235.9453979492187,3613.8651326497397,0.04606214991923063,-0.06332973817479803,-0.29124790619765495,0.34460986538241833,1753800.0,868200.0,2.020041465100207,2993399220.0,313,False,jpx_liquidity,JPX流動性
317,7220,武蔵精密工業,輸送用機器,プライム,7220.T,2026-09-28,3070.0,0.032627006145439896,0.12826164095562298,-0.034810126582278444,-0.23558897243107768,0.16323417238749038,2886.296240234375,3241.765413411458,0.05671758757248413,-0.05915462377940994,-0.6868583162217659,0.6080088995657137,2441100.0,940455.0,2.5956584844569917,2987933565.0,313,True,jpx_liquidity,JPX流動性
318,9435,光通信,情報・通信業,プライム,9435.T,2026-09-28,36670.0,-0.03474598902423054,-0.03702728050704096,-0.09593455627169067,0.03962371721778801,-0.08228485153497733,38720.5181640625,38411.0060546875,-0.0581221086589504,-0.05053254923664341,-0.11523532265890346,0.23869378673614836,180700.0,71265.0,2.535606538974251,2987488500.0,313,False,jpx_liquidity,JPX流動性
319,9507,四国電力,電気・ガス業,プライム,9507.T,2026-09-28,2165.5,0.022909749489406384,-0.028270135693233667,0.09360613810741691,0.4416722859069453,0.22311212814645298,2106.6003295898436,1797.4334431966147,0.014905376197425158,0.1894738067172661,-0.04896791451748406,0.3880878918692957,1237000.0,1377180.0,0.8982122888801755,2975083320.0,313,False,jpx_liquidity,JPX流動性
320,6966,三井ハイテック,電気機器,プライム,6966.T,2026-09-28,888.0,0.007945516458569779,0.0183486238532109,-0.048231511254019255,-0.10393541876892032,0.5076400679117148,906.35,932.0440256754557,-0.020246041816075477,-0.04725530603936534,-0.32727272727272727,0.43595157681060787,2838100.0,3174135.0,0.8941333623176078,2966050965.0,313,False,jpx_liquidity,JPX流動性
321,3778,さくらインターネット,情報・通信業,プライム,3778.T,2026-09-28,3730.0,-0.005333333333333301,0.05965909090909083,0.05516265912305518,0.3269299181785841,0.5034260378879485,3706.5,3361.7,0.006340213139079953,0.10955766427700286,-0.1325581395348837,0.5137716627672911,533900.0,804465.0,0.6636708868626976,2953967600.0,313,False,jpx_liquidity,JPX流動性
322,8252,丸井グループ,小売業,プライム,8252.T,2026-09-28,2870.5,-0.006575573416162994,-0.006403572232341559,-0.059859154929577496,-0.015279241306638602,-0.08142201834862384,2862.8076171875,2924.8942057291665,-0.020716591932840145,-0.04150379370692603,-0.10431309904153352,0.1698046336037471,1131800.0,1020485.0,1.1090804862393862,2952608962.5,313,False,jpx_liquidity,JPX流動性
323,1721,コムシスホールディングス,建設業,プライム,1721.T,2026-09-28,5515.0,-0.013945982056919548,0.004005100262434169,0.0049787940254470975,0.0011021307861867058,0.0941577996386267,5454.7810546875,5356.827018229166,-0.0008764888342110977,0.01739331538124489,-0.07674064035236317,0.3047439551143214,572500.0,507620.0,1.1278121429415704,2890075930.0,313,False,jpx_liquidity,JPX流動性
324,7581,サイゼリヤ,小売業,プライム,7581.T,2026-09-28,6430.0,0.019017432646592614,0.006259780907668322,-0.11123493465248602,0.16696914700544463,0.011006289308176154,6856.25,6921.2379964192705,-0.062169553327256155,-0.07097545217682366,-0.2262334536702768,0.3549682216998697,506700.0,406640.0,1.2460653157584103,2882166850.0,313,False,jpx_liquidity,JPX流動性
325,2267,ヤクルト本社,食料品,プライム,2267.T,2026-09-28,2796.5,-0.004627199389836134,-0.012360983159137695,-0.03982608695652179,0.004000727404982696,0.03778195488721803,2812.752294921875,2832.492431640625,-0.018576927309315927,-0.025416636894216138,-0.10576611597019758,0.17151794060369568,1233000.0,1015640.0,1.2140128391949903,2880641682.5,313,False,jpx_liquidity,JPX流動性
326,4680,ラウンドワン,サービス業,プライム,4680.T,2026-09-28,1222.5,0.02947372787019975,0.056155513046217465,-0.09911242603550297,0.03439490445859872,0.48972607188144,1234.9098022460937,1256.911600748698,-0.013693147641501868,-0.030958104552078036,-0.10834553440702777,0.3757488545227385,3532400.0,2222175.0,1.58961377929281,2867488707.5,313,True,jpx_liquidity,JPX流動性
327,6508,明電舎,電気機器,プライム,6508.T,2026-09-28,11560.0,0.008726022963435165,0.0967742236525948,-0.023234042553191503,0.16281661600810526,0.5302666666666667,10928.688916015624,10355.729638671875,0.05017171668056575,0.10827536064102272,-0.09344391785150075,0.48706371806863497,249900.0,256015.0,0.9761146807804231,2855095250.0,313,False,jpx_liquidity,JPX流動性
328,4902,コニカミノルタ,電気機器,プライム,4902.T,2026-09-28,663.9000244140625,-0.010286218595957908,0.026596607295307217,-0.015927837093820396,0.16468084408920136,0.2761106953167174,636.5281036376953,628.9877014160156,0.02886270169592442,0.041196867505853385,-0.05905168906025504,0.4405610820841657,4516200.0,4382145.0,1.030591183084996,2844665683.1845093,313,True,jpx_liquidity,JPX流動性
329,8804,東京建物,不動産業,プライム,8804.T,2026-09-28,3300.0,-0.0060240963855421326,0.005790917403230678,-0.03649635036496346,-0.008413461538461564,-0.08001115137998327,3346.05,3373.5666666666666,-0.013762496077464492,-0.02180679202031477,-0.14948453608247425,0.17962962810502514,753900.0,839545.0,0.8979864093050403,2844391510.0,313,False,jpx_liquidity,JPX流動性
330,9041,近鉄グループホールディングス,陸運業,プライム,9041.T,2026-09-28,3515.0,-0.011529822034758719,-0.010973593684365679,-0.023569023569023573,0.02564102564102555,0.08074534161490687,3483.404443359375,3490.568147786458,-0.000977332208973003,-0.0030276296978072326,-0.046314058646204415,0.13401075697223336,2211400.0,722460.0,3.0609307089665863,2841523215.0,313,False,jpx_liquidity,JPX流動性
331,7951,ヤマハ,その他製品,プライム,7951.T,2026-09-28,1250.5,-0.010288891260158528,-0.007145737913348937,-0.052087322864802776,0.07515204170286705,0.12194016319129641,1274.6492309570312,1261.4997436523438,-0.029144669807817603,-0.01902477093087529,-0.11984352773826457,0.265559515407503,2034900.0,2189140.0,0.9295431082525558,2827380377.5,313,False,jpx_liquidity,JPX流動性
332,2432,ディー・エヌ・エー,情報・通信業,プライム,2432.T,2026-09-28,2544.5,-0.0003928501276763141,0.0037475345167652385,-0.0009815469179427216,0.03857142857142848,0.04454022988505746,2557.225,2517.483333333333,-0.004976097136544455,0.010731616892531548,-0.07824669443941312,0.24554553329423576,984800.0,1101175.0,0.8943174336504188,2809368152.5,313,False,jpx_liquidity,JPX流動性
333,4443,Ｓａｎｓａｎ,情報・通信業,プライム,4443.T,2026-09-28,2053.0,-0.0033980582524272274,-0.011078998073217772,-0.023775558725630086,0.3109833971902938,0.7680758315562175,2111.95,1963.4833333333333,-0.02791259262766632,0.04559074434041532,-0.11317494600431965,0.57897827081016,1220200.0,1328390.0,0.9185555446819081,2805051895.0,313,False,jpx_liquidity,JPX流動性
334,3769,ＧＭＯペイメントゲートウェイ,情報・通信業,プライム,3769.T,2026-09-28,8843.0,-0.026851577408134042,0.01901361262311485,-0.07890824129141882,-0.06237837837837834,0.05716723549488045,8793.624584960937,9397.091528320312,-0.013717277079036583,-0.07705485533881362,-0.15509011203117384,0.39300719285578883,370300.0,307195.0,1.2054232653526262,2776891820.0,313,False,jpx_liquidity,JPX流動性
335,6278,ユニオンツール,機械,プライム,6278.T,2026-09-28,14450.0,0.009078212290502874,0.1123941493456504,0.0006925207756232066,-0.34437386569872963,0.11928737412858248,13547.5,16327.833333333334,0.06661745709540501,-0.11500811497749241,-0.45327279606507753,0.531330807236998,218600.0,201305.0,1.0859144084846377,2769102050.0,313,False,jpx_liquidity,JPX流動性
336,9509,北海道電力,電気・ガス業,プライム,9509.T,2026-09-28,1140.0,0.02196323682007595,-0.0056693959036488994,0.02696526508226693,0.21119020005398137,0.06392045454545459,1119.5941223144532,1050.0263732910157,0.003488655047127587,0.0699731250356137,-0.04056362083689158,0.33704560702356673,4078900.0,2334605.0,1.7471478044465767,2765645910.0,313,True,jpx_liquidity,JPX流動性
337,4208,ＵＢＥ,化学,プライム,4208.T,2026-09-28,3431.0,-0.010383631558660844,-0.013797087453979562,-0.05392433653303219,0.06077872744539414,0.3784450843274372,3432.935900878906,3362.395300292969,-0.023867588339744006,-0.0033890424162726918,-0.08667211774325434,0.2234506573136599,1016900.0,765430.0,1.328534287916596,2736845860.0,313,False,jpx_liquidity,JPX流動性
338,6473,ジェイテクト,機械,プライム,6473.T,2026-09-28,2122.0,-0.0016467245597405755,0.03461722009994039,0.014091350826044735,0.02630931890828614,0.2760623662488535,2073.96875,2089.5895833333334,0.006283243178085485,-0.0012392784468242546,-0.05821299638989175,0.43080649712197266,1291100.0,1279040.0,1.0094289467100326,2720189747.5,313,False,jpx_liquidity,JPX流動性
339,9009,京成電鉄,陸運業,プライム,9009.T,2026-09-28,1350.0,-0.0018484173978181584,-0.017109628359488593,0.0014958863126401933,0.16434782608695642,0.13957446808510632,1363.424383544922,1299.4414611816405,-0.01791399936784044,0.030442724816851063,-0.04083094555873923,0.18377535898635203,3494200.0,1857080.0,1.8815559911258535,2699432705.0,313,False,jpx_liquidity,JPX流動性
340,2579,コカ・コーラ　ボトラーズジャパンホールディングス,食料品,プライム,2579.T,2026-09-28,3780.0,-0.013312451057165275,-0.017671517671517645,-0.03349526975198158,-0.1426627353141302,0.050000000000000044,3831.05,4022.35,-0.013325328565275907,-0.06025084838465078,-0.1766499673273797,0.21001631308225566,757900.0,686970.0,1.1032505058445057,2696259425.0,313,False,jpx_liquidity,JPX流動性
341,6997,日本ケミコン,電気機器,プライム,6997.T,2026-09-28,2465.0,-0.05192307692307696,-0.1350877192982456,-0.08398364920104051,-0.5590339892665475,0.7359154929577465,2745.2,3235.3,-0.10206906600611976,-0.23809229437764667,-0.5877926421404682,0.729007304316629,1414800.0,939400.0,1.5060677027890144,2690470935.0,313,False,jpx_liquidity,JPX流動性
342,9023,東京地下鉄,陸運業,プライム,9023.T,2026-09-28,1516.0,-0.013342016310894933,-0.010443872251802988,0.012538122670281204,0.04658493870402802,-0.07692307692307687,1502.2034301757812,1473.5928100585938,-0.005460931596209528,0.013848594945706116,-0.10458495654779743,0.17540954356971292,2633500.0,1693845.0,1.5547467448320242,2689638247.5,313,False,jpx_liquidity,JPX流動性
343,6471,日本精工,機械,プライム,6471.T,2026-09-28,1100.0,0.0,0.027077438863445824,-0.022563176895306847,-0.06637931034482758,-0.004137931034482789,1078.1256408691406,1122.5085469563803,0.0045211420135875535,-0.035196655796969734,-0.21464829586656997,0.292863920631247,2417000.0,2423785.0,0.9972006592994016,2688655287.5,313,False,jpx_liquidity,JPX流動性
344,4042,東ソー,化学,プライム,4042.T,2026-09-28,2646.0,-0.003952541030972978,0.012435479139425443,-0.021853805576488305,-0.10805703487373308,0.12210935811540957,2605.2067016601563,2693.2022338867187,-0.003533962066921359,-0.03609169510692123,-0.1477347340774786,0.22341624353518094,1707100.0,976860.0,1.7475380300145364,2672776787.5,313,False,jpx_liquidity,JPX流動性
345,4732,ユー・エス・エス,サービス業,プライム,4732.T,2026-09-28,1850.5,-0.013066637172055584,-0.031151826310506614,-0.08748119738201054,-0.0436630549314484,0.1004227347995923,1922.5463134765625,1960.6404378255208,-0.0521424446036679,-0.07055877575942704,-0.11710268952125724,0.15346119516137888,3591300.0,1238485.0,2.8997525202162318,2640812640.0,313,False,jpx_liquidity,JPX流動性
346,6779,日本電波工業,電気機器,プライム,6779.T,2026-09-28,3275.0,0.004601181991726877,0.03803488438893621,0.1617961511047754,-0.09944751381215466,1.7839453458582408,2879.631481933594,2942.993827311198,0.13208930394489182,0.10771554114281923,-0.3250517598343685,0.6238608256280546,541500.0,902305.0,0.600129667906085,2635930545.0,313,False,jpx_liquidity,JPX流動性
347,6407,ＣＫＤ,機械,プライム,6407.T,2026-09-28,5190.0,-0.009541984732824416,0.025691699604743157,-0.06654676258992809,-0.30335570469798656,0.21545667447306793,5214.25,6001.916666666667,-0.004650716785731368,-0.13527623120392096,-0.36552567237163813,0.5309374229445043,435300.0,489705.0,0.8889025025270316,2598354300.0,313,False,jpx_liquidity,JPX流動性
348,1515,日鉄鉱業,鉱業,プライム,1515.T,2026-09-28,3240.0,-0.0015408283038400583,-0.04283601124094205,-0.18553299492385789,0.3608990670059373,0.29290894439967774,3498.6926513671874,3143.2642171223956,-0.08280025719149231,0.020913222159155476,-0.1947302383939774,0.826047546991704,413500.0,783370.0,0.5278476326640029,2590580950.0,313,False,jpx_liquidity,JPX流動性
349,4536,参天製薬,医薬品,プライム,4536.T,2026-09-28,1710.0,-0.022018889570659228,-0.008695655911926226,-0.09944014929352174,-0.21350407450523867,-0.05404648557826941,1775.8211853027344,1928.0903951009116,-0.04889072504669634,-0.1240037270599017,-0.2446332737030411,0.24352443095413884,1457200.0,1431490.0,1.0179603070926098,2586418147.5,313,False,jpx_liquidity,JPX流動性
350,1662,石油資源開発,鉱業,プライム,1662.T,2026-09-28,1858.0,-0.013276691715113365,-0.06726903358073555,0.009625962596259585,0.14361370716510913,-0.2962039877300614,1897.214532470703,1790.8881774902343,-0.032529021581093165,0.02491044559369704,-0.29969477298740943,0.31794035697353523,1114200.0,1363315.0,0.8172726039103215,2576007225.0,313,False,jpx_liquidity,JPX流動性
351,2127,日本Ｍ＆Ａセンターホールディングス,サービス業,プライム,2127.T,2026-09-28,632.0999755859375,-0.003782536468556419,-0.02348215428209577,-0.10199043070177483,-0.025078902861297325,-0.019044596833766025,645.4637878417968,659.056265258789,-0.042394031658002485,-0.06214384390499561,-0.11926476725976065,0.2132595730453691,2342900.0,3945510.0,0.593814234408226,2570700294.554138,313,False,jpx_liquidity,JPX流動性
352,2212,山崎製パン,食料品,プライム,2212.T,2026-09-28,3640.0,-0.000549148819329992,-0.02829684997330484,-0.01274749118524543,0.11009454101860316,0.026508742244782946,3758.5,3529.116666666667,-0.031528535319941486,0.03141957146972563,-0.06402674209308301,0.26547317817863014,644900.0,673220.0,0.9579335135616887,2551946365.0,313,False,jpx_liquidity,JPX流動性
353,7327,第四北越フィナンシャルグループ,銀行業,プライム,7327.T,2026-09-28,2866.0,0.00385287526898459,0.09222564701037883,0.11920792079207931,0.3199439514245679,0.5120385232744784,2628.2428344726563,2435.914278157552,0.07524311031443287,0.1601393469960266,0.0,0.2544495490539816,1444000.0,907930.0,1.590430980361922,2542581385.0,313,False,jpx_liquidity,JPX流動性
354,4180,Ａｐｐｉｅｒ　Ｇｒｏｕｐ,情報・通信業,プライム,4180.T,2026-09-28,1407.0,-0.0467479674796748,-0.083984375,0.10439560439560447,0.7033898305084745,0.79923273657289,1445.3,1148.9666666666667,-0.026499688645955866,0.22457860686413866,-0.083984375,0.6526609137282293,1713600.0,1717225.0,0.9978890360902036,2529188205.0,313,False,jpx_liquidity,JPX流動性
355,9001,東武鉄道,陸運業,プライム,9001.T,2026-09-28,2940.5,-0.009932656834787168,-0.012260633470631443,-0.037147595356550545,-0.013759130287073207,0.018417821434836057,2943.759375,2971.6114583333333,-0.01384602809120572,-0.02308897354024031,-0.09224515322076299,0.1305392210874989,2335800.0,760900.0,3.0697857799973716,2524728925.0,313,False,jpx_liquidity,JPX流動性
356,9007,小田急電鉄,陸運業,プライム,9007.T,2026-09-28,1774.0,-0.0047686210454770395,-0.03245164746380713,-0.016633775021144603,0.02981989961617959,0.060182370820668796,1782.0163513183593,1743.5554504394531,-0.02133333473075838,0.00025496726269014225,-0.05983827493261451,0.1657212336311698,2775400.0,1298600.0,2.137224703526875,2515565915.0,313,False,jpx_liquidity,JPX流動性
357,4114,日本触媒,化学,プライム,4114.T,2026-09-28,2584.5,-0.005961590597810429,0.001744207704373446,-0.05023607176581679,0.19624167459562325,0.10770925110132157,2554.5561767578124,2374.0520589192706,-0.01568028807597055,0.05915958774074426,-0.08011706603255897,0.25982411643141745,1581200.0,927910.0,1.7040445732883578,2512848350.0,313,False,jpx_liquidity,JPX流動性
358,2871,ニチレイ,食料品,プライム,2871.T,2026-09-28,2216.0,-0.0015769020671946299,0.005901012689413454,0.028880018783752126,0.0071247988968052844,0.11246509266311255,2159.0269775390625,2162.992325846354,0.014808996271728603,0.012948577680545803,-0.06924384027187769,0.16384312371900275,1098100.0,1180005.0,0.9305892771640798,2509892932.5,313,False,jpx_liquidity,JPX流動性
359,7282,豊田合成,輸送用機器,プライム,7282.T,2026-09-28,1052.800048828125,-0.8017325716018827,-0.7968351955407474,-0.8211751572749215,-0.8144555121111723,-0.7585329219490706,4880.650329589844,5070.916776529948,-0.801706743267253,-0.8091469271774571,-0.8265902080580317,2.794631739147828,2575000.0,475345.0,5.417118093174431,2506108031.286621,313,False,jpx_liquidity,JPX流動性
360,1808,長谷工コーポレーション,建設業,プライム,1808.T,2026-09-28,2724.5,-0.0025627115903288367,-0.0007335721167431863,-0.0640419947506562,-0.058771775470702114,-0.0731242418991509,2781.0944946289064,2792.923164876302,-0.03832825343934598,-0.04240115387547616,-0.10447011551983931,0.24439202716446373,757000.0,877020.0,0.8631502132220474,2497766005.0,313,False,jpx_liquidity,JPX流動性
361,6417,ＳＡＮＫＹＯ,機械,プライム,6417.T,2026-09-28,2111.5,-0.004009485372314048,0.0,0.03775484520513461,0.2940991839296925,0.06262886597938144,2031.0315673828125,1870.1438557942708,0.015001456947539848,0.10232161745891899,-0.017221286130243874,0.2501734902025932,1563900.0,1166960.0,1.3401487625968327,2496015025.0,313,False,jpx_liquidity,JPX流動性
362,4403,日油,化学,プライム,4403.T,2026-09-28,2544.0,-0.01280555210807277,-0.014907993278625464,-0.09910233393177736,-0.044736341138397084,-0.19090615930345045,2620.7661010742186,2711.997033691406,-0.042646347199167045,-0.07485149547346626,-0.24382157926461723,0.1917689312926295,1135700.0,915800.0,1.2401179296789693,2491673862.5,313,False,jpx_liquidity,JPX流動性
363,7867,タカラトミー,その他製品,プライム,7867.T,2026-09-28,4099.0,0.0031815755599939877,0.05698816095874082,0.09660010793308138,0.2531606537156954,0.5618754803996926,3766.18251953125,3589.744173177083,0.07907675183671592,0.13211410171415627,0.0,0.31051262826178877,603600.0,633980.0,0.9520805072715227,2484361555.0,313,False,jpx_liquidity,JPX流動性
364,9504,中国電力,電気・ガス業,プライム,9504.T,2026-09-28,1064.5,0.013326997022310882,-0.027853853965455477,0.07015395833241267,0.17079425637679146,0.051919401783288466,1052.1643035888671,973.1831003824869,-0.002532212487896923,0.07841987760321611,-0.05251442552315011,0.3798238440960144,1902000.0,2306320.0,0.8246904159006556,2449635662.2286987,313,False,jpx_liquidity,JPX流動性
365,8358,スルガ銀行,銀行業,プライム,8358.T,2026-09-28,2957.0,0.02282944211693505,0.032472038022278715,-0.006449422946367966,0.21603656003323635,0.4701155198392768,2887.0230102539062,2765.6743367513022,0.013847132358871583,0.05833140261850156,-0.022704507512520844,0.2391364469086662,1214800.0,818225.0,1.4846771975923494,2447884390.0,313,False,jpx_liquidity,JPX流動性
366,6753,シャープ,電気機器,プライム,6753.T,2026-09-28,649.5999755859375,-0.019175618965889485,-0.04174664081563639,0.013574583929574446,0.025900131179315444,0.12777773539225268,656.0350006103515,641.2699991861979,-0.009808966013135079,0.012989811483947067,-0.05649967235157949,0.38745318776853127,2905100.0,3706665.0,0.783750352405734,2440760365.1397705,313,False,jpx_liquidity,JPX流動性
367,2492,インフォマート,サービス業,プライム,2492.T,2026-09-28,712.0,0.0,0.005649717514124353,0.19463087248322153,0.8350515463917525,0.5311827956989248,690.85,584.45,0.030614460447275116,0.2182393703481904,-0.011111111111111072,0.5616428412038631,2692900.0,3507430.0,0.7677701336876288,2420057440.0,313,False,jpx_liquidity,JPX流動性
368,5857,ＡＲＥホールディングス,非鉄金属,プライム,5857.T,2026-09-28,3645.0,-0.004098403799232875,-0.004098403799232875,-0.11604938271604937,0.21314808539478136,0.06706408345752601,3728.79462890625,3424.314876302083,-0.03990421670122801,0.04546460513176909,-0.1404561824729892,0.446580947698414,509000.0,642345.0,0.7924090636651644,2390342250.0,313,False,jpx_liquidity,JPX流動性
369,4194,ビジョナル,情報・通信業,プライム,4194.T,2026-09-28,8700.0,0.023168293543455176,0.03485190912334968,-0.0578297595841456,0.11481291645310088,0.23002969037183663,8803.15,8729.866666666667,-0.011717396613712072,-0.0034212053639612883,-0.09128890745769791,0.4638258930972011,275300.0,269780.0,1.020461116465268,2381498840.0,313,False,jpx_liquidity,JPX流動性
370,4613,関西ペイント,化学,プライム,4613.T,2026-09-28,2858.5,-0.002964722075884385,-0.0033123728708998046,-0.03130404704254586,0.048680022467702644,0.19500746746319608,2813.5154052734374,2806.188468424479,-0.004626029503532192,-0.0020271156012814373,-0.07543743809838233,0.16396279823476906,867300.0,807825.0,1.0736236189768824,2358130355.0,313,False,jpx_liquidity,JPX流動性
371,7189,西日本フィナンシャルホールディングス,銀行業,プライム,7189.T,2026-09-28,5084.0,-0.012048220590923475,0.028317127149280585,0.056691253951527854,0.20441988950276246,0.3529411764705883,4885.1775390625,4588.075846354167,0.026370067394156926,0.09283284930528901,-0.012048220590923475,0.2570149661416258,546800.0,460130.0,1.18835981135766,2345095790.0,313,False,jpx_liquidity,JPX流動性
372,9064,ヤマトホールディングス,陸運業,プライム,9064.T,2026-09-28,2037.0,0.008415807422982757,0.025679716049384238,0.029389215435727145,0.08629989212513478,0.15448552593866438,1959.4283813476563,1967.2677937825522,0.027850785041099835,0.02375487788960018,-0.07614678899082572,0.18364846323106043,1527500.0,1156400.0,1.3209097198201314,2333168772.5,313,False,jpx_liquidity,JPX流動性
373,6996,ニチコン,電気機器,プライム,6996.T,2026-09-28,2579.0,-0.012255806544656855,-0.02899092382988233,-0.03614457831325302,-0.3955135773317592,0.49271137026239065,2596.0771606445314,2973.9923868815104,-0.013896798289144252,-0.13920425240752465,-0.4633123689727463,0.5001167137640568,671900.0,900600.0,0.7460581834332667,2328766840.0,313,False,jpx_liquidity,JPX流動性
374,3288,オープンハウスグループ,不動産業,プライム,3288.T,2026-09-28,7600.0,-0.007703380513303992,-0.004584172316631441,-0.06300787598449809,-0.12909597954915175,-0.2508745627186407,7644.354052734375,8150.168017578125,-0.019537825132648234,-0.08038705658154177,-0.28174413033061807,0.23782475021368532,285700.0,298105.0,0.9583871454688784,2315036450.0,313,False,jpx_liquidity,JPX流動性
375,5032,ＡＮＹＣＯＬＯＲ,情報・通信業,プライム,5032.T,2026-09-28,3020.0,0.020270270270270174,-0.05625000000000002,0.019581363943281582,0.34103019538188284,0.056668462530609975,3056.55,2753.75,-0.011957926420310572,0.0966863368134363,-0.08898944193061842,0.6231018052065742,502700.0,753640.0,0.6670293508837111,2297225895.0,313,False,jpx_liquidity,JPX流動性
376,1969,高砂熱学工業,建設業,プライム,1969.T,2026-09-28,4690.0,-0.006987087008480386,0.025360723898662618,0.07252085264133457,-0.09092694422623726,0.07876951759496631,4444.415942382812,4480.921980794271,0.04153167930502599,0.03304632837626009,-0.10740455071345933,0.25186826793808686,587800.0,495200.0,1.186995153473344,2280245315.0,313,False,jpx_liquidity,JPX流動性
377,3498,霞ヶ関キャピタル,不動産業,プライム,3498.T,2026-09-28,7690.0,0.018543046357615944,0.0785413744740533,0.0077159523182313006,0.13254786450662737,0.22647527910685805,7420.75,7343.795402018229,0.036283394535592706,0.04714246231405461,-0.051787916152897684,0.35584308626777295,383200.0,297050.0,1.2900185154014476,2279868100.0,313,False,jpx_liquidity,JPX流動性
378,4461,第一工業製薬,化学,プライム,4461.T,2026-09-28,14110.0,0.011469524918622964,0.1406628696530534,0.022959183673469497,0.14946764946764945,0.8915094339622642,13082.056396484375,12523.685465494791,0.07284356332324915,0.1206765004334529,-0.09509993552546747,0.7306524663297705,113100.0,174560.0,0.6479147571035747,2273496650.0,313,False,jpx_liquidity,JPX流動性
379,5929,三和ホールディングス,金属製品,プライム,5929.T,2026-09-28,3523.0,0.006571434432675272,0.025618619413928734,-0.05167674546454093,-0.10319729659474919,-0.02459711620016969,3483.3493530273436,3631.699784342448,-0.00957393291556008,-0.05003160920013827,-0.12724513028079942,0.24772472689530636,913300.0,624370.0,1.462754456492144,2271551635.0,313,False,jpx_liquidity,JPX流動性
380,4205,日本ゼオン,化学,プライム,4205.T,2026-09-28,2417.5,-0.009221287197031969,0.012353466058388829,-0.014705882352941124,-0.006266973052015845,0.35295790671217286,2397.9924072265626,2352.1058024088543,-0.008128635923875582,0.011221517996390595,-0.09148204736440035,0.34105490181743064,940700.0,909115.0,1.034742579321648,2250114515.0,313,False,jpx_liquidity,JPX流動性
381,4676,フジ・メディア・ホールディングス,情報・通信業,プライム,4676.T,2026-09-28,4096.0,0.005153374233128893,0.0,-0.03641186399807095,0.04470588235294115,0.0002503128911139907,4055.9013671875,4078.2337890625,-0.014768940801200392,-0.020164069378034277,-0.08891928864569087,0.2046681481510642,821900.0,532395.0,1.543778585448774,2242052435.0,313,False,jpx_liquidity,JPX流動性
382,1332,ニッスイ,水産・農林業,プライム,1332.T,2026-09-28,1149.5,-0.007340264552272546,-0.031184148350928864,-0.1260601387818041,-0.13274674827850041,-0.15630815035355416,1206.5624267578125,1252.8958089192708,-0.06055420352690799,-0.09529588020751689,-0.19006788138620934,0.24248838226885064,1814700.0,1807155.0,1.004175070760394,2240267092.5,313,False,jpx_liquidity,JPX流動性
383,7389,あいちフィナンシャルグループ,銀行業,プライム,7389.T,2026-09-28,2141.0,0.03630206563142324,0.08076728915387887,0.15230352303523031,0.5283968368080518,0.54843408594319,1952.4775634765624,1768.4591878255208,0.08887294777127441,0.20217645656505523,0.0,0.45017903064808956,1589200.0,1093015.0,1.4539599182078928,2237828350.0,313,True,jpx_liquidity,JPX流動性
384,429A,テクセンドフォトマスク,その他製品,プライム,429A.T,2026-09-28,3920.0,0.010309333331301573,0.06811995246105851,0.06584362139917688,-0.09965237543453076,0.31873727087576365,3751.620458984375,3926.7901529947917,0.03555251456639441,-0.010642318882999158,-0.25144508670520227,0.5136037363096305,444500.0,598970.0,0.7421072841711605,2236360975.0,230,False,jpx_liquidity,JPX流動性
385,9513,電源開発,電気・ガス業,プライム,9513.T,2026-09-28,4141.0,0.007787759452902776,-0.015220047161106809,0.016145057128663654,0.09914024717893599,-0.055414453936735164,4119.340100097656,3904.296700032552,-0.006879767003696635,0.047819956912058315,-0.0806741573033708,0.23221402286642434,807200.0,514745.0,1.5681551059262353,2231855640.0,313,False,jpx_liquidity,JPX流動性
386,6845,アズビル,電気機器,プライム,6845.T,2026-09-28,1462.5,-0.01115619490805031,0.002055492223095756,-0.06038726616343948,-0.16090269636576793,0.05723781388478577,1457.53486328125,1572.0782877604167,-0.017862257663353143,-0.08942193836967538,-0.17824339839265213,0.21077787354247582,1734600.0,1467060.0,1.182364729458918,2215032400.0,313,False,jpx_liquidity,JPX流動性
387,4666,パーク２４,不動産業,プライム,4666.T,2026-09-28,1953.0,-0.0300471815247082,-0.021543086172344683,-0.03650715342871236,-0.055609284332688635,0.03470198675496694,1996.05,1996.8833333333334,-0.021567596002104117,-0.021975912463589098,-0.09687861271676301,0.24948444932014283,2489800.0,1003905.0,2.48011515033793,2190951322.5,313,False,jpx_liquidity,JPX流動性
388,5991,日本発條,金属製品,プライム,5991.T,2026-09-28,3431.0,-0.0063713220118374325,0.04603657044922449,-0.014215259646069067,-0.1342675159235669,0.4018151815181519,3330.2775634765626,3551.7591878255207,0.020335373023004255,-0.04329099460136998,-0.19915154371906674,0.31258777125716064,603100.0,645695.0,0.9340323217618225,2181537085.0,313,False,jpx_liquidity,JPX流動性
389,4540,ツムラ,医薬品,プライム,4540.T,2026-09-28,3857.0,-0.005415149693340338,0.014466086386921484,-0.006834910620399537,0.010430596416153959,0.008542445274960064,3739.49462890625,3780.9982096354165,0.0102969451529904,-0.0007929677479814323,-0.06600741656365883,0.15025592809869523,557500.0,569490.0,0.9789460745579378,2177156835.0,313,False,jpx_liquidity,JPX流動性
390,8227,しまむら,小売業,プライム,8227.T,2026-09-28,3153.0,-0.019589552238805985,-0.010978670012547043,-0.051729323308270625,-0.04829459704195593,-0.044545454545454555,3234.65,3320.047049967448,-0.025242298239376737,-0.050314663453063346,-0.11705404648557827,0.17007222344992473,1239100.0,643780.0,1.9247258380191992,2163163640.0,313,False,jpx_liquidity,JPX流動性
391,6941,山一電機,電気機器,プライム,6941.T,2026-09-28,8480.0,-0.009345785796962436,0.08163263897183048,0.07061068702290085,-0.13068181818181823,0.1402439024390243,7779.138525390625,8395.046175130208,0.08173931760360897,0.0023768570718412096,-0.2513345195729537,0.5592423961225197,222900.0,271695.0,0.8204052338099708,2148246950.0,313,False,jpx_liquidity,JPX流動性
392,2264,森永乳業,食料品,プライム,2264.T,2026-09-28,1111.0,-0.016378920701070054,-0.02501094330296927,-0.06547619047619047,-0.12534818941504178,-0.769311502938707,1121.792901611328,1192.8893005371094,-0.020318279406643214,-0.07870747142658996,-0.7920923193340901,0.2250460519040517,1994600.0,1855700.0,1.0748504607425768,2140059962.5,313,False,jpx_liquidity,JPX流動性
393,4368,扶桑化学工業,化学,プライム,4368.T,2026-09-28,3095.0,0.011437866196898128,0.05631400302988365,0.016831683168316847,-0.3176079734219269,0.13022743947175353,2919.2073974609375,3489.4024658203125,0.055423469630758726,-0.1170408027794817,-0.37058222676200203,0.3308212640914787,767800.0,721225.0,1.0645776283406705,2137475705.0,313,False,jpx_liquidity,JPX流動性
394,7276,小糸製作所,電気機器,プライム,7276.T,2026-09-28,2669.5,-0.007805259714666057,0.012324637485895185,-0.012154076290201932,0.03002534607135887,0.08302583025830268,2645.316760253906,2624.1889200846354,-0.0014428367563587008,0.006596735388550545,-0.09211204674342666,0.2639344891639223,681300.0,796260.0,0.85562504709517,2132980175.0,313,False,jpx_liquidity,JPX流動性
395,4971,メック,化学,プライム,4971.T,2026-09-28,6670.0,-0.008915304606240682,0.06379585326953752,-0.005961251862891204,-0.36415633937082936,0.05705229793977806,6388.0,7785.5,0.04414527238572319,-0.14327917282127034,-0.42492050440027485,0.44455378199824275,554100.0,315075.0,1.7586288978814568,2132300050.0,313,False,jpx_liquidity,JPX流動性
396,8056,ＢＩＰＲＯＧＹ,情報・通信業,プライム,8056.T,2026-09-28,4750.0,-0.009591359716289216,-0.008971394645204689,0.006451612903225712,0.08484005563282326,0.01298701298701288,4726.75380859375,4639.35126953125,-0.009891314523034156,0.00876172725607316,-0.07946498819826908,0.22400169357661598,410200.0,441025.0,0.930106003061051,2131435350.0,313,False,jpx_liquidity,JPX流動性
397,5471,大同特殊鋼,鉄鋼,プライム,5471.T,2026-09-28,2457.5,-0.008872760133194824,0.01759835087179118,0.060579646981913315,-0.13336894586894588,0.34262068965517245,2338.441015625,2390.655338541667,0.04065058033956581,0.01792172245308632,-0.177315753887762,0.4065949127011263,976900.0,883935.0,1.1051717603669953,2117161540.0,313,False,jpx_liquidity,JPX流動性
398,4061,デンカ,化学,プライム,4061.T,2026-09-28,3302.0,-0.014916478767651675,-0.014622510062060834,-0.042966450853443194,-0.25412844036697246,-0.07901444350042486,3281.1455322265624,3557.5985107421875,-0.008882730723249743,-0.08590022449678658,-0.28259430840502975,0.26599836206418526,593200.0,635905.0,0.9328437423829031,2112308575.0,313,False,jpx_liquidity,JPX流動性
399,4373,シンプレクス・ホールディングス,情報・通信業,プライム,4373.T,2026-09-28,1137.0,-0.011304347826086913,-0.019827586206896508,-0.03725656223539375,0.18068535825545173,0.4194756554307115,1170.45,1116.9166666666667,-0.02857875176214275,0.017981049018876316,-0.09690230341540906,0.3895740537903118,3624500.0,1634915.0,2.2169348253578933,2100378275.0,313,False,jpx_liquidity,JPX流動性
400,9143,ＳＧホールディングス,陸運業,プライム,9143.T,2026-09-28,1491.5,-0.005666627022130388,-0.007321152787207019,-0.04187111547268563,-0.06031440487648376,-0.009469056476158255,1476.3418518066405,1547.772283935547,-0.008021077091426632,-0.05380137944052665,-0.1177710843373494,0.1668504681629004,1745900.0,1431225.0,1.2198641024297368,2095589022.5,313,False,jpx_liquidity,JPX流動性
401,4912,ライオン,化学,プライム,4912.T,2026-09-28,1739.0,0.004911875180583669,0.010459035444509102,-0.07327471356248338,0.015178050204319948,0.044758185641333714,1795.375,1771.2333333333333,-0.03140012532200798,-0.01819824227939104,-0.0892903901544907,0.16877268760364547,1452700.0,1128390.0,1.287409494944124,2075542685.0,313,False,jpx_liquidity,JPX流動性
402,9989,サンドラッグ,小売業,プライム,9989.T,2026-09-28,3633.0,-0.00954201112479891,-0.016779464501841868,-0.04854627900773545,-0.06939733889903466,-0.08772378516624046,3663.494921875,3742.314973958333,-0.026339581173928095,-0.04684666447861774,-0.10421898543445507,0.16375841428407217,768100.0,546030.0,1.4066992656081168,2067890390.0,313,False,jpx_liquidity,JPX流動性
403,2501,サッポロビール,食料品,プライム,2501.T,2026-09-28,1791.5,-0.015659340659340715,-0.039924973204716,-0.07055771725032423,-0.12224399804017638,0.046742623429739893,1859.225,1941.5166666666667,-0.036426468017587976,-0.07726777175919164,-0.17175219602404068,0.21773375887883556,1686200.0,1062930.0,1.586369751535849,2060286350.0,313,False,jpx_liquidity,JPX流動性
404,6507,シンフォニアテクノロジー,電気機器,プライム,6507.T,2026-09-28,12900.0,0.015748031496062964,0.07679465776293815,0.04878048780487809,-0.15409836065573768,0.24397299903567982,12075.5,13244.666666666666,0.0682787462216885,-0.02602305330447474,-0.22475961538461542,0.47797070557561266,181200.0,167650.0,1.0808231434536235,2055969450.0,313,False,jpx_liquidity,JPX流動性
405,7180,九州フィナンシャルグループ,銀行業,プライム,7180.T,2026-09-28,1741.5,-0.0020057176284254963,0.0806701712495288,0.11272609819121437,0.1895718232044199,0.5283939662821651,1611.61240234375,1552.9541341145834,0.06880537621514171,0.10917635116254298,-0.0020057176284254963,0.28020102026179644,1695200.0,1197790.0,1.4152731280107531,2050770522.5,313,False,jpx_liquidity,JPX流動性
406,4043,トクヤマ,化学,プライム,4043.T,2026-09-28,4104.0,-0.02817902432230135,-0.014882425035969038,0.0057199701566774674,-0.18599033816425126,0.0818619582664526,4035.1179931640627,4250.889331054687,0.0022011764838065773,-0.048669658262629034,-0.28068303094983993,0.354445294433269,554700.0,492070.0,1.1272786392179974,2041548135.0,313,False,jpx_liquidity,JPX流動性
407,7956,ピジョン,その他製品,プライム,7956.T,2026-09-28,2039.5,-0.0002450980392156854,0.04268916155419222,-0.048074679113185526,0.007160493827160552,0.24892835272504588,2025.975,2050.15,0.006675798072532935,-0.005194741848157491,-0.05381581999536067,0.20948637876720672,738100.0,999905.0,0.7381701261619854,2023508795.0,313,False,jpx_liquidity,JPX流動性
408,9048,名古屋鉄道,陸運業,プライム,9048.T,2026-09-28,1863.5,-0.004806408544726248,-0.023578726748755607,-0.016882089158533398,0.0040409482758621,0.0796639629200464,1883.25,1883.4333333333334,-0.01048718969865925,-0.01058350884023862,-0.06568062170970168,0.13580065959406876,3957400.0,895275.0,4.4203177794532404,2018971940.0,313,True,jpx_liquidity,JPX流動性
409,6622,ダイヘン,電気機器,プライム,6622.T,2026-09-28,2594.0,-0.7993812841525969,-0.7899595022389884,-0.8105783866057839,-0.8597746478873239,-0.777170993733214,11727.74208984375,13619.080696614583,-0.78776818411146,-0.8172417026195672,-0.8720308483290489,2.8022559989416047,699000.0,161460.0,4.32924563359346,2013657000.0,313,False,jpx_liquidity,JPX流動性
410,8524,北洋銀行,銀行業,プライム,8524.T,2026-09-28,1377.0,0.001454562145004612,0.03146066651012891,0.08478605388272586,0.2389140271493213,0.46417112299465235,1313.5417602539062,1240.4305867513021,0.042220385696282614,0.10364901883419542,0.0,0.2837205636839008,1631000.0,1488385.0,1.0958186221978856,2011901170.0,313,False,jpx_liquidity,JPX流動性
411,7173,東京きらぼしフィナンシャルグループ,銀行業,プライム,7173.T,2026-09-28,1778.0,-0.005036373965061847,0.05020669280531309,0.03341148886283696,-0.06571277159512456,-0.8398728428701181,1698.2313598632813,1724.727119954427,0.0381388788756869,0.022190687212354065,-0.8572469635627531,0.2650892930302706,1248200.0,1145065.0,1.0900691227135577,1997819015.0,313,False,jpx_liquidity,JPX流動性
412,8368,百五銀行,銀行業,プライム,8368.T,2026-09-28,2625.0,0.007290923545314243,0.0649087093508729,0.11234515164459635,0.3218274111675128,0.7313829787234043,2420.547961425781,2213.465987141927,0.07578946647525209,0.17643551566940419,0.0,0.3167591024618258,1106200.0,801030.0,1.3809719985518645,1997811000.0,313,False,jpx_liquidity,JPX流動性
413,8282,ケーズホールディングス,小売業,プライム,8282.T,2026-09-28,1839.5,-0.019456300609658084,-0.030566541904960776,-0.07372448979591839,-0.05442708333333335,0.08485210636390805,1880.0151428222657,1879.5467142740886,-0.03431628892383065,-0.034075617162207306,-0.15104044891278934,0.1907592098188962,3252400.0,913630.0,3.5598655911036197,1982634130.0,313,False,jpx_liquidity,JPX流動性
414,9008,京王電鉄,陸運業,プライム,9008.T,2026-09-28,785.2999877929688,-0.012325483895956557,-0.01702346528116394,-0.020245476714079724,0.031574757497867534,0.00388953720663765,783.8009429931641,776.9736480712891,-0.012121642982353742,-0.003441120924702168,-0.07909134272772422,0.1628012634624386,4659200.0,2347160.0,1.9850372364900561,1978656253.5769653,313,True,jpx_liquidity,JPX流動性
415,7721,東京計器,精密機器,プライム,7721.T,2026-09-28,7420.0,-0.02110817941952503,0.09117647058823519,0.029126213592232997,0.2325581395348837,0.20454545454545459,7081.5,6935.0,0.047800607215985336,0.06993511175198264,-0.08395061728395059,0.5446607128580069,260600.0,272840.0,0.9551385427356692,1977623050.0,313,False,jpx_liquidity,JPX流動性
416,6592,マブチモーター,電気機器,プライム,6592.T,2026-09-28,1715.5,-0.0052189040301536815,0.010008831321754563,-0.021112696148359533,0.09267515923566871,0.09581603321622478,1717.0,1680.7916666666667,-0.0008736167734419986,0.020649991323532957,-0.03947368421052633,0.23140663546038104,688600.0,1163590.0,0.5917892041011009,1976154090.0,313,False,jpx_liquidity,JPX流動性
417,9861,吉野家ホールディングス,小売業,プライム,9861.T,2026-09-28,3651.0,0.018410041841004254,-0.029247540547726714,-0.04818261354504383,0.14739157762413568,0.1080424886191198,3771.05,3674.758825683594,-0.03183463491600491,-0.006465410877453781,-0.09628712871287126,0.16759966278877692,447500.0,525185.0,0.8520806953740111,1973050640.0,313,False,jpx_liquidity,JPX流動性
418,6951,日本電子,電気機器,プライム,6951.T,2026-09-28,7715.0,0.0033814234363029883,0.08371962449496673,0.06487540025059158,0.041672341005038804,0.3374715859415982,7082.4134765625,7621.121158854166,0.07999907451216703,0.003658102340158287,-0.15029993334814484,0.4606927641315903,268600.0,270825.0,0.9917843625957722,1969997830.0,313,False,jpx_liquidity,JPX流動性
419,2002,日清製粉グループ本社,食料品,プライム,2002.T,2026-09-28,2024.0,-0.0019723909304510956,-0.015324786650216082,-0.03159941662615462,-0.008955223880596996,-0.049391553328561155,2027.9616760253907,2026.8622253417968,-0.017732916973003277,-0.01720009624034402,-0.08350586611456179,0.2193105838853162,980200.0,942255.0,1.0402704151211721,1954103980.0,313,False,jpx_liquidity,JPX流動性
420,3105,日清紡ホールディングス,電気機器,プライム,3105.T,2026-09-28,2606.0,0.01836654943337246,0.09749420930722263,0.2231870452945317,0.08222591362126241,0.8103508162556443,2317.225,2297.491666666667,0.12462104456839551,0.1342805015614854,0.0,0.3758448163459569,1386700.0,796435.0,1.7411339280669484,1950476680.0,313,False,jpx_liquidity,JPX流動性
421,8418,山口フィナンシャルグループ,銀行業,プライム,8418.T,2026-09-28,3556.0,0.0016901223073000349,0.09482758949116166,0.10977538753559002,0.21974965229485388,0.45771867857884896,3244.0415893554687,3112.5055297851563,0.08136714754540963,0.12706627070382837,0.0,0.2823935485810526,636700.0,575505.0,1.1063326991077402,1950389190.0,313,False,jpx_liquidity,JPX流動性
422,6814,古野電気,電気機器,プライム,6814.T,2026-09-28,7630.0,-0.01037613488975353,0.06713286713286704,-0.00133589882830365,0.32235701906412473,0.2528735632183907,7521.0,7302.312646484375,0.01449275362318847,0.044874462294268724,-0.04744069912609239,0.3887954873470849,205400.0,252005.0,0.8150631931906113,1922168700.0,313,False,jpx_liquidity,JPX流動性
423,5741,ＵＡＣＪ,非鉄金属,プライム,5741.T,2026-09-28,2201.0,-0.013004471882940072,-0.014330528732383496,-0.10532837670384143,-0.1115668580803938,-0.061118335500650156,2232.5363037109373,2348.512101236979,-0.029803010862730517,-0.07771392838080271,-0.3941258741258741,0.31982618543852226,1310900.0,821090.0,1.5965363114883875,1913124455.0,313,False,jpx_liquidity,JPX流動性
424,5444,大和工業,鉄鋼,プライム,5444.T,2026-09-28,12455.0,-0.008754457264487092,0.010137826269224659,-0.010895883777239712,0.011555922410235286,0.020399666944213246,12264.19453125,12662.81484375,-0.0007497052681748606,-0.032205702190400864,-0.10840305565660235,0.2209219568230034,149600.0,152500.0,0.980983606557377,1903362875.0,313,False,jpx_liquidity,JPX流動性
425,4369,トリケミカル研究所,化学,プライム,4369.T,2026-09-28,3020.0,0.009358288770053402,0.024075957951848137,-0.053291536050156685,-0.12590448625180894,0.14872575123621146,3021.05,3220.95,-0.00034756127836355066,-0.06238842577500425,-0.27751196172248804,0.32669910057284796,529400.0,612350.0,0.8645382542663509,1881644760.0,313,False,jpx_liquidity,JPX流動性
426,3923,ラクス,情報・通信業,プライム,3923.T,2026-09-28,1036.0,-0.010978520286396232,-0.023562676720075393,-0.047794117647058876,0.07168716966781963,0.3939719900211791,1083.75,1059.0450002034506,-0.044059976931949296,-0.021760170907774046,-0.11942201444963874,0.51425444813006,1479800.0,1724095.0,0.8583053718037579,1875341720.0,313,False,jpx_liquidity,JPX流動性
427,6103,オークマ,機械,プライム,6103.T,2026-09-28,4740.0,0.01607720314165695,0.06636677474628483,-0.04587155963302747,0.02857142857142847,0.33333333333333326,4522.721484375,4855.823828125,0.034775193689985606,-0.03620885648829053,-0.16129032258064513,0.38608044894061394,592600.0,400055.0,1.4812963217557586,1872880975.0,313,False,jpx_liquidity,JPX流動性
428,6376,日機装,精密機器,プライム,6376.T,2026-09-28,3655.0,0.00136986301369868,0.07499999999999996,0.008275862068965578,-0.12033694344163659,0.47200966572694325,3521.25,3719.0833333333335,0.03798367057152996,-0.01723094848641027,-0.1664766248574686,0.45869532673373514,734900.0,526195.0,1.396630526705879,1867772075.0,313,False,jpx_liquidity,JPX流動性
429,2222,寿スピリッツ,食料品,プライム,2222.T,2026-09-28,2522.0,0.0029826815748106306,-0.0025707489120193605,-0.07476979742173118,0.014949494949495046,0.37230264954930337,2591.382922363281,2592.6526407877604,-0.03063342035567851,-0.03110815522254251,-0.09542671948145476,0.3348947387080036,617000.0,705490.0,0.8745694481849494,1856604465.0,313,False,jpx_liquidity,JPX流動性
430,7459,メディパルホールディングス,卸売業,プライム,7459.T,2026-09-28,3068.0,-0.029421077908556414,0.04602798651564011,0.03473053892215572,0.13641488162344984,0.029271613342409797,2924.2688232421874,2848.847941080729,0.03410465411563601,0.061481715606353404,-0.029421077908556414,0.33591837257710544,647600.0,608035.0,1.0650702673365842,1851776447.5,313,False,jpx_liquidity,JPX流動性
431,6027,弁護士ドットコム,サービス業,プライム,6027.T,2026-09-28,4985.0,-0.024461839530332652,-0.11298932384341642,-0.012871287128712883,1.2008830022075054,0.7708703374777974,5292.0,3631.85,-0.05801209372637939,0.37257871332791836,-0.14640410958904104,0.5555443518894625,256600.0,376915.0,0.6807900985633366,1851545725.0,313,False,jpx_liquidity,JPX流動性
432,6465,ホシザキ,機械,プライム,6465.T,2026-09-28,5283.0,-0.01196932859547406,-0.00339558573853993,-0.0762371043888792,-0.003207547169811309,0.04572446555819476,5448.75,5547.3,-0.030419821059876173,-0.04764480017305717,-0.0959958932238193,0.15971512326987197,410600.0,326985.0,1.255715093964555,1838773180.0,313,False,jpx_liquidity,JPX流動性
433,5233,太平洋セメント,ガラス・土石製品,プライム,5233.T,2026-09-28,4157.0,0.002169724896655678,-0.005026299522011168,-0.025451950523311173,0.011105626850937744,0.17023707512139397,4137.624279785156,4112.958093261719,-0.009818262132603728,-0.0038799552292699824,-0.09558498896247236,0.2825590932566636,538500.0,427005.0,1.261109354691397,1833317285.0,313,False,jpx_liquidity,JPX流動性
434,8439,東京センチュリー,その他金融業,プライム,8439.T,2026-09-28,2716.5,-0.008757476466235259,0.013808595642790689,0.026907553334614587,0.07160048134777375,0.32580645161290334,2666.1791015625,2601.5013671875,0.0019957018020213546,0.026907013655801393,-0.03101196953210006,0.24197085527663248,1021700.0,660495.0,1.54687015041749,1827005667.5,313,False,jpx_liquidity,JPX流動性
435,9044,ＮＡＮＫＡＩ,陸運業,プライム,9044.T,2026-09-28,3188.0,-0.017262610355197716,0.000627720479571936,0.03318077803203656,0.10836401893740133,0.03014993481095174,3136.7223999023436,3013.140799967448,0.007580396689996105,0.048905514151261764,-0.03289473684210531,0.13696888202398244,2105800.0,475835.0,4.425483623524961,1824740625.0,313,False,jpx_liquidity,JPX流動性
436,8366,滋賀銀行,銀行業,プライム,8366.T,2026-09-28,3055.0,0.011589417063414986,0.052722294415623594,0.09981851179673318,0.20621019108280247,0.6264090177133654,2856.0424560546876,2724.764152018229,0.06090859874177634,0.11202285076882079,0.0,0.2914667460855993,639000.0,615010.0,1.0390074958130762,1774822455.0,313,False,jpx_liquidity,JPX流動性
437,4967,小林製薬,化学,プライム,4967.T,2026-09-28,6920.0,0.005083514887436413,0.19372089011557692,0.21595501669302397,0.2481962481962483,0.17427456304089595,5874.75,5675.15,0.1779224647857356,0.21935103036924142,0.0,0.6217664585572782,1552400.0,217365.0,7.141904170404619,1767537190.0,313,True,jpx_liquidity,JPX流動性
438,6703,沖電気工業,電気機器,プライム,6703.T,2026-09-28,2726.0,-0.0176576576576577,-0.007644703312704726,-0.01942446043165469,-0.2759628154050465,0.05946366109599688,2734.8,2974.3333333333335,-0.003217785578470189,-0.08349209906981958,-0.2928664072632944,0.4250066839598165,627000.0,643695.0,0.974063803509426,1763158650.0,313,False,jpx_liquidity,JPX流動性
439,6135,牧野フライス製作所,機械,プライム,6135.T,2026-09-28,3140.0,-0.800634919556407,-0.7903871770410653,-0.8057366362451108,-0.8030403172504957,-0.7399650959860384,14246.242041015625,14683.914013671874,-0.7908220293168939,-0.7970568339459502,-0.8186244674376142,2.791029202462165,483500.0,115135.0,4.19941807443436,1762298950.0,313,False,jpx_liquidity,JPX流動性
440,4099,四国化成ホールディングス,化学,プライム,4099.T,2026-09-28,2238.0,0.005842696629213551,0.03803339517625237,-0.09172077922077926,-0.35224312590448625,-0.4734117647058823,2227.45,2626.733333333333,0.0047363577184673655,-0.14799116773685939,-0.6654708520179372,0.4060834645443983,581700.0,793245.0,0.7333169449539549,1747637125.0,313,False,jpx_liquidity,JPX流動性
441,9065,山九,陸運業,プライム,9065.T,2026-09-28,1633.0,-0.8014348275913863,-0.7997793029425928,-0.8209310632218121,-0.8268876611418048,-0.827582253811762,7529.396020507813,8357.86534016927,-0.800249582316622,-0.8200497449065697,-0.8412162162162162,2.7776842982652292,1109000.0,213095.0,5.204251624862151,1745276685.0,313,False,jpx_liquidity,JPX流動性
442,9401,ＴＢＳホールディングス,情報・通信業,プライム,9401.T,2026-09-28,5768.0,-0.01029514263482123,-0.0153635871834511,-0.03133999661189224,-0.060312243221035344,0.022715077803612926,5830.690893554687,6026.280297851563,-0.019327193914405072,-0.05115598389299425,-0.1278218425869433,0.19970431276592582,326700.0,298245.0,1.0954081376049891,1745045055.0,313,False,jpx_liquidity,JPX流動性
443,7278,エクセディ,輸送用機器,プライム,7278.T,2026-09-28,5940.0,-0.006689002321762838,0.006779615345980705,-0.06564019448946512,-0.011149228130360234,0.042495479204339937,5929.794677734375,5994.931559244792,-0.02779095848852209,-0.03835432597895372,-0.08200636942675155,0.208162667785614,585700.0,271215.0,2.1595413233043894,1743602950.0,313,False,jpx_liquidity,JPX流動性
444,6923,スタンレー電気,電気機器,プライム,6923.T,2026-09-28,3520.0,-0.017857142857142905,0.004566210045662045,-0.03749999999999998,-0.01169423844837425,0.2119622245540398,3523.52890625,3542.54296875,-0.016610877278793512,-0.02188906935894175,-0.08502772643253231,0.2748055753284359,474100.0,471705.0,1.0050773258710424,1696012950.0,313,False,jpx_liquidity,JPX流動性
445,5726,大阪チタニウムテクノロジーズ,非鉄金属,プライム,5726.T,2026-09-28,2500.0,0.015434606011372809,0.04953820319059621,-0.05410518350359439,-0.07407407407407407,0.006036217303822866,2568.45,2705.8,-0.026650314391948426,-0.07605883657328705,-0.21875,0.2555156884162225,535500.0,724245.0,0.73939067580722,1690378780.0,313,False,jpx_liquidity,JPX流動性
446,2809,キユーピー,食料品,プライム,2809.T,2026-09-28,4420.0,-0.0027075812274368616,-0.03218743157433768,-0.0593743349648862,0.00022629554197783897,0.10512964228347599,4614.6,4589.183333333333,-0.04217050231872754,-0.03686567326793799,-0.08771929824561409,0.16530443620334137,302000.0,363780.0,0.8301720820275991,1687987605.0,313,False,jpx_liquidity,JPX流動性
447,4047,関東電化工業,化学,プライム,4047.T,2026-09-28,2325.0,-0.03165348104670884,0.0665137723401974,-0.008168529664660307,-0.36446280991735536,0.7126948775055679,2228.5049682617187,2627.434989420573,0.035223180049497094,-0.12195734269765446,-0.4762769580022701,0.5590139652452788,412000.0,745190.0,0.5528791314966652,1676372130.0,313,False,jpx_liquidity,JPX流動性
448,3774,インターネットイニシアティブ,情報・通信業,プライム,3774.T,2026-09-28,3441.0,-0.0069264225187219974,0.012654464583629288,0.03183464091732047,0.08075221238938046,0.3971399387129724,3337.397180175781,3418.499060058594,0.024600853716756133,0.00029280099945072635,-0.05850770925110127,0.2721074129879492,478600.0,513665.0,0.9317356642948225,1649392685.0,313,False,jpx_liquidity,JPX流動性
449,3046,ジンズホールディングス,小売業,プライム,3046.T,2026-09-28,5790.0,-0.0034423407917383297,-0.013628620102214661,-0.05273417606849118,-0.3065868263473054,0.13307240704500978,5796.6,6470.5522867838545,-0.0011385984887692935,-0.10517684683174366,-0.3651315789473685,0.3048124831995537,176900.0,292060.0,0.6056974594261453,1643011900.0,313,False,jpx_liquidity,JPX流動性
450,5393,ニチアス,ガラス・土石製品,プライム,5393.T,2026-09-28,3421.0,0.004698935272628546,0.015434854980981072,0.005941770647653,-0.140827201217965,0.17304694266412612,3336.9929077148436,3450.4809692382814,0.01468600432798528,-0.018687530756767545,-0.16662564607432928,0.29397557872573404,627100.0,478980.0,1.309240469330661,1635003145.0,313,False,jpx_liquidity,JPX流動性
451,5901,東洋製罐グループホールディングス,金属製品,プライム,5901.T,2026-09-28,4539.0,-0.005477655706221718,-0.007000631761403753,-0.013315579227696439,0.07365370683409811,0.25699745547073793,4488.868237304688,4288.6060791015625,-0.009549898780372268,0.03670048449201713,-0.027984258854394373,0.168052401272056,488100.0,346980.0,1.4067093204219263,1624280015.0,313,False,jpx_liquidity,JPX流動性
452,4922,コーセーホールディングス,化学,プライム,4922.T,2026-09-28,5667.0,-0.008572428271518495,0.005678793256433057,-0.04435075885328832,0.12329038652130819,-0.03524004085801835,5708.45,5637.066666666667,-0.007261165465231367,0.005310090354321506,-0.08345463367297423,0.1632149634323034,251800.0,277215.0,0.9083202568403586,1608827290.0,313,False,jpx_liquidity,JPX流動性
453,2593,伊藤園,食料品,プライム,2593.T,2026-09-28,3112.0,-0.01143583227445999,-0.020767778477029597,0.030463576158940464,0.05581000848176432,0.054075532055120945,3142.2,3042.116666666667,-0.009611100502832315,0.022971943876796352,-0.049190345249007006,0.36406568284782465,292300.0,503435.0,0.5806112010487948,1606356095.0,313,False,jpx_liquidity,JPX流動性
454,2331,ＡＬＳＯＫ,サービス業,プライム,2331.T,2026-09-28,1205.0,-0.006185495453102541,-0.027441472330276606,-0.0025178346621904657,0.10661080074487894,-0.04920000000000002,1207.1788024902344,1164.5679341634116,-0.015473103447229741,0.020550167263346797,-0.08892295898811808,0.19816281368768454,1636600.0,1280320.0,1.2782741814546363,1604481197.5,313,False,jpx_liquidity,JPX流動性
455,3397,トリドールホールディングス,小売業,プライム,3397.T,2026-09-28,4245.0,-0.015081206496519672,-0.035227272727272774,-0.01324965132496514,0.09238291302110135,-0.025705760844617842,4315.95,4208.316666666667,-0.016439022694887506,0.008716866205410678,-0.07395287958115182,0.22619003292930157,1147700.0,322460.0,3.559201141226819,1602437020.0,313,False,jpx_liquidity,JPX流動性
456,4722,フューチャー,情報・通信業,プライム,4722.T,2026-09-28,2426.0,0.0004123711340207059,0.0004123711340207059,-0.009391588403430018,0.577373211963589,0.5257861635220127,2434.75,2272.5833333333335,-0.0035937981312249567,0.06750760881522488,-0.010199918400652819,0.03721535103695558,265800.0,661085.0,0.4020663000975669,1599210170.0,313,False,jpx_liquidity,JPX流動性
457,4733,オービックビジネスコンサルタント,情報・通信業,プライム,4733.T,2026-09-28,8186.0,-0.009078782959294762,-0.004257339945032412,-0.022743682310469304,0.32935013913897526,0.30123377663835926,8326.633154296875,7721.644384765625,-0.024695834497135194,0.051718985663504746,-0.07294520547945205,0.26301338669577856,146600.0,188060.0,0.7795384451770712,1594177110.0,313,False,jpx_liquidity,JPX流動性
458,4565,ネクセラファーマ,医薬品,プライム,4565.T,2026-09-28,1225.0,-0.02777777777777779,0.025104602510460206,0.09767025089605741,0.22377622377622375,0.4048165137614679,1198.6,1041.7333333333333,0.022025696646087223,0.17592474081658782,-0.056966897613548895,0.4694258519322335,1566200.0,1290605.0,1.2135393865667652,1587737800.0,313,False,jpx_liquidity,JPX流動性
459,9744,メイテックグループホールディングス,サービス業,プライム,9744.T,2026-09-28,3494.0,-0.0025692125517465803,0.01895595877287115,0.009177027827116602,0.100742654181466,0.04282655246252687,3351.7735107421877,3295.474503580729,0.017073495292687868,0.03444890752330765,-0.004089979550102263,0.16205393899090903,685000.0,443115.0,1.545874095889329,1575269955.0,313,False,jpx_liquidity,JPX流動性
460,6191,エアトリ,サービス業,プライム,6191.T,2026-09-28,1440.0,-0.02768400731692411,-0.11872705841319331,0.5201900237529691,0.6688396349413299,0.8823529411764706,1050.561117553711,925.0703725179036,0.2183965107908714,0.3836785157393279,-0.1351351351351351,2.0351246898665627,1360100.0,924450.0,1.4712531775650386,1561757860.0,313,False,jpx_liquidity,JPX流動性
461,6925,ウシオ電機,電気機器,プライム,6925.T,2026-09-28,4003.0,-0.002243270189431712,0.11566332218506137,0.017022357723577297,-0.06820297951582865,0.42177233173503814,3740.2,3999.866666666667,0.07026362226618899,0.000783359445314824,-0.17087821043910523,0.4777625464689459,513800.0,403115.0,1.2745742530047257,1553202905.0,313,False,jpx_liquidity,JPX流動性
462,6101,ツガミ,機械,プライム,6101.T,2026-09-28,5200.0,-0.011406835554780836,0.05369808468980408,-0.06003649635036501,-0.324015748031496,0.612206572769953,5049.755932617188,6069.918644205729,0.020049299160947776,-0.15138895561358434,-0.37029339853300736,0.46943775996609094,357100.0,298840.0,1.1949538214429125,1550475750.0,313,False,jpx_liquidity,JPX流動性
463,3186,ネクステージ,小売業,プライム,3186.T,2026-09-28,2823.0,-0.02755769893213922,-0.02318339100346023,-0.16602658788774005,-0.29600997506234417,-0.09663999999999995,3070.15,3395.9666666666667,-0.08050095272217972,-0.16871975578872977,-0.33341204250295164,0.3176339433880882,663800.0,492385.0,1.3481320511388446,1546138005.0,313,False,jpx_liquidity,JPX流動性
464,2670,エービーシー・マート,小売業,プライム,2670.T,2026-09-28,2721.5,-0.004936014625228524,0.02062628914307152,-0.00976126457607207,-0.036978060863411155,0.07760839437735112,2696.7,2729.58603515625,0.009196425260503682,-0.0029623668395516445,-0.07777024737377158,0.15933104889207422,659300.0,568030.0,1.1606781331971903,1546078160.0,313,False,jpx_liquidity,JPX流動性
465,6432,竹内製作所,機械,プライム,6432.T,2026-09-28,7290.0,-0.00136986301369868,0.004132231404958775,-0.023122800665012933,0.013908205841446364,0.1796116504854368,7388.0,7398.255712890625,-0.013264753654575023,-0.014632599506124278,-0.08070617906683486,0.2913144896605187,180800.0,204085.0,0.8859053825611878,1537825400.0,313,False,jpx_liquidity,JPX流動性
466,8343,秋田銀行,銀行業,プライム,8343.T,2026-09-28,2068.0,-0.7982439129487167,-0.7813953614507169,-0.7722222222222223,-0.715606936416185,-0.5975460122699386,8672.276318359374,7972.592106119791,-0.7730699613625426,-0.7531543099402569,-0.7982439129487167,2.8159063446326718,1032000.0,157350.0,6.558627264061011,1530739250.0,313,False,jpx_liquidity,JPX流動性
467,6254,野村マイクロ・サイエンス,機械,プライム,6254.T,2026-09-28,3440.0,0.005847983538134427,0.05846153659615827,-0.0567081604426003,-0.31526104417670686,0.12541254125412538,3367.8343017578127,3871.5281005859374,0.012520122566653358,-0.11921083577207858,-0.3743119266055046,0.3548487516317814,534300.0,444400.0,1.2022952295229523,1528236325.0,313,False,jpx_liquidity,JPX流動性
468,8388,阿波銀行,銀行業,プライム,8388.T,2026-09-28,2226.0,-0.7983695621972566,-0.784093124755905,-0.7785416666666667,-0.703072625698324,-0.6263620386643234,9493.65234375,8756.884114583334,-0.7760608959522708,-0.7572195803688377,-0.7983695621972566,2.807706117996179,1014000.0,152870.0,6.633086936612808,1527579500.0,313,False,jpx_liquidity,JPX流動性
469,9110,ＮＳユナイテッド海運,海運業,プライム,9110.T,2026-09-28,10510.0,0.0,0.0019065776930409228,0.0038204393505252288,0.611963190184049,0.4417009602194788,10491.5,9148.5,0.001763332221321967,0.14882221129146855,0.0,0.018285294163078173,183600.0,141915.0,1.2937321636190677,1517826050.0,313,False,jpx_liquidity,JPX流動性
470,8088,岩谷産業,卸売業,プライム,8088.T,2026-09-28,2108.5,-0.013105573768976253,-0.003073255116128659,-0.03961308152924914,0.09968354430379756,0.03990024937655856,2147.1875244140624,2090.2958414713544,-0.028962316382232345,-0.0025335368163134087,-0.09011564477416545,0.2977302126423676,762000.0,687130.0,1.1089604587196018,1514028740.0,313,False,jpx_liquidity,JPX流動性
471,3048,ビックカメラ,小売業,プライム,3048.T,2026-09-28,1695.0,-0.023054755043227626,-0.03473804100227795,-0.05216639840105508,0.022933011466505837,-0.017676035931614043,1740.825,1716.3581970214843,-0.026323725819654475,-0.012443904226139169,-0.09017713365539448,0.18703812213419968,820500.0,891000.0,0.9208754208754208,1504043547.5,313,False,jpx_liquidity,JPX流動性
472,9404,日本テレビホールディングス,情報・通信業,プライム,9404.T,2026-09-28,2915.0,-0.007659587527825695,-0.03412858549590514,-0.045349983568846564,0.06021897810218979,-0.07982261640798227,2991.7411499023438,2934.3803833007814,-0.028993534385545083,-0.010012465823443284,-0.09048215403882276,0.19070524211782172,734900.0,488365.0,1.5048170937720762,1502478837.5,313,False,jpx_liquidity,JPX流動性
473,8361,大垣共立銀行,銀行業,プライム,8361.T,2026-09-28,1768.0,-0.8002259976588983,-0.7917550028898025,-0.792014742014742,-0.7687158469945355,-0.7215460526315789,7771.223583984375,7753.741194661458,-0.7821449889192373,-0.7816537904095058,-0.8002259976588983,2.786949199582241,1664000.0,168830.0,9.856068234318546,1493969850.0,313,False,jpx_liquidity,JPX流動性
474,9301,三菱倉庫,倉庫・運輸関連業,プライム,9301.T,2026-09-28,1554.0,-0.019248990912567043,0.0068026992592102875,0.0055792582868394724,0.0009800718719372714,0.15972747918243746,1528.9121704101562,1547.120723470052,0.0020196252274029547,-0.00977346062312301,-0.06414172266340867,0.18488374081463715,1593900.0,918610.0,1.73512154233026,1486914595.0,313,False,jpx_liquidity,JPX流動性
475,3635,コーエーテクモホールディングス,情報・通信業,プライム,3635.T,2026-09-28,1673.5,0.0014961101137043187,0.0008971291866028963,-0.02305896088733217,0.08457550226830857,0.04041032017407531,1677.875,1627.125,-0.0026074647992252453,0.028501190750557015,-0.0496876774559909,0.23662011224997298,890500.0,884615.0,1.006652611588092,1484170865.0,313,False,jpx_liquidity,JPX流動性
476,7337,ひろぎんホールディングス,銀行業,プライム,7337.T,2026-09-28,2469.0,-0.00040486471322287443,0.0402359505765888,0.03839590443686003,0.16542973425903762,0.41593949970913324,2370.2463256835936,2289.6987752278646,0.02689748893420152,0.06302192512540206,-0.00040486471322287443,0.20331454484250777,801000.0,601520.0,1.3316265460832557,1481179865.0,313,False,jpx_liquidity,JPX流動性
477,5832,ちゅうぎんフィナンシャルグループ,銀行業,プライム,5832.T,2026-09-28,3806.0,0.003162864669791432,0.0540016445475997,0.07964347326049448,0.21050934880722116,0.35657514450867045,3554.9521362304686,3407.9840454101563,0.05627301187285583,0.10182440702948758,0.0,0.252118521417509,513100.0,388955.0,1.3191757401241788,1453632945.0,313,False,jpx_liquidity,JPX流動性
478,1980,ダイダン,建設業,プライム,1980.T,2026-09-28,2938.0,-0.002376899850449199,0.035236118957214346,0.05347399054201518,-0.009575923392612817,0.1040792985131529,2790.1754638671873,2717.8751546223957,0.03792755599181552,0.0655382735570691,-0.04579901153212518,0.37737248402695833,628300.0,496240.0,1.266121231662099,1443498770.0,313,False,jpx_liquidity,JPX流動性
479,9364,上組,倉庫・運輸関連業,プライム,9364.T,2026-09-28,4900.0,-0.0032546517875439163,-0.007494474806227003,-0.01538461538461533,-0.07318015060822558,-0.11958914159941303,4825.9673828125,5003.739127604166,-0.005380762187697674,-0.04071737602789827,-0.14331608067106905,0.13530160652263895,369300.0,285770.0,1.2922980018896315,1443317465.0,313,False,jpx_liquidity,JPX流動性
480,8020,兼松,卸売業,プライム,8020.T,2026-09-28,2326.5,-0.005131541528303307,0.00867108271772521,0.0451539338654503,0.10861151427189153,0.0389934255270914,2270.5235961914063,2173.9078653971355,0.009238575561945073,0.0540925107612058,-0.02696390658174097,0.2151618520618116,702400.0,613115.0,1.1456252089738466,1439818532.5,313,False,jpx_liquidity,JPX流動性
481,2531,宝ホールディングス,食料品,プライム,2531.T,2026-09-28,2618.0,-0.02020958083832336,0.06185357939566005,0.20478601012425224,0.1578947368421053,0.6944983818770227,2405.65,2218.891666666667,0.08827136117057766,0.1798683276560744,-0.02020958083832336,0.4209114214455463,719900.0,570415.0,1.2620635852843982,1432983780.0,313,False,jpx_liquidity,JPX流動性
482,7988,ニフコ,化学,プライム,7988.T,2026-09-28,2443.0,-0.5068631557200766,-0.5048642269383097,-0.530025595589683,-0.509251644736842,-0.45638806649965835,4817.5286865234375,4991.5928955078125,-0.5045177402518852,-0.5217959376959243,-0.5526611694152923,1.7628930438549608,542400.0,278900.0,1.9447830763714593,1418916925.0,313,False,jpx_liquidity,JPX流動性
483,4516,日本新薬,医薬品,プライム,4516.T,2026-09-28,3514.0,0.0014248607966669269,0.024489763682652654,-0.04297199889104519,-0.15907429963459196,-0.32485820457656955,3437.797265625,3679.3157552083335,0.004131347277809283,-0.06178207317122808,-0.3584835532428916,0.14972436832508657,448800.0,411365.0,1.091001908280967,1416016070.0,313,False,jpx_liquidity,JPX流動性
484,3941,レンゴー,パルプ・紙,プライム,3941.T,2026-09-28,1521.5,-0.01775335861034444,-0.014572506400204022,-0.052248258391386915,0.041043478260869515,0.19005964214711724,1541.1781066894532,1516.9677022298176,-0.028989580435595852,-0.013492510222684273,-0.08554842652001227,0.22864195807995566,1003200.0,878920.0,1.1414008100851045,1396769450.0,313,False,jpx_liquidity,JPX流動性
485,4202,ダイセル,化学,プライム,4202.T,2026-09-28,1426.0,-0.011438439507094778,0.0021082394938254367,-0.04628042509427499,0.012004365223717617,0.1350469196246431,1421.404766845703,1439.984922281901,-0.021390646461089013,-0.03401766332683265,-0.08486842105263159,0.2389347386963784,1166100.0,935755.0,1.2461595182499692,1388509192.5,313,False,jpx_liquidity,JPX流動性
486,8876,リログループ,サービス業,プライム,8876.T,2026-09-28,2315.0,-0.0010787064291951642,0.06829720964244879,0.05116386264116146,0.18038302277432705,0.2066137566137567,2211.191857910156,2123.797285970052,0.031344246245257334,0.07378421427748139,-0.005017452006980783,0.27168481962914987,612100.0,610285.0,1.0029740203347617,1384017067.5,313,False,jpx_liquidity,JPX流動性
487,8628,松井証券,証券、商品先物取引業,プライム,8628.T,2026-09-28,1156.0,-0.0025883593342195255,-0.0186756472779398,0.0008873114463177068,0.1823899371069182,0.19618239660657477,1172.6504943847656,1101.2668314615885,-0.038076557847862014,0.02427492391006769,-0.06930693069306926,0.29779117553237416,1106900.0,1135070.0,0.9751821473565507,1381737590.0,313,False,jpx_liquidity,JPX流動性
488,8338,筑波銀行,銀行業,プライム,8338.T,2026-09-28,788.0,0.0,0.05488621151271755,0.09292649098474337,0.2527821939586645,0.38732394366197176,748.2,691.75,0.05319433306602517,0.1391398626671485,0.0,0.43018107164386093,1672700.0,1844615.0,0.9068016903256235,1380600275.0,313,False,jpx_liquidity,JPX流動性
489,2121,ＭＩＸＩ,情報・通信業,プライム,2121.T,2026-09-28,3805.0,-0.006527461308085458,0.01602131618486502,0.021828103683492417,0.3947858472998138,0.47731755424063116,3660.7602416992186,3289.7700805664062,0.023011547530815468,0.13837742708001532,-0.00911462202418245,0.28539547353263894,360500.0,375070.0,0.9611539179353188,1358991450.0,313,False,jpx_liquidity,JPX流動性
490,6961,エンプラス,電気機器,プライム,6961.T,2026-09-28,9830.0,-0.007070720683938991,0.008205129753141804,-0.024426719840478617,-0.2397047397047397,-0.16080617495711835,9879.60078125,11106.866927083332,-0.009575364768740213,-0.11901348379893262,-0.44371802160318363,0.5631295053414271,173000.0,133690.0,1.2940384471538635,1354313450.0,313,False,jpx_liquidity,JPX流動性
491,9468,ＫＡＤＯＫＡＷＡ,情報・通信業,プライム,9468.T,2026-09-28,3660.0,-0.0013642564802183177,0.0066006600660066805,-0.006784260515603768,0.06271777003484313,-0.03608111667105607,3659.5,3622.016666666667,0.00013663068725233707,0.010486791428347964,-0.060816012317167045,0.18746043913512958,550400.0,354845.0,1.551099775958517,1353618700.0,313,False,jpx_liquidity,JPX流動性
492,8410,セブン銀行,銀行業,プライム,8410.T,2026-09-28,347.20001220703125,0.0014421276946652295,0.011949906932963161,0.011545365763756976,0.21731384876110815,0.27642882564671156,337.95334777832034,322.40611572265624,0.011086336186166612,0.05984345688086212,-0.0014611337877378228,0.1365225393913777,4602900.0,3872000.0,1.1887654958677687,1352458410.5705261,313,True,jpx_liquidity,JPX流動性
493,4626,太陽ホールディングス,化学,プライム,4626.T,2026-09-28,4782.0,0.0004184100418409553,0.010993657505285359,0.006736842105263152,-0.03041362530413627,-0.040529695024076995,4734.9,4794.75,0.009947411772160075,-0.0026591584545596625,-0.11362372567191847,0.039553339268091965,378300.0,279030.0,1.355768196968068,1349541685.0,313,False,jpx_liquidity,JPX流動性
494,9006,京浜急行電鉄,陸運業,プライム,9006.T,2026-09-28,1550.5,0.00032256143356379496,-0.009265178298982879,-0.03536469845279444,0.03139770425388244,0.0016393442622950616,1550.5289489746094,1549.5179829915364,-0.014852317971772666,-0.01420956919068983,-0.07508325764456558,0.14570145268076756,2575500.0,760505.0,3.386565505815215,1348547502.5,313,False,jpx_liquidity,JPX流動性
495,1414,ショーボンドホールディングス,建設業,プライム,1414.T,2026-09-28,1257.5,-0.006321612011062849,-0.012563800549666326,-0.017961733697774318,0.0031910650179496347,-0.10434472934472938,1265.325,1275.2666666666667,-0.006184181929543842,-0.013931726697684166,-0.13544173255414227,0.18471430879820805,799600.0,1058195.0,0.7556263259607161,1346725075.0,313,False,jpx_liquidity,JPX流動性
496,7380,十六フィナンシャルグループ,銀行業,プライム,7380.T,2026-09-28,2876.0,0.009477032617474013,0.08364731104319656,0.11625194401244165,0.20731707317073167,0.616554054054054,2657.202685546875,2530.334228515625,0.08045954326932492,0.13463271675545418,0.0,0.29440292354295383,1329800.0,453135.0,2.9346662694340537,1336024375.0,313,False,jpx_liquidity,JPX流動性
497,1719,安藤・間,建設業,プライム,1719.T,2026-09-28,1902.5,0.0031637285989889463,0.009283809353023198,-0.03725743855109964,0.03967588711930703,-0.046875,1887.5138732910157,1855.8462910970052,-0.014311880655963116,0.0025075939345406972,-0.09946757018393027,0.2323384818459179,1010000.0,683120.0,1.478510364211266,1329295807.5,313,False,jpx_liquidity,JPX流動性
498,4118,カネカ,化学,プライム,4118.T,2026-09-28,6137.0,-0.002762405071588425,0.009541068960602805,-0.016788916055419767,0.0445021645021646,0.2579770594369135,6035.586596679687,5916.2121988932295,-0.0005942416072135526,0.01957127249905466,-0.04933018124507482,0.23927710621007023,220300.0,214555.0,1.0267763510521777,1324194310.0,313,False,jpx_liquidity,JPX流動性
499,6055,ジャパンマテリアル,サービス業,プライム,6055.T,2026-09-28,2276.0,-0.01429190125595492,0.059590316573556734,0.11842751842751853,-0.12629558541266794,0.44691671964399227,2169.25,2268.4333333333334,0.04921055664400131,0.0033356354605968974,-0.16261957321559972,0.5069787911591834,596900.0,593030.0,1.0065258081378683,1319367790.0,313,False,jpx_liquidity,JPX流動性
500,4023,クレハ,化学,プライム,4023.T,2026-09-28,4155.0,-0.002401000264316999,-0.06418923839573476,-0.08953880764904387,0.04304123711340213,0.025855513307984745,4348.511975097656,4306.920658365885,-0.06933681609348341,-0.060349534849453934,-0.13340471092077089,0.3088155829899692,438200.0,292300.0,1.4991447143345877,1317431250.0,313,False,jpx_liquidity,JPX流動性
501,6632,ＪＶＣケンウッド,電気機器,プライム,6632.T,2026-09-28,1011.5,-0.006385059869435827,0.011500046048513513,-0.022926829268292703,-0.09202175883952857,-0.08245533669262484,998.4060180664062,1052.1153381347656,0.003098921558571721,-0.04810816485623959,-0.22243788819875776,0.2635713212895601,1208900.0,1294590.0,0.9338091596567253,1312180535.9024048,313,False,jpx_liquidity,JPX流動性
502,4022,ラサ工業,化学,プライム,4022.T,2026-09-28,1873.0,-0.014210566843065986,0.03082001357091868,-0.1388115134633241,-0.0990772219524041,0.12765957446808507,1929.20185546875,1995.36728515625,-0.038462463250493184,-0.0703465904249595,-0.3007915567282322,0.4061579054332244,526200.0,683320.0,0.7700638061230463,1307343395.0,313,False,jpx_liquidity,JPX流動性
503,9003,相鉄ホールディングス,陸運業,プライム,9003.T,2026-09-28,2617.0,-0.007772511457054376,-0.01394120888951711,-0.02085703450891163,0.04323232323232329,-0.11786812435941241,2608.1602416992187,2574.095080566406,-0.010030151246449237,0.0030709508336632663,-0.17507987220447285,0.11059247210426137,1525600.0,429855.0,3.5491037675495227,1305188792.5,313,False,jpx_liquidity,JPX流動性
504,1959,クラフティア,建設業,プライム,1959.T,2026-09-28,8131.0,0.002218643893348249,0.01841181275292514,-0.028699442964398192,-0.14278080581382924,-0.1418636995827538,8042.4205078125,8424.140169270833,-0.00266344041469746,-0.04785534917158529,-0.19004342118549933,0.27528844224363996,144200.0,159190.0,0.9058357937056348,1304090785.0,313,False,jpx_liquidity,JPX流動性
505,5463,丸一鋼管,鉄鋼,プライム,5463.T,2026-09-28,1725.5,-0.0037528402120138304,-0.005475480134052857,-0.030242510699001413,-0.09093340465365074,0.19556806190643683,1727.7285095214843,1778.009503173828,-0.016338509995012185,-0.04415584001867545,-0.1217054263565891,0.20414001330030518,809800.0,724035.0,1.1184542183734212,1301426350.0,313,False,jpx_liquidity,JPX流動性
506,6849,日本光電工業,電気機器,プライム,6849.T,2026-09-28,1615.5,-0.005846212162251785,0.03458207021837456,0.04713584288052375,0.10768698060941828,0.0993127147766324,1530.7102416992188,1524.7284138997395,0.044939764840417284,0.04903928163115956,-0.03586497890295359,0.2280175621987966,784100.0,840620.0,0.932763912350408,1298073955.0,313,False,jpx_liquidity,JPX流動性
507,3107,ダイワボウホールディングス,卸売業,プライム,3107.T,2026-09-28,3775.0,0.002656027203698841,0.008010634537597872,0.004590872265730406,0.05892399658411618,0.2137030995106035,3724.486083984375,3613.395361328125,-0.0012044840236256071,0.029502622329346195,-0.03676851372345935,0.19835208493755074,380100.0,335120.0,1.1342205777035093,1296764590.0,313,False,jpx_liquidity,JPX流動性
508,5202,日本板硝子,ガラス・土石製品,プライム,5202.T,2026-09-28,496.0,0.0,0.0,0.008130081300812941,0.03765690376569042,0.03765690376569042,493.75,486.6666666666667,0.004556962025316524,0.019178082191780854,0.0,0.024121174890241962,0.0,2760105.0,0.0,1296691990.0,313,False,jpx_liquidity,JPX流動性
509,2327,日鉄ソリューションズ,情報・通信業,プライム,2327.T,2026-09-28,3860.0,-0.0064350057806112915,0.0005184237562501082,-0.0211592716081046,0.12981053878034343,0.04219006007646087,3884.301513671875,3814.667171223958,-0.017455265363213623,0.0004804688571176108,-0.06412457086807255,0.32098478871153835,538900.0,314270.0,1.714767556559646,1294534675.0,313,False,jpx_liquidity,JPX流動性
510,8060,キヤノンマーケティングジャパン,卸売業,プライム,8060.T,2026-09-28,3693.0,-0.011774150388011773,-0.0021615779519048584,0.05514285714285716,0.10801080108010797,0.07043478260869573,3675.9,3600.8333333333335,0.004651921978291007,0.025595926868780428,-0.041028304336535926,0.24148797155204169,521700.0,381915.0,1.3660107615568908,1292788185.0,313,False,jpx_liquidity,JPX流動性
511,3116,トヨタ紡織,輸送用機器,プライム,3116.T,2026-09-28,2246.5,0.0037980796286578578,0.008303458415119369,-0.02088424794490118,0.02512212142358683,-0.08606387391124015,2232.117810058594,2233.289270019531,-0.012820922771026422,-0.013338742284500715,-0.12000798722044725,0.2789960501578689,757700.0,548580.0,1.381202377046192,1280354255.0,313,False,jpx_liquidity,JPX流動性
512,8111,ゴールドウイン,繊維製品,プライム,8111.T,2026-09-28,2173.0,-0.0041246290733697455,0.020427311207649845,-0.013154858066005026,-0.021510297482837504,-0.03345388788426762,2114.8439880371093,2193.7729960123697,0.010949276681341935,-0.02542332142557524,-0.11871393239901074,0.19993180532114396,559000.0,596670.0,0.9368662744900866,1280005355.0,313,False,jpx_liquidity,JPX流動性
513,3687,フィックスターズ,情報・通信業,プライム,3687.T,2026-09-28,2210.0,-0.005400493069705248,0.01655942068024019,0.016233766233766156,-0.12430055955235808,0.8334728033472802,2194.278039550781,2208.8926798502603,-0.0014939034578553834,-0.008100293877325582,-0.39724896836313617,0.42978769929131105,397000.0,568775.0,0.6979912970858424,1264733030.0,313,False,jpx_liquidity,JPX流動性
514,2607,不二製油,食料品,プライム,2607.T,2026-09-28,4432.0,-0.010714241810655944,-0.014454093336381812,-0.03529153879877245,0.0964125560538116,0.2255639097744362,4494.981713867188,4261.510571289063,-0.020908141534202618,0.0327323906341368,-0.06955602536997885,0.24008953277334438,233800.0,275200.0,0.8495639534883721,1255280175.0,313,False,jpx_liquidity,JPX流動性
515,2726,パルグループホールディングス,小売業,プライム,2726.T,2026-09-28,1420.0,-0.032697547683923744,-0.03989181879648407,-0.05835543766578244,-0.04633982538616521,-0.0200138026224983,1491.9,1484.4833333333333,-0.048193578658087044,-0.043438233279816774,-0.10466582597730134,0.3368958734824579,877300.0,821235.0,1.0682691312474504,1249838030.0,313,False,jpx_liquidity,JPX流動性
516,9505,北陸電力,電気・ガス業,プライム,9505.T,2026-09-28,1153.0,0.017652276810844025,0.013181038771869158,0.15481979363491538,0.2989749430523918,0.06838407494145193,1079.0462493896484,983.9437510172526,0.056951915309573,0.15911097440366007,-0.008172012693052899,0.28669215706831724,1201400.0,1123945.0,1.06891351445133,1248782579.5141602,313,False,jpx_liquidity,JPX流動性
517,8237,松屋,小売業,プライム,8237.T,2026-09-28,2286.0,0.03485740153915806,-0.004788855028297734,-0.21016273583672196,0.2692948362021099,0.263681592039801,2299.8,2071.128597005208,-0.0060005217845030545,0.1037460461438704,-0.24529547705513366,0.8573595936897789,274100.0,560040.0,0.48942932647668025,1244126490.0,313,True,jpx_liquidity,JPX流動性
518,4272,日本化薬,化学,プライム,4272.T,2026-09-28,2098.0,-0.014792256705844387,-0.00023829066165370616,-0.013377926421404673,0.03249999999999997,0.17630304756479642,2061.3258544921873,2030.3002848307292,0.0017824185825863204,0.017090927597522176,-0.052969502407704705,0.23592346713275913,487400.0,583390.0,0.8354616980064794,1230335382.5,313,False,jpx_liquidity,JPX流動性
519,4401,ＡＤＥＫＡ,化学,プライム,4401.T,2026-09-28,4568.0,-0.01763445002911901,0.0013152714736177629,-0.02554112554112553,0.06029203956665086,0.24709141274238222,4523.711181640625,4359.220393880209,-0.004799418169917469,0.032753472689803775,-0.05717277486910999,0.30026350518048106,324000.0,263730.0,1.2285291775679672,1223652915.0,313,False,jpx_liquidity,JPX流動性
520,3291,飯田グループホールディングス,不動産業,プライム,3291.T,2026-09-28,2252.0,-0.006178323261602059,-0.004640938119429783,-0.07057088687592161,0.002271694684234493,-0.07775919732441472,2266.4811279296873,2264.0103759765625,-0.026685034869420532,-0.025622840156613758,-0.11066317274742998,0.20527888521442844,719400.0,520410.0,1.3823715916296766,1218363767.5,313,False,jpx_liquidity,JPX流動性
521,7240,ＮＯＫ,輸送用機器,プライム,7240.T,2026-09-28,3029.0,-0.008835141286451575,0.015250540647376187,-0.023109937273027348,0.017362901839436118,0.056597036243527965,2987.1279296875,2989.3759765625,-0.009416379328100133,-0.010161310186693084,-0.04977520873474628,0.29842962196086925,581200.0,385670.0,1.5069878393445173,1215069830.0,313,False,jpx_liquidity,JPX流動性
522,6136,オーエスジー,機械,プライム,6136.T,2026-09-28,3554.0,-0.0028058361391695152,0.016299685444666867,-0.05879237288135597,-0.013325930038867284,0.42073867717696145,3544.8,3724.55,0.0025953509365830296,-0.04579076666979909,-0.13338210192635946,0.2951449695253367,287500.0,337355.0,0.8522179899512383,1212442590.0,313,False,jpx_liquidity,JPX流動性
523,2810,ハウス食品グループ本社,食料品,プライム,2810.T,2026-09-28,4073.0,0.011422894708817521,0.021570057352393812,0.06909380813180976,0.07942044539844373,0.31944899967202356,3897.201904296875,3853.383968098958,0.032279080938666826,0.04401742294701072,-0.02092966658554396,0.2798906902668791,369900.0,292930.0,1.2627590209265012,1203704435.0,313,False,jpx_liquidity,JPX流動性
524,3387,クリエイト・レストランツ・ホールディングス,小売業,プライム,3387.T,2026-09-28,765.0,0.005256241787122251,0.002621231979030192,-0.012245350217898854,0.02822580645161299,0.002621231979030192,765.125,765.4312866210937,-0.00016337199803950764,-0.0005634556995933737,-0.05788177339901479,0.20410329111591055,1341900.0,1583505.0,0.8474239108812412,1186124100.0,313,False,jpx_liquidity,JPX流動性
525,1951,エクシオグループ,建設業,プライム,1951.T,2026-09-28,2610.5,-0.0021024645077016846,0.008693986024169265,-0.02057534768527336,-0.07101554029634982,-0.03672475173318346,2588.3173950195314,2620.1307983398438,-0.006883775171397377,-0.018942107154074406,-0.14087566844919786,0.17996423105509884,754500.0,432010.0,1.746487349829865,1177542675.0,313,False,jpx_liquidity,JPX流動性
526,6480,日本トムソン,機械,プライム,6480.T,2026-09-28,1862.0,-0.003745302067297951,0.10833329668799418,0.041173152848279715,-0.13899253731343286,1.164126611957796,1715.3380310058594,1830.7793436686197,0.07617272317895352,0.008313757954511392,-0.28449612403100777,0.487184124019708,555000.0,686450.0,0.8085075387865103,1175424885.0,313,False,jpx_liquidity,JPX流動性
527,2433,博報堂ＤＹホールディングス,サービス業,プライム,2433.T,2026-09-28,1331.0,0.00037582069740316193,0.0018818393849990844,-0.020119225037257826,0.1530030688294608,0.2804284323271664,1322.1405029296875,1276.8218343098958,-0.005400714155466169,0.02990093422919804,-0.055655296229802476,0.26024140809132573,887600.0,881315.0,1.0071313888904647,1172970125.0,313,False,jpx_liquidity,JPX流動性
528,8086,ニプロ,精密機器,プライム,8086.T,2026-09-28,1435.0,-0.010685955259765456,-0.01980879520529988,-0.09507154213036562,-0.11751937984496119,-0.08311855670103097,1467.792303466797,1549.3057678222656,-0.03051678589743345,-0.08152410611612415,-0.18662474992855105,0.18162019074289862,849400.0,780300.0,1.088555683711393,1161693120.0,313,False,jpx_liquidity,JPX流動性
529,2767,円谷フィールズホールディングス,卸売業,プライム,2767.T,2026-09-28,2555.0,-0.02294456480181062,-0.01806305698799071,-0.012713547874453668,0.7438596491228071,0.7624113475177305,2519.9883544921877,2145.729451497396,-0.013884331818366014,0.15811431784461183,-0.048621745788667736,0.30156899316523483,683700.0,438065.0,1.5607272893292092,1155072175.0,313,False,jpx_liquidity,JPX流動性
530,7599,ＩＤＯＭ,卸売業,プライム,7599.T,2026-09-28,1194.0,-0.00830564784053156,-0.022913256955810146,-0.056924233626947984,-0.13976945244956773,-0.04479999999999995,1230.947003173828,1288.5977315266928,-0.030015104694649963,-0.07341137518115615,-0.20399999999999996,0.16189735581925957,808700.0,973655.0,0.8305816742069829,1149930380.0,313,False,jpx_liquidity,JPX流動性
531,1860,戸田建設,建設業,プライム,1860.T,2026-09-28,1489.5,-0.0010059938517399392,-0.003345598443661113,-0.03980263157894737,-0.10542445602206563,0.007941988950276313,1496.569091796875,1515.5480305989583,-0.024769382182260324,-0.03698202199293388,-0.10651974288337929,0.24419812196698704,682900.0,764355.0,0.893433025230423,1147048795.0,313,False,jpx_liquidity,JPX流動性
532,6387,サムコ,機械,プライム,6387.T,2026-09-28,8220.0,0.02750000000000008,0.04846938775510212,-0.036342321219226315,-0.4128571428571428,0.008588957055214674,8283.0,9623.663606770833,-0.007605939876856205,-0.14585543137472823,-0.49321824907521583,0.6454165982036907,131300.0,140395.0,0.9352184906869903,1145751200.0,313,True,jpx_liquidity,JPX流動性
533,5947,リンナイ,金属製品,プライム,5947.T,2026-09-28,3437.0,-0.0037681235877262687,-0.0054976908320925055,-0.0558035714285714,-0.06000000000000005,-0.07515714676141028,3490.9451416015627,3563.9817138671874,-0.030635010652873995,-0.050500178821594965,-0.10499867759851889,0.21553988609587765,455900.0,313525.0,1.4541105175025915,1142086860.0,313,False,jpx_liquidity,JPX流動性
534,4413,ボードルア,情報・通信業,プライム,4413.T,2026-09-28,2966.0,0.0006747638326585204,-0.0013468013468013185,-0.0006738544474393926,0.1487219209914794,0.616348773841962,2964.95,2945.766666666667,0.0003541375065347907,0.0068686137168592065,-0.07888198757763976,0.01146472853853353,316100.0,392170.0,0.8060279980620649,1140684605.0,313,False,jpx_liquidity,JPX流動性
535,9418,Ｕ－ＮＥＸＴ　ＨＯＬＤＩＮＧＳ,情報・通信業,プライム,9418.T,2026-09-28,1761.0,-0.02057842046718572,0.0011370096645821892,0.002597866163606355,0.051343283582089505,0.06662628709872798,1750.175,1725.9322062174479,0.006185095776136684,0.02031817568281369,-0.02057842046718572,0.22103443393936922,356800.0,679800.0,0.5248602530155928,1140265300.0,313,False,jpx_liquidity,JPX流動性
536,9533,東邦瓦斯,電気・ガス業,プライム,9533.T,2026-09-28,1253.0,-0.007917706179516815,-0.052193650572103345,0.016994266994267093,0.01657797789602955,-0.013701350277998459,1268.7985900878907,1219.0911966959636,-0.021318269344874574,0.018586635163511334,-0.08324104835732737,0.2998584228254282,1370000.0,859785.0,1.5934216112167576,1139881872.5,313,False,jpx_liquidity,JPX流動性
537,6472,ＮＴＮ,機械,プライム,6472.T,2026-09-28,386.3999938964844,-0.012522344756741077,0.015505831267077497,0.019592022741246717,-0.05473998590223028,0.18979019235919337,376.01967468261716,382.4648900349935,0.010319457930339393,-0.006706226389236569,-0.20755110819105427,0.345616388147126,2661600.0,2978790.0,0.8935171663662091,1138840598.3755493,313,False,jpx_liquidity,JPX流動性
538,3445,ＲＳ　Ｔｅｃｈｎｏｌｏｇｉｅｓ,金属製品,プライム,3445.T,2026-09-28,5970.0,-0.02450980392156865,0.051056338028169,0.06227758007117434,-0.14714285714285713,0.6722689075630253,5665.0,6407.333333333333,0.053839364518976085,-0.06825512433669745,-0.29349112426035506,0.48666013364162664,127600.0,206240.0,0.6186966640806827,1138040050.0,313,False,jpx_liquidity,JPX流動性
539,1961,三機工業,建設業,プライム,1961.T,2026-09-28,2602.0,0.012451375567483547,0.049616755776338284,0.04877551020408166,-0.15754098360655733,0.14880770782851993,2437.890625,2480.4802083333334,0.05398493831116813,0.03588812818082521,-0.17776000000000003,0.3731504938199023,519700.0,455355.0,1.141307331642345,1136862495.0,313,False,jpx_liquidity,JPX流動性
540,4887,サワイグループホールディングス,医薬品,プライム,4887.T,2026-09-28,1670.0,0.0021002643806127264,0.027060305070093493,0.012018489984591652,-0.012924556657649577,-0.25701357466063346,1599.8846008300782,1639.6282002766927,0.026324023087709536,0.0014465472860902828,-0.2863972186006084,0.19057087596033456,558100.0,691100.0,0.8075531760960787,1132647407.5,313,False,jpx_liquidity,JPX流動性
541,7616,コロワイド,小売業,プライム,7616.T,2026-09-28,2067.5,0.04156171284634769,0.019728729963008673,-0.01194743130227005,0.10591067130248732,0.1394323505097823,2065.2,2012.6,0.0011136935889988209,0.027278147669681063,-0.042158906648135264,0.19615781489557613,1296400.0,502315.0,2.580850661437544,1122144562.5,313,True,jpx_liquidity,JPX流動性
542,8242,エイチ・ツー・オー　リテイリング,小売業,プライム,8242.T,2026-09-28,2850.0,-0.0003507103200980355,-0.007141621385905683,-0.06916996047430835,-0.017385257301808066,0.18490566037735845,2883.959814453125,2866.903271484375,-0.020097303077059592,-0.014267405493313734,-0.07222586999343406,0.15997932664683406,641300.0,365150.0,1.7562645488155553,1118200882.5,313,False,jpx_liquidity,JPX流動性
543,6523,ＰＨＣホールディングス,電気機器,プライム,6523.T,2026-09-28,1465.0,0.024475522658630178,0.10233260206357109,-0.05311475409836064,0.3978702807357213,0.32598714416896235,1389.0087951660157,1255.069598388672,0.039590249554475765,0.15053380454270227,-0.09637046307884856,0.47469680771588524,1183900.0,778240.0,1.521253083881579,1117296630.0,313,False,jpx_liquidity,JPX流動性
544,6005,三浦工業,機械,プライム,6005.T,2026-09-28,3175.0,-0.007812485553835846,0.015025547024116959,-0.029030265596046934,-0.005692599620493399,0.012234385061171915,3142.888232421875,3165.796077473958,0.00035374073015259633,-0.006884864640855026,-0.08737300435413642,0.2365535704236243,403100.0,349615.0,1.1529825665374769,1104589235.0,313,False,jpx_liquidity,JPX流動性
545,9449,ＧＭＯインターネットグループ,情報・通信業,プライム,9449.T,2026-09-28,3992.0,0.0,0.0050352467270895485,-0.013833992094861691,0.1782762691853601,0.3926391069248212,3991.1,3987.55,0.00022550174137458967,0.0011159734674173194,-0.0808197098779645,0.33569439271126406,258300.0,276675.0,0.9335863377609108,1102140490.0,313,False,jpx_liquidity,JPX流動性
546,4784,ＧＭＯインターネット,サービス業,プライム,4784.T,2026-09-28,554.0,0.005444646098003547,0.027829313543599188,-0.02977232924693518,0.21491228070175428,-0.19710144927536233,545.95,536.4333333333333,0.014744940012821672,0.03274715714907117,-0.3057644110275689,0.4275780809414252,1005200.0,2005885.0,0.5011254383975153,1095939975.0,313,False,jpx_liquidity,JPX流動性
547,8698,マネックスグループ,証券、商品先物取引業,プライム,8698.T,2026-09-28,723.0,-0.00823052836431648,0.014025229494213587,-0.04507425696904521,0.14683950662226497,0.05611936654617544,718.792593383789,713.4141977945964,-0.015571415038044822,-0.008149854918268473,-0.07864586512247718,0.24664447279736568,1975600.0,1474795.0,1.3395760088690292,1095673060.0,313,False,jpx_liquidity,JPX流動性
548,8345,岩手銀行,銀行業,プライム,8345.T,2026-09-28,2901.0,-0.002064040655433641,0.06497791773432615,0.18140682846565204,0.3874396135265701,0.8028876333961079,2619.443737792969,2367.114579264323,0.09641599037352266,0.21329150061362512,-0.002064040655433641,0.36715366979883357,620300.0,388255.0,1.5976613308263898,1090314270.0,313,False,jpx_liquidity,JPX流動性
549,4483,ＪＭＤＣ,情報・通信業,プライム,4483.T,2026-09-28,3585.0,-0.00554785020804438,0.00843881856540074,0.03913043478260869,0.2379143646408839,0.1064814814814814,3537.0,3343.9666666666667,0.013570822731127974,0.07208006459394523,-0.04016064257028118,0.35228271016183105,138400.0,310895.0,0.4451663744994291,1087449400.0,313,False,jpx_liquidity,JPX流動性
550,3401,帝人,繊維製品,プライム,3401.T,2026-09-28,1690.0,-0.010538591568749478,-0.011695882703808502,-0.03840600635287328,0.0233558696988323,0.020220588235294157,1696.3857116699219,1702.0785705566407,-0.01850151852495019,-0.021784288456504486,-0.0876712328767123,0.3174141347684627,625600.0,623230.0,1.0038027694430627,1085734110.0,313,False,jpx_liquidity,JPX流動性
551,7004,カナデビア,機械,プライム,7004.T,2026-09-28,1175.0,0.0017050298380221207,0.007718696397941649,-0.012605042016806678,-0.0755310778914241,0.16683217477656398,1168.95,1208.1,0.005175584926643495,-0.02739839417266776,-0.19132828630419818,0.27595640526464194,759200.0,920330.0,0.8249214955505091,1082506255.0,313,False,jpx_liquidity,JPX流動性
552,2146,ＵＴグループ,サービス業,プライム,2146.T,2026-09-28,238.0,-0.008333333333333304,0.017094017094017033,0.034782608695652195,0.37572254335260125,0.2268041237113403,231.6,206.63333333333333,0.02763385146804831,0.15179867720600093,-0.016528925619834656,0.27999463754877196,3933300.0,4751865.0,0.8277381617533326,1080161545.0,313,True,jpx_liquidity,JPX流動性
553,6058,ベクトル,サービス業,プライム,6058.T,2026-09-28,1947.0,0.00880829015544049,-0.006632653061224514,-0.043243243243243246,0.11448196908986841,0.5893877551020408,1980.5,1882.5666666666666,-0.016914920474627615,0.034226322219664596,-0.11014625228519193,0.5023824388699419,289800.0,547540.0,0.5292763998977243,1071063595.0,313,False,jpx_liquidity,JPX流動性
554,1861,熊谷組,建設業,プライム,1861.T,2026-09-28,1309.0,0.0,-0.0007634019989808394,-0.015337423312883458,-0.1039776692254013,-0.16187989556135773,1288.2882080078125,1364.162736002604,-0.0033286092204816153,-0.05876332338288637,-0.20789636027143743,0.1825336517043585,606700.0,836065.0,0.7256612823165663,1066322840.0,313,False,jpx_liquidity,JPX流動性
555,2157,コシダカホールディングス,サービス業,プライム,2157.T,2026-09-28,1000.0,-0.006951340615690138,-0.0029910269192422456,-0.0390219044821557,0.03412616339193386,-0.07149489322191271,1007.45,1019.2959177652995,-0.007394907935877715,-0.01893063381201776,-0.12357581069237511,0.19442938259578316,686600.0,1063300.0,0.6457255713345246,1064989180.0,313,False,jpx_liquidity,JPX流動性
556,8012,長瀬産業,卸売業,プライム,8012.T,2026-09-28,1176.0,-0.007176100354318815,0.018181787092373947,0.004751619870410284,-0.004706889174154849,0.006926406926407003,1148.7355651855469,1175.9201883951823,0.012417509518084069,-0.010987300433046299,-0.08605108055009825,0.23244065713792167,1114700.0,909270.0,1.2259284920870588,1064812940.0,313,False,jpx_liquidity,JPX流動性
557,2175,エス・エム・エス,サービス業,プライム,2175.T,2026-09-28,2636.0,0.0022813688212928174,-0.006033182503770718,0.09696213066999593,0.20475319926873858,0.6043822276323798,2568.2,2411.0666666666666,0.026399813098668456,0.09329204224962684,-0.014947683109118093,0.19710720911066065,287400.0,423925.0,0.6779501090994869,1063598180.0,313,False,jpx_liquidity,JPX流動性
558,8360,山梨中央銀行,銀行業,プライム,8360.T,2026-09-28,1538.0,-0.798162732731223,-0.7898907047244078,-0.7996561210453921,-0.7647011308562197,-0.719364161849711,6803.719921875,6810.573307291666,-0.7859259321776122,-0.7861413519416032,-0.808102766798419,2.774252210509252,636500.0,144795.0,4.395870023136158,1059267750.0,313,False,jpx_liquidity,JPX流動性
559,7322,三十三フィナンシャルグループ,銀行業,プライム,7322.T,2026-09-28,2312.0,0.03306526044041491,0.12124150567372216,0.11707317073170742,0.29671574178935445,0.5913829047949966,2115.816760253906,1975.9389200846354,0.0823243501129991,0.15894270653969023,0.0,0.5208331546542073,666700.0,474450.0,1.4052060280324585,1051231250.0,313,True,jpx_liquidity,JPX流動性
560,9072,ニッコンホールディングス,陸運業,プライム,9072.T,2026-09-28,5100.0,-0.004878067577005485,-0.007009399472134636,-0.06245353159851297,-0.13998294970161973,0.18598636256759926,5160.649609375,5296.299869791666,-0.022603667794668825,-0.04763700621082678,-0.22471564709498926,0.23867834591555126,233600.0,197820.0,1.1808714993428369,1049693700.0,313,False,jpx_liquidity,JPX流動性
561,8346,東邦銀行,銀行業,プライム,8346.T,2026-09-28,1116.0,0.01731997544230479,0.08984378156702344,0.13828689370485026,0.42690815006468297,0.7074303405572755,1003.9828308105468,927.6609436035156,0.09862436502974203,0.18901200660165407,0.0,0.34671355149456656,2218200.0,942615.0,2.353240718639105,1046906730.0,313,False,jpx_liquidity,JPX流動性
562,6436,アマノ,機械,プライム,6436.T,2026-09-28,3881.0,-0.0071629769697965084,-0.006400420485479397,-0.03335017685699848,0.04821917808219167,0.012705134992059275,3893.5475830078126,3851.5658610026044,-0.01734859573891001,-0.006637783676883391,-0.05273582569943058,0.1357374704348948,307100.0,256880.0,1.1954998442852693,1041383775.0,313,False,jpx_liquidity,JPX流動性
563,2784,アルフレッサ　ホールディングス,卸売業,プライム,2784.T,2026-09-28,2346.0,-0.017382198257212655,0.008165025471305043,-0.006235218232638173,0.05141037306642393,-0.08583860759493667,2309.1593627929688,2283.7197875976562,0.0007971027191493452,0.011945516499220377,-0.11760213822069487,0.1715577079952473,476100.0,436450.0,1.0908466032764348,1038439155.0,313,False,jpx_liquidity,JPX流動性
564,8387,四国銀行,銀行業,プライム,8387.T,2026-09-28,4670.0,0.007551241478537696,0.0949589989615558,0.3372832369942196,0.5195402298850575,1.0610244988864141,3980.4257690429686,3543.2252563476563,0.16243845972097848,0.30587238045641363,0.0,0.3790565528697903,340200.0,239965.0,1.4177067489008814,1035490175.0,313,False,jpx_liquidity,JPX流動性
565,6875,メガチップス,電気機器,プライム,6875.T,2026-09-28,11200.0,0.004484304932735439,0.05760151085930132,0.05164319248826299,0.08422071636011608,0.4717477003942181,10749.5,10427.333333333334,0.04190892599655793,0.07410012147560896,-0.14569031273836763,0.33485013206351866,119500.0,93425.0,1.2791008830612791,1034774200.0,313,False,jpx_liquidity,JPX流動性
566,9031,西日本鉄道,陸運業,プライム,9031.T,2026-09-28,3096.0,-0.009279961642476353,-0.009913622424799318,-0.015806451612903172,0.029005059021922408,0.013958125623130702,3087.0415649414062,3062.3305216471354,-0.01167511489016515,-0.003699966926183018,-0.05978428351309706,0.15213267876821734,1167900.0,280130.0,4.1691357583978865,1032979390.0,313,False,jpx_liquidity,JPX流動性
567,8570,イオンフィナンシャルサービス,その他金融業,プライム,8570.T,2026-09-28,1612.5,-0.005856966707768141,-0.016468435498627643,-0.050045151189424764,0.09731201088805719,0.03597815611949895,1636.7,1596.1035583496093,-0.014785849575365106,0.01027279311835172,-0.05087165815514905,0.15489024143372726,568900.0,618205.0,0.9202449025808591,1032487365.0,313,False,jpx_liquidity,JPX流動性
568,6544,ジャパンエレベーターサービスホールディングス,サービス業,プライム,6544.T,2026-09-28,1495.5,-0.006642311524410527,-0.005651595744680882,-0.04562858966177408,-0.1332946971892205,-0.07827426810477656,1501.675,1613.7083333333333,-0.004112074849751068,-0.07325260140979628,-0.20935765265662176,0.2404425006816039,723800.0,673895.0,1.0740545633963747,1029029157.5,313,False,jpx_liquidity,JPX流動性
569,5384,フジミインコーポレーテッド,ガラス・土石製品,プライム,5384.T,2026-09-28,3425.0,-0.01154399077267454,0.04103349361871733,-0.0593055555555555,-0.2499446290143964,0.2622064852776742,3342.654736328125,3798.134912109375,0.013116898731825977,-0.10837817024271124,-0.33467583497053044,0.3949545568862899,292600.0,302975.0,0.9657562505157191,1027943750.0,313,False,jpx_liquidity,JPX流動性
570,5715,古河機械金属,非鉄金属,プライム,5715.T,2026-09-28,4125.0,-0.004825112711459245,0.013513484864224656,-0.08098987626546683,0.11156462585034022,-0.0399529964747356,4207.334875488281,3926.6116251627604,-0.029076572012605384,0.04033716342666671,-0.15599173553719003,0.4093132737529221,168100.0,252945.0,0.6645713495028563,1021725425.0,313,False,jpx_liquidity,JPX流動性
571,4206,アイカ工業,化学,プライム,4206.T,2026-09-28,4293.0,-0.016945243698327617,0.01393487674238747,0.017108433734939865,0.1349825221833827,0.1660220994475139,4147.372216796875,3951.3907389322917,0.01775287564133543,0.06823148579341964,-0.016945243698327617,0.21449617220771836,320300.0,237275.0,1.3499104414708671,1014950950.0,313,False,jpx_liquidity,JPX流動性
572,9722,藤田観光,サービス業,プライム,9722.T,2026-09-28,2778.0,0.01609363569861011,0.034636871508379796,0.005065123010130179,0.4935483870967743,0.36310107948969583,2825.55,2349.7166666666667,-0.016828582045973373,0.1822702027904073,-0.08467874794069197,0.3416610905845831,258000.0,357515.0,0.7216480427394655,1004782585.0,313,False,jpx_liquidity,JPX流動性
573,6258,平田機工,機械,プライム,6258.T,2026-09-28,3785.0,-0.0026350461133070047,0.06469760900140642,0.11651917404129786,0.27141417534430645,0.6065365025466893,3564.25,3293.8166666666666,0.06193448832152626,0.1491228514033871,-0.02069857697283317,0.356805099297927,227600.0,278025.0,0.8186314180379463,1003489225.0,313,False,jpx_liquidity,JPX流動性
574,6490,ＰＩＬＬＡＲ,機械,プライム,6490.T,2026-09-28,10690.0,0.03285024154589378,0.15943600867678964,0.06899999999999995,0.01615969581749055,0.5271428571428571,9597.5,9908.5,0.11383172701224287,0.0788716758338801,-0.0539823008849557,0.5272405025033914,184200.0,98390.0,1.8721414777924585,995455700.0,313,True,jpx_liquidity,JPX流動性
575,8362,福井銀行,銀行業,プライム,8362.T,2026-09-28,8140.0,-0.004889963029312994,0.04761903553785651,0.15214285714285714,0.4744058500914077,1.5242566510172142,7403.663061523437,6557.387687174479,0.08932563961662532,0.22991050472343488,-0.004889963029312994,0.4521389648980922,136600.0,127695.0,1.0697364814597283,984843100.0,313,False,jpx_liquidity,JPX流動性
576,5232,住友大阪セメント,ガラス・土石製品,プライム,5232.T,2026-09-28,1887.0,-0.6715404704322903,-0.6698740249155075,-0.6780049347902715,-0.7042732275817416,-0.5195897975282672,5352.874926757812,5566.2249755859375,-0.6586880835068198,-0.6717703635743402,-0.713276836158192,2.3427676589150397,448200.0,172860.0,2.5928497049635544,981226045.0,313,False,jpx_liquidity,JPX流動性
577,9045,京阪ホールディングス,陸運業,プライム,9045.T,2026-09-28,3199.0,-0.005595275101025754,-0.011128284389489984,-0.013263417643429976,-0.005595275101025754,-0.009597523219814219,3217.55,3208.4666666666667,-0.005765256173175248,-0.0029505267313566508,-0.06843331391962726,0.12175239553503016,674800.0,283490.0,2.3803308758686375,980934500.0,313,False,jpx_liquidity,JPX流動性
578,6707,サンケン電気,電気機器,プライム,6707.T,2026-09-28,6942.0,0.006378660481298981,0.036119402985074656,-0.0525453801009963,-0.3113095238095238,-0.019214467363662058,6899.55,8384.216666666667,0.006152575167945651,-0.17201567230490633,-0.40615911035072716,0.2845640363176041,179700.0,142460.0,1.2614067106556226,980826945.0,313,False,jpx_liquidity,JPX流動性
579,9076,セイノーホールディングス,陸運業,プライム,9076.T,2026-09-28,2726.5,0.0005504494123154124,-0.004563662696132842,-0.033321325648414946,0.013789195315451419,0.10591386771069433,2706.8100708007814,2706.436690266927,-0.008611638863115889,-0.008474866731379205,-0.0507605235231694,0.1756606894675098,369700.0,359490.0,1.028401346351776,978988230.0,313,False,jpx_liquidity,JPX流動性
580,8344,山形銀行,銀行業,プライム,8344.T,2026-09-28,5700.0,0.0035211365307510345,0.11545991615676243,0.25160575858250267,0.6356005788712011,1.3914515446466358,4877.672778320312,4316.390926106771,0.15854430110951245,0.3091955980680827,0.0,0.4663983316264477,220500.0,193090.0,1.141954528976125,978270375.0,313,False,jpx_liquidity,JPX流動性
581,6768,タムラ製作所,電気機器,プライム,6768.T,2026-09-28,910.0,0.04477614683737574,0.10169491146367093,0.22222222222222232,-0.05351521511017843,0.5134228187919463,812.139779663086,839.129926554362,0.11064624906588416,0.0749229308312187,-0.196078431372549,0.5705063518961998,4054800.0,993865.0,4.079829755550301,977330890.0,313,True,jpx_liquidity,JPX流動性
582,9987,スズケン,卸売業,プライム,9987.T,2026-09-28,2646.5,-0.5086334986016354,-0.49329886168173276,-0.49174690508940855,-0.48332001598082297,-0.564195450716091,5029.6722412109375,5043.940747070313,-0.4857517794484999,-0.48720650584519165,-0.5860937750040006,1.7779890487150807,330200.0,180665.0,1.827692137381341,964625880.0,313,False,jpx_liquidity,JPX流動性
583,7148,ＦＰＧ,証券、商品先物取引業,プライム,7148.T,2026-09-28,1707.0,-0.0017544086221600308,0.0011730111613790228,-0.0020132064819335938,0.08610204343627381,0.054380967881944464,1679.5182250976563,1630.8394083658854,-0.011234293502529136,0.018279308125161986,-0.040086691090137294,0.23214725342611978,1279600.0,517430.0,2.472991515760586,960737105.0,313,False,jpx_liquidity,JPX流動性
584,8078,阪和興業,卸売業,プライム,8078.T,2026-09-28,1926.0,-0.007728001972840071,0.011554618559821428,0.018837459634015064,0.09295612009237875,0.21893110109465552,1901.7373901367187,1801.0791300455728,-0.004594425172494754,0.05103655270943119,-0.03319713993871298,0.23157863819776547,382400.0,500785.0,0.7636011462004653,958185445.0,313,False,jpx_liquidity,JPX流動性
585,8714,池田泉州ホールディングス,銀行業,プライム,8714.T,2026-09-28,1145.0,0.0052678063722644275,0.04280505918890931,0.05134758364312275,0.15551583248212464,0.3169383003492432,1084.0988037109375,1048.749601236979,0.04349344923881571,0.0786654876108781,0.0,0.248741657343788,1337600.0,828340.0,1.6147958567737886,951966485.0,313,False,jpx_liquidity,JPX流動性
586,2371,カカクコム,サービス業,プライム,2371.T,2026-09-28,3810.0,-0.0005246589716684236,-0.002617801047120394,0.040983606557376984,0.13056379821958464,0.8374728719556306,3747.4,3679.116666666667,0.016704915408016108,0.03557466239631801,-0.010389610389610393,0.12669415049364682,320400.0,244075.0,1.3127112567858241,951246615.0,313,False,jpx_liquidity,JPX流動性
587,3964,オークネット,情報・通信業,プライム,3964.T,2026-09-28,1346.0,-0.0153621068032187,0.02905198776758411,-0.0806010928961749,-0.01895043731778423,0.132996632996633,1343.5,1392.5166666666667,0.0018608113137328353,-0.033404746801354857,-0.15769712140175218,0.29233131458611067,397500.0,689790.0,0.5762623407123907,947648935.0,313,False,jpx_liquidity,JPX流動性
588,8381,山陰合同銀行,銀行業,プライム,8381.T,2026-09-28,2683.0,0.008646601513950136,0.03710861836055224,0.026346377373111185,0.16696035242290752,0.5320994794679006,2588.706896972656,2505.518965657552,0.023290818708697092,0.05726599411503264,0.0,0.1974961605591075,405000.0,358510.0,1.1296756017963236,944498180.0,313,False,jpx_liquidity,JPX流動性
589,8173,Ｊｏｓｈｉｎ,小売業,プライム,8173.T,2026-09-28,4400.0,-0.012345679012345734,0.0365135782371242,0.0,0.09571788413098248,0.5431003902092941,4258.826708984375,4014.942236328125,0.0214080772113332,0.08345269843241954,-0.0470974808324206,0.38747606370697407,550100.0,199155.0,2.7621701689638725,942043475.0,313,False,jpx_liquidity,JPX流動性
590,3097,物語コーポレーション,小売業,プライム,3097.T,2026-09-28,5330.0,0.021072796934865856,-0.0018726591760299671,-0.06161971830985913,0.10810810810810811,0.14010695187165778,5559.5,5370.166666666667,-0.04128069070959617,-0.007479594053567573,-0.09507640067911716,0.3238130950429925,189000.0,164405.0,1.1496000729904807,940074100.0,313,False,jpx_liquidity,JPX流動性
591,7630,壱番屋,小売業,プライム,7630.T,2026-09-28,1106.0,0.010045662100456543,0.02692664809656442,0.17415038584439158,0.2525481313703284,0.2034820457018498,1075.75,970.1884155273438,0.028119916337439044,0.13998475172354663,-0.009847806624888045,0.5674930728518565,618500.0,853110.0,0.7249944321365357,936942430.0,313,False,jpx_liquidity,JPX流動性
592,1885,東亜建設工業,建設業,プライム,1885.T,2026-09-28,2160.0,0.0009267857673536106,-0.004608303376879452,0.007838479809976207,0.017505995203837,-0.30328407224958953,2113.736376953125,2075.195458984375,0.003672938182606389,0.022313339601411464,-0.35614567526555385,0.2840511827889023,364400.0,438735.0,0.8305697060868178,935082655.0,313,False,jpx_liquidity,JPX流動性
593,6264,マルマエ,機械,プライム,6264.T,2026-09-28,1936.0,-0.0020618556701030855,0.04875406283856987,-0.07324078506462417,-0.27300037551633494,0.3045822102425877,1910.05,2072.998567708333,0.013586031779272867,-0.0660871501999073,-0.3764895330112722,0.422142573534142,403300.0,487690.0,0.8269597490208944,927910775.0,313,False,jpx_liquidity,JPX流動性
594,6999,ＫＯＡ,電気機器,プライム,6999.T,2026-09-28,2262.0,-0.009198405456446679,0.017086388900732663,-0.00822587816807474,-0.24823053589484323,0.5425311203319503,2212.9892333984376,2382.413077799479,0.007912721100170605,-0.0637643736995408,-0.27345276872964175,0.43642491323367666,247800.0,444950.0,0.5569165074727498,924998965.0,313,False,jpx_liquidity,JPX流動性
595,6457,グローリー,機械,プライム,6457.T,2026-09-28,4508.0,-0.010101025526963459,0.024778355123938,-0.09442060085836912,0.14024704065877502,0.1147169811320754,4504.391796875,4487.513932291667,-0.01629338658460333,-0.012593594837666866,-0.1003045685279188,0.26821445083385753,179400.0,201800.0,0.8889990089197225,922677430.0,313,False,jpx_liquidity,JPX流動性
596,8022,美津濃,その他製品,プライム,8022.T,2026-09-28,4155.0,-0.007168455409083729,0.05323197830020665,0.011533742331288233,0.1930535455861071,0.22314540059347188,4040.7503173828127,3854.250105794271,0.020107573157307268,0.06946873888728922,-0.043619489559164726,0.280084243367072,214400.0,226590.0,0.9462023919855245,917216500.0,313,False,jpx_liquidity,JPX流動性
597,9759,ＮＳＤ,情報・通信業,プライム,9759.T,2026-09-28,2925.0,-0.0039162268006129874,0.020230205790024325,0.014568158168574374,0.1770623742454729,0.0673234811165846,2883.9,2785.75,0.014251534380526287,0.04998653863412006,-0.017302200571140625,0.23594184859382042,916900.0,278605.0,3.2910392850092425,907600310.0,313,False,jpx_liquidity,JPX流動性
598,3993,ＰＫＳＨＡ　Ｔｅｃｈｎｏｌｏｇｙ,情報・通信業,プライム,3993.T,2026-09-28,3145.0,-0.0015873108435140448,0.004792360393013562,-0.009478672985781977,0.14835164835164827,0.1821266968325792,3175.4713623046873,2990.1071207682294,-0.012744993636256252,0.048457420881478086,-0.07111111111111112,0.3821507865980958,126300.0,285545.0,0.4423120699014166,906957325.0,313,False,jpx_liquidity,JPX流動性
599,2811,カゴメ,食料品,プライム,2811.T,2026-09-28,2669.0,-0.020730141258484713,-0.014401772525849288,-0.022344322344322376,0.007169811320754782,-0.049162807267545405,2732.95,2700.6666666666665,-0.023399623117876245,-0.011725499876573675,-0.08344780219780223,0.1274537536540549,425100.0,320735.0,1.325393237407829,901786147.5,313,False,jpx_liquidity,JPX流動性
600,7717,ブイ・テクノロジー,精密機器,プライム,7717.T,2026-09-28,6000.0,-0.014778309218591024,0.05820102150493822,0.10986964618249528,-0.3625668449197861,0.448359659781288,5657.863354492188,6099.537784830729,0.05340119168270907,-0.022876780135333008,-0.3646055437100213,0.49941594216383023,135400.0,157195.0,0.8613505518623366,900917600.0,313,False,jpx_liquidity,JPX流動性
