evaluation_version,factor_key,factor_label,group_name,group_value,horizon,horizon_label,ic_count,mean_ic,median_ic,positive_ic_rate,status
v4,score,総合スコア,全体,全体,1d,1営業日,1,-0.06721312459241675,-0.06721312459241675,0.0,サンプル不足
v4,score,総合スコア,全体,全体,3d,3営業日,1,0.1907482193146812,0.1907482193146812,1.0,サンプル不足
v4,score,総合スコア,全体,全体,5d,5営業日,1,0.222467581567651,0.222467581567651,1.0,サンプル不足
v4,score,総合スコア,全体,全体,10d,10営業日,1,0.025412693745994547,0.025412693745994547,1.0,サンプル不足
v4,score,総合スコア,業種,その他製品,1d,1営業日,0,,,,サンプル不足
v4,score,総合スコア,業種,その他製品,3d,3営業日,0,,,,サンプル不足
v4,score,総合スコア,業種,その他製品,5d,5営業日,0,,,,サンプル不足
v4,score,総合スコア,業種,その他製品,10d,10営業日,0,,,,サンプル不足
v4,score,総合スコア,業種,その他金融業,1d,1営業日,0,,,,サンプル不足
v4,score,総合スコア,業種,その他金融業,3d,3営業日,0,,,,サンプル不足
v4,score,総合スコア,業種,その他金融業,5d,5営業日,0,,,,サンプル不足
v4,score,総合スコア,業種,その他金融業,10d,10営業日,0,,,,サンプル不足
v4,score,総合スコア,業種,ガラス・土石製品,1d,1営業日,0,,,,サンプル不足
v4,score,総合スコア,業種,ガラス・土石製品,3d,3営業日,0,,,,サンプル不足
v4,score,総合スコア,業種,ガラス・土石製品,5d,5営業日,0,,,,サンプル不足
v4,score,総合スコア,業種,ガラス・土石製品,10d,10営業日,0,,,,サンプル不足
v4,score,総合スコア,業種,ゴム製品,1d,1営業日,0,,,,サンプル不足
v4,score,総合スコア,業種,ゴム製品,3d,3営業日,0,,,,サンプル不足
v4,score,総合スコア,業種,ゴム製品,5d,5営業日,0,,,,サンプル不足
v4,score,総合スコア,業種,ゴム製品,10d,10営業日,0,,,,サンプル不足
v4,score,総合スコア,業種,サービス業,1d,1営業日,1,-0.08571428571428573,-0.08571428571428573,0.0,サンプル不足
v4,score,総合スコア,業種,サービス業,3d,3営業日,1,0.08571428571428573,0.08571428571428573,1.0,サンプル不足
v4,score,総合スコア,業種,サービス業,5d,5営業日,1,0.14285714285714288,0.14285714285714288,1.0,サンプル不足
v4,score,総合スコア,業種,サービス業,10d,10営業日,1,0.3714285714285715,0.3714285714285715,1.0,サンプル不足
v4,score,総合スコア,業種,不動産業,1d,1営業日,0,,,,サンプル不足
v4,score,総合スコア,業種,不動産業,3d,3営業日,0,,,,サンプル不足
v4,score,総合スコア,業種,不動産業,5d,5営業日,0,,,,サンプル不足
v4,score,総合スコア,業種,不動産業,10d,10営業日,0,,,,サンプル不足
v4,score,総合スコア,業種,保険業,1d,1営業日,0,,,,サンプル不足
v4,score,総合スコア,業種,保険業,3d,3営業日,0,,,,サンプル不足
v4,score,総合スコア,業種,保険業,5d,5営業日,0,,,,サンプル不足
v4,score,総合スコア,業種,保険業,10d,10営業日,0,,,,サンプル不足
v4,score,総合スコア,業種,化学,1d,1営業日,1,-0.5659340659340659,-0.5659340659340659,0.0,サンプル不足
v4,score,総合スコア,業種,化学,3d,3営業日,1,-0.2967032967032967,-0.2967032967032967,0.0,サンプル不足
v4,score,総合スコア,業種,化学,5d,5営業日,1,-0.08241758241758242,-0.08241758241758242,0.0,サンプル不足
v4,score,総合スコア,業種,化学,10d,10営業日,1,0.15934065934065936,0.15934065934065936,1.0,サンプル不足
v4,score,総合スコア,業種,卸売業,1d,1営業日,0,,,,サンプル不足
v4,score,総合スコア,業種,卸売業,3d,3営業日,0,,,,サンプル不足
v4,score,総合スコア,業種,卸売業,5d,5営業日,0,,,,サンプル不足
v4,score,総合スコア,業種,卸売業,10d,10営業日,0,,,,サンプル不足
v4,score,総合スコア,業種,小売業,1d,1営業日,1,-0.5,-0.5,0.0,サンプル不足
v4,score,総合スコア,業種,小売業,3d,3営業日,1,-0.5,-0.5,0.0,サンプル不足
v4,score,総合スコア,業種,小売業,5d,5営業日,1,-0.5,-0.5,0.0,サンプル不足
v4,score,総合スコア,業種,小売業,10d,10営業日,1,0.5,0.5,1.0,サンプル不足
v4,score,総合スコア,業種,建設業,1d,1営業日,0,,,,サンプル不足
v4,score,総合スコア,業種,建設業,3d,3営業日,0,,,,サンプル不足
v4,score,総合スコア,業種,建設業,5d,5営業日,0,,,,サンプル不足
v4,score,総合スコア,業種,建設業,10d,10営業日,0,,,,サンプル不足
v4,score,総合スコア,業種,情報・通信業,1d,1営業日,1,-0.5,-0.5,0.0,サンプル不足
v4,score,総合スコア,業種,情報・通信業,3d,3営業日,1,-1.0,-1.0,0.0,サンプル不足
v4,score,総合スコア,業種,情報・通信業,5d,5営業日,1,-0.5,-0.5,0.0,サンプル不足
v4,score,総合スコア,業種,情報・通信業,10d,10営業日,1,-0.5,-0.5,0.0,サンプル不足
v4,score,総合スコア,業種,機械,1d,1営業日,1,-0.015584415584415586,-0.015584415584415586,0.0,サンプル不足
v4,score,総合スコア,業種,機械,3d,3営業日,1,-0.02077922077922078,-0.02077922077922078,0.0,サンプル不足
v4,score,総合スコア,業種,機械,5d,5営業日,1,0.05454545454545454,0.05454545454545454,1.0,サンプル不足
v4,score,総合スコア,業種,機械,10d,10営業日,1,-0.22987012987012984,-0.22987012987012984,0.0,サンプル不足
v4,score,総合スコア,業種,海運業,1d,1営業日,0,,,,サンプル不足
v4,score,総合スコア,業種,海運業,3d,3営業日,0,,,,サンプル不足
v4,score,総合スコア,業種,海運業,5d,5営業日,0,,,,サンプル不足
v4,score,総合スコア,業種,海運業,10d,10営業日,0,,,,サンプル不足
v4,score,総合スコア,業種,空運業,1d,1営業日,0,,,,サンプル不足
v4,score,総合スコア,業種,空運業,3d,3営業日,0,,,,サンプル不足
v4,score,総合スコア,業種,空運業,5d,5営業日,0,,,,サンプル不足
v4,score,総合スコア,業種,空運業,10d,10営業日,0,,,,サンプル不足
v4,score,総合スコア,業種,繊維製品,1d,1営業日,0,,,,サンプル不足
v4,score,総合スコア,業種,繊維製品,3d,3営業日,0,,,,サンプル不足
v4,score,総合スコア,業種,繊維製品,5d,5営業日,0,,,,サンプル不足
v4,score,総合スコア,業種,繊維製品,10d,10営業日,0,,,,サンプル不足
v4,score,総合スコア,業種,証券、商品先物取引業,1d,1営業日,0,,,,サンプル不足
v4,score,総合スコア,業種,証券、商品先物取引業,3d,3営業日,0,,,,サンプル不足
v4,score,総合スコア,業種,証券、商品先物取引業,5d,5営業日,0,,,,サンプル不足
v4,score,総合スコア,業種,証券、商品先物取引業,10d,10営業日,0,,,,サンプル不足
v4,score,総合スコア,業種,輸送用機器,1d,1営業日,1,-1.0,-1.0,0.0,サンプル不足
v4,score,総合スコア,業種,輸送用機器,3d,3営業日,1,0.5,0.5,1.0,サンプル不足
v4,score,総合スコア,業種,輸送用機器,5d,5営業日,1,0.5,0.5,1.0,サンプル不足
v4,score,総合スコア,業種,輸送用機器,10d,10営業日,1,-0.5,-0.5,0.0,サンプル不足
v4,score,総合スコア,業種,金属製品,1d,1営業日,1,-1.0,-1.0,0.0,サンプル不足
v4,score,総合スコア,業種,金属製品,3d,3営業日,1,-1.0,-1.0,0.0,サンプル不足
v4,score,総合スコア,業種,金属製品,5d,5営業日,1,-0.5,-0.5,0.0,サンプル不足
v4,score,総合スコア,業種,金属製品,10d,10営業日,1,-0.5,-0.5,0.0,サンプル不足
v4,score,総合スコア,業種,鉄鋼,1d,1営業日,0,,,,サンプル不足
v4,score,総合スコア,業種,鉄鋼,3d,3営業日,0,,,,サンプル不足
v4,score,総合スコア,業種,鉄鋼,5d,5営業日,0,,,,サンプル不足
v4,score,総合スコア,業種,鉄鋼,10d,10営業日,0,,,,サンプル不足
v4,score,総合スコア,業種,銀行業,1d,1営業日,1,-0.19999999999999998,-0.19999999999999998,0.0,サンプル不足
v4,score,総合スコア,業種,銀行業,3d,3営業日,1,0.7,0.7,1.0,サンプル不足
v4,score,総合スコア,業種,銀行業,5d,5営業日,1,0.39999999999999997,0.39999999999999997,1.0,サンプル不足
v4,score,総合スコア,業種,銀行業,10d,10営業日,1,0.09999999999999999,0.09999999999999999,1.0,サンプル不足
v4,score,総合スコア,業種,電気機器,1d,1営業日,1,0.0694522868435912,0.0694522868435912,1.0,サンプル不足
v4,score,総合スコア,業種,電気機器,3d,3営業日,1,0.08639186900056467,0.08639186900056467,1.0,サンプル不足
v4,score,総合スコア,業種,電気機器,5d,5営業日,1,-0.09203839638622249,-0.09203839638622249,0.0,サンプル不足
v4,score,総合スコア,業種,電気機器,10d,10営業日,1,-0.3325804630152457,-0.3325804630152457,0.0,サンプル不足
v4,score,総合スコア,業種,食料品,1d,1営業日,0,,,,サンプル不足
v4,score,総合スコア,業種,食料品,3d,3営業日,0,,,,サンプル不足
v4,score,総合スコア,業種,食料品,5d,5営業日,0,,,,サンプル不足
v4,score,総合スコア,業種,食料品,10d,10営業日,0,,,,サンプル不足
v4,return_20d,20日モメンタム,全体,全体,1d,1営業日,1,-0.0833123312331233,-0.0833123312331233,0.0,サンプル不足
v4,return_20d,20日モメンタム,全体,全体,3d,3営業日,1,0.11812781278127811,0.11812781278127811,1.0,サンプル不足
v4,return_20d,20日モメンタム,全体,全体,5d,5営業日,1,0.13466546654665465,0.13466546654665465,1.0,サンプル不足
v4,return_20d,20日モメンタム,全体,全体,10d,10営業日,1,-0.014641464146414639,-0.014641464146414639,0.0,サンプル不足
v4,return_20d,20日モメンタム,業種,その他製品,1d,1営業日,0,,,,サンプル不足
v4,return_20d,20日モメンタム,業種,その他製品,3d,3営業日,0,,,,サンプル不足
v4,return_20d,20日モメンタム,業種,その他製品,5d,5営業日,0,,,,サンプル不足
v4,return_20d,20日モメンタム,業種,その他製品,10d,10営業日,0,,,,サンプル不足
v4,return_20d,20日モメンタム,業種,その他金融業,1d,1営業日,0,,,,サンプル不足
v4,return_20d,20日モメンタム,業種,その他金融業,3d,3営業日,0,,,,サンプル不足
v4,return_20d,20日モメンタム,業種,その他金融業,5d,5営業日,0,,,,サンプル不足
v4,return_20d,20日モメンタム,業種,その他金融業,10d,10営業日,0,,,,サンプル不足
v4,return_20d,20日モメンタム,業種,ガラス・土石製品,1d,1営業日,0,,,,サンプル不足
v4,return_20d,20日モメンタム,業種,ガラス・土石製品,3d,3営業日,0,,,,サンプル不足
v4,return_20d,20日モメンタム,業種,ガラス・土石製品,5d,5営業日,0,,,,サンプル不足
v4,return_20d,20日モメンタム,業種,ガラス・土石製品,10d,10営業日,0,,,,サンプル不足
v4,return_20d,20日モメンタム,業種,ゴム製品,1d,1営業日,0,,,,サンプル不足
v4,return_20d,20日モメンタム,業種,ゴム製品,3d,3営業日,0,,,,サンプル不足
v4,return_20d,20日モメンタム,業種,ゴム製品,5d,5営業日,0,,,,サンプル不足
v4,return_20d,20日モメンタム,業種,ゴム製品,10d,10営業日,0,,,,サンプル不足
v4,return_20d,20日モメンタム,業種,サービス業,1d,1営業日,1,-0.7142857142857143,-0.7142857142857143,0.0,サンプル不足
v4,return_20d,20日モメンタム,業種,サービス業,3d,3営業日,1,-0.48571428571428577,-0.48571428571428577,0.0,サンプル不足
v4,return_20d,20日モメンタム,業種,サービス業,5d,5営業日,1,-0.2571428571428572,-0.2571428571428572,0.0,サンプル不足
v4,return_20d,20日モメンタム,業種,サービス業,10d,10営業日,1,-0.08571428571428573,-0.08571428571428573,0.0,サンプル不足
v4,return_20d,20日モメンタム,業種,不動産業,1d,1営業日,0,,,,サンプル不足
v4,return_20d,20日モメンタム,業種,不動産業,3d,3営業日,0,,,,サンプル不足
v4,return_20d,20日モメンタム,業種,不動産業,5d,5営業日,0,,,,サンプル不足
v4,return_20d,20日モメンタム,業種,不動産業,10d,10営業日,0,,,,サンプル不足
v4,return_20d,20日モメンタム,業種,保険業,1d,1営業日,0,,,,サンプル不足
v4,return_20d,20日モメンタム,業種,保険業,3d,3営業日,0,,,,サンプル不足
v4,return_20d,20日モメンタム,業種,保険業,5d,5営業日,0,,,,サンプル不足
v4,return_20d,20日モメンタム,業種,保険業,10d,10営業日,0,,,,サンプル不足
v4,return_20d,20日モメンタム,業種,化学,1d,1営業日,1,-0.46703296703296704,-0.46703296703296704,0.0,サンプル不足
v4,return_20d,20日モメンタム,業種,化学,3d,3営業日,1,0.3681318681318681,0.3681318681318681,1.0,サンプル不足
v4,return_20d,20日モメンタム,業種,化学,5d,5営業日,1,0.22527472527472525,0.22527472527472525,1.0,サンプル不足
v4,return_20d,20日モメンタム,業種,化学,10d,10営業日,1,-0.0934065934065934,-0.0934065934065934,0.0,サンプル不足
v4,return_20d,20日モメンタム,業種,卸売業,1d,1営業日,0,,,,サンプル不足
v4,return_20d,20日モメンタム,業種,卸売業,3d,3営業日,0,,,,サンプル不足
v4,return_20d,20日モメンタム,業種,卸売業,5d,5営業日,0,,,,サンプル不足
v4,return_20d,20日モメンタム,業種,卸売業,10d,10営業日,0,,,,サンプル不足
v4,return_20d,20日モメンタム,業種,小売業,1d,1営業日,1,-0.5,-0.5,0.0,サンプル不足
v4,return_20d,20日モメンタム,業種,小売業,3d,3営業日,1,-0.5,-0.5,0.0,サンプル不足
v4,return_20d,20日モメンタム,業種,小売業,5d,5営業日,1,-0.5,-0.5,0.0,サンプル不足
v4,return_20d,20日モメンタム,業種,小売業,10d,10営業日,1,0.5,0.5,1.0,サンプル不足
v4,return_20d,20日モメンタム,業種,建設業,1d,1営業日,0,,,,サンプル不足
v4,return_20d,20日モメンタム,業種,建設業,3d,3営業日,0,,,,サンプル不足
v4,return_20d,20日モメンタム,業種,建設業,5d,5営業日,0,,,,サンプル不足
v4,return_20d,20日モメンタム,業種,建設業,10d,10営業日,0,,,,サンプル不足
v4,return_20d,20日モメンタム,業種,情報・通信業,1d,1営業日,1,0.5,0.5,1.0,サンプル不足
v4,return_20d,20日モメンタム,業種,情報・通信業,3d,3営業日,1,-0.5,-0.5,0.0,サンプル不足
v4,return_20d,20日モメンタム,業種,情報・通信業,5d,5営業日,1,-1.0,-1.0,0.0,サンプル不足
v4,return_20d,20日モメンタム,業種,情報・通信業,10d,10営業日,1,0.5,0.5,1.0,サンプル不足
v4,return_20d,20日モメンタム,業種,機械,1d,1営業日,1,0.087012987012987,0.087012987012987,1.0,サンプル不足
v4,return_20d,20日モメンタム,業種,機械,3d,3営業日,1,0.07012987012987014,0.07012987012987014,1.0,サンプル不足
v4,return_20d,20日モメンタム,業種,機械,5d,5営業日,1,0.18311688311688312,0.18311688311688312,1.0,サンプル不足
v4,return_20d,20日モメンタム,業種,機械,10d,10営業日,1,-0.01948051948051948,-0.01948051948051948,0.0,サンプル不足
v4,return_20d,20日モメンタム,業種,海運業,1d,1営業日,0,,,,サンプル不足
v4,return_20d,20日モメンタム,業種,海運業,3d,3営業日,0,,,,サンプル不足
v4,return_20d,20日モメンタム,業種,海運業,5d,5営業日,0,,,,サンプル不足
v4,return_20d,20日モメンタム,業種,海運業,10d,10営業日,0,,,,サンプル不足
v4,return_20d,20日モメンタム,業種,空運業,1d,1営業日,0,,,,サンプル不足
v4,return_20d,20日モメンタム,業種,空運業,3d,3営業日,0,,,,サンプル不足
v4,return_20d,20日モメンタム,業種,空運業,5d,5営業日,0,,,,サンプル不足
v4,return_20d,20日モメンタム,業種,空運業,10d,10営業日,0,,,,サンプル不足
v4,return_20d,20日モメンタム,業種,繊維製品,1d,1営業日,0,,,,サンプル不足
v4,return_20d,20日モメンタム,業種,繊維製品,3d,3営業日,0,,,,サンプル不足
v4,return_20d,20日モメンタム,業種,繊維製品,5d,5営業日,0,,,,サンプル不足
v4,return_20d,20日モメンタム,業種,繊維製品,10d,10営業日,0,,,,サンプル不足
v4,return_20d,20日モメンタム,業種,証券、商品先物取引業,1d,1営業日,0,,,,サンプル不足
v4,return_20d,20日モメンタム,業種,証券、商品先物取引業,3d,3営業日,0,,,,サンプル不足
v4,return_20d,20日モメンタム,業種,証券、商品先物取引業,5d,5営業日,0,,,,サンプル不足
v4,return_20d,20日モメンタム,業種,証券、商品先物取引業,10d,10営業日,0,,,,サンプル不足
v4,return_20d,20日モメンタム,業種,輸送用機器,1d,1営業日,1,-1.0,-1.0,0.0,サンプル不足
v4,return_20d,20日モメンタム,業種,輸送用機器,3d,3営業日,1,0.5,0.5,1.0,サンプル不足
v4,return_20d,20日モメンタム,業種,輸送用機器,5d,5営業日,1,0.5,0.5,1.0,サンプル不足
v4,return_20d,20日モメンタム,業種,輸送用機器,10d,10営業日,1,-0.5,-0.5,0.0,サンプル不足
v4,return_20d,20日モメンタム,業種,金属製品,1d,1営業日,1,-1.0,-1.0,0.0,サンプル不足
v4,return_20d,20日モメンタム,業種,金属製品,3d,3営業日,1,-1.0,-1.0,0.0,サンプル不足
v4,return_20d,20日モメンタム,業種,金属製品,5d,5営業日,1,-0.5,-0.5,0.0,サンプル不足
v4,return_20d,20日モメンタム,業種,金属製品,10d,10営業日,1,-0.5,-0.5,0.0,サンプル不足
v4,return_20d,20日モメンタム,業種,鉄鋼,1d,1営業日,0,,,,サンプル不足
v4,return_20d,20日モメンタム,業種,鉄鋼,3d,3営業日,0,,,,サンプル不足
v4,return_20d,20日モメンタム,業種,鉄鋼,5d,5営業日,0,,,,サンプル不足
v4,return_20d,20日モメンタム,業種,鉄鋼,10d,10営業日,0,,,,サンプル不足
v4,return_20d,20日モメンタム,業種,銀行業,1d,1営業日,1,0.09999999999999999,0.09999999999999999,1.0,サンプル不足
v4,return_20d,20日モメンタム,業種,銀行業,3d,3営業日,1,0.8999999999999998,0.8999999999999998,1.0,サンプル不足
v4,return_20d,20日モメンタム,業種,銀行業,5d,5営業日,1,0.7,0.7,1.0,サンプル不足
v4,return_20d,20日モメンタム,業種,銀行業,10d,10営業日,1,0.3,0.3,1.0,サンプル不足
v4,return_20d,20日モメンタム,業種,電気機器,1d,1営業日,1,0.11236589497459064,0.11236589497459064,1.0,サンプル不足
v4,return_20d,20日モメンタム,業種,電気機器,3d,3営業日,1,0.18464144551101075,0.18464144551101075,1.0,サンプル不足
v4,return_20d,20日モメンタム,業種,電気機器,5d,5営業日,1,0.04912478825522304,0.04912478825522304,1.0,サンプル不足
v4,return_20d,20日モメンタム,業種,電気機器,10d,10営業日,1,-0.2941840767927725,-0.2941840767927725,0.0,サンプル不足
v4,return_20d,20日モメンタム,業種,食料品,1d,1営業日,0,,,,サンプル不足
v4,return_20d,20日モメンタム,業種,食料品,3d,3営業日,0,,,,サンプル不足
v4,return_20d,20日モメンタム,業種,食料品,5d,5営業日,0,,,,サンプル不足
v4,return_20d,20日モメンタム,業種,食料品,10d,10営業日,0,,,,サンプル不足
v4,return_60d,60日モメンタム,全体,全体,1d,1営業日,1,0.1197119711971197,0.1197119711971197,1.0,サンプル不足
v4,return_60d,60日モメンタム,全体,全体,3d,3営業日,1,0.35585958595859585,0.35585958595859585,1.0,サンプル不足
v4,return_60d,60日モメンタム,全体,全体,5d,5営業日,1,0.452001200120012,0.452001200120012,1.0,サンプル不足
v4,return_60d,60日モメンタム,全体,全体,10d,10営業日,1,0.15786378637863788,0.15786378637863788,1.0,サンプル不足
v4,return_60d,60日モメンタム,業種,その他製品,1d,1営業日,0,,,,サンプル不足
v4,return_60d,60日モメンタム,業種,その他製品,3d,3営業日,0,,,,サンプル不足
v4,return_60d,60日モメンタム,業種,その他製品,5d,5営業日,0,,,,サンプル不足
v4,return_60d,60日モメンタム,業種,その他製品,10d,10営業日,0,,,,サンプル不足
v4,return_60d,60日モメンタム,業種,その他金融業,1d,1営業日,0,,,,サンプル不足
v4,return_60d,60日モメンタム,業種,その他金融業,3d,3営業日,0,,,,サンプル不足
v4,return_60d,60日モメンタム,業種,その他金融業,5d,5営業日,0,,,,サンプル不足
v4,return_60d,60日モメンタム,業種,その他金融業,10d,10営業日,0,,,,サンプル不足
v4,return_60d,60日モメンタム,業種,ガラス・土石製品,1d,1営業日,0,,,,サンプル不足
v4,return_60d,60日モメンタム,業種,ガラス・土石製品,3d,3営業日,0,,,,サンプル不足
v4,return_60d,60日モメンタム,業種,ガラス・土石製品,5d,5営業日,0,,,,サンプル不足
v4,return_60d,60日モメンタム,業種,ガラス・土石製品,10d,10営業日,0,,,,サンプル不足
v4,return_60d,60日モメンタム,業種,ゴム製品,1d,1営業日,0,,,,サンプル不足
v4,return_60d,60日モメンタム,業種,ゴム製品,3d,3営業日,0,,,,サンプル不足
v4,return_60d,60日モメンタム,業種,ゴム製品,5d,5営業日,0,,,,サンプル不足
v4,return_60d,60日モメンタム,業種,ゴム製品,10d,10営業日,0,,,,サンプル不足
v4,return_60d,60日モメンタム,業種,サービス業,1d,1営業日,1,0.2,0.2,1.0,サンプル不足
v4,return_60d,60日モメンタム,業種,サービス業,3d,3営業日,1,0.48571428571428577,0.48571428571428577,1.0,サンプル不足
v4,return_60d,60日モメンタム,業種,サービス業,5d,5営業日,1,0.5428571428571429,0.5428571428571429,1.0,サンプル不足
v4,return_60d,60日モメンタム,業種,サービス業,10d,10営業日,1,0.7142857142857143,0.7142857142857143,1.0,サンプル不足
v4,return_60d,60日モメンタム,業種,不動産業,1d,1営業日,0,,,,サンプル不足
v4,return_60d,60日モメンタム,業種,不動産業,3d,3営業日,0,,,,サンプル不足
v4,return_60d,60日モメンタム,業種,不動産業,5d,5営業日,0,,,,サンプル不足
v4,return_60d,60日モメンタム,業種,不動産業,10d,10営業日,0,,,,サンプル不足
v4,return_60d,60日モメンタム,業種,保険業,1d,1営業日,0,,,,サンプル不足
v4,return_60d,60日モメンタム,業種,保険業,3d,3営業日,0,,,,サンプル不足
v4,return_60d,60日モメンタム,業種,保険業,5d,5営業日,0,,,,サンプル不足
v4,return_60d,60日モメンタム,業種,保険業,10d,10営業日,0,,,,サンプル不足
v4,return_60d,60日モメンタム,業種,化学,1d,1営業日,1,-0.2912087912087912,-0.2912087912087912,0.0,サンプル不足
v4,return_60d,60日モメンタム,業種,化学,3d,3営業日,1,0.2747252747252747,0.2747252747252747,1.0,サンプル不足
v4,return_60d,60日モメンタム,業種,化学,5d,5営業日,1,0.3516483516483516,0.3516483516483516,1.0,サンプル不足
v4,return_60d,60日モメンタム,業種,化学,10d,10営業日,1,-0.3681318681318681,-0.3681318681318681,0.0,サンプル不足
v4,return_60d,60日モメンタム,業種,卸売業,1d,1営業日,0,,,,サンプル不足
v4,return_60d,60日モメンタム,業種,卸売業,3d,3営業日,0,,,,サンプル不足
v4,return_60d,60日モメンタム,業種,卸売業,5d,5営業日,0,,,,サンプル不足
v4,return_60d,60日モメンタム,業種,卸売業,10d,10営業日,0,,,,サンプル不足
v4,return_60d,60日モメンタム,業種,小売業,1d,1営業日,1,0.5,0.5,1.0,サンプル不足
v4,return_60d,60日モメンタム,業種,小売業,3d,3営業日,1,0.5,0.5,1.0,サンプル不足
v4,return_60d,60日モメンタム,業種,小売業,5d,5営業日,1,0.5,0.5,1.0,サンプル不足
v4,return_60d,60日モメンタム,業種,小売業,10d,10営業日,1,1.0,1.0,1.0,サンプル不足
v4,return_60d,60日モメンタム,業種,建設業,1d,1営業日,0,,,,サンプル不足
v4,return_60d,60日モメンタム,業種,建設業,3d,3営業日,0,,,,サンプル不足
v4,return_60d,60日モメンタム,業種,建設業,5d,5営業日,0,,,,サンプル不足
v4,return_60d,60日モメンタム,業種,建設業,10d,10営業日,0,,,,サンプル不足
v4,return_60d,60日モメンタム,業種,情報・通信業,1d,1営業日,1,1.0,1.0,1.0,サンプル不足
v4,return_60d,60日モメンタム,業種,情報・通信業,3d,3営業日,1,0.5,0.5,1.0,サンプル不足
v4,return_60d,60日モメンタム,業種,情報・通信業,5d,5営業日,1,-0.5,-0.5,0.0,サンプル不足
v4,return_60d,60日モメンタム,業種,情報・通信業,10d,10営業日,1,1.0,1.0,1.0,サンプル不足
v4,return_60d,60日モメンタム,業種,機械,1d,1営業日,1,0.5,0.5,1.0,サンプル不足
v4,return_60d,60日モメンタム,業種,機械,3d,3営業日,1,0.22857142857142856,0.22857142857142856,1.0,サンプル不足
v4,return_60d,60日モメンタム,業種,機械,5d,5営業日,1,0.22337662337662337,0.22337662337662337,1.0,サンプル不足
v4,return_60d,60日モメンタム,業種,機械,10d,10営業日,1,0.11168831168831168,0.11168831168831168,1.0,サンプル不足
v4,return_60d,60日モメンタム,業種,海運業,1d,1営業日,0,,,,サンプル不足
v4,return_60d,60日モメンタム,業種,海運業,3d,3営業日,0,,,,サンプル不足
v4,return_60d,60日モメンタム,業種,海運業,5d,5営業日,0,,,,サンプル不足
v4,return_60d,60日モメンタム,業種,海運業,10d,10営業日,0,,,,サンプル不足
v4,return_60d,60日モメンタム,業種,空運業,1d,1営業日,0,,,,サンプル不足
v4,return_60d,60日モメンタム,業種,空運業,3d,3営業日,0,,,,サンプル不足
v4,return_60d,60日モメンタム,業種,空運業,5d,5営業日,0,,,,サンプル不足
v4,return_60d,60日モメンタム,業種,空運業,10d,10営業日,0,,,,サンプル不足
v4,return_60d,60日モメンタム,業種,繊維製品,1d,1営業日,0,,,,サンプル不足
v4,return_60d,60日モメンタム,業種,繊維製品,3d,3営業日,0,,,,サンプル不足
v4,return_60d,60日モメンタム,業種,繊維製品,5d,5営業日,0,,,,サンプル不足
v4,return_60d,60日モメンタム,業種,繊維製品,10d,10営業日,0,,,,サンプル不足
v4,return_60d,60日モメンタム,業種,証券、商品先物取引業,1d,1営業日,0,,,,サンプル不足
v4,return_60d,60日モメンタム,業種,証券、商品先物取引業,3d,3営業日,0,,,,サンプル不足
v4,return_60d,60日モメンタム,業種,証券、商品先物取引業,5d,5営業日,0,,,,サンプル不足
v4,return_60d,60日モメンタム,業種,証券、商品先物取引業,10d,10営業日,0,,,,サンプル不足
v4,return_60d,60日モメンタム,業種,輸送用機器,1d,1営業日,1,-0.5,-0.5,0.0,サンプル不足
v4,return_60d,60日モメンタム,業種,輸送用機器,3d,3営業日,1,1.0,1.0,1.0,サンプル不足
v4,return_60d,60日モメンタム,業種,輸送用機器,5d,5営業日,1,1.0,1.0,1.0,サンプル不足
v4,return_60d,60日モメンタム,業種,輸送用機器,10d,10営業日,1,0.5,0.5,1.0,サンプル不足
v4,return_60d,60日モメンタム,業種,金属製品,1d,1営業日,1,-0.5,-0.5,0.0,サンプル不足
v4,return_60d,60日モメンタム,業種,金属製品,3d,3営業日,1,-0.5,-0.5,0.0,サンプル不足
v4,return_60d,60日モメンタム,業種,金属製品,5d,5営業日,1,0.5,0.5,1.0,サンプル不足
v4,return_60d,60日モメンタム,業種,金属製品,10d,10営業日,1,0.5,0.5,1.0,サンプル不足
v4,return_60d,60日モメンタム,業種,鉄鋼,1d,1営業日,0,,,,サンプル不足
v4,return_60d,60日モメンタム,業種,鉄鋼,3d,3営業日,0,,,,サンプル不足
v4,return_60d,60日モメンタム,業種,鉄鋼,5d,5営業日,0,,,,サンプル不足
v4,return_60d,60日モメンタム,業種,鉄鋼,10d,10営業日,0,,,,サンプル不足
v4,return_60d,60日モメンタム,業種,銀行業,1d,1営業日,1,-0.49999999999999994,-0.49999999999999994,0.0,サンプル不足
v4,return_60d,60日モメンタム,業種,銀行業,3d,3営業日,1,0.49999999999999994,0.49999999999999994,1.0,サンプル不足
v4,return_60d,60日モメンタム,業種,銀行業,5d,5営業日,1,0.3,0.3,1.0,サンプル不足
v4,return_60d,60日モメンタム,業種,銀行業,10d,10営業日,1,-0.3,-0.3,0.0,サンプル不足
v4,return_60d,60日モメンタム,業種,電気機器,1d,1営業日,1,0.011857707509881424,0.011857707509881424,1.0,サンプル不足
v4,return_60d,60日モメンタム,業種,電気機器,3d,3営業日,1,0.04573687182382835,0.04573687182382835,1.0,サンプル不足
v4,return_60d,60日モメンタム,業種,電気機器,5d,5営業日,1,0.17108977978543197,0.17108977978543197,1.0,サンプル不足
v4,return_60d,60日モメンタム,業種,電気機器,10d,10営業日,1,-0.05477131564088086,-0.05477131564088086,0.0,サンプル不足
v4,return_60d,60日モメンタム,業種,食料品,1d,1営業日,0,,,,サンプル不足
v4,return_60d,60日モメンタム,業種,食料品,3d,3営業日,0,,,,サンプル不足
v4,return_60d,60日モメンタム,業種,食料品,5d,5営業日,0,,,,サンプル不足
v4,return_60d,60日モメンタム,業種,食料品,10d,10営業日,0,,,,サンプル不足
v4,return_120d,120日モメンタム,全体,全体,1d,1営業日,1,0.026450645064506447,0.026450645064506447,1.0,サンプル不足
v4,return_120d,120日モメンタム,全体,全体,3d,3営業日,1,0.31914791479147914,0.31914791479147914,1.0,サンプル不足
v4,return_120d,120日モメンタム,全体,全体,5d,5営業日,1,0.4600300030003,0.4600300030003,1.0,サンプル不足
v4,return_120d,120日モメンタム,全体,全体,10d,10営業日,1,0.16182418241824179,0.16182418241824179,1.0,サンプル不足
v4,return_120d,120日モメンタム,業種,その他製品,1d,1営業日,0,,,,サンプル不足
v4,return_120d,120日モメンタム,業種,その他製品,3d,3営業日,0,,,,サンプル不足
v4,return_120d,120日モメンタム,業種,その他製品,5d,5営業日,0,,,,サンプル不足
v4,return_120d,120日モメンタム,業種,その他製品,10d,10営業日,0,,,,サンプル不足
v4,return_120d,120日モメンタム,業種,その他金融業,1d,1営業日,0,,,,サンプル不足
v4,return_120d,120日モメンタム,業種,その他金融業,3d,3営業日,0,,,,サンプル不足
v4,return_120d,120日モメンタム,業種,その他金融業,5d,5営業日,0,,,,サンプル不足
v4,return_120d,120日モメンタム,業種,その他金融業,10d,10営業日,0,,,,サンプル不足
v4,return_120d,120日モメンタム,業種,ガラス・土石製品,1d,1営業日,0,,,,サンプル不足
v4,return_120d,120日モメンタム,業種,ガラス・土石製品,3d,3営業日,0,,,,サンプル不足
v4,return_120d,120日モメンタム,業種,ガラス・土石製品,5d,5営業日,0,,,,サンプル不足
v4,return_120d,120日モメンタム,業種,ガラス・土石製品,10d,10営業日,0,,,,サンプル不足
v4,return_120d,120日モメンタム,業種,ゴム製品,1d,1営業日,0,,,,サンプル不足
v4,return_120d,120日モメンタム,業種,ゴム製品,3d,3営業日,0,,,,サンプル不足
v4,return_120d,120日モメンタム,業種,ゴム製品,5d,5営業日,0,,,,サンプル不足
v4,return_120d,120日モメンタム,業種,ゴム製品,10d,10営業日,0,,,,サンプル不足
v4,return_120d,120日モメンタム,業種,サービス業,1d,1営業日,1,0.14285714285714288,0.14285714285714288,1.0,サンプル不足
v4,return_120d,120日モメンタム,業種,サービス業,3d,3営業日,1,0.3714285714285715,0.3714285714285715,1.0,サンプル不足
v4,return_120d,120日モメンタム,業種,サービス業,5d,5営業日,1,0.2571428571428572,0.2571428571428572,1.0,サンプル不足
v4,return_120d,120日モメンタム,業種,サービス業,10d,10営業日,1,0.3714285714285715,0.3714285714285715,1.0,サンプル不足
v4,return_120d,120日モメンタム,業種,不動産業,1d,1営業日,0,,,,サンプル不足
v4,return_120d,120日モメンタム,業種,不動産業,3d,3営業日,0,,,,サンプル不足
v4,return_120d,120日モメンタム,業種,不動産業,5d,5営業日,0,,,,サンプル不足
v4,return_120d,120日モメンタム,業種,不動産業,10d,10営業日,0,,,,サンプル不足
v4,return_120d,120日モメンタム,業種,保険業,1d,1営業日,0,,,,サンプル不足
v4,return_120d,120日モメンタム,業種,保険業,3d,3営業日,0,,,,サンプル不足
v4,return_120d,120日モメンタム,業種,保険業,5d,5営業日,0,,,,サンプル不足
v4,return_120d,120日モメンタム,業種,保険業,10d,10営業日,0,,,,サンプル不足
v4,return_120d,120日モメンタム,業種,化学,1d,1営業日,1,0.24175824175824176,0.24175824175824176,1.0,サンプル不足
v4,return_120d,120日モメンタム,業種,化学,3d,3営業日,1,0.34065934065934067,0.34065934065934067,1.0,サンプル不足
v4,return_120d,120日モメンタム,業種,化学,5d,5営業日,1,0.5549450549450549,0.5549450549450549,1.0,サンプル不足
v4,return_120d,120日モメンタム,業種,化学,10d,10営業日,1,-0.2582417582417582,-0.2582417582417582,0.0,サンプル不足
v4,return_120d,120日モメンタム,業種,卸売業,1d,1営業日,0,,,,サンプル不足
v4,return_120d,120日モメンタム,業種,卸売業,3d,3営業日,0,,,,サンプル不足
v4,return_120d,120日モメンタム,業種,卸売業,5d,5営業日,0,,,,サンプル不足
v4,return_120d,120日モメンタム,業種,卸売業,10d,10営業日,0,,,,サンプル不足
v4,return_120d,120日モメンタム,業種,小売業,1d,1営業日,1,-0.5,-0.5,0.0,サンプル不足
v4,return_120d,120日モメンタム,業種,小売業,3d,3営業日,1,-0.5,-0.5,0.0,サンプル不足
v4,return_120d,120日モメンタム,業種,小売業,5d,5営業日,1,-0.5,-0.5,0.0,サンプル不足
v4,return_120d,120日モメンタム,業種,小売業,10d,10営業日,1,0.5,0.5,1.0,サンプル不足
v4,return_120d,120日モメンタム,業種,建設業,1d,1営業日,0,,,,サンプル不足
v4,return_120d,120日モメンタム,業種,建設業,3d,3営業日,0,,,,サンプル不足
v4,return_120d,120日モメンタム,業種,建設業,5d,5営業日,0,,,,サンプル不足
v4,return_120d,120日モメンタム,業種,建設業,10d,10営業日,0,,,,サンプル不足
v4,return_120d,120日モメンタム,業種,情報・通信業,1d,1営業日,1,1.0,1.0,1.0,サンプル不足
v4,return_120d,120日モメンタム,業種,情報・通信業,3d,3営業日,1,0.5,0.5,1.0,サンプル不足
v4,return_120d,120日モメンタム,業種,情報・通信業,5d,5営業日,1,-0.5,-0.5,0.0,サンプル不足
v4,return_120d,120日モメンタム,業種,情報・通信業,10d,10営業日,1,1.0,1.0,1.0,サンプル不足
v4,return_120d,120日モメンタム,業種,機械,1d,1営業日,1,0.17922077922077922,0.17922077922077922,1.0,サンプル不足
v4,return_120d,120日モメンタム,業種,機械,3d,3営業日,1,0.14805194805194805,0.14805194805194805,1.0,サンプル不足
v4,return_120d,120日モメンタム,業種,機械,5d,5営業日,1,0.11428571428571428,0.11428571428571428,1.0,サンプル不足
v4,return_120d,120日モメンタム,業種,機械,10d,10営業日,1,-0.059740259740259746,-0.059740259740259746,0.0,サンプル不足
v4,return_120d,120日モメンタム,業種,海運業,1d,1営業日,0,,,,サンプル不足
v4,return_120d,120日モメンタム,業種,海運業,3d,3営業日,0,,,,サンプル不足
v4,return_120d,120日モメンタム,業種,海運業,5d,5営業日,0,,,,サンプル不足
v4,return_120d,120日モメンタム,業種,海運業,10d,10営業日,0,,,,サンプル不足
v4,return_120d,120日モメンタム,業種,空運業,1d,1営業日,0,,,,サンプル不足
v4,return_120d,120日モメンタム,業種,空運業,3d,3営業日,0,,,,サンプル不足
v4,return_120d,120日モメンタム,業種,空運業,5d,5営業日,0,,,,サンプル不足
v4,return_120d,120日モメンタム,業種,空運業,10d,10営業日,0,,,,サンプル不足
v4,return_120d,120日モメンタム,業種,繊維製品,1d,1営業日,0,,,,サンプル不足
v4,return_120d,120日モメンタム,業種,繊維製品,3d,3営業日,0,,,,サンプル不足
v4,return_120d,120日モメンタム,業種,繊維製品,5d,5営業日,0,,,,サンプル不足
v4,return_120d,120日モメンタム,業種,繊維製品,10d,10営業日,0,,,,サンプル不足
v4,return_120d,120日モメンタム,業種,証券、商品先物取引業,1d,1営業日,0,,,,サンプル不足
v4,return_120d,120日モメンタム,業種,証券、商品先物取引業,3d,3営業日,0,,,,サンプル不足
v4,return_120d,120日モメンタム,業種,証券、商品先物取引業,5d,5営業日,0,,,,サンプル不足
v4,return_120d,120日モメンタム,業種,証券、商品先物取引業,10d,10営業日,0,,,,サンプル不足
v4,return_120d,120日モメンタム,業種,輸送用機器,1d,1営業日,1,-1.0,-1.0,0.0,サンプル不足
v4,return_120d,120日モメンタム,業種,輸送用機器,3d,3営業日,1,0.5,0.5,1.0,サンプル不足
v4,return_120d,120日モメンタム,業種,輸送用機器,5d,5営業日,1,0.5,0.5,1.0,サンプル不足
v4,return_120d,120日モメンタム,業種,輸送用機器,10d,10営業日,1,-0.5,-0.5,0.0,サンプル不足
v4,return_120d,120日モメンタム,業種,金属製品,1d,1営業日,1,-0.5,-0.5,0.0,サンプル不足
v4,return_120d,120日モメンタム,業種,金属製品,3d,3営業日,1,-0.5,-0.5,0.0,サンプル不足
v4,return_120d,120日モメンタム,業種,金属製品,5d,5営業日,1,0.5,0.5,1.0,サンプル不足
v4,return_120d,120日モメンタム,業種,金属製品,10d,10営業日,1,0.5,0.5,1.0,サンプル不足
v4,return_120d,120日モメンタム,業種,鉄鋼,1d,1営業日,0,,,,サンプル不足
v4,return_120d,120日モメンタム,業種,鉄鋼,3d,3営業日,0,,,,サンプル不足
v4,return_120d,120日モメンタム,業種,鉄鋼,5d,5営業日,0,,,,サンプル不足
v4,return_120d,120日モメンタム,業種,鉄鋼,10d,10営業日,0,,,,サンプル不足
v4,return_120d,120日モメンタム,業種,銀行業,1d,1営業日,1,-0.3,-0.3,0.0,サンプル不足
v4,return_120d,120日モメンタム,業種,銀行業,3d,3営業日,1,0.3,0.3,1.0,サンプル不足
v4,return_120d,120日モメンタム,業種,銀行業,5d,5営業日,1,0.49999999999999994,0.49999999999999994,1.0,サンプル不足
v4,return_120d,120日モメンタム,業種,銀行業,10d,10営業日,1,-0.49999999999999994,-0.49999999999999994,0.0,サンプル不足
v4,return_120d,120日モメンタム,業種,電気機器,1d,1営業日,1,-0.17221908526256355,-0.17221908526256355,0.0,サンプル不足
v4,return_120d,120日モメンタム,業種,電気機器,3d,3営業日,1,-0.10333145115753813,-0.10333145115753813,0.0,サンプル不足
v4,return_120d,120日モメンタム,業種,電気機器,5d,5営業日,1,0.17221908526256355,0.17221908526256355,1.0,サンプル不足
v4,return_120d,120日モメンタム,業種,電気機器,10d,10営業日,1,-0.0016939582156973462,-0.0016939582156973462,0.0,サンプル不足
v4,return_120d,120日モメンタム,業種,食料品,1d,1営業日,0,,,,サンプル不足
v4,return_120d,120日モメンタム,業種,食料品,3d,3営業日,0,,,,サンプル不足
v4,return_120d,120日モメンタム,業種,食料品,5d,5営業日,0,,,,サンプル不足
v4,return_120d,120日モメンタム,業種,食料品,10d,10営業日,0,,,,サンプル不足
v4,distance_ma20,20日移動平均乖離,全体,全体,1d,1営業日,1,-0.0896009600960096,-0.0896009600960096,0.0,サンプル不足
v4,distance_ma20,20日移動平均乖離,全体,全体,3d,3営業日,1,0.024398439843984394,0.024398439843984394,1.0,サンプル不足
v4,distance_ma20,20日移動平均乖離,全体,全体,5d,5営業日,1,0.050405040504050404,0.050405040504050404,1.0,サンプル不足
v4,distance_ma20,20日移動平均乖離,全体,全体,10d,10営業日,1,-0.027254725472547252,-0.027254725472547252,0.0,サンプル不足
v4,distance_ma20,20日移動平均乖離,業種,その他製品,1d,1営業日,0,,,,サンプル不足
v4,distance_ma20,20日移動平均乖離,業種,その他製品,3d,3営業日,0,,,,サンプル不足
v4,distance_ma20,20日移動平均乖離,業種,その他製品,5d,5営業日,0,,,,サンプル不足
v4,distance_ma20,20日移動平均乖離,業種,その他製品,10d,10営業日,0,,,,サンプル不足
v4,distance_ma20,20日移動平均乖離,業種,その他金融業,1d,1営業日,0,,,,サンプル不足
v4,distance_ma20,20日移動平均乖離,業種,その他金融業,3d,3営業日,0,,,,サンプル不足
v4,distance_ma20,20日移動平均乖離,業種,その他金融業,5d,5営業日,0,,,,サンプル不足
v4,distance_ma20,20日移動平均乖離,業種,その他金融業,10d,10営業日,0,,,,サンプル不足
v4,distance_ma20,20日移動平均乖離,業種,ガラス・土石製品,1d,1営業日,0,,,,サンプル不足
v4,distance_ma20,20日移動平均乖離,業種,ガラス・土石製品,3d,3営業日,0,,,,サンプル不足
v4,distance_ma20,20日移動平均乖離,業種,ガラス・土石製品,5d,5営業日,0,,,,サンプル不足
v4,distance_ma20,20日移動平均乖離,業種,ガラス・土石製品,10d,10営業日,0,,,,サンプル不足
v4,distance_ma20,20日移動平均乖離,業種,ゴム製品,1d,1営業日,0,,,,サンプル不足
v4,distance_ma20,20日移動平均乖離,業種,ゴム製品,3d,3営業日,0,,,,サンプル不足
v4,distance_ma20,20日移動平均乖離,業種,ゴム製品,5d,5営業日,0,,,,サンプル不足
v4,distance_ma20,20日移動平均乖離,業種,ゴム製品,10d,10営業日,0,,,,サンプル不足
v4,distance_ma20,20日移動平均乖離,業種,サービス業,1d,1営業日,1,-0.3142857142857143,-0.3142857142857143,0.0,サンプル不足
v4,distance_ma20,20日移動平均乖離,業種,サービス業,3d,3営業日,1,-0.028571428571428574,-0.028571428571428574,0.0,サンプル不足
v4,distance_ma20,20日移動平均乖離,業種,サービス業,5d,5営業日,1,0.08571428571428573,0.08571428571428573,1.0,サンプル不足
v4,distance_ma20,20日移動平均乖離,業種,サービス業,10d,10営業日,1,0.14285714285714288,0.14285714285714288,1.0,サンプル不足
v4,distance_ma20,20日移動平均乖離,業種,不動産業,1d,1営業日,0,,,,サンプル不足
v4,distance_ma20,20日移動平均乖離,業種,不動産業,3d,3営業日,0,,,,サンプル不足
v4,distance_ma20,20日移動平均乖離,業種,不動産業,5d,5営業日,0,,,,サンプル不足
v4,distance_ma20,20日移動平均乖離,業種,不動産業,10d,10営業日,0,,,,サンプル不足
v4,distance_ma20,20日移動平均乖離,業種,保険業,1d,1営業日,0,,,,サンプル不足
v4,distance_ma20,20日移動平均乖離,業種,保険業,3d,3営業日,0,,,,サンプル不足
v4,distance_ma20,20日移動平均乖離,業種,保険業,5d,5営業日,0,,,,サンプル不足
v4,distance_ma20,20日移動平均乖離,業種,保険業,10d,10営業日,0,,,,サンプル不足
v4,distance_ma20,20日移動平均乖離,業種,化学,1d,1営業日,1,-0.14835164835164835,-0.14835164835164835,0.0,サンプル不足
v4,distance_ma20,20日移動平均乖離,業種,化学,3d,3営業日,1,0.08241758241758242,0.08241758241758242,1.0,サンプル不足
v4,distance_ma20,20日移動平均乖離,業種,化学,5d,5営業日,1,0.32417582417582413,0.32417582417582413,1.0,サンプル不足
v4,distance_ma20,20日移動平均乖離,業種,化学,10d,10営業日,1,0.13186813186813187,0.13186813186813187,1.0,サンプル不足
v4,distance_ma20,20日移動平均乖離,業種,卸売業,1d,1営業日,0,,,,サンプル不足
v4,distance_ma20,20日移動平均乖離,業種,卸売業,3d,3営業日,0,,,,サンプル不足
v4,distance_ma20,20日移動平均乖離,業種,卸売業,5d,5営業日,0,,,,サンプル不足
v4,distance_ma20,20日移動平均乖離,業種,卸売業,10d,10営業日,0,,,,サンプル不足
v4,distance_ma20,20日移動平均乖離,業種,小売業,1d,1営業日,1,-1.0,-1.0,0.0,サンプル不足
v4,distance_ma20,20日移動平均乖離,業種,小売業,3d,3営業日,1,-1.0,-1.0,0.0,サンプル不足
v4,distance_ma20,20日移動平均乖離,業種,小売業,5d,5営業日,1,-1.0,-1.0,0.0,サンプル不足
v4,distance_ma20,20日移動平均乖離,業種,小売業,10d,10営業日,1,-0.5,-0.5,0.0,サンプル不足
v4,distance_ma20,20日移動平均乖離,業種,建設業,1d,1営業日,0,,,,サンプル不足
v4,distance_ma20,20日移動平均乖離,業種,建設業,3d,3営業日,0,,,,サンプル不足
v4,distance_ma20,20日移動平均乖離,業種,建設業,5d,5営業日,0,,,,サンプル不足
v4,distance_ma20,20日移動平均乖離,業種,建設業,10d,10営業日,0,,,,サンプル不足
v4,distance_ma20,20日移動平均乖離,業種,情報・通信業,1d,1営業日,1,0.5,0.5,1.0,サンプル不足
v4,distance_ma20,20日移動平均乖離,業種,情報・通信業,3d,3営業日,1,-0.5,-0.5,0.0,サンプル不足
v4,distance_ma20,20日移動平均乖離,業種,情報・通信業,5d,5営業日,1,-1.0,-1.0,0.0,サンプル不足
v4,distance_ma20,20日移動平均乖離,業種,情報・通信業,10d,10営業日,1,0.5,0.5,1.0,サンプル不足
v4,distance_ma20,20日移動平均乖離,業種,機械,1d,1営業日,1,-0.2909090909090909,-0.2909090909090909,0.0,サンプル不足
v4,distance_ma20,20日移動平均乖離,業種,機械,3d,3営業日,1,-0.24155844155844156,-0.24155844155844156,0.0,サンプル不足
v4,distance_ma20,20日移動平均乖離,業種,機械,5d,5営業日,1,-0.1987012987012987,-0.1987012987012987,0.0,サンプル不足
v4,distance_ma20,20日移動平均乖離,業種,機械,10d,10営業日,1,-0.4194805194805195,-0.4194805194805195,0.0,サンプル不足
v4,distance_ma20,20日移動平均乖離,業種,海運業,1d,1営業日,0,,,,サンプル不足
v4,distance_ma20,20日移動平均乖離,業種,海運業,3d,3営業日,0,,,,サンプル不足
v4,distance_ma20,20日移動平均乖離,業種,海運業,5d,5営業日,0,,,,サンプル不足
v4,distance_ma20,20日移動平均乖離,業種,海運業,10d,10営業日,0,,,,サンプル不足
v4,distance_ma20,20日移動平均乖離,業種,空運業,1d,1営業日,0,,,,サンプル不足
v4,distance_ma20,20日移動平均乖離,業種,空運業,3d,3営業日,0,,,,サンプル不足
v4,distance_ma20,20日移動平均乖離,業種,空運業,5d,5営業日,0,,,,サンプル不足
v4,distance_ma20,20日移動平均乖離,業種,空運業,10d,10営業日,0,,,,サンプル不足
v4,distance_ma20,20日移動平均乖離,業種,繊維製品,1d,1営業日,0,,,,サンプル不足
v4,distance_ma20,20日移動平均乖離,業種,繊維製品,3d,3営業日,0,,,,サンプル不足
v4,distance_ma20,20日移動平均乖離,業種,繊維製品,5d,5営業日,0,,,,サンプル不足
v4,distance_ma20,20日移動平均乖離,業種,繊維製品,10d,10営業日,0,,,,サンプル不足
v4,distance_ma20,20日移動平均乖離,業種,証券、商品先物取引業,1d,1営業日,0,,,,サンプル不足
v4,distance_ma20,20日移動平均乖離,業種,証券、商品先物取引業,3d,3営業日,0,,,,サンプル不足
v4,distance_ma20,20日移動平均乖離,業種,証券、商品先物取引業,5d,5営業日,0,,,,サンプル不足
v4,distance_ma20,20日移動平均乖離,業種,証券、商品先物取引業,10d,10営業日,0,,,,サンプル不足
v4,distance_ma20,20日移動平均乖離,業種,輸送用機器,1d,1営業日,1,-1.0,-1.0,0.0,サンプル不足
v4,distance_ma20,20日移動平均乖離,業種,輸送用機器,3d,3営業日,1,0.5,0.5,1.0,サンプル不足
v4,distance_ma20,20日移動平均乖離,業種,輸送用機器,5d,5営業日,1,0.5,0.5,1.0,サンプル不足
v4,distance_ma20,20日移動平均乖離,業種,輸送用機器,10d,10営業日,1,-0.5,-0.5,0.0,サンプル不足
v4,distance_ma20,20日移動平均乖離,業種,金属製品,1d,1営業日,1,-1.0,-1.0,0.0,サンプル不足
v4,distance_ma20,20日移動平均乖離,業種,金属製品,3d,3営業日,1,-1.0,-1.0,0.0,サンプル不足
v4,distance_ma20,20日移動平均乖離,業種,金属製品,5d,5営業日,1,-0.5,-0.5,0.0,サンプル不足
v4,distance_ma20,20日移動平均乖離,業種,金属製品,10d,10営業日,1,-0.5,-0.5,0.0,サンプル不足
v4,distance_ma20,20日移動平均乖離,業種,鉄鋼,1d,1営業日,0,,,,サンプル不足
v4,distance_ma20,20日移動平均乖離,業種,鉄鋼,3d,3営業日,0,,,,サンプル不足
v4,distance_ma20,20日移動平均乖離,業種,鉄鋼,5d,5営業日,0,,,,サンプル不足
v4,distance_ma20,20日移動平均乖離,業種,鉄鋼,10d,10営業日,0,,,,サンプル不足
v4,distance_ma20,20日移動平均乖離,業種,銀行業,1d,1営業日,1,-0.09999999999999999,-0.09999999999999999,0.0,サンプル不足
v4,distance_ma20,20日移動平均乖離,業種,銀行業,3d,3営業日,1,0.6,0.6,1.0,サンプル不足
v4,distance_ma20,20日移動平均乖離,業種,銀行業,5d,5営業日,1,0.19999999999999998,0.19999999999999998,1.0,サンプル不足
v4,distance_ma20,20日移動平均乖離,業種,銀行業,10d,10営業日,1,0.3,0.3,1.0,サンプル不足
v4,distance_ma20,20日移動平均乖離,業種,電気機器,1d,1営業日,1,0.20722755505364204,0.20722755505364204,1.0,サンプル不足
v4,distance_ma20,20日移動平均乖離,業種,電気機器,3d,3営業日,1,0.30434782608695654,0.30434782608695654,1.0,サンプル不足
v4,distance_ma20,20日移動平均乖離,業種,電気機器,5d,5営業日,1,0.1225296442687747,0.1225296442687747,1.0,サンプル不足
v4,distance_ma20,20日移動平均乖離,業種,電気機器,10d,10営業日,1,-0.17108977978543197,-0.17108977978543197,0.0,サンプル不足
v4,distance_ma20,20日移動平均乖離,業種,食料品,1d,1営業日,0,,,,サンプル不足
v4,distance_ma20,20日移動平均乖離,業種,食料品,3d,3営業日,0,,,,サンプル不足
v4,distance_ma20,20日移動平均乖離,業種,食料品,5d,5営業日,0,,,,サンプル不足
v4,distance_ma20,20日移動平均乖離,業種,食料品,10d,10営業日,0,,,,サンプル不足
v4,distance_ma60,60日移動平均乖離,全体,全体,1d,1営業日,1,0.01836183618361836,0.01836183618361836,1.0,サンプル不足
v4,distance_ma60,60日移動平均乖離,全体,全体,3d,3営業日,1,0.22804680468046803,0.22804680468046803,1.0,サンプル不足
v4,distance_ma60,60日移動平均乖離,全体,全体,5d,5営業日,1,0.3491749174917491,0.3491749174917491,1.0,サンプル不足
v4,distance_ma60,60日移動平均乖離,全体,全体,10d,10営業日,1,0.12255625562556254,0.12255625562556254,1.0,サンプル不足
v4,distance_ma60,60日移動平均乖離,業種,その他製品,1d,1営業日,0,,,,サンプル不足
v4,distance_ma60,60日移動平均乖離,業種,その他製品,3d,3営業日,0,,,,サンプル不足
v4,distance_ma60,60日移動平均乖離,業種,その他製品,5d,5営業日,0,,,,サンプル不足
v4,distance_ma60,60日移動平均乖離,業種,その他製品,10d,10営業日,0,,,,サンプル不足
v4,distance_ma60,60日移動平均乖離,業種,その他金融業,1d,1営業日,0,,,,サンプル不足
v4,distance_ma60,60日移動平均乖離,業種,その他金融業,3d,3営業日,0,,,,サンプル不足
v4,distance_ma60,60日移動平均乖離,業種,その他金融業,5d,5営業日,0,,,,サンプル不足
v4,distance_ma60,60日移動平均乖離,業種,その他金融業,10d,10営業日,0,,,,サンプル不足
v4,distance_ma60,60日移動平均乖離,業種,ガラス・土石製品,1d,1営業日,0,,,,サンプル不足
v4,distance_ma60,60日移動平均乖離,業種,ガラス・土石製品,3d,3営業日,0,,,,サンプル不足
v4,distance_ma60,60日移動平均乖離,業種,ガラス・土石製品,5d,5営業日,0,,,,サンプル不足
v4,distance_ma60,60日移動平均乖離,業種,ガラス・土石製品,10d,10営業日,0,,,,サンプル不足
v4,distance_ma60,60日移動平均乖離,業種,ゴム製品,1d,1営業日,0,,,,サンプル不足
v4,distance_ma60,60日移動平均乖離,業種,ゴム製品,3d,3営業日,0,,,,サンプル不足
v4,distance_ma60,60日移動平均乖離,業種,ゴム製品,5d,5営業日,0,,,,サンプル不足
v4,distance_ma60,60日移動平均乖離,業種,ゴム製品,10d,10営業日,0,,,,サンプル不足
v4,distance_ma60,60日移動平均乖離,業種,サービス業,1d,1営業日,1,0.028571428571428574,0.028571428571428574,1.0,サンプル不足
v4,distance_ma60,60日移動平均乖離,業種,サービス業,3d,3営業日,1,0.3142857142857143,0.3142857142857143,1.0,サンプル不足
v4,distance_ma60,60日移動平均乖離,業種,サービス業,5d,5営業日,1,0.48571428571428577,0.48571428571428577,1.0,サンプル不足
v4,distance_ma60,60日移動平均乖離,業種,サービス業,10d,10営業日,1,0.7142857142857143,0.7142857142857143,1.0,サンプル不足
v4,distance_ma60,60日移動平均乖離,業種,不動産業,1d,1営業日,0,,,,サンプル不足
v4,distance_ma60,60日移動平均乖離,業種,不動産業,3d,3営業日,0,,,,サンプル不足
v4,distance_ma60,60日移動平均乖離,業種,不動産業,5d,5営業日,0,,,,サンプル不足
v4,distance_ma60,60日移動平均乖離,業種,不動産業,10d,10営業日,0,,,,サンプル不足
v4,distance_ma60,60日移動平均乖離,業種,保険業,1d,1営業日,0,,,,サンプル不足
v4,distance_ma60,60日移動平均乖離,業種,保険業,3d,3営業日,0,,,,サンプル不足
v4,distance_ma60,60日移動平均乖離,業種,保険業,5d,5営業日,0,,,,サンプル不足
v4,distance_ma60,60日移動平均乖離,業種,保険業,10d,10営業日,0,,,,サンプル不足
v4,distance_ma60,60日移動平均乖離,業種,化学,1d,1営業日,1,-0.4340659340659341,-0.4340659340659341,0.0,サンプル不足
v4,distance_ma60,60日移動平均乖離,業種,化学,3d,3営業日,1,0.2857142857142857,0.2857142857142857,1.0,サンプル不足
v4,distance_ma60,60日移動平均乖離,業種,化学,5d,5営業日,1,0.3186813186813187,0.3186813186813187,1.0,サンプル不足
v4,distance_ma60,60日移動平均乖離,業種,化学,10d,10営業日,1,-0.1868131868131868,-0.1868131868131868,0.0,サンプル不足
v4,distance_ma60,60日移動平均乖離,業種,卸売業,1d,1営業日,0,,,,サンプル不足
v4,distance_ma60,60日移動平均乖離,業種,卸売業,3d,3営業日,0,,,,サンプル不足
v4,distance_ma60,60日移動平均乖離,業種,卸売業,5d,5営業日,0,,,,サンプル不足
v4,distance_ma60,60日移動平均乖離,業種,卸売業,10d,10営業日,0,,,,サンプル不足
v4,distance_ma60,60日移動平均乖離,業種,小売業,1d,1営業日,1,-0.5,-0.5,0.0,サンプル不足
v4,distance_ma60,60日移動平均乖離,業種,小売業,3d,3営業日,1,-0.5,-0.5,0.0,サンプル不足
v4,distance_ma60,60日移動平均乖離,業種,小売業,5d,5営業日,1,-0.5,-0.5,0.0,サンプル不足
v4,distance_ma60,60日移動平均乖離,業種,小売業,10d,10営業日,1,0.5,0.5,1.0,サンプル不足
v4,distance_ma60,60日移動平均乖離,業種,建設業,1d,1営業日,0,,,,サンプル不足
v4,distance_ma60,60日移動平均乖離,業種,建設業,3d,3営業日,0,,,,サンプル不足
v4,distance_ma60,60日移動平均乖離,業種,建設業,5d,5営業日,0,,,,サンプル不足
v4,distance_ma60,60日移動平均乖離,業種,建設業,10d,10営業日,0,,,,サンプル不足
v4,distance_ma60,60日移動平均乖離,業種,情報・通信業,1d,1営業日,1,0.5,0.5,1.0,サンプル不足
v4,distance_ma60,60日移動平均乖離,業種,情報・通信業,3d,3営業日,1,-0.5,-0.5,0.0,サンプル不足
v4,distance_ma60,60日移動平均乖離,業種,情報・通信業,5d,5営業日,1,-1.0,-1.0,0.0,サンプル不足
v4,distance_ma60,60日移動平均乖離,業種,情報・通信業,10d,10営業日,1,0.5,0.5,1.0,サンプル不足
v4,distance_ma60,60日移動平均乖離,業種,機械,1d,1営業日,1,0.3103896103896104,0.3103896103896104,1.0,サンプル不足
v4,distance_ma60,60日移動平均乖離,業種,機械,3d,3営業日,1,0.0935064935064935,0.0935064935064935,1.0,サンプル不足
v4,distance_ma60,60日移動平均乖離,業種,機械,5d,5営業日,1,0.14285714285714285,0.14285714285714285,1.0,サンプル不足
v4,distance_ma60,60日移動平均乖離,業種,機械,10d,10営業日,1,-0.006493506493506493,-0.006493506493506493,0.0,サンプル不足
v4,distance_ma60,60日移動平均乖離,業種,海運業,1d,1営業日,0,,,,サンプル不足
v4,distance_ma60,60日移動平均乖離,業種,海運業,3d,3営業日,0,,,,サンプル不足
v4,distance_ma60,60日移動平均乖離,業種,海運業,5d,5営業日,0,,,,サンプル不足
v4,distance_ma60,60日移動平均乖離,業種,海運業,10d,10営業日,0,,,,サンプル不足
v4,distance_ma60,60日移動平均乖離,業種,空運業,1d,1営業日,0,,,,サンプル不足
v4,distance_ma60,60日移動平均乖離,業種,空運業,3d,3営業日,0,,,,サンプル不足
v4,distance_ma60,60日移動平均乖離,業種,空運業,5d,5営業日,0,,,,サンプル不足
v4,distance_ma60,60日移動平均乖離,業種,空運業,10d,10営業日,0,,,,サンプル不足
v4,distance_ma60,60日移動平均乖離,業種,繊維製品,1d,1営業日,0,,,,サンプル不足
v4,distance_ma60,60日移動平均乖離,業種,繊維製品,3d,3営業日,0,,,,サンプル不足
v4,distance_ma60,60日移動平均乖離,業種,繊維製品,5d,5営業日,0,,,,サンプル不足
v4,distance_ma60,60日移動平均乖離,業種,繊維製品,10d,10営業日,0,,,,サンプル不足
v4,distance_ma60,60日移動平均乖離,業種,証券、商品先物取引業,1d,1営業日,0,,,,サンプル不足
v4,distance_ma60,60日移動平均乖離,業種,証券、商品先物取引業,3d,3営業日,0,,,,サンプル不足
v4,distance_ma60,60日移動平均乖離,業種,証券、商品先物取引業,5d,5営業日,0,,,,サンプル不足
v4,distance_ma60,60日移動平均乖離,業種,証券、商品先物取引業,10d,10営業日,0,,,,サンプル不足
v4,distance_ma60,60日移動平均乖離,業種,輸送用機器,1d,1営業日,1,-1.0,-1.0,0.0,サンプル不足
v4,distance_ma60,60日移動平均乖離,業種,輸送用機器,3d,3営業日,1,0.5,0.5,1.0,サンプル不足
v4,distance_ma60,60日移動平均乖離,業種,輸送用機器,5d,5営業日,1,0.5,0.5,1.0,サンプル不足
v4,distance_ma60,60日移動平均乖離,業種,輸送用機器,10d,10営業日,1,-0.5,-0.5,0.0,サンプル不足
v4,distance_ma60,60日移動平均乖離,業種,金属製品,1d,1営業日,1,-1.0,-1.0,0.0,サンプル不足
v4,distance_ma60,60日移動平均乖離,業種,金属製品,3d,3営業日,1,-1.0,-1.0,0.0,サンプル不足
v4,distance_ma60,60日移動平均乖離,業種,金属製品,5d,5営業日,1,-0.5,-0.5,0.0,サンプル不足
v4,distance_ma60,60日移動平均乖離,業種,金属製品,10d,10営業日,1,-0.5,-0.5,0.0,サンプル不足
v4,distance_ma60,60日移動平均乖離,業種,鉄鋼,1d,1営業日,0,,,,サンプル不足
v4,distance_ma60,60日移動平均乖離,業種,鉄鋼,3d,3営業日,0,,,,サンプル不足
v4,distance_ma60,60日移動平均乖離,業種,鉄鋼,5d,5営業日,0,,,,サンプル不足
v4,distance_ma60,60日移動平均乖離,業種,鉄鋼,10d,10営業日,0,,,,サンプル不足
v4,distance_ma60,60日移動平均乖離,業種,銀行業,1d,1営業日,1,-0.49999999999999994,-0.49999999999999994,0.0,サンプル不足
v4,distance_ma60,60日移動平均乖離,業種,銀行業,3d,3営業日,1,0.49999999999999994,0.49999999999999994,1.0,サンプル不足
v4,distance_ma60,60日移動平均乖離,業種,銀行業,5d,5営業日,1,0.3,0.3,1.0,サンプル不足
v4,distance_ma60,60日移動平均乖離,業種,銀行業,10d,10営業日,1,-0.3,-0.3,0.0,サンプル不足
v4,distance_ma60,60日移動平均乖離,業種,電気機器,1d,1営業日,1,0.07622811970638058,0.07622811970638058,1.0,サンプル不足
v4,distance_ma60,60日移動平均乖離,業種,電気機器,3d,3営業日,1,0.10671936758893281,0.10671936758893281,1.0,サンプル不足
v4,distance_ma60,60日移動平均乖離,業種,電気機器,5d,5営業日,1,0.15866741953698477,0.15866741953698477,1.0,サンプル不足
v4,distance_ma60,60日移動平均乖離,業種,電気機器,10d,10営業日,1,-0.14963297571993225,-0.14963297571993225,0.0,サンプル不足
v4,distance_ma60,60日移動平均乖離,業種,食料品,1d,1営業日,0,,,,サンプル不足
v4,distance_ma60,60日移動平均乖離,業種,食料品,3d,3営業日,0,,,,サンプル不足
v4,distance_ma60,60日移動平均乖離,業種,食料品,5d,5営業日,0,,,,サンプル不足
v4,distance_ma60,60日移動平均乖離,業種,食料品,10d,10営業日,0,,,,サンプル不足
v4,avg_turnover_20d,20日平均売買代金,全体,全体,1d,1営業日,1,-0.1051065106510651,-0.1051065106510651,0.0,サンプル不足
v4,avg_turnover_20d,20日平均売買代金,全体,全体,3d,3営業日,1,-0.034695469546954696,-0.034695469546954696,0.0,サンプル不足
v4,avg_turnover_20d,20日平均売買代金,全体,全体,5d,5営業日,1,-0.06822682268226822,-0.06822682268226822,0.0,サンプル不足
v4,avg_turnover_20d,20日平均売買代金,全体,全体,10d,10営業日,1,-0.17432943294329434,-0.17432943294329434,0.0,サンプル不足
v4,avg_turnover_20d,20日平均売買代金,業種,その他製品,1d,1営業日,0,,,,サンプル不足
v4,avg_turnover_20d,20日平均売買代金,業種,その他製品,3d,3営業日,0,,,,サンプル不足
v4,avg_turnover_20d,20日平均売買代金,業種,その他製品,5d,5営業日,0,,,,サンプル不足
v4,avg_turnover_20d,20日平均売買代金,業種,その他製品,10d,10営業日,0,,,,サンプル不足
v4,avg_turnover_20d,20日平均売買代金,業種,その他金融業,1d,1営業日,0,,,,サンプル不足
v4,avg_turnover_20d,20日平均売買代金,業種,その他金融業,3d,3営業日,0,,,,サンプル不足
v4,avg_turnover_20d,20日平均売買代金,業種,その他金融業,5d,5営業日,0,,,,サンプル不足
v4,avg_turnover_20d,20日平均売買代金,業種,その他金融業,10d,10営業日,0,,,,サンプル不足
v4,avg_turnover_20d,20日平均売買代金,業種,ガラス・土石製品,1d,1営業日,0,,,,サンプル不足
v4,avg_turnover_20d,20日平均売買代金,業種,ガラス・土石製品,3d,3営業日,0,,,,サンプル不足
v4,avg_turnover_20d,20日平均売買代金,業種,ガラス・土石製品,5d,5営業日,0,,,,サンプル不足
v4,avg_turnover_20d,20日平均売買代金,業種,ガラス・土石製品,10d,10営業日,0,,,,サンプル不足
v4,avg_turnover_20d,20日平均売買代金,業種,ゴム製品,1d,1営業日,0,,,,サンプル不足
v4,avg_turnover_20d,20日平均売買代金,業種,ゴム製品,3d,3営業日,0,,,,サンプル不足
v4,avg_turnover_20d,20日平均売買代金,業種,ゴム製品,5d,5営業日,0,,,,サンプル不足
v4,avg_turnover_20d,20日平均売買代金,業種,ゴム製品,10d,10営業日,0,,,,サンプル不足
v4,avg_turnover_20d,20日平均売買代金,業種,サービス業,1d,1営業日,1,-0.028571428571428574,-0.028571428571428574,0.0,サンプル不足
v4,avg_turnover_20d,20日平均売買代金,業種,サービス業,3d,3営業日,1,-0.14285714285714288,-0.14285714285714288,0.0,サンプル不足
v4,avg_turnover_20d,20日平均売買代金,業種,サービス業,5d,5営業日,1,-0.3142857142857143,-0.3142857142857143,0.0,サンプル不足
v4,avg_turnover_20d,20日平均売買代金,業種,サービス業,10d,10営業日,1,-0.2571428571428572,-0.2571428571428572,0.0,サンプル不足
v4,avg_turnover_20d,20日平均売買代金,業種,不動産業,1d,1営業日,0,,,,サンプル不足
v4,avg_turnover_20d,20日平均売買代金,業種,不動産業,3d,3営業日,0,,,,サンプル不足
v4,avg_turnover_20d,20日平均売買代金,業種,不動産業,5d,5営業日,0,,,,サンプル不足
v4,avg_turnover_20d,20日平均売買代金,業種,不動産業,10d,10営業日,0,,,,サンプル不足
v4,avg_turnover_20d,20日平均売買代金,業種,保険業,1d,1営業日,0,,,,サンプル不足
v4,avg_turnover_20d,20日平均売買代金,業種,保険業,3d,3営業日,0,,,,サンプル不足
v4,avg_turnover_20d,20日平均売買代金,業種,保険業,5d,5営業日,0,,,,サンプル不足
v4,avg_turnover_20d,20日平均売買代金,業種,保険業,10d,10営業日,0,,,,サンプル不足
v4,avg_turnover_20d,20日平均売買代金,業種,化学,1d,1営業日,1,-0.03846153846153846,-0.03846153846153846,0.0,サンプル不足
v4,avg_turnover_20d,20日平均売買代金,業種,化学,3d,3営業日,1,-0.6813186813186813,-0.6813186813186813,0.0,サンプル不足
v4,avg_turnover_20d,20日平均売買代金,業種,化学,5d,5営業日,1,-0.5439560439560439,-0.5439560439560439,0.0,サンプル不足
v4,avg_turnover_20d,20日平均売買代金,業種,化学,10d,10営業日,1,0.010989010989010988,0.010989010989010988,1.0,サンプル不足
v4,avg_turnover_20d,20日平均売買代金,業種,卸売業,1d,1営業日,0,,,,サンプル不足
v4,avg_turnover_20d,20日平均売買代金,業種,卸売業,3d,3営業日,0,,,,サンプル不足
v4,avg_turnover_20d,20日平均売買代金,業種,卸売業,5d,5営業日,0,,,,サンプル不足
v4,avg_turnover_20d,20日平均売買代金,業種,卸売業,10d,10営業日,0,,,,サンプル不足
v4,avg_turnover_20d,20日平均売買代金,業種,小売業,1d,1営業日,1,-0.5,-0.5,0.0,サンプル不足
v4,avg_turnover_20d,20日平均売買代金,業種,小売業,3d,3営業日,1,-0.5,-0.5,0.0,サンプル不足
v4,avg_turnover_20d,20日平均売買代金,業種,小売業,5d,5営業日,1,-0.5,-0.5,0.0,サンプル不足
v4,avg_turnover_20d,20日平均売買代金,業種,小売業,10d,10営業日,1,0.5,0.5,1.0,サンプル不足
v4,avg_turnover_20d,20日平均売買代金,業種,建設業,1d,1営業日,0,,,,サンプル不足
v4,avg_turnover_20d,20日平均売買代金,業種,建設業,3d,3営業日,0,,,,サンプル不足
v4,avg_turnover_20d,20日平均売買代金,業種,建設業,5d,5営業日,0,,,,サンプル不足
v4,avg_turnover_20d,20日平均売買代金,業種,建設業,10d,10営業日,0,,,,サンプル不足
v4,avg_turnover_20d,20日平均売買代金,業種,情報・通信業,1d,1営業日,1,-0.5,-0.5,0.0,サンプル不足
v4,avg_turnover_20d,20日平均売買代金,業種,情報・通信業,3d,3営業日,1,0.5,0.5,1.0,サンプル不足
v4,avg_turnover_20d,20日平均売買代金,業種,情報・通信業,5d,5営業日,1,1.0,1.0,1.0,サンプル不足
v4,avg_turnover_20d,20日平均売買代金,業種,情報・通信業,10d,10営業日,1,-0.5,-0.5,0.0,サンプル不足
v4,avg_turnover_20d,20日平均売買代金,業種,機械,1d,1営業日,1,-0.2545454545454545,-0.2545454545454545,0.0,サンプル不足
v4,avg_turnover_20d,20日平均売買代金,業種,機械,3d,3営業日,1,-0.08181818181818182,-0.08181818181818182,0.0,サンプル不足
v4,avg_turnover_20d,20日平均売買代金,業種,機械,5d,5営業日,1,-0.08441558441558442,-0.08441558441558442,0.0,サンプル不足
v4,avg_turnover_20d,20日平均売買代金,業種,機械,10d,10営業日,1,-0.26233766233766237,-0.26233766233766237,0.0,サンプル不足
v4,avg_turnover_20d,20日平均売買代金,業種,海運業,1d,1営業日,0,,,,サンプル不足
v4,avg_turnover_20d,20日平均売買代金,業種,海運業,3d,3営業日,0,,,,サンプル不足
v4,avg_turnover_20d,20日平均売買代金,業種,海運業,5d,5営業日,0,,,,サンプル不足
v4,avg_turnover_20d,20日平均売買代金,業種,海運業,10d,10営業日,0,,,,サンプル不足
v4,avg_turnover_20d,20日平均売買代金,業種,空運業,1d,1営業日,0,,,,サンプル不足
v4,avg_turnover_20d,20日平均売買代金,業種,空運業,3d,3営業日,0,,,,サンプル不足
v4,avg_turnover_20d,20日平均売買代金,業種,空運業,5d,5営業日,0,,,,サンプル不足
v4,avg_turnover_20d,20日平均売買代金,業種,空運業,10d,10営業日,0,,,,サンプル不足
v4,avg_turnover_20d,20日平均売買代金,業種,繊維製品,1d,1営業日,0,,,,サンプル不足
v4,avg_turnover_20d,20日平均売買代金,業種,繊維製品,3d,3営業日,0,,,,サンプル不足
v4,avg_turnover_20d,20日平均売買代金,業種,繊維製品,5d,5営業日,0,,,,サンプル不足
v4,avg_turnover_20d,20日平均売買代金,業種,繊維製品,10d,10営業日,0,,,,サンプル不足
v4,avg_turnover_20d,20日平均売買代金,業種,証券、商品先物取引業,1d,1営業日,0,,,,サンプル不足
v4,avg_turnover_20d,20日平均売買代金,業種,証券、商品先物取引業,3d,3営業日,0,,,,サンプル不足
v4,avg_turnover_20d,20日平均売買代金,業種,証券、商品先物取引業,5d,5営業日,0,,,,サンプル不足
v4,avg_turnover_20d,20日平均売買代金,業種,証券、商品先物取引業,10d,10営業日,0,,,,サンプル不足
v4,avg_turnover_20d,20日平均売買代金,業種,輸送用機器,1d,1営業日,1,1.0,1.0,1.0,サンプル不足
v4,avg_turnover_20d,20日平均売買代金,業種,輸送用機器,3d,3営業日,1,-0.5,-0.5,0.0,サンプル不足
v4,avg_turnover_20d,20日平均売買代金,業種,輸送用機器,5d,5営業日,1,-0.5,-0.5,0.0,サンプル不足
v4,avg_turnover_20d,20日平均売買代金,業種,輸送用機器,10d,10営業日,1,0.5,0.5,1.0,サンプル不足
v4,avg_turnover_20d,20日平均売買代金,業種,金属製品,1d,1営業日,1,-1.0,-1.0,0.0,サンプル不足
v4,avg_turnover_20d,20日平均売買代金,業種,金属製品,3d,3営業日,1,-1.0,-1.0,0.0,サンプル不足
v4,avg_turnover_20d,20日平均売買代金,業種,金属製品,5d,5営業日,1,-0.5,-0.5,0.0,サンプル不足
v4,avg_turnover_20d,20日平均売買代金,業種,金属製品,10d,10営業日,1,-0.5,-0.5,0.0,サンプル不足
v4,avg_turnover_20d,20日平均売買代金,業種,鉄鋼,1d,1営業日,0,,,,サンプル不足
v4,avg_turnover_20d,20日平均売買代金,業種,鉄鋼,3d,3営業日,0,,,,サンプル不足
v4,avg_turnover_20d,20日平均売買代金,業種,鉄鋼,5d,5営業日,0,,,,サンプル不足
v4,avg_turnover_20d,20日平均売買代金,業種,鉄鋼,10d,10営業日,0,,,,サンプル不足
v4,avg_turnover_20d,20日平均売買代金,業種,銀行業,1d,1営業日,1,0.3,0.3,1.0,サンプル不足
v4,avg_turnover_20d,20日平均売買代金,業種,銀行業,3d,3営業日,1,0.7,0.7,1.0,サンプル不足
v4,avg_turnover_20d,20日平均売買代金,業種,銀行業,5d,5営業日,1,0.49999999999999994,0.49999999999999994,1.0,サンプル不足
v4,avg_turnover_20d,20日平均売買代金,業種,銀行業,10d,10営業日,1,0.49999999999999994,0.49999999999999994,1.0,サンプル不足
v4,avg_turnover_20d,20日平均売買代金,業種,電気機器,1d,1営業日,1,0.21626199887069456,0.21626199887069456,1.0,サンプル不足
v4,avg_turnover_20d,20日平均売買代金,業種,電気機器,3d,3営業日,1,0.11801242236024848,0.11801242236024848,1.0,サンプル不足
v4,avg_turnover_20d,20日平均売買代金,業種,電気機器,5d,5営業日,1,-0.07058159232072277,-0.07058159232072277,0.0,サンプル不足
v4,avg_turnover_20d,20日平均売買代金,業種,電気機器,10d,10営業日,1,-0.3506493506493507,-0.3506493506493507,0.0,サンプル不足
v4,avg_turnover_20d,20日平均売買代金,業種,食料品,1d,1営業日,0,,,,サンプル不足
v4,avg_turnover_20d,20日平均売買代金,業種,食料品,3d,3営業日,0,,,,サンプル不足
v4,avg_turnover_20d,20日平均売買代金,業種,食料品,5d,5営業日,0,,,,サンプル不足
v4,avg_turnover_20d,20日平均売買代金,業種,食料品,10d,10営業日,0,,,,サンプル不足
v4,volume_ratio_20d,出来高比,全体,全体,1d,1営業日,1,-0.16945694569456943,-0.16945694569456943,0.0,サンプル不足
v4,volume_ratio_20d,出来高比,全体,全体,3d,3営業日,1,-0.12890489048904888,-0.12890489048904888,0.0,サンプル不足
v4,volume_ratio_20d,出来高比,全体,全体,5d,5営業日,1,-0.15915991599159912,-0.15915991599159912,0.0,サンプル不足
v4,volume_ratio_20d,出来高比,全体,全体,10d,10営業日,1,-0.024098409840984093,-0.024098409840984093,0.0,サンプル不足
v4,volume_ratio_20d,出来高比,業種,その他製品,1d,1営業日,0,,,,サンプル不足
v4,volume_ratio_20d,出来高比,業種,その他製品,3d,3営業日,0,,,,サンプル不足
v4,volume_ratio_20d,出来高比,業種,その他製品,5d,5営業日,0,,,,サンプル不足
v4,volume_ratio_20d,出来高比,業種,その他製品,10d,10営業日,0,,,,サンプル不足
v4,volume_ratio_20d,出来高比,業種,その他金融業,1d,1営業日,0,,,,サンプル不足
v4,volume_ratio_20d,出来高比,業種,その他金融業,3d,3営業日,0,,,,サンプル不足
v4,volume_ratio_20d,出来高比,業種,その他金融業,5d,5営業日,0,,,,サンプル不足
v4,volume_ratio_20d,出来高比,業種,その他金融業,10d,10営業日,0,,,,サンプル不足
v4,volume_ratio_20d,出来高比,業種,ガラス・土石製品,1d,1営業日,0,,,,サンプル不足
v4,volume_ratio_20d,出来高比,業種,ガラス・土石製品,3d,3営業日,0,,,,サンプル不足
v4,volume_ratio_20d,出来高比,業種,ガラス・土石製品,5d,5営業日,0,,,,サンプル不足
v4,volume_ratio_20d,出来高比,業種,ガラス・土石製品,10d,10営業日,0,,,,サンプル不足
v4,volume_ratio_20d,出来高比,業種,ゴム製品,1d,1営業日,0,,,,サンプル不足
v4,volume_ratio_20d,出来高比,業種,ゴム製品,3d,3営業日,0,,,,サンプル不足
v4,volume_ratio_20d,出来高比,業種,ゴム製品,5d,5営業日,0,,,,サンプル不足
v4,volume_ratio_20d,出来高比,業種,ゴム製品,10d,10営業日,0,,,,サンプル不足
v4,volume_ratio_20d,出来高比,業種,サービス業,1d,1営業日,1,-0.08571428571428573,-0.08571428571428573,0.0,サンプル不足
v4,volume_ratio_20d,出来高比,業種,サービス業,3d,3営業日,1,-0.08571428571428573,-0.08571428571428573,0.0,サンプル不足
v4,volume_ratio_20d,出来高比,業種,サービス業,5d,5営業日,1,-0.028571428571428574,-0.028571428571428574,0.0,サンプル不足
v4,volume_ratio_20d,出来高比,業種,サービス業,10d,10営業日,1,-0.14285714285714288,-0.14285714285714288,0.0,サンプル不足
v4,volume_ratio_20d,出来高比,業種,不動産業,1d,1営業日,0,,,,サンプル不足
v4,volume_ratio_20d,出来高比,業種,不動産業,3d,3営業日,0,,,,サンプル不足
v4,volume_ratio_20d,出来高比,業種,不動産業,5d,5営業日,0,,,,サンプル不足
v4,volume_ratio_20d,出来高比,業種,不動産業,10d,10営業日,0,,,,サンプル不足
v4,volume_ratio_20d,出来高比,業種,保険業,1d,1営業日,0,,,,サンプル不足
v4,volume_ratio_20d,出来高比,業種,保険業,3d,3営業日,0,,,,サンプル不足
v4,volume_ratio_20d,出来高比,業種,保険業,5d,5営業日,0,,,,サンプル不足
v4,volume_ratio_20d,出来高比,業種,保険業,10d,10営業日,0,,,,サンプル不足
v4,volume_ratio_20d,出来高比,業種,化学,1d,1営業日,1,-0.07142857142857142,-0.07142857142857142,0.0,サンプル不足
v4,volume_ratio_20d,出来高比,業種,化学,3d,3営業日,1,-0.42857142857142855,-0.42857142857142855,0.0,サンプル不足
v4,volume_ratio_20d,出来高比,業種,化学,5d,5営業日,1,-0.16483516483516483,-0.16483516483516483,0.0,サンプル不足
v4,volume_ratio_20d,出来高比,業種,化学,10d,10営業日,1,0.0934065934065934,0.0934065934065934,1.0,サンプル不足
v4,volume_ratio_20d,出来高比,業種,卸売業,1d,1営業日,0,,,,サンプル不足
v4,volume_ratio_20d,出来高比,業種,卸売業,3d,3営業日,0,,,,サンプル不足
v4,volume_ratio_20d,出来高比,業種,卸売業,5d,5営業日,0,,,,サンプル不足
v4,volume_ratio_20d,出来高比,業種,卸売業,10d,10営業日,0,,,,サンプル不足
v4,volume_ratio_20d,出来高比,業種,小売業,1d,1営業日,1,-0.5,-0.5,0.0,サンプル不足
v4,volume_ratio_20d,出来高比,業種,小売業,3d,3営業日,1,-0.5,-0.5,0.0,サンプル不足
v4,volume_ratio_20d,出来高比,業種,小売業,5d,5営業日,1,-0.5,-0.5,0.0,サンプル不足
v4,volume_ratio_20d,出来高比,業種,小売業,10d,10営業日,1,-1.0,-1.0,0.0,サンプル不足
v4,volume_ratio_20d,出来高比,業種,建設業,1d,1営業日,0,,,,サンプル不足
v4,volume_ratio_20d,出来高比,業種,建設業,3d,3営業日,0,,,,サンプル不足
v4,volume_ratio_20d,出来高比,業種,建設業,5d,5営業日,0,,,,サンプル不足
v4,volume_ratio_20d,出来高比,業種,建設業,10d,10営業日,0,,,,サンプル不足
v4,volume_ratio_20d,出来高比,業種,情報・通信業,1d,1営業日,1,-1.0,-1.0,0.0,サンプル不足
v4,volume_ratio_20d,出来高比,業種,情報・通信業,3d,3営業日,1,-0.5,-0.5,0.0,サンプル不足
v4,volume_ratio_20d,出来高比,業種,情報・通信業,5d,5営業日,1,0.5,0.5,1.0,サンプル不足
v4,volume_ratio_20d,出来高比,業種,情報・通信業,10d,10営業日,1,-1.0,-1.0,0.0,サンプル不足
v4,volume_ratio_20d,出来高比,業種,機械,1d,1営業日,1,-0.4090909090909091,-0.4090909090909091,0.0,サンプル不足
v4,volume_ratio_20d,出来高比,業種,機械,3d,3営業日,1,-0.12467532467532469,-0.12467532467532469,0.0,サンプル不足
v4,volume_ratio_20d,出来高比,業種,機械,5d,5営業日,1,-0.05454545454545454,-0.05454545454545454,0.0,サンプル不足
v4,volume_ratio_20d,出来高比,業種,機械,10d,10営業日,1,-0.3246753246753247,-0.3246753246753247,0.0,サンプル不足
v4,volume_ratio_20d,出来高比,業種,海運業,1d,1営業日,0,,,,サンプル不足
v4,volume_ratio_20d,出来高比,業種,海運業,3d,3営業日,0,,,,サンプル不足
v4,volume_ratio_20d,出来高比,業種,海運業,5d,5営業日,0,,,,サンプル不足
v4,volume_ratio_20d,出来高比,業種,海運業,10d,10営業日,0,,,,サンプル不足
v4,volume_ratio_20d,出来高比,業種,空運業,1d,1営業日,0,,,,サンプル不足
v4,volume_ratio_20d,出来高比,業種,空運業,3d,3営業日,0,,,,サンプル不足
v4,volume_ratio_20d,出来高比,業種,空運業,5d,5営業日,0,,,,サンプル不足
v4,volume_ratio_20d,出来高比,業種,空運業,10d,10営業日,0,,,,サンプル不足
v4,volume_ratio_20d,出来高比,業種,繊維製品,1d,1営業日,0,,,,サンプル不足
v4,volume_ratio_20d,出来高比,業種,繊維製品,3d,3営業日,0,,,,サンプル不足
v4,volume_ratio_20d,出来高比,業種,繊維製品,5d,5営業日,0,,,,サンプル不足
v4,volume_ratio_20d,出来高比,業種,繊維製品,10d,10営業日,0,,,,サンプル不足
v4,volume_ratio_20d,出来高比,業種,証券、商品先物取引業,1d,1営業日,0,,,,サンプル不足
v4,volume_ratio_20d,出来高比,業種,証券、商品先物取引業,3d,3営業日,0,,,,サンプル不足
v4,volume_ratio_20d,出来高比,業種,証券、商品先物取引業,5d,5営業日,0,,,,サンプル不足
v4,volume_ratio_20d,出来高比,業種,証券、商品先物取引業,10d,10営業日,0,,,,サンプル不足
v4,volume_ratio_20d,出来高比,業種,輸送用機器,1d,1営業日,1,-0.5,-0.5,0.0,サンプル不足
v4,volume_ratio_20d,出来高比,業種,輸送用機器,3d,3営業日,1,-0.5,-0.5,0.0,サンプル不足
v4,volume_ratio_20d,出来高比,業種,輸送用機器,5d,5営業日,1,-0.5,-0.5,0.0,サンプル不足
v4,volume_ratio_20d,出来高比,業種,輸送用機器,10d,10営業日,1,-1.0,-1.0,0.0,サンプル不足
v4,volume_ratio_20d,出来高比,業種,金属製品,1d,1営業日,1,0.5,0.5,1.0,サンプル不足
v4,volume_ratio_20d,出来高比,業種,金属製品,3d,3営業日,1,0.5,0.5,1.0,サンプル不足
v4,volume_ratio_20d,出来高比,業種,金属製品,5d,5営業日,1,-0.5,-0.5,0.0,サンプル不足
v4,volume_ratio_20d,出来高比,業種,金属製品,10d,10営業日,1,-0.5,-0.5,0.0,サンプル不足
v4,volume_ratio_20d,出来高比,業種,鉄鋼,1d,1営業日,0,,,,サンプル不足
v4,volume_ratio_20d,出来高比,業種,鉄鋼,3d,3営業日,0,,,,サンプル不足
v4,volume_ratio_20d,出来高比,業種,鉄鋼,5d,5営業日,0,,,,サンプル不足
v4,volume_ratio_20d,出来高比,業種,鉄鋼,10d,10営業日,0,,,,サンプル不足
v4,volume_ratio_20d,出来高比,業種,銀行業,1d,1営業日,1,0.3,0.3,1.0,サンプル不足
v4,volume_ratio_20d,出来高比,業種,銀行業,3d,3営業日,1,0.19999999999999998,0.19999999999999998,1.0,サンプル不足
v4,volume_ratio_20d,出来高比,業種,銀行業,5d,5営業日,1,-0.09999999999999999,-0.09999999999999999,0.0,サンプル不足
v4,volume_ratio_20d,出来高比,業種,銀行業,10d,10営業日,1,0.6,0.6,1.0,サンプル不足
v4,volume_ratio_20d,出来高比,業種,電気機器,1d,1営業日,1,-0.07622811970638058,-0.07622811970638058,0.0,サンプル不足
v4,volume_ratio_20d,出来高比,業種,電気機器,3d,3営業日,1,0.023150762281197064,0.023150762281197064,1.0,サンプル不足
v4,volume_ratio_20d,出来高比,業種,電気機器,5d,5営業日,1,-0.23884810841332585,-0.23884810841332585,0.0,サンプル不足
v4,volume_ratio_20d,出来高比,業種,電気機器,10d,10営業日,1,-0.017504234895539244,-0.017504234895539244,0.0,サンプル不足
v4,volume_ratio_20d,出来高比,業種,食料品,1d,1営業日,0,,,,サンプル不足
v4,volume_ratio_20d,出来高比,業種,食料品,3d,3営業日,0,,,,サンプル不足
v4,volume_ratio_20d,出来高比,業種,食料品,5d,5営業日,0,,,,サンプル不足
v4,volume_ratio_20d,出来高比,業種,食料品,10d,10営業日,0,,,,サンプル不足
v4,distance_high_120d,120日高値接近度,全体,全体,1d,1営業日,1,0.05138521073031149,0.05138521073031149,1.0,サンプル不足
v4,distance_high_120d,120日高値接近度,全体,全体,3d,3営業日,1,0.09897540827203907,0.09897540827203907,1.0,サンプル不足
v4,distance_high_120d,120日高値接近度,全体,全体,5d,5営業日,1,-0.0005186111270572877,-0.0005186111270572877,0.0,サンプル不足
v4,distance_high_120d,120日高値接近度,全体,全体,10d,10営業日,1,0.013508294532998061,0.013508294532998061,1.0,サンプル不足
v4,distance_high_120d,120日高値接近度,業種,その他製品,1d,1営業日,0,,,,サンプル不足
v4,distance_high_120d,120日高値接近度,業種,その他製品,3d,3営業日,0,,,,サンプル不足
v4,distance_high_120d,120日高値接近度,業種,その他製品,5d,5営業日,0,,,,サンプル不足
v4,distance_high_120d,120日高値接近度,業種,その他製品,10d,10営業日,0,,,,サンプル不足
v4,distance_high_120d,120日高値接近度,業種,その他金融業,1d,1営業日,0,,,,サンプル不足
v4,distance_high_120d,120日高値接近度,業種,その他金融業,3d,3営業日,0,,,,サンプル不足
v4,distance_high_120d,120日高値接近度,業種,その他金融業,5d,5営業日,0,,,,サンプル不足
v4,distance_high_120d,120日高値接近度,業種,その他金融業,10d,10営業日,0,,,,サンプル不足
v4,distance_high_120d,120日高値接近度,業種,ガラス・土石製品,1d,1営業日,0,,,,サンプル不足
v4,distance_high_120d,120日高値接近度,業種,ガラス・土石製品,3d,3営業日,0,,,,サンプル不足
v4,distance_high_120d,120日高値接近度,業種,ガラス・土石製品,5d,5営業日,0,,,,サンプル不足
v4,distance_high_120d,120日高値接近度,業種,ガラス・土石製品,10d,10営業日,0,,,,サンプル不足
v4,distance_high_120d,120日高値接近度,業種,ゴム製品,1d,1営業日,0,,,,サンプル不足
v4,distance_high_120d,120日高値接近度,業種,ゴム製品,3d,3営業日,0,,,,サンプル不足
v4,distance_high_120d,120日高値接近度,業種,ゴム製品,5d,5営業日,0,,,,サンプル不足
v4,distance_high_120d,120日高値接近度,業種,ゴム製品,10d,10営業日,0,,,,サンプル不足
v4,distance_high_120d,120日高値接近度,業種,サービス業,1d,1営業日,1,-0.028571428571428574,-0.028571428571428574,0.0,サンプル不足
v4,distance_high_120d,120日高値接近度,業種,サービス業,3d,3営業日,1,0.028571428571428574,0.028571428571428574,1.0,サンプル不足
v4,distance_high_120d,120日高値接近度,業種,サービス業,5d,5営業日,1,0.14285714285714288,0.14285714285714288,1.0,サンプル不足
v4,distance_high_120d,120日高値接近度,業種,サービス業,10d,10営業日,1,0.3142857142857143,0.3142857142857143,1.0,サンプル不足
v4,distance_high_120d,120日高値接近度,業種,不動産業,1d,1営業日,0,,,,サンプル不足
v4,distance_high_120d,120日高値接近度,業種,不動産業,3d,3営業日,0,,,,サンプル不足
v4,distance_high_120d,120日高値接近度,業種,不動産業,5d,5営業日,0,,,,サンプル不足
v4,distance_high_120d,120日高値接近度,業種,不動産業,10d,10営業日,0,,,,サンプル不足
v4,distance_high_120d,120日高値接近度,業種,保険業,1d,1営業日,0,,,,サンプル不足
v4,distance_high_120d,120日高値接近度,業種,保険業,3d,3営業日,0,,,,サンプル不足
v4,distance_high_120d,120日高値接近度,業種,保険業,5d,5営業日,0,,,,サンプル不足
v4,distance_high_120d,120日高値接近度,業種,保険業,10d,10営業日,0,,,,サンプル不足
v4,distance_high_120d,120日高値接近度,業種,化学,1d,1営業日,1,-0.36863858808008876,-0.36863858808008876,0.0,サンプル不足
v4,distance_high_120d,120日高値接近度,業種,化学,3d,3営業日,1,-0.654746148978068,-0.654746148978068,0.0,サンプル不足
v4,distance_high_120d,120日高値接近度,業種,化学,5d,5営業日,1,-0.36313651960128146,-0.36313651960128146,0.0,サンプル不足
v4,distance_high_120d,120日高値接近度,業種,化学,10d,10営業日,1,0.2613482527433465,0.2613482527433465,1.0,サンプル不足
v4,distance_high_120d,120日高値接近度,業種,卸売業,1d,1営業日,0,,,,サンプル不足
v4,distance_high_120d,120日高値接近度,業種,卸売業,3d,3営業日,0,,,,サンプル不足
v4,distance_high_120d,120日高値接近度,業種,卸売業,5d,5営業日,0,,,,サンプル不足
v4,distance_high_120d,120日高値接近度,業種,卸売業,10d,10営業日,0,,,,サンプル不足
v4,distance_high_120d,120日高値接近度,業種,小売業,1d,1営業日,1,-0.5,-0.5,0.0,サンプル不足
v4,distance_high_120d,120日高値接近度,業種,小売業,3d,3営業日,1,-0.5,-0.5,0.0,サンプル不足
v4,distance_high_120d,120日高値接近度,業種,小売業,5d,5営業日,1,-0.5,-0.5,0.0,サンプル不足
v4,distance_high_120d,120日高値接近度,業種,小売業,10d,10営業日,1,-1.0,-1.0,0.0,サンプル不足
v4,distance_high_120d,120日高値接近度,業種,建設業,1d,1営業日,0,,,,サンプル不足
v4,distance_high_120d,120日高値接近度,業種,建設業,3d,3営業日,0,,,,サンプル不足
v4,distance_high_120d,120日高値接近度,業種,建設業,5d,5営業日,0,,,,サンプル不足
v4,distance_high_120d,120日高値接近度,業種,建設業,10d,10営業日,0,,,,サンプル不足
v4,distance_high_120d,120日高値接近度,業種,情報・通信業,1d,1営業日,1,0.5,0.5,1.0,サンプル不足
v4,distance_high_120d,120日高値接近度,業種,情報・通信業,3d,3営業日,1,-0.5,-0.5,0.0,サンプル不足
v4,distance_high_120d,120日高値接近度,業種,情報・通信業,5d,5営業日,1,-1.0,-1.0,0.0,サンプル不足
v4,distance_high_120d,120日高値接近度,業種,情報・通信業,10d,10営業日,1,0.5,0.5,1.0,サンプル不足
v4,distance_high_120d,120日高値接近度,業種,機械,1d,1営業日,1,-0.030860669992418384,-0.030860669992418384,0.0,サンプル不足
v4,distance_high_120d,120日高値接近度,業種,機械,3d,3営業日,1,-0.05891582453098055,-0.05891582453098055,0.0,サンプル不足
v4,distance_high_120d,120日高値接近度,業種,機械,5d,5営業日,1,0.002805515453856217,0.002805515453856217,1.0,サンプル不足
v4,distance_high_120d,120日高値接近度,業種,機械,10d,10営業日,1,-0.1514978345082357,-0.1514978345082357,0.0,サンプル不足
v4,distance_high_120d,120日高値接近度,業種,海運業,1d,1営業日,0,,,,サンプル不足
v4,distance_high_120d,120日高値接近度,業種,海運業,3d,3営業日,0,,,,サンプル不足
v4,distance_high_120d,120日高値接近度,業種,海運業,5d,5営業日,0,,,,サンプル不足
v4,distance_high_120d,120日高値接近度,業種,海運業,10d,10営業日,0,,,,サンプル不足
v4,distance_high_120d,120日高値接近度,業種,空運業,1d,1営業日,0,,,,サンプル不足
v4,distance_high_120d,120日高値接近度,業種,空運業,3d,3営業日,0,,,,サンプル不足
v4,distance_high_120d,120日高値接近度,業種,空運業,5d,5営業日,0,,,,サンプル不足
v4,distance_high_120d,120日高値接近度,業種,空運業,10d,10営業日,0,,,,サンプル不足
v4,distance_high_120d,120日高値接近度,業種,繊維製品,1d,1営業日,0,,,,サンプル不足
v4,distance_high_120d,120日高値接近度,業種,繊維製品,3d,3営業日,0,,,,サンプル不足
v4,distance_high_120d,120日高値接近度,業種,繊維製品,5d,5営業日,0,,,,サンプル不足
v4,distance_high_120d,120日高値接近度,業種,繊維製品,10d,10営業日,0,,,,サンプル不足
v4,distance_high_120d,120日高値接近度,業種,証券、商品先物取引業,1d,1営業日,0,,,,サンプル不足
v4,distance_high_120d,120日高値接近度,業種,証券、商品先物取引業,3d,3営業日,0,,,,サンプル不足
v4,distance_high_120d,120日高値接近度,業種,証券、商品先物取引業,5d,5営業日,0,,,,サンプル不足
v4,distance_high_120d,120日高値接近度,業種,証券、商品先物取引業,10d,10営業日,0,,,,サンプル不足
v4,distance_high_120d,120日高値接近度,業種,輸送用機器,1d,1営業日,1,-0.5,-0.5,0.0,サンプル不足
v4,distance_high_120d,120日高値接近度,業種,輸送用機器,3d,3営業日,1,1.0,1.0,1.0,サンプル不足
v4,distance_high_120d,120日高値接近度,業種,輸送用機器,5d,5営業日,1,1.0,1.0,1.0,サンプル不足
v4,distance_high_120d,120日高値接近度,業種,輸送用機器,10d,10営業日,1,0.5,0.5,1.0,サンプル不足
v4,distance_high_120d,120日高値接近度,業種,金属製品,1d,1営業日,1,-0.5,-0.5,0.0,サンプル不足
v4,distance_high_120d,120日高値接近度,業種,金属製品,3d,3営業日,1,-0.5,-0.5,0.0,サンプル不足
v4,distance_high_120d,120日高値接近度,業種,金属製品,5d,5営業日,1,-1.0,-1.0,0.0,サンプル不足
v4,distance_high_120d,120日高値接近度,業種,金属製品,10d,10営業日,1,-1.0,-1.0,0.0,サンプル不足
v4,distance_high_120d,120日高値接近度,業種,鉄鋼,1d,1営業日,0,,,,サンプル不足
v4,distance_high_120d,120日高値接近度,業種,鉄鋼,3d,3営業日,0,,,,サンプル不足
v4,distance_high_120d,120日高値接近度,業種,鉄鋼,5d,5営業日,0,,,,サンプル不足
v4,distance_high_120d,120日高値接近度,業種,鉄鋼,10d,10営業日,0,,,,サンプル不足
v4,distance_high_120d,120日高値接近度,業種,銀行業,1d,1営業日,1,0.22360679774997894,0.22360679774997894,1.0,サンプル不足
v4,distance_high_120d,120日高値接近度,業種,銀行業,3d,3営業日,1,0.8944271909999157,0.8944271909999157,1.0,サンプル不足
v4,distance_high_120d,120日高値接近度,業種,銀行業,5d,5営業日,1,0.6708203932499368,0.6708203932499368,1.0,サンプル不足
v4,distance_high_120d,120日高値接近度,業種,銀行業,10d,10営業日,1,0.44721359549995787,0.44721359549995787,1.0,サンプル不足
v4,distance_high_120d,120日高値接近度,業種,電気機器,1d,1営業日,1,0.22641561010241712,0.22641561010241712,1.0,サンプル不足
v4,distance_high_120d,120日高値接近度,業種,電気機器,3d,3営業日,1,0.15683700951678767,0.15683700951678767,1.0,サンプル不足
v4,distance_high_120d,120日高値接近度,業種,電気機器,5d,5営業日,1,-0.11406327964857284,-0.11406327964857284,0.0,サンプル不足
v4,distance_high_120d,120日高値接近度,業種,電気機器,10d,10営業日,1,-0.23325940688133145,-0.23325940688133145,0.0,サンプル不足
v4,distance_high_120d,120日高値接近度,業種,食料品,1d,1営業日,0,,,,サンプル不足
v4,distance_high_120d,120日高値接近度,業種,食料品,3d,3営業日,0,,,,サンプル不足
v4,distance_high_120d,120日高値接近度,業種,食料品,5d,5営業日,0,,,,サンプル不足
v4,distance_high_120d,120日高値接近度,業種,食料品,10d,10営業日,0,,,,サンプル不足
v4,volatility_20d,20日変動率,全体,全体,1d,1営業日,1,0.05027302730273027,0.05027302730273027,1.0,サンプル不足
v4,volatility_20d,20日変動率,全体,全体,3d,3営業日,1,-0.23530753075307528,-0.23530753075307528,0.0,サンプル不足
v4,volatility_20d,20日変動率,全体,全体,5d,5営業日,1,-0.3777737773777377,-0.3777737773777377,0.0,サンプル不足
v4,volatility_20d,20日変動率,全体,全体,10d,10営業日,1,-0.048568856885688565,-0.048568856885688565,0.0,サンプル不足
v4,volatility_20d,20日変動率,業種,その他製品,1d,1営業日,0,,,,サンプル不足
v4,volatility_20d,20日変動率,業種,その他製品,3d,3営業日,0,,,,サンプル不足
v4,volatility_20d,20日変動率,業種,その他製品,5d,5営業日,0,,,,サンプル不足
v4,volatility_20d,20日変動率,業種,その他製品,10d,10営業日,0,,,,サンプル不足
v4,volatility_20d,20日変動率,業種,その他金融業,1d,1営業日,0,,,,サンプル不足
v4,volatility_20d,20日変動率,業種,その他金融業,3d,3営業日,0,,,,サンプル不足
v4,volatility_20d,20日変動率,業種,その他金融業,5d,5営業日,0,,,,サンプル不足
v4,volatility_20d,20日変動率,業種,その他金融業,10d,10営業日,0,,,,サンプル不足
v4,volatility_20d,20日変動率,業種,ガラス・土石製品,1d,1営業日,0,,,,サンプル不足
v4,volatility_20d,20日変動率,業種,ガラス・土石製品,3d,3営業日,0,,,,サンプル不足
v4,volatility_20d,20日変動率,業種,ガラス・土石製品,5d,5営業日,0,,,,サンプル不足
v4,volatility_20d,20日変動率,業種,ガラス・土石製品,10d,10営業日,0,,,,サンプル不足
v4,volatility_20d,20日変動率,業種,ゴム製品,1d,1営業日,0,,,,サンプル不足
v4,volatility_20d,20日変動率,業種,ゴム製品,3d,3営業日,0,,,,サンプル不足
v4,volatility_20d,20日変動率,業種,ゴム製品,5d,5営業日,0,,,,サンプル不足
v4,volatility_20d,20日変動率,業種,ゴム製品,10d,10営業日,0,,,,サンプル不足
v4,volatility_20d,20日変動率,業種,サービス業,1d,1営業日,1,0.6,0.6,1.0,サンプル不足
v4,volatility_20d,20日変動率,業種,サービス業,3d,3営業日,1,0.2571428571428572,0.2571428571428572,1.0,サンプル不足
v4,volatility_20d,20日変動率,業種,サービス業,5d,5営業日,1,0.2,0.2,1.0,サンプル不足
v4,volatility_20d,20日変動率,業種,サービス業,10d,10営業日,1,0.028571428571428574,0.028571428571428574,1.0,サンプル不足
v4,volatility_20d,20日変動率,業種,不動産業,1d,1営業日,0,,,,サンプル不足
v4,volatility_20d,20日変動率,業種,不動産業,3d,3営業日,0,,,,サンプル不足
v4,volatility_20d,20日変動率,業種,不動産業,5d,5営業日,0,,,,サンプル不足
v4,volatility_20d,20日変動率,業種,不動産業,10d,10営業日,0,,,,サンプル不足
v4,volatility_20d,20日変動率,業種,保険業,1d,1営業日,0,,,,サンプル不足
v4,volatility_20d,20日変動率,業種,保険業,3d,3営業日,0,,,,サンプル不足
v4,volatility_20d,20日変動率,業種,保険業,5d,5営業日,0,,,,サンプル不足
v4,volatility_20d,20日変動率,業種,保険業,10d,10営業日,0,,,,サンプル不足
v4,volatility_20d,20日変動率,業種,化学,1d,1営業日,1,-0.30769230769230765,-0.30769230769230765,0.0,サンプル不足
v4,volatility_20d,20日変動率,業種,化学,3d,3営業日,1,-0.6538461538461539,-0.6538461538461539,0.0,サンプル不足
v4,volatility_20d,20日変動率,業種,化学,5d,5営業日,1,-0.6098901098901099,-0.6098901098901099,0.0,サンプル不足
v4,volatility_20d,20日変動率,業種,化学,10d,10営業日,1,0.46703296703296704,0.46703296703296704,1.0,サンプル不足
v4,volatility_20d,20日変動率,業種,卸売業,1d,1営業日,0,,,,サンプル不足
v4,volatility_20d,20日変動率,業種,卸売業,3d,3営業日,0,,,,サンプル不足
v4,volatility_20d,20日変動率,業種,卸売業,5d,5営業日,0,,,,サンプル不足
v4,volatility_20d,20日変動率,業種,卸売業,10d,10営業日,0,,,,サンプル不足
v4,volatility_20d,20日変動率,業種,小売業,1d,1営業日,1,1.0,1.0,1.0,サンプル不足
v4,volatility_20d,20日変動率,業種,小売業,3d,3営業日,1,1.0,1.0,1.0,サンプル不足
v4,volatility_20d,20日変動率,業種,小売業,5d,5営業日,1,1.0,1.0,1.0,サンプル不足
v4,volatility_20d,20日変動率,業種,小売業,10d,10営業日,1,0.5,0.5,1.0,サンプル不足
v4,volatility_20d,20日変動率,業種,建設業,1d,1営業日,0,,,,サンプル不足
v4,volatility_20d,20日変動率,業種,建設業,3d,3営業日,0,,,,サンプル不足
v4,volatility_20d,20日変動率,業種,建設業,5d,5営業日,0,,,,サンプル不足
v4,volatility_20d,20日変動率,業種,建設業,10d,10営業日,0,,,,サンプル不足
v4,volatility_20d,20日変動率,業種,情報・通信業,1d,1営業日,1,-1.0,-1.0,0.0,サンプル不足
v4,volatility_20d,20日変動率,業種,情報・通信業,3d,3営業日,1,-0.5,-0.5,0.0,サンプル不足
v4,volatility_20d,20日変動率,業種,情報・通信業,5d,5営業日,1,0.5,0.5,1.0,サンプル不足
v4,volatility_20d,20日変動率,業種,情報・通信業,10d,10営業日,1,-1.0,-1.0,0.0,サンプル不足
v4,volatility_20d,20日変動率,業種,機械,1d,1営業日,1,-0.20909090909090908,-0.20909090909090908,0.0,サンプル不足
v4,volatility_20d,20日変動率,業種,機械,3d,3営業日,1,-0.503896103896104,-0.503896103896104,0.0,サンプル不足
v4,volatility_20d,20日変動率,業種,機械,5d,5営業日,1,-0.5025974025974026,-0.5025974025974026,0.0,サンプル不足
v4,volatility_20d,20日変動率,業種,機械,10d,10営業日,1,-0.22467532467532467,-0.22467532467532467,0.0,サンプル不足
v4,volatility_20d,20日変動率,業種,海運業,1d,1営業日,0,,,,サンプル不足
v4,volatility_20d,20日変動率,業種,海運業,3d,3営業日,0,,,,サンプル不足
v4,volatility_20d,20日変動率,業種,海運業,5d,5営業日,0,,,,サンプル不足
v4,volatility_20d,20日変動率,業種,海運業,10d,10営業日,0,,,,サンプル不足
v4,volatility_20d,20日変動率,業種,空運業,1d,1営業日,0,,,,サンプル不足
v4,volatility_20d,20日変動率,業種,空運業,3d,3営業日,0,,,,サンプル不足
v4,volatility_20d,20日変動率,業種,空運業,5d,5営業日,0,,,,サンプル不足
v4,volatility_20d,20日変動率,業種,空運業,10d,10営業日,0,,,,サンプル不足
v4,volatility_20d,20日変動率,業種,繊維製品,1d,1営業日,0,,,,サンプル不足
v4,volatility_20d,20日変動率,業種,繊維製品,3d,3営業日,0,,,,サンプル不足
v4,volatility_20d,20日変動率,業種,繊維製品,5d,5営業日,0,,,,サンプル不足
v4,volatility_20d,20日変動率,業種,繊維製品,10d,10営業日,0,,,,サンプル不足
v4,volatility_20d,20日変動率,業種,証券、商品先物取引業,1d,1営業日,0,,,,サンプル不足
v4,volatility_20d,20日変動率,業種,証券、商品先物取引業,3d,3営業日,0,,,,サンプル不足
v4,volatility_20d,20日変動率,業種,証券、商品先物取引業,5d,5営業日,0,,,,サンプル不足
v4,volatility_20d,20日変動率,業種,証券、商品先物取引業,10d,10営業日,0,,,,サンプル不足
v4,volatility_20d,20日変動率,業種,輸送用機器,1d,1営業日,1,0.5,0.5,1.0,サンプル不足
v4,volatility_20d,20日変動率,業種,輸送用機器,3d,3営業日,1,-1.0,-1.0,0.0,サンプル不足
v4,volatility_20d,20日変動率,業種,輸送用機器,5d,5営業日,1,-1.0,-1.0,0.0,サンプル不足
v4,volatility_20d,20日変動率,業種,輸送用機器,10d,10営業日,1,-0.5,-0.5,0.0,サンプル不足
v4,volatility_20d,20日変動率,業種,金属製品,1d,1営業日,1,0.5,0.5,1.0,サンプル不足
v4,volatility_20d,20日変動率,業種,金属製品,3d,3営業日,1,0.5,0.5,1.0,サンプル不足
v4,volatility_20d,20日変動率,業種,金属製品,5d,5営業日,1,1.0,1.0,1.0,サンプル不足
v4,volatility_20d,20日変動率,業種,金属製品,10d,10営業日,1,1.0,1.0,1.0,サンプル不足
v4,volatility_20d,20日変動率,業種,鉄鋼,1d,1営業日,0,,,,サンプル不足
v4,volatility_20d,20日変動率,業種,鉄鋼,3d,3営業日,0,,,,サンプル不足
v4,volatility_20d,20日変動率,業種,鉄鋼,5d,5営業日,0,,,,サンプル不足
v4,volatility_20d,20日変動率,業種,鉄鋼,10d,10営業日,0,,,,サンプル不足
v4,volatility_20d,20日変動率,業種,銀行業,1d,1営業日,1,0.09999999999999999,0.09999999999999999,1.0,サンプル不足
v4,volatility_20d,20日変動率,業種,銀行業,3d,3営業日,1,-0.6,-0.6,0.0,サンプル不足
v4,volatility_20d,20日変動率,業種,銀行業,5d,5営業日,1,-0.7,-0.7,0.0,サンプル不足
v4,volatility_20d,20日変動率,業種,銀行業,10d,10営業日,1,0.19999999999999998,0.19999999999999998,1.0,サンプル不足
v4,volatility_20d,20日変動率,業種,電気機器,1d,1営業日,1,0.0378317334839074,0.0378317334839074,1.0,サンプル不足
v4,volatility_20d,20日変動率,業種,電気機器,3d,3営業日,1,-0.24901185770750994,-0.24901185770750994,0.0,サンプル不足
v4,volatility_20d,20日変動率,業種,電気機器,5d,5営業日,1,-0.30321852060982496,-0.30321852060982496,0.0,サンプル不足
v4,volatility_20d,20日変動率,業種,電気機器,10d,10営業日,1,-0.059288537549407126,-0.059288537549407126,0.0,サンプル不足
v4,volatility_20d,20日変動率,業種,食料品,1d,1営業日,0,,,,サンプル不足
v4,volatility_20d,20日変動率,業種,食料品,3d,3営業日,0,,,,サンプル不足
v4,volatility_20d,20日変動率,業種,食料品,5d,5営業日,0,,,,サンプル不足
v4,volatility_20d,20日変動率,業種,食料品,10d,10営業日,0,,,,サンプル不足
v5,score,総合スコア,全体,全体,1d,1営業日,1,0.21433607661685614,0.21433607661685614,1.0,サンプル不足
v5,score,総合スコア,全体,全体,3d,3営業日,1,0.2510658597846877,0.2510658597846877,1.0,サンプル不足
v5,score,総合スコア,全体,全体,5d,5営業日,1,0.08595285314426068,0.08595285314426068,1.0,サンプル不足
v5,score,総合スコア,全体,全体,10d,10営業日,1,0.31161809666535895,0.31161809666535895,1.0,サンプル不足
v5,score,総合スコア,業種,その他金融業,1d,1営業日,0,,,,サンプル不足
v5,score,総合スコア,業種,その他金融業,3d,3営業日,0,,,,サンプル不足
v5,score,総合スコア,業種,その他金融業,5d,5営業日,0,,,,サンプル不足
v5,score,総合スコア,業種,その他金融業,10d,10営業日,0,,,,サンプル不足
v5,score,総合スコア,業種,ガラス・土石製品,1d,1営業日,1,0.19999999999999998,0.19999999999999998,1.0,サンプル不足
v5,score,総合スコア,業種,ガラス・土石製品,3d,3営業日,1,0.19999999999999998,0.19999999999999998,1.0,サンプル不足
v5,score,総合スコア,業種,ガラス・土石製品,5d,5営業日,1,0.39999999999999997,0.39999999999999997,1.0,サンプル不足
v5,score,総合スコア,業種,ガラス・土石製品,10d,10営業日,1,-0.39999999999999997,-0.39999999999999997,0.0,サンプル不足
v5,score,総合スコア,業種,サービス業,1d,1営業日,1,-0.08571428571428573,-0.08571428571428573,0.0,サンプル不足
v5,score,総合スコア,業種,サービス業,3d,3営業日,1,0.7714285714285715,0.7714285714285715,1.0,サンプル不足
v5,score,総合スコア,業種,サービス業,5d,5営業日,1,0.48571428571428577,0.48571428571428577,1.0,サンプル不足
v5,score,総合スコア,業種,サービス業,10d,10営業日,1,0.6,0.6,1.0,サンプル不足
v5,score,総合スコア,業種,パルプ・紙,1d,1営業日,0,,,,サンプル不足
v5,score,総合スコア,業種,パルプ・紙,3d,3営業日,0,,,,サンプル不足
v5,score,総合スコア,業種,パルプ・紙,5d,5営業日,0,,,,サンプル不足
v5,score,総合スコア,業種,パルプ・紙,10d,10営業日,0,,,,サンプル不足
v5,score,総合スコア,業種,不動産業,1d,1営業日,0,,,,サンプル不足
v5,score,総合スコア,業種,不動産業,3d,3営業日,0,,,,サンプル不足
v5,score,総合スコア,業種,不動産業,5d,5営業日,0,,,,サンプル不足
v5,score,総合スコア,業種,不動産業,10d,10営業日,0,,,,サンプル不足
v5,score,総合スコア,業種,保険業,1d,1営業日,0,,,,サンプル不足
v5,score,総合スコア,業種,保険業,3d,3営業日,0,,,,サンプル不足
v5,score,総合スコア,業種,保険業,5d,5営業日,0,,,,サンプル不足
v5,score,総合スコア,業種,保険業,10d,10営業日,0,,,,サンプル不足
v5,score,総合スコア,業種,化学,1d,1営業日,1,0.0,0.0,0.0,サンプル不足
v5,score,総合スコア,業種,化学,3d,3営業日,1,0.0,0.0,0.0,サンプル不足
v5,score,総合スコア,業種,化学,5d,5営業日,1,-0.25,-0.25,0.0,サンプル不足
v5,score,総合スコア,業種,化学,10d,10営業日,1,-0.5357142857142858,-0.5357142857142858,0.0,サンプル不足
v5,score,総合スコア,業種,卸売業,1d,1営業日,0,,,,サンプル不足
v5,score,総合スコア,業種,卸売業,3d,3営業日,0,,,,サンプル不足
v5,score,総合スコア,業種,卸売業,5d,5営業日,0,,,,サンプル不足
v5,score,総合スコア,業種,卸売業,10d,10営業日,0,,,,サンプル不足
v5,score,総合スコア,業種,小売業,1d,1営業日,1,1.0,1.0,1.0,サンプル不足
v5,score,総合スコア,業種,小売業,3d,3営業日,1,0.5,0.5,1.0,サンプル不足
v5,score,総合スコア,業種,小売業,5d,5営業日,1,0.5,0.5,1.0,サンプル不足
v5,score,総合スコア,業種,小売業,10d,10営業日,1,1.0,1.0,1.0,サンプル不足
v5,score,総合スコア,業種,建設業,1d,1営業日,0,,,,サンプル不足
v5,score,総合スコア,業種,建設業,3d,3営業日,0,,,,サンプル不足
v5,score,総合スコア,業種,建設業,5d,5営業日,0,,,,サンプル不足
v5,score,総合スコア,業種,建設業,10d,10営業日,0,,,,サンプル不足
v5,score,総合スコア,業種,情報・通信業,1d,1営業日,1,-0.7999999999999999,-0.7999999999999999,0.0,サンプル不足
v5,score,総合スコア,業種,情報・通信業,3d,3営業日,1,-0.7999999999999999,-0.7999999999999999,0.0,サンプル不足
v5,score,総合スコア,業種,情報・通信業,5d,5営業日,1,-0.49999999999999994,-0.49999999999999994,0.0,サンプル不足
v5,score,総合スコア,業種,情報・通信業,10d,10営業日,1,-0.3,-0.3,0.0,サンプル不足
v5,score,総合スコア,業種,機械,1d,1営業日,1,0.3021978021978022,0.3021978021978022,1.0,サンプル不足
v5,score,総合スコア,業種,機械,3d,3営業日,1,0.5824175824175823,0.5824175824175823,1.0,サンプル不足
v5,score,総合スコア,業種,機械,5d,5営業日,1,0.5494505494505494,0.5494505494505494,1.0,サンプル不足
v5,score,総合スコア,業種,機械,10d,10営業日,1,0.3681318681318681,0.3681318681318681,1.0,サンプル不足
v5,score,総合スコア,業種,精密機器,1d,1営業日,1,0.4642857142857144,0.4642857142857144,1.0,サンプル不足
v5,score,総合スコア,業種,精密機器,3d,3営業日,1,0.07142857142857144,0.07142857142857144,1.0,サンプル不足
v5,score,総合スコア,業種,精密機器,5d,5営業日,1,0.1785714285714286,0.1785714285714286,1.0,サンプル不足
v5,score,総合スコア,業種,精密機器,10d,10営業日,1,0.28571428571428575,0.28571428571428575,1.0,サンプル不足
v5,score,総合スコア,業種,証券、商品先物取引業,1d,1営業日,0,,,,サンプル不足
v5,score,総合スコア,業種,証券、商品先物取引業,3d,3営業日,0,,,,サンプル不足
v5,score,総合スコア,業種,証券、商品先物取引業,5d,5営業日,0,,,,サンプル不足
v5,score,総合スコア,業種,証券、商品先物取引業,10d,10営業日,0,,,,サンプル不足
v5,score,総合スコア,業種,輸送用機器,1d,1営業日,1,0.7999999999999999,0.7999999999999999,1.0,サンプル不足
v5,score,総合スコア,業種,輸送用機器,3d,3営業日,1,1.0,1.0,1.0,サンプル不足
v5,score,総合スコア,業種,輸送用機器,5d,5営業日,1,1.0,1.0,1.0,サンプル不足
v5,score,総合スコア,業種,輸送用機器,10d,10営業日,1,1.0,1.0,1.0,サンプル不足
v5,score,総合スコア,業種,金属製品,1d,1営業日,1,0.19999999999999998,0.19999999999999998,1.0,サンプル不足
v5,score,総合スコア,業種,金属製品,3d,3営業日,1,-0.39999999999999997,-0.39999999999999997,0.0,サンプル不足
v5,score,総合スコア,業種,金属製品,5d,5営業日,1,-0.39999999999999997,-0.39999999999999997,0.0,サンプル不足
v5,score,総合スコア,業種,金属製品,10d,10営業日,1,0.39999999999999997,0.39999999999999997,1.0,サンプル不足
v5,score,総合スコア,業種,鉄鋼,1d,1営業日,0,,,,サンプル不足
v5,score,総合スコア,業種,鉄鋼,3d,3営業日,0,,,,サンプル不足
v5,score,総合スコア,業種,鉄鋼,5d,5営業日,0,,,,サンプル不足
v5,score,総合スコア,業種,鉄鋼,10d,10営業日,0,,,,サンプル不足
v5,score,総合スコア,業種,銀行業,1d,1営業日,1,-0.9999999999999999,-0.9999999999999999,0.0,サンプル不足
v5,score,総合スコア,業種,銀行業,3d,3営業日,1,-0.9999999999999999,-0.9999999999999999,0.0,サンプル不足
v5,score,総合スコア,業種,銀行業,5d,5営業日,1,-0.8999999999999998,-0.8999999999999998,0.0,サンプル不足
v5,score,総合スコア,業種,銀行業,10d,10営業日,1,-0.19999999999999998,-0.19999999999999998,0.0,サンプル不足
v5,score,総合スコア,業種,電気・ガス業,1d,1営業日,0,,,,サンプル不足
v5,score,総合スコア,業種,電気・ガス業,3d,3営業日,0,,,,サンプル不足
v5,score,総合スコア,業種,電気・ガス業,5d,5営業日,0,,,,サンプル不足
v5,score,総合スコア,業種,電気・ガス業,10d,10営業日,0,,,,サンプル不足
v5,score,総合スコア,業種,電気機器,1d,1営業日,1,0.23846153846153845,0.23846153846153845,1.0,サンプル不足
v5,score,総合スコア,業種,電気機器,3d,3営業日,1,0.21000000000000002,0.21000000000000002,1.0,サンプル不足
v5,score,総合スコア,業種,電気機器,5d,5営業日,1,-0.07846153846153846,-0.07846153846153846,0.0,サンプル不足
v5,score,総合スコア,業種,電気機器,10d,10営業日,1,0.3153846153846154,0.3153846153846154,1.0,サンプル不足
v5,score,総合スコア,業種,非鉄金属,1d,1営業日,0,,,,サンプル不足
v5,score,総合スコア,業種,非鉄金属,3d,3営業日,0,,,,サンプル不足
v5,score,総合スコア,業種,非鉄金属,5d,5営業日,0,,,,サンプル不足
v5,score,総合スコア,業種,非鉄金属,10d,10営業日,0,,,,サンプル不足
v5,score,総合スコア,業種,食料品,1d,1営業日,0,,,,サンプル不足
v5,score,総合スコア,業種,食料品,3d,3営業日,0,,,,サンプル不足
v5,score,総合スコア,業種,食料品,5d,5営業日,0,,,,サンプル不足
v5,score,総合スコア,業種,食料品,10d,10営業日,0,,,,サンプル不足
v5,return_20d,20日モメンタム,全体,全体,1d,1営業日,1,0.11836783678367833,0.11836783678367833,1.0,サンプル不足
v5,return_20d,20日モメンタム,全体,全体,3d,3営業日,1,0.15813981398139812,0.15813981398139812,1.0,サンプル不足
v5,return_20d,20日モメンタム,全体,全体,5d,5営業日,1,0.0022922292229222924,0.0022922292229222924,1.0,サンプル不足
v5,return_20d,20日モメンタム,全体,全体,10d,10営業日,1,0.09878187818781876,0.09878187818781876,1.0,サンプル不足
v5,return_20d,20日モメンタム,業種,その他金融業,1d,1営業日,0,,,,サンプル不足
v5,return_20d,20日モメンタム,業種,その他金融業,3d,3営業日,0,,,,サンプル不足
v5,return_20d,20日モメンタム,業種,その他金融業,5d,5営業日,0,,,,サンプル不足
v5,return_20d,20日モメンタム,業種,その他金融業,10d,10営業日,0,,,,サンプル不足
v5,return_20d,20日モメンタム,業種,ガラス・土石製品,1d,1営業日,1,0.19999999999999998,0.19999999999999998,1.0,サンプル不足
v5,return_20d,20日モメンタム,業種,ガラス・土石製品,3d,3営業日,1,0.19999999999999998,0.19999999999999998,1.0,サンプル不足
v5,return_20d,20日モメンタム,業種,ガラス・土石製品,5d,5営業日,1,0.39999999999999997,0.39999999999999997,1.0,サンプル不足
v5,return_20d,20日モメンタム,業種,ガラス・土石製品,10d,10営業日,1,-0.39999999999999997,-0.39999999999999997,0.0,サンプル不足
v5,return_20d,20日モメンタム,業種,サービス業,1d,1営業日,1,-0.2,-0.2,0.0,サンプル不足
v5,return_20d,20日モメンタム,業種,サービス業,3d,3営業日,1,0.08571428571428573,0.08571428571428573,1.0,サンプル不足
v5,return_20d,20日モメンタム,業種,サービス業,5d,5営業日,1,-0.08571428571428573,-0.08571428571428573,0.0,サンプル不足
v5,return_20d,20日モメンタム,業種,サービス業,10d,10営業日,1,0.48571428571428577,0.48571428571428577,1.0,サンプル不足
v5,return_20d,20日モメンタム,業種,パルプ・紙,1d,1営業日,0,,,,サンプル不足
v5,return_20d,20日モメンタム,業種,パルプ・紙,3d,3営業日,0,,,,サンプル不足
v5,return_20d,20日モメンタム,業種,パルプ・紙,5d,5営業日,0,,,,サンプル不足
v5,return_20d,20日モメンタム,業種,パルプ・紙,10d,10営業日,0,,,,サンプル不足
v5,return_20d,20日モメンタム,業種,不動産業,1d,1営業日,0,,,,サンプル不足
v5,return_20d,20日モメンタム,業種,不動産業,3d,3営業日,0,,,,サンプル不足
v5,return_20d,20日モメンタム,業種,不動産業,5d,5営業日,0,,,,サンプル不足
v5,return_20d,20日モメンタム,業種,不動産業,10d,10営業日,0,,,,サンプル不足
v5,return_20d,20日モメンタム,業種,保険業,1d,1営業日,0,,,,サンプル不足
v5,return_20d,20日モメンタム,業種,保険業,3d,3営業日,0,,,,サンプル不足
v5,return_20d,20日モメンタム,業種,保険業,5d,5営業日,0,,,,サンプル不足
v5,return_20d,20日モメンタム,業種,保険業,10d,10営業日,0,,,,サンプル不足
v5,return_20d,20日モメンタム,業種,化学,1d,1営業日,1,0.14285714285714288,0.14285714285714288,1.0,サンプル不足
v5,return_20d,20日モメンタム,業種,化学,3d,3営業日,1,-0.03571428571428572,-0.03571428571428572,0.0,サンプル不足
v5,return_20d,20日モメンタム,業種,化学,5d,5営業日,1,-0.3214285714285715,-0.3214285714285715,0.0,サンプル不足
v5,return_20d,20日モメンタム,業種,化学,10d,10営業日,1,-0.39285714285714296,-0.39285714285714296,0.0,サンプル不足
v5,return_20d,20日モメンタム,業種,卸売業,1d,1営業日,0,,,,サンプル不足
v5,return_20d,20日モメンタム,業種,卸売業,3d,3営業日,0,,,,サンプル不足
v5,return_20d,20日モメンタム,業種,卸売業,5d,5営業日,0,,,,サンプル不足
v5,return_20d,20日モメンタム,業種,卸売業,10d,10営業日,0,,,,サンプル不足
v5,return_20d,20日モメンタム,業種,小売業,1d,1営業日,1,-0.5,-0.5,0.0,サンプル不足
v5,return_20d,20日モメンタム,業種,小売業,3d,3営業日,1,0.5,0.5,1.0,サンプル不足
v5,return_20d,20日モメンタム,業種,小売業,5d,5営業日,1,0.5,0.5,1.0,サンプル不足
v5,return_20d,20日モメンタム,業種,小売業,10d,10営業日,1,-0.5,-0.5,0.0,サンプル不足
v5,return_20d,20日モメンタム,業種,建設業,1d,1営業日,0,,,,サンプル不足
v5,return_20d,20日モメンタム,業種,建設業,3d,3営業日,0,,,,サンプル不足
v5,return_20d,20日モメンタム,業種,建設業,5d,5営業日,0,,,,サンプル不足
v5,return_20d,20日モメンタム,業種,建設業,10d,10営業日,0,,,,サンプル不足
v5,return_20d,20日モメンタム,業種,情報・通信業,1d,1営業日,1,-0.3,-0.3,0.0,サンプル不足
v5,return_20d,20日モメンタム,業種,情報・通信業,3d,3営業日,1,-0.3,-0.3,0.0,サンプル不足
v5,return_20d,20日モメンタム,業種,情報・通信業,5d,5営業日,1,-0.39999999999999997,-0.39999999999999997,0.0,サンプル不足
v5,return_20d,20日モメンタム,業種,情報・通信業,10d,10営業日,1,-0.7,-0.7,0.0,サンプル不足
v5,return_20d,20日モメンタム,業種,機械,1d,1営業日,1,0.13736263736263735,0.13736263736263735,1.0,サンプル不足
v5,return_20d,20日モメンタム,業種,機械,3d,3営業日,1,0.42857142857142855,0.42857142857142855,1.0,サンプル不足
v5,return_20d,20日モメンタム,業種,機械,5d,5営業日,1,0.5549450549450549,0.5549450549450549,1.0,サンプル不足
v5,return_20d,20日モメンタム,業種,機械,10d,10営業日,1,0.24725274725274726,0.24725274725274726,1.0,サンプル不足
v5,return_20d,20日モメンタム,業種,精密機器,1d,1営業日,1,0.6071428571428572,0.6071428571428572,1.0,サンプル不足
v5,return_20d,20日モメンタム,業種,精密機器,3d,3営業日,1,0.3571428571428572,0.3571428571428572,1.0,サンプル不足
v5,return_20d,20日モメンタム,業種,精密機器,5d,5営業日,1,0.39285714285714296,0.39285714285714296,1.0,サンプル不足
v5,return_20d,20日モメンタム,業種,精密機器,10d,10営業日,1,0.5714285714285715,0.5714285714285715,1.0,サンプル不足
v5,return_20d,20日モメンタム,業種,証券、商品先物取引業,1d,1営業日,0,,,,サンプル不足
v5,return_20d,20日モメンタム,業種,証券、商品先物取引業,3d,3営業日,0,,,,サンプル不足
v5,return_20d,20日モメンタム,業種,証券、商品先物取引業,5d,5営業日,0,,,,サンプル不足
v5,return_20d,20日モメンタム,業種,証券、商品先物取引業,10d,10営業日,0,,,,サンプル不足
v5,return_20d,20日モメンタム,業種,輸送用機器,1d,1営業日,1,0.39999999999999997,0.39999999999999997,1.0,サンプル不足
v5,return_20d,20日モメンタム,業種,輸送用機器,3d,3営業日,1,0.7999999999999999,0.7999999999999999,1.0,サンプル不足
v5,return_20d,20日モメンタム,業種,輸送用機器,5d,5営業日,1,0.7999999999999999,0.7999999999999999,1.0,サンプル不足
v5,return_20d,20日モメンタム,業種,輸送用機器,10d,10営業日,1,0.7999999999999999,0.7999999999999999,1.0,サンプル不足
v5,return_20d,20日モメンタム,業種,金属製品,1d,1営業日,1,0.19999999999999998,0.19999999999999998,1.0,サンプル不足
v5,return_20d,20日モメンタム,業種,金属製品,3d,3営業日,1,-0.39999999999999997,-0.39999999999999997,0.0,サンプル不足
v5,return_20d,20日モメンタム,業種,金属製品,5d,5営業日,1,-0.39999999999999997,-0.39999999999999997,0.0,サンプル不足
v5,return_20d,20日モメンタム,業種,金属製品,10d,10営業日,1,0.39999999999999997,0.39999999999999997,1.0,サンプル不足
v5,return_20d,20日モメンタム,業種,鉄鋼,1d,1営業日,0,,,,サンプル不足
v5,return_20d,20日モメンタム,業種,鉄鋼,3d,3営業日,0,,,,サンプル不足
v5,return_20d,20日モメンタム,業種,鉄鋼,5d,5営業日,0,,,,サンプル不足
v5,return_20d,20日モメンタム,業種,鉄鋼,10d,10営業日,0,,,,サンプル不足
v5,return_20d,20日モメンタム,業種,銀行業,1d,1営業日,1,-0.8999999999999998,-0.8999999999999998,0.0,サンプル不足
v5,return_20d,20日モメンタム,業種,銀行業,3d,3営業日,1,-0.8999999999999998,-0.8999999999999998,0.0,サンプル不足
v5,return_20d,20日モメンタム,業種,銀行業,5d,5営業日,1,-0.7,-0.7,0.0,サンプル不足
v5,return_20d,20日モメンタム,業種,銀行業,10d,10営業日,1,-0.09999999999999999,-0.09999999999999999,0.0,サンプル不足
v5,return_20d,20日モメンタム,業種,電気・ガス業,1d,1営業日,0,,,,サンプル不足
v5,return_20d,20日モメンタム,業種,電気・ガス業,3d,3営業日,0,,,,サンプル不足
v5,return_20d,20日モメンタム,業種,電気・ガス業,5d,5営業日,0,,,,サンプル不足
v5,return_20d,20日モメンタム,業種,電気・ガス業,10d,10営業日,0,,,,サンプル不足
v5,return_20d,20日モメンタム,業種,電気機器,1d,1営業日,1,0.16846153846153847,0.16846153846153847,1.0,サンプル不足
v5,return_20d,20日モメンタム,業種,電気機器,3d,3営業日,1,0.18923076923076923,0.18923076923076923,1.0,サンプル不足
v5,return_20d,20日モメンタム,業種,電気機器,5d,5営業日,1,-0.12461538461538461,-0.12461538461538461,0.0,サンプル不足
v5,return_20d,20日モメンタム,業種,電気機器,10d,10営業日,1,0.21846153846153843,0.21846153846153843,1.0,サンプル不足
v5,return_20d,20日モメンタム,業種,非鉄金属,1d,1営業日,0,,,,サンプル不足
v5,return_20d,20日モメンタム,業種,非鉄金属,3d,3営業日,0,,,,サンプル不足
v5,return_20d,20日モメンタム,業種,非鉄金属,5d,5営業日,0,,,,サンプル不足
v5,return_20d,20日モメンタム,業種,非鉄金属,10d,10営業日,0,,,,サンプル不足
v5,return_20d,20日モメンタム,業種,食料品,1d,1営業日,0,,,,サンプル不足
v5,return_20d,20日モメンタム,業種,食料品,3d,3営業日,0,,,,サンプル不足
v5,return_20d,20日モメンタム,業種,食料品,5d,5営業日,0,,,,サンプル不足
v5,return_20d,20日モメンタム,業種,食料品,10d,10営業日,0,,,,サンプル不足
v5,return_60d,60日モメンタム,全体,全体,1d,1営業日,1,0.18997899789978998,0.18997899789978998,1.0,サンプル不足
v5,return_60d,60日モメンタム,全体,全体,3d,3営業日,1,0.22145814581458143,0.22145814581458143,1.0,サンプル不足
v5,return_60d,60日モメンタム,全体,全体,5d,5営業日,1,-0.008472847284728472,-0.008472847284728472,0.0,サンプル不足
v5,return_60d,60日モメンタム,全体,全体,10d,10営業日,1,0.16717671767176717,0.16717671767176717,1.0,サンプル不足
v5,return_60d,60日モメンタム,業種,その他金融業,1d,1営業日,0,,,,サンプル不足
v5,return_60d,60日モメンタム,業種,その他金融業,3d,3営業日,0,,,,サンプル不足
v5,return_60d,60日モメンタム,業種,その他金融業,5d,5営業日,0,,,,サンプル不足
v5,return_60d,60日モメンタム,業種,その他金融業,10d,10営業日,0,,,,サンプル不足
v5,return_60d,60日モメンタム,業種,ガラス・土石製品,1d,1営業日,1,0.19999999999999998,0.19999999999999998,1.0,サンプル不足
v5,return_60d,60日モメンタム,業種,ガラス・土石製品,3d,3営業日,1,0.19999999999999998,0.19999999999999998,1.0,サンプル不足
v5,return_60d,60日モメンタム,業種,ガラス・土石製品,5d,5営業日,1,0.39999999999999997,0.39999999999999997,1.0,サンプル不足
v5,return_60d,60日モメンタム,業種,ガラス・土石製品,10d,10営業日,1,-0.39999999999999997,-0.39999999999999997,0.0,サンプル不足
v5,return_60d,60日モメンタム,業種,サービス業,1d,1営業日,1,0.2571428571428572,0.2571428571428572,1.0,サンプル不足
v5,return_60d,60日モメンタム,業種,サービス業,3d,3営業日,1,0.7714285714285715,0.7714285714285715,1.0,サンプル不足
v5,return_60d,60日モメンタム,業種,サービス業,5d,5営業日,1,0.942857142857143,0.942857142857143,1.0,サンプル不足
v5,return_60d,60日モメンタム,業種,サービス業,10d,10営業日,1,0.8285714285714287,0.8285714285714287,1.0,サンプル不足
v5,return_60d,60日モメンタム,業種,パルプ・紙,1d,1営業日,0,,,,サンプル不足
v5,return_60d,60日モメンタム,業種,パルプ・紙,3d,3営業日,0,,,,サンプル不足
v5,return_60d,60日モメンタム,業種,パルプ・紙,5d,5営業日,0,,,,サンプル不足
v5,return_60d,60日モメンタム,業種,パルプ・紙,10d,10営業日,0,,,,サンプル不足
v5,return_60d,60日モメンタム,業種,不動産業,1d,1営業日,0,,,,サンプル不足
v5,return_60d,60日モメンタム,業種,不動産業,3d,3営業日,0,,,,サンプル不足
v5,return_60d,60日モメンタム,業種,不動産業,5d,5営業日,0,,,,サンプル不足
v5,return_60d,60日モメンタム,業種,不動産業,10d,10営業日,0,,,,サンプル不足
v5,return_60d,60日モメンタム,業種,保険業,1d,1営業日,0,,,,サンプル不足
v5,return_60d,60日モメンタム,業種,保険業,3d,3営業日,0,,,,サンプル不足
v5,return_60d,60日モメンタム,業種,保険業,5d,5営業日,0,,,,サンプル不足
v5,return_60d,60日モメンタム,業種,保険業,10d,10営業日,0,,,,サンプル不足
v5,return_60d,60日モメンタム,業種,化学,1d,1営業日,1,0.1785714285714286,0.1785714285714286,1.0,サンプル不足
v5,return_60d,60日モメンタム,業種,化学,3d,3営業日,1,0.10714285714285716,0.10714285714285716,1.0,サンプル不足
v5,return_60d,60日モメンタム,業種,化学,5d,5営業日,1,-0.1785714285714286,-0.1785714285714286,0.0,サンプル不足
v5,return_60d,60日モメンタム,業種,化学,10d,10営業日,1,-0.3214285714285715,-0.3214285714285715,0.0,サンプル不足
v5,return_60d,60日モメンタム,業種,卸売業,1d,1営業日,0,,,,サンプル不足
v5,return_60d,60日モメンタム,業種,卸売業,3d,3営業日,0,,,,サンプル不足
v5,return_60d,60日モメンタム,業種,卸売業,5d,5営業日,0,,,,サンプル不足
v5,return_60d,60日モメンタム,業種,卸売業,10d,10営業日,0,,,,サンプル不足
v5,return_60d,60日モメンタム,業種,小売業,1d,1営業日,1,0.5,0.5,1.0,サンプル不足
v5,return_60d,60日モメンタム,業種,小売業,3d,3営業日,1,-0.5,-0.5,0.0,サンプル不足
v5,return_60d,60日モメンタム,業種,小売業,5d,5営業日,1,-0.5,-0.5,0.0,サンプル不足
v5,return_60d,60日モメンタム,業種,小売業,10d,10営業日,1,0.5,0.5,1.0,サンプル不足
v5,return_60d,60日モメンタム,業種,建設業,1d,1営業日,0,,,,サンプル不足
v5,return_60d,60日モメンタム,業種,建設業,3d,3営業日,0,,,,サンプル不足
v5,return_60d,60日モメンタム,業種,建設業,5d,5営業日,0,,,,サンプル不足
v5,return_60d,60日モメンタム,業種,建設業,10d,10営業日,0,,,,サンプル不足
v5,return_60d,60日モメンタム,業種,情報・通信業,1d,1営業日,1,-0.19999999999999998,-0.19999999999999998,0.0,サンプル不足
v5,return_60d,60日モメンタム,業種,情報・通信業,3d,3営業日,1,-0.19999999999999998,-0.19999999999999998,0.0,サンプル不足
v5,return_60d,60日モメンタム,業種,情報・通信業,5d,5営業日,1,-0.49999999999999994,-0.49999999999999994,0.0,サンプル不足
v5,return_60d,60日モメンタム,業種,情報・通信業,10d,10営業日,1,-0.7,-0.7,0.0,サンプル不足
v5,return_60d,60日モメンタム,業種,機械,1d,1営業日,1,0.3681318681318681,0.3681318681318681,1.0,サンプル不足
v5,return_60d,60日モメンタム,業種,機械,3d,3営業日,1,0.7142857142857143,0.7142857142857143,1.0,サンプル不足
v5,return_60d,60日モメンタム,業種,機械,5d,5営業日,1,0.6318681318681317,0.6318681318681317,1.0,サンプル不足
v5,return_60d,60日モメンタム,業種,機械,10d,10営業日,1,0.48901098901098894,0.48901098901098894,1.0,サンプル不足
v5,return_60d,60日モメンタム,業種,精密機器,1d,1営業日,1,-0.07142857142857144,-0.07142857142857144,0.0,サンプル不足
v5,return_60d,60日モメンタム,業種,精密機器,3d,3営業日,1,0.0,0.0,0.0,サンプル不足
v5,return_60d,60日モメンタム,業種,精密機器,5d,5営業日,1,0.14285714285714288,0.14285714285714288,1.0,サンプル不足
v5,return_60d,60日モメンタム,業種,精密機器,10d,10営業日,1,0.14285714285714288,0.14285714285714288,1.0,サンプル不足
v5,return_60d,60日モメンタム,業種,証券、商品先物取引業,1d,1営業日,0,,,,サンプル不足
v5,return_60d,60日モメンタム,業種,証券、商品先物取引業,3d,3営業日,0,,,,サンプル不足
v5,return_60d,60日モメンタム,業種,証券、商品先物取引業,5d,5営業日,0,,,,サンプル不足
v5,return_60d,60日モメンタム,業種,証券、商品先物取引業,10d,10営業日,0,,,,サンプル不足
v5,return_60d,60日モメンタム,業種,輸送用機器,1d,1営業日,1,-0.19999999999999998,-0.19999999999999998,0.0,サンプル不足
v5,return_60d,60日モメンタム,業種,輸送用機器,3d,3営業日,1,-0.39999999999999997,-0.39999999999999997,0.0,サンプル不足
v5,return_60d,60日モメンタム,業種,輸送用機器,5d,5営業日,1,-0.39999999999999997,-0.39999999999999997,0.0,サンプル不足
v5,return_60d,60日モメンタム,業種,輸送用機器,10d,10営業日,1,-0.39999999999999997,-0.39999999999999997,0.0,サンプル不足
v5,return_60d,60日モメンタム,業種,金属製品,1d,1営業日,1,0.7999999999999999,0.7999999999999999,1.0,サンプル不足
v5,return_60d,60日モメンタム,業種,金属製品,3d,3営業日,1,0.39999999999999997,0.39999999999999997,1.0,サンプル不足
v5,return_60d,60日モメンタム,業種,金属製品,5d,5営業日,1,0.39999999999999997,0.39999999999999997,1.0,サンプル不足
v5,return_60d,60日モメンタム,業種,金属製品,10d,10営業日,1,1.0,1.0,1.0,サンプル不足
v5,return_60d,60日モメンタム,業種,鉄鋼,1d,1営業日,0,,,,サンプル不足
v5,return_60d,60日モメンタム,業種,鉄鋼,3d,3営業日,0,,,,サンプル不足
v5,return_60d,60日モメンタム,業種,鉄鋼,5d,5営業日,0,,,,サンプル不足
v5,return_60d,60日モメンタム,業種,鉄鋼,10d,10営業日,0,,,,サンプル不足
v5,return_60d,60日モメンタム,業種,銀行業,1d,1営業日,1,-0.8999999999999998,-0.8999999999999998,0.0,サンプル不足
v5,return_60d,60日モメンタム,業種,銀行業,3d,3営業日,1,-0.8999999999999998,-0.8999999999999998,0.0,サンプル不足
v5,return_60d,60日モメンタム,業種,銀行業,5d,5営業日,1,-0.7,-0.7,0.0,サンプル不足
v5,return_60d,60日モメンタム,業種,銀行業,10d,10営業日,1,-0.09999999999999999,-0.09999999999999999,0.0,サンプル不足
v5,return_60d,60日モメンタム,業種,電気・ガス業,1d,1営業日,0,,,,サンプル不足
v5,return_60d,60日モメンタム,業種,電気・ガス業,3d,3営業日,0,,,,サンプル不足
v5,return_60d,60日モメンタム,業種,電気・ガス業,5d,5営業日,0,,,,サンプル不足
v5,return_60d,60日モメンタム,業種,電気・ガス業,10d,10営業日,0,,,,サンプル不足
v5,return_60d,60日モメンタム,業種,電気機器,1d,1営業日,1,0.1392307692307692,0.1392307692307692,1.0,サンプル不足
v5,return_60d,60日モメンタム,業種,電気機器,3d,3営業日,1,0.16153846153846155,0.16153846153846155,1.0,サンプル不足
v5,return_60d,60日モメンタム,業種,電気機器,5d,5営業日,1,-0.1623076923076923,-0.1623076923076923,0.0,サンプル不足
v5,return_60d,60日モメンタム,業種,電気機器,10d,10営業日,1,0.1723076923076923,0.1723076923076923,1.0,サンプル不足
v5,return_60d,60日モメンタム,業種,非鉄金属,1d,1営業日,0,,,,サンプル不足
v5,return_60d,60日モメンタム,業種,非鉄金属,3d,3営業日,0,,,,サンプル不足
v5,return_60d,60日モメンタム,業種,非鉄金属,5d,5営業日,0,,,,サンプル不足
v5,return_60d,60日モメンタム,業種,非鉄金属,10d,10営業日,0,,,,サンプル不足
v5,return_60d,60日モメンタム,業種,食料品,1d,1営業日,0,,,,サンプル不足
v5,return_60d,60日モメンタム,業種,食料品,3d,3営業日,0,,,,サンプル不足
v5,return_60d,60日モメンタム,業種,食料品,5d,5営業日,0,,,,サンプル不足
v5,return_60d,60日モメンタム,業種,食料品,10d,10営業日,0,,,,サンプル不足
v5,return_120d,120日モメンタム,全体,全体,1d,1営業日,1,0.24517251725172515,0.24517251725172515,1.0,サンプル不足
v5,return_120d,120日モメンタム,全体,全体,3d,3営業日,1,0.39912391239123907,0.39912391239123907,1.0,サンプル不足
v5,return_120d,120日モメンタム,全体,全体,5d,5営業日,1,0.09857785778577859,0.09857785778577859,1.0,サンプル不足
v5,return_120d,120日モメンタム,全体,全体,10d,10営業日,1,0.15372337233723368,0.15372337233723368,1.0,サンプル不足
v5,return_120d,120日モメンタム,業種,その他金融業,1d,1営業日,0,,,,サンプル不足
v5,return_120d,120日モメンタム,業種,その他金融業,3d,3営業日,0,,,,サンプル不足
v5,return_120d,120日モメンタム,業種,その他金融業,5d,5営業日,0,,,,サンプル不足
v5,return_120d,120日モメンタム,業種,その他金融業,10d,10営業日,0,,,,サンプル不足
v5,return_120d,120日モメンタム,業種,ガラス・土石製品,1d,1営業日,1,0.7999999999999999,0.7999999999999999,1.0,サンプル不足
v5,return_120d,120日モメンタム,業種,ガラス・土石製品,3d,3営業日,1,0.7999999999999999,0.7999999999999999,1.0,サンプル不足
v5,return_120d,120日モメンタム,業種,ガラス・土石製品,5d,5営業日,1,1.0,1.0,1.0,サンプル不足
v5,return_120d,120日モメンタム,業種,ガラス・土石製品,10d,10営業日,1,-0.39999999999999997,-0.39999999999999997,0.0,サンプル不足
v5,return_120d,120日モメンタム,業種,サービス業,1d,1営業日,1,0.08571428571428573,0.08571428571428573,1.0,サンプル不足
v5,return_120d,120日モメンタム,業種,サービス業,3d,3営業日,1,0.7714285714285715,0.7714285714285715,1.0,サンプル不足
v5,return_120d,120日モメンタム,業種,サービス業,5d,5営業日,1,0.7714285714285715,0.7714285714285715,1.0,サンプル不足
v5,return_120d,120日モメンタム,業種,サービス業,10d,10営業日,1,0.3142857142857143,0.3142857142857143,1.0,サンプル不足
v5,return_120d,120日モメンタム,業種,パルプ・紙,1d,1営業日,0,,,,サンプル不足
v5,return_120d,120日モメンタム,業種,パルプ・紙,3d,3営業日,0,,,,サンプル不足
v5,return_120d,120日モメンタム,業種,パルプ・紙,5d,5営業日,0,,,,サンプル不足
v5,return_120d,120日モメンタム,業種,パルプ・紙,10d,10営業日,0,,,,サンプル不足
v5,return_120d,120日モメンタム,業種,不動産業,1d,1営業日,0,,,,サンプル不足
v5,return_120d,120日モメンタム,業種,不動産業,3d,3営業日,0,,,,サンプル不足
v5,return_120d,120日モメンタム,業種,不動産業,5d,5営業日,0,,,,サンプル不足
v5,return_120d,120日モメンタム,業種,不動産業,10d,10営業日,0,,,,サンプル不足
v5,return_120d,120日モメンタム,業種,保険業,1d,1営業日,0,,,,サンプル不足
v5,return_120d,120日モメンタム,業種,保険業,3d,3営業日,0,,,,サンプル不足
v5,return_120d,120日モメンタム,業種,保険業,5d,5営業日,0,,,,サンプル不足
v5,return_120d,120日モメンタム,業種,保険業,10d,10営業日,0,,,,サンプル不足
v5,return_120d,120日モメンタム,業種,化学,1d,1営業日,1,0.3214285714285715,0.3214285714285715,1.0,サンプル不足
v5,return_120d,120日モメンタム,業種,化学,3d,3営業日,1,0.3571428571428572,0.3571428571428572,1.0,サンプル不足
v5,return_120d,120日モメンタム,業種,化学,5d,5営業日,1,-0.10714285714285716,-0.10714285714285716,0.0,サンプル不足
v5,return_120d,120日モメンタム,業種,化学,10d,10営業日,1,-0.4642857142857144,-0.4642857142857144,0.0,サンプル不足
v5,return_120d,120日モメンタム,業種,卸売業,1d,1営業日,0,,,,サンプル不足
v5,return_120d,120日モメンタム,業種,卸売業,3d,3営業日,0,,,,サンプル不足
v5,return_120d,120日モメンタム,業種,卸売業,5d,5営業日,0,,,,サンプル不足
v5,return_120d,120日モメンタム,業種,卸売業,10d,10営業日,0,,,,サンプル不足
v5,return_120d,120日モメンタム,業種,小売業,1d,1営業日,1,1.0,1.0,1.0,サンプル不足
v5,return_120d,120日モメンタム,業種,小売業,3d,3営業日,1,0.5,0.5,1.0,サンプル不足
v5,return_120d,120日モメンタム,業種,小売業,5d,5営業日,1,0.5,0.5,1.0,サンプル不足
v5,return_120d,120日モメンタム,業種,小売業,10d,10営業日,1,1.0,1.0,1.0,サンプル不足
v5,return_120d,120日モメンタム,業種,建設業,1d,1営業日,0,,,,サンプル不足
v5,return_120d,120日モメンタム,業種,建設業,3d,3営業日,0,,,,サンプル不足
v5,return_120d,120日モメンタム,業種,建設業,5d,5営業日,0,,,,サンプル不足
v5,return_120d,120日モメンタム,業種,建設業,10d,10営業日,0,,,,サンプル不足
v5,return_120d,120日モメンタム,業種,情報・通信業,1d,1営業日,1,-0.39999999999999997,-0.39999999999999997,0.0,サンプル不足
v5,return_120d,120日モメンタム,業種,情報・通信業,3d,3営業日,1,-0.39999999999999997,-0.39999999999999997,0.0,サンプル不足
v5,return_120d,120日モメンタム,業種,情報・通信業,5d,5営業日,1,-0.3,-0.3,0.0,サンプル不足
v5,return_120d,120日モメンタム,業種,情報・通信業,10d,10営業日,1,-0.09999999999999999,-0.09999999999999999,0.0,サンプル不足
v5,return_120d,120日モメンタム,業種,機械,1d,1営業日,1,0.12637362637362637,0.12637362637362637,1.0,サンプル不足
v5,return_120d,120日モメンタム,業種,機械,3d,3営業日,1,0.5549450549450549,0.5549450549450549,1.0,サンプル不足
v5,return_120d,120日モメンタム,業種,機械,5d,5営業日,1,0.5384615384615384,0.5384615384615384,1.0,サンプル不足
v5,return_120d,120日モメンタム,業種,機械,10d,10営業日,1,0.4725274725274725,0.4725274725274725,1.0,サンプル不足
v5,return_120d,120日モメンタム,業種,精密機器,1d,1営業日,1,0.14285714285714288,0.14285714285714288,1.0,サンプル不足
v5,return_120d,120日モメンタム,業種,精密機器,3d,3営業日,1,0.4642857142857144,0.4642857142857144,1.0,サンプル不足
v5,return_120d,120日モメンタム,業種,精密機器,5d,5営業日,1,0.42857142857142866,0.42857142857142866,1.0,サンプル不足
v5,return_120d,120日モメンタム,業種,精密機器,10d,10営業日,1,0.6785714285714287,0.6785714285714287,1.0,サンプル不足
v5,return_120d,120日モメンタム,業種,証券、商品先物取引業,1d,1営業日,0,,,,サンプル不足
v5,return_120d,120日モメンタム,業種,証券、商品先物取引業,3d,3営業日,0,,,,サンプル不足
v5,return_120d,120日モメンタム,業種,証券、商品先物取引業,5d,5営業日,0,,,,サンプル不足
v5,return_120d,120日モメンタム,業種,証券、商品先物取引業,10d,10営業日,0,,,,サンプル不足
v5,return_120d,120日モメンタム,業種,輸送用機器,1d,1営業日,1,0.39999999999999997,0.39999999999999997,1.0,サンプル不足
v5,return_120d,120日モメンタム,業種,輸送用機器,3d,3営業日,1,0.0,0.0,0.0,サンプル不足
v5,return_120d,120日モメンタム,業種,輸送用機器,5d,5営業日,1,0.0,0.0,0.0,サンプル不足
v5,return_120d,120日モメンタム,業種,輸送用機器,10d,10営業日,1,0.0,0.0,0.0,サンプル不足
v5,return_120d,120日モメンタム,業種,金属製品,1d,1営業日,1,0.39999999999999997,0.39999999999999997,1.0,サンプル不足
v5,return_120d,120日モメンタム,業種,金属製品,3d,3営業日,1,0.19999999999999998,0.19999999999999998,1.0,サンプル不足
v5,return_120d,120日モメンタム,業種,金属製品,5d,5営業日,1,0.19999999999999998,0.19999999999999998,1.0,サンプル不足
v5,return_120d,120日モメンタム,業種,金属製品,10d,10営業日,1,0.7999999999999999,0.7999999999999999,1.0,サンプル不足
v5,return_120d,120日モメンタム,業種,鉄鋼,1d,1営業日,0,,,,サンプル不足
v5,return_120d,120日モメンタム,業種,鉄鋼,3d,3営業日,0,,,,サンプル不足
v5,return_120d,120日モメンタム,業種,鉄鋼,5d,5営業日,0,,,,サンプル不足
v5,return_120d,120日モメンタム,業種,鉄鋼,10d,10営業日,0,,,,サンプル不足
v5,return_120d,120日モメンタム,業種,銀行業,1d,1営業日,1,0.3,0.3,1.0,サンプル不足
v5,return_120d,120日モメンタム,業種,銀行業,3d,3営業日,1,0.3,0.3,1.0,サンプル不足
v5,return_120d,120日モメンタム,業種,銀行業,5d,5営業日,1,0.09999999999999999,0.09999999999999999,1.0,サンプル不足
v5,return_120d,120日モメンタム,業種,銀行業,10d,10営業日,1,-0.7,-0.7,0.0,サンプル不足
v5,return_120d,120日モメンタム,業種,電気・ガス業,1d,1営業日,0,,,,サンプル不足
v5,return_120d,120日モメンタム,業種,電気・ガス業,3d,3営業日,0,,,,サンプル不足
v5,return_120d,120日モメンタム,業種,電気・ガス業,5d,5営業日,0,,,,サンプル不足
v5,return_120d,120日モメンタム,業種,電気・ガス業,10d,10営業日,0,,,,サンプル不足
v5,return_120d,120日モメンタム,業種,電気機器,1d,1営業日,1,0.2923076923076923,0.2923076923076923,1.0,サンプル不足
v5,return_120d,120日モメンタム,業種,電気機器,3d,3営業日,1,0.19615384615384615,0.19615384615384615,1.0,サンプル不足
v5,return_120d,120日モメンタム,業種,電気機器,5d,5営業日,1,-0.1176923076923077,-0.1176923076923077,0.0,サンプル不足
v5,return_120d,120日モメンタム,業種,電気機器,10d,10営業日,1,0.19384615384615386,0.19384615384615386,1.0,サンプル不足
v5,return_120d,120日モメンタム,業種,非鉄金属,1d,1営業日,0,,,,サンプル不足
v5,return_120d,120日モメンタム,業種,非鉄金属,3d,3営業日,0,,,,サンプル不足
v5,return_120d,120日モメンタム,業種,非鉄金属,5d,5営業日,0,,,,サンプル不足
v5,return_120d,120日モメンタム,業種,非鉄金属,10d,10営業日,0,,,,サンプル不足
v5,return_120d,120日モメンタム,業種,食料品,1d,1営業日,0,,,,サンプル不足
v5,return_120d,120日モメンタム,業種,食料品,3d,3営業日,0,,,,サンプル不足
v5,return_120d,120日モメンタム,業種,食料品,5d,5営業日,0,,,,サンプル不足
v5,return_120d,120日モメンタム,業種,食料品,10d,10営業日,0,,,,サンプル不足
v5,distance_ma20,20日移動平均乖離,全体,全体,1d,1営業日,1,-0.006024602460246023,-0.006024602460246023,0.0,サンプル不足
v5,distance_ma20,20日移動平均乖離,全体,全体,3d,3営業日,1,0.03341134113411341,0.03341134113411341,1.0,サンプル不足
v5,distance_ma20,20日移動平均乖離,全体,全体,5d,5営業日,1,-0.08348034803480348,-0.08348034803480348,0.0,サンプル不足
v5,distance_ma20,20日移動平均乖離,全体,全体,10d,10営業日,1,0.10001800180018001,0.10001800180018001,1.0,サンプル不足
v5,distance_ma20,20日移動平均乖離,業種,その他金融業,1d,1営業日,0,,,,サンプル不足
v5,distance_ma20,20日移動平均乖離,業種,その他金融業,3d,3営業日,0,,,,サンプル不足
v5,distance_ma20,20日移動平均乖離,業種,その他金融業,5d,5営業日,0,,,,サンプル不足
v5,distance_ma20,20日移動平均乖離,業種,その他金融業,10d,10営業日,0,,,,サンプル不足
v5,distance_ma20,20日移動平均乖離,業種,ガラス・土石製品,1d,1営業日,1,0.19999999999999998,0.19999999999999998,1.0,サンプル不足
v5,distance_ma20,20日移動平均乖離,業種,ガラス・土石製品,3d,3営業日,1,0.19999999999999998,0.19999999999999998,1.0,サンプル不足
v5,distance_ma20,20日移動平均乖離,業種,ガラス・土石製品,5d,5営業日,1,0.39999999999999997,0.39999999999999997,1.0,サンプル不足
v5,distance_ma20,20日移動平均乖離,業種,ガラス・土石製品,10d,10営業日,1,-0.39999999999999997,-0.39999999999999997,0.0,サンプル不足
v5,distance_ma20,20日移動平均乖離,業種,サービス業,1d,1営業日,1,-0.48571428571428577,-0.48571428571428577,0.0,サンプル不足
v5,distance_ma20,20日移動平均乖離,業種,サービス業,3d,3営業日,1,-0.2,-0.2,0.0,サンプル不足
v5,distance_ma20,20日移動平均乖離,業種,サービス業,5d,5営業日,1,-0.6,-0.6,0.0,サンプル不足
v5,distance_ma20,20日移動平均乖離,業種,サービス業,10d,10営業日,1,-0.48571428571428577,-0.48571428571428577,0.0,サンプル不足
v5,distance_ma20,20日移動平均乖離,業種,パルプ・紙,1d,1営業日,0,,,,サンプル不足
v5,distance_ma20,20日移動平均乖離,業種,パルプ・紙,3d,3営業日,0,,,,サンプル不足
v5,distance_ma20,20日移動平均乖離,業種,パルプ・紙,5d,5営業日,0,,,,サンプル不足
v5,distance_ma20,20日移動平均乖離,業種,パルプ・紙,10d,10営業日,0,,,,サンプル不足
v5,distance_ma20,20日移動平均乖離,業種,不動産業,1d,1営業日,0,,,,サンプル不足
v5,distance_ma20,20日移動平均乖離,業種,不動産業,3d,3営業日,0,,,,サンプル不足
v5,distance_ma20,20日移動平均乖離,業種,不動産業,5d,5営業日,0,,,,サンプル不足
v5,distance_ma20,20日移動平均乖離,業種,不動産業,10d,10営業日,0,,,,サンプル不足
v5,distance_ma20,20日移動平均乖離,業種,保険業,1d,1営業日,0,,,,サンプル不足
v5,distance_ma20,20日移動平均乖離,業種,保険業,3d,3営業日,0,,,,サンプル不足
v5,distance_ma20,20日移動平均乖離,業種,保険業,5d,5営業日,0,,,,サンプル不足
v5,distance_ma20,20日移動平均乖離,業種,保険業,10d,10営業日,0,,,,サンプル不足
v5,distance_ma20,20日移動平均乖離,業種,化学,1d,1営業日,1,-0.25,-0.25,0.0,サンプル不足
v5,distance_ma20,20日移動平均乖離,業種,化学,3d,3営業日,1,-0.42857142857142866,-0.42857142857142866,0.0,サンプル不足
v5,distance_ma20,20日移動平均乖離,業種,化学,5d,5営業日,1,-0.5357142857142858,-0.5357142857142858,0.0,サンプル不足
v5,distance_ma20,20日移動平均乖離,業種,化学,10d,10営業日,1,-0.8214285714285715,-0.8214285714285715,0.0,サンプル不足
v5,distance_ma20,20日移動平均乖離,業種,卸売業,1d,1営業日,0,,,,サンプル不足
v5,distance_ma20,20日移動平均乖離,業種,卸売業,3d,3営業日,0,,,,サンプル不足
v5,distance_ma20,20日移動平均乖離,業種,卸売業,5d,5営業日,0,,,,サンプル不足
v5,distance_ma20,20日移動平均乖離,業種,卸売業,10d,10営業日,0,,,,サンプル不足
v5,distance_ma20,20日移動平均乖離,業種,小売業,1d,1営業日,1,-0.5,-0.5,0.0,サンプル不足
v5,distance_ma20,20日移動平均乖離,業種,小売業,3d,3営業日,1,0.5,0.5,1.0,サンプル不足
v5,distance_ma20,20日移動平均乖離,業種,小売業,5d,5営業日,1,0.5,0.5,1.0,サンプル不足
v5,distance_ma20,20日移動平均乖離,業種,小売業,10d,10営業日,1,-0.5,-0.5,0.0,サンプル不足
v5,distance_ma20,20日移動平均乖離,業種,建設業,1d,1営業日,0,,,,サンプル不足
v5,distance_ma20,20日移動平均乖離,業種,建設業,3d,3営業日,0,,,,サンプル不足
v5,distance_ma20,20日移動平均乖離,業種,建設業,5d,5営業日,0,,,,サンプル不足
v5,distance_ma20,20日移動平均乖離,業種,建設業,10d,10営業日,0,,,,サンプル不足
v5,distance_ma20,20日移動平均乖離,業種,情報・通信業,1d,1営業日,1,-0.8999999999999998,-0.8999999999999998,0.0,サンプル不足
v5,distance_ma20,20日移動平均乖離,業種,情報・通信業,3d,3営業日,1,-0.8999999999999998,-0.8999999999999998,0.0,サンプル不足
v5,distance_ma20,20日移動平均乖離,業種,情報・通信業,5d,5営業日,1,-0.7,-0.7,0.0,サンプル不足
v5,distance_ma20,20日移動平均乖離,業種,情報・通信業,10d,10営業日,1,-0.6,-0.6,0.0,サンプル不足
v5,distance_ma20,20日移動平均乖離,業種,機械,1d,1営業日,1,0.1043956043956044,0.1043956043956044,1.0,サンプル不足
v5,distance_ma20,20日移動平均乖離,業種,機械,3d,3営業日,1,0.049450549450549455,0.049450549450549455,1.0,サンプル不足
v5,distance_ma20,20日移動平均乖離,業種,機械,5d,5営業日,1,0.09890109890109891,0.09890109890109891,1.0,サンプル不足
v5,distance_ma20,20日移動平均乖離,業種,機械,10d,10営業日,1,-0.21428571428571427,-0.21428571428571427,0.0,サンプル不足
v5,distance_ma20,20日移動平均乖離,業種,精密機器,1d,1営業日,1,0.3214285714285715,0.3214285714285715,1.0,サンプル不足
v5,distance_ma20,20日移動平均乖離,業種,精密機器,3d,3営業日,1,-0.10714285714285716,-0.10714285714285716,0.0,サンプル不足
v5,distance_ma20,20日移動平均乖離,業種,精密機器,5d,5営業日,1,-0.07142857142857144,-0.07142857142857144,0.0,サンプル不足
v5,distance_ma20,20日移動平均乖離,業種,精密機器,10d,10営業日,1,-0.03571428571428572,-0.03571428571428572,0.0,サンプル不足
v5,distance_ma20,20日移動平均乖離,業種,証券、商品先物取引業,1d,1営業日,0,,,,サンプル不足
v5,distance_ma20,20日移動平均乖離,業種,証券、商品先物取引業,3d,3営業日,0,,,,サンプル不足
v5,distance_ma20,20日移動平均乖離,業種,証券、商品先物取引業,5d,5営業日,0,,,,サンプル不足
v5,distance_ma20,20日移動平均乖離,業種,証券、商品先物取引業,10d,10営業日,0,,,,サンプル不足
v5,distance_ma20,20日移動平均乖離,業種,輸送用機器,1d,1営業日,1,0.7999999999999999,0.7999999999999999,1.0,サンプル不足
v5,distance_ma20,20日移動平均乖離,業種,輸送用機器,3d,3営業日,1,1.0,1.0,1.0,サンプル不足
v5,distance_ma20,20日移動平均乖離,業種,輸送用機器,5d,5営業日,1,1.0,1.0,1.0,サンプル不足
v5,distance_ma20,20日移動平均乖離,業種,輸送用機器,10d,10営業日,1,1.0,1.0,1.0,サンプル不足
v5,distance_ma20,20日移動平均乖離,業種,金属製品,1d,1営業日,1,-0.6000000000000001,-0.6000000000000001,0.0,サンプル不足
v5,distance_ma20,20日移動平均乖離,業種,金属製品,3d,3営業日,1,-0.7999999999999999,-0.7999999999999999,0.0,サンプル不足
v5,distance_ma20,20日移動平均乖離,業種,金属製品,5d,5営業日,1,-0.7999999999999999,-0.7999999999999999,0.0,サンプル不足
v5,distance_ma20,20日移動平均乖離,業種,金属製品,10d,10営業日,1,0.0,0.0,0.0,サンプル不足
v5,distance_ma20,20日移動平均乖離,業種,鉄鋼,1d,1営業日,0,,,,サンプル不足
v5,distance_ma20,20日移動平均乖離,業種,鉄鋼,3d,3営業日,0,,,,サンプル不足
v5,distance_ma20,20日移動平均乖離,業種,鉄鋼,5d,5営業日,0,,,,サンプル不足
v5,distance_ma20,20日移動平均乖離,業種,鉄鋼,10d,10営業日,0,,,,サンプル不足
v5,distance_ma20,20日移動平均乖離,業種,銀行業,1d,1営業日,1,-0.8999999999999998,-0.8999999999999998,0.0,サンプル不足
v5,distance_ma20,20日移動平均乖離,業種,銀行業,3d,3営業日,1,-0.8999999999999998,-0.8999999999999998,0.0,サンプル不足
v5,distance_ma20,20日移動平均乖離,業種,銀行業,5d,5営業日,1,-0.7,-0.7,0.0,サンプル不足
v5,distance_ma20,20日移動平均乖離,業種,銀行業,10d,10営業日,1,-0.09999999999999999,-0.09999999999999999,0.0,サンプル不足
v5,distance_ma20,20日移動平均乖離,業種,電気・ガス業,1d,1営業日,0,,,,サンプル不足
v5,distance_ma20,20日移動平均乖離,業種,電気・ガス業,3d,3営業日,0,,,,サンプル不足
v5,distance_ma20,20日移動平均乖離,業種,電気・ガス業,5d,5営業日,0,,,,サンプル不足
v5,distance_ma20,20日移動平均乖離,業種,電気・ガス業,10d,10営業日,0,,,,サンプル不足
v5,distance_ma20,20日移動平均乖離,業種,電気機器,1d,1営業日,1,0.10615384615384615,0.10615384615384615,1.0,サンプル不足
v5,distance_ma20,20日移動平均乖離,業種,電気機器,3d,3営業日,1,0.16923076923076924,0.16923076923076924,1.0,サンプル不足
v5,distance_ma20,20日移動平均乖離,業種,電気機器,5d,5営業日,1,-0.1769230769230769,-0.1769230769230769,0.0,サンプル不足
v5,distance_ma20,20日移動平均乖離,業種,電気機器,10d,10営業日,1,0.21000000000000002,0.21000000000000002,1.0,サンプル不足
v5,distance_ma20,20日移動平均乖離,業種,非鉄金属,1d,1営業日,0,,,,サンプル不足
v5,distance_ma20,20日移動平均乖離,業種,非鉄金属,3d,3営業日,0,,,,サンプル不足
v5,distance_ma20,20日移動平均乖離,業種,非鉄金属,5d,5営業日,0,,,,サンプル不足
v5,distance_ma20,20日移動平均乖離,業種,非鉄金属,10d,10営業日,0,,,,サンプル不足
v5,distance_ma20,20日移動平均乖離,業種,食料品,1d,1営業日,0,,,,サンプル不足
v5,distance_ma20,20日移動平均乖離,業種,食料品,3d,3営業日,0,,,,サンプル不足
v5,distance_ma20,20日移動平均乖離,業種,食料品,5d,5営業日,0,,,,サンプル不足
v5,distance_ma20,20日移動平均乖離,業種,食料品,10d,10営業日,0,,,,サンプル不足
v5,distance_ma60,60日移動平均乖離,全体,全体,1d,1営業日,1,0.16802880288028801,0.16802880288028801,1.0,サンプル不足
v5,distance_ma60,60日移動平均乖離,全体,全体,3d,3営業日,1,0.18076207620762072,0.18076207620762072,1.0,サンプル不足
v5,distance_ma60,60日移動平均乖離,全体,全体,5d,5営業日,1,-0.026114611461146114,-0.026114611461146114,0.0,サンプル不足
v5,distance_ma60,60日移動平均乖離,全体,全体,10d,10営業日,1,0.14557455745574555,0.14557455745574555,1.0,サンプル不足
v5,distance_ma60,60日移動平均乖離,業種,その他金融業,1d,1営業日,0,,,,サンプル不足
v5,distance_ma60,60日移動平均乖離,業種,その他金融業,3d,3営業日,0,,,,サンプル不足
v5,distance_ma60,60日移動平均乖離,業種,その他金融業,5d,5営業日,0,,,,サンプル不足
v5,distance_ma60,60日移動平均乖離,業種,その他金融業,10d,10営業日,0,,,,サンプル不足
v5,distance_ma60,60日移動平均乖離,業種,ガラス・土石製品,1d,1営業日,1,0.19999999999999998,0.19999999999999998,1.0,サンプル不足
v5,distance_ma60,60日移動平均乖離,業種,ガラス・土石製品,3d,3営業日,1,0.19999999999999998,0.19999999999999998,1.0,サンプル不足
v5,distance_ma60,60日移動平均乖離,業種,ガラス・土石製品,5d,5営業日,1,0.39999999999999997,0.39999999999999997,1.0,サンプル不足
v5,distance_ma60,60日移動平均乖離,業種,ガラス・土石製品,10d,10営業日,1,-0.39999999999999997,-0.39999999999999997,0.0,サンプル不足
v5,distance_ma60,60日移動平均乖離,業種,サービス業,1d,1営業日,1,0.14285714285714288,0.14285714285714288,1.0,サンプル不足
v5,distance_ma60,60日移動平均乖離,業種,サービス業,3d,3営業日,1,0.8857142857142858,0.8857142857142858,1.0,サンプル不足
v5,distance_ma60,60日移動平均乖離,業種,サービス業,5d,5営業日,1,0.8285714285714287,0.8285714285714287,1.0,サンプル不足
v5,distance_ma60,60日移動平均乖離,業種,サービス業,10d,10営業日,1,0.942857142857143,0.942857142857143,1.0,サンプル不足
v5,distance_ma60,60日移動平均乖離,業種,パルプ・紙,1d,1営業日,0,,,,サンプル不足
v5,distance_ma60,60日移動平均乖離,業種,パルプ・紙,3d,3営業日,0,,,,サンプル不足
v5,distance_ma60,60日移動平均乖離,業種,パルプ・紙,5d,5営業日,0,,,,サンプル不足
v5,distance_ma60,60日移動平均乖離,業種,パルプ・紙,10d,10営業日,0,,,,サンプル不足
v5,distance_ma60,60日移動平均乖離,業種,不動産業,1d,1営業日,0,,,,サンプル不足
v5,distance_ma60,60日移動平均乖離,業種,不動産業,3d,3営業日,0,,,,サンプル不足
v5,distance_ma60,60日移動平均乖離,業種,不動産業,5d,5営業日,0,,,,サンプル不足
v5,distance_ma60,60日移動平均乖離,業種,不動産業,10d,10営業日,0,,,,サンプル不足
v5,distance_ma60,60日移動平均乖離,業種,保険業,1d,1営業日,0,,,,サンプル不足
v5,distance_ma60,60日移動平均乖離,業種,保険業,3d,3営業日,0,,,,サンプル不足
v5,distance_ma60,60日移動平均乖離,業種,保険業,5d,5営業日,0,,,,サンプル不足
v5,distance_ma60,60日移動平均乖離,業種,保険業,10d,10営業日,0,,,,サンプル不足
v5,distance_ma60,60日移動平均乖離,業種,化学,1d,1営業日,1,-0.07142857142857144,-0.07142857142857144,0.0,サンプル不足
v5,distance_ma60,60日移動平均乖離,業種,化学,3d,3営業日,1,-0.14285714285714288,-0.14285714285714288,0.0,サンプル不足
v5,distance_ma60,60日移動平均乖離,業種,化学,5d,5営業日,1,-0.3214285714285715,-0.3214285714285715,0.0,サンプル不足
v5,distance_ma60,60日移動平均乖離,業種,化学,10d,10営業日,1,-0.6071428571428572,-0.6071428571428572,0.0,サンプル不足
v5,distance_ma60,60日移動平均乖離,業種,卸売業,1d,1営業日,0,,,,サンプル不足
v5,distance_ma60,60日移動平均乖離,業種,卸売業,3d,3営業日,0,,,,サンプル不足
v5,distance_ma60,60日移動平均乖離,業種,卸売業,5d,5営業日,0,,,,サンプル不足
v5,distance_ma60,60日移動平均乖離,業種,卸売業,10d,10営業日,0,,,,サンプル不足
v5,distance_ma60,60日移動平均乖離,業種,小売業,1d,1営業日,1,1.0,1.0,1.0,サンプル不足
v5,distance_ma60,60日移動平均乖離,業種,小売業,3d,3営業日,1,0.5,0.5,1.0,サンプル不足
v5,distance_ma60,60日移動平均乖離,業種,小売業,5d,5営業日,1,0.5,0.5,1.0,サンプル不足
v5,distance_ma60,60日移動平均乖離,業種,小売業,10d,10営業日,1,1.0,1.0,1.0,サンプル不足
v5,distance_ma60,60日移動平均乖離,業種,建設業,1d,1営業日,0,,,,サンプル不足
v5,distance_ma60,60日移動平均乖離,業種,建設業,3d,3営業日,0,,,,サンプル不足
v5,distance_ma60,60日移動平均乖離,業種,建設業,5d,5営業日,0,,,,サンプル不足
v5,distance_ma60,60日移動平均乖離,業種,建設業,10d,10営業日,0,,,,サンプル不足
v5,distance_ma60,60日移動平均乖離,業種,情報・通信業,1d,1営業日,1,-0.39999999999999997,-0.39999999999999997,0.0,サンプル不足
v5,distance_ma60,60日移動平均乖離,業種,情報・通信業,3d,3営業日,1,-0.39999999999999997,-0.39999999999999997,0.0,サンプル不足
v5,distance_ma60,60日移動平均乖離,業種,情報・通信業,5d,5営業日,1,-0.3,-0.3,0.0,サンプル不足
v5,distance_ma60,60日移動平均乖離,業種,情報・通信業,10d,10営業日,1,-0.49999999999999994,-0.49999999999999994,0.0,サンプル不足
v5,distance_ma60,60日移動平均乖離,業種,機械,1d,1営業日,1,0.11538461538461539,0.11538461538461539,1.0,サンプル不足
v5,distance_ma60,60日移動平均乖離,業種,機械,3d,3営業日,1,0.4945054945054945,0.4945054945054945,1.0,サンプル不足
v5,distance_ma60,60日移動平均乖離,業種,機械,5d,5営業日,1,0.42857142857142855,0.42857142857142855,1.0,サンプル不足
v5,distance_ma60,60日移動平均乖離,業種,機械,10d,10営業日,1,0.21428571428571427,0.21428571428571427,1.0,サンプル不足
v5,distance_ma60,60日移動平均乖離,業種,精密機器,1d,1営業日,1,0.5714285714285715,0.5714285714285715,1.0,サンプル不足
v5,distance_ma60,60日移動平均乖離,業種,精密機器,3d,3営業日,1,0.07142857142857144,0.07142857142857144,1.0,サンプル不足
v5,distance_ma60,60日移動平均乖離,業種,精密機器,5d,5営業日,1,0.1785714285714286,0.1785714285714286,1.0,サンプル不足
v5,distance_ma60,60日移動平均乖離,業種,精密機器,10d,10営業日,1,0.21428571428571433,0.21428571428571433,1.0,サンプル不足
v5,distance_ma60,60日移動平均乖離,業種,証券、商品先物取引業,1d,1営業日,0,,,,サンプル不足
v5,distance_ma60,60日移動平均乖離,業種,証券、商品先物取引業,3d,3営業日,0,,,,サンプル不足
v5,distance_ma60,60日移動平均乖離,業種,証券、商品先物取引業,5d,5営業日,0,,,,サンプル不足
v5,distance_ma60,60日移動平均乖離,業種,証券、商品先物取引業,10d,10営業日,0,,,,サンプル不足
v5,distance_ma60,60日移動平均乖離,業種,輸送用機器,1d,1営業日,1,0.6000000000000001,0.6000000000000001,1.0,サンプル不足
v5,distance_ma60,60日移動平均乖離,業種,輸送用機器,3d,3営業日,1,0.7999999999999999,0.7999999999999999,1.0,サンプル不足
v5,distance_ma60,60日移動平均乖離,業種,輸送用機器,5d,5営業日,1,0.7999999999999999,0.7999999999999999,1.0,サンプル不足
v5,distance_ma60,60日移動平均乖離,業種,輸送用機器,10d,10営業日,1,0.7999999999999999,0.7999999999999999,1.0,サンプル不足
v5,distance_ma60,60日移動平均乖離,業種,金属製品,1d,1営業日,1,0.7999999999999999,0.7999999999999999,1.0,サンプル不足
v5,distance_ma60,60日移動平均乖離,業種,金属製品,3d,3営業日,1,0.39999999999999997,0.39999999999999997,1.0,サンプル不足
v5,distance_ma60,60日移動平均乖離,業種,金属製品,5d,5営業日,1,0.39999999999999997,0.39999999999999997,1.0,サンプル不足
v5,distance_ma60,60日移動平均乖離,業種,金属製品,10d,10営業日,1,1.0,1.0,1.0,サンプル不足
v5,distance_ma60,60日移動平均乖離,業種,鉄鋼,1d,1営業日,0,,,,サンプル不足
v5,distance_ma60,60日移動平均乖離,業種,鉄鋼,3d,3営業日,0,,,,サンプル不足
v5,distance_ma60,60日移動平均乖離,業種,鉄鋼,5d,5営業日,0,,,,サンプル不足
v5,distance_ma60,60日移動平均乖離,業種,鉄鋼,10d,10営業日,0,,,,サンプル不足
v5,distance_ma60,60日移動平均乖離,業種,銀行業,1d,1営業日,1,-0.7999999999999999,-0.7999999999999999,0.0,サンプル不足
v5,distance_ma60,60日移動平均乖離,業種,銀行業,3d,3営業日,1,-0.7999999999999999,-0.7999999999999999,0.0,サンプル不足
v5,distance_ma60,60日移動平均乖離,業種,銀行業,5d,5営業日,1,-0.49999999999999994,-0.49999999999999994,0.0,サンプル不足
v5,distance_ma60,60日移動平均乖離,業種,銀行業,10d,10営業日,1,0.0,0.0,0.0,サンプル不足
v5,distance_ma60,60日移動平均乖離,業種,電気・ガス業,1d,1営業日,0,,,,サンプル不足
v5,distance_ma60,60日移動平均乖離,業種,電気・ガス業,3d,3営業日,0,,,,サンプル不足
v5,distance_ma60,60日移動平均乖離,業種,電気・ガス業,5d,5営業日,0,,,,サンプル不足
v5,distance_ma60,60日移動平均乖離,業種,電気・ガス業,10d,10営業日,0,,,,サンプル不足
v5,distance_ma60,60日移動平均乖離,業種,電気機器,1d,1営業日,1,0.10692307692307691,0.10692307692307691,1.0,サンプル不足
v5,distance_ma60,60日移動平均乖離,業種,電気機器,3d,3営業日,1,0.15307692307692308,0.15307692307692308,1.0,サンプル不足
v5,distance_ma60,60日移動平均乖離,業種,電気機器,5d,5営業日,1,-0.1992307692307692,-0.1992307692307692,0.0,サンプル不足
v5,distance_ma60,60日移動平均乖離,業種,電気機器,10d,10営業日,1,0.1523076923076923,0.1523076923076923,1.0,サンプル不足
v5,distance_ma60,60日移動平均乖離,業種,非鉄金属,1d,1営業日,0,,,,サンプル不足
v5,distance_ma60,60日移動平均乖離,業種,非鉄金属,3d,3営業日,0,,,,サンプル不足
v5,distance_ma60,60日移動平均乖離,業種,非鉄金属,5d,5営業日,0,,,,サンプル不足
v5,distance_ma60,60日移動平均乖離,業種,非鉄金属,10d,10営業日,0,,,,サンプル不足
v5,distance_ma60,60日移動平均乖離,業種,食料品,1d,1営業日,0,,,,サンプル不足
v5,distance_ma60,60日移動平均乖離,業種,食料品,3d,3営業日,0,,,,サンプル不足
v5,distance_ma60,60日移動平均乖離,業種,食料品,5d,5営業日,0,,,,サンプル不足
v5,distance_ma60,60日移動平均乖離,業種,食料品,10d,10営業日,0,,,,サンプル不足
v5,avg_turnover_20d,20日平均売買代金,全体,全体,1d,1営業日,1,0.3243684368436844,0.3243684368436844,1.0,サンプル不足
v5,avg_turnover_20d,20日平均売買代金,全体,全体,3d,3営業日,1,0.26198619861986194,0.26198619861986194,1.0,サンプル不足
v5,avg_turnover_20d,20日平均売買代金,全体,全体,5d,5営業日,1,0.05748574857485748,0.05748574857485748,1.0,サンプル不足
v5,avg_turnover_20d,20日平均売買代金,全体,全体,10d,10営業日,1,0.16387638763876383,0.16387638763876383,1.0,サンプル不足
v5,avg_turnover_20d,20日平均売買代金,業種,その他金融業,1d,1営業日,0,,,,サンプル不足
v5,avg_turnover_20d,20日平均売買代金,業種,その他金融業,3d,3営業日,0,,,,サンプル不足
v5,avg_turnover_20d,20日平均売買代金,業種,その他金融業,5d,5営業日,0,,,,サンプル不足
v5,avg_turnover_20d,20日平均売買代金,業種,その他金融業,10d,10営業日,0,,,,サンプル不足
v5,avg_turnover_20d,20日平均売買代金,業種,ガラス・土石製品,1d,1営業日,1,0.39999999999999997,0.39999999999999997,1.0,サンプル不足
v5,avg_turnover_20d,20日平均売買代金,業種,ガラス・土石製品,3d,3営業日,1,0.39999999999999997,0.39999999999999997,1.0,サンプル不足
v5,avg_turnover_20d,20日平均売買代金,業種,ガラス・土石製品,5d,5営業日,1,0.7999999999999999,0.7999999999999999,1.0,サンプル不足
v5,avg_turnover_20d,20日平均売買代金,業種,ガラス・土石製品,10d,10営業日,1,-0.19999999999999998,-0.19999999999999998,0.0,サンプル不足
v5,avg_turnover_20d,20日平均売買代金,業種,サービス業,1d,1営業日,1,0.942857142857143,0.942857142857143,1.0,サンプル不足
v5,avg_turnover_20d,20日平均売買代金,業種,サービス業,3d,3営業日,1,0.2571428571428572,0.2571428571428572,1.0,サンプル不足
v5,avg_turnover_20d,20日平均売買代金,業種,サービス業,5d,5営業日,1,0.5428571428571429,0.5428571428571429,1.0,サンプル不足
v5,avg_turnover_20d,20日平均売買代金,業種,サービス業,10d,10営業日,1,0.08571428571428573,0.08571428571428573,1.0,サンプル不足
v5,avg_turnover_20d,20日平均売買代金,業種,パルプ・紙,1d,1営業日,0,,,,サンプル不足
v5,avg_turnover_20d,20日平均売買代金,業種,パルプ・紙,3d,3営業日,0,,,,サンプル不足
v5,avg_turnover_20d,20日平均売買代金,業種,パルプ・紙,5d,5営業日,0,,,,サンプル不足
v5,avg_turnover_20d,20日平均売買代金,業種,パルプ・紙,10d,10営業日,0,,,,サンプル不足
v5,avg_turnover_20d,20日平均売買代金,業種,不動産業,1d,1営業日,0,,,,サンプル不足
v5,avg_turnover_20d,20日平均売買代金,業種,不動産業,3d,3営業日,0,,,,サンプル不足
v5,avg_turnover_20d,20日平均売買代金,業種,不動産業,5d,5営業日,0,,,,サンプル不足
v5,avg_turnover_20d,20日平均売買代金,業種,不動産業,10d,10営業日,0,,,,サンプル不足
v5,avg_turnover_20d,20日平均売買代金,業種,保険業,1d,1営業日,0,,,,サンプル不足
v5,avg_turnover_20d,20日平均売買代金,業種,保険業,3d,3営業日,0,,,,サンプル不足
v5,avg_turnover_20d,20日平均売買代金,業種,保険業,5d,5営業日,0,,,,サンプル不足
v5,avg_turnover_20d,20日平均売買代金,業種,保険業,10d,10営業日,0,,,,サンプル不足
v5,avg_turnover_20d,20日平均売買代金,業種,化学,1d,1営業日,1,-0.07142857142857144,-0.07142857142857144,0.0,サンプル不足
v5,avg_turnover_20d,20日平均売買代金,業種,化学,3d,3営業日,1,-0.1785714285714286,-0.1785714285714286,0.0,サンプル不足
v5,avg_turnover_20d,20日平均売買代金,業種,化学,5d,5営業日,1,0.0,0.0,0.0,サンプル不足
v5,avg_turnover_20d,20日平均売買代金,業種,化学,10d,10営業日,1,0.3571428571428572,0.3571428571428572,1.0,サンプル不足
v5,avg_turnover_20d,20日平均売買代金,業種,卸売業,1d,1営業日,0,,,,サンプル不足
v5,avg_turnover_20d,20日平均売買代金,業種,卸売業,3d,3営業日,0,,,,サンプル不足
v5,avg_turnover_20d,20日平均売買代金,業種,卸売業,5d,5営業日,0,,,,サンプル不足
v5,avg_turnover_20d,20日平均売買代金,業種,卸売業,10d,10営業日,0,,,,サンプル不足
v5,avg_turnover_20d,20日平均売買代金,業種,小売業,1d,1営業日,1,-0.5,-0.5,0.0,サンプル不足
v5,avg_turnover_20d,20日平均売買代金,業種,小売業,3d,3営業日,1,0.5,0.5,1.0,サンプル不足
v5,avg_turnover_20d,20日平均売買代金,業種,小売業,5d,5営業日,1,0.5,0.5,1.0,サンプル不足
v5,avg_turnover_20d,20日平均売買代金,業種,小売業,10d,10営業日,1,-0.5,-0.5,0.0,サンプル不足
v5,avg_turnover_20d,20日平均売買代金,業種,建設業,1d,1営業日,0,,,,サンプル不足
v5,avg_turnover_20d,20日平均売買代金,業種,建設業,3d,3営業日,0,,,,サンプル不足
v5,avg_turnover_20d,20日平均売買代金,業種,建設業,5d,5営業日,0,,,,サンプル不足
v5,avg_turnover_20d,20日平均売買代金,業種,建設業,10d,10営業日,0,,,,サンプル不足
v5,avg_turnover_20d,20日平均売買代金,業種,情報・通信業,1d,1営業日,1,0.6,0.6,1.0,サンプル不足
v5,avg_turnover_20d,20日平均売買代金,業種,情報・通信業,3d,3営業日,1,0.6,0.6,1.0,サンプル不足
v5,avg_turnover_20d,20日平均売買代金,業種,情報・通信業,5d,5営業日,1,0.19999999999999998,0.19999999999999998,1.0,サンプル不足
v5,avg_turnover_20d,20日平均売買代金,業種,情報・通信業,10d,10営業日,1,-0.09999999999999999,-0.09999999999999999,0.0,サンプル不足
v5,avg_turnover_20d,20日平均売買代金,業種,機械,1d,1営業日,1,0.5714285714285714,0.5714285714285714,1.0,サンプル不足
v5,avg_turnover_20d,20日平均売買代金,業種,機械,3d,3営業日,1,0.6428571428571429,0.6428571428571429,1.0,サンプル不足
v5,avg_turnover_20d,20日平均売買代金,業種,機械,5d,5営業日,1,0.16483516483516483,0.16483516483516483,1.0,サンプル不足
v5,avg_turnover_20d,20日平均売買代金,業種,機械,10d,10営業日,1,0.32417582417582413,0.32417582417582413,1.0,サンプル不足
v5,avg_turnover_20d,20日平均売買代金,業種,精密機器,1d,1営業日,1,-0.4642857142857144,-0.4642857142857144,0.0,サンプル不足
v5,avg_turnover_20d,20日平均売買代金,業種,精密機器,3d,3営業日,1,0.0,0.0,0.0,サンプル不足
v5,avg_turnover_20d,20日平均売買代金,業種,精密機器,5d,5営業日,1,-0.14285714285714288,-0.14285714285714288,0.0,サンプル不足
v5,avg_turnover_20d,20日平均売買代金,業種,精密機器,10d,10営業日,1,0.3571428571428572,0.3571428571428572,1.0,サンプル不足
v5,avg_turnover_20d,20日平均売買代金,業種,証券、商品先物取引業,1d,1営業日,0,,,,サンプル不足
v5,avg_turnover_20d,20日平均売買代金,業種,証券、商品先物取引業,3d,3営業日,0,,,,サンプル不足
v5,avg_turnover_20d,20日平均売買代金,業種,証券、商品先物取引業,5d,5営業日,0,,,,サンプル不足
v5,avg_turnover_20d,20日平均売買代金,業種,証券、商品先物取引業,10d,10営業日,0,,,,サンプル不足
v5,avg_turnover_20d,20日平均売買代金,業種,輸送用機器,1d,1営業日,1,-0.7999999999999999,-0.7999999999999999,0.0,サンプル不足
v5,avg_turnover_20d,20日平均売買代金,業種,輸送用機器,3d,3営業日,1,-0.6000000000000001,-0.6000000000000001,0.0,サンプル不足
v5,avg_turnover_20d,20日平均売買代金,業種,輸送用機器,5d,5営業日,1,-0.6000000000000001,-0.6000000000000001,0.0,サンプル不足
v5,avg_turnover_20d,20日平均売買代金,業種,輸送用機器,10d,10営業日,1,-0.6000000000000001,-0.6000000000000001,0.0,サンプル不足
v5,avg_turnover_20d,20日平均売買代金,業種,金属製品,1d,1営業日,1,0.19999999999999998,0.19999999999999998,1.0,サンプル不足
v5,avg_turnover_20d,20日平均売買代金,業種,金属製品,3d,3営業日,1,-0.39999999999999997,-0.39999999999999997,0.0,サンプル不足
v5,avg_turnover_20d,20日平均売買代金,業種,金属製品,5d,5営業日,1,-0.39999999999999997,-0.39999999999999997,0.0,サンプル不足
v5,avg_turnover_20d,20日平均売買代金,業種,金属製品,10d,10営業日,1,0.39999999999999997,0.39999999999999997,1.0,サンプル不足
v5,avg_turnover_20d,20日平均売買代金,業種,鉄鋼,1d,1営業日,0,,,,サンプル不足
v5,avg_turnover_20d,20日平均売買代金,業種,鉄鋼,3d,3営業日,0,,,,サンプル不足
v5,avg_turnover_20d,20日平均売買代金,業種,鉄鋼,5d,5営業日,0,,,,サンプル不足
v5,avg_turnover_20d,20日平均売買代金,業種,鉄鋼,10d,10営業日,0,,,,サンプル不足
v5,avg_turnover_20d,20日平均売買代金,業種,銀行業,1d,1営業日,1,-0.6,-0.6,0.0,サンプル不足
v5,avg_turnover_20d,20日平均売買代金,業種,銀行業,3d,3営業日,1,-0.6,-0.6,0.0,サンプル不足
v5,avg_turnover_20d,20日平均売買代金,業種,銀行業,5d,5営業日,1,-0.3,-0.3,0.0,サンプル不足
v5,avg_turnover_20d,20日平均売買代金,業種,銀行業,10d,10営業日,1,0.6,0.6,1.0,サンプル不足
v5,avg_turnover_20d,20日平均売買代金,業種,電気・ガス業,1d,1営業日,0,,,,サンプル不足
v5,avg_turnover_20d,20日平均売買代金,業種,電気・ガス業,3d,3営業日,0,,,,サンプル不足
v5,avg_turnover_20d,20日平均売買代金,業種,電気・ガス業,5d,5営業日,0,,,,サンプル不足
v5,avg_turnover_20d,20日平均売買代金,業種,電気・ガス業,10d,10営業日,0,,,,サンプル不足
v5,avg_turnover_20d,20日平均売買代金,業種,電気機器,1d,1営業日,1,0.3392307692307693,0.3392307692307693,1.0,サンプル不足
v5,avg_turnover_20d,20日平均売買代金,業種,電気機器,3d,3営業日,1,0.5638461538461538,0.5638461538461538,1.0,サンプル不足
v5,avg_turnover_20d,20日平均売買代金,業種,電気機器,5d,5営業日,1,0.43076923076923074,0.43076923076923074,1.0,サンプル不足
v5,avg_turnover_20d,20日平均売買代金,業種,電気機器,10d,10営業日,1,0.4684615384615385,0.4684615384615385,1.0,サンプル不足
v5,avg_turnover_20d,20日平均売買代金,業種,非鉄金属,1d,1営業日,0,,,,サンプル不足
v5,avg_turnover_20d,20日平均売買代金,業種,非鉄金属,3d,3営業日,0,,,,サンプル不足
v5,avg_turnover_20d,20日平均売買代金,業種,非鉄金属,5d,5営業日,0,,,,サンプル不足
v5,avg_turnover_20d,20日平均売買代金,業種,非鉄金属,10d,10営業日,0,,,,サンプル不足
v5,avg_turnover_20d,20日平均売買代金,業種,食料品,1d,1営業日,0,,,,サンプル不足
v5,avg_turnover_20d,20日平均売買代金,業種,食料品,3d,3営業日,0,,,,サンプル不足
v5,avg_turnover_20d,20日平均売買代金,業種,食料品,5d,5営業日,0,,,,サンプル不足
v5,avg_turnover_20d,20日平均売買代金,業種,食料品,10d,10営業日,0,,,,サンプル不足
v5,volume_ratio_20d,出来高比,全体,全体,1d,1営業日,1,-0.311083108310831,-0.311083108310831,0.0,サンプル不足
v5,volume_ratio_20d,出来高比,全体,全体,3d,3営業日,1,-0.2246024602460246,-0.2246024602460246,0.0,サンプル不足
v5,volume_ratio_20d,出来高比,全体,全体,5d,5営業日,1,-0.10417041704170416,-0.10417041704170416,0.0,サンプル不足
v5,volume_ratio_20d,出来高比,全体,全体,10d,10営業日,1,-0.1138073807380738,-0.1138073807380738,0.0,サンプル不足
v5,volume_ratio_20d,出来高比,業種,その他金融業,1d,1営業日,0,,,,サンプル不足
v5,volume_ratio_20d,出来高比,業種,その他金融業,3d,3営業日,0,,,,サンプル不足
v5,volume_ratio_20d,出来高比,業種,その他金融業,5d,5営業日,0,,,,サンプル不足
v5,volume_ratio_20d,出来高比,業種,その他金融業,10d,10営業日,0,,,,サンプル不足
v5,volume_ratio_20d,出来高比,業種,ガラス・土石製品,1d,1営業日,1,0.39999999999999997,0.39999999999999997,1.0,サンプル不足
v5,volume_ratio_20d,出来高比,業種,ガラス・土石製品,3d,3営業日,1,0.39999999999999997,0.39999999999999997,1.0,サンプル不足
v5,volume_ratio_20d,出来高比,業種,ガラス・土石製品,5d,5営業日,1,0.7999999999999999,0.7999999999999999,1.0,サンプル不足
v5,volume_ratio_20d,出来高比,業種,ガラス・土石製品,10d,10営業日,1,-0.19999999999999998,-0.19999999999999998,0.0,サンプル不足
v5,volume_ratio_20d,出来高比,業種,サービス業,1d,1営業日,1,-0.48571428571428577,-0.48571428571428577,0.0,サンプル不足
v5,volume_ratio_20d,出来高比,業種,サービス業,3d,3営業日,1,-0.3714285714285715,-0.3714285714285715,0.0,サンプル不足
v5,volume_ratio_20d,出来高比,業種,サービス業,5d,5営業日,1,-0.7142857142857143,-0.7142857142857143,0.0,サンプル不足
v5,volume_ratio_20d,出来高比,業種,サービス業,10d,10営業日,1,-0.3714285714285715,-0.3714285714285715,0.0,サンプル不足
v5,volume_ratio_20d,出来高比,業種,パルプ・紙,1d,1営業日,0,,,,サンプル不足
v5,volume_ratio_20d,出来高比,業種,パルプ・紙,3d,3営業日,0,,,,サンプル不足
v5,volume_ratio_20d,出来高比,業種,パルプ・紙,5d,5営業日,0,,,,サンプル不足
v5,volume_ratio_20d,出来高比,業種,パルプ・紙,10d,10営業日,0,,,,サンプル不足
v5,volume_ratio_20d,出来高比,業種,不動産業,1d,1営業日,0,,,,サンプル不足
v5,volume_ratio_20d,出来高比,業種,不動産業,3d,3営業日,0,,,,サンプル不足
v5,volume_ratio_20d,出来高比,業種,不動産業,5d,5営業日,0,,,,サンプル不足
v5,volume_ratio_20d,出来高比,業種,不動産業,10d,10営業日,0,,,,サンプル不足
v5,volume_ratio_20d,出来高比,業種,保険業,1d,1営業日,0,,,,サンプル不足
v5,volume_ratio_20d,出来高比,業種,保険業,3d,3営業日,0,,,,サンプル不足
v5,volume_ratio_20d,出来高比,業種,保険業,5d,5営業日,0,,,,サンプル不足
v5,volume_ratio_20d,出来高比,業種,保険業,10d,10営業日,0,,,,サンプル不足
v5,volume_ratio_20d,出来高比,業種,化学,1d,1営業日,1,-0.6071428571428572,-0.6071428571428572,0.0,サンプル不足
v5,volume_ratio_20d,出来高比,業種,化学,3d,3営業日,1,0.10714285714285716,0.10714285714285716,1.0,サンプル不足
v5,volume_ratio_20d,出来高比,業種,化学,5d,5営業日,1,0.6071428571428572,0.6071428571428572,1.0,サンプル不足
v5,volume_ratio_20d,出来高比,業種,化学,10d,10営業日,1,0.3214285714285715,0.3214285714285715,1.0,サンプル不足
v5,volume_ratio_20d,出来高比,業種,卸売業,1d,1営業日,0,,,,サンプル不足
v5,volume_ratio_20d,出来高比,業種,卸売業,3d,3営業日,0,,,,サンプル不足
v5,volume_ratio_20d,出来高比,業種,卸売業,5d,5営業日,0,,,,サンプル不足
v5,volume_ratio_20d,出来高比,業種,卸売業,10d,10営業日,0,,,,サンプル不足
v5,volume_ratio_20d,出来高比,業種,小売業,1d,1営業日,1,0.5,0.5,1.0,サンプル不足
v5,volume_ratio_20d,出来高比,業種,小売業,3d,3営業日,1,-0.5,-0.5,0.0,サンプル不足
v5,volume_ratio_20d,出来高比,業種,小売業,5d,5営業日,1,-0.5,-0.5,0.0,サンプル不足
v5,volume_ratio_20d,出来高比,業種,小売業,10d,10営業日,1,0.5,0.5,1.0,サンプル不足
v5,volume_ratio_20d,出来高比,業種,建設業,1d,1営業日,0,,,,サンプル不足
v5,volume_ratio_20d,出来高比,業種,建設業,3d,3営業日,0,,,,サンプル不足
v5,volume_ratio_20d,出来高比,業種,建設業,5d,5営業日,0,,,,サンプル不足
v5,volume_ratio_20d,出来高比,業種,建設業,10d,10営業日,0,,,,サンプル不足
v5,volume_ratio_20d,出来高比,業種,情報・通信業,1d,1営業日,1,-0.3,-0.3,0.0,サンプル不足
v5,volume_ratio_20d,出来高比,業種,情報・通信業,3d,3営業日,1,-0.3,-0.3,0.0,サンプル不足
v5,volume_ratio_20d,出来高比,業種,情報・通信業,5d,5営業日,1,-0.09999999999999999,-0.09999999999999999,0.0,サンプル不足
v5,volume_ratio_20d,出来高比,業種,情報・通信業,10d,10営業日,1,0.0,0.0,0.0,サンプル不足
v5,volume_ratio_20d,出来高比,業種,機械,1d,1営業日,1,-0.6813186813186813,-0.6813186813186813,0.0,サンプル不足
v5,volume_ratio_20d,出来高比,業種,機械,3d,3営業日,1,-0.510989010989011,-0.510989010989011,0.0,サンプル不足
v5,volume_ratio_20d,出来高比,業種,機械,5d,5営業日,1,-0.5549450549450549,-0.5549450549450549,0.0,サンプル不足
v5,volume_ratio_20d,出来高比,業種,機械,10d,10営業日,1,-0.40659340659340654,-0.40659340659340654,0.0,サンプル不足
v5,volume_ratio_20d,出来高比,業種,精密機器,1d,1営業日,1,0.07142857142857144,0.07142857142857144,1.0,サンプル不足
v5,volume_ratio_20d,出来高比,業種,精密機器,3d,3営業日,1,-0.5,-0.5,0.0,サンプル不足
v5,volume_ratio_20d,出来高比,業種,精密機器,5d,5営業日,1,-0.42857142857142866,-0.42857142857142866,0.0,サンプル不足
v5,volume_ratio_20d,出来高比,業種,精密機器,10d,10営業日,1,-0.3571428571428572,-0.3571428571428572,0.0,サンプル不足
v5,volume_ratio_20d,出来高比,業種,証券、商品先物取引業,1d,1営業日,0,,,,サンプル不足
v5,volume_ratio_20d,出来高比,業種,証券、商品先物取引業,3d,3営業日,0,,,,サンプル不足
v5,volume_ratio_20d,出来高比,業種,証券、商品先物取引業,5d,5営業日,0,,,,サンプル不足
v5,volume_ratio_20d,出来高比,業種,証券、商品先物取引業,10d,10営業日,0,,,,サンプル不足
v5,volume_ratio_20d,出来高比,業種,輸送用機器,1d,1営業日,1,1.0,1.0,1.0,サンプル不足
v5,volume_ratio_20d,出来高比,業種,輸送用機器,3d,3営業日,1,0.7999999999999999,0.7999999999999999,1.0,サンプル不足
v5,volume_ratio_20d,出来高比,業種,輸送用機器,5d,5営業日,1,0.7999999999999999,0.7999999999999999,1.0,サンプル不足
v5,volume_ratio_20d,出来高比,業種,輸送用機器,10d,10営業日,1,0.7999999999999999,0.7999999999999999,1.0,サンプル不足
v5,volume_ratio_20d,出来高比,業種,金属製品,1d,1営業日,1,-0.7999999999999999,-0.7999999999999999,0.0,サンプル不足
v5,volume_ratio_20d,出来高比,業種,金属製品,3d,3営業日,1,-0.39999999999999997,-0.39999999999999997,0.0,サンプル不足
v5,volume_ratio_20d,出来高比,業種,金属製品,5d,5営業日,1,-0.39999999999999997,-0.39999999999999997,0.0,サンプル不足
v5,volume_ratio_20d,出来高比,業種,金属製品,10d,10営業日,1,-1.0,-1.0,0.0,サンプル不足
v5,volume_ratio_20d,出来高比,業種,鉄鋼,1d,1営業日,0,,,,サンプル不足
v5,volume_ratio_20d,出来高比,業種,鉄鋼,3d,3営業日,0,,,,サンプル不足
v5,volume_ratio_20d,出来高比,業種,鉄鋼,5d,5営業日,0,,,,サンプル不足
v5,volume_ratio_20d,出来高比,業種,鉄鋼,10d,10営業日,0,,,,サンプル不足
v5,volume_ratio_20d,出来高比,業種,銀行業,1d,1営業日,1,-0.7,-0.7,0.0,サンプル不足
v5,volume_ratio_20d,出来高比,業種,銀行業,3d,3営業日,1,-0.7,-0.7,0.0,サンプル不足
v5,volume_ratio_20d,出来高比,業種,銀行業,5d,5営業日,1,-0.8999999999999998,-0.8999999999999998,0.0,サンプル不足
v5,volume_ratio_20d,出来高比,業種,銀行業,10d,10営業日,1,-0.7,-0.7,0.0,サンプル不足
v5,volume_ratio_20d,出来高比,業種,電気・ガス業,1d,1営業日,0,,,,サンプル不足
v5,volume_ratio_20d,出来高比,業種,電気・ガス業,3d,3営業日,0,,,,サンプル不足
v5,volume_ratio_20d,出来高比,業種,電気・ガス業,5d,5営業日,0,,,,サンプル不足
v5,volume_ratio_20d,出来高比,業種,電気・ガス業,10d,10営業日,0,,,,サンプル不足
v5,volume_ratio_20d,出来高比,業種,電気機器,1d,1営業日,1,-0.18615384615384614,-0.18615384615384614,0.0,サンプル不足
v5,volume_ratio_20d,出来高比,業種,電気機器,3d,3営業日,1,-0.4553846153846154,-0.4553846153846154,0.0,サンプル不足
v5,volume_ratio_20d,出来高比,業種,電気機器,5d,5営業日,1,-0.45461538461538464,-0.45461538461538464,0.0,サンプル不足
v5,volume_ratio_20d,出来高比,業種,電気機器,10d,10営業日,1,-0.24,-0.24,0.0,サンプル不足
v5,volume_ratio_20d,出来高比,業種,非鉄金属,1d,1営業日,0,,,,サンプル不足
v5,volume_ratio_20d,出来高比,業種,非鉄金属,3d,3営業日,0,,,,サンプル不足
v5,volume_ratio_20d,出来高比,業種,非鉄金属,5d,5営業日,0,,,,サンプル不足
v5,volume_ratio_20d,出来高比,業種,非鉄金属,10d,10営業日,0,,,,サンプル不足
v5,volume_ratio_20d,出来高比,業種,食料品,1d,1営業日,0,,,,サンプル不足
v5,volume_ratio_20d,出来高比,業種,食料品,3d,3営業日,0,,,,サンプル不足
v5,volume_ratio_20d,出来高比,業種,食料品,5d,5営業日,0,,,,サンプル不足
v5,volume_ratio_20d,出来高比,業種,食料品,10d,10営業日,0,,,,サンプル不足
v5,distance_high_120d,120日高値接近度,全体,全体,1d,1営業日,1,-0.008206528780486153,-0.008206528780486153,0.0,サンプル不足
v5,distance_high_120d,120日高値接近度,全体,全体,3d,3営業日,1,-0.0214547366772351,-0.0214547366772351,0.0,サンプル不足
v5,distance_high_120d,120日高値接近度,全体,全体,5d,5営業日,1,0.0608436214517359,0.0608436214517359,1.0,サンプル不足
v5,distance_high_120d,120日高値接近度,全体,全体,10d,10営業日,1,0.23145109869986957,0.23145109869986957,1.0,サンプル不足
v5,distance_high_120d,120日高値接近度,業種,その他金融業,1d,1営業日,0,,,,サンプル不足
v5,distance_high_120d,120日高値接近度,業種,その他金融業,3d,3営業日,0,,,,サンプル不足
v5,distance_high_120d,120日高値接近度,業種,その他金融業,5d,5営業日,0,,,,サンプル不足
v5,distance_high_120d,120日高値接近度,業種,その他金融業,10d,10営業日,0,,,,サンプル不足
v5,distance_high_120d,120日高値接近度,業種,ガラス・土石製品,1d,1営業日,1,-0.10540925533894598,-0.10540925533894598,0.0,サンプル不足
v5,distance_high_120d,120日高値接近度,業種,ガラス・土石製品,3d,3営業日,1,-0.10540925533894598,-0.10540925533894598,0.0,サンプル不足
v5,distance_high_120d,120日高値接近度,業種,ガラス・土石製品,5d,5営業日,1,0.21081851067789195,0.21081851067789195,1.0,サンプル不足
v5,distance_high_120d,120日高値接近度,業種,ガラス・土石製品,10d,10営業日,1,-0.10540925533894598,-0.10540925533894598,0.0,サンプル不足
v5,distance_high_120d,120日高値接近度,業種,サービス業,1d,1営業日,1,-0.2898855178262242,-0.2898855178262242,0.0,サンプル不足
v5,distance_high_120d,120日高値接近度,業種,サービス業,3d,3営業日,1,0.6087595874350709,0.6087595874350709,1.0,サンプル不足
v5,distance_high_120d,120日高値接近度,業種,サービス業,5d,5営業日,1,0.3188740696088466,0.3188740696088466,1.0,サンプル不足
v5,distance_high_120d,120日高値接近度,業種,サービス業,10d,10営業日,1,0.20291986247835697,0.20291986247835697,1.0,サンプル不足
v5,distance_high_120d,120日高値接近度,業種,パルプ・紙,1d,1営業日,0,,,,サンプル不足
v5,distance_high_120d,120日高値接近度,業種,パルプ・紙,3d,3営業日,0,,,,サンプル不足
v5,distance_high_120d,120日高値接近度,業種,パルプ・紙,5d,5営業日,0,,,,サンプル不足
v5,distance_high_120d,120日高値接近度,業種,パルプ・紙,10d,10営業日,0,,,,サンプル不足
v5,distance_high_120d,120日高値接近度,業種,不動産業,1d,1営業日,0,,,,サンプル不足
v5,distance_high_120d,120日高値接近度,業種,不動産業,3d,3営業日,0,,,,サンプル不足
v5,distance_high_120d,120日高値接近度,業種,不動産業,5d,5営業日,0,,,,サンプル不足
v5,distance_high_120d,120日高値接近度,業種,不動産業,10d,10営業日,0,,,,サンプル不足
v5,distance_high_120d,120日高値接近度,業種,保険業,1d,1営業日,0,,,,サンプル不足
v5,distance_high_120d,120日高値接近度,業種,保険業,3d,3営業日,0,,,,サンプル不足
v5,distance_high_120d,120日高値接近度,業種,保険業,5d,5営業日,0,,,,サンプル不足
v5,distance_high_120d,120日高値接近度,業種,保険業,10d,10営業日,0,,,,サンプル不足
v5,distance_high_120d,120日高値接近度,業種,化学,1d,1営業日,1,-0.42857142857142866,-0.42857142857142866,0.0,サンプル不足
v5,distance_high_120d,120日高値接近度,業種,化学,3d,3営業日,1,0.25,0.25,1.0,サンプル不足
v5,distance_high_120d,120日高値接近度,業種,化学,5d,5営業日,1,0.5714285714285715,0.5714285714285715,1.0,サンプル不足
v5,distance_high_120d,120日高値接近度,業種,化学,10d,10営業日,1,0.3571428571428572,0.3571428571428572,1.0,サンプル不足
v5,distance_high_120d,120日高値接近度,業種,卸売業,1d,1営業日,0,,,,サンプル不足
v5,distance_high_120d,120日高値接近度,業種,卸売業,3d,3営業日,0,,,,サンプル不足
v5,distance_high_120d,120日高値接近度,業種,卸売業,5d,5営業日,0,,,,サンプル不足
v5,distance_high_120d,120日高値接近度,業種,卸売業,10d,10営業日,0,,,,サンプル不足
v5,distance_high_120d,120日高値接近度,業種,小売業,1d,1営業日,1,1.0,1.0,1.0,サンプル不足
v5,distance_high_120d,120日高値接近度,業種,小売業,3d,3営業日,1,0.5,0.5,1.0,サンプル不足
v5,distance_high_120d,120日高値接近度,業種,小売業,5d,5営業日,1,0.5,0.5,1.0,サンプル不足
v5,distance_high_120d,120日高値接近度,業種,小売業,10d,10営業日,1,1.0,1.0,1.0,サンプル不足
v5,distance_high_120d,120日高値接近度,業種,建設業,1d,1営業日,0,,,,サンプル不足
v5,distance_high_120d,120日高値接近度,業種,建設業,3d,3営業日,0,,,,サンプル不足
v5,distance_high_120d,120日高値接近度,業種,建設業,5d,5営業日,0,,,,サンプル不足
v5,distance_high_120d,120日高値接近度,業種,建設業,10d,10営業日,0,,,,サンプル不足
v5,distance_high_120d,120日高値接近度,業種,情報・通信業,1d,1営業日,1,-0.49999999999999994,-0.49999999999999994,0.0,サンプル不足
v5,distance_high_120d,120日高値接近度,業種,情報・通信業,3d,3営業日,1,-0.49999999999999994,-0.49999999999999994,0.0,サンプル不足
v5,distance_high_120d,120日高値接近度,業種,情報・通信業,5d,5営業日,1,-0.3,-0.3,0.0,サンプル不足
v5,distance_high_120d,120日高値接近度,業種,情報・通信業,10d,10営業日,1,0.09999999999999999,0.09999999999999999,1.0,サンプル不足
v5,distance_high_120d,120日高値接近度,業種,機械,1d,1営業日,1,-0.03867462340768808,-0.03867462340768808,0.0,サンプル不足
v5,distance_high_120d,120日高値接近度,業種,機械,3d,3営業日,1,0.0,0.0,0.0,サンプル不足
v5,distance_high_120d,120日高値接近度,業種,機械,5d,5営業日,1,0.22099784804393194,0.22099784804393194,1.0,サンプル不足
v5,distance_high_120d,120日高値接近度,業種,機械,10d,10営業日,1,-0.12707376262526085,-0.12707376262526085,0.0,サンプル不足
v5,distance_high_120d,120日高値接近度,業種,精密機器,1d,1営業日,1,0.40089186286863665,0.40089186286863665,1.0,サンプル不足
v5,distance_high_120d,120日高値接近度,業種,精密機器,3d,3営業日,1,-0.13363062095621223,-0.13363062095621223,0.0,サンプル不足
v5,distance_high_120d,120日高値接近度,業種,精密機器,5d,5営業日,1,-0.13363062095621223,-0.13363062095621223,0.0,サンプル不足
v5,distance_high_120d,120日高値接近度,業種,精密機器,10d,10営業日,1,0.13363062095621223,0.13363062095621223,1.0,サンプル不足
v5,distance_high_120d,120日高値接近度,業種,証券、商品先物取引業,1d,1営業日,0,,,,サンプル不足
v5,distance_high_120d,120日高値接近度,業種,証券、商品先物取引業,3d,3営業日,0,,,,サンプル不足
v5,distance_high_120d,120日高値接近度,業種,証券、商品先物取引業,5d,5営業日,0,,,,サンプル不足
v5,distance_high_120d,120日高値接近度,業種,証券、商品先物取引業,10d,10営業日,0,,,,サンプル不足
v5,distance_high_120d,120日高値接近度,業種,輸送用機器,1d,1営業日,1,0.39999999999999997,0.39999999999999997,1.0,サンプル不足
v5,distance_high_120d,120日高値接近度,業種,輸送用機器,3d,3営業日,1,0.7999999999999999,0.7999999999999999,1.0,サンプル不足
v5,distance_high_120d,120日高値接近度,業種,輸送用機器,5d,5営業日,1,0.7999999999999999,0.7999999999999999,1.0,サンプル不足
v5,distance_high_120d,120日高値接近度,業種,輸送用機器,10d,10営業日,1,0.7999999999999999,0.7999999999999999,1.0,サンプル不足
v5,distance_high_120d,120日高値接近度,業種,金属製品,1d,1営業日,1,-0.39999999999999997,-0.39999999999999997,0.0,サンプル不足
v5,distance_high_120d,120日高値接近度,業種,金属製品,3d,3営業日,1,0.19999999999999998,0.19999999999999998,1.0,サンプル不足
v5,distance_high_120d,120日高値接近度,業種,金属製品,5d,5営業日,1,0.19999999999999998,0.19999999999999998,1.0,サンプル不足
v5,distance_high_120d,120日高値接近度,業種,金属製品,10d,10営業日,1,-0.7999999999999999,-0.7999999999999999,0.0,サンプル不足
v5,distance_high_120d,120日高値接近度,業種,鉄鋼,1d,1営業日,0,,,,サンプル不足
v5,distance_high_120d,120日高値接近度,業種,鉄鋼,3d,3営業日,0,,,,サンプル不足
v5,distance_high_120d,120日高値接近度,業種,鉄鋼,5d,5営業日,0,,,,サンプル不足
v5,distance_high_120d,120日高値接近度,業種,鉄鋼,10d,10営業日,0,,,,サンプル不足
v5,distance_high_120d,120日高値接近度,業種,銀行業,1d,1営業日,1,-0.9746794344808964,-0.9746794344808964,0.0,サンプル不足
v5,distance_high_120d,120日高値接近度,業種,銀行業,3d,3営業日,1,-0.9746794344808964,-0.9746794344808964,0.0,サンプル不足
v5,distance_high_120d,120日高値接近度,業種,銀行業,5d,5営業日,1,-0.8720815992723809,-0.8720815992723809,0.0,サンプル不足
v5,distance_high_120d,120日高値接近度,業種,銀行業,10d,10営業日,1,-0.051298917604257706,-0.051298917604257706,0.0,サンプル不足
v5,distance_high_120d,120日高値接近度,業種,電気・ガス業,1d,1営業日,0,,,,サンプル不足
v5,distance_high_120d,120日高値接近度,業種,電気・ガス業,3d,3営業日,0,,,,サンプル不足
v5,distance_high_120d,120日高値接近度,業種,電気・ガス業,5d,5営業日,0,,,,サンプル不足
v5,distance_high_120d,120日高値接近度,業種,電気・ガス業,10d,10営業日,0,,,,サンプル不足
v5,distance_high_120d,120日高値接近度,業種,電気機器,1d,1営業日,1,0.05708384153547584,0.05708384153547584,1.0,サンプル不足
v5,distance_high_120d,120日高値接近度,業種,電気機器,3d,3営業日,1,0.09004775002779287,0.09004775002779287,1.0,サンプル不足
v5,distance_high_120d,120日高値接近度,業種,電気機器,5d,5営業日,1,-0.005627984376737055,-0.005627984376737055,0.0,サンプル不足
v5,distance_high_120d,120日高値接近度,業種,電気機器,10d,10営業日,1,0.22029538846085045,0.22029538846085045,1.0,サンプル不足
v5,distance_high_120d,120日高値接近度,業種,非鉄金属,1d,1営業日,0,,,,サンプル不足
v5,distance_high_120d,120日高値接近度,業種,非鉄金属,3d,3営業日,0,,,,サンプル不足
v5,distance_high_120d,120日高値接近度,業種,非鉄金属,5d,5営業日,0,,,,サンプル不足
v5,distance_high_120d,120日高値接近度,業種,非鉄金属,10d,10営業日,0,,,,サンプル不足
v5,distance_high_120d,120日高値接近度,業種,食料品,1d,1営業日,0,,,,サンプル不足
v5,distance_high_120d,120日高値接近度,業種,食料品,3d,3営業日,0,,,,サンプル不足
v5,distance_high_120d,120日高値接近度,業種,食料品,5d,5営業日,0,,,,サンプル不足
v5,distance_high_120d,120日高値接近度,業種,食料品,10d,10営業日,0,,,,サンプル不足
v5,volatility_20d,20日変動率,全体,全体,1d,1営業日,1,-0.036387638763876386,-0.036387638763876386,0.0,サンプル不足
v5,volatility_20d,20日変動率,全体,全体,3d,3営業日,1,-0.13608160816081608,-0.13608160816081608,0.0,サンプル不足
v5,volatility_20d,20日変動率,全体,全体,5d,5営業日,1,0.14365436543654364,0.14365436543654364,1.0,サンプル不足
v5,volatility_20d,20日変動率,全体,全体,10d,10営業日,1,0.18064206420642062,0.18064206420642062,1.0,サンプル不足
v5,volatility_20d,20日変動率,業種,その他金融業,1d,1営業日,0,,,,サンプル不足
v5,volatility_20d,20日変動率,業種,その他金融業,3d,3営業日,0,,,,サンプル不足
v5,volatility_20d,20日変動率,業種,その他金融業,5d,5営業日,0,,,,サンプル不足
v5,volatility_20d,20日変動率,業種,その他金融業,10d,10営業日,0,,,,サンプル不足
v5,volatility_20d,20日変動率,業種,ガラス・土石製品,1d,1営業日,1,-0.7999999999999999,-0.7999999999999999,0.0,サンプル不足
v5,volatility_20d,20日変動率,業種,ガラス・土石製品,3d,3営業日,1,-0.7999999999999999,-0.7999999999999999,0.0,サンプル不足
v5,volatility_20d,20日変動率,業種,ガラス・土石製品,5d,5営業日,1,-1.0,-1.0,0.0,サンプル不足
v5,volatility_20d,20日変動率,業種,ガラス・土石製品,10d,10営業日,1,0.39999999999999997,0.39999999999999997,1.0,サンプル不足
v5,volatility_20d,20日変動率,業種,サービス業,1d,1営業日,1,0.2571428571428572,0.2571428571428572,1.0,サンプル不足
v5,volatility_20d,20日変動率,業種,サービス業,3d,3営業日,1,0.08571428571428573,0.08571428571428573,1.0,サンプル不足
v5,volatility_20d,20日変動率,業種,サービス業,5d,5営業日,1,0.3714285714285715,0.3714285714285715,1.0,サンプル不足
v5,volatility_20d,20日変動率,業種,サービス業,10d,10営業日,1,0.2571428571428572,0.2571428571428572,1.0,サンプル不足
v5,volatility_20d,20日変動率,業種,パルプ・紙,1d,1営業日,0,,,,サンプル不足
v5,volatility_20d,20日変動率,業種,パルプ・紙,3d,3営業日,0,,,,サンプル不足
v5,volatility_20d,20日変動率,業種,パルプ・紙,5d,5営業日,0,,,,サンプル不足
v5,volatility_20d,20日変動率,業種,パルプ・紙,10d,10営業日,0,,,,サンプル不足
v5,volatility_20d,20日変動率,業種,不動産業,1d,1営業日,0,,,,サンプル不足
v5,volatility_20d,20日変動率,業種,不動産業,3d,3営業日,0,,,,サンプル不足
v5,volatility_20d,20日変動率,業種,不動産業,5d,5営業日,0,,,,サンプル不足
v5,volatility_20d,20日変動率,業種,不動産業,10d,10営業日,0,,,,サンプル不足
v5,volatility_20d,20日変動率,業種,保険業,1d,1営業日,0,,,,サンプル不足
v5,volatility_20d,20日変動率,業種,保険業,3d,3営業日,0,,,,サンプル不足
v5,volatility_20d,20日変動率,業種,保険業,5d,5営業日,0,,,,サンプル不足
v5,volatility_20d,20日変動率,業種,保険業,10d,10営業日,0,,,,サンプル不足
v5,volatility_20d,20日変動率,業種,化学,1d,1営業日,1,-0.07142857142857144,-0.07142857142857144,0.0,サンプル不足
v5,volatility_20d,20日変動率,業種,化学,3d,3営業日,1,0.14285714285714288,0.14285714285714288,1.0,サンプル不足
v5,volatility_20d,20日変動率,業種,化学,5d,5営業日,1,0.5,0.5,1.0,サンプル不足
v5,volatility_20d,20日変動率,業種,化学,10d,10営業日,1,0.7142857142857144,0.7142857142857144,1.0,サンプル不足
v5,volatility_20d,20日変動率,業種,卸売業,1d,1営業日,0,,,,サンプル不足
v5,volatility_20d,20日変動率,業種,卸売業,3d,3営業日,0,,,,サンプル不足
v5,volatility_20d,20日変動率,業種,卸売業,5d,5営業日,0,,,,サンプル不足
v5,volatility_20d,20日変動率,業種,卸売業,10d,10営業日,0,,,,サンプル不足
v5,volatility_20d,20日変動率,業種,小売業,1d,1営業日,1,-0.5,-0.5,0.0,サンプル不足
v5,volatility_20d,20日変動率,業種,小売業,3d,3営業日,1,-1.0,-1.0,0.0,サンプル不足
v5,volatility_20d,20日変動率,業種,小売業,5d,5営業日,1,-1.0,-1.0,0.0,サンプル不足
v5,volatility_20d,20日変動率,業種,小売業,10d,10営業日,1,-0.5,-0.5,0.0,サンプル不足
v5,volatility_20d,20日変動率,業種,建設業,1d,1営業日,0,,,,サンプル不足
v5,volatility_20d,20日変動率,業種,建設業,3d,3営業日,0,,,,サンプル不足
v5,volatility_20d,20日変動率,業種,建設業,5d,5営業日,0,,,,サンプル不足
v5,volatility_20d,20日変動率,業種,建設業,10d,10営業日,0,,,,サンプル不足
v5,volatility_20d,20日変動率,業種,情報・通信業,1d,1営業日,1,0.3,0.3,1.0,サンプル不足
v5,volatility_20d,20日変動率,業種,情報・通信業,3d,3営業日,1,0.3,0.3,1.0,サンプル不足
v5,volatility_20d,20日変動率,業種,情報・通信業,5d,5営業日,1,0.39999999999999997,0.39999999999999997,1.0,サンプル不足
v5,volatility_20d,20日変動率,業種,情報・通信業,10d,10営業日,1,0.7,0.7,1.0,サンプル不足
v5,volatility_20d,20日変動率,業種,機械,1d,1営業日,1,-0.11538461538461539,-0.11538461538461539,0.0,サンプル不足
v5,volatility_20d,20日変動率,業種,機械,3d,3営業日,1,-0.2692307692307692,-0.2692307692307692,0.0,サンプル不足
v5,volatility_20d,20日変動率,業種,機械,5d,5営業日,1,-0.38461538461538464,-0.38461538461538464,0.0,サンプル不足
v5,volatility_20d,20日変動率,業種,機械,10d,10営業日,1,-0.19230769230769232,-0.19230769230769232,0.0,サンプル不足
v5,volatility_20d,20日変動率,業種,精密機器,1d,1営業日,1,0.4642857142857144,0.4642857142857144,1.0,サンプル不足
v5,volatility_20d,20日変動率,業種,精密機器,3d,3営業日,1,0.14285714285714288,0.14285714285714288,1.0,サンプル不足
v5,volatility_20d,20日変動率,業種,精密機器,5d,5営業日,1,0.07142857142857144,0.07142857142857144,1.0,サンプル不足
v5,volatility_20d,20日変動率,業種,精密機器,10d,10営業日,1,0.42857142857142866,0.42857142857142866,1.0,サンプル不足
v5,volatility_20d,20日変動率,業種,証券、商品先物取引業,1d,1営業日,0,,,,サンプル不足
v5,volatility_20d,20日変動率,業種,証券、商品先物取引業,3d,3営業日,0,,,,サンプル不足
v5,volatility_20d,20日変動率,業種,証券、商品先物取引業,5d,5営業日,0,,,,サンプル不足
v5,volatility_20d,20日変動率,業種,証券、商品先物取引業,10d,10営業日,0,,,,サンプル不足
v5,volatility_20d,20日変動率,業種,輸送用機器,1d,1営業日,1,0.39999999999999997,0.39999999999999997,1.0,サンプル不足
v5,volatility_20d,20日変動率,業種,輸送用機器,3d,3営業日,1,0.7999999999999999,0.7999999999999999,1.0,サンプル不足
v5,volatility_20d,20日変動率,業種,輸送用機器,5d,5営業日,1,0.7999999999999999,0.7999999999999999,1.0,サンプル不足
v5,volatility_20d,20日変動率,業種,輸送用機器,10d,10営業日,1,0.7999999999999999,0.7999999999999999,1.0,サンプル不足
v5,volatility_20d,20日変動率,業種,金属製品,1d,1営業日,1,0.6000000000000001,0.6000000000000001,1.0,サンプル不足
v5,volatility_20d,20日変動率,業種,金属製品,3d,3営業日,1,0.7999999999999999,0.7999999999999999,1.0,サンプル不足
v5,volatility_20d,20日変動率,業種,金属製品,5d,5営業日,1,0.7999999999999999,0.7999999999999999,1.0,サンプル不足
v5,volatility_20d,20日変動率,業種,金属製品,10d,10営業日,1,0.0,0.0,0.0,サンプル不足
v5,volatility_20d,20日変動率,業種,鉄鋼,1d,1営業日,0,,,,サンプル不足
v5,volatility_20d,20日変動率,業種,鉄鋼,3d,3営業日,0,,,,サンプル不足
v5,volatility_20d,20日変動率,業種,鉄鋼,5d,5営業日,0,,,,サンプル不足
v5,volatility_20d,20日変動率,業種,鉄鋼,10d,10営業日,0,,,,サンプル不足
v5,volatility_20d,20日変動率,業種,銀行業,1d,1営業日,1,0.0,0.0,0.0,サンプル不足
v5,volatility_20d,20日変動率,業種,銀行業,3d,3営業日,1,0.0,0.0,0.0,サンプル不足
v5,volatility_20d,20日変動率,業種,銀行業,5d,5営業日,1,0.09999999999999999,0.09999999999999999,1.0,サンプル不足
v5,volatility_20d,20日変動率,業種,銀行業,10d,10営業日,1,0.7999999999999999,0.7999999999999999,1.0,サンプル不足
v5,volatility_20d,20日変動率,業種,電気・ガス業,1d,1営業日,0,,,,サンプル不足
v5,volatility_20d,20日変動率,業種,電気・ガス業,3d,3営業日,0,,,,サンプル不足
v5,volatility_20d,20日変動率,業種,電気・ガス業,5d,5営業日,0,,,,サンプル不足
v5,volatility_20d,20日変動率,業種,電気・ガス業,10d,10営業日,0,,,,サンプル不足
v5,volatility_20d,20日変動率,業種,電気機器,1d,1営業日,1,-0.11307692307692309,-0.11307692307692309,0.0,サンプル不足
v5,volatility_20d,20日変動率,業種,電気機器,3d,3営業日,1,-0.03,-0.03,0.0,サンプル不足
v5,volatility_20d,20日変動率,業種,電気機器,5d,5営業日,1,0.31384615384615383,0.31384615384615383,1.0,サンプル不足
v5,volatility_20d,20日変動率,業種,電気機器,10d,10営業日,1,0.09307692307692307,0.09307692307692307,1.0,サンプル不足
v5,volatility_20d,20日変動率,業種,非鉄金属,1d,1営業日,0,,,,サンプル不足
v5,volatility_20d,20日変動率,業種,非鉄金属,3d,3営業日,0,,,,サンプル不足
v5,volatility_20d,20日変動率,業種,非鉄金属,5d,5営業日,0,,,,サンプル不足
v5,volatility_20d,20日変動率,業種,非鉄金属,10d,10営業日,0,,,,サンプル不足
v5,volatility_20d,20日変動率,業種,食料品,1d,1営業日,0,,,,サンプル不足
v5,volatility_20d,20日変動率,業種,食料品,3d,3営業日,0,,,,サンプル不足
v5,volatility_20d,20日変動率,業種,食料品,5d,5営業日,0,,,,サンプル不足
v5,volatility_20d,20日変動率,業種,食料品,10d,10営業日,0,,,,サンプル不足
v7,score,総合スコア,全体,全体,1d,1営業日,41,-0.02350140847674391,-0.025178668939360837,0.4634146341463415,評価可能
v7,score,総合スコア,全体,全体,3d,3営業日,39,-0.06403259744650021,-0.04120036723966909,0.28205128205128205,評価可能
v7,score,総合スコア,全体,全体,5d,5営業日,37,-0.075764424271124,-0.04493276287286452,0.2702702702702703,評価可能
v7,score,総合スコア,全体,全体,10d,10営業日,32,-0.16679319018282884,-0.14363399127051235,0.09375,評価可能
v7,score,総合スコア,業種,その他製品,1d,1営業日,13,0.012087912087912097,-0.2,0.46153846153846156,サンプル不足
v7,score,総合スコア,業種,その他製品,3d,3営業日,12,0.022619047619047608,0.1571428571428571,0.5,サンプル不足
v7,score,総合スコア,業種,その他製品,5d,5営業日,10,0.12428571428571429,0.44999999999999996,0.6,サンプル不足
v7,score,総合スコア,業種,その他製品,10d,10営業日,6,-0.01666666666666668,0.44999999999999996,0.6666666666666666,サンプル不足
v7,score,総合スコア,業種,その他金融業,1d,1営業日,2,-0.5,-0.5,0.0,サンプル不足
v7,score,総合スコア,業種,その他金融業,3d,3営業日,2,-0.25,-0.25,0.5,サンプル不足
v7,score,総合スコア,業種,その他金融業,5d,5営業日,2,-0.25,-0.25,0.5,サンプル不足
v7,score,総合スコア,業種,その他金融業,10d,10営業日,2,-0.25,-0.25,0.5,サンプル不足
v7,score,総合スコア,業種,ガラス・土石製品,1d,1営業日,2,-0.75,-0.75,0.0,サンプル不足
v7,score,総合スコア,業種,ガラス・土石製品,3d,3営業日,2,-0.75,-0.75,0.0,サンプル不足
v7,score,総合スコア,業種,ガラス・土石製品,5d,5営業日,2,-0.25,-0.25,0.5,サンプル不足
v7,score,総合スコア,業種,ガラス・土石製品,10d,10営業日,2,-0.75,-0.75,0.0,サンプル不足
v7,score,総合スコア,業種,ゴム製品,1d,1営業日,1,0.0,0.0,0.0,サンプル不足
v7,score,総合スコア,業種,ゴム製品,3d,3営業日,1,-0.6000000000000001,-0.6000000000000001,0.0,サンプル不足
v7,score,総合スコア,業種,ゴム製品,5d,5営業日,1,-0.7999999999999999,-0.7999999999999999,0.0,サンプル不足
v7,score,総合スコア,業種,ゴム製品,10d,10営業日,0,,,,サンプル不足
v7,score,総合スコア,業種,サービス業,1d,1営業日,41,-0.0667278667767546,-0.07878787878787878,0.4146341463414634,評価可能
v7,score,総合スコア,業種,サービス業,3d,3営業日,39,-0.09411843746002914,-0.14285714285714288,0.28205128205128205,評価可能
v7,score,総合スコア,業種,サービス業,5d,5営業日,37,-0.04482582889329131,0.0,0.4864864864864865,評価可能
v7,score,総合スコア,業種,サービス業,10d,10営業日,32,-0.11240801631276828,-0.2142857142857143,0.3125,評価可能
v7,score,総合スコア,業種,パルプ・紙,1d,1営業日,0,,,,サンプル不足
v7,score,総合スコア,業種,パルプ・紙,3d,3営業日,0,,,,サンプル不足
v7,score,総合スコア,業種,パルプ・紙,5d,5営業日,0,,,,サンプル不足
v7,score,総合スコア,業種,パルプ・紙,10d,10営業日,0,,,,サンプル不足
v7,score,総合スコア,業種,不動産業,1d,1営業日,4,-0.008607599205418565,0.0,0.5,サンプル不足
v7,score,総合スコア,業種,不動産業,3d,3営業日,4,0.2,0.35,0.75,サンプル不足
v7,score,総合スコア,業種,不動産業,5d,5営業日,4,0.025000000000000022,0.25,0.5,サンプル不足
v7,score,総合スコア,業種,不動産業,10d,10営業日,3,0.03333333333333336,0.5,0.6666666666666666,サンプル不足
v7,score,総合スコア,業種,保険業,1d,1営業日,18,-0.15826018322502855,-0.39999999999999997,0.4444444444444444,サンプル不足
v7,score,総合スコア,業種,保険業,3d,3営業日,18,-0.3360379610028063,-0.5,0.2777777777777778,サンプル不足
v7,score,総合スコア,業種,保険業,5d,5営業日,18,-0.21381573878058413,-0.5,0.3333333333333333,サンプル不足
v7,score,総合スコア,業種,保険業,10d,10営業日,18,-0.20735864066853754,-0.5,0.2777777777777778,サンプル不足
v7,score,総合スコア,業種,倉庫・運輸関連業,1d,1営業日,1,0.5,0.5,1.0,サンプル不足
v7,score,総合スコア,業種,倉庫・運輸関連業,3d,3営業日,1,0.5,0.5,1.0,サンプル不足
v7,score,総合スコア,業種,倉庫・運輸関連業,5d,5営業日,1,-0.5,-0.5,0.0,サンプル不足
v7,score,総合スコア,業種,倉庫・運輸関連業,10d,10営業日,1,0.5,0.5,1.0,サンプル不足
v7,score,総合スコア,業種,化学,1d,1営業日,40,-0.04133574758574759,0.0,0.425,評価可能
v7,score,総合スコア,業種,化学,3d,3営業日,39,-0.07664237471929779,-0.08571428571428573,0.4358974358974359,評価可能
v7,score,総合スコア,業種,化学,5d,5営業日,37,0.07681350181350181,0.0,0.4594594594594595,評価可能
v7,score,総合スコア,業種,化学,10d,10営業日,32,-0.059694992507492516,-0.09895104895104895,0.4375,評価可能
v7,score,総合スコア,業種,医薬品,1d,1営業日,3,0.16666666666666666,0.5,0.6666666666666666,サンプル不足
v7,score,総合スコア,業種,医薬品,3d,3営業日,3,-0.3333333333333333,-0.5,0.3333333333333333,サンプル不足
v7,score,総合スコア,業種,医薬品,5d,5営業日,3,-0.16666666666666666,-0.5,0.3333333333333333,サンプル不足
v7,score,総合スコア,業種,医薬品,10d,10営業日,3,-0.16666666666666666,-0.5,0.3333333333333333,サンプル不足
v7,score,総合スコア,業種,卸売業,1d,1営業日,37,0.11444678408453361,0.2142857142857143,0.5945945945945946,評価可能
v7,score,総合スコア,業種,卸売業,3d,3営業日,36,0.06662291356444408,0.09999999999999999,0.5277777777777778,評価可能
v7,score,総合スコア,業種,卸売業,5d,5営業日,34,0.13977212490094115,0.16580086580086578,0.5294117647058824,評価可能
v7,score,総合スコア,業種,卸売業,10d,10営業日,29,0.08357963875205253,0.16666666666666669,0.6206896551724138,サンプル不足
v7,score,総合スコア,業種,小売業,1d,1営業日,34,-0.20543804523043274,-0.19464285714285712,0.2647058823529412,評価可能
v7,score,総合スコア,業種,小売業,3d,3営業日,32,-0.08799726621417797,-0.022058823529411766,0.375,評価可能
v7,score,総合スコア,業種,小売業,5d,5営業日,31,-0.10982132984030518,-0.14285714285714288,0.3870967741935484,評価可能
v7,score,総合スコア,業種,小売業,10d,10営業日,27,-0.17249720141877004,-0.2571428571428572,0.2962962962962963,サンプル不足
v7,score,総合スコア,業種,建設業,1d,1営業日,7,-0.17142857142857146,-0.5,0.2857142857142857,サンプル不足
v7,score,総合スコア,業種,建設業,3d,3営業日,7,-0.07142857142857142,-0.5,0.42857142857142855,サンプル不足
v7,score,総合スコア,業種,建設業,5d,5営業日,7,-0.2857142857142857,-0.5,0.2857142857142857,サンプル不足
v7,score,総合スコア,業種,建設業,10d,10営業日,6,-0.25,-0.5,0.3333333333333333,サンプル不足
v7,score,総合スコア,業種,情報・通信業,1d,1営業日,41,-0.041759501110184755,-0.06373626373626373,0.36585365853658536,評価可能
v7,score,総合スコア,業種,情報・通信業,3d,3営業日,39,-0.005754713816485487,-0.02260869565217391,0.4358974358974359,評価可能
v7,score,総合スコア,業種,情報・通信業,5d,5営業日,37,-0.03650844265952911,-0.055944055944055944,0.35135135135135137,評価可能
v7,score,総合スコア,業種,情報・通信業,10d,10営業日,32,-0.10040476487693695,-0.14920568511899784,0.375,評価可能
v7,score,総合スコア,業種,機械,1d,1営業日,31,-0.05118299377547286,0.0,0.4838709677419355,評価可能
v7,score,総合スコア,業種,機械,3d,3営業日,29,0.053459586426512086,0.0303030303030303,0.5172413793103449,サンプル不足
v7,score,総合スコア,業種,機械,5d,5営業日,27,-0.1347303984924363,-0.16043956043956045,0.4074074074074074,サンプル不足
v7,score,総合スコア,業種,機械,10d,10営業日,22,-0.2494621537325243,-0.24652291849699445,0.3181818181818182,サンプル不足
v7,score,総合スコア,業種,海運業,1d,1営業日,2,0.5,0.5,1.0,サンプル不足
v7,score,総合スコア,業種,海運業,3d,3営業日,2,0.0,0.0,0.5,サンプル不足
v7,score,総合スコア,業種,海運業,5d,5営業日,2,0.0,0.0,0.5,サンプル不足
v7,score,総合スコア,業種,海運業,10d,10営業日,1,0.5,0.5,1.0,サンプル不足
v7,score,総合スコア,業種,石油・石炭製品,1d,1営業日,0,,,,サンプル不足
v7,score,総合スコア,業種,石油・石炭製品,3d,3営業日,0,,,,サンプル不足
v7,score,総合スコア,業種,石油・石炭製品,5d,5営業日,0,,,,サンプル不足
v7,score,総合スコア,業種,石油・石炭製品,10d,10営業日,0,,,,サンプル不足
v7,score,総合スコア,業種,空運業,1d,1営業日,0,,,,サンプル不足
v7,score,総合スコア,業種,空運業,3d,3営業日,0,,,,サンプル不足
v7,score,総合スコア,業種,空運業,5d,5営業日,0,,,,サンプル不足
v7,score,総合スコア,業種,空運業,10d,10営業日,0,,,,サンプル不足
v7,score,総合スコア,業種,精密機器,1d,1営業日,16,-0.08392857142857141,-0.2714285714285714,0.4375,サンプル不足
v7,score,総合スコア,業種,精密機器,3d,3営業日,14,0.07142857142857142,0.19999999999999998,0.5,サンプル不足
v7,score,総合スコア,業種,精密機器,5d,5営業日,12,0.2333333333333333,0.5,0.5833333333333334,サンプル不足
v7,score,総合スコア,業種,精密機器,10d,10営業日,10,0.12999999999999998,0.5,0.6,サンプル不足
v7,score,総合スコア,業種,繊維製品,1d,1営業日,0,,,,サンプル不足
v7,score,総合スコア,業種,繊維製品,3d,3営業日,0,,,,サンプル不足
v7,score,総合スコア,業種,繊維製品,5d,5営業日,0,,,,サンプル不足
v7,score,総合スコア,業種,繊維製品,10d,10営業日,0,,,,サンプル不足
v7,score,総合スコア,業種,証券、商品先物取引業,1d,1営業日,17,0.13445378151260506,0.28571428571428575,0.5882352941176471,サンプル不足
v7,score,総合スコア,業種,証券、商品先物取引業,3d,3営業日,17,0.09453781512605042,0.5,0.5882352941176471,サンプル不足
v7,score,総合スコア,業種,証券、商品先物取引業,5d,5営業日,17,0.1369747899159664,0.42857142857142866,0.6470588235294118,サンプル不足
v7,score,総合スコア,業種,証券、商品先物取引業,10d,10営業日,17,0.04285714285714286,-0.39999999999999997,0.4117647058823529,サンプル不足
v7,score,総合スコア,業種,輸送用機器,1d,1営業日,25,-0.1195933971037585,-0.2142857142857143,0.36,サンプル不足
v7,score,総合スコア,業種,輸送用機器,3d,3営業日,25,-0.12435530186566329,-0.09523809523809526,0.44,サンプル不足
v7,score,総合スコア,業種,輸送用機器,5d,5営業日,25,-0.09826006377042516,-0.08571428571428573,0.48,サンプル不足
v7,score,総合スコア,業種,輸送用機器,10d,10営業日,21,-0.239878760724429,-0.39999999999999997,0.42857142857142855,サンプル不足
v7,score,総合スコア,業種,金属製品,1d,1営業日,16,-0.0619047619047619,-0.11428571428571428,0.375,サンプル不足
v7,score,総合スコア,業種,金属製品,3d,3営業日,16,-0.057440476190476174,-0.10238095238095239,0.4375,サンプル不足
v7,score,総合スコア,業種,金属製品,5d,5営業日,15,-0.025079365079365094,0.14285714285714288,0.5333333333333333,サンプル不足
v7,score,総合スコア,業種,金属製品,10d,10営業日,15,-0.386031746031746,-0.5,0.2,サンプル不足
v7,score,総合スコア,業種,鉄鋼,1d,1営業日,7,-0.1142857142857143,-0.19999999999999998,0.42857142857142855,サンプル不足
v7,score,総合スコア,業種,鉄鋼,3d,3営業日,6,0.31666666666666665,0.44999999999999996,0.6666666666666666,サンプル不足
v7,score,総合スコア,業種,鉄鋼,5d,5営業日,6,0.2833333333333334,0.5,0.8333333333333334,サンプル不足
v7,score,総合スコア,業種,鉄鋼,10d,10営業日,2,0.5,0.5,1.0,サンプル不足
v7,score,総合スコア,業種,鉱業,1d,1営業日,0,,,,サンプル不足
v7,score,総合スコア,業種,鉱業,3d,3営業日,0,,,,サンプル不足
v7,score,総合スコア,業種,鉱業,5d,5営業日,0,,,,サンプル不足
v7,score,総合スコア,業種,鉱業,10d,10営業日,0,,,,サンプル不足
v7,score,総合スコア,業種,銀行業,1d,1営業日,38,0.2028378782248697,0.26153846153846155,0.631578947368421,評価可能
v7,score,総合スコア,業種,銀行業,3d,3営業日,36,0.052917922721138363,-0.049999999999999996,0.4722222222222222,評価可能
v7,score,総合スコア,業種,銀行業,5d,5営業日,34,-0.01568559468213446,-0.08149350649350649,0.4117647058823529,評価可能
v7,score,総合スコア,業種,銀行業,10d,10営業日,31,-0.09786579644264651,-0.04242424242424241,0.3870967741935484,評価可能
v7,score,総合スコア,業種,陸運業,1d,1営業日,1,-1.0,-1.0,0.0,サンプル不足
v7,score,総合スコア,業種,陸運業,3d,3営業日,1,-1.0,-1.0,0.0,サンプル不足
v7,score,総合スコア,業種,陸運業,5d,5営業日,1,-0.5,-0.5,0.0,サンプル不足
v7,score,総合スコア,業種,陸運業,10d,10営業日,0,,,,サンプル不足
v7,score,総合スコア,業種,電気・ガス業,1d,1営業日,1,0.5,0.5,1.0,サンプル不足
v7,score,総合スコア,業種,電気・ガス業,3d,3営業日,1,0.5,0.5,1.0,サンプル不足
v7,score,総合スコア,業種,電気・ガス業,5d,5営業日,1,0.5,0.5,1.0,サンプル不足
v7,score,総合スコア,業種,電気・ガス業,10d,10営業日,1,0.5,0.5,1.0,サンプル不足
v7,score,総合スコア,業種,電気機器,1d,1営業日,41,-0.10189288327551593,-0.11515151515151514,0.36585365853658536,評価可能
v7,score,総合スコア,業種,電気機器,3d,3営業日,39,-0.14010554343434858,-0.11515151515151514,0.28205128205128205,評価可能
v7,score,総合スコア,業種,電気機器,5d,5営業日,37,-0.20047400882451083,-0.22142857142857136,0.1891891891891892,評価可能
v7,score,総合スコア,業種,電気機器,10d,10営業日,32,-0.20119309802415175,-0.20714285714285718,0.1875,評価可能
v7,score,総合スコア,業種,非鉄金属,1d,1営業日,7,-0.3857142857142857,-0.5,0.2857142857142857,サンプル不足
v7,score,総合スコア,業種,非鉄金属,3d,3営業日,7,0.042857142857142864,0.39999999999999997,0.5714285714285714,サンプル不足
v7,score,総合スコア,業種,非鉄金属,5d,5営業日,6,-0.19999999999999998,-0.44999999999999996,0.3333333333333333,サンプル不足
v7,score,総合スコア,業種,非鉄金属,10d,10営業日,5,0.2,0.5,0.6,サンプル不足
v7,score,総合スコア,業種,食料品,1d,1営業日,22,0.037461611957291294,0.25,0.5454545454545454,サンプル不足
v7,score,総合スコア,業種,食料品,3d,3営業日,22,-0.09952495679204233,-0.17810785804579898,0.4090909090909091,サンプル不足
v7,score,総合スコア,業種,食料品,5d,5営業日,21,-0.2171849177992895,-0.39999999999999997,0.3333333333333333,サンプル不足
v7,score,総合スコア,業種,食料品,10d,10営業日,19,-0.20072374109989388,-0.49999999999999994,0.3157894736842105,サンプル不足
v7,return_20d,20日モメンタム,全体,全体,1d,1営業日,41,-0.040455619911772524,-0.021098109810981095,0.4146341463414634,評価可能
v7,return_20d,20日モメンタム,全体,全体,3d,3営業日,39,-0.10135804418020963,-0.10887488748874885,0.23076923076923078,評価可能
v7,return_20d,20日モメンタム,全体,全体,5d,5営業日,37,-0.11279546871782917,-0.09537353735373537,0.24324324324324326,評価可能
v7,return_20d,20日モメンタム,全体,全体,10d,10営業日,32,-0.17269840152161764,-0.1543749006154581,0.09375,評価可能
v7,return_20d,20日モメンタム,業種,その他製品,1d,1営業日,13,0.2087912087912088,0.19999999999999998,0.5384615384615384,サンプル不足
v7,return_20d,20日モメンタム,業種,その他製品,3d,3営業日,12,0.026190476190476198,-0.14285714285714285,0.3333333333333333,サンプル不足
v7,return_20d,20日モメンタム,業種,その他製品,5d,5営業日,10,0.28714285714285714,0.35,0.6,サンプル不足
v7,return_20d,20日モメンタム,業種,その他製品,10d,10営業日,6,0.0666666666666667,0.15000000000000002,0.5,サンプル不足
v7,return_20d,20日モメンタム,業種,その他金融業,1d,1営業日,2,-0.25,-0.25,0.5,サンプル不足
v7,return_20d,20日モメンタム,業種,その他金融業,3d,3営業日,2,-0.5,-0.5,0.0,サンプル不足
v7,return_20d,20日モメンタム,業種,その他金融業,5d,5営業日,2,-0.5,-0.5,0.0,サンプル不足
v7,return_20d,20日モメンタム,業種,その他金融業,10d,10営業日,2,-0.5,-0.5,0.0,サンプル不足
v7,return_20d,20日モメンタム,業種,ガラス・土石製品,1d,1営業日,2,-0.5,-0.5,0.0,サンプル不足
v7,return_20d,20日モメンタム,業種,ガラス・土石製品,3d,3営業日,2,-1.0,-1.0,0.0,サンプル不足
v7,return_20d,20日モメンタム,業種,ガラス・土石製品,5d,5営業日,2,-0.75,-0.75,0.0,サンプル不足
v7,return_20d,20日モメンタム,業種,ガラス・土石製品,10d,10営業日,2,-1.0,-1.0,0.0,サンプル不足
v7,return_20d,20日モメンタム,業種,ゴム製品,1d,1営業日,1,-0.39999999999999997,-0.39999999999999997,0.0,サンプル不足
v7,return_20d,20日モメンタム,業種,ゴム製品,3d,3営業日,1,-0.7999999999999999,-0.7999999999999999,0.0,サンプル不足
v7,return_20d,20日モメンタム,業種,ゴム製品,5d,5営業日,1,-0.6000000000000001,-0.6000000000000001,0.0,サンプル不足
v7,return_20d,20日モメンタム,業種,ゴム製品,10d,10営業日,0,,,,サンプル不足
v7,return_20d,20日モメンタム,業種,サービス業,1d,1営業日,41,-0.007829744352451208,-0.024316221747202587,0.4634146341463415,評価可能
v7,return_20d,20日モメンタム,業種,サービス業,3d,3営業日,39,-0.11630847784693937,-0.2121212121212121,0.3333333333333333,評価可能
v7,return_20d,20日モメンタム,業種,サービス業,5d,5営業日,37,-0.13224965833934055,-0.1666666666666667,0.40540540540540543,評価可能
v7,return_20d,20日モメンタム,業種,サービス業,10d,10営業日,32,-0.22504331045598241,-0.16223776223776226,0.15625,評価可能
v7,return_20d,20日モメンタム,業種,パルプ・紙,1d,1営業日,0,,,,サンプル不足
v7,return_20d,20日モメンタム,業種,パルプ・紙,3d,3営業日,0,,,,サンプル不足
v7,return_20d,20日モメンタム,業種,パルプ・紙,5d,5営業日,0,,,,サンプル不足
v7,return_20d,20日モメンタム,業種,パルプ・紙,10d,10営業日,0,,,,サンプル不足
v7,return_20d,20日モメンタム,業種,不動産業,1d,1営業日,4,0.19447950611378934,0.38895901222757867,0.75,サンプル不足
v7,return_20d,20日モメンタム,業種,不動産業,3d,3営業日,4,0.15,0.05000000000000002,0.5,サンプル不足
v7,return_20d,20日モメンタム,業種,不動産業,5d,5営業日,4,-0.12500000000000003,-0.44999999999999996,0.25,サンプル不足
v7,return_20d,20日モメンタム,業種,不動産業,10d,10営業日,3,-0.4666666666666666,-0.5,0.0,サンプル不足
v7,return_20d,20日モメンタム,業種,保険業,1d,1営業日,18,-0.11666666666666664,-0.39999999999999997,0.3888888888888889,サンプル不足
v7,return_20d,20日モメンタム,業種,保険業,3d,3営業日,18,-0.2444444444444444,-0.5,0.3333333333333333,サンプル不足
v7,return_20d,20日モメンタム,業種,保険業,5d,5営業日,18,-0.1611111111111111,-0.39999999999999997,0.3333333333333333,サンプル不足
v7,return_20d,20日モメンタム,業種,保険業,10d,10営業日,18,-0.3722222222222222,-0.55,0.2777777777777778,サンプル不足
v7,return_20d,20日モメンタム,業種,倉庫・運輸関連業,1d,1営業日,1,-1.0,-1.0,0.0,サンプル不足
v7,return_20d,20日モメンタム,業種,倉庫・運輸関連業,3d,3営業日,1,-1.0,-1.0,0.0,サンプル不足
v7,return_20d,20日モメンタム,業種,倉庫・運輸関連業,5d,5営業日,1,1.0,1.0,1.0,サンプル不足
v7,return_20d,20日モメンタム,業種,倉庫・運輸関連業,10d,10営業日,1,0.5,0.5,1.0,サンプル不足
v7,return_20d,20日モメンタム,業種,化学,1d,1営業日,40,-0.07571012321012323,-0.12619047619047621,0.45,評価可能
v7,return_20d,20日モメンタム,業種,化学,3d,3営業日,39,-0.1016543285774055,-0.14285714285714288,0.358974358974359,評価可能
v7,return_20d,20日モメンタム,業種,化学,5d,5営業日,37,-0.03971298971298971,-0.03333333333333333,0.4594594594594595,評価可能
v7,return_20d,20日モメンタム,業種,化学,10d,10営業日,32,-0.1311079545454546,-0.20833333333333334,0.34375,評価可能
v7,return_20d,20日モメンタム,業種,医薬品,1d,1営業日,3,-0.3333333333333333,-0.5,0.3333333333333333,サンプル不足
v7,return_20d,20日モメンタム,業種,医薬品,3d,3営業日,3,-0.3333333333333333,-1.0,0.3333333333333333,サンプル不足
v7,return_20d,20日モメンタム,業種,医薬品,5d,5営業日,3,-0.16666666666666666,-0.5,0.3333333333333333,サンプル不足
v7,return_20d,20日モメンタム,業種,医薬品,10d,10営業日,3,-0.16666666666666666,-0.5,0.3333333333333333,サンプル不足
v7,return_20d,20日モメンタム,業種,卸売業,1d,1営業日,37,0.06638226638226641,0.09523809523809526,0.5405405405405406,評価可能
v7,return_20d,20日モメンタム,業種,卸売業,3d,3営業日,36,0.00714378214378219,0.18333333333333335,0.5833333333333334,評価可能
v7,return_20d,20日モメンタム,業種,卸売業,5d,5営業日,34,0.017285165814577563,0.03987678987678988,0.5294117647058824,評価可能
v7,return_20d,20日モメンタム,業種,卸売業,10d,10営業日,29,0.11986863711001643,0.19999999999999998,0.6206896551724138,サンプル不足
v7,return_20d,20日モメンタム,業種,小売業,1d,1営業日,34,-0.08017129928894637,-0.01607142857142857,0.4411764705882353,評価可能
v7,return_20d,20日モメンタム,業種,小売業,3d,3営業日,32,0.07881100211063446,0.09523809523809525,0.5625,評価可能
v7,return_20d,20日モメンタム,業種,小売業,5d,5営業日,31,0.03192545910762229,-0.017857142857142853,0.4838709677419355,評価可能
v7,return_20d,20日モメンタム,業種,小売業,10d,10営業日,27,0.062266219619160804,0.18627450980392157,0.5185185185185185,サンプル不足
v7,return_20d,20日モメンタム,業種,建設業,1d,1営業日,7,0.0,-0.5,0.42857142857142855,サンプル不足
v7,return_20d,20日モメンタム,業種,建設業,3d,3営業日,7,-0.0285714285714286,-0.5,0.42857142857142855,サンプル不足
v7,return_20d,20日モメンタム,業種,建設業,5d,5営業日,7,0.04285714285714283,0.5,0.5714285714285714,サンプル不足
v7,return_20d,20日モメンタム,業種,建設業,10d,10営業日,6,-0.20000000000000004,-0.5,0.3333333333333333,サンプル不足
v7,return_20d,20日モメンタム,業種,情報・通信業,1d,1営業日,41,0.00042890939915401035,-0.0641025641025641,0.4634146341463415,評価可能
v7,return_20d,20日モメンタム,業種,情報・通信業,3d,3営業日,39,-0.0878104724845721,-0.1328671328671329,0.3076923076923077,評価可能
v7,return_20d,20日モメンタム,業種,情報・通信業,5d,5営業日,37,-0.10369226112876254,-0.1785714285714286,0.40540540540540543,評価可能
v7,return_20d,20日モメンタム,業種,情報・通信業,10d,10営業日,32,-0.1047480788017749,-0.16027667984189725,0.3125,評価可能
v7,return_20d,20日モメンタム,業種,機械,1d,1営業日,31,0.017199467199467206,-0.07692307692307693,0.4838709677419355,評価可能
v7,return_20d,20日モメンタム,業種,機械,3d,3営業日,29,-0.049320507079127766,0.0,0.4827586206896552,サンプル不足
v7,return_20d,20日モメンタム,業種,機械,5d,5営業日,27,-0.15045170878504213,-0.19999999999999998,0.4074074074074074,サンプル不足
v7,return_20d,20日モメンタム,業種,機械,10d,10営業日,22,-0.22520434111343202,-0.21818181818181814,0.2727272727272727,サンプル不足
v7,return_20d,20日モメンタム,業種,海運業,1d,1営業日,2,0.75,0.75,1.0,サンプル不足
v7,return_20d,20日モメンタム,業種,海運業,3d,3営業日,2,0.5,0.5,1.0,サンプル不足
v7,return_20d,20日モメンタム,業種,海運業,5d,5営業日,2,0.25,0.25,0.5,サンプル不足
v7,return_20d,20日モメンタム,業種,海運業,10d,10営業日,1,0.5,0.5,1.0,サンプル不足
v7,return_20d,20日モメンタム,業種,石油・石炭製品,1d,1営業日,0,,,,サンプル不足
v7,return_20d,20日モメンタム,業種,石油・石炭製品,3d,3営業日,0,,,,サンプル不足
v7,return_20d,20日モメンタム,業種,石油・石炭製品,5d,5営業日,0,,,,サンプル不足
v7,return_20d,20日モメンタム,業種,石油・石炭製品,10d,10営業日,0,,,,サンプル不足
v7,return_20d,20日モメンタム,業種,空運業,1d,1営業日,0,,,,サンプル不足
v7,return_20d,20日モメンタム,業種,空運業,3d,3営業日,0,,,,サンプル不足
v7,return_20d,20日モメンタム,業種,空運業,5d,5営業日,0,,,,サンプル不足
v7,return_20d,20日モメンタム,業種,空運業,10d,10営業日,0,,,,サンプル不足
v7,return_20d,20日モメンタム,業種,精密機器,1d,1営業日,16,-0.08392857142857144,-0.39999999999999997,0.375,サンプル不足
v7,return_20d,20日モメンタム,業種,精密機器,3d,3営業日,14,-0.14285714285714285,-0.4,0.35714285714285715,サンプル不足
v7,return_20d,20日モメンタム,業種,精密機器,5d,5営業日,12,-0.22499999999999998,-0.5,0.3333333333333333,サンプル不足
v7,return_20d,20日モメンタム,業種,精密機器,10d,10営業日,10,-0.13999999999999999,-0.5,0.3,サンプル不足
v7,return_20d,20日モメンタム,業種,繊維製品,1d,1営業日,0,,,,サンプル不足
v7,return_20d,20日モメンタム,業種,繊維製品,3d,3営業日,0,,,,サンプル不足
v7,return_20d,20日モメンタム,業種,繊維製品,5d,5営業日,0,,,,サンプル不足
v7,return_20d,20日モメンタム,業種,繊維製品,10d,10営業日,0,,,,サンプル不足
v7,return_20d,20日モメンタム,業種,証券、商品先物取引業,1d,1営業日,17,0.09327731092436975,0.39999999999999997,0.5882352941176471,サンプル不足
v7,return_20d,20日モメンタム,業種,証券、商品先物取引業,3d,3営業日,17,0.12605042016806725,0.5,0.5882352941176471,サンプル不足
v7,return_20d,20日モメンタム,業種,証券、商品先物取引業,5d,5営業日,17,0.030252100840336152,0.21428571428571433,0.5294117647058824,サンプル不足
v7,return_20d,20日モメンタム,業種,証券、商品先物取引業,10d,10営業日,17,-0.41218487394957976,-0.5,0.11764705882352941,サンプル不足
v7,return_20d,20日モメンタム,業種,輸送用機器,1d,1営業日,25,0.07847619047619046,0.19999999999999998,0.64,サンプル不足
v7,return_20d,20日モメンタム,業種,輸送用機器,3d,3営業日,25,-0.042857142857142864,-0.2571428571428572,0.4,サンプル不足
v7,return_20d,20日モメンタム,業種,輸送用機器,5d,5営業日,25,-0.12780952380952382,-0.48571428571428577,0.36,サンプル不足
v7,return_20d,20日モメンタム,業種,輸送用機器,10d,10営業日,21,-0.4306122448979592,-0.5,0.14285714285714285,サンプル不足
v7,return_20d,20日モメンタム,業種,金属製品,1d,1営業日,16,-0.0982142857142857,-0.3,0.375,サンプル不足
v7,return_20d,20日モメンタム,業種,金属製品,3d,3営業日,16,-0.09285714285714283,-0.14285714285714288,0.4375,サンプル不足
v7,return_20d,20日モメンタム,業種,金属製品,5d,5営業日,15,-0.15904761904761905,-0.2142857142857143,0.3333333333333333,サンプル不足
v7,return_20d,20日モメンタム,業種,金属製品,10d,10営業日,15,-0.2949206349206349,-0.39999999999999997,0.3333333333333333,サンプル不足
v7,return_20d,20日モメンタム,業種,鉄鋼,1d,1営業日,7,-0.3428571428571429,-0.5,0.2857142857142857,サンプル不足
v7,return_20d,20日モメンタム,業種,鉄鋼,3d,3営業日,6,-0.03333333333333335,-0.3,0.3333333333333333,サンプル不足
v7,return_20d,20日モメンタム,業種,鉄鋼,5d,5営業日,6,-0.08333333333333331,-0.3,0.3333333333333333,サンプル不足
v7,return_20d,20日モメンタム,業種,鉄鋼,10d,10営業日,2,0.0,0.0,0.5,サンプル不足
v7,return_20d,20日モメンタム,業種,鉱業,1d,1営業日,0,,,,サンプル不足
v7,return_20d,20日モメンタム,業種,鉱業,3d,3営業日,0,,,,サンプル不足
v7,return_20d,20日モメンタム,業種,鉱業,5d,5営業日,0,,,,サンプル不足
v7,return_20d,20日モメンタム,業種,鉱業,10d,10営業日,0,,,,サンプル不足
v7,return_20d,20日モメンタム,業種,銀行業,1d,1営業日,38,0.18859269864403236,0.2785714285714286,0.631578947368421,評価可能
v7,return_20d,20日モメンタム,業種,銀行業,3d,3営業日,36,0.04981598986910604,0.017424242424242425,0.5277777777777778,評価可能
v7,return_20d,20日モメンタム,業種,銀行業,5d,5営業日,34,-0.03291706563332861,-0.017857142857142853,0.5,評価可能
v7,return_20d,20日モメンタム,業種,銀行業,10d,10営業日,31,-0.03786309199971437,0.0,0.4838709677419355,評価可能
v7,return_20d,20日モメンタム,業種,陸運業,1d,1営業日,1,-1.0,-1.0,0.0,サンプル不足
v7,return_20d,20日モメンタム,業種,陸運業,3d,3営業日,1,-1.0,-1.0,0.0,サンプル不足
v7,return_20d,20日モメンタム,業種,陸運業,5d,5営業日,1,-0.5,-0.5,0.0,サンプル不足
v7,return_20d,20日モメンタム,業種,陸運業,10d,10営業日,0,,,,サンプル不足
v7,return_20d,20日モメンタム,業種,電気・ガス業,1d,1営業日,1,0.5,0.5,1.0,サンプル不足
v7,return_20d,20日モメンタム,業種,電気・ガス業,3d,3営業日,1,0.5,0.5,1.0,サンプル不足
v7,return_20d,20日モメンタム,業種,電気・ガス業,5d,5営業日,1,0.5,0.5,1.0,サンプル不足
v7,return_20d,20日モメンタム,業種,電気・ガス業,10d,10営業日,1,0.5,0.5,1.0,サンプル不足
v7,return_20d,20日モメンタム,業種,電気機器,1d,1営業日,41,-0.12176425910394263,-0.045470085470085464,0.36585365853658536,評価可能
v7,return_20d,20日モメンタム,業種,電気機器,3d,3営業日,39,-0.1379784753494257,-0.09354838709677421,0.38461538461538464,評価可能
v7,return_20d,20日モメンタム,業種,電気機器,5d,5営業日,37,-0.09584851150733932,-0.09999999999999999,0.35135135135135137,評価可能
v7,return_20d,20日モメンタム,業種,電気機器,10d,10営業日,32,-0.07278401561960292,-0.11580091714104998,0.28125,評価可能
v7,return_20d,20日モメンタム,業種,非鉄金属,1d,1営業日,7,0.2714285714285714,0.5,0.7142857142857143,サンプル不足
v7,return_20d,20日モメンタム,業種,非鉄金属,3d,3営業日,7,0.05714285714285713,0.39999999999999997,0.5714285714285714,サンプル不足
v7,return_20d,20日モメンタム,業種,非鉄金属,5d,5営業日,6,-0.016666666666666663,-0.04999999999999999,0.5,サンプル不足
v7,return_20d,20日モメンタム,業種,非鉄金属,10d,10営業日,5,0.42000000000000004,0.5,0.8,サンプル不足
v7,return_20d,20日モメンタム,業種,食料品,1d,1営業日,22,0.017599067599067576,0.0,0.45454545454545453,サンプル不足
v7,return_20d,20日モメンタム,業種,食料品,3d,3営業日,22,-0.03926073926073928,-0.19999999999999998,0.45454545454545453,サンプル不足
v7,return_20d,20日モメンタム,業種,食料品,5d,5営業日,21,-0.13539159253444968,-0.2527472527472528,0.3333333333333333,サンプル不足
v7,return_20d,20日モメンタム,業種,食料品,10d,10営業日,19,-0.12938114517061886,-0.4153846153846154,0.3157894736842105,サンプル不足
v7,return_60d,60日モメンタム,全体,全体,1d,1営業日,41,-0.008875690440423772,0.01813441188665643,0.5121951219512195,評価可能
v7,return_60d,60日モメンタム,全体,全体,3d,3営業日,39,-0.07358127176825084,-0.03986810641514018,0.358974358974359,評価可能
v7,return_60d,60日モメンタム,全体,全体,5d,5営業日,37,-0.12831792115503768,-0.12910891089108908,0.3783783783783784,評価可能
v7,return_60d,60日モメンタム,全体,全体,10d,10営業日,32,-0.25860837315388246,-0.2512451245124512,0.09375,評価可能
v7,return_60d,60日モメンタム,業種,その他製品,1d,1営業日,13,0.11098901098901097,0.08571428571428573,0.5384615384615384,サンプル不足
v7,return_60d,60日モメンタム,業種,その他製品,3d,3営業日,12,-0.15357142857142858,-0.38571428571428573,0.3333333333333333,サンプル不足
v7,return_60d,60日モメンタム,業種,その他製品,5d,5営業日,10,0.06857142857142857,0.042857142857142844,0.5,サンプル不足
v7,return_60d,60日モメンタム,業種,その他製品,10d,10営業日,6,0.08333333333333333,0.44999999999999996,0.6666666666666666,サンプル不足
v7,return_60d,60日モメンタム,業種,その他金融業,1d,1営業日,2,0.25,0.25,0.5,サンプル不足
v7,return_60d,60日モメンタム,業種,その他金融業,3d,3営業日,2,0.5,0.5,1.0,サンプル不足
v7,return_60d,60日モメンタム,業種,その他金融業,5d,5営業日,2,0.5,0.5,1.0,サンプル不足
v7,return_60d,60日モメンタム,業種,その他金融業,10d,10営業日,2,0.5,0.5,1.0,サンプル不足
v7,return_60d,60日モメンタム,業種,ガラス・土石製品,1d,1営業日,2,-0.75,-0.75,0.0,サンプル不足
v7,return_60d,60日モメンタム,業種,ガラス・土石製品,3d,3営業日,2,-0.75,-0.75,0.0,サンプル不足
v7,return_60d,60日モメンタム,業種,ガラス・土石製品,5d,5営業日,2,-0.25,-0.25,0.5,サンプル不足
v7,return_60d,60日モメンタム,業種,ガラス・土石製品,10d,10営業日,2,-0.75,-0.75,0.0,サンプル不足
v7,return_60d,60日モメンタム,業種,ゴム製品,1d,1営業日,1,-0.39999999999999997,-0.39999999999999997,0.0,サンプル不足
v7,return_60d,60日モメンタム,業種,ゴム製品,3d,3営業日,1,-0.7999999999999999,-0.7999999999999999,0.0,サンプル不足
v7,return_60d,60日モメンタム,業種,ゴム製品,5d,5営業日,1,-1.0,-1.0,0.0,サンプル不足
v7,return_60d,60日モメンタム,業種,ゴム製品,10d,10営業日,0,,,,サンプル不足
v7,return_60d,60日モメンタム,業種,サービス業,1d,1営業日,41,-0.05129591913271506,-0.028571428571428574,0.3902439024390244,評価可能
v7,return_60d,60日モメンタム,業種,サービス業,3d,3営業日,39,0.013712356020048323,0.0,0.48717948717948717,評価可能
v7,return_60d,60日モメンタム,業種,サービス業,5d,5営業日,37,0.01623043338140325,-0.04242424242424241,0.4594594594594595,評価可能
v7,return_60d,60日モメンタム,業種,サービス業,10d,10営業日,32,-0.06001041614298942,-0.09180819180819182,0.4375,評価可能
v7,return_60d,60日モメンタム,業種,パルプ・紙,1d,1営業日,0,,,,サンプル不足
v7,return_60d,60日モメンタム,業種,パルプ・紙,3d,3営業日,0,,,,サンプル不足
v7,return_60d,60日モメンタム,業種,パルプ・紙,5d,5営業日,0,,,,サンプル不足
v7,return_60d,60日モメンタム,業種,パルプ・紙,10d,10営業日,0,,,,サンプル不足
v7,return_60d,60日モメンタム,業種,不動産業,1d,1営業日,4,-0.09724197610004821,0.05551604779990357,0.5,サンプル不足
v7,return_60d,60日モメンタム,業種,不動産業,3d,3営業日,4,-0.04999999999999999,0.05000000000000002,0.5,サンプル不足
v7,return_60d,60日モメンタム,業種,不動産業,5d,5営業日,4,0.0,0.0,0.5,サンプル不足
v7,return_60d,60日モメンタム,業種,不動産業,10d,10営業日,3,-0.13333333333333333,-0.39999999999999997,0.3333333333333333,サンプル不足
v7,return_60d,60日モメンタム,業種,保険業,1d,1営業日,18,0.08333333333333331,0.09999999999999999,0.5,サンプル不足
v7,return_60d,60日モメンタム,業種,保険業,3d,3営業日,18,0.07222222222222224,0.39999999999999997,0.6111111111111112,サンプル不足
v7,return_60d,60日モメンタム,業種,保険業,5d,5営業日,18,0.10555555555555553,0.3,0.5555555555555556,サンプル不足
v7,return_60d,60日モメンタム,業種,保険業,10d,10営業日,18,0.2833333333333333,0.5,0.6111111111111112,サンプル不足
v7,return_60d,60日モメンタム,業種,倉庫・運輸関連業,1d,1営業日,1,0.5,0.5,1.0,サンプル不足
v7,return_60d,60日モメンタム,業種,倉庫・運輸関連業,3d,3営業日,1,0.5,0.5,1.0,サンプル不足
v7,return_60d,60日モメンタム,業種,倉庫・運輸関連業,5d,5営業日,1,-0.5,-0.5,0.0,サンプル不足
v7,return_60d,60日モメンタム,業種,倉庫・運輸関連業,10d,10営業日,1,0.5,0.5,1.0,サンプル不足
v7,return_60d,60日モメンタム,業種,化学,1d,1営業日,40,0.03047743922743922,0.0654761904761905,0.575,評価可能
v7,return_60d,60日モメンタム,業種,化学,3d,3営業日,39,-0.03272197887582502,0.07692307692307693,0.5128205128205128,評価可能
v7,return_60d,60日モメンタム,業種,化学,5d,5営業日,37,0.027155727155727137,-0.034965034965034975,0.4864864864864865,評価可能
v7,return_60d,60日モメンタム,業種,化学,10d,10営業日,32,-0.08845633533133535,-0.08131868131868134,0.4375,評価可能
v7,return_60d,60日モメンタム,業種,医薬品,1d,1営業日,3,-0.6666666666666666,-0.5,0.0,サンプル不足
v7,return_60d,60日モメンタム,業種,医薬品,3d,3営業日,3,-1.0,-1.0,0.0,サンプル不足
v7,return_60d,60日モメンタム,業種,医薬品,5d,5営業日,3,-0.8333333333333334,-1.0,0.0,サンプル不足
v7,return_60d,60日モメンタム,業種,医薬品,10d,10営業日,3,-0.8333333333333334,-1.0,0.0,サンプル不足
v7,return_60d,60日モメンタム,業種,卸売業,1d,1営業日,37,0.1285318285318285,0.19999999999999998,0.5405405405405406,評価可能
v7,return_60d,60日モメンタム,業種,卸売業,3d,3営業日,36,0.006578606578606566,0.11666666666666667,0.5277777777777778,評価可能
v7,return_60d,60日モメンタム,業種,卸売業,5d,5営業日,34,-0.016999666999667,-0.02097902097902098,0.4117647058823529,評価可能
v7,return_60d,60日モメンタム,業種,卸売業,10d,10営業日,29,-0.03998357963875207,0.0,0.4482758620689655,サンプル不足
v7,return_60d,60日モメンタム,業種,小売業,1d,1営業日,34,-0.0916690719891412,-0.0892857142857143,0.4411764705882353,評価可能
v7,return_60d,60日モメンタム,業種,小売業,3d,3営業日,32,-0.14074386091849328,-0.1380952380952381,0.40625,評価可能
v7,return_60d,60日モメンタム,業種,小売業,5d,5営業日,31,-0.24506578178304936,-0.19999999999999998,0.22580645161290322,評価可能
v7,return_60d,60日モメンタム,業種,小売業,10d,10営業日,27,-0.29151600033952974,-0.3,0.14814814814814814,サンプル不足
v7,return_60d,60日モメンタム,業種,建設業,1d,1営業日,7,-0.2571428571428571,-0.5,0.42857142857142855,サンプル不足
v7,return_60d,60日モメンタム,業種,建設業,3d,3営業日,7,-0.05714285714285713,-0.39999999999999997,0.42857142857142855,サンプル不足
v7,return_60d,60日モメンタム,業種,建設業,5d,5営業日,7,-0.05714285714285713,-0.39999999999999997,0.42857142857142855,サンプル不足
v7,return_60d,60日モメンタム,業種,建設業,10d,10営業日,6,-0.15,-0.44999999999999996,0.3333333333333333,サンプル不足
v7,return_60d,60日モメンタム,業種,情報・通信業,1d,1営業日,41,-0.05917976616955749,-0.1043956043956044,0.43902439024390244,評価可能
v7,return_60d,60日モメンタム,業種,情報・通信業,3d,3営業日,39,-0.11577915046447927,-0.09090909090909091,0.41025641025641024,評価可能
v7,return_60d,60日モメンタム,業種,情報・通信業,5d,5営業日,37,-0.1664559187065236,-0.09010989010989012,0.32432432432432434,評価可能
v7,return_60d,60日モメンタム,業種,情報・通信業,10d,10営業日,32,-0.21544203838445578,-0.17311831615237186,0.28125,評価可能
v7,return_60d,60日モメンタム,業種,機械,1d,1営業日,31,-0.02218856412404801,-0.07142857142857144,0.41935483870967744,評価可能
v7,return_60d,60日モメンタム,業種,機械,3d,3営業日,29,0.05610596300251475,0.2571428571428572,0.5862068965517241,サンプル不足
v7,return_60d,60日モメンタム,業種,機械,5d,5営業日,27,-0.13774959608292942,-0.2175824175824176,0.3333333333333333,サンプル不足
v7,return_60d,60日モメンタム,業種,機械,10d,10営業日,22,-0.3240108376472013,-0.39999999999999997,0.3181818181818182,サンプル不足
v7,return_60d,60日モメンタム,業種,海運業,1d,1営業日,2,0.5,0.5,1.0,サンプル不足
v7,return_60d,60日モメンタム,業種,海運業,3d,3営業日,2,0.0,0.0,0.5,サンプル不足
v7,return_60d,60日モメンタム,業種,海運業,5d,5営業日,2,0.0,0.0,0.5,サンプル不足
v7,return_60d,60日モメンタム,業種,海運業,10d,10営業日,1,0.5,0.5,1.0,サンプル不足
v7,return_60d,60日モメンタム,業種,石油・石炭製品,1d,1営業日,0,,,,サンプル不足
v7,return_60d,60日モメンタム,業種,石油・石炭製品,3d,3営業日,0,,,,サンプル不足
v7,return_60d,60日モメンタム,業種,石油・石炭製品,5d,5営業日,0,,,,サンプル不足
v7,return_60d,60日モメンタム,業種,石油・石炭製品,10d,10営業日,0,,,,サンプル不足
v7,return_60d,60日モメンタム,業種,空運業,1d,1営業日,0,,,,サンプル不足
v7,return_60d,60日モメンタム,業種,空運業,3d,3営業日,0,,,,サンプル不足
v7,return_60d,60日モメンタム,業種,空運業,5d,5営業日,0,,,,サンプル不足
v7,return_60d,60日モメンタム,業種,空運業,10d,10営業日,0,,,,サンプル不足
v7,return_60d,60日モメンタム,業種,精密機器,1d,1営業日,16,0.020535714285714296,0.4,0.5625,サンプル不足
v7,return_60d,60日モメンタム,業種,精密機器,3d,3営業日,14,0.16428571428571428,0.5,0.5714285714285714,サンプル不足
v7,return_60d,60日モメンタム,業種,精密機器,5d,5営業日,12,0.17500000000000002,0.5,0.5833333333333334,サンプル不足
v7,return_60d,60日モメンタム,業種,精密機器,10d,10営業日,10,0.12999999999999998,0.5,0.6,サンプル不足
v7,return_60d,60日モメンタム,業種,繊維製品,1d,1営業日,0,,,,サンプル不足
v7,return_60d,60日モメンタム,業種,繊維製品,3d,3営業日,0,,,,サンプル不足
v7,return_60d,60日モメンタム,業種,繊維製品,5d,5営業日,0,,,,サンプル不足
v7,return_60d,60日モメンタム,業種,繊維製品,10d,10営業日,0,,,,サンプル不足
v7,return_60d,60日モメンタム,業種,証券、商品先物取引業,1d,1営業日,17,-0.11890756302521005,-0.39999999999999997,0.4117647058823529,サンプル不足
v7,return_60d,60日モメンタム,業種,証券、商品先物取引業,3d,3営業日,17,-0.17983193277310924,-0.5,0.4117647058823529,サンプル不足
v7,return_60d,60日モメンタム,業種,証券、商品先物取引業,5d,5営業日,17,-0.1449579831932773,-0.39999999999999997,0.4117647058823529,サンプル不足
v7,return_60d,60日モメンタム,業種,証券、商品先物取引業,10d,10営業日,17,-0.08907563025210084,-0.39999999999999997,0.4117647058823529,サンプル不足
v7,return_60d,60日モメンタム,業種,輸送用機器,1d,1営業日,25,-0.04209523809523809,0.0,0.48,サンプル不足
v7,return_60d,60日モメンタム,業種,輸送用機器,3d,3営業日,25,0.08019047619047619,0.48571428571428577,0.6,サンプル不足
v7,return_60d,60日モメンタム,業種,輸送用機器,5d,5営業日,25,0.024380952380952375,0.3714285714285715,0.56,サンプル不足
v7,return_60d,60日モメンタム,業種,輸送用機器,10d,10営業日,21,-0.060090702947845784,-0.14285714285714288,0.42857142857142855,サンプル不足
v7,return_60d,60日モメンタム,業種,金属製品,1d,1営業日,16,0.21636904761904763,0.2785714285714286,0.6875,サンプル不足
v7,return_60d,60日モメンタム,業種,金属製品,3d,3営業日,16,-0.042559523809523804,-0.011904761904761918,0.5,サンプル不足
v7,return_60d,60日モメンタム,業種,金属製品,5d,5営業日,15,-0.0006349206349206326,0.09999999999999999,0.5333333333333333,サンプル不足
v7,return_60d,60日モメンタム,業種,金属製品,10d,10営業日,15,-0.18603174603174602,-0.39999999999999997,0.4666666666666667,サンプル不足
v7,return_60d,60日モメンタム,業種,鉄鋼,1d,1営業日,7,0.24285714285714285,0.39999999999999997,0.5714285714285714,サンプル不足
v7,return_60d,60日モメンタム,業種,鉄鋼,3d,3営業日,6,0.3,0.44999999999999996,0.6666666666666666,サンプル不足
v7,return_60d,60日モメンタム,業種,鉄鋼,5d,5営業日,6,0.35000000000000003,0.5,0.8333333333333334,サンプル不足
v7,return_60d,60日モメンタム,業種,鉄鋼,10d,10営業日,2,0.25,0.25,0.5,サンプル不足
v7,return_60d,60日モメンタム,業種,鉱業,1d,1営業日,0,,,,サンプル不足
v7,return_60d,60日モメンタム,業種,鉱業,3d,3営業日,0,,,,サンプル不足
v7,return_60d,60日モメンタム,業種,鉱業,5d,5営業日,0,,,,サンプル不足
v7,return_60d,60日モメンタム,業種,鉱業,10d,10営業日,0,,,,サンプル不足
v7,return_60d,60日モメンタム,業種,銀行業,1d,1営業日,38,0.0026718089537955433,0.06071428571428572,0.5789473684210527,評価可能
v7,return_60d,60日モメンタム,業種,銀行業,3d,3営業日,36,-0.15729820134206765,-0.21258415272668696,0.3888888888888889,評価可能
v7,return_60d,60日モメンタム,業種,銀行業,5d,5営業日,34,-0.17957125919063635,-0.23333333333333334,0.3235294117647059,評価可能
v7,return_60d,60日モメンタム,業種,銀行業,10d,10営業日,31,-0.34684606348742975,-0.45153846153846156,0.25806451612903225,評価可能
v7,return_60d,60日モメンタム,業種,陸運業,1d,1営業日,1,-0.5,-0.5,0.0,サンプル不足
v7,return_60d,60日モメンタム,業種,陸運業,3d,3営業日,1,-0.5,-0.5,0.0,サンプル不足
v7,return_60d,60日モメンタム,業種,陸運業,5d,5営業日,1,-1.0,-1.0,0.0,サンプル不足
v7,return_60d,60日モメンタム,業種,陸運業,10d,10営業日,0,,,,サンプル不足
v7,return_60d,60日モメンタム,業種,電気・ガス業,1d,1営業日,1,0.5,0.5,1.0,サンプル不足
v7,return_60d,60日モメンタム,業種,電気・ガス業,3d,3営業日,1,0.5,0.5,1.0,サンプル不足
v7,return_60d,60日モメンタム,業種,電気・ガス業,5d,5営業日,1,0.5,0.5,1.0,サンプル不足
v7,return_60d,60日モメンタム,業種,電気・ガス業,10d,10営業日,1,0.5,0.5,1.0,サンプル不足
v7,return_60d,60日モメンタム,業種,電気機器,1d,1営業日,41,-0.17939566201565654,-0.07878787878787878,0.3170731707317073,評価可能
v7,return_60d,60日モメンタム,業種,電気機器,3d,3営業日,39,-0.2515254498103296,-0.25274725274725274,0.2564102564102564,評価可能
v7,return_60d,60日モメンタム,業種,電気機器,5d,5営業日,37,-0.30379353630309364,-0.30769230769230765,0.1891891891891892,評価可能
v7,return_60d,60日モメンタム,業種,電気機器,10d,10営業日,32,-0.3671399493120838,-0.4293956043956043,0.1875,評価可能
v7,return_60d,60日モメンタム,業種,非鉄金属,1d,1営業日,7,-0.05714285714285715,-0.5,0.42857142857142855,サンプル不足
v7,return_60d,60日モメンタム,業種,非鉄金属,3d,3営業日,7,-0.5428571428571428,-0.5,0.14285714285714285,サンプル不足
v7,return_60d,60日モメンタム,業種,非鉄金属,5d,5営業日,6,-0.3166666666666667,-0.6,0.3333333333333333,サンプル不足
v7,return_60d,60日モメンタム,業種,非鉄金属,10d,10営業日,5,-0.41999999999999993,-0.5,0.2,サンプル不足
v7,return_60d,60日モメンタム,業種,食料品,1d,1営業日,22,-1.6650016650014068e-05,0.059340659340659366,0.5,サンプル不足
v7,return_60d,60日モメンタム,業種,食料品,3d,3営業日,22,-0.006943056943056968,0.12362637362637363,0.5909090909090909,サンプル不足
v7,return_60d,60日モメンタム,業種,食料品,5d,5営業日,21,-0.1395429966858538,-0.08571428571428573,0.42857142857142855,サンプル不足
v7,return_60d,60日モメンタム,業種,食料品,10d,10営業日,19,-0.21879699248120302,-0.48571428571428577,0.42105263157894735,サンプル不足
v7,return_120d,120日モメンタム,全体,全体,1d,1営業日,41,-0.0368878370760545,-0.03687188844955267,0.4634146341463415,評価可能
v7,return_120d,120日モメンタム,全体,全体,3d,3営業日,39,-0.1002029694762975,-0.1402940294029403,0.38461538461538464,評価可能
v7,return_120d,120日モメンタム,全体,全体,5d,5営業日,37,-0.1409477226550302,-0.14363636363636362,0.32432432432432434,評価可能
v7,return_120d,120日モメンタム,全体,全体,10d,10営業日,32,-0.2580712400977716,-0.3008580858085808,0.125,評価可能
v7,return_120d,120日モメンタム,業種,その他製品,1d,1営業日,13,-0.2747252747252747,-0.39999999999999997,0.38461538461538464,サンプル不足
v7,return_120d,120日モメンタム,業種,その他製品,3d,3営業日,12,-0.09523809523809525,-0.14285714285714285,0.4166666666666667,サンプル不足
v7,return_120d,120日モメンタム,業種,その他製品,5d,5営業日,10,-0.08428571428571428,-0.1571428571428571,0.5,サンプル不足
v7,return_120d,120日モメンタム,業種,その他製品,10d,10営業日,6,-0.21666666666666667,-0.35,0.3333333333333333,サンプル不足
v7,return_120d,120日モメンタム,業種,その他金融業,1d,1営業日,2,0.25,0.25,0.5,サンプル不足
v7,return_120d,120日モメンタム,業種,その他金融業,3d,3営業日,2,0.5,0.5,1.0,サンプル不足
v7,return_120d,120日モメンタム,業種,その他金融業,5d,5営業日,2,0.5,0.5,1.0,サンプル不足
v7,return_120d,120日モメンタム,業種,その他金融業,10d,10営業日,2,0.5,0.5,1.0,サンプル不足
v7,return_120d,120日モメンタム,業種,ガラス・土石製品,1d,1営業日,2,-0.25,-0.25,0.5,サンプル不足
v7,return_120d,120日モメンタム,業種,ガラス・土石製品,3d,3営業日,2,-0.5,-0.5,0.0,サンプル不足
v7,return_120d,120日モメンタム,業種,ガラス・土石製品,5d,5営業日,2,0.0,0.0,0.5,サンプル不足
v7,return_120d,120日モメンタム,業種,ガラス・土石製品,10d,10営業日,2,-0.5,-0.5,0.0,サンプル不足
v7,return_120d,120日モメンタム,業種,ゴム製品,1d,1営業日,1,0.7999999999999999,0.7999999999999999,1.0,サンプル不足
v7,return_120d,120日モメンタム,業種,ゴム製品,3d,3営業日,1,0.39999999999999997,0.39999999999999997,1.0,サンプル不足
v7,return_120d,120日モメンタム,業種,ゴム製品,5d,5営業日,1,0.19999999999999998,0.19999999999999998,1.0,サンプル不足
v7,return_120d,120日モメンタム,業種,ゴム製品,10d,10営業日,0,,,,サンプル不足
v7,return_120d,120日モメンタム,業種,サービス業,1d,1営業日,41,-0.03558301602148826,-0.049999999999999996,0.4634146341463415,評価可能
v7,return_120d,120日モメンタム,業種,サービス業,3d,3営業日,39,-0.009064439833670614,-0.09010989010989012,0.46153846153846156,評価可能
v7,return_120d,120日モメンタム,業種,サービス業,5d,5営業日,37,0.01550939844262859,0.027972027972027972,0.5405405405405406,評価可能
v7,return_120d,120日モメンタム,業種,サービス業,10d,10営業日,32,-0.03628259572080318,0.002747252747252747,0.5,評価可能
v7,return_120d,120日モメンタム,業種,パルプ・紙,1d,1営業日,0,,,,サンプル不足
v7,return_120d,120日モメンタム,業種,パルプ・紙,3d,3営業日,0,,,,サンプル不足
v7,return_120d,120日モメンタム,業種,パルプ・紙,5d,5営業日,0,,,,サンプル不足
v7,return_120d,120日モメンタム,業種,パルプ・紙,10d,10営業日,0,,,,サンプル不足
v7,return_120d,120日モメンタム,業種,不動産業,1d,1営業日,4,0.10681496540416129,0.14740216479148457,0.5,サンプル不足
v7,return_120d,120日モメンタム,業種,不動産業,3d,3営業日,4,0.125,0.15000000000000002,0.5,サンプル不足
v7,return_120d,120日モメンタム,業種,不動産業,5d,5営業日,4,-0.075,0.09999999999999999,0.5,サンプル不足
v7,return_120d,120日モメンタム,業種,不動産業,10d,10営業日,3,-0.2333333333333333,-0.19999999999999998,0.3333333333333333,サンプル不足
v7,return_120d,120日モメンタム,業種,保険業,1d,1営業日,18,-0.19444444444444445,-0.44999999999999996,0.3888888888888889,サンプル不足
v7,return_120d,120日モメンタム,業種,保険業,3d,3営業日,18,0.00555555555555556,0.09999999999999999,0.5,サンプル不足
v7,return_120d,120日モメンタム,業種,保険業,5d,5営業日,18,0.12777777777777777,0.3,0.6111111111111112,サンプル不足
v7,return_120d,120日モメンタム,業種,保険業,10d,10営業日,18,-0.027777777777777804,0.0,0.5,サンプル不足
v7,return_120d,120日モメンタム,業種,倉庫・運輸関連業,1d,1営業日,1,0.5,0.5,1.0,サンプル不足
v7,return_120d,120日モメンタム,業種,倉庫・運輸関連業,3d,3営業日,1,0.5,0.5,1.0,サンプル不足
v7,return_120d,120日モメンタム,業種,倉庫・運輸関連業,5d,5営業日,1,-0.5,-0.5,0.0,サンプル不足
v7,return_120d,120日モメンタム,業種,倉庫・運輸関連業,10d,10営業日,1,0.5,0.5,1.0,サンプル不足
v7,return_120d,120日モメンタム,業種,化学,1d,1営業日,39,-0.040414073106380816,0.016666666666666666,0.5384615384615384,評価可能
v7,return_120d,120日モメンタム,業種,化学,3d,3営業日,38,-0.16582803161750537,-0.1547619047619048,0.3157894736842105,評価可能
v7,return_120d,120日モメンタム,業種,化学,5d,5営業日,36,-0.17530270655270655,-0.2089160839160839,0.2777777777777778,評価可能
v7,return_120d,120日モメンタム,業種,化学,10d,10営業日,31,-0.17888992727702405,-0.14285714285714288,0.3548387096774194,評価可能
v7,return_120d,120日モメンタム,業種,医薬品,1d,1営業日,3,0.16666666666666666,0.5,0.6666666666666666,サンプル不足
v7,return_120d,120日モメンタム,業種,医薬品,3d,3営業日,3,-0.3333333333333333,-0.5,0.3333333333333333,サンプル不足
v7,return_120d,120日モメンタム,業種,医薬品,5d,5営業日,3,-0.16666666666666666,-0.5,0.3333333333333333,サンプル不足
v7,return_120d,120日モメンタム,業種,医薬品,10d,10営業日,3,-0.16666666666666666,-0.5,0.3333333333333333,サンプル不足
v7,return_120d,120日モメンタム,業種,卸売業,1d,1営業日,37,0.10903735903735902,0.04761904761904763,0.5405405405405406,評価可能
v7,return_120d,120日モメンタム,業種,卸売業,3d,3営業日,36,-0.005871905871905872,0.11666666666666667,0.5555555555555556,評価可能
v7,return_120d,120日モメンタム,業種,卸売業,5d,5営業日,34,-0.04333460656990068,0.014285714285714287,0.5,評価可能
v7,return_120d,120日モメンタム,業種,卸売業,10d,10営業日,29,-0.012725779967159297,-0.09999999999999999,0.4827586206896552,サンプル不足
v7,return_120d,120日モメンタム,業種,小売業,1d,1営業日,34,-0.08390630419177134,-0.12916666666666665,0.38235294117647056,評価可能
v7,return_120d,120日モメンタム,業種,小売業,3d,3営業日,32,-0.14043190265616734,-0.16964285714285715,0.40625,評価可能
v7,return_120d,120日モメンタム,業種,小売業,5d,5営業日,31,-0.1810649502300356,-0.24509803921568632,0.3225806451612903,評価可能
v7,return_120d,120日モメンタム,業種,小売業,10d,10営業日,27,-0.08411539440951205,-0.0857142857142857,0.4074074074074074,サンプル不足
v7,return_120d,120日モメンタム,業種,建設業,1d,1営業日,7,-0.32857142857142857,-0.5,0.2857142857142857,サンプル不足
v7,return_120d,120日モメンタム,業種,建設業,3d,3営業日,7,-0.05714285714285713,-0.39999999999999997,0.42857142857142855,サンプル不足
v7,return_120d,120日モメンタム,業種,建設業,5d,5営業日,7,-0.2714285714285714,-0.5,0.2857142857142857,サンプル不足
v7,return_120d,120日モメンタム,業種,建設業,10d,10営業日,6,-0.15,-0.44999999999999996,0.3333333333333333,サンプル不足
v7,return_120d,120日モメンタム,業種,情報・通信業,1d,1営業日,41,-0.07916270393271622,-0.07142857142857144,0.3902439024390244,評価可能
v7,return_120d,120日モメンタム,業種,情報・通信業,3d,3営業日,39,-0.15376481298381386,-0.14725274725274726,0.23076923076923078,評価可能
v7,return_120d,120日モメンタム,業種,情報・通信業,5d,5営業日,37,-0.09650360550966187,0.028571428571428574,0.5675675675675675,評価可能
v7,return_120d,120日モメンタム,業種,情報・通信業,10d,10営業日,32,-0.20431636461173552,-0.13157894736842107,0.28125,評価可能
v7,return_120d,120日モメンタム,業種,機械,1d,1営業日,31,-0.016365892172343813,-0.14285714285714288,0.41935483870967744,評価可能
v7,return_120d,120日モメンタム,業種,機械,3d,3営業日,29,0.1126270281442695,0.19999999999999998,0.5862068965517241,サンプル不足
v7,return_120d,120日モメンタム,業種,機械,5d,5営業日,27,-0.16067605234271903,-0.2571428571428572,0.3333333333333333,サンプル不足
v7,return_120d,120日モメンタム,業種,機械,10d,10営業日,22,-0.33569423001241183,-0.396969696969697,0.2727272727272727,サンプル不足
v7,return_120d,120日モメンタム,業種,海運業,1d,1営業日,2,0.5,0.5,1.0,サンプル不足
v7,return_120d,120日モメンタム,業種,海運業,3d,3営業日,2,0.0,0.0,0.5,サンプル不足
v7,return_120d,120日モメンタム,業種,海運業,5d,5営業日,2,0.0,0.0,0.5,サンプル不足
v7,return_120d,120日モメンタム,業種,海運業,10d,10営業日,1,0.5,0.5,1.0,サンプル不足
v7,return_120d,120日モメンタム,業種,石油・石炭製品,1d,1営業日,0,,,,サンプル不足
v7,return_120d,120日モメンタム,業種,石油・石炭製品,3d,3営業日,0,,,,サンプル不足
v7,return_120d,120日モメンタム,業種,石油・石炭製品,5d,5営業日,0,,,,サンプル不足
v7,return_120d,120日モメンタム,業種,石油・石炭製品,10d,10営業日,0,,,,サンプル不足
v7,return_120d,120日モメンタム,業種,空運業,1d,1営業日,0,,,,サンプル不足
v7,return_120d,120日モメンタム,業種,空運業,3d,3営業日,0,,,,サンプル不足
v7,return_120d,120日モメンタム,業種,空運業,5d,5営業日,0,,,,サンプル不足
v7,return_120d,120日モメンタム,業種,空運業,10d,10営業日,0,,,,サンプル不足
v7,return_120d,120日モメンタム,業種,精密機器,1d,1営業日,16,0.23214285714285712,0.5,0.625,サンプル不足
v7,return_120d,120日モメンタム,業種,精密機器,3d,3営業日,14,0.1857142857142857,0.5,0.6428571428571429,サンプル不足
v7,return_120d,120日モメンタム,業種,精密機器,5d,5営業日,12,0.17499999999999996,0.5,0.5833333333333334,サンプル不足
v7,return_120d,120日モメンタム,業種,精密機器,10d,10営業日,10,0.09,0.44999999999999996,0.6,サンプル不足
v7,return_120d,120日モメンタム,業種,繊維製品,1d,1営業日,0,,,,サンプル不足
v7,return_120d,120日モメンタム,業種,繊維製品,3d,3営業日,0,,,,サンプル不足
v7,return_120d,120日モメンタム,業種,繊維製品,5d,5営業日,0,,,,サンプル不足
v7,return_120d,120日モメンタム,業種,繊維製品,10d,10営業日,0,,,,サンプル不足
v7,return_120d,120日モメンタム,業種,証券、商品先物取引業,1d,1営業日,17,0.15966386554621848,0.39999999999999997,0.5882352941176471,サンプル不足
v7,return_120d,120日モメンタム,業種,証券、商品先物取引業,3d,3営業日,17,0.08571428571428573,0.0,0.47058823529411764,サンプル不足
v7,return_120d,120日モメンタム,業種,証券、商品先物取引業,5d,5営業日,17,0.1991596638655462,0.5,0.5882352941176471,サンプル不足
v7,return_120d,120日モメンタム,業種,証券、商品先物取引業,10d,10営業日,17,0.45588235294117646,0.7999999999999999,0.7058823529411765,サンプル不足
v7,return_120d,120日モメンタム,業種,輸送用機器,1d,1営業日,25,0.17295238095238094,0.19999999999999998,0.64,サンプル不足
v7,return_120d,120日モメンタム,業種,輸送用機器,3d,3営業日,25,0.09504761904761906,0.19999999999999998,0.64,サンプル不足
v7,return_120d,120日モメンタム,業種,輸送用機器,5d,5営業日,25,0.06495238095238097,0.19999999999999998,0.6,サンプル不足
v7,return_120d,120日モメンタム,業種,輸送用機器,10d,10営業日,21,0.33560090702947853,0.5,0.7142857142857143,サンプル不足
v7,return_120d,120日モメンタム,業種,金属製品,1d,1営業日,16,0.20922619047619045,0.2285714285714286,0.75,サンプル不足
v7,return_120d,120日モメンタム,業種,金属製品,3d,3営業日,16,0.10922619047619048,0.19999999999999998,0.625,サンプル不足
v7,return_120d,120日モメンタム,業種,金属製品,5d,5営業日,15,0.13746031746031745,0.3714285714285715,0.5333333333333333,サンプル不足
v7,return_120d,120日モメンタム,業種,金属製品,10d,10営業日,15,-0.19650793650793652,-0.39999999999999997,0.3333333333333333,サンプル不足
v7,return_120d,120日モメンタム,業種,鉄鋼,1d,1営業日,7,0.15714285714285717,0.09999999999999999,0.5714285714285714,サンプル不足
v7,return_120d,120日モメンタム,業種,鉄鋼,3d,3営業日,6,0.5499999999999999,0.5,0.8333333333333334,サンプル不足
v7,return_120d,120日モメンタム,業種,鉄鋼,5d,5営業日,6,0.8333333333333334,0.8999999999999999,1.0,サンプル不足
v7,return_120d,120日モメンタム,業種,鉄鋼,10d,10営業日,2,1.0,1.0,1.0,サンプル不足
v7,return_120d,120日モメンタム,業種,鉱業,1d,1営業日,0,,,,サンプル不足
v7,return_120d,120日モメンタム,業種,鉱業,3d,3営業日,0,,,,サンプル不足
v7,return_120d,120日モメンタム,業種,鉱業,5d,5営業日,0,,,,サンプル不足
v7,return_120d,120日モメンタム,業種,鉱業,10d,10営業日,0,,,,サンプル不足
v7,return_120d,120日モメンタム,業種,銀行業,1d,1営業日,38,-0.1088334015167862,-0.053571428571428575,0.42105263157894735,評価可能
v7,return_120d,120日モメンタム,業種,銀行業,3d,3営業日,36,-0.08555985129880346,-0.030952380952380953,0.4444444444444444,評価可能
v7,return_120d,120日モメンタム,業種,銀行業,5d,5営業日,34,-0.17376617615371942,-0.17857142857142858,0.3235294117647059,評価可能
v7,return_120d,120日モメンタム,業種,銀行業,10d,10営業日,31,-0.27203511858160817,-0.32967032967032966,0.22580645161290322,評価可能
v7,return_120d,120日モメンタム,業種,陸運業,1d,1営業日,1,-0.5,-0.5,0.0,サンプル不足
v7,return_120d,120日モメンタム,業種,陸運業,3d,3営業日,1,-0.5,-0.5,0.0,サンプル不足
v7,return_120d,120日モメンタム,業種,陸運業,5d,5営業日,1,-1.0,-1.0,0.0,サンプル不足
v7,return_120d,120日モメンタム,業種,陸運業,10d,10営業日,0,,,,サンプル不足
v7,return_120d,120日モメンタム,業種,電気・ガス業,1d,1営業日,1,0.5,0.5,1.0,サンプル不足
v7,return_120d,120日モメンタム,業種,電気・ガス業,3d,3営業日,1,0.5,0.5,1.0,サンプル不足
v7,return_120d,120日モメンタム,業種,電気・ガス業,5d,5営業日,1,0.5,0.5,1.0,サンプル不足
v7,return_120d,120日モメンタム,業種,電気・ガス業,10d,10営業日,1,0.5,0.5,1.0,サンプル不足
v7,return_120d,120日モメンタム,業種,電気機器,1d,1営業日,41,-0.05614101959000893,-0.0303030303030303,0.4634146341463415,評価可能
v7,return_120d,120日モメンタム,業種,電気機器,3d,3営業日,39,-0.14502380686509353,-0.2121212121212121,0.28205128205128205,評価可能
v7,return_120d,120日モメンタム,業種,電気機器,5d,5営業日,37,-0.18685910293900634,-0.22994652406417113,0.2972972972972973,評価可能
v7,return_120d,120日モメンタム,業種,電気機器,10d,10営業日,32,-0.1646755109295413,-0.29423076923076924,0.28125,評価可能
v7,return_120d,120日モメンタム,業種,非鉄金属,1d,1営業日,7,0.1857142857142857,0.5,0.5714285714285714,サンプル不足
v7,return_120d,120日モメンタム,業種,非鉄金属,3d,3営業日,7,0.08571428571428573,-0.39999999999999997,0.42857142857142855,サンプル不足
v7,return_120d,120日モメンタム,業種,非鉄金属,5d,5営業日,6,-0.21666666666666667,-0.5,0.3333333333333333,サンプル不足
v7,return_120d,120日モメンタム,業種,非鉄金属,10d,10営業日,5,-0.27999999999999997,-0.5,0.2,サンプル不足
v7,return_120d,120日モメンタム,業種,食料品,1d,1営業日,22,0.15199800199800198,0.4928571428571429,0.6363636363636364,サンプル不足
v7,return_120d,120日モメンタム,業種,食料品,3d,3営業日,22,0.10704295704295702,0.15,0.5909090909090909,サンプル不足
v7,return_120d,120日モメンタム,業種,食料品,5d,5営業日,21,-0.013675213675213647,0.1032967032967033,0.5714285714285714,サンプル不足
v7,return_120d,120日モメンタム,業種,食料品,10d,10営業日,19,-0.06898014266435318,-0.09999999999999999,0.42105263157894735,サンプル不足
v7,distance_ma20,20日移動平均乖離,全体,全体,1d,1営業日,41,-0.057813619099726404,-0.03812781278127812,0.4146341463414634,評価可能
v7,distance_ma20,20日移動平均乖離,全体,全体,3d,3営業日,39,-0.09819927704742538,-0.11503150315031502,0.3076923076923077,評価可能
v7,distance_ma20,20日移動平均乖離,全体,全体,5d,5営業日,37,-0.1021734856439686,-0.1145034503450345,0.35135135135135137,評価可能
v7,distance_ma20,20日移動平均乖離,全体,全体,10d,10営業日,32,-0.1116102420087359,-0.11049504950495048,0.25,評価可能
v7,distance_ma20,20日移動平均乖離,業種,その他製品,1d,1営業日,13,0.07252747252747252,0.08571428571428573,0.5384615384615384,サンプル不足
v7,distance_ma20,20日移動平均乖離,業種,その他製品,3d,3営業日,12,-0.1214285714285714,-0.28571428571428575,0.3333333333333333,サンプル不足
v7,distance_ma20,20日移動平均乖離,業種,その他製品,5d,5営業日,10,-0.06142857142857142,-0.28571428571428575,0.3,サンプル不足
v7,distance_ma20,20日移動平均乖離,業種,その他製品,10d,10営業日,6,-0.4166666666666667,-0.6499999999999999,0.16666666666666666,サンプル不足
v7,distance_ma20,20日移動平均乖離,業種,その他金融業,1d,1営業日,2,0.25,0.25,0.5,サンプル不足
v7,distance_ma20,20日移動平均乖離,業種,その他金融業,3d,3営業日,2,-0.25,-0.25,0.5,サンプル不足
v7,distance_ma20,20日移動平均乖離,業種,その他金融業,5d,5営業日,2,-0.25,-0.25,0.5,サンプル不足
v7,distance_ma20,20日移動平均乖離,業種,その他金融業,10d,10営業日,2,-0.25,-0.25,0.5,サンプル不足
v7,distance_ma20,20日移動平均乖離,業種,ガラス・土石製品,1d,1営業日,2,-0.5,-0.5,0.0,サンプル不足
v7,distance_ma20,20日移動平均乖離,業種,ガラス・土石製品,3d,3営業日,2,-1.0,-1.0,0.0,サンプル不足
v7,distance_ma20,20日移動平均乖離,業種,ガラス・土石製品,5d,5営業日,2,-0.75,-0.75,0.0,サンプル不足
v7,distance_ma20,20日移動平均乖離,業種,ガラス・土石製品,10d,10営業日,2,-1.0,-1.0,0.0,サンプル不足
v7,distance_ma20,20日移動平均乖離,業種,ゴム製品,1d,1営業日,1,-0.7999999999999999,-0.7999999999999999,0.0,サンプル不足
v7,distance_ma20,20日移動平均乖離,業種,ゴム製品,3d,3営業日,1,-1.0,-1.0,0.0,サンプル不足
v7,distance_ma20,20日移動平均乖離,業種,ゴム製品,5d,5営業日,1,-0.7999999999999999,-0.7999999999999999,0.0,サンプル不足
v7,distance_ma20,20日移動平均乖離,業種,ゴム製品,10d,10営業日,0,,,,サンプル不足
v7,distance_ma20,20日移動平均乖離,業種,サービス業,1d,1営業日,41,-0.11434833005763652,-0.18881118881118883,0.36585365853658536,評価可能
v7,distance_ma20,20日移動平均乖離,業種,サービス業,3d,3営業日,39,-0.19822570591801358,-0.21428571428571433,0.2564102564102564,評価可能
v7,distance_ma20,20日移動平均乖離,業種,サービス業,5d,5営業日,37,-0.24688186001090115,-0.23076923076923078,0.1891891891891892,評価可能
v7,distance_ma20,20日移動平均乖離,業種,サービス業,10d,10営業日,32,-0.3229721407557625,-0.35,0.15625,評価可能
v7,distance_ma20,20日移動平均乖離,業種,パルプ・紙,1d,1営業日,0,,,,サンプル不足
v7,distance_ma20,20日移動平均乖離,業種,パルプ・紙,3d,3営業日,0,,,,サンプル不足
v7,distance_ma20,20日移動平均乖離,業種,パルプ・紙,5d,5営業日,0,,,,サンプル不足
v7,distance_ma20,20日移動平均乖離,業種,パルプ・紙,10d,10営業日,0,,,,サンプル不足
v7,distance_ma20,20日移動平均乖離,業種,不動産業,1d,1営業日,4,0.1965880712116123,0.3269483764063866,0.75,サンプル不足
v7,distance_ma20,20日移動平均乖離,業種,不動産業,3d,3営業日,4,0.22500000000000003,0.4,0.75,サンプル不足
v7,distance_ma20,20日移動平均乖離,業種,不動産業,5d,5営業日,4,0.02500000000000001,-2.7755575615628914e-17,0.5,サンプル不足
v7,distance_ma20,20日移動平均乖離,業種,不動産業,10d,10営業日,3,-0.1333333333333333,-0.5,0.3333333333333333,サンプル不足
v7,distance_ma20,20日移動平均乖離,業種,保険業,1d,1営業日,18,-0.12777777777777777,-0.39999999999999997,0.3888888888888889,サンプル不足
v7,distance_ma20,20日移動平均乖離,業種,保険業,3d,3営業日,18,-0.01666666666666667,-0.09999999999999999,0.4444444444444444,サンプル不足
v7,distance_ma20,20日移動平均乖離,業種,保険業,5d,5営業日,18,-0.03333333333333331,-0.19999999999999998,0.3888888888888889,サンプル不足
v7,distance_ma20,20日移動平均乖離,業種,保険業,10d,10営業日,18,-0.2444444444444444,-0.5,0.2777777777777778,サンプル不足
v7,distance_ma20,20日移動平均乖離,業種,倉庫・運輸関連業,1d,1営業日,1,-1.0,-1.0,0.0,サンプル不足
v7,distance_ma20,20日移動平均乖離,業種,倉庫・運輸関連業,3d,3営業日,1,-1.0,-1.0,0.0,サンプル不足
v7,distance_ma20,20日移動平均乖離,業種,倉庫・運輸関連業,5d,5営業日,1,1.0,1.0,1.0,サンプル不足
v7,distance_ma20,20日移動平均乖離,業種,倉庫・運輸関連業,10d,10営業日,1,0.5,0.5,1.0,サンプル不足
v7,distance_ma20,20日移動平均乖離,業種,化学,1d,1営業日,40,-0.11092636530136532,-0.08496503496503496,0.375,評価可能
v7,distance_ma20,20日移動平均乖離,業種,化学,3d,3営業日,39,-0.05936499398037856,-0.07692307692307693,0.38461538461538464,評価可能
v7,distance_ma20,20日移動平均乖離,業種,化学,5d,5営業日,37,0.013421263421263426,0.14285714285714288,0.5405405405405406,評価可能
v7,distance_ma20,20日移動平均乖離,業種,化学,10d,10営業日,32,0.018377455877455845,0.06904761904761905,0.53125,評価可能
v7,distance_ma20,20日移動平均乖離,業種,医薬品,1d,1営業日,3,-0.3333333333333333,-0.5,0.3333333333333333,サンプル不足
v7,distance_ma20,20日移動平均乖離,業種,医薬品,3d,3営業日,3,0.16666666666666666,0.5,0.6666666666666666,サンプル不足
v7,distance_ma20,20日移動平均乖離,業種,医薬品,5d,5営業日,3,0.3333333333333333,0.5,0.6666666666666666,サンプル不足
v7,distance_ma20,20日移動平均乖離,業種,医薬品,10d,10営業日,3,0.3333333333333333,0.5,0.6666666666666666,サンプル不足
v7,distance_ma20,20日移動平均乖離,業種,卸売業,1d,1営業日,37,-0.028698778698778665,0.04761904761904763,0.5135135135135135,評価可能
v7,distance_ma20,20日移動平均乖離,業種,卸売業,3d,3営業日,36,-0.14052752802752802,-0.19999999999999998,0.3055555555555556,評価可能
v7,distance_ma20,20日移動平均乖離,業種,卸売業,5d,5営業日,34,-0.07598626863332748,-0.09999999999999999,0.4117647058823529,評価可能
v7,distance_ma20,20日移動平均乖離,業種,卸売業,10d,10営業日,29,0.024712643678160923,0.0,0.4827586206896552,サンプル不足
v7,distance_ma20,20日移動平均乖離,業種,小売業,1d,1営業日,34,-0.08846876883209064,-0.08333333333333334,0.4411764705882353,評価可能
v7,distance_ma20,20日移動平均乖離,業種,小売業,3d,3営業日,32,0.029865523569567676,0.04345238095238096,0.53125,評価可能
v7,distance_ma20,20日移動平均乖離,業種,小売業,5d,5営業日,31,0.04597944749747406,0.07142857142857144,0.5483870967741935,評価可能
v7,distance_ma20,20日移動平均乖離,業種,小売業,10d,10営業日,27,0.07477466251976057,0.13928571428571426,0.6296296296296297,サンプル不足
v7,distance_ma20,20日移動平均乖離,業種,建設業,1d,1営業日,7,-0.2285714285714286,-0.5,0.2857142857142857,サンプル不足
v7,distance_ma20,20日移動平均乖離,業種,建設業,3d,3営業日,7,-0.21428571428571427,-0.5,0.2857142857142857,サンプル不足
v7,distance_ma20,20日移動平均乖離,業種,建設業,5d,5営業日,7,-0.42857142857142855,-0.5,0.14285714285714285,サンプル不足
v7,distance_ma20,20日移動平均乖離,業種,建設業,10d,10営業日,6,-0.4166666666666667,-0.5,0.16666666666666666,サンプル不足
v7,distance_ma20,20日移動平均乖離,業種,情報・通信業,1d,1営業日,41,0.004867040118495266,0.0196078431372549,0.5121951219512195,評価可能
v7,distance_ma20,20日移動平均乖離,業種,情報・通信業,3d,3営業日,39,-0.014475714856409833,-0.049999999999999996,0.46153846153846156,評価可能
v7,distance_ma20,20日移動平均乖離,業種,情報・通信業,5d,5営業日,37,-0.015784284971921077,-0.06813186813186813,0.43243243243243246,評価可能
v7,distance_ma20,20日移動平均乖離,業種,情報・通信業,10d,10営業日,32,0.047496396572542274,-0.04828323850062981,0.46875,評価可能
v7,distance_ma20,20日移動平均乖離,業種,機械,1d,1営業日,31,-0.03139065235839427,0.028571428571428574,0.5161290322580645,評価可能
v7,distance_ma20,20日移動平均乖離,業種,機械,3d,3営業日,29,0.05537422347767173,0.09999999999999999,0.5172413793103449,サンプル不足
v7,distance_ma20,20日移動平均乖離,業種,機械,5d,5営業日,27,-0.05483837150503817,0.0,0.4444444444444444,サンプル不足
v7,distance_ma20,20日移動平均乖離,業種,機械,10d,10営業日,22,-0.10868676777767683,-0.01950549450549452,0.5,サンプル不足
v7,distance_ma20,20日移動平均乖離,業種,海運業,1d,1営業日,2,1.0,1.0,1.0,サンプル不足
v7,distance_ma20,20日移動平均乖離,業種,海運業,3d,3営業日,2,0.75,0.75,1.0,サンプル不足
v7,distance_ma20,20日移動平均乖離,業種,海運業,5d,5営業日,2,0.0,0.0,0.5,サンプル不足
v7,distance_ma20,20日移動平均乖離,業種,海運業,10d,10営業日,1,1.0,1.0,1.0,サンプル不足
v7,distance_ma20,20日移動平均乖離,業種,石油・石炭製品,1d,1営業日,0,,,,サンプル不足
v7,distance_ma20,20日移動平均乖離,業種,石油・石炭製品,3d,3営業日,0,,,,サンプル不足
v7,distance_ma20,20日移動平均乖離,業種,石油・石炭製品,5d,5営業日,0,,,,サンプル不足
v7,distance_ma20,20日移動平均乖離,業種,石油・石炭製品,10d,10営業日,0,,,,サンプル不足
v7,distance_ma20,20日移動平均乖離,業種,空運業,1d,1営業日,0,,,,サンプル不足
v7,distance_ma20,20日移動平均乖離,業種,空運業,3d,3営業日,0,,,,サンプル不足
v7,distance_ma20,20日移動平均乖離,業種,空運業,5d,5営業日,0,,,,サンプル不足
v7,distance_ma20,20日移動平均乖離,業種,空運業,10d,10営業日,0,,,,サンプル不足
v7,distance_ma20,20日移動平均乖離,業種,精密機器,1d,1営業日,16,-0.0642857142857143,-0.16428571428571428,0.4375,サンプル不足
v7,distance_ma20,20日移動平均乖離,業種,精密機器,3d,3営業日,14,-0.05714285714285714,0.04999999999999999,0.5,サンプル不足
v7,distance_ma20,20日移動平均乖離,業種,精密機器,5d,5営業日,12,0.10833333333333334,0.1,0.5,サンプル不足
v7,distance_ma20,20日移動平均乖離,業種,精密機器,10d,10営業日,10,0.12999999999999998,0.5,0.6,サンプル不足
v7,distance_ma20,20日移動平均乖離,業種,繊維製品,1d,1営業日,0,,,,サンプル不足
v7,distance_ma20,20日移動平均乖離,業種,繊維製品,3d,3営業日,0,,,,サンプル不足
v7,distance_ma20,20日移動平均乖離,業種,繊維製品,5d,5営業日,0,,,,サンプル不足
v7,distance_ma20,20日移動平均乖離,業種,繊維製品,10d,10営業日,0,,,,サンプル不足
v7,distance_ma20,20日移動平均乖離,業種,証券、商品先物取引業,1d,1営業日,17,0.11092436974789914,0.39999999999999997,0.5882352941176471,サンプル不足
v7,distance_ma20,20日移動平均乖離,業種,証券、商品先物取引業,3d,3営業日,17,0.09075630252100841,0.14285714285714288,0.5294117647058824,サンプル不足
v7,distance_ma20,20日移動平均乖離,業種,証券、商品先物取引業,5d,5営業日,17,0.04789915966386554,0.21428571428571433,0.5294117647058824,サンプル不足
v7,distance_ma20,20日移動平均乖離,業種,証券、商品先物取引業,10d,10営業日,17,-0.08277310924369748,-0.39999999999999997,0.4117647058823529,サンプル不足
v7,distance_ma20,20日移動平均乖離,業種,輸送用機器,1d,1営業日,25,0.006095238095238114,0.19999999999999998,0.52,サンプル不足
v7,distance_ma20,20日移動平均乖離,業種,輸送用機器,3d,3営業日,25,-0.1201904761904762,-0.3714285714285715,0.36,サンプル不足
v7,distance_ma20,20日移動平均乖離,業種,輸送用機器,5d,5営業日,25,-0.1220952380952381,-0.19999999999999998,0.4,サンプル不足
v7,distance_ma20,20日移動平均乖離,業種,輸送用機器,10d,10営業日,21,-0.3018140589569161,-0.39999999999999997,0.19047619047619047,サンプル不足
v7,distance_ma20,20日移動平均乖離,業種,金属製品,1d,1営業日,16,-0.024999999999999994,-0.17142857142857143,0.4375,サンプル不足
v7,distance_ma20,20日移動平均乖離,業種,金属製品,3d,3営業日,16,0.01875,0.05714285714285715,0.5625,サンプル不足
v7,distance_ma20,20日移動平均乖離,業種,金属製品,5d,5営業日,15,0.00126984126984128,0.08571428571428573,0.5333333333333333,サンプル不足
v7,distance_ma20,20日移動平均乖離,業種,金属製品,10d,10営業日,15,-0.4117460317460317,-0.5,0.2,サンプル不足
v7,distance_ma20,20日移動平均乖離,業種,鉄鋼,1d,1営業日,7,-0.5571428571428572,-0.7999999999999999,0.14285714285714285,サンプル不足
v7,distance_ma20,20日移動平均乖離,業種,鉄鋼,3d,3営業日,6,-0.24999999999999997,-0.5,0.16666666666666666,サンプル不足
v7,distance_ma20,20日移動平均乖離,業種,鉄鋼,5d,5営業日,6,-0.15,-0.35,0.3333333333333333,サンプル不足
v7,distance_ma20,20日移動平均乖離,業種,鉄鋼,10d,10営業日,2,0.0,0.0,0.5,サンプル不足
v7,distance_ma20,20日移動平均乖離,業種,鉱業,1d,1営業日,0,,,,サンプル不足
v7,distance_ma20,20日移動平均乖離,業種,鉱業,3d,3営業日,0,,,,サンプル不足
v7,distance_ma20,20日移動平均乖離,業種,鉱業,5d,5営業日,0,,,,サンプル不足
v7,distance_ma20,20日移動平均乖離,業種,鉱業,10d,10営業日,0,,,,サンプル不足
v7,distance_ma20,20日移動平均乖離,業種,銀行業,1d,1営業日,38,0.16527375861266966,0.2285714285714286,0.6052631578947368,評価可能
v7,distance_ma20,20日移動平均乖離,業種,銀行業,3d,3営業日,36,0.056485210870802556,0.05,0.5277777777777778,評価可能
v7,distance_ma20,20日移動平均乖離,業種,銀行業,5d,5営業日,34,-0.03722930472065421,0.0,0.47058823529411764,評価可能
v7,distance_ma20,20日移動平均乖離,業種,銀行業,10d,10営業日,31,-0.05802901083735997,0.0,0.4838709677419355,評価可能
v7,distance_ma20,20日移動平均乖離,業種,陸運業,1d,1営業日,1,-1.0,-1.0,0.0,サンプル不足
v7,distance_ma20,20日移動平均乖離,業種,陸運業,3d,3営業日,1,-1.0,-1.0,0.0,サンプル不足
v7,distance_ma20,20日移動平均乖離,業種,陸運業,5d,5営業日,1,-0.5,-0.5,0.0,サンプル不足
v7,distance_ma20,20日移動平均乖離,業種,陸運業,10d,10営業日,0,,,,サンプル不足
v7,distance_ma20,20日移動平均乖離,業種,電気・ガス業,1d,1営業日,1,0.5,0.5,1.0,サンプル不足
v7,distance_ma20,20日移動平均乖離,業種,電気・ガス業,3d,3営業日,1,0.5,0.5,1.0,サンプル不足
v7,distance_ma20,20日移動平均乖離,業種,電気・ガス業,5d,5営業日,1,0.5,0.5,1.0,サンプル不足
v7,distance_ma20,20日移動平均乖離,業種,電気・ガス業,10d,10営業日,1,0.5,0.5,1.0,サンプル不足
v7,distance_ma20,20日移動平均乖離,業種,電気機器,1d,1営業日,41,-0.04166195620638431,0.04820512820512819,0.5121951219512195,評価可能
v7,distance_ma20,20日移動平均乖離,業種,電気機器,3d,3営業日,39,-0.07071690161170419,-0.050434782608695654,0.4358974358974359,評価可能
v7,distance_ma20,20日移動平均乖離,業種,電気機器,5d,5営業日,37,-0.10875079003734305,-0.07142857142857142,0.43243243243243246,評価可能
v7,distance_ma20,20日移動平均乖離,業種,電気機器,10d,10営業日,32,-0.15589065279884562,-0.152505858836504,0.375,評価可能
v7,distance_ma20,20日移動平均乖離,業種,非鉄金属,1d,1営業日,7,-0.1571428571428571,-0.19999999999999998,0.42857142857142855,サンプル不足
v7,distance_ma20,20日移動平均乖離,業種,非鉄金属,3d,3営業日,7,0.21428571428571427,0.39999999999999997,0.7142857142857143,サンプル不足
v7,distance_ma20,20日移動平均乖離,業種,非鉄金属,5d,5営業日,6,-0.016666666666666646,-0.3,0.3333333333333333,サンプル不足
v7,distance_ma20,20日移動平均乖離,業種,非鉄金属,10d,10営業日,5,0.42000000000000004,0.7999999999999999,0.6,サンプル不足
v7,distance_ma20,20日移動平均乖離,業種,食料品,1d,1営業日,22,-0.06160506160506161,-0.09523809523809526,0.4090909090909091,サンプル不足
v7,distance_ma20,20日移動平均乖離,業種,食料品,3d,3営業日,22,-0.20298035298035294,-0.38516483516483513,0.4090909090909091,サンプル不足
v7,distance_ma20,20日移動平均乖離,業種,食料品,5d,5営業日,21,-0.20437816152101865,-0.3,0.2857142857142857,サンプル不足
v7,distance_ma20,20日移動平均乖離,業種,食料品,10d,10営業日,19,-0.1336996336996337,-0.23076923076923075,0.42105263157894735,サンプル不足
v7,distance_ma60,60日移動平均乖離,全体,全体,1d,1営業日,41,-0.02452834247125543,0.0045365897587103625,0.5121951219512195,評価可能
v7,distance_ma60,60日移動平均乖離,全体,全体,3d,3営業日,39,-0.09431086654620702,-0.08525652565256525,0.28205128205128205,評価可能
v7,distance_ma60,60日移動平均乖離,全体,全体,5d,5営業日,37,-0.13366750297860902,-0.08493249324932492,0.1891891891891892,評価可能
v7,distance_ma60,60日移動平均乖離,全体,全体,10d,10営業日,32,-0.23398916048985757,-0.2604320432043204,0.125,評価可能
v7,distance_ma60,60日移動平均乖離,業種,その他製品,1d,1営業日,13,0.2076923076923077,0.19999999999999998,0.6153846153846154,サンプル不足
v7,distance_ma60,60日移動平均乖離,業種,その他製品,3d,3営業日,12,-0.041666666666666664,-0.38571428571428573,0.4166666666666667,サンプル不足
v7,distance_ma60,60日移動平均乖離,業種,その他製品,5d,5営業日,10,0.17142857142857143,0.35,0.6,サンプル不足
v7,distance_ma60,60日移動平均乖離,業種,その他製品,10d,10営業日,6,0.06666666666666665,0.35,0.6666666666666666,サンプル不足
v7,distance_ma60,60日移動平均乖離,業種,その他金融業,1d,1営業日,2,0.25,0.25,0.5,サンプル不足
v7,distance_ma60,60日移動平均乖離,業種,その他金融業,3d,3営業日,2,-0.25,-0.25,0.5,サンプル不足
v7,distance_ma60,60日移動平均乖離,業種,その他金融業,5d,5営業日,2,-0.25,-0.25,0.5,サンプル不足
v7,distance_ma60,60日移動平均乖離,業種,その他金融業,10d,10営業日,2,-0.25,-0.25,0.5,サンプル不足
v7,distance_ma60,60日移動平均乖離,業種,ガラス・土石製品,1d,1営業日,2,-0.75,-0.75,0.0,サンプル不足
v7,distance_ma60,60日移動平均乖離,業種,ガラス・土石製品,3d,3営業日,2,-0.75,-0.75,0.0,サンプル不足
v7,distance_ma60,60日移動平均乖離,業種,ガラス・土石製品,5d,5営業日,2,-0.25,-0.25,0.5,サンプル不足
v7,distance_ma60,60日移動平均乖離,業種,ガラス・土石製品,10d,10営業日,2,-0.75,-0.75,0.0,サンプル不足
v7,distance_ma60,60日移動平均乖離,業種,ゴム製品,1d,1営業日,1,-0.39999999999999997,-0.39999999999999997,0.0,サンプル不足
v7,distance_ma60,60日移動平均乖離,業種,ゴム製品,3d,3営業日,1,-0.7999999999999999,-0.7999999999999999,0.0,サンプル不足
v7,distance_ma60,60日移動平均乖離,業種,ゴム製品,5d,5営業日,1,-0.6000000000000001,-0.6000000000000001,0.0,サンプル不足
v7,distance_ma60,60日移動平均乖離,業種,ゴム製品,10d,10営業日,0,,,,サンプル不足
v7,distance_ma60,60日移動平均乖離,業種,サービス業,1d,1営業日,41,-0.03264186404657234,0.0,0.4878048780487805,評価可能
v7,distance_ma60,60日移動平均乖離,業種,サービス業,3d,3営業日,39,-0.03457610765303073,-0.18181818181818182,0.358974358974359,評価可能
v7,distance_ma60,60日移動平均乖離,業種,サービス業,5d,5営業日,37,-0.032828565761795915,-0.027972027972027972,0.43243243243243246,評価可能
v7,distance_ma60,60日移動平均乖離,業種,サービス業,10d,10営業日,32,-0.0737657733011566,-0.0905094905094905,0.46875,評価可能
v7,distance_ma60,60日移動平均乖離,業種,パルプ・紙,1d,1営業日,0,,,,サンプル不足
v7,distance_ma60,60日移動平均乖離,業種,パルプ・紙,3d,3営業日,0,,,,サンプル不足
v7,distance_ma60,60日移動平均乖離,業種,パルプ・紙,5d,5営業日,0,,,,サンプル不足
v7,distance_ma60,60日移動平均乖離,業種,パルプ・紙,10d,10営業日,0,,,,サンプル不足
v7,distance_ma60,60日移動平均乖離,業種,不動産業,1d,1営業日,4,0.2777580238999518,0.408113883008419,0.75,サンプル不足
v7,distance_ma60,60日移動平均乖離,業種,不動産業,3d,3営業日,4,0.425,0.5,0.75,サンプル不足
v7,distance_ma60,60日移動平均乖離,業種,不動産業,5d,5営業日,4,0.09999999999999999,0.19999999999999998,0.5,サンプル不足
v7,distance_ma60,60日移動平均乖離,業種,不動産業,10d,10営業日,3,0.0,0.0,0.3333333333333333,サンプル不足
v7,distance_ma60,60日移動平均乖離,業種,保険業,1d,1営業日,18,-0.23888888888888893,-0.39999999999999997,0.2222222222222222,サンプル不足
v7,distance_ma60,60日移動平均乖離,業種,保険業,3d,3営業日,18,-0.3333333333333333,-0.5,0.2222222222222222,サンプル不足
v7,distance_ma60,60日移動平均乖離,業種,保険業,5d,5営業日,18,-0.27222222222222225,-0.5,0.2777777777777778,サンプル不足
v7,distance_ma60,60日移動平均乖離,業種,保険業,10d,10営業日,18,-0.1777777777777778,-0.5,0.3888888888888889,サンプル不足
v7,distance_ma60,60日移動平均乖離,業種,倉庫・運輸関連業,1d,1営業日,1,-1.0,-1.0,0.0,サンプル不足
v7,distance_ma60,60日移動平均乖離,業種,倉庫・運輸関連業,3d,3営業日,1,-1.0,-1.0,0.0,サンプル不足
v7,distance_ma60,60日移動平均乖離,業種,倉庫・運輸関連業,5d,5営業日,1,1.0,1.0,1.0,サンプル不足
v7,distance_ma60,60日移動平均乖離,業種,倉庫・運輸関連業,10d,10営業日,1,0.5,0.5,1.0,サンプル不足
v7,distance_ma60,60日移動平均乖離,業種,化学,1d,1営業日,40,-0.059498626373626406,0.004545454545454546,0.5,評価可能
v7,distance_ma60,60日移動平均乖離,業種,化学,3d,3営業日,39,-0.04372806680498988,-0.07272727272727274,0.46153846153846156,評価可能
v7,distance_ma60,60日移動平均乖離,業種,化学,5d,5営業日,37,0.05772155772155772,0.09999999999999999,0.5675675675675675,評価可能
v7,distance_ma60,60日移動平均乖離,業種,化学,10d,10営業日,32,-0.06783268814518817,-0.12142857142857144,0.4375,評価可能
v7,distance_ma60,60日移動平均乖離,業種,医薬品,1d,1営業日,3,0.16666666666666666,0.5,0.6666666666666666,サンプル不足
v7,distance_ma60,60日移動平均乖離,業種,医薬品,3d,3営業日,3,-0.3333333333333333,-0.5,0.3333333333333333,サンプル不足
v7,distance_ma60,60日移動平均乖離,業種,医薬品,5d,5営業日,3,-0.16666666666666666,-0.5,0.3333333333333333,サンプル不足
v7,distance_ma60,60日移動平均乖離,業種,医薬品,10d,10営業日,3,-0.16666666666666666,-0.5,0.3333333333333333,サンプル不足
v7,distance_ma60,60日移動平均乖離,業種,卸売業,1d,1営業日,37,0.07761292761292762,0.0,0.4864864864864865,評価可能
v7,distance_ma60,60日移動平均乖離,業種,卸売業,3d,3営業日,36,0.03536833536833539,0.09999999999999999,0.5555555555555556,評価可能
v7,distance_ma60,60日移動平均乖離,業種,卸売業,5d,5営業日,34,0.0033505709976298387,0.04225774225774226,0.5294117647058824,評価可能
v7,distance_ma60,60日移動平均乖離,業種,卸売業,10d,10営業日,29,0.07085385878489328,0.09999999999999999,0.5517241379310345,サンプル不足
v7,distance_ma60,60日移動平均乖離,業種,小売業,1d,1営業日,34,-0.02918539073383364,0.049999999999999996,0.5,評価可能
v7,distance_ma60,60日移動平均乖離,業種,小売業,3d,3営業日,32,-0.00030771924154276986,0.0,0.4375,評価可能
v7,distance_ma60,60日移動平均乖離,業種,小売業,5d,5営業日,31,-0.04527062121938781,-0.03571428571428572,0.45161290322580644,評価可能
v7,distance_ma60,60日移動平均乖離,業種,小売業,10d,10営業日,27,-0.12643667153471075,-0.19999999999999998,0.4074074074074074,サンプル不足
v7,distance_ma60,60日移動平均乖離,業種,建設業,1d,1営業日,7,-0.5571428571428572,-1.0,0.14285714285714285,サンプル不足
v7,distance_ma60,60日移動平均乖離,業種,建設業,3d,3営業日,7,-0.17142857142857146,-0.5,0.2857142857142857,サンプル不足
v7,distance_ma60,60日移動平均乖離,業種,建設業,5d,5営業日,7,-0.5285714285714286,-0.5,0.14285714285714285,サンプル不足
v7,distance_ma60,60日移動平均乖離,業種,建設業,10d,10営業日,6,-0.3666666666666667,-0.5,0.16666666666666666,サンプル不足
v7,distance_ma60,60日移動平均乖離,業種,情報・通信業,1d,1営業日,41,-0.07332429790445229,-0.1043956043956044,0.34146341463414637,評価可能
v7,distance_ma60,60日移動平均乖離,業種,情報・通信業,3d,3営業日,39,-0.14262038281195943,-0.1328671328671329,0.3076923076923077,評価可能
v7,distance_ma60,60日移動平均乖離,業種,情報・通信業,5d,5営業日,37,-0.1863353126192993,-0.14285714285714285,0.2972972972972973,評価可能
v7,distance_ma60,60日移動平均乖離,業種,情報・通信業,10d,10営業日,32,-0.2273972108912236,-0.21098901098901102,0.21875,評価可能
v7,distance_ma60,60日移動平均乖離,業種,機械,1d,1営業日,31,-0.08309593632174281,-0.12727272727272726,0.41935483870967744,評価可能
v7,distance_ma60,60日移動平均乖離,業種,機械,3d,3営業日,29,0.11098039891143338,0.18787878787878787,0.5517241379310345,サンプル不足
v7,distance_ma60,60日移動平均乖離,業種,機械,5d,5営業日,27,-0.05506253006253006,0.0,0.48148148148148145,サンプル不足
v7,distance_ma60,60日移動平均乖離,業種,機械,10d,10営業日,22,-0.35689499894045346,-0.5015151515151515,0.22727272727272727,サンプル不足
v7,distance_ma60,60日移動平均乖離,業種,海運業,1d,1営業日,2,0.75,0.75,1.0,サンプル不足
v7,distance_ma60,60日移動平均乖離,業種,海運業,3d,3営業日,2,0.25,0.25,0.5,サンプル不足
v7,distance_ma60,60日移動平均乖離,業種,海運業,5d,5営業日,2,-0.25,-0.25,0.5,サンプル不足
v7,distance_ma60,60日移動平均乖離,業種,海運業,10d,10営業日,1,1.0,1.0,1.0,サンプル不足
v7,distance_ma60,60日移動平均乖離,業種,石油・石炭製品,1d,1営業日,0,,,,サンプル不足
v7,distance_ma60,60日移動平均乖離,業種,石油・石炭製品,3d,3営業日,0,,,,サンプル不足
v7,distance_ma60,60日移動平均乖離,業種,石油・石炭製品,5d,5営業日,0,,,,サンプル不足
v7,distance_ma60,60日移動平均乖離,業種,石油・石炭製品,10d,10営業日,0,,,,サンプル不足
v7,distance_ma60,60日移動平均乖離,業種,空運業,1d,1営業日,0,,,,サンプル不足
v7,distance_ma60,60日移動平均乖離,業種,空運業,3d,3営業日,0,,,,サンプル不足
v7,distance_ma60,60日移動平均乖離,業種,空運業,5d,5営業日,0,,,,サンプル不足
v7,distance_ma60,60日移動平均乖離,業種,空運業,10d,10営業日,0,,,,サンプル不足
v7,distance_ma60,60日移動平均乖離,業種,精密機器,1d,1営業日,16,-0.15535714285714286,-0.4928571428571429,0.3125,サンプル不足
v7,distance_ma60,60日移動平均乖離,業種,精密機器,3d,3営業日,14,-0.021428571428571425,0.05,0.5,サンプル不足
v7,distance_ma60,60日移動平均乖離,業種,精密機器,5d,5営業日,12,0.10000000000000002,0.35,0.5833333333333334,サンプル不足
v7,distance_ma60,60日移動平均乖離,業種,精密機器,10d,10営業日,10,0.19,0.5,0.7,サンプル不足
v7,distance_ma60,60日移動平均乖離,業種,繊維製品,1d,1営業日,0,,,,サンプル不足
v7,distance_ma60,60日移動平均乖離,業種,繊維製品,3d,3営業日,0,,,,サンプル不足
v7,distance_ma60,60日移動平均乖離,業種,繊維製品,5d,5営業日,0,,,,サンプル不足
v7,distance_ma60,60日移動平均乖離,業種,繊維製品,10d,10営業日,0,,,,サンプル不足
v7,distance_ma60,60日移動平均乖離,業種,証券、商品先物取引業,1d,1営業日,17,-0.02268907563025208,0.19999999999999998,0.5294117647058824,サンプル不足
v7,distance_ma60,60日移動平均乖離,業種,証券、商品先物取引業,3d,3営業日,17,-0.05168067226890757,-0.1785714285714286,0.47058823529411764,サンプル不足
v7,distance_ma60,60日移動平均乖離,業種,証券、商品先物取引業,5d,5営業日,17,-0.012605042016806704,0.39999999999999997,0.5882352941176471,サンプル不足
v7,distance_ma60,60日移動平均乖離,業種,証券、商品先物取引業,10d,10営業日,17,-0.1453781512605042,-0.5,0.29411764705882354,サンプル不足
v7,distance_ma60,60日移動平均乖離,業種,輸送用機器,1d,1営業日,25,-0.038666666666666655,0.028571428571428574,0.56,サンプル不足
v7,distance_ma60,60日移動平均乖離,業種,輸送用機器,3d,3営業日,25,-0.05961904761904762,-0.023809523809523815,0.44,サンプル不足
v7,distance_ma60,60日移動平均乖離,業種,輸送用機器,5d,5営業日,25,-0.06952380952380953,0.0,0.48,サンプル不足
v7,distance_ma60,60日移動平均乖離,業種,輸送用機器,10d,10営業日,21,-0.24784580498866213,-0.3142857142857143,0.3333333333333333,サンプル不足
v7,distance_ma60,60日移動平均乖離,業種,金属製品,1d,1営業日,16,0.04880952380952383,0.09761904761904765,0.5625,サンプル不足
v7,distance_ma60,60日移動平均乖離,業種,金属製品,3d,3営業日,16,-0.061904761904761886,0.03571428571428571,0.5,サンプル不足
v7,distance_ma60,60日移動平均乖離,業種,金属製品,5d,5営業日,15,-0.008888888888888901,0.09523809523809526,0.5333333333333333,サンプル不足
v7,distance_ma60,60日移動平均乖離,業種,金属製品,10d,10営業日,15,-0.31333333333333335,-0.5,0.3333333333333333,サンプル不足
v7,distance_ma60,60日移動平均乖離,業種,鉄鋼,1d,1営業日,7,-0.3714285714285714,-0.8999999999999998,0.2857142857142857,サンプル不足
v7,distance_ma60,60日移動平均乖離,業種,鉄鋼,3d,3営業日,6,-0.06666666666666667,-0.5,0.3333333333333333,サンプル不足
v7,distance_ma60,60日移動平均乖離,業種,鉄鋼,5d,5営業日,6,-0.08333333333333333,-0.4,0.3333333333333333,サンプル不足
v7,distance_ma60,60日移動平均乖離,業種,鉄鋼,10d,10営業日,2,0.0,0.0,0.5,サンプル不足
v7,distance_ma60,60日移動平均乖離,業種,鉱業,1d,1営業日,0,,,,サンプル不足
v7,distance_ma60,60日移動平均乖離,業種,鉱業,3d,3営業日,0,,,,サンプル不足
v7,distance_ma60,60日移動平均乖離,業種,鉱業,5d,5営業日,0,,,,サンプル不足
v7,distance_ma60,60日移動平均乖離,業種,鉱業,10d,10営業日,0,,,,サンプル不足
v7,distance_ma60,60日移動平均乖離,業種,銀行業,1d,1営業日,38,0.18885048771477053,0.2403846153846154,0.6052631578947368,評価可能
v7,distance_ma60,60日移動平均乖離,業種,銀行業,3d,3営業日,36,0.03581407218730578,-0.1142857142857143,0.4444444444444444,評価可能
v7,distance_ma60,60日移動平均乖離,業種,銀行業,5d,5営業日,34,-0.07688254075797328,-0.10543956043956046,0.4117647058823529,評価可能
v7,distance_ma60,60日移動平均乖離,業種,銀行業,10d,10営業日,31,-0.10250626034307248,-0.14285714285714288,0.3870967741935484,評価可能
v7,distance_ma60,60日移動平均乖離,業種,陸運業,1d,1営業日,1,-1.0,-1.0,0.0,サンプル不足
v7,distance_ma60,60日移動平均乖離,業種,陸運業,3d,3営業日,1,-1.0,-1.0,0.0,サンプル不足
v7,distance_ma60,60日移動平均乖離,業種,陸運業,5d,5営業日,1,-0.5,-0.5,0.0,サンプル不足
v7,distance_ma60,60日移動平均乖離,業種,陸運業,10d,10営業日,0,,,,サンプル不足
v7,distance_ma60,60日移動平均乖離,業種,電気・ガス業,1d,1営業日,1,0.5,0.5,1.0,サンプル不足
v7,distance_ma60,60日移動平均乖離,業種,電気・ガス業,3d,3営業日,1,0.5,0.5,1.0,サンプル不足
v7,distance_ma60,60日移動平均乖離,業種,電気・ガス業,5d,5営業日,1,0.5,0.5,1.0,サンプル不足
v7,distance_ma60,60日移動平均乖離,業種,電気・ガス業,10d,10営業日,1,0.5,0.5,1.0,サンプル不足
v7,distance_ma60,60日移動平均乖離,業種,電気機器,1d,1営業日,41,-0.08637988699348924,-0.028571428571428574,0.4634146341463415,評価可能
v7,distance_ma60,60日移動平均乖離,業種,電気機器,3d,3営業日,39,-0.16269181462968219,-0.1868131868131868,0.3333333333333333,評価可能
v7,distance_ma60,60日移動平均乖離,業種,電気機器,5d,5営業日,37,-0.2786423646307358,-0.2727272727272727,0.1891891891891892,評価可能
v7,distance_ma60,60日移動平均乖離,業種,電気機器,10d,10営業日,32,-0.34674846689170824,-0.39671504965622606,0.15625,評価可能
v7,distance_ma60,60日移動平均乖離,業種,非鉄金属,1d,1営業日,7,-0.6714285714285714,-0.5,0.0,サンプル不足
v7,distance_ma60,60日移動平均乖離,業種,非鉄金属,3d,3営業日,7,-0.3714285714285714,-0.5,0.2857142857142857,サンプル不足
v7,distance_ma60,60日移動平均乖離,業種,非鉄金属,5d,5営業日,6,-0.43333333333333335,-0.5,0.16666666666666666,サンプル不足
v7,distance_ma60,60日移動平均乖離,業種,非鉄金属,10d,10営業日,5,-0.29999999999999993,-0.5,0.4,サンプル不足
v7,distance_ma60,60日移動平均乖離,業種,食料品,1d,1営業日,22,-0.07144522144522149,-0.14285714285714285,0.4090909090909091,サンプル不足
v7,distance_ma60,60日移動平均乖離,業種,食料品,3d,3営業日,22,-0.25589410589410594,-0.48626373626373626,0.2727272727272727,サンプル不足
v7,distance_ma60,60日移動平均乖離,業種,食料品,5d,5営業日,21,-0.24564800279085985,-0.39999999999999997,0.2857142857142857,サンプル不足
v7,distance_ma60,60日移動平均乖離,業種,食料品,10d,10営業日,19,-0.41093117408906876,-0.5,0.21052631578947367,サンプル不足
v7,avg_turnover_20d,20日平均売買代金,全体,全体,1d,1営業日,41,-0.014881650254289485,-0.011431177411324812,0.4634146341463415,評価可能
v7,avg_turnover_20d,20日平均売買代金,全体,全体,3d,3営業日,39,0.003805261836004029,-0.04222022202220221,0.4358974358974359,評価可能
v7,avg_turnover_20d,20日平均売買代金,全体,全体,5d,5営業日,37,0.013488744053983322,0.06309030903090308,0.5675675675675675,評価可能
v7,avg_turnover_20d,20日平均売買代金,全体,全体,10d,10営業日,32,-0.031440118144691394,-0.057887880759687,0.34375,評価可能
v7,avg_turnover_20d,20日平均売買代金,業種,その他製品,1d,1営業日,13,0.10769230769230768,0.19999999999999998,0.6153846153846154,サンプル不足
v7,avg_turnover_20d,20日平均売買代金,業種,その他製品,3d,3営業日,12,0.4154761904761904,0.5,0.75,サンプル不足
v7,avg_turnover_20d,20日平均売買代金,業種,その他製品,5d,5営業日,10,0.2785714285714286,0.5,0.6,サンプル不足
v7,avg_turnover_20d,20日平均売買代金,業種,その他製品,10d,10営業日,6,0.28333333333333327,0.44999999999999996,0.6666666666666666,サンプル不足
v7,avg_turnover_20d,20日平均売買代金,業種,その他金融業,1d,1営業日,2,-0.75,-0.75,0.0,サンプル不足
v7,avg_turnover_20d,20日平均売買代金,業種,その他金融業,3d,3営業日,2,0.0,0.0,0.5,サンプル不足
v7,avg_turnover_20d,20日平均売買代金,業種,その他金融業,5d,5営業日,2,0.0,0.0,0.5,サンプル不足
v7,avg_turnover_20d,20日平均売買代金,業種,その他金融業,10d,10営業日,2,0.0,0.0,0.5,サンプル不足
v7,avg_turnover_20d,20日平均売買代金,業種,ガラス・土石製品,1d,1営業日,2,-0.5,-0.5,0.0,サンプル不足
v7,avg_turnover_20d,20日平均売買代金,業種,ガラス・土石製品,3d,3営業日,2,-0.25,-0.25,0.5,サンプル不足
v7,avg_turnover_20d,20日平均売買代金,業種,ガラス・土石製品,5d,5営業日,2,0.0,0.0,0.5,サンプル不足
v7,avg_turnover_20d,20日平均売買代金,業種,ガラス・土石製品,10d,10営業日,2,-0.25,-0.25,0.5,サンプル不足
v7,avg_turnover_20d,20日平均売買代金,業種,ゴム製品,1d,1営業日,1,0.0,0.0,0.0,サンプル不足
v7,avg_turnover_20d,20日平均売買代金,業種,ゴム製品,3d,3営業日,1,-0.6000000000000001,-0.6000000000000001,0.0,サンプル不足
v7,avg_turnover_20d,20日平均売買代金,業種,ゴム製品,5d,5営業日,1,-0.7999999999999999,-0.7999999999999999,0.0,サンプル不足
v7,avg_turnover_20d,20日平均売買代金,業種,ゴム製品,10d,10営業日,0,,,,サンプル不足
v7,avg_turnover_20d,20日平均売買代金,業種,サービス業,1d,1営業日,41,0.01543592319570786,0.12727272727272726,0.6097560975609756,評価可能
v7,avg_turnover_20d,20日平均売買代金,業種,サービス業,3d,3営業日,39,0.158877020415482,0.22424242424242422,0.6666666666666666,評価可能
v7,avg_turnover_20d,20日平均売買代金,業種,サービス業,5d,5営業日,37,0.2737685361711225,0.3142857142857143,0.7567567567567568,評価可能
v7,avg_turnover_20d,20日平均売買代金,業種,サービス業,10d,10営業日,32,0.29625184644955505,0.3571428571428572,0.875,評価可能
v7,avg_turnover_20d,20日平均売買代金,業種,パルプ・紙,1d,1営業日,0,,,,サンプル不足
v7,avg_turnover_20d,20日平均売買代金,業種,パルプ・紙,3d,3営業日,0,,,,サンプル不足
v7,avg_turnover_20d,20日平均売買代金,業種,パルプ・紙,5d,5営業日,0,,,,サンプル不足
v7,avg_turnover_20d,20日平均売買代金,業種,パルプ・紙,10d,10営業日,0,,,,サンプル不足
v7,avg_turnover_20d,20日平均売買代金,業種,不動産業,1d,1営業日,4,-0.20730868160116084,-0.4808451292191597,0.25,サンプル不足
v7,avg_turnover_20d,20日平均売買代金,業種,不動産業,3d,3営業日,4,-0.5,-0.5,0.0,サンプル不足
v7,avg_turnover_20d,20日平均売買代金,業種,不動産業,5d,5営業日,4,-0.19999999999999998,-0.35,0.25,サンプル不足
v7,avg_turnover_20d,20日平均売買代金,業種,不動産業,10d,10営業日,3,-0.06666666666666665,-0.19999999999999998,0.3333333333333333,サンプル不足
v7,avg_turnover_20d,20日平均売買代金,業種,保険業,1d,1営業日,18,-0.16666666666666669,-0.5,0.3888888888888889,サンプル不足
v7,avg_turnover_20d,20日平均売買代金,業種,保険業,3d,3営業日,18,-6.1679056923619804e-18,0.15000000000000002,0.5,サンプル不足
v7,avg_turnover_20d,20日平均売買代金,業種,保険業,5d,5営業日,18,0.21666666666666667,0.5,0.6666666666666666,サンプル不足
v7,avg_turnover_20d,20日平均売買代金,業種,保険業,10d,10営業日,18,-0.022222222222222213,0.19999999999999998,0.5555555555555556,サンプル不足
v7,avg_turnover_20d,20日平均売買代金,業種,倉庫・運輸関連業,1d,1営業日,1,-1.0,-1.0,0.0,サンプル不足
v7,avg_turnover_20d,20日平均売買代金,業種,倉庫・運輸関連業,3d,3営業日,1,-1.0,-1.0,0.0,サンプル不足
v7,avg_turnover_20d,20日平均売買代金,業種,倉庫・運輸関連業,5d,5営業日,1,1.0,1.0,1.0,サンプル不足
v7,avg_turnover_20d,20日平均売買代金,業種,倉庫・運輸関連業,10d,10営業日,1,0.5,0.5,1.0,サンプル不足
v7,avg_turnover_20d,20日平均売買代金,業種,化学,1d,1営業日,40,-0.04650162337662337,-0.08035714285714286,0.4,評価可能
v7,avg_turnover_20d,20日平均売買代金,業種,化学,3d,3営業日,39,0.05272953542184313,-0.09999999999999999,0.48717948717948717,評価可能
v7,avg_turnover_20d,20日平均売買代金,業種,化学,5d,5営業日,37,0.019043794043794048,0.10714285714285716,0.5675675675675675,評価可能
v7,avg_turnover_20d,20日平均売買代金,業種,化学,10d,10営業日,32,0.07083281302031304,0.06190476190476191,0.59375,評価可能
v7,avg_turnover_20d,20日平均売買代金,業種,医薬品,1d,1営業日,3,0.8333333333333334,1.0,1.0,サンプル不足
v7,avg_turnover_20d,20日平均売買代金,業種,医薬品,3d,3営業日,3,0.3333333333333333,0.5,0.6666666666666666,サンプル不足
v7,avg_turnover_20d,20日平均売買代金,業種,医薬品,5d,5営業日,3,0.16666666666666666,0.5,0.6666666666666666,サンプル不足
v7,avg_turnover_20d,20日平均売買代金,業種,医薬品,10d,10営業日,3,0.16666666666666666,0.5,0.6666666666666666,サンプル不足
v7,avg_turnover_20d,20日平均売買代金,業種,卸売業,1d,1営業日,37,0.04351684351684354,-0.06666666666666665,0.4594594594594595,評価可能
v7,avg_turnover_20d,20日平均売買代金,業種,卸売業,3d,3営業日,36,0.06985329485329489,0.09090909090909093,0.5,評価可能
v7,avg_turnover_20d,20日平均売買代金,業種,卸売業,5d,5営業日,34,0.1609865624571507,0.2285714285714286,0.5588235294117647,評価可能
v7,avg_turnover_20d,20日平均売買代金,業種,卸売業,10d,10営業日,29,0.21116584564860427,0.2571428571428572,0.7241379310344828,サンプル不足
v7,avg_turnover_20d,20日平均売買代金,業種,小売業,1d,1営業日,34,-0.040353447014346656,0.05444677871148461,0.5294117647058824,評価可能
v7,avg_turnover_20d,20日平均売買代金,業種,小売業,3d,3営業日,32,0.0370469909991969,0.059523809523809534,0.53125,評価可能
v7,avg_turnover_20d,20日平均売買代金,業種,小売業,5d,5営業日,31,0.008462694800455703,-0.03571428571428572,0.3870967741935484,評価可能
v7,avg_turnover_20d,20日平均売買代金,業種,小売業,10d,10営業日,27,-0.0747821713507988,-0.049999999999999996,0.3333333333333333,サンプル不足
v7,avg_turnover_20d,20日平均売買代金,業種,建設業,1d,1営業日,7,0.1142857142857143,-0.19999999999999998,0.42857142857142855,サンプル不足
v7,avg_turnover_20d,20日平均売買代金,業種,建設業,3d,3営業日,7,-0.05714285714285713,-0.39999999999999997,0.42857142857142855,サンプル不足
v7,avg_turnover_20d,20日平均売買代金,業種,建設業,5d,5営業日,7,0.15714285714285717,0.5,0.5714285714285714,サンプル不足
v7,avg_turnover_20d,20日平均売買代金,業種,建設業,10d,10営業日,6,-0.2333333333333333,-0.44999999999999996,0.3333333333333333,サンプル不足
v7,avg_turnover_20d,20日平均売買代金,業種,情報・通信業,1d,1営業日,41,-0.015720342778253554,-0.03333333333333333,0.43902439024390244,評価可能
v7,avg_turnover_20d,20日平均売買代金,業種,情報・通信業,3d,3営業日,39,0.009340511656260774,0.04385964912280702,0.5641025641025641,評価可能
v7,avg_turnover_20d,20日平均売買代金,業種,情報・通信業,5d,5営業日,37,-0.015685633214796203,-0.02417582417582418,0.4864864864864865,評価可能
v7,avg_turnover_20d,20日平均売買代金,業種,情報・通信業,10d,10営業日,32,-0.055829478700521414,0.07142857142857142,0.53125,評価可能
v7,avg_turnover_20d,20日平均売買代金,業種,機械,1d,1営業日,31,-0.19410643120320542,-0.28571428571428564,0.3225806451612903,評価可能
v7,avg_turnover_20d,20日平均売買代金,業種,機械,3d,3営業日,29,-0.07048382651830928,0.0,0.41379310344827586,サンプル不足
v7,avg_turnover_20d,20日平均売買代金,業種,機械,5d,5営業日,27,-0.166308999642333,-0.25,0.3333333333333333,サンプル不足
v7,avg_turnover_20d,20日平均売買代金,業種,機械,10d,10営業日,22,-0.1648272182363091,-0.17142857142857143,0.3181818181818182,サンプル不足
v7,avg_turnover_20d,20日平均売買代金,業種,海運業,1d,1営業日,2,-0.5,-0.5,0.0,サンプル不足
v7,avg_turnover_20d,20日平均売買代金,業種,海運業,3d,3営業日,2,0.0,0.0,0.5,サンプル不足
v7,avg_turnover_20d,20日平均売買代金,業種,海運業,5d,5営業日,2,0.0,0.0,0.5,サンプル不足
v7,avg_turnover_20d,20日平均売買代金,業種,海運業,10d,10営業日,1,-0.5,-0.5,0.0,サンプル不足
v7,avg_turnover_20d,20日平均売買代金,業種,石油・石炭製品,1d,1営業日,0,,,,サンプル不足
v7,avg_turnover_20d,20日平均売買代金,業種,石油・石炭製品,3d,3営業日,0,,,,サンプル不足
v7,avg_turnover_20d,20日平均売買代金,業種,石油・石炭製品,5d,5営業日,0,,,,サンプル不足
v7,avg_turnover_20d,20日平均売買代金,業種,石油・石炭製品,10d,10営業日,0,,,,サンプル不足
v7,avg_turnover_20d,20日平均売買代金,業種,空運業,1d,1営業日,0,,,,サンプル不足
v7,avg_turnover_20d,20日平均売買代金,業種,空運業,3d,3営業日,0,,,,サンプル不足
v7,avg_turnover_20d,20日平均売買代金,業種,空運業,5d,5営業日,0,,,,サンプル不足
v7,avg_turnover_20d,20日平均売買代金,業種,空運業,10d,10営業日,0,,,,サンプル不足
v7,avg_turnover_20d,20日平均売買代金,業種,精密機器,1d,1営業日,16,0.02410714285714287,-0.10714285714285715,0.5,サンプル不足
v7,avg_turnover_20d,20日平均売買代金,業種,精密機器,3d,3営業日,14,-0.06428571428571428,-0.44999999999999996,0.42857142857142855,サンプル不足
v7,avg_turnover_20d,20日平均売買代金,業種,精密機器,5d,5営業日,12,-0.25,-0.5,0.3333333333333333,サンプル不足
v7,avg_turnover_20d,20日平均売買代金,業種,精密機器,10d,10営業日,10,0.15,0.5,0.6,サンプル不足
v7,avg_turnover_20d,20日平均売買代金,業種,繊維製品,1d,1営業日,0,,,,サンプル不足
v7,avg_turnover_20d,20日平均売買代金,業種,繊維製品,3d,3営業日,0,,,,サンプル不足
v7,avg_turnover_20d,20日平均売買代金,業種,繊維製品,5d,5営業日,0,,,,サンプル不足
v7,avg_turnover_20d,20日平均売買代金,業種,繊維製品,10d,10営業日,0,,,,サンプル不足
v7,avg_turnover_20d,20日平均売買代金,業種,証券、商品先物取引業,1d,1営業日,17,-0.2516806722689075,-0.5,0.23529411764705882,サンプル不足
v7,avg_turnover_20d,20日平均売買代金,業種,証券、商品先物取引業,3d,3営業日,17,-0.1100840336134454,-0.39999999999999997,0.47058823529411764,サンプル不足
v7,avg_turnover_20d,20日平均売買代金,業種,証券、商品先物取引業,5d,5営業日,17,-0.14789915966386555,-0.39999999999999997,0.47058823529411764,サンプル不足
v7,avg_turnover_20d,20日平均売買代金,業種,証券、商品先物取引業,10d,10営業日,17,-0.17983193277310927,-0.39999999999999997,0.35294117647058826,サンプル不足
v7,avg_turnover_20d,20日平均売買代金,業種,輸送用機器,1d,1営業日,25,-0.004380952380952374,0.09999999999999999,0.56,サンプル不足
v7,avg_turnover_20d,20日平均売買代金,業種,輸送用機器,3d,3営業日,25,0.2382857142857143,0.4047619047619048,0.6,サンプル不足
v7,avg_turnover_20d,20日平均売買代金,業種,輸送用機器,5d,5営業日,25,0.23390476190476192,0.3,0.72,サンプル不足
v7,avg_turnover_20d,20日平均売買代金,業種,輸送用機器,10d,10営業日,21,0.2532879818594104,0.39999999999999997,0.8095238095238095,サンプル不足
v7,avg_turnover_20d,20日平均売買代金,業種,金属製品,1d,1営業日,16,0.017857142857142877,-0.08571428571428572,0.375,サンプル不足
v7,avg_turnover_20d,20日平均売買代金,業種,金属製品,3d,3営業日,16,-0.19374999999999998,-0.3857142857142858,0.375,サンプル不足
v7,avg_turnover_20d,20日平均売買代金,業種,金属製品,5d,5営業日,15,-0.1936507936507936,-0.08571428571428573,0.4666666666666667,サンプル不足
v7,avg_turnover_20d,20日平均売買代金,業種,金属製品,10d,10営業日,15,-0.16507936507936505,-0.028571428571428574,0.4666666666666667,サンプル不足
v7,avg_turnover_20d,20日平均売買代金,業種,鉄鋼,1d,1営業日,7,0.028571428571428564,-0.09999999999999999,0.42857142857142855,サンプル不足
v7,avg_turnover_20d,20日平均売買代金,業種,鉄鋼,3d,3営業日,6,0.16666666666666663,0.1,0.5,サンプル不足
v7,avg_turnover_20d,20日平均売買代金,業種,鉄鋼,5d,5営業日,6,-0.15,-0.35,0.3333333333333333,サンプル不足
v7,avg_turnover_20d,20日平均売買代金,業種,鉄鋼,10d,10営業日,2,0.25,0.25,0.5,サンプル不足
v7,avg_turnover_20d,20日平均売買代金,業種,鉱業,1d,1営業日,0,,,,サンプル不足
v7,avg_turnover_20d,20日平均売買代金,業種,鉱業,3d,3営業日,0,,,,サンプル不足
v7,avg_turnover_20d,20日平均売買代金,業種,鉱業,5d,5営業日,0,,,,サンプル不足
v7,avg_turnover_20d,20日平均売買代金,業種,鉱業,10d,10営業日,0,,,,サンプル不足
v7,avg_turnover_20d,20日平均売買代金,業種,銀行業,1d,1営業日,38,-0.08821033506176736,-0.1623626373626374,0.42105263157894735,評価可能
v7,avg_turnover_20d,20日平均売買代金,業種,銀行業,3d,3営業日,36,-0.12809939268832535,-0.15,0.4166666666666667,評価可能
v7,avg_turnover_20d,20日平均売買代金,業種,銀行業,5d,5営業日,34,0.06413998343064087,0.06733266733266734,0.5294117647058824,評価可能
v7,avg_turnover_20d,20日平均売買代金,業種,銀行業,10d,10営業日,31,-0.014727928617871687,-0.19999999999999998,0.4838709677419355,評価可能
v7,avg_turnover_20d,20日平均売買代金,業種,陸運業,1d,1営業日,1,1.0,1.0,1.0,サンプル不足
v7,avg_turnover_20d,20日平均売買代金,業種,陸運業,3d,3営業日,1,1.0,1.0,1.0,サンプル不足
v7,avg_turnover_20d,20日平均売買代金,業種,陸運業,5d,5営業日,1,0.5,0.5,1.0,サンプル不足
v7,avg_turnover_20d,20日平均売買代金,業種,陸運業,10d,10営業日,0,,,,サンプル不足
v7,avg_turnover_20d,20日平均売買代金,業種,電気・ガス業,1d,1営業日,1,-0.5,-0.5,0.0,サンプル不足
v7,avg_turnover_20d,20日平均売買代金,業種,電気・ガス業,3d,3営業日,1,-0.5,-0.5,0.0,サンプル不足
v7,avg_turnover_20d,20日平均売買代金,業種,電気・ガス業,5d,5営業日,1,-0.5,-0.5,0.0,サンプル不足
v7,avg_turnover_20d,20日平均売買代金,業種,電気・ガス業,10d,10営業日,1,-0.5,-0.5,0.0,サンプル不足
v7,avg_turnover_20d,20日平均売買代金,業種,電気機器,1d,1営業日,41,0.05549564840807913,0.0,0.4634146341463415,評価可能
v7,avg_turnover_20d,20日平均売買代金,業種,電気機器,3d,3営業日,39,0.0717916330942346,0.09999999999999999,0.5641025641025641,評価可能
v7,avg_turnover_20d,20日平均売買代金,業種,電気機器,5d,5営業日,37,0.04735883136238843,0.01383399209486166,0.5135135135135135,評価可能
v7,avg_turnover_20d,20日平均売買代金,業種,電気機器,10d,10営業日,32,-0.08106068955479351,-0.07913043478260869,0.4375,評価可能
v7,avg_turnover_20d,20日平均売買代金,業種,非鉄金属,1d,1営業日,7,0.05714285714285713,0.39999999999999997,0.5714285714285714,サンプル不足
v7,avg_turnover_20d,20日平均売買代金,業種,非鉄金属,3d,3営業日,7,-0.07142857142857142,-0.5,0.42857142857142855,サンプル不足
v7,avg_turnover_20d,20日平均売買代金,業種,非鉄金属,5d,5営業日,6,-0.06666666666666665,-0.25,0.3333333333333333,サンプル不足
v7,avg_turnover_20d,20日平均売買代金,業種,非鉄金属,10d,10営業日,5,-0.3,-0.5,0.0,サンプル不足
v7,avg_turnover_20d,20日平均売買代金,業種,食料品,1d,1営業日,22,0.07923742923742921,0.2285714285714286,0.5909090909090909,サンプル不足
v7,avg_turnover_20d,20日平均売買代金,業種,食料品,3d,3営業日,22,0.37289377289377285,0.5,0.8181818181818182,サンプル不足
v7,avg_turnover_20d,20日平均売買代金,業種,食料品,5d,5営業日,21,0.14266527123669978,0.39999999999999997,0.6190476190476191,サンプル不足
v7,avg_turnover_20d,20日平均売買代金,業種,食料品,10d,10営業日,19,0.1490842490842491,0.4285714285714286,0.6842105263157895,サンプル不足
v7,volume_ratio_20d,出来高比,全体,全体,1d,1営業日,41,-0.026283914625159915,-0.02843084308430843,0.3902439024390244,評価可能
v7,volume_ratio_20d,出来高比,全体,全体,3d,3営業日,39,-0.022141697269143466,0.008664866486648664,0.5128205128205128,評価可能
v7,volume_ratio_20d,出来高比,全体,全体,5d,5営業日,37,-0.030997700632526843,-0.00576057605760576,0.40540540540540543,評価可能
v7,volume_ratio_20d,出来高比,全体,全体,10d,10営業日,32,-0.018903421017454947,-0.041218121812181215,0.4375,評価可能
v7,volume_ratio_20d,出来高比,業種,その他製品,1d,1営業日,13,-0.11428571428571427,-0.028571428571428574,0.38461538461538464,サンプル不足
v7,volume_ratio_20d,出来高比,業種,その他製品,3d,3営業日,12,-0.05476190476190476,-0.0714285714285714,0.5,サンプル不足
v7,volume_ratio_20d,出来高比,業種,その他製品,5d,5営業日,10,0.03428571428571429,0.1285714285714286,0.5,サンプル不足
v7,volume_ratio_20d,出来高比,業種,その他製品,10d,10営業日,6,-0.26666666666666666,-0.5,0.16666666666666666,サンプル不足
v7,volume_ratio_20d,出来高比,業種,その他金融業,1d,1営業日,2,0.5,0.5,1.0,サンプル不足
v7,volume_ratio_20d,出来高比,業種,その他金融業,3d,3営業日,2,0.25,0.25,0.5,サンプル不足
v7,volume_ratio_20d,出来高比,業種,その他金融業,5d,5営業日,2,0.25,0.25,0.5,サンプル不足
v7,volume_ratio_20d,出来高比,業種,その他金融業,10d,10営業日,2,0.25,0.25,0.5,サンプル不足
v7,volume_ratio_20d,出来高比,業種,ガラス・土石製品,1d,1営業日,2,-0.5,-0.5,0.0,サンプル不足
v7,volume_ratio_20d,出来高比,業種,ガラス・土石製品,3d,3営業日,2,-0.25,-0.25,0.5,サンプル不足
v7,volume_ratio_20d,出来高比,業種,ガラス・土石製品,5d,5営業日,2,0.0,0.0,0.5,サンプル不足
v7,volume_ratio_20d,出来高比,業種,ガラス・土石製品,10d,10営業日,2,-0.25,-0.25,0.5,サンプル不足
v7,volume_ratio_20d,出来高比,業種,ゴム製品,1d,1営業日,1,0.0,0.0,0.0,サンプル不足
v7,volume_ratio_20d,出来高比,業種,ゴム製品,3d,3営業日,1,0.6000000000000001,0.6000000000000001,1.0,サンプル不足
v7,volume_ratio_20d,出来高比,業種,ゴム製品,5d,5営業日,1,0.7999999999999999,0.7999999999999999,1.0,サンプル不足
v7,volume_ratio_20d,出来高比,業種,ゴム製品,10d,10営業日,0,,,,サンプル不足
v7,volume_ratio_20d,出来高比,業種,サービス業,1d,1営業日,41,-0.04482351257685535,-0.13636363636363638,0.3902439024390244,評価可能
v7,volume_ratio_20d,出来高比,業種,サービス業,3d,3営業日,39,-0.1661757046372431,-0.2571428571428572,0.3333333333333333,評価可能
v7,volume_ratio_20d,出来高比,業種,サービス業,5d,5営業日,37,-0.23317990524765875,-0.28484848484848485,0.32432432432432434,評価可能
v7,volume_ratio_20d,出来高比,業種,サービス業,10d,10営業日,32,-0.18431092954015166,-0.19534632034632035,0.3125,評価可能
v7,volume_ratio_20d,出来高比,業種,パルプ・紙,1d,1営業日,0,,,,サンプル不足
v7,volume_ratio_20d,出来高比,業種,パルプ・紙,3d,3営業日,0,,,,サンプル不足
v7,volume_ratio_20d,出来高比,業種,パルプ・紙,5d,5営業日,0,,,,サンプル不足
v7,volume_ratio_20d,出来高比,業種,パルプ・紙,10d,10営業日,0,,,,サンプル不足
v7,volume_ratio_20d,出来高比,業種,不動産業,1d,1営業日,4,0.09188167090527392,0.18376334181054785,0.75,サンプル不足
v7,volume_ratio_20d,出来高比,業種,不動産業,3d,3営業日,4,0.04999999999999996,0.0,0.5,サンプル不足
v7,volume_ratio_20d,出来高比,業種,不動産業,5d,5営業日,4,0.37499999999999994,0.5,0.75,サンプル不足
v7,volume_ratio_20d,出来高比,業種,不動産業,10d,10営業日,3,0.6,0.5,1.0,サンプル不足
v7,volume_ratio_20d,出来高比,業種,保険業,1d,1営業日,18,0.06666666666666665,0.0,0.3888888888888889,サンプル不足
v7,volume_ratio_20d,出来高比,業種,保険業,3d,3営業日,18,-0.0388888888888889,0.35,0.5555555555555556,サンプル不足
v7,volume_ratio_20d,出来高比,業種,保険業,5d,5営業日,18,0.0888888888888889,0.44999999999999996,0.5555555555555556,サンプル不足
v7,volume_ratio_20d,出来高比,業種,保険業,10d,10営業日,18,0.3277777777777777,0.5,0.7777777777777778,サンプル不足
v7,volume_ratio_20d,出来高比,業種,倉庫・運輸関連業,1d,1営業日,1,0.5,0.5,1.0,サンプル不足
v7,volume_ratio_20d,出来高比,業種,倉庫・運輸関連業,3d,3営業日,1,0.5,0.5,1.0,サンプル不足
v7,volume_ratio_20d,出来高比,業種,倉庫・運輸関連業,5d,5営業日,1,-0.5,-0.5,0.0,サンプル不足
v7,volume_ratio_20d,出来高比,業種,倉庫・運輸関連業,10d,10営業日,1,0.5,0.5,1.0,サンプル不足
v7,volume_ratio_20d,出来高比,業種,化学,1d,1営業日,40,-0.014584790209790208,-0.049999999999999996,0.475,評価可能
v7,volume_ratio_20d,出来高比,業種,化学,3d,3営業日,39,0.014700043546197389,0.08571428571428573,0.5128205128205128,評価可能
v7,volume_ratio_20d,出来高比,業種,化学,5d,5営業日,37,0.040914040914040925,0.10714285714285716,0.5675675675675675,評価可能
v7,volume_ratio_20d,出来高比,業種,化学,10d,10営業日,32,-0.048969259906759904,-0.09642857142857145,0.4375,評価可能
v7,volume_ratio_20d,出来高比,業種,医薬品,1d,1営業日,3,-0.16666666666666666,-0.5,0.3333333333333333,サンプル不足
v7,volume_ratio_20d,出来高比,業種,医薬品,3d,3営業日,3,0.0,0.5,0.6666666666666666,サンプル不足
v7,volume_ratio_20d,出来高比,業種,医薬品,5d,5営業日,3,0.16666666666666666,0.5,0.6666666666666666,サンプル不足
v7,volume_ratio_20d,出来高比,業種,医薬品,10d,10営業日,3,0.16666666666666666,0.5,0.6666666666666666,サンプル不足
v7,volume_ratio_20d,出来高比,業種,卸売業,1d,1営業日,37,-0.07313722313722316,-0.034965034965034975,0.4594594594594595,評価可能
v7,volume_ratio_20d,出来高比,業種,卸売業,3d,3営業日,36,0.005711880711880686,-0.13095238095238096,0.4166666666666667,評価可能
v7,volume_ratio_20d,出来高比,業種,卸売業,5d,5営業日,34,-0.14532722179781005,-0.20714285714285713,0.4117647058823529,評価可能
v7,volume_ratio_20d,出来高比,業種,卸売業,10d,10営業日,29,-0.29277504105090313,-0.4523809523809524,0.3448275862068966,サンプル不足
v7,volume_ratio_20d,出来高比,業種,小売業,1d,1営業日,34,0.002111613876319762,0.03571428571428572,0.5,評価可能
v7,volume_ratio_20d,出来高比,業種,小売業,3d,3営業日,32,0.15412312870952577,0.1590686274509804,0.5625,評価可能
v7,volume_ratio_20d,出来高比,業種,小売業,5d,5営業日,31,0.21015846898199844,0.19999999999999998,0.7741935483870968,評価可能
v7,volume_ratio_20d,出来高比,業種,小売業,10d,10営業日,27,0.11520614461790932,0.14285714285714288,0.6296296296296297,サンプル不足
v7,volume_ratio_20d,出来高比,業種,建設業,1d,1営業日,7,-0.31428571428571433,-0.5,0.2857142857142857,サンプル不足
v7,volume_ratio_20d,出来高比,業種,建設業,3d,3営業日,7,-0.34285714285714286,-0.5,0.2857142857142857,サンプル不足
v7,volume_ratio_20d,出来高比,業種,建設業,5d,5営業日,7,-0.19999999999999998,-0.5,0.2857142857142857,サンプル不足
v7,volume_ratio_20d,出来高比,業種,建設業,10d,10営業日,6,0.01666666666666668,0.05000000000000002,0.5,サンプル不足
v7,volume_ratio_20d,出来高比,業種,情報・通信業,1d,1営業日,41,0.04185113219543454,0.07142857142857144,0.5121951219512195,評価可能
v7,volume_ratio_20d,出来高比,業種,情報・通信業,3d,3営業日,39,0.008581549821734088,-0.08180708180708181,0.4358974358974359,評価可能
v7,volume_ratio_20d,出来高比,業種,情報・通信業,5d,5営業日,37,-0.03579930641780459,-0.1398601398601399,0.3783783783783784,評価可能
v7,volume_ratio_20d,出来高比,業種,情報・通信業,10d,10営業日,32,0.011400915190612121,-0.033122529644268775,0.46875,評価可能
v7,volume_ratio_20d,出来高比,業種,機械,1d,1営業日,31,0.09314287862674961,0.14285714285714288,0.5806451612903226,評価可能
v7,volume_ratio_20d,出来高比,業種,機械,3d,3営業日,29,0.02175554330726745,0.0,0.4827586206896552,サンプル不足
v7,volume_ratio_20d,出来高比,業種,機械,5d,5営業日,27,0.1142650559317226,0.0303030303030303,0.5925925925925926,サンプル不足
v7,volume_ratio_20d,出来高比,業種,機械,10d,10営業日,22,0.20578058305331035,0.2678571428571428,0.7272727272727273,サンプル不足
v7,volume_ratio_20d,出来高比,業種,海運業,1d,1営業日,2,0.75,0.75,1.0,サンプル不足
v7,volume_ratio_20d,出来高比,業種,海運業,3d,3営業日,2,0.5,0.5,1.0,サンプル不足
v7,volume_ratio_20d,出来高比,業種,海運業,5d,5営業日,2,0.25,0.25,0.5,サンプル不足
v7,volume_ratio_20d,出来高比,業種,海運業,10d,10営業日,1,0.5,0.5,1.0,サンプル不足
v7,volume_ratio_20d,出来高比,業種,石油・石炭製品,1d,1営業日,0,,,,サンプル不足
v7,volume_ratio_20d,出来高比,業種,石油・石炭製品,3d,3営業日,0,,,,サンプル不足
v7,volume_ratio_20d,出来高比,業種,石油・石炭製品,5d,5営業日,0,,,,サンプル不足
v7,volume_ratio_20d,出来高比,業種,石油・石炭製品,10d,10営業日,0,,,,サンプル不足
v7,volume_ratio_20d,出来高比,業種,空運業,1d,1営業日,0,,,,サンプル不足
v7,volume_ratio_20d,出来高比,業種,空運業,3d,3営業日,0,,,,サンプル不足
v7,volume_ratio_20d,出来高比,業種,空運業,5d,5営業日,0,,,,サンプル不足
v7,volume_ratio_20d,出来高比,業種,空運業,10d,10営業日,0,,,,サンプル不足
v7,volume_ratio_20d,出来高比,業種,精密機器,1d,1営業日,16,-0.058035714285714274,-0.3142857142857143,0.4375,サンプル不足
v7,volume_ratio_20d,出来高比,業種,精密機器,3d,3営業日,14,0.05714285714285715,-0.24999999999999997,0.42857142857142855,サンプル不足
v7,volume_ratio_20d,出来高比,業種,精密機器,5d,5営業日,12,0.05833333333333332,0.15,0.5,サンプル不足
v7,volume_ratio_20d,出来高比,業種,精密機器,10d,10営業日,10,0.030000000000000006,0.15000000000000002,0.5,サンプル不足
v7,volume_ratio_20d,出来高比,業種,繊維製品,1d,1営業日,0,,,,サンプル不足
v7,volume_ratio_20d,出来高比,業種,繊維製品,3d,3営業日,0,,,,サンプル不足
v7,volume_ratio_20d,出来高比,業種,繊維製品,5d,5営業日,0,,,,サンプル不足
v7,volume_ratio_20d,出来高比,業種,繊維製品,10d,10営業日,0,,,,サンプル不足
v7,volume_ratio_20d,出来高比,業種,証券、商品先物取引業,1d,1営業日,17,-0.08487394957983196,-0.09999999999999999,0.47058823529411764,サンプル不足
v7,volume_ratio_20d,出来高比,業種,証券、商品先物取引業,3d,3営業日,17,3.2653618371328133e-18,-0.19999999999999998,0.4117647058823529,サンプル不足
v7,volume_ratio_20d,出来高比,業種,証券、商品先物取引業,5d,5営業日,17,0.057142857142857134,0.39999999999999997,0.5294117647058824,サンプル不足
v7,volume_ratio_20d,出来高比,業種,証券、商品先物取引業,10d,10営業日,17,0.2004201680672269,0.5,0.6470588235294118,サンプル不足
v7,volume_ratio_20d,出来高比,業種,輸送用機器,1d,1営業日,25,0.11904761904761905,0.3,0.56,サンプル不足
v7,volume_ratio_20d,出来高比,業種,輸送用機器,3d,3営業日,25,0.03657142857142858,0.04761904761904763,0.52,サンプル不足
v7,volume_ratio_20d,出来高比,業種,輸送用機器,5d,5営業日,25,0.06704761904761904,0.3,0.6,サンプル不足
v7,volume_ratio_20d,出来高比,業種,輸送用機器,10d,10営業日,21,-0.05714285714285715,-0.261904761904762,0.47619047619047616,サンプル不足
v7,volume_ratio_20d,出来高比,業種,金属製品,1d,1営業日,16,0.004464285714285709,0.028571428571428574,0.5,サンプル不足
v7,volume_ratio_20d,出来高比,業種,金属製品,3d,3営業日,16,0.061607142857142846,-0.007142857142857131,0.5,サンプル不足
v7,volume_ratio_20d,出来高比,業種,金属製品,5d,5営業日,15,-0.07015873015873014,-0.19999999999999998,0.4,サンプル不足
v7,volume_ratio_20d,出来高比,業種,金属製品,10d,10営業日,15,-0.36761904761904757,-0.5,0.26666666666666666,サンプル不足
v7,volume_ratio_20d,出来高比,業種,鉄鋼,1d,1営業日,7,-0.14285714285714282,-0.5,0.42857142857142855,サンプル不足
v7,volume_ratio_20d,出来高比,業種,鉄鋼,3d,3営業日,6,0.03333333333333336,2.7755575615628914e-17,0.5,サンプル不足
v7,volume_ratio_20d,出来高比,業種,鉄鋼,5d,5営業日,6,0.31666666666666665,0.3,0.6666666666666666,サンプル不足
v7,volume_ratio_20d,出来高比,業種,鉄鋼,10d,10営業日,2,1.0,1.0,1.0,サンプル不足
v7,volume_ratio_20d,出来高比,業種,鉱業,1d,1営業日,0,,,,サンプル不足
v7,volume_ratio_20d,出来高比,業種,鉱業,3d,3営業日,0,,,,サンプル不足
v7,volume_ratio_20d,出来高比,業種,鉱業,5d,5営業日,0,,,,サンプル不足
v7,volume_ratio_20d,出来高比,業種,鉱業,10d,10営業日,0,,,,サンプル不足
v7,volume_ratio_20d,出来高比,業種,銀行業,1d,1営業日,38,0.1538083380735187,0.23571428571428577,0.6578947368421053,評価可能
v7,volume_ratio_20d,出来高比,業種,銀行業,3d,3営業日,36,0.1113649940083948,0.12566977266275173,0.5555555555555556,評価可能
v7,volume_ratio_20d,出来高比,業種,銀行業,5d,5営業日,34,0.1035428758093118,0.1875624375624376,0.5882352941176471,評価可能
v7,volume_ratio_20d,出来高比,業種,銀行業,10d,10営業日,31,0.07057092812311032,0.07142857142857144,0.5483870967741935,評価可能
v7,volume_ratio_20d,出来高比,業種,陸運業,1d,1営業日,1,-0.5,-0.5,0.0,サンプル不足
v7,volume_ratio_20d,出来高比,業種,陸運業,3d,3営業日,1,-0.5,-0.5,0.0,サンプル不足
v7,volume_ratio_20d,出来高比,業種,陸運業,5d,5営業日,1,-1.0,-1.0,0.0,サンプル不足
v7,volume_ratio_20d,出来高比,業種,陸運業,10d,10営業日,0,,,,サンプル不足
v7,volume_ratio_20d,出来高比,業種,電気・ガス業,1d,1営業日,1,0.5,0.5,1.0,サンプル不足
v7,volume_ratio_20d,出来高比,業種,電気・ガス業,3d,3営業日,1,0.5,0.5,1.0,サンプル不足
v7,volume_ratio_20d,出来高比,業種,電気・ガス業,5d,5営業日,1,0.5,0.5,1.0,サンプル不足
v7,volume_ratio_20d,出来高比,業種,電気・ガス業,10d,10営業日,1,0.5,0.5,1.0,サンプル不足
v7,volume_ratio_20d,出来高比,業種,電気機器,1d,1営業日,41,-0.08138050274412845,-0.10303030303030303,0.43902439024390244,評価可能
v7,volume_ratio_20d,出来高比,業種,電気機器,3d,3営業日,39,-0.050112747018321926,-0.08571428571428573,0.41025641025641024,評価可能
v7,volume_ratio_20d,出来高比,業種,電気機器,5d,5営業日,37,-0.05510760533556584,-0.1323076923076923,0.43243243243243246,評価可能
v7,volume_ratio_20d,出来高比,業種,電気機器,10d,10営業日,32,-0.08573704349613402,-0.13831168831168833,0.4375,評価可能
v7,volume_ratio_20d,出来高比,業種,非鉄金属,1d,1営業日,7,0.1285714285714286,0.5,0.7142857142857143,サンプル不足
v7,volume_ratio_20d,出来高比,業種,非鉄金属,3d,3営業日,7,-0.07142857142857142,-0.49999999999999994,0.2857142857142857,サンプル不足
v7,volume_ratio_20d,出来高比,業種,非鉄金属,5d,5営業日,6,0.03333333333333335,-0.25,0.3333333333333333,サンプル不足
v7,volume_ratio_20d,出来高比,業種,非鉄金属,10d,10営業日,5,0.26000000000000006,0.6000000000000001,0.6,サンプル不足
v7,volume_ratio_20d,出来高比,業種,食料品,1d,1営業日,22,0.0922077922077922,0.014285714285714287,0.5,サンプル不足
v7,volume_ratio_20d,出来高比,業種,食料品,3d,3営業日,22,-0.26786546786546794,-0.44999999999999996,0.22727272727272727,サンプル不足
v7,volume_ratio_20d,出来高比,業種,食料品,5d,5営業日,21,-0.18937728937728937,-0.5,0.38095238095238093,サンプル不足
v7,volume_ratio_20d,出来高比,業種,食料品,10d,10営業日,19,-0.013514555619818814,-0.2043956043956044,0.42105263157894735,サンプル不足
v7,distance_high_120d,120日高値接近度,全体,全体,1d,1営業日,41,0.03679432561702661,0.020755580993169653,0.6341463414634146,評価可能
v7,distance_high_120d,120日高値接近度,全体,全体,3d,3営業日,39,0.04636024576157445,0.01578576083127391,0.6666666666666666,評価可能
v7,distance_high_120d,120日高値接近度,全体,全体,5d,5営業日,37,0.0837048070632169,0.05817941258809364,0.7567567567567568,評価可能
v7,distance_high_120d,120日高値接近度,全体,全体,10d,10営業日,32,0.09241600145593218,0.06773387223845458,0.75,評価可能
v7,distance_high_120d,120日高値接近度,業種,その他製品,1d,1営業日,13,0.06664554256137853,0.19999999999999998,0.5384615384615384,サンプル不足
v7,distance_high_120d,120日高値接近度,業種,その他製品,3d,3営業日,12,0.03742031756916523,-0.08451542547285167,0.4166666666666667,サンプル不足
v7,distance_high_120d,120日高値接近度,業種,その他製品,5d,5営業日,10,0.28716997830104674,0.5,0.7,サンプル不足
v7,distance_high_120d,120日高値接近度,業種,その他製品,10d,10営業日,6,0.12207592200561268,0.25,0.5,サンプル不足
v7,distance_high_120d,120日高値接近度,業種,その他金融業,1d,1営業日,1,0.5,0.5,1.0,サンプル不足
v7,distance_high_120d,120日高値接近度,業種,その他金融業,3d,3営業日,1,-0.5,-0.5,0.0,サンプル不足
v7,distance_high_120d,120日高値接近度,業種,その他金融業,5d,5営業日,1,-0.5,-0.5,0.0,サンプル不足
v7,distance_high_120d,120日高値接近度,業種,その他金融業,10d,10営業日,1,-0.5,-0.5,0.0,サンプル不足
v7,distance_high_120d,120日高値接近度,業種,ガラス・土石製品,1d,1営業日,1,0.5,0.5,1.0,サンプル不足
v7,distance_high_120d,120日高値接近度,業種,ガラス・土石製品,3d,3営業日,1,-0.5,-0.5,0.0,サンプル不足
v7,distance_high_120d,120日高値接近度,業種,ガラス・土石製品,5d,5営業日,1,-0.5,-0.5,0.0,サンプル不足
v7,distance_high_120d,120日高値接近度,業種,ガラス・土石製品,10d,10営業日,1,-0.5,-0.5,0.0,サンプル不足
v7,distance_high_120d,120日高値接近度,業種,ゴム製品,1d,1営業日,1,0.9486832980505139,0.9486832980505139,1.0,サンプル不足
v7,distance_high_120d,120日高値接近度,業種,ゴム製品,3d,3営業日,1,0.632455532033676,0.632455532033676,1.0,サンプル不足
v7,distance_high_120d,120日高値接近度,業種,ゴム製品,5d,5営業日,1,0.316227766016838,0.316227766016838,1.0,サンプル不足
v7,distance_high_120d,120日高値接近度,業種,ゴム製品,10d,10営業日,0,,,,サンプル不足
v7,distance_high_120d,120日高値接近度,業種,サービス業,1d,1営業日,41,0.029599797234445707,-0.028571428571428574,0.4878048780487805,評価可能
v7,distance_high_120d,120日高値接近度,業種,サービス業,3d,3営業日,39,0.0033358239343626883,-0.0035592823615667943,0.48717948717948717,評価可能
v7,distance_high_120d,120日高値接近度,業種,サービス業,5d,5営業日,37,0.03736586216296718,-0.006253053994807223,0.4864864864864865,評価可能
v7,distance_high_120d,120日高値接近度,業種,サービス業,10d,10営業日,32,0.055804878893415524,0.042332667332667336,0.5625,評価可能
v7,distance_high_120d,120日高値接近度,業種,パルプ・紙,1d,1営業日,0,,,,サンプル不足
v7,distance_high_120d,120日高値接近度,業種,パルプ・紙,3d,3営業日,0,,,,サンプル不足
v7,distance_high_120d,120日高値接近度,業種,パルプ・紙,5d,5営業日,0,,,,サンプル不足
v7,distance_high_120d,120日高値接近度,業種,パルプ・紙,10d,10営業日,0,,,,サンプル不足
v7,distance_high_120d,120日高値接近度,業種,不動産業,1d,1営業日,4,0.07312151727700861,5.551115123125783e-17,0.5,サンプル不足
v7,distance_high_120d,120日高値接近度,業種,不動産業,3d,3営業日,4,0.2727754760212434,0.3212093030172299,0.5,サンプル不足
v7,distance_high_120d,120日高値接近度,業種,不動産業,5d,5営業日,4,0.11982462630249605,0.26530760357973515,0.5,サンプル不足
v7,distance_high_120d,120日高値接近度,業種,不動産業,10d,10営業日,3,0.27156956727831755,0.8660254037844387,0.6666666666666666,サンプル不足
v7,distance_high_120d,120日高値接近度,業種,保険業,1d,1営業日,17,-0.12257483729312717,-0.19999999999999998,0.4117647058823529,サンプル不足
v7,distance_high_120d,120日高値接近度,業種,保険業,3d,3営業日,17,-0.0558704492804471,-0.39999999999999997,0.47058823529411764,サンプル不足
v7,distance_high_120d,120日高値接近度,業種,保険業,5d,5営業日,17,0.001362122678686419,-0.19999999999999998,0.47058823529411764,サンプル不足
v7,distance_high_120d,120日高値接近度,業種,保険業,10d,10営業日,17,-0.028502738043840004,0.0,0.47058823529411764,サンプル不足
v7,distance_high_120d,120日高値接近度,業種,倉庫・運輸関連業,1d,1営業日,1,0.5,0.5,1.0,サンプル不足
v7,distance_high_120d,120日高値接近度,業種,倉庫・運輸関連業,3d,3営業日,1,0.5,0.5,1.0,サンプル不足
v7,distance_high_120d,120日高値接近度,業種,倉庫・運輸関連業,5d,5営業日,1,-0.5,-0.5,0.0,サンプル不足
v7,distance_high_120d,120日高値接近度,業種,倉庫・運輸関連業,10d,10営業日,1,0.5,0.5,1.0,サンプル不足
v7,distance_high_120d,120日高値接近度,業種,化学,1d,1営業日,40,-0.027626452697174647,-0.00900937462695559,0.475,評価可能
v7,distance_high_120d,120日高値接近度,業種,化学,3d,3営業日,39,-0.014521449432367595,-0.07142857142857144,0.46153846153846156,評価可能
v7,distance_high_120d,120日高値接近度,業種,化学,5d,5営業日,37,0.06668686092916866,0.14285714285714288,0.5675675675675675,評価可能
v7,distance_high_120d,120日高値接近度,業種,化学,10d,10営業日,32,0.06933162446440932,0.10785455733667473,0.625,評価可能
v7,distance_high_120d,120日高値接近度,業種,医薬品,1d,1営業日,3,0.5,0.5,1.0,サンプル不足
v7,distance_high_120d,120日高値接近度,業種,医薬品,3d,3営業日,3,-0.16666666666666666,-0.5,0.3333333333333333,サンプル不足
v7,distance_high_120d,120日高値接近度,業種,医薬品,5d,5営業日,3,0.0,-0.5,0.3333333333333333,サンプル不足
v7,distance_high_120d,120日高値接近度,業種,医薬品,10d,10営業日,3,0.0,-0.5,0.3333333333333333,サンプル不足
v7,distance_high_120d,120日高値接近度,業種,卸売業,1d,1営業日,36,0.07138283463021233,0.23636163629132695,0.6111111111111112,評価可能
v7,distance_high_120d,120日高値接近度,業種,卸売業,3d,3営業日,35,0.16101941906374237,0.39999999999999997,0.6285714285714286,評価可能
v7,distance_high_120d,120日高値接近度,業種,卸売業,5d,5営業日,33,0.3038760099393549,0.49999999999999994,0.7272727272727273,評価可能
v7,distance_high_120d,120日高値接近度,業種,卸売業,10d,10営業日,28,0.21238161525546503,0.38298126367784996,0.6785714285714286,サンプル不足
v7,distance_high_120d,120日高値接近度,業種,小売業,1d,1営業日,34,-0.22337954603241134,-0.17716768008367845,0.35294117647058826,評価可能
v7,distance_high_120d,120日高値接近度,業種,小売業,3d,3営業日,32,-0.13787996126749702,-0.23836018677813858,0.40625,評価可能
v7,distance_high_120d,120日高値接近度,業種,小売業,5d,5営業日,31,-0.1387639754786084,-0.101418510567422,0.3548387096774194,評価可能
v7,distance_high_120d,120日高値接近度,業種,小売業,10d,10営業日,27,-0.11953078795841447,-0.12198750911856665,0.4074074074074074,サンプル不足
v7,distance_high_120d,120日高値接近度,業種,建設業,1d,1営業日,7,0.08571428571428573,0.0,0.42857142857142855,サンプル不足
v7,distance_high_120d,120日高値接近度,業種,建設業,3d,3営業日,7,0.14285714285714285,0.0,0.42857142857142855,サンプル不足
v7,distance_high_120d,120日高値接近度,業種,建設業,5d,5営業日,7,0.12371791482634839,0.0,0.42857142857142855,サンプル不足
v7,distance_high_120d,120日高値接近度,業種,建設業,10d,10営業日,6,0.25,0.5,0.6666666666666666,サンプル不足
v7,distance_high_120d,120日高値接近度,業種,情報・通信業,1d,1営業日,41,0.014322308977631629,-0.04980445382612875,0.43902439024390244,評価可能
v7,distance_high_120d,120日高値接近度,業種,情報・通信業,3d,3営業日,39,0.09188877467892995,0.030358837035945815,0.5641025641025641,評価可能
v7,distance_high_120d,120日高値接近度,業種,情報・通信業,5d,5営業日,37,0.12445968607019378,0.12653798100771668,0.6756756756756757,評価可能
v7,distance_high_120d,120日高値接近度,業種,情報・通信業,10d,10営業日,32,0.11353241083074428,0.026147905621050106,0.5625,評価可能
v7,distance_high_120d,120日高値接近度,業種,機械,1d,1営業日,29,-0.009978053402995153,0.17964393928698885,0.5517241379310345,サンプル不足
v7,distance_high_120d,120日高値接近度,業種,機械,3d,3営業日,27,0.10798667310279136,0.1956043956043956,0.6666666666666666,サンプル不足
v7,distance_high_120d,120日高値接近度,業種,機械,5d,5営業日,26,0.028237346183697956,0.0,0.46153846153846156,サンプル不足
v7,distance_high_120d,120日高値接近度,業種,機械,10d,10営業日,21,0.034751803892253734,-0.03989851898824976,0.47619047619047616,サンプル不足
v7,distance_high_120d,120日高値接近度,業種,海運業,1d,1営業日,2,0.25,0.25,0.5,サンプル不足
v7,distance_high_120d,120日高値接近度,業種,海運業,3d,3営業日,2,-0.25,-0.25,0.0,サンプル不足
v7,distance_high_120d,120日高値接近度,業種,海運業,5d,5営業日,2,-0.06698729810778065,-0.06698729810778065,0.5,サンプル不足
v7,distance_high_120d,120日高値接近度,業種,海運業,10d,10営業日,1,0.0,0.0,0.0,サンプル不足
v7,distance_high_120d,120日高値接近度,業種,石油・石炭製品,1d,1営業日,0,,,,サンプル不足
v7,distance_high_120d,120日高値接近度,業種,石油・石炭製品,3d,3営業日,0,,,,サンプル不足
v7,distance_high_120d,120日高値接近度,業種,石油・石炭製品,5d,5営業日,0,,,,サンプル不足
v7,distance_high_120d,120日高値接近度,業種,石油・石炭製品,10d,10営業日,0,,,,サンプル不足
v7,distance_high_120d,120日高値接近度,業種,空運業,1d,1営業日,0,,,,サンプル不足
v7,distance_high_120d,120日高値接近度,業種,空運業,3d,3営業日,0,,,,サンプル不足
v7,distance_high_120d,120日高値接近度,業種,空運業,5d,5営業日,0,,,,サンプル不足
v7,distance_high_120d,120日高値接近度,業種,空運業,10d,10営業日,0,,,,サンプル不足
v7,distance_high_120d,120日高値接近度,業種,精密機器,1d,1営業日,14,-0.3091563875755624,-0.5,0.2857142857142857,サンプル不足
v7,distance_high_120d,120日高値接近度,業種,精密機器,3d,3営業日,12,-0.28600423396407315,-0.25,0.25,サンプル不足
v7,distance_high_120d,120日高値接近度,業種,精密機器,5d,5営業日,10,0.02339745962155612,0.15,0.5,サンプル不足
v7,distance_high_120d,120日高値接近度,業種,精密機器,10d,10営業日,9,-0.10733615597604877,0.0,0.4444444444444444,サンプル不足
v7,distance_high_120d,120日高値接近度,業種,繊維製品,1d,1営業日,0,,,,サンプル不足
v7,distance_high_120d,120日高値接近度,業種,繊維製品,3d,3営業日,0,,,,サンプル不足
v7,distance_high_120d,120日高値接近度,業種,繊維製品,5d,5営業日,0,,,,サンプル不足
v7,distance_high_120d,120日高値接近度,業種,繊維製品,10d,10営業日,0,,,,サンプル不足
v7,distance_high_120d,120日高値接近度,業種,証券、商品先物取引業,1d,1営業日,16,0.2285004905975314,0.5,0.625,サンプル不足
v7,distance_high_120d,120日高値接近度,業種,証券、商品先物取引業,3d,3営業日,16,0.007227358839931863,-0.09459074466105401,0.5,サンプル不足
v7,distance_high_120d,120日高値接近度,業種,証券、商品先物取引業,5d,5営業日,16,0.0038757634411192565,0.002972398440224816,0.5,サンプル不足
v7,distance_high_120d,120日高値接近度,業種,証券、商品先物取引業,10d,10営業日,16,0.17622102656697575,0.25,0.5,サンプル不足
v7,distance_high_120d,120日高値接近度,業種,輸送用機器,1d,1営業日,24,0.0870569844418748,0.15973093092379265,0.625,サンプル不足
v7,distance_high_120d,120日高値接近度,業種,輸送用機器,3d,3営業日,24,0.17053731371716885,0.25,0.5833333333333334,サンプル不足
v7,distance_high_120d,120日高値接近度,業種,輸送用機器,5d,5営業日,24,0.21703993816795478,0.4689403673143978,0.6666666666666666,サンプル不足
v7,distance_high_120d,120日高値接近度,業種,輸送用機器,10d,10営業日,21,0.41012669232068993,0.5,0.7619047619047619,サンプル不足
v7,distance_high_120d,120日高値接近度,業種,金属製品,1d,1営業日,14,-0.19637922884600356,-0.4177050983124842,0.35714285714285715,サンプル不足
v7,distance_high_120d,120日高値接近度,業種,金属製品,3d,3営業日,14,-0.03940081357162427,-0.1661938298108593,0.5,サンプル不足
v7,distance_high_120d,120日高値接近度,業種,金属製品,5d,5営業日,13,0.0805282796780963,0.0,0.46153846153846156,サンプル不足
v7,distance_high_120d,120日高値接近度,業種,金属製品,10d,10営業日,13,-0.033858621876328564,0.16903085094570333,0.5384615384615384,サンプル不足
v7,distance_high_120d,120日高値接近度,業種,鉄鋼,1d,1営業日,7,0.014656833601216501,0.0,0.42857142857142855,サンプル不足
v7,distance_high_120d,120日高値接近度,業種,鉄鋼,3d,3営業日,6,0.45086594506950517,0.5,0.8333333333333334,サンプル不足
v7,distance_high_120d,120日高値接近度,業種,鉄鋼,5d,5営業日,6,0.7102817097397199,0.6499999999999999,1.0,サンプル不足
v7,distance_high_120d,120日高値接近度,業種,鉄鋼,10d,10営業日,2,1.0,1.0,1.0,サンプル不足
v7,distance_high_120d,120日高値接近度,業種,鉱業,1d,1営業日,0,,,,サンプル不足
v7,distance_high_120d,120日高値接近度,業種,鉱業,3d,3営業日,0,,,,サンプル不足
v7,distance_high_120d,120日高値接近度,業種,鉱業,5d,5営業日,0,,,,サンプル不足
v7,distance_high_120d,120日高値接近度,業種,鉱業,10d,10営業日,0,,,,サンプル不足
v7,distance_high_120d,120日高値接近度,業種,銀行業,1d,1営業日,37,0.1213498907192927,0.19999999999999998,0.5675675675675675,評価可能
v7,distance_high_120d,120日高値接近度,業種,銀行業,3d,3営業日,35,-0.02232714303784827,-0.08571428571428573,0.37142857142857144,評価可能
v7,distance_high_120d,120日高値接近度,業種,銀行業,5d,5営業日,33,-0.018487844390003384,-0.07881104062391008,0.48484848484848486,評価可能
v7,distance_high_120d,120日高値接近度,業種,銀行業,10d,10営業日,30,-0.0383581887898363,-0.01785714285714286,0.4666666666666667,評価可能
v7,distance_high_120d,120日高値接近度,業種,陸運業,1d,1営業日,1,-0.5,-0.5,0.0,サンプル不足
v7,distance_high_120d,120日高値接近度,業種,陸運業,3d,3営業日,1,-0.5,-0.5,0.0,サンプル不足
v7,distance_high_120d,120日高値接近度,業種,陸運業,5d,5営業日,1,-1.0,-1.0,0.0,サンプル不足
v7,distance_high_120d,120日高値接近度,業種,陸運業,10d,10営業日,0,,,,サンプル不足
v7,distance_high_120d,120日高値接近度,業種,電気・ガス業,1d,1営業日,1,0.5,0.5,1.0,サンプル不足
v7,distance_high_120d,120日高値接近度,業種,電気・ガス業,3d,3営業日,1,0.5,0.5,1.0,サンプル不足
v7,distance_high_120d,120日高値接近度,業種,電気・ガス業,5d,5営業日,1,0.5,0.5,1.0,サンプル不足
v7,distance_high_120d,120日高値接近度,業種,電気・ガス業,10d,10営業日,1,0.5,0.5,1.0,サンプル不足
v7,distance_high_120d,120日高値接近度,業種,電気機器,1d,1営業日,41,0.013855121412314389,0.008703882797784892,0.5121951219512195,評価可能
v7,distance_high_120d,120日高値接近度,業種,電気機器,3d,3営業日,39,0.019459194989079772,-0.025327752406258,0.46153846153846156,評価可能
v7,distance_high_120d,120日高値接近度,業種,電気機器,5d,5営業日,37,0.016347715961470284,0.03310852860194021,0.5405405405405406,評価可能
v7,distance_high_120d,120日高値接近度,業種,電気機器,10d,10営業日,32,0.06745180894879993,0.11392903552494302,0.625,評価可能
v7,distance_high_120d,120日高値接近度,業種,非鉄金属,1d,1営業日,7,-0.34285714285714286,-0.5,0.2857142857142857,サンプル不足
v7,distance_high_120d,120日高値接近度,業種,非鉄金属,3d,3営業日,7,-0.21428571428571427,-0.5,0.42857142857142855,サンプル不足
v7,distance_high_120d,120日高値接近度,業種,非鉄金属,5d,5営業日,6,-0.31666666666666665,-0.55,0.3333333333333333,サンプル不足
v7,distance_high_120d,120日高値接近度,業種,非鉄金属,10d,10営業日,5,0.06,0.39999999999999997,0.6,サンプル不足
v7,distance_high_120d,120日高値接近度,業種,食料品,1d,1営業日,21,0.0213482261573788,-0.09999999999999999,0.38095238095238093,サンプル不足
v7,distance_high_120d,120日高値接近度,業種,食料品,3d,3営業日,21,-0.15236464072999534,-0.1311192051390295,0.38095238095238093,サンプル不足
v7,distance_high_120d,120日高値接近度,業種,食料品,5d,5営業日,20,-0.10236650432898287,0.0,0.45,サンプル不足
v7,distance_high_120d,120日高値接近度,業種,食料品,10d,10営業日,18,-0.041584871504265764,0.07444904020605912,0.5,サンプル不足
v7,volatility_20d,20日変動率,全体,全体,1d,1営業日,41,0.061486500829784956,0.04747674767476747,0.5853658536585366,評価可能
v7,volatility_20d,20日変動率,全体,全体,3d,3営業日,39,0.14065879558159178,0.14897089708970895,0.7435897435897436,評価可能
v7,volatility_20d,20日変動率,全体,全体,5d,5営業日,37,0.19969391591560068,0.17598559855985596,0.7567567567567568,評価可能
v7,volatility_20d,20日変動率,全体,全体,10d,10営業日,32,0.29871402438496886,0.4198679867986798,0.84375,評価可能
v7,volatility_20d,20日変動率,業種,その他製品,1d,1営業日,13,0.1021978021978022,0.39999999999999997,0.6153846153846154,サンプル不足
v7,volatility_20d,20日変動率,業種,その他製品,3d,3営業日,12,0.1892857142857143,0.44999999999999996,0.6666666666666666,サンプル不足
v7,volatility_20d,20日変動率,業種,その他製品,5d,5営業日,10,0.09714285714285713,0.3,0.6,サンプル不足
v7,volatility_20d,20日変動率,業種,その他製品,10d,10営業日,6,0.4166666666666667,0.6499999999999999,0.8333333333333334,サンプル不足
v7,volatility_20d,20日変動率,業種,その他金融業,1d,1営業日,2,0.0,0.0,0.5,サンプル不足
v7,volatility_20d,20日変動率,業種,その他金融業,3d,3営業日,2,-0.75,-0.75,0.0,サンプル不足
v7,volatility_20d,20日変動率,業種,その他金融業,5d,5営業日,2,-0.75,-0.75,0.0,サンプル不足
v7,volatility_20d,20日変動率,業種,その他金融業,10d,10営業日,2,-0.75,-0.75,0.0,サンプル不足
v7,volatility_20d,20日変動率,業種,ガラス・土石製品,1d,1営業日,2,0.5,0.5,1.0,サンプル不足
v7,volatility_20d,20日変動率,業種,ガラス・土石製品,3d,3営業日,2,1.0,1.0,1.0,サンプル不足
v7,volatility_20d,20日変動率,業種,ガラス・土石製品,5d,5営業日,2,0.75,0.75,1.0,サンプル不足
v7,volatility_20d,20日変動率,業種,ガラス・土石製品,10d,10営業日,2,1.0,1.0,1.0,サンプル不足
v7,volatility_20d,20日変動率,業種,ゴム製品,1d,1営業日,1,0.7999999999999999,0.7999999999999999,1.0,サンプル不足
v7,volatility_20d,20日変動率,業種,ゴム製品,3d,3営業日,1,1.0,1.0,1.0,サンプル不足
v7,volatility_20d,20日変動率,業種,ゴム製品,5d,5営業日,1,0.7999999999999999,0.7999999999999999,1.0,サンプル不足
v7,volatility_20d,20日変動率,業種,ゴム製品,10d,10営業日,0,,,,サンプル不足
v7,volatility_20d,20日変動率,業種,サービス業,1d,1営業日,41,-0.049831662103498604,-0.0303030303030303,0.4634146341463415,評価可能
v7,volatility_20d,20日変動率,業種,サービス業,3d,3営業日,39,0.05777470392855008,0.07142857142857144,0.5641025641025641,評価可能
v7,volatility_20d,20日変動率,業種,サービス業,5d,5営業日,37,0.07530536033375484,0.09523809523809526,0.5945945945945946,評価可能
v7,volatility_20d,20日変動率,業種,サービス業,10d,10営業日,32,0.16384455783240737,0.22251082251082252,0.71875,評価可能
v7,volatility_20d,20日変動率,業種,パルプ・紙,1d,1営業日,0,,,,サンプル不足
v7,volatility_20d,20日変動率,業種,パルプ・紙,3d,3営業日,0,,,,サンプル不足
v7,volatility_20d,20日変動率,業種,パルプ・紙,5d,5営業日,0,,,,サンプル不足
v7,volatility_20d,20日変動率,業種,パルプ・紙,10d,10営業日,0,,,,サンプル不足
v7,volatility_20d,20日変動率,業種,不動産業,1d,1営業日,4,-0.2553558591084672,-0.2607117182169344,0.25,サンプル不足
v7,volatility_20d,20日変動率,業種,不動産業,3d,3営業日,4,-0.275,-0.3,0.25,サンプル不足
v7,volatility_20d,20日変動率,業種,不動産業,5d,5営業日,4,-0.075,-0.15,0.25,サンプル不足
v7,volatility_20d,20日変動率,業種,不動産業,10d,10営業日,3,0.0,0.0,0.3333333333333333,サンプル不足
v7,volatility_20d,20日変動率,業種,保険業,1d,1営業日,18,0.06666666666666671,0.19999999999999998,0.5,サンプル不足
v7,volatility_20d,20日変動率,業種,保険業,3d,3営業日,18,-0.19999999999999998,-0.44999999999999996,0.3333333333333333,サンプル不足
v7,volatility_20d,20日変動率,業種,保険業,5d,5営業日,18,-0.16666666666666666,-0.5,0.3888888888888889,サンプル不足
v7,volatility_20d,20日変動率,業種,保険業,10d,10営業日,18,-0.06666666666666668,-0.19999999999999998,0.3888888888888889,サンプル不足
v7,volatility_20d,20日変動率,業種,倉庫・運輸関連業,1d,1営業日,1,1.0,1.0,1.0,サンプル不足
v7,volatility_20d,20日変動率,業種,倉庫・運輸関連業,3d,3営業日,1,1.0,1.0,1.0,サンプル不足
v7,volatility_20d,20日変動率,業種,倉庫・運輸関連業,5d,5営業日,1,-1.0,-1.0,0.0,サンプル不足
v7,volatility_20d,20日変動率,業種,倉庫・運輸関連業,10d,10営業日,1,-0.5,-0.5,0.0,サンプル不足
v7,volatility_20d,20日変動率,業種,化学,1d,1営業日,40,0.06261842324342326,0.19642857142857145,0.65,評価可能
v7,volatility_20d,20日変動率,業種,化学,3d,3営業日,39,0.023078630770938444,0.04895104895104895,0.5384615384615384,評価可能
v7,volatility_20d,20日変動率,業種,化学,5d,5営業日,37,0.05712935712935713,0.14285714285714288,0.5675675675675675,評価可能
v7,volatility_20d,20日変動率,業種,化学,10d,10営業日,32,0.1062645687645688,0.25,0.59375,評価可能
v7,volatility_20d,20日変動率,業種,医薬品,1d,1営業日,3,0.5,1.0,0.6666666666666666,サンプル不足
v7,volatility_20d,20日変動率,業種,医薬品,3d,3営業日,3,0.6666666666666666,0.5,1.0,サンプル不足
v7,volatility_20d,20日変動率,業種,医薬品,5d,5営業日,3,0.5,0.5,1.0,サンプル不足
v7,volatility_20d,20日変動率,業種,医薬品,10d,10営業日,3,0.5,0.5,1.0,サンプル不足
v7,volatility_20d,20日変動率,業種,卸売業,1d,1営業日,37,-0.09342414342414344,-0.049999999999999996,0.35135135135135137,評価可能
v7,volatility_20d,20日変動率,業種,卸売業,3d,3営業日,36,0.043209105709105716,-0.05,0.4722222222222222,評価可能
v7,volatility_20d,20日変動率,業種,卸売業,5d,5営業日,34,-0.0024044582868112166,-0.06580086580086582,0.4117647058823529,評価可能
v7,volatility_20d,20日変動率,業種,卸売業,10d,10営業日,29,-0.11535303776683085,-0.14285714285714288,0.3793103448275862,サンプル不足
v7,volatility_20d,20日変動率,業種,小売業,1d,1営業日,34,0.018752657377224858,-0.021428571428571425,0.47058823529411764,評価可能
v7,volatility_20d,20日変動率,業種,小売業,3d,3営業日,32,0.0004955981518481589,-0.008874458874458877,0.5,評価可能
v7,volatility_20d,20日変動率,業種,小売業,5d,5営業日,31,-0.06067101778676731,0.0,0.4838709677419355,評価可能
v7,volatility_20d,20日変動率,業種,小売業,10d,10営業日,27,-0.15793549224921777,-0.11071428571428568,0.37037037037037035,サンプル不足
v7,volatility_20d,20日変動率,業種,建設業,1d,1営業日,7,0.24285714285714288,0.5,0.7142857142857143,サンプル不足
v7,volatility_20d,20日変動率,業種,建設業,3d,3営業日,7,0.2714285714285714,0.5,0.7142857142857143,サンプル不足
v7,volatility_20d,20日変動率,業種,建設業,5d,5営業日,7,0.34285714285714286,0.5,0.8571428571428571,サンプル不足
v7,volatility_20d,20日変動率,業種,建設業,10d,10営業日,6,0.5666666666666667,0.75,0.8333333333333334,サンプル不足
v7,volatility_20d,20日変動率,業種,情報・通信業,1d,1営業日,41,0.06486560573748486,0.0823529411764706,0.6341463414634146,評価可能
v7,volatility_20d,20日変動率,業種,情報・通信業,3d,3営業日,39,0.164232294927304,0.16615067079463364,0.6410256410256411,評価可能
v7,volatility_20d,20日変動率,業種,情報・通信業,5d,5営業日,37,0.23272847774382582,0.2008695652173913,0.7837837837837838,評価可能
v7,volatility_20d,20日変動率,業種,情報・通信業,10d,10営業日,32,0.20560624423584803,0.15018736053218812,0.6875,評価可能
v7,volatility_20d,20日変動率,業種,機械,1d,1営業日,31,0.14461801639220995,0.3054945054945055,0.5806451612903226,評価可能
v7,volatility_20d,20日変動率,業種,機械,3d,3営業日,29,0.044973704456463044,0.0,0.41379310344827586,サンプル不足
v7,volatility_20d,20日変動率,業種,機械,5d,5営業日,27,0.1904832821499488,0.39999999999999997,0.5925925925925926,サンプル不足
v7,volatility_20d,20日変動率,業種,機械,10d,10営業日,22,0.4379688493324858,0.5,0.7727272727272727,サンプル不足
v7,volatility_20d,20日変動率,業種,海運業,1d,1営業日,2,-0.5,-0.5,0.0,サンプル不足
v7,volatility_20d,20日変動率,業種,海運業,3d,3営業日,2,0.0,0.0,0.5,サンプル不足
v7,volatility_20d,20日変動率,業種,海運業,5d,5営業日,2,0.0,0.0,0.5,サンプル不足
v7,volatility_20d,20日変動率,業種,海運業,10d,10営業日,1,-0.5,-0.5,0.0,サンプル不足
v7,volatility_20d,20日変動率,業種,石油・石炭製品,1d,1営業日,0,,,,サンプル不足
v7,volatility_20d,20日変動率,業種,石油・石炭製品,3d,3営業日,0,,,,サンプル不足
v7,volatility_20d,20日変動率,業種,石油・石炭製品,5d,5営業日,0,,,,サンプル不足
v7,volatility_20d,20日変動率,業種,石油・石炭製品,10d,10営業日,0,,,,サンプル不足
v7,volatility_20d,20日変動率,業種,空運業,1d,1営業日,0,,,,サンプル不足
v7,volatility_20d,20日変動率,業種,空運業,3d,3営業日,0,,,,サンプル不足
v7,volatility_20d,20日変動率,業種,空運業,5d,5営業日,0,,,,サンプル不足
v7,volatility_20d,20日変動率,業種,空運業,10d,10営業日,0,,,,サンプル不足
v7,volatility_20d,20日変動率,業種,精密機器,1d,1営業日,16,-0.34464285714285714,-0.5,0.3125,サンプル不足
v7,volatility_20d,20日変動率,業種,精密機器,3d,3営業日,14,-0.25,-0.5,0.2857142857142857,サンプル不足
v7,volatility_20d,20日変動率,業種,精密機器,5d,5営業日,12,0.06666666666666667,-0.2,0.5,サンプル不足
v7,volatility_20d,20日変動率,業種,精密機器,10d,10営業日,10,-0.13999999999999999,-0.44999999999999996,0.4,サンプル不足
v7,volatility_20d,20日変動率,業種,繊維製品,1d,1営業日,0,,,,サンプル不足
v7,volatility_20d,20日変動率,業種,繊維製品,3d,3営業日,0,,,,サンプル不足
v7,volatility_20d,20日変動率,業種,繊維製品,5d,5営業日,0,,,,サンプル不足
v7,volatility_20d,20日変動率,業種,繊維製品,10d,10営業日,0,,,,サンプル不足
v7,volatility_20d,20日変動率,業種,証券、商品先物取引業,1d,1営業日,17,-0.0453781512605042,-0.07142857142857144,0.47058823529411764,サンプル不足
v7,volatility_20d,20日変動率,業種,証券、商品先物取引業,3d,3営業日,17,0.04327731092436973,-0.19999999999999998,0.47058823529411764,サンプル不足
v7,volatility_20d,20日変動率,業種,証券、商品先物取引業,5d,5営業日,17,-0.018487394957983204,-0.21428571428571433,0.35294117647058826,サンプル不足
v7,volatility_20d,20日変動率,業種,証券、商品先物取引業,10d,10営業日,17,0.28907563025210087,0.5,0.7058823529411765,サンプル不足
v7,volatility_20d,20日変動率,業種,輸送用機器,1d,1営業日,25,-0.017714285714285728,0.0,0.48,サンプル不足
v7,volatility_20d,20日変動率,業種,輸送用機器,3d,3営業日,25,0.08609523809523811,0.2,0.56,サンプル不足
v7,volatility_20d,20日変動率,業種,輸送用機器,5d,5営業日,25,0.16838095238095238,0.19999999999999998,0.64,サンプル不足
v7,volatility_20d,20日変動率,業種,輸送用機器,10d,10営業日,21,0.5219954648526078,0.5428571428571429,0.9047619047619048,サンプル不足
v7,volatility_20d,20日変動率,業種,金属製品,1d,1営業日,16,-0.10178571428571428,-0.12142857142857144,0.375,サンプル不足
v7,volatility_20d,20日変動率,業種,金属製品,3d,3営業日,16,0.19821428571428573,0.09999999999999999,0.5,サンプル不足
v7,volatility_20d,20日変動率,業種,金属製品,5d,5営業日,15,0.23619047619047617,0.19999999999999998,0.7333333333333333,サンプル不足
v7,volatility_20d,20日変動率,業種,金属製品,10d,10営業日,15,0.3073015873015873,0.39999999999999997,0.6666666666666666,サンプル不足
v7,volatility_20d,20日変動率,業種,鉄鋼,1d,1営業日,7,0.34285714285714286,0.5,0.7142857142857143,サンプル不足
v7,volatility_20d,20日変動率,業種,鉄鋼,3d,3営業日,6,0.5499999999999999,0.7,0.8333333333333334,サンプル不足
v7,volatility_20d,20日変動率,業種,鉄鋼,5d,5営業日,6,0.75,0.75,1.0,サンプル不足
v7,volatility_20d,20日変動率,業種,鉄鋼,10d,10営業日,2,1.0,1.0,1.0,サンプル不足
v7,volatility_20d,20日変動率,業種,鉱業,1d,1営業日,0,,,,サンプル不足
v7,volatility_20d,20日変動率,業種,鉱業,3d,3営業日,0,,,,サンプル不足
v7,volatility_20d,20日変動率,業種,鉱業,5d,5営業日,0,,,,サンプル不足
v7,volatility_20d,20日変動率,業種,鉱業,10d,10営業日,0,,,,サンプル不足
v7,volatility_20d,20日変動率,業種,銀行業,1d,1営業日,38,0.0745089724747876,0.12225274725274726,0.5526315789473685,評価可能
v7,volatility_20d,20日変動率,業種,銀行業,3d,3営業日,36,0.034566943845779116,0.039285714285714285,0.5833333333333334,評価可能
v7,volatility_20d,20日変動率,業種,銀行業,5d,5営業日,34,0.08094311686007187,0.1593073593073593,0.5588235294117647,評価可能
v7,volatility_20d,20日変動率,業種,銀行業,10d,10営業日,31,0.20965022327451174,0.18131868131868134,0.7096774193548387,評価可能
v7,volatility_20d,20日変動率,業種,陸運業,1d,1営業日,1,1.0,1.0,1.0,サンプル不足
v7,volatility_20d,20日変動率,業種,陸運業,3d,3営業日,1,1.0,1.0,1.0,サンプル不足
v7,volatility_20d,20日変動率,業種,陸運業,5d,5営業日,1,0.5,0.5,1.0,サンプル不足
v7,volatility_20d,20日変動率,業種,陸運業,10d,10営業日,0,,,,サンプル不足
v7,volatility_20d,20日変動率,業種,電気・ガス業,1d,1営業日,1,-0.5,-0.5,0.0,サンプル不足
v7,volatility_20d,20日変動率,業種,電気・ガス業,3d,3営業日,1,-0.5,-0.5,0.0,サンプル不足
v7,volatility_20d,20日変動率,業種,電気・ガス業,5d,5営業日,1,-0.5,-0.5,0.0,サンプル不足
v7,volatility_20d,20日変動率,業種,電気・ガス業,10d,10営業日,1,-0.5,-0.5,0.0,サンプル不足
v7,volatility_20d,20日変動率,業種,電気機器,1d,1営業日,41,0.10574221876181376,0.10076923076923076,0.5853658536585366,評価可能
v7,volatility_20d,20日変動率,業種,電気機器,3d,3営業日,39,0.1890727469641966,0.22142857142857136,0.7435897435897436,評価可能
v7,volatility_20d,20日変動率,業種,電気機器,5d,5営業日,37,0.22445671826425828,0.2875213675213675,0.7837837837837838,評価可能
v7,volatility_20d,20日変動率,業種,電気機器,10d,10営業日,32,0.2772913000797077,0.3136996336996337,0.75,評価可能
v7,volatility_20d,20日変動率,業種,非鉄金属,1d,1営業日,7,-0.07142857142857142,-0.39999999999999997,0.2857142857142857,サンプル不足
v7,volatility_20d,20日変動率,業種,非鉄金属,3d,3営業日,7,0.042857142857142864,0.5,0.5714285714285714,サンプル不足
v7,volatility_20d,20日変動率,業種,非鉄金属,5d,5営業日,6,0.04999999999999997,0.2,0.5,サンプル不足
v7,volatility_20d,20日変動率,業種,非鉄金属,10d,10営業日,5,0.27999999999999997,0.5,0.6,サンプル不足
v7,volatility_20d,20日変動率,業種,食料品,1d,1営業日,22,-0.07830502830502829,-0.014285714285714287,0.4090909090909091,サンプル不足
v7,volatility_20d,20日変動率,業種,食料品,3d,3営業日,22,-0.052380952380952354,0.17142857142857143,0.5454545454545454,サンプル不足
v7,volatility_20d,20日変動率,業種,食料品,5d,5営業日,21,0.04465375893947324,0.09999999999999999,0.5238095238095238,サンプル不足
v7,volatility_20d,20日変動率,業種,食料品,10d,10営業日,19,0.2755157123578177,0.49999999999999994,0.6842105263157895,サンプル不足
