evaluation_version,factor_key,factor_label,group_name,group_value,horizon,horizon_label,ic_count,mean_ic,median_ic,positive_ic_rate,status
v4,score,総合スコア,全体,全体,1d,1営業日,1,-0.06721312459241675,-0.06721312459241675,0.0,サンプル不足
v4,score,総合スコア,全体,全体,3d,3営業日,1,0.1907482193146812,0.1907482193146812,1.0,サンプル不足
v4,score,総合スコア,全体,全体,5d,5営業日,1,0.222467581567651,0.222467581567651,1.0,サンプル不足
v4,score,総合スコア,全体,全体,10d,10営業日,1,0.025412693745994547,0.025412693745994547,1.0,サンプル不足
v4,score,総合スコア,業種,その他製品,1d,1営業日,0,,,,サンプル不足
v4,score,総合スコア,業種,その他製品,3d,3営業日,0,,,,サンプル不足
v4,score,総合スコア,業種,その他製品,5d,5営業日,0,,,,サンプル不足
v4,score,総合スコア,業種,その他製品,10d,10営業日,0,,,,サンプル不足
v4,score,総合スコア,業種,その他金融業,1d,1営業日,0,,,,サンプル不足
v4,score,総合スコア,業種,その他金融業,3d,3営業日,0,,,,サンプル不足
v4,score,総合スコア,業種,その他金融業,5d,5営業日,0,,,,サンプル不足
v4,score,総合スコア,業種,その他金融業,10d,10営業日,0,,,,サンプル不足
v4,score,総合スコア,業種,ガラス・土石製品,1d,1営業日,0,,,,サンプル不足
v4,score,総合スコア,業種,ガラス・土石製品,3d,3営業日,0,,,,サンプル不足
v4,score,総合スコア,業種,ガラス・土石製品,5d,5営業日,0,,,,サンプル不足
v4,score,総合スコア,業種,ガラス・土石製品,10d,10営業日,0,,,,サンプル不足
v4,score,総合スコア,業種,ゴム製品,1d,1営業日,0,,,,サンプル不足
v4,score,総合スコア,業種,ゴム製品,3d,3営業日,0,,,,サンプル不足
v4,score,総合スコア,業種,ゴム製品,5d,5営業日,0,,,,サンプル不足
v4,score,総合スコア,業種,ゴム製品,10d,10営業日,0,,,,サンプル不足
v4,score,総合スコア,業種,サービス業,1d,1営業日,1,-0.08571428571428573,-0.08571428571428573,0.0,サンプル不足
v4,score,総合スコア,業種,サービス業,3d,3営業日,1,0.08571428571428573,0.08571428571428573,1.0,サンプル不足
v4,score,総合スコア,業種,サービス業,5d,5営業日,1,0.14285714285714288,0.14285714285714288,1.0,サンプル不足
v4,score,総合スコア,業種,サービス業,10d,10営業日,1,0.3714285714285715,0.3714285714285715,1.0,サンプル不足
v4,score,総合スコア,業種,不動産業,1d,1営業日,0,,,,サンプル不足
v4,score,総合スコア,業種,不動産業,3d,3営業日,0,,,,サンプル不足
v4,score,総合スコア,業種,不動産業,5d,5営業日,0,,,,サンプル不足
v4,score,総合スコア,業種,不動産業,10d,10営業日,0,,,,サンプル不足
v4,score,総合スコア,業種,保険業,1d,1営業日,0,,,,サンプル不足
v4,score,総合スコア,業種,保険業,3d,3営業日,0,,,,サンプル不足
v4,score,総合スコア,業種,保険業,5d,5営業日,0,,,,サンプル不足
v4,score,総合スコア,業種,保険業,10d,10営業日,0,,,,サンプル不足
v4,score,総合スコア,業種,化学,1d,1営業日,1,-0.5659340659340659,-0.5659340659340659,0.0,サンプル不足
v4,score,総合スコア,業種,化学,3d,3営業日,1,-0.2967032967032967,-0.2967032967032967,0.0,サンプル不足
v4,score,総合スコア,業種,化学,5d,5営業日,1,-0.08241758241758242,-0.08241758241758242,0.0,サンプル不足
v4,score,総合スコア,業種,化学,10d,10営業日,1,0.15934065934065936,0.15934065934065936,1.0,サンプル不足
v4,score,総合スコア,業種,卸売業,1d,1営業日,0,,,,サンプル不足
v4,score,総合スコア,業種,卸売業,3d,3営業日,0,,,,サンプル不足
v4,score,総合スコア,業種,卸売業,5d,5営業日,0,,,,サンプル不足
v4,score,総合スコア,業種,卸売業,10d,10営業日,0,,,,サンプル不足
v4,score,総合スコア,業種,小売業,1d,1営業日,1,-0.5,-0.5,0.0,サンプル不足
v4,score,総合スコア,業種,小売業,3d,3営業日,1,-0.5,-0.5,0.0,サンプル不足
v4,score,総合スコア,業種,小売業,5d,5営業日,1,-0.5,-0.5,0.0,サンプル不足
v4,score,総合スコア,業種,小売業,10d,10営業日,1,0.5,0.5,1.0,サンプル不足
v4,score,総合スコア,業種,建設業,1d,1営業日,0,,,,サンプル不足
v4,score,総合スコア,業種,建設業,3d,3営業日,0,,,,サンプル不足
v4,score,総合スコア,業種,建設業,5d,5営業日,0,,,,サンプル不足
v4,score,総合スコア,業種,建設業,10d,10営業日,0,,,,サンプル不足
v4,score,総合スコア,業種,情報・通信業,1d,1営業日,1,-0.5,-0.5,0.0,サンプル不足
v4,score,総合スコア,業種,情報・通信業,3d,3営業日,1,-1.0,-1.0,0.0,サンプル不足
v4,score,総合スコア,業種,情報・通信業,5d,5営業日,1,-0.5,-0.5,0.0,サンプル不足
v4,score,総合スコア,業種,情報・通信業,10d,10営業日,1,-0.5,-0.5,0.0,サンプル不足
v4,score,総合スコア,業種,機械,1d,1営業日,1,-0.015584415584415586,-0.015584415584415586,0.0,サンプル不足
v4,score,総合スコア,業種,機械,3d,3営業日,1,-0.02077922077922078,-0.02077922077922078,0.0,サンプル不足
v4,score,総合スコア,業種,機械,5d,5営業日,1,0.05454545454545454,0.05454545454545454,1.0,サンプル不足
v4,score,総合スコア,業種,機械,10d,10営業日,1,-0.22987012987012984,-0.22987012987012984,0.0,サンプル不足
v4,score,総合スコア,業種,海運業,1d,1営業日,0,,,,サンプル不足
v4,score,総合スコア,業種,海運業,3d,3営業日,0,,,,サンプル不足
v4,score,総合スコア,業種,海運業,5d,5営業日,0,,,,サンプル不足
v4,score,総合スコア,業種,海運業,10d,10営業日,0,,,,サンプル不足
v4,score,総合スコア,業種,空運業,1d,1営業日,0,,,,サンプル不足
v4,score,総合スコア,業種,空運業,3d,3営業日,0,,,,サンプル不足
v4,score,総合スコア,業種,空運業,5d,5営業日,0,,,,サンプル不足
v4,score,総合スコア,業種,空運業,10d,10営業日,0,,,,サンプル不足
v4,score,総合スコア,業種,繊維製品,1d,1営業日,0,,,,サンプル不足
v4,score,総合スコア,業種,繊維製品,3d,3営業日,0,,,,サンプル不足
v4,score,総合スコア,業種,繊維製品,5d,5営業日,0,,,,サンプル不足
v4,score,総合スコア,業種,繊維製品,10d,10営業日,0,,,,サンプル不足
v4,score,総合スコア,業種,証券、商品先物取引業,1d,1営業日,0,,,,サンプル不足
v4,score,総合スコア,業種,証券、商品先物取引業,3d,3営業日,0,,,,サンプル不足
v4,score,総合スコア,業種,証券、商品先物取引業,5d,5営業日,0,,,,サンプル不足
v4,score,総合スコア,業種,証券、商品先物取引業,10d,10営業日,0,,,,サンプル不足
v4,score,総合スコア,業種,輸送用機器,1d,1営業日,1,-1.0,-1.0,0.0,サンプル不足
v4,score,総合スコア,業種,輸送用機器,3d,3営業日,1,0.5,0.5,1.0,サンプル不足
v4,score,総合スコア,業種,輸送用機器,5d,5営業日,1,0.5,0.5,1.0,サンプル不足
v4,score,総合スコア,業種,輸送用機器,10d,10営業日,1,-0.5,-0.5,0.0,サンプル不足
v4,score,総合スコア,業種,金属製品,1d,1営業日,1,-1.0,-1.0,0.0,サンプル不足
v4,score,総合スコア,業種,金属製品,3d,3営業日,1,-1.0,-1.0,0.0,サンプル不足
v4,score,総合スコア,業種,金属製品,5d,5営業日,1,-0.5,-0.5,0.0,サンプル不足
v4,score,総合スコア,業種,金属製品,10d,10営業日,1,-0.5,-0.5,0.0,サンプル不足
v4,score,総合スコア,業種,鉄鋼,1d,1営業日,0,,,,サンプル不足
v4,score,総合スコア,業種,鉄鋼,3d,3営業日,0,,,,サンプル不足
v4,score,総合スコア,業種,鉄鋼,5d,5営業日,0,,,,サンプル不足
v4,score,総合スコア,業種,鉄鋼,10d,10営業日,0,,,,サンプル不足
v4,score,総合スコア,業種,銀行業,1d,1営業日,1,-0.19999999999999998,-0.19999999999999998,0.0,サンプル不足
v4,score,総合スコア,業種,銀行業,3d,3営業日,1,0.7,0.7,1.0,サンプル不足
v4,score,総合スコア,業種,銀行業,5d,5営業日,1,0.39999999999999997,0.39999999999999997,1.0,サンプル不足
v4,score,総合スコア,業種,銀行業,10d,10営業日,1,0.09999999999999999,0.09999999999999999,1.0,サンプル不足
v4,score,総合スコア,業種,電気機器,1d,1営業日,1,0.0694522868435912,0.0694522868435912,1.0,サンプル不足
v4,score,総合スコア,業種,電気機器,3d,3営業日,1,0.08639186900056467,0.08639186900056467,1.0,サンプル不足
v4,score,総合スコア,業種,電気機器,5d,5営業日,1,-0.09203839638622249,-0.09203839638622249,0.0,サンプル不足
v4,score,総合スコア,業種,電気機器,10d,10営業日,1,-0.3325804630152457,-0.3325804630152457,0.0,サンプル不足
v4,score,総合スコア,業種,食料品,1d,1営業日,0,,,,サンプル不足
v4,score,総合スコア,業種,食料品,3d,3営業日,0,,,,サンプル不足
v4,score,総合スコア,業種,食料品,5d,5営業日,0,,,,サンプル不足
v4,score,総合スコア,業種,食料品,10d,10営業日,0,,,,サンプル不足
v4,return_20d,20日モメンタム,全体,全体,1d,1営業日,1,-0.0833123312331233,-0.0833123312331233,0.0,サンプル不足
v4,return_20d,20日モメンタム,全体,全体,3d,3営業日,1,0.11812781278127811,0.11812781278127811,1.0,サンプル不足
v4,return_20d,20日モメンタム,全体,全体,5d,5営業日,1,0.13466546654665465,0.13466546654665465,1.0,サンプル不足
v4,return_20d,20日モメンタム,全体,全体,10d,10営業日,1,-0.014641464146414639,-0.014641464146414639,0.0,サンプル不足
v4,return_20d,20日モメンタム,業種,その他製品,1d,1営業日,0,,,,サンプル不足
v4,return_20d,20日モメンタム,業種,その他製品,3d,3営業日,0,,,,サンプル不足
v4,return_20d,20日モメンタム,業種,その他製品,5d,5営業日,0,,,,サンプル不足
v4,return_20d,20日モメンタム,業種,その他製品,10d,10営業日,0,,,,サンプル不足
v4,return_20d,20日モメンタム,業種,その他金融業,1d,1営業日,0,,,,サンプル不足
v4,return_20d,20日モメンタム,業種,その他金融業,3d,3営業日,0,,,,サンプル不足
v4,return_20d,20日モメンタム,業種,その他金融業,5d,5営業日,0,,,,サンプル不足
v4,return_20d,20日モメンタム,業種,その他金融業,10d,10営業日,0,,,,サンプル不足
v4,return_20d,20日モメンタム,業種,ガラス・土石製品,1d,1営業日,0,,,,サンプル不足
v4,return_20d,20日モメンタム,業種,ガラス・土石製品,3d,3営業日,0,,,,サンプル不足
v4,return_20d,20日モメンタム,業種,ガラス・土石製品,5d,5営業日,0,,,,サンプル不足
v4,return_20d,20日モメンタム,業種,ガラス・土石製品,10d,10営業日,0,,,,サンプル不足
v4,return_20d,20日モメンタム,業種,ゴム製品,1d,1営業日,0,,,,サンプル不足
v4,return_20d,20日モメンタム,業種,ゴム製品,3d,3営業日,0,,,,サンプル不足
v4,return_20d,20日モメンタム,業種,ゴム製品,5d,5営業日,0,,,,サンプル不足
v4,return_20d,20日モメンタム,業種,ゴム製品,10d,10営業日,0,,,,サンプル不足
v4,return_20d,20日モメンタム,業種,サービス業,1d,1営業日,1,-0.7142857142857143,-0.7142857142857143,0.0,サンプル不足
v4,return_20d,20日モメンタム,業種,サービス業,3d,3営業日,1,-0.48571428571428577,-0.48571428571428577,0.0,サンプル不足
v4,return_20d,20日モメンタム,業種,サービス業,5d,5営業日,1,-0.2571428571428572,-0.2571428571428572,0.0,サンプル不足
v4,return_20d,20日モメンタム,業種,サービス業,10d,10営業日,1,-0.08571428571428573,-0.08571428571428573,0.0,サンプル不足
v4,return_20d,20日モメンタム,業種,不動産業,1d,1営業日,0,,,,サンプル不足
v4,return_20d,20日モメンタム,業種,不動産業,3d,3営業日,0,,,,サンプル不足
v4,return_20d,20日モメンタム,業種,不動産業,5d,5営業日,0,,,,サンプル不足
v4,return_20d,20日モメンタム,業種,不動産業,10d,10営業日,0,,,,サンプル不足
v4,return_20d,20日モメンタム,業種,保険業,1d,1営業日,0,,,,サンプル不足
v4,return_20d,20日モメンタム,業種,保険業,3d,3営業日,0,,,,サンプル不足
v4,return_20d,20日モメンタム,業種,保険業,5d,5営業日,0,,,,サンプル不足
v4,return_20d,20日モメンタム,業種,保険業,10d,10営業日,0,,,,サンプル不足
v4,return_20d,20日モメンタム,業種,化学,1d,1営業日,1,-0.46703296703296704,-0.46703296703296704,0.0,サンプル不足
v4,return_20d,20日モメンタム,業種,化学,3d,3営業日,1,0.3681318681318681,0.3681318681318681,1.0,サンプル不足
v4,return_20d,20日モメンタム,業種,化学,5d,5営業日,1,0.22527472527472525,0.22527472527472525,1.0,サンプル不足
v4,return_20d,20日モメンタム,業種,化学,10d,10営業日,1,-0.0934065934065934,-0.0934065934065934,0.0,サンプル不足
v4,return_20d,20日モメンタム,業種,卸売業,1d,1営業日,0,,,,サンプル不足
v4,return_20d,20日モメンタム,業種,卸売業,3d,3営業日,0,,,,サンプル不足
v4,return_20d,20日モメンタム,業種,卸売業,5d,5営業日,0,,,,サンプル不足
v4,return_20d,20日モメンタム,業種,卸売業,10d,10営業日,0,,,,サンプル不足
v4,return_20d,20日モメンタム,業種,小売業,1d,1営業日,1,-0.5,-0.5,0.0,サンプル不足
v4,return_20d,20日モメンタム,業種,小売業,3d,3営業日,1,-0.5,-0.5,0.0,サンプル不足
v4,return_20d,20日モメンタム,業種,小売業,5d,5営業日,1,-0.5,-0.5,0.0,サンプル不足
v4,return_20d,20日モメンタム,業種,小売業,10d,10営業日,1,0.5,0.5,1.0,サンプル不足
v4,return_20d,20日モメンタム,業種,建設業,1d,1営業日,0,,,,サンプル不足
v4,return_20d,20日モメンタム,業種,建設業,3d,3営業日,0,,,,サンプル不足
v4,return_20d,20日モメンタム,業種,建設業,5d,5営業日,0,,,,サンプル不足
v4,return_20d,20日モメンタム,業種,建設業,10d,10営業日,0,,,,サンプル不足
v4,return_20d,20日モメンタム,業種,情報・通信業,1d,1営業日,1,0.5,0.5,1.0,サンプル不足
v4,return_20d,20日モメンタム,業種,情報・通信業,3d,3営業日,1,-0.5,-0.5,0.0,サンプル不足
v4,return_20d,20日モメンタム,業種,情報・通信業,5d,5営業日,1,-1.0,-1.0,0.0,サンプル不足
v4,return_20d,20日モメンタム,業種,情報・通信業,10d,10営業日,1,0.5,0.5,1.0,サンプル不足
v4,return_20d,20日モメンタム,業種,機械,1d,1営業日,1,0.087012987012987,0.087012987012987,1.0,サンプル不足
v4,return_20d,20日モメンタム,業種,機械,3d,3営業日,1,0.07012987012987014,0.07012987012987014,1.0,サンプル不足
v4,return_20d,20日モメンタム,業種,機械,5d,5営業日,1,0.18311688311688312,0.18311688311688312,1.0,サンプル不足
v4,return_20d,20日モメンタム,業種,機械,10d,10営業日,1,-0.01948051948051948,-0.01948051948051948,0.0,サンプル不足
v4,return_20d,20日モメンタム,業種,海運業,1d,1営業日,0,,,,サンプル不足
v4,return_20d,20日モメンタム,業種,海運業,3d,3営業日,0,,,,サンプル不足
v4,return_20d,20日モメンタム,業種,海運業,5d,5営業日,0,,,,サンプル不足
v4,return_20d,20日モメンタム,業種,海運業,10d,10営業日,0,,,,サンプル不足
v4,return_20d,20日モメンタム,業種,空運業,1d,1営業日,0,,,,サンプル不足
v4,return_20d,20日モメンタム,業種,空運業,3d,3営業日,0,,,,サンプル不足
v4,return_20d,20日モメンタム,業種,空運業,5d,5営業日,0,,,,サンプル不足
v4,return_20d,20日モメンタム,業種,空運業,10d,10営業日,0,,,,サンプル不足
v4,return_20d,20日モメンタム,業種,繊維製品,1d,1営業日,0,,,,サンプル不足
v4,return_20d,20日モメンタム,業種,繊維製品,3d,3営業日,0,,,,サンプル不足
v4,return_20d,20日モメンタム,業種,繊維製品,5d,5営業日,0,,,,サンプル不足
v4,return_20d,20日モメンタム,業種,繊維製品,10d,10営業日,0,,,,サンプル不足
v4,return_20d,20日モメンタム,業種,証券、商品先物取引業,1d,1営業日,0,,,,サンプル不足
v4,return_20d,20日モメンタム,業種,証券、商品先物取引業,3d,3営業日,0,,,,サンプル不足
v4,return_20d,20日モメンタム,業種,証券、商品先物取引業,5d,5営業日,0,,,,サンプル不足
v4,return_20d,20日モメンタム,業種,証券、商品先物取引業,10d,10営業日,0,,,,サンプル不足
v4,return_20d,20日モメンタム,業種,輸送用機器,1d,1営業日,1,-1.0,-1.0,0.0,サンプル不足
v4,return_20d,20日モメンタム,業種,輸送用機器,3d,3営業日,1,0.5,0.5,1.0,サンプル不足
v4,return_20d,20日モメンタム,業種,輸送用機器,5d,5営業日,1,0.5,0.5,1.0,サンプル不足
v4,return_20d,20日モメンタム,業種,輸送用機器,10d,10営業日,1,-0.5,-0.5,0.0,サンプル不足
v4,return_20d,20日モメンタム,業種,金属製品,1d,1営業日,1,-1.0,-1.0,0.0,サンプル不足
v4,return_20d,20日モメンタム,業種,金属製品,3d,3営業日,1,-1.0,-1.0,0.0,サンプル不足
v4,return_20d,20日モメンタム,業種,金属製品,5d,5営業日,1,-0.5,-0.5,0.0,サンプル不足
v4,return_20d,20日モメンタム,業種,金属製品,10d,10営業日,1,-0.5,-0.5,0.0,サンプル不足
v4,return_20d,20日モメンタム,業種,鉄鋼,1d,1営業日,0,,,,サンプル不足
v4,return_20d,20日モメンタム,業種,鉄鋼,3d,3営業日,0,,,,サンプル不足
v4,return_20d,20日モメンタム,業種,鉄鋼,5d,5営業日,0,,,,サンプル不足
v4,return_20d,20日モメンタム,業種,鉄鋼,10d,10営業日,0,,,,サンプル不足
v4,return_20d,20日モメンタム,業種,銀行業,1d,1営業日,1,0.09999999999999999,0.09999999999999999,1.0,サンプル不足
v4,return_20d,20日モメンタム,業種,銀行業,3d,3営業日,1,0.8999999999999998,0.8999999999999998,1.0,サンプル不足
v4,return_20d,20日モメンタム,業種,銀行業,5d,5営業日,1,0.7,0.7,1.0,サンプル不足
v4,return_20d,20日モメンタム,業種,銀行業,10d,10営業日,1,0.3,0.3,1.0,サンプル不足
v4,return_20d,20日モメンタム,業種,電気機器,1d,1営業日,1,0.11236589497459064,0.11236589497459064,1.0,サンプル不足
v4,return_20d,20日モメンタム,業種,電気機器,3d,3営業日,1,0.18464144551101075,0.18464144551101075,1.0,サンプル不足
v4,return_20d,20日モメンタム,業種,電気機器,5d,5営業日,1,0.04912478825522304,0.04912478825522304,1.0,サンプル不足
v4,return_20d,20日モメンタム,業種,電気機器,10d,10営業日,1,-0.2941840767927725,-0.2941840767927725,0.0,サンプル不足
v4,return_20d,20日モメンタム,業種,食料品,1d,1営業日,0,,,,サンプル不足
v4,return_20d,20日モメンタム,業種,食料品,3d,3営業日,0,,,,サンプル不足
v4,return_20d,20日モメンタム,業種,食料品,5d,5営業日,0,,,,サンプル不足
v4,return_20d,20日モメンタム,業種,食料品,10d,10営業日,0,,,,サンプル不足
v4,return_60d,60日モメンタム,全体,全体,1d,1営業日,1,0.1197119711971197,0.1197119711971197,1.0,サンプル不足
v4,return_60d,60日モメンタム,全体,全体,3d,3営業日,1,0.35585958595859585,0.35585958595859585,1.0,サンプル不足
v4,return_60d,60日モメンタム,全体,全体,5d,5営業日,1,0.452001200120012,0.452001200120012,1.0,サンプル不足
v4,return_60d,60日モメンタム,全体,全体,10d,10営業日,1,0.15786378637863788,0.15786378637863788,1.0,サンプル不足
v4,return_60d,60日モメンタム,業種,その他製品,1d,1営業日,0,,,,サンプル不足
v4,return_60d,60日モメンタム,業種,その他製品,3d,3営業日,0,,,,サンプル不足
v4,return_60d,60日モメンタム,業種,その他製品,5d,5営業日,0,,,,サンプル不足
v4,return_60d,60日モメンタム,業種,その他製品,10d,10営業日,0,,,,サンプル不足
v4,return_60d,60日モメンタム,業種,その他金融業,1d,1営業日,0,,,,サンプル不足
v4,return_60d,60日モメンタム,業種,その他金融業,3d,3営業日,0,,,,サンプル不足
v4,return_60d,60日モメンタム,業種,その他金融業,5d,5営業日,0,,,,サンプル不足
v4,return_60d,60日モメンタム,業種,その他金融業,10d,10営業日,0,,,,サンプル不足
v4,return_60d,60日モメンタム,業種,ガラス・土石製品,1d,1営業日,0,,,,サンプル不足
v4,return_60d,60日モメンタム,業種,ガラス・土石製品,3d,3営業日,0,,,,サンプル不足
v4,return_60d,60日モメンタム,業種,ガラス・土石製品,5d,5営業日,0,,,,サンプル不足
v4,return_60d,60日モメンタム,業種,ガラス・土石製品,10d,10営業日,0,,,,サンプル不足
v4,return_60d,60日モメンタム,業種,ゴム製品,1d,1営業日,0,,,,サンプル不足
v4,return_60d,60日モメンタム,業種,ゴム製品,3d,3営業日,0,,,,サンプル不足
v4,return_60d,60日モメンタム,業種,ゴム製品,5d,5営業日,0,,,,サンプル不足
v4,return_60d,60日モメンタム,業種,ゴム製品,10d,10営業日,0,,,,サンプル不足
v4,return_60d,60日モメンタム,業種,サービス業,1d,1営業日,1,0.2,0.2,1.0,サンプル不足
v4,return_60d,60日モメンタム,業種,サービス業,3d,3営業日,1,0.48571428571428577,0.48571428571428577,1.0,サンプル不足
v4,return_60d,60日モメンタム,業種,サービス業,5d,5営業日,1,0.5428571428571429,0.5428571428571429,1.0,サンプル不足
v4,return_60d,60日モメンタム,業種,サービス業,10d,10営業日,1,0.7142857142857143,0.7142857142857143,1.0,サンプル不足
v4,return_60d,60日モメンタム,業種,不動産業,1d,1営業日,0,,,,サンプル不足
v4,return_60d,60日モメンタム,業種,不動産業,3d,3営業日,0,,,,サンプル不足
v4,return_60d,60日モメンタム,業種,不動産業,5d,5営業日,0,,,,サンプル不足
v4,return_60d,60日モメンタム,業種,不動産業,10d,10営業日,0,,,,サンプル不足
v4,return_60d,60日モメンタム,業種,保険業,1d,1営業日,0,,,,サンプル不足
v4,return_60d,60日モメンタム,業種,保険業,3d,3営業日,0,,,,サンプル不足
v4,return_60d,60日モメンタム,業種,保険業,5d,5営業日,0,,,,サンプル不足
v4,return_60d,60日モメンタム,業種,保険業,10d,10営業日,0,,,,サンプル不足
v4,return_60d,60日モメンタム,業種,化学,1d,1営業日,1,-0.2912087912087912,-0.2912087912087912,0.0,サンプル不足
v4,return_60d,60日モメンタム,業種,化学,3d,3営業日,1,0.2747252747252747,0.2747252747252747,1.0,サンプル不足
v4,return_60d,60日モメンタム,業種,化学,5d,5営業日,1,0.3516483516483516,0.3516483516483516,1.0,サンプル不足
v4,return_60d,60日モメンタム,業種,化学,10d,10営業日,1,-0.3681318681318681,-0.3681318681318681,0.0,サンプル不足
v4,return_60d,60日モメンタム,業種,卸売業,1d,1営業日,0,,,,サンプル不足
v4,return_60d,60日モメンタム,業種,卸売業,3d,3営業日,0,,,,サンプル不足
v4,return_60d,60日モメンタム,業種,卸売業,5d,5営業日,0,,,,サンプル不足
v4,return_60d,60日モメンタム,業種,卸売業,10d,10営業日,0,,,,サンプル不足
v4,return_60d,60日モメンタム,業種,小売業,1d,1営業日,1,0.5,0.5,1.0,サンプル不足
v4,return_60d,60日モメンタム,業種,小売業,3d,3営業日,1,0.5,0.5,1.0,サンプル不足
v4,return_60d,60日モメンタム,業種,小売業,5d,5営業日,1,0.5,0.5,1.0,サンプル不足
v4,return_60d,60日モメンタム,業種,小売業,10d,10営業日,1,1.0,1.0,1.0,サンプル不足
v4,return_60d,60日モメンタム,業種,建設業,1d,1営業日,0,,,,サンプル不足
v4,return_60d,60日モメンタム,業種,建設業,3d,3営業日,0,,,,サンプル不足
v4,return_60d,60日モメンタム,業種,建設業,5d,5営業日,0,,,,サンプル不足
v4,return_60d,60日モメンタム,業種,建設業,10d,10営業日,0,,,,サンプル不足
v4,return_60d,60日モメンタム,業種,情報・通信業,1d,1営業日,1,1.0,1.0,1.0,サンプル不足
v4,return_60d,60日モメンタム,業種,情報・通信業,3d,3営業日,1,0.5,0.5,1.0,サンプル不足
v4,return_60d,60日モメンタム,業種,情報・通信業,5d,5営業日,1,-0.5,-0.5,0.0,サンプル不足
v4,return_60d,60日モメンタム,業種,情報・通信業,10d,10営業日,1,1.0,1.0,1.0,サンプル不足
v4,return_60d,60日モメンタム,業種,機械,1d,1営業日,1,0.5,0.5,1.0,サンプル不足
v4,return_60d,60日モメンタム,業種,機械,3d,3営業日,1,0.22857142857142856,0.22857142857142856,1.0,サンプル不足
v4,return_60d,60日モメンタム,業種,機械,5d,5営業日,1,0.22337662337662337,0.22337662337662337,1.0,サンプル不足
v4,return_60d,60日モメンタム,業種,機械,10d,10営業日,1,0.11168831168831168,0.11168831168831168,1.0,サンプル不足
v4,return_60d,60日モメンタム,業種,海運業,1d,1営業日,0,,,,サンプル不足
v4,return_60d,60日モメンタム,業種,海運業,3d,3営業日,0,,,,サンプル不足
v4,return_60d,60日モメンタム,業種,海運業,5d,5営業日,0,,,,サンプル不足
v4,return_60d,60日モメンタム,業種,海運業,10d,10営業日,0,,,,サンプル不足
v4,return_60d,60日モメンタム,業種,空運業,1d,1営業日,0,,,,サンプル不足
v4,return_60d,60日モメンタム,業種,空運業,3d,3営業日,0,,,,サンプル不足
v4,return_60d,60日モメンタム,業種,空運業,5d,5営業日,0,,,,サンプル不足
v4,return_60d,60日モメンタム,業種,空運業,10d,10営業日,0,,,,サンプル不足
v4,return_60d,60日モメンタム,業種,繊維製品,1d,1営業日,0,,,,サンプル不足
v4,return_60d,60日モメンタム,業種,繊維製品,3d,3営業日,0,,,,サンプル不足
v4,return_60d,60日モメンタム,業種,繊維製品,5d,5営業日,0,,,,サンプル不足
v4,return_60d,60日モメンタム,業種,繊維製品,10d,10営業日,0,,,,サンプル不足
v4,return_60d,60日モメンタム,業種,証券、商品先物取引業,1d,1営業日,0,,,,サンプル不足
v4,return_60d,60日モメンタム,業種,証券、商品先物取引業,3d,3営業日,0,,,,サンプル不足
v4,return_60d,60日モメンタム,業種,証券、商品先物取引業,5d,5営業日,0,,,,サンプル不足
v4,return_60d,60日モメンタム,業種,証券、商品先物取引業,10d,10営業日,0,,,,サンプル不足
v4,return_60d,60日モメンタム,業種,輸送用機器,1d,1営業日,1,-0.5,-0.5,0.0,サンプル不足
v4,return_60d,60日モメンタム,業種,輸送用機器,3d,3営業日,1,1.0,1.0,1.0,サンプル不足
v4,return_60d,60日モメンタム,業種,輸送用機器,5d,5営業日,1,1.0,1.0,1.0,サンプル不足
v4,return_60d,60日モメンタム,業種,輸送用機器,10d,10営業日,1,0.5,0.5,1.0,サンプル不足
v4,return_60d,60日モメンタム,業種,金属製品,1d,1営業日,1,-0.5,-0.5,0.0,サンプル不足
v4,return_60d,60日モメンタム,業種,金属製品,3d,3営業日,1,-0.5,-0.5,0.0,サンプル不足
v4,return_60d,60日モメンタム,業種,金属製品,5d,5営業日,1,0.5,0.5,1.0,サンプル不足
v4,return_60d,60日モメンタム,業種,金属製品,10d,10営業日,1,0.5,0.5,1.0,サンプル不足
v4,return_60d,60日モメンタム,業種,鉄鋼,1d,1営業日,0,,,,サンプル不足
v4,return_60d,60日モメンタム,業種,鉄鋼,3d,3営業日,0,,,,サンプル不足
v4,return_60d,60日モメンタム,業種,鉄鋼,5d,5営業日,0,,,,サンプル不足
v4,return_60d,60日モメンタム,業種,鉄鋼,10d,10営業日,0,,,,サンプル不足
v4,return_60d,60日モメンタム,業種,銀行業,1d,1営業日,1,-0.49999999999999994,-0.49999999999999994,0.0,サンプル不足
v4,return_60d,60日モメンタム,業種,銀行業,3d,3営業日,1,0.49999999999999994,0.49999999999999994,1.0,サンプル不足
v4,return_60d,60日モメンタム,業種,銀行業,5d,5営業日,1,0.3,0.3,1.0,サンプル不足
v4,return_60d,60日モメンタム,業種,銀行業,10d,10営業日,1,-0.3,-0.3,0.0,サンプル不足
v4,return_60d,60日モメンタム,業種,電気機器,1d,1営業日,1,0.011857707509881424,0.011857707509881424,1.0,サンプル不足
v4,return_60d,60日モメンタム,業種,電気機器,3d,3営業日,1,0.04573687182382835,0.04573687182382835,1.0,サンプル不足
v4,return_60d,60日モメンタム,業種,電気機器,5d,5営業日,1,0.17108977978543197,0.17108977978543197,1.0,サンプル不足
v4,return_60d,60日モメンタム,業種,電気機器,10d,10営業日,1,-0.05477131564088086,-0.05477131564088086,0.0,サンプル不足
v4,return_60d,60日モメンタム,業種,食料品,1d,1営業日,0,,,,サンプル不足
v4,return_60d,60日モメンタム,業種,食料品,3d,3営業日,0,,,,サンプル不足
v4,return_60d,60日モメンタム,業種,食料品,5d,5営業日,0,,,,サンプル不足
v4,return_60d,60日モメンタム,業種,食料品,10d,10営業日,0,,,,サンプル不足
v4,return_120d,120日モメンタム,全体,全体,1d,1営業日,1,0.026450645064506447,0.026450645064506447,1.0,サンプル不足
v4,return_120d,120日モメンタム,全体,全体,3d,3営業日,1,0.31914791479147914,0.31914791479147914,1.0,サンプル不足
v4,return_120d,120日モメンタム,全体,全体,5d,5営業日,1,0.4600300030003,0.4600300030003,1.0,サンプル不足
v4,return_120d,120日モメンタム,全体,全体,10d,10営業日,1,0.16182418241824179,0.16182418241824179,1.0,サンプル不足
v4,return_120d,120日モメンタム,業種,その他製品,1d,1営業日,0,,,,サンプル不足
v4,return_120d,120日モメンタム,業種,その他製品,3d,3営業日,0,,,,サンプル不足
v4,return_120d,120日モメンタム,業種,その他製品,5d,5営業日,0,,,,サンプル不足
v4,return_120d,120日モメンタム,業種,その他製品,10d,10営業日,0,,,,サンプル不足
v4,return_120d,120日モメンタム,業種,その他金融業,1d,1営業日,0,,,,サンプル不足
v4,return_120d,120日モメンタム,業種,その他金融業,3d,3営業日,0,,,,サンプル不足
v4,return_120d,120日モメンタム,業種,その他金融業,5d,5営業日,0,,,,サンプル不足
v4,return_120d,120日モメンタム,業種,その他金融業,10d,10営業日,0,,,,サンプル不足
v4,return_120d,120日モメンタム,業種,ガラス・土石製品,1d,1営業日,0,,,,サンプル不足
v4,return_120d,120日モメンタム,業種,ガラス・土石製品,3d,3営業日,0,,,,サンプル不足
v4,return_120d,120日モメンタム,業種,ガラス・土石製品,5d,5営業日,0,,,,サンプル不足
v4,return_120d,120日モメンタム,業種,ガラス・土石製品,10d,10営業日,0,,,,サンプル不足
v4,return_120d,120日モメンタム,業種,ゴム製品,1d,1営業日,0,,,,サンプル不足
v4,return_120d,120日モメンタム,業種,ゴム製品,3d,3営業日,0,,,,サンプル不足
v4,return_120d,120日モメンタム,業種,ゴム製品,5d,5営業日,0,,,,サンプル不足
v4,return_120d,120日モメンタム,業種,ゴム製品,10d,10営業日,0,,,,サンプル不足
v4,return_120d,120日モメンタム,業種,サービス業,1d,1営業日,1,0.14285714285714288,0.14285714285714288,1.0,サンプル不足
v4,return_120d,120日モメンタム,業種,サービス業,3d,3営業日,1,0.3714285714285715,0.3714285714285715,1.0,サンプル不足
v4,return_120d,120日モメンタム,業種,サービス業,5d,5営業日,1,0.2571428571428572,0.2571428571428572,1.0,サンプル不足
v4,return_120d,120日モメンタム,業種,サービス業,10d,10営業日,1,0.3714285714285715,0.3714285714285715,1.0,サンプル不足
v4,return_120d,120日モメンタム,業種,不動産業,1d,1営業日,0,,,,サンプル不足
v4,return_120d,120日モメンタム,業種,不動産業,3d,3営業日,0,,,,サンプル不足
v4,return_120d,120日モメンタム,業種,不動産業,5d,5営業日,0,,,,サンプル不足
v4,return_120d,120日モメンタム,業種,不動産業,10d,10営業日,0,,,,サンプル不足
v4,return_120d,120日モメンタム,業種,保険業,1d,1営業日,0,,,,サンプル不足
v4,return_120d,120日モメンタム,業種,保険業,3d,3営業日,0,,,,サンプル不足
v4,return_120d,120日モメンタム,業種,保険業,5d,5営業日,0,,,,サンプル不足
v4,return_120d,120日モメンタム,業種,保険業,10d,10営業日,0,,,,サンプル不足
v4,return_120d,120日モメンタム,業種,化学,1d,1営業日,1,0.24175824175824176,0.24175824175824176,1.0,サンプル不足
v4,return_120d,120日モメンタム,業種,化学,3d,3営業日,1,0.34065934065934067,0.34065934065934067,1.0,サンプル不足
v4,return_120d,120日モメンタム,業種,化学,5d,5営業日,1,0.5549450549450549,0.5549450549450549,1.0,サンプル不足
v4,return_120d,120日モメンタム,業種,化学,10d,10営業日,1,-0.2582417582417582,-0.2582417582417582,0.0,サンプル不足
v4,return_120d,120日モメンタム,業種,卸売業,1d,1営業日,0,,,,サンプル不足
v4,return_120d,120日モメンタム,業種,卸売業,3d,3営業日,0,,,,サンプル不足
v4,return_120d,120日モメンタム,業種,卸売業,5d,5営業日,0,,,,サンプル不足
v4,return_120d,120日モメンタム,業種,卸売業,10d,10営業日,0,,,,サンプル不足
v4,return_120d,120日モメンタム,業種,小売業,1d,1営業日,1,-0.5,-0.5,0.0,サンプル不足
v4,return_120d,120日モメンタム,業種,小売業,3d,3営業日,1,-0.5,-0.5,0.0,サンプル不足
v4,return_120d,120日モメンタム,業種,小売業,5d,5営業日,1,-0.5,-0.5,0.0,サンプル不足
v4,return_120d,120日モメンタム,業種,小売業,10d,10営業日,1,0.5,0.5,1.0,サンプル不足
v4,return_120d,120日モメンタム,業種,建設業,1d,1営業日,0,,,,サンプル不足
v4,return_120d,120日モメンタム,業種,建設業,3d,3営業日,0,,,,サンプル不足
v4,return_120d,120日モメンタム,業種,建設業,5d,5営業日,0,,,,サンプル不足
v4,return_120d,120日モメンタム,業種,建設業,10d,10営業日,0,,,,サンプル不足
v4,return_120d,120日モメンタム,業種,情報・通信業,1d,1営業日,1,1.0,1.0,1.0,サンプル不足
v4,return_120d,120日モメンタム,業種,情報・通信業,3d,3営業日,1,0.5,0.5,1.0,サンプル不足
v4,return_120d,120日モメンタム,業種,情報・通信業,5d,5営業日,1,-0.5,-0.5,0.0,サンプル不足
v4,return_120d,120日モメンタム,業種,情報・通信業,10d,10営業日,1,1.0,1.0,1.0,サンプル不足
v4,return_120d,120日モメンタム,業種,機械,1d,1営業日,1,0.17922077922077922,0.17922077922077922,1.0,サンプル不足
v4,return_120d,120日モメンタム,業種,機械,3d,3営業日,1,0.14805194805194805,0.14805194805194805,1.0,サンプル不足
v4,return_120d,120日モメンタム,業種,機械,5d,5営業日,1,0.11428571428571428,0.11428571428571428,1.0,サンプル不足
v4,return_120d,120日モメンタム,業種,機械,10d,10営業日,1,-0.059740259740259746,-0.059740259740259746,0.0,サンプル不足
v4,return_120d,120日モメンタム,業種,海運業,1d,1営業日,0,,,,サンプル不足
v4,return_120d,120日モメンタム,業種,海運業,3d,3営業日,0,,,,サンプル不足
v4,return_120d,120日モメンタム,業種,海運業,5d,5営業日,0,,,,サンプル不足
v4,return_120d,120日モメンタム,業種,海運業,10d,10営業日,0,,,,サンプル不足
v4,return_120d,120日モメンタム,業種,空運業,1d,1営業日,0,,,,サンプル不足
v4,return_120d,120日モメンタム,業種,空運業,3d,3営業日,0,,,,サンプル不足
v4,return_120d,120日モメンタム,業種,空運業,5d,5営業日,0,,,,サンプル不足
v4,return_120d,120日モメンタム,業種,空運業,10d,10営業日,0,,,,サンプル不足
v4,return_120d,120日モメンタム,業種,繊維製品,1d,1営業日,0,,,,サンプル不足
v4,return_120d,120日モメンタム,業種,繊維製品,3d,3営業日,0,,,,サンプル不足
v4,return_120d,120日モメンタム,業種,繊維製品,5d,5営業日,0,,,,サンプル不足
v4,return_120d,120日モメンタム,業種,繊維製品,10d,10営業日,0,,,,サンプル不足
v4,return_120d,120日モメンタム,業種,証券、商品先物取引業,1d,1営業日,0,,,,サンプル不足
v4,return_120d,120日モメンタム,業種,証券、商品先物取引業,3d,3営業日,0,,,,サンプル不足
v4,return_120d,120日モメンタム,業種,証券、商品先物取引業,5d,5営業日,0,,,,サンプル不足
v4,return_120d,120日モメンタム,業種,証券、商品先物取引業,10d,10営業日,0,,,,サンプル不足
v4,return_120d,120日モメンタム,業種,輸送用機器,1d,1営業日,1,-1.0,-1.0,0.0,サンプル不足
v4,return_120d,120日モメンタム,業種,輸送用機器,3d,3営業日,1,0.5,0.5,1.0,サンプル不足
v4,return_120d,120日モメンタム,業種,輸送用機器,5d,5営業日,1,0.5,0.5,1.0,サンプル不足
v4,return_120d,120日モメンタム,業種,輸送用機器,10d,10営業日,1,-0.5,-0.5,0.0,サンプル不足
v4,return_120d,120日モメンタム,業種,金属製品,1d,1営業日,1,-0.5,-0.5,0.0,サンプル不足
v4,return_120d,120日モメンタム,業種,金属製品,3d,3営業日,1,-0.5,-0.5,0.0,サンプル不足
v4,return_120d,120日モメンタム,業種,金属製品,5d,5営業日,1,0.5,0.5,1.0,サンプル不足
v4,return_120d,120日モメンタム,業種,金属製品,10d,10営業日,1,0.5,0.5,1.0,サンプル不足
v4,return_120d,120日モメンタム,業種,鉄鋼,1d,1営業日,0,,,,サンプル不足
v4,return_120d,120日モメンタム,業種,鉄鋼,3d,3営業日,0,,,,サンプル不足
v4,return_120d,120日モメンタム,業種,鉄鋼,5d,5営業日,0,,,,サンプル不足
v4,return_120d,120日モメンタム,業種,鉄鋼,10d,10営業日,0,,,,サンプル不足
v4,return_120d,120日モメンタム,業種,銀行業,1d,1営業日,1,-0.3,-0.3,0.0,サンプル不足
v4,return_120d,120日モメンタム,業種,銀行業,3d,3営業日,1,0.3,0.3,1.0,サンプル不足
v4,return_120d,120日モメンタム,業種,銀行業,5d,5営業日,1,0.49999999999999994,0.49999999999999994,1.0,サンプル不足
v4,return_120d,120日モメンタム,業種,銀行業,10d,10営業日,1,-0.49999999999999994,-0.49999999999999994,0.0,サンプル不足
v4,return_120d,120日モメンタム,業種,電気機器,1d,1営業日,1,-0.17221908526256355,-0.17221908526256355,0.0,サンプル不足
v4,return_120d,120日モメンタム,業種,電気機器,3d,3営業日,1,-0.10333145115753813,-0.10333145115753813,0.0,サンプル不足
v4,return_120d,120日モメンタム,業種,電気機器,5d,5営業日,1,0.17221908526256355,0.17221908526256355,1.0,サンプル不足
v4,return_120d,120日モメンタム,業種,電気機器,10d,10営業日,1,-0.0016939582156973462,-0.0016939582156973462,0.0,サンプル不足
v4,return_120d,120日モメンタム,業種,食料品,1d,1営業日,0,,,,サンプル不足
v4,return_120d,120日モメンタム,業種,食料品,3d,3営業日,0,,,,サンプル不足
v4,return_120d,120日モメンタム,業種,食料品,5d,5営業日,0,,,,サンプル不足
v4,return_120d,120日モメンタム,業種,食料品,10d,10営業日,0,,,,サンプル不足
v4,distance_ma20,20日移動平均乖離,全体,全体,1d,1営業日,1,-0.0896009600960096,-0.0896009600960096,0.0,サンプル不足
v4,distance_ma20,20日移動平均乖離,全体,全体,3d,3営業日,1,0.024398439843984394,0.024398439843984394,1.0,サンプル不足
v4,distance_ma20,20日移動平均乖離,全体,全体,5d,5営業日,1,0.050405040504050404,0.050405040504050404,1.0,サンプル不足
v4,distance_ma20,20日移動平均乖離,全体,全体,10d,10営業日,1,-0.027254725472547252,-0.027254725472547252,0.0,サンプル不足
v4,distance_ma20,20日移動平均乖離,業種,その他製品,1d,1営業日,0,,,,サンプル不足
v4,distance_ma20,20日移動平均乖離,業種,その他製品,3d,3営業日,0,,,,サンプル不足
v4,distance_ma20,20日移動平均乖離,業種,その他製品,5d,5営業日,0,,,,サンプル不足
v4,distance_ma20,20日移動平均乖離,業種,その他製品,10d,10営業日,0,,,,サンプル不足
v4,distance_ma20,20日移動平均乖離,業種,その他金融業,1d,1営業日,0,,,,サンプル不足
v4,distance_ma20,20日移動平均乖離,業種,その他金融業,3d,3営業日,0,,,,サンプル不足
v4,distance_ma20,20日移動平均乖離,業種,その他金融業,5d,5営業日,0,,,,サンプル不足
v4,distance_ma20,20日移動平均乖離,業種,その他金融業,10d,10営業日,0,,,,サンプル不足
v4,distance_ma20,20日移動平均乖離,業種,ガラス・土石製品,1d,1営業日,0,,,,サンプル不足
v4,distance_ma20,20日移動平均乖離,業種,ガラス・土石製品,3d,3営業日,0,,,,サンプル不足
v4,distance_ma20,20日移動平均乖離,業種,ガラス・土石製品,5d,5営業日,0,,,,サンプル不足
v4,distance_ma20,20日移動平均乖離,業種,ガラス・土石製品,10d,10営業日,0,,,,サンプル不足
v4,distance_ma20,20日移動平均乖離,業種,ゴム製品,1d,1営業日,0,,,,サンプル不足
v4,distance_ma20,20日移動平均乖離,業種,ゴム製品,3d,3営業日,0,,,,サンプル不足
v4,distance_ma20,20日移動平均乖離,業種,ゴム製品,5d,5営業日,0,,,,サンプル不足
v4,distance_ma20,20日移動平均乖離,業種,ゴム製品,10d,10営業日,0,,,,サンプル不足
v4,distance_ma20,20日移動平均乖離,業種,サービス業,1d,1営業日,1,-0.3142857142857143,-0.3142857142857143,0.0,サンプル不足
v4,distance_ma20,20日移動平均乖離,業種,サービス業,3d,3営業日,1,-0.028571428571428574,-0.028571428571428574,0.0,サンプル不足
v4,distance_ma20,20日移動平均乖離,業種,サービス業,5d,5営業日,1,0.08571428571428573,0.08571428571428573,1.0,サンプル不足
v4,distance_ma20,20日移動平均乖離,業種,サービス業,10d,10営業日,1,0.14285714285714288,0.14285714285714288,1.0,サンプル不足
v4,distance_ma20,20日移動平均乖離,業種,不動産業,1d,1営業日,0,,,,サンプル不足
v4,distance_ma20,20日移動平均乖離,業種,不動産業,3d,3営業日,0,,,,サンプル不足
v4,distance_ma20,20日移動平均乖離,業種,不動産業,5d,5営業日,0,,,,サンプル不足
v4,distance_ma20,20日移動平均乖離,業種,不動産業,10d,10営業日,0,,,,サンプル不足
v4,distance_ma20,20日移動平均乖離,業種,保険業,1d,1営業日,0,,,,サンプル不足
v4,distance_ma20,20日移動平均乖離,業種,保険業,3d,3営業日,0,,,,サンプル不足
v4,distance_ma20,20日移動平均乖離,業種,保険業,5d,5営業日,0,,,,サンプル不足
v4,distance_ma20,20日移動平均乖離,業種,保険業,10d,10営業日,0,,,,サンプル不足
v4,distance_ma20,20日移動平均乖離,業種,化学,1d,1営業日,1,-0.14835164835164835,-0.14835164835164835,0.0,サンプル不足
v4,distance_ma20,20日移動平均乖離,業種,化学,3d,3営業日,1,0.08241758241758242,0.08241758241758242,1.0,サンプル不足
v4,distance_ma20,20日移動平均乖離,業種,化学,5d,5営業日,1,0.32417582417582413,0.32417582417582413,1.0,サンプル不足
v4,distance_ma20,20日移動平均乖離,業種,化学,10d,10営業日,1,0.13186813186813187,0.13186813186813187,1.0,サンプル不足
v4,distance_ma20,20日移動平均乖離,業種,卸売業,1d,1営業日,0,,,,サンプル不足
v4,distance_ma20,20日移動平均乖離,業種,卸売業,3d,3営業日,0,,,,サンプル不足
v4,distance_ma20,20日移動平均乖離,業種,卸売業,5d,5営業日,0,,,,サンプル不足
v4,distance_ma20,20日移動平均乖離,業種,卸売業,10d,10営業日,0,,,,サンプル不足
v4,distance_ma20,20日移動平均乖離,業種,小売業,1d,1営業日,1,-1.0,-1.0,0.0,サンプル不足
v4,distance_ma20,20日移動平均乖離,業種,小売業,3d,3営業日,1,-1.0,-1.0,0.0,サンプル不足
v4,distance_ma20,20日移動平均乖離,業種,小売業,5d,5営業日,1,-1.0,-1.0,0.0,サンプル不足
v4,distance_ma20,20日移動平均乖離,業種,小売業,10d,10営業日,1,-0.5,-0.5,0.0,サンプル不足
v4,distance_ma20,20日移動平均乖離,業種,建設業,1d,1営業日,0,,,,サンプル不足
v4,distance_ma20,20日移動平均乖離,業種,建設業,3d,3営業日,0,,,,サンプル不足
v4,distance_ma20,20日移動平均乖離,業種,建設業,5d,5営業日,0,,,,サンプル不足
v4,distance_ma20,20日移動平均乖離,業種,建設業,10d,10営業日,0,,,,サンプル不足
v4,distance_ma20,20日移動平均乖離,業種,情報・通信業,1d,1営業日,1,0.5,0.5,1.0,サンプル不足
v4,distance_ma20,20日移動平均乖離,業種,情報・通信業,3d,3営業日,1,-0.5,-0.5,0.0,サンプル不足
v4,distance_ma20,20日移動平均乖離,業種,情報・通信業,5d,5営業日,1,-1.0,-1.0,0.0,サンプル不足
v4,distance_ma20,20日移動平均乖離,業種,情報・通信業,10d,10営業日,1,0.5,0.5,1.0,サンプル不足
v4,distance_ma20,20日移動平均乖離,業種,機械,1d,1営業日,1,-0.2909090909090909,-0.2909090909090909,0.0,サンプル不足
v4,distance_ma20,20日移動平均乖離,業種,機械,3d,3営業日,1,-0.24155844155844156,-0.24155844155844156,0.0,サンプル不足
v4,distance_ma20,20日移動平均乖離,業種,機械,5d,5営業日,1,-0.1987012987012987,-0.1987012987012987,0.0,サンプル不足
v4,distance_ma20,20日移動平均乖離,業種,機械,10d,10営業日,1,-0.4194805194805195,-0.4194805194805195,0.0,サンプル不足
v4,distance_ma20,20日移動平均乖離,業種,海運業,1d,1営業日,0,,,,サンプル不足
v4,distance_ma20,20日移動平均乖離,業種,海運業,3d,3営業日,0,,,,サンプル不足
v4,distance_ma20,20日移動平均乖離,業種,海運業,5d,5営業日,0,,,,サンプル不足
v4,distance_ma20,20日移動平均乖離,業種,海運業,10d,10営業日,0,,,,サンプル不足
v4,distance_ma20,20日移動平均乖離,業種,空運業,1d,1営業日,0,,,,サンプル不足
v4,distance_ma20,20日移動平均乖離,業種,空運業,3d,3営業日,0,,,,サンプル不足
v4,distance_ma20,20日移動平均乖離,業種,空運業,5d,5営業日,0,,,,サンプル不足
v4,distance_ma20,20日移動平均乖離,業種,空運業,10d,10営業日,0,,,,サンプル不足
v4,distance_ma20,20日移動平均乖離,業種,繊維製品,1d,1営業日,0,,,,サンプル不足
v4,distance_ma20,20日移動平均乖離,業種,繊維製品,3d,3営業日,0,,,,サンプル不足
v4,distance_ma20,20日移動平均乖離,業種,繊維製品,5d,5営業日,0,,,,サンプル不足
v4,distance_ma20,20日移動平均乖離,業種,繊維製品,10d,10営業日,0,,,,サンプル不足
v4,distance_ma20,20日移動平均乖離,業種,証券、商品先物取引業,1d,1営業日,0,,,,サンプル不足
v4,distance_ma20,20日移動平均乖離,業種,証券、商品先物取引業,3d,3営業日,0,,,,サンプル不足
v4,distance_ma20,20日移動平均乖離,業種,証券、商品先物取引業,5d,5営業日,0,,,,サンプル不足
v4,distance_ma20,20日移動平均乖離,業種,証券、商品先物取引業,10d,10営業日,0,,,,サンプル不足
v4,distance_ma20,20日移動平均乖離,業種,輸送用機器,1d,1営業日,1,-1.0,-1.0,0.0,サンプル不足
v4,distance_ma20,20日移動平均乖離,業種,輸送用機器,3d,3営業日,1,0.5,0.5,1.0,サンプル不足
v4,distance_ma20,20日移動平均乖離,業種,輸送用機器,5d,5営業日,1,0.5,0.5,1.0,サンプル不足
v4,distance_ma20,20日移動平均乖離,業種,輸送用機器,10d,10営業日,1,-0.5,-0.5,0.0,サンプル不足
v4,distance_ma20,20日移動平均乖離,業種,金属製品,1d,1営業日,1,-1.0,-1.0,0.0,サンプル不足
v4,distance_ma20,20日移動平均乖離,業種,金属製品,3d,3営業日,1,-1.0,-1.0,0.0,サンプル不足
v4,distance_ma20,20日移動平均乖離,業種,金属製品,5d,5営業日,1,-0.5,-0.5,0.0,サンプル不足
v4,distance_ma20,20日移動平均乖離,業種,金属製品,10d,10営業日,1,-0.5,-0.5,0.0,サンプル不足
v4,distance_ma20,20日移動平均乖離,業種,鉄鋼,1d,1営業日,0,,,,サンプル不足
v4,distance_ma20,20日移動平均乖離,業種,鉄鋼,3d,3営業日,0,,,,サンプル不足
v4,distance_ma20,20日移動平均乖離,業種,鉄鋼,5d,5営業日,0,,,,サンプル不足
v4,distance_ma20,20日移動平均乖離,業種,鉄鋼,10d,10営業日,0,,,,サンプル不足
v4,distance_ma20,20日移動平均乖離,業種,銀行業,1d,1営業日,1,-0.09999999999999999,-0.09999999999999999,0.0,サンプル不足
v4,distance_ma20,20日移動平均乖離,業種,銀行業,3d,3営業日,1,0.6,0.6,1.0,サンプル不足
v4,distance_ma20,20日移動平均乖離,業種,銀行業,5d,5営業日,1,0.19999999999999998,0.19999999999999998,1.0,サンプル不足
v4,distance_ma20,20日移動平均乖離,業種,銀行業,10d,10営業日,1,0.3,0.3,1.0,サンプル不足
v4,distance_ma20,20日移動平均乖離,業種,電気機器,1d,1営業日,1,0.20722755505364204,0.20722755505364204,1.0,サンプル不足
v4,distance_ma20,20日移動平均乖離,業種,電気機器,3d,3営業日,1,0.30434782608695654,0.30434782608695654,1.0,サンプル不足
v4,distance_ma20,20日移動平均乖離,業種,電気機器,5d,5営業日,1,0.1225296442687747,0.1225296442687747,1.0,サンプル不足
v4,distance_ma20,20日移動平均乖離,業種,電気機器,10d,10営業日,1,-0.17108977978543197,-0.17108977978543197,0.0,サンプル不足
v4,distance_ma20,20日移動平均乖離,業種,食料品,1d,1営業日,0,,,,サンプル不足
v4,distance_ma20,20日移動平均乖離,業種,食料品,3d,3営業日,0,,,,サンプル不足
v4,distance_ma20,20日移動平均乖離,業種,食料品,5d,5営業日,0,,,,サンプル不足
v4,distance_ma20,20日移動平均乖離,業種,食料品,10d,10営業日,0,,,,サンプル不足
v4,distance_ma60,60日移動平均乖離,全体,全体,1d,1営業日,1,0.01836183618361836,0.01836183618361836,1.0,サンプル不足
v4,distance_ma60,60日移動平均乖離,全体,全体,3d,3営業日,1,0.22804680468046803,0.22804680468046803,1.0,サンプル不足
v4,distance_ma60,60日移動平均乖離,全体,全体,5d,5営業日,1,0.3491749174917491,0.3491749174917491,1.0,サンプル不足
v4,distance_ma60,60日移動平均乖離,全体,全体,10d,10営業日,1,0.12255625562556254,0.12255625562556254,1.0,サンプル不足
v4,distance_ma60,60日移動平均乖離,業種,その他製品,1d,1営業日,0,,,,サンプル不足
v4,distance_ma60,60日移動平均乖離,業種,その他製品,3d,3営業日,0,,,,サンプル不足
v4,distance_ma60,60日移動平均乖離,業種,その他製品,5d,5営業日,0,,,,サンプル不足
v4,distance_ma60,60日移動平均乖離,業種,その他製品,10d,10営業日,0,,,,サンプル不足
v4,distance_ma60,60日移動平均乖離,業種,その他金融業,1d,1営業日,0,,,,サンプル不足
v4,distance_ma60,60日移動平均乖離,業種,その他金融業,3d,3営業日,0,,,,サンプル不足
v4,distance_ma60,60日移動平均乖離,業種,その他金融業,5d,5営業日,0,,,,サンプル不足
v4,distance_ma60,60日移動平均乖離,業種,その他金融業,10d,10営業日,0,,,,サンプル不足
v4,distance_ma60,60日移動平均乖離,業種,ガラス・土石製品,1d,1営業日,0,,,,サンプル不足
v4,distance_ma60,60日移動平均乖離,業種,ガラス・土石製品,3d,3営業日,0,,,,サンプル不足
v4,distance_ma60,60日移動平均乖離,業種,ガラス・土石製品,5d,5営業日,0,,,,サンプル不足
v4,distance_ma60,60日移動平均乖離,業種,ガラス・土石製品,10d,10営業日,0,,,,サンプル不足
v4,distance_ma60,60日移動平均乖離,業種,ゴム製品,1d,1営業日,0,,,,サンプル不足
v4,distance_ma60,60日移動平均乖離,業種,ゴム製品,3d,3営業日,0,,,,サンプル不足
v4,distance_ma60,60日移動平均乖離,業種,ゴム製品,5d,5営業日,0,,,,サンプル不足
v4,distance_ma60,60日移動平均乖離,業種,ゴム製品,10d,10営業日,0,,,,サンプル不足
v4,distance_ma60,60日移動平均乖離,業種,サービス業,1d,1営業日,1,0.028571428571428574,0.028571428571428574,1.0,サンプル不足
v4,distance_ma60,60日移動平均乖離,業種,サービス業,3d,3営業日,1,0.3142857142857143,0.3142857142857143,1.0,サンプル不足
v4,distance_ma60,60日移動平均乖離,業種,サービス業,5d,5営業日,1,0.48571428571428577,0.48571428571428577,1.0,サンプル不足
v4,distance_ma60,60日移動平均乖離,業種,サービス業,10d,10営業日,1,0.7142857142857143,0.7142857142857143,1.0,サンプル不足
v4,distance_ma60,60日移動平均乖離,業種,不動産業,1d,1営業日,0,,,,サンプル不足
v4,distance_ma60,60日移動平均乖離,業種,不動産業,3d,3営業日,0,,,,サンプル不足
v4,distance_ma60,60日移動平均乖離,業種,不動産業,5d,5営業日,0,,,,サンプル不足
v4,distance_ma60,60日移動平均乖離,業種,不動産業,10d,10営業日,0,,,,サンプル不足
v4,distance_ma60,60日移動平均乖離,業種,保険業,1d,1営業日,0,,,,サンプル不足
v4,distance_ma60,60日移動平均乖離,業種,保険業,3d,3営業日,0,,,,サンプル不足
v4,distance_ma60,60日移動平均乖離,業種,保険業,5d,5営業日,0,,,,サンプル不足
v4,distance_ma60,60日移動平均乖離,業種,保険業,10d,10営業日,0,,,,サンプル不足
v4,distance_ma60,60日移動平均乖離,業種,化学,1d,1営業日,1,-0.4340659340659341,-0.4340659340659341,0.0,サンプル不足
v4,distance_ma60,60日移動平均乖離,業種,化学,3d,3営業日,1,0.2857142857142857,0.2857142857142857,1.0,サンプル不足
v4,distance_ma60,60日移動平均乖離,業種,化学,5d,5営業日,1,0.3186813186813187,0.3186813186813187,1.0,サンプル不足
v4,distance_ma60,60日移動平均乖離,業種,化学,10d,10営業日,1,-0.1868131868131868,-0.1868131868131868,0.0,サンプル不足
v4,distance_ma60,60日移動平均乖離,業種,卸売業,1d,1営業日,0,,,,サンプル不足
v4,distance_ma60,60日移動平均乖離,業種,卸売業,3d,3営業日,0,,,,サンプル不足
v4,distance_ma60,60日移動平均乖離,業種,卸売業,5d,5営業日,0,,,,サンプル不足
v4,distance_ma60,60日移動平均乖離,業種,卸売業,10d,10営業日,0,,,,サンプル不足
v4,distance_ma60,60日移動平均乖離,業種,小売業,1d,1営業日,1,-0.5,-0.5,0.0,サンプル不足
v4,distance_ma60,60日移動平均乖離,業種,小売業,3d,3営業日,1,-0.5,-0.5,0.0,サンプル不足
v4,distance_ma60,60日移動平均乖離,業種,小売業,5d,5営業日,1,-0.5,-0.5,0.0,サンプル不足
v4,distance_ma60,60日移動平均乖離,業種,小売業,10d,10営業日,1,0.5,0.5,1.0,サンプル不足
v4,distance_ma60,60日移動平均乖離,業種,建設業,1d,1営業日,0,,,,サンプル不足
v4,distance_ma60,60日移動平均乖離,業種,建設業,3d,3営業日,0,,,,サンプル不足
v4,distance_ma60,60日移動平均乖離,業種,建設業,5d,5営業日,0,,,,サンプル不足
v4,distance_ma60,60日移動平均乖離,業種,建設業,10d,10営業日,0,,,,サンプル不足
v4,distance_ma60,60日移動平均乖離,業種,情報・通信業,1d,1営業日,1,0.5,0.5,1.0,サンプル不足
v4,distance_ma60,60日移動平均乖離,業種,情報・通信業,3d,3営業日,1,-0.5,-0.5,0.0,サンプル不足
v4,distance_ma60,60日移動平均乖離,業種,情報・通信業,5d,5営業日,1,-1.0,-1.0,0.0,サンプル不足
v4,distance_ma60,60日移動平均乖離,業種,情報・通信業,10d,10営業日,1,0.5,0.5,1.0,サンプル不足
v4,distance_ma60,60日移動平均乖離,業種,機械,1d,1営業日,1,0.3103896103896104,0.3103896103896104,1.0,サンプル不足
v4,distance_ma60,60日移動平均乖離,業種,機械,3d,3営業日,1,0.0935064935064935,0.0935064935064935,1.0,サンプル不足
v4,distance_ma60,60日移動平均乖離,業種,機械,5d,5営業日,1,0.14285714285714285,0.14285714285714285,1.0,サンプル不足
v4,distance_ma60,60日移動平均乖離,業種,機械,10d,10営業日,1,-0.006493506493506493,-0.006493506493506493,0.0,サンプル不足
v4,distance_ma60,60日移動平均乖離,業種,海運業,1d,1営業日,0,,,,サンプル不足
v4,distance_ma60,60日移動平均乖離,業種,海運業,3d,3営業日,0,,,,サンプル不足
v4,distance_ma60,60日移動平均乖離,業種,海運業,5d,5営業日,0,,,,サンプル不足
v4,distance_ma60,60日移動平均乖離,業種,海運業,10d,10営業日,0,,,,サンプル不足
v4,distance_ma60,60日移動平均乖離,業種,空運業,1d,1営業日,0,,,,サンプル不足
v4,distance_ma60,60日移動平均乖離,業種,空運業,3d,3営業日,0,,,,サンプル不足
v4,distance_ma60,60日移動平均乖離,業種,空運業,5d,5営業日,0,,,,サンプル不足
v4,distance_ma60,60日移動平均乖離,業種,空運業,10d,10営業日,0,,,,サンプル不足
v4,distance_ma60,60日移動平均乖離,業種,繊維製品,1d,1営業日,0,,,,サンプル不足
v4,distance_ma60,60日移動平均乖離,業種,繊維製品,3d,3営業日,0,,,,サンプル不足
v4,distance_ma60,60日移動平均乖離,業種,繊維製品,5d,5営業日,0,,,,サンプル不足
v4,distance_ma60,60日移動平均乖離,業種,繊維製品,10d,10営業日,0,,,,サンプル不足
v4,distance_ma60,60日移動平均乖離,業種,証券、商品先物取引業,1d,1営業日,0,,,,サンプル不足
v4,distance_ma60,60日移動平均乖離,業種,証券、商品先物取引業,3d,3営業日,0,,,,サンプル不足
v4,distance_ma60,60日移動平均乖離,業種,証券、商品先物取引業,5d,5営業日,0,,,,サンプル不足
v4,distance_ma60,60日移動平均乖離,業種,証券、商品先物取引業,10d,10営業日,0,,,,サンプル不足
v4,distance_ma60,60日移動平均乖離,業種,輸送用機器,1d,1営業日,1,-1.0,-1.0,0.0,サンプル不足
v4,distance_ma60,60日移動平均乖離,業種,輸送用機器,3d,3営業日,1,0.5,0.5,1.0,サンプル不足
v4,distance_ma60,60日移動平均乖離,業種,輸送用機器,5d,5営業日,1,0.5,0.5,1.0,サンプル不足
v4,distance_ma60,60日移動平均乖離,業種,輸送用機器,10d,10営業日,1,-0.5,-0.5,0.0,サンプル不足
v4,distance_ma60,60日移動平均乖離,業種,金属製品,1d,1営業日,1,-1.0,-1.0,0.0,サンプル不足
v4,distance_ma60,60日移動平均乖離,業種,金属製品,3d,3営業日,1,-1.0,-1.0,0.0,サンプル不足
v4,distance_ma60,60日移動平均乖離,業種,金属製品,5d,5営業日,1,-0.5,-0.5,0.0,サンプル不足
v4,distance_ma60,60日移動平均乖離,業種,金属製品,10d,10営業日,1,-0.5,-0.5,0.0,サンプル不足
v4,distance_ma60,60日移動平均乖離,業種,鉄鋼,1d,1営業日,0,,,,サンプル不足
v4,distance_ma60,60日移動平均乖離,業種,鉄鋼,3d,3営業日,0,,,,サンプル不足
v4,distance_ma60,60日移動平均乖離,業種,鉄鋼,5d,5営業日,0,,,,サンプル不足
v4,distance_ma60,60日移動平均乖離,業種,鉄鋼,10d,10営業日,0,,,,サンプル不足
v4,distance_ma60,60日移動平均乖離,業種,銀行業,1d,1営業日,1,-0.49999999999999994,-0.49999999999999994,0.0,サンプル不足
v4,distance_ma60,60日移動平均乖離,業種,銀行業,3d,3営業日,1,0.49999999999999994,0.49999999999999994,1.0,サンプル不足
v4,distance_ma60,60日移動平均乖離,業種,銀行業,5d,5営業日,1,0.3,0.3,1.0,サンプル不足
v4,distance_ma60,60日移動平均乖離,業種,銀行業,10d,10営業日,1,-0.3,-0.3,0.0,サンプル不足
v4,distance_ma60,60日移動平均乖離,業種,電気機器,1d,1営業日,1,0.07622811970638058,0.07622811970638058,1.0,サンプル不足
v4,distance_ma60,60日移動平均乖離,業種,電気機器,3d,3営業日,1,0.10671936758893281,0.10671936758893281,1.0,サンプル不足
v4,distance_ma60,60日移動平均乖離,業種,電気機器,5d,5営業日,1,0.15866741953698477,0.15866741953698477,1.0,サンプル不足
v4,distance_ma60,60日移動平均乖離,業種,電気機器,10d,10営業日,1,-0.14963297571993225,-0.14963297571993225,0.0,サンプル不足
v4,distance_ma60,60日移動平均乖離,業種,食料品,1d,1営業日,0,,,,サンプル不足
v4,distance_ma60,60日移動平均乖離,業種,食料品,3d,3営業日,0,,,,サンプル不足
v4,distance_ma60,60日移動平均乖離,業種,食料品,5d,5営業日,0,,,,サンプル不足
v4,distance_ma60,60日移動平均乖離,業種,食料品,10d,10営業日,0,,,,サンプル不足
v4,avg_turnover_20d,20日平均売買代金,全体,全体,1d,1営業日,1,-0.1051065106510651,-0.1051065106510651,0.0,サンプル不足
v4,avg_turnover_20d,20日平均売買代金,全体,全体,3d,3営業日,1,-0.034695469546954696,-0.034695469546954696,0.0,サンプル不足
v4,avg_turnover_20d,20日平均売買代金,全体,全体,5d,5営業日,1,-0.06822682268226822,-0.06822682268226822,0.0,サンプル不足
v4,avg_turnover_20d,20日平均売買代金,全体,全体,10d,10営業日,1,-0.17432943294329434,-0.17432943294329434,0.0,サンプル不足
v4,avg_turnover_20d,20日平均売買代金,業種,その他製品,1d,1営業日,0,,,,サンプル不足
v4,avg_turnover_20d,20日平均売買代金,業種,その他製品,3d,3営業日,0,,,,サンプル不足
v4,avg_turnover_20d,20日平均売買代金,業種,その他製品,5d,5営業日,0,,,,サンプル不足
v4,avg_turnover_20d,20日平均売買代金,業種,その他製品,10d,10営業日,0,,,,サンプル不足
v4,avg_turnover_20d,20日平均売買代金,業種,その他金融業,1d,1営業日,0,,,,サンプル不足
v4,avg_turnover_20d,20日平均売買代金,業種,その他金融業,3d,3営業日,0,,,,サンプル不足
v4,avg_turnover_20d,20日平均売買代金,業種,その他金融業,5d,5営業日,0,,,,サンプル不足
v4,avg_turnover_20d,20日平均売買代金,業種,その他金融業,10d,10営業日,0,,,,サンプル不足
v4,avg_turnover_20d,20日平均売買代金,業種,ガラス・土石製品,1d,1営業日,0,,,,サンプル不足
v4,avg_turnover_20d,20日平均売買代金,業種,ガラス・土石製品,3d,3営業日,0,,,,サンプル不足
v4,avg_turnover_20d,20日平均売買代金,業種,ガラス・土石製品,5d,5営業日,0,,,,サンプル不足
v4,avg_turnover_20d,20日平均売買代金,業種,ガラス・土石製品,10d,10営業日,0,,,,サンプル不足
v4,avg_turnover_20d,20日平均売買代金,業種,ゴム製品,1d,1営業日,0,,,,サンプル不足
v4,avg_turnover_20d,20日平均売買代金,業種,ゴム製品,3d,3営業日,0,,,,サンプル不足
v4,avg_turnover_20d,20日平均売買代金,業種,ゴム製品,5d,5営業日,0,,,,サンプル不足
v4,avg_turnover_20d,20日平均売買代金,業種,ゴム製品,10d,10営業日,0,,,,サンプル不足
v4,avg_turnover_20d,20日平均売買代金,業種,サービス業,1d,1営業日,1,-0.028571428571428574,-0.028571428571428574,0.0,サンプル不足
v4,avg_turnover_20d,20日平均売買代金,業種,サービス業,3d,3営業日,1,-0.14285714285714288,-0.14285714285714288,0.0,サンプル不足
v4,avg_turnover_20d,20日平均売買代金,業種,サービス業,5d,5営業日,1,-0.3142857142857143,-0.3142857142857143,0.0,サンプル不足
v4,avg_turnover_20d,20日平均売買代金,業種,サービス業,10d,10営業日,1,-0.2571428571428572,-0.2571428571428572,0.0,サンプル不足
v4,avg_turnover_20d,20日平均売買代金,業種,不動産業,1d,1営業日,0,,,,サンプル不足
v4,avg_turnover_20d,20日平均売買代金,業種,不動産業,3d,3営業日,0,,,,サンプル不足
v4,avg_turnover_20d,20日平均売買代金,業種,不動産業,5d,5営業日,0,,,,サンプル不足
v4,avg_turnover_20d,20日平均売買代金,業種,不動産業,10d,10営業日,0,,,,サンプル不足
v4,avg_turnover_20d,20日平均売買代金,業種,保険業,1d,1営業日,0,,,,サンプル不足
v4,avg_turnover_20d,20日平均売買代金,業種,保険業,3d,3営業日,0,,,,サンプル不足
v4,avg_turnover_20d,20日平均売買代金,業種,保険業,5d,5営業日,0,,,,サンプル不足
v4,avg_turnover_20d,20日平均売買代金,業種,保険業,10d,10営業日,0,,,,サンプル不足
v4,avg_turnover_20d,20日平均売買代金,業種,化学,1d,1営業日,1,-0.03846153846153846,-0.03846153846153846,0.0,サンプル不足
v4,avg_turnover_20d,20日平均売買代金,業種,化学,3d,3営業日,1,-0.6813186813186813,-0.6813186813186813,0.0,サンプル不足
v4,avg_turnover_20d,20日平均売買代金,業種,化学,5d,5営業日,1,-0.5439560439560439,-0.5439560439560439,0.0,サンプル不足
v4,avg_turnover_20d,20日平均売買代金,業種,化学,10d,10営業日,1,0.010989010989010988,0.010989010989010988,1.0,サンプル不足
v4,avg_turnover_20d,20日平均売買代金,業種,卸売業,1d,1営業日,0,,,,サンプル不足
v4,avg_turnover_20d,20日平均売買代金,業種,卸売業,3d,3営業日,0,,,,サンプル不足
v4,avg_turnover_20d,20日平均売買代金,業種,卸売業,5d,5営業日,0,,,,サンプル不足
v4,avg_turnover_20d,20日平均売買代金,業種,卸売業,10d,10営業日,0,,,,サンプル不足
v4,avg_turnover_20d,20日平均売買代金,業種,小売業,1d,1営業日,1,-0.5,-0.5,0.0,サンプル不足
v4,avg_turnover_20d,20日平均売買代金,業種,小売業,3d,3営業日,1,-0.5,-0.5,0.0,サンプル不足
v4,avg_turnover_20d,20日平均売買代金,業種,小売業,5d,5営業日,1,-0.5,-0.5,0.0,サンプル不足
v4,avg_turnover_20d,20日平均売買代金,業種,小売業,10d,10営業日,1,0.5,0.5,1.0,サンプル不足
v4,avg_turnover_20d,20日平均売買代金,業種,建設業,1d,1営業日,0,,,,サンプル不足
v4,avg_turnover_20d,20日平均売買代金,業種,建設業,3d,3営業日,0,,,,サンプル不足
v4,avg_turnover_20d,20日平均売買代金,業種,建設業,5d,5営業日,0,,,,サンプル不足
v4,avg_turnover_20d,20日平均売買代金,業種,建設業,10d,10営業日,0,,,,サンプル不足
v4,avg_turnover_20d,20日平均売買代金,業種,情報・通信業,1d,1営業日,1,-0.5,-0.5,0.0,サンプル不足
v4,avg_turnover_20d,20日平均売買代金,業種,情報・通信業,3d,3営業日,1,0.5,0.5,1.0,サンプル不足
v4,avg_turnover_20d,20日平均売買代金,業種,情報・通信業,5d,5営業日,1,1.0,1.0,1.0,サンプル不足
v4,avg_turnover_20d,20日平均売買代金,業種,情報・通信業,10d,10営業日,1,-0.5,-0.5,0.0,サンプル不足
v4,avg_turnover_20d,20日平均売買代金,業種,機械,1d,1営業日,1,-0.2545454545454545,-0.2545454545454545,0.0,サンプル不足
v4,avg_turnover_20d,20日平均売買代金,業種,機械,3d,3営業日,1,-0.08181818181818182,-0.08181818181818182,0.0,サンプル不足
v4,avg_turnover_20d,20日平均売買代金,業種,機械,5d,5営業日,1,-0.08441558441558442,-0.08441558441558442,0.0,サンプル不足
v4,avg_turnover_20d,20日平均売買代金,業種,機械,10d,10営業日,1,-0.26233766233766237,-0.26233766233766237,0.0,サンプル不足
v4,avg_turnover_20d,20日平均売買代金,業種,海運業,1d,1営業日,0,,,,サンプル不足
v4,avg_turnover_20d,20日平均売買代金,業種,海運業,3d,3営業日,0,,,,サンプル不足
v4,avg_turnover_20d,20日平均売買代金,業種,海運業,5d,5営業日,0,,,,サンプル不足
v4,avg_turnover_20d,20日平均売買代金,業種,海運業,10d,10営業日,0,,,,サンプル不足
v4,avg_turnover_20d,20日平均売買代金,業種,空運業,1d,1営業日,0,,,,サンプル不足
v4,avg_turnover_20d,20日平均売買代金,業種,空運業,3d,3営業日,0,,,,サンプル不足
v4,avg_turnover_20d,20日平均売買代金,業種,空運業,5d,5営業日,0,,,,サンプル不足
v4,avg_turnover_20d,20日平均売買代金,業種,空運業,10d,10営業日,0,,,,サンプル不足
v4,avg_turnover_20d,20日平均売買代金,業種,繊維製品,1d,1営業日,0,,,,サンプル不足
v4,avg_turnover_20d,20日平均売買代金,業種,繊維製品,3d,3営業日,0,,,,サンプル不足
v4,avg_turnover_20d,20日平均売買代金,業種,繊維製品,5d,5営業日,0,,,,サンプル不足
v4,avg_turnover_20d,20日平均売買代金,業種,繊維製品,10d,10営業日,0,,,,サンプル不足
v4,avg_turnover_20d,20日平均売買代金,業種,証券、商品先物取引業,1d,1営業日,0,,,,サンプル不足
v4,avg_turnover_20d,20日平均売買代金,業種,証券、商品先物取引業,3d,3営業日,0,,,,サンプル不足
v4,avg_turnover_20d,20日平均売買代金,業種,証券、商品先物取引業,5d,5営業日,0,,,,サンプル不足
v4,avg_turnover_20d,20日平均売買代金,業種,証券、商品先物取引業,10d,10営業日,0,,,,サンプル不足
v4,avg_turnover_20d,20日平均売買代金,業種,輸送用機器,1d,1営業日,1,1.0,1.0,1.0,サンプル不足
v4,avg_turnover_20d,20日平均売買代金,業種,輸送用機器,3d,3営業日,1,-0.5,-0.5,0.0,サンプル不足
v4,avg_turnover_20d,20日平均売買代金,業種,輸送用機器,5d,5営業日,1,-0.5,-0.5,0.0,サンプル不足
v4,avg_turnover_20d,20日平均売買代金,業種,輸送用機器,10d,10営業日,1,0.5,0.5,1.0,サンプル不足
v4,avg_turnover_20d,20日平均売買代金,業種,金属製品,1d,1営業日,1,-1.0,-1.0,0.0,サンプル不足
v4,avg_turnover_20d,20日平均売買代金,業種,金属製品,3d,3営業日,1,-1.0,-1.0,0.0,サンプル不足
v4,avg_turnover_20d,20日平均売買代金,業種,金属製品,5d,5営業日,1,-0.5,-0.5,0.0,サンプル不足
v4,avg_turnover_20d,20日平均売買代金,業種,金属製品,10d,10営業日,1,-0.5,-0.5,0.0,サンプル不足
v4,avg_turnover_20d,20日平均売買代金,業種,鉄鋼,1d,1営業日,0,,,,サンプル不足
v4,avg_turnover_20d,20日平均売買代金,業種,鉄鋼,3d,3営業日,0,,,,サンプル不足
v4,avg_turnover_20d,20日平均売買代金,業種,鉄鋼,5d,5営業日,0,,,,サンプル不足
v4,avg_turnover_20d,20日平均売買代金,業種,鉄鋼,10d,10営業日,0,,,,サンプル不足
v4,avg_turnover_20d,20日平均売買代金,業種,銀行業,1d,1営業日,1,0.3,0.3,1.0,サンプル不足
v4,avg_turnover_20d,20日平均売買代金,業種,銀行業,3d,3営業日,1,0.7,0.7,1.0,サンプル不足
v4,avg_turnover_20d,20日平均売買代金,業種,銀行業,5d,5営業日,1,0.49999999999999994,0.49999999999999994,1.0,サンプル不足
v4,avg_turnover_20d,20日平均売買代金,業種,銀行業,10d,10営業日,1,0.49999999999999994,0.49999999999999994,1.0,サンプル不足
v4,avg_turnover_20d,20日平均売買代金,業種,電気機器,1d,1営業日,1,0.21626199887069456,0.21626199887069456,1.0,サンプル不足
v4,avg_turnover_20d,20日平均売買代金,業種,電気機器,3d,3営業日,1,0.11801242236024848,0.11801242236024848,1.0,サンプル不足
v4,avg_turnover_20d,20日平均売買代金,業種,電気機器,5d,5営業日,1,-0.07058159232072277,-0.07058159232072277,0.0,サンプル不足
v4,avg_turnover_20d,20日平均売買代金,業種,電気機器,10d,10営業日,1,-0.3506493506493507,-0.3506493506493507,0.0,サンプル不足
v4,avg_turnover_20d,20日平均売買代金,業種,食料品,1d,1営業日,0,,,,サンプル不足
v4,avg_turnover_20d,20日平均売買代金,業種,食料品,3d,3営業日,0,,,,サンプル不足
v4,avg_turnover_20d,20日平均売買代金,業種,食料品,5d,5営業日,0,,,,サンプル不足
v4,avg_turnover_20d,20日平均売買代金,業種,食料品,10d,10営業日,0,,,,サンプル不足
v4,volume_ratio_20d,出来高比,全体,全体,1d,1営業日,1,-0.16945694569456943,-0.16945694569456943,0.0,サンプル不足
v4,volume_ratio_20d,出来高比,全体,全体,3d,3営業日,1,-0.12890489048904888,-0.12890489048904888,0.0,サンプル不足
v4,volume_ratio_20d,出来高比,全体,全体,5d,5営業日,1,-0.15915991599159912,-0.15915991599159912,0.0,サンプル不足
v4,volume_ratio_20d,出来高比,全体,全体,10d,10営業日,1,-0.024098409840984093,-0.024098409840984093,0.0,サンプル不足
v4,volume_ratio_20d,出来高比,業種,その他製品,1d,1営業日,0,,,,サンプル不足
v4,volume_ratio_20d,出来高比,業種,その他製品,3d,3営業日,0,,,,サンプル不足
v4,volume_ratio_20d,出来高比,業種,その他製品,5d,5営業日,0,,,,サンプル不足
v4,volume_ratio_20d,出来高比,業種,その他製品,10d,10営業日,0,,,,サンプル不足
v4,volume_ratio_20d,出来高比,業種,その他金融業,1d,1営業日,0,,,,サンプル不足
v4,volume_ratio_20d,出来高比,業種,その他金融業,3d,3営業日,0,,,,サンプル不足
v4,volume_ratio_20d,出来高比,業種,その他金融業,5d,5営業日,0,,,,サンプル不足
v4,volume_ratio_20d,出来高比,業種,その他金融業,10d,10営業日,0,,,,サンプル不足
v4,volume_ratio_20d,出来高比,業種,ガラス・土石製品,1d,1営業日,0,,,,サンプル不足
v4,volume_ratio_20d,出来高比,業種,ガラス・土石製品,3d,3営業日,0,,,,サンプル不足
v4,volume_ratio_20d,出来高比,業種,ガラス・土石製品,5d,5営業日,0,,,,サンプル不足
v4,volume_ratio_20d,出来高比,業種,ガラス・土石製品,10d,10営業日,0,,,,サンプル不足
v4,volume_ratio_20d,出来高比,業種,ゴム製品,1d,1営業日,0,,,,サンプル不足
v4,volume_ratio_20d,出来高比,業種,ゴム製品,3d,3営業日,0,,,,サンプル不足
v4,volume_ratio_20d,出来高比,業種,ゴム製品,5d,5営業日,0,,,,サンプル不足
v4,volume_ratio_20d,出来高比,業種,ゴム製品,10d,10営業日,0,,,,サンプル不足
v4,volume_ratio_20d,出来高比,業種,サービス業,1d,1営業日,1,-0.08571428571428573,-0.08571428571428573,0.0,サンプル不足
v4,volume_ratio_20d,出来高比,業種,サービス業,3d,3営業日,1,-0.08571428571428573,-0.08571428571428573,0.0,サンプル不足
v4,volume_ratio_20d,出来高比,業種,サービス業,5d,5営業日,1,-0.028571428571428574,-0.028571428571428574,0.0,サンプル不足
v4,volume_ratio_20d,出来高比,業種,サービス業,10d,10営業日,1,-0.14285714285714288,-0.14285714285714288,0.0,サンプル不足
v4,volume_ratio_20d,出来高比,業種,不動産業,1d,1営業日,0,,,,サンプル不足
v4,volume_ratio_20d,出来高比,業種,不動産業,3d,3営業日,0,,,,サンプル不足
v4,volume_ratio_20d,出来高比,業種,不動産業,5d,5営業日,0,,,,サンプル不足
v4,volume_ratio_20d,出来高比,業種,不動産業,10d,10営業日,0,,,,サンプル不足
v4,volume_ratio_20d,出来高比,業種,保険業,1d,1営業日,0,,,,サンプル不足
v4,volume_ratio_20d,出来高比,業種,保険業,3d,3営業日,0,,,,サンプル不足
v4,volume_ratio_20d,出来高比,業種,保険業,5d,5営業日,0,,,,サンプル不足
v4,volume_ratio_20d,出来高比,業種,保険業,10d,10営業日,0,,,,サンプル不足
v4,volume_ratio_20d,出来高比,業種,化学,1d,1営業日,1,-0.07142857142857142,-0.07142857142857142,0.0,サンプル不足
v4,volume_ratio_20d,出来高比,業種,化学,3d,3営業日,1,-0.42857142857142855,-0.42857142857142855,0.0,サンプル不足
v4,volume_ratio_20d,出来高比,業種,化学,5d,5営業日,1,-0.16483516483516483,-0.16483516483516483,0.0,サンプル不足
v4,volume_ratio_20d,出来高比,業種,化学,10d,10営業日,1,0.0934065934065934,0.0934065934065934,1.0,サンプル不足
v4,volume_ratio_20d,出来高比,業種,卸売業,1d,1営業日,0,,,,サンプル不足
v4,volume_ratio_20d,出来高比,業種,卸売業,3d,3営業日,0,,,,サンプル不足
v4,volume_ratio_20d,出来高比,業種,卸売業,5d,5営業日,0,,,,サンプル不足
v4,volume_ratio_20d,出来高比,業種,卸売業,10d,10営業日,0,,,,サンプル不足
v4,volume_ratio_20d,出来高比,業種,小売業,1d,1営業日,1,-0.5,-0.5,0.0,サンプル不足
v4,volume_ratio_20d,出来高比,業種,小売業,3d,3営業日,1,-0.5,-0.5,0.0,サンプル不足
v4,volume_ratio_20d,出来高比,業種,小売業,5d,5営業日,1,-0.5,-0.5,0.0,サンプル不足
v4,volume_ratio_20d,出来高比,業種,小売業,10d,10営業日,1,-1.0,-1.0,0.0,サンプル不足
v4,volume_ratio_20d,出来高比,業種,建設業,1d,1営業日,0,,,,サンプル不足
v4,volume_ratio_20d,出来高比,業種,建設業,3d,3営業日,0,,,,サンプル不足
v4,volume_ratio_20d,出来高比,業種,建設業,5d,5営業日,0,,,,サンプル不足
v4,volume_ratio_20d,出来高比,業種,建設業,10d,10営業日,0,,,,サンプル不足
v4,volume_ratio_20d,出来高比,業種,情報・通信業,1d,1営業日,1,-1.0,-1.0,0.0,サンプル不足
v4,volume_ratio_20d,出来高比,業種,情報・通信業,3d,3営業日,1,-0.5,-0.5,0.0,サンプル不足
v4,volume_ratio_20d,出来高比,業種,情報・通信業,5d,5営業日,1,0.5,0.5,1.0,サンプル不足
v4,volume_ratio_20d,出来高比,業種,情報・通信業,10d,10営業日,1,-1.0,-1.0,0.0,サンプル不足
v4,volume_ratio_20d,出来高比,業種,機械,1d,1営業日,1,-0.4090909090909091,-0.4090909090909091,0.0,サンプル不足
v4,volume_ratio_20d,出来高比,業種,機械,3d,3営業日,1,-0.12467532467532469,-0.12467532467532469,0.0,サンプル不足
v4,volume_ratio_20d,出来高比,業種,機械,5d,5営業日,1,-0.05454545454545454,-0.05454545454545454,0.0,サンプル不足
v4,volume_ratio_20d,出来高比,業種,機械,10d,10営業日,1,-0.3246753246753247,-0.3246753246753247,0.0,サンプル不足
v4,volume_ratio_20d,出来高比,業種,海運業,1d,1営業日,0,,,,サンプル不足
v4,volume_ratio_20d,出来高比,業種,海運業,3d,3営業日,0,,,,サンプル不足
v4,volume_ratio_20d,出来高比,業種,海運業,5d,5営業日,0,,,,サンプル不足
v4,volume_ratio_20d,出来高比,業種,海運業,10d,10営業日,0,,,,サンプル不足
v4,volume_ratio_20d,出来高比,業種,空運業,1d,1営業日,0,,,,サンプル不足
v4,volume_ratio_20d,出来高比,業種,空運業,3d,3営業日,0,,,,サンプル不足
v4,volume_ratio_20d,出来高比,業種,空運業,5d,5営業日,0,,,,サンプル不足
v4,volume_ratio_20d,出来高比,業種,空運業,10d,10営業日,0,,,,サンプル不足
v4,volume_ratio_20d,出来高比,業種,繊維製品,1d,1営業日,0,,,,サンプル不足
v4,volume_ratio_20d,出来高比,業種,繊維製品,3d,3営業日,0,,,,サンプル不足
v4,volume_ratio_20d,出来高比,業種,繊維製品,5d,5営業日,0,,,,サンプル不足
v4,volume_ratio_20d,出来高比,業種,繊維製品,10d,10営業日,0,,,,サンプル不足
v4,volume_ratio_20d,出来高比,業種,証券、商品先物取引業,1d,1営業日,0,,,,サンプル不足
v4,volume_ratio_20d,出来高比,業種,証券、商品先物取引業,3d,3営業日,0,,,,サンプル不足
v4,volume_ratio_20d,出来高比,業種,証券、商品先物取引業,5d,5営業日,0,,,,サンプル不足
v4,volume_ratio_20d,出来高比,業種,証券、商品先物取引業,10d,10営業日,0,,,,サンプル不足
v4,volume_ratio_20d,出来高比,業種,輸送用機器,1d,1営業日,1,-0.5,-0.5,0.0,サンプル不足
v4,volume_ratio_20d,出来高比,業種,輸送用機器,3d,3営業日,1,-0.5,-0.5,0.0,サンプル不足
v4,volume_ratio_20d,出来高比,業種,輸送用機器,5d,5営業日,1,-0.5,-0.5,0.0,サンプル不足
v4,volume_ratio_20d,出来高比,業種,輸送用機器,10d,10営業日,1,-1.0,-1.0,0.0,サンプル不足
v4,volume_ratio_20d,出来高比,業種,金属製品,1d,1営業日,1,0.5,0.5,1.0,サンプル不足
v4,volume_ratio_20d,出来高比,業種,金属製品,3d,3営業日,1,0.5,0.5,1.0,サンプル不足
v4,volume_ratio_20d,出来高比,業種,金属製品,5d,5営業日,1,-0.5,-0.5,0.0,サンプル不足
v4,volume_ratio_20d,出来高比,業種,金属製品,10d,10営業日,1,-0.5,-0.5,0.0,サンプル不足
v4,volume_ratio_20d,出来高比,業種,鉄鋼,1d,1営業日,0,,,,サンプル不足
v4,volume_ratio_20d,出来高比,業種,鉄鋼,3d,3営業日,0,,,,サンプル不足
v4,volume_ratio_20d,出来高比,業種,鉄鋼,5d,5営業日,0,,,,サンプル不足
v4,volume_ratio_20d,出来高比,業種,鉄鋼,10d,10営業日,0,,,,サンプル不足
v4,volume_ratio_20d,出来高比,業種,銀行業,1d,1営業日,1,0.3,0.3,1.0,サンプル不足
v4,volume_ratio_20d,出来高比,業種,銀行業,3d,3営業日,1,0.19999999999999998,0.19999999999999998,1.0,サンプル不足
v4,volume_ratio_20d,出来高比,業種,銀行業,5d,5営業日,1,-0.09999999999999999,-0.09999999999999999,0.0,サンプル不足
v4,volume_ratio_20d,出来高比,業種,銀行業,10d,10営業日,1,0.6,0.6,1.0,サンプル不足
v4,volume_ratio_20d,出来高比,業種,電気機器,1d,1営業日,1,-0.07622811970638058,-0.07622811970638058,0.0,サンプル不足
v4,volume_ratio_20d,出来高比,業種,電気機器,3d,3営業日,1,0.023150762281197064,0.023150762281197064,1.0,サンプル不足
v4,volume_ratio_20d,出来高比,業種,電気機器,5d,5営業日,1,-0.23884810841332585,-0.23884810841332585,0.0,サンプル不足
v4,volume_ratio_20d,出来高比,業種,電気機器,10d,10営業日,1,-0.017504234895539244,-0.017504234895539244,0.0,サンプル不足
v4,volume_ratio_20d,出来高比,業種,食料品,1d,1営業日,0,,,,サンプル不足
v4,volume_ratio_20d,出来高比,業種,食料品,3d,3営業日,0,,,,サンプル不足
v4,volume_ratio_20d,出来高比,業種,食料品,5d,5営業日,0,,,,サンプル不足
v4,volume_ratio_20d,出来高比,業種,食料品,10d,10営業日,0,,,,サンプル不足
v4,distance_high_120d,120日高値接近度,全体,全体,1d,1営業日,1,0.05138521073031149,0.05138521073031149,1.0,サンプル不足
v4,distance_high_120d,120日高値接近度,全体,全体,3d,3営業日,1,0.09897540827203907,0.09897540827203907,1.0,サンプル不足
v4,distance_high_120d,120日高値接近度,全体,全体,5d,5営業日,1,-0.0005186111270572877,-0.0005186111270572877,0.0,サンプル不足
v4,distance_high_120d,120日高値接近度,全体,全体,10d,10営業日,1,0.013508294532998061,0.013508294532998061,1.0,サンプル不足
v4,distance_high_120d,120日高値接近度,業種,その他製品,1d,1営業日,0,,,,サンプル不足
v4,distance_high_120d,120日高値接近度,業種,その他製品,3d,3営業日,0,,,,サンプル不足
v4,distance_high_120d,120日高値接近度,業種,その他製品,5d,5営業日,0,,,,サンプル不足
v4,distance_high_120d,120日高値接近度,業種,その他製品,10d,10営業日,0,,,,サンプル不足
v4,distance_high_120d,120日高値接近度,業種,その他金融業,1d,1営業日,0,,,,サンプル不足
v4,distance_high_120d,120日高値接近度,業種,その他金融業,3d,3営業日,0,,,,サンプル不足
v4,distance_high_120d,120日高値接近度,業種,その他金融業,5d,5営業日,0,,,,サンプル不足
v4,distance_high_120d,120日高値接近度,業種,その他金融業,10d,10営業日,0,,,,サンプル不足
v4,distance_high_120d,120日高値接近度,業種,ガラス・土石製品,1d,1営業日,0,,,,サンプル不足
v4,distance_high_120d,120日高値接近度,業種,ガラス・土石製品,3d,3営業日,0,,,,サンプル不足
v4,distance_high_120d,120日高値接近度,業種,ガラス・土石製品,5d,5営業日,0,,,,サンプル不足
v4,distance_high_120d,120日高値接近度,業種,ガラス・土石製品,10d,10営業日,0,,,,サンプル不足
v4,distance_high_120d,120日高値接近度,業種,ゴム製品,1d,1営業日,0,,,,サンプル不足
v4,distance_high_120d,120日高値接近度,業種,ゴム製品,3d,3営業日,0,,,,サンプル不足
v4,distance_high_120d,120日高値接近度,業種,ゴム製品,5d,5営業日,0,,,,サンプル不足
v4,distance_high_120d,120日高値接近度,業種,ゴム製品,10d,10営業日,0,,,,サンプル不足
v4,distance_high_120d,120日高値接近度,業種,サービス業,1d,1営業日,1,-0.028571428571428574,-0.028571428571428574,0.0,サンプル不足
v4,distance_high_120d,120日高値接近度,業種,サービス業,3d,3営業日,1,0.028571428571428574,0.028571428571428574,1.0,サンプル不足
v4,distance_high_120d,120日高値接近度,業種,サービス業,5d,5営業日,1,0.14285714285714288,0.14285714285714288,1.0,サンプル不足
v4,distance_high_120d,120日高値接近度,業種,サービス業,10d,10営業日,1,0.3142857142857143,0.3142857142857143,1.0,サンプル不足
v4,distance_high_120d,120日高値接近度,業種,不動産業,1d,1営業日,0,,,,サンプル不足
v4,distance_high_120d,120日高値接近度,業種,不動産業,3d,3営業日,0,,,,サンプル不足
v4,distance_high_120d,120日高値接近度,業種,不動産業,5d,5営業日,0,,,,サンプル不足
v4,distance_high_120d,120日高値接近度,業種,不動産業,10d,10営業日,0,,,,サンプル不足
v4,distance_high_120d,120日高値接近度,業種,保険業,1d,1営業日,0,,,,サンプル不足
v4,distance_high_120d,120日高値接近度,業種,保険業,3d,3営業日,0,,,,サンプル不足
v4,distance_high_120d,120日高値接近度,業種,保険業,5d,5営業日,0,,,,サンプル不足
v4,distance_high_120d,120日高値接近度,業種,保険業,10d,10営業日,0,,,,サンプル不足
v4,distance_high_120d,120日高値接近度,業種,化学,1d,1営業日,1,-0.36863858808008876,-0.36863858808008876,0.0,サンプル不足
v4,distance_high_120d,120日高値接近度,業種,化学,3d,3営業日,1,-0.654746148978068,-0.654746148978068,0.0,サンプル不足
v4,distance_high_120d,120日高値接近度,業種,化学,5d,5営業日,1,-0.36313651960128146,-0.36313651960128146,0.0,サンプル不足
v4,distance_high_120d,120日高値接近度,業種,化学,10d,10営業日,1,0.2613482527433465,0.2613482527433465,1.0,サンプル不足
v4,distance_high_120d,120日高値接近度,業種,卸売業,1d,1営業日,0,,,,サンプル不足
v4,distance_high_120d,120日高値接近度,業種,卸売業,3d,3営業日,0,,,,サンプル不足
v4,distance_high_120d,120日高値接近度,業種,卸売業,5d,5営業日,0,,,,サンプル不足
v4,distance_high_120d,120日高値接近度,業種,卸売業,10d,10営業日,0,,,,サンプル不足
v4,distance_high_120d,120日高値接近度,業種,小売業,1d,1営業日,1,-0.5,-0.5,0.0,サンプル不足
v4,distance_high_120d,120日高値接近度,業種,小売業,3d,3営業日,1,-0.5,-0.5,0.0,サンプル不足
v4,distance_high_120d,120日高値接近度,業種,小売業,5d,5営業日,1,-0.5,-0.5,0.0,サンプル不足
v4,distance_high_120d,120日高値接近度,業種,小売業,10d,10営業日,1,-1.0,-1.0,0.0,サンプル不足
v4,distance_high_120d,120日高値接近度,業種,建設業,1d,1営業日,0,,,,サンプル不足
v4,distance_high_120d,120日高値接近度,業種,建設業,3d,3営業日,0,,,,サンプル不足
v4,distance_high_120d,120日高値接近度,業種,建設業,5d,5営業日,0,,,,サンプル不足
v4,distance_high_120d,120日高値接近度,業種,建設業,10d,10営業日,0,,,,サンプル不足
v4,distance_high_120d,120日高値接近度,業種,情報・通信業,1d,1営業日,1,0.5,0.5,1.0,サンプル不足
v4,distance_high_120d,120日高値接近度,業種,情報・通信業,3d,3営業日,1,-0.5,-0.5,0.0,サンプル不足
v4,distance_high_120d,120日高値接近度,業種,情報・通信業,5d,5営業日,1,-1.0,-1.0,0.0,サンプル不足
v4,distance_high_120d,120日高値接近度,業種,情報・通信業,10d,10営業日,1,0.5,0.5,1.0,サンプル不足
v4,distance_high_120d,120日高値接近度,業種,機械,1d,1営業日,1,-0.030860669992418384,-0.030860669992418384,0.0,サンプル不足
v4,distance_high_120d,120日高値接近度,業種,機械,3d,3営業日,1,-0.05891582453098055,-0.05891582453098055,0.0,サンプル不足
v4,distance_high_120d,120日高値接近度,業種,機械,5d,5営業日,1,0.002805515453856217,0.002805515453856217,1.0,サンプル不足
v4,distance_high_120d,120日高値接近度,業種,機械,10d,10営業日,1,-0.1514978345082357,-0.1514978345082357,0.0,サンプル不足
v4,distance_high_120d,120日高値接近度,業種,海運業,1d,1営業日,0,,,,サンプル不足
v4,distance_high_120d,120日高値接近度,業種,海運業,3d,3営業日,0,,,,サンプル不足
v4,distance_high_120d,120日高値接近度,業種,海運業,5d,5営業日,0,,,,サンプル不足
v4,distance_high_120d,120日高値接近度,業種,海運業,10d,10営業日,0,,,,サンプル不足
v4,distance_high_120d,120日高値接近度,業種,空運業,1d,1営業日,0,,,,サンプル不足
v4,distance_high_120d,120日高値接近度,業種,空運業,3d,3営業日,0,,,,サンプル不足
v4,distance_high_120d,120日高値接近度,業種,空運業,5d,5営業日,0,,,,サンプル不足
v4,distance_high_120d,120日高値接近度,業種,空運業,10d,10営業日,0,,,,サンプル不足
v4,distance_high_120d,120日高値接近度,業種,繊維製品,1d,1営業日,0,,,,サンプル不足
v4,distance_high_120d,120日高値接近度,業種,繊維製品,3d,3営業日,0,,,,サンプル不足
v4,distance_high_120d,120日高値接近度,業種,繊維製品,5d,5営業日,0,,,,サンプル不足
v4,distance_high_120d,120日高値接近度,業種,繊維製品,10d,10営業日,0,,,,サンプル不足
v4,distance_high_120d,120日高値接近度,業種,証券、商品先物取引業,1d,1営業日,0,,,,サンプル不足
v4,distance_high_120d,120日高値接近度,業種,証券、商品先物取引業,3d,3営業日,0,,,,サンプル不足
v4,distance_high_120d,120日高値接近度,業種,証券、商品先物取引業,5d,5営業日,0,,,,サンプル不足
v4,distance_high_120d,120日高値接近度,業種,証券、商品先物取引業,10d,10営業日,0,,,,サンプル不足
v4,distance_high_120d,120日高値接近度,業種,輸送用機器,1d,1営業日,1,-0.5,-0.5,0.0,サンプル不足
v4,distance_high_120d,120日高値接近度,業種,輸送用機器,3d,3営業日,1,1.0,1.0,1.0,サンプル不足
v4,distance_high_120d,120日高値接近度,業種,輸送用機器,5d,5営業日,1,1.0,1.0,1.0,サンプル不足
v4,distance_high_120d,120日高値接近度,業種,輸送用機器,10d,10営業日,1,0.5,0.5,1.0,サンプル不足
v4,distance_high_120d,120日高値接近度,業種,金属製品,1d,1営業日,1,-0.5,-0.5,0.0,サンプル不足
v4,distance_high_120d,120日高値接近度,業種,金属製品,3d,3営業日,1,-0.5,-0.5,0.0,サンプル不足
v4,distance_high_120d,120日高値接近度,業種,金属製品,5d,5営業日,1,-1.0,-1.0,0.0,サンプル不足
v4,distance_high_120d,120日高値接近度,業種,金属製品,10d,10営業日,1,-1.0,-1.0,0.0,サンプル不足
v4,distance_high_120d,120日高値接近度,業種,鉄鋼,1d,1営業日,0,,,,サンプル不足
v4,distance_high_120d,120日高値接近度,業種,鉄鋼,3d,3営業日,0,,,,サンプル不足
v4,distance_high_120d,120日高値接近度,業種,鉄鋼,5d,5営業日,0,,,,サンプル不足
v4,distance_high_120d,120日高値接近度,業種,鉄鋼,10d,10営業日,0,,,,サンプル不足
v4,distance_high_120d,120日高値接近度,業種,銀行業,1d,1営業日,1,0.22360679774997894,0.22360679774997894,1.0,サンプル不足
v4,distance_high_120d,120日高値接近度,業種,銀行業,3d,3営業日,1,0.8944271909999157,0.8944271909999157,1.0,サンプル不足
v4,distance_high_120d,120日高値接近度,業種,銀行業,5d,5営業日,1,0.6708203932499368,0.6708203932499368,1.0,サンプル不足
v4,distance_high_120d,120日高値接近度,業種,銀行業,10d,10営業日,1,0.44721359549995787,0.44721359549995787,1.0,サンプル不足
v4,distance_high_120d,120日高値接近度,業種,電気機器,1d,1営業日,1,0.22641561010241712,0.22641561010241712,1.0,サンプル不足
v4,distance_high_120d,120日高値接近度,業種,電気機器,3d,3営業日,1,0.15683700951678767,0.15683700951678767,1.0,サンプル不足
v4,distance_high_120d,120日高値接近度,業種,電気機器,5d,5営業日,1,-0.11406327964857284,-0.11406327964857284,0.0,サンプル不足
v4,distance_high_120d,120日高値接近度,業種,電気機器,10d,10営業日,1,-0.23325940688133145,-0.23325940688133145,0.0,サンプル不足
v4,distance_high_120d,120日高値接近度,業種,食料品,1d,1営業日,0,,,,サンプル不足
v4,distance_high_120d,120日高値接近度,業種,食料品,3d,3営業日,0,,,,サンプル不足
v4,distance_high_120d,120日高値接近度,業種,食料品,5d,5営業日,0,,,,サンプル不足
v4,distance_high_120d,120日高値接近度,業種,食料品,10d,10営業日,0,,,,サンプル不足
v4,volatility_20d,20日変動率,全体,全体,1d,1営業日,1,0.05027302730273027,0.05027302730273027,1.0,サンプル不足
v4,volatility_20d,20日変動率,全体,全体,3d,3営業日,1,-0.23530753075307528,-0.23530753075307528,0.0,サンプル不足
v4,volatility_20d,20日変動率,全体,全体,5d,5営業日,1,-0.3777737773777377,-0.3777737773777377,0.0,サンプル不足
v4,volatility_20d,20日変動率,全体,全体,10d,10営業日,1,-0.048568856885688565,-0.048568856885688565,0.0,サンプル不足
v4,volatility_20d,20日変動率,業種,その他製品,1d,1営業日,0,,,,サンプル不足
v4,volatility_20d,20日変動率,業種,その他製品,3d,3営業日,0,,,,サンプル不足
v4,volatility_20d,20日変動率,業種,その他製品,5d,5営業日,0,,,,サンプル不足
v4,volatility_20d,20日変動率,業種,その他製品,10d,10営業日,0,,,,サンプル不足
v4,volatility_20d,20日変動率,業種,その他金融業,1d,1営業日,0,,,,サンプル不足
v4,volatility_20d,20日変動率,業種,その他金融業,3d,3営業日,0,,,,サンプル不足
v4,volatility_20d,20日変動率,業種,その他金融業,5d,5営業日,0,,,,サンプル不足
v4,volatility_20d,20日変動率,業種,その他金融業,10d,10営業日,0,,,,サンプル不足
v4,volatility_20d,20日変動率,業種,ガラス・土石製品,1d,1営業日,0,,,,サンプル不足
v4,volatility_20d,20日変動率,業種,ガラス・土石製品,3d,3営業日,0,,,,サンプル不足
v4,volatility_20d,20日変動率,業種,ガラス・土石製品,5d,5営業日,0,,,,サンプル不足
v4,volatility_20d,20日変動率,業種,ガラス・土石製品,10d,10営業日,0,,,,サンプル不足
v4,volatility_20d,20日変動率,業種,ゴム製品,1d,1営業日,0,,,,サンプル不足
v4,volatility_20d,20日変動率,業種,ゴム製品,3d,3営業日,0,,,,サンプル不足
v4,volatility_20d,20日変動率,業種,ゴム製品,5d,5営業日,0,,,,サンプル不足
v4,volatility_20d,20日変動率,業種,ゴム製品,10d,10営業日,0,,,,サンプル不足
v4,volatility_20d,20日変動率,業種,サービス業,1d,1営業日,1,0.6,0.6,1.0,サンプル不足
v4,volatility_20d,20日変動率,業種,サービス業,3d,3営業日,1,0.2571428571428572,0.2571428571428572,1.0,サンプル不足
v4,volatility_20d,20日変動率,業種,サービス業,5d,5営業日,1,0.2,0.2,1.0,サンプル不足
v4,volatility_20d,20日変動率,業種,サービス業,10d,10営業日,1,0.028571428571428574,0.028571428571428574,1.0,サンプル不足
v4,volatility_20d,20日変動率,業種,不動産業,1d,1営業日,0,,,,サンプル不足
v4,volatility_20d,20日変動率,業種,不動産業,3d,3営業日,0,,,,サンプル不足
v4,volatility_20d,20日変動率,業種,不動産業,5d,5営業日,0,,,,サンプル不足
v4,volatility_20d,20日変動率,業種,不動産業,10d,10営業日,0,,,,サンプル不足
v4,volatility_20d,20日変動率,業種,保険業,1d,1営業日,0,,,,サンプル不足
v4,volatility_20d,20日変動率,業種,保険業,3d,3営業日,0,,,,サンプル不足
v4,volatility_20d,20日変動率,業種,保険業,5d,5営業日,0,,,,サンプル不足
v4,volatility_20d,20日変動率,業種,保険業,10d,10営業日,0,,,,サンプル不足
v4,volatility_20d,20日変動率,業種,化学,1d,1営業日,1,-0.30769230769230765,-0.30769230769230765,0.0,サンプル不足
v4,volatility_20d,20日変動率,業種,化学,3d,3営業日,1,-0.6538461538461539,-0.6538461538461539,0.0,サンプル不足
v4,volatility_20d,20日変動率,業種,化学,5d,5営業日,1,-0.6098901098901099,-0.6098901098901099,0.0,サンプル不足
v4,volatility_20d,20日変動率,業種,化学,10d,10営業日,1,0.46703296703296704,0.46703296703296704,1.0,サンプル不足
v4,volatility_20d,20日変動率,業種,卸売業,1d,1営業日,0,,,,サンプル不足
v4,volatility_20d,20日変動率,業種,卸売業,3d,3営業日,0,,,,サンプル不足
v4,volatility_20d,20日変動率,業種,卸売業,5d,5営業日,0,,,,サンプル不足
v4,volatility_20d,20日変動率,業種,卸売業,10d,10営業日,0,,,,サンプル不足
v4,volatility_20d,20日変動率,業種,小売業,1d,1営業日,1,1.0,1.0,1.0,サンプル不足
v4,volatility_20d,20日変動率,業種,小売業,3d,3営業日,1,1.0,1.0,1.0,サンプル不足
v4,volatility_20d,20日変動率,業種,小売業,5d,5営業日,1,1.0,1.0,1.0,サンプル不足
v4,volatility_20d,20日変動率,業種,小売業,10d,10営業日,1,0.5,0.5,1.0,サンプル不足
v4,volatility_20d,20日変動率,業種,建設業,1d,1営業日,0,,,,サンプル不足
v4,volatility_20d,20日変動率,業種,建設業,3d,3営業日,0,,,,サンプル不足
v4,volatility_20d,20日変動率,業種,建設業,5d,5営業日,0,,,,サンプル不足
v4,volatility_20d,20日変動率,業種,建設業,10d,10営業日,0,,,,サンプル不足
v4,volatility_20d,20日変動率,業種,情報・通信業,1d,1営業日,1,-1.0,-1.0,0.0,サンプル不足
v4,volatility_20d,20日変動率,業種,情報・通信業,3d,3営業日,1,-0.5,-0.5,0.0,サンプル不足
v4,volatility_20d,20日変動率,業種,情報・通信業,5d,5営業日,1,0.5,0.5,1.0,サンプル不足
v4,volatility_20d,20日変動率,業種,情報・通信業,10d,10営業日,1,-1.0,-1.0,0.0,サンプル不足
v4,volatility_20d,20日変動率,業種,機械,1d,1営業日,1,-0.20909090909090908,-0.20909090909090908,0.0,サンプル不足
v4,volatility_20d,20日変動率,業種,機械,3d,3営業日,1,-0.503896103896104,-0.503896103896104,0.0,サンプル不足
v4,volatility_20d,20日変動率,業種,機械,5d,5営業日,1,-0.5025974025974026,-0.5025974025974026,0.0,サンプル不足
v4,volatility_20d,20日変動率,業種,機械,10d,10営業日,1,-0.22467532467532467,-0.22467532467532467,0.0,サンプル不足
v4,volatility_20d,20日変動率,業種,海運業,1d,1営業日,0,,,,サンプル不足
v4,volatility_20d,20日変動率,業種,海運業,3d,3営業日,0,,,,サンプル不足
v4,volatility_20d,20日変動率,業種,海運業,5d,5営業日,0,,,,サンプル不足
v4,volatility_20d,20日変動率,業種,海運業,10d,10営業日,0,,,,サンプル不足
v4,volatility_20d,20日変動率,業種,空運業,1d,1営業日,0,,,,サンプル不足
v4,volatility_20d,20日変動率,業種,空運業,3d,3営業日,0,,,,サンプル不足
v4,volatility_20d,20日変動率,業種,空運業,5d,5営業日,0,,,,サンプル不足
v4,volatility_20d,20日変動率,業種,空運業,10d,10営業日,0,,,,サンプル不足
v4,volatility_20d,20日変動率,業種,繊維製品,1d,1営業日,0,,,,サンプル不足
v4,volatility_20d,20日変動率,業種,繊維製品,3d,3営業日,0,,,,サンプル不足
v4,volatility_20d,20日変動率,業種,繊維製品,5d,5営業日,0,,,,サンプル不足
v4,volatility_20d,20日変動率,業種,繊維製品,10d,10営業日,0,,,,サンプル不足
v4,volatility_20d,20日変動率,業種,証券、商品先物取引業,1d,1営業日,0,,,,サンプル不足
v4,volatility_20d,20日変動率,業種,証券、商品先物取引業,3d,3営業日,0,,,,サンプル不足
v4,volatility_20d,20日変動率,業種,証券、商品先物取引業,5d,5営業日,0,,,,サンプル不足
v4,volatility_20d,20日変動率,業種,証券、商品先物取引業,10d,10営業日,0,,,,サンプル不足
v4,volatility_20d,20日変動率,業種,輸送用機器,1d,1営業日,1,0.5,0.5,1.0,サンプル不足
v4,volatility_20d,20日変動率,業種,輸送用機器,3d,3営業日,1,-1.0,-1.0,0.0,サンプル不足
v4,volatility_20d,20日変動率,業種,輸送用機器,5d,5営業日,1,-1.0,-1.0,0.0,サンプル不足
v4,volatility_20d,20日変動率,業種,輸送用機器,10d,10営業日,1,-0.5,-0.5,0.0,サンプル不足
v4,volatility_20d,20日変動率,業種,金属製品,1d,1営業日,1,0.5,0.5,1.0,サンプル不足
v4,volatility_20d,20日変動率,業種,金属製品,3d,3営業日,1,0.5,0.5,1.0,サンプル不足
v4,volatility_20d,20日変動率,業種,金属製品,5d,5営業日,1,1.0,1.0,1.0,サンプル不足
v4,volatility_20d,20日変動率,業種,金属製品,10d,10営業日,1,1.0,1.0,1.0,サンプル不足
v4,volatility_20d,20日変動率,業種,鉄鋼,1d,1営業日,0,,,,サンプル不足
v4,volatility_20d,20日変動率,業種,鉄鋼,3d,3営業日,0,,,,サンプル不足
v4,volatility_20d,20日変動率,業種,鉄鋼,5d,5営業日,0,,,,サンプル不足
v4,volatility_20d,20日変動率,業種,鉄鋼,10d,10営業日,0,,,,サンプル不足
v4,volatility_20d,20日変動率,業種,銀行業,1d,1営業日,1,0.09999999999999999,0.09999999999999999,1.0,サンプル不足
v4,volatility_20d,20日変動率,業種,銀行業,3d,3営業日,1,-0.6,-0.6,0.0,サンプル不足
v4,volatility_20d,20日変動率,業種,銀行業,5d,5営業日,1,-0.7,-0.7,0.0,サンプル不足
v4,volatility_20d,20日変動率,業種,銀行業,10d,10営業日,1,0.19999999999999998,0.19999999999999998,1.0,サンプル不足
v4,volatility_20d,20日変動率,業種,電気機器,1d,1営業日,1,0.0378317334839074,0.0378317334839074,1.0,サンプル不足
v4,volatility_20d,20日変動率,業種,電気機器,3d,3営業日,1,-0.24901185770750994,-0.24901185770750994,0.0,サンプル不足
v4,volatility_20d,20日変動率,業種,電気機器,5d,5営業日,1,-0.30321852060982496,-0.30321852060982496,0.0,サンプル不足
v4,volatility_20d,20日変動率,業種,電気機器,10d,10営業日,1,-0.059288537549407126,-0.059288537549407126,0.0,サンプル不足
v4,volatility_20d,20日変動率,業種,食料品,1d,1営業日,0,,,,サンプル不足
v4,volatility_20d,20日変動率,業種,食料品,3d,3営業日,0,,,,サンプル不足
v4,volatility_20d,20日変動率,業種,食料品,5d,5営業日,0,,,,サンプル不足
v4,volatility_20d,20日変動率,業種,食料品,10d,10営業日,0,,,,サンプル不足
v5,score,総合スコア,全体,全体,1d,1営業日,1,0.21433607661685614,0.21433607661685614,1.0,サンプル不足
v5,score,総合スコア,全体,全体,3d,3営業日,1,0.2510658597846877,0.2510658597846877,1.0,サンプル不足
v5,score,総合スコア,全体,全体,5d,5営業日,1,0.08595285314426068,0.08595285314426068,1.0,サンプル不足
v5,score,総合スコア,全体,全体,10d,10営業日,1,0.31161809666535895,0.31161809666535895,1.0,サンプル不足
v5,score,総合スコア,業種,その他金融業,1d,1営業日,0,,,,サンプル不足
v5,score,総合スコア,業種,その他金融業,3d,3営業日,0,,,,サンプル不足
v5,score,総合スコア,業種,その他金融業,5d,5営業日,0,,,,サンプル不足
v5,score,総合スコア,業種,その他金融業,10d,10営業日,0,,,,サンプル不足
v5,score,総合スコア,業種,ガラス・土石製品,1d,1営業日,1,0.19999999999999998,0.19999999999999998,1.0,サンプル不足
v5,score,総合スコア,業種,ガラス・土石製品,3d,3営業日,1,0.19999999999999998,0.19999999999999998,1.0,サンプル不足
v5,score,総合スコア,業種,ガラス・土石製品,5d,5営業日,1,0.39999999999999997,0.39999999999999997,1.0,サンプル不足
v5,score,総合スコア,業種,ガラス・土石製品,10d,10営業日,1,-0.39999999999999997,-0.39999999999999997,0.0,サンプル不足
v5,score,総合スコア,業種,サービス業,1d,1営業日,1,-0.08571428571428573,-0.08571428571428573,0.0,サンプル不足
v5,score,総合スコア,業種,サービス業,3d,3営業日,1,0.7714285714285715,0.7714285714285715,1.0,サンプル不足
v5,score,総合スコア,業種,サービス業,5d,5営業日,1,0.48571428571428577,0.48571428571428577,1.0,サンプル不足
v5,score,総合スコア,業種,サービス業,10d,10営業日,1,0.6,0.6,1.0,サンプル不足
v5,score,総合スコア,業種,パルプ・紙,1d,1営業日,0,,,,サンプル不足
v5,score,総合スコア,業種,パルプ・紙,3d,3営業日,0,,,,サンプル不足
v5,score,総合スコア,業種,パルプ・紙,5d,5営業日,0,,,,サンプル不足
v5,score,総合スコア,業種,パルプ・紙,10d,10営業日,0,,,,サンプル不足
v5,score,総合スコア,業種,不動産業,1d,1営業日,0,,,,サンプル不足
v5,score,総合スコア,業種,不動産業,3d,3営業日,0,,,,サンプル不足
v5,score,総合スコア,業種,不動産業,5d,5営業日,0,,,,サンプル不足
v5,score,総合スコア,業種,不動産業,10d,10営業日,0,,,,サンプル不足
v5,score,総合スコア,業種,保険業,1d,1営業日,0,,,,サンプル不足
v5,score,総合スコア,業種,保険業,3d,3営業日,0,,,,サンプル不足
v5,score,総合スコア,業種,保険業,5d,5営業日,0,,,,サンプル不足
v5,score,総合スコア,業種,保険業,10d,10営業日,0,,,,サンプル不足
v5,score,総合スコア,業種,化学,1d,1営業日,1,0.0,0.0,0.0,サンプル不足
v5,score,総合スコア,業種,化学,3d,3営業日,1,0.0,0.0,0.0,サンプル不足
v5,score,総合スコア,業種,化学,5d,5営業日,1,-0.25,-0.25,0.0,サンプル不足
v5,score,総合スコア,業種,化学,10d,10営業日,1,-0.5357142857142858,-0.5357142857142858,0.0,サンプル不足
v5,score,総合スコア,業種,卸売業,1d,1営業日,0,,,,サンプル不足
v5,score,総合スコア,業種,卸売業,3d,3営業日,0,,,,サンプル不足
v5,score,総合スコア,業種,卸売業,5d,5営業日,0,,,,サンプル不足
v5,score,総合スコア,業種,卸売業,10d,10営業日,0,,,,サンプル不足
v5,score,総合スコア,業種,小売業,1d,1営業日,1,1.0,1.0,1.0,サンプル不足
v5,score,総合スコア,業種,小売業,3d,3営業日,1,0.5,0.5,1.0,サンプル不足
v5,score,総合スコア,業種,小売業,5d,5営業日,1,0.5,0.5,1.0,サンプル不足
v5,score,総合スコア,業種,小売業,10d,10営業日,1,1.0,1.0,1.0,サンプル不足
v5,score,総合スコア,業種,建設業,1d,1営業日,0,,,,サンプル不足
v5,score,総合スコア,業種,建設業,3d,3営業日,0,,,,サンプル不足
v5,score,総合スコア,業種,建設業,5d,5営業日,0,,,,サンプル不足
v5,score,総合スコア,業種,建設業,10d,10営業日,0,,,,サンプル不足
v5,score,総合スコア,業種,情報・通信業,1d,1営業日,1,-0.7999999999999999,-0.7999999999999999,0.0,サンプル不足
v5,score,総合スコア,業種,情報・通信業,3d,3営業日,1,-0.7999999999999999,-0.7999999999999999,0.0,サンプル不足
v5,score,総合スコア,業種,情報・通信業,5d,5営業日,1,-0.49999999999999994,-0.49999999999999994,0.0,サンプル不足
v5,score,総合スコア,業種,情報・通信業,10d,10営業日,1,-0.3,-0.3,0.0,サンプル不足
v5,score,総合スコア,業種,機械,1d,1営業日,1,0.3021978021978022,0.3021978021978022,1.0,サンプル不足
v5,score,総合スコア,業種,機械,3d,3営業日,1,0.5824175824175823,0.5824175824175823,1.0,サンプル不足
v5,score,総合スコア,業種,機械,5d,5営業日,1,0.5494505494505494,0.5494505494505494,1.0,サンプル不足
v5,score,総合スコア,業種,機械,10d,10営業日,1,0.3681318681318681,0.3681318681318681,1.0,サンプル不足
v5,score,総合スコア,業種,精密機器,1d,1営業日,1,0.4642857142857144,0.4642857142857144,1.0,サンプル不足
v5,score,総合スコア,業種,精密機器,3d,3営業日,1,0.07142857142857144,0.07142857142857144,1.0,サンプル不足
v5,score,総合スコア,業種,精密機器,5d,5営業日,1,0.1785714285714286,0.1785714285714286,1.0,サンプル不足
v5,score,総合スコア,業種,精密機器,10d,10営業日,1,0.28571428571428575,0.28571428571428575,1.0,サンプル不足
v5,score,総合スコア,業種,証券、商品先物取引業,1d,1営業日,0,,,,サンプル不足
v5,score,総合スコア,業種,証券、商品先物取引業,3d,3営業日,0,,,,サンプル不足
v5,score,総合スコア,業種,証券、商品先物取引業,5d,5営業日,0,,,,サンプル不足
v5,score,総合スコア,業種,証券、商品先物取引業,10d,10営業日,0,,,,サンプル不足
v5,score,総合スコア,業種,輸送用機器,1d,1営業日,1,0.7999999999999999,0.7999999999999999,1.0,サンプル不足
v5,score,総合スコア,業種,輸送用機器,3d,3営業日,1,1.0,1.0,1.0,サンプル不足
v5,score,総合スコア,業種,輸送用機器,5d,5営業日,1,1.0,1.0,1.0,サンプル不足
v5,score,総合スコア,業種,輸送用機器,10d,10営業日,1,1.0,1.0,1.0,サンプル不足
v5,score,総合スコア,業種,金属製品,1d,1営業日,1,0.19999999999999998,0.19999999999999998,1.0,サンプル不足
v5,score,総合スコア,業種,金属製品,3d,3営業日,1,-0.39999999999999997,-0.39999999999999997,0.0,サンプル不足
v5,score,総合スコア,業種,金属製品,5d,5営業日,1,-0.39999999999999997,-0.39999999999999997,0.0,サンプル不足
v5,score,総合スコア,業種,金属製品,10d,10営業日,1,0.39999999999999997,0.39999999999999997,1.0,サンプル不足
v5,score,総合スコア,業種,鉄鋼,1d,1営業日,0,,,,サンプル不足
v5,score,総合スコア,業種,鉄鋼,3d,3営業日,0,,,,サンプル不足
v5,score,総合スコア,業種,鉄鋼,5d,5営業日,0,,,,サンプル不足
v5,score,総合スコア,業種,鉄鋼,10d,10営業日,0,,,,サンプル不足
v5,score,総合スコア,業種,銀行業,1d,1営業日,1,-0.9999999999999999,-0.9999999999999999,0.0,サンプル不足
v5,score,総合スコア,業種,銀行業,3d,3営業日,1,-0.9999999999999999,-0.9999999999999999,0.0,サンプル不足
v5,score,総合スコア,業種,銀行業,5d,5営業日,1,-0.8999999999999998,-0.8999999999999998,0.0,サンプル不足
v5,score,総合スコア,業種,銀行業,10d,10営業日,1,-0.19999999999999998,-0.19999999999999998,0.0,サンプル不足
v5,score,総合スコア,業種,電気・ガス業,1d,1営業日,0,,,,サンプル不足
v5,score,総合スコア,業種,電気・ガス業,3d,3営業日,0,,,,サンプル不足
v5,score,総合スコア,業種,電気・ガス業,5d,5営業日,0,,,,サンプル不足
v5,score,総合スコア,業種,電気・ガス業,10d,10営業日,0,,,,サンプル不足
v5,score,総合スコア,業種,電気機器,1d,1営業日,1,0.23846153846153845,0.23846153846153845,1.0,サンプル不足
v5,score,総合スコア,業種,電気機器,3d,3営業日,1,0.21000000000000002,0.21000000000000002,1.0,サンプル不足
v5,score,総合スコア,業種,電気機器,5d,5営業日,1,-0.07846153846153846,-0.07846153846153846,0.0,サンプル不足
v5,score,総合スコア,業種,電気機器,10d,10営業日,1,0.3153846153846154,0.3153846153846154,1.0,サンプル不足
v5,score,総合スコア,業種,非鉄金属,1d,1営業日,0,,,,サンプル不足
v5,score,総合スコア,業種,非鉄金属,3d,3営業日,0,,,,サンプル不足
v5,score,総合スコア,業種,非鉄金属,5d,5営業日,0,,,,サンプル不足
v5,score,総合スコア,業種,非鉄金属,10d,10営業日,0,,,,サンプル不足
v5,score,総合スコア,業種,食料品,1d,1営業日,0,,,,サンプル不足
v5,score,総合スコア,業種,食料品,3d,3営業日,0,,,,サンプル不足
v5,score,総合スコア,業種,食料品,5d,5営業日,0,,,,サンプル不足
v5,score,総合スコア,業種,食料品,10d,10営業日,0,,,,サンプル不足
v5,return_20d,20日モメンタム,全体,全体,1d,1営業日,1,0.11836783678367833,0.11836783678367833,1.0,サンプル不足
v5,return_20d,20日モメンタム,全体,全体,3d,3営業日,1,0.15813981398139812,0.15813981398139812,1.0,サンプル不足
v5,return_20d,20日モメンタム,全体,全体,5d,5営業日,1,0.0022922292229222924,0.0022922292229222924,1.0,サンプル不足
v5,return_20d,20日モメンタム,全体,全体,10d,10営業日,1,0.09878187818781876,0.09878187818781876,1.0,サンプル不足
v5,return_20d,20日モメンタム,業種,その他金融業,1d,1営業日,0,,,,サンプル不足
v5,return_20d,20日モメンタム,業種,その他金融業,3d,3営業日,0,,,,サンプル不足
v5,return_20d,20日モメンタム,業種,その他金融業,5d,5営業日,0,,,,サンプル不足
v5,return_20d,20日モメンタム,業種,その他金融業,10d,10営業日,0,,,,サンプル不足
v5,return_20d,20日モメンタム,業種,ガラス・土石製品,1d,1営業日,1,0.19999999999999998,0.19999999999999998,1.0,サンプル不足
v5,return_20d,20日モメンタム,業種,ガラス・土石製品,3d,3営業日,1,0.19999999999999998,0.19999999999999998,1.0,サンプル不足
v5,return_20d,20日モメンタム,業種,ガラス・土石製品,5d,5営業日,1,0.39999999999999997,0.39999999999999997,1.0,サンプル不足
v5,return_20d,20日モメンタム,業種,ガラス・土石製品,10d,10営業日,1,-0.39999999999999997,-0.39999999999999997,0.0,サンプル不足
v5,return_20d,20日モメンタム,業種,サービス業,1d,1営業日,1,-0.2,-0.2,0.0,サンプル不足
v5,return_20d,20日モメンタム,業種,サービス業,3d,3営業日,1,0.08571428571428573,0.08571428571428573,1.0,サンプル不足
v5,return_20d,20日モメンタム,業種,サービス業,5d,5営業日,1,-0.08571428571428573,-0.08571428571428573,0.0,サンプル不足
v5,return_20d,20日モメンタム,業種,サービス業,10d,10営業日,1,0.48571428571428577,0.48571428571428577,1.0,サンプル不足
v5,return_20d,20日モメンタム,業種,パルプ・紙,1d,1営業日,0,,,,サンプル不足
v5,return_20d,20日モメンタム,業種,パルプ・紙,3d,3営業日,0,,,,サンプル不足
v5,return_20d,20日モメンタム,業種,パルプ・紙,5d,5営業日,0,,,,サンプル不足
v5,return_20d,20日モメンタム,業種,パルプ・紙,10d,10営業日,0,,,,サンプル不足
v5,return_20d,20日モメンタム,業種,不動産業,1d,1営業日,0,,,,サンプル不足
v5,return_20d,20日モメンタム,業種,不動産業,3d,3営業日,0,,,,サンプル不足
v5,return_20d,20日モメンタム,業種,不動産業,5d,5営業日,0,,,,サンプル不足
v5,return_20d,20日モメンタム,業種,不動産業,10d,10営業日,0,,,,サンプル不足
v5,return_20d,20日モメンタム,業種,保険業,1d,1営業日,0,,,,サンプル不足
v5,return_20d,20日モメンタム,業種,保険業,3d,3営業日,0,,,,サンプル不足
v5,return_20d,20日モメンタム,業種,保険業,5d,5営業日,0,,,,サンプル不足
v5,return_20d,20日モメンタム,業種,保険業,10d,10営業日,0,,,,サンプル不足
v5,return_20d,20日モメンタム,業種,化学,1d,1営業日,1,0.14285714285714288,0.14285714285714288,1.0,サンプル不足
v5,return_20d,20日モメンタム,業種,化学,3d,3営業日,1,-0.03571428571428572,-0.03571428571428572,0.0,サンプル不足
v5,return_20d,20日モメンタム,業種,化学,5d,5営業日,1,-0.3214285714285715,-0.3214285714285715,0.0,サンプル不足
v5,return_20d,20日モメンタム,業種,化学,10d,10営業日,1,-0.39285714285714296,-0.39285714285714296,0.0,サンプル不足
v5,return_20d,20日モメンタム,業種,卸売業,1d,1営業日,0,,,,サンプル不足
v5,return_20d,20日モメンタム,業種,卸売業,3d,3営業日,0,,,,サンプル不足
v5,return_20d,20日モメンタム,業種,卸売業,5d,5営業日,0,,,,サンプル不足
v5,return_20d,20日モメンタム,業種,卸売業,10d,10営業日,0,,,,サンプル不足
v5,return_20d,20日モメンタム,業種,小売業,1d,1営業日,1,-0.5,-0.5,0.0,サンプル不足
v5,return_20d,20日モメンタム,業種,小売業,3d,3営業日,1,0.5,0.5,1.0,サンプル不足
v5,return_20d,20日モメンタム,業種,小売業,5d,5営業日,1,0.5,0.5,1.0,サンプル不足
v5,return_20d,20日モメンタム,業種,小売業,10d,10営業日,1,-0.5,-0.5,0.0,サンプル不足
v5,return_20d,20日モメンタム,業種,建設業,1d,1営業日,0,,,,サンプル不足
v5,return_20d,20日モメンタム,業種,建設業,3d,3営業日,0,,,,サンプル不足
v5,return_20d,20日モメンタム,業種,建設業,5d,5営業日,0,,,,サンプル不足
v5,return_20d,20日モメンタム,業種,建設業,10d,10営業日,0,,,,サンプル不足
v5,return_20d,20日モメンタム,業種,情報・通信業,1d,1営業日,1,-0.3,-0.3,0.0,サンプル不足
v5,return_20d,20日モメンタム,業種,情報・通信業,3d,3営業日,1,-0.3,-0.3,0.0,サンプル不足
v5,return_20d,20日モメンタム,業種,情報・通信業,5d,5営業日,1,-0.39999999999999997,-0.39999999999999997,0.0,サンプル不足
v5,return_20d,20日モメンタム,業種,情報・通信業,10d,10営業日,1,-0.7,-0.7,0.0,サンプル不足
v5,return_20d,20日モメンタム,業種,機械,1d,1営業日,1,0.13736263736263735,0.13736263736263735,1.0,サンプル不足
v5,return_20d,20日モメンタム,業種,機械,3d,3営業日,1,0.42857142857142855,0.42857142857142855,1.0,サンプル不足
v5,return_20d,20日モメンタム,業種,機械,5d,5営業日,1,0.5549450549450549,0.5549450549450549,1.0,サンプル不足
v5,return_20d,20日モメンタム,業種,機械,10d,10営業日,1,0.24725274725274726,0.24725274725274726,1.0,サンプル不足
v5,return_20d,20日モメンタム,業種,精密機器,1d,1営業日,1,0.6071428571428572,0.6071428571428572,1.0,サンプル不足
v5,return_20d,20日モメンタム,業種,精密機器,3d,3営業日,1,0.3571428571428572,0.3571428571428572,1.0,サンプル不足
v5,return_20d,20日モメンタム,業種,精密機器,5d,5営業日,1,0.39285714285714296,0.39285714285714296,1.0,サンプル不足
v5,return_20d,20日モメンタム,業種,精密機器,10d,10営業日,1,0.5714285714285715,0.5714285714285715,1.0,サンプル不足
v5,return_20d,20日モメンタム,業種,証券、商品先物取引業,1d,1営業日,0,,,,サンプル不足
v5,return_20d,20日モメンタム,業種,証券、商品先物取引業,3d,3営業日,0,,,,サンプル不足
v5,return_20d,20日モメンタム,業種,証券、商品先物取引業,5d,5営業日,0,,,,サンプル不足
v5,return_20d,20日モメンタム,業種,証券、商品先物取引業,10d,10営業日,0,,,,サンプル不足
v5,return_20d,20日モメンタム,業種,輸送用機器,1d,1営業日,1,0.39999999999999997,0.39999999999999997,1.0,サンプル不足
v5,return_20d,20日モメンタム,業種,輸送用機器,3d,3営業日,1,0.7999999999999999,0.7999999999999999,1.0,サンプル不足
v5,return_20d,20日モメンタム,業種,輸送用機器,5d,5営業日,1,0.7999999999999999,0.7999999999999999,1.0,サンプル不足
v5,return_20d,20日モメンタム,業種,輸送用機器,10d,10営業日,1,0.7999999999999999,0.7999999999999999,1.0,サンプル不足
v5,return_20d,20日モメンタム,業種,金属製品,1d,1営業日,1,0.19999999999999998,0.19999999999999998,1.0,サンプル不足
v5,return_20d,20日モメンタム,業種,金属製品,3d,3営業日,1,-0.39999999999999997,-0.39999999999999997,0.0,サンプル不足
v5,return_20d,20日モメンタム,業種,金属製品,5d,5営業日,1,-0.39999999999999997,-0.39999999999999997,0.0,サンプル不足
v5,return_20d,20日モメンタム,業種,金属製品,10d,10営業日,1,0.39999999999999997,0.39999999999999997,1.0,サンプル不足
v5,return_20d,20日モメンタム,業種,鉄鋼,1d,1営業日,0,,,,サンプル不足
v5,return_20d,20日モメンタム,業種,鉄鋼,3d,3営業日,0,,,,サンプル不足
v5,return_20d,20日モメンタム,業種,鉄鋼,5d,5営業日,0,,,,サンプル不足
v5,return_20d,20日モメンタム,業種,鉄鋼,10d,10営業日,0,,,,サンプル不足
v5,return_20d,20日モメンタム,業種,銀行業,1d,1営業日,1,-0.8999999999999998,-0.8999999999999998,0.0,サンプル不足
v5,return_20d,20日モメンタム,業種,銀行業,3d,3営業日,1,-0.8999999999999998,-0.8999999999999998,0.0,サンプル不足
v5,return_20d,20日モメンタム,業種,銀行業,5d,5営業日,1,-0.7,-0.7,0.0,サンプル不足
v5,return_20d,20日モメンタム,業種,銀行業,10d,10営業日,1,-0.09999999999999999,-0.09999999999999999,0.0,サンプル不足
v5,return_20d,20日モメンタム,業種,電気・ガス業,1d,1営業日,0,,,,サンプル不足
v5,return_20d,20日モメンタム,業種,電気・ガス業,3d,3営業日,0,,,,サンプル不足
v5,return_20d,20日モメンタム,業種,電気・ガス業,5d,5営業日,0,,,,サンプル不足
v5,return_20d,20日モメンタム,業種,電気・ガス業,10d,10営業日,0,,,,サンプル不足
v5,return_20d,20日モメンタム,業種,電気機器,1d,1営業日,1,0.16846153846153847,0.16846153846153847,1.0,サンプル不足
v5,return_20d,20日モメンタム,業種,電気機器,3d,3営業日,1,0.18923076923076923,0.18923076923076923,1.0,サンプル不足
v5,return_20d,20日モメンタム,業種,電気機器,5d,5営業日,1,-0.12461538461538461,-0.12461538461538461,0.0,サンプル不足
v5,return_20d,20日モメンタム,業種,電気機器,10d,10営業日,1,0.21846153846153843,0.21846153846153843,1.0,サンプル不足
v5,return_20d,20日モメンタム,業種,非鉄金属,1d,1営業日,0,,,,サンプル不足
v5,return_20d,20日モメンタム,業種,非鉄金属,3d,3営業日,0,,,,サンプル不足
v5,return_20d,20日モメンタム,業種,非鉄金属,5d,5営業日,0,,,,サンプル不足
v5,return_20d,20日モメンタム,業種,非鉄金属,10d,10営業日,0,,,,サンプル不足
v5,return_20d,20日モメンタム,業種,食料品,1d,1営業日,0,,,,サンプル不足
v5,return_20d,20日モメンタム,業種,食料品,3d,3営業日,0,,,,サンプル不足
v5,return_20d,20日モメンタム,業種,食料品,5d,5営業日,0,,,,サンプル不足
v5,return_20d,20日モメンタム,業種,食料品,10d,10営業日,0,,,,サンプル不足
v5,return_60d,60日モメンタム,全体,全体,1d,1営業日,1,0.18997899789978998,0.18997899789978998,1.0,サンプル不足
v5,return_60d,60日モメンタム,全体,全体,3d,3営業日,1,0.22145814581458143,0.22145814581458143,1.0,サンプル不足
v5,return_60d,60日モメンタム,全体,全体,5d,5営業日,1,-0.008472847284728472,-0.008472847284728472,0.0,サンプル不足
v5,return_60d,60日モメンタム,全体,全体,10d,10営業日,1,0.16717671767176717,0.16717671767176717,1.0,サンプル不足
v5,return_60d,60日モメンタム,業種,その他金融業,1d,1営業日,0,,,,サンプル不足
v5,return_60d,60日モメンタム,業種,その他金融業,3d,3営業日,0,,,,サンプル不足
v5,return_60d,60日モメンタム,業種,その他金融業,5d,5営業日,0,,,,サンプル不足
v5,return_60d,60日モメンタム,業種,その他金融業,10d,10営業日,0,,,,サンプル不足
v5,return_60d,60日モメンタム,業種,ガラス・土石製品,1d,1営業日,1,0.19999999999999998,0.19999999999999998,1.0,サンプル不足
v5,return_60d,60日モメンタム,業種,ガラス・土石製品,3d,3営業日,1,0.19999999999999998,0.19999999999999998,1.0,サンプル不足
v5,return_60d,60日モメンタム,業種,ガラス・土石製品,5d,5営業日,1,0.39999999999999997,0.39999999999999997,1.0,サンプル不足
v5,return_60d,60日モメンタム,業種,ガラス・土石製品,10d,10営業日,1,-0.39999999999999997,-0.39999999999999997,0.0,サンプル不足
v5,return_60d,60日モメンタム,業種,サービス業,1d,1営業日,1,0.2571428571428572,0.2571428571428572,1.0,サンプル不足
v5,return_60d,60日モメンタム,業種,サービス業,3d,3営業日,1,0.7714285714285715,0.7714285714285715,1.0,サンプル不足
v5,return_60d,60日モメンタム,業種,サービス業,5d,5営業日,1,0.942857142857143,0.942857142857143,1.0,サンプル不足
v5,return_60d,60日モメンタム,業種,サービス業,10d,10営業日,1,0.8285714285714287,0.8285714285714287,1.0,サンプル不足
v5,return_60d,60日モメンタム,業種,パルプ・紙,1d,1営業日,0,,,,サンプル不足
v5,return_60d,60日モメンタム,業種,パルプ・紙,3d,3営業日,0,,,,サンプル不足
v5,return_60d,60日モメンタム,業種,パルプ・紙,5d,5営業日,0,,,,サンプル不足
v5,return_60d,60日モメンタム,業種,パルプ・紙,10d,10営業日,0,,,,サンプル不足
v5,return_60d,60日モメンタム,業種,不動産業,1d,1営業日,0,,,,サンプル不足
v5,return_60d,60日モメンタム,業種,不動産業,3d,3営業日,0,,,,サンプル不足
v5,return_60d,60日モメンタム,業種,不動産業,5d,5営業日,0,,,,サンプル不足
v5,return_60d,60日モメンタム,業種,不動産業,10d,10営業日,0,,,,サンプル不足
v5,return_60d,60日モメンタム,業種,保険業,1d,1営業日,0,,,,サンプル不足
v5,return_60d,60日モメンタム,業種,保険業,3d,3営業日,0,,,,サンプル不足
v5,return_60d,60日モメンタム,業種,保険業,5d,5営業日,0,,,,サンプル不足
v5,return_60d,60日モメンタム,業種,保険業,10d,10営業日,0,,,,サンプル不足
v5,return_60d,60日モメンタム,業種,化学,1d,1営業日,1,0.1785714285714286,0.1785714285714286,1.0,サンプル不足
v5,return_60d,60日モメンタム,業種,化学,3d,3営業日,1,0.10714285714285716,0.10714285714285716,1.0,サンプル不足
v5,return_60d,60日モメンタム,業種,化学,5d,5営業日,1,-0.1785714285714286,-0.1785714285714286,0.0,サンプル不足
v5,return_60d,60日モメンタム,業種,化学,10d,10営業日,1,-0.3214285714285715,-0.3214285714285715,0.0,サンプル不足
v5,return_60d,60日モメンタム,業種,卸売業,1d,1営業日,0,,,,サンプル不足
v5,return_60d,60日モメンタム,業種,卸売業,3d,3営業日,0,,,,サンプル不足
v5,return_60d,60日モメンタム,業種,卸売業,5d,5営業日,0,,,,サンプル不足
v5,return_60d,60日モメンタム,業種,卸売業,10d,10営業日,0,,,,サンプル不足
v5,return_60d,60日モメンタム,業種,小売業,1d,1営業日,1,0.5,0.5,1.0,サンプル不足
v5,return_60d,60日モメンタム,業種,小売業,3d,3営業日,1,-0.5,-0.5,0.0,サンプル不足
v5,return_60d,60日モメンタム,業種,小売業,5d,5営業日,1,-0.5,-0.5,0.0,サンプル不足
v5,return_60d,60日モメンタム,業種,小売業,10d,10営業日,1,0.5,0.5,1.0,サンプル不足
v5,return_60d,60日モメンタム,業種,建設業,1d,1営業日,0,,,,サンプル不足
v5,return_60d,60日モメンタム,業種,建設業,3d,3営業日,0,,,,サンプル不足
v5,return_60d,60日モメンタム,業種,建設業,5d,5営業日,0,,,,サンプル不足
v5,return_60d,60日モメンタム,業種,建設業,10d,10営業日,0,,,,サンプル不足
v5,return_60d,60日モメンタム,業種,情報・通信業,1d,1営業日,1,-0.19999999999999998,-0.19999999999999998,0.0,サンプル不足
v5,return_60d,60日モメンタム,業種,情報・通信業,3d,3営業日,1,-0.19999999999999998,-0.19999999999999998,0.0,サンプル不足
v5,return_60d,60日モメンタム,業種,情報・通信業,5d,5営業日,1,-0.49999999999999994,-0.49999999999999994,0.0,サンプル不足
v5,return_60d,60日モメンタム,業種,情報・通信業,10d,10営業日,1,-0.7,-0.7,0.0,サンプル不足
v5,return_60d,60日モメンタム,業種,機械,1d,1営業日,1,0.3681318681318681,0.3681318681318681,1.0,サンプル不足
v5,return_60d,60日モメンタム,業種,機械,3d,3営業日,1,0.7142857142857143,0.7142857142857143,1.0,サンプル不足
v5,return_60d,60日モメンタム,業種,機械,5d,5営業日,1,0.6318681318681317,0.6318681318681317,1.0,サンプル不足
v5,return_60d,60日モメンタム,業種,機械,10d,10営業日,1,0.48901098901098894,0.48901098901098894,1.0,サンプル不足
v5,return_60d,60日モメンタム,業種,精密機器,1d,1営業日,1,-0.07142857142857144,-0.07142857142857144,0.0,サンプル不足
v5,return_60d,60日モメンタム,業種,精密機器,3d,3営業日,1,0.0,0.0,0.0,サンプル不足
v5,return_60d,60日モメンタム,業種,精密機器,5d,5営業日,1,0.14285714285714288,0.14285714285714288,1.0,サンプル不足
v5,return_60d,60日モメンタム,業種,精密機器,10d,10営業日,1,0.14285714285714288,0.14285714285714288,1.0,サンプル不足
v5,return_60d,60日モメンタム,業種,証券、商品先物取引業,1d,1営業日,0,,,,サンプル不足
v5,return_60d,60日モメンタム,業種,証券、商品先物取引業,3d,3営業日,0,,,,サンプル不足
v5,return_60d,60日モメンタム,業種,証券、商品先物取引業,5d,5営業日,0,,,,サンプル不足
v5,return_60d,60日モメンタム,業種,証券、商品先物取引業,10d,10営業日,0,,,,サンプル不足
v5,return_60d,60日モメンタム,業種,輸送用機器,1d,1営業日,1,-0.19999999999999998,-0.19999999999999998,0.0,サンプル不足
v5,return_60d,60日モメンタム,業種,輸送用機器,3d,3営業日,1,-0.39999999999999997,-0.39999999999999997,0.0,サンプル不足
v5,return_60d,60日モメンタム,業種,輸送用機器,5d,5営業日,1,-0.39999999999999997,-0.39999999999999997,0.0,サンプル不足
v5,return_60d,60日モメンタム,業種,輸送用機器,10d,10営業日,1,-0.39999999999999997,-0.39999999999999997,0.0,サンプル不足
v5,return_60d,60日モメンタム,業種,金属製品,1d,1営業日,1,0.7999999999999999,0.7999999999999999,1.0,サンプル不足
v5,return_60d,60日モメンタム,業種,金属製品,3d,3営業日,1,0.39999999999999997,0.39999999999999997,1.0,サンプル不足
v5,return_60d,60日モメンタム,業種,金属製品,5d,5営業日,1,0.39999999999999997,0.39999999999999997,1.0,サンプル不足
v5,return_60d,60日モメンタム,業種,金属製品,10d,10営業日,1,1.0,1.0,1.0,サンプル不足
v5,return_60d,60日モメンタム,業種,鉄鋼,1d,1営業日,0,,,,サンプル不足
v5,return_60d,60日モメンタム,業種,鉄鋼,3d,3営業日,0,,,,サンプル不足
v5,return_60d,60日モメンタム,業種,鉄鋼,5d,5営業日,0,,,,サンプル不足
v5,return_60d,60日モメンタム,業種,鉄鋼,10d,10営業日,0,,,,サンプル不足
v5,return_60d,60日モメンタム,業種,銀行業,1d,1営業日,1,-0.8999999999999998,-0.8999999999999998,0.0,サンプル不足
v5,return_60d,60日モメンタム,業種,銀行業,3d,3営業日,1,-0.8999999999999998,-0.8999999999999998,0.0,サンプル不足
v5,return_60d,60日モメンタム,業種,銀行業,5d,5営業日,1,-0.7,-0.7,0.0,サンプル不足
v5,return_60d,60日モメンタム,業種,銀行業,10d,10営業日,1,-0.09999999999999999,-0.09999999999999999,0.0,サンプル不足
v5,return_60d,60日モメンタム,業種,電気・ガス業,1d,1営業日,0,,,,サンプル不足
v5,return_60d,60日モメンタム,業種,電気・ガス業,3d,3営業日,0,,,,サンプル不足
v5,return_60d,60日モメンタム,業種,電気・ガス業,5d,5営業日,0,,,,サンプル不足
v5,return_60d,60日モメンタム,業種,電気・ガス業,10d,10営業日,0,,,,サンプル不足
v5,return_60d,60日モメンタム,業種,電気機器,1d,1営業日,1,0.1392307692307692,0.1392307692307692,1.0,サンプル不足
v5,return_60d,60日モメンタム,業種,電気機器,3d,3営業日,1,0.16153846153846155,0.16153846153846155,1.0,サンプル不足
v5,return_60d,60日モメンタム,業種,電気機器,5d,5営業日,1,-0.1623076923076923,-0.1623076923076923,0.0,サンプル不足
v5,return_60d,60日モメンタム,業種,電気機器,10d,10営業日,1,0.1723076923076923,0.1723076923076923,1.0,サンプル不足
v5,return_60d,60日モメンタム,業種,非鉄金属,1d,1営業日,0,,,,サンプル不足
v5,return_60d,60日モメンタム,業種,非鉄金属,3d,3営業日,0,,,,サンプル不足
v5,return_60d,60日モメンタム,業種,非鉄金属,5d,5営業日,0,,,,サンプル不足
v5,return_60d,60日モメンタム,業種,非鉄金属,10d,10営業日,0,,,,サンプル不足
v5,return_60d,60日モメンタム,業種,食料品,1d,1営業日,0,,,,サンプル不足
v5,return_60d,60日モメンタム,業種,食料品,3d,3営業日,0,,,,サンプル不足
v5,return_60d,60日モメンタム,業種,食料品,5d,5営業日,0,,,,サンプル不足
v5,return_60d,60日モメンタム,業種,食料品,10d,10営業日,0,,,,サンプル不足
v5,return_120d,120日モメンタム,全体,全体,1d,1営業日,1,0.24517251725172515,0.24517251725172515,1.0,サンプル不足
v5,return_120d,120日モメンタム,全体,全体,3d,3営業日,1,0.39912391239123907,0.39912391239123907,1.0,サンプル不足
v5,return_120d,120日モメンタム,全体,全体,5d,5営業日,1,0.09857785778577859,0.09857785778577859,1.0,サンプル不足
v5,return_120d,120日モメンタム,全体,全体,10d,10営業日,1,0.15372337233723368,0.15372337233723368,1.0,サンプル不足
v5,return_120d,120日モメンタム,業種,その他金融業,1d,1営業日,0,,,,サンプル不足
v5,return_120d,120日モメンタム,業種,その他金融業,3d,3営業日,0,,,,サンプル不足
v5,return_120d,120日モメンタム,業種,その他金融業,5d,5営業日,0,,,,サンプル不足
v5,return_120d,120日モメンタム,業種,その他金融業,10d,10営業日,0,,,,サンプル不足
v5,return_120d,120日モメンタム,業種,ガラス・土石製品,1d,1営業日,1,0.7999999999999999,0.7999999999999999,1.0,サンプル不足
v5,return_120d,120日モメンタム,業種,ガラス・土石製品,3d,3営業日,1,0.7999999999999999,0.7999999999999999,1.0,サンプル不足
v5,return_120d,120日モメンタム,業種,ガラス・土石製品,5d,5営業日,1,1.0,1.0,1.0,サンプル不足
v5,return_120d,120日モメンタム,業種,ガラス・土石製品,10d,10営業日,1,-0.39999999999999997,-0.39999999999999997,0.0,サンプル不足
v5,return_120d,120日モメンタム,業種,サービス業,1d,1営業日,1,0.08571428571428573,0.08571428571428573,1.0,サンプル不足
v5,return_120d,120日モメンタム,業種,サービス業,3d,3営業日,1,0.7714285714285715,0.7714285714285715,1.0,サンプル不足
v5,return_120d,120日モメンタム,業種,サービス業,5d,5営業日,1,0.7714285714285715,0.7714285714285715,1.0,サンプル不足
v5,return_120d,120日モメンタム,業種,サービス業,10d,10営業日,1,0.3142857142857143,0.3142857142857143,1.0,サンプル不足
v5,return_120d,120日モメンタム,業種,パルプ・紙,1d,1営業日,0,,,,サンプル不足
v5,return_120d,120日モメンタム,業種,パルプ・紙,3d,3営業日,0,,,,サンプル不足
v5,return_120d,120日モメンタム,業種,パルプ・紙,5d,5営業日,0,,,,サンプル不足
v5,return_120d,120日モメンタム,業種,パルプ・紙,10d,10営業日,0,,,,サンプル不足
v5,return_120d,120日モメンタム,業種,不動産業,1d,1営業日,0,,,,サンプル不足
v5,return_120d,120日モメンタム,業種,不動産業,3d,3営業日,0,,,,サンプル不足
v5,return_120d,120日モメンタム,業種,不動産業,5d,5営業日,0,,,,サンプル不足
v5,return_120d,120日モメンタム,業種,不動産業,10d,10営業日,0,,,,サンプル不足
v5,return_120d,120日モメンタム,業種,保険業,1d,1営業日,0,,,,サンプル不足
v5,return_120d,120日モメンタム,業種,保険業,3d,3営業日,0,,,,サンプル不足
v5,return_120d,120日モメンタム,業種,保険業,5d,5営業日,0,,,,サンプル不足
v5,return_120d,120日モメンタム,業種,保険業,10d,10営業日,0,,,,サンプル不足
v5,return_120d,120日モメンタム,業種,化学,1d,1営業日,1,0.3214285714285715,0.3214285714285715,1.0,サンプル不足
v5,return_120d,120日モメンタム,業種,化学,3d,3営業日,1,0.3571428571428572,0.3571428571428572,1.0,サンプル不足
v5,return_120d,120日モメンタム,業種,化学,5d,5営業日,1,-0.10714285714285716,-0.10714285714285716,0.0,サンプル不足
v5,return_120d,120日モメンタム,業種,化学,10d,10営業日,1,-0.4642857142857144,-0.4642857142857144,0.0,サンプル不足
v5,return_120d,120日モメンタム,業種,卸売業,1d,1営業日,0,,,,サンプル不足
v5,return_120d,120日モメンタム,業種,卸売業,3d,3営業日,0,,,,サンプル不足
v5,return_120d,120日モメンタム,業種,卸売業,5d,5営業日,0,,,,サンプル不足
v5,return_120d,120日モメンタム,業種,卸売業,10d,10営業日,0,,,,サンプル不足
v5,return_120d,120日モメンタム,業種,小売業,1d,1営業日,1,1.0,1.0,1.0,サンプル不足
v5,return_120d,120日モメンタム,業種,小売業,3d,3営業日,1,0.5,0.5,1.0,サンプル不足
v5,return_120d,120日モメンタム,業種,小売業,5d,5営業日,1,0.5,0.5,1.0,サンプル不足
v5,return_120d,120日モメンタム,業種,小売業,10d,10営業日,1,1.0,1.0,1.0,サンプル不足
v5,return_120d,120日モメンタム,業種,建設業,1d,1営業日,0,,,,サンプル不足
v5,return_120d,120日モメンタム,業種,建設業,3d,3営業日,0,,,,サンプル不足
v5,return_120d,120日モメンタム,業種,建設業,5d,5営業日,0,,,,サンプル不足
v5,return_120d,120日モメンタム,業種,建設業,10d,10営業日,0,,,,サンプル不足
v5,return_120d,120日モメンタム,業種,情報・通信業,1d,1営業日,1,-0.39999999999999997,-0.39999999999999997,0.0,サンプル不足
v5,return_120d,120日モメンタム,業種,情報・通信業,3d,3営業日,1,-0.39999999999999997,-0.39999999999999997,0.0,サンプル不足
v5,return_120d,120日モメンタム,業種,情報・通信業,5d,5営業日,1,-0.3,-0.3,0.0,サンプル不足
v5,return_120d,120日モメンタム,業種,情報・通信業,10d,10営業日,1,-0.09999999999999999,-0.09999999999999999,0.0,サンプル不足
v5,return_120d,120日モメンタム,業種,機械,1d,1営業日,1,0.12637362637362637,0.12637362637362637,1.0,サンプル不足
v5,return_120d,120日モメンタム,業種,機械,3d,3営業日,1,0.5549450549450549,0.5549450549450549,1.0,サンプル不足
v5,return_120d,120日モメンタム,業種,機械,5d,5営業日,1,0.5384615384615384,0.5384615384615384,1.0,サンプル不足
v5,return_120d,120日モメンタム,業種,機械,10d,10営業日,1,0.4725274725274725,0.4725274725274725,1.0,サンプル不足
v5,return_120d,120日モメンタム,業種,精密機器,1d,1営業日,1,0.14285714285714288,0.14285714285714288,1.0,サンプル不足
v5,return_120d,120日モメンタム,業種,精密機器,3d,3営業日,1,0.4642857142857144,0.4642857142857144,1.0,サンプル不足
v5,return_120d,120日モメンタム,業種,精密機器,5d,5営業日,1,0.42857142857142866,0.42857142857142866,1.0,サンプル不足
v5,return_120d,120日モメンタム,業種,精密機器,10d,10営業日,1,0.6785714285714287,0.6785714285714287,1.0,サンプル不足
v5,return_120d,120日モメンタム,業種,証券、商品先物取引業,1d,1営業日,0,,,,サンプル不足
v5,return_120d,120日モメンタム,業種,証券、商品先物取引業,3d,3営業日,0,,,,サンプル不足
v5,return_120d,120日モメンタム,業種,証券、商品先物取引業,5d,5営業日,0,,,,サンプル不足
v5,return_120d,120日モメンタム,業種,証券、商品先物取引業,10d,10営業日,0,,,,サンプル不足
v5,return_120d,120日モメンタム,業種,輸送用機器,1d,1営業日,1,0.39999999999999997,0.39999999999999997,1.0,サンプル不足
v5,return_120d,120日モメンタム,業種,輸送用機器,3d,3営業日,1,0.0,0.0,0.0,サンプル不足
v5,return_120d,120日モメンタム,業種,輸送用機器,5d,5営業日,1,0.0,0.0,0.0,サンプル不足
v5,return_120d,120日モメンタム,業種,輸送用機器,10d,10営業日,1,0.0,0.0,0.0,サンプル不足
v5,return_120d,120日モメンタム,業種,金属製品,1d,1営業日,1,0.39999999999999997,0.39999999999999997,1.0,サンプル不足
v5,return_120d,120日モメンタム,業種,金属製品,3d,3営業日,1,0.19999999999999998,0.19999999999999998,1.0,サンプル不足
v5,return_120d,120日モメンタム,業種,金属製品,5d,5営業日,1,0.19999999999999998,0.19999999999999998,1.0,サンプル不足
v5,return_120d,120日モメンタム,業種,金属製品,10d,10営業日,1,0.7999999999999999,0.7999999999999999,1.0,サンプル不足
v5,return_120d,120日モメンタム,業種,鉄鋼,1d,1営業日,0,,,,サンプル不足
v5,return_120d,120日モメンタム,業種,鉄鋼,3d,3営業日,0,,,,サンプル不足
v5,return_120d,120日モメンタム,業種,鉄鋼,5d,5営業日,0,,,,サンプル不足
v5,return_120d,120日モメンタム,業種,鉄鋼,10d,10営業日,0,,,,サンプル不足
v5,return_120d,120日モメンタム,業種,銀行業,1d,1営業日,1,0.3,0.3,1.0,サンプル不足
v5,return_120d,120日モメンタム,業種,銀行業,3d,3営業日,1,0.3,0.3,1.0,サンプル不足
v5,return_120d,120日モメンタム,業種,銀行業,5d,5営業日,1,0.09999999999999999,0.09999999999999999,1.0,サンプル不足
v5,return_120d,120日モメンタム,業種,銀行業,10d,10営業日,1,-0.7,-0.7,0.0,サンプル不足
v5,return_120d,120日モメンタム,業種,電気・ガス業,1d,1営業日,0,,,,サンプル不足
v5,return_120d,120日モメンタム,業種,電気・ガス業,3d,3営業日,0,,,,サンプル不足
v5,return_120d,120日モメンタム,業種,電気・ガス業,5d,5営業日,0,,,,サンプル不足
v5,return_120d,120日モメンタム,業種,電気・ガス業,10d,10営業日,0,,,,サンプル不足
v5,return_120d,120日モメンタム,業種,電気機器,1d,1営業日,1,0.2923076923076923,0.2923076923076923,1.0,サンプル不足
v5,return_120d,120日モメンタム,業種,電気機器,3d,3営業日,1,0.19615384615384615,0.19615384615384615,1.0,サンプル不足
v5,return_120d,120日モメンタム,業種,電気機器,5d,5営業日,1,-0.1176923076923077,-0.1176923076923077,0.0,サンプル不足
v5,return_120d,120日モメンタム,業種,電気機器,10d,10営業日,1,0.19384615384615386,0.19384615384615386,1.0,サンプル不足
v5,return_120d,120日モメンタム,業種,非鉄金属,1d,1営業日,0,,,,サンプル不足
v5,return_120d,120日モメンタム,業種,非鉄金属,3d,3営業日,0,,,,サンプル不足
v5,return_120d,120日モメンタム,業種,非鉄金属,5d,5営業日,0,,,,サンプル不足
v5,return_120d,120日モメンタム,業種,非鉄金属,10d,10営業日,0,,,,サンプル不足
v5,return_120d,120日モメンタム,業種,食料品,1d,1営業日,0,,,,サンプル不足
v5,return_120d,120日モメンタム,業種,食料品,3d,3営業日,0,,,,サンプル不足
v5,return_120d,120日モメンタム,業種,食料品,5d,5営業日,0,,,,サンプル不足
v5,return_120d,120日モメンタム,業種,食料品,10d,10営業日,0,,,,サンプル不足
v5,distance_ma20,20日移動平均乖離,全体,全体,1d,1営業日,1,-0.006024602460246023,-0.006024602460246023,0.0,サンプル不足
v5,distance_ma20,20日移動平均乖離,全体,全体,3d,3営業日,1,0.03341134113411341,0.03341134113411341,1.0,サンプル不足
v5,distance_ma20,20日移動平均乖離,全体,全体,5d,5営業日,1,-0.08348034803480348,-0.08348034803480348,0.0,サンプル不足
v5,distance_ma20,20日移動平均乖離,全体,全体,10d,10営業日,1,0.10001800180018001,0.10001800180018001,1.0,サンプル不足
v5,distance_ma20,20日移動平均乖離,業種,その他金融業,1d,1営業日,0,,,,サンプル不足
v5,distance_ma20,20日移動平均乖離,業種,その他金融業,3d,3営業日,0,,,,サンプル不足
v5,distance_ma20,20日移動平均乖離,業種,その他金融業,5d,5営業日,0,,,,サンプル不足
v5,distance_ma20,20日移動平均乖離,業種,その他金融業,10d,10営業日,0,,,,サンプル不足
v5,distance_ma20,20日移動平均乖離,業種,ガラス・土石製品,1d,1営業日,1,0.19999999999999998,0.19999999999999998,1.0,サンプル不足
v5,distance_ma20,20日移動平均乖離,業種,ガラス・土石製品,3d,3営業日,1,0.19999999999999998,0.19999999999999998,1.0,サンプル不足
v5,distance_ma20,20日移動平均乖離,業種,ガラス・土石製品,5d,5営業日,1,0.39999999999999997,0.39999999999999997,1.0,サンプル不足
v5,distance_ma20,20日移動平均乖離,業種,ガラス・土石製品,10d,10営業日,1,-0.39999999999999997,-0.39999999999999997,0.0,サンプル不足
v5,distance_ma20,20日移動平均乖離,業種,サービス業,1d,1営業日,1,-0.48571428571428577,-0.48571428571428577,0.0,サンプル不足
v5,distance_ma20,20日移動平均乖離,業種,サービス業,3d,3営業日,1,-0.2,-0.2,0.0,サンプル不足
v5,distance_ma20,20日移動平均乖離,業種,サービス業,5d,5営業日,1,-0.6,-0.6,0.0,サンプル不足
v5,distance_ma20,20日移動平均乖離,業種,サービス業,10d,10営業日,1,-0.48571428571428577,-0.48571428571428577,0.0,サンプル不足
v5,distance_ma20,20日移動平均乖離,業種,パルプ・紙,1d,1営業日,0,,,,サンプル不足
v5,distance_ma20,20日移動平均乖離,業種,パルプ・紙,3d,3営業日,0,,,,サンプル不足
v5,distance_ma20,20日移動平均乖離,業種,パルプ・紙,5d,5営業日,0,,,,サンプル不足
v5,distance_ma20,20日移動平均乖離,業種,パルプ・紙,10d,10営業日,0,,,,サンプル不足
v5,distance_ma20,20日移動平均乖離,業種,不動産業,1d,1営業日,0,,,,サンプル不足
v5,distance_ma20,20日移動平均乖離,業種,不動産業,3d,3営業日,0,,,,サンプル不足
v5,distance_ma20,20日移動平均乖離,業種,不動産業,5d,5営業日,0,,,,サンプル不足
v5,distance_ma20,20日移動平均乖離,業種,不動産業,10d,10営業日,0,,,,サンプル不足
v5,distance_ma20,20日移動平均乖離,業種,保険業,1d,1営業日,0,,,,サンプル不足
v5,distance_ma20,20日移動平均乖離,業種,保険業,3d,3営業日,0,,,,サンプル不足
v5,distance_ma20,20日移動平均乖離,業種,保険業,5d,5営業日,0,,,,サンプル不足
v5,distance_ma20,20日移動平均乖離,業種,保険業,10d,10営業日,0,,,,サンプル不足
v5,distance_ma20,20日移動平均乖離,業種,化学,1d,1営業日,1,-0.25,-0.25,0.0,サンプル不足
v5,distance_ma20,20日移動平均乖離,業種,化学,3d,3営業日,1,-0.42857142857142866,-0.42857142857142866,0.0,サンプル不足
v5,distance_ma20,20日移動平均乖離,業種,化学,5d,5営業日,1,-0.5357142857142858,-0.5357142857142858,0.0,サンプル不足
v5,distance_ma20,20日移動平均乖離,業種,化学,10d,10営業日,1,-0.8214285714285715,-0.8214285714285715,0.0,サンプル不足
v5,distance_ma20,20日移動平均乖離,業種,卸売業,1d,1営業日,0,,,,サンプル不足
v5,distance_ma20,20日移動平均乖離,業種,卸売業,3d,3営業日,0,,,,サンプル不足
v5,distance_ma20,20日移動平均乖離,業種,卸売業,5d,5営業日,0,,,,サンプル不足
v5,distance_ma20,20日移動平均乖離,業種,卸売業,10d,10営業日,0,,,,サンプル不足
v5,distance_ma20,20日移動平均乖離,業種,小売業,1d,1営業日,1,-0.5,-0.5,0.0,サンプル不足
v5,distance_ma20,20日移動平均乖離,業種,小売業,3d,3営業日,1,0.5,0.5,1.0,サンプル不足
v5,distance_ma20,20日移動平均乖離,業種,小売業,5d,5営業日,1,0.5,0.5,1.0,サンプル不足
v5,distance_ma20,20日移動平均乖離,業種,小売業,10d,10営業日,1,-0.5,-0.5,0.0,サンプル不足
v5,distance_ma20,20日移動平均乖離,業種,建設業,1d,1営業日,0,,,,サンプル不足
v5,distance_ma20,20日移動平均乖離,業種,建設業,3d,3営業日,0,,,,サンプル不足
v5,distance_ma20,20日移動平均乖離,業種,建設業,5d,5営業日,0,,,,サンプル不足
v5,distance_ma20,20日移動平均乖離,業種,建設業,10d,10営業日,0,,,,サンプル不足
v5,distance_ma20,20日移動平均乖離,業種,情報・通信業,1d,1営業日,1,-0.8999999999999998,-0.8999999999999998,0.0,サンプル不足
v5,distance_ma20,20日移動平均乖離,業種,情報・通信業,3d,3営業日,1,-0.8999999999999998,-0.8999999999999998,0.0,サンプル不足
v5,distance_ma20,20日移動平均乖離,業種,情報・通信業,5d,5営業日,1,-0.7,-0.7,0.0,サンプル不足
v5,distance_ma20,20日移動平均乖離,業種,情報・通信業,10d,10営業日,1,-0.6,-0.6,0.0,サンプル不足
v5,distance_ma20,20日移動平均乖離,業種,機械,1d,1営業日,1,0.1043956043956044,0.1043956043956044,1.0,サンプル不足
v5,distance_ma20,20日移動平均乖離,業種,機械,3d,3営業日,1,0.049450549450549455,0.049450549450549455,1.0,サンプル不足
v5,distance_ma20,20日移動平均乖離,業種,機械,5d,5営業日,1,0.09890109890109891,0.09890109890109891,1.0,サンプル不足
v5,distance_ma20,20日移動平均乖離,業種,機械,10d,10営業日,1,-0.21428571428571427,-0.21428571428571427,0.0,サンプル不足
v5,distance_ma20,20日移動平均乖離,業種,精密機器,1d,1営業日,1,0.3214285714285715,0.3214285714285715,1.0,サンプル不足
v5,distance_ma20,20日移動平均乖離,業種,精密機器,3d,3営業日,1,-0.10714285714285716,-0.10714285714285716,0.0,サンプル不足
v5,distance_ma20,20日移動平均乖離,業種,精密機器,5d,5営業日,1,-0.07142857142857144,-0.07142857142857144,0.0,サンプル不足
v5,distance_ma20,20日移動平均乖離,業種,精密機器,10d,10営業日,1,-0.03571428571428572,-0.03571428571428572,0.0,サンプル不足
v5,distance_ma20,20日移動平均乖離,業種,証券、商品先物取引業,1d,1営業日,0,,,,サンプル不足
v5,distance_ma20,20日移動平均乖離,業種,証券、商品先物取引業,3d,3営業日,0,,,,サンプル不足
v5,distance_ma20,20日移動平均乖離,業種,証券、商品先物取引業,5d,5営業日,0,,,,サンプル不足
v5,distance_ma20,20日移動平均乖離,業種,証券、商品先物取引業,10d,10営業日,0,,,,サンプル不足
v5,distance_ma20,20日移動平均乖離,業種,輸送用機器,1d,1営業日,1,0.7999999999999999,0.7999999999999999,1.0,サンプル不足
v5,distance_ma20,20日移動平均乖離,業種,輸送用機器,3d,3営業日,1,1.0,1.0,1.0,サンプル不足
v5,distance_ma20,20日移動平均乖離,業種,輸送用機器,5d,5営業日,1,1.0,1.0,1.0,サンプル不足
v5,distance_ma20,20日移動平均乖離,業種,輸送用機器,10d,10営業日,1,1.0,1.0,1.0,サンプル不足
v5,distance_ma20,20日移動平均乖離,業種,金属製品,1d,1営業日,1,-0.6000000000000001,-0.6000000000000001,0.0,サンプル不足
v5,distance_ma20,20日移動平均乖離,業種,金属製品,3d,3営業日,1,-0.7999999999999999,-0.7999999999999999,0.0,サンプル不足
v5,distance_ma20,20日移動平均乖離,業種,金属製品,5d,5営業日,1,-0.7999999999999999,-0.7999999999999999,0.0,サンプル不足
v5,distance_ma20,20日移動平均乖離,業種,金属製品,10d,10営業日,1,0.0,0.0,0.0,サンプル不足
v5,distance_ma20,20日移動平均乖離,業種,鉄鋼,1d,1営業日,0,,,,サンプル不足
v5,distance_ma20,20日移動平均乖離,業種,鉄鋼,3d,3営業日,0,,,,サンプル不足
v5,distance_ma20,20日移動平均乖離,業種,鉄鋼,5d,5営業日,0,,,,サンプル不足
v5,distance_ma20,20日移動平均乖離,業種,鉄鋼,10d,10営業日,0,,,,サンプル不足
v5,distance_ma20,20日移動平均乖離,業種,銀行業,1d,1営業日,1,-0.8999999999999998,-0.8999999999999998,0.0,サンプル不足
v5,distance_ma20,20日移動平均乖離,業種,銀行業,3d,3営業日,1,-0.8999999999999998,-0.8999999999999998,0.0,サンプル不足
v5,distance_ma20,20日移動平均乖離,業種,銀行業,5d,5営業日,1,-0.7,-0.7,0.0,サンプル不足
v5,distance_ma20,20日移動平均乖離,業種,銀行業,10d,10営業日,1,-0.09999999999999999,-0.09999999999999999,0.0,サンプル不足
v5,distance_ma20,20日移動平均乖離,業種,電気・ガス業,1d,1営業日,0,,,,サンプル不足
v5,distance_ma20,20日移動平均乖離,業種,電気・ガス業,3d,3営業日,0,,,,サンプル不足
v5,distance_ma20,20日移動平均乖離,業種,電気・ガス業,5d,5営業日,0,,,,サンプル不足
v5,distance_ma20,20日移動平均乖離,業種,電気・ガス業,10d,10営業日,0,,,,サンプル不足
v5,distance_ma20,20日移動平均乖離,業種,電気機器,1d,1営業日,1,0.10615384615384615,0.10615384615384615,1.0,サンプル不足
v5,distance_ma20,20日移動平均乖離,業種,電気機器,3d,3営業日,1,0.16923076923076924,0.16923076923076924,1.0,サンプル不足
v5,distance_ma20,20日移動平均乖離,業種,電気機器,5d,5営業日,1,-0.1769230769230769,-0.1769230769230769,0.0,サンプル不足
v5,distance_ma20,20日移動平均乖離,業種,電気機器,10d,10営業日,1,0.21000000000000002,0.21000000000000002,1.0,サンプル不足
v5,distance_ma20,20日移動平均乖離,業種,非鉄金属,1d,1営業日,0,,,,サンプル不足
v5,distance_ma20,20日移動平均乖離,業種,非鉄金属,3d,3営業日,0,,,,サンプル不足
v5,distance_ma20,20日移動平均乖離,業種,非鉄金属,5d,5営業日,0,,,,サンプル不足
v5,distance_ma20,20日移動平均乖離,業種,非鉄金属,10d,10営業日,0,,,,サンプル不足
v5,distance_ma20,20日移動平均乖離,業種,食料品,1d,1営業日,0,,,,サンプル不足
v5,distance_ma20,20日移動平均乖離,業種,食料品,3d,3営業日,0,,,,サンプル不足
v5,distance_ma20,20日移動平均乖離,業種,食料品,5d,5営業日,0,,,,サンプル不足
v5,distance_ma20,20日移動平均乖離,業種,食料品,10d,10営業日,0,,,,サンプル不足
v5,distance_ma60,60日移動平均乖離,全体,全体,1d,1営業日,1,0.16802880288028801,0.16802880288028801,1.0,サンプル不足
v5,distance_ma60,60日移動平均乖離,全体,全体,3d,3営業日,1,0.18076207620762072,0.18076207620762072,1.0,サンプル不足
v5,distance_ma60,60日移動平均乖離,全体,全体,5d,5営業日,1,-0.026114611461146114,-0.026114611461146114,0.0,サンプル不足
v5,distance_ma60,60日移動平均乖離,全体,全体,10d,10営業日,1,0.14557455745574555,0.14557455745574555,1.0,サンプル不足
v5,distance_ma60,60日移動平均乖離,業種,その他金融業,1d,1営業日,0,,,,サンプル不足
v5,distance_ma60,60日移動平均乖離,業種,その他金融業,3d,3営業日,0,,,,サンプル不足
v5,distance_ma60,60日移動平均乖離,業種,その他金融業,5d,5営業日,0,,,,サンプル不足
v5,distance_ma60,60日移動平均乖離,業種,その他金融業,10d,10営業日,0,,,,サンプル不足
v5,distance_ma60,60日移動平均乖離,業種,ガラス・土石製品,1d,1営業日,1,0.19999999999999998,0.19999999999999998,1.0,サンプル不足
v5,distance_ma60,60日移動平均乖離,業種,ガラス・土石製品,3d,3営業日,1,0.19999999999999998,0.19999999999999998,1.0,サンプル不足
v5,distance_ma60,60日移動平均乖離,業種,ガラス・土石製品,5d,5営業日,1,0.39999999999999997,0.39999999999999997,1.0,サンプル不足
v5,distance_ma60,60日移動平均乖離,業種,ガラス・土石製品,10d,10営業日,1,-0.39999999999999997,-0.39999999999999997,0.0,サンプル不足
v5,distance_ma60,60日移動平均乖離,業種,サービス業,1d,1営業日,1,0.14285714285714288,0.14285714285714288,1.0,サンプル不足
v5,distance_ma60,60日移動平均乖離,業種,サービス業,3d,3営業日,1,0.8857142857142858,0.8857142857142858,1.0,サンプル不足
v5,distance_ma60,60日移動平均乖離,業種,サービス業,5d,5営業日,1,0.8285714285714287,0.8285714285714287,1.0,サンプル不足
v5,distance_ma60,60日移動平均乖離,業種,サービス業,10d,10営業日,1,0.942857142857143,0.942857142857143,1.0,サンプル不足
v5,distance_ma60,60日移動平均乖離,業種,パルプ・紙,1d,1営業日,0,,,,サンプル不足
v5,distance_ma60,60日移動平均乖離,業種,パルプ・紙,3d,3営業日,0,,,,サンプル不足
v5,distance_ma60,60日移動平均乖離,業種,パルプ・紙,5d,5営業日,0,,,,サンプル不足
v5,distance_ma60,60日移動平均乖離,業種,パルプ・紙,10d,10営業日,0,,,,サンプル不足
v5,distance_ma60,60日移動平均乖離,業種,不動産業,1d,1営業日,0,,,,サンプル不足
v5,distance_ma60,60日移動平均乖離,業種,不動産業,3d,3営業日,0,,,,サンプル不足
v5,distance_ma60,60日移動平均乖離,業種,不動産業,5d,5営業日,0,,,,サンプル不足
v5,distance_ma60,60日移動平均乖離,業種,不動産業,10d,10営業日,0,,,,サンプル不足
v5,distance_ma60,60日移動平均乖離,業種,保険業,1d,1営業日,0,,,,サンプル不足
v5,distance_ma60,60日移動平均乖離,業種,保険業,3d,3営業日,0,,,,サンプル不足
v5,distance_ma60,60日移動平均乖離,業種,保険業,5d,5営業日,0,,,,サンプル不足
v5,distance_ma60,60日移動平均乖離,業種,保険業,10d,10営業日,0,,,,サンプル不足
v5,distance_ma60,60日移動平均乖離,業種,化学,1d,1営業日,1,-0.07142857142857144,-0.07142857142857144,0.0,サンプル不足
v5,distance_ma60,60日移動平均乖離,業種,化学,3d,3営業日,1,-0.14285714285714288,-0.14285714285714288,0.0,サンプル不足
v5,distance_ma60,60日移動平均乖離,業種,化学,5d,5営業日,1,-0.3214285714285715,-0.3214285714285715,0.0,サンプル不足
v5,distance_ma60,60日移動平均乖離,業種,化学,10d,10営業日,1,-0.6071428571428572,-0.6071428571428572,0.0,サンプル不足
v5,distance_ma60,60日移動平均乖離,業種,卸売業,1d,1営業日,0,,,,サンプル不足
v5,distance_ma60,60日移動平均乖離,業種,卸売業,3d,3営業日,0,,,,サンプル不足
v5,distance_ma60,60日移動平均乖離,業種,卸売業,5d,5営業日,0,,,,サンプル不足
v5,distance_ma60,60日移動平均乖離,業種,卸売業,10d,10営業日,0,,,,サンプル不足
v5,distance_ma60,60日移動平均乖離,業種,小売業,1d,1営業日,1,1.0,1.0,1.0,サンプル不足
v5,distance_ma60,60日移動平均乖離,業種,小売業,3d,3営業日,1,0.5,0.5,1.0,サンプル不足
v5,distance_ma60,60日移動平均乖離,業種,小売業,5d,5営業日,1,0.5,0.5,1.0,サンプル不足
v5,distance_ma60,60日移動平均乖離,業種,小売業,10d,10営業日,1,1.0,1.0,1.0,サンプル不足
v5,distance_ma60,60日移動平均乖離,業種,建設業,1d,1営業日,0,,,,サンプル不足
v5,distance_ma60,60日移動平均乖離,業種,建設業,3d,3営業日,0,,,,サンプル不足
v5,distance_ma60,60日移動平均乖離,業種,建設業,5d,5営業日,0,,,,サンプル不足
v5,distance_ma60,60日移動平均乖離,業種,建設業,10d,10営業日,0,,,,サンプル不足
v5,distance_ma60,60日移動平均乖離,業種,情報・通信業,1d,1営業日,1,-0.39999999999999997,-0.39999999999999997,0.0,サンプル不足
v5,distance_ma60,60日移動平均乖離,業種,情報・通信業,3d,3営業日,1,-0.39999999999999997,-0.39999999999999997,0.0,サンプル不足
v5,distance_ma60,60日移動平均乖離,業種,情報・通信業,5d,5営業日,1,-0.3,-0.3,0.0,サンプル不足
v5,distance_ma60,60日移動平均乖離,業種,情報・通信業,10d,10営業日,1,-0.49999999999999994,-0.49999999999999994,0.0,サンプル不足
v5,distance_ma60,60日移動平均乖離,業種,機械,1d,1営業日,1,0.11538461538461539,0.11538461538461539,1.0,サンプル不足
v5,distance_ma60,60日移動平均乖離,業種,機械,3d,3営業日,1,0.4945054945054945,0.4945054945054945,1.0,サンプル不足
v5,distance_ma60,60日移動平均乖離,業種,機械,5d,5営業日,1,0.42857142857142855,0.42857142857142855,1.0,サンプル不足
v5,distance_ma60,60日移動平均乖離,業種,機械,10d,10営業日,1,0.21428571428571427,0.21428571428571427,1.0,サンプル不足
v5,distance_ma60,60日移動平均乖離,業種,精密機器,1d,1営業日,1,0.5714285714285715,0.5714285714285715,1.0,サンプル不足
v5,distance_ma60,60日移動平均乖離,業種,精密機器,3d,3営業日,1,0.07142857142857144,0.07142857142857144,1.0,サンプル不足
v5,distance_ma60,60日移動平均乖離,業種,精密機器,5d,5営業日,1,0.1785714285714286,0.1785714285714286,1.0,サンプル不足
v5,distance_ma60,60日移動平均乖離,業種,精密機器,10d,10営業日,1,0.21428571428571433,0.21428571428571433,1.0,サンプル不足
v5,distance_ma60,60日移動平均乖離,業種,証券、商品先物取引業,1d,1営業日,0,,,,サンプル不足
v5,distance_ma60,60日移動平均乖離,業種,証券、商品先物取引業,3d,3営業日,0,,,,サンプル不足
v5,distance_ma60,60日移動平均乖離,業種,証券、商品先物取引業,5d,5営業日,0,,,,サンプル不足
v5,distance_ma60,60日移動平均乖離,業種,証券、商品先物取引業,10d,10営業日,0,,,,サンプル不足
v5,distance_ma60,60日移動平均乖離,業種,輸送用機器,1d,1営業日,1,0.6000000000000001,0.6000000000000001,1.0,サンプル不足
v5,distance_ma60,60日移動平均乖離,業種,輸送用機器,3d,3営業日,1,0.7999999999999999,0.7999999999999999,1.0,サンプル不足
v5,distance_ma60,60日移動平均乖離,業種,輸送用機器,5d,5営業日,1,0.7999999999999999,0.7999999999999999,1.0,サンプル不足
v5,distance_ma60,60日移動平均乖離,業種,輸送用機器,10d,10営業日,1,0.7999999999999999,0.7999999999999999,1.0,サンプル不足
v5,distance_ma60,60日移動平均乖離,業種,金属製品,1d,1営業日,1,0.7999999999999999,0.7999999999999999,1.0,サンプル不足
v5,distance_ma60,60日移動平均乖離,業種,金属製品,3d,3営業日,1,0.39999999999999997,0.39999999999999997,1.0,サンプル不足
v5,distance_ma60,60日移動平均乖離,業種,金属製品,5d,5営業日,1,0.39999999999999997,0.39999999999999997,1.0,サンプル不足
v5,distance_ma60,60日移動平均乖離,業種,金属製品,10d,10営業日,1,1.0,1.0,1.0,サンプル不足
v5,distance_ma60,60日移動平均乖離,業種,鉄鋼,1d,1営業日,0,,,,サンプル不足
v5,distance_ma60,60日移動平均乖離,業種,鉄鋼,3d,3営業日,0,,,,サンプル不足
v5,distance_ma60,60日移動平均乖離,業種,鉄鋼,5d,5営業日,0,,,,サンプル不足
v5,distance_ma60,60日移動平均乖離,業種,鉄鋼,10d,10営業日,0,,,,サンプル不足
v5,distance_ma60,60日移動平均乖離,業種,銀行業,1d,1営業日,1,-0.7999999999999999,-0.7999999999999999,0.0,サンプル不足
v5,distance_ma60,60日移動平均乖離,業種,銀行業,3d,3営業日,1,-0.7999999999999999,-0.7999999999999999,0.0,サンプル不足
v5,distance_ma60,60日移動平均乖離,業種,銀行業,5d,5営業日,1,-0.49999999999999994,-0.49999999999999994,0.0,サンプル不足
v5,distance_ma60,60日移動平均乖離,業種,銀行業,10d,10営業日,1,0.0,0.0,0.0,サンプル不足
v5,distance_ma60,60日移動平均乖離,業種,電気・ガス業,1d,1営業日,0,,,,サンプル不足
v5,distance_ma60,60日移動平均乖離,業種,電気・ガス業,3d,3営業日,0,,,,サンプル不足
v5,distance_ma60,60日移動平均乖離,業種,電気・ガス業,5d,5営業日,0,,,,サンプル不足
v5,distance_ma60,60日移動平均乖離,業種,電気・ガス業,10d,10営業日,0,,,,サンプル不足
v5,distance_ma60,60日移動平均乖離,業種,電気機器,1d,1営業日,1,0.10692307692307691,0.10692307692307691,1.0,サンプル不足
v5,distance_ma60,60日移動平均乖離,業種,電気機器,3d,3営業日,1,0.15307692307692308,0.15307692307692308,1.0,サンプル不足
v5,distance_ma60,60日移動平均乖離,業種,電気機器,5d,5営業日,1,-0.1992307692307692,-0.1992307692307692,0.0,サンプル不足
v5,distance_ma60,60日移動平均乖離,業種,電気機器,10d,10営業日,1,0.1523076923076923,0.1523076923076923,1.0,サンプル不足
v5,distance_ma60,60日移動平均乖離,業種,非鉄金属,1d,1営業日,0,,,,サンプル不足
v5,distance_ma60,60日移動平均乖離,業種,非鉄金属,3d,3営業日,0,,,,サンプル不足
v5,distance_ma60,60日移動平均乖離,業種,非鉄金属,5d,5営業日,0,,,,サンプル不足
v5,distance_ma60,60日移動平均乖離,業種,非鉄金属,10d,10営業日,0,,,,サンプル不足
v5,distance_ma60,60日移動平均乖離,業種,食料品,1d,1営業日,0,,,,サンプル不足
v5,distance_ma60,60日移動平均乖離,業種,食料品,3d,3営業日,0,,,,サンプル不足
v5,distance_ma60,60日移動平均乖離,業種,食料品,5d,5営業日,0,,,,サンプル不足
v5,distance_ma60,60日移動平均乖離,業種,食料品,10d,10営業日,0,,,,サンプル不足
v5,avg_turnover_20d,20日平均売買代金,全体,全体,1d,1営業日,1,0.3243684368436844,0.3243684368436844,1.0,サンプル不足
v5,avg_turnover_20d,20日平均売買代金,全体,全体,3d,3営業日,1,0.26198619861986194,0.26198619861986194,1.0,サンプル不足
v5,avg_turnover_20d,20日平均売買代金,全体,全体,5d,5営業日,1,0.05748574857485748,0.05748574857485748,1.0,サンプル不足
v5,avg_turnover_20d,20日平均売買代金,全体,全体,10d,10営業日,1,0.16387638763876383,0.16387638763876383,1.0,サンプル不足
v5,avg_turnover_20d,20日平均売買代金,業種,その他金融業,1d,1営業日,0,,,,サンプル不足
v5,avg_turnover_20d,20日平均売買代金,業種,その他金融業,3d,3営業日,0,,,,サンプル不足
v5,avg_turnover_20d,20日平均売買代金,業種,その他金融業,5d,5営業日,0,,,,サンプル不足
v5,avg_turnover_20d,20日平均売買代金,業種,その他金融業,10d,10営業日,0,,,,サンプル不足
v5,avg_turnover_20d,20日平均売買代金,業種,ガラス・土石製品,1d,1営業日,1,0.39999999999999997,0.39999999999999997,1.0,サンプル不足
v5,avg_turnover_20d,20日平均売買代金,業種,ガラス・土石製品,3d,3営業日,1,0.39999999999999997,0.39999999999999997,1.0,サンプル不足
v5,avg_turnover_20d,20日平均売買代金,業種,ガラス・土石製品,5d,5営業日,1,0.7999999999999999,0.7999999999999999,1.0,サンプル不足
v5,avg_turnover_20d,20日平均売買代金,業種,ガラス・土石製品,10d,10営業日,1,-0.19999999999999998,-0.19999999999999998,0.0,サンプル不足
v5,avg_turnover_20d,20日平均売買代金,業種,サービス業,1d,1営業日,1,0.942857142857143,0.942857142857143,1.0,サンプル不足
v5,avg_turnover_20d,20日平均売買代金,業種,サービス業,3d,3営業日,1,0.2571428571428572,0.2571428571428572,1.0,サンプル不足
v5,avg_turnover_20d,20日平均売買代金,業種,サービス業,5d,5営業日,1,0.5428571428571429,0.5428571428571429,1.0,サンプル不足
v5,avg_turnover_20d,20日平均売買代金,業種,サービス業,10d,10営業日,1,0.08571428571428573,0.08571428571428573,1.0,サンプル不足
v5,avg_turnover_20d,20日平均売買代金,業種,パルプ・紙,1d,1営業日,0,,,,サンプル不足
v5,avg_turnover_20d,20日平均売買代金,業種,パルプ・紙,3d,3営業日,0,,,,サンプル不足
v5,avg_turnover_20d,20日平均売買代金,業種,パルプ・紙,5d,5営業日,0,,,,サンプル不足
v5,avg_turnover_20d,20日平均売買代金,業種,パルプ・紙,10d,10営業日,0,,,,サンプル不足
v5,avg_turnover_20d,20日平均売買代金,業種,不動産業,1d,1営業日,0,,,,サンプル不足
v5,avg_turnover_20d,20日平均売買代金,業種,不動産業,3d,3営業日,0,,,,サンプル不足
v5,avg_turnover_20d,20日平均売買代金,業種,不動産業,5d,5営業日,0,,,,サンプル不足
v5,avg_turnover_20d,20日平均売買代金,業種,不動産業,10d,10営業日,0,,,,サンプル不足
v5,avg_turnover_20d,20日平均売買代金,業種,保険業,1d,1営業日,0,,,,サンプル不足
v5,avg_turnover_20d,20日平均売買代金,業種,保険業,3d,3営業日,0,,,,サンプル不足
v5,avg_turnover_20d,20日平均売買代金,業種,保険業,5d,5営業日,0,,,,サンプル不足
v5,avg_turnover_20d,20日平均売買代金,業種,保険業,10d,10営業日,0,,,,サンプル不足
v5,avg_turnover_20d,20日平均売買代金,業種,化学,1d,1営業日,1,-0.07142857142857144,-0.07142857142857144,0.0,サンプル不足
v5,avg_turnover_20d,20日平均売買代金,業種,化学,3d,3営業日,1,-0.1785714285714286,-0.1785714285714286,0.0,サンプル不足
v5,avg_turnover_20d,20日平均売買代金,業種,化学,5d,5営業日,1,0.0,0.0,0.0,サンプル不足
v5,avg_turnover_20d,20日平均売買代金,業種,化学,10d,10営業日,1,0.3571428571428572,0.3571428571428572,1.0,サンプル不足
v5,avg_turnover_20d,20日平均売買代金,業種,卸売業,1d,1営業日,0,,,,サンプル不足
v5,avg_turnover_20d,20日平均売買代金,業種,卸売業,3d,3営業日,0,,,,サンプル不足
v5,avg_turnover_20d,20日平均売買代金,業種,卸売業,5d,5営業日,0,,,,サンプル不足
v5,avg_turnover_20d,20日平均売買代金,業種,卸売業,10d,10営業日,0,,,,サンプル不足
v5,avg_turnover_20d,20日平均売買代金,業種,小売業,1d,1営業日,1,-0.5,-0.5,0.0,サンプル不足
v5,avg_turnover_20d,20日平均売買代金,業種,小売業,3d,3営業日,1,0.5,0.5,1.0,サンプル不足
v5,avg_turnover_20d,20日平均売買代金,業種,小売業,5d,5営業日,1,0.5,0.5,1.0,サンプル不足
v5,avg_turnover_20d,20日平均売買代金,業種,小売業,10d,10営業日,1,-0.5,-0.5,0.0,サンプル不足
v5,avg_turnover_20d,20日平均売買代金,業種,建設業,1d,1営業日,0,,,,サンプル不足
v5,avg_turnover_20d,20日平均売買代金,業種,建設業,3d,3営業日,0,,,,サンプル不足
v5,avg_turnover_20d,20日平均売買代金,業種,建設業,5d,5営業日,0,,,,サンプル不足
v5,avg_turnover_20d,20日平均売買代金,業種,建設業,10d,10営業日,0,,,,サンプル不足
v5,avg_turnover_20d,20日平均売買代金,業種,情報・通信業,1d,1営業日,1,0.6,0.6,1.0,サンプル不足
v5,avg_turnover_20d,20日平均売買代金,業種,情報・通信業,3d,3営業日,1,0.6,0.6,1.0,サンプル不足
v5,avg_turnover_20d,20日平均売買代金,業種,情報・通信業,5d,5営業日,1,0.19999999999999998,0.19999999999999998,1.0,サンプル不足
v5,avg_turnover_20d,20日平均売買代金,業種,情報・通信業,10d,10営業日,1,-0.09999999999999999,-0.09999999999999999,0.0,サンプル不足
v5,avg_turnover_20d,20日平均売買代金,業種,機械,1d,1営業日,1,0.5714285714285714,0.5714285714285714,1.0,サンプル不足
v5,avg_turnover_20d,20日平均売買代金,業種,機械,3d,3営業日,1,0.6428571428571429,0.6428571428571429,1.0,サンプル不足
v5,avg_turnover_20d,20日平均売買代金,業種,機械,5d,5営業日,1,0.16483516483516483,0.16483516483516483,1.0,サンプル不足
v5,avg_turnover_20d,20日平均売買代金,業種,機械,10d,10営業日,1,0.32417582417582413,0.32417582417582413,1.0,サンプル不足
v5,avg_turnover_20d,20日平均売買代金,業種,精密機器,1d,1営業日,1,-0.4642857142857144,-0.4642857142857144,0.0,サンプル不足
v5,avg_turnover_20d,20日平均売買代金,業種,精密機器,3d,3営業日,1,0.0,0.0,0.0,サンプル不足
v5,avg_turnover_20d,20日平均売買代金,業種,精密機器,5d,5営業日,1,-0.14285714285714288,-0.14285714285714288,0.0,サンプル不足
v5,avg_turnover_20d,20日平均売買代金,業種,精密機器,10d,10営業日,1,0.3571428571428572,0.3571428571428572,1.0,サンプル不足
v5,avg_turnover_20d,20日平均売買代金,業種,証券、商品先物取引業,1d,1営業日,0,,,,サンプル不足
v5,avg_turnover_20d,20日平均売買代金,業種,証券、商品先物取引業,3d,3営業日,0,,,,サンプル不足
v5,avg_turnover_20d,20日平均売買代金,業種,証券、商品先物取引業,5d,5営業日,0,,,,サンプル不足
v5,avg_turnover_20d,20日平均売買代金,業種,証券、商品先物取引業,10d,10営業日,0,,,,サンプル不足
v5,avg_turnover_20d,20日平均売買代金,業種,輸送用機器,1d,1営業日,1,-0.7999999999999999,-0.7999999999999999,0.0,サンプル不足
v5,avg_turnover_20d,20日平均売買代金,業種,輸送用機器,3d,3営業日,1,-0.6000000000000001,-0.6000000000000001,0.0,サンプル不足
v5,avg_turnover_20d,20日平均売買代金,業種,輸送用機器,5d,5営業日,1,-0.6000000000000001,-0.6000000000000001,0.0,サンプル不足
v5,avg_turnover_20d,20日平均売買代金,業種,輸送用機器,10d,10営業日,1,-0.6000000000000001,-0.6000000000000001,0.0,サンプル不足
v5,avg_turnover_20d,20日平均売買代金,業種,金属製品,1d,1営業日,1,0.19999999999999998,0.19999999999999998,1.0,サンプル不足
v5,avg_turnover_20d,20日平均売買代金,業種,金属製品,3d,3営業日,1,-0.39999999999999997,-0.39999999999999997,0.0,サンプル不足
v5,avg_turnover_20d,20日平均売買代金,業種,金属製品,5d,5営業日,1,-0.39999999999999997,-0.39999999999999997,0.0,サンプル不足
v5,avg_turnover_20d,20日平均売買代金,業種,金属製品,10d,10営業日,1,0.39999999999999997,0.39999999999999997,1.0,サンプル不足
v5,avg_turnover_20d,20日平均売買代金,業種,鉄鋼,1d,1営業日,0,,,,サンプル不足
v5,avg_turnover_20d,20日平均売買代金,業種,鉄鋼,3d,3営業日,0,,,,サンプル不足
v5,avg_turnover_20d,20日平均売買代金,業種,鉄鋼,5d,5営業日,0,,,,サンプル不足
v5,avg_turnover_20d,20日平均売買代金,業種,鉄鋼,10d,10営業日,0,,,,サンプル不足
v5,avg_turnover_20d,20日平均売買代金,業種,銀行業,1d,1営業日,1,-0.6,-0.6,0.0,サンプル不足
v5,avg_turnover_20d,20日平均売買代金,業種,銀行業,3d,3営業日,1,-0.6,-0.6,0.0,サンプル不足
v5,avg_turnover_20d,20日平均売買代金,業種,銀行業,5d,5営業日,1,-0.3,-0.3,0.0,サンプル不足
v5,avg_turnover_20d,20日平均売買代金,業種,銀行業,10d,10営業日,1,0.6,0.6,1.0,サンプル不足
v5,avg_turnover_20d,20日平均売買代金,業種,電気・ガス業,1d,1営業日,0,,,,サンプル不足
v5,avg_turnover_20d,20日平均売買代金,業種,電気・ガス業,3d,3営業日,0,,,,サンプル不足
v5,avg_turnover_20d,20日平均売買代金,業種,電気・ガス業,5d,5営業日,0,,,,サンプル不足
v5,avg_turnover_20d,20日平均売買代金,業種,電気・ガス業,10d,10営業日,0,,,,サンプル不足
v5,avg_turnover_20d,20日平均売買代金,業種,電気機器,1d,1営業日,1,0.3392307692307693,0.3392307692307693,1.0,サンプル不足
v5,avg_turnover_20d,20日平均売買代金,業種,電気機器,3d,3営業日,1,0.5638461538461538,0.5638461538461538,1.0,サンプル不足
v5,avg_turnover_20d,20日平均売買代金,業種,電気機器,5d,5営業日,1,0.43076923076923074,0.43076923076923074,1.0,サンプル不足
v5,avg_turnover_20d,20日平均売買代金,業種,電気機器,10d,10営業日,1,0.4684615384615385,0.4684615384615385,1.0,サンプル不足
v5,avg_turnover_20d,20日平均売買代金,業種,非鉄金属,1d,1営業日,0,,,,サンプル不足
v5,avg_turnover_20d,20日平均売買代金,業種,非鉄金属,3d,3営業日,0,,,,サンプル不足
v5,avg_turnover_20d,20日平均売買代金,業種,非鉄金属,5d,5営業日,0,,,,サンプル不足
v5,avg_turnover_20d,20日平均売買代金,業種,非鉄金属,10d,10営業日,0,,,,サンプル不足
v5,avg_turnover_20d,20日平均売買代金,業種,食料品,1d,1営業日,0,,,,サンプル不足
v5,avg_turnover_20d,20日平均売買代金,業種,食料品,3d,3営業日,0,,,,サンプル不足
v5,avg_turnover_20d,20日平均売買代金,業種,食料品,5d,5営業日,0,,,,サンプル不足
v5,avg_turnover_20d,20日平均売買代金,業種,食料品,10d,10営業日,0,,,,サンプル不足
v5,volume_ratio_20d,出来高比,全体,全体,1d,1営業日,1,-0.311083108310831,-0.311083108310831,0.0,サンプル不足
v5,volume_ratio_20d,出来高比,全体,全体,3d,3営業日,1,-0.2246024602460246,-0.2246024602460246,0.0,サンプル不足
v5,volume_ratio_20d,出来高比,全体,全体,5d,5営業日,1,-0.10417041704170416,-0.10417041704170416,0.0,サンプル不足
v5,volume_ratio_20d,出来高比,全体,全体,10d,10営業日,1,-0.1138073807380738,-0.1138073807380738,0.0,サンプル不足
v5,volume_ratio_20d,出来高比,業種,その他金融業,1d,1営業日,0,,,,サンプル不足
v5,volume_ratio_20d,出来高比,業種,その他金融業,3d,3営業日,0,,,,サンプル不足
v5,volume_ratio_20d,出来高比,業種,その他金融業,5d,5営業日,0,,,,サンプル不足
v5,volume_ratio_20d,出来高比,業種,その他金融業,10d,10営業日,0,,,,サンプル不足
v5,volume_ratio_20d,出来高比,業種,ガラス・土石製品,1d,1営業日,1,0.39999999999999997,0.39999999999999997,1.0,サンプル不足
v5,volume_ratio_20d,出来高比,業種,ガラス・土石製品,3d,3営業日,1,0.39999999999999997,0.39999999999999997,1.0,サンプル不足
v5,volume_ratio_20d,出来高比,業種,ガラス・土石製品,5d,5営業日,1,0.7999999999999999,0.7999999999999999,1.0,サンプル不足
v5,volume_ratio_20d,出来高比,業種,ガラス・土石製品,10d,10営業日,1,-0.19999999999999998,-0.19999999999999998,0.0,サンプル不足
v5,volume_ratio_20d,出来高比,業種,サービス業,1d,1営業日,1,-0.48571428571428577,-0.48571428571428577,0.0,サンプル不足
v5,volume_ratio_20d,出来高比,業種,サービス業,3d,3営業日,1,-0.3714285714285715,-0.3714285714285715,0.0,サンプル不足
v5,volume_ratio_20d,出来高比,業種,サービス業,5d,5営業日,1,-0.7142857142857143,-0.7142857142857143,0.0,サンプル不足
v5,volume_ratio_20d,出来高比,業種,サービス業,10d,10営業日,1,-0.3714285714285715,-0.3714285714285715,0.0,サンプル不足
v5,volume_ratio_20d,出来高比,業種,パルプ・紙,1d,1営業日,0,,,,サンプル不足
v5,volume_ratio_20d,出来高比,業種,パルプ・紙,3d,3営業日,0,,,,サンプル不足
v5,volume_ratio_20d,出来高比,業種,パルプ・紙,5d,5営業日,0,,,,サンプル不足
v5,volume_ratio_20d,出来高比,業種,パルプ・紙,10d,10営業日,0,,,,サンプル不足
v5,volume_ratio_20d,出来高比,業種,不動産業,1d,1営業日,0,,,,サンプル不足
v5,volume_ratio_20d,出来高比,業種,不動産業,3d,3営業日,0,,,,サンプル不足
v5,volume_ratio_20d,出来高比,業種,不動産業,5d,5営業日,0,,,,サンプル不足
v5,volume_ratio_20d,出来高比,業種,不動産業,10d,10営業日,0,,,,サンプル不足
v5,volume_ratio_20d,出来高比,業種,保険業,1d,1営業日,0,,,,サンプル不足
v5,volume_ratio_20d,出来高比,業種,保険業,3d,3営業日,0,,,,サンプル不足
v5,volume_ratio_20d,出来高比,業種,保険業,5d,5営業日,0,,,,サンプル不足
v5,volume_ratio_20d,出来高比,業種,保険業,10d,10営業日,0,,,,サンプル不足
v5,volume_ratio_20d,出来高比,業種,化学,1d,1営業日,1,-0.6071428571428572,-0.6071428571428572,0.0,サンプル不足
v5,volume_ratio_20d,出来高比,業種,化学,3d,3営業日,1,0.10714285714285716,0.10714285714285716,1.0,サンプル不足
v5,volume_ratio_20d,出来高比,業種,化学,5d,5営業日,1,0.6071428571428572,0.6071428571428572,1.0,サンプル不足
v5,volume_ratio_20d,出来高比,業種,化学,10d,10営業日,1,0.3214285714285715,0.3214285714285715,1.0,サンプル不足
v5,volume_ratio_20d,出来高比,業種,卸売業,1d,1営業日,0,,,,サンプル不足
v5,volume_ratio_20d,出来高比,業種,卸売業,3d,3営業日,0,,,,サンプル不足
v5,volume_ratio_20d,出来高比,業種,卸売業,5d,5営業日,0,,,,サンプル不足
v5,volume_ratio_20d,出来高比,業種,卸売業,10d,10営業日,0,,,,サンプル不足
v5,volume_ratio_20d,出来高比,業種,小売業,1d,1営業日,1,0.5,0.5,1.0,サンプル不足
v5,volume_ratio_20d,出来高比,業種,小売業,3d,3営業日,1,-0.5,-0.5,0.0,サンプル不足
v5,volume_ratio_20d,出来高比,業種,小売業,5d,5営業日,1,-0.5,-0.5,0.0,サンプル不足
v5,volume_ratio_20d,出来高比,業種,小売業,10d,10営業日,1,0.5,0.5,1.0,サンプル不足
v5,volume_ratio_20d,出来高比,業種,建設業,1d,1営業日,0,,,,サンプル不足
v5,volume_ratio_20d,出来高比,業種,建設業,3d,3営業日,0,,,,サンプル不足
v5,volume_ratio_20d,出来高比,業種,建設業,5d,5営業日,0,,,,サンプル不足
v5,volume_ratio_20d,出来高比,業種,建設業,10d,10営業日,0,,,,サンプル不足
v5,volume_ratio_20d,出来高比,業種,情報・通信業,1d,1営業日,1,-0.3,-0.3,0.0,サンプル不足
v5,volume_ratio_20d,出来高比,業種,情報・通信業,3d,3営業日,1,-0.3,-0.3,0.0,サンプル不足
v5,volume_ratio_20d,出来高比,業種,情報・通信業,5d,5営業日,1,-0.09999999999999999,-0.09999999999999999,0.0,サンプル不足
v5,volume_ratio_20d,出来高比,業種,情報・通信業,10d,10営業日,1,0.0,0.0,0.0,サンプル不足
v5,volume_ratio_20d,出来高比,業種,機械,1d,1営業日,1,-0.6813186813186813,-0.6813186813186813,0.0,サンプル不足
v5,volume_ratio_20d,出来高比,業種,機械,3d,3営業日,1,-0.510989010989011,-0.510989010989011,0.0,サンプル不足
v5,volume_ratio_20d,出来高比,業種,機械,5d,5営業日,1,-0.5549450549450549,-0.5549450549450549,0.0,サンプル不足
v5,volume_ratio_20d,出来高比,業種,機械,10d,10営業日,1,-0.40659340659340654,-0.40659340659340654,0.0,サンプル不足
v5,volume_ratio_20d,出来高比,業種,精密機器,1d,1営業日,1,0.07142857142857144,0.07142857142857144,1.0,サンプル不足
v5,volume_ratio_20d,出来高比,業種,精密機器,3d,3営業日,1,-0.5,-0.5,0.0,サンプル不足
v5,volume_ratio_20d,出来高比,業種,精密機器,5d,5営業日,1,-0.42857142857142866,-0.42857142857142866,0.0,サンプル不足
v5,volume_ratio_20d,出来高比,業種,精密機器,10d,10営業日,1,-0.3571428571428572,-0.3571428571428572,0.0,サンプル不足
v5,volume_ratio_20d,出来高比,業種,証券、商品先物取引業,1d,1営業日,0,,,,サンプル不足
v5,volume_ratio_20d,出来高比,業種,証券、商品先物取引業,3d,3営業日,0,,,,サンプル不足
v5,volume_ratio_20d,出来高比,業種,証券、商品先物取引業,5d,5営業日,0,,,,サンプル不足
v5,volume_ratio_20d,出来高比,業種,証券、商品先物取引業,10d,10営業日,0,,,,サンプル不足
v5,volume_ratio_20d,出来高比,業種,輸送用機器,1d,1営業日,1,1.0,1.0,1.0,サンプル不足
v5,volume_ratio_20d,出来高比,業種,輸送用機器,3d,3営業日,1,0.7999999999999999,0.7999999999999999,1.0,サンプル不足
v5,volume_ratio_20d,出来高比,業種,輸送用機器,5d,5営業日,1,0.7999999999999999,0.7999999999999999,1.0,サンプル不足
v5,volume_ratio_20d,出来高比,業種,輸送用機器,10d,10営業日,1,0.7999999999999999,0.7999999999999999,1.0,サンプル不足
v5,volume_ratio_20d,出来高比,業種,金属製品,1d,1営業日,1,-0.7999999999999999,-0.7999999999999999,0.0,サンプル不足
v5,volume_ratio_20d,出来高比,業種,金属製品,3d,3営業日,1,-0.39999999999999997,-0.39999999999999997,0.0,サンプル不足
v5,volume_ratio_20d,出来高比,業種,金属製品,5d,5営業日,1,-0.39999999999999997,-0.39999999999999997,0.0,サンプル不足
v5,volume_ratio_20d,出来高比,業種,金属製品,10d,10営業日,1,-1.0,-1.0,0.0,サンプル不足
v5,volume_ratio_20d,出来高比,業種,鉄鋼,1d,1営業日,0,,,,サンプル不足
v5,volume_ratio_20d,出来高比,業種,鉄鋼,3d,3営業日,0,,,,サンプル不足
v5,volume_ratio_20d,出来高比,業種,鉄鋼,5d,5営業日,0,,,,サンプル不足
v5,volume_ratio_20d,出来高比,業種,鉄鋼,10d,10営業日,0,,,,サンプル不足
v5,volume_ratio_20d,出来高比,業種,銀行業,1d,1営業日,1,-0.7,-0.7,0.0,サンプル不足
v5,volume_ratio_20d,出来高比,業種,銀行業,3d,3営業日,1,-0.7,-0.7,0.0,サンプル不足
v5,volume_ratio_20d,出来高比,業種,銀行業,5d,5営業日,1,-0.8999999999999998,-0.8999999999999998,0.0,サンプル不足
v5,volume_ratio_20d,出来高比,業種,銀行業,10d,10営業日,1,-0.7,-0.7,0.0,サンプル不足
v5,volume_ratio_20d,出来高比,業種,電気・ガス業,1d,1営業日,0,,,,サンプル不足
v5,volume_ratio_20d,出来高比,業種,電気・ガス業,3d,3営業日,0,,,,サンプル不足
v5,volume_ratio_20d,出来高比,業種,電気・ガス業,5d,5営業日,0,,,,サンプル不足
v5,volume_ratio_20d,出来高比,業種,電気・ガス業,10d,10営業日,0,,,,サンプル不足
v5,volume_ratio_20d,出来高比,業種,電気機器,1d,1営業日,1,-0.18615384615384614,-0.18615384615384614,0.0,サンプル不足
v5,volume_ratio_20d,出来高比,業種,電気機器,3d,3営業日,1,-0.4553846153846154,-0.4553846153846154,0.0,サンプル不足
v5,volume_ratio_20d,出来高比,業種,電気機器,5d,5営業日,1,-0.45461538461538464,-0.45461538461538464,0.0,サンプル不足
v5,volume_ratio_20d,出来高比,業種,電気機器,10d,10営業日,1,-0.24,-0.24,0.0,サンプル不足
v5,volume_ratio_20d,出来高比,業種,非鉄金属,1d,1営業日,0,,,,サンプル不足
v5,volume_ratio_20d,出来高比,業種,非鉄金属,3d,3営業日,0,,,,サンプル不足
v5,volume_ratio_20d,出来高比,業種,非鉄金属,5d,5営業日,0,,,,サンプル不足
v5,volume_ratio_20d,出来高比,業種,非鉄金属,10d,10営業日,0,,,,サンプル不足
v5,volume_ratio_20d,出来高比,業種,食料品,1d,1営業日,0,,,,サンプル不足
v5,volume_ratio_20d,出来高比,業種,食料品,3d,3営業日,0,,,,サンプル不足
v5,volume_ratio_20d,出来高比,業種,食料品,5d,5営業日,0,,,,サンプル不足
v5,volume_ratio_20d,出来高比,業種,食料品,10d,10営業日,0,,,,サンプル不足
v5,distance_high_120d,120日高値接近度,全体,全体,1d,1営業日,1,-0.008206528780486153,-0.008206528780486153,0.0,サンプル不足
v5,distance_high_120d,120日高値接近度,全体,全体,3d,3営業日,1,-0.0214547366772351,-0.0214547366772351,0.0,サンプル不足
v5,distance_high_120d,120日高値接近度,全体,全体,5d,5営業日,1,0.0608436214517359,0.0608436214517359,1.0,サンプル不足
v5,distance_high_120d,120日高値接近度,全体,全体,10d,10営業日,1,0.23145109869986957,0.23145109869986957,1.0,サンプル不足
v5,distance_high_120d,120日高値接近度,業種,その他金融業,1d,1営業日,0,,,,サンプル不足
v5,distance_high_120d,120日高値接近度,業種,その他金融業,3d,3営業日,0,,,,サンプル不足
v5,distance_high_120d,120日高値接近度,業種,その他金融業,5d,5営業日,0,,,,サンプル不足
v5,distance_high_120d,120日高値接近度,業種,その他金融業,10d,10営業日,0,,,,サンプル不足
v5,distance_high_120d,120日高値接近度,業種,ガラス・土石製品,1d,1営業日,1,-0.10540925533894598,-0.10540925533894598,0.0,サンプル不足
v5,distance_high_120d,120日高値接近度,業種,ガラス・土石製品,3d,3営業日,1,-0.10540925533894598,-0.10540925533894598,0.0,サンプル不足
v5,distance_high_120d,120日高値接近度,業種,ガラス・土石製品,5d,5営業日,1,0.21081851067789195,0.21081851067789195,1.0,サンプル不足
v5,distance_high_120d,120日高値接近度,業種,ガラス・土石製品,10d,10営業日,1,-0.10540925533894598,-0.10540925533894598,0.0,サンプル不足
v5,distance_high_120d,120日高値接近度,業種,サービス業,1d,1営業日,1,-0.2898855178262242,-0.2898855178262242,0.0,サンプル不足
v5,distance_high_120d,120日高値接近度,業種,サービス業,3d,3営業日,1,0.6087595874350709,0.6087595874350709,1.0,サンプル不足
v5,distance_high_120d,120日高値接近度,業種,サービス業,5d,5営業日,1,0.3188740696088466,0.3188740696088466,1.0,サンプル不足
v5,distance_high_120d,120日高値接近度,業種,サービス業,10d,10営業日,1,0.20291986247835697,0.20291986247835697,1.0,サンプル不足
v5,distance_high_120d,120日高値接近度,業種,パルプ・紙,1d,1営業日,0,,,,サンプル不足
v5,distance_high_120d,120日高値接近度,業種,パルプ・紙,3d,3営業日,0,,,,サンプル不足
v5,distance_high_120d,120日高値接近度,業種,パルプ・紙,5d,5営業日,0,,,,サンプル不足
v5,distance_high_120d,120日高値接近度,業種,パルプ・紙,10d,10営業日,0,,,,サンプル不足
v5,distance_high_120d,120日高値接近度,業種,不動産業,1d,1営業日,0,,,,サンプル不足
v5,distance_high_120d,120日高値接近度,業種,不動産業,3d,3営業日,0,,,,サンプル不足
v5,distance_high_120d,120日高値接近度,業種,不動産業,5d,5営業日,0,,,,サンプル不足
v5,distance_high_120d,120日高値接近度,業種,不動産業,10d,10営業日,0,,,,サンプル不足
v5,distance_high_120d,120日高値接近度,業種,保険業,1d,1営業日,0,,,,サンプル不足
v5,distance_high_120d,120日高値接近度,業種,保険業,3d,3営業日,0,,,,サンプル不足
v5,distance_high_120d,120日高値接近度,業種,保険業,5d,5営業日,0,,,,サンプル不足
v5,distance_high_120d,120日高値接近度,業種,保険業,10d,10営業日,0,,,,サンプル不足
v5,distance_high_120d,120日高値接近度,業種,化学,1d,1営業日,1,-0.42857142857142866,-0.42857142857142866,0.0,サンプル不足
v5,distance_high_120d,120日高値接近度,業種,化学,3d,3営業日,1,0.25,0.25,1.0,サンプル不足
v5,distance_high_120d,120日高値接近度,業種,化学,5d,5営業日,1,0.5714285714285715,0.5714285714285715,1.0,サンプル不足
v5,distance_high_120d,120日高値接近度,業種,化学,10d,10営業日,1,0.3571428571428572,0.3571428571428572,1.0,サンプル不足
v5,distance_high_120d,120日高値接近度,業種,卸売業,1d,1営業日,0,,,,サンプル不足
v5,distance_high_120d,120日高値接近度,業種,卸売業,3d,3営業日,0,,,,サンプル不足
v5,distance_high_120d,120日高値接近度,業種,卸売業,5d,5営業日,0,,,,サンプル不足
v5,distance_high_120d,120日高値接近度,業種,卸売業,10d,10営業日,0,,,,サンプル不足
v5,distance_high_120d,120日高値接近度,業種,小売業,1d,1営業日,1,1.0,1.0,1.0,サンプル不足
v5,distance_high_120d,120日高値接近度,業種,小売業,3d,3営業日,1,0.5,0.5,1.0,サンプル不足
v5,distance_high_120d,120日高値接近度,業種,小売業,5d,5営業日,1,0.5,0.5,1.0,サンプル不足
v5,distance_high_120d,120日高値接近度,業種,小売業,10d,10営業日,1,1.0,1.0,1.0,サンプル不足
v5,distance_high_120d,120日高値接近度,業種,建設業,1d,1営業日,0,,,,サンプル不足
v5,distance_high_120d,120日高値接近度,業種,建設業,3d,3営業日,0,,,,サンプル不足
v5,distance_high_120d,120日高値接近度,業種,建設業,5d,5営業日,0,,,,サンプル不足
v5,distance_high_120d,120日高値接近度,業種,建設業,10d,10営業日,0,,,,サンプル不足
v5,distance_high_120d,120日高値接近度,業種,情報・通信業,1d,1営業日,1,-0.49999999999999994,-0.49999999999999994,0.0,サンプル不足
v5,distance_high_120d,120日高値接近度,業種,情報・通信業,3d,3営業日,1,-0.49999999999999994,-0.49999999999999994,0.0,サンプル不足
v5,distance_high_120d,120日高値接近度,業種,情報・通信業,5d,5営業日,1,-0.3,-0.3,0.0,サンプル不足
v5,distance_high_120d,120日高値接近度,業種,情報・通信業,10d,10営業日,1,0.09999999999999999,0.09999999999999999,1.0,サンプル不足
v5,distance_high_120d,120日高値接近度,業種,機械,1d,1営業日,1,-0.03867462340768808,-0.03867462340768808,0.0,サンプル不足
v5,distance_high_120d,120日高値接近度,業種,機械,3d,3営業日,1,0.0,0.0,0.0,サンプル不足
v5,distance_high_120d,120日高値接近度,業種,機械,5d,5営業日,1,0.22099784804393194,0.22099784804393194,1.0,サンプル不足
v5,distance_high_120d,120日高値接近度,業種,機械,10d,10営業日,1,-0.12707376262526085,-0.12707376262526085,0.0,サンプル不足
v5,distance_high_120d,120日高値接近度,業種,精密機器,1d,1営業日,1,0.40089186286863665,0.40089186286863665,1.0,サンプル不足
v5,distance_high_120d,120日高値接近度,業種,精密機器,3d,3営業日,1,-0.13363062095621223,-0.13363062095621223,0.0,サンプル不足
v5,distance_high_120d,120日高値接近度,業種,精密機器,5d,5営業日,1,-0.13363062095621223,-0.13363062095621223,0.0,サンプル不足
v5,distance_high_120d,120日高値接近度,業種,精密機器,10d,10営業日,1,0.13363062095621223,0.13363062095621223,1.0,サンプル不足
v5,distance_high_120d,120日高値接近度,業種,証券、商品先物取引業,1d,1営業日,0,,,,サンプル不足
v5,distance_high_120d,120日高値接近度,業種,証券、商品先物取引業,3d,3営業日,0,,,,サンプル不足
v5,distance_high_120d,120日高値接近度,業種,証券、商品先物取引業,5d,5営業日,0,,,,サンプル不足
v5,distance_high_120d,120日高値接近度,業種,証券、商品先物取引業,10d,10営業日,0,,,,サンプル不足
v5,distance_high_120d,120日高値接近度,業種,輸送用機器,1d,1営業日,1,0.39999999999999997,0.39999999999999997,1.0,サンプル不足
v5,distance_high_120d,120日高値接近度,業種,輸送用機器,3d,3営業日,1,0.7999999999999999,0.7999999999999999,1.0,サンプル不足
v5,distance_high_120d,120日高値接近度,業種,輸送用機器,5d,5営業日,1,0.7999999999999999,0.7999999999999999,1.0,サンプル不足
v5,distance_high_120d,120日高値接近度,業種,輸送用機器,10d,10営業日,1,0.7999999999999999,0.7999999999999999,1.0,サンプル不足
v5,distance_high_120d,120日高値接近度,業種,金属製品,1d,1営業日,1,-0.39999999999999997,-0.39999999999999997,0.0,サンプル不足
v5,distance_high_120d,120日高値接近度,業種,金属製品,3d,3営業日,1,0.19999999999999998,0.19999999999999998,1.0,サンプル不足
v5,distance_high_120d,120日高値接近度,業種,金属製品,5d,5営業日,1,0.19999999999999998,0.19999999999999998,1.0,サンプル不足
v5,distance_high_120d,120日高値接近度,業種,金属製品,10d,10営業日,1,-0.7999999999999999,-0.7999999999999999,0.0,サンプル不足
v5,distance_high_120d,120日高値接近度,業種,鉄鋼,1d,1営業日,0,,,,サンプル不足
v5,distance_high_120d,120日高値接近度,業種,鉄鋼,3d,3営業日,0,,,,サンプル不足
v5,distance_high_120d,120日高値接近度,業種,鉄鋼,5d,5営業日,0,,,,サンプル不足
v5,distance_high_120d,120日高値接近度,業種,鉄鋼,10d,10営業日,0,,,,サンプル不足
v5,distance_high_120d,120日高値接近度,業種,銀行業,1d,1営業日,1,-0.9746794344808964,-0.9746794344808964,0.0,サンプル不足
v5,distance_high_120d,120日高値接近度,業種,銀行業,3d,3営業日,1,-0.9746794344808964,-0.9746794344808964,0.0,サンプル不足
v5,distance_high_120d,120日高値接近度,業種,銀行業,5d,5営業日,1,-0.8720815992723809,-0.8720815992723809,0.0,サンプル不足
v5,distance_high_120d,120日高値接近度,業種,銀行業,10d,10営業日,1,-0.051298917604257706,-0.051298917604257706,0.0,サンプル不足
v5,distance_high_120d,120日高値接近度,業種,電気・ガス業,1d,1営業日,0,,,,サンプル不足
v5,distance_high_120d,120日高値接近度,業種,電気・ガス業,3d,3営業日,0,,,,サンプル不足
v5,distance_high_120d,120日高値接近度,業種,電気・ガス業,5d,5営業日,0,,,,サンプル不足
v5,distance_high_120d,120日高値接近度,業種,電気・ガス業,10d,10営業日,0,,,,サンプル不足
v5,distance_high_120d,120日高値接近度,業種,電気機器,1d,1営業日,1,0.05708384153547584,0.05708384153547584,1.0,サンプル不足
v5,distance_high_120d,120日高値接近度,業種,電気機器,3d,3営業日,1,0.09004775002779287,0.09004775002779287,1.0,サンプル不足
v5,distance_high_120d,120日高値接近度,業種,電気機器,5d,5営業日,1,-0.005627984376737055,-0.005627984376737055,0.0,サンプル不足
v5,distance_high_120d,120日高値接近度,業種,電気機器,10d,10営業日,1,0.22029538846085045,0.22029538846085045,1.0,サンプル不足
v5,distance_high_120d,120日高値接近度,業種,非鉄金属,1d,1営業日,0,,,,サンプル不足
v5,distance_high_120d,120日高値接近度,業種,非鉄金属,3d,3営業日,0,,,,サンプル不足
v5,distance_high_120d,120日高値接近度,業種,非鉄金属,5d,5営業日,0,,,,サンプル不足
v5,distance_high_120d,120日高値接近度,業種,非鉄金属,10d,10営業日,0,,,,サンプル不足
v5,distance_high_120d,120日高値接近度,業種,食料品,1d,1営業日,0,,,,サンプル不足
v5,distance_high_120d,120日高値接近度,業種,食料品,3d,3営業日,0,,,,サンプル不足
v5,distance_high_120d,120日高値接近度,業種,食料品,5d,5営業日,0,,,,サンプル不足
v5,distance_high_120d,120日高値接近度,業種,食料品,10d,10営業日,0,,,,サンプル不足
v5,volatility_20d,20日変動率,全体,全体,1d,1営業日,1,-0.036387638763876386,-0.036387638763876386,0.0,サンプル不足
v5,volatility_20d,20日変動率,全体,全体,3d,3営業日,1,-0.13608160816081608,-0.13608160816081608,0.0,サンプル不足
v5,volatility_20d,20日変動率,全体,全体,5d,5営業日,1,0.14365436543654364,0.14365436543654364,1.0,サンプル不足
v5,volatility_20d,20日変動率,全体,全体,10d,10営業日,1,0.18064206420642062,0.18064206420642062,1.0,サンプル不足
v5,volatility_20d,20日変動率,業種,その他金融業,1d,1営業日,0,,,,サンプル不足
v5,volatility_20d,20日変動率,業種,その他金融業,3d,3営業日,0,,,,サンプル不足
v5,volatility_20d,20日変動率,業種,その他金融業,5d,5営業日,0,,,,サンプル不足
v5,volatility_20d,20日変動率,業種,その他金融業,10d,10営業日,0,,,,サンプル不足
v5,volatility_20d,20日変動率,業種,ガラス・土石製品,1d,1営業日,1,-0.7999999999999999,-0.7999999999999999,0.0,サンプル不足
v5,volatility_20d,20日変動率,業種,ガラス・土石製品,3d,3営業日,1,-0.7999999999999999,-0.7999999999999999,0.0,サンプル不足
v5,volatility_20d,20日変動率,業種,ガラス・土石製品,5d,5営業日,1,-1.0,-1.0,0.0,サンプル不足
v5,volatility_20d,20日変動率,業種,ガラス・土石製品,10d,10営業日,1,0.39999999999999997,0.39999999999999997,1.0,サンプル不足
v5,volatility_20d,20日変動率,業種,サービス業,1d,1営業日,1,0.2571428571428572,0.2571428571428572,1.0,サンプル不足
v5,volatility_20d,20日変動率,業種,サービス業,3d,3営業日,1,0.08571428571428573,0.08571428571428573,1.0,サンプル不足
v5,volatility_20d,20日変動率,業種,サービス業,5d,5営業日,1,0.3714285714285715,0.3714285714285715,1.0,サンプル不足
v5,volatility_20d,20日変動率,業種,サービス業,10d,10営業日,1,0.2571428571428572,0.2571428571428572,1.0,サンプル不足
v5,volatility_20d,20日変動率,業種,パルプ・紙,1d,1営業日,0,,,,サンプル不足
v5,volatility_20d,20日変動率,業種,パルプ・紙,3d,3営業日,0,,,,サンプル不足
v5,volatility_20d,20日変動率,業種,パルプ・紙,5d,5営業日,0,,,,サンプル不足
v5,volatility_20d,20日変動率,業種,パルプ・紙,10d,10営業日,0,,,,サンプル不足
v5,volatility_20d,20日変動率,業種,不動産業,1d,1営業日,0,,,,サンプル不足
v5,volatility_20d,20日変動率,業種,不動産業,3d,3営業日,0,,,,サンプル不足
v5,volatility_20d,20日変動率,業種,不動産業,5d,5営業日,0,,,,サンプル不足
v5,volatility_20d,20日変動率,業種,不動産業,10d,10営業日,0,,,,サンプル不足
v5,volatility_20d,20日変動率,業種,保険業,1d,1営業日,0,,,,サンプル不足
v5,volatility_20d,20日変動率,業種,保険業,3d,3営業日,0,,,,サンプル不足
v5,volatility_20d,20日変動率,業種,保険業,5d,5営業日,0,,,,サンプル不足
v5,volatility_20d,20日変動率,業種,保険業,10d,10営業日,0,,,,サンプル不足
v5,volatility_20d,20日変動率,業種,化学,1d,1営業日,1,-0.07142857142857144,-0.07142857142857144,0.0,サンプル不足
v5,volatility_20d,20日変動率,業種,化学,3d,3営業日,1,0.14285714285714288,0.14285714285714288,1.0,サンプル不足
v5,volatility_20d,20日変動率,業種,化学,5d,5営業日,1,0.5,0.5,1.0,サンプル不足
v5,volatility_20d,20日変動率,業種,化学,10d,10営業日,1,0.7142857142857144,0.7142857142857144,1.0,サンプル不足
v5,volatility_20d,20日変動率,業種,卸売業,1d,1営業日,0,,,,サンプル不足
v5,volatility_20d,20日変動率,業種,卸売業,3d,3営業日,0,,,,サンプル不足
v5,volatility_20d,20日変動率,業種,卸売業,5d,5営業日,0,,,,サンプル不足
v5,volatility_20d,20日変動率,業種,卸売業,10d,10営業日,0,,,,サンプル不足
v5,volatility_20d,20日変動率,業種,小売業,1d,1営業日,1,-0.5,-0.5,0.0,サンプル不足
v5,volatility_20d,20日変動率,業種,小売業,3d,3営業日,1,-1.0,-1.0,0.0,サンプル不足
v5,volatility_20d,20日変動率,業種,小売業,5d,5営業日,1,-1.0,-1.0,0.0,サンプル不足
v5,volatility_20d,20日変動率,業種,小売業,10d,10営業日,1,-0.5,-0.5,0.0,サンプル不足
v5,volatility_20d,20日変動率,業種,建設業,1d,1営業日,0,,,,サンプル不足
v5,volatility_20d,20日変動率,業種,建設業,3d,3営業日,0,,,,サンプル不足
v5,volatility_20d,20日変動率,業種,建設業,5d,5営業日,0,,,,サンプル不足
v5,volatility_20d,20日変動率,業種,建設業,10d,10営業日,0,,,,サンプル不足
v5,volatility_20d,20日変動率,業種,情報・通信業,1d,1営業日,1,0.3,0.3,1.0,サンプル不足
v5,volatility_20d,20日変動率,業種,情報・通信業,3d,3営業日,1,0.3,0.3,1.0,サンプル不足
v5,volatility_20d,20日変動率,業種,情報・通信業,5d,5営業日,1,0.39999999999999997,0.39999999999999997,1.0,サンプル不足
v5,volatility_20d,20日変動率,業種,情報・通信業,10d,10営業日,1,0.7,0.7,1.0,サンプル不足
v5,volatility_20d,20日変動率,業種,機械,1d,1営業日,1,-0.11538461538461539,-0.11538461538461539,0.0,サンプル不足
v5,volatility_20d,20日変動率,業種,機械,3d,3営業日,1,-0.2692307692307692,-0.2692307692307692,0.0,サンプル不足
v5,volatility_20d,20日変動率,業種,機械,5d,5営業日,1,-0.38461538461538464,-0.38461538461538464,0.0,サンプル不足
v5,volatility_20d,20日変動率,業種,機械,10d,10営業日,1,-0.19230769230769232,-0.19230769230769232,0.0,サンプル不足
v5,volatility_20d,20日変動率,業種,精密機器,1d,1営業日,1,0.4642857142857144,0.4642857142857144,1.0,サンプル不足
v5,volatility_20d,20日変動率,業種,精密機器,3d,3営業日,1,0.14285714285714288,0.14285714285714288,1.0,サンプル不足
v5,volatility_20d,20日変動率,業種,精密機器,5d,5営業日,1,0.07142857142857144,0.07142857142857144,1.0,サンプル不足
v5,volatility_20d,20日変動率,業種,精密機器,10d,10営業日,1,0.42857142857142866,0.42857142857142866,1.0,サンプル不足
v5,volatility_20d,20日変動率,業種,証券、商品先物取引業,1d,1営業日,0,,,,サンプル不足
v5,volatility_20d,20日変動率,業種,証券、商品先物取引業,3d,3営業日,0,,,,サンプル不足
v5,volatility_20d,20日変動率,業種,証券、商品先物取引業,5d,5営業日,0,,,,サンプル不足
v5,volatility_20d,20日変動率,業種,証券、商品先物取引業,10d,10営業日,0,,,,サンプル不足
v5,volatility_20d,20日変動率,業種,輸送用機器,1d,1営業日,1,0.39999999999999997,0.39999999999999997,1.0,サンプル不足
v5,volatility_20d,20日変動率,業種,輸送用機器,3d,3営業日,1,0.7999999999999999,0.7999999999999999,1.0,サンプル不足
v5,volatility_20d,20日変動率,業種,輸送用機器,5d,5営業日,1,0.7999999999999999,0.7999999999999999,1.0,サンプル不足
v5,volatility_20d,20日変動率,業種,輸送用機器,10d,10営業日,1,0.7999999999999999,0.7999999999999999,1.0,サンプル不足
v5,volatility_20d,20日変動率,業種,金属製品,1d,1営業日,1,0.6000000000000001,0.6000000000000001,1.0,サンプル不足
v5,volatility_20d,20日変動率,業種,金属製品,3d,3営業日,1,0.7999999999999999,0.7999999999999999,1.0,サンプル不足
v5,volatility_20d,20日変動率,業種,金属製品,5d,5営業日,1,0.7999999999999999,0.7999999999999999,1.0,サンプル不足
v5,volatility_20d,20日変動率,業種,金属製品,10d,10営業日,1,0.0,0.0,0.0,サンプル不足
v5,volatility_20d,20日変動率,業種,鉄鋼,1d,1営業日,0,,,,サンプル不足
v5,volatility_20d,20日変動率,業種,鉄鋼,3d,3営業日,0,,,,サンプル不足
v5,volatility_20d,20日変動率,業種,鉄鋼,5d,5営業日,0,,,,サンプル不足
v5,volatility_20d,20日変動率,業種,鉄鋼,10d,10営業日,0,,,,サンプル不足
v5,volatility_20d,20日変動率,業種,銀行業,1d,1営業日,1,0.0,0.0,0.0,サンプル不足
v5,volatility_20d,20日変動率,業種,銀行業,3d,3営業日,1,0.0,0.0,0.0,サンプル不足
v5,volatility_20d,20日変動率,業種,銀行業,5d,5営業日,1,0.09999999999999999,0.09999999999999999,1.0,サンプル不足
v5,volatility_20d,20日変動率,業種,銀行業,10d,10営業日,1,0.7999999999999999,0.7999999999999999,1.0,サンプル不足
v5,volatility_20d,20日変動率,業種,電気・ガス業,1d,1営業日,0,,,,サンプル不足
v5,volatility_20d,20日変動率,業種,電気・ガス業,3d,3営業日,0,,,,サンプル不足
v5,volatility_20d,20日変動率,業種,電気・ガス業,5d,5営業日,0,,,,サンプル不足
v5,volatility_20d,20日変動率,業種,電気・ガス業,10d,10営業日,0,,,,サンプル不足
v5,volatility_20d,20日変動率,業種,電気機器,1d,1営業日,1,-0.11307692307692309,-0.11307692307692309,0.0,サンプル不足
v5,volatility_20d,20日変動率,業種,電気機器,3d,3営業日,1,-0.03,-0.03,0.0,サンプル不足
v5,volatility_20d,20日変動率,業種,電気機器,5d,5営業日,1,0.31384615384615383,0.31384615384615383,1.0,サンプル不足
v5,volatility_20d,20日変動率,業種,電気機器,10d,10営業日,1,0.09307692307692307,0.09307692307692307,1.0,サンプル不足
v5,volatility_20d,20日変動率,業種,非鉄金属,1d,1営業日,0,,,,サンプル不足
v5,volatility_20d,20日変動率,業種,非鉄金属,3d,3営業日,0,,,,サンプル不足
v5,volatility_20d,20日変動率,業種,非鉄金属,5d,5営業日,0,,,,サンプル不足
v5,volatility_20d,20日変動率,業種,非鉄金属,10d,10営業日,0,,,,サンプル不足
v5,volatility_20d,20日変動率,業種,食料品,1d,1営業日,0,,,,サンプル不足
v5,volatility_20d,20日変動率,業種,食料品,3d,3営業日,0,,,,サンプル不足
v5,volatility_20d,20日変動率,業種,食料品,5d,5営業日,0,,,,サンプル不足
v5,volatility_20d,20日変動率,業種,食料品,10d,10営業日,0,,,,サンプル不足
v7,score,総合スコア,全体,全体,1d,1営業日,46,-0.024044797966980863,-0.02732711774152264,0.45652173913043476,評価可能
v7,score,総合スコア,全体,全体,3d,3営業日,44,-0.05380834335115063,-0.0407506822849338,0.29545454545454547,評価可能
v7,score,総合スコア,全体,全体,5d,5営業日,42,-0.07334181327482493,-0.04582071686997561,0.2619047619047619,評価可能
v7,score,総合スコア,全体,全体,10d,10営業日,37,-0.13235797912301042,-0.12559368971726625,0.16216216216216217,評価可能
v7,score,総合スコア,業種,その他製品,1d,1営業日,14,0.04693877551020409,0.02857142857142858,0.5,サンプル不足
v7,score,総合スコア,業種,その他製品,3d,3営業日,13,0.06703296703296703,0.39999999999999997,0.5384615384615384,サンプル不足
v7,score,総合スコア,業種,その他製品,5d,5営業日,13,0.18791208791208788,0.39999999999999997,0.6153846153846154,サンプル不足
v7,score,総合スコア,業種,その他製品,10d,10営業日,10,0.08428571428571427,0.44999999999999996,0.7,サンプル不足
v7,score,総合スコア,業種,その他金融業,1d,1営業日,2,-0.5,-0.5,0.0,サンプル不足
v7,score,総合スコア,業種,その他金融業,3d,3営業日,2,-0.25,-0.25,0.5,サンプル不足
v7,score,総合スコア,業種,その他金融業,5d,5営業日,2,-0.25,-0.25,0.5,サンプル不足
v7,score,総合スコア,業種,その他金融業,10d,10営業日,2,-0.25,-0.25,0.5,サンプル不足
v7,score,総合スコア,業種,ガラス・土石製品,1d,1営業日,2,-0.75,-0.75,0.0,サンプル不足
v7,score,総合スコア,業種,ガラス・土石製品,3d,3営業日,2,-0.75,-0.75,0.0,サンプル不足
v7,score,総合スコア,業種,ガラス・土石製品,5d,5営業日,2,-0.25,-0.25,0.5,サンプル不足
v7,score,総合スコア,業種,ガラス・土石製品,10d,10営業日,2,-0.75,-0.75,0.0,サンプル不足
v7,score,総合スコア,業種,ゴム製品,1d,1営業日,1,0.0,0.0,0.0,サンプル不足
v7,score,総合スコア,業種,ゴム製品,3d,3営業日,1,-0.6000000000000001,-0.6000000000000001,0.0,サンプル不足
v7,score,総合スコア,業種,ゴム製品,5d,5営業日,1,-0.7999999999999999,-0.7999999999999999,0.0,サンプル不足
v7,score,総合スコア,業種,ゴム製品,10d,10営業日,1,-0.7999999999999999,-0.7999999999999999,0.0,サンプル不足
v7,score,総合スコア,業種,サービス業,1d,1営業日,46,-0.051543102332065945,-0.07510822510822511,0.41304347826086957,評価可能
v7,score,総合スコア,業種,サービス業,3d,3営業日,44,-0.08612569412766641,-0.11002331002331003,0.29545454545454547,評価可能
v7,score,総合スコア,業種,サービス業,5d,5営業日,42,-0.05117150611329023,-0.0034965034965034965,0.47619047619047616,評価可能
v7,score,総合スコア,業種,サービス業,10d,10営業日,37,-0.07454470204508729,-0.14285714285714285,0.3783783783783784,評価可能
v7,score,総合スコア,業種,パルプ・紙,1d,1営業日,0,,,,サンプル不足
v7,score,総合スコア,業種,パルプ・紙,3d,3営業日,0,,,,サンプル不足
v7,score,総合スコア,業種,パルプ・紙,5d,5営業日,0,,,,サンプル不足
v7,score,総合スコア,業種,パルプ・紙,10d,10営業日,0,,,,サンプル不足
v7,score,総合スコア,業種,不動産業,1d,1営業日,7,-0.3620614852602392,-0.5,0.2857142857142857,サンプル不足
v7,score,総合スコア,業種,不動産業,3d,3営業日,6,-0.11666666666666665,-0.15000000000000002,0.5,サンプル不足
v7,score,総合スコア,業種,不動産業,5d,5営業日,5,-0.07999999999999999,0.0,0.4,サンプル不足
v7,score,総合スコア,業種,不動産業,10d,10営業日,4,0.07500000000000001,0.35,0.75,サンプル不足
v7,score,総合スコア,業種,保険業,1d,1営業日,18,-0.15826018322502855,-0.39999999999999997,0.4444444444444444,サンプル不足
v7,score,総合スコア,業種,保険業,3d,3営業日,18,-0.3360379610028063,-0.5,0.2777777777777778,サンプル不足
v7,score,総合スコア,業種,保険業,5d,5営業日,18,-0.21381573878058413,-0.5,0.3333333333333333,サンプル不足
v7,score,総合スコア,業種,保険業,10d,10営業日,18,-0.20735864066853754,-0.5,0.2777777777777778,サンプル不足
v7,score,総合スコア,業種,倉庫・運輸関連業,1d,1営業日,1,0.5,0.5,1.0,サンプル不足
v7,score,総合スコア,業種,倉庫・運輸関連業,3d,3営業日,1,0.5,0.5,1.0,サンプル不足
v7,score,総合スコア,業種,倉庫・運輸関連業,5d,5営業日,1,-0.5,-0.5,0.0,サンプル不足
v7,score,総合スコア,業種,倉庫・運輸関連業,10d,10営業日,1,0.5,0.5,1.0,サンプル不足
v7,score,総合スコア,業種,化学,1d,1営業日,43,-0.037344438507229204,0.0,0.4186046511627907,評価可能
v7,score,総合スコア,業種,化学,3d,3営業日,42,-0.04735839557268127,-0.018181818181818184,0.4523809523809524,評価可能
v7,score,総合スコア,業種,化学,5d,5営業日,41,0.08732182451694645,0.0,0.4634146341463415,評価可能
v7,score,総合スコア,業種,化学,10d,10営業日,37,-0.018454518454518464,0.0,0.4864864864864865,評価可能
v7,score,総合スコア,業種,医薬品,1d,1営業日,8,-0.03392857142857142,0.0,0.5,サンプル不足
v7,score,総合スコア,業種,医薬品,3d,3営業日,6,-0.09523809523809523,-0.0357142857142857,0.5,サンプル不足
v7,score,総合スコア,業種,医薬品,5d,5営業日,4,0.0,0.0,0.5,サンプル不足
v7,score,総合スコア,業種,医薬品,10d,10営業日,3,-0.16666666666666666,-0.5,0.3333333333333333,サンプル不足
v7,score,総合スコア,業種,卸売業,1d,1営業日,42,0.10983577237378979,0.20714285714285713,0.6190476190476191,評価可能
v7,score,総合スコア,業種,卸売業,3d,3営業日,40,0.06757966982704729,0.09999999999999999,0.55,評価可能
v7,score,総合スコア,業種,卸売業,5d,5営業日,38,0.09272844258054132,0.042857142857142864,0.5,評価可能
v7,score,総合スコア,業種,卸売業,10d,10営業日,34,0.061344724078688864,0.10952380952380952,0.5588235294117647,評価可能
v7,score,総合スコア,業種,小売業,1d,1営業日,39,-0.1640783965444671,-0.1666666666666667,0.3333333333333333,評価可能
v7,score,総合スコア,業種,小売業,3d,3営業日,37,-0.11194872959578843,-0.04411764705882353,0.3783783783783784,評価可能
v7,score,総合スコア,業種,小売業,5d,5営業日,35,-0.15502542275651518,-0.1928571428571428,0.37142857142857144,評価可能
v7,score,総合スコア,業種,小売業,10d,10営業日,31,-0.1889491754292513,-0.2571428571428572,0.2903225806451613,評価可能
v7,score,総合スコア,業種,建設業,1d,1営業日,7,-0.17142857142857146,-0.5,0.2857142857142857,サンプル不足
v7,score,総合スコア,業種,建設業,3d,3営業日,7,-0.07142857142857142,-0.5,0.42857142857142855,サンプル不足
v7,score,総合スコア,業種,建設業,5d,5営業日,7,-0.2857142857142857,-0.5,0.2857142857142857,サンプル不足
v7,score,総合スコア,業種,建設業,10d,10営業日,7,-0.14285714285714285,-0.5,0.42857142857142855,サンプル不足
v7,score,総合スコア,業種,情報・通信業,1d,1営業日,46,-0.047121573411232076,-0.07486945237460507,0.3695652173913043,評価可能
v7,score,総合スコア,業種,情報・通信業,3d,3営業日,44,-0.011341217024535754,-0.028779514141958427,0.4090909090909091,評価可能
v7,score,総合スコア,業種,情報・通信業,5d,5営業日,42,-0.06073245750884496,-0.06351124365830249,0.30952380952380953,評価可能
v7,score,総合スコア,業種,情報・通信業,10d,10営業日,37,-0.09060763241035774,-0.1475748194014448,0.3783783783783784,評価可能
v7,score,総合スコア,業種,機械,1d,1営業日,32,-0.027708525219989344,0.011904761904761908,0.5,評価可能
v7,score,総合スコア,業種,機械,3d,3営業日,31,0.053236387302220994,0.0303030303030303,0.5161290322580645,評価可能
v7,score,総合スコア,業種,機械,5d,5営業日,31,-0.056055508364379995,-0.028571428571428574,0.45161290322580644,評価可能
v7,score,総合スコア,業種,機械,10d,10営業日,27,-0.22054940921415553,-0.1716172655654175,0.3333333333333333,サンプル不足
v7,score,総合スコア,業種,海運業,1d,1営業日,6,0.19999999999999998,0.35,0.6666666666666666,サンプル不足
v7,score,総合スコア,業種,海運業,3d,3営業日,4,-0.07500000000000001,0.0,0.5,サンプル不足
v7,score,総合スコア,業種,海運業,5d,5営業日,3,0.0,0.0,0.3333333333333333,サンプル不足
v7,score,総合スコア,業種,海運業,10d,10営業日,2,-0.25,-0.25,0.5,サンプル不足
v7,score,総合スコア,業種,石油・石炭製品,1d,1営業日,0,,,,サンプル不足
v7,score,総合スコア,業種,石油・石炭製品,3d,3営業日,0,,,,サンプル不足
v7,score,総合スコア,業種,石油・石炭製品,5d,5営業日,0,,,,サンプル不足
v7,score,総合スコア,業種,石油・石炭製品,10d,10営業日,0,,,,サンプル不足
v7,score,総合スコア,業種,空運業,1d,1営業日,0,,,,サンプル不足
v7,score,総合スコア,業種,空運業,3d,3営業日,0,,,,サンプル不足
v7,score,総合スコア,業種,空運業,5d,5営業日,0,,,,サンプル不足
v7,score,総合スコア,業種,空運業,10d,10営業日,0,,,,サンプル不足
v7,score,総合スコア,業種,精密機器,1d,1営業日,19,-0.17593984962406015,-0.5,0.3684210526315789,サンプル不足
v7,score,総合スコア,業種,精密機器,3d,3営業日,18,-0.024603174603174603,-0.09999999999999999,0.4444444444444444,サンプル不足
v7,score,総合スコア,業種,精密機器,5d,5営業日,16,0.052678571428571436,0.07142857142857144,0.5,サンプル不足
v7,score,総合スコア,業種,精密機器,10d,10営業日,12,0.09166666666666667,0.5,0.5833333333333334,サンプル不足
v7,score,総合スコア,業種,繊維製品,1d,1営業日,0,,,,サンプル不足
v7,score,総合スコア,業種,繊維製品,3d,3営業日,0,,,,サンプル不足
v7,score,総合スコア,業種,繊維製品,5d,5営業日,0,,,,サンプル不足
v7,score,総合スコア,業種,繊維製品,10d,10営業日,0,,,,サンプル不足
v7,score,総合スコア,業種,証券、商品先物取引業,1d,1営業日,18,0.15476190476190477,0.34285714285714286,0.6111111111111112,サンプル不足
v7,score,総合スコア,業種,証券、商品先物取引業,3d,3営業日,18,0.06150793650793651,0.5,0.5555555555555556,サンプル不足
v7,score,総合スコア,業種,証券、商品先物取引業,5d,5営業日,17,0.1369747899159664,0.42857142857142866,0.6470588235294118,サンプル不足
v7,score,総合スコア,業種,証券、商品先物取引業,10d,10営業日,17,0.04285714285714286,-0.39999999999999997,0.4117647058823529,サンプル不足
v7,score,総合スコア,業種,輸送用機器,1d,1営業日,28,-0.017494104556927237,-0.08571428571428572,0.42857142857142855,サンプル不足
v7,score,総合スコア,業種,輸送用機器,3d,3営業日,27,-0.07810676098672527,0.0,0.48148148148148145,サンプル不足
v7,score,総合スコア,業種,輸送用機器,5d,5営業日,26,-0.05601929208694727,0.05714285714285713,0.5,サンプル不足
v7,score,総合スコア,業種,輸送用機器,10d,10営業日,25,-0.10149815900852037,0.04761904761904763,0.52,サンプル不足
v7,score,総合スコア,業種,金属製品,1d,1営業日,18,-0.12724867724867725,-0.19999999999999998,0.3333333333333333,サンプル不足
v7,score,総合スコア,業種,金属製品,3d,3営業日,17,-0.024649859943977576,-0.08571428571428573,0.47058823529411764,サンプル不足
v7,score,総合スコア,業種,金属製品,5d,5営業日,17,0.007282913165266107,0.14285714285714288,0.5294117647058824,サンプル不足
v7,score,総合スコア,業種,金属製品,10d,10営業日,15,-0.386031746031746,-0.5,0.2,サンプル不足
v7,score,総合スコア,業種,鉄鋼,1d,1営業日,8,-0.16250000000000003,-0.35,0.375,サンプル不足
v7,score,総合スコア,業種,鉄鋼,3d,3営業日,8,-0.012500000000000011,0.19999999999999998,0.5,サンプル不足
v7,score,総合スコア,業種,鉄鋼,5d,5営業日,8,-0.03749999999999998,0.3,0.625,サンプル不足
v7,score,総合スコア,業種,鉄鋼,10d,10営業日,6,-0.1166666666666667,2.7755575615628914e-17,0.5,サンプル不足
v7,score,総合スコア,業種,鉱業,1d,1営業日,0,,,,サンプル不足
v7,score,総合スコア,業種,鉱業,3d,3営業日,0,,,,サンプル不足
v7,score,総合スコア,業種,鉱業,5d,5営業日,0,,,,サンプル不足
v7,score,総合スコア,業種,鉱業,10d,10営業日,0,,,,サンプル不足
v7,score,総合スコア,業種,銀行業,1d,1営業日,40,0.17126741288505481,0.20604395604395603,0.625,評価可能
v7,score,総合スコア,業種,銀行業,3d,3営業日,39,0.04823681267055019,-0.023809523809523815,0.46153846153846156,評価可能
v7,score,総合スコア,業種,銀行業,5d,5営業日,39,-0.03699198739922721,-0.12727272727272726,0.38461538461538464,評価可能
v7,score,総合スコア,業種,銀行業,10d,10営業日,34,-0.05758869158523138,-0.03571428571428572,0.4411764705882353,評価可能
v7,score,総合スコア,業種,陸運業,1d,1営業日,1,-1.0,-1.0,0.0,サンプル不足
v7,score,総合スコア,業種,陸運業,3d,3営業日,1,-1.0,-1.0,0.0,サンプル不足
v7,score,総合スコア,業種,陸運業,5d,5営業日,1,-0.5,-0.5,0.0,サンプル不足
v7,score,総合スコア,業種,陸運業,10d,10営業日,1,-0.5,-0.5,0.0,サンプル不足
v7,score,総合スコア,業種,電気・ガス業,1d,1営業日,1,0.5,0.5,1.0,サンプル不足
v7,score,総合スコア,業種,電気・ガス業,3d,3営業日,1,0.5,0.5,1.0,サンプル不足
v7,score,総合スコア,業種,電気・ガス業,5d,5営業日,1,0.5,0.5,1.0,サンプル不足
v7,score,総合スコア,業種,電気・ガス業,10d,10営業日,1,0.5,0.5,1.0,サンプル不足
v7,score,総合スコア,業種,電気機器,1d,1営業日,46,-0.08719438147020625,-0.11829004329004328,0.3695652173913043,評価可能
v7,score,総合スコア,業種,電気機器,3d,3営業日,44,-0.14572125548996914,-0.12489495798319328,0.2727272727272727,評価可能
v7,score,総合スコア,業種,電気機器,5d,5営業日,42,-0.19314330585684336,-0.19601648351648354,0.19047619047619047,評価可能
v7,score,総合スコア,業種,電気機器,10d,10営業日,37,-0.16660786649036766,-0.13993325917686317,0.24324324324324326,評価可能
v7,score,総合スコア,業種,非鉄金属,1d,1営業日,10,-0.23000000000000004,-0.3,0.4,サンプル不足
v7,score,総合スコア,業種,非鉄金属,3d,3営業日,8,0.07500000000000001,0.35,0.625,サンプル不足
v7,score,総合スコア,業種,非鉄金属,5d,5営業日,7,-0.31428571428571433,-0.5,0.2857142857142857,サンプル不足
v7,score,総合スコア,業種,非鉄金属,10d,10営業日,6,0.25,0.5,0.6666666666666666,サンプル不足
v7,score,総合スコア,業種,食料品,1d,1営業日,24,0.06767314429418365,0.25,0.5416666666666666,サンプル不足
v7,score,総合スコア,業種,食料品,3d,3営業日,23,-0.12998039345325788,-0.2,0.391304347826087,サンプル不足
v7,score,総合スコア,業種,食料品,5d,5営業日,22,-0.16185833062659452,-0.39999999999999997,0.36363636363636365,サンプル不足
v7,score,総合スコア,業種,食料品,10d,10営業日,21,-0.1816071943284754,-0.49999999999999994,0.3333333333333333,サンプル不足
v7,return_20d,20日モメンタム,全体,全体,1d,1営業日,46,-0.04001295281559285,-0.01842184218421842,0.43478260869565216,評価可能
v7,return_20d,20日モメンタム,全体,全体,3d,3営業日,44,-0.09243767511275486,-0.07013868514819234,0.2727272727272727,評価可能
v7,return_20d,20日モメンタム,全体,全体,5d,5営業日,42,-0.1039857080852406,-0.06834683468346833,0.23809523809523808,評価可能
v7,return_20d,20日モメンタム,全体,全体,10d,10営業日,37,-0.14152576673913275,-0.10426642664266425,0.16216216216216217,評価可能
v7,return_20d,20日モメンタム,業種,その他製品,1d,1営業日,14,0.15816326530612246,0.0,0.5,サンプル不足
v7,return_20d,20日モメンタム,業種,その他製品,3d,3営業日,13,-0.03736263736263735,-0.19999999999999998,0.3076923076923077,サンプル不足
v7,return_20d,20日モメンタム,業種,その他製品,5d,5営業日,13,0.22087912087912087,0.19999999999999998,0.5384615384615384,サンプル不足
v7,return_20d,20日モメンタム,業種,その他製品,10d,10営業日,10,0.19571428571428573,0.4357142857142857,0.6,サンプル不足
v7,return_20d,20日モメンタム,業種,その他金融業,1d,1営業日,2,-0.25,-0.25,0.5,サンプル不足
v7,return_20d,20日モメンタム,業種,その他金融業,3d,3営業日,2,-0.5,-0.5,0.0,サンプル不足
v7,return_20d,20日モメンタム,業種,その他金融業,5d,5営業日,2,-0.5,-0.5,0.0,サンプル不足
v7,return_20d,20日モメンタム,業種,その他金融業,10d,10営業日,2,-0.5,-0.5,0.0,サンプル不足
v7,return_20d,20日モメンタム,業種,ガラス・土石製品,1d,1営業日,2,-0.5,-0.5,0.0,サンプル不足
v7,return_20d,20日モメンタム,業種,ガラス・土石製品,3d,3営業日,2,-1.0,-1.0,0.0,サンプル不足
v7,return_20d,20日モメンタム,業種,ガラス・土石製品,5d,5営業日,2,-0.75,-0.75,0.0,サンプル不足
v7,return_20d,20日モメンタム,業種,ガラス・土石製品,10d,10営業日,2,-1.0,-1.0,0.0,サンプル不足
v7,return_20d,20日モメンタム,業種,ゴム製品,1d,1営業日,1,-0.39999999999999997,-0.39999999999999997,0.0,サンプル不足
v7,return_20d,20日モメンタム,業種,ゴム製品,3d,3営業日,1,-0.7999999999999999,-0.7999999999999999,0.0,サンプル不足
v7,return_20d,20日モメンタム,業種,ゴム製品,5d,5営業日,1,-0.6000000000000001,-0.6000000000000001,0.0,サンプル不足
v7,return_20d,20日モメンタム,業種,ゴム製品,10d,10営業日,1,-0.6000000000000001,-0.6000000000000001,0.0,サンプル不足
v7,return_20d,20日モメンタム,業種,サービス業,1d,1営業日,46,0.0037562539248360417,-0.030839429554919973,0.45652173913043476,評価可能
v7,return_20d,20日モメンタム,業種,サービス業,3d,3営業日,44,-0.09664094232064957,-0.15476190476190477,0.36363636363636365,評価可能
v7,return_20d,20日モメンタム,業種,サービス業,5d,5営業日,42,-0.11603924105382105,-0.09050949050949053,0.40476190476190477,評価可能
v7,return_20d,20日モメンタム,業種,サービス業,10d,10営業日,37,-0.18859484624904904,-0.16083916083916086,0.1891891891891892,評価可能
v7,return_20d,20日モメンタム,業種,パルプ・紙,1d,1営業日,0,,,,サンプル不足
v7,return_20d,20日モメンタム,業種,パルプ・紙,3d,3営業日,0,,,,サンプル不足
v7,return_20d,20日モメンタム,業種,パルプ・紙,5d,5営業日,0,,,,サンプル不足
v7,return_20d,20日モメンタム,業種,パルプ・紙,10d,10営業日,0,,,,サンプル不足
v7,return_20d,20日モメンタム,業種,不動産業,1d,1営業日,7,-0.10315456793497753,-0.5,0.42857142857142855,サンプル不足
v7,return_20d,20日モメンタム,業種,不動産業,3d,3営業日,6,-0.15,-0.44999999999999996,0.3333333333333333,サンプル不足
v7,return_20d,20日モメンタム,業種,不動産業,5d,5営業日,5,-0.3,-0.5,0.2,サンプル不足
v7,return_20d,20日モメンタム,業種,不動産業,10d,10営業日,4,-0.1,-0.44999999999999996,0.25,サンプル不足
v7,return_20d,20日モメンタム,業種,保険業,1d,1営業日,18,-0.11666666666666664,-0.39999999999999997,0.3888888888888889,サンプル不足
v7,return_20d,20日モメンタム,業種,保険業,3d,3営業日,18,-0.2444444444444444,-0.5,0.3333333333333333,サンプル不足
v7,return_20d,20日モメンタム,業種,保険業,5d,5営業日,18,-0.1611111111111111,-0.39999999999999997,0.3333333333333333,サンプル不足
v7,return_20d,20日モメンタム,業種,保険業,10d,10営業日,18,-0.3722222222222222,-0.55,0.2777777777777778,サンプル不足
v7,return_20d,20日モメンタム,業種,倉庫・運輸関連業,1d,1営業日,1,-1.0,-1.0,0.0,サンプル不足
v7,return_20d,20日モメンタム,業種,倉庫・運輸関連業,3d,3営業日,1,-1.0,-1.0,0.0,サンプル不足
v7,return_20d,20日モメンタム,業種,倉庫・運輸関連業,5d,5営業日,1,1.0,1.0,1.0,サンプル不足
v7,return_20d,20日モメンタム,業種,倉庫・運輸関連業,10d,10営業日,1,0.5,0.5,1.0,サンプル不足
v7,return_20d,20日モメンタム,業種,化学,1d,1営業日,43,-0.08139147674031397,-0.1666666666666667,0.4418604651162791,評価可能
v7,return_20d,20日モメンタム,業種,化学,3d,3営業日,42,-0.08010759082187653,-0.1142857142857143,0.38095238095238093,評価可能
v7,return_20d,20日モメンタム,業種,化学,5d,5営業日,41,0.0027212624773600386,0.0,0.4878048780487805,評価可能
v7,return_20d,20日モメンタム,業種,化学,10d,10営業日,37,-0.04501219501219505,-0.14285714285714288,0.43243243243243246,評価可能
v7,return_20d,20日モメンタム,業種,医薬品,1d,1営業日,8,-0.14464285714285716,-0.5,0.375,サンプル不足
v7,return_20d,20日モメンタム,業種,医薬品,3d,3営業日,6,-0.05714285714285713,0.0,0.5,サンプル不足
v7,return_20d,20日モメンタム,業種,医薬品,5d,5営業日,4,0.0,0.0,0.5,サンプル不足
v7,return_20d,20日モメンタム,業種,医薬品,10d,10営業日,3,-0.16666666666666666,-0.5,0.3333333333333333,サンプル不足
v7,return_20d,20日モメンタム,業種,卸売業,1d,1営業日,42,0.09912587412587413,0.09761904761904763,0.5714285714285714,評価可能
v7,return_20d,20日モメンタム,業種,卸売業,3d,3営業日,40,0.023215118215118215,0.1547619047619048,0.6,評価可能
v7,return_20d,20日モメンタム,業種,卸売業,5d,5営業日,38,-0.024383949383949395,0.0028138528138528154,0.5,評価可能
v7,return_20d,20日モメンタム,業種,卸売業,10d,10営業日,34,0.09794617147558325,0.18787878787878787,0.5882352941176471,評価可能
v7,return_20d,20日モメンタム,業種,小売業,1d,1営業日,39,-0.05588794993019185,0.0,0.48717948717948717,評価可能
v7,return_20d,20日モメンタム,業種,小売業,3d,3営業日,37,0.034441432970844725,0.028571428571428564,0.5135135135135135,評価可能
v7,return_20d,20日モメンタム,業種,小売業,5d,5営業日,35,-0.026417042341412084,-0.04395604395604395,0.42857142857142855,評価可能
v7,return_20d,20日モメンタム,業種,小売業,10d,10営業日,31,-0.000606840976859938,-0.028571428571428574,0.45161290322580644,評価可能
v7,return_20d,20日モメンタム,業種,建設業,1d,1営業日,7,0.0,-0.5,0.42857142857142855,サンプル不足
v7,return_20d,20日モメンタム,業種,建設業,3d,3営業日,7,-0.0285714285714286,-0.5,0.42857142857142855,サンプル不足
v7,return_20d,20日モメンタム,業種,建設業,5d,5営業日,7,0.04285714285714283,0.5,0.5714285714285714,サンプル不足
v7,return_20d,20日モメンタム,業種,建設業,10d,10営業日,7,-0.10000000000000002,-0.5,0.42857142857142855,サンプル不足
v7,return_20d,20日モメンタム,業種,情報・通信業,1d,1営業日,46,-0.01443494397468051,-0.06450742240215923,0.45652173913043476,評価可能
v7,return_20d,20日モメンタム,業種,情報・通信業,3d,3営業日,44,-0.08257569675428103,-0.12149474552144188,0.3181818181818182,評価可能
v7,return_20d,20日モメンタム,業種,情報・通信業,5d,5営業日,42,-0.1009925979075909,-0.17669830169830175,0.40476190476190477,評価可能
v7,return_20d,20日モメンタム,業種,情報・通信業,10d,10営業日,37,-0.10560621931586729,-0.12055335968379448,0.2972972972972973,評価可能
v7,return_20d,20日モメンタム,業種,機械,1d,1営業日,32,0.019786983849483825,-0.024175824175824177,0.5,評価可能
v7,return_20d,20日モメンタム,業種,機械,3d,3営業日,31,-0.004203055009506624,0.16363636363636364,0.5161290322580645,評価可能
v7,return_20d,20日モメンタム,業種,機械,5d,5営業日,31,-0.07297406894181088,-0.14285714285714288,0.45161290322580644,評価可能
v7,return_20d,20日モメンタム,業種,機械,10d,10営業日,27,-0.18561623561623564,-0.19999999999999998,0.2962962962962963,サンプル不足
v7,return_20d,20日モメンタム,業種,海運業,1d,1営業日,6,0.13333333333333336,0.25,0.5,サンプル不足
v7,return_20d,20日モメンタム,業種,海運業,3d,3営業日,4,-0.07500000000000001,0.1,0.5,サンプル不足
v7,return_20d,20日モメンタム,業種,海運業,5d,5営業日,3,0.26666666666666666,0.3,0.6666666666666666,サンプル不足
v7,return_20d,20日モメンタム,業種,海運業,10d,10営業日,2,0.0,0.0,0.5,サンプル不足
v7,return_20d,20日モメンタム,業種,石油・石炭製品,1d,1営業日,0,,,,サンプル不足
v7,return_20d,20日モメンタム,業種,石油・石炭製品,3d,3営業日,0,,,,サンプル不足
v7,return_20d,20日モメンタム,業種,石油・石炭製品,5d,5営業日,0,,,,サンプル不足
v7,return_20d,20日モメンタム,業種,石油・石炭製品,10d,10営業日,0,,,,サンプル不足
v7,return_20d,20日モメンタム,業種,空運業,1d,1営業日,0,,,,サンプル不足
v7,return_20d,20日モメンタム,業種,空運業,3d,3営業日,0,,,,サンプル不足
v7,return_20d,20日モメンタム,業種,空運業,5d,5営業日,0,,,,サンプル不足
v7,return_20d,20日モメンタム,業種,空運業,10d,10営業日,0,,,,サンプル不足
v7,return_20d,20日モメンタム,業種,精密機器,1d,1営業日,19,-0.17593984962406015,-0.5,0.3157894736842105,サンプル不足
v7,return_20d,20日モメンタム,業種,精密機器,3d,3営業日,18,-0.2,-0.5,0.3333333333333333,サンプル不足
v7,return_20d,20日モメンタム,業種,精密機器,5d,5営業日,16,-0.18571428571428572,-0.4357142857142857,0.375,サンプル不足
v7,return_20d,20日モメンタム,業種,精密機器,10d,10営業日,12,-0.11666666666666665,-0.5,0.3333333333333333,サンプル不足
v7,return_20d,20日モメンタム,業種,繊維製品,1d,1営業日,0,,,,サンプル不足
v7,return_20d,20日モメンタム,業種,繊維製品,3d,3営業日,0,,,,サンプル不足
v7,return_20d,20日モメンタム,業種,繊維製品,5d,5営業日,0,,,,サンプル不足
v7,return_20d,20日モメンタム,業種,繊維製品,10d,10営業日,0,,,,サンプル不足
v7,return_20d,20日モメンタム,業種,証券、商品先物取引業,1d,1営業日,18,0.11587301587301588,0.44999999999999996,0.6111111111111112,サンプル不足
v7,return_20d,20日モメンタム,業種,証券、商品先物取引業,3d,3営業日,18,0.09126984126984129,0.32142857142857145,0.5555555555555556,サンプル不足
v7,return_20d,20日モメンタム,業種,証券、商品先物取引業,5d,5営業日,17,0.030252100840336152,0.21428571428571433,0.5294117647058824,サンプル不足
v7,return_20d,20日モメンタム,業種,証券、商品先物取引業,10d,10営業日,17,-0.41218487394957976,-0.5,0.11764705882352941,サンプル不足
v7,return_20d,20日モメンタム,業種,輸送用機器,1d,1営業日,28,0.14149659863945577,0.21904761904761905,0.6785714285714286,サンプル不足
v7,return_20d,20日モメンタム,業種,輸送用機器,3d,3営業日,27,-0.03968253968253969,-0.2571428571428572,0.4074074074074074,サンプル不足
v7,return_20d,20日モメンタム,業種,輸送用機器,5d,5営業日,26,-0.10366300366300367,-0.44285714285714284,0.38461538461538464,サンプル不足
v7,return_20d,20日モメンタム,業種,輸送用機器,10d,10営業日,25,-0.3097142857142858,-0.5,0.24,サンプル不足
v7,return_20d,20日モメンタム,業種,金属製品,1d,1営業日,18,-0.1595238095238095,-0.44999999999999996,0.3333333333333333,サンプル不足
v7,return_20d,20日モメンタム,業種,金属製品,3d,3営業日,17,-0.0579831932773109,0.0,0.47058823529411764,サンプル不足
v7,return_20d,20日モメンタム,業種,金属製品,5d,5営業日,17,-0.14033613445378149,-0.2142857142857143,0.35294117647058826,サンプル不足
v7,return_20d,20日モメンタム,業種,金属製品,10d,10営業日,15,-0.2949206349206349,-0.39999999999999997,0.3333333333333333,サンプル不足
v7,return_20d,20日モメンタム,業種,鉄鋼,1d,1営業日,8,-0.3625,-0.5,0.25,サンプル不足
v7,return_20d,20日モメンタム,業種,鉄鋼,3d,3営業日,8,-0.275,-0.5,0.25,サンプル不足
v7,return_20d,20日モメンタム,業種,鉄鋼,5d,5営業日,8,-0.3125,-0.5,0.25,サンプル不足
v7,return_20d,20日モメンタム,業種,鉄鋼,10d,10営業日,6,-0.15,-0.35,0.3333333333333333,サンプル不足
v7,return_20d,20日モメンタム,業種,鉱業,1d,1営業日,0,,,,サンプル不足
v7,return_20d,20日モメンタム,業種,鉱業,3d,3営業日,0,,,,サンプル不足
v7,return_20d,20日モメンタム,業種,鉱業,5d,5営業日,0,,,,サンプル不足
v7,return_20d,20日モメンタム,業種,鉱業,10d,10営業日,0,,,,サンプル不足
v7,return_20d,20日モメンタム,業種,銀行業,1d,1営業日,40,0.1583297303784974,0.2274725274725275,0.625,評価可能
v7,return_20d,20日モメンタム,業種,銀行業,3d,3営業日,39,0.03316347782789275,0.016666666666666666,0.5128205128205128,評価可能
v7,return_20d,20日モメンタム,業種,銀行業,5d,5営業日,39,-0.073217451226501,-0.07142857142857142,0.48717948717948717,評価可能
v7,return_20d,20日モメンタム,業種,銀行業,10d,10営業日,34,-0.010475689247315536,0.01785714285714286,0.5,評価可能
v7,return_20d,20日モメンタム,業種,陸運業,1d,1営業日,1,-1.0,-1.0,0.0,サンプル不足
v7,return_20d,20日モメンタム,業種,陸運業,3d,3営業日,1,-1.0,-1.0,0.0,サンプル不足
v7,return_20d,20日モメンタム,業種,陸運業,5d,5営業日,1,-0.5,-0.5,0.0,サンプル不足
v7,return_20d,20日モメンタム,業種,陸運業,10d,10営業日,1,-0.5,-0.5,0.0,サンプル不足
v7,return_20d,20日モメンタム,業種,電気・ガス業,1d,1営業日,1,0.5,0.5,1.0,サンプル不足
v7,return_20d,20日モメンタム,業種,電気・ガス業,3d,3営業日,1,0.5,0.5,1.0,サンプル不足
v7,return_20d,20日モメンタム,業種,電気・ガス業,5d,5営業日,1,0.5,0.5,1.0,サンプル不足
v7,return_20d,20日モメンタム,業種,電気・ガス業,10d,10営業日,1,0.5,0.5,1.0,サンプル不足
v7,return_20d,20日モメンタム,業種,電気機器,1d,1営業日,46,-0.10262839243115385,-0.022065217391304348,0.41304347826086957,評価可能
v7,return_20d,20日モメンタム,業種,電気機器,3d,3営業日,44,-0.16047551007703426,-0.13199887069452287,0.36363636363636365,評価可能
v7,return_20d,20日モメンタム,業種,電気機器,5d,5営業日,42,-0.0804822079673658,-0.09739130434782609,0.35714285714285715,評価可能
v7,return_20d,20日モメンタム,業種,電気機器,10d,10営業日,37,-0.061429295137656804,-0.10539215686274511,0.32432432432432434,評価可能
v7,return_20d,20日モメンタム,業種,非鉄金属,1d,1営業日,10,0.26,0.4,0.7,サンプル不足
v7,return_20d,20日モメンタム,業種,非鉄金属,3d,3営業日,8,0.0875,0.35,0.625,サンプル不足
v7,return_20d,20日モメンタム,業種,非鉄金属,5d,5営業日,7,0.1285714285714286,0.3,0.5714285714285714,サンプル不足
v7,return_20d,20日モメンタム,業種,非鉄金属,10d,10営業日,6,0.43333333333333335,0.5,0.8333333333333334,サンプル不足
v7,return_20d,20日モメンタム,業種,食料品,1d,1営業日,24,0.041132478632478625,0.0,0.4583333333333333,サンプル不足
v7,return_20d,20日モメンタム,業種,食料品,3d,3営業日,23,-0.054945054945054965,-0.39999999999999997,0.43478260869565216,サンプル不足
v7,return_20d,20日モメンタム,業種,食料品,5d,5営業日,22,-0.10196470196470196,-0.17637362637362639,0.36363636363636365,サンプル不足
v7,return_20d,20日モメンタム,業種,食料品,10d,10営業日,21,-0.18848770277341706,-0.5,0.2857142857142857,サンプル不足
v7,return_60d,60日モメンタム,全体,全体,1d,1営業日,46,-0.013259213054794671,0.002673374742394495,0.5,評価可能
v7,return_60d,60日モメンタム,全体,全体,3d,3営業日,44,-0.06620497130271509,-0.040036063408590186,0.36363636363636365,評価可能
v7,return_60d,60日モメンタム,全体,全体,5d,5営業日,42,-0.1259061340152584,-0.12281763134323853,0.35714285714285715,評価可能
v7,return_60d,60日モメンタム,全体,全体,10d,10営業日,37,-0.21408772534281614,-0.21957395739573957,0.1891891891891892,評価可能
v7,return_60d,60日モメンタム,業種,その他製品,1d,1営業日,14,0.17448979591836733,0.14285714285714285,0.5714285714285714,サンプル不足
v7,return_60d,60日モメンタム,業種,その他製品,3d,3営業日,13,-0.06483516483516484,-0.3714285714285715,0.38461538461538464,サンプル不足
v7,return_60d,60日モメンタム,業種,その他製品,5d,5営業日,13,0.1758241758241758,0.39999999999999997,0.5384615384615384,サンプル不足
v7,return_60d,60日モメンタム,業種,その他製品,10d,10営業日,10,0.08857142857142856,0.32857142857142857,0.6,サンプル不足
v7,return_60d,60日モメンタム,業種,その他金融業,1d,1営業日,2,0.25,0.25,0.5,サンプル不足
v7,return_60d,60日モメンタム,業種,その他金融業,3d,3営業日,2,0.5,0.5,1.0,サンプル不足
v7,return_60d,60日モメンタム,業種,その他金融業,5d,5営業日,2,0.5,0.5,1.0,サンプル不足
v7,return_60d,60日モメンタム,業種,その他金融業,10d,10営業日,2,0.5,0.5,1.0,サンプル不足
v7,return_60d,60日モメンタム,業種,ガラス・土石製品,1d,1営業日,2,-0.75,-0.75,0.0,サンプル不足
v7,return_60d,60日モメンタム,業種,ガラス・土石製品,3d,3営業日,2,-0.75,-0.75,0.0,サンプル不足
v7,return_60d,60日モメンタム,業種,ガラス・土石製品,5d,5営業日,2,-0.25,-0.25,0.5,サンプル不足
v7,return_60d,60日モメンタム,業種,ガラス・土石製品,10d,10営業日,2,-0.75,-0.75,0.0,サンプル不足
v7,return_60d,60日モメンタム,業種,ゴム製品,1d,1営業日,1,-0.39999999999999997,-0.39999999999999997,0.0,サンプル不足
v7,return_60d,60日モメンタム,業種,ゴム製品,3d,3営業日,1,-0.7999999999999999,-0.7999999999999999,0.0,サンプル不足
v7,return_60d,60日モメンタム,業種,ゴム製品,5d,5営業日,1,-1.0,-1.0,0.0,サンプル不足
v7,return_60d,60日モメンタム,業種,ゴム製品,10d,10営業日,1,-1.0,-1.0,0.0,サンプル不足
v7,return_60d,60日モメンタム,業種,サービス業,1d,1営業日,46,-0.048454203327853114,-0.05,0.391304347826087,評価可能
v7,return_60d,60日モメンタム,業種,サービス業,3d,3営業日,44,0.016228331430273444,-0.02097902097902098,0.4772727272727273,評価可能
v7,return_60d,60日モメンタム,業種,サービス業,5d,5営業日,42,0.011228269684796365,-0.04502164502164502,0.4523809523809524,評価可能
v7,return_60d,60日モメンタム,業種,サービス業,10d,10営業日,37,-0.028524277071367475,-0.08571428571428573,0.4594594594594595,評価可能
v7,return_60d,60日モメンタム,業種,パルプ・紙,1d,1営業日,0,,,,サンプル不足
v7,return_60d,60日モメンタム,業種,パルプ・紙,3d,3営業日,0,,,,サンプル不足
v7,return_60d,60日モメンタム,業種,パルプ・紙,5d,5営業日,0,,,,サンプル不足
v7,return_60d,60日モメンタム,業種,パルプ・紙,10d,10営業日,0,,,,サンプル不足
v7,return_60d,60日モメンタム,業種,不動産業,1d,1営業日,7,-0.34128112920002757,-0.5,0.2857142857142857,サンプル不足
v7,return_60d,60日モメンタム,業種,不動産業,3d,3営業日,6,-0.19999999999999998,-0.44999999999999996,0.3333333333333333,サンプル不足
v7,return_60d,60日モメンタム,業種,不動産業,5d,5営業日,5,-0.1,-0.39999999999999997,0.4,サンプル不足
v7,return_60d,60日モメンタム,業種,不動産業,10d,10営業日,4,0.075,0.05000000000000002,0.5,サンプル不足
v7,return_60d,60日モメンタム,業種,保険業,1d,1営業日,18,0.08333333333333331,0.09999999999999999,0.5,サンプル不足
v7,return_60d,60日モメンタム,業種,保険業,3d,3営業日,18,0.07222222222222224,0.39999999999999997,0.6111111111111112,サンプル不足
v7,return_60d,60日モメンタム,業種,保険業,5d,5営業日,18,0.10555555555555553,0.3,0.5555555555555556,サンプル不足
v7,return_60d,60日モメンタム,業種,保険業,10d,10営業日,18,0.2833333333333333,0.5,0.6111111111111112,サンプル不足
v7,return_60d,60日モメンタム,業種,倉庫・運輸関連業,1d,1営業日,1,0.5,0.5,1.0,サンプル不足
v7,return_60d,60日モメンタム,業種,倉庫・運輸関連業,3d,3営業日,1,0.5,0.5,1.0,サンプル不足
v7,return_60d,60日モメンタム,業種,倉庫・運輸関連業,5d,5営業日,1,-0.5,-0.5,0.0,サンプル不足
v7,return_60d,60日モメンタム,業種,倉庫・運輸関連業,10d,10営業日,1,0.5,0.5,1.0,サンプル不足
v7,return_60d,60日モメンタム,業種,化学,1d,1営業日,43,0.04773095121932331,0.08333333333333334,0.5813953488372093,評価可能
v7,return_60d,60日モメンタム,業種,化学,3d,3営業日,42,0.005329591043876753,0.08131868131868134,0.5238095238095238,評価可能
v7,return_60d,60日モメンタム,業種,化学,5d,5営業日,41,0.03983739837398372,0.0,0.4878048780487805,評価可能
v7,return_60d,60日モメンタム,業種,化学,10d,10営業日,37,-0.07957267957267958,-0.07692307692307693,0.4594594594594595,評価可能
v7,return_60d,60日モメンタム,業種,医薬品,1d,1営業日,8,-0.11071428571428572,-0.5,0.375,サンプル不足
v7,return_60d,60日モメンタム,業種,医薬品,3d,3営業日,6,-0.6333333333333333,-0.75,0.16666666666666666,サンプル不足
v7,return_60d,60日モメンタム,業種,医薬品,5d,5営業日,4,-0.75,-0.75,0.0,サンプル不足
v7,return_60d,60日モメンタム,業種,医薬品,10d,10営業日,3,-0.8333333333333334,-1.0,0.0,サンプル不足
v7,return_60d,60日モメンタム,業種,卸売業,1d,1営業日,42,0.10965899180184893,0.10952380952380952,0.5238095238095238,評価可能
v7,return_60d,60日モメンタム,業種,卸売業,3d,3営業日,40,0.01615884115884116,0.11666666666666667,0.55,評価可能
v7,return_60d,60日モメンタム,業種,卸売業,5d,5営業日,38,-0.039521005310479,-0.02097902097902098,0.42105263157894735,評価可能
v7,return_60d,60日モメンタム,業種,卸売業,10d,10営業日,34,-0.05825204207557151,-0.023809523809523815,0.4411764705882353,評価可能
v7,return_60d,60日モメンタム,業種,小売業,1d,1営業日,39,-0.04719067139882343,0.0,0.48717948717948717,評価可能
v7,return_60d,60日モメンタム,業種,小売業,3d,3営業日,37,-0.14566264419205596,-0.14285714285714288,0.40540540540540543,評価可能
v7,return_60d,60日モメンタム,業種,小売業,5d,5営業日,35,-0.2666501005996804,-0.19999999999999998,0.22857142857142856,評価可能
v7,return_60d,60日モメンタム,業種,小売業,10d,10営業日,31,-0.3087397422312033,-0.3,0.12903225806451613,評価可能
v7,return_60d,60日モメンタム,業種,建設業,1d,1営業日,7,-0.2571428571428571,-0.5,0.42857142857142855,サンプル不足
v7,return_60d,60日モメンタム,業種,建設業,3d,3営業日,7,-0.05714285714285713,-0.39999999999999997,0.42857142857142855,サンプル不足
v7,return_60d,60日モメンタム,業種,建設業,5d,5営業日,7,-0.05714285714285713,-0.39999999999999997,0.42857142857142855,サンプル不足
v7,return_60d,60日モメンタム,業種,建設業,10d,10営業日,7,0.0142857142857143,-0.39999999999999997,0.42857142857142855,サンプル不足
v7,return_60d,60日モメンタム,業種,情報・通信業,1d,1営業日,46,-0.0847407739196566,-0.17302955665024633,0.41304347826086957,評価可能
v7,return_60d,60日モメンタム,業種,情報・通信業,3d,3営業日,44,-0.11550680000601622,-0.10259740259740259,0.38636363636363635,評価可能
v7,return_60d,60日モメンタム,業種,情報・通信業,5d,5営業日,42,-0.16992326809127234,-0.10558608058608057,0.30952380952380953,評価可能
v7,return_60d,60日モメンタム,業種,情報・通信業,10d,10営業日,37,-0.1963745533453362,-0.16821465428276572,0.32432432432432434,評価可能
v7,return_60d,60日モメンタム,業種,機械,1d,1営業日,32,-0.012120171495171514,-0.03874458874458875,0.4375,評価可能
v7,return_60d,60日モメンタム,業種,機械,3d,3営業日,31,0.062163642808804126,0.2571428571428572,0.5806451612903226,評価可能
v7,return_60d,60日モメンタム,業種,機械,5d,5営業日,31,-0.08771739013674498,-0.19999999999999998,0.3548387096774194,評価可能
v7,return_60d,60日モメンタム,業種,機械,10d,10営業日,27,-0.24002294002294008,-0.3626373626373627,0.4074074074074074,サンプル不足
v7,return_60d,60日モメンタム,業種,海運業,1d,1営業日,6,0.48333333333333334,0.5,0.8333333333333334,サンプル不足
v7,return_60d,60日モメンタム,業種,海運業,3d,3営業日,4,0.275,0.5,0.75,サンプル不足
v7,return_60d,60日モメンタム,業種,海運業,5d,5営業日,3,-0.03333333333333333,-0.09999999999999999,0.3333333333333333,サンプル不足
v7,return_60d,60日モメンタム,業種,海運業,10d,10営業日,2,-0.25,-0.25,0.5,サンプル不足
v7,return_60d,60日モメンタム,業種,石油・石炭製品,1d,1営業日,0,,,,サンプル不足
v7,return_60d,60日モメンタム,業種,石油・石炭製品,3d,3営業日,0,,,,サンプル不足
v7,return_60d,60日モメンタム,業種,石油・石炭製品,5d,5営業日,0,,,,サンプル不足
v7,return_60d,60日モメンタム,業種,石油・石炭製品,10d,10営業日,0,,,,サンプル不足
v7,return_60d,60日モメンタム,業種,空運業,1d,1営業日,0,,,,サンプル不足
v7,return_60d,60日モメンタム,業種,空運業,3d,3営業日,0,,,,サンプル不足
v7,return_60d,60日モメンタム,業種,空運業,5d,5営業日,0,,,,サンプル不足
v7,return_60d,60日モメンタム,業種,空運業,10d,10営業日,0,,,,サンプル不足
v7,return_60d,60日モメンタム,業種,精密機器,1d,1営業日,19,-0.08796992481203007,-0.39999999999999997,0.47368421052631576,サンプル不足
v7,return_60d,60日モメンタム,業種,精密機器,3d,3営業日,18,-0.04761904761904762,-0.25,0.4444444444444444,サンプル不足
v7,return_60d,60日モメンタム,業種,精密機器,5d,5営業日,16,-0.004464285714285726,0.0,0.5,サンプル不足
v7,return_60d,60日モメンタム,業種,精密機器,10d,10営業日,12,0.024999999999999994,0.2,0.5,サンプル不足
v7,return_60d,60日モメンタム,業種,繊維製品,1d,1営業日,0,,,,サンプル不足
v7,return_60d,60日モメンタム,業種,繊維製品,3d,3営業日,0,,,,サンプル不足
v7,return_60d,60日モメンタム,業種,繊維製品,5d,5営業日,0,,,,サンプル不足
v7,return_60d,60日モメンタム,業種,繊維製品,10d,10営業日,0,,,,サンプル不足
v7,return_60d,60日モメンタム,業種,証券、商品先物取引業,1d,1営業日,18,-0.0845238095238095,-0.39999999999999997,0.4444444444444444,サンプル不足
v7,return_60d,60日モメンタム,業種,証券、商品先物取引業,3d,3営業日,18,-0.1976190476190476,-0.5,0.3888888888888889,サンプル不足
v7,return_60d,60日モメンタム,業種,証券、商品先物取引業,5d,5営業日,17,-0.1449579831932773,-0.39999999999999997,0.4117647058823529,サンプル不足
v7,return_60d,60日モメンタム,業種,証券、商品先物取引業,10d,10営業日,17,-0.08907563025210084,-0.39999999999999997,0.4117647058823529,サンプル不足
v7,return_60d,60日モメンタム,業種,輸送用機器,1d,1営業日,28,0.03384353741496599,0.2571428571428571,0.5357142857142857,サンプル不足
v7,return_60d,60日モメンタム,業種,輸送用機器,3d,3営業日,27,0.07425044091710759,0.48571428571428577,0.5925925925925926,サンプル不足
v7,return_60d,60日モメンタム,業種,輸送用機器,5d,5営業日,26,0.04267399267399267,0.41190476190476194,0.5769230769230769,サンプル不足
v7,return_60d,60日モメンタム,業種,輸送用機器,10d,10営業日,25,0.021523809523809535,0.0,0.48,サンプル不足
v7,return_60d,60日モメンタム,業種,金属製品,1d,1営業日,18,0.17566137566137568,0.2785714285714286,0.6666666666666666,サンプル不足
v7,return_60d,60日モメンタム,業種,金属製品,3d,3営業日,17,-0.06946778711484593,-0.1666666666666667,0.47058823529411764,サンプル不足
v7,return_60d,60日モメンタム,業種,金属製品,5d,5営業日,17,-0.0005602240896358524,0.09999999999999999,0.5294117647058824,サンプル不足
v7,return_60d,60日モメンタム,業種,金属製品,10d,10営業日,15,-0.18603174603174602,-0.39999999999999997,0.4666666666666667,サンプル不足
v7,return_60d,60日モメンタム,業種,鉄鋼,1d,1営業日,8,0.275,0.44999999999999996,0.625,サンプル不足
v7,return_60d,60日モメンタム,業種,鉄鋼,3d,3営業日,8,0.4125,0.5,0.75,サンプル不足
v7,return_60d,60日モメンタム,業種,鉄鋼,5d,5営業日,8,0.45,0.5,0.875,サンプル不足
v7,return_60d,60日モメンタム,業種,鉄鋼,10d,10営業日,6,-0.23333333333333336,-0.6,0.3333333333333333,サンプル不足
v7,return_60d,60日モメンタム,業種,鉱業,1d,1営業日,0,,,,サンプル不足
v7,return_60d,60日モメンタム,業種,鉱業,3d,3営業日,0,,,,サンプル不足
v7,return_60d,60日モメンタム,業種,鉱業,5d,5営業日,0,,,,サンプル不足
v7,return_60d,60日モメンタム,業種,鉱業,10d,10営業日,0,,,,サンプル不足
v7,return_60d,60日モメンタム,業種,銀行業,1d,1営業日,40,-0.015914162446275183,0.06071428571428572,0.575,評価可能
v7,return_60d,60日モメンタム,業種,銀行業,3d,3営業日,39,-0.12505181955385,-0.20850163878670722,0.41025641025641024,評価可能
v7,return_60d,60日モメンタム,業種,銀行業,5d,5営業日,39,-0.15184187356133058,-0.21666666666666667,0.358974358974359,評価可能
v7,return_60d,60日モメンタム,業種,銀行業,10d,10営業日,34,-0.30014633002522273,-0.4400549450549451,0.29411764705882354,評価可能
v7,return_60d,60日モメンタム,業種,陸運業,1d,1営業日,1,-0.5,-0.5,0.0,サンプル不足
v7,return_60d,60日モメンタム,業種,陸運業,3d,3営業日,1,-0.5,-0.5,0.0,サンプル不足
v7,return_60d,60日モメンタム,業種,陸運業,5d,5営業日,1,-1.0,-1.0,0.0,サンプル不足
v7,return_60d,60日モメンタム,業種,陸運業,10d,10営業日,1,-1.0,-1.0,0.0,サンプル不足
v7,return_60d,60日モメンタム,業種,電気・ガス業,1d,1営業日,1,0.5,0.5,1.0,サンプル不足
v7,return_60d,60日モメンタム,業種,電気・ガス業,3d,3営業日,1,0.5,0.5,1.0,サンプル不足
v7,return_60d,60日モメンタム,業種,電気・ガス業,5d,5営業日,1,0.5,0.5,1.0,サンプル不足
v7,return_60d,60日モメンタム,業種,電気・ガス業,10d,10営業日,1,0.5,0.5,1.0,サンプル不足
v7,return_60d,60日モメンタム,業種,電気機器,1d,1営業日,46,-0.19183195134107686,-0.16127450980392158,0.30434782608695654,評価可能
v7,return_60d,60日モメンタム,業種,電気機器,3d,3営業日,44,-0.2504321898210606,-0.23826173826173824,0.2727272727272727,評価可能
v7,return_60d,60日モメンタム,業種,電気機器,5d,5営業日,42,-0.2971435597115031,-0.3038461538461538,0.16666666666666666,評価可能
v7,return_60d,60日モメンタム,業種,電気機器,10d,10営業日,37,-0.2874905537888705,-0.4125874125874127,0.24324324324324326,評価可能
v7,return_60d,60日モメンタム,業種,非鉄金属,1d,1営業日,10,-0.21999999999999997,-0.5,0.3,サンプル不足
v7,return_60d,60日モメンタム,業種,非鉄金属,3d,3営業日,8,-0.5625,-0.6,0.125,サンプル不足
v7,return_60d,60日モメンタム,業種,非鉄金属,5d,5営業日,7,-0.3428571428571429,-0.5,0.2857142857142857,サンプル不足
v7,return_60d,60日モメンタム,業種,非鉄金属,10d,10営業日,6,-0.2666666666666666,-0.44999999999999996,0.3333333333333333,サンプル不足
v7,return_60d,60日モメンタム,業種,食料品,1d,1営業日,24,0.02915140415140413,0.25934065934065936,0.5416666666666666,サンプル不足
v7,return_60d,60日モメンタム,業種,食料品,3d,3営業日,23,-0.006641184902054491,0.09999999999999999,0.5652173913043478,サンプル不足
v7,return_60d,60日モメンタム,業種,食料品,5d,5営業日,22,-0.115018315018315,-0.07472527472527474,0.45454545454545453,サンプル不足
v7,return_60d,60日モメンタム,業種,食料品,10d,10営業日,21,-0.10272108843537417,-0.39999999999999997,0.47619047619047616,サンプル不足
v7,return_120d,120日モメンタム,全体,全体,1d,1営業日,46,-0.042025630480860963,-0.037069273332252885,0.43478260869565216,評価可能
v7,return_120d,120日モメンタム,全体,全体,3d,3営業日,44,-0.10143913591257267,-0.1199630830864742,0.3409090909090909,評価可能
v7,return_120d,120日モメンタム,全体,全体,5d,5営業日,42,-0.1429647570226586,-0.1554127580520342,0.2857142857142857,評価可能
v7,return_120d,120日モメンタム,全体,全体,10d,10営業日,37,-0.2365416325983721,-0.2541372912801484,0.16216216216216217,評価可能
v7,return_120d,120日モメンタム,業種,その他製品,1d,1営業日,14,-0.2193877551020408,-0.39999999999999997,0.42857142857142855,サンプル不足
v7,return_120d,120日モメンタム,業種,その他製品,3d,3営業日,13,-0.07252747252747255,-0.08571428571428573,0.46153846153846156,サンプル不足
v7,return_120d,120日モメンタム,業種,その他製品,5d,5営業日,13,-0.03406593406593407,0.0,0.46153846153846156,サンプル不足
v7,return_120d,120日モメンタム,業種,その他製品,10d,10営業日,10,-0.23142857142857146,-0.28571428571428575,0.3,サンプル不足
v7,return_120d,120日モメンタム,業種,その他金融業,1d,1営業日,2,0.25,0.25,0.5,サンプル不足
v7,return_120d,120日モメンタム,業種,その他金融業,3d,3営業日,2,0.5,0.5,1.0,サンプル不足
v7,return_120d,120日モメンタム,業種,その他金融業,5d,5営業日,2,0.5,0.5,1.0,サンプル不足
v7,return_120d,120日モメンタム,業種,その他金融業,10d,10営業日,2,0.5,0.5,1.0,サンプル不足
v7,return_120d,120日モメンタム,業種,ガラス・土石製品,1d,1営業日,2,-0.25,-0.25,0.5,サンプル不足
v7,return_120d,120日モメンタム,業種,ガラス・土石製品,3d,3営業日,2,-0.5,-0.5,0.0,サンプル不足
v7,return_120d,120日モメンタム,業種,ガラス・土石製品,5d,5営業日,2,0.0,0.0,0.5,サンプル不足
v7,return_120d,120日モメンタム,業種,ガラス・土石製品,10d,10営業日,2,-0.5,-0.5,0.0,サンプル不足
v7,return_120d,120日モメンタム,業種,ゴム製品,1d,1営業日,1,0.7999999999999999,0.7999999999999999,1.0,サンプル不足
v7,return_120d,120日モメンタム,業種,ゴム製品,3d,3営業日,1,0.39999999999999997,0.39999999999999997,1.0,サンプル不足
v7,return_120d,120日モメンタム,業種,ゴム製品,5d,5営業日,1,0.19999999999999998,0.19999999999999998,1.0,サンプル不足
v7,return_120d,120日モメンタム,業種,ゴム製品,10d,10営業日,1,0.19999999999999998,0.19999999999999998,1.0,サンプル不足
v7,return_120d,120日モメンタム,業種,サービス業,1d,1営業日,46,-0.021665001466905344,-0.03178194354664943,0.4782608695652174,評価可能
v7,return_120d,120日モメンタム,業種,サービス業,3d,3営業日,44,-0.001671695295041771,-0.024999999999999998,0.4772727272727273,評価可能
v7,return_120d,120日モメンタム,業種,サービス業,5d,5営業日,42,0.009799642978917158,0.028271728271728275,0.5476190476190477,評価可能
v7,return_120d,120日モメンタム,業種,サービス業,10d,10営業日,37,0.0005965897311130101,0.005494505494505494,0.5135135135135135,評価可能
v7,return_120d,120日モメンタム,業種,パルプ・紙,1d,1営業日,0,,,,サンプル不足
v7,return_120d,120日モメンタム,業種,パルプ・紙,3d,3営業日,0,,,,サンプル不足
v7,return_120d,120日モメンタム,業種,パルプ・紙,5d,5営業日,0,,,,サンプル不足
v7,return_120d,120日モメンタム,業種,パルプ・紙,10d,10営業日,0,,,,サンプル不足
v7,return_120d,120日モメンタム,業種,不動産業,1d,1営業日,7,-0.296105734054765,-0.5,0.2857142857142857,サンプル不足
v7,return_120d,120日モメンタム,業種,不動産業,3d,3営業日,6,-0.16666666666666666,-0.35,0.3333333333333333,サンプル不足
v7,return_120d,120日モメンタム,業種,不動産業,5d,5営業日,5,-0.16,-0.19999999999999998,0.4,サンプル不足
v7,return_120d,120日モメンタム,業種,不動産業,10d,10営業日,4,0.0,0.15000000000000002,0.5,サンプル不足
v7,return_120d,120日モメンタム,業種,保険業,1d,1営業日,18,-0.19444444444444445,-0.44999999999999996,0.3888888888888889,サンプル不足
v7,return_120d,120日モメンタム,業種,保険業,3d,3営業日,18,0.00555555555555556,0.09999999999999999,0.5,サンプル不足
v7,return_120d,120日モメンタム,業種,保険業,5d,5営業日,18,0.12777777777777777,0.3,0.6111111111111112,サンプル不足
v7,return_120d,120日モメンタム,業種,保険業,10d,10営業日,18,-0.027777777777777804,0.0,0.5,サンプル不足
v7,return_120d,120日モメンタム,業種,倉庫・運輸関連業,1d,1営業日,1,0.5,0.5,1.0,サンプル不足
v7,return_120d,120日モメンタム,業種,倉庫・運輸関連業,3d,3営業日,1,0.5,0.5,1.0,サンプル不足
v7,return_120d,120日モメンタム,業種,倉庫・運輸関連業,5d,5営業日,1,-0.5,-0.5,0.0,サンプル不足
v7,return_120d,120日モメンタム,業種,倉庫・運輸関連業,10d,10営業日,1,0.5,0.5,1.0,サンプル不足
v7,return_120d,120日モメンタム,業種,化学,1d,1営業日,42,-0.031745040673612106,0.022619047619047622,0.5476190476190477,評価可能
v7,return_120d,120日モメンタム,業種,化学,3d,3営業日,41,-0.12686500491378544,-0.14285714285714288,0.34146341463414637,評価可能
v7,return_120d,120日モメンタム,業種,化学,5d,5営業日,40,-0.1577724358974359,-0.1374875124875125,0.275,評価可能
v7,return_120d,120日モメンタム,業種,化学,10d,10営業日,36,-0.1801510989010989,-0.14464285714285713,0.3611111111111111,評価可能
v7,return_120d,120日モメンタム,業種,医薬品,1d,1営業日,8,-0.14285714285714285,-0.32142857142857145,0.375,サンプル不足
v7,return_120d,120日モメンタム,業種,医薬品,3d,3営業日,6,-0.047619047619047616,0.0,0.5,サンプル不足
v7,return_120d,120日モメンタム,業種,医薬品,5d,5営業日,4,0.0,0.0,0.5,サンプル不足
v7,return_120d,120日モメンタム,業種,医薬品,10d,10営業日,3,-0.16666666666666666,-0.5,0.3333333333333333,サンプル不足
v7,return_120d,120日モメンタム,業種,卸売業,1d,1営業日,42,0.06425399996828568,0.014285714285714287,0.5,評価可能
v7,return_120d,120日モメンタム,業種,卸売業,3d,3営業日,40,-0.03623709623709624,-0.002447552447552459,0.5,評価可能
v7,return_120d,120日モメンタム,業種,卸売業,5d,5営業日,38,-0.06960013670539986,-0.03939393939393939,0.4473684210526316,評価可能
v7,return_120d,120日モメンタム,業種,卸売業,10d,10営業日,34,-0.02806752071457955,-0.11969696969696969,0.4411764705882353,評価可能
v7,return_120d,120日モメンタム,業種,小売業,1d,1営業日,39,-0.10646860083135437,-0.13928571428571426,0.358974358974359,評価可能
v7,return_120d,120日モメンタム,業種,小売業,3d,3営業日,37,-0.12679567385449736,-0.25357142857142856,0.40540540540540543,評価可能
v7,return_120d,120日モメンタム,業種,小売業,5d,5営業日,35,-0.16710650693843968,-0.24509803921568632,0.34285714285714286,評価可能
v7,return_120d,120日モメンタム,業種,小売業,10d,10営業日,31,-0.1377779241631234,-0.12727272727272726,0.3870967741935484,評価可能
v7,return_120d,120日モメンタム,業種,建設業,1d,1営業日,7,-0.32857142857142857,-0.5,0.2857142857142857,サンプル不足
v7,return_120d,120日モメンタム,業種,建設業,3d,3営業日,7,-0.05714285714285713,-0.39999999999999997,0.42857142857142855,サンプル不足
v7,return_120d,120日モメンタム,業種,建設業,5d,5営業日,7,-0.2714285714285714,-0.5,0.2857142857142857,サンプル不足
v7,return_120d,120日モメンタム,業種,建設業,10d,10営業日,7,0.0142857142857143,-0.39999999999999997,0.42857142857142855,サンプル不足
v7,return_120d,120日モメンタム,業種,情報・通信業,1d,1営業日,46,-0.07523082762452551,-0.07738095238095238,0.391304347826087,評価可能
v7,return_120d,120日モメンタム,業種,情報・通信業,3d,3営業日,44,-0.13177360347224845,-0.12819969885187277,0.2727272727272727,評価可能
v7,return_120d,120日モメンタム,業種,情報・通信業,5d,5営業日,42,-0.08084948334133507,0.030372670807453418,0.5714285714285714,評価可能
v7,return_120d,120日モメンタム,業種,情報・通信業,10d,10営業日,37,-0.17964940257953008,-0.07843137254901962,0.32432432432432434,評価可能
v7,return_120d,120日モメンタム,業種,機械,1d,1営業日,32,-0.01897945804195806,-0.13506493506493505,0.40625,評価可能
v7,return_120d,120日モメンタム,業種,機械,3d,3営業日,31,0.09568334890915535,0.19999999999999998,0.5806451612903226,評価可能
v7,return_120d,120日モメンタム,業種,機械,5d,5営業日,31,-0.10123398107269076,-0.14285714285714288,0.3870967741935484,評価可能
v7,return_120d,120日モメンタム,業種,機械,10d,10営業日,27,-0.3278496195162861,-0.39999999999999997,0.2962962962962963,サンプル不足
v7,return_120d,120日モメンタム,業種,海運業,1d,1営業日,6,0.03333333333333338,0.44999999999999996,0.6666666666666666,サンプル不足
v7,return_120d,120日モメンタム,業種,海運業,3d,3営業日,4,0.07500000000000001,0.0,0.5,サンプル不足
v7,return_120d,120日モメンタム,業種,海運業,5d,5営業日,3,0.0,0.0,0.3333333333333333,サンプル不足
v7,return_120d,120日モメンタム,業種,海運業,10d,10営業日,2,-0.25,-0.25,0.5,サンプル不足
v7,return_120d,120日モメンタム,業種,石油・石炭製品,1d,1営業日,0,,,,サンプル不足
v7,return_120d,120日モメンタム,業種,石油・石炭製品,3d,3営業日,0,,,,サンプル不足
v7,return_120d,120日モメンタム,業種,石油・石炭製品,5d,5営業日,0,,,,サンプル不足
v7,return_120d,120日モメンタム,業種,石油・石炭製品,10d,10営業日,0,,,,サンプル不足
v7,return_120d,120日モメンタム,業種,空運業,1d,1営業日,0,,,,サンプル不足
v7,return_120d,120日モメンタム,業種,空運業,3d,3営業日,0,,,,サンプル不足
v7,return_120d,120日モメンタム,業種,空運業,5d,5営業日,0,,,,サンプル不足
v7,return_120d,120日モメンタム,業種,空運業,10d,10営業日,0,,,,サンプル不足
v7,return_120d,120日モメンタム,業種,精密機器,1d,1営業日,19,0.09022556390977442,0.5,0.5263157894736842,サンプル不足
v7,return_120d,120日モメンタム,業種,精密機器,3d,3営業日,18,0.029365079365079386,0.3142857142857143,0.5555555555555556,サンプル不足
v7,return_120d,120日モメンタム,業種,精密機器,5d,5営業日,16,0.010714285714285718,-0.11428571428571428,0.4375,サンプル不足
v7,return_120d,120日モメンタム,業種,精密機器,10d,10営業日,12,0.08333333333333333,0.3,0.5833333333333334,サンプル不足
v7,return_120d,120日モメンタム,業種,繊維製品,1d,1営業日,0,,,,サンプル不足
v7,return_120d,120日モメンタム,業種,繊維製品,3d,3営業日,0,,,,サンプル不足
v7,return_120d,120日モメンタム,業種,繊維製品,5d,5営業日,0,,,,サンプル不足
v7,return_120d,120日モメンタム,業種,繊維製品,10d,10営業日,0,,,,サンプル不足
v7,return_120d,120日モメンタム,業種,証券、商品先物取引業,1d,1営業日,18,0.17857142857142855,0.44999999999999996,0.6111111111111112,サンプル不足
v7,return_120d,120日モメンタム,業種,証券、商品先物取引業,3d,3営業日,18,0.05317460317460318,-0.07142857142857144,0.4444444444444444,サンプル不足
v7,return_120d,120日モメンタム,業種,証券、商品先物取引業,5d,5営業日,17,0.1991596638655462,0.5,0.5882352941176471,サンプル不足
v7,return_120d,120日モメンタム,業種,証券、商品先物取引業,10d,10営業日,17,0.45588235294117646,0.7999999999999999,0.7058823529411765,サンプル不足
v7,return_120d,120日モメンタム,業種,輸送用機器,1d,1営業日,28,0.24370748299319728,0.34285714285714286,0.6785714285714286,サンプル不足
v7,return_120d,120日モメンタム,業種,輸送用機器,3d,3営業日,27,0.1250440917107584,0.2,0.6666666666666666,サンプル不足
v7,return_120d,120日モメンタム,業種,輸送用機器,5d,5営業日,26,0.10091575091575093,0.25,0.6153846153846154,サンプル不足
v7,return_120d,120日モメンタム,業種,輸送用機器,10d,10営業日,25,0.3299047619047619,0.5,0.72,サンプル不足
v7,return_120d,120日モメンタム,業種,金属製品,1d,1営業日,18,0.10264550264550262,0.19523809523809527,0.6666666666666666,サンプル不足
v7,return_120d,120日モメンタム,業種,金属製品,3d,3営業日,17,0.13221288515406163,0.19999999999999998,0.6470588235294118,サンプル不足
v7,return_120d,120日モメンタム,業種,金属製品,5d,5営業日,17,0.12128851540616245,0.3714285714285715,0.5294117647058824,サンプル不足
v7,return_120d,120日モメンタム,業種,金属製品,10d,10営業日,15,-0.19650793650793652,-0.39999999999999997,0.3333333333333333,サンプル不足
v7,return_120d,120日モメンタム,業種,鉄鋼,1d,1営業日,8,0.075,0.049999999999999996,0.5,サンプル不足
v7,return_120d,120日モメンタム,業種,鉄鋼,3d,3営業日,8,0.4125,0.5,0.75,サンプル不足
v7,return_120d,120日モメンタム,業種,鉄鋼,5d,5営業日,8,0.625,0.75,0.875,サンプル不足
v7,return_120d,120日モメンタム,業種,鉄鋼,10d,10営業日,6,0.2833333333333334,0.35000000000000003,0.6666666666666666,サンプル不足
v7,return_120d,120日モメンタム,業種,鉱業,1d,1営業日,0,,,,サンプル不足
v7,return_120d,120日モメンタム,業種,鉱業,3d,3営業日,0,,,,サンプル不足
v7,return_120d,120日モメンタム,業種,鉱業,5d,5営業日,0,,,,サンプル不足
v7,return_120d,120日モメンタム,業種,鉱業,10d,10営業日,0,,,,サンプル不足
v7,return_120d,120日モメンタム,業種,銀行業,1d,1営業日,40,-0.12124887429808977,-0.08571428571428572,0.4,評価可能
v7,return_120d,120日モメンタム,業種,銀行業,3d,3営業日,39,-0.0740943193918137,-0.028571428571428574,0.46153846153846156,評価可能
v7,return_120d,120日モメンタム,業種,銀行業,5d,5営業日,39,-0.15836927275841303,-0.19692307692307692,0.3333333333333333,評価可能
v7,return_120d,120日モメンタム,業種,銀行業,10d,10営業日,34,-0.27311282143462073,-0.3434065934065934,0.23529411764705882,評価可能
v7,return_120d,120日モメンタム,業種,陸運業,1d,1営業日,1,-0.5,-0.5,0.0,サンプル不足
v7,return_120d,120日モメンタム,業種,陸運業,3d,3営業日,1,-0.5,-0.5,0.0,サンプル不足
v7,return_120d,120日モメンタム,業種,陸運業,5d,5営業日,1,-1.0,-1.0,0.0,サンプル不足
v7,return_120d,120日モメンタム,業種,陸運業,10d,10営業日,1,-1.0,-1.0,0.0,サンプル不足
v7,return_120d,120日モメンタム,業種,電気・ガス業,1d,1営業日,1,0.5,0.5,1.0,サンプル不足
v7,return_120d,120日モメンタム,業種,電気・ガス業,3d,3営業日,1,0.5,0.5,1.0,サンプル不足
v7,return_120d,120日モメンタム,業種,電気・ガス業,5d,5営業日,1,0.5,0.5,1.0,サンプル不足
v7,return_120d,120日モメンタム,業種,電気・ガス業,10d,10営業日,1,0.5,0.5,1.0,サンプル不足
v7,return_120d,120日モメンタム,業種,電気機器,1d,1営業日,46,-0.05614639530745103,-0.02765151515151515,0.4782608695652174,評価可能
v7,return_120d,120日モメンタム,業種,電気機器,3d,3営業日,44,-0.16038906690748012,-0.2143939393939394,0.2727272727272727,評価可能
v7,return_120d,120日モメンタム,業種,電気機器,5d,5営業日,42,-0.2053847088360523,-0.23850267379679144,0.2857142857142857,評価可能
v7,return_120d,120日モメンタム,業種,電気機器,10d,10営業日,37,-0.14425862122554098,-0.27658119658119656,0.2972972972972973,評価可能
v7,return_120d,120日モメンタム,業種,非鉄金属,1d,1営業日,10,0.16,0.35,0.6,サンプル不足
v7,return_120d,120日モメンタム,業種,非鉄金属,3d,3営業日,8,0.037500000000000006,-0.35,0.375,サンプル不足
v7,return_120d,120日モメンタム,業種,非鉄金属,5d,5営業日,7,-0.2571428571428572,-0.5,0.2857142857142857,サンプル不足
v7,return_120d,120日モメンタム,業種,非鉄金属,10d,10営業日,6,-0.31666666666666665,-0.5,0.16666666666666666,サンプル不足
v7,return_120d,120日モメンタム,業種,食料品,1d,1営業日,24,0.15183150183150182,0.4928571428571429,0.625,サンプル不足
v7,return_120d,120日モメンタム,業種,食料品,3d,3営業日,23,0.0676063067367415,0.09999999999999999,0.5652173913043478,サンプル不足
v7,return_120d,120日モメンタム,業種,食料品,5d,5営業日,22,0.023310023310023333,0.18021978021978025,0.5909090909090909,サンプル不足
v7,return_120d,120日モメンタム,業種,食料品,10d,10営業日,21,0.03282748997034712,-0.08571428571428573,0.47619047619047616,サンプル不足
v7,distance_ma20,20日移動平均乖離,全体,全体,1d,1営業日,46,-0.05990452447361471,-0.054053405340534044,0.391304347826087,評価可能
v7,distance_ma20,20日移動平均乖離,全体,全体,3d,3営業日,44,-0.09811780810046108,-0.10768676867686769,0.2727272727272727,評価可能
v7,distance_ma20,20日移動平均乖離,全体,全体,5d,5営業日,42,-0.09990422405433737,-0.10983498349834982,0.3333333333333333,評価可能
v7,distance_ma20,20日移動平均乖離,全体,全体,10d,10営業日,37,-0.10529794677413187,-0.07581941867656153,0.2702702702702703,評価可能
v7,distance_ma20,20日移動平均乖離,業種,その他製品,1d,1営業日,14,0.13877551020408163,0.14285714285714285,0.5714285714285714,サンプル不足
v7,distance_ma20,20日移動平均乖離,業種,その他製品,3d,3営業日,13,-0.14285714285714282,-0.3714285714285715,0.3076923076923077,サンプル不足
v7,distance_ma20,20日移動平均乖離,業種,その他製品,5d,5営業日,13,-0.04725274725274726,-0.19999999999999998,0.3076923076923077,サンプル不足
v7,distance_ma20,20日移動平均乖離,業種,その他製品,10d,10営業日,10,-0.10999999999999999,-0.0857142857142857,0.5,サンプル不足
v7,distance_ma20,20日移動平均乖離,業種,その他金融業,1d,1営業日,2,0.25,0.25,0.5,サンプル不足
v7,distance_ma20,20日移動平均乖離,業種,その他金融業,3d,3営業日,2,-0.25,-0.25,0.5,サンプル不足
v7,distance_ma20,20日移動平均乖離,業種,その他金融業,5d,5営業日,2,-0.25,-0.25,0.5,サンプル不足
v7,distance_ma20,20日移動平均乖離,業種,その他金融業,10d,10営業日,2,-0.25,-0.25,0.5,サンプル不足
v7,distance_ma20,20日移動平均乖離,業種,ガラス・土石製品,1d,1営業日,2,-0.5,-0.5,0.0,サンプル不足
v7,distance_ma20,20日移動平均乖離,業種,ガラス・土石製品,3d,3営業日,2,-1.0,-1.0,0.0,サンプル不足
v7,distance_ma20,20日移動平均乖離,業種,ガラス・土石製品,5d,5営業日,2,-0.75,-0.75,0.0,サンプル不足
v7,distance_ma20,20日移動平均乖離,業種,ガラス・土石製品,10d,10営業日,2,-1.0,-1.0,0.0,サンプル不足
v7,distance_ma20,20日移動平均乖離,業種,ゴム製品,1d,1営業日,1,-0.7999999999999999,-0.7999999999999999,0.0,サンプル不足
v7,distance_ma20,20日移動平均乖離,業種,ゴム製品,3d,3営業日,1,-1.0,-1.0,0.0,サンプル不足
v7,distance_ma20,20日移動平均乖離,業種,ゴム製品,5d,5営業日,1,-0.7999999999999999,-0.7999999999999999,0.0,サンプル不足
v7,distance_ma20,20日移動平均乖離,業種,ゴム製品,10d,10営業日,1,-0.7999999999999999,-0.7999999999999999,0.0,サンプル不足
v7,distance_ma20,20日移動平均乖離,業種,サービス業,1d,1営業日,46,-0.10207147867757273,-0.14267937944408532,0.3695652173913043,評価可能
v7,distance_ma20,20日移動平均乖離,業種,サービス業,3d,3営業日,44,-0.17830433826423134,-0.20154845154845158,0.2727272727272727,評価可能
v7,distance_ma20,20日移動平均乖離,業種,サービス業,5d,5営業日,42,-0.21717299316482347,-0.19534632034632035,0.23809523809523808,評価可能
v7,distance_ma20,20日移動平均乖離,業種,サービス業,10d,10営業日,37,-0.30259858014117197,-0.3142857142857143,0.16216216216216217,評価可能
v7,distance_ma20,20日移動平均乖離,業種,パルプ・紙,1d,1営業日,0,,,,サンプル不足
v7,distance_ma20,20日移動平均乖離,業種,パルプ・紙,3d,3営業日,0,,,,サンプル不足
v7,distance_ma20,20日移動平均乖離,業種,パルプ・紙,5d,5営業日,0,,,,サンプル不足
v7,distance_ma20,20日移動平均乖離,業種,パルプ・紙,10d,10営業日,0,,,,サンプル不足
v7,distance_ma20,20日移動平均乖離,業種,不動産業,1d,1営業日,7,-0.17337824502193586,-0.5,0.42857142857142855,サンプル不足
v7,distance_ma20,20日移動平均乖離,業種,不動産業,3d,3営業日,6,-0.18333333333333332,-0.1,0.5,サンプル不足
v7,distance_ma20,20日移動平均乖離,業種,不動産業,5d,5営業日,5,-0.18,-0.5,0.4,サンプル不足
v7,distance_ma20,20日移動平均乖離,業種,不動産業,10d,10営業日,4,-0.02499999999999998,-0.1,0.5,サンプル不足
v7,distance_ma20,20日移動平均乖離,業種,保険業,1d,1営業日,18,-0.12777777777777777,-0.39999999999999997,0.3888888888888889,サンプル不足
v7,distance_ma20,20日移動平均乖離,業種,保険業,3d,3営業日,18,-0.01666666666666667,-0.09999999999999999,0.4444444444444444,サンプル不足
v7,distance_ma20,20日移動平均乖離,業種,保険業,5d,5営業日,18,-0.03333333333333331,-0.19999999999999998,0.3888888888888889,サンプル不足
v7,distance_ma20,20日移動平均乖離,業種,保険業,10d,10営業日,18,-0.2444444444444444,-0.5,0.2777777777777778,サンプル不足
v7,distance_ma20,20日移動平均乖離,業種,倉庫・運輸関連業,1d,1営業日,1,-1.0,-1.0,0.0,サンプル不足
v7,distance_ma20,20日移動平均乖離,業種,倉庫・運輸関連業,3d,3営業日,1,-1.0,-1.0,0.0,サンプル不足
v7,distance_ma20,20日移動平均乖離,業種,倉庫・運輸関連業,5d,5営業日,1,1.0,1.0,1.0,サンプル不足
v7,distance_ma20,20日移動平均乖離,業種,倉庫・運輸関連業,10d,10営業日,1,0.5,0.5,1.0,サンプル不足
v7,distance_ma20,20日移動平均乖離,業種,化学,1d,1営業日,43,-0.0892338281873166,-0.06993006993006995,0.3953488372093023,評価可能
v7,distance_ma20,20日移動平均乖離,業種,化学,3d,3営業日,42,-0.01702939917225629,0.0,0.42857142857142855,評価可能
v7,distance_ma20,20日移動平均乖離,業種,化学,5d,5営業日,41,0.03998643632789975,0.23636363636363636,0.5609756097560976,評価可能
v7,distance_ma20,20日移動平均乖離,業種,化学,10d,10営業日,37,0.0665276165276165,0.14285714285714288,0.5945945945945946,評価可能
v7,distance_ma20,20日移動平均乖離,業種,医薬品,1d,1営業日,8,-0.35892857142857143,-0.5,0.25,サンプル不足
v7,distance_ma20,20日移動平均乖離,業種,医薬品,3d,3営業日,6,0.22142857142857145,0.5,0.6666666666666666,サンプル不足
v7,distance_ma20,20日移動平均乖離,業種,医薬品,5d,5営業日,4,0.375,0.5,0.75,サンプル不足
v7,distance_ma20,20日移動平均乖離,業種,医薬品,10d,10営業日,3,0.3333333333333333,0.5,0.6666666666666666,サンプル不足
v7,distance_ma20,20日移動平均乖離,業種,卸売業,1d,1営業日,42,0.0031191031191031412,0.023809523809523815,0.5,評価可能
v7,distance_ma20,20日移動平均乖離,業種,卸売業,3d,3営業日,40,-0.12552239427239426,-0.19999999999999998,0.325,評価可能
v7,distance_ma20,20日移動平均乖離,業種,卸売業,5d,5営業日,38,-0.1108448568974885,-0.09999999999999999,0.3684210526315789,評価可能
v7,distance_ma20,20日移動平均乖離,業種,卸売業,10d,10営業日,34,0.024445652386828855,-0.006993006993006993,0.47058823529411764,評価可能
v7,distance_ma20,20日移動平均乖離,業種,小売業,1d,1営業日,39,-0.06445271995798937,-0.09523809523809526,0.4358974358974359,評価可能
v7,distance_ma20,20日移動平均乖離,業種,小売業,3d,3営業日,37,-0.018636252459781878,-0.016666666666666666,0.4864864864864865,評価可能
v7,distance_ma20,20日移動平均乖離,業種,小売業,5d,5営業日,35,-0.04805085670631888,-0.0035714285714285704,0.4857142857142857,評価可能
v7,distance_ma20,20日移動平均乖離,業種,小売業,10d,10営業日,31,0.0038359963881785656,0.09523809523809526,0.5483870967741935,評価可能
v7,distance_ma20,20日移動平均乖離,業種,建設業,1d,1営業日,7,-0.2285714285714286,-0.5,0.2857142857142857,サンプル不足
v7,distance_ma20,20日移動平均乖離,業種,建設業,3d,3営業日,7,-0.21428571428571427,-0.5,0.2857142857142857,サンプル不足
v7,distance_ma20,20日移動平均乖離,業種,建設業,5d,5営業日,7,-0.42857142857142855,-0.5,0.14285714285714285,サンプル不足
v7,distance_ma20,20日移動平均乖離,業種,建設業,10d,10営業日,7,-0.2857142857142857,-0.5,0.2857142857142857,サンプル不足
v7,distance_ma20,20日移動平均乖離,業種,情報・通信業,1d,1営業日,46,-0.011743798970327013,-0.004901960784313724,0.5,評価可能
v7,distance_ma20,20日移動平均乖離,業種,情報・通信業,3d,3営業日,44,-0.02655453853639023,-0.07225274725274725,0.4318181818181818,評価可能
v7,distance_ma20,20日移動平均乖離,業種,情報・通信業,5d,5営業日,42,-0.027362428032452618,-0.07032967032967033,0.42857142857142855,評価可能
v7,distance_ma20,20日移動平均乖離,業種,情報・通信業,10d,10営業日,37,0.025781375854678667,-0.0755336617405583,0.43243243243243246,評価可能
v7,distance_ma20,20日移動平均乖離,業種,機械,1d,1営業日,32,-0.03665969447219445,-0.0857142857142857,0.5,評価可能
v7,distance_ma20,20日移動平均乖離,業種,機械,3d,3営業日,31,-0.0127144361015329,0.0,0.4838709677419355,評価可能
v7,distance_ma20,20日移動平均乖離,業種,機械,5d,5営業日,31,-0.06066567840761388,-0.03736263736263736,0.41935483870967744,評価可能
v7,distance_ma20,20日移動平均乖離,業種,機械,10d,10営業日,27,-0.12277475610808945,-0.09999999999999999,0.48148148148148145,サンプル不足
v7,distance_ma20,20日移動平均乖離,業種,海運業,1d,1営業日,6,0.16666666666666666,0.25,0.5,サンプル不足
v7,distance_ma20,20日移動平均乖離,業種,海運業,3d,3営業日,4,0.0,2.7755575615628914e-17,0.5,サンプル不足
v7,distance_ma20,20日移動平均乖離,業種,海運業,5d,5営業日,3,0.03333333333333333,0.09999999999999999,0.6666666666666666,サンプル不足
v7,distance_ma20,20日移動平均乖離,業種,海運業,10d,10営業日,2,0.25,0.25,0.5,サンプル不足
v7,distance_ma20,20日移動平均乖離,業種,石油・石炭製品,1d,1営業日,0,,,,サンプル不足
v7,distance_ma20,20日移動平均乖離,業種,石油・石炭製品,3d,3営業日,0,,,,サンプル不足
v7,distance_ma20,20日移動平均乖離,業種,石油・石炭製品,5d,5営業日,0,,,,サンプル不足
v7,distance_ma20,20日移動平均乖離,業種,石油・石炭製品,10d,10営業日,0,,,,サンプル不足
v7,distance_ma20,20日移動平均乖離,業種,空運業,1d,1営業日,0,,,,サンプル不足
v7,distance_ma20,20日移動平均乖離,業種,空運業,3d,3営業日,0,,,,サンプル不足
v7,distance_ma20,20日移動平均乖離,業種,空運業,5d,5営業日,0,,,,サンプル不足
v7,distance_ma20,20日移動平均乖離,業種,空運業,10d,10営業日,0,,,,サンプル不足
v7,distance_ma20,20日移動平均乖離,業種,精密機器,1d,1営業日,19,-0.1593984962406015,-0.39999999999999997,0.3684210526315789,サンプル不足
v7,distance_ma20,20日移動平均乖離,業種,精密機器,3d,3営業日,18,-0.1492063492063492,-0.44285714285714284,0.4444444444444444,サンプル不足
v7,distance_ma20,20日移動平均乖離,業種,精密機器,5d,5営業日,16,0.12053571428571427,0.25,0.5,サンプル不足
v7,distance_ma20,20日移動平均乖離,業種,精密機器,10d,10営業日,12,0.13333333333333333,0.5,0.5833333333333334,サンプル不足
v7,distance_ma20,20日移動平均乖離,業種,繊維製品,1d,1営業日,0,,,,サンプル不足
v7,distance_ma20,20日移動平均乖離,業種,繊維製品,3d,3営業日,0,,,,サンプル不足
v7,distance_ma20,20日移動平均乖離,業種,繊維製品,5d,5営業日,0,,,,サンプル不足
v7,distance_ma20,20日移動平均乖離,業種,繊維製品,10d,10営業日,0,,,,サンプル不足
v7,distance_ma20,20日移動平均乖離,業種,証券、商品先物取引業,1d,1営業日,18,0.1325396825396825,0.39999999999999997,0.6111111111111112,サンプル不足
v7,distance_ma20,20日移動平均乖離,業種,証券、商品先物取引業,3d,3営業日,18,0.05793650793650795,-0.028571428571428553,0.5,サンプル不足
v7,distance_ma20,20日移動平均乖離,業種,証券、商品先物取引業,5d,5営業日,17,0.04789915966386554,0.21428571428571433,0.5294117647058824,サンプル不足
v7,distance_ma20,20日移動平均乖離,業種,証券、商品先物取引業,10d,10営業日,17,-0.08277310924369748,-0.39999999999999997,0.4117647058823529,サンプル不足
v7,distance_ma20,20日移動平均乖離,業種,輸送用機器,1d,1営業日,28,0.041156462585034026,0.23095238095238096,0.5357142857142857,サンプル不足
v7,distance_ma20,20日移動平均乖離,業種,輸送用機器,3d,3営業日,27,-0.0927689594356261,-0.3714285714285715,0.37037037037037035,サンプル不足
v7,distance_ma20,20日移動平均乖離,業種,輸送用機器,5d,5営業日,26,-0.09816849816849818,-0.19523809523809527,0.4230769230769231,サンプル不足
v7,distance_ma20,20日移動平均乖離,業種,輸送用機器,10d,10営業日,25,-0.23752380952380953,-0.39999999999999997,0.24,サンプル不足
v7,distance_ma20,20日移動平均乖離,業種,金属製品,1d,1営業日,18,-0.09444444444444443,-0.19999999999999998,0.3888888888888889,サンプル不足
v7,distance_ma20,20日移動平均乖離,業種,金属製品,3d,3営業日,17,0.047058823529411764,0.08571428571428573,0.5882352941176471,サンプル不足
v7,distance_ma20,20日移動平均乖離,業種,金属製品,5d,5営業日,17,0.0011204481792716917,0.08571428571428573,0.5294117647058824,サンプル不足
v7,distance_ma20,20日移動平均乖離,業種,金属製品,10d,10営業日,15,-0.4117460317460317,-0.5,0.2,サンプル不足
v7,distance_ma20,20日移動平均乖離,業種,鉄鋼,1d,1営業日,8,-0.6125,-0.8999999999999999,0.125,サンプル不足
v7,distance_ma20,20日移動平均乖離,業種,鉄鋼,3d,3営業日,8,-0.375,-0.5,0.125,サンプル不足
v7,distance_ma20,20日移動平均乖離,業種,鉄鋼,5d,5営業日,8,-0.3,-0.5,0.25,サンプル不足
v7,distance_ma20,20日移動平均乖離,業種,鉄鋼,10d,10営業日,6,-0.3,-0.44999999999999996,0.3333333333333333,サンプル不足
v7,distance_ma20,20日移動平均乖離,業種,鉱業,1d,1営業日,0,,,,サンプル不足
v7,distance_ma20,20日移動平均乖離,業種,鉱業,3d,3営業日,0,,,,サンプル不足
v7,distance_ma20,20日移動平均乖離,業種,鉱業,5d,5営業日,0,,,,サンプル不足
v7,distance_ma20,20日移動平均乖離,業種,鉱業,10d,10営業日,0,,,,サンプル不足
v7,distance_ma20,20日移動平均乖離,業種,銀行業,1d,1営業日,40,0.12843864211060763,0.14285714285714285,0.575,評価可能
v7,distance_ma20,20日移動平均乖離,業種,銀行業,3d,3営業日,39,0.006352648862425801,0.0,0.48717948717948717,評価可能
v7,distance_ma20,20日移動平均乖離,業種,銀行業,5d,5営業日,39,-0.08932210072481567,0.0,0.46153846153846156,評価可能
v7,distance_ma20,20日移動平均乖離,業種,銀行業,10d,10営業日,34,-0.03232056870465174,0.006538461538461538,0.5,評価可能
v7,distance_ma20,20日移動平均乖離,業種,陸運業,1d,1営業日,1,-1.0,-1.0,0.0,サンプル不足
v7,distance_ma20,20日移動平均乖離,業種,陸運業,3d,3営業日,1,-1.0,-1.0,0.0,サンプル不足
v7,distance_ma20,20日移動平均乖離,業種,陸運業,5d,5営業日,1,-0.5,-0.5,0.0,サンプル不足
v7,distance_ma20,20日移動平均乖離,業種,陸運業,10d,10営業日,1,-0.5,-0.5,0.0,サンプル不足
v7,distance_ma20,20日移動平均乖離,業種,電気・ガス業,1d,1営業日,1,0.5,0.5,1.0,サンプル不足
v7,distance_ma20,20日移動平均乖離,業種,電気・ガス業,3d,3営業日,1,0.5,0.5,1.0,サンプル不足
v7,distance_ma20,20日移動平均乖離,業種,電気・ガス業,5d,5営業日,1,0.5,0.5,1.0,サンプル不足
v7,distance_ma20,20日移動平均乖離,業種,電気・ガス業,10d,10営業日,1,0.5,0.5,1.0,サンプル不足
v7,distance_ma20,20日移動平均乖離,業種,電気機器,1d,1営業日,46,-0.030663503409624114,0.05207459207459207,0.5217391304347826,評価可能
v7,distance_ma20,20日移動平均乖離,業種,電気機器,3d,3営業日,44,-0.09057591170994127,-0.07673254281949934,0.4090909090909091,評価可能
v7,distance_ma20,20日移動平均乖離,業種,電気機器,5d,5営業日,42,-0.0993102852055819,-0.07678571428571428,0.42857142857142855,評価可能
v7,distance_ma20,20日移動平均乖離,業種,電気機器,10d,10営業日,37,-0.15118866767206496,-0.15766129032258067,0.3783783783783784,評価可能
v7,distance_ma20,20日移動平均乖離,業種,非鉄金属,1d,1営業日,10,-0.05,-0.09999999999999999,0.4,サンプル不足
v7,distance_ma20,20日移動平均乖離,業種,非鉄金属,3d,3営業日,8,0.2,0.24999999999999997,0.75,サンプル不足
v7,distance_ma20,20日移動平均乖離,業種,非鉄金属,5d,5営業日,7,-0.1571428571428571,-0.39999999999999997,0.2857142857142857,サンプル不足
v7,distance_ma20,20日移動平均乖離,業種,非鉄金属,10d,10営業日,6,0.43333333333333335,0.6499999999999999,0.6666666666666666,サンプル不足
v7,distance_ma20,20日移動平均乖離,業種,食料品,1d,1営業日,24,-0.052304639804639806,-0.09523809523809526,0.4166666666666667,サンプル不足
v7,distance_ma20,20日移動平均乖離,業種,食料品,3d,3営業日,23,-0.21154642458990283,-0.39999999999999997,0.391304347826087,サンプル不足
v7,distance_ma20,20日移動平均乖離,業種,食料品,5d,5営業日,22,-0.1769064269064269,-0.21263736263736266,0.3181818181818182,サンプル不足
v7,distance_ma20,20日移動平均乖離,業種,食料品,10d,10営業日,21,-0.19239490668062095,-0.39999999999999997,0.38095238095238093,サンプル不足
v7,distance_ma60,60日移動平均乖離,全体,全体,1d,1営業日,46,-0.026751437636307336,-0.010566988648997652,0.5,評価可能
v7,distance_ma60,60日移動平均乖離,全体,全体,3d,3営業日,44,-0.07778363790730608,-0.06745583383760632,0.3181818181818182,評価可能
v7,distance_ma60,60日移動平均乖離,全体,全体,5d,5営業日,42,-0.11041586685344477,-0.07553566762668192,0.23809523809523808,評価可能
v7,distance_ma60,60日移動平均乖離,全体,全体,10d,10営業日,37,-0.19379455659174957,-0.20866486648664864,0.21621621621621623,評価可能
v7,distance_ma60,60日移動平均乖離,業種,その他製品,1d,1営業日,14,0.2285714285714286,0.19999999999999998,0.6428571428571429,サンプル不足
v7,distance_ma60,60日移動平均乖離,業種,その他製品,3d,3営業日,13,0.023076923076923075,-0.3714285714285715,0.46153846153846156,サンプル不足
v7,distance_ma60,60日移動平均乖離,業種,その他製品,5d,5営業日,13,0.23956043956043957,0.5,0.6153846153846154,サンプル不足
v7,distance_ma60,60日移動平均乖離,業種,その他製品,10d,10営業日,10,0.10571428571428572,0.37857142857142856,0.7,サンプル不足
v7,distance_ma60,60日移動平均乖離,業種,その他金融業,1d,1営業日,2,0.25,0.25,0.5,サンプル不足
v7,distance_ma60,60日移動平均乖離,業種,その他金融業,3d,3営業日,2,-0.25,-0.25,0.5,サンプル不足
v7,distance_ma60,60日移動平均乖離,業種,その他金融業,5d,5営業日,2,-0.25,-0.25,0.5,サンプル不足
v7,distance_ma60,60日移動平均乖離,業種,その他金融業,10d,10営業日,2,-0.25,-0.25,0.5,サンプル不足
v7,distance_ma60,60日移動平均乖離,業種,ガラス・土石製品,1d,1営業日,2,-0.75,-0.75,0.0,サンプル不足
v7,distance_ma60,60日移動平均乖離,業種,ガラス・土石製品,3d,3営業日,2,-0.75,-0.75,0.0,サンプル不足
v7,distance_ma60,60日移動平均乖離,業種,ガラス・土石製品,5d,5営業日,2,-0.25,-0.25,0.5,サンプル不足
v7,distance_ma60,60日移動平均乖離,業種,ガラス・土石製品,10d,10営業日,2,-0.75,-0.75,0.0,サンプル不足
v7,distance_ma60,60日移動平均乖離,業種,ゴム製品,1d,1営業日,1,-0.39999999999999997,-0.39999999999999997,0.0,サンプル不足
v7,distance_ma60,60日移動平均乖離,業種,ゴム製品,3d,3営業日,1,-0.7999999999999999,-0.7999999999999999,0.0,サンプル不足
v7,distance_ma60,60日移動平均乖離,業種,ゴム製品,5d,5営業日,1,-0.6000000000000001,-0.6000000000000001,0.0,サンプル不足
v7,distance_ma60,60日移動平均乖離,業種,ゴム製品,10d,10営業日,1,-0.6000000000000001,-0.6000000000000001,0.0,サンプル不足
v7,distance_ma60,60日移動平均乖離,業種,サービス業,1d,1営業日,46,-0.036280322861124585,-0.0030395277184003234,0.4782608695652174,評価可能
v7,distance_ma60,60日移動平均乖離,業種,サービス業,3d,3営業日,44,-0.02761508240328954,-0.11378621378621379,0.36363636363636365,評価可能
v7,distance_ma60,60日移動平均乖離,業種,サービス業,5d,5営業日,42,-0.019968920480127435,-0.006993006993006993,0.4523809523809524,評価可能
v7,distance_ma60,60日移動平均乖離,業種,サービス業,10d,10営業日,37,-0.07885534061567213,-0.09090909090909088,0.43243243243243246,評価可能
v7,distance_ma60,60日移動平均乖離,業種,パルプ・紙,1d,1営業日,0,,,,サンプル不足
v7,distance_ma60,60日移動平均乖離,業種,パルプ・紙,3d,3営業日,0,,,,サンプル不足
v7,distance_ma60,60日移動平均乖離,業種,パルプ・紙,5d,5営業日,0,,,,サンプル不足
v7,distance_ma60,60日移動平均乖離,業種,パルプ・紙,10d,10営業日,0,,,,サンプル不足
v7,distance_ma60,60日移動平均乖離,業種,不動産業,1d,1営業日,7,-0.1984239863428847,-0.20519567041703085,0.42857142857142855,サンプル不足
v7,distance_ma60,60日移動平均乖離,業種,不動産業,3d,3営業日,6,0.11666666666666665,0.25,0.5,サンプル不足
v7,distance_ma60,60日移動平均乖離,業種,不動産業,5d,5営業日,5,-0.020000000000000007,0.0,0.4,サンプル不足
v7,distance_ma60,60日移動平均乖離,業種,不動産業,10d,10営業日,4,0.175,0.25,0.5,サンプル不足
v7,distance_ma60,60日移動平均乖離,業種,保険業,1d,1営業日,18,-0.23888888888888893,-0.39999999999999997,0.2222222222222222,サンプル不足
v7,distance_ma60,60日移動平均乖離,業種,保険業,3d,3営業日,18,-0.3333333333333333,-0.5,0.2222222222222222,サンプル不足
v7,distance_ma60,60日移動平均乖離,業種,保険業,5d,5営業日,18,-0.27222222222222225,-0.5,0.2777777777777778,サンプル不足
v7,distance_ma60,60日移動平均乖離,業種,保険業,10d,10営業日,18,-0.1777777777777778,-0.5,0.3888888888888889,サンプル不足
v7,distance_ma60,60日移動平均乖離,業種,倉庫・運輸関連業,1d,1営業日,1,-1.0,-1.0,0.0,サンプル不足
v7,distance_ma60,60日移動平均乖離,業種,倉庫・運輸関連業,3d,3営業日,1,-1.0,-1.0,0.0,サンプル不足
v7,distance_ma60,60日移動平均乖離,業種,倉庫・運輸関連業,5d,5営業日,1,1.0,1.0,1.0,サンプル不足
v7,distance_ma60,60日移動平均乖離,業種,倉庫・運輸関連業,10d,10営業日,1,0.5,0.5,1.0,サンプル不足
v7,distance_ma60,60日移動平均乖離,業種,化学,1d,1営業日,43,-0.06907956384700574,0.0,0.4883720930232558,評価可能
v7,distance_ma60,60日移動平均乖離,業種,化学,3d,3営業日,42,-0.026318919176062047,-0.07207792207792209,0.47619047619047616,評価可能
v7,distance_ma60,60日移動平均乖離,業種,化学,5d,5営業日,41,0.07346068565580761,0.09999999999999999,0.5609756097560976,評価可能
v7,distance_ma60,60日移動平均乖離,業種,化学,10d,10営業日,37,0.005619605619605598,0.016666666666666666,0.5135135135135135,評価可能
v7,distance_ma60,60日移動平均乖離,業種,医薬品,1d,1営業日,8,0.15357142857142858,0.5,0.625,サンプル不足
v7,distance_ma60,60日移動平均乖離,業種,医薬品,3d,3営業日,6,-0.3452380952380952,-0.5,0.3333333333333333,サンプル不足
v7,distance_ma60,60日移動平均乖離,業種,医薬品,5d,5営業日,4,-0.25,-0.5,0.25,サンプル不足
v7,distance_ma60,60日移動平均乖離,業種,医薬品,10d,10営業日,3,-0.16666666666666666,-0.5,0.3333333333333333,サンプル不足
v7,distance_ma60,60日移動平均乖離,業種,卸売業,1d,1営業日,42,0.07772703486989202,0.014285714285714287,0.5,評価可能
v7,distance_ma60,60日移動平均乖離,業種,卸売業,3d,3営業日,40,0.026117216117216124,0.09285714285714286,0.55,評価可能
v7,distance_ma60,60日移動平均乖離,業種,卸売業,5d,5営業日,38,-0.024821669558511648,0.0380952380952381,0.5263157894736842,評価可能
v7,distance_ma60,60日移動平均乖離,業種,卸売業,10d,10営業日,34,0.04048647431000371,0.03268398268398269,0.5,評価可能
v7,distance_ma60,60日移動平均乖離,業種,小売業,1d,1営業日,39,0.007415077079472859,0.14285714285714288,0.5384615384615384,評価可能
v7,distance_ma60,60日移動平均乖離,業種,小売業,3d,3営業日,37,-0.018155453449571098,0.0,0.43243243243243246,評価可能
v7,distance_ma60,60日移動平均乖離,業種,小売業,5d,5営業日,35,-0.08193357063104961,-0.03571428571428572,0.45714285714285713,評価可能
v7,distance_ma60,60日移動平均乖離,業種,小売業,10d,10営業日,31,-0.16173516553023196,-0.19999999999999998,0.3870967741935484,評価可能
v7,distance_ma60,60日移動平均乖離,業種,建設業,1d,1営業日,7,-0.5571428571428572,-1.0,0.14285714285714285,サンプル不足
v7,distance_ma60,60日移動平均乖離,業種,建設業,3d,3営業日,7,-0.17142857142857146,-0.5,0.2857142857142857,サンプル不足
v7,distance_ma60,60日移動平均乖離,業種,建設業,5d,5営業日,7,-0.5285714285714286,-0.5,0.14285714285714285,サンプル不足
v7,distance_ma60,60日移動平均乖離,業種,建設業,10d,10営業日,7,-0.24285714285714288,-0.5,0.2857142857142857,サンプル不足
v7,distance_ma60,60日移動平均乖離,業種,情報・通信業,1d,1営業日,46,-0.09441639191728102,-0.11127450980392156,0.32608695652173914,評価可能
v7,distance_ma60,60日移動平均乖離,業種,情報・通信業,3d,3営業日,44,-0.13237400711309186,-0.10833333333333332,0.3409090909090909,評価可能
v7,distance_ma60,60日移動平均乖離,業種,情報・通信業,5d,5営業日,42,-0.17280007590451818,-0.14835164835164835,0.30952380952380953,評価可能
v7,distance_ma60,60日移動平均乖離,業種,情報・通信業,10d,10営業日,37,-0.2250240540713401,-0.221978021978022,0.21621621621621623,評価可能
v7,distance_ma60,60日移動平均乖離,業種,機械,1d,1営業日,32,-0.05862418831168833,-0.06666666666666667,0.4375,評価可能
v7,distance_ma60,60日移動平均乖離,業種,機械,3d,3営業日,31,0.07478811511069575,0.09090909090909088,0.5161290322580645,評価可能
v7,distance_ma60,60日移動平均乖離,業種,機械,5d,5営業日,31,-0.11247381650607456,0.0,0.45161290322580644,評価可能
v7,distance_ma60,60日移動平均乖離,業種,機械,10d,10営業日,27,-0.2460061543394877,-0.39999999999999997,0.2962962962962963,サンプル不足
v7,distance_ma60,60日移動平均乖離,業種,海運業,1d,1営業日,6,0.18333333333333335,0.44999999999999996,0.6666666666666666,サンプル不足
v7,distance_ma60,60日移動平均乖離,業種,海運業,3d,3営業日,4,-0.025000000000000022,-0.05000000000000002,0.5,サンプル不足
v7,distance_ma60,60日移動平均乖離,業種,海運業,5d,5営業日,3,-0.13333333333333333,0.09999999999999999,0.6666666666666666,サンプル不足
v7,distance_ma60,60日移動平均乖離,業種,海運業,10d,10営業日,2,0.0,0.0,0.5,サンプル不足
v7,distance_ma60,60日移動平均乖離,業種,石油・石炭製品,1d,1営業日,0,,,,サンプル不足
v7,distance_ma60,60日移動平均乖離,業種,石油・石炭製品,3d,3営業日,0,,,,サンプル不足
v7,distance_ma60,60日移動平均乖離,業種,石油・石炭製品,5d,5営業日,0,,,,サンプル不足
v7,distance_ma60,60日移動平均乖離,業種,石油・石炭製品,10d,10営業日,0,,,,サンプル不足
v7,distance_ma60,60日移動平均乖離,業種,空運業,1d,1営業日,0,,,,サンプル不足
v7,distance_ma60,60日移動平均乖離,業種,空運業,3d,3営業日,0,,,,サンプル不足
v7,distance_ma60,60日移動平均乖離,業種,空運業,5d,5営業日,0,,,,サンプル不足
v7,distance_ma60,60日移動平均乖離,業種,空運業,10d,10営業日,0,,,,サンプル不足
v7,distance_ma60,60日移動平均乖離,業種,精密機器,1d,1営業日,19,-0.23609022556390977,-0.5,0.2631578947368421,サンプル不足
v7,distance_ma60,60日移動平均乖離,業種,精密機器,3d,3営業日,18,-0.09126984126984126,-0.17142857142857143,0.4444444444444444,サンプル不足
v7,distance_ma60,60日移動平均乖離,業種,精密機器,5d,5営業日,16,0.03125000000000001,0.049999999999999996,0.5,サンプル不足
v7,distance_ma60,60日移動平均乖離,業種,精密機器,10d,10営業日,12,0.15,0.5,0.6666666666666666,サンプル不足
v7,distance_ma60,60日移動平均乖離,業種,繊維製品,1d,1営業日,0,,,,サンプル不足
v7,distance_ma60,60日移動平均乖離,業種,繊維製品,3d,3営業日,0,,,,サンプル不足
v7,distance_ma60,60日移動平均乖離,業種,繊維製品,5d,5営業日,0,,,,サンプル不足
v7,distance_ma60,60日移動平均乖離,業種,繊維製品,10d,10営業日,0,,,,サンプル不足
v7,distance_ma60,60日移動平均乖離,業種,証券、商品先物取引業,1d,1営業日,18,0.00634920634920637,0.20714285714285716,0.5555555555555556,サンプル不足
v7,distance_ma60,60日移動平均乖離,業種,証券、商品先物取引業,3d,3営業日,18,-0.07658730158730159,-0.3392857142857143,0.4444444444444444,サンプル不足
v7,distance_ma60,60日移動平均乖離,業種,証券、商品先物取引業,5d,5営業日,17,-0.012605042016806704,0.39999999999999997,0.5882352941176471,サンプル不足
v7,distance_ma60,60日移動平均乖離,業種,証券、商品先物取引業,10d,10営業日,17,-0.1453781512605042,-0.5,0.29411764705882354,サンプル不足
v7,distance_ma60,60日移動平均乖離,業種,輸送用機器,1d,1営業日,28,0.001190476190476202,0.0380952380952381,0.5714285714285714,サンプル不足
v7,distance_ma60,60日移動平均乖離,業種,輸送用機器,3d,3営業日,27,-0.03668430335097002,-0.023809523809523815,0.4444444444444444,サンプル不足
v7,distance_ma60,60日移動平均乖離,業種,輸送用機器,5d,5営業日,26,-0.04761904761904762,0.042857142857142864,0.5,サンプル不足
v7,distance_ma60,60日移動平均乖離,業種,輸送用機器,10d,10営業日,25,-0.14819047619047615,-0.09523809523809526,0.44,サンプル不足
v7,distance_ma60,60日移動平均乖離,業種,金属製品,1d,1営業日,18,-0.028835978835978812,0.014285714285714287,0.5,サンプル不足
v7,distance_ma60,60日移動平均乖離,業種,金属製品,3d,3営業日,17,-0.02885154061624648,0.09999999999999999,0.5294117647058824,サンプル不足
v7,distance_ma60,60日移動平均乖離,業種,金属製品,5d,5営業日,17,-0.007843137254901985,0.09523809523809526,0.5294117647058824,サンプル不足
v7,distance_ma60,60日移動平均乖離,業種,金属製品,10d,10営業日,15,-0.31333333333333335,-0.5,0.3333333333333333,サンプル不足
v7,distance_ma60,60日移動平均乖離,業種,鉄鋼,1d,1営業日,8,-0.2625,-0.7,0.375,サンプル不足
v7,distance_ma60,60日移動平均乖離,業種,鉄鋼,3d,3営業日,8,-0.23750000000000004,-0.5,0.25,サンプル不足
v7,distance_ma60,60日移動平均乖離,業種,鉄鋼,5d,5営業日,8,-0.25,-0.5,0.25,サンプル不足
v7,distance_ma60,60日移動平均乖離,業種,鉄鋼,10d,10営業日,6,-0.15,-0.44999999999999996,0.3333333333333333,サンプル不足
v7,distance_ma60,60日移動平均乖離,業種,鉱業,1d,1営業日,0,,,,サンプル不足
v7,distance_ma60,60日移動平均乖離,業種,鉱業,3d,3営業日,0,,,,サンプル不足
v7,distance_ma60,60日移動平均乖離,業種,鉱業,5d,5営業日,0,,,,サンプル不足
v7,distance_ma60,60日移動平均乖離,業種,鉱業,10d,10営業日,0,,,,サンプル不足
v7,distance_ma60,60日移動平均乖離,業種,銀行業,1d,1営業日,40,0.16155082047188912,0.2403846153846154,0.6,評価可能
v7,distance_ma60,60日移動平均乖離,業種,銀行業,3d,3営業日,39,0.04404815454652401,-0.08571428571428573,0.4358974358974359,評価可能
v7,distance_ma60,60日移動平均乖離,業種,銀行業,5d,5営業日,39,-0.057347022007655485,-0.028571428571428574,0.4358974358974359,評価可能
v7,distance_ma60,60日移動平均乖離,業種,銀行業,10d,10営業日,34,-0.06117329037744262,-0.08116883116883117,0.4411764705882353,評価可能
v7,distance_ma60,60日移動平均乖離,業種,陸運業,1d,1営業日,1,-1.0,-1.0,0.0,サンプル不足
v7,distance_ma60,60日移動平均乖離,業種,陸運業,3d,3営業日,1,-1.0,-1.0,0.0,サンプル不足
v7,distance_ma60,60日移動平均乖離,業種,陸運業,5d,5営業日,1,-0.5,-0.5,0.0,サンプル不足
v7,distance_ma60,60日移動平均乖離,業種,陸運業,10d,10営業日,1,-0.5,-0.5,0.0,サンプル不足
v7,distance_ma60,60日移動平均乖離,業種,電気・ガス業,1d,1営業日,1,0.5,0.5,1.0,サンプル不足
v7,distance_ma60,60日移動平均乖離,業種,電気・ガス業,3d,3営業日,1,0.5,0.5,1.0,サンプル不足
v7,distance_ma60,60日移動平均乖離,業種,電気・ガス業,5d,5営業日,1,0.5,0.5,1.0,サンプル不足
v7,distance_ma60,60日移動平均乖離,業種,電気・ガス業,10d,10営業日,1,0.5,0.5,1.0,サンプル不足
v7,distance_ma60,60日移動平均乖離,業種,電気機器,1d,1営業日,46,-0.07787068602628802,-0.054726890756302535,0.45652173913043476,評価可能
v7,distance_ma60,60日移動平均乖離,業種,電気機器,3d,3営業日,44,-0.16043787465552997,-0.18128538128538127,0.3409090909090909,評価可能
v7,distance_ma60,60日移動平均乖離,業種,電気機器,5d,5営業日,42,-0.22096856933927725,-0.20448717948717948,0.23809523809523808,評価可能
v7,distance_ma60,60日移動平均乖離,業種,電気機器,10d,10営業日,37,-0.28115230898684523,-0.34965034965034975,0.24324324324324326,評価可能
v7,distance_ma60,60日移動平均乖離,業種,非鉄金属,1d,1営業日,10,-0.45,-0.5,0.2,サンプル不足
v7,distance_ma60,60日移動平均乖離,業種,非鉄金属,3d,3営業日,8,-0.2875,-0.5,0.375,サンプル不足
v7,distance_ma60,60日移動平均乖離,業種,非鉄金属,5d,5営業日,7,-0.4428571428571429,-0.5,0.14285714285714285,サンプル不足
v7,distance_ma60,60日移動平均乖離,業種,非鉄金属,10d,10営業日,6,-0.3333333333333333,-0.5,0.3333333333333333,サンプル不足
v7,distance_ma60,60日移動平均乖離,業種,食料品,1d,1営業日,24,-0.040491452991453014,-0.14285714285714285,0.4166666666666667,サンプル不足
v7,distance_ma60,60日移動平均乖離,業種,食料品,3d,3営業日,23,-0.2621595795508839,-0.47252747252747257,0.2608695652173913,サンプル不足
v7,distance_ma60,60日移動平均乖離,業種,食料品,5d,5営業日,22,-0.19811854811854807,-0.35,0.3181818181818182,サンプル不足
v7,distance_ma60,60日移動平均乖離,業種,食料品,10d,10営業日,21,-0.41941391941391937,-0.5,0.19047619047619047,サンプル不足
v7,avg_turnover_20d,20日平均売買代金,全体,全体,1d,1営業日,46,-0.004358694198544929,0.002106323806015725,0.5,評価可能
v7,avg_turnover_20d,20日平均売買代金,全体,全体,3d,3営業日,44,0.0070768589647088095,-0.04066018331911769,0.4318181818181818,評価可能
v7,avg_turnover_20d,20日平均売買代金,全体,全体,5d,5営業日,42,-0.00849987679369364,-0.0063547579247720705,0.5,評価可能
v7,avg_turnover_20d,20日平均売買代金,全体,全体,10d,10営業日,37,-0.033100303654386966,-0.06681068106810681,0.32432432432432434,評価可能
v7,avg_turnover_20d,20日平均売買代金,業種,その他製品,1d,1営業日,14,0.1357142857142857,0.3,0.6428571428571429,サンプル不足
v7,avg_turnover_20d,20日平均売買代金,業種,その他製品,3d,3営業日,13,0.36813186813186805,0.5,0.6923076923076923,サンプル不足
v7,avg_turnover_20d,20日平均売買代金,業種,その他製品,5d,5営業日,13,0.2758241758241758,0.5,0.6153846153846154,サンプル不足
v7,avg_turnover_20d,20日平均売買代金,業種,その他製品,10d,10営業日,10,0.32142857142857145,0.44999999999999996,0.8,サンプル不足
v7,avg_turnover_20d,20日平均売買代金,業種,その他金融業,1d,1営業日,2,-0.75,-0.75,0.0,サンプル不足
v7,avg_turnover_20d,20日平均売買代金,業種,その他金融業,3d,3営業日,2,0.0,0.0,0.5,サンプル不足
v7,avg_turnover_20d,20日平均売買代金,業種,その他金融業,5d,5営業日,2,0.0,0.0,0.5,サンプル不足
v7,avg_turnover_20d,20日平均売買代金,業種,その他金融業,10d,10営業日,2,0.0,0.0,0.5,サンプル不足
v7,avg_turnover_20d,20日平均売買代金,業種,ガラス・土石製品,1d,1営業日,2,-0.5,-0.5,0.0,サンプル不足
v7,avg_turnover_20d,20日平均売買代金,業種,ガラス・土石製品,3d,3営業日,2,-0.25,-0.25,0.5,サンプル不足
v7,avg_turnover_20d,20日平均売買代金,業種,ガラス・土石製品,5d,5営業日,2,0.0,0.0,0.5,サンプル不足
v7,avg_turnover_20d,20日平均売買代金,業種,ガラス・土石製品,10d,10営業日,2,-0.25,-0.25,0.5,サンプル不足
v7,avg_turnover_20d,20日平均売買代金,業種,ゴム製品,1d,1営業日,1,0.0,0.0,0.0,サンプル不足
v7,avg_turnover_20d,20日平均売買代金,業種,ゴム製品,3d,3営業日,1,-0.6000000000000001,-0.6000000000000001,0.0,サンプル不足
v7,avg_turnover_20d,20日平均売買代金,業種,ゴム製品,5d,5営業日,1,-0.7999999999999999,-0.7999999999999999,0.0,サンプル不足
v7,avg_turnover_20d,20日平均売買代金,業種,ゴム製品,10d,10営業日,1,-0.7999999999999999,-0.7999999999999999,0.0,サンプル不足
v7,avg_turnover_20d,20日平均売買代金,業種,サービス業,1d,1営業日,46,0.02039985122417673,0.10559440559440558,0.6086956521739131,評価可能
v7,avg_turnover_20d,20日平均売買代金,業種,サービス業,3d,3営業日,44,0.16618214555872873,0.2205128205128205,0.7045454545454546,評価可能
v7,avg_turnover_20d,20日平均売買代金,業種,サービス業,5d,5営業日,42,0.2420247254998331,0.28834498834498834,0.7380952380952381,評価可能
v7,avg_turnover_20d,20日平均売買代金,業種,サービス業,10d,10営業日,37,0.2513389082666562,0.3333333333333334,0.8378378378378378,評価可能
v7,avg_turnover_20d,20日平均売買代金,業種,パルプ・紙,1d,1営業日,0,,,,サンプル不足
v7,avg_turnover_20d,20日平均売買代金,業種,パルプ・紙,3d,3営業日,0,,,,サンプル不足
v7,avg_turnover_20d,20日平均売買代金,業種,パルプ・紙,5d,5営業日,0,,,,サンプル不足
v7,avg_turnover_20d,20日平均売買代金,業種,パルプ・紙,10d,10営業日,0,,,,サンプル不足
v7,avg_turnover_20d,20日平均売買代金,業種,不動産業,1d,1営業日,7,-0.2613192466292348,-0.5,0.2857142857142857,サンプル不足
v7,avg_turnover_20d,20日平均売買代金,業種,不動産業,3d,3営業日,6,-0.3333333333333333,-0.5,0.16666666666666666,サンプル不足
v7,avg_turnover_20d,20日平均売買代金,業種,不動産業,5d,5営業日,5,-0.25999999999999995,-0.5,0.2,サンプル不足
v7,avg_turnover_20d,20日平均売買代金,業種,不動産業,10d,10営業日,4,-0.24999999999999997,-0.35,0.25,サンプル不足
v7,avg_turnover_20d,20日平均売買代金,業種,保険業,1d,1営業日,18,-0.16666666666666669,-0.5,0.3888888888888889,サンプル不足
v7,avg_turnover_20d,20日平均売買代金,業種,保険業,3d,3営業日,18,-6.1679056923619804e-18,0.15000000000000002,0.5,サンプル不足
v7,avg_turnover_20d,20日平均売買代金,業種,保険業,5d,5営業日,18,0.21666666666666667,0.5,0.6666666666666666,サンプル不足
v7,avg_turnover_20d,20日平均売買代金,業種,保険業,10d,10営業日,18,-0.022222222222222213,0.19999999999999998,0.5555555555555556,サンプル不足
v7,avg_turnover_20d,20日平均売買代金,業種,倉庫・運輸関連業,1d,1営業日,1,-1.0,-1.0,0.0,サンプル不足
v7,avg_turnover_20d,20日平均売買代金,業種,倉庫・運輸関連業,3d,3営業日,1,-1.0,-1.0,0.0,サンプル不足
v7,avg_turnover_20d,20日平均売買代金,業種,倉庫・運輸関連業,5d,5営業日,1,1.0,1.0,1.0,サンプル不足
v7,avg_turnover_20d,20日平均売買代金,業種,倉庫・運輸関連業,10d,10営業日,1,0.5,0.5,1.0,サンプル不足
v7,avg_turnover_20d,20日平均売買代金,業種,化学,1d,1営業日,43,-0.05466374710560756,-0.08571428571428573,0.3953488372093023,評価可能
v7,avg_turnover_20d,20日平均売買代金,業種,化学,3d,3営業日,42,0.01801075908218765,-0.10357142857142858,0.47619047619047616,評価可能
v7,avg_turnover_20d,20日平均売買代金,業種,化学,5d,5営業日,41,-0.02160623928916612,0.07142857142857144,0.5365853658536586,評価可能
v7,avg_turnover_20d,20日平均売買代金,業種,化学,10d,10営業日,37,0.0029211779211779404,0.016666666666666666,0.5135135135135135,評価可能
v7,avg_turnover_20d,20日平均売買代金,業種,医薬品,1d,1営業日,8,0.6214285714285714,0.5,0.875,サンプル不足
v7,avg_turnover_20d,20日平均売買代金,業種,医薬品,3d,3営業日,6,0.11428571428571428,0.09285714285714286,0.5,サンプル不足
v7,avg_turnover_20d,20日平均売買代金,業種,医薬品,5d,5営業日,4,0.0,0.0,0.5,サンプル不足
v7,avg_turnover_20d,20日平均売買代金,業種,医薬品,10d,10営業日,3,0.16666666666666666,0.5,0.6666666666666666,サンプル不足
v7,avg_turnover_20d,20日平均売買代金,業種,卸売業,1d,1営業日,42,0.03510497439068869,-0.0648018648018648,0.4523809523809524,評価可能
v7,avg_turnover_20d,20日平均売買代金,業種,卸売業,3d,3営業日,40,0.07524891774891776,0.09090909090909093,0.5,評価可能
v7,avg_turnover_20d,20日平均売買代金,業種,卸売業,5d,5営業日,38,0.13125865362707465,0.18333333333333335,0.5526315789473685,評価可能
v7,avg_turnover_20d,20日平均売買代金,業種,卸売業,10d,10営業日,34,0.10923880041527098,0.18333333333333335,0.6176470588235294,評価可能
v7,avg_turnover_20d,20日平均売買代金,業種,小売業,1d,1営業日,39,-0.009956884730662066,0.06127450980392158,0.5384615384615384,評価可能
v7,avg_turnover_20d,20日平均売買代金,業種,小売業,3d,3営業日,37,0.027150035973565394,0.07142857142857144,0.5405405405405406,評価可能
v7,avg_turnover_20d,20日平均売買代金,業種,小売業,5d,5営業日,35,0.008107774578362793,-0.03571428571428572,0.4,評価可能
v7,avg_turnover_20d,20日平均売買代金,業種,小売業,10d,10営業日,31,-0.029648987950695736,-0.010989010989010988,0.3870967741935484,評価可能
v7,avg_turnover_20d,20日平均売買代金,業種,建設業,1d,1営業日,7,0.1142857142857143,-0.19999999999999998,0.42857142857142855,サンプル不足
v7,avg_turnover_20d,20日平均売買代金,業種,建設業,3d,3営業日,7,-0.05714285714285713,-0.39999999999999997,0.42857142857142855,サンプル不足
v7,avg_turnover_20d,20日平均売買代金,業種,建設業,5d,5営業日,7,0.15714285714285717,0.5,0.5714285714285714,サンプル不足
v7,avg_turnover_20d,20日平均売買代金,業種,建設業,10d,10営業日,7,-0.12857142857142856,-0.39999999999999997,0.42857142857142855,サンプル不足
v7,avg_turnover_20d,20日平均売買代金,業種,情報・通信業,1d,1営業日,46,0.010517990001204678,-0.017424242424242425,0.4782608695652174,評価可能
v7,avg_turnover_20d,20日平均売買代金,業種,情報・通信業,3d,3営業日,44,0.026165962512676985,0.06163570691434468,0.5909090909090909,評価可能
v7,avg_turnover_20d,20日平均売買代金,業種,情報・通信業,5d,5営業日,42,-0.01138009858878667,-0.02417582417582418,0.47619047619047616,評価可能
v7,avg_turnover_20d,20日平均売買代金,業種,情報・通信業,10d,10営業日,37,-0.03914721058433697,0.06593406593406594,0.5135135135135135,評価可能
v7,avg_turnover_20d,20日平均売買代金,業種,機械,1d,1営業日,32,-0.19116560522810525,-0.2846153846153846,0.3125,評価可能
v7,avg_turnover_20d,20日平均売買代金,業種,機械,3d,3営業日,31,-0.09496874093648287,-0.07252747252747253,0.3870967741935484,評価可能
v7,avg_turnover_20d,20日平均売買代金,業種,機械,5d,5営業日,31,-0.20936590291429003,-0.2571428571428572,0.3225806451612903,評価可能
v7,avg_turnover_20d,20日平均売買代金,業種,機械,10d,10営業日,27,-0.18139360639360635,-0.19999999999999998,0.2962962962962963,サンプル不足
v7,avg_turnover_20d,20日平均売買代金,業種,海運業,1d,1営業日,6,0.09999999999999998,0.1,0.5,サンプル不足
v7,avg_turnover_20d,20日平均売買代金,業種,海運業,3d,3営業日,4,-1.3877787807814457e-17,-2.7755575615628914e-17,0.5,サンプル不足
v7,avg_turnover_20d,20日平均売買代金,業種,海運業,5d,5営業日,3,-0.09999999999999999,-0.3,0.3333333333333333,サンプル不足
v7,avg_turnover_20d,20日平均売買代金,業種,海運業,10d,10営業日,2,0.25,0.25,0.5,サンプル不足
v7,avg_turnover_20d,20日平均売買代金,業種,石油・石炭製品,1d,1営業日,0,,,,サンプル不足
v7,avg_turnover_20d,20日平均売買代金,業種,石油・石炭製品,3d,3営業日,0,,,,サンプル不足
v7,avg_turnover_20d,20日平均売買代金,業種,石油・石炭製品,5d,5営業日,0,,,,サンプル不足
v7,avg_turnover_20d,20日平均売買代金,業種,石油・石炭製品,10d,10営業日,0,,,,サンプル不足
v7,avg_turnover_20d,20日平均売買代金,業種,空運業,1d,1営業日,0,,,,サンプル不足
v7,avg_turnover_20d,20日平均売買代金,業種,空運業,3d,3営業日,0,,,,サンプル不足
v7,avg_turnover_20d,20日平均売買代金,業種,空運業,5d,5営業日,0,,,,サンプル不足
v7,avg_turnover_20d,20日平均売買代金,業種,空運業,10d,10営業日,0,,,,サンプル不足
v7,avg_turnover_20d,20日平均売買代金,業種,精密機器,1d,1営業日,19,0.1255639097744361,0.39999999999999997,0.5789473684210527,サンプル不足
v7,avg_turnover_20d,20日平均売買代金,業種,精密機器,3d,3営業日,18,0.09444444444444446,0.5,0.5555555555555556,サンプル不足
v7,avg_turnover_20d,20日平均売買代金,業種,精密機器,5d,5営業日,16,-0.1196428571428571,-0.44999999999999996,0.4375,サンプル不足
v7,avg_turnover_20d,20日平均売買代金,業種,精密機器,10d,10営業日,12,0.041666666666666664,0.25,0.5,サンプル不足
v7,avg_turnover_20d,20日平均売買代金,業種,繊維製品,1d,1営業日,0,,,,サンプル不足
v7,avg_turnover_20d,20日平均売買代金,業種,繊維製品,3d,3営業日,0,,,,サンプル不足
v7,avg_turnover_20d,20日平均売買代金,業種,繊維製品,5d,5営業日,0,,,,サンプル不足
v7,avg_turnover_20d,20日平均売買代金,業種,繊維製品,10d,10営業日,0,,,,サンプル不足
v7,avg_turnover_20d,20日平均売買代金,業種,証券、商品先物取引業,1d,1営業日,18,-0.20992063492063487,-0.5,0.2777777777777778,サンプル不足
v7,avg_turnover_20d,20日平均売買代金,業種,証券、商品先物取引業,3d,3営業日,18,-0.048412698412698435,-0.09999999999999999,0.5,サンプル不足
v7,avg_turnover_20d,20日平均売買代金,業種,証券、商品先物取引業,5d,5営業日,17,-0.14789915966386555,-0.39999999999999997,0.47058823529411764,サンプル不足
v7,avg_turnover_20d,20日平均売買代金,業種,証券、商品先物取引業,10d,10営業日,17,-0.17983193277310927,-0.39999999999999997,0.35294117647058826,サンプル不足
v7,avg_turnover_20d,20日平均売買代金,業種,輸送用機器,1d,1営業日,28,0.06751700680272109,0.2285714285714286,0.6071428571428571,サンプル不足
v7,avg_turnover_20d,20日平均売買代金,業種,輸送用機器,3d,3営業日,27,0.23915343915343915,0.4047619047619048,0.5925925925925926,サンプル不足
v7,avg_turnover_20d,20日平均売買代金,業種,輸送用機器,5d,5営業日,26,0.24413919413919416,0.35,0.7307692307692307,サンプル不足
v7,avg_turnover_20d,20日平均売買代金,業種,輸送用機器,10d,10営業日,25,0.3167619047619048,0.49999999999999994,0.84,サンプル不足
v7,avg_turnover_20d,20日平均売買代金,業種,金属製品,1d,1営業日,18,-0.05634920634920632,-0.23571428571428574,0.3333333333333333,サンプル不足
v7,avg_turnover_20d,20日平均売買代金,業種,金属製品,3d,3営業日,17,-0.15294117647058822,-0.28571428571428575,0.4117647058823529,サンプル不足
v7,avg_turnover_20d,20日平均売買代金,業種,金属製品,5d,5営業日,17,-0.14145658263305322,-0.08571428571428573,0.47058823529411764,サンプル不足
v7,avg_turnover_20d,20日平均売買代金,業種,金属製品,10d,10営業日,15,-0.16507936507936505,-0.028571428571428574,0.4666666666666667,サンプル不足
v7,avg_turnover_20d,20日平均売買代金,業種,鉄鋼,1d,1営業日,8,0.08749999999999997,0.2,0.5,サンプル不足
v7,avg_turnover_20d,20日平均売買代金,業種,鉄鋼,3d,3営業日,8,0.12499999999999997,0.1,0.5,サンプル不足
v7,avg_turnover_20d,20日平均売買代金,業種,鉄鋼,5d,5営業日,8,-0.11249999999999999,-0.35,0.375,サンプル不足
v7,avg_turnover_20d,20日平均売買代金,業種,鉄鋼,10d,10営業日,6,-0.20000000000000004,-0.5,0.3333333333333333,サンプル不足
v7,avg_turnover_20d,20日平均売買代金,業種,鉱業,1d,1営業日,0,,,,サンプル不足
v7,avg_turnover_20d,20日平均売買代金,業種,鉱業,3d,3営業日,0,,,,サンプル不足
v7,avg_turnover_20d,20日平均売買代金,業種,鉱業,5d,5営業日,0,,,,サンプル不足
v7,avg_turnover_20d,20日平均売買代金,業種,鉱業,10d,10営業日,0,,,,サンプル不足
v7,avg_turnover_20d,20日平均売買代金,業種,銀行業,1d,1営業日,40,-0.07487124688010756,-0.14450549450549452,0.425,評価可能
v7,avg_turnover_20d,20日平均売買代金,業種,銀行業,3d,3営業日,39,-0.10054107554624415,-0.09999999999999999,0.4358974358974359,評価可能
v7,avg_turnover_20d,20日平均売買代金,業種,銀行業,5d,5営業日,39,0.08356507243385072,0.08571428571428573,0.5384615384615384,評価可能
v7,avg_turnover_20d,20日平均売買代金,業種,銀行業,10d,10営業日,34,-0.0476559426732437,-0.26043956043956046,0.4411764705882353,評価可能
v7,avg_turnover_20d,20日平均売買代金,業種,陸運業,1d,1営業日,1,1.0,1.0,1.0,サンプル不足
v7,avg_turnover_20d,20日平均売買代金,業種,陸運業,3d,3営業日,1,1.0,1.0,1.0,サンプル不足
v7,avg_turnover_20d,20日平均売買代金,業種,陸運業,5d,5営業日,1,0.5,0.5,1.0,サンプル不足
v7,avg_turnover_20d,20日平均売買代金,業種,陸運業,10d,10営業日,1,0.5,0.5,1.0,サンプル不足
v7,avg_turnover_20d,20日平均売買代金,業種,電気・ガス業,1d,1営業日,1,-0.5,-0.5,0.0,サンプル不足
v7,avg_turnover_20d,20日平均売買代金,業種,電気・ガス業,3d,3営業日,1,-0.5,-0.5,0.0,サンプル不足
v7,avg_turnover_20d,20日平均売買代金,業種,電気・ガス業,5d,5営業日,1,-0.5,-0.5,0.0,サンプル不足
v7,avg_turnover_20d,20日平均売買代金,業種,電気・ガス業,10d,10営業日,1,-0.5,-0.5,0.0,サンプル不足
v7,avg_turnover_20d,20日平均売買代金,業種,電気機器,1d,1営業日,46,0.08269332637614507,0.00909090909090909,0.5,評価可能
v7,avg_turnover_20d,20日平均売買代金,業種,電気機器,3d,3営業日,44,0.0563824107188075,0.09545454545454543,0.5454545454545454,評価可能
v7,avg_turnover_20d,20日平均売買代金,業種,電気機器,5d,5営業日,42,0.02840006906986934,-0.022753456221198155,0.47619047619047616,評価可能
v7,avg_turnover_20d,20日平均売買代金,業種,電気機器,10d,10営業日,37,-0.03501841899424181,-0.006060606060606061,0.4864864864864865,評価可能
v7,avg_turnover_20d,20日平均売買代金,業種,非鉄金属,1d,1営業日,10,0.22999999999999998,0.44999999999999996,0.7,サンプル不足
v7,avg_turnover_20d,20日平均売買代金,業種,非鉄金属,3d,3営業日,8,0.012499999999999997,-0.2,0.5,サンプル不足
v7,avg_turnover_20d,20日平均売買代金,業種,非鉄金属,5d,5営業日,7,-0.12857142857142856,-0.5,0.2857142857142857,サンプル不足
v7,avg_turnover_20d,20日平均売買代金,業種,非鉄金属,10d,10営業日,6,-0.4166666666666667,-0.5,0.0,サンプル不足
v7,avg_turnover_20d,20日平均売買代金,業種,食料品,1d,1営業日,24,0.0643009768009768,0.2285714285714286,0.5833333333333334,サンプル不足
v7,avg_turnover_20d,20日平均売買代金,業種,食料品,3d,3営業日,23,0.3914636088549132,0.5,0.8260869565217391,サンプル不足
v7,avg_turnover_20d,20日平均売買代金,業種,食料品,5d,5営業日,22,0.15436230436230433,0.39999999999999997,0.6363636363636364,サンプル不足
v7,avg_turnover_20d,20日平均売買代金,業種,食料品,10d,10営業日,21,0.11107622536193967,0.4285714285714286,0.6666666666666666,サンプル不足
v7,volume_ratio_20d,出来高比,全体,全体,1d,1営業日,46,-0.03199993795950361,-0.029820028816773723,0.3695652173913043,評価可能
v7,volume_ratio_20d,出来高比,全体,全体,3d,3営業日,44,-0.02583690511827981,0.00267026702670267,0.5,評価可能
v7,volume_ratio_20d,出来高比,全体,全体,5d,5営業日,42,-0.014552838687104228,-0.004296429642964296,0.4523809523809524,評価可能
v7,volume_ratio_20d,出来高比,全体,全体,10d,10営業日,37,-0.004566827393690179,0.0030055658627087195,0.5135135135135135,評価可能
v7,volume_ratio_20d,出来高比,業種,その他製品,1d,1営業日,14,-0.0704081632653061,-0.014285714285714287,0.42857142857142855,サンプル不足
v7,volume_ratio_20d,出来高比,業種,その他製品,3d,3営業日,13,-0.08131868131868132,-0.39999999999999997,0.46153846153846156,サンプル不足
v7,volume_ratio_20d,出来高比,業種,その他製品,5d,5営業日,13,-0.08131868131868132,0.0,0.38461538461538464,サンプル不足
v7,volume_ratio_20d,出来高比,業種,その他製品,10d,10営業日,10,0.0014285714285714305,-0.24285714285714285,0.4,サンプル不足
v7,volume_ratio_20d,出来高比,業種,その他金融業,1d,1営業日,2,0.5,0.5,1.0,サンプル不足
v7,volume_ratio_20d,出来高比,業種,その他金融業,3d,3営業日,2,0.25,0.25,0.5,サンプル不足
v7,volume_ratio_20d,出来高比,業種,その他金融業,5d,5営業日,2,0.25,0.25,0.5,サンプル不足
v7,volume_ratio_20d,出来高比,業種,その他金融業,10d,10営業日,2,0.25,0.25,0.5,サンプル不足
v7,volume_ratio_20d,出来高比,業種,ガラス・土石製品,1d,1営業日,2,-0.5,-0.5,0.0,サンプル不足
v7,volume_ratio_20d,出来高比,業種,ガラス・土石製品,3d,3営業日,2,-0.25,-0.25,0.5,サンプル不足
v7,volume_ratio_20d,出来高比,業種,ガラス・土石製品,5d,5営業日,2,0.0,0.0,0.5,サンプル不足
v7,volume_ratio_20d,出来高比,業種,ガラス・土石製品,10d,10営業日,2,-0.25,-0.25,0.5,サンプル不足
v7,volume_ratio_20d,出来高比,業種,ゴム製品,1d,1営業日,1,0.0,0.0,0.0,サンプル不足
v7,volume_ratio_20d,出来高比,業種,ゴム製品,3d,3営業日,1,0.6000000000000001,0.6000000000000001,1.0,サンプル不足
v7,volume_ratio_20d,出来高比,業種,ゴム製品,5d,5営業日,1,0.7999999999999999,0.7999999999999999,1.0,サンプル不足
v7,volume_ratio_20d,出来高比,業種,ゴム製品,10d,10営業日,1,0.7999999999999999,0.7999999999999999,1.0,サンプル不足
v7,volume_ratio_20d,出来高比,業種,サービス業,1d,1営業日,46,-0.0580118141941751,-0.13961038961038963,0.391304347826087,評価可能
v7,volume_ratio_20d,出来高比,業種,サービス業,3d,3営業日,44,-0.17255573256839793,-0.22402597402597405,0.29545454545454547,評価可能
v7,volume_ratio_20d,出来高比,業種,サービス業,5d,5営業日,42,-0.21357204498747487,-0.270995670995671,0.3333333333333333,評価可能
v7,volume_ratio_20d,出来高比,業種,サービス業,10d,10営業日,37,-0.1617206494864632,-0.17032967032967034,0.35135135135135137,評価可能
v7,volume_ratio_20d,出来高比,業種,パルプ・紙,1d,1営業日,0,,,,サンプル不足
v7,volume_ratio_20d,出来高比,業種,パルプ・紙,3d,3営業日,0,,,,サンプル不足
v7,volume_ratio_20d,出来高比,業種,パルプ・紙,5d,5営業日,0,,,,サンプル不足
v7,volume_ratio_20d,出来高比,業種,パルプ・紙,10d,10営業日,0,,,,サンプル不足
v7,volume_ratio_20d,出来高比,業種,不動産業,1d,1営業日,7,0.12393238337444225,0.316227766016838,0.7142857142857143,サンプル不足
v7,volume_ratio_20d,出来高比,業種,不動産業,3d,3営業日,6,-0.050000000000000024,0.0,0.5,サンプル不足
v7,volume_ratio_20d,出来高比,業種,不動産業,5d,5営業日,5,0.39999999999999997,0.5,0.8,サンプル不足
v7,volume_ratio_20d,出来高比,業種,不動産業,10d,10営業日,4,0.29999999999999993,0.5,0.75,サンプル不足
v7,volume_ratio_20d,出来高比,業種,保険業,1d,1営業日,18,0.06666666666666665,0.0,0.3888888888888889,サンプル不足
v7,volume_ratio_20d,出来高比,業種,保険業,3d,3営業日,18,-0.0388888888888889,0.35,0.5555555555555556,サンプル不足
v7,volume_ratio_20d,出来高比,業種,保険業,5d,5営業日,18,0.0888888888888889,0.44999999999999996,0.5555555555555556,サンプル不足
v7,volume_ratio_20d,出来高比,業種,保険業,10d,10営業日,18,0.3277777777777777,0.5,0.7777777777777778,サンプル不足
v7,volume_ratio_20d,出来高比,業種,倉庫・運輸関連業,1d,1営業日,1,0.5,0.5,1.0,サンプル不足
v7,volume_ratio_20d,出来高比,業種,倉庫・運輸関連業,3d,3営業日,1,0.5,0.5,1.0,サンプル不足
v7,volume_ratio_20d,出来高比,業種,倉庫・運輸関連業,5d,5営業日,1,-0.5,-0.5,0.0,サンプル不足
v7,volume_ratio_20d,出来高比,業種,倉庫・運輸関連業,10d,10営業日,1,0.5,0.5,1.0,サンプル不足
v7,volume_ratio_20d,出来高比,業種,化学,1d,1営業日,43,-0.01578208613092334,-0.09523809523809526,0.46511627906976744,評価可能
v7,volume_ratio_20d,出来高比,業種,化学,3d,3営業日,42,0.04936432615004044,0.09285714285714286,0.5238095238095238,評価可能
v7,volume_ratio_20d,出来高比,業種,化学,5d,5営業日,41,0.09023253169594633,0.10714285714285716,0.5853658536585366,評価可能
v7,volume_ratio_20d,出来高比,業種,化学,10d,10営業日,37,0.021941796941796946,0.016666666666666666,0.5135135135135135,評価可能
v7,volume_ratio_20d,出来高比,業種,医薬品,1d,1営業日,8,-0.14107142857142857,-0.06428571428571425,0.5,サンプル不足
v7,volume_ratio_20d,出来高比,業種,医薬品,3d,3営業日,6,0.29523809523809524,0.5,0.8333333333333334,サンプル不足
v7,volume_ratio_20d,出来高比,業種,医薬品,5d,5営業日,4,0.25,0.5,0.75,サンプル不足
v7,volume_ratio_20d,出来高比,業種,医薬品,10d,10営業日,3,0.16666666666666666,0.5,0.6666666666666666,サンプル不足
v7,volume_ratio_20d,出来高比,業種,卸売業,1d,1営業日,42,-0.025995036709322423,-0.017482517482517487,0.47619047619047616,評価可能
v7,volume_ratio_20d,出来高比,業種,卸売業,3d,3営業日,40,0.013950216450216435,-0.11904761904761905,0.425,評価可能
v7,volume_ratio_20d,出来高比,業種,卸売業,5d,5営業日,38,-0.16160856687172478,-0.20714285714285713,0.39473684210526316,評価可能
v7,volume_ratio_20d,出来高比,業種,卸売業,10d,10営業日,34,-0.21100272276742862,-0.2285714285714286,0.4411764705882353,評価可能
v7,volume_ratio_20d,出来高比,業種,小売業,1d,1営業日,39,0.01101042601798678,0.049999999999999996,0.5128205128205128,評価可能
v7,volume_ratio_20d,出来高比,業種,小売業,3d,3営業日,37,0.1337461293343646,0.18333333333333335,0.5675675675675675,評価可能
v7,volume_ratio_20d,出来高比,業種,小売業,5d,5営業日,35,0.16063015415956594,0.1785714285714286,0.7428571428571429,評価可能
v7,volume_ratio_20d,出来高比,業種,小売業,10d,10営業日,31,0.16808277111882425,0.14285714285714288,0.6774193548387096,評価可能
v7,volume_ratio_20d,出来高比,業種,建設業,1d,1営業日,7,-0.31428571428571433,-0.5,0.2857142857142857,サンプル不足
v7,volume_ratio_20d,出来高比,業種,建設業,3d,3営業日,7,-0.34285714285714286,-0.5,0.2857142857142857,サンプル不足
v7,volume_ratio_20d,出来高比,業種,建設業,5d,5営業日,7,-0.19999999999999998,-0.5,0.2857142857142857,サンプル不足
v7,volume_ratio_20d,出来高比,業種,建設業,10d,10営業日,7,-0.05714285714285713,-0.39999999999999997,0.42857142857142855,サンプル不足
v7,volume_ratio_20d,出来高比,業種,情報・通信業,1d,1営業日,46,0.008399416183193967,-0.08253878474466711,0.45652173913043476,評価可能
v7,volume_ratio_20d,出来高比,業種,情報・通信業,3d,3営業日,44,-0.03288523281921061,-0.10026557549777362,0.38636363636363635,評価可能
v7,volume_ratio_20d,出来高比,業種,情報・通信業,5d,5営業日,42,-0.04118403130880814,-0.12688659166920038,0.38095238095238093,評価可能
v7,volume_ratio_20d,出来高比,業種,情報・通信業,10d,10営業日,37,-0.011388885908147274,-0.1492094861660079,0.43243243243243246,評価可能
v7,volume_ratio_20d,出来高比,業種,機械,1d,1営業日,32,0.09960716366966368,0.17142857142857143,0.59375,評価可能
v7,volume_ratio_20d,出来高比,業種,機械,3d,3営業日,31,0.06551325019066956,0.07142857142857144,0.5161290322580645,評価可能
v7,volume_ratio_20d,出来高比,業種,機械,5d,5営業日,31,0.1962953712953713,0.05357142857142857,0.6451612903225806,評価可能
v7,volume_ratio_20d,出来高比,業種,機械,10d,10営業日,27,0.16784943451610118,0.19999999999999998,0.7037037037037037,サンプル不足
v7,volume_ratio_20d,出来高比,業種,海運業,1d,1営業日,6,0.03333333333333335,0.25,0.6666666666666666,サンプル不足
v7,volume_ratio_20d,出来高比,業種,海運業,3d,3営業日,4,0.15000000000000002,0.3,0.75,サンプル不足
v7,volume_ratio_20d,出来高比,業種,海運業,5d,5営業日,3,0.3666666666666667,0.6,0.6666666666666666,サンプル不足
v7,volume_ratio_20d,出来高比,業種,海運業,10d,10営業日,2,0.0,0.0,0.5,サンプル不足
v7,volume_ratio_20d,出来高比,業種,石油・石炭製品,1d,1営業日,0,,,,サンプル不足
v7,volume_ratio_20d,出来高比,業種,石油・石炭製品,3d,3営業日,0,,,,サンプル不足
v7,volume_ratio_20d,出来高比,業種,石油・石炭製品,5d,5営業日,0,,,,サンプル不足
v7,volume_ratio_20d,出来高比,業種,石油・石炭製品,10d,10営業日,0,,,,サンプル不足
v7,volume_ratio_20d,出来高比,業種,空運業,1d,1営業日,0,,,,サンプル不足
v7,volume_ratio_20d,出来高比,業種,空運業,3d,3営業日,0,,,,サンプル不足
v7,volume_ratio_20d,出来高比,業種,空運業,5d,5営業日,0,,,,サンプル不足
v7,volume_ratio_20d,出来高比,業種,空運業,10d,10営業日,0,,,,サンプル不足
v7,volume_ratio_20d,出来高比,業種,精密機器,1d,1営業日,19,0.05639097744360903,0.3,0.5263157894736842,サンプル不足
v7,volume_ratio_20d,出来高比,業種,精密機器,3d,3営業日,18,0.05000000000000001,-0.15,0.4444444444444444,サンプル不足
v7,volume_ratio_20d,出来高比,業種,精密機器,5d,5営業日,16,-0.14017857142857143,-0.5,0.375,サンプル不足
v7,volume_ratio_20d,出来高比,業種,精密機器,10d,10営業日,12,-0.024999999999999994,-0.09999999999999999,0.4166666666666667,サンプル不足
v7,volume_ratio_20d,出来高比,業種,繊維製品,1d,1営業日,0,,,,サンプル不足
v7,volume_ratio_20d,出来高比,業種,繊維製品,3d,3営業日,0,,,,サンプル不足
v7,volume_ratio_20d,出来高比,業種,繊維製品,5d,5営業日,0,,,,サンプル不足
v7,volume_ratio_20d,出来高比,業種,繊維製品,10d,10営業日,0,,,,サンプル不足
v7,volume_ratio_20d,出来高比,業種,証券、商品先物取引業,1d,1営業日,18,-0.05238095238095242,0.049999999999999996,0.5,サンプル不足
v7,volume_ratio_20d,出来高比,業種,証券、商品先物取引業,3d,3営業日,18,0.05555555555555555,-0.09999999999999999,0.4444444444444444,サンプル不足
v7,volume_ratio_20d,出来高比,業種,証券、商品先物取引業,5d,5営業日,17,0.057142857142857134,0.39999999999999997,0.5294117647058824,サンプル不足
v7,volume_ratio_20d,出来高比,業種,証券、商品先物取引業,10d,10営業日,17,0.2004201680672269,0.5,0.6470588235294118,サンプル不足
v7,volume_ratio_20d,出来高比,業種,輸送用機器,1d,1営業日,28,0.017006802721088437,0.030952380952380957,0.5,サンプル不足
v7,volume_ratio_20d,出来高比,業種,輸送用機器,3d,3営業日,27,-0.0031746031746031633,0.0,0.48148148148148145,サンプル不足
v7,volume_ratio_20d,出来高比,業種,輸送用機器,5d,5営業日,26,0.026007326007326,0.22142857142857142,0.5769230769230769,サンプル不足
v7,volume_ratio_20d,出来高比,業種,輸送用機器,10d,10営業日,25,-0.06400000000000004,-0.261904761904762,0.48,サンプル不足
v7,volume_ratio_20d,出来高比,業種,金属製品,1d,1営業日,18,0.020634920634920628,0.028571428571428574,0.5,サンプル不足
v7,volume_ratio_20d,出来高比,業種,金属製品,3d,3営業日,17,0.08739495798319327,0.08571428571428573,0.5294117647058824,サンプル不足
v7,volume_ratio_20d,出来高比,業種,金属製品,5d,5営業日,17,0.026330532212885165,-0.14285714285714288,0.47058823529411764,サンプル不足
v7,volume_ratio_20d,出来高比,業種,金属製品,10d,10営業日,15,-0.36761904761904757,-0.5,0.26666666666666666,サンプル不足
v7,volume_ratio_20d,出来高比,業種,鉄鋼,1d,1営業日,8,-0.24999999999999997,-0.6,0.375,サンプル不足
v7,volume_ratio_20d,出来高比,業種,鉄鋼,3d,3営業日,8,0.025000000000000022,2.7755575615628914e-17,0.5,サンプル不足
v7,volume_ratio_20d,出来高比,業種,鉄鋼,5d,5営業日,8,0.23750000000000002,0.3,0.625,サンプル不足
v7,volume_ratio_20d,出来高比,業種,鉄鋼,10d,10営業日,6,0.35000000000000003,0.5,0.5,サンプル不足
v7,volume_ratio_20d,出来高比,業種,鉱業,1d,1営業日,0,,,,サンプル不足
v7,volume_ratio_20d,出来高比,業種,鉱業,3d,3営業日,0,,,,サンプル不足
v7,volume_ratio_20d,出来高比,業種,鉱業,5d,5営業日,0,,,,サンプル不足
v7,volume_ratio_20d,出来高比,業種,鉱業,10d,10営業日,0,,,,サンプル不足
v7,volume_ratio_20d,出来高比,業種,銀行業,1d,1営業日,40,0.15504649259841422,0.23571428571428577,0.65,評価可能
v7,volume_ratio_20d,出来高比,業種,銀行業,3d,3営業日,39,0.10218795539724844,0.10848240246836058,0.5384615384615384,評価可能
v7,volume_ratio_20d,出来高比,業種,銀行業,5d,5営業日,39,0.049461348103882044,0.03333333333333333,0.5128205128205128,評価可能
v7,volume_ratio_20d,出来高比,業種,銀行業,10d,10営業日,34,0.10002604661774214,0.1378054298642534,0.5882352941176471,評価可能
v7,volume_ratio_20d,出来高比,業種,陸運業,1d,1営業日,1,-0.5,-0.5,0.0,サンプル不足
v7,volume_ratio_20d,出来高比,業種,陸運業,3d,3営業日,1,-0.5,-0.5,0.0,サンプル不足
v7,volume_ratio_20d,出来高比,業種,陸運業,5d,5営業日,1,-1.0,-1.0,0.0,サンプル不足
v7,volume_ratio_20d,出来高比,業種,陸運業,10d,10営業日,1,-1.0,-1.0,0.0,サンプル不足
v7,volume_ratio_20d,出来高比,業種,電気・ガス業,1d,1営業日,1,0.5,0.5,1.0,サンプル不足
v7,volume_ratio_20d,出来高比,業種,電気・ガス業,3d,3営業日,1,0.5,0.5,1.0,サンプル不足
v7,volume_ratio_20d,出来高比,業種,電気・ガス業,5d,5営業日,1,0.5,0.5,1.0,サンプル不足
v7,volume_ratio_20d,出来高比,業種,電気・ガス業,10d,10営業日,1,0.5,0.5,1.0,サンプル不足
v7,volume_ratio_20d,出来高比,業種,電気機器,1d,1営業日,46,-0.09178945430920764,-0.10508658008658009,0.41304347826086957,評価可能
v7,volume_ratio_20d,出来高比,業種,電気機器,3d,3営業日,44,-0.04219950195671609,-0.06607142857142857,0.4318181818181818,評価可能
v7,volume_ratio_20d,出来高比,業種,電気機器,5d,5営業日,42,-0.04344791031539935,-0.10667803970223325,0.4523809523809524,評価可能
v7,volume_ratio_20d,出来高比,業種,電気機器,10d,10営業日,37,-0.10306787957176708,-0.17662337662337665,0.43243243243243246,評価可能
v7,volume_ratio_20d,出来高比,業種,非鉄金属,1d,1営業日,10,-0.05,0.15,0.6,サンプル不足
v7,volume_ratio_20d,出来高比,業種,非鉄金属,3d,3営業日,8,-0.06249999999999999,-0.24999999999999997,0.25,サンプル不足
v7,volume_ratio_20d,出来高比,業種,非鉄金属,5d,5営業日,7,0.1,0.0,0.42857142857142855,サンプル不足
v7,volume_ratio_20d,出来高比,業種,非鉄金属,10d,10営業日,6,0.38333333333333336,0.8,0.6666666666666666,サンプル不足
v7,volume_ratio_20d,出来高比,業種,食料品,1d,1営業日,24,0.04702380952380952,-0.04285714285714285,0.4583333333333333,サンプル不足
v7,volume_ratio_20d,出来高比,業種,食料品,3d,3営業日,23,-0.2996974040452302,-0.49999999999999994,0.21739130434782608,サンプル不足
v7,volume_ratio_20d,出来高比,業種,食料品,5d,5営業日,22,-0.19895104895104898,-0.44999999999999996,0.36363636363636365,サンプル不足
v7,volume_ratio_20d,出来高比,業種,食料品,10d,10営業日,21,0.011582068724925837,-0.2043956043956044,0.42857142857142855,サンプル不足
v7,distance_high_120d,120日高値接近度,全体,全体,1d,1営業日,46,0.033311744630394664,0.019499130291334148,0.6304347826086957,評価可能
v7,distance_high_120d,120日高値接近度,全体,全体,3d,3営業日,44,0.05210483669042905,0.04730385434016279,0.6818181818181818,評価可能
v7,distance_high_120d,120日高値接近度,全体,全体,5d,5営業日,42,0.08066428451863057,0.057827553321652105,0.7380952380952381,評価可能
v7,distance_high_120d,120日高値接近度,全体,全体,10d,10営業日,37,0.08512822703108658,0.06706741960346123,0.7567567567567568,評価可能
v7,distance_high_120d,120日高値接近度,業種,その他製品,1d,1営業日,14,-0.00954342476443423,0.0,0.5,サンプル不足
v7,distance_high_120d,120日高値接近度,業種,その他製品,3d,3営業日,13,0.0960802931407679,0.0,0.46153846153846156,サンプル不足
v7,distance_high_120d,120日高値接近度,業種,その他製品,5d,5営業日,13,0.31320767561618984,0.5,0.6923076923076923,サンプル不足
v7,distance_high_120d,120日高値接近度,業種,その他製品,10d,10営業日,10,0.07223849208554588,0.0,0.4,サンプル不足
v7,distance_high_120d,120日高値接近度,業種,その他金融業,1d,1営業日,1,0.5,0.5,1.0,サンプル不足
v7,distance_high_120d,120日高値接近度,業種,その他金融業,3d,3営業日,1,-0.5,-0.5,0.0,サンプル不足
v7,distance_high_120d,120日高値接近度,業種,その他金融業,5d,5営業日,1,-0.5,-0.5,0.0,サンプル不足
v7,distance_high_120d,120日高値接近度,業種,その他金融業,10d,10営業日,1,-0.5,-0.5,0.0,サンプル不足
v7,distance_high_120d,120日高値接近度,業種,ガラス・土石製品,1d,1営業日,1,0.5,0.5,1.0,サンプル不足
v7,distance_high_120d,120日高値接近度,業種,ガラス・土石製品,3d,3営業日,1,-0.5,-0.5,0.0,サンプル不足
v7,distance_high_120d,120日高値接近度,業種,ガラス・土石製品,5d,5営業日,1,-0.5,-0.5,0.0,サンプル不足
v7,distance_high_120d,120日高値接近度,業種,ガラス・土石製品,10d,10営業日,1,-0.5,-0.5,0.0,サンプル不足
v7,distance_high_120d,120日高値接近度,業種,ゴム製品,1d,1営業日,1,0.9486832980505139,0.9486832980505139,1.0,サンプル不足
v7,distance_high_120d,120日高値接近度,業種,ゴム製品,3d,3営業日,1,0.632455532033676,0.632455532033676,1.0,サンプル不足
v7,distance_high_120d,120日高値接近度,業種,ゴム製品,5d,5営業日,1,0.316227766016838,0.316227766016838,1.0,サンプル不足
v7,distance_high_120d,120日高値接近度,業種,ゴム製品,10d,10営業日,1,0.316227766016838,0.316227766016838,1.0,サンプル不足
v7,distance_high_120d,120日高値接近度,業種,サービス業,1d,1営業日,46,0.024396576275006392,-0.03225010821441317,0.45652173913043476,評価可能
v7,distance_high_120d,120日高値接近度,業種,サービス業,3d,3営業日,44,-0.01857941096983289,-0.026040782132361856,0.4318181818181818,評価可能
v7,distance_high_120d,120日高値接近度,業種,サービス業,5d,5営業日,42,0.013253773883053262,-0.017546894081891078,0.42857142857142855,評価可能
v7,distance_high_120d,120日高値接近度,業種,サービス業,10d,10営業日,37,0.08205890627237734,0.057977103565244846,0.5945945945945946,評価可能
v7,distance_high_120d,120日高値接近度,業種,パルプ・紙,1d,1営業日,0,,,,サンプル不足
v7,distance_high_120d,120日高値接近度,業種,パルプ・紙,3d,3営業日,0,,,,サンプル不足
v7,distance_high_120d,120日高値接近度,業種,パルプ・紙,5d,5営業日,0,,,,サンプル不足
v7,distance_high_120d,120日高値接近度,業種,パルプ・紙,10d,10営業日,0,,,,サンプル不足
v7,distance_high_120d,120日高値接近度,業種,不動産業,1d,1営業日,7,-0.10107341869885222,-0.5,0.42857142857142855,サンプル不足
v7,distance_high_120d,120日高値接近度,業種,不動産業,3d,3営業日,6,0.09851698401416227,0.13819660112501053,0.5,サンプル不足
v7,distance_high_120d,120日高値接近度,業種,不動産業,5d,5営業日,5,-0.10414029895800317,-0.3354101966249684,0.4,サンプル不足
v7,distance_high_120d,120日高値接近度,業種,不動産業,10d,10営業日,4,0.1477754760212434,0.3212093030172299,0.5,サンプル不足
v7,distance_high_120d,120日高値接近度,業種,保険業,1d,1営業日,17,-0.12257483729312717,-0.19999999999999998,0.4117647058823529,サンプル不足
v7,distance_high_120d,120日高値接近度,業種,保険業,3d,3営業日,17,-0.0558704492804471,-0.39999999999999997,0.47058823529411764,サンプル不足
v7,distance_high_120d,120日高値接近度,業種,保険業,5d,5営業日,17,0.001362122678686419,-0.19999999999999998,0.47058823529411764,サンプル不足
v7,distance_high_120d,120日高値接近度,業種,保険業,10d,10営業日,17,-0.028502738043840004,0.0,0.47058823529411764,サンプル不足
v7,distance_high_120d,120日高値接近度,業種,倉庫・運輸関連業,1d,1営業日,1,0.5,0.5,1.0,サンプル不足
v7,distance_high_120d,120日高値接近度,業種,倉庫・運輸関連業,3d,3営業日,1,0.5,0.5,1.0,サンプル不足
v7,distance_high_120d,120日高値接近度,業種,倉庫・運輸関連業,5d,5営業日,1,-0.5,-0.5,0.0,サンプル不足
v7,distance_high_120d,120日高値接近度,業種,倉庫・運輸関連業,10d,10営業日,1,0.5,0.5,1.0,サンプル不足
v7,distance_high_120d,120日高値接近度,業種,化学,1d,1営業日,43,-0.0006597771216954867,0.0,0.4883720930232558,評価可能
v7,distance_high_120d,120日高値接近度,業種,化学,3d,3営業日,42,0.029723146999348013,0.0,0.47619047619047616,評価可能
v7,distance_high_120d,120日高値接近度,業種,化学,5d,5営業日,41,0.08184113376543449,0.14285714285714288,0.5609756097560976,評価可能
v7,distance_high_120d,120日高値接近度,業種,化学,10d,10営業日,37,0.06246462717111247,0.09009374626955591,0.5945945945945946,評価可能
v7,distance_high_120d,120日高値接近度,業種,医薬品,1d,1営業日,8,0.20651717232606637,0.5,0.625,サンプル不足
v7,distance_high_120d,120日高値接近度,業種,医薬品,3d,3営業日,6,0.34662850594207467,0.5398855178262242,0.6666666666666666,サンプル不足
v7,distance_high_120d,120日高値接近度,業種,医薬品,5d,5営業日,4,0.25,0.25,0.5,サンプル不足
v7,distance_high_120d,120日高値接近度,業種,医薬品,10d,10営業日,3,0.0,-0.5,0.3333333333333333,サンプル不足
v7,distance_high_120d,120日高値接近度,業種,卸売業,1d,1営業日,41,0.011940618123124061,0.1720181515604604,0.5365853658536586,評価可能
v7,distance_high_120d,120日高値接近度,業種,卸売業,3d,3営業日,39,0.1434398852566363,0.3,0.6153846153846154,評価可能
v7,distance_high_120d,120日高値接近度,業種,卸売業,5d,5営業日,37,0.29552018133723557,0.39999999999999997,0.7297297297297297,評価可能
v7,distance_high_120d,120日高値接近度,業種,卸売業,10d,10営業日,33,0.20604315109167928,0.36596252735569995,0.6666666666666666,評価可能
v7,distance_high_120d,120日高値接近度,業種,小売業,1d,1営業日,38,-0.21896258150300388,-0.1788799793658566,0.34210526315789475,評価可能
v7,distance_high_120d,120日高値接近度,業種,小売業,3d,3営業日,36,-0.12183141561977782,-0.20302248995457142,0.4166666666666667,評価可能
v7,distance_high_120d,120日高値接近度,業種,小売業,5d,5営業日,34,-0.12998735358614708,-0.12390176075485099,0.35294117647058826,評価可能
v7,distance_high_120d,120日高値接近度,業種,小売業,10d,10営業日,31,-0.1496177350179059,-0.17078251276599332,0.3870967741935484,評価可能
v7,distance_high_120d,120日高値接近度,業種,建設業,1d,1営業日,7,0.08571428571428573,0.0,0.42857142857142855,サンプル不足
v7,distance_high_120d,120日高値接近度,業種,建設業,3d,3営業日,7,0.14285714285714285,0.0,0.42857142857142855,サンプル不足
v7,distance_high_120d,120日高値接近度,業種,建設業,5d,5営業日,7,0.12371791482634839,0.0,0.42857142857142855,サンプル不足
v7,distance_high_120d,120日高値接近度,業種,建設業,10d,10営業日,7,0.33800362911206266,0.5,0.7142857142857143,サンプル不足
v7,distance_high_120d,120日高値接近度,業種,情報・通信業,1d,1営業日,46,0.01498242547636693,-0.044788805736045226,0.45652173913043476,評価可能
v7,distance_high_120d,120日高値接近度,業種,情報・通信業,3d,3営業日,44,0.09290261000064132,0.05333175396555558,0.5909090909090909,評価可能
v7,distance_high_120d,120日高値接近度,業種,情報・通信業,5d,5営業日,42,0.11092273529672324,0.11296995287079376,0.6428571428571429,評価可能
v7,distance_high_120d,120日高値接近度,業種,情報・通信業,10d,10営業日,37,0.10756551373620474,0.038210954938020236,0.5945945945945946,評価可能
v7,distance_high_120d,120日高値接近度,業種,機械,1d,1営業日,30,0.013687881710438018,0.1952312249824404,0.5666666666666667,評価可能
v7,distance_high_120d,120日高値接近度,業種,機械,3d,3営業日,29,0.11660915784688985,0.1956043956043956,0.6551724137931034,サンプル不足
v7,distance_high_120d,120日高値接近度,業種,機械,5d,5営業日,29,0.10345504843312363,0.03647433262080388,0.5172413793103449,サンプル不足
v7,distance_high_120d,120日高値接近度,業種,機械,10d,10営業日,26,0.07688089890830009,0.0670163958537424,0.5,サンプル不足
v7,distance_high_120d,120日高値接近度,業種,海運業,1d,1営業日,6,0.19282047580909442,0.36180339887498947,0.6666666666666666,サンプル不足
v7,distance_high_120d,120日高値接近度,業種,海運業,3d,3営業日,4,0.08019567041703082,0.0,0.25,サンプル不足
v7,distance_high_120d,120日高値接近度,業種,海運業,5d,5営業日,3,0.07503927567141422,0.35909242322980395,0.6666666666666666,サンプル不足
v7,distance_high_120d,120日高値接近度,業種,海運業,10d,10営業日,2,-0.5,-0.5,0.0,サンプル不足
v7,distance_high_120d,120日高値接近度,業種,石油・石炭製品,1d,1営業日,0,,,,サンプル不足
v7,distance_high_120d,120日高値接近度,業種,石油・石炭製品,3d,3営業日,0,,,,サンプル不足
v7,distance_high_120d,120日高値接近度,業種,石油・石炭製品,5d,5営業日,0,,,,サンプル不足
v7,distance_high_120d,120日高値接近度,業種,石油・石炭製品,10d,10営業日,0,,,,サンプル不足
v7,distance_high_120d,120日高値接近度,業種,空運業,1d,1営業日,0,,,,サンプル不足
v7,distance_high_120d,120日高値接近度,業種,空運業,3d,3営業日,0,,,,サンプル不足
v7,distance_high_120d,120日高値接近度,業種,空運業,5d,5営業日,0,,,,サンプル不足
v7,distance_high_120d,120日高値接近度,業種,空運業,10d,10営業日,0,,,,サンプル不足
v7,distance_high_120d,120日高値接近度,業種,精密機器,1d,1営業日,17,-0.3722464368269338,-0.5,0.23529411764705882,サンプル不足
v7,distance_high_120d,120日高値接近度,業種,精密機器,3d,3営業日,16,-0.25671787304738913,-0.2644942758913112,0.25,サンプル不足
v7,distance_high_120d,120日高値接近度,業種,精密機器,5d,5営業日,14,-0.09251116777678281,0.0,0.42857142857142855,サンプル不足
v7,distance_high_120d,120日高値接近度,業種,精密機器,10d,10営業日,10,-0.13660254037844388,-0.19999999999999998,0.4,サンプル不足
v7,distance_high_120d,120日高値接近度,業種,繊維製品,1d,1営業日,0,,,,サンプル不足
v7,distance_high_120d,120日高値接近度,業種,繊維製品,3d,3営業日,0,,,,サンプル不足
v7,distance_high_120d,120日高値接近度,業種,繊維製品,5d,5営業日,0,,,,サンプル不足
v7,distance_high_120d,120日高値接近度,業種,繊維製品,10d,10営業日,0,,,,サンプル不足
v7,distance_high_120d,120日高値接近度,業種,証券、商品先物取引業,1d,1営業日,17,0.21505928526826487,0.5,0.5882352941176471,サンプル不足
v7,distance_high_120d,120日高値接近度,業種,証券、商品先物取引業,3d,3営業日,17,-0.044140450726207585,-0.39999999999999997,0.47058823529411764,サンプル不足
v7,distance_high_120d,120日高値接近度,業種,証券、商品先物取引業,5d,5営業日,16,0.0038757634411192565,0.002972398440224816,0.5,サンプル不足
v7,distance_high_120d,120日高値接近度,業種,証券、商品先物取引業,10d,10営業日,16,0.17622102656697575,0.25,0.5,サンプル不足
v7,distance_high_120d,120日高値接近度,業種,輸送用機器,1d,1営業日,27,0.15145806024462943,0.19999999999999998,0.6666666666666666,サンプル不足
v7,distance_high_120d,120日高値接近度,業種,輸送用機器,3d,3営業日,26,0.17664982804661739,0.25,0.5769230769230769,サンプル不足
v7,distance_high_120d,120日高値接近度,業種,輸送用機器,5d,5営業日,25,0.22835834064123658,0.4761904761904762,0.68,サンプル不足
v7,distance_high_120d,120日高値接近度,業種,輸送用機器,10d,10営業日,24,0.35462180119153697,0.5,0.75,サンプル不足
v7,distance_high_120d,120日高値接近度,業種,金属製品,1d,1営業日,15,-0.24102230717523257,-0.5,0.3333333333333333,サンプル不足
v7,distance_high_120d,120日高値接近度,業種,金属製品,3d,3営業日,15,0.020960934252113265,0.06761234037828133,0.5333333333333333,サンプル不足
v7,distance_high_120d,120日高値接近度,業種,金属製品,5d,5営業日,15,0.09419286930664604,0.0,0.4666666666666667,サンプル不足
v7,distance_high_120d,120日高値接近度,業種,金属製品,10d,10営業日,13,-0.033858621876328564,0.16903085094570333,0.5384615384615384,サンプル不足
v7,distance_high_120d,120日高値接近度,業種,鉄鋼,1d,1営業日,8,-0.09542844607199041,-0.25,0.375,サンプル不足
v7,distance_high_120d,120日高値接近度,業種,鉄鋼,3d,3営業日,8,0.2756494588021289,0.3525978352085154,0.625,サンプル不足
v7,distance_high_120d,120日高値接近度,業種,鉄鋼,5d,5営業日,8,0.4702112823047899,0.5,0.75,サンプル不足
v7,distance_high_120d,120日高値接近度,業種,鉄鋼,10d,10営業日,6,0.123484596128366,0.12045378838509807,0.5,サンプル不足
v7,distance_high_120d,120日高値接近度,業種,鉱業,1d,1営業日,0,,,,サンプル不足
v7,distance_high_120d,120日高値接近度,業種,鉱業,3d,3営業日,0,,,,サンプル不足
v7,distance_high_120d,120日高値接近度,業種,鉱業,5d,5営業日,0,,,,サンプル不足
v7,distance_high_120d,120日高値接近度,業種,鉱業,10d,10営業日,0,,,,サンプル不足
v7,distance_high_120d,120日高値接近度,業種,銀行業,1d,1営業日,39,0.0916006299102067,0.14285714285714288,0.5641025641025641,評価可能
v7,distance_high_120d,120日高値接近度,業種,銀行業,3d,3営業日,38,-0.049866085256890125,-0.09691339061887641,0.34210526315789475,評価可能
v7,distance_high_120d,120日高値接近度,業種,銀行業,5d,5営業日,38,-0.0532938845260674,-0.03940552031195504,0.4473684210526316,評価可能
v7,distance_high_120d,120日高値接近度,業種,銀行業,10d,10営業日,33,-0.04853948276645362,-0.03571428571428572,0.45454545454545453,評価可能
v7,distance_high_120d,120日高値接近度,業種,陸運業,1d,1営業日,1,-0.5,-0.5,0.0,サンプル不足
v7,distance_high_120d,120日高値接近度,業種,陸運業,3d,3営業日,1,-0.5,-0.5,0.0,サンプル不足
v7,distance_high_120d,120日高値接近度,業種,陸運業,5d,5営業日,1,-1.0,-1.0,0.0,サンプル不足
v7,distance_high_120d,120日高値接近度,業種,陸運業,10d,10営業日,1,-1.0,-1.0,0.0,サンプル不足
v7,distance_high_120d,120日高値接近度,業種,電気・ガス業,1d,1営業日,1,0.5,0.5,1.0,サンプル不足
v7,distance_high_120d,120日高値接近度,業種,電気・ガス業,3d,3営業日,1,0.5,0.5,1.0,サンプル不足
v7,distance_high_120d,120日高値接近度,業種,電気・ガス業,5d,5営業日,1,0.5,0.5,1.0,サンプル不足
v7,distance_high_120d,120日高値接近度,業種,電気・ガス業,10d,10営業日,1,0.5,0.5,1.0,サンプル不足
v7,distance_high_120d,120日高値接近度,業種,電気機器,1d,1営業日,46,0.014002527734660122,0.00031270300911306285,0.5,評価可能
v7,distance_high_120d,120日高値接近度,業種,電気機器,3d,3営業日,44,0.05915193603341229,0.01400745027755489,0.5,評価可能
v7,distance_high_120d,120日高値接近度,業種,電気機器,5d,5営業日,42,0.02543578141452891,0.023863362339618513,0.5238095238095238,評価可能
v7,distance_high_120d,120日高値接近度,業種,電気機器,10d,10営業日,37,0.04089776358477639,0.09999999999999999,0.5675675675675675,評価可能
v7,distance_high_120d,120日高値接近度,業種,非鉄金属,1d,1営業日,10,-0.29999999999999993,-0.5,0.3,サンプル不足
v7,distance_high_120d,120日高値接近度,業種,非鉄金属,3d,3営業日,8,-0.2375,-0.44999999999999996,0.375,サンプル不足
v7,distance_high_120d,120日高値接近度,業種,非鉄金属,5d,5営業日,7,-0.19999999999999998,-0.5,0.42857142857142855,サンプル不足
v7,distance_high_120d,120日高値接近度,業種,非鉄金属,10d,10営業日,6,0.13333333333333333,0.44999999999999996,0.6666666666666666,サンプル不足
v7,distance_high_120d,120日高値接近度,業種,食料品,1d,1営業日,23,0.06755313063669134,-0.011111797045680466,0.43478260869565216,サンプル不足
v7,distance_high_120d,120日高値接近度,業種,食料品,3d,3営業日,22,-0.17418695397107173,-0.21555960256951473,0.36363636363636365,サンプル不足
v7,distance_high_120d,120日高値接近度,業種,食料品,5d,5営業日,21,-0.04987286126569797,0.0,0.47619047619047616,サンプル不足
v7,distance_high_120d,120日高値接近度,業種,食料品,10d,10営業日,20,-0.012426384353839188,0.07444904020605912,0.5,サンプル不足
v7,volatility_20d,20日変動率,全体,全体,1d,1営業日,46,0.06402134702711279,0.036546693094324845,0.5652173913043478,評価可能
v7,volatility_20d,20日変動率,全体,全体,3d,3営業日,44,0.1415661538473983,0.14110433032601138,0.7727272727272727,評価可能
v7,volatility_20d,20日変動率,全体,全体,5d,5営業日,42,0.19636232279718302,0.16078929731955366,0.7857142857142857,評価可能
v7,volatility_20d,20日変動率,全体,全体,10d,10営業日,37,0.26479149507703537,0.39915991599159917,0.7837837837837838,評価可能
v7,volatility_20d,20日変動率,業種,その他製品,1d,1営業日,14,0.023469387755102038,0.3,0.5714285714285714,サンプル不足
v7,volatility_20d,20日変動率,業種,その他製品,3d,3営業日,13,0.23626373626373628,0.5,0.6923076923076923,サンプル不足
v7,volatility_20d,20日変動率,業種,その他製品,5d,5営業日,13,0.04395604395604395,0.19999999999999998,0.5384615384615384,サンプル不足
v7,volatility_20d,20日変動率,業種,その他製品,10d,10営業日,10,0.16285714285714287,0.35,0.6,サンプル不足
v7,volatility_20d,20日変動率,業種,その他金融業,1d,1営業日,2,0.0,0.0,0.5,サンプル不足
v7,volatility_20d,20日変動率,業種,その他金融業,3d,3営業日,2,-0.75,-0.75,0.0,サンプル不足
v7,volatility_20d,20日変動率,業種,その他金融業,5d,5営業日,2,-0.75,-0.75,0.0,サンプル不足
v7,volatility_20d,20日変動率,業種,その他金融業,10d,10営業日,2,-0.75,-0.75,0.0,サンプル不足
v7,volatility_20d,20日変動率,業種,ガラス・土石製品,1d,1営業日,2,0.5,0.5,1.0,サンプル不足
v7,volatility_20d,20日変動率,業種,ガラス・土石製品,3d,3営業日,2,1.0,1.0,1.0,サンプル不足
v7,volatility_20d,20日変動率,業種,ガラス・土石製品,5d,5営業日,2,0.75,0.75,1.0,サンプル不足
v7,volatility_20d,20日変動率,業種,ガラス・土石製品,10d,10営業日,2,1.0,1.0,1.0,サンプル不足
v7,volatility_20d,20日変動率,業種,ゴム製品,1d,1営業日,1,0.7999999999999999,0.7999999999999999,1.0,サンプル不足
v7,volatility_20d,20日変動率,業種,ゴム製品,3d,3営業日,1,1.0,1.0,1.0,サンプル不足
v7,volatility_20d,20日変動率,業種,ゴム製品,5d,5営業日,1,0.7999999999999999,0.7999999999999999,1.0,サンプル不足
v7,volatility_20d,20日変動率,業種,ゴム製品,10d,10営業日,1,0.7999999999999999,0.7999999999999999,1.0,サンプル不足
v7,volatility_20d,20日変動率,業種,サービス業,1d,1営業日,46,-0.0558144084975375,-0.03300865800865801,0.45652173913043476,評価可能
v7,volatility_20d,20日変動率,業種,サービス業,3d,3営業日,44,0.043660637373696756,0.06904761904761905,0.5454545454545454,評価可能
v7,volatility_20d,20日変動率,業種,サービス業,5d,5営業日,42,0.06591159361868068,0.08095238095238097,0.5476190476190477,評価可能
v7,volatility_20d,20日変動率,業種,サービス業,10d,10営業日,37,0.12808458774975487,0.14545454545454548,0.6486486486486487,評価可能
v7,volatility_20d,20日変動率,業種,パルプ・紙,1d,1営業日,0,,,,サンプル不足
v7,volatility_20d,20日変動率,業種,パルプ・紙,3d,3営業日,0,,,,サンプル不足
v7,volatility_20d,20日変動率,業種,パルプ・紙,5d,5営業日,0,,,,サンプル不足
v7,volatility_20d,20日変動率,業種,パルプ・紙,10d,10営業日,0,,,,サンプル不足
v7,volatility_20d,20日変動率,業種,不動産業,1d,1営業日,7,0.13979665193801874,0.5,0.5714285714285714,サンプル不足
v7,volatility_20d,20日変動率,業種,不動産業,3d,3営業日,6,-0.01666666666666668,0.25,0.5,サンプル不足
v7,volatility_20d,20日変動率,業種,不動産業,5d,5営業日,5,0.04,0.0,0.4,サンプル不足
v7,volatility_20d,20日変動率,業種,不動産業,10d,10営業日,4,-0.15,-0.25,0.25,サンプル不足
v7,volatility_20d,20日変動率,業種,保険業,1d,1営業日,18,0.06666666666666671,0.19999999999999998,0.5,サンプル不足
v7,volatility_20d,20日変動率,業種,保険業,3d,3営業日,18,-0.19999999999999998,-0.44999999999999996,0.3333333333333333,サンプル不足
v7,volatility_20d,20日変動率,業種,保険業,5d,5営業日,18,-0.16666666666666666,-0.5,0.3888888888888889,サンプル不足
v7,volatility_20d,20日変動率,業種,保険業,10d,10営業日,18,-0.06666666666666668,-0.19999999999999998,0.3888888888888889,サンプル不足
v7,volatility_20d,20日変動率,業種,倉庫・運輸関連業,1d,1営業日,1,1.0,1.0,1.0,サンプル不足
v7,volatility_20d,20日変動率,業種,倉庫・運輸関連業,3d,3営業日,1,1.0,1.0,1.0,サンプル不足
v7,volatility_20d,20日変動率,業種,倉庫・運輸関連業,5d,5営業日,1,-1.0,-1.0,0.0,サンプル不足
v7,volatility_20d,20日変動率,業種,倉庫・運輸関連業,10d,10営業日,1,-0.5,-0.5,0.0,サンプル不足
v7,volatility_20d,20日変動率,業種,化学,1d,1営業日,43,0.05813895406918664,0.1785714285714286,0.6511627906976745,評価可能
v7,volatility_20d,20日変動率,業種,化学,3d,3営業日,42,0.01904920476349048,0.04895104895104895,0.5476190476190477,評価可能
v7,volatility_20d,20日変動率,業種,化学,5d,5営業日,41,0.0726939726939727,0.2142857142857143,0.5853658536585366,評価可能
v7,volatility_20d,20日変動率,業種,化学,10d,10営業日,37,0.04202351702351706,0.028571428571428574,0.5135135135135135,評価可能
v7,volatility_20d,20日変動率,業種,医薬品,1d,1営業日,8,0.37142857142857144,0.5,0.625,サンプル不足
v7,volatility_20d,20日変動率,業種,医薬品,3d,3営業日,6,0.2238095238095238,0.5,0.6666666666666666,サンプル不足
v7,volatility_20d,20日変動率,業種,医薬品,5d,5営業日,4,0.25,0.5,0.75,サンプル不足
v7,volatility_20d,20日変動率,業種,医薬品,10d,10営業日,3,0.5,0.5,1.0,サンプル不足
v7,volatility_20d,20日変動率,業種,卸売業,1d,1営業日,42,-0.11291446648589505,-0.07261904761904762,0.35714285714285715,評価可能
v7,volatility_20d,20日変動率,業種,卸売業,3d,3営業日,40,0.04710248085248087,-0.05,0.475,評価可能
v7,volatility_20d,20日変動率,業種,卸売業,5d,5営業日,38,0.03193385561806615,-0.03246753246753247,0.4473684210526316,評価可能
v7,volatility_20d,20日変動率,業種,卸売業,10d,10営業日,34,-0.05727752639517347,-0.1142857142857143,0.4411764705882353,評価可能
v7,volatility_20d,20日変動率,業種,小売業,1d,1営業日,39,-0.010776024765471511,-0.04285714285714285,0.46153846153846156,評価可能
v7,volatility_20d,20日変動率,業種,小売業,3d,3営業日,37,0.028871353871353877,0.006060606060606061,0.5135135135135135,評価可能
v7,volatility_20d,20日変動率,業種,小売業,5d,5営業日,35,-0.013941268815218403,0.010714285714285713,0.5142857142857142,評価可能
v7,volatility_20d,20日変動率,業種,小売業,10d,10営業日,31,-0.1117502674428671,-0.11071428571428568,0.3870967741935484,評価可能
v7,volatility_20d,20日変動率,業種,建設業,1d,1営業日,7,0.24285714285714288,0.5,0.7142857142857143,サンプル不足
v7,volatility_20d,20日変動率,業種,建設業,3d,3営業日,7,0.2714285714285714,0.5,0.7142857142857143,サンプル不足
v7,volatility_20d,20日変動率,業種,建設業,5d,5営業日,7,0.34285714285714286,0.5,0.8571428571428571,サンプル不足
v7,volatility_20d,20日変動率,業種,建設業,10d,10営業日,7,0.5571428571428572,0.5,0.8571428571428571,サンプル不足
v7,volatility_20d,20日変動率,業種,情報・通信業,1d,1営業日,46,0.08897042853096755,0.09974937343358396,0.6739130434782609,評価可能
v7,volatility_20d,20日変動率,業種,情報・通信業,3d,3営業日,44,0.15695036063062814,0.1387144331416777,0.6363636363636364,評価可能
v7,volatility_20d,20日変動率,業種,情報・通信業,5d,5営業日,42,0.2074304274732679,0.19833688051079357,0.7619047619047619,評価可能
v7,volatility_20d,20日変動率,業種,情報・通信業,10d,10営業日,37,0.20280768891350306,0.18828680897646416,0.6756756756756757,評価可能
v7,volatility_20d,20日変動率,業種,機械,1d,1営業日,32,0.1557237033799534,0.33131868131868136,0.59375,評価可能
v7,volatility_20d,20日変動率,業種,機械,3d,3営業日,31,0.07110443320120736,0.0,0.45161290322580644,評価可能
v7,volatility_20d,20日変動率,業種,機械,5d,5営業日,31,0.20138866509834252,0.39999999999999997,0.6129032258064516,評価可能
v7,volatility_20d,20日変動率,業種,機械,10d,10営業日,27,0.4152409319075985,0.6000000000000001,0.7777777777777778,サンプル不足
v7,volatility_20d,20日変動率,業種,海運業,1d,1営業日,6,-0.13333333333333336,-0.44999999999999996,0.3333333333333333,サンプル不足
v7,volatility_20d,20日変動率,業種,海運業,3d,3営業日,4,0.024999999999999994,0.0,0.5,サンプル不足
v7,volatility_20d,20日変動率,業種,海運業,5d,5営業日,3,-0.13333333333333333,-0.39999999999999997,0.3333333333333333,サンプル不足
v7,volatility_20d,20日変動率,業種,海運業,10d,10営業日,2,0.25,0.25,0.5,サンプル不足
v7,volatility_20d,20日変動率,業種,石油・石炭製品,1d,1営業日,0,,,,サンプル不足
v7,volatility_20d,20日変動率,業種,石油・石炭製品,3d,3営業日,0,,,,サンプル不足
v7,volatility_20d,20日変動率,業種,石油・石炭製品,5d,5営業日,0,,,,サンプル不足
v7,volatility_20d,20日変動率,業種,石油・石炭製品,10d,10営業日,0,,,,サンプル不足
v7,volatility_20d,20日変動率,業種,空運業,1d,1営業日,0,,,,サンプル不足
v7,volatility_20d,20日変動率,業種,空運業,3d,3営業日,0,,,,サンプル不足
v7,volatility_20d,20日変動率,業種,空運業,5d,5営業日,0,,,,サンプル不足
v7,volatility_20d,20日変動率,業種,空運業,10d,10営業日,0,,,,サンプル不足
v7,volatility_20d,20日変動率,業種,精密機器,1d,1営業日,19,-0.3165413533834586,-0.5,0.3157894736842105,サンプル不足
v7,volatility_20d,20日変動率,業種,精密機器,3d,3営業日,18,-0.13650793650793652,-0.5,0.3888888888888889,サンプル不足
v7,volatility_20d,20日変動率,業種,精密機器,5d,5営業日,16,0.04375,-0.2,0.5,サンプル不足
v7,volatility_20d,20日変動率,業種,精密機器,10d,10営業日,12,-0.14166666666666666,-0.35,0.3333333333333333,サンプル不足
v7,volatility_20d,20日変動率,業種,繊維製品,1d,1営業日,0,,,,サンプル不足
v7,volatility_20d,20日変動率,業種,繊維製品,3d,3営業日,0,,,,サンプル不足
v7,volatility_20d,20日変動率,業種,繊維製品,5d,5営業日,0,,,,サンプル不足
v7,volatility_20d,20日変動率,業種,繊維製品,10d,10営業日,0,,,,サンプル不足
v7,volatility_20d,20日変動率,業種,証券、商品先物取引業,1d,1営業日,18,-0.015079365079365074,0.06428571428571428,0.5,サンプル不足
v7,volatility_20d,20日変動率,業種,証券、商品先物取引業,3d,3営業日,18,0.0964285714285714,-0.08214285714285713,0.5,サンプル不足
v7,volatility_20d,20日変動率,業種,証券、商品先物取引業,5d,5営業日,17,-0.018487394957983204,-0.21428571428571433,0.35294117647058826,サンプル不足
v7,volatility_20d,20日変動率,業種,証券、商品先物取引業,10d,10営業日,17,0.28907563025210087,0.5,0.7058823529411765,サンプル不足
v7,volatility_20d,20日変動率,業種,輸送用機器,1d,1営業日,28,-0.051530612244897966,-0.042857142857142864,0.4642857142857143,サンプル不足
v7,volatility_20d,20日変動率,業種,輸送用機器,3d,3営業日,27,0.06119929453262788,0.2,0.5555555555555556,サンプル不足
v7,volatility_20d,20日変動率,業種,輸送用機器,5d,5営業日,26,0.14267399267399267,0.19523809523809527,0.6153846153846154,サンプル不足
v7,volatility_20d,20日変動率,業種,輸送用機器,10d,10営業日,25,0.32247619047619047,0.5,0.76,サンプル不足
v7,volatility_20d,20日変動率,業種,金属製品,1d,1営業日,18,-0.0626984126984127,-0.12142857142857144,0.3888888888888889,サンプル不足
v7,volatility_20d,20日変動率,業種,金属製品,3d,3営業日,17,0.21596638655462186,0.19999999999999998,0.5294117647058824,サンプル不足
v7,volatility_20d,20日変動率,業種,金属製品,5d,5営業日,17,0.23781512605042016,0.19999999999999998,0.7058823529411765,サンプル不足
v7,volatility_20d,20日変動率,業種,金属製品,10d,10営業日,15,0.3073015873015873,0.39999999999999997,0.6666666666666666,サンプル不足
v7,volatility_20d,20日変動率,業種,鉄鋼,1d,1営業日,8,0.2375,0.44999999999999996,0.625,サンプル不足
v7,volatility_20d,20日変動率,業種,鉄鋼,3d,3営業日,8,0.35,0.5,0.75,サンプル不足
v7,volatility_20d,20日変動率,業種,鉄鋼,5d,5営業日,8,0.5,0.5,0.875,サンプル不足
v7,volatility_20d,20日変動率,業種,鉄鋼,10d,10営業日,6,0.5166666666666666,0.6499999999999999,0.8333333333333334,サンプル不足
v7,volatility_20d,20日変動率,業種,鉱業,1d,1営業日,0,,,,サンプル不足
v7,volatility_20d,20日変動率,業種,鉱業,3d,3営業日,0,,,,サンプル不足
v7,volatility_20d,20日変動率,業種,鉱業,5d,5営業日,0,,,,サンプル不足
v7,volatility_20d,20日変動率,業種,鉱業,10d,10営業日,0,,,,サンプル不足
v7,volatility_20d,20日変動率,業種,銀行業,1d,1営業日,40,0.10709304766057201,0.16868131868131866,0.575,評価可能
v7,volatility_20d,20日変動率,業種,銀行業,3d,3営業日,39,0.08563200188938828,0.09523809523809526,0.6153846153846154,評価可能
v7,volatility_20d,20日変動率,業種,銀行業,5d,5営業日,39,0.12467211521510164,0.1785714285714286,0.5897435897435898,評価可能
v7,volatility_20d,20日変動率,業種,銀行業,10d,10営業日,34,0.1973249126882345,0.17450549450549452,0.6764705882352942,評価可能
v7,volatility_20d,20日変動率,業種,陸運業,1d,1営業日,1,1.0,1.0,1.0,サンプル不足
v7,volatility_20d,20日変動率,業種,陸運業,3d,3営業日,1,1.0,1.0,1.0,サンプル不足
v7,volatility_20d,20日変動率,業種,陸運業,5d,5営業日,1,0.5,0.5,1.0,サンプル不足
v7,volatility_20d,20日変動率,業種,陸運業,10d,10営業日,1,0.5,0.5,1.0,サンプル不足
v7,volatility_20d,20日変動率,業種,電気・ガス業,1d,1営業日,1,-0.5,-0.5,0.0,サンプル不足
v7,volatility_20d,20日変動率,業種,電気・ガス業,3d,3営業日,1,-0.5,-0.5,0.0,サンプル不足
v7,volatility_20d,20日変動率,業種,電気・ガス業,5d,5営業日,1,-0.5,-0.5,0.0,サンプル不足
v7,volatility_20d,20日変動率,業種,電気・ガス業,10d,10営業日,1,-0.5,-0.5,0.0,サンプル不足
v7,volatility_20d,20日変動率,業種,電気機器,1d,1営業日,46,0.09538721568728951,0.09324175824175825,0.5652173913043478,評価可能
v7,volatility_20d,20日変動率,業種,電気機器,3d,3営業日,44,0.19713266208190158,0.23571428571428568,0.7272727272727273,評価可能
v7,volatility_20d,20日変動率,業種,電気機器,5d,5営業日,42,0.20746642582068725,0.25686813186813184,0.7619047619047619,評価可能
v7,volatility_20d,20日変動率,業種,電気機器,10d,10営業日,37,0.2111759153045222,0.2964285714285714,0.6756756756756757,評価可能
v7,volatility_20d,20日変動率,業種,非鉄金属,1d,1営業日,10,-0.13999999999999999,-0.39999999999999997,0.3,サンプル不足
v7,volatility_20d,20日変動率,業種,非鉄金属,3d,3営業日,8,0.07500000000000001,0.4,0.625,サンプル不足
v7,volatility_20d,20日変動率,業種,非鉄金属,5d,5営業日,7,0.11428571428571425,0.5,0.5714285714285714,サンプル不足
v7,volatility_20d,20日変動率,業種,非鉄金属,10d,10営業日,6,0.39999999999999997,0.5,0.6666666666666666,サンプル不足
v7,volatility_20d,20日変動率,業種,食料品,1d,1営業日,24,-0.04677960927960927,-0.014285714285714287,0.4166666666666667,サンプル不足
v7,volatility_20d,20日変動率,業種,食料品,3d,3営業日,23,-0.07619047619047617,0.14285714285714288,0.5217391304347826,サンプル不足
v7,volatility_20d,20日変動率,業種,食料品,5d,5営業日,22,0.006260406260406273,0.0379120879120879,0.5,サンプル不足
v7,volatility_20d,20日変動率,業種,食料品,10d,10営業日,21,0.17784754927612076,0.4285714285714286,0.6190476190476191,サンプル不足
