liquidity_rank,code,name,industry,market,ticker,trade_date,close,return_1d,return_5d,return_20d,return_60d,return_120d,ma20,ma60,distance_ma20,distance_ma60,distance_high_120d,volatility_20d,latest_volume,avg_volume_20d,volume_ratio_20d,avg_turnover_20d,history_days,in_yahoo_pool,universe_source,universe_label
1,285A,キオクシアホールディングス,電気機器,プライム,285A.T,2026-09-25,55780.0,0.02198607548552589,0.0778743961352657,0.08817791650409679,-0.3948795834237362,1.7862137862137861,53125.5,58218.5,0.04996658854975489,-0.0418853113700971,-0.48684452621895125,0.7564266266949586,21757800.0,29866910.0,0.7284918326000246,1564754491250.0,312,True,jpx_liquidity,JPX流動性
2,9984,ソフトバンクグループ,情報・通信業,プライム,9984.T,2026-09-25,6150.0,-0.03180100755667503,-0.020544672718585733,0.20896402594849617,-0.012206874397687084,0.6657638136511377,5889.95,5734.25,0.044151478365690666,0.07250294284344072,-0.2875347544022243,0.8226616128383275,62333000.0,61713590.0,1.0100368492579996,387924166735.0,312,True,jpx_liquidity,JPX流動性
3,6857,アドバンテスト,電気機器,プライム,6857.T,2026-09-25,34000.0,0.028433151845129956,0.1273209549071619,-0.013062409288824406,0.04808877928483346,0.6248506571087216,32930.5,31925.916666666668,0.03247749047235837,0.06496550608048324,-0.10005293806246696,0.520374207195464,7899800.0,8906225.0,0.8869975775370598,292363396400.0,312,True,jpx_liquidity,JPX流動性
4,6976,太陽誘電,電気機器,プライム,6976.T,2026-09-25,9160.0,0.02518186905428088,-0.004023050994889643,-0.011866235167206085,-0.4541120381406436,1.3947712418300653,9150.55,11385.483333333334,0.0010327248088912722,-0.19546674200626823,-0.5956742440962259,0.6342830113713785,27217100.0,27554665.0,0.987749261331974,254499811890.0,312,True,jpx_liquidity,JPX流動性
5,5803,フジクラ,非鉄金属,プライム,5803.T,2026-09-25,4986.0,0.015271838729383092,0.051011804384485604,-0.05782312925170063,-0.18675583102267168,0.10677025527192008,5109.1,5066.45,-0.024094263177467767,-0.015878968508521663,-0.3652450668364099,0.5358071332777029,26991600.0,40341460.0,0.6690784121348112,196359652450.0,312,True,jpx_liquidity,JPX流動性
6,4062,イビデン,電気機器,プライム,4062.T,2026-09-25,23345.0,0.04195492077661234,0.22129217891708075,0.16841841841841831,-0.027291666666666714,2.0021862139917697,20392.75,19599.416666666668,0.14476958723075595,0.19110687818089822,-0.11655629139072843,0.756465900395316,11458500.0,8214435.0,1.3949224748871956,173229736025.0,312,True,jpx_liquidity,JPX流動性
7,8035,東京エレクトロン,電気機器,プライム,8035.T,2026-09-25,56520.0,0.048219584569732854,0.11589338598223109,0.02003248511099076,-0.22490400438837077,0.45520082389289396,53724.0,59972.0,0.0520437793165065,-0.05756019475755347,-0.282741116751269,0.3768677973006988,3653300.0,2949530.0,1.2386041165880666,162046201350.0,312,True,jpx_liquidity,JPX流動性
8,6981,村田製作所,電気機器,プライム,6981.T,2026-09-25,8022.0,0.025437811581234815,0.0842005676442763,0.1251051893408135,-0.2551532033426184,1.269949066213922,7363.5,8044.266666666666,0.0894275819922592,-0.002768016972750753,-0.3451428571428572,0.5567343721570693,22514600.0,20738590.0,1.0856379339193263,154324186760.0,312,True,jpx_liquidity,JPX流動性
9,8306,三菱ＵＦＪフィナンシャル・グループ,銀行業,プライム,8306.T,2026-09-25,3714.0,0.03946263643996639,0.012540894220283594,0.05242278265797684,0.14453004622496146,0.4170164059519268,3667.05,3577.733333333333,0.012803206937456402,0.03808742965751133,-0.022374309028691752,0.23049558832684988,47407500.0,38922810.0,1.2179876016145803,147948308570.0,312,True,jpx_liquidity,JPX流動性
10,6920,レーザーテック,電気機器,プライム,6920.T,2026-09-25,40910.0,0.02840623428858713,0.14948019106490595,0.17052932761087258,-0.17856354034897493,0.15892351274787542,35402.0,39731.833333333336,0.15558443025817748,0.02965296508676918,-0.28558316602945555,0.5138053922740631,2941000.0,3157220.0,0.9315157005213447,114081217950.0,312,False,jpx_liquidity,JPX流動性
11,5801,古河電気工業,非鉄金属,プライム,5801.T,2026-09-25,3826.0,0.004990806409246096,0.02877117504705562,-0.04349999999999998,-0.15503533568904593,-0.8763812600969305,3864.85,3768.5833333333335,-0.010052136564161596,0.015235610198350402,-0.9363817758563352,0.6855874876841165,19066200.0,22971655.0,0.8299880874930431,84907503430.0,312,True,jpx_liquidity,JPX流動性
12,8316,三井住友フィナンシャルグループ,銀行業,プライム,8316.T,2026-09-25,6919.0,0.035933522982482424,0.0112540192926045,0.04311774461028195,0.08261617900172125,0.36928557292697417,6904.6,6827.966666666666,0.0020855661443095475,0.013332422048535797,-0.040892708622123686,0.2410417745039721,14825600.0,11881010.0,1.2478400405352743,84857706320.0,312,True,jpx_liquidity,JPX流動性
13,6098,リクルートホールディングス,サービス業,プライム,6098.T,2026-09-25,16335.0,0.020937500000000053,-0.030276046304541393,-0.016260162601625994,0.47961956521739135,1.5862887903736542,16638.0,14513.666666666666,-0.018211323476379326,0.1254909166073357,-0.10321163875926431,0.5608038460201942,4023900.0,4667180.0,0.8621694470751075,78460516825.0,312,True,jpx_liquidity,JPX流動性
14,8411,みずほフィナンシャルグループ,銀行業,プライム,8411.T,2026-09-25,8626.0,0.04178743961352649,0.003256571295650046,0.05092592592592582,0.10674878111367714,0.40603096984515075,8579.15,8376.25,0.005460913960007696,0.029816445306670714,-0.018657565415244548,0.241344280734016,10570300.0,8533630.0,1.2386639683229763,75313730285.0,312,True,jpx_liquidity,JPX流動性
15,7203,トヨタ自動車,輸送用機器,プライム,7203.T,2026-09-25,2989.5,0.0069046817110138825,-0.010427010923535263,-0.03001297858533425,0.0800216763005781,-0.07273573200992556,3056.65,2982.616666666667,-0.02196849492091013,0.0023078169616164157,-0.11866155660377353,0.24470980323742939,21084000.0,24473390.0,0.8615071308061532,75187767702.5,312,True,jpx_liquidity,JPX流動性
16,6146,ディスコ,機械,プライム,6146.T,2026-09-25,54220.0,0.016879219804951218,0.05486381322957201,-0.10675453047775951,-0.30938733919245953,-0.15610894941634246,54634.5,62405.0,-0.007586781246282093,-0.13115936223059055,-0.38720614828209765,0.366155991088697,1120200.0,1390535.0,0.8055892156615979,73711692550.0,312,False,jpx_liquidity,JPX流動性
17,6525,ＫＯＫＵＳＡＩ　ＥＬＥＣＴＲＩＣ,電気機器,プライム,6525.T,2026-09-25,9300.0,0.023214875123775958,0.13028682547399129,0.09553539875132522,-0.06813627254509014,0.7939814814814814,8602.9,8940.683333333332,0.08103081519022659,0.04018894901769254,-0.22499999999999998,0.5502484811224916,6192900.0,8212450.0,0.7540867828723462,71279676885.0,312,True,jpx_liquidity,JPX流動性
18,9983,ファーストリテイリング,小売業,プライム,9983.T,2026-09-25,68620.0,0.010306242638398189,0.030021014710297278,-0.049657807520693154,-0.18377542524087065,0.11359948068808823,68792.8703125,75838.63059895833,-0.0025129103018193266,-0.0951840841790923,-0.21934015927189987,0.200082049191152,756200.0,1010785.0,0.74813140282058,70065236400.0,312,False,jpx_liquidity,JPX流動性
19,7974,任天堂,その他製品,プライム,7974.T,2026-09-25,8100.0,-0.01171303074670571,-0.0022172949002217113,-0.0861913357400722,0.22932159660039453,-0.08978536914260027,8544.2,7951.35,-0.05198848341565043,0.018694938595332777,-0.11018345600351531,0.34742396853186835,6295000.0,7998255.0,0.7870466745558875,68009923980.0,312,True,jpx_liquidity,JPX流動性
20,7011,三菱重工業,機械,プライム,7011.T,2026-09-25,3897.0,-0.008144566047340263,0.05295865982166981,-0.012417638114546325,0.09251471825063073,-0.11792666364870985,3825.85,3889.133333333333,0.018597174484101586,0.002022729999828554,-0.19649484536082473,0.3270120150626533,15832800.0,15926015.0,0.9941469978522562,62277348245.0,312,True,jpx_liquidity,JPX流動性
21,5016,ＪＸ金属,非鉄金属,プライム,5016.T,2026-09-25,3555.0,-0.004201680672268893,-0.027093596059113323,-0.06937172774869105,-0.21919613441686803,-0.008091517857142905,3691.4,3805.55,-0.03695075039280493,-0.06583805231832462,-0.37849650349650354,0.3842957231610092,12140900.0,16683440.0,0.7277216209606652,61181637690.0,312,True,jpx_liquidity,JPX流動性
22,6758,ソニーグループ,電気機器,プライム,6758.T,2026-09-25,3710.0,0.012831012831012734,-0.004026845637583931,-0.03183716075156573,0.15973741794310725,0.1637390213299874,3791.25,3642.516666666667,-0.021430926475436873,0.018526568169443314,-0.08304498269896199,0.28671796060065935,14559900.0,14077560.0,1.0342630399018011,54310790795.0,312,True,jpx_liquidity,JPX流動性
23,6501,日立製作所,電気機器,プライム,6501.T,2026-09-25,5536.0,0.007094778970347493,0.060333269488603625,0.044528301886792354,0.2362661902635106,0.2212662695786456,5369.1,5167.633333333333,0.03108528431208213,0.07128343729237763,-0.040055488122073823,0.2857150551614295,9858600.0,9539305.0,1.0334715160066692,52126907155.0,312,True,jpx_liquidity,JPX流動性
24,8766,東京海上ホールディングス,保険業,プライム,8766.T,2026-09-25,7992.0,0.0075642965204236745,-0.01076865948756034,0.07883369330453571,0.1577574967405475,0.09961474958723171,7911.8,7767.216666666666,0.010136757754240389,0.028940010685938544,-0.047777910163231296,0.2645593675968374,6096500.0,5940980.0,1.0261774993351265,47791733510.0,312,True,jpx_liquidity,JPX流動性
25,6861,キーエンス,電気機器,プライム,6861.T,2026-09-25,79600.0,0.030154005435485853,0.05590083353446862,-0.03221884498480243,0.03242542153048,0.43760158930828963,78263.559765625,79002.18658854166,0.0170761493391971,0.007567048929567832,-0.09194615560118635,0.2611536692775316,731800.0,526130.0,1.3909109915800277,42646791450.0,312,False,jpx_liquidity,JPX流動性
26,8001,伊藤忠商事,卸売業,プライム,8001.T,2026-09-25,2211.0,-0.004278315694663415,-0.04739336492891,0.0439093484419264,0.2058903736023998,0.1082706766917294,2234.925,2060.116666666667,-0.010705057216685243,0.0732401886624543,-0.06708860759493673,0.2582108474574003,21822800.0,17620010.0,1.238523701178376,40676274572.5,312,True,jpx_liquidity,JPX流動性
27,8058,三菱商事,卸売業,プライム,8058.T,2026-09-25,4859.0,0.009977135730617315,-0.010386965376782076,0.019727177334732504,0.10356575062457418,-0.14288234256482624,4910.5,4743.3,-0.010487730373688997,0.024392300718908633,-0.17392043522611356,0.28827116564878946,7325300.0,7926305.0,0.9241758928025101,39677760710.0,312,True,jpx_liquidity,JPX流動性
28,5802,住友電気工業,非鉄金属,プライム,5802.T,2026-09-25,2211.0,0.0047716428084525475,0.1082706766917294,0.00522846101386687,-0.2589861751152074,-0.7543333333333333,2135.625,2296.425,0.03529411764705892,-0.03719912472647713,-0.8416756176154673,0.4763843694356035,14543900.0,17789625.0,0.8175495548669519,37757182510.0,312,True,jpx_liquidity,JPX流動性
29,5706,三井金属,非鉄金属,プライム,5706.T,2026-09-25,22975.0,-0.0021715526601520097,0.007454505590879235,-0.18902223791034234,-0.4580089643783911,-0.22289869778454252,25289.75,30175.75,-0.0915291768404195,-0.23862704323836192,-0.581511839708561,0.6017860412610216,1082700.0,1503765.0,0.7199928180267529,37205097225.0,312,False,jpx_liquidity,JPX流動性
30,4063,信越化学工業,化学,プライム,4063.T,2026-09-25,5889.0,-0.0023716754192782963,0.03442824521341992,-0.019317235636969188,-0.13840526700804678,-0.05275856522438471,5843.35,6347.083333333333,0.007812299451513294,-0.07217225759863455,-0.24558032282859343,0.16226129911624668,5372200.0,6298610.0,0.8529183423009203,36685832710.0,312,True,jpx_liquidity,JPX流動性
31,9432,ＮＴＴ,情報・通信業,プライム,9432.T,2026-09-25,176.10000610351562,0.006861133498617944,-0.01122964588130082,0.04078019668868049,0.22037423686229385,0.12667947962356196,174.06000137329102,160.66000010172527,0.011720123601800969,0.09610361005859702,-0.02166663275824654,0.19861606249139593,180233400.0,205527345.0,0.8769314856862477,35721567921.561356,312,True,jpx_liquidity,JPX流動性
32,6752,パナソニック　ホールディングス,電気機器,プライム,6752.T,2026-09-25,4588.0,0.017746228926353247,0.0910820451843044,0.06425423335652991,0.010572687224669641,0.7646153846153847,4319.85,4308.716666666666,0.0620739146035163,0.06481821733462789,-0.04177109440267335,0.4545924634255292,8978100.0,7974115.0,1.1259055080093527,34766644070.0,312,True,jpx_liquidity,JPX流動性
33,6723,ルネサスエレクトロニクス,電気機器,プライム,6723.T,2026-09-25,3478.0,-0.0034383954154727503,0.10237717908082411,0.022339800117577857,-0.27541666666666664,0.5495656048117621,3308.85,3800.883333333333,0.05112047992504953,-0.08494955120081737,-0.3211009174311926,0.4106534161892389,8775000.0,10489805.0,0.8365265131239332,34443264085.0,312,True,jpx_liquidity,JPX流動性
34,3436,ＳＵＭＣＯ,金属製品,プライム,3436.T,2026-09-25,3117.0,0.0006420545746388395,0.07464230305119801,-0.12023708721422521,-0.18146008403361347,0.7491582491582491,3144.925,3703.858333333333,-0.008879385040978738,-0.15844513491561718,-0.4126625211984172,0.5034142014766106,7411900.0,10948325.0,0.6769894024885085,33858226380.0,312,True,jpx_liquidity,JPX流動性
35,8031,三井物産,卸売業,プライム,8031.T,2026-09-25,5071.0,0.007550168885356756,0.00039455513908071005,0.024651444736310424,0.12488908606921023,-0.1936714899030052,5089.75,4883.133333333333,-0.0036838744535586665,0.038472565429300776,-0.20529697539570602,0.30332953696650966,5530700.0,6502930.0,0.850493546755078,33526293080.0,312,True,jpx_liquidity,JPX流動性
36,7013,ＩＨＩ,機械,プライム,7013.T,2026-09-25,2797.0,-0.004271982912068317,0.008836789900811493,0.037462908011869356,0.046585594013096365,-0.15447400241837972,2724.175,2782.4083333333333,0.02673286407811526,0.005244257822210496,-0.18739105171411974,0.44812906663002555,7524200.0,11883660.0,0.633155105413652,32322394387.5,312,True,jpx_liquidity,JPX流動性
37,6503,三菱電機,電気機器,プライム,6503.T,2026-09-25,5239.0,-0.006636329161926469,0.027254901960784395,-0.06679729248307797,-0.10566746329805399,0.03907179690598972,5284.8,5592.366666666667,-0.008666363911595587,-0.06318732081229772,-0.20137195121951224,0.3357886609492945,6640500.0,5642235.0,1.1769272283058043,30596361555.0,312,True,jpx_liquidity,JPX流動性
38,4004,レゾナック・ホールディングス,化学,プライム,4004.T,2026-09-25,14960.0,0.006729475100942128,0.09117432530999281,-0.07540173053152044,-0.1367570686670514,0.4336367992333494,15200.75,15511.5,-0.015838034307517734,-0.035554266189601225,-0.23084832904884323,0.657344598659882,1916300.0,1917915.0,0.9991579397418551,29102908475.0,312,False,jpx_liquidity,JPX流動性
39,6701,日本電気,電気機器,プライム,6701.T,2026-09-25,4815.0,0.004799666110183676,0.004171011470281538,0.03548387096774186,0.26877470355731226,0.27078384798099764,4758.7,4599.9,0.01183096223758584,0.046761886127959285,-0.06830495356037147,0.40102956420255786,5185400.0,6124750.0,0.8466304747132536,29081015585.0,312,True,jpx_liquidity,JPX流動性
40,7741,ＨＯＹＡ,精密機器,プライム,7741.T,2026-09-25,23485.0,0.01490924805531546,0.051724137931034475,-0.060412082416483326,-0.08172043010752683,-0.1309898242368177,23594.25,24749.583333333332,-0.0046303654492090285,-0.05109513628175555,-0.21794871794871795,0.21307639134955703,1357300.0,1165465.0,1.1645995375236493,28576577625.0,312,False,jpx_liquidity,JPX流動性
41,5713,住友金属鉱山,非鉄金属,プライム,5713.T,2026-09-25,9587.0,0.005137345355420431,0.013317831096078647,-0.1478222222222222,0.25566470203012437,0.03643243243243233,10187.4,8971.133333333333,-0.058935547833598334,0.06864981756299837,-0.17174946004319658,0.5939991282840467,1546000.0,2779925.0,0.5561301114238694,27612121435.0,312,False,jpx_liquidity,JPX流動性
42,7012,川崎重工業,輸送用機器,プライム,7012.T,2026-09-25,2408.0,0.0033333333333334103,0.015177065767284947,-0.07774798927613946,-0.15091678420310295,-0.1744943435035996,2447.275,2657.5416666666665,-0.01604846206494981,-0.09389943713645121,-0.30101596516690854,0.28646396831133475,7358900.0,11267015.0,0.6531366116047596,27445608322.5,312,True,jpx_liquidity,JPX流動性
43,6702,富士通,電気機器,プライム,6702.T,2026-09-25,4028.0,0.008765339343851819,0.021039290240811193,0.08047210300429186,0.2591434823382306,0.29061198333867355,3874.3,3621.983333333333,0.03967168262653886,0.11209788375613727,0.0,0.37568463213140024,7302900.0,6744185.0,1.0828439611309595,26808236365.0,312,True,jpx_liquidity,JPX流動性
44,6954,ファナック,電気機器,プライム,6954.T,2026-09-25,5985.0,-0.005979073243647215,0.0470608817354794,-0.010253018025467187,-0.14816396242527752,0.09095880422894642,5886.3,6425.283333333334,0.016767748840528007,-0.06852356705411178,-0.28986710963455153,0.2832160694195906,4706800.0,4461850.0,1.0548987527595055,26403907480.0,312,True,jpx_liquidity,JPX流動性
45,6762,ＴＤＫ,電気機器,プライム,6762.T,2026-09-25,2978.0,0.00795396852259267,0.05099700017646014,-0.023286323384716257,-0.166993006993007,0.4890000000000001,2916.675,3091.1916666666666,0.021025654212416534,-0.03661748570535095,-0.2756020432984675,0.419897237013273,9616900.0,8838780.0,1.0880347740299001,26101034672.5,312,True,jpx_liquidity,JPX流動性
46,9433,ＫＤＤＩ,情報・通信業,プライム,9433.T,2026-09-25,3039.0,0.002639392939623786,-0.0016425755584756896,0.04450936587042453,0.13353226408056695,0.12181616832779629,3000.7,2903.975,0.012763688472689827,0.04649661240196634,-0.022515278224509494,0.14974712091190426,8776100.0,8414990.0,1.0429127069669721,25699731732.5,312,True,jpx_liquidity,JPX流動性
47,8002,丸紅,卸売業,プライム,8002.T,2026-09-25,4916.0,0.007790077900778902,-0.007269789983844865,-0.008271131732902948,0.04774083546462071,-0.14697206316154776,5019.95,5011.183333333333,-0.02070737756352148,-0.018994183010666132,-0.196600751756823,0.2605705818721811,6739800.0,4742525.0,1.4211416913985693,24863315140.0,312,True,jpx_liquidity,JPX流動性
48,7936,アシックス,その他製品,プライム,7936.T,2026-09-25,4144.0,0.008272506082725117,0.0070473876063184004,-0.11735889243876463,-0.06624605678233442,0.003875968992248069,4204.35,4596.283333333334,-0.014354180788944904,-0.09840196970740855,-0.21530013255065328,0.3221665689825718,5440700.0,5799425.0,0.9381447298654608,24820098755.0,312,True,jpx_liquidity,JPX流動性
49,5401,日本製鉄,鉄鋼,プライム,5401.T,2026-09-25,685.5,0.0066079295154184425,0.01106194690265494,0.019785759523123225,0.2617338770513986,0.1927962161814849,686.0149993896484,642.5166656494141,-0.0007507115589405755,0.06689839602392444,-0.02710754505782398,0.27816384281552975,23941300.0,35842990.0,0.6679492977566883,24501517345.89508,312,True,jpx_liquidity,JPX流動性
50,7267,本田技研工業,輸送用機器,プライム,7267.T,2026-09-25,1735.5,0.0014425851125217104,0.036119402985074656,0.02329009433962259,0.19730941704035865,0.36599763872491153,1685.875,1628.075,0.029435752947282623,0.06598283248621839,-0.00998288648031942,0.27425659743772735,14681100.0,14482905.0,1.0136847545433738,24315036322.5,312,True,jpx_liquidity,JPX流動性
51,4502,武田薬品工業,医薬品,プライム,4502.T,2026-09-25,5969.0,0.014273576890399431,0.020865401060372823,0.026836401169791912,0.17338313347749157,0.044810082268510465,5811.9,5609.316666666667,0.027030747259932264,0.06412248669624043,0.0,0.20025493865147082,3826100.0,4105100.0,0.9320357603956054,24097416585.0,312,True,jpx_liquidity,JPX流動性
52,6367,ダイキン工業,機械,プライム,6367.T,2026-09-25,20860.0,0.006756756756756799,0.021797697771246627,0.001440230436869916,-0.1326403326403326,0.09876218066894915,20756.25,22566.25,0.004998494429388822,-0.07561070182241181,-0.20229445506692156,0.1389112609388479,1007800.0,1135480.0,0.8875541621164618,23752170200.0,312,False,jpx_liquidity,JPX流動性
53,8725,ＭＳ＆ＡＤインシュアランスグループホールディングス,保険業,プライム,8725.T,2026-09-25,5030.0,0.012072434607645954,-0.024815820085304363,-0.008280757097791747,0.18604102805942002,0.25093260382989313,5117.8,4854.85,-0.01715580913673853,0.036077324737118444,-0.04372623574144485,0.27707562932972973,4654700.0,4565545.0,1.019527789124847,23736149610.0,312,True,jpx_liquidity,JPX流動性
54,8308,りそなホールディングス,銀行業,プライム,8308.T,2026-09-25,2540.0,0.050020669698222386,0.031262687779131104,0.051324503311258374,0.2083729781160799,0.4606095457159287,2494.2,2372.5,0.018362601234864995,0.07060063224446789,-0.0039215686274509665,0.31508562192242745,8871400.0,9201420.0,0.9641337967400684,23268518177.5,312,True,jpx_liquidity,JPX流動性
55,2914,日本たばこ産業,食料品,プライム,2914.T,2026-09-25,6943.0,0.010331781140861418,0.024041297935103234,-0.006155167477812751,0.16669467316417408,0.1464663143989431,6845.85,6668.316666666667,0.014191079267001028,0.04119230490453618,-0.026909600560616642,0.15869979947737609,4213200.0,3306150.0,1.2743523433601016,23144504250.0,312,True,jpx_liquidity,JPX流動性
56,7735,ＳＣＲＥＥＮホールディングス,電気機器,プライム,7735.T,2026-09-25,13740.0,0.03308270676691727,0.1317957166392092,0.03269447576099216,-0.1690353794980345,0.5067441605439194,13042.5,14622.333333333334,0.053479010925819415,-0.06034148676681794,-0.2950230887634685,0.42632417432978614,1966100.0,1738560.0,1.1308784281244249,22670686350.0,312,False,jpx_liquidity,JPX流動性
57,6330,東洋エンジニアリング,建設業,プライム,6330.T,2026-09-25,2617.0,-0.008712121212121171,-0.028582034149962854,-0.004942965779467734,0.35175619834710736,-0.051467923160565476,2682.8,2294.483333333333,-0.024526613985388468,0.1405617822458216,-0.10006877579092155,0.7178076756159996,6378600.0,8365665.0,0.7624737543279584,22626689215.0,312,True,jpx_liquidity,JPX流動性
58,6301,小松製作所,機械,プライム,6301.T,2026-09-25,7640.0,0.05978637813843801,0.0821529745042493,0.026881720430107503,0.2071417285511139,0.27333333333333343,7347.05,6996.516666666666,0.03987314636486761,0.0919719574740765,0.0,0.30995684808451696,5019500.0,2845005.0,1.7643202736023311,21958881345.0,312,True,jpx_liquidity,JPX流動性
59,9104,商船三井,海運業,プライム,9104.T,2026-09-25,7106.0,0.0002815315315314315,0.01153024911032019,-0.014970889936235077,0.3615635179153094,0.05071713736507477,7096.85,6322.016666666666,0.0012893044097028739,0.12400842558149971,-0.04463565474589948,0.2880262177706225,2549700.0,3179110.0,0.8020169166842293,21781344870.0,312,False,jpx_liquidity,JPX流動性
60,8136,サンリオ,卸売業,プライム,8136.T,2026-09-25,1210.0,-0.0016501650165016146,-0.008196721311475419,-0.003705228489090162,0.10805860805860812,0.23419009574500826,1238.725,1219.8166666666666,-0.02318916627984413,-0.008047657434860356,-0.16809900309384673,0.35419660231307926,8112300.0,17774120.0,0.4564107815182974,21713242555.0,312,True,jpx_liquidity,JPX流動性
61,9501,東京電力ホールディングス,電気・ガス業,プライム,9501.T,2026-09-25,522.0999755859375,-0.006281021459420888,-0.014533809710165935,0.00830434124051771,0.14345153001941124,-0.17714739860372342,547.1599945068359,519.7716629028321,-0.04580016662856612,0.004479491379161038,-0.21500527025883642,0.4335408163067737,34331100.0,39464420.0,0.8699253656838235,21349265054.47937,312,True,jpx_liquidity,JPX流動性
62,1605,ＩＮＰＥＸ,鉱業,プライム,1605.T,2026-09-25,3857.0,0.005998956703181957,-0.020071138211382067,-0.005415162454873612,0.1698513800424628,-0.21156991005723635,3910.3,3673.383333333333,-0.013630667723704137,0.04998570799852997,-0.1795362688789619,0.3245371076037705,4263800.0,5354835.0,0.7962523588495257,21155970465.0,312,True,jpx_liquidity,JPX流動性
63,9101,日本郵船,海運業,プライム,9101.T,2026-09-25,7365.0,0.015161957270847681,0.01810893005252967,0.031368155720487234,0.3988603988603989,0.2873623492396433,7233.9,6362.616666666667,0.018123004188612013,0.15754262528257512,-0.02656621728786679,0.29758296957618313,2138100.0,3098355.0,0.6900758628368925,21083906265.0,312,False,jpx_liquidity,JPX流動性
64,8591,オリックス,その他金融業,プライム,8591.T,2026-09-25,6171.0,0.020000000000000018,0.010148960550008246,-0.017200191113234564,0.005048859934853489,0.34239721557537517,6192.55,6307.466666666666,-0.0034799880501570346,-0.021635733310785055,-0.07522853289375098,0.2020161968540875,2776600.0,3328425.0,0.8342083718275161,20808148455.0,312,False,jpx_liquidity,JPX流動性
65,8053,住友商事,卸売業,プライム,8053.T,2026-09-25,1798.0,0.016680802940344908,0.01581920903954792,0.016393442622950838,0.15981293339783909,-0.6927546138072453,1806.8,1699.3583333333333,-0.004870489262784994,0.05804641948186329,-0.7664631770359787,0.3138399010498561,9076400.0,10607610.0,0.855649858922038,19491045932.5,312,True,jpx_liquidity,JPX流動性
66,7182,ゆうちょ銀行,銀行業,プライム,7182.T,2026-09-25,3349.0,0.04656250000000006,0.02730061349693247,0.0508315029808597,0.09123492994460736,0.33879672196682,3310.7,3254.8,0.011568550457607296,0.02894187046823138,-0.028430519292138134,0.27065543471822084,7916000.0,5499185.0,1.4394860329303343,19020063595.0,312,True,jpx_liquidity,JPX流動性
67,3382,セブン＆アイ・ホールディングス,小売業,プライム,3382.T,2026-09-25,2005.5,0.00275000000000003,-0.016911764705882404,0.0013971603547795475,0.05358550039401111,-0.0610955056179775,2027.2918029785155,2042.493739827474,-0.01074921870965928,-0.018112045636232255,-0.11103723404255317,0.14258272162770294,8585600.0,8900120.0,0.9646611506361712,18163426400.0,312,True,jpx_liquidity,JPX流動性
68,9434,ソフトバンク,情報・通信業,プライム,9434.T,2026-09-25,245.89999389648438,-0.0016240728798910808,-0.018755036283158777,0.027580404348340304,0.20127013953331652,0.15500235296411113,243.1000015258789,229.9433339436849,0.011517862414770041,0.06939387926204188,-0.022655055917153222,0.1569510927383639,74666600.0,74222130.0,1.0059883757041195,18044192928.352585,312,True,jpx_liquidity,JPX流動性
69,6273,ＳＭＣ,機械,プライム,6273.T,2026-09-25,69620.0,0.016202014304481205,0.040968899521531155,-0.03426272714662226,-0.028060868351249435,0.14037674037674042,68256.5,71261.0,0.019976119490451527,-0.02302802374370272,-0.17667928098391672,0.32471167839688125,289800.0,250425.0,1.1572327044025157,17169302450.0,312,False,jpx_liquidity,JPX流動性
70,4568,第一三共,医薬品,プライム,4568.T,2026-09-25,2929.0,0.017013888888888884,0.032610611669310785,0.03516522353772755,0.1551962137645435,0.03994319190484652,2842.1,2766.9333333333334,0.030575982548115777,0.05857266769468006,-0.023666666666666614,0.2814022617385178,6404400.0,5794120.0,1.1053274699177786,16826087112.5,312,True,jpx_liquidity,JPX流動性
71,8750,第一ライフグループ,保険業,プライム,8750.T,2026-09-25,1907.0,0.019513499064421236,0.006598046978094407,0.05826859045504995,0.10454677092383435,0.35633001422475097,1866.75,1861.35,0.021561537431364686,0.024525210196900238,-0.02654415518121489,0.2384040732187828,8401200.0,8683850.0,0.9674510729687869,16366488502.5,312,True,jpx_liquidity,JPX流動性
72,4519,中外製薬,医薬品,プライム,4519.T,2026-09-25,6616.0,-0.00511278195488718,0.017846153846153845,-0.04805755395683453,-0.10206297502714445,-0.23602771362586605,6692.55,6994.933333333333,-0.01143809160932685,-0.054172543936563566,-0.28071319852141774,0.23655719551816443,3185400.0,2331730.0,1.3661101413971601,16182218805.0,312,False,jpx_liquidity,JPX流動性
73,6971,京セラ,電気機器,プライム,6971.T,2026-09-25,3764.0,0.03123287671232866,0.06598697252902852,0.044975013881177084,0.10348871298739382,0.5732497387669802,3568.1,3664.3166666666666,0.054903169754211056,0.02720379879832069,-0.038815117466802884,0.2786659260164191,4078000.0,4466270.0,0.9130661603530463,16158133180.0,312,True,jpx_liquidity,JPX流動性
74,8604,野村ホールディングス,証券、商品先物取引業,プライム,8604.T,2026-09-25,1586.0,0.02355598580187168,-0.035573122529644285,0.00922685332484896,0.11415525114155245,0.3183707398171238,1627.725,1569.45,-0.02563393693652183,0.010545095415591454,-0.05313432835820897,0.2625808472086797,9617000.0,9856535.0,0.9756978491934539,16137389057.5,312,True,jpx_liquidity,JPX流動性
75,8309,三井住友トラストグループ,銀行業,プライム,8309.T,2026-09-25,1801.5,0.023579545454545547,0.0160744500846024,0.038927335640138505,-0.6983422638981915,-0.6345841784989859,1775.525,2747.2375,0.01462947578885121,-0.3442503605895013,-0.7333875980464704,0.2034392342705375,9345100.0,8860935.0,1.0546403963012934,16082266792.5,312,False,jpx_liquidity,JPX流動性
76,8015,豊田通商,卸売業,プライム,8015.T,2026-09-25,7449.0,0.01195489743241418,0.016373311502251298,-0.004676643506146494,0.2502517623363545,0.24711200401808142,7517.95,6945.533333333334,-0.009171383156312496,0.07248783390764313,-0.0334760607240171,0.24927117655487355,2065100.0,2113405.0,0.9771435195809606,16013739710.0,312,False,jpx_liquidity,JPX流動性
77,6506,安川電機,電気機器,プライム,6506.T,2026-09-25,4480.0,-0.0059906811626359024,0.04283054003724396,-0.09116510342793194,-0.342143906020558,0.0852713178294573,4528.62568359375,5270.530403645834,-0.010737404014182661,-0.14999067325349125,-0.41476159372958854,0.31579629195048614,2961700.0,3480655.0,0.8509030627855964,15892890730.0,312,False,jpx_liquidity,JPX流動性
78,8630,ＳＯＭＰＯホールディングス,保険業,プライム,8630.T,2026-09-25,6888.0,0.01773049645390068,0.012941176470588234,0.012494487726003145,0.12438785504407446,0.15415549597855227,6827.25,6805.066666666667,0.008898165439964911,0.012186997923116172,-0.06425757369922569,0.22725527294951964,2294900.0,2177230.0,1.0540457370144634,15081786450.0,312,False,jpx_liquidity,JPX流動性
79,3563,ＦＯＯＤ　＆　ＬＩＦＥ　ＣＯＭＰＡＮＩＥＳ,小売業,プライム,3563.T,2026-09-25,4920.0,0.005312627707396711,-0.005256773150020266,-0.13608428446005272,-0.012940114354498933,-0.4800803127972102,5460.35,5421.783333333334,-0.09895885794866632,-0.09254949939595525,-0.5475862068965518,0.36750079330585256,2192800.0,2768620.0,0.7920191286633774,14985500585.0,312,False,jpx_liquidity,JPX流動性
80,4578,大塚ホールディングス,医薬品,プライム,4578.T,2026-09-25,11160.0,0.010869565217391353,-0.02319474835886215,-0.07692307692307687,0.030946882217089966,-0.007558915073365924,11691.5,11601.25,-0.04546037719710905,-0.03803469453722663,-0.12160566706021247,0.25866458251698543,1325000.0,1250660.0,1.0594406153550926,14953807425.0,312,False,jpx_liquidity,JPX流動性
81,4661,オリエンタルランド,サービス業,プライム,4661.T,2026-09-25,2968.0,0.0038897344833417336,-0.027841467409105758,-0.010666666666666713,0.23744006670835938,0.12530805687203794,3062.825,2885.35,-0.030959979757250178,0.02864470514842221,-0.06900878293600998,0.26952280411204055,4755200.0,4757390.0,0.9995396635550166,14895051650.0,312,True,jpx_liquidity,JPX流動性
82,6871,日本マイクロニクス,電気機器,プライム,6871.T,2026-09-25,13830.0,0.005087209302325535,0.116222760290557,-0.002883922134102379,-0.1935860058309038,0.4391259105098855,12801.0,14204.833333333334,0.08038434497304903,-0.026387731875300746,-0.21643059490084982,0.6368726626263735,767600.0,1150345.0,0.6672780774463313,14665356050.0,312,False,jpx_liquidity,JPX流動性
83,7832,バンダイナムコホールディングス,その他製品,プライム,7832.T,2026-09-25,5551.0,0.013141084139441483,-0.001439107753193003,-0.004483500717360145,0.5010816657652786,0.45276105731483907,5542.4,4896.283333333334,0.0015516743648962272,0.13371707111176145,-0.039619377162629754,0.332048014653849,2090300.0,2654200.0,0.7875442694597242,14656838330.0,312,False,jpx_liquidity,JPX流動性
84,5108,ブリヂストン,ゴム製品,プライム,5108.T,2026-09-25,3839.0,0.009997369113391219,0.026470588235294024,-0.07135945815191103,0.12845385067607284,0.17328850855745714,3909.85,3867.483333333333,-0.018120899778763855,-0.007364823808764465,-0.1113425925925926,0.20489378147651496,4182700.0,3653970.0,1.1447001480581396,14586722680.0,312,True,jpx_liquidity,JPX流動性
85,8267,イオン,小売業,プライム,8267.T,2026-09-25,1300.0,0.0,-0.03774981495188745,-0.06324544603638105,-0.00497512437810943,-0.3177643663080556,1357.666552734375,1372.0582051595052,-0.04247475392115474,-0.05251832968057524,-0.3369038510584035,0.26081214349148385,10644600.0,10755865.0,0.9896554112570212,14583167815.0,312,True,jpx_liquidity,JPX流動性
86,9107,川崎汽船,海運業,プライム,9107.T,2026-09-25,3451.0,0.013211978860833806,0.01949778434268823,0.008769365682548935,0.4034160227734851,0.2993222891566265,3392.95,3003.5416666666665,0.017109005437746072,0.14897690226815574,-0.028434684684684686,0.3321482794170786,3478900.0,4624850.0,0.7522189908861909,14578878245.0,312,True,jpx_liquidity,JPX流動性
87,5411,ＪＦＥホールディングス,鉄鋼,プライム,5411.T,2026-09-25,1845.5,-0.0005415651232060226,0.010402408978921418,0.006270447110141797,0.19256865912762522,0.014568444200109942,1852.825,1778.6333333333334,-0.003953422476488666,0.037594407691298404,-0.04674586776859502,0.31204145503562347,4655800.0,7821515.0,0.5952555227471915,14415306525.0,312,True,jpx_liquidity,JPX流動性
88,9503,関西電力,電気・ガス業,プライム,9503.T,2026-09-25,2760.0,-0.0019887904538058443,-0.06234075080686263,0.06502025853752658,0.21505613031036752,0.04308390022675734,2878.85,2542.6,-0.04128384598016566,0.08550302839613,-0.08790482485128881,0.44051694174975503,5521800.0,4827950.0,1.14371524145859,14238578580.0,312,True,jpx_liquidity,JPX流動性
89,6178,日本郵政,サービス業,プライム,6178.T,2026-09-25,2579.0,0.037826961770623724,0.03970973594033467,0.08452481076534912,0.19342896807033783,0.44118468846046377,2487.45,2402.2083333333335,0.036804759894671246,0.07359547638457653,0.0,0.25892143715907845,5531300.0,5558250.0,0.9951513515944767,14170429732.5,312,True,jpx_liquidity,JPX流動性
90,2802,味の素,食料品,プライム,2802.T,2026-09-25,5051.0,0.010604241696678729,0.0371663244353182,-0.08113516463525561,-0.11711239293829745,0.13582190240611647,5128.45,5335.216666666666,-0.015102028878121065,-0.05327181339089626,-0.18202429149797572,0.18562343368473286,3000500.0,2720440.0,1.1029465821705313,14156618790.0,312,False,jpx_liquidity,JPX流動性
91,4503,アステラス製薬,医薬品,プライム,4503.T,2026-09-25,2399.0,0.0169563374311148,0.036285097192224613,-0.0066252587991718626,0.11841491841491836,-0.062341215555989815,2342.275,2268.758333333333,0.0242179078033109,0.057406584365162994,-0.09727187206020693,0.22562778662584626,5627600.0,5946980.0,0.9462954306219291,14117403195.0,312,True,jpx_liquidity,JPX流動性
92,8801,三井不動産,不動産業,プライム,8801.T,2026-09-25,1507.5,0.004330446369087193,0.024464831804281273,-0.003964321110009883,0.01858108108108114,-0.08691701998788615,1505.725,1515.4166666666667,0.0011788341164555849,-0.005224085784987675,-0.15640738668158927,0.19278720348551315,10088600.0,9189190.0,1.0978769619520328,14112727452.5,312,True,jpx_liquidity,JPX流動性
93,6963,ローム,電気機器,プライム,6963.T,2026-09-25,4792.0,0.010544074230282474,0.06229217468410542,0.01568461212378125,-0.10295769374766006,0.5334399999999999,4753.2,4857.0,0.00816292182108902,-0.013382746551369173,-0.19462184873949584,0.5244168192748149,2407800.0,2928620.0,0.8221619738989695,13989164295.0,312,False,jpx_liquidity,JPX流動性
94,6326,クボタ,機械,プライム,6326.T,2026-09-25,2782.0,0.01145246318851112,0.0054210336104083545,-0.007314897413024046,0.020730141258484602,0.12997562956945563,2846.925,2766.366666666667,-0.0228053074808785,0.0056512151920087295,-0.08124174372523119,0.31260197734142114,4451100.0,4768130.0,0.9335106215644289,13952766925.0,312,True,jpx_liquidity,JPX流動性
95,6361,荏原製作所,機械,プライム,6361.T,2026-09-25,4440.0,-0.01552106430155209,0.04274307186472526,-0.09957412289596435,-0.2855993563958166,0.043968963084881185,4458.85,5258.816666666667,-0.004227547461789549,-0.15570359618291818,-0.34116973324573197,0.361313833210064,3385600.0,2997160.0,1.1296026905470513,13694039160.0,312,False,jpx_liquidity,JPX流動性
96,8473,ＳＢＩホールディングス,証券、商品先物取引業,プライム,8473.T,2026-09-25,3298.0,0.014457090126114958,0.005181347150259086,0.020420792079207883,0.2230669386241424,0.1507327285415212,3306.15,3036.2083333333335,-0.0024651029142658265,0.08622322249516245,-0.03764225269915378,0.33765056472459826,2696100.0,4146120.0,0.6502706144539956,13679444525.0,312,False,jpx_liquidity,JPX流動性
97,7751,キヤノン,電気機器,プライム,7751.T,2026-09-25,4613.0,0.010736196319018454,0.04248587570621476,0.0008678672163158208,0.10411680229775011,0.059485530546623755,4541.5,4483.283333333334,0.015743697016404212,0.028933408179273368,-0.02884210526315789,0.21214823063823374,2669100.0,2983345.0,0.8946668923641081,13650943860.0,312,False,jpx_liquidity,JPX流動性
98,5711,三菱マテリアル,非鉄金属,プライム,5711.T,2026-09-25,5148.0,-0.0019387359441643826,0.039789941425974584,-0.08528784648187637,0.1799220719688288,0.04126213592233019,5353.9,4820.066666666667,-0.038457946543640986,0.06803502026251373,-0.1560655737704918,0.6043985361079425,1664500.0,2510895.0,0.6629110337150698,13616839370.0,312,False,jpx_liquidity,JPX流動性
99,5020,ＥＮＥＯＳホールディングス,石油・石炭製品,プライム,5020.T,2026-09-25,1436.0,0.009845288326300938,0.02279202279202286,0.07044353335818121,0.1823795800741046,-0.00034806822137134485,1397.9,1320.9333333333334,0.027255168466986168,0.08711012415463815,-0.04074816299265194,0.36737836029335763,12562600.0,9420575.0,1.333527942827269,13611979507.5,312,True,jpx_liquidity,JPX流動性
100,3110,日東紡績,ガラス・土石製品,プライム,3110.T,2026-09-25,2980.0,-0.009966777408637828,0.03328710124826628,0.0030292830696734274,-0.24095771777890984,-0.8491902834008097,2995.7,3171.9666666666667,-0.005240845211469725,-0.0605197616620603,-0.9067292644757433,0.5472270011981287,3500300.0,4771075.0,0.7336501731790005,13594618180.0,312,True,jpx_liquidity,JPX流動性
101,8802,三菱地所,不動産業,プライム,8802.T,2026-09-25,3655.0,0.005502063273727709,0.029577464788732355,-0.014824797843665749,-0.10875396244818336,-0.14482919981282172,3690.05,3877.1833333333334,-0.00949851628026721,-0.05730534623502459,-0.2340737636211232,0.22022461129163085,3843500.0,3616060.0,1.0628971864404906,13517368260.0,312,True,jpx_liquidity,JPX流動性
102,7269,スズキ,輸送用機器,プライム,7269.T,2026-09-25,1989.5,-0.0007533902561527306,-0.018500246669955644,-0.06111373289287403,0.013241660300483904,0.06675603217158166,2073.675,2053.9166666666665,-0.04059218537138176,-0.03136284334807471,-0.11773835920177389,0.3099153390363202,7915700.0,6274770.0,1.2615123741587342,13354202457.5,312,True,jpx_liquidity,JPX流動性
103,7532,パン・パシフィック・インターナショナルホールディングス,小売業,プライム,7532.T,2026-09-25,712.0,-0.005586592178770999,-0.021036694692375013,-0.1253071253071253,-0.1290519877675841,-0.28218572187192514,758.0649963378906,834.9383341471354,-0.06076655242020723,-0.14724241194736043,-0.2823303925801527,0.23621553945776153,13017200.0,17723115.0,0.7344758525800911,13324784285.757141,312,True,jpx_liquidity,JPX流動性
104,6902,デンソー,輸送用機器,プライム,6902.T,2026-09-25,1924.0,0.006539366989275486,0.00706621303323729,0.001301066874837442,0.026133333333333342,0.01745108408249596,1917.775,1945.1083333333333,0.003245949081617905,-0.01085200909975026,-0.12862318840579712,0.20494356498980543,5839500.0,6727985.0,0.8679418875042082,12998140812.5,312,True,jpx_liquidity,JPX流動性
105,6526,ソシオネクスト,電気機器,プライム,6526.T,2026-09-25,2244.0,-0.024347826086956514,0.18541996830427898,0.143730886850153,-0.10934709267711851,0.17640891218872867,1977.4,2188.116666666667,0.1348235056134317,0.02553946696931142,-0.256953642384106,0.6156061655648063,8422200.0,6214375.0,1.3552770793523081,12864769110.0,312,True,jpx_liquidity,JPX流動性
106,6594,ニデック,電気機器,プライム,6594.T,2026-09-25,2840.0,0.006378454996456506,0.07494322482967442,0.08979278587874129,0.11679119150609507,0.43724696356275294,2663.5,2651.65,0.06626619110193355,0.0710312446966983,-0.020351845463953078,0.512452922208661,3803700.0,4665455.0,0.8152902557199673,12726530385.0,312,True,jpx_liquidity,JPX流動性
107,4901,富士フイルムホールディングス,化学,プライム,4901.T,2026-09-25,3449.0,0.02374591867022846,0.06780185758513935,0.06155740227762396,0.0037834691501745787,0.17813834329632794,3305.55,3457.0333333333333,0.0433967115911118,-0.002323765077956952,-0.11062403300670454,0.23666560333205602,4392100.0,3826855.0,1.1477048385684852,12700505320.0,312,True,jpx_liquidity,JPX流動性
108,9843,ニトリホールディングス,小売業,プライム,9843.T,2026-09-25,3075.0,0.013513513513513598,-0.03241032095657648,0.0006508298080052377,0.26024590163934436,0.2092017302398741,3148.35,2802.733333333333,-0.02329791795702507,0.09714326490806613,-0.0934551886792453,0.4261563428388504,4181700.0,3776850.0,1.1071925016879145,12291912660.0,312,True,jpx_liquidity,JPX流動性
109,4755,楽天グループ,サービス業,プライム,4755.T,2026-09-25,680.2000122070312,-0.016767816985577833,-0.07279166460747888,-0.11535961684306717,-0.014488553786058733,-0.05906765910215761,735.2100006103516,775.7933319091796,-0.07482214381966035,-0.12322008422900355,-0.23271290219173013,0.2827540964812394,32863300.0,15612325.0,2.104958742531942,12215449824.623413,312,True,jpx_liquidity,JPX流動性
110,7201,日産自動車,輸送用機器,プライム,7201.T,2026-09-25,301.20001220703125,-0.0075782134858937145,-0.0364683098973112,-0.06979609770827866,0.0040000406901041785,-0.10250295968669831,314.2000015258789,322.0016672770182,-0.04137488623715657,-0.06460107876426391,-0.2451127513608239,0.3573749629027068,34729100.0,37897565.0,0.9163939688473389,11980246172.746735,312,True,jpx_liquidity,JPX流動性
111,4307,野村総合研究所,情報・通信業,プライム,4307.T,2026-09-25,5089.0,0.01092570520460856,-0.01566731141199229,-0.0046939174652845805,0.18321320623110915,0.1974117647058824,5099.45,5009.516666666666,-0.0020492406043788325,0.015866467490210256,-0.08733859397417498,0.4103112857393898,1966100.0,2276640.0,0.8635972310070982,11763404235.0,312,False,jpx_liquidity,JPX流動性
112,7272,ヤマハ発動機,輸送用機器,プライム,7272.T,2026-09-25,1816.0,-0.004931506849315093,0.038010860245784484,-0.07488537952114116,0.47044534412955463,0.6236030397854269,1837.55,1617.3083333333334,-0.011727572038856104,0.12285330049413368,-0.07957425240750127,0.3082167546812895,5265100.0,6186275.0,0.8510937518943145,11428595082.5,312,True,jpx_liquidity,JPX流動性
113,6787,メイコー,電気機器,プライム,6787.T,2026-09-25,23870.0,0.003784693019343921,0.14484412470023988,0.3268482490272373,-0.21090909090909093,-0.1294675419401896,20000.0,21869.0,0.1935,0.09149938268782298,-0.450632911392405,0.6719373786484811,705800.0,534625.0,1.3201776946457797,11203465100.0,312,False,jpx_liquidity,JPX流動性
114,9697,カプコン,情報・通信業,プライム,9697.T,2026-09-25,4415.0,0.003409090909090917,0.014709262238565834,0.034927332395686905,0.4978795589482612,0.33303140096618367,4304.05,3885.3333333333335,0.025778046258756238,0.13632463967055597,-0.0038357400722022206,0.26654605985694946,2316500.0,2549355.0,0.9086612103845875,11115118225.0,312,False,jpx_liquidity,JPX流動性
115,7453,良品計画,小売業,プライム,7453.T,2026-09-25,4050.0,0.027136697945726596,0.011741194104421648,-0.05219476492558417,0.1564820102798401,0.22282608695652173,4129.9,4133.340201822916,-0.01934671541683808,-0.020162918548577435,-0.10517012814847548,0.23561411647850591,3156500.0,2605910.0,1.2112851172910806,10937968395.0,312,False,jpx_liquidity,JPX流動性
116,4689,ＬＩＮＥヤフー,情報・通信業,プライム,4689.T,2026-09-25,512.2999877929688,-0.01442862673361045,-0.09311388625917072,-0.051823062433103306,0.24951216534870424,0.36395095705024705,540.675,489.8050003051758,-0.052480718004404125,0.04592641454002577,-0.09311388625917072,0.3381775933451884,26257900.0,19814370.0,1.325194795494381,10911435173.596191,312,True,jpx_liquidity,JPX流動性
117,3659,ネクソン,情報・通信業,プライム,3659.T,2026-09-25,3116.0,-0.010165184243964398,-0.019200503619767106,0.0006422607578677741,0.4792309518158082,0.06438941076003424,3130.85,2700.0833333333335,-0.004743120877716889,0.15403845560322216,-0.02776911076443056,0.23664473764827512,3302200.0,3341835.0,0.988139749568725,10598102695.0,312,False,jpx_liquidity,JPX流動性
118,4543,テルモ,精密機器,プライム,4543.T,2026-09-25,2296.5,0.009672455484721842,0.024080267558528323,-0.11554015020219521,0.03820072332730562,0.0914923954372624,2369.925,2357.0583333333334,-0.030981993101047545,-0.02569233543223015,-0.1406922357343312,0.22662700215036036,5424500.0,4298985.0,1.2618094736315666,10388204237.5,312,True,jpx_liquidity,JPX流動性
119,1812,鹿島建設,建設業,プライム,1812.T,2026-09-25,4909.0,-0.014652749899638717,0.008008213552361365,0.015305067218200685,-0.14907262957184952,-0.17301212938005395,4946.75,5262.366666666667,-0.007631273058068433,-0.06714976151414764,-0.2528158295281583,0.28810444078268455,1861600.0,2024130.0,0.9197037739670871,10064309550.0,312,False,jpx_liquidity,JPX流動性
120,4684,オービック,情報・通信業,プライム,4684.T,2026-09-25,5061.0,0.0007909827961241067,-0.001184132622853773,0.059673366834170904,0.372660699755899,0.33114150447133084,4990.3,4567.933333333333,0.014167484920746265,0.10794086311825923,-0.00978282136568187,0.3002736137628583,1599900.0,1974850.0,0.810137478795858,9933863865.0,312,False,jpx_liquidity,JPX流動性
121,5334,日本特殊陶業,ガラス・土石製品,プライム,5334.T,2026-09-25,7621.0,0.02750438182553583,0.04943541724042966,-0.12412366394667285,-0.2972798524665745,0.039841724655478306,7719.15,9108.866666666667,-0.012715130551938958,-0.1633426770985048,-0.30655141037306644,0.39327015410178995,1387500.0,1256215.0,1.1045083843131949,9849911510.0,312,False,jpx_liquidity,JPX流動性
122,1801,大成建設,建設業,プライム,1801.T,2026-09-25,12435.0,-0.017384433030422808,0.014274061990211973,-0.028894962905115174,-0.11178571428571427,-0.23875114784205698,12704.0,13215.583333333334,-0.021174433249370295,-0.059065371058157345,-0.3301912200377054,0.3194827020300308,725100.0,769415.0,0.9424042941715459,9805761050.0,312,False,jpx_liquidity,JPX流動性
123,8601,大和証券グループ本社,証券、商品先物取引業,プライム,8601.T,2026-09-25,1845.5,0.024993057484032244,0.004900626191124413,0.017645437000275654,0.15596617601002194,0.23444816053511697,1839.225,1800.7,0.003411763106743404,0.024879213639140252,-0.017828632251197463,0.24666454124362505,5862700.0,5251770.0,1.1163283997585576,9801572805.0,312,True,jpx_liquidity,JPX流動性
124,7270,ＳＵＢＡＲＵ,輸送用機器,プライム,7270.T,2026-09-25,2660.0,0.0121765601217656,0.011791555724610214,0.017986988136241777,0.10787172011661816,0.07561665992721389,2631.9,2590.45,0.010676697442911998,0.026848617035650335,-0.0661751799192557,0.2621452627637707,3462800.0,3718380.0,0.9312657662745605,9799624835.0,312,False,jpx_liquidity,JPX流動性
125,9020,東日本旅客鉄道,陸運業,プライム,9020.T,2026-09-25,3460.0,-0.0008663008951775852,-0.019274376417233507,-0.04551724137931035,0.021854695806261093,-0.04419889502762431,3534.6,3536.366666666667,-0.021105641373847073,-0.021594668727790367,-0.12071156289707752,0.20149947771464025,3206000.0,2791565.0,1.1484597349515415,9757968725.0,312,False,jpx_liquidity,JPX流動性
126,2502,アサヒグループホールディングス,食料品,プライム,2502.T,2026-09-25,1614.0,0.005294300840859467,-0.004318322023442289,-0.04383886255924174,0.050097592713077344,0.02281368821292773,1634.825,1639.2083333333333,-0.012738366491826358,-0.015378358455555241,-0.09147199549676333,0.1716577765007307,4475000.0,5956640.0,0.7512624566869913,9712515950.0,312,True,jpx_liquidity,JPX流動性
127,6988,日東電工,化学,プライム,6988.T,2026-09-25,3548.0,0.009962994591517171,0.09879219572623099,0.04939367051168286,0.12563451776649748,0.16518883415435148,3376.5,3360.0,0.05079224048570996,0.055952380952380976,-0.00893854748603351,0.3334953608522889,3082500.0,2785560.0,1.1065997501400078,9669075855.0,312,False,jpx_liquidity,JPX流動性
128,8830,住友不動産,不動産業,プライム,8830.T,2026-09-25,3207.0,-0.002488335925349916,0.01359039190897593,-0.05731922398589062,-0.10218365061590151,-0.26947608200455586,3266.9,3507.5,-0.018335425020661766,-0.08567355666429077,-0.3527749747729566,0.22870354987213146,2070900.0,2936380.0,0.7052561316995757,9591611885.0,312,False,jpx_liquidity,JPX流動性
129,8729,ソニーフィナンシャルグループ,保険業,プライム,8729.T,2026-09-25,162.3000030517578,0.02139716353600596,-0.004294459805166739,0.001233787419566701,0.19426056174353068,0.1333799337329531,161.93500137329102,156.68333409627277,0.00225400114472718,0.03584726472589561,-0.021109770419650786,0.2861334225427386,59839600.0,59635535.0,1.003421869192588,9510638526.290512,241,True,jpx_liquidity,JPX流動性
130,9766,コナミグループ,情報・通信業,プライム,9766.T,2026-09-25,21270.0,-0.005610098176718092,-0.0007047216349541641,-0.04146011716989639,0.23090277777777768,0.11273868689510858,21360.5,20370.083333333332,-0.004236792209920126,0.0441783497858379,-0.06320193789914119,0.3016214912061557,441000.0,439195.0,1.0041097917781396,9461738775.0,312,False,jpx_liquidity,JPX流動性
131,1803,清水建設,建設業,プライム,1803.T,2026-09-25,2210.0,-0.05977451606041273,-0.04638619201726002,-0.07318096036905009,-0.13553686681009192,-0.21029122744327322,2387.2,2429.475,-0.07422922252010722,-0.09033844760699328,-0.3621933621933622,0.39070685258261073,16834900.0,3261075.0,5.162377436888143,9424612420.0,312,True,jpx_liquidity,JPX流動性
132,9502,中部電力,電気・ガス業,プライム,9502.T,2026-09-25,2839.0,-0.010456605088881132,-0.017307026652821023,-0.02456622573440992,-0.0535089181530255,0.07721494972490994,2934.6,2932.883333333333,-0.03257684181830567,-0.032010592534081894,-0.12646153846153851,0.338639129125003,3614100.0,3163310.0,1.142505792982667,9385564810.0,312,True,jpx_liquidity,JPX流動性
133,4452,花王,化学,プライム,4452.T,2026-09-25,3513.0,0.008034433285509346,0.020331106593087345,-0.027946873270614292,0.09987476518472138,-0.4175095340739513,3508.55,3416.633333333333,0.0012683302218865489,0.02820515322100703,-0.4398915816326531,0.15122472481397353,3144000.0,2636125.0,1.1926596804021055,9291492375.0,312,False,jpx_liquidity,JPX流動性
134,6383,ダイフク,機械,プライム,6383.T,2026-09-25,5549.0,0.005071545009961875,0.033718330849478395,-0.05323323664903601,-0.2214115336046022,-0.00072033135242211,5595.85,6123.95,-0.008372275883020475,-0.09388548240922934,-0.2839076009807717,0.2776650632743787,1763100.0,1633265.0,1.0794941421018633,9217013915.0,312,False,jpx_liquidity,JPX流動性
135,1925,大和ハウス工業,建設業,プライム,1925.T,2026-09-25,4551.0,0.004192409532215446,-0.007848266841072649,-0.03355277128902101,0.02870705244122962,-0.07668898356664633,4647.3,4613.366666666667,-0.020721709379639797,-0.0135186884487829,-0.09881188118811879,0.13825316347940242,2333900.0,1867085.0,1.2500234322486656,8784838640.0,312,False,jpx_liquidity,JPX流動性
136,7966,リンテック,その他製品,プライム,7966.T,2026-09-25,5750.0,0.007005253940455258,0.07677902621722854,0.051188299817184646,-0.14688427299703266,0.26931567328918327,5446.5,6076.5,0.05572385935922153,-0.05373158890808849,-0.21340629274965806,0.37743744496426374,2116500.0,1536070.0,1.377866894086858,8666549500.0,312,False,jpx_liquidity,JPX流動性
137,7733,オリンパス,精密機器,プライム,7733.T,2026-09-25,2024.0,0.014536340852130403,0.024810126582278436,-0.06555863342566948,0.20190023752969122,0.35838926174496644,2033.55,1925.725,-0.00469622089449484,0.051032727933635336,-0.07453132144490171,0.22399705662865801,3524800.0,4237350.0,0.8318406551264351,8639337557.5,312,True,jpx_liquidity,JPX流動性
138,4911,資生堂,化学,プライム,4911.T,2026-09-25,3500.0,-0.008498583569405138,0.007194244604316502,-0.05020352781546811,0.3760566149007274,0.10270951480781343,3511.25,3288.3166666666666,-0.003203987184051238,0.06437437594716644,-0.07063197026022305,0.2557993605804198,2667200.0,2417025.0,1.1035053423113124,8637514225.0,312,False,jpx_liquidity,JPX流動性
139,7003,三井Ｅ＆Ｓ,機械,プライム,7003.T,2026-09-25,4314.0,-0.011230804492321833,0.03453237410071952,0.01793298725814063,0.05528375733855184,-0.2578702907276793,4312.15,4411.233333333334,0.00042902032628733267,-0.022042210417343666,-0.32551594746716694,0.4675184537090177,1370900.0,1981375.0,0.691893255945997,8581260410.0,312,False,jpx_liquidity,JPX流動性
140,5019,出光興産,石油・石炭製品,プライム,5019.T,2026-09-25,1663.0,0.0075734625870949035,0.038725796377264254,0.2063837504533914,0.3592153657539845,0.06773675762439813,1548.9,1372.65,0.07366518174188119,0.21152515207809697,-0.005977286312014329,0.3834345036015825,3878000.0,5429030.0,0.7143080808173836,8570028752.5,312,True,jpx_liquidity,JPX流動性
141,6504,富士電機,電気機器,プライム,6504.T,2026-09-25,13615.0,0.018324607329842868,0.09138276553106217,-0.028194147037830075,-0.004751461988304118,0.2571560480147739,13206.5,13451.416666666666,0.030931738159239774,0.01216104871234136,-0.21186685962373375,0.3638085425556972,898900.0,626165.0,1.4355641085017528,8537282450.0,312,False,jpx_liquidity,JPX流動性
142,6479,ミネベアミツミ,電気機器,プライム,6479.T,2026-09-25,3595.0,-0.0030504714364947283,0.051477040070196045,0.0744172145845785,-0.25182101977107185,0.3744981839036514,3402.9,3781.9166666666665,0.05645184989273844,-0.04942379305026112,-0.3147159740754861,0.3407413540564107,2465300.0,2528085.0,0.9751649964301042,8494161705.0,312,False,jpx_liquidity,JPX流動性
143,1928,積水ハウス,建設業,プライム,1928.T,2026-09-25,3369.0,0.005971931919976026,0.008078994614003632,-0.02630057803468211,0.008682634730538874,-0.04533862283933121,3383.9,3433.622623697917,-0.00440320340435596,-0.01882053760128133,-0.08401305057096253,0.1435508507242426,2306300.0,2466360.0,0.935102742503122,8413676800.0,312,False,jpx_liquidity,JPX流動性
144,4385,メルカリ,情報・通信業,プライム,4385.T,2026-09-25,3635.0,0.022791221159257136,-0.05999482803206624,-0.18424596050269304,-0.034015413234121716,-0.018628509719222475,4107.55,4390.75,-0.11504424778761069,-0.17212321357399074,-0.2773359840954275,0.47928409969308655,2312400.0,2053195.0,1.1262447064209682,8393578890.0,312,False,jpx_liquidity,JPX流動性
145,9022,東海旅客鉄道,陸運業,プライム,9022.T,2026-09-25,3778.0,0.006125166444740371,-0.01665799062988027,-0.04692230070635717,0.10467836257309937,-0.07447329740323372,3867.0,3817.95,-0.023015257305404657,-0.010463730536020566,-0.12647398843930635,0.16717644944990095,2423600.0,2138515.0,1.133309796751484,8356090140.0,312,False,jpx_liquidity,JPX流動性
146,6532,ベイカレント,サービス業,プライム,6532.T,2026-09-25,7673.0,0.00026072220049533357,-0.004798962386511008,-0.009452941667399961,0.3872717410956428,0.7304916553901668,7719.527172851563,7198.766381835938,-0.006027205010067482,0.06587706740430654,-0.0633544921875,0.38046686710447053,1085700.0,1058660.0,1.025541722554928,8288347895.0,312,False,jpx_liquidity,JPX流動性
147,2503,キリンホールディングス,食料品,プライム,2503.T,2026-09-25,2867.5,0.016483516483516425,0.016303384724437375,-0.07020103761348895,0.01594331266607618,0.14631221267239658,2906.45,2925.4583333333335,-0.013401228302568402,-0.01981171041574692,-0.08474305777210345,0.18332452385965464,2746800.0,2823435.0,0.9728575299236568,8146333132.5,312,False,jpx_liquidity,JPX流動性
148,8331,千葉銀行,銀行業,プライム,8331.T,2026-09-25,2834.5,0.037518301610541815,0.04286239882266374,0.01358841408903988,0.15036525974025983,0.41406834622100264,2779.475,2724.891666666667,0.019796904091600176,0.040224840742904,-0.009262495630898315,0.2526334063544347,3392700.0,2816950.0,1.2043877243117556,8064347507.5,312,True,jpx_liquidity,JPX流動性
149,7261,マツダ,輸送用機器,プライム,7261.T,2026-09-25,1150.0,-0.00519031141868509,0.002178649237472685,-0.044056525353283416,0.046405823475887065,0.1047070124879923,1172.475,1158.225,-0.019168852214332843,-0.007101383582637122,-0.09591194968553463,0.32129786435499447,6522900.0,6779045.0,0.9622151792767271,8003877165.0,312,True,jpx_liquidity,JPX流動性
150,9735,セコム,サービス業,プライム,9735.T,2026-09-25,6392.0,0.006297229219143663,0.001723867732330353,-0.007453416149068359,-0.0009377930603313711,0.06693373393423463,6401.7,6554.866666666667,-0.0015152225190183666,-0.024846678803535305,-0.10875627440044622,0.1378136818286815,1266500.0,1221445.0,1.0368866383668525,7977400895.0,312,False,jpx_liquidity,JPX流動性
151,8697,日本取引所グループ,その他金融業,プライム,8697.T,2026-09-25,2333.0,0.02594547053649965,0.06166097838452789,0.03116022099447524,0.1595427435387673,0.2878829699144356,2232.675,2215.45,0.04493488752281438,0.05305919790561742,0.0,0.26375816931044244,4217700.0,3440445.0,1.225916996202526,7952637422.5,312,True,jpx_liquidity,JPX流動性
152,1802,大林組,建設業,プライム,1802.T,2026-09-25,3067.0,0.0016329196603526164,0.015562913907284814,0.01859847226834943,-0.042161149281698895,-0.19119198312236285,3039.85,3126.858333333333,0.008931361744823008,-0.019143282794498173,-0.2193942479002291,0.23218321681840287,2720700.0,2535920.0,1.0728650746080317,7870510607.5,312,False,jpx_liquidity,JPX流動性
153,6305,日立建機,機械,プライム,6305.T,2026-09-25,5746.0,0.01789193976970771,0.02169274537695598,-0.03200808625336926,0.07462128296240889,0.0948932926829269,5778.9,5545.683333333333,-0.005693124989184728,0.03612118734992076,-0.047097844112769516,0.29638240700691365,1262700.0,1422210.0,0.8878435674056574,7856633230.0,312,False,jpx_liquidity,JPX流動性
154,7911,ＴＯＰＰＡＮホールディングス,その他製品,プライム,7911.T,2026-09-25,4918.0,-0.0006096321885795675,0.062203023758099274,-0.005661140315406432,-0.050579150579150634,0.13344088499654294,4919.85,4933.633333333333,-0.0003760277244225785,-0.0031687262261078653,-0.11323476379372521,0.414669791916111,1435700.0,1574020.0,0.9121230988170417,7730193840.0,312,False,jpx_liquidity,JPX流動性
155,4507,塩野義製薬,医薬品,プライム,4507.T,2026-09-25,2938.0,0.007026563838903099,0.011707988980716344,0.00927516317416699,0.06642468239564425,-0.1586483390607102,2913.85,2878.45,0.008288003843711866,0.020688217617120364,-0.1899641577060932,0.21085556178955314,2423900.0,2581045.0,0.9391157457541423,7657548180.0,312,False,jpx_liquidity,JPX流動性
156,4188,三菱ケミカルグループ,化学,プライム,4188.T,2026-09-25,1170.5,-0.0012798634812286602,0.014298093587521654,0.03036971830985924,0.06943809958885327,0.2926559911651021,1194.875,1181.5,-0.0203996233915682,-0.009310198899703748,-0.08768511301636783,0.3855237503598992,5256600.0,6286895.0,0.8361202151459505,7575914135.0,312,True,jpx_liquidity,JPX流動性
157,7186,横浜フィナンシャルグループ,銀行業,プライム,7186.T,2026-09-25,1930.5,0.03985995152168065,0.02278145695364242,0.012057667103538616,0.12664137729792824,0.3923548503425893,1912.1,1884.25,0.00962292767114703,0.02454557516253142,-0.02622950819672132,0.2512568435287941,4637200.0,3912085.0,1.1853525677484003,7539319840.0,312,True,jpx_liquidity,JPX流動性
158,5333,ＮＧＫ,ガラス・土石製品,プライム,5333.T,2026-09-25,5415.0,0.009131569139023465,0.06804733727810652,0.0012943786982249073,-0.27886536156612063,0.3490284005979074,5217.4,5887.9,0.03787327021121634,-0.0803172608230438,-0.3104546033363046,0.3225329961240405,1156200.0,1456960.0,0.7935701735119701,7536093820.0,312,False,jpx_liquidity,JPX流動性
159,3407,旭化成,化学,プライム,3407.T,2026-09-25,1645.5,0.024276377217553602,0.04942602040816335,0.007346189164370909,-0.08277591973244147,0.0922668436773979,1609.3,1715.1583333333333,0.02249425215932388,-0.04061335445221281,-0.1344029458179905,0.24558762138527682,5907600.0,4571450.0,1.2922814424307385,7500250620.0,312,True,jpx_liquidity,JPX流動性
160,3099,三越伊勢丹ホールディングス,小売業,プライム,3099.T,2026-09-25,3343.0,0.0036025217652355668,0.048291000313577914,-0.047849615494161224,-0.1883952415634863,0.1680642907058001,3301.1,3586.5833333333335,0.012692738784041646,-0.06791514672738685,-0.197358943577431,0.29587806866816563,1321800.0,2274930.0,0.5810288668222758,7496918820.0,312,False,jpx_liquidity,JPX流動性
161,6645,オムロン,電気機器,プライム,6645.T,2026-09-25,6325.0,-0.0004740834386851578,0.07040108309358595,-0.02331686226065477,0.12704918032786883,0.45536125172572484,6237.4,6063.566666666667,0.0140443133356849,0.04311543810848395,-0.10194519380945621,0.31648908491219874,1129700.0,1187580.0,0.9512622307549807,7357695860.0,312,False,jpx_liquidity,JPX流動性
162,3038,神戸物産,卸売業,プライム,3038.T,2026-09-25,2946.5,-0.005568680391495051,-0.06933038534428304,0.03440407231876419,0.14094869312681513,-0.14791787160208214,2982.85,2820.6583333333333,-0.012186331863821454,0.04461428921735178,-0.14693109438332363,0.4277435937557277,1878800.0,2355485.0,0.797627664790903,7186244777.5,312,False,jpx_liquidity,JPX流動性
163,4005,住友化学,化学,プライム,4005.T,2026-09-25,586.2000122070312,-0.003400203941675617,0.04585193970924406,0.05602600970800986,0.15099160859458416,0.14536933604648383,580.3200012207031,546.3249994913737,0.010132359687688774,0.07298771382012736,-0.06462422085707697,0.4462646209723291,6771500.0,12238505.0,0.5532947038874437,7170783164.899902,312,True,jpx_liquidity,JPX流動性
164,8795,Ｔ＆Ｄホールディングス,保険業,プライム,8795.T,2026-09-25,4993.0,0.023785113799466906,0.016283329940973035,0.047409272078875686,0.06642460486971369,0.2868556701030929,4902.35,4923.616666666667,0.018491131804134753,0.014091944607114604,-0.035355486862442054,0.25545311768321793,1382600.0,1431865.0,0.965593823440059,7076789305.0,312,False,jpx_liquidity,JPX流動性
165,2768,双日,卸売業,プライム,2768.T,2026-09-25,5756.0,0.007350367518375922,0.004712864374236236,0.010533707865168607,0.08953246261593795,-0.07918733002719569,5749.35,5497.383333333333,0.0011566524911510445,0.04704359346719511,-0.12827502650310463,0.2608872183177795,1170900.0,1203840.0,0.9726375598086124,7003672975.0,312,False,jpx_liquidity,JPX流動性
166,4704,トレンドマイクロ,情報・通信業,プライム,4704.T,2026-09-25,6541.0,-0.0071341833636915375,0.03300694883133293,0.177709758732445,0.17012522361359572,0.2646945088940449,6035.65,6179.15,0.08372751899132669,0.0585598342814142,-0.06101062302612692,0.4686647169569628,1504200.0,1094670.0,1.3741127463071063,6901295720.0,312,False,jpx_liquidity,JPX流動性
167,9202,ＡＮＡホールディングス,空運業,プライム,9202.T,2026-09-25,3045.0,0.010956175298804771,0.02318548387096775,-0.0016393442622950616,0.014999999999999902,0.06301274218886377,2997.725,3047.5416666666665,0.01577029247179107,-0.0008340055509221678,-0.05464141570940706,0.1816265094791643,2071000.0,2254845.0,0.9184666795278611,6835065577.5,312,False,jpx_liquidity,JPX流動性
168,5201,ＡＧＣ,ガラス・土石製品,プライム,5201.T,2026-09-25,5710.0,0.003867791842475432,0.03292329956584661,-0.0008748906386701893,-0.18903564834540543,0.04982533553962121,5648.65,6014.966666666666,0.0108610021863631,-0.05070130618623536,-0.30543729473300085,0.2558976213205756,1141400.0,1200325.0,0.9509091287776227,6817974600.0,312,False,jpx_liquidity,JPX流動性
169,9706,日本空港ビルデング,不動産業,プライム,9706.T,2026-09-25,5545.0,0.0028938325194429737,0.012785388127853903,-0.051812585499316,0.12955795477694032,0.05478409739395085,5655.0,5553.216666666666,-0.01945181255526085,-0.0014796229212498124,-0.07552517505835277,0.20305878277106545,681200.0,1241805.0,0.5485563353344527,6721972625.0,312,False,jpx_liquidity,JPX流動性
170,5838,楽天銀行,銀行業,プライム,5838.T,2026-09-25,6394.0,0.048540505083634056,0.0017233275889081412,-0.00975685302772189,0.2689025600317523,0.10469937802349683,6395.05,5901.8,-0.00016418949030894137,0.08339828526890103,-0.059013980868285465,0.3614333283794385,1532700.0,1024240.0,1.4964266187612278,6655901865.0,312,True,jpx_liquidity,JPX流動性
171,5631,日本製鋼所,機械,プライム,5631.T,2026-09-25,7319.0,-0.018769272020378036,0.018083182640144635,-0.04626009903570494,-0.05243397203521494,-0.16886213945037476,7316.05,7605.733333333334,0.0004032230506898493,-0.03769963010360611,-0.2602587426723266,0.494994919419227,567500.0,908035.0,0.6249759095189062,6612528915.0,312,False,jpx_liquidity,JPX流動性
172,9024,西武ホールディングス,陸運業,プライム,9024.T,2026-09-25,3586.0,0.009856378484933925,0.02633085289066961,0.05408583186360971,0.19792884583263737,-0.17752293577981648,3517.75,3470.9333333333334,0.01940160614028863,0.03315150583896731,-0.21359649122807023,0.25365297714507745,1105900.0,1888455.0,0.5856109888771509,6582401065.0,312,False,jpx_liquidity,JPX流動性
173,6315,ＴＯＷＡ,機械,プライム,6315.T,2026-09-25,2193.0,0.008275862068965578,0.02861163227016883,-0.061617458279845994,-0.3092913385826772,-0.04277608031427327,2210.4,2613.7833333333333,-0.007871878393051035,-0.16098630975533545,-0.38050847457627124,0.36422358745788563,3005300.0,2982515.0,1.0076395257023016,6569515715.0,312,False,jpx_liquidity,JPX流動性
174,5831,しずおかフィナンシャルグループ,銀行業,プライム,5831.T,2026-09-25,3624.0,0.04739884393063587,0.0315969257045261,0.028668748225943785,0.19525065963060695,0.3740284360189574,3578.5,3401.65,0.012714824647198641,0.06536533740978645,-0.017353579175705014,0.2752165825844083,1952300.0,1800145.0,1.0845237466981827,6557926320.0,312,True,jpx_liquidity,JPX流動性
175,6481,ＴＨＫ,機械,プライム,6481.T,2026-09-25,6429.0,0.031114675220529353,0.08634673876309562,-0.06022511328753111,-0.1383192601527945,0.390956295975768,6292.5,6844.75,0.021692491060786745,-0.06073998319880203,-0.20592062506423037,0.42881542483325386,822700.0,1018045.0,0.808117519363093,6408798920.0,312,False,jpx_liquidity,JPX流動性
176,7826,フルヤ金属,その他製品,プライム,7826.T,2026-09-25,11700.0,0.09345794392523366,0.13043478260869557,0.3146067415730338,0.39368671828469326,0.8780096308186196,10240.5,8389.333333333334,0.14252233777647572,0.39462809917355357,0.0,0.7626738191422101,762400.0,587345.0,1.2980445904877032,6222859200.0,312,True,jpx_liquidity,JPX流動性
177,9532,大阪瓦斯,電気・ガス業,プライム,9532.T,2026-09-25,5863.0,0.010339479579527744,-0.03537347811780189,0.04360982556069781,0.09018222387504649,-0.09367753903230791,5890.7,5596.55,-0.004702327397423045,0.04760968811142585,-0.10488549618320608,0.2631825166679222,1001600.0,1026870.0,0.9753912374497259,6187009460.0,312,False,jpx_liquidity,JPX流動性
178,9531,東京瓦斯,電気・ガス業,プライム,9531.T,2026-09-25,6226.0,0.009567050429706514,-0.017205998421468083,0.02166064981949467,0.01881852397316308,-0.18122041031036296,6248.5,6138.3,-0.003600864207409793,0.01428734340126736,-0.18561151079136695,0.23755507465169248,917700.0,984355.0,0.9322856083425187,6135096255.0,312,False,jpx_liquidity,JPX流動性
179,5101,横浜ゴム,ゴム製品,プライム,5101.T,2026-09-25,6986.0,0.001720676799541243,0.04097749962747721,-0.06441676710861122,-0.05325924922076164,0.1844693116310614,7018.4,7405.9,-0.004616436794711021,-0.05669803805074325,-0.11781790630130062,0.29122976485485175,981400.0,874730.0,1.1219462005418814,6124829115.0,312,False,jpx_liquidity,JPX流動性
180,2801,キッコーマン,食料品,プライム,2801.T,2026-09-25,1662.0,0.008189262966332933,-0.008648971070682965,-0.09205135208959303,0.017447199265381075,0.15577190542420039,1736.45,1707.1,-0.04287483083302146,-0.02641907328217441,-0.09918699186991875,0.2284251107235726,2573800.0,3513165.0,0.7326157467696507,6120310117.5,312,False,jpx_liquidity,JPX流動性
181,7202,いすゞ自動車,輸送用機器,プライム,7202.T,2026-09-25,2192.0,-0.003183265120509371,-0.00045599635202919764,-0.009489380930863045,-0.0015941698929629045,-0.010607086436470348,2213.05,2269.6833333333334,-0.009511759788527252,-0.03422650736886945,-0.1127302165553532,0.2731239551199928,3628100.0,2686465.0,1.3505108013690854,6113672452.5,312,True,jpx_liquidity,JPX流動性
182,9506,東北電力,電気・ガス業,プライム,9506.T,2026-09-25,1329.5,-0.0056095736724008916,-0.05675771550195108,0.012181195279786783,0.27591170825335887,0.11863693731594438,1375.95,1239.3916666666667,-0.03375849413132748,0.0727036785519779,-0.08625429553264607,0.3221685155341968,3879400.0,4334415.0,0.8950227424000702,6110923595.0,312,True,jpx_liquidity,JPX流動性
183,2413,エムスリー,サービス業,プライム,2413.T,2026-09-25,1767.5,0.021381103727246442,0.01434720229555242,0.010000000000000009,0.0005660911406737412,0.12115445607358066,1758.575,1791.3666666666666,0.005075131853915726,-0.013323161087437807,-0.10912298387096775,0.3625119005405688,3600500.0,3506025.0,1.0269464707182636,6091786175.0,312,True,jpx_liquidity,JPX流動性
184,4506,住友ファーマ,医薬品,プライム,4506.T,2026-09-25,1595.0,0.0034602076124568004,0.00789889415481837,0.10610263522884877,0.10457063711911352,-0.242999525391552,1569.225,1434.0583333333334,0.01642530548519172,0.11222811717329018,-0.28539426523297495,0.3984567233062786,2081900.0,3843965.0,0.541602225826718,6060480370.0,312,False,jpx_liquidity,JPX流動性
185,8050,セイコーグループ,精密機器,プライム,8050.T,2026-09-25,10410.0,0.020588235294117574,0.08777429467084641,-0.04495412844036695,0.3244274809160306,0.8295254833040422,10233.0,9218.666666666666,0.01729698035766636,0.12923054671680645,-0.11854360711261647,0.7843027776718726,414200.0,597085.0,0.6937035765427033,6044397100.0,312,False,jpx_liquidity,JPX流動性
186,543A,ＡＲＣＨＩＯＮ,輸送用機器,プライム,543A.T,2026-09-25,294.0,0.027972027972027913,0.08487084870848705,0.08487084870848705,0.05755395683453246,-0.24031007751937983,277.3,283.6166666666667,0.060223584565452626,0.03661044837515415,-0.4335260115606936,0.2819329824279668,34292800.0,20849160.0,1.644804874632839,6019636240.0,312,True,jpx_liquidity,JPX流動性
187,5332,ＴＯＴＯ,ガラス・土石製品,プライム,5332.T,2026-09-25,5916.0,0.009728622631848483,0.045968882602545946,-0.0837850394920242,-0.3066916676432673,0.12642802741812642,5954.35,6833.133333333333,-0.006440669426553747,-0.13421856249451203,-0.36489533011272146,0.28317993846137907,834600.0,1011705.0,0.8249440301273593,6007823135.0,312,False,jpx_liquidity,JPX流動性
188,7550,ゼンショーホールディングス,小売業,プライム,7550.T,2026-09-25,10435.0,0.021037181996086174,-0.07980599647266318,-0.10697475395806588,0.31572311183961665,0.12518869959025225,11366.5,10371.716666666667,-0.08195134826023842,0.0061015293193187325,-0.13041666666666663,0.33418730564532717,629000.0,522715.0,1.2033325999827822,5961346500.0,312,False,jpx_liquidity,JPX流動性
189,5105,ＴＯＹＯ　ＴＩＲＥ,ゴム製品,プライム,5105.T,2026-09-25,3871.0,0.009650495565988626,0.047631935047361296,0.012290794979079589,0.01948907031867253,0.07170542635658905,3732.55,3871.883333333333,0.037092604251784955,-0.00022814048288299915,-0.09556074766355138,0.3073985367346012,1249100.0,1598720.0,0.781312550040032,5932783160.0,312,False,jpx_liquidity,JPX流動性
190,4186,東京応化工業,化学,プライム,4186.T,2026-09-25,8358.0,0.008202653799758819,0.042794759825327544,-0.042502004811547756,-0.25141065830721,0.09469548133595285,8291.95,9259.2,0.007965556955842557,-0.09733022291342674,-0.28072289156626506,0.34398413171112696,739200.0,700690.0,1.054960110747977,5880601985.0,312,False,jpx_liquidity,JPX流動性
191,4182,三菱瓦斯化学,化学,プライム,4182.T,2026-09-25,3906.0,0.01718749999999991,0.050000000000000044,0.019577133907595856,-0.23396744459697982,0.08139534883720922,3843.3,4202.766666666666,0.016314105065958984,-0.07061221576263255,-0.3105030891438658,0.31246504045724655,1045700.0,1578010.0,0.6626700717992915,5879492850.0,312,False,jpx_liquidity,JPX流動性
192,9201,日本航空,空運業,プライム,9201.T,2026-09-25,3096.0,0.0038910505836575737,0.028229823978744628,0.024148197155143825,0.08784258608573436,0.19907048799380322,3017.375,2988.175,0.026057417457226784,0.03608389736210227,-0.005780346820809301,0.1792187047948728,1902300.0,1905700.0,0.9982158786797503,5816033225.0,312,False,jpx_liquidity,JPX流動性
193,6324,ハーモニック・ドライブ・システムズ,機械,プライム,6324.T,2026-09-25,6300.0,-0.007874015748031482,0.07692307692307687,0.08996539792387548,-0.11267605633802813,0.6622691292875988,5846.0,6514.166666666667,0.07765993841943208,-0.03287706281182046,-0.2913385826771654,0.4426650956098702,814800.0,1005130.0,0.8106414095689115,5804103300.0,312,False,jpx_liquidity,JPX流動性
194,4751,サイバーエージェント,サービス業,プライム,4751.T,2026-09-25,1249.5,0.002808988764045006,-0.0106888361045131,-0.06996650539635285,-0.038476337052712584,-0.05448354143019296,1275.35,1371.175,-0.02026894577958982,-0.08873776140901046,-0.20717005076142136,0.2578992196100383,4094600.0,4506775.0,0.9085432487754548,5803421957.5,312,True,jpx_liquidity,JPX流動性
195,4523,エーザイ,医薬品,プライム,4523.T,2026-09-25,4955.0,0.010811913504692017,0.03943780155233889,0.019337584859082435,0.24154347281383104,0.015368852459016313,4773.8,4652.1,0.03795718295697337,0.0651103802583779,-0.040286655045516206,0.20549488724875156,1189600.0,1177110.0,1.0106107330665783,5736963190.0,312,False,jpx_liquidity,JPX流動性
196,9147,ＮＩＰＰＯＮ　ＥＸＰＲＥＳＳホールディングス,陸運業,プライム,9147.T,2026-09-25,5793.0,0.024222065063649323,0.056923918992884515,0.014003150708909562,0.15975975975975976,0.6541976013706454,5591.0,5471.833333333333,0.036129493829368586,0.05869452651457463,-0.012444595976815576,0.2805512432184566,1020900.0,1016010.0,1.0048129447544807,5718710555.0,312,False,jpx_liquidity,JPX流動性
197,6269,三井海洋開発,機械,プライム,6269.T,2026-09-25,9050.0,-0.009087922916894753,-0.002864698104891983,-0.08280125671430016,-0.05709522817253598,-0.40086064217146644,9398.05,9780.666666666666,-0.03703427838753781,-0.07470520073614606,-0.4142394822006472,0.34722632493051014,543700.0,614560.0,0.8846979953137204,5709728830.0,312,False,jpx_liquidity,JPX流動性
198,9021,西日本旅客鉄道,陸運業,プライム,9021.T,2026-09-25,3037.0,0.010312707917498276,-0.006542361792607143,0.017079705291359604,0.1346908275733234,-0.03064155761251197,3019.25,2955.35,0.005878943446220086,0.02762786133622086,-0.05653929791860823,0.14967134717454747,1764400.0,1859505.0,0.948854668312266,5675550142.5,312,False,jpx_liquidity,JPX流動性
199,4203,住友ベークライト,化学,プライム,4203.T,2026-09-25,8183.0,0.01905354919053548,0.04856483854433624,0.1091081593927894,0.07444852941176472,0.7065693430656934,7544.0,7341.766666666666,0.08470307529162246,0.11458186721633767,0.0,0.5177127222307298,716100.0,754065.0,0.9496528813829047,5619899205.0,312,False,jpx_liquidity,JPX流動性
200,7259,アイシン,輸送用機器,プライム,7259.T,2026-09-25,2237.0,0.0035890533871691943,0.007203962179198609,-0.0048932384341636714,0.014742572011793964,0.029215550954681424,2237.175,2264.016666666667,-7.822365259768649e-05,-0.011933068808386404,-0.11177288068294622,0.3008118048177307,2654300.0,2469665.0,1.074761151816137,5608275462.5,312,False,jpx_liquidity,JPX流動性
201,1911,住友林業,建設業,プライム,1911.T,2026-09-25,1220.5,0.004526748971193317,-0.010137875101378757,-0.0898583146905294,-0.09592592592592597,-0.1291473421334285,1277.525,1322.7916666666667,-0.04463709125066051,-0.0773301414306864,-0.16547008547008546,0.23081683780673679,4425100.0,4243990.0,1.0426744643601893,5500659437.5,312,True,jpx_liquidity,JPX流動性
202,6113,アマダ,機械,プライム,6113.T,2026-09-25,2504.0,0.007240547063555924,0.07629486352890602,-0.031709203402938924,-0.15548060708263067,0.1415545931160247,2466.85,2713.8333333333335,0.015059691509414774,-0.07731990419455881,-0.21750000000000003,0.3705807115705599,1178400.0,2286770.0,0.5153119902744919,5437426570.0,312,False,jpx_liquidity,JPX流動性
203,8593,三菱ＨＣキャピタル,その他金融業,プライム,8593.T,2026-09-25,1378.5,0.009520322226290734,-0.0039739884393064084,-0.011119081779053075,0.053093964858670795,-0.019907571987202277,1392.875,1399.625,-0.01032038050794215,-0.015093328570152664,-0.09189723320158105,0.14836872431786102,3953000.0,3821145.0,1.0345066727381453,5403806332.5,312,True,jpx_liquidity,JPX流動性
204,9602,東宝,情報・通信業,プライム,9602.T,2026-09-25,1580.0,0.0,-0.023787457522397304,0.013529931111167626,0.25198098256735335,-0.042714328991214745,1587.9197021484374,1488.5181315104167,-0.0049874701710181935,0.061458350122181926,-0.08511870295309787,0.21667413795331852,2436100.0,3418755.0,0.7125693417633028,5388756445.0,312,False,jpx_liquidity,JPX流動性
205,6448,ブラザー工業,電気機器,プライム,6448.T,2026-09-25,4732.0,0.01371036846615259,0.058376202191903426,0.015450643776824036,0.26119402985074625,0.6507936507936507,4665.35,4282.083333333333,0.014286173598979657,0.10506957283253882,-0.063341250989707,0.34060450621493404,1191300.0,1133655.0,1.0508488032073249,5357324930.0,312,False,jpx_liquidity,JPX流動性
206,4183,三井化学,化学,プライム,4183.T,2026-09-25,2121.5,-0.013255813953488405,0.0009436187780136329,-0.0007065473386717036,-0.016230002318571746,0.12845744680851068,2177.225,2160.983333333333,-0.025594506768937486,-0.018271003169853084,-0.08556034482758623,0.39836102105085164,5080900.0,2214165.0,2.2947250995296193,5253686947.5,312,False,jpx_liquidity,JPX流動性
207,7309,シマノ,輸送用機器,プライム,7309.T,2026-09-25,18025.0,0.003619153674832898,0.006702038536721577,-0.10211706102117057,0.028912292719125432,0.0970785149117468,18758.75,18839.583333333332,-0.03911507962950622,-0.04323786354086023,-0.1443152148112984,0.16911642667768217,240900.0,277990.0,0.8665779344580741,5242303550.0,312,False,jpx_liquidity,JPX流動性
208,8354,ふくおかフィナンシャルグループ,銀行業,プライム,8354.T,2026-09-25,8008.0,0.04556730643687157,0.03529411764705892,0.04693423976990463,0.16717679638536653,0.33644859813084116,7803.85,7557.75,0.026160164534172248,0.05957460884522514,0.0,0.24150737538047565,892900.0,646525.0,1.3810757511310467,5239422435.0,312,True,jpx_liquidity,JPX流動性
209,6134,ＦＵＪＩ,機械,プライム,6134.T,2026-09-25,7454.0,0.007433436950939232,0.10168489506355316,0.032552985178002425,-0.06720060067576028,0.5692631578947369,6999.85,7523.016666666666,0.06487996171346522,-0.009174068026788884,-0.16547245857590687,0.44023741087194845,562900.0,754245.0,0.7463092231304151,5231847610.0,312,False,jpx_liquidity,JPX流動性
210,6856,堀場製作所,電気機器,プライム,6856.T,2026-09-25,23855.0,0.013812154696132506,0.10644712430426706,0.022722400857449143,-0.14742673338098644,0.33753854779927117,22635.0,24910.583333333332,0.05389882924674172,-0.04237489420493967,-0.17399584487534625,0.35492231023843107,271400.0,217620.0,1.2471280213215696,5096540600.0,312,False,jpx_liquidity,JPX流動性
211,7729,東京精密,精密機器,プライム,7729.T,2026-09-25,17675.0,0.022267206477732726,0.08735773608120567,-0.018600777345918917,-0.08514492753623193,0.317064083457526,17078.5,17780.25,0.03492695494334974,-0.005919489321016269,-0.15511472275334603,0.40615412501065185,318500.0,297230.0,1.0715607442048245,5095051750.0,312,False,jpx_liquidity,JPX流動性
212,6841,横河電機,電気機器,プライム,6841.T,2026-09-25,4740.0,0.010014915832090354,0.03719912472647713,-0.07925407925407923,-0.1516019330588867,-0.025493421052631526,4778.95,5288.3,-0.008150325908410805,-0.10368171245958058,-0.21288608435735634,0.30867793052697934,1016200.0,1049170.0,0.9685751594117255,5058172170.0,312,False,jpx_liquidity,JPX流動性
213,3402,東レ,繊維製品,プライム,3402.T,2026-09-25,1253.0,0.0015987210231813709,0.021606196494088792,-0.01377410468319562,0.10057092665788314,0.14481498401096382,1256.5,1226.0333333333333,-0.0027855153203342198,0.021995051793045395,-0.08773207135056427,0.27178488694758374,3876500.0,3995295.0,0.9702662757068001,5043250845.0,312,True,jpx_liquidity,JPX流動性
214,9508,九州電力,電気・ガス業,プライム,9508.T,2026-09-25,2061.5,-0.0014531363526277818,-0.03690726465779026,0.05528538520604043,0.23888221153846145,0.13113854595336072,2119.5,1902.0166666666667,-0.027364944562396798,0.08384959823345395,-0.06719457013574659,0.4203139165775983,1986100.0,2323765.0,0.8546905560588097,4998636092.5,312,False,jpx_liquidity,JPX流動性
215,5344,ＭＡＲＵＷＡ,ガラス・土石製品,プライム,5344.T,2026-09-25,55630.0,-0.0028678974726653594,0.03497674418604646,0.03190502689667962,-0.18871226483885084,0.011454545454545384,54337.0,57850.666666666664,0.023795940151278172,-0.03838618972987917,-0.2976896856457518,0.49561470571969823,101900.0,89590.0,1.1374037280946534,4906795350.0,312,False,jpx_liquidity,JPX流動性
216,6590,芝浦メカトロニクス,電気機器,プライム,6590.T,2026-09-25,3785.0,-0.010457516339869244,0.02297297297297307,-0.07570207570207566,-0.1328751431844215,-0.11150234741784038,3878.25,4535.666666666667,-0.02404434990008375,-0.16550304990078646,-0.367056856187291,0.4759334871031566,1057800.0,1262350.0,0.8379609458549531,4864345325.0,312,False,jpx_liquidity,JPX流動性
217,6965,浜松ホトニクス,電気機器,プライム,6965.T,2026-09-25,2342.5,0.011442141623488666,0.07626923960487031,-0.004039115646258473,-0.10761904761904761,0.27656675749318804,2282.375,2387.275,0.026343173229640193,-0.018755694253908772,-0.21220783588363878,0.304300294379358,1508100.0,2118265.0,0.7119505821981669,4844006825.0,312,False,jpx_liquidity,JPX流動性
218,9962,ミスミグループ本社,卸売業,プライム,9962.T,2026-09-25,3919.0,0.02297050378491261,0.10518894529046818,0.06959606986899569,0.02753015207131626,0.5041258875455767,3648.95,3754.383333333333,0.07400759122487299,0.043846526060649094,-0.06400764270360637,0.3628613488474597,2142200.0,1274995.0,1.6801634516213788,4840283050.0,312,False,jpx_liquidity,JPX流動性
219,1878,大東建託,不動産業,プライム,1878.T,2026-09-25,3300.0,0.0015174506828528056,-0.006921456515197155,-0.009306514560192158,0.08338804990151027,-0.09885308574549423,3322.9,3265.55,-0.0068915706160281864,0.010549524582382785,-0.1311216429699842,0.15947980605869405,1369100.0,1439450.0,0.9511271666261419,4822782165.0,312,False,jpx_liquidity,JPX流動性
220,8303,ＳＢＩ新生銀行,銀行業,プライム,8303.T,2026-09-25,1619.0,0.029243483788938374,0.00621504039776255,0.0512987012987014,0.16516732637639442,-0.04002371775867175,1580.5,1517.425,0.024359379943055925,0.06693905794355581,-0.1177111716621253,0.30425504309654683,3395100.0,2980755.0,1.1390067281611538,4816851605.0,197,False,jpx_liquidity,JPX流動性
221,6869,シスメックス,電気機器,プライム,6869.T,2026-09-25,1901.0,0.025350593311758374,0.03231061634537058,-0.03527023598071555,0.29849726775956276,0.4139085161770175,1882.05,1740.3333333333333,0.01006880794877918,0.09231947902700632,-0.03989898989898988,0.2907849153776137,2739000.0,2545190.0,1.0761475567639351,4792254640.0,312,False,jpx_liquidity,JPX流動性
222,7747,朝日インテック,精密機器,プライム,7747.T,2026-09-25,3367.0,0.008687837028160672,0.03504457423916385,-0.16327037773359843,-0.08478081330433296,0.024026763990267597,3467.55,3638.2833333333333,-0.028997418926908103,-0.074563553324141,-0.18355965082444226,0.27737960222253355,1413200.0,1372470.0,1.0296764227997697,4773659440.0,312,False,jpx_liquidity,JPX流動性
223,7167,めぶきフィナンシャルグループ,銀行業,プライム,7167.T,2026-09-25,1729.5,0.039987973541791844,0.027629233511586415,0.04124021673690548,0.22877442273534632,0.4258037922506184,1687.525,1591.55,0.02487370557473212,0.08667651032012813,0.0,0.2357548439674759,3463800.0,2750540.0,1.259316352425342,4753663430.0,312,True,jpx_liquidity,JPX流動性
224,2737,トーメンデバイス,卸売業,プライム,2737.T,2026-09-25,43700.0,0.09386733416770965,0.1826792963464141,0.3677621283255086,1.3659989171629672,2.6538461538461537,35092.5,26352.333333333332,0.2452803305549618,0.6582971779855042,0.0,0.7611809959796701,259600.0,124895.0,2.0785459786220426,4747591000.0,312,True,jpx_liquidity,JPX流動性
225,3086,Ｊ．フロント　リテイリング,小売業,プライム,3086.T,2026-09-25,2708.5,0.011955912572389371,0.0278937381404174,-0.11757272557561516,-0.16968117719190678,0.12502596053997928,2760.254016113281,2976.3676635742186,-0.018749729485460942,-0.08999817692298984,-0.2511750069118054,0.2879944375275267,904800.0,1701425.0,0.531789529365091,4696744012.5,312,False,jpx_liquidity,JPX流動性
226,6141,ＤＭＧ森精機,機械,プライム,6141.T,2026-09-25,2933.5,0.012948895027624419,0.06324755346139899,-0.03407968389858418,-0.1536353144835545,0.25766345123258305,2873.775,3296.8166666666666,0.020782768309975497,-0.11020226582208092,-0.24916815971333506,0.31879605103966047,1471100.0,1582675.0,0.929502266731957,4633443970.0,312,False,jpx_liquidity,JPX流動性
227,6323,ローツェ,機械,プライム,6323.T,2026-09-25,3786.0,0.021586616297895267,0.09295612009237875,-0.0672579453067258,-0.1642384105960265,0.4734384121424402,3729.65,4126.2,0.015108656308232549,-0.08244874218409182,-0.2547244094488189,0.44523176384715485,1089600.0,1257905.0,0.8662021376813034,4616650510.0,312,False,jpx_liquidity,JPX流動性
228,8113,ユニ・チャーム,化学,プライム,8113.T,2026-09-25,956.7000122070312,0.003987813721912037,-0.00447449302077918,-0.04329998779296873,0.020915630276095554,0.023208569205380947,968.8549987792969,977.5083353678385,-0.012545723134607667,-0.0212871056009738,-0.08929080227793318,0.16583282447781106,3969800.0,4694920.0,0.8455522138822387,4614840879.413147,312,True,jpx_liquidity,JPX流動性
229,8304,あおぞら銀行,銀行業,プライム,8304.T,2026-09-25,3526.0,0.03614457831325302,0.01263641585295816,0.050655542312276536,0.29323308270676685,0.3881889763779527,3441.5,3202.4416666666666,0.024553247130611577,0.10103488744265454,-0.005079006772009009,0.24730203613797094,1188200.0,1328420.0,0.894446033633941,4586398485.0,312,True,jpx_liquidity,JPX流動性
230,4082,第一稀元素化学工業,化学,プライム,4082.T,2026-09-25,2311.0,-0.004737295434969813,-0.048971193415637826,0.1052128168340507,0.13898472153770336,-0.04701030927835048,2532.2,2129.3166666666666,-0.08735486928362679,0.08532471293607502,-0.22966666666666669,1.1696164918351573,203200.0,1661490.0,0.12229986337564475,4567924770.0,312,False,jpx_liquidity,JPX流動性
231,6302,住友重機械工業,機械,プライム,6302.T,2026-09-25,5957.0,0.006080054044924843,0.06967139522355903,0.017942583732057482,0.15804821150855375,0.22496401398313792,5745.25,5554.166666666667,0.03685653365823938,0.07252813203300823,-0.006835611870623537,0.40976764723450443,926200.0,786090.0,1.178236588685774,4564894975.0,312,False,jpx_liquidity,JPX流動性
232,6370,栗田工業,機械,プライム,6370.T,2026-09-25,7723.0,0.006385196768308621,0.04195898542903409,-0.046072134387351804,-0.1494493392070485,0.050319597443220454,7723.8,8405.5,-0.00010357596001975278,-0.08119683540538936,-0.1924082400920213,0.2705931397335987,598500.0,581340.0,1.029518010114563,4564425325.0,312,False,jpx_liquidity,JPX流動性
233,1942,関電工,建設業,プライム,1942.T,2026-09-25,5652.0,0.005336179295624355,0.047248471372985046,0.046666666666666634,-0.15892857142857142,-0.05721434528773983,5575.0,5808.05,0.01381165919282501,-0.026867881647024472,-0.2306016879934658,0.3548804825833517,1620900.0,755545.0,2.1453387951743443,4546095205.0,312,False,jpx_liquidity,JPX流動性
234,5301,東海カーボン,ガラス・土石製品,プライム,5301.T,2026-09-25,2289.5,0.007259128904531398,0.1580677794638341,0.39052535681749156,0.339672322995904,1.4016574313616985,1928.675,1762.6083333333333,0.18708439731940318,0.2989272526984157,0.0,0.5539438391583958,2957300.0,2178265.0,1.357640140203327,4537150685.0,312,False,jpx_liquidity,JPX流動性
235,4151,協和キリン,医薬品,プライム,4151.T,2026-09-25,2267.0,0.0024320141499005743,0.011601963409192395,-0.11652377240841783,-0.09807041973343944,-0.11462604959968759,2374.975,2529.8083333333334,-0.04546363645933116,-0.10388468164584275,-0.17126667885212943,0.4735006863089543,1440400.0,1890135.0,0.7620619691186079,4532786082.5,312,False,jpx_liquidity,JPX流動性
236,6724,セイコーエプソン,電気機器,プライム,6724.T,2026-09-25,3272.0,0.019632284200685524,0.056847545219638196,0.04972730189284569,0.21567898941110908,0.694020191560963,3153.35,3020.2833333333333,0.03762665102192919,0.08334207055629439,-0.013566475731082273,0.31923698102869863,1432800.0,1413200.0,1.0138692329465044,4516606125.0,312,False,jpx_liquidity,JPX流動性
237,6268,ナブテスコ,機械,プライム,6268.T,2026-09-25,4792.0,0.00693422988022685,0.08000901510029301,0.052030735455543375,-0.05315155107686231,0.21101844831943395,4542.15,4819.3,0.05500699008178955,-0.005664723092565382,-0.17663230240549832,0.4161899229775889,861500.0,959170.0,0.8981723782019871,4400593425.0,312,False,jpx_liquidity,JPX流動性
238,5714,ＤＯＷＡホールディングス,非鉄金属,プライム,5714.T,2026-09-25,8972.0,0.0008924587237839621,0.005716847887008214,-0.11124318969787028,0.026075022872827036,0.010132852961044714,9411.3,8998.65,-0.046677929722779954,-0.0029615553444127807,-0.2292096219931271,0.45078874420463527,412400.0,466465.0,0.8840963416333487,4388615585.0,312,False,jpx_liquidity,JPX流動性
239,2269,明治ホールディングス,食料品,プライム,2269.T,2026-09-25,4320.0,0.0062893081761006275,0.008403361344537785,-0.02063024257537971,0.1410459587955626,0.11397627643115005,4391.3,4089.3333333333335,-0.016236649739257203,0.05640691229214201,-0.04929577464788737,0.18695448832301506,1285300.0,1020195.0,1.2598571841657722,4368497970.0,312,False,jpx_liquidity,JPX流動性
240,2587,サントリービバレッジ＆フード,食料品,プライム,2587.T,2026-09-25,4542.0,0.011130899376669667,0.00442282176028308,-0.013037809647979182,0.019528619528619506,0.017473118279569988,4513.65,4580.183333333333,0.006280947791698521,-0.008336638635280225,-0.0824242424242424,0.14823655592315138,884400.0,958525.0,0.9226676403849665,4324150360.0,312,False,jpx_liquidity,JPX流動性
241,4768,大塚商会,情報・通信業,プライム,4768.T,2026-09-25,3662.0,0.0054914881933003645,0.015529672767609526,0.037099971679410926,0.3495485535286531,0.24283047683692516,3592.45,3314.925,0.01936004676474279,0.1047007096691479,-0.003537414965986363,0.23102673198882612,1116000.0,1175055.0,0.9497427779976256,4250938970.0,312,False,jpx_liquidity,JPX流動性
242,7912,大日本印刷,その他製品,プライム,7912.T,2026-09-25,3016.0,0.014122394082044298,0.012420275260154323,-0.03518873960332691,0.04504504504504503,0.06723283793347479,3044.725,3091.3083333333334,-0.009434349571800338,-0.024361314114573984,-0.0912925579993974,0.15885089241448058,1460100.0,1389075.0,1.051131148426111,4247007742.5,312,False,jpx_liquidity,JPX流動性
243,5110,住友ゴム工業,ゴム製品,プライム,5110.T,2026-09-25,2036.0,0.0022151119862170443,0.02106318956870612,-0.11111111111111116,-0.04569955472228737,0.008669804310131202,2094.85,2207.0333333333333,-0.028092703534859265,-0.07749467611122018,-0.1815075376884422,0.33799591493011627,1736200.0,2013835.0,0.8621361730231126,4225232775.0,312,False,jpx_liquidity,JPX流動性
244,3088,マツキヨココカラ＆カンパニー,小売業,プライム,3088.T,2026-09-25,2522.5,-0.000990099009900991,-0.005127193847367373,-0.029807692307692313,0.05720871751886003,0.01081947505509917,2557.6,2514.391666666667,-0.013723803565842907,0.0032247694107585545,-0.06296433878157504,0.2283860102994928,1476200.0,1647220.0,0.8961765884338461,4191181167.5,312,False,jpx_liquidity,JPX流動性
245,2875,東洋水産,食料品,プライム,2875.T,2026-09-25,9777.0,0.005657272166220917,-0.025710014947683102,-0.07981176470588236,-0.045680819912152226,-0.10302752293577977,10186.95,10481.9,-0.04024266340759508,-0.06724925824516548,-0.1468586387434555,0.1650570836065872,402500.0,407810.0,0.9869792305240186,4185088455.0,312,False,jpx_liquidity,JPX流動性
246,1944,きんでん,建設業,プライム,1944.T,2026-09-25,6995.0,-0.002282128084438728,0.03706449221645669,0.01953068065879604,-0.13588634959851764,-0.017003934794828535,6979.85,7203.533333333334,0.0021705337507251787,-0.028948756628691563,-0.17947214076246332,0.30241210212073827,503400.0,594475.0,0.8467975945161698,4149022635.0,312,False,jpx_liquidity,JPX流動性
247,8233,高島屋,小売業,プライム,8233.T,2026-09-25,2135.0,0.006838009903324727,0.015216357584403317,-0.12000349383858744,-0.16893732970027253,0.14171122994652396,2207.6851806640625,2291.7140625,-0.03292370728429639,-0.06838290389903312,-0.17947732513451187,0.2129129117556659,1841100.0,1868025.0,0.9855863813385796,4138392985.0,312,False,jpx_liquidity,JPX流動性
248,5076,インフロニア・ホールディングス,建設業,プライム,5076.T,2026-09-25,2897.0,-0.005492619292825296,0.029129662522202393,0.04622607439508841,0.068609369236444,0.3298140922653201,2828.75,2764.508333333333,0.02412726469288562,0.04792594222601365,-0.008555783709787823,0.2438327945403715,1135500.0,1445865.0,0.7853430299509291,4120897430.0,312,False,jpx_liquidity,JPX流動性
249,9684,スクウェア・エニックス・ホールディングス,情報・通信業,プライム,9684.T,2026-09-25,2958.0,-0.002024291497975672,-0.012848323043550769,0.0016931933626820328,0.2616762635956493,0.20660819906179895,2941.525,2771.65,0.00560083630089836,0.06723431890750997,-0.06422018348623848,0.40513097848665425,874400.0,1375660.0,0.6356221740837126,4120136537.5,312,False,jpx_liquidity,JPX流動性
250,7762,シチズン時計,精密機器,プライム,7762.T,2026-09-25,2429.0,0.021876314682372833,0.06301969365426685,-0.10203327171903886,-0.03265631222620469,0.4288235294117646,2491.5,2414.983333333333,-0.025085289985952275,0.005804042816030641,-0.14562082307421742,0.543840798823747,1066400.0,1696020.0,0.6287661702102569,4095246370.0,312,False,jpx_liquidity,JPX流動性
251,3697,ＳＨＩＦＴ,情報・通信業,プライム,3697.T,2026-09-25,874.5999755859375,-0.011863066647413434,0.0024068488090973617,-0.06858453370648587,0.4175040122948743,0.4225764361603326,888.0930755615234,837.0562428792317,-0.015193339917727089,0.04485210286176966,-0.09507024086271365,0.44332130528848585,3448100.0,4561585.0,0.7558995393048689,4090416291.7471313,312,False,jpx_liquidity,JPX流動性
252,4021,日産化学,化学,プライム,4021.T,2026-09-25,8341.0,0.006030635628995196,0.04733802109492724,0.01905925473427006,-0.004772700155112775,0.3816465131687925,8069.25,7989.35,0.03367723146512991,0.04401484476208939,-0.035387995836706376,0.23708864242929306,484000.0,511725.0,0.9458205090624847,4087952800.0,312,False,jpx_liquidity,JPX流動性
253,5844,京都フィナンシャルグループ,銀行業,プライム,5844.T,2026-09-25,4869.0,0.027215189873417645,0.01121495327102795,0.0061996280223186595,0.08755863301317857,0.15653206650831364,4880.7,4755.183333333333,-0.0023971971233633926,0.023935284654289513,-0.04360636417206831,0.2508576205721642,1099400.0,828220.0,1.327425080292676,4080660010.0,312,False,jpx_liquidity,JPX流動性
254,6952,カシオ計算機,電気機器,プライム,6952.T,2026-09-25,2201.5,0.008474576271186418,0.05943214629451399,-0.0587858058999573,0.1060035167043456,0.5309457579972183,2244.05,2099.133333333333,-0.018961253091508756,0.04876615746180968,-0.12638888888888888,0.46728679376686794,1641900.0,1782945.0,0.9208921194989189,4074669695.0,312,False,jpx_liquidity,JPX流動性
255,4088,エア・ウォーター,化学,プライム,4088.T,2026-09-25,2911.0,-0.01788124156545212,-0.02966666666666662,0.16393442622950816,0.04787616990640742,0.36091631603553065,2854.75,2679.55,0.019704002101760265,0.08637644380586296,-0.042434210526315796,0.38101280196470855,1077500.0,1367330.0,0.7880321502490255,4064495645.0,312,False,jpx_liquidity,JPX流動性
256,7181,かんぽ生命保険,保険業,プライム,7181.T,2026-09-25,1828.0,0.02552594670406738,0.03686897334089623,0.09888788698527207,0.2256118002011398,0.1635900700190962,1740.525,1695.3333333333333,0.05025782450697336,0.0782540306724342,0.0,0.1951535279692964,1849500.0,2308365.0,0.8012164454061641,4004987302.5,312,False,jpx_liquidity,JPX流動性
257,5805,ＳＷＣＣ,非鉄金属,プライム,5805.T,2026-09-25,13540.0,0.009694258016405666,0.04798761609907132,-0.047149894440534856,0.004451038575667754,0.04636785162287471,13763.5,12828.166666666666,-0.016238602099756583,0.05548987254608995,-0.2884918549658434,0.5415391102242427,221000.0,297245.0,0.7434944237918215,3986295250.0,312,False,jpx_liquidity,JPX流動性
258,4980,デクセリアルズ,化学,プライム,4980.T,2026-09-25,3079.0,0.00719659797186778,0.07095652173913036,0.019198940748096582,-0.3013387792148854,0.44384525205158254,2952.95,3341.125,0.04268612743189015,-0.07845411350967113,-0.3867755427205736,0.3758960664464478,1092400.0,1387730.0,0.7871848270196652,3953361462.5,312,False,jpx_liquidity,JPX流動性
259,6674,ジーエス・ユアサ　コーポレーション,電気機器,プライム,6674.T,2026-09-25,5398.0,-0.014963503649635057,0.03271475033479998,0.007653537427664725,-0.2021874076263671,0.0012984603969579123,5226.2,5621.383333333333,0.0328728330335617,-0.039738142746595595,-0.28189437275508844,0.40998058086254563,752900.0,729850.0,1.0315818318832637,3901006655.0,312,False,jpx_liquidity,JPX流動性
260,9412,スカパーＪＳＡＴ,情報・通信業,プライム,9412.T,2026-09-25,2077.0,0.004837929366231286,0.06240409207161135,-0.05975554549569939,-0.1641851106639839,-0.29015721120984284,2042.75,2255.5833333333335,0.016766613633582228,-0.079173901799239,-0.5455142231947483,0.34367245814811626,1280900.0,1925300.0,0.6652989144548902,3873112690.0,312,False,jpx_liquidity,JPX流動性
261,9042,阪急阪神ホールディングス,陸運業,プライム,9042.T,2026-09-25,4510.0,0.000665631240292841,-0.03343334762108874,-0.0545073375262054,0.08963517757912531,-0.022963604852686337,4663.65,4651.533333333334,-0.032946297427980165,-0.03042724262967056,-0.11758951281549601,0.14915787410558215,1091000.0,798665.0,1.366029561831306,3850490340.0,312,False,jpx_liquidity,JPX流動性
262,6586,マキタ,機械,プライム,6586.T,2026-09-25,5396.0,0.009730538922155585,0.027418126428027323,0.01638726690525516,-0.0717357646654051,0.06199567014367258,5287.8,5462.133333333333,0.020462195998335764,-0.012107601425572434,-0.10499253607563441,0.18925712325968286,769000.0,716430.0,1.0733777200843069,3837615045.0,312,False,jpx_liquidity,JPX流動性
263,8334,群馬銀行,銀行業,プライム,8334.T,2026-09-25,3208.0,0.06897700766411186,0.11505039972193254,0.1684574758696049,0.374464438731791,0.4783410138248847,2894.675,2675.1666666666665,0.10824185789423679,0.19917762133200423,0.0,0.29173482484887453,2281600.0,1233870.0,1.8491413195879631,3831636705.0,312,True,jpx_liquidity,JPX流動性
264,7701,島津製作所,精密機器,プライム,7701.T,2026-09-25,4034.0,0.018172640080767355,0.06719576719576725,-0.020636076717649887,-0.0034584980237154506,0.07515991471215355,3915.8,4054.1833333333334,0.030185402727411992,-0.004978396800013218,-0.05615348619560134,0.2139136334195549,857700.0,959155.0,0.894224603948267,3825131540.0,312,False,jpx_liquidity,JPX流動性
265,4812,電通総研,情報・通信業,プライム,4812.T,2026-09-25,2860.0,-0.0003495281370150538,-0.0013966480446927498,0.04915627292736602,0.43394334419654057,0.46666666666666656,2847.1,2713.4333333333334,0.004530926205612795,0.05401520828470696,-0.016506189821182904,0.23003997386673006,559300.0,1307885.0,0.42763698643229336,3801641575.0,312,False,jpx_liquidity,JPX流動性
266,7211,三菱自動車工業,輸送用機器,プライム,7211.T,2026-09-25,367.79998779296875,0.0008162933142006334,0.021099320733974025,0.00629271625983252,0.17208413671330924,0.1941558045226257,370.92000274658204,359.4966684977214,-0.008411557560957239,0.023097068826661404,-0.0945347692271632,0.41915679006509354,7876300.0,10319015.0,0.7632802161834245,3777305682.572174,312,True,jpx_liquidity,JPX流動性
267,3994,マネーフォワード,情報・通信業,プライム,3994.T,2026-09-25,5763.0,0.010520778537611797,-0.060788787483702755,-0.06292682926829263,0.43500996015936244,0.7070497630331753,6157.85,5602.35,-0.06412140601021465,0.028675466545289074,-0.14138855780691295,0.6227734046855062,609800.0,597185.0,1.0211241072699415,3764159520.0,312,False,jpx_liquidity,JPX流動性
268,268A,リガク・ホールディングス,精密機器,プライム,268A.T,2026-09-25,1668.0,0.02268546903740032,0.030902348578492056,-0.005959475566150174,-0.3397981397189789,-0.2362637362637363,1619.15,1988.25,0.030170151005157075,-0.16107129385137686,-0.48518518518518516,0.4731084982948193,1991200.0,2379305.0,0.8368830393749436,3752227275.0,312,False,jpx_liquidity,JPX流動性
269,8848,レオパレス２１,不動産業,プライム,8848.T,2026-09-25,1030.0,0.008814887365328206,0.3021491782553729,0.6018662519440123,0.604361370716511,0.5968992248062015,748.6,686.4,0.3759016831418647,0.5005827505827507,-0.028301886792452824,0.908212998128126,3941500.0,3766645.0,1.0464219484448363,3744848555.0,312,True,jpx_liquidity,JPX流動性
270,5830,いよぎんホールディングス,銀行業,プライム,5830.T,2026-09-25,3917.0,0.047046244319700614,0.022982501958735968,0.0108387096774194,0.23137378182961332,0.3605418548106982,3889.0,3670.75,0.007199794291591566,0.06708438330041555,-0.030205496410002475,0.2941771576634656,1412900.0,921955.0,1.5325042979321117,3722737375.0,312,True,jpx_liquidity,JPX流動性
271,3391,ツルハホールディングス,小売業,プライム,3391.T,2026-09-25,2167.0,0.000692680674209134,-0.048309178743961345,-0.08882881048036084,0.08404202101050529,-0.12831858407079644,2273.8896606445314,2321.3128987630207,-0.047007408712273935,-0.06647656110697131,-0.1626738794435858,0.2481498834590772,1680700.0,1593895.0,1.054460927476402,3684012615.0,312,False,jpx_liquidity,JPX流動性
272,3626,ＴＩＳＩ,情報・通信業,プライム,3626.T,2026-09-25,4015.0,0.0024968789013732895,0.006013530443497839,0.03827256271011126,0.30145867098865486,0.21851289833080423,3957.9,3713.6833333333334,0.014426842517496707,0.08113687668577008,-0.017616833863469572,0.31292982584072243,717100.0,915730.0,0.7830910858003997,3682407345.0,312,False,jpx_liquidity,JPX流動性
273,2897,日清食品ホールディングス,食料品,プライム,2897.T,2026-09-25,2939.0,0.00996563573883158,-0.019025367156208284,-0.028750826173165933,0.06620714674405948,-0.003728813559322086,2967.625,2935.0,-0.00964576049871535,0.0013628620102215105,-0.06460852959898156,0.19133099821106017,999500.0,1220220.0,0.8191145858943469,3651074305.0,312,False,jpx_liquidity,JPX流動性
274,6806,ヒロセ電機,電気機器,プライム,6806.T,2026-09-25,25030.0,0.004414125200641994,0.0472803347280335,-0.02245655145479397,-0.1561024949426838,0.22666013232050974,24799.75,26477.083333333332,0.00928436778596553,-0.05465418207569439,-0.20159489633173844,0.2732358246668311,139000.0,146280.0,0.9502324309543342,3646843625.0,312,False,jpx_liquidity,JPX流動性
275,6770,アルプスアルパイン,電気機器,プライム,6770.T,2026-09-25,2204.0,-0.002714932126696823,-0.0038418079096045332,0.010777344645723552,0.11228867019934397,0.030628945522562567,2221.95,2164.733333333333,-0.008078489614977702,0.018139262726740935,-0.06866680752165644,0.38512381985252003,1327200.0,1616505.0,0.8210305566639138,3594183167.5,312,False,jpx_liquidity,JPX流動性
276,4612,日本ペイントホールディングス,化学,プライム,4612.T,2026-09-25,1179.5,0.013316151202749094,0.05784753363228701,-0.012144053601340077,0.12762906309751432,0.19141414141414148,1150.45,1154.575,0.02525098874353504,0.02158803022757283,-0.0708940527766837,0.2771900766290374,4904600.0,2949600.0,1.662801735828587,3583242242.5,312,True,jpx_liquidity,JPX流動性
277,9005,東急,陸運業,プライム,9005.T,2026-09-25,1658.5,0.010356381358513467,-0.008667065152420772,-0.011620977353992812,-0.008667065152420772,-0.11333867949746057,1657.25,1689.45,0.0007542615779152495,-0.018319571458166872,-0.13799376299376298,0.1486391890511769,2257700.0,2139550.0,1.0552218924540206,3575803577.5,312,False,jpx_liquidity,JPX流動性
278,4324,電通グループ,サービス業,プライム,4324.T,2026-09-25,3585.0,0.006739679865206405,-0.013212221304706895,-0.015380390002746491,0.1742548313134622,0.3414405986903648,3629.9,3526.133333333333,-0.01236948676272076,0.016694396127958866,-0.07459989674754774,0.2717827941442367,897300.0,977155.0,0.9182780623340207,3546865565.0,312,False,jpx_liquidity,JPX流動性
279,8377,ほくほくフィナンシャルグループ,銀行業,プライム,8377.T,2026-09-25,8815.0,0.05467815266810239,0.07030111704711017,0.09844236760124603,0.3150827987468299,0.4775393898759639,8312.4,7879.4,0.06046388527982294,0.11874000558418163,0.0,0.32650480288914685,698600.0,396665.0,1.7611838705204643,3498795370.0,312,True,jpx_liquidity,JPX流動性
280,1963,日揮ホールディングス,建設業,プライム,1963.T,2026-09-25,2314.5,0.006304347826086909,0.004339336081579548,0.024568393094289487,-0.08949645948072382,0.030269307812152313,2340.8,2332.5916666666667,-0.011235475051264654,-0.0077560367402496055,-0.19158225637443238,0.27239258549217005,1541600.0,1456675.0,1.058300581804452,3497669182.5,312,False,jpx_liquidity,JPX流動性
281,4392,ＦＩＧ,情報・通信業,プライム,4392.T,2026-09-25,946.0,-0.03763987792472023,-0.03567787971457692,-0.0725490196078431,-0.15156950672645741,2.0516129032258066,1033.8,1039.6,-0.0849293867285742,-0.09003462870334733,-0.632049786075457,0.7730284537681161,873800.0,3489725.0,0.2503922228828919,3497566460.0,312,False,jpx_liquidity,JPX流動性
282,3132,マクニカホールディングス,卸売業,プライム,3132.T,2026-09-25,4287.0,0.017323208353108743,0.1199059561128526,0.2487620157296826,0.3464195979899498,0.8399141630901288,3742.55,3489.383333333333,0.14547567834765052,0.22858384719363034,0.0,0.41285875881983364,1174400.0,906045.0,1.2961828606746906,3476620750.0,312,False,jpx_liquidity,JPX流動性
283,6728,アルバック,電気機器,プライム,6728.T,2026-09-25,7610.0,0.02408827883192033,0.09622587150677031,0.0017112017901803611,-0.24376428500447178,-0.11449848731673262,7235.65,8513.933333333332,0.05173688611251248,-0.10617106077097138,-0.32773851590106007,0.31891869727144606,478300.0,499645.0,0.9572796685646809,3475629735.0,312,False,jpx_liquidity,JPX流動性
284,4091,日本酸素ホールディングス,化学,プライム,4091.T,2026-09-25,5630.0,0.010771992818671361,0.03454612274898938,-0.0040686361224129275,-0.05186931626810376,-0.0316477468180254,5528.4,5830.283333333334,0.01837783083713207,-0.03435224703201967,-0.1205873164636051,0.2297791253755306,785000.0,605840.0,1.2957216426779348,3464209265.0,312,False,jpx_liquidity,JPX流動性
285,4528,小野薬品工業,医薬品,プライム,4528.T,2026-09-25,2442.0,0.01433021806853585,0.03760356915232643,-0.006913379422529453,0.02712933753943214,-0.02979737783075087,2412.9,2413.741666666667,0.012060176551038193,0.011707273285942676,-0.05330490405117272,0.20220430093668282,1840900.0,1430865.0,1.2865644208223697,3463070032.5,312,False,jpx_liquidity,JPX流動性
286,3231,野村不動産ホールディングス,不動産業,プライム,3231.T,2026-09-25,908.0,0.002207505518763808,0.0018757720731863436,-0.029292306712548788,-0.01943844492440605,-0.09786388474913066,921.0749969482422,930.3016662597656,-0.01419536627480178,-0.02397251028199099,-0.1510051425899953,0.1568837530943262,4432000.0,3699550.0,1.197983538538471,3440264976.6049194,312,True,jpx_liquidity,JPX流動性
287,4204,積水化学工業,化学,プライム,4204.T,2026-09-25,2525.0,0.0031783869686135002,0.0144636400160707,-0.03681098607667366,-0.020178502134264642,-0.02641218430692116,2554.0,2619.858333333333,-0.011354737666405601,-0.0362074285187175,-0.08481333816600223,0.18197644004237024,1343500.0,1323725.0,1.0149389034731535,3415276832.5,312,False,jpx_liquidity,JPX流動性
288,5406,神戸製鋼所,鉄鋼,プライム,5406.T,2026-09-25,2080.0,0.011427182105519185,0.02970297029702973,0.02716049382716057,0.10874200426439229,0.10520722635494151,2041.2,1994.5666666666666,0.01900842641583389,0.042833029730768635,-0.0023980815347721673,0.20701839615678033,1956200.0,1655970.0,1.1813015936279039,3410673200.0,312,False,jpx_liquidity,JPX流動性
289,6460,セガサミーホールディングス,機械,プライム,6460.T,2026-09-25,3265.0,0.0015337423312884457,-0.017158338350391378,0.08041032428855055,0.5014945964589561,0.3558970099667773,3187.25,2792.0833333333335,0.02439407012314687,0.1693777048201761,-0.028273809523809534,0.24835783117111823,800600.0,1130225.0,0.7083545311774204,3385401880.0,312,False,jpx_liquidity,JPX流動性
290,8359,八十二長野銀行,銀行業,プライム,8359.T,2026-09-25,2840.0,0.04296731546088872,0.049131880310306686,0.08833109791147731,0.18977796397151225,0.45566376217324445,2715.65,2618.516666666667,0.04579014232320078,0.08458351102087058,0.0,0.26656484899541194,1617600.0,1198125.0,1.3501095461658843,3367608740.0,312,True,jpx_liquidity,JPX流動性
291,2282,日本ハム,食料品,プライム,2282.T,2026-09-25,6044.0,0.0008279516476237259,-0.03311470164773633,-0.056656781645075704,-0.0077163027417501695,-0.1364480640091441,6214.95,6221.966666666666,-0.027506255078480035,-0.028602960478733896,-0.18445553906355416,0.21629228805601397,415600.0,537130.0,0.7737419246737289,3347995225.0,312,False,jpx_liquidity,JPX流動性
292,3064,ＭｏｎｏｔａＲＯ,小売業,プライム,3064.T,2026-09-25,1960.0,0.015018125323666531,-0.006337135614702172,0.055465805061927886,0.11174134997163931,0.13623188405797104,1920.25,1915.2916666666667,0.020700429631558492,0.02334283290186434,-0.05837136680278643,0.34122070347692435,1897700.0,1718870.0,1.104039281621065,3343412627.5,312,False,jpx_liquidity,JPX流動性
293,3289,東急不動産ホールディングス,不動産業,プライム,3289.T,2026-09-25,1283.5,0.004303599374021916,0.000389711613406174,-0.04394785847299809,0.010232192050373845,-0.02172256097560976,1306.275,1319.1583333333333,-0.01743507301295677,-0.02703112464387014,-0.0932532673966796,0.17265412645281017,2543900.0,2488925.0,1.0220878491718313,3308420465.0,312,False,jpx_liquidity,JPX流動性
294,5938,ＬＩＸＩＬ,金属製品,プライム,5938.T,2026-09-25,1728.0,0.0017391304347826875,-0.005181347150259086,-0.024280067758328583,-0.024280067758328583,0.0640394088669951,1748.525,1794.2,-0.011738465277877141,-0.036896667038234354,-0.1051268772656655,0.12507188872332567,1912300.0,1862690.0,1.0266335246337286,3303970395.0,312,False,jpx_liquidity,JPX流動性
295,3003,ヒューリック,不動産業,プライム,3003.T,2026-09-25,1734.0,0.004053271569195216,0.0005770340450086398,-0.038536179650679236,0.031222123104371002,-0.058120586637696925,1759.875,1762.2166666666667,-0.014702748774770957,-0.016012030302743674,-0.10178710178710182,0.13531784794054508,1615500.0,1865085.0,0.8661803617529495,3302604097.5,312,False,jpx_liquidity,JPX流動性
296,8253,クレディセゾン,その他金融業,プライム,8253.T,2026-09-25,4650.0,0.013071895424836555,0.010869565217391353,-0.017951425554382228,0.08240223463687157,0.16541353383458657,4651.9,4634.1,-0.0004084352630107091,0.0034310869424483137,-0.04004954582989262,0.20377876094096115,623400.0,694415.0,0.8977340639243104,3258160765.0,312,False,jpx_liquidity,JPX流動性
297,6368,オルガノ,機械,プライム,6368.T,2026-09-25,12690.0,0.0011834319526626835,0.0850790936297563,-0.05192379529323865,-0.22480146609651797,-0.09615384615384615,12554.25,14070.083333333334,0.010813071270685315,-0.09808636527857573,-0.3287490081988892,0.32359048480308417,217500.0,257510.0,0.8446273931109471,3250096625.0,312,False,jpx_liquidity,JPX流動性
298,1893,五洋建設,建設業,プライム,1893.T,2026-09-25,1518.5,-0.02535301668806167,-0.022844272844272817,0.059295430763864676,-0.11354349095154703,-0.10201064458900055,1492.85,1530.7,0.017181900391868066,-0.007970209707976794,-0.29877626414223046,0.36154951033617183,2508100.0,2094430.0,1.1975095849467396,3240296327.5,312,False,jpx_liquidity,JPX流動性
299,4527,ロート製薬,医薬品,プライム,4527.T,2026-09-25,2822.0,0.015107913669064832,-0.015008726003490347,-0.049671661895942076,0.17730496453900702,0.17779632721202,2917.25,2668.8416666666667,-0.03265061273459591,0.05738756826463409,-0.09143593045717968,0.2619618198570803,906300.0,1153255.0,0.7858626236175,3213647612.5,312,False,jpx_liquidity,JPX流動性
300,5214,日本電気硝子,ガラス・土石製品,プライム,5214.T,2026-09-25,4875.0,0.0034993824619184988,0.03944562899786774,0.022441275167785157,-0.23708920187793425,-0.18966090425531912,4789.35,5237.383333333333,0.01788342885777805,-0.06919167650512503,-0.4051976573938506,0.29015314656940777,479000.0,664790.0,0.7205282871282661,3176365295.0,312,False,jpx_liquidity,JPX流動性
301,7649,スギホールディングス,小売業,プライム,7649.T,2026-09-25,1259.0,-0.0019817677368212383,-0.023273855702094615,-0.0744948959030558,-0.5928201811125485,-0.6334788937409025,1297.2854370117188,2215.797491455078,-0.02951196083716845,-0.4318072816423151,-0.6615591397849463,0.26701685233973205,2371000.0,2380575.0,0.9959778624912049,3149265327.5,312,False,jpx_liquidity,JPX流動性
302,7752,リコー,電気機器,プライム,7752.T,2026-09-25,1683.0,0.014466546112115841,0.0392096326026552,0.003577817531305927,0.19024045261669031,0.2725897920604914,1654.325,1587.425,0.017333353482538172,0.06020756886152112,-0.035806359209395566,0.30815458715317584,1776400.0,1925935.0,0.9223571927401496,3122596905.0,312,False,jpx_liquidity,JPX流動性
303,4631,ＤＩＣ,化学,プライム,4631.T,2026-09-25,4846.0,0.006856430500727262,0.04507224498598239,-0.04887144259077525,-0.02494969818913484,0.31935747345494137,4840.8,4824.816666666667,0.0010742026111385528,0.004390494975629489,-0.14607929515418505,0.39665386082984616,523400.0,637510.0,0.821006729306207,3103537430.0,312,False,jpx_liquidity,JPX流動性
304,7731,ニコン,精密機器,プライム,7731.T,2026-09-25,1873.5,0.008071025020177647,0.10433244916003526,-0.049226084750063404,-0.14471581830632274,-0.013947368421052597,1830.85,2009.0166666666667,0.023295190758390927,-0.06745422719240757,-0.19471308833010958,0.3383359167581362,2709400.0,1639235.0,1.6528441620634016,3101055377.5,312,False,jpx_liquidity,JPX流動性
305,2181,パーソルホールディングス,サービス業,プライム,2181.T,2026-09-25,293.79998779296875,0.003415300688834222,0.0010221049164182983,-0.014424750830275723,0.2085560691753514,0.2937031259217593,294.429997253418,276.28333079020183,-0.0021397597606435115,0.06340106351211006,-0.034505423664833335,0.32100656152000046,9747800.0,10630045.0,0.9170045846466314,3097052963.4877014,312,True,jpx_liquidity,JPX流動性
306,3349,コスモス薬品,小売業,プライム,3349.T,2026-09-25,6293.0,-0.019629225736095934,-0.04766949152542377,-0.049539344509892724,0.02076236820762367,-0.05334271269586133,6566.35,6474.7,-0.04162891103885724,-0.02806307628152649,-0.1015134209023415,0.31670309371641286,478600.0,466065.0,1.0268953901279865,3093199085.0,312,False,jpx_liquidity,JPX流動性
307,9831,ヤマダホールディングス,小売業,プライム,9831.T,2026-09-25,719.5,0.00013897078474367497,0.0062937062937062915,0.02580549608771099,0.09663165184153888,0.36683124359820773,711.2150024414062,696.323334757487,0.011649075919593521,0.033284343760481505,-0.059231156532433715,0.16565751158392508,6065600.0,4123010.0,1.471158207232095,3049726043.2440186,312,True,jpx_liquidity,JPX流動性
308,5021,コスモエネルギーホールディングス,石油・石炭製品,プライム,5021.T,2026-09-25,4510.0,0.004901960784313708,0.00445434298440972,0.06846718787017303,0.20042587170614845,-0.005293339214821335,4422.95,4118.116666666667,0.019681434336811465,0.0951608138024258,-0.027598102630444155,0.27544952917643656,580000.0,680360.0,0.8524898583103063,3004095005.0,312,False,jpx_liquidity,JPX流動性
309,3197,すかいらーくホールディングス,小売業,プライム,3197.T,2026-09-25,3171.0,0.0009469696969697239,-0.041414752116082254,-0.06597938144329896,0.14932946719826035,-0.07873329459616507,3322.8,3162.366666666667,-0.04568436258577113,0.002730022873164595,-0.0877445339470656,0.2055870583345128,755600.0,918055.0,0.8230443709799522,2992346715.0,312,False,jpx_liquidity,JPX流動性
310,3778,さくらインターネット,情報・通信業,プライム,3778.T,2026-09-25,3750.0,-0.02088772845953002,0.04748603351955305,0.0714285714285714,0.3260254596888261,0.43733231123035643,3696.75,3346.383333333333,0.014404544532359509,0.12061280088453707,-0.12790697674418605,0.5132965862937728,509300.0,818560.0,0.622190187646599,2991747675.0,312,False,jpx_liquidity,JPX流動性
311,8341,七十七銀行,銀行業,プライム,8341.T,2026-09-25,4197.0,0.0355292376017764,0.039633391132028795,0.10738786279683388,0.25847076461769114,0.36977806788511747,4002.95,3724.45,0.04847674839805638,0.1268777940367034,0.0,0.29267833549898853,1008600.0,711270.0,1.4180269096123834,2990422460.0,312,True,jpx_liquidity,JPX流動性
312,3092,ＺＯＺＯ,小売業,プライム,3092.T,2026-09-25,1149.5,0.009661835748792313,-0.005192557334487202,0.0008707009142359112,0.02314196706720062,0.03279424977538192,1140.325,1148.8416666666667,0.00804595181198331,0.0005730409615483101,-0.0612494895875868,0.23162421799455482,2697200.0,2555990.0,1.0552466950183685,2961304960.0,312,False,jpx_liquidity,JPX流動性
313,8252,丸井グループ,小売業,プライム,8252.T,2026-09-25,2889.5,0.008903631284916225,-0.0005188516084400074,-0.04384513567174053,0.03214859796392222,-0.05324377457404983,2902.025,2935.7166666666667,-0.004315951792283057,-0.015742890719472213,-0.07683706070287544,0.1572507311508017,831800.0,1122835.0,0.7408034127899469,2960305377.5,312,False,jpx_liquidity,JPX流動性
314,3405,クラレ,化学,プライム,3405.T,2026-09-25,1805.5,0.0008314855875830585,0.014896008993816823,0.009223029625489154,0.09126624357812019,0.10529537802265065,1814.05,1803.6666666666667,-0.004713210771478127,0.0010164479763443701,-0.07623433103095423,0.283779192498918,1732300.0,1640830.0,1.0557461772395678,2929842620.0,312,False,jpx_liquidity,JPX流動性
315,9507,四国電力,電気・ガス業,プライム,9507.T,2026-09-25,2117.0,-0.0016505541145955815,-0.03178595929567807,0.10779696493982205,0.4323410013531799,0.20318272236430812,2109.925,1790.675,0.003353199758285186,0.18223574908903073,-0.07026789635485287,0.38089004764562745,1106400.0,1363770.0,0.8112804945115378,2923843645.0,312,False,jpx_liquidity,JPX流動性
316,9142,九州旅客鉄道,陸運業,プライム,9142.T,2026-09-25,3539.0,-0.001692524682651575,-0.0061780398764391675,-0.001128986734405868,0.0187104202648245,-0.05018786902844874,3563.8,3557.6,-0.006958864133789877,-0.005228243759838103,-0.07137234321700336,0.19634471200758094,914800.0,803850.0,1.1380232630465883,2923143060.0,312,False,jpx_liquidity,JPX流動性
317,3861,王子ホールディングス,パルプ・紙,プライム,3861.T,2026-09-25,875.7999877929688,0.006319659976036229,0.006898137599684828,0.007593160944831423,0.10945016557737919,0.04473338965294271,874.6799987792969,859.6616658528645,0.0012804557269343597,0.01877287609898648,-0.023089807258261263,0.14320208662147807,2893000.0,3295970.0,0.8777385716496205,2894191351.7178345,312,False,jpx_liquidity,JPX流動性
318,6966,三井ハイテック,電気機器,プライム,6966.T,2026-09-25,881.0,-0.02219755826859049,0.022041763341067222,-0.06076759061833692,-0.11189516129032262,0.505982905982906,908.6,933.7606923421224,-0.030376403257759255,-0.05650344116519235,-0.3325757575757575,0.434520769833656,2172700.0,3132885.0,0.6935141251593978,2882234250.0,312,False,jpx_liquidity,JPX流動性
319,2267,ヤクルト本社,食料品,プライム,2267.T,2026-09-25,2809.5,0.002318943988583566,-0.015247108307045232,-0.037512846865364824,0.020523065746458347,0.05660022564874012,2834.9,2837.7833333333333,-0.008959751666725468,-0.009966699360416276,-0.08989310009718177,0.1846887762296225,849300.0,1023735.0,0.8296092250435904,2878710582.5,312,False,jpx_liquidity,JPX流動性
320,6508,明電舎,電気機器,プライム,6508.T,2026-09-25,11460.0,0.03616636528028927,0.101923076923077,-0.010362694300518172,0.17538461538461547,0.4787096774193549,10977.0,10340.5,0.04400109319486201,0.10826362361587938,-0.09478672985781988,0.485966028171369,245800.0,257120.0,0.9559738643434972,2836378050.0,312,True,jpx_liquidity,JPX流動性
321,1721,コムシスホールディングス,建設業,プライム,1721.T,2026-09-25,5593.0,0.0,0.03824020790792648,0.04444444444444451,0.0355489724125162,0.11325636942675166,5482.75,5366.5,0.02010852218321091,0.04220627969812729,-0.052515669998305925,0.28909748827288145,434800.0,500950.0,0.8679508933027248,2820793760.0,312,False,jpx_liquidity,JPX流動性
322,2432,ディー・エヌ・エー,情報・通信業,プライム,2432.T,2026-09-25,2545.5,-0.0011771630370805974,-0.005081102208325139,0.008118811881188126,0.05819995842860104,0.047962124331000444,2557.35,2515.9083333333333,-0.004633702856472466,0.01176182227094924,-0.07788444122441585,0.24734271403471345,635200.0,1106015.0,0.5743140915810364,2818634982.5,312,False,jpx_liquidity,JPX流動性
323,4443,Ｓａｎｓａｎ,情報・通信業,プライム,4443.T,2026-09-25,2060.0,-0.01764425369575584,-0.009615384615384581,-0.04319554110543433,0.4895155459146783,0.8324009097983791,2114.45,1955.3666666666666,-0.02575137742675393,0.053510850479876026,-0.11015118790496758,0.5842527623192872,1794900.0,1291125.0,1.3901829799593377,2815336715.0,312,False,jpx_liquidity,JPX流動性
324,6754,アンリツ,電気機器,プライム,6754.T,2026-09-25,3400.0,0.020102010201020093,0.09149277688603541,-0.009612583745994718,-0.22285714285714286,0.20311394196744526,3247.6,3633.7,0.04692696144845421,-0.06431461045215614,-0.28810720268006695,0.3454219463678053,1180800.0,871415.0,1.355037496485601,2814728595.0,312,False,jpx_liquidity,JPX流動性
325,7951,ヤマハ,その他製品,プライム,7951.T,2026-09-25,1263.5,0.012825651302605268,0.011204481792717047,-0.03879802206162042,0.10445804195804187,0.15125284738041,1283.9,1262.0083333333334,-0.0158890879351975,0.0011819784602584704,-0.10135135135135132,0.25940640655453207,1634100.0,2174155.0,0.7516023466588169,2800593425.0,312,False,jpx_liquidity,JPX流動性
326,7581,サイゼリヤ,小売業,プライム,7581.T,2026-09-25,6310.0,0.0,-0.05820895522388059,-0.13259400095554486,0.18164794007490648,-0.029230769230769282,6896.487890625,6905.9046630859375,-0.08504153127307945,-0.08628915285657224,-0.24067388688327318,0.3434706166641403,313500.0,405645.0,0.772843249639463,2799341850.0,312,False,jpx_liquidity,JPX流動性
327,8804,東京建物,不動産業,プライム,8804.T,2026-09-25,3320.0,0.008199210446401484,0.011270179713676498,-0.02838747439274214,0.019342953638317395,-0.07982261640798227,3352.3,3374.0333333333333,-0.009635175849416866,-0.016014463401863188,-0.14432989690721654,0.1794783588248595,1058800.0,827725.0,1.2791688060648163,2799012760.0,312,False,jpx_liquidity,JPX流動性
328,4902,コニカミノルタ,電気機器,プライム,4902.T,2026-09-25,670.7999877929688,0.014672534511038338,0.07655274285988556,0.031048283069545102,0.1878873265315939,0.30964461500604457,640.9200042724609,628.7316680908203,0.046620457032584106,0.06690981516787797,-0.03620691409056209,0.4518044771326776,5995100.0,4217030.0,1.4216403487762714,2791860178.67157,312,True,jpx_liquidity,JPX流動性
329,1515,日鉄鉱業,鉱業,プライム,1515.T,2026-09-25,3245.0,-0.009160305343511421,-0.026986506746626726,-0.1253369272237197,0.4201312910284465,0.27055599060297575,3549.75,3133.9166666666665,-0.08585111627579411,0.035445528757944045,-0.1856963613550816,0.85854148012976,440400.0,790705.0,0.5569713104128594,2782333750.0,312,False,jpx_liquidity,JPX流動性
330,9435,光通信,情報・通信業,プライム,9435.T,2026-09-25,37990.0,-0.024646983311938375,-0.0013144058885383725,-0.055210146729669285,0.05984098200585852,-0.05096177866600049,39008.0,38419.166666666664,-0.02609721082854799,-0.011170639654686232,-0.07836001940805437,0.20905667566701996,102500.0,69575.0,1.4732303269852678,2781229050.0,312,False,jpx_liquidity,JPX流動性
331,4680,ラウンドワン,サービス業,プライム,4680.T,2026-09-25,1187.5,0.0042283298097252064,0.0042283298097252064,-0.11873840445269013,0.04764005293339224,0.4803041410245339,1243.575,1256.8916666666667,-0.04509177170657186,-0.055208948000026514,-0.1306734992679356,0.35957513510349787,1632800.0,2217775.0,0.7362333870658656,2748671397.5,312,False,jpx_liquidity,JPX流動性
332,9616,共立メンテナンス,サービス業,プライム,9616.T,2026-09-25,3258.0,0.007732755954222181,0.035271687321258405,-0.05647263249348389,0.10384550228697265,0.35467775467775464,3248.15,3221.7,0.003032495420470127,0.011267343328056567,-0.06433084434233194,0.22016233005844482,1058200.0,821925.0,1.287465401344405,2744087265.0,312,False,jpx_liquidity,JPX流動性
333,6278,ユニオンツール,機械,プライム,6278.T,2026-09-25,14320.0,0.004912280701754312,0.12050078247261342,-0.011049723756906049,-0.35827918440510864,0.04908424908424913,13547.0,16454.333333333332,0.05706060382372491,-0.12971253773068891,-0.45819144911085885,0.530528069890027,193200.0,201345.0,0.9595470461148774,2737296950.0,312,False,jpx_liquidity,JPX流動性
334,3769,ＧＭＯペイメントゲートウェイ,情報・通信業,プライム,3769.T,2026-09-25,9087.0,0.041131989000916525,0.04364304582519818,-0.04317152785090028,0.020552560646900364,0.10965929905971428,8905.95,9431.766666666666,0.020329105822511906,-0.0365537739483236,-0.11475888943010226,0.3781343121735228,428200.0,294465.0,1.4541626339293294,2724178315.0,312,True,jpx_liquidity,JPX流動性
335,7220,武蔵精密工業,輸送用機器,プライム,7220.T,2026-09-25,2973.0,0.014675767918088667,0.09140969162995605,-0.07383177570093458,-0.25767790262172285,0.07991282237559028,2899.95,3260.15,0.02519008948430157,-0.08807876938177694,-0.6947638603696098,0.5943244765393787,1451800.0,939405.0,1.5454463197449448,2718342115.0,312,False,jpx_liquidity,JPX流動性
336,6473,ジェイテクト,機械,プライム,6473.T,2026-09-25,2125.5,0.01431639226914827,0.058252427184465994,0.035566382460414214,0.04756037456875317,0.31977646693573414,2087.75,2093.775,0.018081666866243573,0.015152057885875925,-0.04083935018050544,0.41935280952483034,884500.0,1289085.0,0.6861455993980227,2671224697.5,312,False,jpx_liquidity,JPX流動性
337,4208,ＵＢＥ,化学,プライム,4208.T,2026-09-25,3467.0,0.01226277372262774,0.017312206572769995,-0.01784702549575068,0.10343730108211324,0.4258688052642401,3478.55,3371.2166666666667,-0.0033203489959897636,0.028412096523015906,-0.05505587353502317,0.20531044513016983,622800.0,763360.0,0.8158666946132886,2658756775.0,312,False,jpx_liquidity,JPX流動性
338,9509,北海道電力,電気・ガス業,プライム,9509.T,2026-09-25,1115.5,0.005861136158701541,-0.012831858407079677,0.0367100371747211,0.21276366036556205,0.03622851834649321,1125.475,1049.2133321126303,-0.008862924542970663,0.06317749294502306,-0.04739538855678904,0.3288634090396509,1727900.0,2333810.0,0.7403773229183181,2636963740.0,312,False,jpx_liquidity,JPX流動性
339,2579,コカ・コーラ　ボトラーズジャパンホールディングス,食料品,プライム,2579.T,2026-09-25,3831.0,0.013760254035459107,0.01188589540412055,-0.025438819638768706,-0.10553350455288346,0.060924951536970307,3837.6,4032.8333333333335,-0.0017198248905565539,-0.050047526552878474,-0.1655412764103681,0.2061358752807301,575500.0,689650.0,0.8344812586094396,2634580230.0,312,False,jpx_liquidity,JPX流動性
340,6471,日本精工,機械,プライム,6471.T,2026-09-25,1100.0,0.001365498406918464,0.05263157894736836,-0.0072202166064981865,-0.052540913006029255,-0.001814882032667886,1086.8,1126.2666666666667,0.012145748987854255,-0.02332188942819935,-0.20232052211747642,0.28052785572764893,1824600.0,2393280.0,0.7623846770958684,2622300007.5,312,False,jpx_liquidity,JPX流動性
341,6779,日本電波工業,電気機器,プライム,6779.T,2026-09-25,3260.0,-0.00911854103343468,0.07236842105263164,0.1584932480454868,-0.16195372750642678,1.6677577741407528,2863.25,2951.1,0.13856631450275048,0.10467283385856119,-0.3250517598343685,0.6296197471823354,374100.0,903730.0,0.4139510694565855,2605231880.0,312,False,jpx_liquidity,JPX流動性
342,1662,石油資源開発,鉱業,プライム,1662.T,2026-09-25,1883.0,0.002128791910590788,-0.014136125654450216,0.0074906367041198685,0.16956521739130426,-0.30103934669636223,1906.8,1790.5333333333333,-0.012481644640234935,0.05164196887333383,-0.2815719191148417,0.32117781642256754,1077400.0,1370890.0,0.7859128011729606,2603457675.0,312,False,jpx_liquidity,JPX流動性
343,6997,日本ケミコン,電気機器,プライム,6997.T,2026-09-25,2600.0,-0.06976744186046513,-0.06943450250536864,-0.036323202372127494,-0.5348837209302326,0.7699115044247788,2756.5,3287.383333333333,-0.056774895701070194,-0.209097407766055,-0.5652173913043479,0.7072117904799401,1724800.0,876825.0,1.9670971972742566,2579254605.0,312,False,jpx_liquidity,JPX流動性
344,2127,日本Ｍ＆Ａセンターホールディングス,サービス業,プライム,2127.T,2026-09-25,634.5,-0.008593749999999956,-0.019471451184229216,-0.07493807054165291,0.023057058225589344,0.017315997405149552,655.375,661.4550028483073,-0.03185199313370213,-0.04075107563210767,-0.09589625101678156,0.20691431814562566,2859200.0,3882775.0,0.7363805525687169,2578877259.4558716,312,False,jpx_liquidity,JPX流動性
345,4042,東ソー,化学,プライム,4042.T,2026-09-25,2656.5,0.0033994334277620553,0.03729012104646623,0.00815939278937372,-0.0934994028322812,0.1465256797583081,2630.225,2705.8166666666666,0.009989639669609973,-0.018226167084490763,-0.12787261982928433,0.20913519772806355,1235600.0,966570.0,1.2783347300247265,2570683477.5,312,False,jpx_liquidity,JPX流動性
346,9023,東京地下鉄,陸運業,プライム,9023.T,2026-09-25,1536.5,0.0022831050228311334,-0.002272727272727315,0.034331874789633066,0.10818608005769925,-0.044762200808206365,1511.325,1475.8333333333333,0.0166575686897259,0.04110671936758892,-0.07911297572670062,0.1554198175765603,2041100.0,1656450.0,1.2322134685622868,2567844195.0,312,False,jpx_liquidity,JPX流動性
347,6407,ＣＫＤ,機械,プライム,6407.T,2026-09-25,5240.0,0.007692307692307665,0.05326633165829153,-0.05585585585585584,-0.2899728997289973,0.22860492379835873,5232.75,6039.583333333333,0.0013855047537145726,-0.13239047947568128,-0.3594132029339854,0.5305922051604285,297500.0,496035.0,0.5997560656002097,2564206950.0,312,False,jpx_liquidity,JPX流動性
348,4536,参天製薬,医薬品,プライム,4536.T,2026-09-25,1748.5,0.007200460829493105,0.003731343283582156,-0.06746666666666667,-0.17852948085506226,-0.009909399773499472,1794.75,1938.9333333333334,-0.025769605794678907,-0.0982155136845001,-0.21802325581395354,0.22946381376232994,1531000.0,1406250.0,1.0887111111111112,2561107140.0,312,False,jpx_liquidity,JPX流動性
349,2871,ニチレイ,食料品,プライム,2871.T,2026-09-25,2219.5,0.007261175402768272,0.012083903328773404,0.02092916283348667,0.013470319634703243,0.12951653944020358,2167.125,2166.4583333333335,0.02416796446905467,0.024483123377247784,-0.05713678844519965,0.17921720134768454,999600.0,1166995.0,0.8565589398412161,2557358990.0,312,False,jpx_liquidity,JPX流動性
350,9009,京成電鉄,陸運業,プライム,9009.T,2026-09-25,1352.5,0.01121495327102795,-0.024873828406632992,0.008575689783743456,0.20008873114463177,0.14667231877914366,1368.375,1297.975,-0.011601351968575813,0.04200774283017794,-0.03392857142857142,0.1811191339624376,1670900.0,1842055.0,0.9070847504553339,2541855555.0,312,False,jpx_liquidity,JPX流動性
351,9041,近鉄グループホールディングス,陸運業,プライム,9041.T,2026-09-25,3556.0,0.010227272727272751,0.004519774011299438,-0.0078125,0.06626686656671654,0.09449061249615265,3503.45,3494.4,0.014999500492371753,0.017628205128205066,-0.025486434639627298,0.1319048249638113,1188900.0,682730.0,1.741391179529243,2535750485.0,312,False,jpx_liquidity,JPX流動性
352,2212,山崎製パン,食料品,プライム,2212.T,2026-09-25,3642.0,0.01988238588630642,-0.04684637529442559,-0.009249183895538637,0.13599500935745468,0.04057142857142848,3760.85,3523.1,-0.03160189850698647,0.03374868723567315,-0.0635124710722551,0.26574784586525163,618500.0,668870.0,0.9246938867044419,2527689750.0,312,False,jpx_liquidity,JPX流動性
353,7282,豊田合成,輸送用機器,プライム,7282.T,2026-09-25,5310.0,0.010466222645099998,0.03347606072401721,-0.0007527286413248069,0.016267942583731987,0.3228699551569507,5291.45,5204.583333333333,0.0035056553496679577,0.020254583299976092,-0.04855760616376992,0.35454814892814335,350100.0,476510.0,0.734717004889719,2505183525.0,312,False,jpx_liquidity,JPX流動性
354,4180,Ａｐｐｉｅｒ　Ｇｒｏｕｐ,情報・通信業,プライム,4180.T,2026-09-25,1476.0,-0.008064516129032251,-0.036553524804177506,0.15132605304212166,1.0499999999999998,0.9446640316205535,1438.65,1139.2833333333333,0.025961839224272643,0.29555129686791415,-0.0390625,0.6260629750400424,1078400.0,1744210.0,0.6182741757013204,2469501795.0,312,False,jpx_liquidity,JPX流動性
355,1808,長谷工コーポレーション,建設業,プライム,1808.T,2026-09-25,2731.5,0.0029373967321462136,0.0066334991708125735,-0.04726194628531566,-0.04241893076248904,-0.04792610665737196,2812.85,2803.241666666667,-0.028920845405905005,-0.025592394519440287,-0.08538422903063791,0.21389026917367332,704900.0,872570.0,0.8078434967968185,2467895692.5,312,False,jpx_liquidity,JPX流動性
356,5857,ＡＲＥホールディングス,非鉄金属,プライム,5857.T,2026-09-25,3660.0,-0.0027247956403270157,0.026647966339411022,-0.08728179551122195,0.25557461406518,0.07017543859649122,3781.5,3423.5666666666666,-0.03213010710035702,0.06906053141460666,-0.1212484993997599,0.444423704605064,582800.0,660825.0,0.8819278931638482,2459901000.0,312,False,jpx_liquidity,JPX流動性
357,6753,シャープ,電気機器,プライム,6753.T,2026-09-25,662.2999877929688,0.008988365568957546,-0.012671437320633028,0.06359398556229934,0.0925436728080733,0.16030133489278797,655.6000030517578,640.9966664632161,0.010219622803574024,0.033234683492656014,-0.038053757744417216,0.39190308404752305,3038400.0,3692400.0,0.8228794280142997,2446162013.986206,312,False,jpx_liquidity,JPX流動性
358,9504,中国電力,電気・ガス業,プライム,9504.T,2026-09-25,1050.5,0.008157389635316648,-0.03135085292761641,0.07161074475281626,0.187945283841779,0.04164600892414483,1055.5799987792968,972.9166656494141,-0.0048125189802492585,0.0797430418141718,-0.06497552291944819,0.3674008509218307,1743700.0,2349540.0,0.7421452709892149,2431437582.262268,312,False,jpx_liquidity,JPX流動性
359,4403,日油,化学,プライム,4403.T,2026-09-25,2577.0,-0.0025159667118250795,-0.0029019152640742396,-0.07051397655545533,0.0011655011655011815,-0.19216300940438868,2650.625,2719.3083333333334,-0.02777646781419474,-0.05233254779861307,-0.22332730560578662,0.177905528714129,918700.0,902570.0,1.0178711900462014,2423939572.5,312,False,jpx_liquidity,JPX流動性
360,7867,タカラトミー,その他製品,プライム,7867.T,2026-09-25,4086.0,0.008390918065152908,0.05745341614906829,0.1046228710462287,0.276875,0.5818815331010454,3763.2,3581.0333333333333,0.08577806122448983,0.14101143990095966,0.0,0.3028873402924646,580500.0,626555.0,0.926494880736727,2418189385.0,312,False,jpx_liquidity,JPX流動性
361,4114,日本触媒,化学,プライム,4114.T,2026-09-25,2600.0,0.007556675062972307,0.031132262542137523,-0.014778325123152691,0.23986647591797805,0.14537444933920707,2592.35,2377.5583333333334,0.002950990414102961,0.09355886816657133,-0.048838485458203795,0.23326610568116216,1032000.0,906355.0,1.1386266970447563,2407137155.0,312,False,jpx_liquidity,JPX流動性
362,7327,第四北越フィナンシャルグループ,銀行業,プライム,7327.T,2026-09-25,2855.0,0.06054977711738485,0.09219586840091809,0.14245698279311725,0.33974659784138894,0.4854318418314256,2629.95,2430.0833333333335,0.08557196904884123,0.17485682932684066,0.0,0.26335485300743766,1911900.0,837035.0,2.284133877316958,2404310935.0,312,True,jpx_liquidity,JPX流動性
363,2492,インフォマート,サービス業,プライム,2492.T,2026-09-25,712.0,0.004231311706629048,0.0,0.18272425249169433,1.0186556016252855,0.6145124716553287,685.05,579.05,0.039340194146412655,0.22960020723599017,-0.011111111111111072,0.5648226999000427,2698000.0,3511295.0,0.7683774789643137,2400373900.0,312,False,jpx_liquidity,JPX流動性
364,6417,ＳＡＮＫＹＯ,機械,プライム,6417.T,2026-09-25,2120.0,0.0,0.0011806375442739991,0.07586906876427313,0.3341724354940214,0.10387919812548807,2049.675,1869.8,0.03431031748935798,0.13381110279174235,-0.013265068652548284,0.26208894572844715,966800.0,1170910.0,0.8256825887557541,2398278430.0,312,False,jpx_liquidity,JPX流動性
365,4732,ユー・エス・エス,サービス業,プライム,4732.T,2026-09-25,1875.0,-0.0005330490405117683,-0.017038007863695914,-0.05111336032388669,-0.027237354085603127,0.13498789346246975,1944.35,1966.3833333333334,-0.03566744670455413,-0.04647279692837114,-0.09156976744186052,0.1469752296091897,1519000.0,1198655.0,1.2672537135372564,2398272787.5,312,False,jpx_liquidity,JPX流動性
366,8358,スルガ銀行,銀行業,プライム,8358.T,2026-09-25,2891.0,0.02517730496453896,0.021915871332626402,-0.007892930679478383,0.21266778523489926,0.44261477045908193,2900.95,2761.3333333333335,-0.0034299108912596576,0.0469579913085465,-0.034724540901502454,0.2185149558896652,841600.0,806090.0,1.0440521529853986,2367895200.0,312,False,jpx_liquidity,JPX流動性
367,6996,ニチコン,電気機器,プライム,6996.T,2026-09-25,2611.0,-0.007978723404255317,0.007719027402547374,-0.022829341317365248,-0.39279069767441865,0.48015873015873023,2609.45,3004.766666666667,0.0005939949031406044,-0.13104733589962625,-0.45262054507337524,0.5037066059680944,680900.0,893655.0,0.7619271419059928,2338485015.0,312,False,jpx_liquidity,JPX流動性
368,9007,小田急電鉄,陸運業,プライム,9007.T,2026-09-25,1782.5,0.003942551393973481,-0.024623803009575895,-0.0033547665641598945,0.07541478129713419,0.08292831105710818,1797.275,1747.3083333333334,-0.008220778678833307,0.02014050181946514,-0.03908355795148244,0.16167467488094397,1757400.0,1267725.0,1.3862627935869372,2334883290.0,312,False,jpx_liquidity,JPX流動性
369,5032,ＡＮＹＣＯＬＯＲ,情報・通信業,プライム,5032.T,2026-09-25,2960.0,-0.01661129568106312,-0.0864197530864198,0.014741172437435779,0.41154029566046724,0.052742630139074986,3053.65,2740.95,-0.03066821672424802,0.0799175468359512,-0.10708898944193057,0.6215071414443427,719400.0,735140.0,0.9785891122779334,2331282445.0,312,False,jpx_liquidity,JPX流動性
370,4194,ビジョナル,情報・通信業,プライム,4194.T,2026-09-25,8503.0,0.005558183538316053,-0.011279069767441863,-0.09320678255305537,0.1651137297889833,0.21471428571428564,8829.85,8714.933333333332,-0.03701648385872924,-0.02431841130932333,-0.11186546897848337,0.4559771825632141,327400.0,260280.0,1.2578761333948056,2328920690.0,312,False,jpx_liquidity,JPX流動性
371,3288,オープンハウスグループ,不動産業,プライム,3288.T,2026-09-25,7659.0,0.001962323390894749,0.00789577575996847,-0.04298388104460826,-0.10744668453560191,-0.2409316154608523,7716.9,8184.466666666666,-0.0075030128678613695,-0.06420292098039371,-0.2660277910876857,0.22998964503182662,211300.0,298710.0,0.7073750460312678,2300578685.0,312,False,jpx_liquidity,JPX流動性
372,4613,関西ペイント,化学,プライム,4613.T,2026-09-25,2867.0,0.00561206594177488,0.0026228361601678962,-0.00881590319792569,0.0899068618133434,0.21021528070915996,2844.075,2812.7,0.00806061724813878,0.019305293845770954,-0.05348299768900622,0.1520870467053013,777800.0,793295.0,0.9804675435997958,2295027052.5,312,False,jpx_liquidity,JPX流動性
373,4461,第一工業製薬,化学,プライム,4461.T,2026-09-25,13950.0,0.0028756290438534116,0.16056572379367728,0.03333333333333344,0.1151079136690647,0.8575233022636484,13097.0,12503.5,0.06512941895090485,0.11568760746990847,-0.10058027079303677,0.7316878181848339,132700.0,174800.0,0.7591533180778032,2287618000.0,312,False,jpx_liquidity,JPX流動性
374,9064,ヤマトホールディングス,陸運業,プライム,9064.T,2026-09-25,2020.0,0.00899100899100902,0.021750126454223473,0.03642893791688051,0.11019510854630399,0.15759312320916896,1966.675,1967.975,0.027114291888593822,0.026435803300346894,-0.07339449541284404,0.1887625225736359,1808900.0,1152150.0,1.570021264592284,2275515722.5,312,False,jpx_liquidity,JPX流動性
375,7189,西日本フィナンシャルホールディングス,銀行業,プライム,7189.T,2026-09-25,5146.0,0.04742519845308357,0.046998982706002,0.10595314850634008,0.2240723120837298,0.377040406743377,4902.4,4584.116666666667,0.04968994778067892,0.12257177864146862,0.0,0.26891196565754094,770700.0,435555.0,1.7694665426869167,2265245655.0,312,True,jpx_liquidity,JPX流動性
376,9001,東武鉄道,陸運業,プライム,9001.T,2026-09-25,2970.0,0.0078045469969461045,-0.001680672268907557,-0.02398948406178114,0.015731874145006763,0.04503870513722741,2966.375,2977.9583333333335,0.0012220302557834906,-0.0026724125869234117,-0.07129455909943716,0.12685918471622,1047500.0,738735.0,1.4179644933568871,2257225630.0,312,False,jpx_liquidity,JPX流動性
377,429A,テクセンドフォトマスク,その他製品,プライム,429A.T,2026-09-25,3880.0,0.011734028683181297,0.058663028649386106,0.03743315508021383,-0.06842737094837936,0.38918725384890807,3754.75,3939.0,0.03335774685398496,-0.014978420919015023,-0.2524084778420038,0.5289549084945658,331100.0,613300.0,0.5398662970813631,2249731625.0,229,False,jpx_liquidity,JPX流動性
378,3498,霞ヶ関キャピタル,不動産業,プライム,3498.T,2026-09-25,7550.0,0.009358288770053402,0.06039325842696619,0.007476189526766985,0.13876319758672695,0.20607028753993606,7417.805932617188,7328.795402018229,0.017821181705703015,0.030182940831020577,-0.06905055487053025,0.35569036495002515,255000.0,299435.0,0.8516038539248919,2239912850.0,312,False,jpx_liquidity,JPX流動性
379,1969,高砂熱学工業,建設業,プライム,1969.T,2026-09-25,4723.0,-0.003376239713019591,0.04468038044680389,0.09480760315252668,-0.07392156862745103,0.07511950830867287,4455.55,4497.566666666667,0.060026259384363234,0.05012340006077354,-0.0892788276128037,0.23292617319752532,694300.0,488850.0,1.4202720670962463,2217828315.0,312,False,jpx_liquidity,JPX流動性
380,4205,日本ゼオン,化学,プライム,4205.T,2026-09-25,2440.0,0.008056186738277127,0.04028991686207628,0.01413133832086455,0.01836393989983298,0.38243626062322944,2417.025,2358.108333333333,0.00950548711742738,0.034727694868415204,-0.06799083269671502,0.3358724902660116,1015700.0,890985.0,1.1399742981082734,2207197952.5,312,False,jpx_liquidity,JPX流動性
381,1332,ニッスイ,水産・農林業,プライム,1332.T,2026-09-25,1158.0,0.0012970168612191912,-0.02648171500630514,-0.10648148148148151,-0.10023310023310028,-0.13678717853149458,1222.125,1258.25,-0.05247008284749921,-0.07967415060600036,-0.172561629153269,0.24087550002165653,1820600.0,1767100.0,1.0302755927791296,2198586370.0,312,False,jpx_liquidity,JPX流動性
382,5929,三和ホールディングス,金属製品,プライム,5929.T,2026-09-25,3500.0,0.005747126436781658,0.0159651669085632,-0.040043883708173356,-0.061410565835344544,-0.00652852682372973,3524.9,3649.0333333333333,-0.007064030185253478,-0.0408418667957724,-0.1145965089805211,0.2135512572815447,798800.0,602535.0,1.325732115146838,2195075440.0,312,False,jpx_liquidity,JPX流動性
383,4676,フジ・メディア・ホールディングス,情報・通信業,プライム,4676.T,2026-09-25,4075.0,-0.0002453385672227526,-0.008274519347773235,-0.023484303858135602,0.060369502992453805,0.009162951956414034,4108.3,4090.3333333333335,-0.008105542438478275,-0.0037486757395485126,-0.07090743274053812,0.19765792387137104,536300.0,536465.0,0.9996924310066826,2187168500.0,312,False,jpx_liquidity,JPX流動性
384,5991,日本発條,金属製品,プライム,5991.T,2026-09-25,3453.0,0.006705539358600632,0.06278855032317643,-0.0011570726063060421,-0.13110216406643183,0.39599757428744686,3347.15,3565.35,0.03162391885634053,-0.031511632799023914,-0.18618901720480796,0.31074845376549043,606700.0,654570.0,0.9268680202270193,2165198205.0,312,False,jpx_liquidity,JPX流動性
385,6845,アズビル,電気機器,プライム,6845.T,2026-09-25,1479.0,0.00990099009900991,0.022114720110573582,-0.025049439683585972,-0.13051146384479717,0.08074534161490687,1476.025,1581.2833333333333,0.0020155485171320375,-0.06468374843218061,-0.15097588978185994,0.19978093609548667,1672600.0,1445000.0,1.157508650519031,2159596220.0,312,False,jpx_liquidity,JPX流動性
386,4540,ツムラ,医薬品,プライム,4540.T,2026-09-25,3878.0,0.011740151317505942,0.029739776951672958,0.025112344699973477,0.039957093054438175,0.037175715431933654,3775.85,3792.0333333333333,0.027053511129944363,0.02267033517637862,-0.041285537700865294,0.15230828900613547,431200.0,573230.0,0.7522285993405788,2148842240.0,312,False,jpx_liquidity,JPX流動性
387,9143,ＳＧホールディングス,陸運業,プライム,9143.T,2026-09-25,1500.0,0.00536193029490617,0.007049345417925457,-0.033816425120772986,-0.038769625120153806,0.025290498974709585,1491.7,1553.3916666666667,0.0055641214721458,-0.034371026839120855,-0.09638554216867468,0.17175998791184008,1368300.0,1448205.0,0.9448248003563031,2136450607.5,312,False,jpx_liquidity,JPX流動性
388,7389,あいちフィナンシャルグループ,銀行業,プライム,7389.T,2026-09-25,2066.0,0.08451443569553807,0.04979674796747968,0.14396456256921364,0.49277456647398843,0.4528832630098454,1944.65,1758.2833333333333,0.062401974648394365,0.17500971591609238,0.0,0.4471882726566572,1715500.0,1034475.0,1.6583291041349477,2135609715.0,312,True,jpx_liquidity,JPX流動性
389,9513,電源開発,電気・ガス業,プライム,9513.T,2026-09-25,4109.0,0.004154447702834796,-0.01675041876046901,0.024432809773123898,0.13008800880088,-0.05125836989148003,4138.75,3905.7,-0.007188160676532718,0.05205212893975486,-0.07662921348314611,0.22228090379223392,583000.0,510685.0,1.1416039241411047,2133066230.0,312,False,jpx_liquidity,JPX流動性
390,6941,山一電機,電気機器,プライム,6941.T,2026-09-25,8560.0,0.011820330969267046,0.1428571428571428,0.07672955974842766,-0.165692007797271,0.10167310167310162,7778.5,8425.166666666666,0.1004692421418012,0.016003639888429566,-0.23843416370106763,0.5598563789985875,226300.0,272775.0,0.8296214829071579,2124438050.0,312,False,jpx_liquidity,JPX流動性
391,7276,小糸製作所,電気機器,プライム,7276.T,2026-09-25,2690.5,0.008811398575178098,0.03381364073006732,0.003169276659209519,0.03760123409178551,0.09838742600530725,2659.375,2627.05,0.01170387779083426,0.024152566567061884,-0.0752706650627255,0.25884335390519486,866300.0,790760.0,1.0955283524710404,2118733977.5,312,False,jpx_liquidity,JPX流動性
392,4061,デンカ,化学,プライム,4061.T,2026-09-25,3352.0,-0.0023809523809523725,0.03297380585516185,-0.01729698035766636,-0.2388737511353315,-0.05015585151601021,3311.0,3583.5833333333335,0.012382965871337914,-0.06462339836755582,-0.26053386278402824,0.2581174146212123,463500.0,639130.0,0.7252045749690986,2103653705.0,312,False,jpx_liquidity,JPX流動性
393,4368,扶桑化学工業,化学,プライム,4368.T,2026-09-25,3060.0,0.008237232289950658,0.0658307210031348,0.0016366612111293755,-0.3405172413793104,0.08664772727272729,2922.6,3515.2833333333333,0.047012933689180914,-0.12951540179312238,-0.37487231869254345,0.3293633085435322,430600.0,758510.0,0.5676919223213932,2103377455.0,312,False,jpx_liquidity,JPX流動性
394,8056,ＢＩＰＲＯＧＹ,情報・通信業,プライム,8056.T,2026-09-25,4796.0,0.0006259127894847616,-0.009090909090909038,0.036076906459278524,0.15427196149217814,0.05014232537770957,4757.05,4643.85,0.008187847510537027,0.03276376282610327,-0.05664830841856805,0.23156044887232988,301100.0,440495.0,0.6835491889805787,2097183100.0,312,False,jpx_liquidity,JPX流動性
395,2264,森永乳業,食料品,プライム,2264.T,2026-09-25,1129.5,0.0,0.006236080178173786,-0.047237452551666004,-0.08819374369323918,-0.763554532133138,1131.125,1197.3416666666667,-0.0014366228312521212,-0.05666024039364981,-0.786322360953462,0.21364412868540147,1914400.0,1827340.0,1.047643022097694,2095656892.5,312,False,jpx_liquidity,JPX流動性
396,8227,しまむら,小売業,プライム,8227.T,2026-09-25,3216.0,0.00657276995305156,0.0,-0.03219981944026484,-0.0027906976744186407,-0.01831501831501836,3243.25,3322.7137166341145,-0.00840206582902947,-0.032116434256699855,-0.09941192943153176,0.1586105934272259,720900.0,648910.0,1.11093988380515,2088932650.0,312,False,jpx_liquidity,JPX流動性
397,5471,大同特殊鋼,鉄鋼,プライム,5471.T,2026-09-25,2479.5,0.01142157862533133,0.06347844735149044,0.08941124780316345,-0.14881565396498453,0.33378160301237214,2342.0,2400.4,0.058710503842869244,0.03295284119313435,-0.16176470588235292,0.400802198450268,832900.0,887020.0,0.9389867195779126,2072923760.0,312,False,jpx_liquidity,JPX流動性
398,4912,ライオン,化学,プライム,4912.T,2026-09-25,1730.5,0.007275902211874241,-0.013116623895066959,-0.08366428382314006,0.013469985358711467,0.04404223227752646,1802.25,1770.8,-0.03981134692745181,-0.02275807544612607,-0.09374181722964126,0.16597262556220257,988400.0,1138210.0,0.868381054462709,2041282127.5,312,False,jpx_liquidity,JPX流動性
399,7956,ピジョン,その他製品,プライム,7956.T,2026-09-25,2040.0,0.006165228113440113,0.042944785276073594,-0.050721265704979035,0.02051025512756377,0.26042632066728455,2031.125,2049.9083333333333,0.004369499661517562,-0.004833549467659126,-0.053583855254001445,0.20935133470048936,1026900.0,988595.0,1.0387469084913439,2026967210.0,312,False,jpx_liquidity,JPX流動性
400,6507,シンフォニアテクノロジー,電気機器,プライム,6507.T,2026-09-25,12700.0,-0.0007867820613689513,0.09294320137693624,0.035044824775876116,-0.17905623787976732,0.1802973977695168,12045.5,13283.833333333334,0.054335644016437756,-0.04395066685068316,-0.23677884615384615,0.4756543184471167,104400.0,168145.0,0.6208926819114455,2023227450.0,312,False,jpx_liquidity,JPX流動性
401,4971,メック,化学,プライム,4971.T,2026-09-25,6730.0,0.0014880952380953438,0.10327868852459021,0.0,-0.35007242877836797,0.0166163141993958,6390.0,7849.166666666667,0.05320813771518007,-0.14258413844357154,-0.4197473755043254,0.44351050891338367,366200.0,314300.0,1.1651288577791918,2019506000.0,312,False,jpx_liquidity,JPX流動性
402,6622,ダイヘン,電気機器,プライム,6622.T,2026-09-25,12930.0,0.007009345794392496,0.09298393913778535,0.0,-0.2938285090114692,0.12142237640936693,12484.5,13948.166666666666,0.035684248468100366,-0.07299645114650666,-0.33521850899742933,0.45608173233185934,90100.0,163245.0,0.551931146436338,2017933200.0,312,False,jpx_liquidity,JPX流動性
403,9989,サンドラッグ,小売業,プライム,9989.T,2026-09-25,3668.0,0.0019120458891013214,-0.01371336380747512,-0.02238805970149249,-0.03651168899395851,-0.05293054479731474,3702.7,3756.7833333333333,-0.009371539687255237,-0.023632806434582765,-0.07885484681064792,0.13515544715391653,498000.0,544485.0,0.9146257472657648,2017010130.0,312,False,jpx_liquidity,JPX流動性
404,4666,パーク２４,不動産業,プライム,4666.T,2026-09-25,2013.5,0.0024894199651481763,0.008514901076884573,-0.0034644889878743257,-0.02541142303969024,0.042454051255500946,1999.75,1998.8,0.006875859482435409,0.007354412647588626,-0.06890173410404621,0.2274943102319108,729600.0,996080.0,0.7324712874467915,2015443072.5,312,False,jpx_liquidity,JPX流動性
405,6592,マブチモーター,電気機器,プライム,6592.T,2026-09-25,1724.5,0.0017426662794075565,0.04105040748566258,-0.026531188258537952,0.09076533839342193,0.09980867346938771,1718.85,1678.3666666666666,0.0032870814788958924,0.027487040972373977,-0.03443449048152292,0.23345899212604243,1007800.0,1188185.0,0.8481844157265073,2005941175.0,312,False,jpx_liquidity,JPX流動性
406,4043,トクヤマ,化学,プライム,4043.T,2026-09-25,4223.0,-0.0035394053798961655,0.04426310583580606,0.04971414367387528,-0.1614376489277204,0.13582571274878963,4061.15,4275.35,0.03985324353939146,-0.012244611552270634,-0.24884382781928138,0.33621986131631937,477400.0,487610.0,0.9790611349234019,1998050985.0,312,False,jpx_liquidity,JPX流動性
407,9861,吉野家ホールディングス,小売業,プライム,9861.T,2026-09-25,3585.0,-0.008847110865358054,-0.05583355280484592,-0.06805362098539625,0.17156862745098045,0.08999695956217701,3780.2909912109376,3666.9421590169272,-0.051660306485660334,-0.02234618258579113,-0.11262376237623761,0.1494835569650097,322900.0,531865.0,0.6071089468192117,1988784790.0,312,False,jpx_liquidity,JPX流動性
408,2501,サッポロビール,食料品,プライム,2501.T,2026-09-25,1820.0,0.00942872989462007,-0.02124226942726537,-0.05870183604861645,-0.11045943304007821,0.07533234859675031,1866.025,1945.675,-0.024664728500422117,-0.06459197964716612,-0.15857605177993528,0.21322725682219104,974500.0,1063275.0,0.9165079589005667,1980976897.5,312,False,jpx_liquidity,JPX流動性
409,6027,弁護士ドットコム,サービス業,プライム,6027.T,2026-09-25,5110.0,-0.03584905660377358,-0.09397163120567376,0.1760644418872268,1.4926829268292683,0.8204488778054864,5295.25,3586.516666666667,-0.03498418393843539,0.42478077614770116,-0.125,0.7816842566610365,281000.0,383715.0,0.7323143478884068,1980371925.0,312,False,jpx_liquidity,JPX流動性
410,8524,北洋銀行,銀行業,プライム,8524.T,2026-09-25,1375.0,0.04324734446130507,0.05687932359723291,0.0991207034372501,0.2376237623762376,0.4596602972399151,1311.65,1237.1833333333334,0.04829794533602705,0.11139550861499914,0.0,0.2881487356045197,1558100.0,1467155.0,1.0619873155869692,1956295860.0,312,True,jpx_liquidity,JPX流動性
411,7173,東京きらぼしフィナンシャルグループ,銀行業,プライム,7173.T,2026-09-25,1787.0,0.049941245593419614,0.051795173631548064,0.06053412462908003,-0.005149617258176753,-0.8376930063578565,1701.85,1728.95,0.050033786761465526,0.033575291361809256,-0.8553036437246964,0.2755144105277049,1719200.0,1100985.0,1.5615108289395405,1952031765.0,312,True,jpx_liquidity,JPX流動性
412,7180,九州フィナンシャルグループ,銀行業,プライム,7180.T,2026-09-25,1745.0,0.0607902735562309,0.08250620347394544,0.14238952536824878,0.21475809258614698,0.517391304347826,1610.95,1551.0666666666666,0.0832117694528074,0.12503223588068435,0.0,0.2898776745373163,2169300.0,1122175.0,1.9331209481587097,1946830062.5,312,True,jpx_liquidity,JPX流動性
413,8368,百五銀行,銀行業,プライム,8368.T,2026-09-25,2606.0,0.059780398535990154,0.074639175257732,0.15411868910540294,0.32959183673469394,0.7122207621550591,2416.25,2205.85,0.07853078116916712,0.1814039939252443,0.0,0.3433886616909949,1088500.0,772055.0,1.4098736488980708,1944120235.0,312,True,jpx_liquidity,JPX流動性
414,7721,東京計器,精密機器,プライム,7721.T,2026-09-25,7580.0,0.03551912568306004,0.13134328358208958,0.05424200278164126,0.23252032520325194,0.16795069337442214,7071.0,6911.666666666667,0.07198416065620128,0.09669640704123461,-0.06419753086419755,0.5381093207608062,348500.0,270355.0,1.2890458841153298,1935952750.0,312,True,jpx_liquidity,JPX流動性
415,4373,シンプレクス・ホールディングス,情報・通信業,プライム,4373.T,2026-09-25,1150.0,-0.0034662045060658286,-0.0103270223752151,-0.021276595744680882,0.2623490669593853,0.48005148005148013,1172.65,1114.0166666666667,-0.01931522619707504,0.03230053410331979,-0.08657664813343924,0.38855752911265484,2802300.0,1522935.0,1.840065400033488,1927310780.0,312,False,jpx_liquidity,JPX流動性
416,6951,日本電子,電気機器,プライム,6951.T,2026-09-25,7689.0,0.016525647805393895,0.11888824214202565,0.07689075630252096,0.04711970584229874,0.3266045548654244,7086.7,7625.216666666666,0.08499019289655263,0.008364789634393022,-0.14585647633859145,0.4557802676099624,270800.0,266660.0,1.0155253881347033,1924424020.0,312,False,jpx_liquidity,JPX流動性
417,2002,日清製粉グループ本社,食料品,プライム,2002.T,2026-09-25,2028.0,0.007201390613359893,-0.01409820126397665,-0.01839303000968051,0.016796189521183225,-0.027571325821145964,2045.75,2032.0083333333334,-0.008676524502016392,-0.0019725968971584518,-0.06694271911663219,0.21361322730499235,874500.0,940995.0,0.9293354374890409,1923570400.0,312,False,jpx_liquidity,JPX流動性
418,6814,古野電気,電気機器,プライム,6814.T,2026-09-25,7710.0,0.015810276679841806,0.096728307254623,0.018368921782375258,0.30456852791878175,0.22575516693163755,7521.510327148438,7271.312646484375,0.0250600829691372,0.06033124620596886,-0.03745318352059923,0.38795053307162686,271000.0,245790.0,1.102567232190081,1904951000.0,312,False,jpx_liquidity,JPX流動性
419,8418,山口フィナンシャルグループ,銀行業,プライム,8418.T,2026-09-25,3550.0,0.03498542274052485,0.10591900311526481,0.13527342500799477,0.2341387102381367,0.4767054908485857,3246.8,3108.675,0.09338425526672411,0.141965628442986,0.0,0.29307097421983574,643700.0,556295.0,1.15711987344844,1893686805.0,312,True,jpx_liquidity,JPX流動性
420,5444,大和工業,鉄鋼,プライム,5444.T,2026-09-25,12565.0,0.006407689227072577,0.037572254335260125,0.010048231511254002,0.03415637860082299,0.04273858921161833,12360.25,12690.25,0.016565198923969904,-0.009869781919189968,-0.08584939978173878,0.20768165612952347,114000.0,154700.0,0.7369101486748546,1884229725.0,312,False,jpx_liquidity,JPX流動性
421,6376,日機装,精密機器,プライム,6376.T,2026-09-25,3650.0,0.04734576757532283,0.13003095975232193,0.05797101449275366,-0.13198573127229485,0.523372287145242,3519.75,3727.4166666666665,0.03700546913843317,-0.02076952312817182,-0.16761687571265682,0.4901347789940088,471900.0,517715.0,0.9115053649208541,1878124725.0,312,True,jpx_liquidity,JPX流動性
422,3923,ラクス,情報・通信業,プライム,3923.T,2026-09-25,1047.5,-0.023765144454799603,-0.03367158671586712,-0.04859218891916439,0.18348212506339,0.424201223657376,1086.35,1057.890000406901,-0.03576195517098535,-0.009821437392266374,-0.10964725881852955,0.5144463625546002,1673000.0,1706070.0,0.9806162701413189,1876529040.0,312,False,jpx_liquidity,JPX流動性
423,5741,ＵＡＣＪ,非鉄金属,プライム,5741.T,2026-09-25,2230.0,0.004957187922487671,0.016408386508659945,-0.055484963998305825,-0.10585404971932644,0.0054102795311090635,2261.15,2358.3333333333335,-0.013776175839727567,-0.054416961130742125,-0.37622377622377623,0.32437330941586645,1105500.0,827740.0,1.3355643076328316,1859756355.0,312,False,jpx_liquidity,JPX流動性
424,5726,大阪チタニウムテクノロジーズ,非鉄金属,プライム,5726.T,2026-09-25,2462.0,0.022425249169435224,0.024126455906821942,-0.13644335320940026,-0.0789375233819678,-0.07859281437125754,2575.6,2709.133333333333,-0.04410622767510475,-0.09122228510962915,-0.23062499999999997,0.3442897165379645,421900.0,731160.0,0.5770282838229662,1859395105.0,312,False,jpx_liquidity,JPX流動性
425,4369,トリケミカル研究所,化学,プライム,4369.T,2026-09-25,2992.0,-0.004326123128119752,0.01734104046242768,-0.07796610169491525,-0.14022988505747125,0.11350949013770006,3029.55,3228.2,-0.012394580053143311,-0.0731677095595068,-0.28421052631578947,0.32732280071506553,451400.0,606900.0,0.7437798648871313,1853845910.0,312,False,jpx_liquidity,JPX流動性
426,9008,京王電鉄,陸運業,プライム,9008.T,2026-09-25,795.0999755859375,0.005183281398151163,-0.010331153318271835,0.009394392870672341,0.07533128121819366,-0.004881131932493732,789.6200012207031,778.2516672770182,0.006940014635853586,0.021648920288046325,-0.05435301245304491,0.15555973762207084,2685600.0,2267045.0,1.184625801428732,1849630985.0878906,312,False,jpx_liquidity,JPX流動性
427,3105,日清紡ホールディングス,電気機器,プライム,3105.T,2026-09-25,2559.0,0.015677713832109585,0.1348115299334811,0.20764511562057564,0.04920049200492005,0.729054054054054,2293.45,2294.1916666666666,0.11578626087335686,0.11542554930385807,0.0,0.3750539736868651,856900.0,780075.0,1.0984841201166555,1838476990.0,312,False,jpx_liquidity,JPX流動性
428,6103,オークマ,機械,プライム,6103.T,2026-09-25,4665.0,0.023026315789473673,0.07986111111111116,-0.04892966360856266,0.044792833146696465,0.3385939741750359,4559.25,4862.083333333333,0.02319460437571963,-0.04053475019281849,-0.16397849462365588,0.3765467278412345,339000.0,395500.0,0.8571428571428571,1822662250.0,312,False,jpx_liquidity,JPX流動性
429,2222,寿スピリッツ,食料品,プライム,2222.T,2026-09-25,2514.5,-0.04554944012146522,-0.002380480063479462,-0.07741698770867733,0.038405946727235074,0.3566226058807662,2606.1,2593.5583333333334,-0.03514830589770146,-0.030482573812683378,-0.094526467410875,0.33961817958304513,1402400.0,649420.0,2.15946536909858,1807403290.0,312,False,jpx_liquidity,JPX流動性
430,7459,メディパルホールディングス,卸売業,プライム,7459.T,2026-09-25,3161.0,0.012491992312620104,0.08123824183341877,0.08662770711584744,0.20396115025709394,0.08943649836291567,2938.375,2849.1916666666666,0.0757646658442166,0.1094374720315412,0.0,0.3106904396858329,1079600.0,569005.0,1.8973471234874912,1800348995.0,312,False,jpx_liquidity,JPX流動性
431,6465,ホシザキ,機械,プライム,6465.T,2026-09-25,5347.0,-0.0005607476635514086,0.009439305267132436,-0.06406441449326095,0.019447092469018212,0.058183257470809435,5470.55,5547.583333333333,-0.022584566451270938,-0.03615688513016169,-0.08504449007529091,0.1577734583952572,302900.0,322055.0,0.9405225815466303,1780954935.0,312,False,jpx_liquidity,JPX流動性
432,5233,太平洋セメント,ガラス・土石製品,プライム,5233.T,2026-09-25,4148.0,-0.00907787864309606,0.0014485755673587786,-0.009551098376313294,0.014925373134328401,0.20932944606413995,4169.9,4121.183333333333,-0.00525192450658285,0.00650703074764114,-0.084326710816777,0.2664570215059961,467400.0,418080.0,1.11796785304248,1778038960.0,312,False,jpx_liquidity,JPX流動性
433,8439,東京センチュリー,その他金融業,プライム,8439.T,2026-09-25,2740.5,0.026596740962727017,0.03200903784598008,0.060359837492745205,0.09993979530403374,0.37921489682939113,2682.65,2605.1833333333334,0.021564497791362935,0.051941322107849075,-0.00598476605005438,0.23279685810416367,725000.0,658630.0,1.1007697796942137,1775370507.5,312,False,jpx_liquidity,JPX流動性
434,6703,沖電気工業,電気機器,プライム,6703.T,2026-09-25,2775.0,0.001443522194153779,0.06689734717416385,0.008724100327153872,-0.25,0.054732041049030844,2737.5,2991.65,0.013698630136986356,-0.07241823074223253,-0.2801556420233463,0.4219501290347595,585500.0,644270.0,0.9087804802334425,1768409950.0,312,False,jpx_liquidity,JPX流動性
435,8366,滋賀銀行,銀行業,プライム,8366.T,2026-09-25,3020.0,0.05483758295494234,0.05816398037841619,0.11934766493699045,0.2520729684908789,0.6566099835436094,2852.95,2719.6833333333334,0.05855342715434908,0.11042339488053132,0.0,0.30618787929254004,750100.0,606055.0,1.2376764485071488,1756944905.0,312,True,jpx_liquidity,JPX流動性
436,6135,牧野フライス製作所,機械,プライム,6135.T,2026-09-25,15750.0,0.01875808538163004,0.05492297387809786,0.027397260273972712,0.02672750977835725,0.36956521739130443,15210.0,15001.666666666666,0.035502958579881616,0.049883346294856246,-0.04138770541692027,0.3021704690530678,112900.0,116030.0,0.9730242178746876,1753271850.0,312,False,jpx_liquidity,JPX流動性
437,4099,四国化成ホールディングス,化学,プライム,4099.T,2026-09-25,2225.0,-0.013741134751773076,0.060028585040495575,-0.1071428571428571,-0.37323943661971826,-0.49142857142857144,2238.75,2647.016666666667,-0.006141820212172022,-0.15943105760573228,-0.6674140508221226,0.404918981199934,470700.0,792715.0,0.5937821285077235,1750366495.0,312,False,jpx_liquidity,JPX流動性
438,9401,ＴＢＳホールディングス,情報・通信業,プライム,9401.T,2026-09-25,5828.0,0.006910850034554272,-0.0022256462934429067,-0.011533242876526462,-0.028018679119412915,0.047824523552678855,5862.6,6039.95,-0.00590181830587122,-0.035091350093957696,-0.11104331909701037,0.1911876606562132,272800.0,303330.0,0.8993505423136517,1748726030.0,312,False,jpx_liquidity,JPX流動性
439,9065,山九,陸運業,プライム,9065.T,2026-09-25,8224.0,0.005133219261794109,0.02034739454094292,-0.023857566765578597,-0.051003923378721394,-0.05231620188983632,8162.35,8573.666666666666,0.00755297187697157,-0.040783795342327234,-0.1317567567567568,0.1941866601873881,199000.0,210505.0,0.9453457162537707,1729477935.0,312,False,jpx_liquidity,JPX流動性
440,8282,ケーズホールディングス,小売業,プライム,8282.T,2026-09-25,1876.0,-0.00451048023348366,-0.007932310946589083,-0.049404611097035755,-0.024440977639105577,0.12402636309167159,1898.275,1884.9666666666667,-0.011734337754013557,-0.0047569364621832255,-0.12274959083469716,0.19192319723009654,1787900.0,852340.0,2.0976370931787782,1726330440.0,312,False,jpx_liquidity,JPX流動性
441,3774,インターネットイニシアティブ,情報・通信業,プライム,3774.T,2026-09-25,3465.0,0.006389776357827559,0.01941747572815533,0.0257548845470692,0.10915492957746475,0.4347826086956521,3341.7,3417.4333333333334,0.036897387557231376,0.013918827970309078,-0.04598017621145378,0.2847023006861553,458000.0,533860.0,0.8579028209642977,1715400765.0,312,False,jpx_liquidity,JPX流動性
442,3046,ジンズホールディングス,小売業,プライム,3046.T,2026-09-25,5810.0,-0.015254237288135575,-0.01858108108108103,-0.07490952696527153,-0.2844827586206896,0.11946050096339111,5812.7164306640625,6513.2189534505205,-0.000467325508901939,-0.10796795846667717,-0.36293859649122806,0.31617750418212803,294600.0,286425.0,1.0285415030112595,1714317850.0,312,False,jpx_liquidity,JPX流動性
443,9048,名古屋鉄道,陸運業,プライム,9048.T,2026-09-25,1872.5,0.006720430107526987,-0.013175230566534912,-0.019119958093242517,0.023224043715847076,0.07368119266055051,1884.85,1883.3083333333334,-0.006552245536780021,-0.005739014234702244,-0.061168212584607695,0.13686178065283058,2514700.0,796310.0,3.1579410028757646,1687828960.0,312,False,jpx_liquidity,JPX流動性
444,4047,関東電化工業,化学,プライム,4047.T,2026-09-25,2401.0,0.0004166666666667318,0.12459016393442623,0.029147021003000484,-0.35108108108108105,0.7016300496102055,2237.2,2652.0666666666666,0.07321652065081352,-0.09466830899172973,-0.4549375709421113,0.546897084569646,560200.0,743700.0,0.7532607234099772,1682754340.0,312,False,jpx_liquidity,JPX流動性
445,6923,スタンレー電気,電気機器,プライム,6923.T,2026-09-25,3584.0,0.002797985450475604,0.034045008655510633,-0.00720221606648197,0.010716300056401673,0.26643109540636045,3554.9,3551.4333333333334,0.008185884272412736,0.009170006476258319,-0.05360443622920519,0.26149683249951267,408800.0,483090.0,0.8462191310107847,1674275350.0,312,False,jpx_liquidity,JPX流動性
446,2809,キユーピー,食料品,プライム,2809.T,2026-09-25,4432.0,-0.006500784577448959,-0.020985199911641272,-0.06655433866891325,0.007959972708664997,0.10593507934495605,4628.55,4589.166666666667,-0.04246470276868575,-0.03424732159070276,-0.0852425180598555,0.1672212226760898,461400.0,350870.0,1.3150169578476358,1673474990.0,312,False,jpx_liquidity,JPX流動性
447,7278,エクセディ,輸送用機器,プライム,7278.T,2026-09-25,5980.0,-0.0033333333333332993,0.017006802721088343,-0.03548387096774197,0.029259896729776358,0.07553956834532372,6028.5,6022.166666666667,-0.00804511901799787,-0.00700190961171232,-0.047770700636942665,0.17796584571519058,356000.0,264440.0,1.3462411132960217,1631905350.0,312,False,jpx_liquidity,JPX流動性
448,4722,フューチャー,情報・通信業,プライム,4722.T,2026-09-25,2425.0,-0.00041220115416318315,-0.00041220115416318315,-0.009395424836601274,0.6429539295392954,0.549520766773163,2435.9,2257.7833333333333,-0.004474732131861003,0.0740623177600448,-0.010607915136678914,0.03721419739050093,788400.0,697415.0,1.1304603428374784,1609617965.0,312,False,jpx_liquidity,JPX流動性
449,5393,ニチアス,ガラス・土石製品,プライム,5393.T,2026-09-25,3405.0,-0.0014662756598240456,0.03747714808043878,0.013091341862540906,-0.14768460575719644,0.198943661971831,3351.35,3464.85,0.016008474196965494,-0.017273475042209552,-0.161949298547871,0.2882103666624547,485900.0,495790.0,0.9800520381613183,1606300130.0,312,False,jpx_liquidity,JPX流動性
450,2593,伊藤園,食料品,プライム,2593.T,2026-09-25,3148.0,-0.007566204287515754,-0.008503937007873996,0.0341655716162943,0.0862663906142167,0.07040483794594499,3137.6,3039.375,0.0033146353901070125,0.03573925560353697,-0.038191261839291224,0.3626489665650579,304300.0,509075.0,0.5977508225703482,1598714815.0,312,False,jpx_liquidity,JPX流動性
451,4922,コーセーホールディングス,化学,プライム,4922.T,2026-09-25,5716.0,0.0026311173478337224,0.011860506284298022,-0.040134340890008446,0.1538150989099718,-0.032006773920406406,5721.6,5626.7,-0.0009787472035794886,0.015870759059484207,-0.07552967814976552,0.16176256241500883,273400.0,277540.0,0.9850832312459465,1586076110.0,312,False,jpx_liquidity,JPX流動性
452,4733,オービックビジネスコンサルタント,情報・通信業,プライム,4733.T,2026-09-25,8261.0,0.006825106642291301,-0.004818696542585266,-0.015375446960667505,0.4177106572850524,0.34020116807267997,8365.55,7697.933333333333,-0.012497683953834438,0.07314517316335989,-0.05696347031963467,0.26760737041557825,262600.0,183695.0,1.4295435368409593,1576056130.0,312,False,jpx_liquidity,JPX流動性
453,5901,東洋製罐グループホールディングス,金属製品,プライム,5901.T,2026-09-25,4564.0,0.015124555160142439,0.010852713178294504,0.027002700270027047,0.09527237820974332,0.29218573046432605,4533.75,4297.483333333334,0.006672180865729294,0.062016916877707384,-0.019969937728151144,0.15980950805576616,439600.0,339710.0,1.2940449206676283,1572601910.0,312,False,jpx_liquidity,JPX流動性
454,3048,ビックカメラ,小売業,プライム,3048.T,2026-09-25,1735.0,0.006088721368512573,-0.011958997722095632,-0.02576508462844662,0.05921855921855923,0.004632310364794501,1745.4894287109375,1715.7248636881511,-0.006009448432285347,0.011234398195066442,-0.06870638754696723,0.17269647833923937,623200.0,920490.0,0.6770307119034428,1570133177.5,312,False,jpx_liquidity,JPX流動性
455,2331,ＡＬＳＯＫ,サービス業,プライム,2331.T,2026-09-25,1212.5,-0.0032881216605014085,-0.010607915136678914,0.016771488469601747,0.13636363636363646,-0.016227180527383367,1214.9,1165.1833333333334,-0.00197547123220021,0.040608774012673265,-0.07052510540436951,0.2002934126163253,1186000.0,1262745.0,0.9392236754055648,1557640765.0,312,False,jpx_liquidity,JPX流動性
456,8388,阿波銀行,銀行業,プライム,8388.T,2026-09-25,11040.0,0.07917888563049846,0.09198813056379818,0.18837459634015064,0.5615275813295615,0.9334500875656742,10076.0,8910.333333333334,0.09567288606589908,0.23901088623695332,0.0,0.3923489840515824,206400.0,152600.0,1.3525557011795544,1542257300.0,312,True,jpx_liquidity,JPX流動性
457,4565,ネクセラファーマ,医薬品,プライム,4565.T,2026-09-25,1260.0,-0.0055248618784530246,0.021897810218978186,0.13718411552346566,0.320754716981132,0.45328719723183397,1193.15,1038.0,0.05602816075095318,0.21387283236994215,-0.03002309468822173,0.4538966583540501,670300.0,1284400.0,0.521877919651199,1539081810.0,312,False,jpx_liquidity,JPX流動性
458,2670,エービーシー・マート,小売業,プライム,2670.T,2026-09-25,2735.0,0.010716925351071716,0.02242990654205612,-0.010702983938724264,-0.04035087719298247,0.08682694218160147,2698.041357421875,2731.327701822917,0.013698323221198017,0.0013445102814402254,-0.0731955269400203,0.1597007055215326,621300.0,563565.0,1.1024460355061085,1537718400.0,312,False,jpx_liquidity,JPX流動性
459,6925,ウシオ電機,電気機器,プライム,6925.T,2026-09-25,4012.0,-0.010115963483839141,0.13045928430543818,0.02871794871794875,-0.08002751662462737,0.410689170182841,3736.85,4004.75,0.07363153458126503,0.0018103502091266765,-0.16901408450704225,0.47834427395170737,555200.0,392475.0,1.4146123956939933,1517907595.0,312,False,jpx_liquidity,JPX流動性
460,6101,ツガミ,機械,プライム,6101.T,2026-09-25,5260.0,0.021359223300970953,0.09469302809573366,-0.04014598540145986,-0.28629579375848035,0.6259659969088098,5087.25,6118.083333333333,0.033957442626173284,-0.1402536197338491,-0.3569682151589242,0.4601010790437148,190400.0,303445.0,0.6274613191846957,1513936750.0,312,False,jpx_liquidity,JPX流動性
461,6432,竹内製作所,機械,プライム,6432.T,2026-09-25,7300.0,0.0,0.01671309192200554,-0.019191449625118095,0.00137174211248281,0.17932148626817446,7396.627758789063,7396.589046223959,-0.013063758504575862,-0.013058593037998834,-0.07944514501891553,0.2915815499833258,171500.0,201915.0,0.8493673080256544,1512082650.0,312,False,jpx_liquidity,JPX流動性
462,9044,ＮＡＮＫＡＩ,陸運業,プライム,9044.T,2026-09-25,3244.0,0.00776638707673194,0.015018773466833446,0.06360655737704923,0.15424301725671596,0.03312101910828025,3144.05,3012.125,0.03179020689874523,0.07698053699630658,-0.007343941248470043,0.11245041432513089,1241200.0,423395.0,2.931541468368781,1511513870.0,312,False,jpx_liquidity,JPX流動性
463,9744,メイテックグループホールディングス,サービス業,プライム,9744.T,2026-09-25,3503.0,0.006031016657093602,0.030294117647058805,0.04070112893642297,0.14141414141414144,0.0821748532591906,3387.65,3302.75,0.034050152760763286,0.060631292105064016,0.0,0.16035554885581424,662500.0,420380.0,1.575955088253485,1505780645.0,312,False,jpx_liquidity,JPX流動性
464,3186,ネクステージ,小売業,プライム,3186.T,2026-09-25,2903.0,-0.004116638078902279,-0.0175972927241963,-0.1436578171091445,-0.2594387755102041,-0.0856692913385827,3098.25,3415.75,-0.0630194464617122,-0.15011344507062874,-0.3145218417945691,0.3110083896527242,591900.0,483540.0,1.2240972825412582,1502743735.0,312,False,jpx_liquidity,JPX流動性
465,6254,野村マイクロ・サイエンス,機械,プライム,6254.T,2026-09-25,3420.0,0.01333333333333342,0.057187017001545604,-0.05524861878453036,-0.263724434876211,0.0979133226324238,3391.0,3902.0,0.00855204954290767,-0.12352639671963095,-0.37247706422018345,0.3525997819841953,445400.0,442230.0,1.0071682156343984,1502003200.0,312,False,jpx_liquidity,JPX流動性
466,3635,コーエーテクモホールディングス,情報・通信業,プライム,3635.T,2026-09-25,1671.0,-0.011535048802129522,-0.007130124777183555,-0.020228671943711474,0.10845771144278604,0.03724394785847296,1679.85,1624.95,-0.005268327529243666,0.02833933351795448,-0.05110732538330498,0.2372264006127517,750800.0,890910.0,0.8427338339450674,1489484077.5,312,False,jpx_liquidity,JPX流動性
467,9110,ＮＳユナイテッド海運,海運業,プライム,9110.T,2026-09-25,10510.0,0.0,0.0019065776930409228,0.0038204393505252288,0.5780780780780781,0.4126344086021505,10489.5,9082.0,0.0019543352876685294,0.1572340894076194,0.0,0.018285294163078173,122600.0,142625.0,0.8595968448729185,1487881100.0,312,False,jpx_liquidity,JPX流動性
468,8088,岩谷産業,卸売業,プライム,8088.T,2026-09-25,2136.5,0.0063589260480452214,0.018350810295519437,-0.015891294334408057,0.11946554886036154,0.03137822833695392,2162.15,2090.7,-0.01186319173045347,0.021906538479935067,-0.06764128300240013,0.2875788323721237,592800.0,682530.0,0.8685332512856577,1486623870.0,312,False,jpx_liquidity,JPX流動性
469,8343,秋田銀行,銀行業,プライム,8343.T,2026-09-25,10250.0,0.08008429926238136,0.10691144708423317,0.20730270906949344,0.5073529411764706,1.0707070707070705,9214.0,8124.5,0.11243759496418493,0.26161609945227404,0.0,0.4414380430659964,263200.0,149690.0,1.7583004876745274,1468785650.0,312,True,jpx_liquidity,JPX流動性
470,9404,日本テレビホールディングス,情報・通信業,プライム,9404.T,2026-09-25,2937.5,-0.00152957171991841,-0.02278775781769793,-0.026350679482930017,0.07916972814107281,-0.07275883838383834,3003.25,2933.1666666666665,-0.021892949304919695,0.0014773566679926464,-0.08030682529743272,0.19332658843744804,494400.0,484680.0,1.0200544689279525,1467105887.5,312,False,jpx_liquidity,JPX流動性
471,6191,エアトリ,サービス業,プライム,6191.T,2026-09-25,1481.0,-0.04142394822006468,-0.0969512195121951,0.7526627218934911,0.9799465240641712,1.177941176470588,1102.35,941.0833333333334,0.3434934458202932,0.5737182325334278,-0.11051051051051053,2.1059746158037798,1243000.0,865965.0,1.4353928853937514,1466087220.0,312,False,jpx_liquidity,JPX流動性
472,7337,ひろぎんホールディングス,銀行業,プライム,7337.T,2026-09-25,2470.0,0.036726128016788984,0.04550264550264549,0.06603366422097534,0.17591049750059518,0.41750358680057387,2380.975,2289.016666666667,0.03739014479362446,0.0790659744722988,0.0,0.2156217724114063,762000.0,581820.0,1.3096834072393524,1434028495.0,312,True,jpx_liquidity,JPX流動性
473,4516,日本新薬,医薬品,プライム,4516.T,2026-09-25,3509.0,0.0008556759840274708,0.02333041703120453,-0.006230529595015577,-0.13336626327488266,-0.32061955469506287,3472.85,3699.3,0.010409317995306422,-0.051442164733868645,-0.34789072663073783,0.15790593000701741,381800.0,419575.0,0.9099684204254305,1431232470.0,312,False,jpx_liquidity,JPX流動性
474,9301,三菱倉庫,倉庫・運輸関連業,プライム,9301.T,2026-09-25,1584.5,0.018971061093247643,0.031239830784249856,0.03867584398557855,0.04968532626697586,0.21139143730886856,1538.35,1550.3833333333334,0.029999674976435742,0.02200531051460386,-0.03207086133170434,0.15501277773698596,1262900.0,898755.0,1.4051660352376343,1414128667.5,312,False,jpx_liquidity,JPX流動性
475,7988,ニフコ,化学,プライム,7988.T,2026-09-25,4954.0,0.003240178209801492,0.017248459958932205,-0.017258480460226155,0.03445395698475684,0.13911243964129683,5002.9,5049.8,-0.009774330888084881,-0.01897104835835084,-0.0715892053973014,0.23312263506222428,216100.0,276780.0,0.7807645061059325,1402436965.0,312,False,jpx_liquidity,JPX流動性
476,8020,兼松,卸売業,プライム,8020.T,2026-09-25,2338.5,0.00927924039706518,0.029042904290428995,0.07221458046767548,0.12590274434280202,0.03656914893617014,2281.175,2175.366666666667,0.025129593301697506,0.07499118922480497,-0.007848960543063166,0.2098973375948312,564000.0,608550.0,0.9267931969435543,1402268802.5,312,False,jpx_liquidity,JPX流動性
477,8361,大垣共立銀行,銀行業,プライム,8361.T,2026-09-25,8850.0,0.047337278106508895,0.0753341433778858,0.11460957178841302,0.20901639344262302,0.4159999999999999,8253.5,7900.833333333333,0.07227236929787373,0.1201350068558169,0.0,0.27955452566051775,292100.0,163950.0,1.7816407441293076,1399985750.0,312,True,jpx_liquidity,JPX流動性
478,8060,キヤノンマーケティングジャパン,卸売業,プライム,8060.T,2026-09-25,3737.0,0.01576515357434083,0.011093073593073655,0.06346044393853156,0.10857312370216543,0.0816208393632416,3666.25,3594.8333333333335,0.01929764745993867,0.039547498725021946,-0.029602700597247456,0.2370258318698113,351600.0,425030.0,0.8272357245370915,1394293780.0,312,False,jpx_liquidity,JPX流動性
479,9364,上組,倉庫・運輸関連業,プライム,9364.T,2026-09-25,4916.0,0.004700592683425375,0.007377049180327777,0.010483042137718446,0.02888237756383427,-0.09181599852207645,4874.6,5025.016666666666,0.008493004554219752,-0.021694787081966482,-0.12261288595395325,0.11690988286951523,281800.0,282370.0,0.9979813719587775,1392984590.0,312,False,jpx_liquidity,JPX流動性
480,3397,トリドールホールディングス,小売業,プライム,3397.T,2026-09-25,4310.0,-0.0006955715279387542,-0.0062255014987318,0.00046425255338911064,0.1536402569593147,0.0011614401858304202,4318.8,4202.333333333333,-0.0020376030378809196,0.025620686919965108,-0.059773123909249604,0.219994311182623,332100.0,315910.0,1.0512487733848248,1391597425.0,312,False,jpx_liquidity,JPX流動性
481,5832,ちゅうぎんフィナンシャルグループ,銀行業,プライム,5832.T,2026-09-25,3794.0,0.038882803943044886,0.056824512534819016,0.10580005829204309,0.22783171521035595,0.3605881298188991,3562.95,3404.383333333333,0.06484794903099966,0.11444559220220984,0.0,0.269190939802212,632600.0,366305.0,1.726976153751655,1391083035.0,312,True,jpx_liquidity,JPX流動性
482,1980,ダイダン,建設業,プライム,1980.T,2026-09-25,2945.0,0.0,0.07325072886297379,0.07954545454545459,0.0027238678924073056,0.08751846381093054,2801.0,2724.4,0.051410210639057485,0.08097195712817506,-0.029654036243822124,0.35383044554698506,480500.0,491900.0,0.9768245578369588,1390347260.0,312,False,jpx_liquidity,JPX流動性
483,2121,ＭＩＸＩ,情報・通信業,プライム,2121.T,2026-09-25,3830.0,0.0013071895424836555,0.0013071895424836555,0.07433380084151464,0.4623902252768233,0.529552715654952,3683.5,3281.016666666667,0.03977195602008954,0.1673211047388765,-0.0026041666666666297,0.3186579515920862,304700.0,374385.0,0.8138680769795799,1386539275.0,312,False,jpx_liquidity,JPX流動性
484,8338,筑波銀行,銀行業,プライム,8338.T,2026-09-25,788.0,0.08539944903581276,0.07065217391304346,0.13381294964028778,0.25677830940988833,0.3447098976109215,744.85,689.1,0.05793112707256487,0.14352053402989395,0.0,0.4441521859987528,3509400.0,1723865.0,2.0357742630658433,1380941375.0,312,True,jpx_liquidity,JPX流動性
485,3941,レンゴー,パルプ・紙,プライム,3941.T,2026-09-25,1549.0,0.008135372600065027,0.01707156927117537,-0.014631043256997489,0.07906652734238939,0.24367723805700514,1556.625,1519.7583333333334,-0.004898418051875075,0.01924099774635213,-0.053467766575007625,0.21397686804289995,1012800.0,857325.0,1.1813489633452892,1368034175.0,312,False,jpx_liquidity,JPX流動性
486,2531,宝ホールディングス,食料品,プライム,2531.T,2026-09-25,2672.0,0.030864197530864113,0.09061224489795916,0.22456461961503216,0.19820627802690582,0.7019108280254778,2383.4,2212.9416666666666,0.12108752202735573,0.20744258208342603,0.0,0.4100479218173162,762100.0,545040.0,1.3982460002935564,1366237320.0,312,False,jpx_liquidity,JPX流動性
487,8876,リログループ,サービス業,プライム,8876.T,2026-09-25,2317.5,0.010023970363913781,0.06064073226544631,0.05870260392873461,0.22813990461049283,0.2165354330708662,2220.5,2122.9416666666666,0.04368385498761551,0.09164563322119856,0.0,0.2504522566712815,563800.0,600065.0,0.9395648804712823,1361058205.0,312,False,jpx_liquidity,JPX流動性
488,5202,日本板硝子,ガラス・土石製品,プライム,5202.T,2026-09-25,496.0,0.0,0.002020202020202033,0.008130081300812941,0.035490605427974886,0.031185031185031242,493.55,486.3666666666667,0.00496403606524165,0.01980673017613599,0.0,0.024121174890241962,2558500.0,2668425.0,0.958805287763381,1360824190.0,312,False,jpx_liquidity,JPX流動性
489,4202,ダイセル,化学,プライム,4202.T,2026-09-25,1442.5,-0.0006927606511950568,0.02632515119174661,-0.01164782459746494,0.07568978374347513,0.18431855500821026,1440.45,1444.9333333333334,0.0014231663716199883,-0.0016840454000185412,-0.050986842105263164,0.21417852147894312,1292300.0,911695.0,1.4174696581641886,1349777587.5,312,False,jpx_liquidity,JPX流動性
490,8628,松井証券,証券、商品先物取引業,プライム,8628.T,2026-09-25,1159.0,0.013111888111888126,-0.026050420168067245,0.03667262969588547,0.21361256544502627,0.2187171398527865,1185.45,1102.65,-0.02231220211733942,0.05110415816442204,-0.046090534979423836,0.2890845712421788,862000.0,1120735.0,0.7691381102580004,1348339915.0,312,False,jpx_liquidity,JPX流動性
491,1414,ショーボンドホールディングス,建設業,プライム,1414.T,2026-09-25,1265.5,0.0023762376237623783,0.0011867088607595555,-0.00589159465828748,0.02886178861788613,-0.10407079646017703,1266.475,1275.2,-0.0007698533330701141,-0.007606649937264787,-0.12994156067377105,0.1849785950347852,625700.0,1071050.0,0.5841930815554829,1337336590.0,312,False,jpx_liquidity,JPX流動性
492,4022,ラサ工業,化学,プライム,4022.T,2026-09-25,1900.0,0.016586409844836725,0.059676519799219285,-0.08916586768935764,-0.14221218961625282,0.18085767557489119,1952.1,2001.4166666666667,-0.02668920649556883,-0.050672440354748716,-0.2838296268375424,0.42305823609086296,482100.0,691165.0,0.6975179588086781,1335587225.0,312,False,jpx_liquidity,JPX流動性
493,8237,松屋,小売業,プライム,8237.T,2026-09-25,2209.0,0.01656695812241149,-0.023862129916040642,-0.2271733098571519,0.23753501400560229,0.20512820512820507,2330.2133544921876,2063.045263671875,-0.052018135703545076,0.07074722930138222,-0.2707164080554638,0.846011047983539,206000.0,584240.0,0.35259482404491305,1330217860.0,312,False,jpx_liquidity,JPX流動性
494,6961,エンプラス,電気機器,プライム,6961.T,2026-09-25,9900.0,-0.02941176470588236,0.034482758620689724,-0.03790087463556846,-0.2482915717539863,-0.17293233082706772,9912.0,11165.0,-0.001210653753026647,-0.11330049261083741,-0.4371802160318363,0.5713303445071383,147800.0,133170.0,1.1098595779830291,1327708700.0,312,False,jpx_liquidity,JPX流動性
495,4626,太陽ホールディングス,化学,プライム,4626.T,2026-09-25,4780.0,0.007588532883642474,0.010998307952622577,0.005469078670593097,-0.03764847996778742,-0.0453365288595966,4733.3,4797.25,0.009866266663849599,-0.003595810099536245,-0.11399443929564412,0.03976102513092908,309600.0,277545.0,1.1154947846295196,1320650155.0,312,False,jpx_liquidity,JPX流動性
496,8410,セブン銀行,銀行業,プライム,8410.T,2026-09-25,346.70001220703125,0.017013841051308543,0.006678334353392046,0.03369117029272939,0.24936941335867124,0.2951064490012192,340.2,322.2033335367839,0.019106443877223045,0.07602863198636256,0.0,0.1426983334263781,4669800.0,3774825.0,1.2370904611472056,1318259780.1094055,312,True,jpx_liquidity,JPX流動性
497,4118,カネカ,化学,プライム,4118.T,2026-09-25,6154.0,0.012171052631579027,0.033070337418163565,0.004734693877550988,0.0656277056277057,0.30105708245243123,6087.15,5927.4,0.01098215092448851,0.0382292404764315,-0.03010244286840036,0.2258270156945109,282600.0,209295.0,1.3502472586540528,1311104730.0,312,False,jpx_liquidity,JPX流動性
498,1719,安藤・間,建設業,プライム,1719.T,2026-09-25,1896.5,-0.007068062827225163,0.01525695931477511,-0.003939075630252087,0.08031899743662785,0.009044958765629163,1909.925,1860.9333333333334,-0.0070290718221919235,0.019112273411191483,-0.0820425943852856,0.19795464321561032,814800.0,674505.0,1.207996975559855,1304625432.5,312,False,jpx_liquidity,JPX流動性
499,9468,ＫＡＤＯＫＡＷＡ,情報・通信業,プライム,9468.T,2026-09-25,3665.0,0.002461706783369877,-0.008655666756829827,-0.004887320119467797,0.0910985412325096,0.007421660252886264,3660.75,3618.4166666666665,0.0011609642832752787,0.012873954998733339,-0.0595329740826277,0.18743640437915995,365600.0,354120.0,1.032418389246583,1299142250.0,312,False,jpx_liquidity,JPX流動性
500,6632,ＪＶＣケンウッド,電気機器,プライム,6632.T,2026-09-25,1018.0,0.013439522150323624,0.0326638391212819,0.0039447731755424265,-0.06605504587155964,-0.06691109074243817,1004.0049987792969,1055.2816650390625,0.013939174842474644,-0.03532863904887662,-0.20962732919254656,0.2694488339224236,1023200.0,1288510.0,0.794095505661578,1295125668.4024048,312,False,jpx_liquidity,JPX流動性
501,6849,日本光電工業,電気機器,プライム,6849.T,2026-09-25,1625.0,0.010572139303482553,0.04133290611983331,0.07438016528925617,0.13915177006659651,0.12301313061506569,1534.1,1524.4666666666667,0.05925298220455,0.06594656054576453,-0.02049427365883061,0.22927992946445938,672200.0,832720.0,0.8072341243154962,1292981852.5,312,False,jpx_liquidity,JPX流動性
502,1959,クラフティア,建設業,プライム,1959.T,2026-09-25,8113.0,-0.0013540128015755437,0.03231963354116307,-0.014934434191354984,-0.13099828620394172,-0.13700670141474314,8102.95,8462.633333333333,0.0012402890305382996,-0.04131495712524469,-0.180753307078663,0.25367438369318496,148800.0,159590.0,0.9323892474465819,1289151095.0,312,False,jpx_liquidity,JPX流動性
503,6055,ジャパンマテリアル,サービス業,プライム,6055.T,2026-09-25,2309.0,-0.006881720430107485,0.09069437883797837,0.11978661493695442,-0.12305355108241545,0.44402751719824884,2157.2,2273.9166666666665,0.07036899684776565,0.015428592369993055,-0.15047829286239878,0.5063880231346729,433000.0,586370.0,0.7384415983082354,1284387220.0,312,False,jpx_liquidity,JPX流動性
504,4023,クレハ,化学,プライム,4023.T,2026-09-25,4165.0,0.01338199513381988,-0.05448354143019296,-0.0764966740576497,0.09031413612565453,0.04385964912280693,4418.5,4320.833333333333,-0.057372411451850125,-0.03606557377049169,-0.10813704496788012,0.2710190630886755,440800.0,285335.0,1.544850789422959,1275779150.0,312,False,jpx_liquidity,JPX流動性
505,8111,ゴールドウイン,繊維製品,プライム,8111.T,2026-09-25,2182.0,0.008317929759704246,0.019149929939280774,-0.0013729977116704317,0.016538551129746004,-0.002514285714285691,2131.75,2199.7166666666667,0.02357218247918369,-0.008054067569308154,-0.10057708161582857,0.1868735234882424,474300.0,596885.0,0.7946254303592819,1271677640.0,312,False,jpx_liquidity,JPX流動性
506,4967,小林製薬,化学,プライム,4967.T,2026-09-25,6885.0,0.1699235344095158,0.18421052631578938,0.21214788732394374,0.24390243902439024,0.1731129664338047,5813.3,5652.216666666666,0.18435312129083314,0.2181061707353753,0.0,0.6222086700883782,236200.0,214305.0,1.1021674715942231,1265548715.0,312,True,jpx_liquidity,JPX流動性
507,5463,丸一鋼管,鉄鋼,プライム,5463.T,2026-09-25,1732.0,0.008149010477299212,0.009618187117458543,-0.01226119190191044,0.012865497076023358,0.21416053277252023,1742.1,1784.75,-0.0057976005969806454,-0.02955596021851803,-0.1049095607235142,0.19416655858089923,620800.0,712675.0,0.8710842950854176,1264008392.5,312,False,jpx_liquidity,JPX流動性
508,3107,ダイワボウホールディングス,卸売業,プライム,3107.T,2026-09-25,3765.0,0.01701782820097253,0.014278017241379226,0.022819885900570602,0.10087719298245612,0.23483109216136433,3748.15,3618.116666666667,0.004495551138561593,0.04059662715869661,-0.02511651993785602,0.19457677053330455,361400.0,326235.0,1.1077903964933253,1255977795.0,312,False,jpx_liquidity,JPX流動性
509,3687,フィックスターズ,情報・通信業,プライム,3687.T,2026-09-25,2222.0,-0.009362460989745913,0.007709750566893492,0.023020257826887658,-0.06951423785594635,0.8424543946932006,2201.1,2216.9333333333334,0.009495252373813212,0.002285439345642626,-0.3887207702888583,0.4342398711130345,374600.0,566385.0,0.6613875720578758,1255824070.0,312,False,jpx_liquidity,JPX流動性
510,2607,不二製油,食料品,プライム,2607.T,2026-09-25,4480.0,0.01610342481288285,-0.01538461538461533,-0.03093229504650663,0.1324570273003034,0.24375347029428096,4517.1,4259.75,-0.008213234154656801,0.051704912260109204,-0.052854122621564525,0.23957393788231435,324600.0,268710.0,1.2079937479066651,1245805455.0,312,False,jpx_liquidity,JPX流動性
511,3116,トヨタ紡織,輸送用機器,プライム,3116.T,2026-09-25,2238.0,-0.004448398576512469,0.00629496402877705,0.0015663459386887624,0.046038794110773607,-0.08165777595404189,2253.725,2238.8083333333334,-0.006977337518996318,-0.00036105517444173785,-0.10623003194888181,0.26449973601069754,586000.0,558805.0,1.048666350515833,1236317227.5,312,False,jpx_liquidity,JPX流動性
512,2726,パルグループホールディングス,小売業,プライム,2726.T,2026-09-25,1468.0,-0.000680735194009574,-0.02652519893899208,-0.05229180116204002,0.0034176349965824304,0.018030513176144236,1496.3,1485.6333333333334,-0.018913319521486338,-0.01186923646480742,-0.07440100882723832,0.3305555537444923,617100.0,825065.0,0.7479410713095331,1234320350.0,312,False,jpx_liquidity,JPX流動性
513,2327,日鉄ソリューションズ,情報・通信業,プライム,2327.T,2026-09-25,3885.0,0.0020634511220014584,-0.009433962264150941,-0.004356740133265036,0.19391518131530416,0.06760098928277003,3908.05,3813.9,-0.0058980821637389935,0.018642334618107492,-0.04732712113781268,0.3215837060468857,262100.0,307815.0,0.8514854701687702,1217137650.0,312,False,jpx_liquidity,JPX流動性
514,9505,北陸電力,電気・ガス業,プライム,9505.T,2026-09-25,1133.0,0.01070472792149868,0.016143497757847625,0.15200813421453985,0.30439791831182617,0.04136029411764697,1076.8649993896483,981.3900014241536,0.052128168936838026,0.15448496352707486,-0.02537634408602152,0.27458015725373697,1045900.0,1108080.0,0.943884918056458,1212102792.7087402,312,False,jpx_liquidity,JPX流動性
515,4272,日本化薬,化学,プライム,4272.T,2026-09-25,2129.5,-0.0009383063570255201,0.037009982955928944,0.029738878143133363,0.04953178905864952,0.20822695035460992,2077.45,2034.125,0.025054754627066966,0.04688748233269835,-0.023389130933272217,0.22834967861307248,475800.0,579265.0,0.8213857215609436,1211334672.5,312,False,jpx_liquidity,JPX流動性
516,7599,ＩＤＯＭ,卸売業,プライム,7599.T,2026-09-25,1204.0,0.0016638935108153063,-0.013923013923013872,-0.04307756072080271,-0.11794871794871797,-0.03987240829346095,1234.5505065917969,1291.8310648600261,-0.024746259005747118,-0.06798959031809848,-0.19733333333333336,0.16357100926384194,827500.0,1028390.0,0.8046558212351346,1211245475.0,312,False,jpx_liquidity,JPX流動性
517,3387,クリエイト・レストランツ・ホールディングス,小売業,プライム,3387.T,2026-09-25,761.0,0.014666666666666606,-0.00911458333333337,-0.027423770013099258,0.05841446453407517,0.006613756613756516,765.5991912841797,765.0812866210938,-0.006007309485875023,-0.005334448368379818,-0.06280788177339902,0.20557436167650234,911600.0,1624785.0,0.5610588477860148,1211027895.0,312,False,jpx_liquidity,JPX流動性
518,7380,十六フィナンシャルグループ,銀行業,プライム,7380.T,2026-09-25,2849.0,0.05167958656330751,0.08865112724493684,0.13280318091451293,0.24410480349344987,0.5610958904109589,2644.35,2522.8166666666666,0.07739141944145067,0.12929331633293484,0.0,0.3024829395647359,1016200.0,427095.0,2.3793301256160806,1208739055.0,312,True,jpx_liquidity,JPX流動性
519,4401,ＡＤＥＫＡ,化学,プライム,4401.T,2026-09-25,4650.0,0.0060579835569016804,0.05203619909502266,0.014840680925360061,0.08467459762071372,0.2845303867403315,4558.95,4364.733333333334,0.01997170401079207,0.06535718104198796,-0.02617801047120416,0.2843616136042451,253500.0,263215.0,0.9630910092509926,1203936315.0,312,False,jpx_liquidity,JPX流動性
520,6136,オーエスジー,機械,プライム,6136.T,2026-09-25,3564.0,0.006779661016949046,0.0381590445674338,-0.04399141630901282,-0.01764057331863289,0.4505363344439959,3555.9,3725.35,0.00227790432801811,-0.043311366717221134,-0.13094367227505488,0.30011787168752657,590100.0,318120.0,1.8549603923047906,1199227120.0,312,False,jpx_liquidity,JPX流動性
521,3291,飯田グループホールディングス,不動産業,プライム,3291.T,2026-09-25,2266.0,0.006216696269982336,0.004878048780487809,-0.032450896669513285,0.03921119009401508,-0.040033891124761745,2295.55,2270.825,-0.01287273202500494,-0.0021247784395538316,-0.0864745011086474,0.19530352245916563,547400.0,515930.0,1.0609966468319345,1193421397.5,312,False,jpx_liquidity,JPX流動性
522,9418,Ｕ－ＮＥＸＴ　ＨＯＬＤＩＮＧＳ,情報・通信業,プライム,9418.T,2026-09-25,1798.0,0.003908431044109539,0.007847533632286963,0.009930483189350525,0.13797468354430387,0.10171568627450989,1749.9468505859375,1724.4988728841147,0.02745977650576803,0.04262173102668343,0.0,0.21381045886544994,324500.0,693420.0,0.46797034986011365,1188953585.0,312,False,jpx_liquidity,JPX流動性
523,9006,京浜急行電鉄,陸運業,プライム,9006.T,2026-09-25,1550.0,0.0009686793671295213,-0.015560495395363638,-0.022698612862547263,0.07118175535590887,0.009771986970684043,1563.775,1552.225,-0.008808812009400424,-0.0014334262107619233,-0.061459279442930614,0.14065114058033526,1266700.0,719820.0,1.7597454919285378,1187479677.5,312,False,jpx_liquidity,JPX流動性
524,6480,日本トムソン,機械,プライム,6480.T,2026-09-25,1869.0,0.01908396946564883,0.15871047737135768,0.04006677796327218,-0.16000000000000003,1.168213457076566,1718.25,1837.9333333333334,0.08773461370580526,0.016903043273241547,-0.2755813953488372,0.489482957423648,698600.0,702660.0,0.9942219565650527,1184160495.0,312,False,jpx_liquidity,JPX流動性
525,2433,博報堂ＤＹホールディングス,サービス業,プライム,2433.T,2026-09-25,1330.5,0.016036655211912887,0.0015054572826496138,-0.005976839745984286,0.1932735426008969,0.30185909980430536,1330.625,1276.2916666666667,-9.394081728508752e-05,0.042473311351245435,-0.044524236983842,0.2635360224819613,820500.0,881650.0,0.9306414109907559,1169036415.0,312,False,jpx_liquidity,JPX流動性
526,3445,ＲＳ　Ｔｅｃｈｎｏｌｏｇｉｅｓ,金属製品,プライム,3445.T,2026-09-25,6120.0,0.02170283806343898,0.14821763602251403,0.09874326750448836,-0.12195121951219512,0.6473755047106327,5647.5,6424.5,0.08366533864541825,-0.04739668456689239,-0.27573964497041425,0.47605624382942796,165100.0,214760.0,0.7687651331719129,1168150150.0,312,False,jpx_liquidity,JPX流動性
527,7240,ＮＯＫ,輸送用機器,プライム,7240.T,2026-09-25,3056.0,0.017649017649017607,0.029649595687331498,0.019516263552960877,0.04675458126391496,0.09279456463436442,3021.85,2998.9416666666666,0.0113010242070255,0.019026156449636344,-0.01862556197816312,0.28483502309260283,446100.0,374060.0,1.1925894241565524,1165394230.0,312,False,jpx_liquidity,JPX流動性
528,4413,ボードルア,情報・通信業,プライム,4413.T,2026-09-25,2964.0,-0.0003372681281619272,-0.0006743088334457692,-0.0016840687100033724,0.2329450915141431,0.6258913878222709,2965.05,2939.366666666667,-0.0003541255628067841,0.008380490128258922,-0.07950310559006213,0.011208717368695985,623500.0,397235.0,1.5695998590255138,1162812975.0,312,False,jpx_liquidity,JPX流動性
529,1860,戸田建設,建設業,プライム,1860.T,2026-09-25,1491.0,-0.011600928074245953,0.009478672985782088,-0.015841584158415856,-0.0818965517241379,0.03219106957424711,1513.15,1522.9333333333334,-0.014638337243498722,-0.020968306776396495,-0.08723599632690537,0.20531346406785406,701000.0,773305.0,0.9064987294793129,1158509817.5,312,False,jpx_liquidity,JPX流動性
530,8086,ニプロ,精密機器,プライム,8086.T,2026-09-25,1450.5,0.006592643997224146,0.0,-0.07992388201712652,-0.09654313298037998,-0.07787666878575972,1480.725,1554.2833333333333,-0.020412298029681364,-0.06677246748233379,-0.17090597313518152,0.18706961957042575,713500.0,766970.0,0.9302841049845496,1153293757.5,312,False,jpx_liquidity,JPX流動性
531,2810,ハウス食品グループ本社,食料品,プライム,2810.T,2026-09-25,4027.0,0.009273182957393544,0.02364006100660898,0.07358037856571586,0.09608056614044647,0.3268533772652389,3906.05,3855.733333333333,0.030964785397012307,0.04441870115499014,-0.019956193721100024,0.2769711748432341,241800.0,288705.0,0.837533122044994,1153059580.0,312,False,jpx_liquidity,JPX流動性
532,6387,サムコ,機械,プライム,6387.T,2026-09-25,8000.0,0.005025125628140614,0.0430247718383312,-0.09909909909909909,-0.4223826714801444,-0.011124845488257096,8298.5,9719.996940104167,-0.03597035608844967,-0.1769544734121834,-0.5067817509247843,0.6496553182357151,142000.0,137350.0,1.0338551146705497,1135034000.0,312,False,jpx_liquidity,JPX流動性
533,9003,相鉄ホールディングス,陸運業,プライム,9003.T,2026-09-25,2637.5,0.004761904761904745,-0.005280030171600947,-0.0011361484567317115,0.0771901163977946,-0.10502205632846962,2626.8,2577.608333333333,0.004073397289477532,0.02323536353143907,-0.15734824281150162,0.09716269026523308,832300.0,398595.0,2.0880843964425044,1130931972.5,312,False,jpx_liquidity,JPX流動性
534,6472,ＮＴＮ,機械,プライム,6472.T,2026-09-25,391.29998779296875,0.011111079568394633,0.047096534682977254,0.04934297183601499,-0.032632910276962246,0.2212858777999569,378.5249984741211,383.7883310953776,0.03374939401715915,0.019572394700359874,-0.18377139596405345,0.3344549118899362,2416600.0,2959445.0,0.8165720261738265,1127364933.842163,312,False,jpx_liquidity,JPX流動性
535,1951,エクシオグループ,建設業,プライム,1951.T,2026-09-25,2616.0,0.004222648752399305,0.023274007432035893,0.004801229114653305,-0.04855428259683581,-0.024972046216921395,2608.85,2629.35,0.0027406711769553116,-0.0050773004735009675,-0.1256684491978609,0.15670366205254493,535600.0,423050.0,1.2660442028129062,1127208015.0,312,False,jpx_liquidity,JPX流動性
536,2767,円谷フィールズホールディングス,卸売業,プライム,2767.T,2026-09-25,2615.0,0.006156213928433907,0.0030686612965094007,0.0360538827258321,0.894927536231884,0.8745519713261649,2553.55,2138.7166666666667,0.024064537604511216,0.2226958534323542,-0.019129782445611365,0.2746529081069504,374200.0,456725.0,0.8193114018282336,1121089900.0,312,False,jpx_liquidity,JPX流動性
537,1961,三機工業,建設業,プライム,1961.T,2026-09-25,2570.0,0.02065131056393965,0.0597938144329897,0.06683271066832708,-0.17628205128205132,0.1473214285714286,2445.75,2493.1,0.050802412347950465,0.03084513256588184,-0.17759999999999998,0.35762034200901066,514200.0,447845.0,1.1481651017651195,1115297275.0,312,False,jpx_liquidity,JPX流動性
538,4887,サワイグループホールディングス,医薬品,プライム,4887.T,2026-09-25,1666.5,-0.0005997001499250532,0.02553846153846151,0.030612244897959107,0.024907749077490715,-0.25702184574230935,1611.225,1644.0916666666667,0.03430619559651826,0.013629613109569005,-0.2757496740547588,0.19229692788617908,600800.0,678520.0,0.8854565819725284,1114447920.0,312,False,jpx_liquidity,JPX流動性
539,9449,ＧＭＯインターネットグループ,情報・通信業,プライム,9449.T,2026-09-25,3992.0,0.017329255861366022,0.004024144869215318,-0.01868239921337267,0.21596101127017975,0.4274986590380834,3993.9,3977.483333333333,-0.00047572548135910164,0.0036497115009910264,-0.0808197098779645,0.3360381630952192,275400.0,272035.0,1.012369731835977,1106689090.0,312,False,jpx_liquidity,JPX流動性
540,6005,三浦工業,機械,プライム,6005.T,2026-09-25,3200.0,-0.0003124023742580029,0.037277147487844386,-0.00990099009900991,0.012658227848101333,0.022690955576861516,3161.3,3170.6666666666665,0.01224179925979807,0.00925147182506314,-0.0711175616835994,0.22861527108586388,367800.0,357040.0,1.0301366793636568,1103964770.0,312,False,jpx_liquidity,JPX流動性
541,2146,ＵＴグループ,サービス業,プライム,2146.T,2026-09-25,240.0,0.004184100418409997,0.04347826086956519,0.04347826086956519,0.3872832369942196,0.23711340206185572,231.2,205.55,0.03806228373702436,0.1675991243006567,-0.008264462809917328,0.27764474216558227,4034900.0,4814125.0,0.8381377716615169,1102214975.0,312,True,jpx_liquidity,JPX流動性
542,5947,リンナイ,金属製品,プライム,5947.T,2026-09-25,3450.0,0.003490401396160525,-0.0031782721756717924,-0.0338840660879306,-0.038461538461538436,-0.055570763755817154,3524.9,3575.5666666666666,-0.021248829754035636,-0.03511797663773575,-0.08754297804813538,0.21093997060966446,276200.0,311960.0,0.8853699192204129,1102125085.0,312,False,jpx_liquidity,JPX流動性
543,4483,ＪＭＤＣ,情報・通信業,プライム,4483.T,2026-09-25,3605.0,-0.015027322404371546,-0.0013850415512465242,0.052554744525547425,0.3009743774810538,0.11609907120743035,3530.25,3332.483333333333,0.021174137808936955,0.0817758528424748,-0.03480589022757696,0.35154193793824196,252100.0,306880.0,0.8214937434827946,1100263450.0,312,False,jpx_liquidity,JPX流動性
544,4784,ＧＭＯインターネット,サービス業,プライム,4784.T,2026-09-25,551.0,0.043560606060605966,0.007312614259597838,-0.03163444639718804,0.21365638766519823,-0.18249258160237392,546.8,534.8,0.007681053401609406,0.03029169783096486,-0.30952380952380953,0.42725516368658684,1634900.0,1988700.0,0.8220948358223965,1099814985.0,312,True,jpx_liquidity,JPX流動性
545,9533,東邦瓦斯,電気・ガス業,プライム,9533.T,2026-09-25,1263.0,0.020606060606060517,-0.03477264042797101,0.03312883435582825,0.059563758389261645,0.01568154402895061,1273.0,1220.5,-0.00785545954438338,0.03482179434657917,-0.06755260243632333,0.292437361300877,955300.0,850290.0,1.1234990415034871,1095064762.5,312,False,jpx_liquidity,JPX流動性
546,6058,ベクトル,サービス業,プライム,6058.T,2026-09-25,1930.0,0.007306889352818313,-0.02129817444219062,-0.04785397138628511,0.1454005934718101,0.5755102040816327,1984.9,1879.2333333333333,-0.02765882412212206,0.027014562676268783,-0.11791590493601467,0.5013814664584567,491900.0,552985.0,0.8895358825284592,1092607315.0,312,False,jpx_liquidity,JPX流動性
547,6523,ＰＨＣホールディングス,電気機器,プライム,6523.T,2026-09-25,1430.0,0.02508960573476693,0.09915449654112218,-0.04730179880079943,0.4130434782608696,0.2929475587703436,1401.6,1251.0666666666666,0.020262557077625587,0.14302461899179364,-0.10513141426783479,0.46349443646313265,682100.0,775620.0,0.8794254918645729,1091453955.0,312,False,jpx_liquidity,JPX流動性
548,1861,熊谷組,建設業,プライム,1861.T,2026-09-25,1309.0,-0.007581501137225222,0.016304347826086918,0.006923076923077032,-0.056916426512968354,-0.1461187214611872,1300.5,1370.3833333333334,0.006535947712418277,-0.0447928195273829,-0.19247378161628625,0.14663192097125458,701100.0,859780.0,0.8154411593663495,1087335085.0,312,False,jpx_liquidity,JPX流動性
549,2157,コシダカホールディングス,サービス業,プライム,2157.T,2026-09-25,1007.0,0.00800800800800805,0.010030090270812364,-0.0377622612542069,0.08396124865446719,-0.06063432835820892,1009.480322265625,1018.7459177652995,-0.002457028840401998,-0.0115297814307469,-0.11744084136722177,0.19405618571870323,816000.0,1060950.0,0.769122013289976,1082651340.0,312,False,jpx_liquidity,JPX流動性
550,5715,古河機械金属,非鉄金属,プライム,5715.T,2026-09-25,4145.0,0.0012077294685990392,0.048040455120101244,-0.056882821387940874,0.14187327823691454,-0.03828306264501158,4243.25,3925.75,-0.023154421728627805,0.05584920078965805,-0.14359504132231404,0.4044693180508327,160200.0,267050.0,0.599887661486613,1081199900.0,312,False,jpx_liquidity,JPX流動性
551,7004,カナデビア,機械,プライム,7004.T,2026-09-25,1173.0,-0.006773920406435208,0.010335917312661591,-0.02574750830564787,-0.06904761904761902,0.15909090909090917,1169.7,1209.7,0.0028212362144139913,-0.03033810035546003,-0.1927047487955953,0.2784696993154445,597000.0,932290.0,0.6403586866747472,1077774205.0,312,False,jpx_liquidity,JPX流動性
552,2175,エス・エム・エス,サービス業,プライム,2175.T,2026-09-25,2630.0,-0.008295625942684737,-0.013503375843960996,0.10411418975650721,0.24940617577197144,0.6315136476426799,2556.55,2403.6,0.028730124581956007,0.09419204526543523,-0.017189835575485812,0.19738733117030688,283600.0,429720.0,0.659964628129945,1076878730.0,312,False,jpx_liquidity,JPX流動性
553,8698,マネックスグループ,証券、商品先物取引業,プライム,8698.T,2026-09-25,729.0,0.018156424581005526,0.008298755186721962,-0.012195121951219523,0.18536585365853653,0.08160237388724045,727.35,714.2,0.00226850897092179,0.020722486698403708,-0.05078125,0.2435135930684146,1378300.0,1492175.0,0.9236852245882688,1075132180.0,312,False,jpx_liquidity,JPX流動性
554,3401,帝人,繊維製品,プライム,3401.T,2026-09-25,1708.0,0.0017595307917888103,0.018789144050104456,-0.016978417266187096,0.04178103080207385,0.08169727675744132,1710.95,1705.1916666666666,-0.0017241883164323957,0.0016469311856439628,-0.06410958904109587,0.3146130016991945,607700.0,619885.0,0.9803431281608685,1066072422.5,312,False,jpx_liquidity,JPX流動性
555,8242,エイチ・ツー・オー　リテイリング,小売業,プライム,8242.T,2026-09-25,2851.0,0.001229148375768263,0.002108963093145899,-0.055647565419012945,-0.007139125892390741,0.1861868109007696,2905.275,2871.3416666666667,-0.01868153617127466,-0.007084376931805969,-0.06401838476690747,0.16315507794669765,389100.0,364175.0,1.0684423697398229,1064947792.5,312,False,jpx_liquidity,JPX流動性
556,8360,山梨中央銀行,銀行業,プライム,8360.T,2026-09-25,7620.0,0.043835616438356206,0.05833333333333335,0.07172995780590719,0.23902439024390243,0.45977011494252884,7269.0,6947.666666666667,0.048287247214197304,0.0967710982104304,0.0,0.3329906157427431,191700.0,139740.0,1.3718334048948047,1054086300.0,312,True,jpx_liquidity,JPX流動性
557,8012,長瀬産業,卸売業,プライム,8012.T,2026-09-25,1184.5,0.005517826825127248,0.04776647501105713,0.009373668512995259,0.01239316239316235,0.028658271819365977,1154.2,1177.925,0.02625194940218334,0.005581849438631492,-0.06915520628683691,0.22672632515644295,969700.0,924755.0,1.0486020621678174,1052264717.5,312,False,jpx_liquidity,JPX流動性
558,7616,コロワイド,小売業,プライム,7616.T,2026-09-25,1985.0,-0.010221889803041617,-0.02624478783419182,-0.053183877891724296,0.1018595614765474,0.07326304406596384,2066.45,2009.3,-0.039415422584625714,-0.012093763997412021,-0.08037989344452168,0.12244417520757603,1147300.0,459165.0,2.4986660568640904,1029435162.5,312,False,jpx_liquidity,JPX流動性
559,9072,ニッコンホールディングス,陸運業,プライム,9072.T,2026-09-25,5125.0,0.012445673646779953,-0.0015585427625171011,-0.05686418844313579,-0.12527735108380267,0.05236139630390135,5202.75,5318.416666666667,-0.014944019989428625,-0.03636733990379348,-0.2122656009837074,0.2422447231756388,141300.0,195840.0,0.7215073529411765,1027543600.0,312,False,jpx_liquidity,JPX流動性
560,8345,岩手銀行,銀行業,プライム,8345.T,2026-09-25,2907.0,0.06133625410733834,0.10030280090840282,0.23439490445859867,0.43201970443349746,0.8033498759305211,2609.6,2357.8166666666666,0.11396382587369724,0.23292028642317408,0.0,0.38439119817961487,645200.0,367550.0,1.755407427560876,1023835370.0,312,True,jpx_liquidity,JPX流動性
561,5384,フジミインコーポレーテッド,ガラス・土石製品,プライム,5384.T,2026-09-25,3465.0,0.016129032258064502,0.07441860465116279,-0.045454545454545414,-0.23929747530186607,0.24461206896551735,3370.0,3822.5,0.028189910979228516,-0.09352517985611508,-0.3192534381139489,0.3877139203491433,221000.0,308975.0,0.7152682255845942,1018444000.0,312,False,jpx_liquidity,JPX流動性
562,8570,イオンフィナンシャルサービス,その他金融業,プライム,8570.T,2026-09-25,1622.0,0.014383989993746127,-0.013981762917933183,-0.04527989428071422,0.1071672354948805,0.0427515268402443,1640.9474548339845,1593.7202250162761,-0.011546655426514785,0.017744504047713328,-0.04527989428071422,0.15449546696821967,662100.0,607600.0,1.0896971691902568,1018434377.5,312,False,jpx_liquidity,JPX流動性
563,2784,アルフレッサ　ホールディングス,卸売業,プライム,2784.T,2026-09-25,2387.5,0.0014681208053690664,0.021827519794564543,0.029538594221647285,0.09644087256027545,-0.037880314326012465,2325.625,2287.0833333333335,0.026605751142166012,0.0439059938057933,-0.08839251622756772,0.15117221278861814,458100.0,429805.0,1.065832179709403,1016754220.0,312,False,jpx_liquidity,JPX流動性
564,9722,藤田観光,サービス業,プライム,9722.T,2026-09-25,2734.0,-0.01831238779174149,0.01522465651689564,0.0029347028613353476,0.47624190064794814,0.3588469184890657,2824.85,2334.4166666666665,-0.032160999699099024,0.17117052796915733,-0.09917627677100493,0.34050044154661463,416800.0,357905.0,1.1645548399715009,1016279885.0,312,False,jpx_liquidity,JPX流動性
565,6544,ジャパンエレベーターサービスホールディングス,サービス業,プライム,6544.T,2026-09-25,1505.5,-0.01889866405995433,-0.006270627062706313,-0.048657187993680906,-0.0963385354141657,-0.0729679802955665,1505.25,1617.5416666666667,0.00016608536787909856,-0.06926663403827826,-0.20407084324610103,0.2414186957221203,916100.0,659495.0,1.389093169773842,1013596242.5,312,False,jpx_liquidity,JPX流動性
566,6436,アマノ,機械,プライム,6436.T,2026-09-25,3909.0,0.008774193548387155,0.0017939518195797532,-0.008622875982754241,0.07390109890109886,0.04156674660271786,3924.95,3856.9,-0.004063746034981275,0.013508257927350886,-0.032186184699182996,0.1286127339727989,355600.0,247390.0,1.4374065241117264,1006350410.0,312,False,jpx_liquidity,JPX流動性
567,6875,メガチップス,電気機器,プライム,6875.T,2026-09-25,11150.0,0.02575896964121438,0.06596558317399626,0.0420560747663552,0.11277445109780437,0.43316195372750643,10722.0,10412.833333333334,0.03991792576011943,0.0707940522112136,-0.14950419527078562,0.3357484651224743,88100.0,92690.0,0.950480094940123,1003744700.0,312,False,jpx_liquidity,JPX流動性
568,7322,三十三フィナンシャルグループ,銀行業,プライム,7322.T,2026-09-25,2238.0,0.08799222168206122,0.10682492581602365,0.11011904761904767,0.30040674026728653,0.5183175033921303,2112.75,1970.1833333333334,0.059282925097621675,0.13593489607566123,-0.0066577896138482195,0.5211685842984097,760400.0,444705.0,1.7098975725480936,1002378980.0,312,True,jpx_liquidity,JPX流動性
569,6707,サンケン電気,電気機器,プライム,6707.T,2026-09-25,6898.0,-0.0024584237165582445,0.03791754438760164,-0.06758583400919171,-0.37602894617819993,-0.07047567713246194,6918.8,8436.516666666666,-0.003006301670809952,-0.1823639693317345,-0.4099230111206159,0.28362574305897087,141100.0,145705.0,0.9683950447822656,992638950.0,312,False,jpx_liquidity,JPX流動性
570,6999,ＫＯＡ,電気機器,プライム,6999.T,2026-09-25,2283.0,-0.0034919249236141647,0.06483208955223874,0.028841820639927906,-0.22055308979173782,0.5467479674796747,2227.7,2399.2833333333333,0.024823809310050793,-0.04846586133359265,-0.2563517915309447,0.44203348097944606,285300.0,464270.0,0.6145131065974541,991880585.0,312,False,jpx_liquidity,JPX流動性
571,4206,アイカ工業,化学,プライム,4206.T,2026-09-25,4367.0,0.02801318267419961,0.052035654059262804,0.06149732620320858,0.18314819832023832,0.20969529085872574,4175.6,3953.616666666667,0.045837723919915696,0.10455827364817871,0.0,0.1886157045779712,328900.0,231505.0,1.4207036565084987,991848555.0,312,False,jpx_liquidity,JPX流動性
572,6258,平田機工,機械,プライム,6258.T,2026-09-25,3795.0,0.0,0.08739255014326641,0.09682080924855496,0.25041186161449747,0.5972222222222223,3544.5,3280.35,0.0706728734659332,0.1568887466276465,-0.018111254851228997,0.3670765068698252,177600.0,282295.0,0.6291291025345827,989637725.0,312,False,jpx_liquidity,JPX流動性
573,8387,四国銀行,銀行業,プライム,8387.T,2026-09-25,4635.0,0.06064073226544631,0.13325183374083127,0.37130177514792906,0.5754588715159756,1.029334500875657,3939.75,3522.75,0.17647058823529416,0.3157334468809878,0.0,0.3987247605275961,604400.0,218025.0,2.7721591560600847,982781975.0,312,True,jpx_liquidity,JPX流動性
574,9076,セイノーホールディングス,陸運業,プライム,9076.T,2026-09-25,2725.0,-0.005474452554744547,0.005720612659162239,-0.025915996425379784,0.040274861614812085,0.12024665981500515,2730.75,2712.266666666667,-0.0021056486313283385,0.004694720283157983,-0.03608065086664314,0.17297771360737632,303900.0,361360.0,0.8409895948638477,982110157.5,312,False,jpx_liquidity,JPX流動性
575,5232,住友大阪セメント,ガラス・土石製品,プライム,5232.T,2026-09-25,5745.0,-0.0024309776002777728,0.01970181043663466,0.022060131649172643,-0.07517707662588535,0.5126382306477093,5626.5,5665.833333333333,0.021061050386563585,0.013972643035740528,-0.09839924670433142,0.2839772384146714,204900.0,168820.0,1.213718753702168,971166695.0,312,False,jpx_liquidity,JPX流動性
576,8362,福井銀行,銀行業,プライム,8362.T,2026-09-25,8180.0,0.052767052767052736,0.079155672823219,0.21364985163204753,0.5036764705882353,1.4675716440422324,7382.5,6524.833333333333,0.10802573653911285,0.2536718690132571,0.0,0.4700920416650678,286700.0,116720.0,2.4563056888279644,960641900.0,312,True,jpx_liquidity,JPX流動性
577,8078,阪和興業,卸売業,プライム,8078.T,2026-09-25,1941.0,0.017829050865233453,0.026984126984126888,0.039079229122055636,0.09352112676056334,0.2482315112540192,1914.75,1803.3166666666666,0.013709361535448439,0.07635005868815803,-0.00868232890704801,0.20880720087624305,575400.0,488420.0,1.1780844355268008,960601285.0,312,False,jpx_liquidity,JPX流動性
578,8344,山形銀行,銀行業,プライム,8344.T,2026-09-25,5680.0,0.08396946564885499,0.15564598168870813,0.32093023255813957,0.687964338781575,1.3558689340522605,4840.75,4286.416666666667,0.17337189485100457,0.3251161615179734,0.0,0.49489455082042066,324900.0,181480.0,1.7902799206524136,953060400.0,312,True,jpx_liquidity,JPX流動性
579,8346,東邦銀行,銀行業,プライム,8346.T,2026-09-25,1097.0,0.08506429277942629,0.08721506442021809,0.16330858960763517,0.41731266149870794,0.6621212121212121,1002.65,923.95,0.0941006333216976,0.18729368472319918,0.0,0.3611439319245256,1951900.0,888000.0,2.1980855855855856,952419195.0,312,True,jpx_liquidity,JPX流動性
580,3964,オークネット,情報・通信業,プライム,3964.T,2026-09-25,1367.0,0.009601181683899451,0.06133540372670798,-0.0565907522429262,-0.0021897810218978186,0.13916666666666666,1349.4,1392.95,0.01304283385208227,-0.01862952726228506,-0.1445556946182729,0.2932984460636286,484700.0,705800.0,0.6867384528194956,950345545.0,312,False,jpx_liquidity,JPX流動性
581,6490,ＰＩＬＬＡＲ,機械,プライム,6490.T,2026-09-25,10350.0,0.033966033966033926,0.14617940199335555,0.004854368932038833,-0.008620689655172376,0.4415041782729805,9563.0,9905.666666666666,0.08229635051761997,0.044856479456203635,-0.08407079646017701,0.5279596207198451,132800.0,98365.0,1.3500737050780258,948550800.0,312,False,jpx_liquidity,JPX流動性
582,9987,スズケン,卸売業,プライム,9987.T,2026-09-25,5386.0,-0.002592592592592591,0.032988108937475946,0.062117925458489376,0.082395498392283,-0.0846363018354861,5208.6,5102.2,0.034059056176323654,0.05562306456038568,-0.1381020963354137,0.18978203928820941,202900.0,174280.0,1.1642184989671793,942382300.0,312,False,jpx_liquidity,JPX流動性
583,6264,マルマエ,機械,プライム,6264.T,2026-09-25,1940.0,0.0237467018469657,0.06769400110071544,-0.06647077164327897,-0.28963749542292205,0.2839179351422898,1917.7,2085.115234375,0.011628513323251877,-0.06959578635398411,-0.3752012882447665,0.42319497398415984,383900.0,496630.0,0.7730100879930734,939504435.0,312,False,jpx_liquidity,JPX流動性
584,1885,東亜建設工業,建設業,プライム,1885.T,2026-09-25,2158.0,-0.0009259259259258856,0.008411214953271129,0.03700144161460828,0.04150579150579148,-0.3213836477987422,2130.1,2080.3166666666666,0.01309797662081591,0.037342071319270254,-0.3450682852807284,0.2565866433571702,340700.0,439030.0,0.7760289729631232,933933205.0,312,False,jpx_liquidity,JPX流動性
585,8381,山陰合同銀行,銀行業,プライム,8381.T,2026-09-25,2660.0,0.03300970873786402,0.032608695652173836,0.0435464888191448,0.19443197126178724,0.5208690680388794,2600.1,2504.133333333333,0.023037575477866223,0.06224375698844575,0.0,0.21143009562003684,484600.0,352400.0,1.3751418842224745,931979630.0,312,False,jpx_liquidity,JPX流動性
586,6498,キッツ,機械,プライム,6498.T,2026-09-25,2004.0,0.005519317611640817,0.04158004158004158,0.03192584963954692,-0.2060221870047544,0.1523864289821737,1931.45,2142.0666666666666,0.037562453079292846,-0.0644548878030562,-0.25008311464064736,0.20833824621420421,358400.0,475815.0,0.7532339249498229,929063495.0,312,False,jpx_liquidity,JPX流動性
587,6457,グローリー,機械,プライム,6457.T,2026-09-25,4554.0,0.009532254489026837,0.03008369147251755,-0.06469500924214422,0.17613636363636354,0.1465256797583081,4561.45,4489.75,-0.0016332525841563639,0.01431037362882126,-0.07532994923857872,0.2509710969276352,186500.0,200855.0,0.9285305319758035,923464195.0,312,False,jpx_liquidity,JPX流動性
588,7630,壱番屋,小売業,プライム,7630.T,2026-09-25,1095.0,0.008287292817679592,0.01201478743068396,0.1735908308506402,0.2586206896551724,0.18506493506493515,1067.547885131836,966.471748860677,0.025715113345734286,0.13298707519473618,-0.0196956132497762,0.5674805263188445,556100.0,843695.0,0.6591244466305952,919635130.0,312,False,jpx_liquidity,JPX流動性
589,5707,東邦亜鉛,非鉄金属,プライム,5707.T,2026-09-25,926.0,-0.00537056928034374,-0.022175290390707536,-0.19687771032090196,0.1589486858573217,-0.23153526970954352,1031.0,948.9666666666667,-0.10184287099903011,-0.024201763321507586,-0.3380986418870622,0.5959965540896142,324400.0,942530.0,0.344180026099965,919104470.0,312,False,jpx_liquidity,JPX流動性
590,2371,カカクコム,サービス業,プライム,2371.T,2026-09-25,3812.0,0.0018396846254926658,-0.007033081531648833,0.04295485636114904,0.1516616314199395,0.9369918699186992,3739.9,3671.7833333333333,0.019278590336639922,0.038187620002995804,-0.009870129870129918,0.12637989174934874,374300.0,236855.0,1.5802917396719511,917532315.0,312,False,jpx_liquidity,JPX流動性
591,3993,ＰＫＳＨＡ　Ｔｅｃｈｎｏｌｏｇｙ,情報・通信業,プライム,3993.T,2026-09-25,3150.0,-0.01716068642745705,-0.007874015748031482,-0.015625,0.25398089171974525,0.19771863117870714,3181.5,2984.866666666667,-0.00990099009900991,0.055323520871954024,-0.06666666666666665,0.38806110416504097,163800.0,289615.0,0.5655784403432143,917227450.0,312,False,jpx_liquidity,JPX流動性
592,8022,美津濃,その他製品,プライム,8022.T,2026-09-25,4185.0,0.01948842874543244,0.04234122042341215,0.018248175182481674,0.21480406386066764,0.2529940119760479,4052.75,3847.9166666666665,0.03263216334587615,0.08760151597184618,-0.029002320185614883,0.2675707991472817,203400.0,229850.0,0.8849249510550359,916827525.0,312,False,jpx_liquidity,JPX流動性
593,3097,物語コーポレーション,小売業,プライム,3097.T,2026-09-25,5220.0,-0.003816793893129722,-0.04395604395604391,-0.0874125874125874,0.1298701298701299,0.11419423692636066,5577.0,5361.5,-0.06401291016675636,-0.02639186794740278,-0.11375212224108655,0.3118982304128307,176800.0,160195.0,1.1036549205655608,916657200.0,312,False,jpx_liquidity,JPX流動性
594,9045,京阪ホールディングス,陸運業,プライム,9045.T,2026-09-25,3217.0,0.0018685767673622955,-0.014701378254211361,-0.016508712931825098,0.022243406418811507,-0.011674347158218135,3219.7,3208.766666666667,-0.000838587446035266,0.0025658872048450743,-0.06319161327897493,0.12393642530905584,396800.0,278730.0,1.423599899544362,912990310.0,312,False,jpx_liquidity,JPX流動性
595,8714,池田泉州ホールディングス,銀行業,プライム,8714.T,2026-09-25,1139.0,0.04495412844036695,0.042086001829826136,0.07655954631379958,0.16820512820512823,0.30919540229885056,1087.25,1048.1833333333334,0.04759714876983212,0.08664196784913569,0.0,0.2667538752586662,1654700.0,769635.0,2.1499801854125655,903289565.0,312,True,jpx_liquidity,JPX流動性
596,3765,ガンホー・オンライン・エンターテイメント,情報・通信業,プライム,3765.T,2026-09-25,2489.0,-0.01190948789202062,-0.021234762092017356,0.023016851623510082,0.1365296803652969,0.0234375,2520.65,2427.4166666666665,-0.01255628508519635,0.02536990627896607,-0.06779026217228468,0.3487846308027446,165500.0,352580.0,0.4693970162799932,899748640.0,312,False,jpx_liquidity,JPX流動性
597,7717,ブイ・テクノロジー,精密機器,プライム,7717.T,2026-09-25,6090.0,0.018394648829431537,0.1092896174863387,0.12777777777777777,-0.35074626865671643,0.40161104718066754,5645.5,6161.75,0.07873527588344698,-0.011644419199091205,-0.35074626865671643,0.4951851161304355,169200.0,156230.0,1.0830186263841772,889000250.0,312,False,jpx_liquidity,JPX流動性
598,2685,アンドエスティＨＤ,小売業,プライム,2685.T,2026-09-25,3200.0,0.009463722397476282,-0.0015600624024960652,-0.08179584178323496,-0.07514450867052025,0.08585001696640648,3265.487268066406,3396.666084798177,-0.020054363312579482,-0.05789974047739299,-0.11357340720221609,0.17921712855936922,199700.0,272860.0,0.7318771531188155,885185100.0,312,False,jpx_liquidity,JPX流動性
599,7148,ＦＰＧ,証券、商品先物取引業,プライム,7148.T,2026-09-25,1710.0,0.0005851375073142595,0.011235955056179803,0.022115959354453096,0.13245033112582782,0.07954545454545459,1700.55,1635.6,0.005557025668166293,0.04548789435069711,-0.016676250718803964,0.2222026911363032,683100.0,504145.0,1.3549673209096589,881591725.0,312,False,jpx_liquidity,JPX流動性
600,2585,ライフドリンク　カンパニー,食料品,プライム,2585.T,2026-09-25,1312.0,-0.004552352048558417,-0.052707581227436795,-0.20484848484848484,-0.17742946708463947,0.08699254349627172,1451.25,1503.95,-0.0959517657192076,-0.12763057282489443,-0.2747374239911553,0.38333490916764945,413700.0,617265.0,0.6702145755874706,880343770.0,312,False,jpx_liquidity,JPX流動性
