liquidity_rank,code,name,industry,market,ticker,trade_date,close,return_1d,return_5d,return_20d,return_60d,return_120d,ma20,ma60,distance_ma20,distance_ma60,distance_high_120d,volatility_20d,latest_volume,avg_volume_20d,volume_ratio_20d,avg_turnover_20d,history_days,in_yahoo_pool,universe_source,universe_label
1,285A,キオクシアホールディングス,電気機器,プライム,285A.T,2026-09-08,57410.0,-0.03561229632118257,0.12568627450980396,0.19579254322016237,-0.2929802955665025,1.7253738428673153,52963.5,65545.16666666667,0.0839540438226325,-0.12411543185233598,-0.47184912603495865,1.0080762491054924,34694700.0,36571385.0,0.948684333393444,1952869575450.0,302,True,jpx_liquidity,JPX流動性
2,5803,フジクラ,非鉄金属,プライム,5803.T,2026-09-08,5083.0,-0.03014691852699869,-0.0405813514533786,-0.08906810035842294,0.1943139097744362,0.15543640322861174,5391.35,5152.216666666666,-0.05719346731338171,-0.013434347028625115,-0.3528962444302992,0.6390137656113383,34477000.0,57587920.0,0.5986845852394044,290738890480.0,302,True,jpx_liquidity,JPX流動性
3,6857,アドバンテスト,電気機器,プライム,6857.T,2026-09-08,33800.0,-0.019721577726218076,0.012582384661473878,-0.013426736719206023,0.23696248856358637,0.43112073997913214,34753.5,31846.416666666668,-0.02743608557411481,0.0613438979267682,-0.10534674430915825,0.4508677762359651,9667100.0,8163790.0,1.1841436391675926,288042106300.0,302,True,jpx_liquidity,JPX流動性
4,6976,太陽誘電,電気機器,プライム,6976.T,2026-09-08,9046.0,-0.07919381107491852,-0.02553053969621888,-0.05257645580226222,-0.4247376788553259,1.3236209801077776,9610.55,12971.666666666666,-0.05874273584758405,-0.3026339457792625,-0.6007062458618406,0.737533006645924,25782200.0,25920580.0,0.9946613848918504,250010369500.0,302,True,jpx_liquidity,JPX流動性
5,9984,ソフトバンクグループ,情報・通信業,プライム,9984.T,2026-09-08,6556.0,0.054527907350812255,0.24591410110224254,0.19547775346462437,0.012978986402966575,0.8348660111495265,5437.75,5827.483333333334,0.20564571743827864,0.12501394255381815,-0.24050046339202968,0.7904055245446425,110691100.0,38272260.0,2.892201819281119,237337820865.0,302,True,jpx_liquidity,JPX流動性
6,6981,村田製作所,電気機器,プライム,6981.T,2026-09-08,7023.0,-0.0783464566929134,-0.0366255144032922,-0.03820870994248149,-0.17917251051893412,0.9422615184977703,7386.05,8654.05,-0.0491534717474158,-0.18847244931563822,-0.4266938775510204,0.687177910632769,19810700.0,22575870.0,0.8775165696825858,169223084945.0,302,True,jpx_liquidity,JPX流動性
7,8035,東京エレクトロン,電気機器,プライム,8035.T,2026-09-08,54000.0,-0.03295128939828085,-0.017824663514005135,-0.048458149779735726,-0.20588235294117652,0.4216212508518775,55777.5,63486.333333333336,-0.03186768858410649,-0.1494232354469991,-0.31472081218274117,0.38535293755407746,2386800.0,2810420.0,0.8492680809274059,156479366350.0,302,False,jpx_liquidity,JPX流動性
8,4062,イビデン,電気機器,プライム,4062.T,2026-09-08,20810.0,-0.06261261261261264,0.012898515453881654,0.04678068410462766,0.08924365349384988,1.6544203862849929,20366.0,20312.583333333332,0.021801040950603978,0.02448810466418605,-0.21248817407757803,0.6155772234100957,8496000.0,7707880.0,1.1022486079181306,155988079975.0,302,True,jpx_liquidity,JPX流動性
9,8306,三菱ＵＦＪフィナンシャル・グループ,銀行業,プライム,8306.T,2026-09-08,3656.0,-0.01482080301805444,-0.011891891891891881,0.041595441595441596,0.15623023402909553,0.40285799400821753,3629.8,3513.5833333333335,0.007218028541517318,0.040533168892156635,-0.03764148460121086,0.2648430970335498,32906000.0,36467485.0,0.9023380691045736,133328529920.0,302,True,jpx_liquidity,JPX流動性
10,5801,古河電気工業,非鉄金属,プライム,5801.T,2026-09-08,3666.0,-0.04531249999999998,-0.04976671850699843,-0.07236842105263153,-0.9129009265858874,-0.8797297733707128,3931.15,4593.833333333333,-0.06744845655851339,-0.20197366034176245,-0.9390422347855005,0.8521318478688289,16024900.0,28243255.0,0.5673885676420795,106238944715.0,302,True,jpx_liquidity,JPX流動性
11,6920,レーザーテック,電気機器,プライム,6920.T,2026-09-08,34910.0,-0.019106490587243563,0.05532043530834341,-0.1182116696135388,-0.20659090909090905,-0.07030625832223703,35495.0,42278.5341796875,-0.016481194534441523,-0.17428546950967083,-0.39036197326053024,0.47617073081011835,2706800.0,2685935.0,1.0077682445777727,94744438750.0,302,False,jpx_liquidity,JPX流動性
12,6146,ディスコ,機械,プライム,6146.T,2026-09-08,53890.0,-0.05704286964129479,-0.0477116098250574,-0.14433153382026043,-0.325531914893617,-0.22142947116637046,59762.0,67612.16666666667,-0.09825641712124766,-0.20295410342813058,-0.3909358047016275,0.4258242754024154,1419500.0,1341985.0,1.0577614503887898,79245614250.0,302,False,jpx_liquidity,JPX流動性
13,7974,任天堂,その他製品,プライム,7974.T,2026-09-08,8750.0,0.0,-0.03877842469515547,0.05868118572292791,0.2196821856704767,-0.12706852365951193,8781.35,7750.733333333334,-0.003570066106008851,0.128925435012601,-0.11669703842121426,0.36145678842474716,6871800.0,9198215.0,0.747079732317629,78836697455.0,302,True,jpx_liquidity,JPX流動性
14,8316,三井住友フィナンシャルグループ,銀行業,プライム,8316.T,2026-09-08,6928.0,-0.006880733944954143,-0.011556570124126142,0.04510484235933032,0.08148610677489843,0.37704083058738025,6850.9,6763.716666666666,0.011253995825366125,0.024288914132515993,-0.03964513446077067,0.2544855303289951,10044400.0,11007785.0,0.9124814846946956,75334214875.0,302,True,jpx_liquidity,JPX流動性
15,8411,みずほフィナンシャルグループ,銀行業,プライム,8411.T,2026-09-08,8599.0,-0.01274397244546499,-0.011268253420719798,0.043061620572537596,0.13698267883115167,0.41751220087020746,8476.0,8262.133333333333,0.014511562057574423,0.04077235903560017,-0.02005698005698009,0.27669192327721565,7136000.0,8475170.0,0.8419890102499419,72101046625.0,302,True,jpx_liquidity,JPX流動性
16,6098,リクルートホールディングス,サービス業,プライム,6098.T,2026-09-08,15690.0,-0.027881040892193343,-0.10317233495284373,-0.029384472626043934,0.454124189063948,1.4132856160513199,16585.0,13604.0,-0.053964425685860684,0.15333725374889728,-0.13862201482294811,0.442513523109179,3086400.0,4451010.0,0.6934156517284841,71687863550.0,302,False,jpx_liquidity,JPX流動性
17,7203,トヨタ自動車,輸送用機器,プライム,7203.T,2026-09-08,2968.5,-0.04118217054263562,-0.08464384828862159,-0.004193223750419306,0.06953702035669251,-0.1060235778199593,3072.15,2943.5583333333334,-0.03373858698305754,0.008473304702075524,-0.12485259433962259,0.3080560749757557,30560900.0,22626565.0,1.3506645838641438,70665744872.5,302,True,jpx_liquidity,JPX流動性
18,9983,ファーストリテイリング,小売業,プライム,9983.T,2026-09-08,68730.0,-0.00621746674378254,-0.03550378894190287,-0.1269054878048781,-0.14652924376008936,0.05738461538461537,72757.391796875,78409.63059895833,-0.055353713174858266,-0.12344951155894013,-0.21808873720136523,0.2212505535010174,738200.0,937540.0,0.7873797384644922,68354258100.0,302,False,jpx_liquidity,JPX流動性
19,6525,ＫＯＫＵＳＡＩ　ＥＬＥＣＴＲＩＣ,電気機器,プライム,6525.T,2026-09-08,8782.0,-0.016463209765931186,0.026054445612805344,0.0969273045216088,-0.010478873239436637,0.6528816675842943,8611.9,9140.4,0.019751738872954894,-0.039210537832042314,-0.26816666666666666,0.5901298663921523,10271800.0,7441335.0,1.3803705921047769,66231271755.0,302,True,jpx_liquidity,JPX流動性
20,5016,ＪＸ金属,非鉄金属,プライム,5016.T,2026-09-08,3726.0,0.011126187245590335,-0.030192608016658018,-0.030949284785435682,0.0475119482710149,-0.07370205848356992,3751.6,3960.85,-0.006823755197782222,-0.059292828559526334,-0.3486013986013986,0.4905947750529047,28072300.0,17134905.0,1.6383108047578905,65762203630.0,302,True,jpx_liquidity,JPX流動性
21,7011,三菱重工業,機械,プライム,7011.T,2026-09-08,3708.0,-0.031600940193261984,-0.038381742738589186,-0.07392607392607398,0.047457627118643986,-0.21631997988887486,3989.65,3885.15,-0.0705951649894101,-0.045596695108297,-0.25628768271132585,0.3887322535995265,12514100.0,15428115.0,0.8111230697982222,61680096845.0,302,True,jpx_liquidity,JPX流動性
22,6758,ソニーグループ,電気機器,プライム,6758.T,2026-09-08,3654.0,-0.033333333333333326,-0.09688581314878897,-0.02922422954303927,0.10996354799513974,0.060812351444613055,3833.85,3564.2833333333333,-0.04691106850815763,0.025171025498347044,-0.09688581314878897,0.34909633904291676,17024000.0,14536220.0,1.1711435297484492,55867712885.0,302,True,jpx_liquidity,JPX流動性
23,6501,日立製作所,電気機器,プライム,6501.T,2026-09-08,5187.0,-0.03191489361702127,-0.06388738494856527,-0.07704626334519571,0.11380717199914114,0.07497782340937231,5417.55,5060.666666666667,-0.042556136999197136,0.024963772888947355,-0.10057222125888676,0.32992928308906905,7749800.0,10025355.0,0.7730200077702984,53315270295.0,302,True,jpx_liquidity,JPX流動性
24,5706,三井金属,非鉄金属,プライム,5706.T,2026-09-08,24905.0,-0.034689922480620194,-0.1359930615784909,-0.1059055824807037,-0.4326879271070615,-0.20769400541220873,28191.75,34161.5,-0.11658552590740201,-0.27096292610102013,-0.5463570127504553,0.6084757579326603,1154100.0,1832960.0,0.6296373079608939,45696841400.0,302,False,jpx_liquidity,JPX流動性
25,5802,住友電気工業,非鉄金属,プライム,5802.T,2026-09-08,2071.0,-0.05927776516011807,-0.062471706654594894,-0.041647385469689935,-0.8112123974475843,-0.7984627623426477,2229.075,2609.0583333333334,-0.07091506566625161,-0.20622702315969688,-0.8517006802721089,0.5254158369916458,16687600.0,19420365.0,0.8592835407573441,42821527487.5,302,True,jpx_liquidity,JPX流動性
26,3436,ＳＵＭＣＯ,金属製品,プライム,3436.T,2026-09-08,3083.0,-0.06998491704374055,-0.07054567380162802,-0.11585890450243763,-0.1560361346838215,0.9674537332482451,3475.05,3878.1173746744794,-0.11281852059682596,-0.20502663995341808,-0.41906915394761635,0.6117643718205296,10555000.0,12400140.0,0.8512000670960167,42814007210.0,302,True,jpx_liquidity,JPX流動性
27,6861,キーエンス,電気機器,プライム,6861.T,2026-09-08,76760.0,-0.026999619723665824,-0.06708799222168205,-0.0969411764705882,0.05700908840539798,0.26669450951602114,81884.0,79060.66666666667,-0.0625763274876655,-0.029100016021451958,-0.12434405658224956,0.3400082555454159,414600.0,520400.0,0.796694850115296,42553509100.0,302,False,jpx_liquidity,JPX流動性
28,8766,東京海上ホールディングス,保険業,プライム,8766.T,2026-09-08,7871.0,-0.006563170516218575,0.008326928004099399,0.015350877192982448,0.07453924914675758,0.3532065669244169,7611.1,7623.866666666667,0.03414749510583226,0.03241574703999728,-0.06219468604789702,0.21161608045919048,4357300.0,5141610.0,0.8474582864122328,39419034225.0,302,True,jpx_liquidity,JPX流動性
29,6723,ルネサスエレクトロニクス,電気機器,プライム,6723.T,2026-09-08,3252.0,-0.0443726124008228,-0.01870850935425472,-0.14980392156862743,-0.2532721010332951,0.32114564290067027,3475.7,4034.75,-0.06436113588629622,-0.19400210669806062,-0.3652156939293383,0.42204238953530815,11569400.0,10689160.0,1.0823488468691647,37728853160.0,302,True,jpx_liquidity,JPX流動性
30,9432,ＮＴＴ,情報・通信業,プライム,9432.T,2026-09-08,172.0,0.018957327549697922,-0.020501172997644646,0.07567233624379566,0.16216216216216206,0.1306738609146385,167.11999969482423,155.4633331298828,0.029200576316940285,0.10637020664095442,-0.020501172997644646,0.21043592576231057,188185000.0,226748495.0,0.8299283309465847,37561924479.96803,302,True,jpx_liquidity,JPX流動性
31,5713,住友金属鉱山,非鉄金属,プライム,5713.T,2026-09-08,9767.0,-0.01730556394003424,-0.13909211106214192,-0.029607550919026338,0.1307015512850196,0.0008972781628355797,10479.0,8781.366666666667,-0.06794541463880144,0.11224145064739344,-0.15619870410367176,0.692169811777922,2275700.0,3903140.0,0.5830433958300241,35911615755.0,302,False,jpx_liquidity,JPX流動性
32,8058,三菱商事,卸売業,プライム,8058.T,2026-09-08,4927.0,-0.01262525050100205,-0.005851493139628738,0.01608579088471851,0.05210335255178311,-0.045388007994884516,4818.95,4678.383333333333,0.02242189688625129,0.053141576684253566,-0.16235974158449507,0.2883731309255047,7865200.0,7310270.0,1.075911012862726,35908357240.0,302,True,jpx_liquidity,JPX流動性
33,6752,パナソニック　ホールディングス,電気機器,プライム,6752.T,2026-09-08,4164.0,-0.05813164442433838,-0.06615833146445393,-0.06131650135256983,0.09578947368421042,0.6071466330356889,4412.6,4311.616666666667,-0.056338666545800775,-0.03423696447968094,-0.13032581453634084,0.45214583690737054,6957900.0,7888775.0,0.882000057043077,35189455890.0,302,True,jpx_liquidity,JPX流動性
34,4063,信越化学工業,化学,プライム,4063.T,2026-09-08,5702.0,-0.019938123066345792,-0.04457104557640745,-0.0929048679605472,-0.2067334446299388,-0.11933123539973356,6056.6,6599.566666666667,-0.05854770002971965,-0.1360038790425634,-0.26953625416346405,0.1802909289784514,7633800.0,5627335.0,1.3565568781670188,34296058770.0,302,True,jpx_liquidity,JPX流動性
35,4004,レゾナック・ホールディングス,化学,プライム,4004.T,2026-09-08,15675.0,-0.05458383594692395,-0.021535580524344566,-0.04040404040404044,-0.0752212389380531,0.41216216216216206,16200.0,16138.416666666666,-0.03240740740740744,-0.028715125915904527,-0.1940874035989717,0.5433054992409018,1948800.0,2035075.0,0.9576059850374065,32514739800.0,302,False,jpx_liquidity,JPX流動性
36,7013,ＩＨＩ,機械,プライム,7013.T,2026-09-08,2642.0,-0.03241164621864123,-0.03435672514619881,-0.04240666908300106,0.08724279835390947,-0.2904203821906639,2762.525,2783.775,-0.04362856444738061,-0.050929044193586126,-0.32580911886946395,0.4833018141694143,9969900.0,11854635.0,0.8410128190366046,32424616490.0,302,True,jpx_liquidity,JPX流動性
37,6954,ファナック,電気機器,プライム,6954.T,2026-09-08,5797.0,-0.03560139743803026,-0.032058774419769565,-0.10911326264023358,-0.1658992805755396,-0.04080180517983323,6107.4,6694.166666666667,-0.050823591053476,-0.13402215859579236,-0.3121737066919791,0.33835887241917134,4422000.0,5220630.0,0.8470242097218151,31907691280.0,302,True,jpx_liquidity,JPX流動性
38,6701,日本電気,電気機器,プライム,6701.T,2026-09-08,4579.0,-0.006724511930585653,-0.08511488511488507,-0.06321603927986907,0.1804588811549368,0.08160384947864907,4783.85,4444.5,-0.04282115869017644,0.03026212172347842,-0.11397058823529416,0.4760583356236169,3811500.0,6745315.0,0.5650588593712822,31892249510.0,302,True,jpx_liquidity,JPX流動性
39,7936,アシックス,その他製品,プライム,7936.T,2026-09-08,4049.0,-0.02761767531219983,-0.07366735300846483,-0.1975822433610781,-0.09011235955056185,-0.09215246636771302,4608.5,4644.837182617188,-0.12140609742866437,-0.128279455057552,-0.23328914978223825,0.5551779287942694,3938900.0,6638030.0,0.5933838804585095,31266042540.0,302,True,jpx_liquidity,JPX流動性
40,8136,サンリオ,卸売業,プライム,8136.T,2026-09-08,1252.0,-0.009101701622477254,-0.0497153700189753,-0.13922310072189759,0.4487386974255976,0.1484583229709826,1238.8,1173.809999593099,0.01065547303842429,0.06661214373195445,-0.13922310072189759,0.7446127061160578,15212000.0,26378360.0,0.5766848280181179,30774157912.5,302,True,jpx_liquidity,JPX流動性
41,6503,三菱電機,電気機器,プライム,6503.T,2026-09-08,5066.0,-0.05923862581244199,-0.08241260641188186,-0.13312799452429847,-0.08638412984670873,-0.06623016446233054,5626.15,5731.333333333333,-0.09956186735156358,-0.11608700709549835,-0.22774390243902443,0.38338086906794894,6387400.0,5379080.0,1.187452129360411,30575847345.0,302,True,jpx_liquidity,JPX流動性
42,7012,川崎重工業,輸送用機器,プライム,7012.T,2026-09-08,2385.5,-0.0411977491961415,-0.054498612762584275,-0.11451373422420197,-0.15825688073394495,-0.26898080326158036,2621.25,2772.275,-0.08993800667620411,-0.13951537996771612,-0.3075471698113208,0.3656696880131946,15026900.0,11154625.0,1.3471452424442776,29119984015.0,302,True,jpx_liquidity,JPX流動性
43,8031,三井物産,卸売業,プライム,8031.T,2026-09-08,5093.0,-0.001176701313983175,-0.020200076952674118,0.04364754098360657,0.042365943512075344,-0.1180237982615272,4961.65,4807.316666666667,0.026473048280310163,0.059426776545474125,-0.22808868459434206,0.2859017884180138,5238600.0,5708155.0,0.9177396198946945,28775039890.0,302,True,jpx_liquidity,JPX流動性
44,7735,ＳＣＲＥＥＮホールディングス,電気機器,プライム,7735.T,2026-09-08,13270.0,-0.018128005919348822,-0.015578635014836806,0.007210626185958358,-0.04840444603800642,0.44164712869535006,13480.25,15195.25,-0.01559689174904022,-0.12670077820371495,-0.319138019497178,0.4004174671397034,1533300.0,2093030.0,0.732574306149458,28063279175.0,302,False,jpx_liquidity,JPX流動性
45,8001,伊藤忠商事,卸売業,プライム,8001.T,2026-09-08,2277.0,0.00551998233605655,0.059809169187805544,0.08921310691222195,0.21342925659472423,0.11132291819211648,2112.875,1985.4833333333333,0.07767851860616459,0.1468240310923452,0.0,0.2583489252542179,17555600.0,12787980.0,1.3728204141701816,28022450360.0,302,True,jpx_liquidity,JPX流動性
46,5401,日本製鉄,鉄鋼,プライム,5401.T,2026-09-08,677.9000244140625,-0.028100323420698903,-0.03198623985343896,-0.016681171442913922,0.22897036696559425,0.16622266742897818,680.2800018310547,621.0483327229817,-0.0034985262106577153,0.09154149314243387,-0.037893772490797506,0.2969339416848313,37487400.0,40942085.0,0.9156201986293566,27826305306.566772,302,True,jpx_liquidity,JPX流動性
47,7267,本田技研工業,輸送用機器,プライム,7267.T,2026-09-08,1610.5,-0.049852507374631316,-0.07068667051356026,-0.04816784869976354,0.14138908575478393,0.20884024979052018,1693.2,1584.4416666666666,-0.04884242853768017,0.016446382269253768,-0.08128921848260129,0.3435070558872737,18733000.0,16040530.0,1.1678541793818533,27435038017.5,302,True,jpx_liquidity,JPX流動性
48,9104,商船三井,海運業,プライム,9104.T,2026-09-08,7114.0,-0.006979341150195384,0.00950759188307071,0.13298295906991564,0.23399826539462265,0.18254516317442016,6940.85,6030.983333333334,0.024946512314774072,0.1795754700035097,-0.02253366309425664,0.32234805583364434,2091500.0,3687290.0,0.5672187433047035,25478553295.0,302,False,jpx_liquidity,JPX流動性
49,6762,ＴＤＫ,電気機器,プライム,6762.T,2026-09-08,2775.0,-0.06894816305988927,-0.09873335498538482,-0.08866995073891626,-0.20804794520547942,0.30062605444723856,3042.375,3258.358333333333,-0.08788364353506717,-0.14834413035194094,-0.32498175626368275,0.4450087877768638,10293800.0,7893165.0,1.3041409878040051,24617883127.5,302,True,jpx_liquidity,JPX流動性
50,9101,日本郵船,海運業,プライム,9101.T,2026-09-08,7290.0,-0.01752021563342321,0.027918781725888353,0.18401819067727798,0.29484902309058625,0.31826564404729685,6918.95,6026.633333333333,0.05362807940511205,0.20963058423995706,-0.01752021563342321,0.32705573188122544,2504100.0,3508745.0,0.7136739774477769,24431362280.0,302,False,jpx_liquidity,JPX流動性
51,7741,ＨＯＹＡ,精密機器,プライム,7741.T,2026-09-08,23325.0,-0.033961482708635304,-0.06287665729208514,-0.11142857142857143,-0.11714610143830428,-0.15464561605137028,25058.0,25424.75,-0.06915954984436112,-0.08258684942821459,-0.22327672327672332,0.21368341631757035,976100.0,962890.0,1.0137191164099741,24374829500.0,302,False,jpx_liquidity,JPX流動性
52,9433,ＫＤＤＩ,情報・通信業,プライム,9433.T,2026-09-08,2990.5,0.009962850388382405,-0.005487196541403394,0.05671378091872792,0.07999277717587572,0.15314761661473342,2909.9,2845.2833333333333,0.02769854634179869,0.051037682246056315,-0.037805662805662776,0.15984803242692916,5150700.0,8742055.0,0.5891864098315556,24023907560.0,302,True,jpx_liquidity,JPX流動性
53,6367,ダイキン工業,機械,プライム,6367.T,2026-09-08,20460.0,-0.009680542110358181,-0.022922636103151817,-0.07941507311586049,-0.1115935735996526,0.08349006527716529,20936.5,23068.583333333332,-0.022759295966374493,-0.1130794767775799,-0.21759082217973236,0.1725317455067003,733900.0,1156250.0,0.6347243243243244,23971379525.0,302,False,jpx_liquidity,JPX流動性
54,2914,日本たばこ産業,食料品,プライム,2914.T,2026-09-08,6660.0,-0.01128266033254155,-0.05531914893617018,-0.06131078224101483,0.07819329771733852,0.16617054806513742,6948.25,6523.884106445313,-0.04148526607419134,0.020864241506100667,-0.06657323055360898,0.17290851756580816,3558500.0,3219405.0,1.1053284690804668,22624050920.0,302,True,jpx_liquidity,JPX流動性
55,8308,りそなホールディングス,銀行業,プライム,8308.T,2026-09-08,2491.0,-0.020255653883972435,-0.017357001972386543,0.09590849098108234,0.16022356776898006,0.43690021253249545,2460.55,2321.0833333333335,0.012375281949157602,0.07320575880515556,-0.023137254901960835,0.320540821476026,9755500.0,8960600.0,1.0887105774166908,22548719472.5,302,True,jpx_liquidity,JPX流動性
56,6702,富士通,電気機器,プライム,6702.T,2026-09-08,3775.0,-0.014617593317671651,-0.04357740055738535,0.015057811239580499,0.15797546012269947,0.06738267309003354,3763.6,3507.3,0.003029014773089589,0.07632651897470977,-0.04357740055738535,0.3626396986215966,3571100.0,5998435.0,0.5953386174893952,22262044525.0,302,True,jpx_liquidity,JPX流動性
57,4502,武田薬品工業,医薬品,プライム,4502.T,2026-09-08,5760.0,-0.0029427038255149807,-0.014542343883661268,0.03188821211035475,0.1334120425029517,0.03302452737942163,5750.8,5477.833333333333,0.0015997774222715755,0.05151063376639198,-0.025050778605280932,0.20131932877994022,2467300.0,3761345.0,0.6559621624711374,21455215240.0,302,False,jpx_liquidity,JPX流動性
58,9501,東京電力ホールディングス,電気・ガス業,プライム,9501.T,2026-09-08,556.7000122070312,-0.012943240767675057,-0.02725838881475018,0.0674976264756113,0.09306896829012024,-0.1308352658750488,537.3549957275391,511.5416636149088,0.0360004403668015,0.08827892585132191,-0.21965237853157327,0.442371928368319,30973300.0,39256840.0,0.7889911668896427,21362978623.038025,302,True,jpx_liquidity,JPX流動性
59,8591,オリックス,その他金融業,プライム,8591.T,2026-09-08,6031.0,-0.0274149330753104,-0.051878635434680076,-0.03842474489795922,-0.010013131976362444,0.2789195663752808,6251.95,6336.233333333334,-0.035340973616231675,-0.048172678826011284,-0.09620860182826318,0.24391586000604118,3502400.0,3344035.0,1.0473574588782713,20910433390.0,302,True,jpx_liquidity,JPX流動性
60,8725,ＭＳ＆ＡＤインシュアランスグループホールディングス,保険業,プライム,8725.T,2026-09-08,5078.0,-0.013789085259273692,-0.021014073645652553,0.05156347069786715,0.10463345660213186,0.2978069891372128,5019.0,4757.933333333333,0.011755329746961474,0.06727010326612404,-0.030916030534351102,0.24585762256238508,2476500.0,4010060.0,0.6175718069056323,19752385835.0,302,False,jpx_liquidity,JPX流動性
61,6273,ＳＭＣ,機械,プライム,6273.T,2026-09-08,65650.0,-0.042863391164892795,-0.06012884753042236,-0.16198621393923918,0.0021370783086551715,-0.00033892260204526625,71488.5,71921.5,-0.0816704784685649,-0.08719923805816066,-0.2236281929990539,0.327302429034776,203400.0,284120.0,0.7158946923834999,19312261250.0,302,False,jpx_liquidity,JPX流動性
62,8002,丸紅,卸売業,プライム,8002.T,2026-09-08,5080.0,-0.012825495530509157,-0.00819992190550567,0.02626262626262621,0.036946315574607036,-0.08222067198288197,4981.1,4984.083333333333,0.019855052096926284,0.01924459529502265,-0.1697989867625429,0.24760094097391003,3372500.0,3855195.0,0.8747936226312807,19192491940.0,302,True,jpx_liquidity,JPX流動性
63,7182,ゆうちょ銀行,銀行業,プライム,7182.T,2026-09-08,3280.0,-0.01825800658485488,-0.03896864928215649,0.06252024619371555,0.021488632824665288,0.2833723984490877,3276.5,3237.516666666667,0.0010682130321990613,0.013122197569124472,-0.04844792573252099,0.2751313473179897,4396700.0,5959400.0,0.7377756149947982,19100214200.0,302,True,jpx_liquidity,JPX流動性
64,6871,日本マイクロニクス,電気機器,プライム,6871.T,2026-09-08,12310.0,-0.04721362229102166,-0.004045307443365731,-0.1137508999280058,-0.1826029216467463,0.14298978644382543,13410.0,14750.5,-0.08202833706189416,-0.1654520185756415,-0.3025495750708215,0.5215398895253961,830700.0,1377165.0,0.6031956955048959,18647262450.0,302,False,jpx_liquidity,JPX流動性
65,1605,ＩＮＰＥＸ,鉱業,プライム,1605.T,2026-09-08,3832.0,0.011615628299894487,-0.06809338521400776,0.060908084163898035,0.07670694015172796,-0.1257129819758156,3865.1,3580.5331827799478,-0.00856381464903877,0.07023166785032053,-0.21795918367346934,0.31763443578616213,4529300.0,4993355.0,0.9070654900362581,18625399150.0,302,True,jpx_liquidity,JPX流動性
66,3110,日東紡績,ガラス・土石製品,プライム,3110.T,2026-09-08,2935.0,-0.057784911717496,-0.06677265500794916,0.04262877442273538,-0.8403155603917302,-0.866818160064237,3084.95,3611.35,-0.04860694662798415,-0.18728453348470786,-0.9081377151799687,0.7731619753126837,4243900.0,6052760.0,0.7011512103569281,18470755585.0,302,True,jpx_liquidity,JPX流動性
67,6301,小松製作所,機械,プライム,6301.T,2026-09-08,7390.0,-0.024551214361140494,-0.015585453576661745,-0.007520816545796394,0.13256704980842904,0.05741037608804023,7351.15,6885.3,0.005284887398570248,0.07330109072952529,-0.024551214361140494,0.3251800909488725,2743700.0,2495195.0,1.099593418550454,18226429500.0,302,False,jpx_liquidity,JPX流動性
68,3382,セブン＆アイ・ホールディングス,小売業,プライム,3382.T,2026-09-08,2059.5,0.009806325079676492,0.012536873156342221,-0.012467034284344258,0.05832476875642345,0.009064184223419813,2024.481219482422,2024.0270731608073,0.017297656397391004,0.017525915196280772,-0.08710106382978722,0.11494553526286379,5347900.0,8993075.0,0.5946686756198519,18168178250.0,302,True,jpx_liquidity,JPX流動性
69,9107,川崎汽船,海運業,プライム,9107.T,2026-09-08,3427.0,0.0005839416058395219,0.013006207508128975,0.19034386939909687,0.3067683508102954,0.32508433174912166,3263.675,2853.8416666666667,0.05004327943192877,0.20083746762405053,-0.010966810966810958,0.38136091363986196,2824800.0,5589525.0,0.5053738913413931,18079674632.5,302,False,jpx_liquidity,JPX流動性
70,6361,荏原製作所,機械,プライム,6361.T,2026-09-08,4397.0,-0.043714658547194474,-0.03785557986870902,-0.2118659257931529,-0.2014166363966582,-0.09058945191313339,4952.1,5604.732495117188,-0.1120938591708569,-0.21548441360392445,-0.3475502966399737,0.4520873152206038,2928700.0,3588180.0,0.8162076595934429,17956467980.0,302,False,jpx_liquidity,JPX流動性
71,6506,安川電機,電気機器,プライム,6506.T,2026-09-08,4456.0,-0.043981978116284015,-0.051914893617021285,-0.1694315004659832,-0.2966061562746646,-0.024304795270418178,4913.2912109375,5720.230403645834,-0.09307227911089866,-0.22101039895876684,-0.4178967994774657,0.35795480976775595,3240200.0,3623900.0,0.8941195949115593,17881038205.0,302,True,jpx_liquidity,JPX流動性
72,8053,住友商事,卸売業,プライム,8053.T,2026-09-08,1838.5,-0.017632914774245223,-0.005947553392808835,0.029683562027443378,-0.7062629813069181,-0.6655810535057276,1778.825,1747.55,0.03354742596938998,0.05204429057823812,-0.7612027536043642,0.33277302229537875,11093800.0,9903835.0,1.120151941141992,17767259887.5,302,True,jpx_liquidity,JPX流動性
73,5711,三菱マテリアル,非鉄金属,プライム,5711.T,2026-09-08,5107.0,-0.02927200152062348,-0.13820452244346948,-0.000978090766823203,0.10064655172413794,0.023470128251596334,5476.6,4756.75,-0.06748712704962945,0.07363220686393013,-0.16278688524590168,0.6423694433610218,1694500.0,3320610.0,0.5102978067282818,16978042755.0,302,False,jpx_liquidity,JPX流動性
74,6330,東洋エンジニアリング,建設業,プライム,6330.T,2026-09-08,2714.0,0.02145276627775683,0.04024530471444998,0.17948717948717952,0.4150156412930135,-0.006224826071036249,2529.2,2174.2166666666667,0.0730665823185197,0.24826565889630747,-0.2481994459833795,0.850721532243385,9829900.0,6377435.0,1.5413563603549076,16975203500.0,302,True,jpx_liquidity,JPX流動性
75,4901,富士フイルムホールディングス,化学,プライム,4901.T,2026-09-08,3197.0,-0.012966965112689133,-0.07547715442452285,0.011068943706514789,-0.05998235812996178,0.07354342461096186,3275.75,3472.6833333333334,-0.024040296115393378,-0.07938625750500339,-0.17560598246518822,0.28173896010125504,3959200.0,5732180.0,0.6906970820874432,16885608745.0,302,True,jpx_liquidity,JPX流動性
76,2802,味の素,食料品,プライム,2802.T,2026-09-08,5068.0,-0.028932745736731214,-0.0502248875562219,-0.03869499241274654,-0.017448623497479665,0.15663870775350563,5384.9,5438.566666666667,-0.05884974651339847,-0.06813682526646114,-0.17927125506072872,0.3372350878387525,2100600.0,3029425.0,0.6933989123348491,16011414815.0,302,False,jpx_liquidity,JPX流動性
77,4755,楽天グループ,サービス業,プライム,4755.T,2026-09-08,736.0,-0.008353559828966683,-0.026969888624561067,-0.14814814814814814,-0.0047329276538201626,-0.03853690398432397,762.4200073242188,777.0349985758463,-0.03465282530680447,-0.05280971725991168,-0.16976875352509868,0.5542550334881362,12107900.0,21277035.0,0.5690595517655538,15947402141.35559,302,True,jpx_liquidity,JPX流動性
78,5411,ＪＦＥホールディングス,鉄鋼,プライム,5411.T,2026-09-08,1823.5,-0.025908119658119677,-0.05810950413223137,-0.011653116531165297,0.1305021698698079,-0.02949493379753676,1839.4,1737.8083333333334,-0.008644123083614286,0.049310194353999526,-0.05810950413223137,0.3386836229411776,6555300.0,8544530.0,0.7671925781757452,15933295747.5,302,True,jpx_liquidity,JPX流動性
79,9434,ソフトバンク,情報・通信業,プライム,9434.T,2026-09-08,241.0,0.010058649769871142,-0.0004147909621897705,0.05516640297821618,0.12880562060889922,0.15308630762866815,236.53500061035157,223.4250010172526,0.018876696379508395,0.07866173840317114,-0.0012432782758542427,0.13374112640373245,58397100.0,67525655.0,0.8648135290209329,15924721169.075851,302,True,jpx_liquidity,JPX流動性
80,4519,中外製薬,医薬品,プライム,4519.T,2026-09-08,6532.0,-0.0048750761730651515,-0.05797519469281798,-0.08155230596175478,-0.1232214765100671,-0.30228583635975215,6920.8,7147.730598958334,-0.05617847647670793,-0.08614350952847416,-0.29899119982828937,0.24311416139735978,2083000.0,2303565.0,0.90425058550551,15648020150.0,302,False,jpx_liquidity,JPX流動性
81,4568,第一三共,医薬品,プライム,4568.T,2026-09-08,2751.0,0.005666240175470572,-0.03490615681459397,-0.019251336898395754,0.10017996400719853,-0.010781841768406353,2810.775,2719.991666666667,-0.021266376711049473,0.011400157475972561,-0.08299999999999996,0.2983308154639436,4917500.0,5557390.0,0.8848578199478532,15597203580.0,302,True,jpx_liquidity,JPX流動性
82,6963,ローム,電気機器,プライム,6963.T,2026-09-08,4875.0,-0.07018882319282849,-0.005913539967373538,0.035031847133758065,-0.011557177615571734,0.4887708075068107,4861.3,4975.05,0.00281817620801017,-0.020110350649742204,-0.18067226890756305,0.5208237948330232,2717800.0,3214200.0,0.8455603260531392,15554982285.0,302,False,jpx_liquidity,JPX流動性
83,8630,ＳＯＭＰＯホールディングス,保険業,プライム,8630.T,2026-09-08,6647.0,-0.019905632556767916,-0.038478229422826526,-0.04483402787756863,0.08098877866319731,0.1544342201626665,6817.7,6712.383333333333,-0.025037769335699678,-0.009740703128297667,-0.0969976905311778,0.21622314755464087,2084500.0,2239530.0,0.9307756538202212,15310327580.0,302,False,jpx_liquidity,JPX流動性
84,8750,第一ライフグループ,保険業,プライム,8750.T,2026-09-08,1822.5,-0.024357601713062116,-0.024618678084024626,-0.009241641750475704,0.03934987168520099,0.3101535248408369,1836.15,1843.9083333333333,-0.007434033167224907,-0.011610302392110916,-0.06967840735068909,0.2296849432739017,5535800.0,8576980.0,0.645425312872363,15283631822.5,302,True,jpx_liquidity,JPX流動性
85,8309,三井住友トラストグループ,銀行業,プライム,8309.T,2026-09-08,1756.5,-0.014309764309764272,-0.02928985907709314,0.0464700625558534,-0.7053346753900352,-0.6378579114740562,1748.85,3458.8458333333333,0.004374303113474642,-0.49217164203377084,-0.7400473582951014,0.22250190638288156,5675600.0,8823895.0,0.6432080164145199,15231922730.0,302,True,jpx_liquidity,JPX流動性
86,6971,京セラ,電気機器,プライム,6971.T,2026-09-08,3397.0,-0.04147855530474043,-0.06880482456140347,-0.11119832548403974,-0.07463906292563338,0.3561409572129959,3647.1,3677.5833333333335,-0.06857503221737815,-0.07629557453943947,-0.13253319713993872,0.2860680416542118,3963700.0,4074705.0,0.9727575370486943,15074129200.0,302,True,jpx_liquidity,JPX流動性
87,8015,豊田通商,卸売業,プライム,8015.T,2026-09-08,7482.0,-0.025781249999999978,-0.029194239003503264,0.0138211382113822,0.21185617103984455,0.1988716638951693,7427.15,6736.916666666667,0.007385066950310826,0.11059708323540685,-0.029194239003503264,0.32977828996481634,1823200.0,2021415.0,0.901942451203736,14795275945.0,302,False,jpx_liquidity,JPX流動性
88,7832,バンダイナムコホールディングス,その他製品,プライム,7832.T,2026-09-08,5353.0,0.0016841317365270392,-0.07387543252595152,-0.013998894824092889,0.46017457719585386,0.2711969964208485,5510.15,4588.7,-0.02852009473426309,0.16656133545448615,-0.07387543252595152,0.2892733685324682,2614100.0,2746235.0,0.9518850353301884,14519849980.0,302,False,jpx_liquidity,JPX流動性
89,8802,三菱地所,不動産業,プライム,8802.T,2026-09-08,3660.0,-0.0010917030567685337,-0.047123145014319134,-0.015334947538337418,-0.12774070543374638,-0.22199716332373765,3711.95,3948.3,-0.013995339376877358,-0.07301876757085335,-0.23810817109999372,0.18467910823612574,3029900.0,3995475.0,0.7583328640524594,14391102095.0,302,False,jpx_liquidity,JPX流動性
90,6305,日立建機,機械,プライム,6305.T,2026-09-08,5750.0,-0.04580152671755722,-0.03100775193798455,0.03046594982078843,0.08429191023948701,-0.01053075580628382,5754.65,5496.933333333333,-0.000808042191966396,0.04603779076818593,-0.046434494195688236,0.4136219126630313,1267000.0,2501910.0,0.506413100391301,14371345025.0,302,False,jpx_liquidity,JPX流動性
91,8604,野村ホールディングス,証券、商品先物取引業,プライム,8604.T,2026-09-08,1648.5,-0.004528985507246341,0.004876562023773179,0.06354838709677413,0.20813484792964454,0.4230649384698437,1592.675,1536.075,0.03505109328645206,0.07318978565499723,-0.012282804074295939,0.21127671736387554,8712500.0,8822675.0,0.9875122907734899,14075845290.0,302,True,jpx_liquidity,JPX流動性
92,8267,イオン,小売業,プライム,8267.T,2026-09-08,1422.0,0.023758099352051865,0.04558823529411771,0.02338970852824751,0.02449567723342949,-0.2956909361069836,1373.9746154785157,1370.474871826172,0.034953618487892024,0.03759655082560576,-0.2900649026460309,0.21408025062639705,9427800.0,10160625.0,0.9278759918804207,14062008852.5,302,True,jpx_liquidity,JPX流動性
93,7751,キヤノン,電気機器,プライム,7751.T,2026-09-08,4362.0,-0.031097290093291874,-0.0816842105263158,-0.05747623163353499,0.02082845775801534,-0.010435571687840262,4596.3,4442.683622233073,-0.0509757848704393,-0.0181610101221924,-0.0816842105263158,0.21639962625896705,3256300.0,3041835.0,1.0705051391676406,14054715855.0,302,True,jpx_liquidity,JPX流動性
94,7532,パン・パシフィック・インターナショナルホールディングス,小売業,プライム,7532.T,2026-09-08,777.7000122070312,0.01078761051416599,0.0014164777951013452,-0.16051382587244878,-0.0907283721424782,-0.22999998791383047,827.8450012207031,850.3589447021484,-0.06057291997865577,-0.08544501465856524,-0.23454723207969363,0.4230308339529113,13779200.0,16748925.0,0.8226916055806567,13865917377.812805,302,True,jpx_liquidity,JPX流動性
95,4661,オリエンタルランド,サービス業,プライム,4661.T,2026-09-08,3188.0,0.031047865459249646,0.053536021150033086,0.05667882001988733,0.4078162949878561,0.14726474394072842,3012.65,2764.05,0.058204570726768656,0.15338000397966733,0.0,0.23920145419604413,6278600.0,4495180.0,1.3967405087226763,13780209242.5,302,True,jpx_liquidity,JPX流動性
96,4503,アステラス製薬,医薬品,プライム,4503.T,2026-09-08,2280.5,-0.009769865392965649,-0.055498032718989454,-0.03491324587388911,0.0656542056074767,-0.019648531686450532,2365.525,2241.741666666667,-0.03594339522938883,0.017289384370039684,-0.14186265286923805,0.2506391010152433,3779100.0,5879225.0,0.6427888029459665,13632038142.5,302,True,jpx_liquidity,JPX流動性
97,8801,三井不動産,不動産業,プライム,8801.T,2026-09-08,1505.5,0.008372404554588098,-0.03183279742765277,0.027995903038579684,-0.03369704749679081,-0.16441424946034067,1495.775,1516.425,0.006501646303755493,-0.007204444664259624,-0.19085261492901306,0.1872619657059843,6718000.0,9676630.0,0.6942499609884847,13603538047.5,302,True,jpx_liquidity,JPX流動性
98,5108,ブリヂストン,ゴム製品,プライム,5108.T,2026-09-08,3797.0,-0.03137755102040818,-0.08857417186749883,-0.12106481481481479,0.11808009422850407,0.1334328358208956,4084.05,3805.1925537109373,-0.07028562333957722,-0.00215299320475848,-0.12106481481481479,0.20114167590077972,3838100.0,3473765.0,1.1048818788835744,13594687955.0,302,True,jpx_liquidity,JPX流動性
99,6326,クボタ,機械,プライム,6326.T,2026-09-08,2789.5,-0.04370929036681526,-0.07140479360852192,0.00959102424900471,0.03028624192059093,0.039888164026095074,2803.6,2766.803096516927,-0.005029248109573392,0.008203295533262045,-0.07876486129458393,0.44608173188133704,4492100.0,4700610.0,0.955641927324326,13422866355.0,302,True,jpx_liquidity,JPX流動性
100,6902,デンソー,輸送用機器,プライム,6902.T,2026-09-08,1879.0,-0.024909185262065425,-0.05148914689550732,-0.030443756449948456,0.013484358144552289,-0.012500939847935766,1926.5,1942.025,-0.02465611212042562,-0.032453238243586036,-0.14900362318840576,0.26692355134053825,7404300.0,6821650.0,1.0854118871534013,13330650557.5,302,True,jpx_liquidity,JPX流動性
101,7269,スズキ,輸送用機器,プライム,7269.T,2026-09-08,1980.0,-0.03649635036496346,-0.12195121951219512,-0.023668639053254448,0.05995717344753748,0.021081023301946944,2099.8,2037.4333333333334,-0.05705305267168315,-0.028189061400782034,-0.12195121951219512,0.3683176465120307,6260800.0,6233155.0,1.004435153626053,12968687410.0,302,True,jpx_liquidity,JPX流動性
102,7272,ヤマハ発動機,輸送用機器,プライム,7272.T,2026-09-08,1739.5,-0.05896672978090345,-0.10840594566888773,-0.09495317377731527,0.4599244649601344,0.571364046973803,1909.975,1521.8383646647135,-0.08925509496197592,0.14302546209185696,-0.11834769386720734,0.32211325684975517,9224200.0,6851640.0,1.3462762199998832,12865363752.5,302,True,jpx_liquidity,JPX流動性
103,4578,大塚ホールディングス,医薬品,プライム,4578.T,2026-09-08,11800.0,0.0059676044330776445,-0.04761904761904767,-0.060509554140127375,0.15686274509803932,0.07223989095865524,12156.25,11487.698649088541,-0.02930591259640103,0.027185719302990075,-0.07123179850452577,0.2850334195911297,778900.0,1084575.0,0.7181614918285965,12856786175.0,302,False,jpx_liquidity,JPX流動性
104,8473,ＳＢＩホールディングス,証券、商品先物取引業,プライム,8473.T,2026-09-08,3349.0,-0.004458977407847842,0.015156107911488359,0.1133643617021276,0.18381053375751155,0.15805624905711402,3227.7,2963.3333333333335,0.03758093998822698,0.1301462317210349,-0.022760431864604636,0.37663997658509946,3192600.0,3882365.0,0.8223338094177132,12772001865.0,302,False,jpx_liquidity,JPX流動性
105,6178,日本郵政,サービス業,プライム,6178.T,2026-09-08,2445.0,-0.020824989987985543,-0.04267815191855917,0.04733347611908334,0.054788610871440824,0.3919592266161165,2420.7,2357.3166666666666,0.010038418639236601,0.037196247145412586,-0.04267815191855917,0.24147219243150916,4244300.0,5291480.0,0.802100735522009,12725946187.5,302,True,jpx_liquidity,JPX流動性
106,7201,日産自動車,輸送用機器,プライム,7201.T,2026-09-08,302.5,-0.04453571014431845,-0.10740629847164473,-0.13571428571428568,-0.1029063195458203,-0.17032365623681445,324.73999938964846,324.6566660563151,-0.0684855559261216,-0.068246453477939,-0.24185463659147866,0.48083729183290713,64149700.0,37444800.0,1.7131804683160279,12676567413.266754,302,True,jpx_liquidity,JPX流動性
107,6526,ソシオネクスト,電気機器,プライム,6526.T,2026-09-08,1901.5,-0.04758327072376656,-0.047344689378757465,-0.033790650406504086,-0.16048565121412806,0.09444400492999372,1985.7,2287.233333333333,-0.04240318275671051,-0.1686462538437996,-0.37036423841059607,0.49132117817968274,4493300.0,6340940.0,0.708617334338442,12476677585.0,302,True,jpx_liquidity,JPX流動性
108,3563,ＦＯＯＤ　＆　ＬＩＦＥ　ＣＯＭＰＡＮＩＥＳ,小売業,プライム,3563.T,2026-09-08,5657.0,-0.01066806575725776,-0.06341059602649002,-0.045715249662618085,-0.4335636327225393,-0.41317427385892114,5794.05,5469.491666666667,-0.02365357565088322,0.03428258872320544,-0.47981609195402297,0.3113328850723918,1859100.0,2201985.0,0.8442836804065422,12332794890.0,302,False,jpx_liquidity,JPX流動性
109,4543,テルモ,精密機器,プライム,4543.T,2026-09-08,2326.5,-0.01980198019801982,-0.08567498526233053,-0.09668025626092025,0.05774039554444199,0.1310587319828218,2534.95,2350.6583333333333,-0.08223041874593184,-0.010277262752633076,-0.129466791393826,0.2915702058648212,3938300.0,4857665.0,0.8107393161117533,11761366190.0,302,True,jpx_liquidity,JPX流動性
110,9503,関西電力,電気・ガス業,プライム,9503.T,2026-09-08,2939.5,-0.008767492834260704,-0.005245346869712342,0.24502329521389243,0.2692141623488773,0.15681779487910674,2651.9,2441.983333333333,0.1084505448923414,0.2037346692237867,-0.028585591539986743,0.45893479643239116,2687300.0,4296290.0,0.6254931580503178,11738561900.0,302,False,jpx_liquidity,JPX流動性
111,2502,アサヒグループホールディングス,食料品,プライム,2502.T,2026-09-08,1633.0,0.0030712530712531105,-0.035440047253396334,-0.03143534994068797,0.09121282993651847,0.020624999999999893,1668.75,1624.0833333333333,-0.021423220973782797,0.005490276566268104,-0.08077680833098788,0.23951503909203617,5175700.0,6882930.0,0.7519617372252805,11527476217.5,302,True,jpx_liquidity,JPX流動性
112,3659,ネクソン,情報・通信業,プライム,3659.T,2026-09-08,3132.0,0.026548672566371723,-0.022776911076443085,0.26852976913730253,0.4340659340659341,0.03984063745019917,3037.875,2537.468025716146,0.030983829156894238,0.23430126734939272,-0.022776911076443085,0.7089352355068235,2712300.0,3742905.0,0.7246510397672397,11524274192.5,302,True,jpx_liquidity,JPX流動性
113,4307,野村総合研究所,情報・通信業,プライム,4307.T,2026-09-08,4969.0,0.003838383838383752,-0.07017215568862278,-0.0006033789219629382,0.10520462633451966,0.16574058948957204,5069.65,4903.483333333334,-0.019853441559081864,0.013361249995751168,-0.10885939741750361,0.4065883711101917,1724600.0,2289125.0,0.7533883033910337,11413695360.0,302,False,jpx_liquidity,JPX流動性
114,4452,花王,化学,プライム,4452.T,2026-09-08,3443.0,-0.0034732272069464276,-0.047315993359158814,-0.07891920813269127,-0.43034414295168766,-0.4416153097632176,3558.95,3394.496024576823,-0.032579833939785585,0.014289006400949766,-0.4530579825258141,0.18265099887738265,2010000.0,3286710.0,0.6115538030431648,11174242185.0,302,False,jpx_liquidity,JPX流動性
115,6383,ダイフク,機械,プライム,6383.T,2026-09-08,5545.0,-0.0459394356503785,-0.03866158113730933,-0.09896002599935005,-0.1557551766138855,-0.03177929107735289,5889.4,6389.466365559896,-0.05847794342377821,-0.13216539805447391,-0.2844237966189186,0.3257429603475125,1383200.0,1942305.0,0.7121435613871148,11174173155.0,302,False,jpx_liquidity,JPX流動性
116,7453,良品計画,小売業,プライム,7453.T,2026-09-08,4136.0,-0.02060146815060382,-0.049195402298850555,-0.08616880247459124,0.11302475780409038,0.10087836039393139,4300.37060546875,4055.02353515625,-0.03822242791347352,0.019969419201072425,-0.08616880247459124,0.26777925070961905,2456900.0,2569690.0,0.9561075460464102,11041359335.0,302,False,jpx_liquidity,JPX流動性
117,9843,ニトリホールディングス,小売業,プライム,9843.T,2026-09-08,3392.0,0.054726368159204064,0.11947194719471943,0.09419354838709681,0.26073220590968216,0.24818095312019373,3062.325,2685.0583333333334,0.10765513131362625,0.26328726563979044,0.0,0.453710709222413,6271000.0,3576690.0,1.7532970427965522,10939409732.5,302,True,jpx_liquidity,JPX流動性
118,7270,ＳＵＢＡＲＵ,輸送用機器,プライム,7270.T,2026-09-08,2539.5,-0.03825033137663325,-0.0716505209285323,-0.028871892925430243,0.026475343573160837,-0.010123455356788491,2616.825,2565.1583333333333,-0.0295491674070677,-0.010002631416514252,-0.10847814639283837,0.303901048463328,5270400.0,4005190.0,1.3158926293134658,10689155677.5,302,True,jpx_liquidity,JPX流動性
119,3099,三越伊勢丹ホールディングス,小売業,プライム,3099.T,2026-09-08,3118.0,-0.02775179295291552,-0.11319681456200226,-0.14458161865569275,-0.16964047936085225,0.10120989430346539,3457.25,3699.016666666667,-0.09812712415937519,-0.15707327623107048,-0.2513805522208884,0.31201963723729825,2419400.0,2984050.0,0.8107772993079875,10582999575.0,302,False,jpx_liquidity,JPX流動性
120,4689,ＬＩＮＥヤフー,情報・通信業,プライム,4689.T,2026-09-08,526.9000244140625,0.010354792740292496,-0.060114078914562774,0.07904984146233374,0.30971921551540094,0.3487651179339266,526.6049987792969,468.4566670735677,0.0005602408550040572,0.1247572325218218,-0.060114078914562774,0.32122330291775064,12985400.0,20328505.0,0.6387779130831313,10573435207.616425,302,True,jpx_liquidity,JPX流動性
121,1812,鹿島建設,建設業,プライム,1812.T,2026-09-08,5062.0,0.009170653907496051,0.009170653907496051,0.03263973888208893,-0.08313711284187653,-0.16913286587631926,4883.15,5411.916666666667,0.036625948414445775,-0.06465669895138815,-0.22952815829528161,0.2783471095802491,2340800.0,2250385.0,1.0401775696158657,10551759390.0,302,False,jpx_liquidity,JPX流動性
122,6594,ニデック,電気機器,プライム,6594.T,2026-09-08,2722.0,-0.03200568990042674,0.0587320108907039,-0.013410656034795188,0.03616292348686723,0.17580993520518362,2652.0,2652.05,0.02639517345399689,0.026375822476951694,-0.06105553639185923,0.4620426639918554,4729900.0,3703455.0,1.2771587612108153,10153670185.0,302,True,jpx_liquidity,JPX流動性
123,7911,ＴＯＰＰＡＮホールディングス,その他製品,プライム,7911.T,2026-09-08,5020.0,-0.04308044224170793,0.015783083771752304,0.04235880398671088,0.11382294209008204,0.006231889150221548,5098.1,4930.533333333334,-0.015319432729840599,0.018145433894913188,-0.09484313018391632,0.5262089935862171,1117600.0,1946740.0,0.5740879624397711,10010532470.0,302,False,jpx_liquidity,JPX流動性
124,9020,東日本旅客鉄道,陸運業,プライム,9020.T,2026-09-08,3518.0,0.011500862564692405,-0.024674244524535593,0.01882421083116137,0.0334900117508814,-0.04440313393940942,3526.1,3512.5833333333335,-0.002297155497575254,0.0015420749211167983,-0.10597204574332908,0.19996647075622473,2848600.0,2814755.0,1.0120241370918606,9992270100.0,302,False,jpx_liquidity,JPX流動性
125,8830,住友不動産,不動産業,プライム,8830.T,2026-09-08,3244.0,0.010277172220491959,-0.04391394046566466,-0.05007320644216695,-0.09106192210703279,-0.31926167223795154,3340.45,3562.4166666666665,-0.028873355386250354,-0.08938220777094197,-0.3453077699293643,0.22045387666866315,3533200.0,2960955.0,1.1932636598664959,9945693225.0,302,True,jpx_liquidity,JPX流動性
126,7733,オリンパス,精密機器,プライム,7733.T,2026-09-08,1965.0,-0.02578086266732771,-0.0772481803240197,-0.06361686919228016,0.15384615384615374,0.5294162134490894,2105.675,1871.1166666666666,-0.06680755577190223,0.05017502917152861,-0.10150891632373116,0.2316772365872959,2976200.0,5072830.0,0.5866942121064573,9922003747.5,302,False,jpx_liquidity,JPX流動性
127,9697,カプコン,情報・通信業,プライム,9697.T,2026-09-08,4363.0,0.012296983758700586,0.006226937269372623,0.03315178782855788,0.5654825977753857,0.23984525078895036,4210.6,3640.3,0.03619436659858444,0.19852759387962515,0.0,0.3027390553575706,3533700.0,2293090.0,1.5410210676423517,9863192475.0,302,True,jpx_liquidity,JPX流動性
128,5020,ＥＮＥＯＳホールディングス,石油・石炭製品,プライム,5020.T,2026-09-08,1393.5,0.01789627465303134,0.003239740820734305,0.09940828402366875,0.12788344799676254,0.03387991524315437,1329.1,1285.825,0.04845384094500038,0.08374001127680675,-0.06913827655310623,0.2872287944713229,8479200.0,7489830.0,1.1320951209840544,9720557605.0,302,True,jpx_liquidity,JPX流動性
129,8729,ソニーフィナンシャルグループ,保険業,プライム,8729.T,2026-09-08,162.3000030517578,0.003090234799563385,0.004953579267850339,0.03838771518138184,0.14699648799828835,0.12372379904151942,159.6150016784668,152.97666753133137,0.016821735708149488,0.06094612773883901,-0.021109770419650786,0.25996028038386126,42373300.0,62858310.0,0.6741081648552116,9551626848.709488,231,True,jpx_liquidity,JPX流動性
130,9766,コナミグループ,情報・通信業,プライム,9766.T,2026-09-08,20985.0,0.010108303249097395,-0.045485558335228604,-0.03116343490304707,0.10738786279683388,0.014599734667030129,21751.5,19854.833333333332,-0.0352389490379974,0.05692148847048162,-0.0757542391543713,0.26227451406753877,368600.0,444840.0,0.8286125348439889,9523805475.0,302,False,jpx_liquidity,JPX流動性
131,6504,富士電機,電気機器,プライム,6504.T,2026-09-08,12760.0,-0.047405748413587134,-0.06656912948061444,-0.1278195488721805,-0.0558638549759527,0.13107670967466611,13873.75,13702.416666666666,-0.08027750247770071,-0.06877740544551136,-0.26136034732272073,0.4118747287895449,664600.0,684375.0,0.9711050228310503,9434081250.0,302,False,jpx_liquidity,JPX流動性
132,4911,資生堂,化学,プライム,4911.T,2026-09-08,3350.0,-0.00887573964497046,-0.074585635359116,-0.0722791470506785,0.2850019179133103,0.11221779548472766,3568.25,3131.330676269531,-0.061164436348350004,0.0698327153333349,-0.1104620286776421,0.3295550949256736,1614100.0,2659035.0,0.6070247288960092,9271774525.0,302,False,jpx_liquidity,JPX流動性
133,6787,メイコー,電気機器,プライム,6787.T,2026-09-08,18820.0,-0.055694932262920216,0.014555256064689992,0.1129509166173861,-0.38995137763371146,-0.20193777628476817,18418.0,24028.833333333332,0.021826474101422466,-0.21677429199642095,-0.5668584579976985,0.7734550336423397,289400.0,553430.0,0.5229206945774534,9237878400.0,302,False,jpx_liquidity,JPX流動性
134,6479,ミネベアミツミ,電気機器,プライム,6479.T,2026-09-08,3326.0,-0.040945790080738176,-0.02463343108504401,-0.10735373054213637,-0.214268840066147,0.20901511826223662,3455.0,4007.0333333333333,-0.037337192474674374,-0.16995948790044169,-0.3659931376286695,0.37692371215291404,2695900.0,2616630.0,1.0302946920275315,9079007535.0,302,False,jpx_liquidity,JPX流動性
135,6315,ＴＯＷＡ,機械,プライム,6315.T,2026-09-08,2187.0,-0.0528367258553486,-0.03825857519788922,-0.13931523022432113,-0.2561224489795918,-0.14353045560064093,2335.95,2790.65,-0.06376420728183385,-0.21631161199003823,-0.3822033898305085,0.4391162327770972,2432600.0,3955755.0,0.6149521393514007,9013188780.0,302,False,jpx_liquidity,JPX流動性
136,2413,エムスリー,サービス業,プライム,2413.T,2026-09-08,1720.5,0.009979454065159876,-0.059836065573770525,0.11866059817945374,0.06863354037267078,0.04782975276372081,1741.8,1780.2583333333334,-0.012228728901136687,-0.033567225730348205,-0.1328125,0.4182639354002832,3277000.0,5244000.0,0.6249046529366895,8862188640.0,302,True,jpx_liquidity,JPX流動性
137,7003,三井Ｅ＆Ｓ,機械,プライム,7003.T,2026-09-08,4404.0,-0.021333333333333315,0.03477443609022557,0.04608076009501194,0.05941784941063277,-0.29715593132454443,4294.8,4412.833333333333,0.025426096675048804,-0.0020017373569511943,-0.35143437583503057,0.44104135135789946,1566100.0,2088900.0,0.749724735506726,8853240760.0,302,False,jpx_liquidity,JPX流動性
138,4385,メルカリ,情報・通信業,プライム,4385.T,2026-09-08,4100.0,-0.055299539170506895,-0.11236198311322798,-0.15324246179264767,0.09919571045576414,0.1887503624238911,4556.5,4406.966666666666,-0.10018654669153959,-0.06965486464612836,-0.18489065606361832,0.5292203443250567,2498800.0,1918900.0,1.3022043879305851,8824457615.0,302,False,jpx_liquidity,JPX流動性
139,4684,オービック,情報・通信業,プライム,4684.T,2026-09-08,4904.0,0.00020395676116669037,-0.031212959304622645,0.06678268435936485,0.26980838943552565,0.2396496901274452,4815.45,4360.083333333333,0.01838872794858215,0.12474914470289189,-0.0355948869223206,0.307570034406771,1719600.0,1776620.0,0.9679053483581183,8769315090.0,302,False,jpx_liquidity,JPX流動性
140,4751,サイバーエージェント,サービス業,プライム,4751.T,2026-09-08,1237.0,-0.014342629482071767,-0.07027433295753471,-0.009607686148919159,-0.09310850439882701,-0.12238382405108195,1295.0,1381.3166666666666,-0.04478764478764474,-0.10447761194029848,-0.21510152284263961,0.3234858655521294,4430700.0,7713050.0,0.5744420171008875,8664375442.5,302,True,jpx_liquidity,JPX流動性
141,9502,中部電力,電気・ガス業,プライム,9502.T,2026-09-08,2978.5,0.0008400537634407623,-0.006835611870623537,0.11931604659902284,0.060341758632965536,0.19903553792898543,2887.225,2924.35,0.031613400410428705,0.018516935387351108,-0.08353846153846156,0.3189180592379482,1676000.0,3005020.0,0.557733392789399,8644876475.0,302,False,jpx_liquidity,JPX流動性
142,5334,日本特殊陶業,ガラス・土石製品,プライム,5334.T,2026-09-08,7444.0,-0.07894085622370706,-0.10882317730156832,-0.23138874548270516,-0.253135346643925,-0.024234772821606354,8679.35,9673.2,-0.1423320870802537,-0.23045114336517392,-0.32265696087352136,0.3947100195567123,1465600.0,970105.0,1.5107642987099335,8610724840.0,302,False,jpx_liquidity,JPX流動性
143,2503,キリンホールディングス,食料品,プライム,2503.T,2026-09-08,2846.5,-0.00870625108828138,-0.07007513884351524,-0.04783408596755312,0.046315015622128364,0.0939661798616449,3013.425,2910.9918904622396,-0.055393779503389085,-0.02215461014286746,-0.09144589849984042,0.224583241871614,2414400.0,2930600.0,0.823858595509452,8607212552.5,302,False,jpx_liquidity,JPX流動性
144,4392,ＦＩＧ,情報・通信業,プライム,4392.T,2026-09-08,985.0,-0.06011450381679384,-0.14048865619546247,0.07886089813800656,-0.2687453600593912,2.09748427672956,1107.7,1077.9333333333334,-0.11077006409677714,-0.08621436081390321,-0.616880591209646,1.348512017483816,1772600.0,7413815.0,0.239094177559057,8575223320.0,302,False,jpx_liquidity,JPX流動性
145,6645,オムロン,電気機器,プライム,6645.T,2026-09-08,5980.0,-0.049284578696343395,-0.08744086677857466,-0.13005528076811168,0.08925318761384338,0.33503983577112395,6520.7,6015.133333333333,-0.0829205453402242,-0.005840823700222764,-0.15093000141984947,0.3686026714146611,1036600.0,1367880.0,0.7578150130128374,8548494025.0,302,False,jpx_liquidity,JPX流動性
146,6988,日東電工,化学,プライム,6988.T,2026-09-08,3179.0,-0.05918910920390652,-0.1120111731843575,-0.10576652601969061,0.05790349417637275,-0.016965838214839435,3447.6,3332.1833333333334,-0.07790927021696248,-0.0459708599466816,-0.1120111731843575,0.310132548296649,3124800.0,2386060.0,1.3096066318533481,8354441440.0,302,False,jpx_liquidity,JPX流動性
147,9022,東海旅客鉄道,陸運業,プライム,9022.T,2026-09-08,3843.0,0.012648221343873445,-0.039970022483137635,-0.0007800312012480326,0.1420505200594353,-0.08587144881414199,3891.05,3736.8,-0.012348851852327813,0.028420038535645453,-0.12046907636482129,0.1633954343708108,2058300.0,2119570.0,0.9710931934307431,8289819665.0,302,False,jpx_liquidity,JPX流動性
148,7261,マツダ,輸送用機器,プライム,7261.T,2026-09-08,1098.5,-0.054647160068846845,-0.13639937106918243,-0.0698560541913632,-0.029164825452938525,-0.013416958913276766,1189.3,1152.9666666666667,-0.07634743126208687,-0.04724045216687389,-0.13639937106918243,0.40875872040182726,12911600.0,6602330.0,1.9556126397801987,8277681120.0,302,True,jpx_liquidity,JPX流動性
149,1925,大和ハウス工業,建設業,プライム,1925.T,2026-09-08,4639.0,0.0010789814415193,-0.022133220910623974,0.016655708963401183,0.07883720930232552,-0.0898256507118641,4668.8,4573.4,-0.006382796435914995,0.014343814230113328,-0.1025963922770563,0.12591382161661308,1097300.0,1797260.0,0.61054048941166,8216339610.0,302,False,jpx_liquidity,JPX流動性
150,8601,大和証券グループ本社,証券、商品先物取引業,プライム,8601.T,2026-09-08,1834.5,-0.01714438789177608,-0.013974737973662998,0.02571987699189271,0.16884358075820316,0.30604878073368647,1814.625,1762.2083333333333,0.010952676172762965,0.04102333719528062,-0.02368281000532202,0.20416368395310042,3497400.0,4481825.0,0.7803517540287718,8182811087.5,302,True,jpx_liquidity,JPX流動性
151,6532,ベイカレント,サービス業,プライム,6532.T,2026-09-08,7335.0,-0.009185465351884359,-0.09922632936264275,-0.007845259028811058,0.3228133453561768,0.7030415602507545,7665.099145507813,6851.149715169271,-0.04306521536662311,0.07062322456031378,-0.1046142578125,0.39655064216815644,613600.0,1081800.0,0.5672028101312627,8180600500.0,302,False,jpx_liquidity,JPX流動性
152,1801,大成建設,建設業,プライム,1801.T,2026-09-08,13145.0,0.02495126705653017,0.011542901115813686,0.04036406806489912,-0.017196261682242975,-0.23340844068080013,12751.25,13526.75,0.030879325556318005,-0.028221856691370784,-0.29194721249663347,0.31063843141692604,1090300.0,609195.0,1.7897389177521155,8026208950.0,302,True,jpx_liquidity,JPX流動性
153,4182,三菱瓦斯化学,化学,プライム,4182.T,2026-09-08,3735.0,-0.05034324942791757,-0.04132443531827512,-0.020969855832241202,-0.23822149704262696,-0.08118423317486978,3917.5,4445.266666666666,-0.04658583280153161,-0.1597804406184855,-0.34068843777581637,0.4445978252551885,1309200.0,2148660.0,0.6093099885510039,7668056480.0,302,False,jpx_liquidity,JPX流動性
154,5333,ＮＧＫ,ガラス・土石製品,プライム,5333.T,2026-09-08,5025.0,-0.05474040632054178,-0.0625,-0.11687170474516695,-0.17851888180480624,0.2518989938715803,5482.5,6241.8,-0.08344733242134061,-0.1949437662212824,-0.36011715268050426,0.4258749551909551,1020500.0,1401090.0,0.7283614899827991,7614810185.0,302,False,jpx_liquidity,JPX流動性
155,4005,住友化学,化学,プライム,4005.T,2026-09-08,568.0999755859375,-0.037771083851591114,-0.08385744564957409,0.09313057964606197,0.025636307178170448,0.1552495824395359,560.3549987792969,541.4549982706706,0.013821553878367476,0.04920995724550914,-0.0935057212057866,0.49162148038508646,12098500.0,13266055.0,0.9119892839280404,7579675788.198242,302,True,jpx_liquidity,JPX流動性
156,9735,セコム,サービス業,プライム,9735.T,2026-09-08,6303.0,0.0011118170266835037,-0.029710591133004893,-0.005835962145110396,-0.037562986715529045,0.058149973076021766,6427.4,6560.933333333333,-0.0193546379562497,-0.03931351230515989,-0.12116564417177911,0.15719552324022573,923100.0,1250615.0,0.7381168465115163,7555667005.0,302,False,jpx_liquidity,JPX流動性
157,3407,旭化成,化学,プライム,3407.T,2026-09-08,1570.5,-0.026046511627906943,-0.06988451288125552,-0.06573468173706132,-0.12188985183114343,-0.014644612475067542,1651.6,1748.95,-0.04910389924921288,-0.10203264816032476,-0.17385586533403474,0.28741482740914026,3851400.0,4638295.0,0.8303482206284852,7528189587.5,302,True,jpx_liquidity,JPX流動性
158,5838,楽天銀行,銀行業,プライム,5838.T,2026-09-08,6523.0,-0.012713788406235826,0.016677057356608405,0.1541047416843595,0.24011406844106453,0.06359041252241959,6281.7,5698.733333333334,0.03841316840982545,0.14464032942993166,-0.04002943340691689,0.345564854804413,821600.0,1209165.0,0.6794771598582493,7397669615.0,302,False,jpx_liquidity,JPX流動性
159,8697,日本取引所グループ,その他金融業,プライム,8697.T,2026-09-08,2203.5,-0.013431833445265329,-0.0058651026392961825,-0.025000000000000022,0.038651897242517164,0.2111449853725187,2232.625,2197.616666666667,-0.013045182240636,0.002677142662126375,-0.03945074106364432,0.25555801643245124,3095000.0,3251515.0,0.9518639772536802,7385695230.0,302,False,jpx_liquidity,JPX流動性
160,5201,ＡＧＣ,ガラス・土石製品,プライム,5201.T,2026-09-08,5452.0,-0.0384479717813051,-0.06883005977796752,-0.07168397752426359,-0.22369357824291614,-0.0648370497427101,5764.7,6291.056746419271,-0.05424393290197227,-0.13337294197780736,-0.33682033815837487,0.30072354739226537,1339700.0,1259325.0,1.0638238739007009,7265681565.0,302,False,jpx_liquidity,JPX流動性
161,8795,Ｔ＆Ｄホールディングス,保険業,プライム,8795.T,2026-09-08,4817.0,-0.0114918941104043,-0.02686868686868682,-0.00618939550237263,0.022283531409168056,0.3200286987892933,4857.8,4905.766666666666,-0.008398863683148794,-0.01809435154546002,-0.06935857805255019,0.2226375407540407,1203000.0,1520275.0,0.7913042048313628,7207282705.0,302,False,jpx_liquidity,JPX流動性
162,1802,大林組,建設業,プライム,1802.T,2026-09-08,3050.0,0.01060304837640813,-0.004893964110929905,0.01060304837640813,-0.011345218800648316,-0.2022726748826298,3007.025,3151.1583333333333,0.01429153399123706,-0.03210195192773024,-0.22372104861287856,0.23245034846143858,2626000.0,2459375.0,1.067750952986023,7167465195.0,302,False,jpx_liquidity,JPX流動性
163,9024,西武ホールディングス,陸運業,プライム,9024.T,2026-09-08,3600.0,0.01954120645709434,0.03776304410492948,0.11420612813370479,0.20240480961923857,-0.12899051716306187,3409.25,3375.7083333333335,0.055950722299626054,0.06644284532875822,-0.21052631578947367,0.33391752439268796,1027600.0,2092560.0,0.4910731352983905,7110895185.0,302,True,jpx_liquidity,JPX流動性
164,4507,塩野義製薬,医薬品,プライム,4507.T,2026-09-08,2897.5,-0.015460414542983303,-0.017796610169491522,0.01952850105559456,0.04395604395604402,-0.14075487735215908,2898.925,2862.116666666667,-0.0004915615271178231,0.012362645361533087,-0.20113041080783012,0.17933664545163047,2177900.0,2472250.0,0.8809384164222874,7055452087.5,302,False,jpx_liquidity,JPX流動性
165,1928,積水ハウス,建設業,プライム,1928.T,2026-09-08,3302.0,-0.011377245508982003,-0.04841498559077806,-0.03591240875912405,0.0039525691699604515,-0.06802145074795374,3419.95,3419.7892903645834,-0.034488808315910946,-0.03444343506673353,-0.1022294725394236,0.13215189653579185,2274500.0,2056990.0,1.1057418849872873,7029883840.0,302,False,jpx_liquidity,JPX流動性
166,4188,三菱ケミカルグループ,化学,プライム,4188.T,2026-09-08,1161.5,-0.05338223308883461,-0.08290564547966839,-0.057606490872210925,0.07496529384544193,0.2780582235287703,1194.55,1169.6333333333334,-0.02766732242266956,-0.006953746188264165,-0.0946999220576773,0.3774520716254847,4322200.0,5823250.0,0.7422315717168247,6987460730.0,302,True,jpx_liquidity,JPX流動性
167,6141,ＤＭＧ森精機,機械,プライム,6141.T,2026-09-08,2758.0,-0.058220932217858956,-0.074496644295302,-0.2493195427327164,-0.1869103773584906,0.0478723404255319,3057.025,3433.605183919271,-0.09781568681970221,-0.19676262928637156,-0.29408753519324293,0.47733472911069674,2170300.0,2206690.0,0.983509237817727,6972343142.5,302,False,jpx_liquidity,JPX流動性
168,5101,横浜ゴム,ゴム製品,プライム,5101.T,2026-09-08,6809.0,-0.04233473980309421,-0.08431952662721898,-0.0901924104756815,-0.03664402942840972,0.10986145069274644,7410.75,7536.27880859375,-0.08119960867658471,-0.09650370256530605,-0.1401692132845056,0.4124401650966141,999400.0,1311590.0,0.7619759223537843,6967270590.0,302,False,jpx_liquidity,JPX流動性
169,7186,横浜フィナンシャルグループ,銀行業,プライム,7186.T,2026-09-08,1891.5,-0.01816766156241889,-0.03297546012269936,0.029387755102040725,0.0997093023255815,0.32738877489298135,1913.65,1859.6083333333333,-0.011574739372403609,0.01714966861301437,-0.04590163934426228,0.257855506019294,3029400.0,3646155.0,0.8308478383392917,6864880347.5,302,False,jpx_liquidity,JPX流動性
170,6269,三井海洋開発,機械,プライム,6269.T,2026-09-08,9451.0,-0.027674897119341568,-0.03953252032520327,-0.02102755334576345,-0.018587746625129853,-0.30456217807211183,9850.2,9877.043245442708,-0.04052709589653014,-0.04313469475182119,-0.3922186495176849,0.4984442640457362,635600.0,722570.0,0.8796379589520739,6688803330.0,302,False,jpx_liquidity,JPX流動性
171,6324,ハーモニック・ドライブ・システムズ,機械,プライム,6324.T,2026-09-08,5700.0,-0.045226130653266305,0.01243339253996445,-0.10658307210031348,-0.1297709923664122,0.3588719370059674,5882.5,6788.0,-0.03102422439439012,-0.16028285209192694,-0.35883014623172105,0.5731163125498856,1110000.0,1186650.0,0.9354063961572494,6683383750.0,302,False,jpx_liquidity,JPX流動性
172,7966,リンテック,その他製品,プライム,7966.T,2026-09-08,5110.0,-0.06751824817518248,-0.07090909090909092,-0.15815485996705103,-0.1097560975609756,0.07377911810464233,5640.0,6237.666666666667,-0.09397163120567376,-0.18078341260086572,-0.30095759233926134,0.3799897096384451,4653400.0,1031705.0,4.510397836590886,6665855200.0,302,True,jpx_liquidity,JPX流動性
173,1803,清水建設,建設業,プライム,1803.T,2026-09-08,2456.0,0.016135705419942026,0.0008149959250203231,0.03432301537165716,-0.002031694433157205,-0.19746943554917806,2391.05,2461.9583333333335,0.02716379833127691,-0.002420160102899138,-0.29119769119769123,0.25969968765255896,3794000.0,2730285.0,1.3895985217660427,6580370555.0,302,True,jpx_liquidity,JPX流動性
174,4704,トレンドマイクロ,情報・通信業,プライム,4704.T,2026-09-08,5798.0,0.0045045045045044585,-0.04086021505376347,-0.16165413533834583,-0.01728813559322029,0.07749488942575722,5852.3,6093.733333333334,-0.009278403362780518,-0.048530731024221674,-0.1676715475165088,0.7476271914566751,722000.0,1134395.0,0.6364626078217904,6570695640.0,302,False,jpx_liquidity,JPX流動性
175,9147,ＮＩＰＰＯＮ　ＥＸＰＲＥＳＳホールディングス,陸運業,プライム,9147.T,2026-09-08,5399.0,-0.041711040113596054,-0.07961131946812139,-0.03156950672645742,0.06573233320173699,0.4743309666848716,5639.4,5393.951725260416,-0.04262864843777703,0.0009359139637721281,-0.07961131946812139,0.29850423660048514,1024600.0,1272395.0,0.8052530857163066,6567040815.0,302,False,jpx_liquidity,JPX流動性
176,7729,東京精密,精密機器,プライム,7729.T,2026-09-08,16685.0,-0.051988636363636376,-0.03888248847926268,-0.07792207792207795,-0.10560171535781293,0.1699243043888663,17812.75,18251.416666666668,-0.06331139212081238,-0.08582438806120074,-0.20243785850860418,0.3995556447746354,255600.0,370680.0,0.689543541599223,6523336300.0,302,False,jpx_liquidity,JPX流動性
177,4186,東京応化工業,化学,プライム,4186.T,2026-09-08,8104.0,-0.04422691355112629,-0.050497949619214944,-0.10204986149584483,-0.1818273599192327,-0.0009861932938856066,8764.15,9728.356510416666,-0.07532390477114148,-0.16697131819515265,-0.30258175559380374,0.4116866049984049,648600.0,742435.0,0.8736118313387704,6468481990.0,302,False,jpx_liquidity,JPX流動性
178,5831,しずおかフィナンシャルグループ,銀行業,プライム,5831.T,2026-09-08,3562.0,-0.024376883045740927,-0.033640803038524125,0.06391875746714448,0.16710353866317162,0.38485688657709516,3553.55,3321.866666666667,0.002377903786354496,0.07228867303524122,-0.034164859002169146,0.2701824098034257,1672500.0,1833715.0,0.9120828482070551,6461668760.0,302,False,jpx_liquidity,JPX流動性
179,6481,ＴＨＫ,機械,プライム,6481.T,2026-09-08,6050.0,-0.07037492317148131,-0.07956792940818502,-0.13780818013396035,-0.14487632508833925,0.21193910256410264,6818.45,7103.986238606771,-0.11270156707169521,-0.1483654673877124,-0.25273289495078444,0.4208673444327958,1024600.0,979915.0,1.045600893955088,6456716905.0,302,False,jpx_liquidity,JPX流動性
180,543A,ＡＲＣＨＩＯＮ,輸送用機器,プライム,543A.T,2026-09-08,271.0,-0.018115942028985477,-0.06228373702422141,-0.014545454545454528,-0.045774647887323994,-0.2887139107611548,276.95,286.01666666666665,-0.02148402238671232,-0.05250276790396824,-0.47784200385356457,0.32002009741269843,20543900.0,22918385.0,0.8963938776663365,6415054495.0,302,True,jpx_liquidity,JPX流動性
181,2768,双日,卸売業,プライム,2768.T,2026-09-08,5783.0,-0.011959678797198059,-0.005160846378806094,0.018133802816901357,0.1381617791773273,-0.06363438208015981,5659.0,5411.6,0.021911998586322756,0.06863034961933612,-0.12418597607148263,0.28129049808066003,905200.0,1134045.0,0.7982046567816974,6346443370.0,302,False,jpx_liquidity,JPX流動性
182,8331,千葉銀行,銀行業,プライム,8331.T,2026-09-08,2751.5,-0.02273130882614105,-0.03625218914185635,0.028982797307404606,0.13207159020777626,0.3698423874868746,2799.075,2681.2166666666667,-0.016996686405330252,0.026213224096026,-0.03827333100314578,0.2848559999259895,2036000.0,2257570.0,0.9018546490252793,6320451530.0,302,False,jpx_liquidity,JPX流動性
183,6590,芝浦メカトロニクス,電気機器,プライム,6590.T,2026-09-08,3910.0,-0.048661800486618056,-0.02977667493796521,-0.08751458576429405,-0.14348302300109528,-0.1339473021347949,4117.0,4694.666666666667,-0.05027932960893855,-0.16714001704061354,-0.34615384615384615,0.4705704296059756,916600.0,1547490.0,0.5923140052601309,6186032775.0,302,False,jpx_liquidity,JPX流動性
184,5019,出光興産,石油・石炭製品,プライム,5019.T,2026-09-08,1543.0,0.029352901934623032,0.04080944350758853,0.19196601004248737,0.17383035374667166,0.06777559900026464,1394.35,1307.2166666666667,0.10660881414279055,0.18037050731197324,-0.06992163954189268,0.2874387093658745,5964300.0,4271905.0,1.396168688208188,6131493332.5,302,True,jpx_liquidity,JPX流動性
185,9202,ＡＮＡホールディングス,空運業,プライム,9202.T,2026-09-08,2991.5,0.002681414446120245,-0.01498189002304906,-0.03655394524959743,0.05371609721733006,0.04142254841016535,3039.625,3048.55,-0.015832545133034448,-0.018713814764396264,-0.07125116423470967,0.15982490386670842,1686700.0,2027875.0,0.8317573814954078,6064099162.5,302,False,jpx_liquidity,JPX流動性
186,2801,キッコーマン,食料品,プライム,2801.T,2026-09-08,1739.0,0.007240081088908168,-0.04816639299397918,-0.01917653694303445,0.06752608962553719,0.3368280441440119,1802.1,1691.4666666666667,-0.035014705066311436,0.028101844553050537,-0.05745257452574526,0.2072974181705003,3239200.0,3315165.0,0.977085605090546,5985978412.5,302,False,jpx_liquidity,JPX流動性
187,6323,ローツェ,機械,プライム,6323.T,2026-09-08,3655.0,-0.04916753381893857,-0.07021114220300173,-0.09507303788066357,-0.12308061420345484,0.2779720279720279,4002.3,4310.316666666667,-0.08677510431501889,-0.15203445995847176,-0.280511811023622,0.41588573790744615,874000.0,1502150.0,0.5818327064540825,5950452720.0,302,False,jpx_liquidity,JPX流動性
188,9021,西日本旅客鉄道,陸運業,プライム,9021.T,2026-09-08,3012.0,0.0073578595317724815,-0.006268558231606769,0.04984315092366676,0.1685741998060135,-0.06392330350803266,2955.85,2884.725,0.018996227819408906,0.044120323427709884,-0.06430568499534017,0.14227747187081838,1483100.0,2062590.0,0.7190474112644781,5919893820.0,302,False,jpx_liquidity,JPX流動性
189,6728,アルバック,電気機器,プライム,6728.T,2026-09-08,7030.0,-0.04053500750648287,-0.04807041299932291,-0.23127392017495896,-0.20357992522940982,-0.2306850514335741,7743.9,8949.499641927083,-0.09218869045313083,-0.2144812245071792,-0.3789752650176679,0.6193741102187663,353300.0,761540.0,0.4639283557002915,5880431595.0,302,False,jpx_liquidity,JPX流動性
190,7202,いすゞ自動車,輸送用機器,プライム,7202.T,2026-09-08,2129.5,-0.04270622611822883,-0.08211206896551726,-0.07873675102747135,-0.0025761124121780332,-0.1290834671544836,2233.0,2274.9416666666666,-0.046350201522615264,-0.06393204221353654,-0.13802873912163527,0.31333633961134144,3139800.0,2560200.0,1.2263885633934848,5873115185.0,302,False,jpx_liquidity,JPX流動性
191,7550,ゼンショーホールディングス,小売業,プライム,7550.T,2026-09-08,11825.0,0.011115861479264577,0.020276100086281224,0.019836136265631632,0.49173710104705437,0.24223003517470043,11622.25,9848.65,0.01744498698616881,0.2006721733435548,-0.014583333333333282,0.25856573664013893,466700.0,553175.0,0.8436751480092195,5823522225.0,302,False,jpx_liquidity,JPX流動性
192,7747,朝日インテック,精密機器,プライム,7747.T,2026-09-08,3313.0,-0.03185271770894216,-0.12746905451672375,-0.1498588657942007,-0.08858321870701513,0.07251537714470713,3837.2,3683.0307088216146,-0.1366100281455227,-0.10046908051440218,-0.19665373423860333,0.38108890796559547,1492400.0,1475955.0,1.0111419386092395,5817657360.0,302,False,jpx_liquidity,JPX流動性
193,8050,セイコーグループ,精密機器,プライム,8050.T,2026-09-08,9280.0,-0.15482695810564662,-0.19653679653679657,-0.13027179006560452,0.3257142857142856,0.4837735301086632,10914.5,8889.5,-0.14975491318887724,0.0439282299341921,-0.21422523285351402,0.7987989128466971,951700.0,540290.0,1.7614614373762238,5806952850.0,302,False,jpx_liquidity,JPX流動性
194,5631,日本製鋼所,機械,プライム,5631.T,2026-09-08,7050.0,-0.04639523873934803,-0.047039740470397384,-0.07698350353495675,-0.06610147039342962,-0.29412517016939643,7605.7,7725.25,-0.07306362333513017,-0.08740817449273486,-0.3122772214788002,0.4652003499532366,637500.0,748015.0,0.8522556365848278,5764182295.0,302,False,jpx_liquidity,JPX流動性
195,5344,ＭＡＲＵＷＡ,ガラス・土石製品,プライム,5344.T,2026-09-08,56140.0,-0.03984949546776129,0.07403864549454764,-0.04458815520762427,-0.14628953771289532,-0.04537425472172041,55641.0,60180.5,0.008968206897791209,-0.06713968810495097,-0.2912511046585027,0.5593404435803897,120000.0,102010.0,1.176355259288305,5762615600.0,302,False,jpx_liquidity,JPX流動性
196,9531,東京瓦斯,電気・ガス業,プライム,9531.T,2026-09-08,6147.0,-0.0025961382443615566,-0.03485633537447008,0.039222316145393066,-0.024750118990956693,-0.1831596016893967,6115.5,6113.833333333333,0.005150846210448812,0.00542485620041977,-0.2013771599324412,0.19974117758617466,736200.0,950820.0,0.774279043352054,5749015475.0,302,False,jpx_liquidity,JPX流動性
197,5332,ＴＯＴＯ,ガラス・土石製品,プライム,5332.T,2026-09-08,5804.0,-0.0337939071083736,-0.06987179487179485,-0.11443393347574005,-0.24436922275745343,0.013795322138187904,6299.9,7298.166666666667,-0.07871553516722485,-0.20473178195437214,-0.3769189479334407,0.347450372346352,758200.0,918765.0,0.82523822740309,5740441420.0,302,False,jpx_liquidity,JPX流動性
198,6965,浜松ホトニクス,電気機器,プライム,6965.T,2026-09-08,2225.0,-0.05700360245814795,-0.05258675750479025,-0.07194994786235664,-0.10839511120016032,0.0860324660978311,2386.925,2467.116666666667,-0.06783832755532748,-0.09813750194221327,-0.25172355809651925,0.4240376708649166,2237000.0,2432990.0,0.9194447983756612,5688746587.5,302,False,jpx_liquidity,JPX流動性
199,3402,東レ,繊維製品,プライム,3402.T,2026-09-08,1212.5,-0.03693407466243048,-0.07899734143562476,-0.1172187841281398,0.058951965065502154,0.07890022736327684,1294.0,1213.2416666666666,-0.06298299845440491,-0.0006113099203922667,-0.1172187841281398,0.2940363278637291,3287800.0,4501595.0,0.7303633489907466,5676695070.0,302,True,jpx_liquidity,JPX流動性
200,3038,神戸物産,卸売業,プライム,3038.T,2026-09-08,3108.0,0.04120603015075375,0.10369318181818188,0.09225092250922518,0.14454060025777937,-0.17406324740898216,2850.075,2740.641666666667,0.09049761848372428,0.13404099404944692,-0.15290269828291092,0.27045931270700074,3815600.0,1777185.0,2.1469908872739754,5541269862.5,302,True,jpx_liquidity,JPX流動性
201,9201,日本航空,空運業,プライム,9201.T,2026-09-08,3000.0,0.001335113484646211,-0.008264462809917328,-0.017681728880157177,0.14242193450114238,0.18073204425861844,3010.775,2951.125,-0.0035788127641553924,0.01656148079122377,-0.036608863198458574,0.1641331274457198,1381500.0,1854435.0,0.7449708401750398,5509463030.0,302,False,jpx_liquidity,JPX流動性
202,6841,横河電機,電気機器,プライム,6841.T,2026-09-08,4518.0,-0.04884210526315791,-0.11411764705882355,-0.17146524848707134,-0.06806930693069302,-0.18422049593034395,5113.9,5424.283333333334,-0.11652554801619108,-0.1670789075054463,-0.2497509133178346,0.37699713818553454,919100.0,1105135.0,0.8316630999832599,5473873795.0,302,False,jpx_liquidity,JPX流動性
203,5105,ＴＯＹＯ　ＴＩＲＥ,ゴム製品,プライム,5105.T,2026-09-08,3528.0,-0.05212251477700158,-0.08053166536356526,-0.06666666666666665,-0.04622871046228716,-0.05920000000000003,3753.45,3879.074043782552,-0.06006474043879628,-0.0905045997627345,-0.17570093457943925,0.33907676897180083,2247800.0,1589825.0,1.413866306039973,5473100765.0,302,False,jpx_liquidity,JPX流動性
204,4506,住友ファーマ,医薬品,プライム,4506.T,2026-09-08,1615.0,-0.0021624961383998054,0.01572327044025168,0.2007434944237918,0.17497271735176434,-0.11989100817438691,1480.975,1417.0083333333334,0.09049781394014089,0.1397251251168834,-0.2764336917562724,0.4131931076352085,4013800.0,3546885.0,1.1316408623341325,5446313747.5,302,True,jpx_liquidity,JPX流動性
205,7762,シチズン時計,精密機器,プライム,7762.T,2026-09-08,2320.0,-0.12187736563209695,-0.1839606049947239,-0.09762738234150137,0.06470858191831108,0.4388459579395809,2655.9,2430.4333333333334,-0.12647313528370796,-0.04543771343930436,-0.1839606049947239,0.614953343541788,2679300.0,2040130.0,1.313298662340145,5431165970.0,302,False,jpx_liquidity,JPX流動性
206,5805,ＳＷＣＣ,非鉄金属,プライム,5805.T,2026-09-08,13610.0,-0.03406671398154715,-0.0522284122562674,-0.0036603221083455484,0.11648892534864652,-0.034131247330052794,14092.0,12918.333333333334,-0.03420380357649733,0.05354147851890079,-0.2848134524435102,0.5162936971261801,207400.0,430305.0,0.4819837092295,5421433600.0,302,False,jpx_liquidity,JPX流動性
207,5714,ＤＯＷＡホールディングス,非鉄金属,プライム,5714.T,2026-09-08,9001.0,-0.03722323243127612,-0.11754901960784314,-0.056894383906119006,-0.04009811240268746,-0.04969121488882644,9760.3,9058.333333333334,-0.07779473991578123,-0.006329346826127069,-0.22671821305841922,0.47735189830557034,370800.0,579075.0,0.6403315632690066,5401456220.0,302,False,jpx_liquidity,JPX流動性
208,1911,住友林業,建設業,プライム,1911.T,2026-09-08,1272.5,-0.009727626459143934,-0.050373134328358216,-0.04859813084112152,-0.04574428196475444,-0.1299145299145299,1327.0,1336.0727294921876,-0.04107008289374525,-0.047581788093489674,-0.14654594232059026,0.18880743286483745,5469900.0,4109830.0,1.330930963081198,5305228965.0,302,True,jpx_liquidity,JPX流動性
209,9602,東宝,情報・通信業,プライム,9602.T,2026-09-08,1602.0,0.019732654360280044,0.00881612090680095,0.06127856906260343,0.22103658536585358,-0.013850415512465353,1545.07939453125,1431.75146484375,0.036839922705731665,0.11890927953395147,-0.07237984944991316,0.19271788606644166,2179100.0,3402485.0,0.640443675725242,5301797625.0,302,True,jpx_liquidity,JPX流動性
210,3778,さくらインターネット,情報・通信業,プライム,3778.T,2026-09-08,3700.0,0.019283746556473913,-0.0237467018469657,0.11613876319758676,0.3821441912588719,0.3272714916180255,3696.75,3224.633333333333,0.0008791506052614473,0.14741727741655386,-0.13953488372093026,0.8237322112015008,1088900.0,1373810.0,0.7926132434616141,5299761150.0,302,True,jpx_liquidity,JPX流動性
211,6113,アマダ,機械,プライム,6113.T,2026-09-08,2397.0,-0.06458536585365848,-0.07056998836758432,-0.13309222423146472,-0.17529674866678135,0.04362955293877535,2603.875,2822.733333333333,-0.07944889827660695,-0.15082307928485383,-0.25093750000000004,0.41716189677594634,1956300.0,2051385.0,0.9536483887714885,5286978085.0,302,False,jpx_liquidity,JPX流動性
212,4523,エーザイ,医薬品,プライム,4523.T,2026-09-08,4652.0,0.004101014461472152,-0.02186711522287632,-0.06001212366134567,0.2306878306878306,-0.020864184094424143,4806.05,4500.683333333333,-0.03205334942416338,0.03362082054206583,-0.09897346503970561,0.21997243993684715,866300.0,1139400.0,0.7603124451465684,5283192585.0,302,False,jpx_liquidity,JPX流動性
213,8593,三菱ＨＣキャピタル,その他金融業,プライム,8593.T,2026-09-08,1390.5,0.0,-0.017314487632508868,0.003971119133574064,0.054207733131159896,-3.9854522215332366e-05,1397.575,1387.2833333333333,-0.005062340124859177,0.002318680394536088,-0.08399209486166004,0.14378627611619507,3060000.0,4170280.0,0.7337636801365855,5267107857.5,302,False,jpx_liquidity,JPX流動性
214,6869,シスメックス,電気機器,プライム,6869.T,2026-09-08,1845.0,-0.02509907529722588,-0.06202338586680223,-0.06818181818181823,0.31270010672358595,0.33263067292548176,1920.675,1667.8666666666666,-0.03940021086336831,0.10620353345591171,-0.06818181818181823,0.32345393590360194,2407400.0,3164870.0,0.7606631552006875,5162609155.0,302,False,jpx_liquidity,JPX流動性
215,8304,あおぞら銀行,銀行業,プライム,8304.T,2026-09-08,3381.0,-0.007339988256018781,-0.02480530718200169,0.03584558823529416,0.23191838221898342,0.37197434926806805,3376.25,3084.25,0.001406886338393143,0.09621463889114046,-0.02480530718200169,0.23030805008082536,1078600.0,1522290.0,0.7085377950324839,5094137660.0,302,False,jpx_liquidity,JPX流動性
216,7309,シマノ,輸送用機器,プライム,7309.T,2026-09-08,18450.0,-0.01757188498402551,-0.06959152798789714,-0.08933859822309975,0.10017889087656529,0.13329238329238335,19710.75,18638.116178385415,-0.06396255850234012,-0.010093089697743807,-0.12413956800379777,0.2702345323281372,296500.0,251495.0,1.1789498797192788,5041368275.0,302,False,jpx_liquidity,JPX流動性
217,268A,リガク・ホールディングス,精密機器,プライム,268A.T,2026-09-08,1607.0,-0.0580304806565064,0.018377693282636276,-0.17420349434737925,-0.36052526860326306,-0.1555438780872307,1760.8,2169.0381022135416,-0.08734666060881413,-0.2591185934631447,-0.5040123456790123,0.6832556177723358,2150900.0,2959045.0,0.7268899256347909,4984137075.0,302,False,jpx_liquidity,JPX流動性
218,6134,ＦＵＪＩ,機械,プライム,6134.T,2026-09-08,6690.0,-0.06967042136003343,-0.0483641536273115,-0.1700781540751768,-0.1278842393429801,0.2699668584283452,7387.25,7738.6,-0.09438559680530645,-0.13550254568009723,-0.2510076130765786,0.49237985299223,563000.0,681990.0,0.825525300957492,4916955260.0,302,False,jpx_liquidity,JPX流動性
219,4021,日産化学,化学,プライム,4021.T,2026-09-08,7822.0,-0.0165954236861956,-0.060420420420420395,-0.0019139977032027744,0.04029791195637711,0.25159568242642183,8042.5,7996.983333333334,-0.027416847995026417,-0.02188116769031656,-0.09540881230484566,0.333488138427264,387800.0,629575.0,0.6159710916094191,4892122190.0,302,False,jpx_liquidity,JPX流動性
220,9684,スクウェア・エニックス・ホールディングス,情報・通信業,プライム,9684.T,2026-09-08,2866.0,0.0,-0.09332489718443526,-0.0017415534656913811,0.1892116182572614,0.09454456182501425,2930.7,2683.608333333333,-0.02207663698092599,0.06796508432365633,-0.09332489718443526,0.4185602742237128,850500.0,1710995.0,0.4970791849187169,4889712125.0,302,False,jpx_liquidity,JPX流動性
221,6448,ブラザー工業,電気機器,プライム,6448.T,2026-09-08,4450.0,-0.056203605514316024,-0.11916072842438641,-0.026258205689277947,0.17974549310710497,0.5330276058849379,4718.25,4158.3,-0.05685370635299103,0.0701488589086885,-0.11916072842438641,0.34867000585526636,913700.0,1038425.0,0.8798902183595348,4884546775.0,302,False,jpx_liquidity,JPX流動性
222,9532,大阪瓦斯,電気・ガス業,プライム,9532.T,2026-09-08,5856.0,0.015608740894901052,-0.003912229971083536,0.08084163898117391,0.04292074799643819,-0.039974948116762166,5630.85,5497.566666666667,0.03998508218119823,0.06519854238541911,-0.10595419847328247,0.19561441286803796,902100.0,858140.0,1.0512270725056518,4878376800.0,302,False,jpx_liquidity,JPX流動性
223,1878,大東建託,不動産業,プライム,1878.T,2026-09-08,3290.0,0.010752688172043001,-0.022288261515601815,0.012307692307692353,0.07096354166666674,-0.06842891186905198,3293.35,3214.891666666667,-0.001017201329952755,0.02336263274812267,-0.13375460768825698,0.13760748404802423,958500.0,1507735.0,0.6357217946124485,4874268125.0,302,False,jpx_liquidity,JPX流動性
224,6856,堀場製作所,電気機器,プライム,6856.T,2026-09-08,21610.0,-0.059617058311575266,-0.07807167235494883,-0.13143086816720262,-0.15071723324818231,0.14763674986723307,23570.0,25817.341015625,-0.08315655494272378,-0.16296569863947885,-0.2517313019390581,0.3595733309457755,168200.0,215575.0,0.7802388959758785,4851248175.0,302,False,jpx_liquidity,JPX流動性
225,7826,フルヤ金属,その他製品,プライム,7826.T,2026-09-08,10430.0,-0.037822878228782275,0.06320081549439349,0.21845794392523366,0.1745495495495495,0.5115942028985507,9148.0,8098.169807942709,0.140139921294272,0.28794533176746007,-0.037822878228782275,0.654963478267592,911200.0,526590.0,1.730378472815663,4835534950.0,302,False,jpx_liquidity,JPX流動性
226,4203,住友ベークライト,化学,プライム,4203.T,2026-09-08,6900.0,-0.04166666666666663,-0.08366533864541836,-0.09317912997765798,0.06481481481481488,0.30832197097105074,7411.15,7261.166666666667,-0.06897040270403376,-0.04973948171781395,-0.12436548223350252,0.38590897418217857,596800.0,645765.0,0.9241752030537425,4811408915.0,302,False,jpx_liquidity,JPX流動性
227,6806,ヒロセ電機,電気機器,プライム,6806.T,2026-09-08,23735.0,-0.05041008201640329,-0.08465098341689159,-0.1202742772424018,-0.13439095550692925,0.11991357945163839,25748.0,27319.25,-0.07818082957899641,-0.13119869688955588,-0.24290271132376395,0.3108408333655606,168100.0,183200.0,0.9175764192139738,4758892225.0,302,False,jpx_liquidity,JPX流動性
228,7259,アイシン,輸送用機器,プライム,7259.T,2026-09-08,2171.0,-0.04989059080962799,-0.06301251618472159,-0.031236055332440893,-0.0448746150461945,-0.06207532600375765,2248.15,2272.55,-0.03431710517536646,-0.04468548546786655,-0.13797895572761565,0.31033832212999846,2116600.0,2094575.0,1.0105152596588807,4743890645.0,302,False,jpx_liquidity,JPX流動性
229,3086,Ｊ．フロント　リテイリング,小売業,プライム,3086.T,2026-09-08,2614.5,-0.029510022271714953,-0.10859188544152742,-0.12368024132730016,0.09187721862601794,0.08530510585305096,2907.1779907226564,2991.7426635742186,-0.10067425924956985,-0.12609462309954456,-0.2771633950787946,0.32255677484387485,1756100.0,1580865.0,1.1108475423265112,4728914347.5,302,False,jpx_liquidity,JPX流動性
230,8113,ユニ・チャーム,化学,プライム,8113.T,2026-09-08,966.5,0.0022814603700933578,-0.021464019383435562,-0.062105773896166894,0.05628415300546452,0.05340599455040862,985.1149993896485,971.3498911539714,-0.018896270385875602,-0.004992939411574637,-0.07996192289386006,0.16895236118928036,4013100.0,4892070.0,0.8203275913876947,4728354462.70813,302,True,jpx_liquidity,JPX流動性
231,2269,明治ホールディングス,食料品,プライム,2269.T,2026-09-08,4406.0,0.008007320979180887,-0.03036971830985913,0.05155131264916468,0.18218406224845718,0.1359593518999287,4374.9,3980.9,0.007108733913918197,0.10678489788741241,-0.03036971830985913,0.1682301524321815,747700.0,1113900.0,0.6712451746117246,4692632315.0,302,False,jpx_liquidity,JPX流動性
232,6370,栗田工業,機械,プライム,6370.T,2026-09-08,7499.0,-0.0511198279134506,-0.06332750437172119,-0.11952565457320652,-0.10545150900632227,-0.030528046346938953,8084.8,8700.4,-0.07245695626360582,-0.1380856052595283,-0.21583185192931087,0.3368429625233018,505500.0,588480.0,0.8589926590538336,4691985900.0,302,False,jpx_liquidity,JPX流動性
233,6724,セイコーエプソン,電気機器,プライム,6724.T,2026-09-08,2972.0,-0.05680736274198672,-0.10400964727163098,-0.08973966309341497,0.0748643761301988,0.5304615713815424,3140.05,2958.575,-0.05351825607872496,0.004537657487134972,-0.10400964727163098,0.3512697916169626,1389800.0,1488645.0,0.9336006905608792,4656368830.0,302,False,jpx_liquidity,JPX流動性
234,9706,日本空港ビルデング,不動産業,プライム,9706.T,2026-09-08,5599.0,-0.01685689201053553,-0.04535379369138959,-0.03482158248577827,0.19102318655605188,0.13000424733900773,5733.5,5431.916666666667,-0.023458620388942197,0.030759553871408052,-0.0665221740580193,0.22880889067496057,873800.0,776090.0,1.125900346609285,4618997205.0,302,False,jpx_liquidity,JPX流動性
235,2587,サントリービバレッジ＆フード,食料品,プライム,2587.T,2026-09-08,4434.0,-0.004937163375224429,-0.02054340622929096,-0.04419055830998064,0.03356643356643363,-0.033986928104575154,4547.65,4548.41865234375,-0.024990929381108806,-0.02515569939561113,-0.10424242424242425,0.14320767315969116,556400.0,1037860.0,0.5361031352976316,4618929475.0,302,False,jpx_liquidity,JPX流動性
236,4183,三井化学,化学,プライム,4183.T,2026-09-08,2124.5,-0.0477364410578216,-0.0842672413793103,-0.03912256897331523,0.03131067961165046,0.12140522050386449,2186.85,2161.275,-0.028511329080641024,-0.0170154191391656,-0.0842672413793103,0.41082645222986736,1336400.0,2131995.0,0.6268307383460092,4608646922.5,302,False,jpx_liquidity,JPX流動性
237,1944,きんでん,建設業,プライム,1944.T,2026-09-08,7123.0,-0.00849109131403114,-0.019950467804072614,0.06234153616703941,0.05058997050147496,-0.04434477736028186,6934.85,7376.0,0.027131084306077247,-0.03430043383947934,-0.16445747800586508,0.33735465979412904,529300.0,720265.0,0.7348684164855991,4606437795.0,302,False,jpx_liquidity,JPX流動性
238,6302,住友重機械工業,機械,プライム,6302.T,2026-09-08,5587.0,-0.06415410385259634,-0.03322374113168369,-0.05800033721126285,0.10853174603174609,0.0993703266430539,5792.65,5486.9277750651045,-0.03550188601072046,0.01823829819478684,-0.06852284094698236,0.5202261205413542,597400.0,814190.0,0.7337353688942384,4599719420.0,302,False,jpx_liquidity,JPX流動性
239,4082,第一稀元素化学工業,化学,プライム,4082.T,2026-09-08,2464.0,-0.050481695568400764,-0.09611151870873069,0.29343832020997374,0.3148345784418356,0.024444764523883666,2326.65,2067.95,0.05903337416457144,0.19151817016852446,-0.17866666666666664,1.177791339070063,774200.0,1633195.0,0.47404014829827423,4487420705.0,302,False,jpx_liquidity,JPX流動性
240,3697,ＳＨＩＦＴ,情報・通信業,プライム,3697.T,2026-09-08,856.2000122070312,0.0038691378807684806,-0.08759591865777816,-0.054758198558591875,0.326824776698625,0.31783899664480453,918.6587310791016,797.7395772298177,-0.0679890330968751,0.07328260581005619,-0.11410828670470385,0.5527961979748734,7032600.0,4717695.0,1.4906855996413502,4453964762.223816,302,True,jpx_liquidity,JPX流動性
241,9962,ミスミグループ本社,卸売業,プライム,9962.T,2026-09-08,3534.0,-0.050765511684125686,-0.06458443620963472,-0.044089802542602086,-0.0461538461538461,0.23754898809238822,3713.75,3789.1,-0.048401211713227865,-0.06732469451848722,-0.15595892046811555,0.37626373251483364,913600.0,1231465.0,0.7418806056201354,4437718130.0,302,False,jpx_liquidity,JPX流動性
242,4980,デクセリアルズ,化学,プライム,4980.T,2026-09-08,2779.5,-0.0708674577970918,-0.08749179251477346,-0.0931484502446982,-0.30841005225180396,0.2026879759851834,3006.825,3638.725,-0.07560300316779323,-0.23613353578519947,-0.4464250149372635,0.49494327792594905,1220200.0,1478085.0,0.8255276252718889,4419735607.5,302,False,jpx_liquidity,JPX流動性
243,8303,ＳＢＩ新生銀行,銀行業,プライム,8303.T,2026-09-08,1548.0,-0.021182421751501757,-0.020253164556962022,0.0022661055357720006,0.0602739726027397,-0.0655273678430166,1573.525,1490.8666666666666,-0.016221540808058377,0.03832222868130408,-0.15640326975476837,0.24732428207402476,2446800.0,2781570.0,0.8796471057712012,4415527417.5,187,False,jpx_liquidity,JPX流動性
244,8354,ふくおかフィナンシャルグループ,銀行業,プライム,8354.T,2026-09-08,7730.0,-0.017289600813628292,-0.026570960836166724,0.06444505645827592,0.12567351099461188,0.2868223015146034,7729.95,7418.35,6.468347143240294e-06,0.04201068970862787,-0.026570960836166724,0.2462892501762629,493500.0,617535.0,0.7991449877334887,4403174320.0,302,False,jpx_liquidity,JPX流動性
245,4324,電通グループ,サービス業,プライム,4324.T,2026-09-08,3607.0,-0.006336088154270003,-0.03193773483628559,-0.04425013248542664,0.1749185667752442,0.29981981981981987,3635.3,3435.266666666667,-0.0077847770472864175,0.049991267053503874,-0.06892101187403199,0.38519732493429143,886700.0,1236310.0,0.7172149380009868,4403117395.0,302,False,jpx_liquidity,JPX流動性
246,7912,大日本印刷,その他製品,プライム,7912.T,2026-09-08,3035.0,-0.019702842377260943,-0.020967741935483897,-0.05333749220212103,0.18001555209953346,0.021084442248262558,3163.1,3049.4,-0.0404982453921785,-0.004722240440742431,-0.08556794215125041,0.1726381948010953,1132000.0,1417185.0,0.7987665689377181,4352473960.0,302,False,jpx_liquidity,JPX流動性
247,9506,東北電力,電気・ガス業,プライム,9506.T,2026-09-08,1376.5,-0.0068542568542568905,-0.005778259299386024,0.13013136288998362,0.3501716527709662,0.21491837704582628,1317.725,1180.2166666666667,0.04460338841564071,0.16631127052942252,-0.0068542568542568905,0.26516280817860405,2924300.0,3223685.0,0.907129573764186,4343398525.0,302,False,jpx_liquidity,JPX流動性
248,1942,関電工,建設業,プライム,1942.T,2026-09-08,5636.0,-0.01777622865109796,-0.02777298602725553,0.06399848971115718,-0.023731162307292553,-0.06600936974214311,5528.65,5981.85,0.0194170367087807,-0.05781656176600891,-0.23277974407841007,0.3999614591857206,567000.0,825445.0,0.6869022163802555,4332694205.0,302,False,jpx_liquidity,JPX流動性
249,4631,ＤＩＣ,化学,プライム,4631.T,2026-09-08,4608.0,-0.055931161647203465,-0.12974504249291785,-0.14317590182223872,-0.043586550435865457,0.15488721804511285,5166.3,4883.538419596354,-0.10806573369723016,-0.05642188018644245,-0.18801762114537446,0.4578789479243555,809000.0,823940.0,0.9818676117192999,4318591190.0,302,False,jpx_liquidity,JPX流動性
250,5844,京都フィナンシャルグループ,銀行業,プライム,5844.T,2026-09-08,4820.0,-0.02409394614294391,-0.034261671007814076,0.032340972370957344,0.08023307933662038,0.11360588137546013,4913.25,4716.8,-0.01897929069353277,0.021879240162822278,-0.05323119230013751,0.2927898346922291,728900.0,871990.0,0.8359040814688242,4294094875.0,302,False,jpx_liquidity,JPX流動性
251,7167,めぶきフィナンシャルグループ,銀行業,プライム,7167.T,2026-09-08,1672.5,-0.01790957134468585,-0.02534965034965031,0.07903225806451619,0.19293865905848784,0.43433612102211017,1669.05,1546.075,0.0020670441268986206,0.08177158287922648,-0.02534965034965031,0.2657437467340069,1925500.0,2568195.0,0.7497483641234408,4268257237.5,302,False,jpx_liquidity,JPX流動性
252,8233,高島屋,小売業,プライム,8233.T,2026-09-08,2117.0,-0.029344337459880743,-0.08769661710838184,-0.08116319444444442,-0.005636449037106583,0.17220376522702097,2305.2421875,2329.3473958333334,-0.08165831274506818,-0.09116175466706855,-0.1863950807071484,0.3064125390075094,2290400.0,1772505.0,1.2921825326303733,4258279370.0,302,False,jpx_liquidity,JPX流動性
253,9412,スカパーＪＳＡＴ,情報・通信業,プライム,9412.T,2026-09-08,2010.0,-0.028046421663442955,-0.024271844660194164,-0.12722535822839776,-0.4232424677187948,-0.34563083862190913,2182.45,2425.5333333333333,-0.07901670141354888,-0.17131627408405026,-0.5601750547045952,0.337391283751954,987900.0,2019615.0,0.4891526355270683,4239572085.0,302,False,jpx_liquidity,JPX流動性
254,6586,マキタ,機械,プライム,6586.T,2026-09-08,5201.0,-0.022368421052631593,-0.030206973708745144,-0.043933823529411775,-0.05108556832694766,0.007008260349923301,5299.4,5550.0,-0.018568139789410076,-0.0628828828828829,-0.13733620832642224,0.2572493065294182,563800.0,787820.0,0.7156457058718997,4154606325.0,302,False,jpx_liquidity,JPX流動性
255,4768,大塚商会,情報・通信業,プライム,4768.T,2026-09-08,3512.0,-0.004252906152537594,-0.04435374149659865,0.02063353676256896,0.2318484742195721,0.19010504913588622,3533.6,3169.5130126953127,-0.006112746207833308,0.10805665915643003,-0.04435374149659865,0.2620030974233285,1001400.0,1176040.0,0.851501649603755,4145128025.0,302,False,jpx_liquidity,JPX流動性
256,3994,マネーフォワード,情報・通信業,プライム,3994.T,2026-09-08,6045.0,-0.028291271499758852,-0.03849212661046608,0.123397138078424,0.56282316442606,0.8796641791044777,6195.4,5282.6,-0.024276075798172814,0.1443228713133684,-0.0993742550655542,0.8659504942255632,425600.0,649890.0,0.6548800566249673,4139307760.0,302,False,jpx_liquidity,JPX流動性
257,3197,すかいらーくホールディングス,小売業,プライム,3197.T,2026-09-08,3420.0,0.031052155562255157,0.010041346721795685,0.05392912172573183,0.24228114783872146,0.01816016671628451,3319.65,3071.7576538085937,0.0302290904161584,0.11336908227757792,-0.023415191319246187,0.24354718744283546,1180400.0,1241055.0,0.9511262595130756,4073274560.0,302,True,jpx_liquidity,JPX流動性
258,6952,カシオ計算機,電気機器,プライム,6952.T,2026-09-08,2108.5,-0.09077188443294526,-0.16329365079365077,-0.0876244050194721,0.20485714285714285,0.5101871520669123,2374.225,2060.6583333333333,-0.11192073202834607,0.023216690458955247,-0.16329365079365077,0.5198146144306984,2360800.0,1708185.0,1.3820517098557825,4072508962.5,302,False,jpx_liquidity,JPX流動性
259,6407,ＣＫＤ,機械,プライム,6407.T,2026-09-08,5050.0,-0.08514492753623193,-0.05253283302063794,-0.16252072968490883,-0.23945783132530118,0.16218480945434832,5613.5,6462.166666666667,-0.1003830052551884,-0.21852835736208187,-0.38264058679706603,0.5229782276194476,407200.0,741295.0,0.5493089795560472,4065306650.0,302,False,jpx_liquidity,JPX流動性
260,5076,インフロニア・ホールディングス,建設業,プライム,5076.T,2026-09-08,2748.5,-0.005967450271247787,-0.05937713894592744,0.0440645773979107,0.07091369569452555,0.25111393684072025,2784.85,2742.9083333333333,-0.01305276765355401,0.0020385904256128295,-0.05937713894592744,0.3274933410336478,962100.0,1533900.0,0.6272247212986505,4058464597.5,302,False,jpx_liquidity,JPX流動性
261,6268,ナブテスコ,機械,プライム,6268.T,2026-09-08,4337.0,-0.06064544076239986,-0.054295682511993015,-0.11236185018419975,-0.09058502830782134,0.00533147890588781,4624.25,4932.337158203125,-0.06211818132670166,-0.12070082378959046,-0.25481099656357387,0.4358260184947979,1039500.0,859390.0,1.20957888735033,4053247995.0,302,False,jpx_liquidity,JPX流動性
262,7181,かんぽ生命保険,保険業,プライム,7181.T,2026-09-08,1728.5,0.0,0.003774680603948921,0.0630381303813039,0.12167423750811168,0.1429236525748665,1684.025,1652.9083333333333,0.02640994047000489,0.04573252196885291,-0.037315510999721524,0.22020699601468205,1651900.0,2617150.0,0.6311827751561814,4031044232.5,302,False,jpx_liquidity,JPX流動性
263,7752,リコー,電気機器,プライム,7752.T,2026-09-08,1567.0,-0.05259975816203144,-0.10226296190203377,-0.04451219512195126,0.0897079276773296,0.18013509228676972,1659.55,1560.25,-0.0557681299147359,0.00432622977087016,-0.10226296190203377,0.3042619987550162,1837200.0,2469660.0,0.7439080683170963,4030168802.5,302,False,jpx_liquidity,JPX流動性
264,9508,九州電力,電気・ガス業,プライム,9508.T,2026-09-08,2141.0,-0.01653651814423518,-0.023489167616875695,0.18779472954230236,0.3074809160305343,0.22588281687549827,1995.675,1818.9583333333333,0.07281997319202782,0.17704730271446567,-0.031221719457013575,0.40704574067024707,1299400.0,1948180.0,0.6669814904166966,3969276082.5,302,False,jpx_liquidity,JPX流動性
265,5110,住友ゴム工業,ゴム製品,プライム,5110.T,2026-09-08,1985.0,-0.04818988252217693,-0.13413304252998914,-0.17686087497408254,-0.06698002350176269,-0.06257378984651707,2256.175,2236.6549560546873,-0.12019236096490749,-0.11251398226331255,-0.2020100502512563,0.33922569113757983,4191000.0,1727465.0,2.42609835799857,3935121445.0,302,True,jpx_liquidity,JPX流動性
266,4612,日本ペイントホールディングス,化学,プライム,4612.T,2026-09-08,1115.0,-0.021929824561403466,-0.0712203248646397,-0.09971740008074281,0.10779930452061603,0.06190476190476191,1192.25,1142.58115234375,-0.06479345774795553,-0.024139337750472722,-0.12170145726664039,0.3142370617834399,2459900.0,3470015.0,0.7089018347182937,3909915957.5,302,False,jpx_liquidity,JPX流動性
267,7211,三菱自動車工業,輸送用機器,プライム,7211.T,2026-09-08,345.8999938964844,-0.05903158826640653,-0.1350337605005768,-0.013686963625519466,0.0712294841584089,-0.03477055167557386,363.9400039672852,352.18666788736977,-0.04956863734172634,-0.017850403107524504,-0.14844908049833672,0.43822510187596264,14425300.0,10201840.0,1.4139900253287643,3876671784.681549,302,True,jpx_liquidity,JPX流動性
268,3088,マツキヨココカラ＆カンパニー,小売業,プライム,3088.T,2026-09-08,2604.0,0.010673394139336212,-0.0005757052389177009,0.018580089966751423,0.11568123393316188,0.06840999598919928,2563.1,2484.758333333333,0.0159572392805587,0.04798924107307556,-0.03268945022288261,0.158366675499871,1108900.0,1527990.0,0.7257246447947958,3869539480.0,302,False,jpx_liquidity,JPX流動性
269,4151,協和キリン,医薬品,プライム,4151.T,2026-09-08,2363.0,-0.011297071129707126,-0.12058057312988468,-0.07785365853658532,-0.01562174546969386,0.0137280137280138,2548.575,2568.330114746094,-0.07281520065134428,-0.07994693266538788,-0.13617254615244012,0.43635654109563016,1329000.0,1507095.0,0.8818289490708947,3828543515.0,302,False,jpx_liquidity,JPX流動性
270,9005,東急,陸運業,プライム,9005.T,2026-09-08,1649.5,0.017581739666872265,-0.007819548872180504,0.0030404378230464157,-0.02483003251551874,-0.11037725886699357,1650.375,1688.45,-0.0005301825342725053,-0.023068494773312853,-0.14267151767151764,0.1097347703394834,3155200.0,2343530.0,1.3463450435880915,3790212285.0,302,False,jpx_liquidity,JPX流動性
271,9435,光通信,情報・通信業,プライム,9435.T,2026-09-08,39000.0,0.004895645452203112,-0.030092016911216102,-0.029367844698855117,0.0746762193441719,-0.07905115333992008,39448.0,37987.87981770833,-0.011356722774285122,0.026643239558209464,-0.09833470982389803,0.24438822599072849,64000.0,96390.0,0.6639692914202718,3755415100.0,302,False,jpx_liquidity,JPX流動性
272,6508,明電舎,電気機器,プライム,6508.T,2026-09-08,10410.0,-0.07053571428571426,-0.07548845470692722,-0.03521779425393878,0.1696629213483145,0.4031077987968499,11500.0,10243.333333333334,-0.09478260869565214,0.016270745200130055,-0.17772511848341233,0.5999850469138553,256700.0,310860.0,0.8257736601685647,3612128950.0,302,False,jpx_liquidity,JPX流動性
273,2875,東洋水産,食料品,プライム,2875.T,2026-09-08,10105.0,-0.00687960687960687,-0.04759660697455226,-0.045797922568460825,0.026305098517164227,-0.0657263303498633,10513.5,10471.016666666666,-0.03885480572597133,-0.03495521765635612,-0.11823734729493895,0.16142897760367048,480200.0,335445.0,1.4315312495342007,3609193625.0,302,False,jpx_liquidity,JPX流動性
274,2737,トーメンデバイス,卸売業,プライム,2737.T,2026-09-08,32000.0,-0.05604719764011801,-0.08571428571428574,0.0895471569628874,1.2084195997239475,1.7079843639687011,31914.0,23011.333333333332,0.002694742119446092,0.39061911521858805,-0.08571428571428574,0.6899241011357198,95100.0,115610.0,0.8225932012801661,3589986150.0,302,False,jpx_liquidity,JPX流動性
275,6674,ジーエス・ユアサ　コーポレーション,電気機器,プライム,6674.T,2026-09-08,4981.0,-0.026197458455523015,-0.057164489873178126,-0.08605504587155965,-0.19622397934484426,-0.030069026998667203,5302.4,5890.783333333334,-0.06061406155703075,-0.15444182579000532,-0.33736863110283355,0.38060620754179403,675200.0,690875.0,0.9773113804957482,3580799685.0,302,False,jpx_liquidity,JPX流動性
276,4204,積水化学工業,化学,プライム,4204.T,2026-09-08,2504.0,-0.0168826069886141,-0.06549729427131923,-0.06879880996653032,0.051438169221079244,-0.08536206035528282,2626.3,2616.2,-0.04656741423295141,-0.04288662946257926,-0.09242479159115624,0.19243028200551776,1169200.0,1336425.0,0.874871391959893,3551770782.5,302,False,jpx_liquidity,JPX流動性
277,4971,メック,化学,プライム,4971.T,2026-09-08,6110.0,-0.06717557251908401,-0.07283763277693478,-0.3195991091314031,-0.39743589743589747,-0.12962962962962965,6889.0,8635.887483723958,-0.11307882130933367,-0.29248730816427304,-0.47320304076247066,0.7033544243074434,257100.0,503005.0,0.5111281199988071,3535203050.0,302,False,jpx_liquidity,JPX流動性
278,3064,ＭｏｎｏｔａＲＯ,小売業,プライム,3064.T,2026-09-08,1963.0,0.03261441346659644,0.03207150368033651,0.0035787321063394106,0.08213891951488428,0.03615729743995777,1869.25,1884.3823303222657,0.05015380500200606,0.041720657433828245,-0.0569300984866683,0.30574272280777387,2177600.0,1864555.0,1.1678926070831914,3530079322.5,302,True,jpx_liquidity,JPX流動性
279,4528,小野薬品工業,医薬品,プライム,4528.T,2026-09-08,2424.5,0.0024808765763904006,-0.02454234560450619,0.0022736668044647246,0.09581920903954799,0.042383701670332785,2449.825,2403.3333333333335,-0.010337473084812143,0.008807212205270476,-0.06008916456677649,0.14901002320031465,1218900.0,1437435.0,0.8479687777186447,3507756030.0,302,False,jpx_liquidity,JPX流動性
280,3231,野村不動産ホールディングス,不動産業,プライム,3231.T,2026-09-08,915.7999877929688,-0.005213977753924737,-0.0342718553394048,0.007924292758634488,-0.024810976891391334,-0.11355746957010293,926.3850006103515,932.216665649414,-0.011426148750690923,-0.01761036726908205,-0.1437120263740358,0.143558731682438,3201600.0,3828390.0,0.8362784355825817,3486893760.8013916,302,False,jpx_liquidity,JPX流動性
281,5830,いよぎんホールディングス,銀行業,プライム,5830.T,2026-09-08,3818.0,-0.037802419354838745,-0.04645354645354649,0.028279019660651716,0.24162601626016267,0.3071597050656454,3930.35,3552.4333333333334,-0.02858524050020983,0.07475627034990096,-0.05471651398861099,0.31944619504448996,1015300.0,889890.0,1.140927530368922,3475967990.0,302,False,jpx_liquidity,JPX流動性
282,3769,ＧＭＯペイメントゲートウェイ,情報・通信業,プライム,3769.T,2026-09-08,8679.0,-0.00811428571428574,-0.06274298056155503,-0.1520273571079629,0.04717664092664098,0.13495488426834057,9340.35,9373.516666666666,-0.07080569785928792,-0.07409350101616075,-0.15450560155869464,0.5758228562467294,265600.0,370790.0,0.7163084225572427,3448683425.0,302,False,jpx_liquidity,JPX流動性
283,3003,ヒューリック,不動産業,プライム,3003.T,2026-09-08,1745.5,0.004315304948216303,-0.029469001946066165,0.0063418852695300565,0.011590843233845183,-0.06906666666666672,1769.05,1751.145448811849,-0.01331222972781998,-0.0032238605968907263,-0.09583009583009583,0.14267777296908352,1485900.0,1984105.0,0.748901897833028,3440612982.5,302,False,jpx_liquidity,JPX流動性
284,5406,神戸製鋼所,鉄鋼,プライム,5406.T,2026-09-08,2001.0,-0.030758052797287494,-0.030523255813953543,-0.003982080637132901,0.03330751355538353,0.006692597254289057,2021.675,1976.9916666666666,-0.010226668480344259,0.012143871791737482,-0.03659123736157921,0.22541551003575042,1469800.0,1705715.0,0.8616914314524994,3437024387.5,302,False,jpx_liquidity,JPX流動性
285,6754,アンリツ,電気機器,プライム,6754.T,2026-09-08,3085.0,-0.0510612119347893,-0.08700799052974251,-0.14257921067259594,-0.20530654301906237,0.07861203270553374,3393.6,3812.5,-0.09093587930221592,-0.1908196721311476,-0.35406197654941374,0.38876805535784353,888500.0,1032665.0,0.8603951910832651,3431865675.0,302,False,jpx_liquidity,JPX流動性
286,4527,ロート製薬,医薬品,プライム,4527.T,2026-09-08,2876.5,-0.009640213461869496,-0.05595667870036103,0.017149929278642118,0.23773666092943202,0.21362281657173354,2930.325,2587.675,-0.018368269731173115,0.11161563952196452,-0.07388924661944618,0.2640244126624981,691800.0,1290015.0,0.5362728340368135,3392018352.5,302,False,jpx_liquidity,JPX流動性
287,3289,東急不動産ホールディングス,不動産業,プライム,3289.T,2026-09-08,1295.0,0.0023219814241486336,-0.0446329767613427,-0.004611837048424272,-0.022272555681389195,-0.03104435024610608,1326.25,1319.7416666666666,-0.023562676720075393,-0.018747355858785397,-0.0851289297068174,0.17916297619217658,3006800.0,2522675.0,1.1919093819061115,3380657120.0,302,False,jpx_liquidity,JPX流動性
288,6278,ユニオンツール,機械,プライム,6278.T,2026-09-08,13000.0,-0.0714285714285714,-0.05865314989138304,-0.23076923076923073,-0.46982055464926586,-0.09784871616932689,14713.0,18310.776953125,-0.11642764901787539,-0.2900355876061632,-0.5081346954218691,0.5288949715524908,176200.0,232995.0,0.7562394042790618,3379644800.0,302,False,jpx_liquidity,JPX流動性
289,4680,ラウンドワン,サービス業,プライム,4680.T,2026-09-08,1198.0,-0.04006410256410253,-0.10362888140665916,-0.12234432234432235,0.18262586377097723,0.34851340517560914,1313.45,1234.8732879638671,-0.0878982831474362,-0.029859976989757397,-0.12298682284040996,0.44039083756804837,2851800.0,3116955.0,0.9149313993946014,3373211737.5,302,False,jpx_liquidity,JPX流動性
290,2282,日本ハム,食料品,プライム,2282.T,2026-09-08,6209.0,0.02188940092165903,-0.02573356347089284,0.018202689406362715,0.023405307400692354,-0.029960386843134734,6293.3,6189.616666666667,-0.01339519806778644,0.0031315886551939176,-0.1621913372014573,0.1809197533605074,616200.0,527525.0,1.1680962987536136,3368218395.0,302,True,jpx_liquidity,JPX流動性
291,2897,日清食品ホールディングス,食料品,プライム,2897.T,2026-09-08,2967.5,0.0124530876833846,-0.01770936775902021,-0.004194630872483174,0.10480268056589725,0.02818741668892799,2983.65,2893.1916666666666,-0.00541283327468034,0.02568386124896671,-0.05553787396562704,0.19198245765966498,940900.0,1137565.0,0.8271175713036178,3344817662.5,302,False,jpx_liquidity,JPX流動性
292,1963,日揮ホールディングス,建設業,プライム,1963.T,2026-09-08,2367.0,-0.010244616349571412,-0.0050441361916772065,0.03633975481611218,-0.06755958243056925,0.15780104271252138,2314.1,2384.241666666667,0.022859859124497728,-0.007231509669391789,-0.173244848061474,0.28351596262665296,963400.0,1481835.0,0.6501398603758178,3316679662.5,302,False,jpx_liquidity,JPX流動性
293,9042,阪急阪神ホールディングス,陸運業,プライム,9042.T,2026-09-08,4709.0,0.010081510081510148,0.005337318531170032,0.03585569731632199,0.015089458935115374,0.14860963194829702,4690.65,4599.533333333334,0.0039120377772803305,0.023799515892916512,-0.0786538837800822,0.11566090250360063,478200.0,723350.0,0.661090758277459,3308794435.0,302,False,jpx_liquidity,JPX流動性
294,6770,アルプスアルパイン,電気機器,プライム,6770.T,2026-09-08,2069.5,-0.08287170396631949,-0.11237400814926013,-0.036993950674732434,0.026283163897842687,-0.004902077025930818,2211.9,2150.8083333333334,-0.06437904064379041,-0.037803616469776924,-0.12550179590111976,0.39386915638811093,2834500.0,1405435.0,2.01681329979686,3290803287.5,302,False,jpx_liquidity,JPX流動性
295,4812,電通総研,情報・通信業,プライム,4812.T,2026-09-08,2853.0,0.0003506311360448322,0.0,0.058627087198515726,0.4123762376237623,0.478238341968912,2773.45,2567.596006266276,0.0286826876273234,0.11115611374888767,-0.01891334250343879,0.27758846140784926,1094200.0,1126925.0,0.9709608004081904,3289450865.0,302,False,jpx_liquidity,JPX流動性
296,8253,クレディセゾン,その他金融業,プライム,8253.T,2026-09-08,4574.0,-0.008669267446900775,-0.034817472040514885,-0.015920826161790025,0.0833728090952155,0.10350820007767814,4692.8,4585.316666666667,-0.025315376747357732,-0.002468022928260094,-0.05573905862923201,0.22065737956068787,680700.0,686810.0,0.991103798721626,3275628810.0,302,False,jpx_liquidity,JPX流動性
297,2267,ヤクルト本社,食料品,プライム,2267.T,2026-09-08,2828.5,0.007659422871392874,-0.014459930313588831,-0.019244105409154,0.06055493063367079,0.12040612431977271,2868.375,2814.2166666666667,-0.013901599337604043,0.005075420632147498,-0.08373825720764494,0.16497850567428418,804900.0,1138495.0,0.7069859771013487,3266322130.0,302,False,jpx_liquidity,JPX流動性
298,8377,ほくほくフィナンシャルグループ,銀行業,プライム,8377.T,2026-09-08,8076.0,-0.031073785242951457,-0.039257673090649536,0.03831319105168429,0.24150653343581863,0.42032587984147995,8247.55,7586.083333333333,-0.020800116398203006,0.0645809761295355,-0.06005586592178769,0.3514108401165624,384400.0,393495.0,0.9768866186355608,3250069410.0,302,False,jpx_liquidity,JPX流動性
299,5857,ＡＲＥホールディングス,非鉄金属,プライム,5857.T,2026-09-08,3675.0,-0.022606382978723416,-0.10146699266503667,0.01379310344827589,0.19902120717781413,-0.026488240386936757,3824.25,3336.8166666666666,-0.03902726024710723,0.10134909020074034,-0.11764705882352944,0.5112157846324125,514800.0,863185.0,0.5963959058602732,3233919000.0,302,False,jpx_liquidity,JPX流動性
300,5938,ＬＩＸＩＬ,金属製品,プライム,5938.T,2026-09-08,1744.5,-0.006266021076616335,-0.027591973244147194,-0.04042904290429039,0.013654851830331216,0.04769205899678197,1759.4,1794.1416666666667,-0.008468796180516103,-0.027668755254369515,-0.09658208182288974,0.15816570881357134,1741100.0,1827390.0,0.952779647475361,3213997387.5,302,False,jpx_liquidity,JPX流動性
301,8359,八十二長野銀行,銀行業,プライム,8359.T,2026-09-08,2727.0,-0.011598405219282348,-0.003289473684210509,0.07595186427303213,0.16414087513340458,0.43167394704156115,2673.3,2559.25,0.02008753226349458,0.06554654683989458,-0.011598405219282348,0.2867341256319753,1545100.0,1184370.0,1.3045754282867685,3207877730.0,302,False,jpx_liquidity,JPX流動性
302,9616,共立メンテナンス,サービス業,プライム,9616.T,2026-09-08,3184.0,-0.01698054955233097,-0.03806646525679758,-0.06215022091310751,0.21410867492850327,0.31272100899934596,3327.05,3169.608333333333,-0.042996047549631156,0.004540518938985771,-0.08558299827685234,0.30187356088598344,578500.0,1032000.0,0.560562015503876,3201397535.0,302,False,jpx_liquidity,JPX流動性
303,5214,日本電気硝子,ガラス・土石製品,プライム,5214.T,2026-09-08,4686.0,-0.029009531703273916,-0.03580246913580243,-0.05486083098023398,-0.2274975272007913,-0.24795377948964858,4850.45,5521.278727213542,-0.033904070756321514,-0.15128356463812997,-0.4282576866764275,0.34197295042431636,681600.0,647210.0,1.0531357673707142,3154375060.0,302,False,jpx_liquidity,JPX流動性
304,4088,エア・ウォーター,化学,プライム,4088.T,2026-09-08,3015.0,0.0,0.11542730299667037,0.18096357226792015,0.2351495288816059,0.4591887747729204,2630.0,2617.883333333333,0.14638783269961975,0.15169379842493624,0.0,0.35270106903263304,1755500.0,1087230.0,1.6146537531157161,3108042885.0,302,False,jpx_liquidity,JPX流動性
305,7701,島津製作所,精密機器,プライム,7701.T,2026-09-08,3766.0,-0.021055367819079795,-0.07149901380670609,-0.08791474933397914,0.015094339622641506,-0.015645743308729476,4059.05,4053.05,-0.0721966962712951,-0.07082320721432012,-0.11885821244735606,0.23116381195885852,1071200.0,783880.0,1.3665356942389142,3094940400.0,302,False,jpx_liquidity,JPX流動性
306,2181,パーソルホールディングス,サービス業,プライム,2181.T,2026-09-08,284.29998779296875,-0.035617369181758285,-0.0657246165044445,0.007441443993974284,0.16420962877090317,0.24386701381934706,292.6849960327148,267.77833124796547,-0.02864857561338352,0.06169900479999657,-0.0657246165044445,0.21601058876305243,8455600.0,11328075.0,0.7464286738920779,3093949962.9804993,302,True,jpx_liquidity,JPX流動性
307,4180,Ａｐｐｉｅｒ　Ｇｒｏｕｐ,情報・通信業,プライム,4180.T,2026-09-08,1473.0,0.01446280991735538,0.038054968287526414,0.5201238390092879,0.8366583541147132,0.953580901856764,1306.05,1020.9333333333333,0.1278281842195934,0.4427974402507511,-0.025793650793650813,0.894336678610668,1769400.0,2270255.0,0.7793838137125565,3091504645.0,302,False,jpx_liquidity,JPX流動性
308,3626,ＴＩＳＩ,情報・通信業,プライム,3626.T,2026-09-08,3861.0,-0.00771010023130303,-0.04288547347545857,0.025498007968127512,0.2515397082658022,0.1501893399020524,3866.75,3565.5666666666666,-0.0014870369173077824,0.08285732983069538,-0.04288547347545857,0.2620543472162603,533300.0,807390.0,0.6605234149543591,3068508625.0,302,False,jpx_liquidity,JPX流動性
309,3391,ツルハホールディングス,小売業,プライム,3391.T,2026-09-08,2341.0,0.01561822125813439,0.039059032401242755,-0.034041675263049354,0.12602212602212592,0.035153659075834565,2344.0886962890627,2283.4212320963543,-0.0013176533353675968,0.025216007933316797,-0.09544049459041726,0.1977943069043693,1141400.0,1297265.0,0.8798510712922957,3052411985.0,302,False,jpx_liquidity,JPX流動性
310,7649,スギホールディングス,小売業,プライム,7649.T,2026-09-08,1323.0,0.00992366412213741,0.004174573055028441,-0.5280057081698181,-0.5476923076923077,-0.6106533254855797,1556.8424743652345,2514.3058247884114,-0.15020304122970318,-0.47381102690189425,-0.6443548387096774,1.7975780855354717,1628800.0,2091070.0,0.7789313604996485,3031852590.0,302,False,jpx_liquidity,JPX流動性
311,4208,ＵＢＥ,化学,プライム,4208.T,2026-09-08,3392.0,-0.022478386167146924,-0.06298342541436464,-0.04558244231851438,0.105606258148631,0.3565759794940113,3557.35,3329.366666666667,-0.04648122900473661,0.018812386740220788,-0.07549741073862093,0.2432686271695652,745700.0,927700.0,0.8038158887571413,3004631120.0,302,False,jpx_liquidity,JPX流動性
312,7731,ニコン,精密機器,プライム,7731.T,2026-09-08,1816.0,-0.03120832221925851,-0.07157464212678932,-0.12121945318170824,-0.10165718525847145,-0.050117934956705246,1953.25,2074.55,-0.07026750287981565,-0.12462943770938284,-0.21942832581130456,0.2296761543656936,1524800.0,1564380.0,0.9746992418721794,2999229852.5,302,False,jpx_liquidity,JPX流動性
313,6368,オルガノ,機械,プライム,6368.T,2026-09-08,12415.0,-0.047198772064466654,-0.046100653092585486,-0.13754775963876342,-0.18106860158311344,-0.17414939816264718,13401.75,14876.916666666666,-0.0736284440464865,-0.16548567971633898,-0.34329542449087547,0.40601254410093707,168100.0,226400.0,0.7424911660777385,2997712900.0,302,False,jpx_liquidity,JPX流動性
314,3405,クラレ,化学,プライム,3405.T,2026-09-08,1761.0,-0.02787744962738059,-0.07559055118110236,-0.08281249999999996,0.027721038809454424,0.032844574780058755,1842.15,1788.5860514322917,-0.04405178731373671,-0.015423385086896335,-0.0990023023791251,0.25594376900817933,1299300.0,1747005.0,0.7437299836005049,2992571415.0,302,False,jpx_liquidity,JPX流動性
315,1515,日鉄鉱業,鉱業,プライム,1515.T,2026-09-08,3530.0,0.011461318051575908,-0.11194968553459117,0.06646525679758297,0.5150214592274678,0.2052193206454307,3589.5,2984.95,-0.01657612480846915,0.1825993735238447,-0.11417816813048931,0.8027805496282757,703000.0,817835.0,0.8595865914273662,2935567500.0,302,False,jpx_liquidity,JPX流動性
316,3288,オープンハウスグループ,不動産業,プライム,3288.T,2026-09-08,7596.0,-0.0038032786885245917,-0.05239520958083832,-0.05768515072571645,-0.10614262179336309,-0.2394178537382794,7971.1,8319.783333333333,-0.04705749520141511,-0.08699545460919444,-0.2720651653090561,0.20490720868418763,323000.0,383200.0,0.842901878914405,2926332280.0,302,False,jpx_liquidity,JPX流動性
317,8252,丸井グループ,小売業,プライム,8252.T,2026-09-08,2898.0,0.009756097560975618,-0.012774655084312747,-0.0199526547176192,0.017377567140600236,-0.040089743162598945,2948.5,2919.625,-0.01712735289130063,-0.007406773130110844,-0.07412140575079873,0.1362847498091611,967500.0,965230.0,1.002351771080468,2914604292.5,302,False,jpx_liquidity,JPX流動性
318,4368,扶桑化学工業,化学,プライム,4368.T,2026-09-08,2815.0,-0.04414261460101865,-0.045762711864406724,-0.1609538002980626,-0.2846251588310038,-0.04557400989056115,3103.6,3776.45,-0.09298878721484727,-0.2545909518198307,-0.424923391215526,0.45253944684403435,725200.0,1002250.0,0.7235719630830632,2912525300.0,302,False,jpx_liquidity,JPX流動性
319,6460,セガサミーホールディングス,機械,プライム,6460.T,2026-09-08,3132.0,0.0012787723785165905,-0.005714285714285672,0.11657754010695198,0.4298105455375485,0.17085768499390097,2950.525,2608.125,0.061506003168927625,0.20086268871315593,-0.015094339622641506,0.31925987715977183,604900.0,1014415.0,0.596304273891849,2903598382.5,302,False,jpx_liquidity,JPX流動性
320,7581,サイゼリヤ,小売業,プライム,7581.T,2026-09-08,7480.0,0.028885832187070193,0.06552706552706544,-0.02604166666666663,0.4007490636704121,0.12312312312312312,7270.7139892578125,6678.5713297526045,0.028784794870407415,0.1200000165719699,-0.09987966305655838,0.2463361325033026,684700.0,399635.0,1.7133133984761095,2903358350.0,302,True,jpx_liquidity,JPX流動性
321,8334,群馬銀行,銀行業,プライム,8334.T,2026-09-08,2859.0,-0.01072664359861597,-0.0013971358714635063,0.11180244993194632,0.21997013014721567,0.3804624094704221,2785.375,2572.725,0.026432706547592444,0.11127306649564184,-0.017525773195876337,0.2802851572417945,589000.0,1069015.0,0.5509744952128829,2894356487.5,302,False,jpx_liquidity,JPX流動性
322,2432,ディー・エヌ・エー,情報・通信業,プライム,2432.T,2026-09-08,2610.5,0.01853296917674596,0.0015346249760215258,0.06269082027274586,-0.02246770267740128,0.05675515944314968,2538.3,2505.858333333333,0.028444234330063267,0.04175881185089625,-0.05433798224959252,0.23341324284955925,1307700.0,1121795.0,1.1657210096318846,2886865940.0,302,False,jpx_liquidity,JPX流動性
323,3132,マクニカホールディングス,卸売業,プライム,3132.T,2026-09-08,3445.0,-0.05590572759660184,-0.08035237586759214,-0.040924276169265084,0.08675078864353303,0.5279411637314946,3560.0,3388.2166666666667,-0.032303370786516905,0.016759062043454565,-0.10426417056682269,0.5191469815624967,685300.0,809100.0,0.8469904832529972,2876051245.0,302,False,jpx_liquidity,JPX流動性
324,1893,五洋建設,建設業,プライム,1893.T,2026-09-08,1456.0,-0.006143344709897636,-0.028037383177570097,0.03962870403427354,-0.12709832134292565,-0.1836421140959119,1441.775,1568.5083333333334,0.009866310624057073,-0.07172950945962464,-0.3276379589009467,0.32743743591740826,1908700.0,2174705.0,0.8776822603525536,2852872327.5,302,False,jpx_liquidity,JPX流動性
325,3861,王子ホールディングス,パルプ・紙,プライム,3861.T,2026-09-08,870.2000122070312,-0.004233907888390398,-0.02400175411046046,-0.006167157982493898,0.10012643768271956,-0.021626676306734205,872.6450012207031,846.4966664632161,-0.002801814036924144,0.02800170004549596,-0.029336294247594763,0.13987942688442218,2564900.0,3327320.0,0.7708606325811764,2851426550.8154297,302,False,jpx_liquidity,JPX流動性
326,6592,マブチモーター,電気機器,プライム,6592.T,2026-09-08,1677.5,-0.04197601370645343,-0.06048725847101655,-0.0032679738562091387,0.10108303249097483,0.011151295961422614,1746.15,1659.2189208984375,-0.039315064570626834,0.011017882493567166,-0.06075027995520721,0.27625378005396223,1144400.0,1632500.0,0.701010719754977,2848714580.0,302,False,jpx_liquidity,JPX流動性
327,7220,武蔵精密工業,輸送用機器,プライム,7220.T,2026-09-08,2684.0,-0.10830564784053154,-0.13279483037156703,-0.21058823529411763,-0.4505629477993859,-0.06621069220585718,3239.55,3551.85,-0.17148986741985772,-0.2443374579444515,-0.724435318275154,0.614401928112665,1738600.0,832420.0,2.088609115590687,2835143240.0,302,False,jpx_liquidity,JPX流動性
328,6376,日機装,精密機器,プライム,6376.T,2026-09-08,3405.0,-0.05809128630705396,-0.0980132450331126,-0.13137755102040816,-0.054166666666666696,0.45512820512820507,3659.0,3819.7941284179688,-0.0694178737359934,-0.10859070265908877,-0.22348916761687576,0.903697145863628,449600.0,750855.0,0.5987840528464218,2831853650.0,302,False,jpx_liquidity,JPX流動性
329,2579,コカ・コーラ　ボトラーズジャパンホールディングス,食料品,プライム,2579.T,2026-09-08,3806.0,0.010353066100345032,-0.04683195592286504,-0.04611528822055133,0.037905644941369054,-0.06024691358024692,3883.3,4056.898547363281,-0.019905750263950805,-0.061844915379101306,-0.1709867131343934,0.24564910383633135,423500.0,716485.0,0.5910800644814616,2747911895.0,302,False,jpx_liquidity,JPX流動性
330,4443,Ｓａｎｓａｎ,情報・通信業,プライム,4443.T,2026-09-08,1995.0,-0.022058823529411797,-0.11569148936170215,0.022028688524590168,0.3902439024390243,0.7405746086752036,2132.5,1855.1333333333334,-0.06447831184056274,0.0753944011212131,-0.13822894168466526,0.6825564036376568,1767600.0,1231295.0,1.4355617459666448,2740141790.0,302,False,jpx_liquidity,JPX流動性
331,7951,ヤマハ,その他製品,プライム,7951.T,2026-09-08,1252.5,-0.04752851711026618,-0.07427937915742788,-0.10917496443812236,0.1360544217687074,0.1419259650353284,1323.35,1241.375,-0.053538368534401304,0.008961836673043955,-0.10917496443812236,0.23786239095633352,2700000.0,2111705.0,1.278587681518015,2732230297.5,302,False,jpx_liquidity,JPX流動性
332,3092,ＺＯＺＯ,小売業,プライム,3092.T,2026-09-08,1135.0,0.00754549489569456,-0.031156636790439562,-0.025751072961373356,0.04319852941176472,0.009015125264695056,1136.55,1145.2,-0.0013637763406800785,-0.00890674118057988,-0.07309105757452017,0.20368710035939436,1689800.0,2410615.0,0.700982944186442,2719330282.5,302,False,jpx_liquidity,JPX流動性
333,6951,日本電子,電気機器,プライム,6951.T,2026-09-08,6829.0,-0.03313039784793992,-0.03952180028129393,-0.18731405450434369,0.05777571251548941,0.15462600697953977,7337.45,7598.983333333334,-0.06929519110862759,-0.10132715121979041,-0.24139080204399022,0.6928420531906728,289600.0,354140.0,0.8177556898401762,2680450615.0,302,False,jpx_liquidity,JPX流動性
334,9831,ヤマダホールディングス,小売業,プライム,9831.T,2026-09-08,693.0,-0.009717044743619674,-0.03212290502793291,0.029411746039718745,0.02001762598944068,0.32941281021911917,703.2150054931641,687.3566670735677,-0.01452614835202548,0.008210195953229027,-0.09388073867543656,0.22614533978662227,2646800.0,3864310.0,0.6849346972680763,2649515677.810669,302,False,jpx_liquidity,JPX流動性
335,3349,コスモス薬品,小売業,プライム,3349.T,2026-09-08,6818.0,0.025571600481347767,0.05199814843388362,0.05199814843388362,0.12211981566820285,-0.0019657251075458904,6536.05,6391.0,0.04313767489538778,0.0668127053669223,-0.026556253569388955,0.28233998981617875,533100.0,387670.0,1.3751386488508268,2636439745.0,302,True,jpx_liquidity,JPX流動性
336,4042,東ソー,化学,プライム,4042.T,2026-09-08,2562.5,-0.029172191702974026,-0.05997798972853996,-0.06495165115854773,-0.10449065175607197,0.08622298555880192,2673.15,2767.05,-0.041393112994033254,-0.07392349252814379,-0.15873276428102434,0.22791162383494173,1053600.0,986460.0,1.0680615534334894,2621515515.0,302,False,jpx_liquidity,JPX流動性
337,429A,テクセンドフォトマスク,その他製品,プライム,429A.T,2026-09-08,3755.0,-0.05534591194968552,0.008053691275167862,-0.0026560424966799445,0.020380434782608647,0.2584927197077247,3747.5,4026.9166666666665,0.002001334222815121,-0.06752478116011007,-0.27649325626204235,0.548656158907066,593700.0,746290.0,0.795535247691916,2621409625.0,219,False,jpx_liquidity,JPX流動性
338,2871,ニチレイ,食料品,プライム,2871.T,2026-09-08,2150.0,0.022835394862036118,-0.0034762456546929554,-0.01240238860817644,0.009152781037315094,0.11240530742032595,2153.925,2149.108333333333,-0.0018222547210325901,0.00041490075341332755,-0.086661002548853,0.16048011258872208,1235000.0,1305780.0,0.9457948505873884,2607924507.5,302,True,jpx_liquidity,JPX流動性
339,3498,霞ヶ関キャピタル,不動産業,プライム,3498.T,2026-09-08,7380.0,0.0,-0.01072386058981234,-0.06463878326996197,0.2768166089965398,0.10479041916167664,7635.886206054687,7186.128735351563,-0.03351100306494725,0.026978540433697518,-0.09001233045622692,0.4252802531968932,149000.0,336785.0,0.4424187538043559,2581096950.0,302,False,jpx_liquidity,JPX流動性
340,6027,弁護士ドットコム,サービス業,プライム,6027.T,2026-09-08,4955.0,-0.01491053677932408,-0.059772296015180304,1.042456718878813,1.3528015194681862,0.7920433996383363,4498.5,3023.4,0.10147827053462266,0.6388833763312827,-0.07555970149253732,1.382064817256254,236700.0,575185.0,0.4115197718994758,2571927025.0,302,False,jpx_liquidity,JPX流動性
341,4912,ライオン,化学,プライム,4912.T,2026-09-08,1808.5,0.004722222222222294,-0.04940867279894878,-0.04690382081686428,0.08196230930302129,0.06070381231671562,1872.475,1756.6265563964844,-0.03416601022710575,0.02953014880403937,-0.05289342759884785,0.20303940127937062,766800.0,1467320.0,0.5225853937791347,2568982415.0,302,False,jpx_liquidity,JPX流動性
342,9142,九州旅客鉄道,陸運業,プライム,9142.T,2026-09-08,3544.0,0.00028224668360143923,-0.024229074889867808,0.0269487105186903,0.0045351473922903285,-0.045077865475413814,3534.45,3541.366666666667,0.00270197626221913,0.0007435923984149273,-0.07006035161374968,0.12587020314747038,715600.0,722870.0,0.9899428666288544,2566724010.0,302,False,jpx_liquidity,JPX流動性
343,4461,第一工業製薬,化学,プライム,4461.T,2026-09-08,12130.0,-0.11524434719183074,-0.12670986321094313,-0.15293296089385477,0.13152985074626855,0.3053341632632429,13814.5,12418.166666666666,-0.12193709508125516,-0.023205250372438146,-0.21792392005157968,0.6838744284208738,253100.0,187080.0,1.3528971562967715,2560929900.0,302,False,jpx_liquidity,JPX流動性
344,4091,日本酸素ホールディングス,化学,プライム,4091.T,2026-09-08,5367.0,-0.02258240757603347,-0.05842105263157893,-0.1204523107177975,-0.006662965019433642,-0.06491393155921099,5728.95,5852.266666666666,-0.06317911659204567,-0.0829194386220723,-0.16166822867853792,0.25813974849556715,533600.0,441465.0,1.208702841674878,2530134500.0,302,False,jpx_liquidity,JPX流動性
345,5301,東海カーボン,ガラス・土石製品,プライム,5301.T,2026-09-08,1812.0,-0.03385763796320984,-0.04981646565285791,-0.0019278435692646756,-0.0027517886626307053,0.8880900041179809,1767.625,1707.3123168945312,0.02510430662612273,0.06131724235193681,-0.04981646565285791,0.4914671209300734,1163700.0,1436755.0,0.8099502002777091,2517491975.0,302,False,jpx_liquidity,JPX流動性
346,5741,ＵＡＣＪ,非鉄金属,プライム,5741.T,2026-09-08,2211.0,-0.02770448548812665,-0.06511627906976747,-0.05066552168312577,-0.23600552868002767,-0.11924661146617854,2337.1,2449.35,-0.05395575713491074,-0.09731153163084083,-0.3815384615384615,0.43533881324518103,854100.0,1072965.0,0.796018509457438,2492817400.0,302,False,jpx_liquidity,JPX流動性
347,6996,ニチコン,電気機器,プライム,6996.T,2026-09-08,2474.0,-0.07824143070044709,-0.09344082081348482,-0.13587146349982537,-0.36482670089858793,0.32040091908780255,2732.15,3310.133333333333,-0.0944860274875099,-0.2525980826552807,-0.4813417190775682,0.5215973318488597,808200.0,920200.0,0.8782873288415561,2468349525.0,302,False,jpx_liquidity,JPX流動性
348,9509,北海道電力,電気・ガス業,プライム,9509.T,2026-09-08,1131.0,-0.008329679964927617,-0.03415883859948765,0.0932817786370228,0.2180936995153473,0.08619918936754467,1089.475,1014.6699981689453,0.0381146882672847,0.11464811420558574,-0.03415883859948765,0.33315828700483097,1394400.0,2244770.0,0.6211772252836594,2465191125.0,302,False,jpx_liquidity,JPX流動性
349,5471,大同特殊鋼,鉄鋼,プライム,5471.T,2026-09-08,2333.0,-0.04110152075626794,0.008428787551329142,0.006254043562648359,0.016557734204793118,0.1824433548836708,2321.7,2447.266666666667,0.004867123228668779,-0.04669154703206302,-0.21129141311697097,0.49541322633188867,955000.0,1040305.0,0.9180000096125656,2457678980.0,302,False,jpx_liquidity,JPX流動性
350,4061,デンカ,化学,プライム,4061.T,2026-09-08,3219.0,-0.019195612431444187,-0.046222222222222276,-0.058771929824561364,-0.2010424422933731,0.015370064172657516,3391.45,3762.0,-0.05084845714959674,-0.14433811802232854,-0.28987425545996026,0.36293290949646334,962400.0,740850.0,1.2990483903624215,2456804310.0,302,False,jpx_liquidity,JPX流動性
351,4043,トクヤマ,化学,プライム,4043.T,2026-09-08,3921.0,-0.04155463211928623,-0.05106485963213936,-0.008095117632178073,-0.16574468085106386,0.033589168986872586,4054.7,4434.883333333333,-0.032974079463338746,-0.11587302183822945,-0.30256136606189965,0.40168738340803395,492700.0,624820.0,0.7885471015652508,2456668565.0,302,False,jpx_liquidity,JPX流動性
352,6941,山一電機,電気機器,プライム,6941.T,2026-09-08,7210.0,-0.06727037516170764,-0.08386277001270648,-0.12073170731707317,-0.20942982456140347,-0.1794898239174475,7988.0,8829.833333333334,-0.09739609414121186,-0.18345004624473848,-0.35854092526690395,0.5958437942581033,223800.0,317050.0,0.7058823529411765,2455543050.0,302,False,jpx_liquidity,JPX流動性
353,2501,サッポロビール,食料品,プライム,2501.T,2026-09-08,1876.0,0.013506212857914646,0.007789417136717658,-0.0379487179487179,0.12100388407529139,0.16377171215880892,1920.05,1942.1507588704428,-0.022942110882529065,-0.034060568453973206,-0.1326860841423948,0.27514933481480336,950800.0,1269925.0,0.7487056322223753,2438774365.0,302,False,jpx_liquidity,JPX流動性
354,6473,ジェイテクト,機械,プライム,6473.T,2026-09-08,2010.5,-0.0867590279354985,-0.08028362305580972,-0.0520980669495521,0.009540547326136073,0.16969494499101168,2114.025,2093.491666666667,-0.048970565627180385,-0.039642702184150114,-0.09273465703971118,0.45935603906908723,1988700.0,1076855.0,1.846766742040479,2401211462.5,302,False,jpx_liquidity,JPX流動性
355,1969,高砂熱学工業,建設業,プライム,1969.T,2026-09-08,4390.0,-0.013261407057765795,-0.002499431947284747,0.09859859859859865,-0.04211215361117171,-0.06083710839965362,4302.2,4550.55,0.020408163265306145,-0.035281449495116024,-0.15349016583108366,0.30189167962800656,548600.0,581490.0,0.9434384082271406,2397504950.0,302,False,jpx_liquidity,JPX流動性
356,8227,しまむら,小売業,プライム,8227.T,2026-09-08,3296.0,0.011663597298956496,0.0024330900243310083,-0.042376648613067225,-0.01875558201845784,-0.0636363636363636,3309.405908203125,3333.7637166341146,-0.004050850386740246,-0.01132765242050271,-0.07700924110893304,0.16717032235820423,729600.0,713370.0,1.022751166996089,2391867865.0,302,False,jpx_liquidity,JPX流動性
357,4114,日本触媒,化学,プライム,4114.T,2026-09-08,2491.5,-0.030733320365687655,-0.08853118712273644,-0.03914384882375632,0.20130183220829312,0.08340255094501159,2639.375,2301.5833333333335,-0.05602652143026288,0.08251565950975781,-0.08853118712273644,0.2587430530964384,939900.0,980000.0,0.9590816326530612,2384938992.5,302,False,jpx_liquidity,JPX流動性
358,2492,インフォマート,サービス業,プライム,2492.T,2026-09-08,703.0,0.004285714285714226,0.10534591194968557,0.2508896797153024,0.9313186813186813,0.7619047619047619,626.6,523.5883565266927,0.12192786466645389,0.3426578174187509,0.0,0.7424831287347965,3412300.0,3747895.0,0.910457736943004,2369665170.0,302,True,jpx_liquidity,JPX流動性
359,6135,牧野フライス製作所,機械,プライム,6135.T,2026-09-08,14850.0,-0.04807692307692313,-0.06486146095717882,0.024844720496894457,0.0622317596566524,0.31877292300679594,15362.5,14922.5,-0.03336045565500412,-0.0048584352487853755,-0.09616555082166767,0.48253321444266184,145400.0,152115.0,0.9558557670183743,2364878800.0,302,False,jpx_liquidity,JPX流動性
360,1808,長谷工コーポレーション,建設業,プライム,1808.T,2026-09-08,2800.0,-0.014778325123152691,-0.055011812352345646,0.027711506698476773,0.04050538833147521,-0.06113202159671405,2846.425,2800.05,-0.016309932634796298,-1.7856823985362702e-05,-0.07365428957075171,0.18990900673872746,1043900.0,814940.0,1.280953199008516,2360209410.0,302,False,jpx_liquidity,JPX流動性
361,8341,七十七銀行,銀行業,プライム,8341.T,2026-09-08,3885.0,-0.028021015761821366,-0.03165503489531407,0.07737104825291174,0.1891643709825528,0.30360775766941583,3872.8,3603.1666666666665,0.0031501755835570133,0.07821823396086791,-0.036219300421731604,0.3070343324107646,440500.0,617425.0,0.713446977365672,2358032570.0,302,False,jpx_liquidity,JPX流動性
362,5021,コスモエネルギーホールディングス,石油・石炭製品,プライム,5021.T,2026-09-08,4435.0,0.007954545454545547,0.01883758327590157,0.10158966716343776,0.2419490338840662,0.014304642713365068,4245.8,3979.75,0.04456168448819997,0.11439160751303468,-0.035025847901363316,0.23564313313115284,471600.0,565255.0,0.8343137168180733,2354106905.0,302,False,jpx_liquidity,JPX流動性
363,6997,日本ケミコン,電気機器,プライム,6997.T,2026-09-08,2628.0,-0.08495821727019504,-0.1049046321525886,-0.09379310344827585,-0.3705389221556886,0.7473131963743085,2837.5,3728.15,-0.07383259911894269,-0.29509274036720623,-0.5605351170568562,0.6412802653220138,901100.0,902415.0,0.9985427990447854,2350609955.0,302,False,jpx_liquidity,JPX流動性
364,8804,東京建物,不動産業,プライム,8804.T,2026-09-08,3344.0,0.0017974835230676334,-0.03686635944700456,0.0011976047904191933,0.010577213659715978,-0.11884057971014494,3391.8,3367.0991414388022,-0.014092812076183736,-0.0068602498674665835,-0.15169964485032983,0.14926423587382273,572900.0,723435.0,0.7919163435553989,2347800145.0,302,False,jpx_liquidity,JPX流動性
365,9143,ＳＧホールディングス,陸運業,プライム,9143.T,2026-09-08,1469.5,0.002045687009887498,-0.03226868620349033,-0.08556316116988172,-0.016728002676480447,0.011520932678701135,1544.1,1552.7083333333333,-0.048312933100187805,-0.05358915872802894,-0.11475903614457827,0.18406067928615527,1868800.0,1540185.0,1.2133607326392608,2341708725.0,302,False,jpx_liquidity,JPX流動性
366,4902,コニカミノルタ,電気機器,プライム,4902.T,2026-09-08,587.7999877929688,-0.05391920273329054,-0.15545978765378055,-0.10218424189200592,0.017483080097838055,0.17240498594863163,654.5200012207031,619.930000813802,-0.10193731788684701,-0.05182845317802853,-0.15545978765378055,0.4727744882413,5414500.0,3511580.0,1.541898518615552,2340792124.9591064,302,True,jpx_liquidity,JPX流動性
367,6622,ダイヘン,電気機器,プライム,6622.T,2026-09-08,12110.0,-0.06774441878367976,-0.03429027113237637,-0.09962825278810405,-0.19104876419505679,-0.006778944512004004,13073.0,14879.166666666666,-0.07366327545322415,-0.1861103332399887,-0.37737789203084837,0.4956109315774973,165400.0,185515.0,0.8915721100719618,2337158150.0,302,False,jpx_liquidity,JPX流動性
368,8358,スルガ銀行,銀行業,プライム,8358.T,2026-09-08,2908.0,-0.01922428330522763,-0.029048414023372326,0.055535390199636936,0.23534409515717924,0.5559009726301272,2915.35,2686.1833333333334,-0.002521138113777077,0.0825768903835058,-0.029048414023372326,0.24092257700341735,440700.0,839285.0,0.5250898085870711,2326139630.0,302,False,jpx_liquidity,JPX流動性
369,4403,日油,化学,プライム,4403.T,2026-09-08,2590.0,-0.012392755004766443,-0.058695257132473144,-0.04621616645185045,-0.03520208604954367,-0.09527768216757293,2728.7,2733.0916666666667,-0.05083006559900316,-0.052355238725375175,-0.21940928270042193,0.18658194116650148,1756400.0,824790.0,2.1295117545072078,2312985480.0,302,False,jpx_liquidity,JPX流動性
370,7282,豊田合成,輸送用機器,プライム,7282.T,2026-09-08,5053.0,-0.07791970802919712,-0.0946067013080093,-0.025270061728395077,0.1039982521302163,0.18496167111576467,5328.6,5176.633333333333,-0.05172090230079207,-0.023882961255384805,-0.0946067013080093,0.42521565373397885,975300.0,403645.0,2.416232085124305,2301752920.0,302,False,jpx_liquidity,JPX流動性
371,2212,山崎製パン,食料品,プライム,2212.T,2026-09-08,3889.0,0.03734329154441185,0.02207621550591332,0.10045274476513866,0.24249201277955268,0.22642699463891525,3657.9,3412.5,0.0631783263621204,0.13963369963369954,0.0,0.2331099842365452,879000.0,599045.0,1.4673355090185212,2287570015.0,302,True,jpx_liquidity,JPX流動性
372,9861,吉野家ホールディングス,小売業,プライム,9861.T,2026-09-08,3824.0,0.005521956350249768,-0.013415892672858587,0.019189765458422103,0.21744667303406562,0.21396825396825392,3805.426477050781,3553.7754923502603,0.004880799316772766,0.07603871100788906,-0.05346534653465351,0.14143611166849654,242400.0,621810.0,0.38982969074154483,2286896750.0,302,False,jpx_liquidity,JPX流動性
373,1662,石油資源開発,鉱業,プライム,1662.T,2026-09-08,1895.0,0.009052183173589023,-0.04292929292929293,0.07915717539863332,0.14294330518697218,-0.2505597928040061,1868.2,1741.65,0.014345359169253724,0.08804868946114319,-0.2965850037119525,0.30158740723936334,1722900.0,1193110.0,1.4440412032419476,2281502010.0,302,False,jpx_liquidity,JPX流動性
374,4536,参天製薬,医薬品,プライム,4536.T,2026-09-08,1766.5,-0.015603232098077457,-0.07343299239444012,-0.09083890890375712,-0.08162204315050692,0.08804620943492258,1881.125,1977.575,-0.06093428134759782,-0.10673425786632618,-0.20997316636851515,0.2657228630244957,1156700.0,1199405.0,0.9643948457776981,2262774680.0,302,False,jpx_liquidity,JPX流動性
375,4205,日本ゼオン,化学,プライム,4205.T,2026-09-08,2354.0,-0.03800572129137725,-0.10084033613445376,-0.037218813905930515,0.039752650176678506,0.28935116791647153,2441.85,2354.3333333333335,-0.03597682085304177,-0.0001415828967861188,-0.10084033613445376,0.3474578249282517,1016100.0,912525.0,1.1135037396235719,2253519422.5,302,False,jpx_liquidity,JPX流動性
376,3923,ラクス,情報・通信業,プライム,3923.T,2026-09-08,1046.5,0.0028749401054144474,-0.08241999123191579,-0.03548387096774197,0.17849099099099108,0.34611945579763037,1111.175,1031.5633341471355,-0.05820415326118744,0.014479640133015836,-0.11049723756906082,0.5609856452487171,1877500.0,2012735.0,0.9328103302223094,2245162695.0,302,False,jpx_liquidity,JPX流動性
377,9064,ヤマトホールディングス,陸運業,プライム,9064.T,2026-09-08,1948.5,0.00958549222797922,-0.009656925031766184,0.007497414684591419,0.09159663865546208,0.13000358636637088,1943.15,1933.3666666666666,0.0027532614569127922,0.0078274512508405,-0.10619266055045873,0.1612089513902649,1004500.0,1159600.0,0.8662469817178338,2245122715.0,302,False,jpx_liquidity,JPX流動性
378,9504,中国電力,電気・ガス業,プライム,9504.T,2026-09-08,1074.5,-0.00232126276694522,0.018483412322274795,0.17973211945655132,0.20676097320087838,0.12684621589510048,990.875,940.0799987792968,0.08439510533619266,0.14298783230708967,-0.00232126276694522,0.2881310251360972,1780500.0,2243045.0,0.7937870172020624,2239889545.7907104,302,False,jpx_liquidity,JPX流動性
379,5991,日本発條,金属製品,プライム,5991.T,2026-09-08,3261.0,-0.04871645274212366,-0.038620283018867885,-0.08114961961115807,-0.11168618904930538,0.23236046738530214,3466.9,3674.8333333333335,-0.05939023334967841,-0.11261281690779634,-0.23144001885458398,0.372011763819737,720300.0,641210.0,1.1233449259992827,2226166630.0,302,False,jpx_liquidity,JPX流動性
380,4676,フジ・メディア・ホールディングス,情報・通信業,プライム,4676.T,2026-09-08,4062.0,-0.007331378299120228,-0.030317498209596616,0.0007390983000739038,0.004202719406674937,0.11936616700280944,4143.45,4073.5833333333335,-0.019657531767005687,-0.0028435243336129012,-0.0738714090287278,0.1902832329448756,436700.0,536755.0,0.8135927937327085,2202337780.0,302,False,jpx_liquidity,JPX流動性
381,7276,小糸製作所,電気機器,プライム,7276.T,2026-09-08,2559.0,-0.056589861751152104,-0.07215373459028285,-0.05274847307051633,-0.058498896247240584,0.003917722464648277,2691.125,2646.5916666666667,-0.04909656742068835,-0.03309602602088846,-0.1204674342670562,0.2779050941082886,861400.0,810960.0,1.0621978889217718,2182225345.0,302,False,jpx_liquidity,JPX流動性
382,9009,京成電鉄,陸運業,プライム,9009.T,2026-09-08,1389.5,0.014603870025556853,0.02394988946204868,0.08090237261765854,0.2765273311897105,0.13938770787238464,1332.0,1250.7916666666667,0.04316816816816815,0.11089643225956891,0.0,0.14666156956879994,1728600.0,1610055.0,1.073627919543121,2169285255.0,302,False,jpx_liquidity,JPX流動性
383,9023,東京地下鉄,陸運業,プライム,9023.T,2026-09-08,1529.0,0.03032345013477089,0.03978238694321656,0.0443989071038251,0.13427299703264084,-0.0489169382603859,1474.375,1446.3,0.03704959728698598,0.057180391343428116,-0.08360803116571769,0.14135274205551887,2405100.0,1426380.0,1.6861565641694358,2166751270.0,302,True,jpx_liquidity,JPX流動性
384,6471,日本精工,機械,プライム,6471.T,2026-09-08,1060.5,-0.05481283422459893,-0.06851119894598157,-0.0982142857142857,-0.03722197004085337,-0.07962623206606134,1125.05,1147.0583333333334,-0.05737522776765469,-0.07546114335946297,-0.2309644670050761,0.34405074772126626,4062600.0,1818555.0,2.233971477354273,2145824462.5,302,True,jpx_liquidity,JPX流動性
385,6254,野村マイクロ・サイエンス,機械,プライム,6254.T,2026-09-08,3340.0,-0.053824362606232246,-0.04160688665710188,-0.12565445026178013,-0.22685185185185186,0.17768934043012918,3613.25,4164.75,-0.0756244378329759,-0.1980310943033795,-0.38715596330275226,0.47235645121709696,468500.0,662445.0,0.7072285246322336,2126596275.0,302,False,jpx_liquidity,JPX流動性
386,6845,アズビル,電気機器,プライム,6845.T,2026-09-08,1451.0,-0.02355316285329745,-0.04727511490479319,-0.062055591467356175,-0.0599287333981211,0.04269933219162003,1511.125,1614.6333333333334,-0.03978823724046654,-0.1013439583806438,-0.16704936854190588,0.21928582751680822,1271700.0,1426000.0,0.8917952314165498,2107804262.5,302,False,jpx_liquidity,JPX流動性
387,9507,四国電力,電気・ガス業,プライム,9507.T,2026-09-08,2139.0,-0.00046728971962617383,0.029850746268656803,0.23320841741135778,0.45658835546476007,0.2645178404973181,1934.5,1670.5666666666666,0.1057120703024037,0.2804038549793484,-0.00046728971962617383,0.32480377638261027,1041200.0,1069090.0,0.973912392782647,2103661922.5,302,False,jpx_liquidity,JPX流動性
388,4722,フューチャー,情報・通信業,プライム,4722.T,2026-09-08,2446.0,0.0,-0.000408663669799747,0.0008183306055646877,0.6328437917222964,0.4923733984136669,2446.7,2095.377870686849,-0.00028609964441894675,0.16733121706502518,-0.002039983680130586,0.006452507826599782,562800.0,919380.0,0.6121516674280494,2095980745.0,302,False,jpx_liquidity,JPX流動性
389,4099,四国化成ホールディングス,化学,プライム,4099.T,2026-09-08,2079.0,-0.058850158442734224,-0.13048933500627358,-0.2860576923076923,-0.6689490445859873,-0.5883168316831684,2488.4,2916.0638346354167,-0.16452338852274562,-0.287052644284816,-0.689237668161435,0.509759231586284,593700.0,798590.0,0.7434353047245771,2082626110.0,302,False,jpx_liquidity,JPX流動性
390,6507,シンフォニアテクノロジー,電気機器,プライム,6507.T,2026-09-08,11580.0,-0.06462035541195477,-0.03258145363408527,-0.07802547770700641,-0.13646532438478742,-0.07278905261281254,12417.5,13874.166666666666,-0.06744513791020734,-0.16535527659318872,-0.30408653846153844,0.47395895630564394,143100.0,173530.0,0.8246412724024664,2073292200.0,302,False,jpx_liquidity,JPX流動性
391,4022,ラサ工業,化学,プライム,4022.T,2026-09-08,1939.0,-0.05276013678553981,-0.06328502415458936,-0.13822222222222225,-0.0030848329048843715,0.125506349989708,2148.7,2076.766666666667,-0.09759389398240792,-0.06633709452193326,-0.2691292875989446,0.6761881804384096,583800.0,968575.0,0.6027411403350282,2063014255.0,302,False,jpx_liquidity,JPX流動性
392,4047,関東電化工業,化学,プライム,4047.T,2026-09-08,2134.0,-0.044762757385855,-0.0785837651122625,-0.23402727925340994,-0.4309333333333333,0.4068728926656455,2375.15,2925.366666666667,-0.10153042965707437,-0.2705187953646837,-0.5155505107832009,0.4989121744455338,792400.0,883000.0,0.8973952434881087,2056813370.0,302,False,jpx_liquidity,JPX流動性
393,5929,三和ホールディングス,金属製品,プライム,5929.T,2026-09-08,3510.0,-0.02092050209205021,-0.04671374253123306,-0.04045926735921268,-0.02985074626865669,-0.04134362962167737,3608.6,3691.15,-0.027323615806683965,-0.04907684596941331,-0.1120667847204655,0.22558077664456247,435700.0,570225.0,0.7640843526678066,2052554350.0,302,False,jpx_liquidity,JPX流動性
394,7189,西日本フィナンシャルホールディングス,銀行業,プライム,7189.T,2026-09-08,4815.0,-0.0251062968212189,-0.019747557003257366,0.08961303462321801,0.15495322619333174,0.2523854216541548,4793.1,4455.883333333333,0.004569068035300772,0.08059382165152451,-0.03949730700179532,0.32544486955527785,384700.0,430385.0,0.8938508544675117,2050372450.0,302,False,jpx_liquidity,JPX流動性
395,5444,大和工業,鉄鋼,プライム,5444.T,2026-09-08,12030.0,-0.0310108739428111,-0.04825949367088611,-0.09378531073446328,0.006694560669456173,0.021054897432584152,12546.25,12671.833333333334,-0.041147753312742896,-0.05065039260301718,-0.12477264459803561,0.3170176567388872,114200.0,164595.0,0.693824235244084,2049618375.0,302,False,jpx_liquidity,JPX流動性
396,1721,コムシスホールディングス,建設業,プライム,1721.T,2026-09-08,5459.0,0.0073814356892416555,-0.01639639639639645,0.036847103513770074,0.028641416996419755,0.03392666188669624,5375.4,5347.416666666667,0.015552330989321739,0.020866773675762396,-0.07521599186854144,0.19668940178904307,335800.0,397885.0,0.8439624514621059,2048862670.0,302,False,jpx_liquidity,JPX流動性
397,9041,近鉄グループホールディングス,陸運業,プライム,9041.T,2026-09-08,3425.0,-0.0005836008170411189,-0.01834336486099164,-0.03819151923616959,-0.027817201248935608,0.10045460585529575,3514.1,3471.95,-0.025354998434876652,-0.013522660176557788,-0.06138668128254321,0.10729618881478759,408200.0,601070.0,0.6791222320195651,2033974985.0,302,False,jpx_liquidity,JPX流動性
398,6814,古野電気,電気機器,プライム,6814.T,2026-09-08,7590.0,-0.05243445692883897,-0.013003901170351106,-0.03312101910828025,0.34813499111900525,0.12444444444444436,7679.937939453125,7048.145979817708,-0.01171076383197045,0.07687894401362927,-0.05243445692883897,0.38766156780782096,245300.0,261535.0,0.9379241784082436,2028971700.0,302,False,jpx_liquidity,JPX流動性
399,8056,ＢＩＰＲＯＧＹ,情報・通信業,プライム,8056.T,2026-09-08,4657.0,-0.005764304013663568,-0.03341635533416354,0.06836430373938973,0.06910009182736454,0.011643052735281545,4639.9,4552.083333333333,0.003685424254833203,0.023048054919908578,-0.08398898505114083,0.3129876142393997,462900.0,447155.0,1.03521150384095,2026500870.0,302,False,jpx_liquidity,JPX流動性
400,6753,シャープ,電気機器,プライム,6753.T,2026-09-08,625.5,-0.018669632818106185,-0.07099359670219785,-0.03769230769230769,0.026756381264531726,0.037141477898916975,642.1800018310547,630.1583333333333,-0.025974028751276634,-0.007392322035467247,-0.07415627204913167,0.4008621057524122,2549700.0,3414780.0,0.7466659638395445,2022720343.5699463,302,False,jpx_liquidity,JPX流動性
401,7956,ピジョン,その他製品,プライム,7956.T,2026-09-08,1968.0,-0.03718199608610573,-0.07169811320754715,-0.05475504322766567,-0.012543903662819877,0.2354048964218456,2103.75,2045.2499226888021,-0.06452762923351163,-0.03777040733840731,-0.08698677800974253,0.17847176309292484,1232200.0,944950.0,1.3039843377956506,2014590415.0,302,False,jpx_liquidity,JPX流動性
402,3048,ビックカメラ,小売業,プライム,3048.T,2026-09-08,1712.5,-0.004938988959907076,-0.046492204899777234,-0.004938988959907076,-0.02254566210045661,-0.0029112081513827937,1749.0745910644532,1705.0331970214843,-0.020910824073085754,0.004379271319502331,-0.08078368223295762,0.17630137934193935,522400.0,1147855.0,0.4551097481824795,2005379842.5,302,False,jpx_liquidity,JPX流動性
403,6103,オークマ,機械,プライム,6103.T,2026-09-08,4320.0,-0.07987220447284349,-0.09433962264150941,-0.21739130434782605,0.037214885954381716,0.11437763873780304,4935.75,4871.583333333333,-0.12475307703996352,-0.11322465317572994,-0.22580645161290325,0.40638086774107235,457000.0,403810.0,1.1317203635373072,1986334950.0,302,False,jpx_liquidity,JPX流動性
404,9989,サンドラッグ,小売業,プライム,9989.T,2026-09-08,3731.0,0.005660377358490676,0.005931517929361085,0.004036598493003307,-0.02863837542306691,-0.04150573562709492,3717.85,3770.45,0.0035369904649191763,-0.010462942089140559,-0.06303365143144146,0.13457626748094545,471500.0,539345.0,0.8742085307178151,1985918895.0,302,False,jpx_liquidity,JPX流動性
405,9007,小田急電鉄,陸運業,プライム,9007.T,2026-09-08,1790.5,0.015598411798071421,-0.010226644555002773,0.059467455621301735,0.06419019316493313,0.11759933436754255,1756.875,1720.1416666666667,0.019139096406972644,0.04090263883304179,-0.03477088948787066,0.15821840244324092,957100.0,1165290.0,0.821340610491809,1971618507.5,302,False,jpx_liquidity,JPX流動性
406,2127,日本Ｍ＆Ａセンターホールディングス,サービス業,プライム,2127.T,2026-09-08,640.0,-0.022453050149604636,-0.056742815033161365,-0.015536034402761412,0.0062893081761006275,0.024869637918346843,669.345004272461,660.936669921875,-0.04384137341005079,-0.03167727087127703,-0.08805926028485456,0.2365090882080753,5137200.0,2725410.0,1.8849274054179004,1947054260.56427,302,True,jpx_liquidity,JPX流動性
407,3046,ジンズホールディングス,小売業,プライム,3046.T,2026-09-08,5680.0,0.0,-0.01899827288428324,-0.1207430340557275,-0.3530751708428246,0.05380333951762517,6100.1568603515625,6910.5522867838545,-0.06887640268439721,-0.17806858782289148,-0.3771929824561403,0.3050766672164456,250700.0,326550.0,0.7677231664369928,1945786800.0,302,False,jpx_liquidity,JPX流動性
408,1332,ニッスイ,水産・農林業,プライム,1332.T,2026-09-08,1203.0,-0.004551096400496446,-0.06198830409356726,-0.03798480607756893,-0.060523233112065644,-0.09981804496992996,1277.1,1273.075,-0.05802208127789521,-0.05504388979439545,-0.14040728831725613,0.2307140072075863,1733200.0,1518185.0,1.1416263498848955,1941818280.0,302,False,jpx_liquidity,JPX流動性
409,7721,東京計器,精密機器,プライム,7721.T,2026-09-08,6920.0,-0.06105834464043425,-0.0028818443804035088,-0.05722070844686644,0.3702970297029704,-0.18788474328175897,7214.5,6756.833333333333,-0.04082056968604897,0.024148392984879585,-0.1773253647254195,0.532083144718208,253600.0,270760.0,0.93662283941498,1933544800.0,302,False,jpx_liquidity,JPX流動性
410,7389,あいちフィナンシャルグループ,銀行業,プライム,7389.T,2026-09-08,1896.0,-0.00784929356357933,-0.002105263157894721,0.20534011443102362,0.3869787856620337,0.599254533931834,1862.8,1658.65,0.01782263259609196,0.14309830283664415,-0.046277665995975825,0.48288077683798625,702000.0,1024495.0,0.6852156428289059,1932303955.0,302,False,jpx_liquidity,JPX流動性
411,7327,第四北越フィナンシャルグループ,銀行業,プライム,7327.T,2026-09-08,2599.0,-0.01813373630525128,-0.007257448433919067,0.11020931225971808,0.23526615969581743,0.3419262126792473,2539.3,2337.9333333333334,0.023510416256448563,0.11166557358350682,-0.019984917043740613,0.2812347322707765,621600.0,775095.0,0.8019662105935401,1930828250.0,302,False,jpx_liquidity,JPX流動性
412,8368,百五銀行,銀行業,プライム,8368.T,2026-09-08,2300.0,-0.033207229928541415,-0.061224489795918324,0.11650485436893199,0.18251928020565544,0.5256028919217524,2320.0,2120.733333333333,-0.008620689655172376,0.08453050831473408,-0.06237260497350183,0.4498251943118485,517800.0,830780.0,0.6232696983557621,1925658815.0,302,False,jpx_liquidity,JPX流動性
413,9513,電源開発,電気・ガス業,プライム,9513.T,2026-09-08,4124.0,0.000970873786407811,-0.025519848771266562,0.07732497387669812,0.019278299555116174,0.06117542745503601,4023.65,3846.4,0.02494004200166522,0.07217138103161402,-0.07325842696629215,0.20282766864388532,360600.0,483765.0,0.745403243310285,1922163575.0,302,False,jpx_liquidity,JPX流動性
414,2002,日清製粉グループ本社,食料品,プライム,2002.T,2026-09-08,2044.5,0.01640566741237892,-0.008486905916585852,0.0235294117647058,0.03940010167768171,0.016913500618306987,2041.375,2014.3666666666666,0.0015308309350314797,0.014959209677152474,-0.059351276742581116,0.14469110593083662,1079600.0,923645.0,1.1688473385337441,1912578012.5,302,False,jpx_liquidity,JPX流動性
415,8524,北洋銀行,銀行業,プライム,8524.T,2026-09-08,1294.0,-0.02998500749625188,-0.02191987906273618,0.07475083056478415,0.2686274509803921,0.3784748288780351,1290.6,1191.9048299153646,0.0026344335967767307,0.08565714939831648,-0.02998500749625188,0.3341903892898293,1254700.0,1507905.0,0.832081596652309,1911897360.0,302,False,jpx_liquidity,JPX流動性
416,4613,関西ペイント,化学,プライム,4613.T,2026-09-08,2808.0,0.0,-0.022624434389140302,-0.07296137339055797,0.1373025516403401,0.14821012455482974,2880.0,2773.233333333333,-0.025000000000000022,0.012536509729918155,-0.07296137339055797,0.14020919822872518,1004100.0,718315.0,1.3978547016281158,1911309950.0,302,False,jpx_liquidity,JPX流動性
417,4732,ユー・エス・エス,サービス業,プライム,4732.T,2026-09-08,1947.5,-0.0063775510204081565,-0.035413571074789485,-0.028678304239401542,0.037559936068193966,0.15788939669479496,1983.075,1963.3166666666666,-0.017939311422916493,-0.00805609555259379,-0.05644379844961245,0.12277165751811948,931400.0,964420.0,0.9657618050227079,1910504450.0,302,False,jpx_liquidity,JPX流動性
418,3774,インターネットイニシアティブ,情報・通信業,プライム,3774.T,2026-09-08,3213.0,-0.0012433944668945873,-0.056110458284371334,-0.06950477845351866,0.08127208480565362,0.3879667380242904,3371.6,3356.141666666667,-0.04703998101791429,-0.04265066283952068,-0.11536343612334798,0.2894501587106975,326500.0,586980.0,0.5562370097788681,1898272255.0,302,False,jpx_liquidity,JPX流動性
419,4666,パーク２４,不動産業,プライム,4666.T,2026-09-08,1980.0,0.0,-0.046242774566473965,-0.0010090817356205317,0.09392265193370175,0.09847434119278775,2008.575,2008.975,-0.014226503864680162,-0.014422777784691143,-0.08439306358381504,0.22998127275659405,1022400.0,929065.0,1.1004612163842142,1878096920.0,302,False,jpx_liquidity,JPX流動性
420,6101,ツガミ,機械,プライム,6101.T,2026-09-08,4850.0,-0.08317580340264652,-0.07619047619047614,-0.1751700680272109,-0.26957831325301207,0.3745583677008675,5503.5,6542.666666666667,-0.11874261833378763,-0.2587120440187488,-0.4070904645476773,0.535704063058543,379600.0,335430.0,1.1316817219688162,1875351600.0,302,False,jpx_liquidity,JPX流動性
421,6779,日本電波工業,電気機器,プライム,6779.T,2026-09-08,2519.0,-0.06461195692536204,-0.0863257163583605,-0.15070802427511798,-0.3397116644823067,0.9787722331596524,2809.3,3138.4666666666667,-0.10333535044317099,-0.19737876245300257,-0.47846790890269153,0.6903880788566895,619500.0,713350.0,0.8684376533258569,1870706605.0,302,False,jpx_liquidity,JPX流動性
422,9001,東武鉄道,陸運業,プライム,9001.T,2026-09-08,2903.5,-0.002576434215046386,-0.03313353313353318,-0.010901039005280166,0.022719267347657723,0.02599368223011611,2975.35,2962.741666666667,-0.024148419513670638,-0.019995555918082664,-0.09208880550343967,0.1257252466801871,526000.0,628425.0,0.8370131678402355,1870502622.5,302,False,jpx_liquidity,JPX流動性
423,9401,ＴＢＳホールディングス,情報・通信業,プライム,9401.T,2026-09-08,5819.0,-0.012724804886325103,-0.04056059356966202,0.019089316987740856,0.005529635389666554,0.04455414736829555,5898.3,6094.283333333334,-0.013444551820015915,-0.0451707474491122,-0.11241610738255037,0.2128111163064206,207200.0,325540.0,0.6364809240031947,1839972760.0,302,False,jpx_liquidity,JPX流動性
424,2264,森永乳業,食料品,プライム,2264.T,2026-09-08,1116.5,-0.004014272970562005,-0.028708133971291905,-0.06569037656903765,-0.7807344854673999,-0.7576011996800232,1162.8,1273.5458333333333,-0.03981768145854825,-0.12331384487536434,-0.7887816874763527,0.1595812163936569,1116500.0,1665515.0,0.6703632209857011,1807814147.5,302,False,jpx_liquidity,JPX流動性
425,8439,東京センチュリー,その他金融業,プライム,8439.T,2026-09-08,2667.0,-0.015322134022521694,-0.03264417845484224,0.07001003009027085,0.11403508771929816,0.32088827420660637,2613.675,2569.608333333333,0.02040230709632973,0.03790136629123131,-0.03264417845484224,0.2385901122750166,444300.0,698675.0,0.6359179876194225,1798024090.0,302,False,jpx_liquidity,JPX流動性
426,5726,大阪チタニウムテクノロジーズ,非鉄金属,プライム,5726.T,2026-09-08,2654.0,-0.010070869078702027,-0.017037037037037073,-0.0775112964893987,0.01143292682926833,0.025205601613653483,2805.75,2762.016666666667,-0.05408536042056489,-0.03910789821446892,-0.17062500000000003,0.6195153252311791,506600.0,653010.0,0.7757921011929373,1797159500.0,302,False,jpx_liquidity,JPX流動性
427,6703,沖電気工業,電気機器,プライム,6703.T,2026-09-08,2636.0,-0.05789849892780563,-0.08914996544574982,-0.0507742167806986,-0.11305518169582773,-0.024007554071843407,2792.55,3098.8,-0.05605987359223652,-0.1493481347618434,-0.31621271076523993,0.48072928489219247,472500.0,647410.0,0.7298311734449576,1794844700.0,302,False,jpx_liquidity,JPX流動性
428,6417,ＳＡＮＫＹＯ,機械,プライム,6417.T,2026-09-08,2011.5,0.007513148009015813,-0.009601181683899562,0.0498434237995824,0.25954915466499684,-0.004289694020840562,1968.675,1781.7666666666667,0.02175320964608174,0.1289357005219538,-0.009601181683899562,0.17038712910888093,785000.0,908765.0,0.8638096757687631,1786981805.0,302,False,jpx_liquidity,JPX流動性
429,8366,滋賀銀行,銀行業,プライム,8366.T,2026-09-08,2806.0,-0.0246784845324991,-0.018194541637508777,0.12826698833936478,0.23721340388007062,0.6499428970186079,2756.2,2625.95,0.018068354981496393,0.06856566195091318,-0.02940159114493257,0.33177773259645627,470600.0,664455.0,0.7082496181080735,1783565100.0,302,False,jpx_liquidity,JPX流動性
430,7173,東京きらぼしフィナンシャルグループ,銀行業,プライム,7173.T,2026-09-08,1670.0,-0.026239067055393583,-0.03690888119953861,-0.005360333531864159,-0.8549087749782798,-0.8461870427370446,1719.9,1881.6416666666667,-0.029013314727600492,-0.11247713654300096,-0.8647773279352227,0.33755330225880065,938000.0,1042700.0,0.8995876090917809,1783066440.0,302,False,jpx_liquidity,JPX流動性
431,4118,カネカ,化学,プライム,4118.T,2026-09-08,5901.0,-0.032940019665683384,-0.06968311524515214,-0.02430555555555558,0.059806034482758674,0.21548466519289455,6167.6,5882.183333333333,-0.04322589013554712,0.003198925569020572,-0.06997635933806146,0.2702092787564287,207000.0,288540.0,0.7174048658764816,1779523475.0,302,False,jpx_liquidity,JPX流動性
432,4194,ビジョナル,情報・通信業,プライム,4194.T,2026-09-08,8920.0,0.004730795224149542,-0.04116951521014722,-0.029379760609357986,0.20687322419158427,0.20769022474952603,9188.4,8495.333333333334,-0.029210743981541887,0.04998822883151521,-0.06831000626697303,0.31916633578418235,143900.0,197805.0,0.7274841384191502,1771447175.0,302,False,jpx_liquidity,JPX流動性
433,4922,コーセーホールディングス,化学,プライム,4922.T,2026-09-08,5650.0,-0.004580690627202233,-0.03632952413440216,-0.04156064461407971,0.07865597556319215,-0.035012809564474834,5793.5,5524.392854817708,-0.024769137826874954,0.022736823481471324,-0.08620410803816914,0.1787577518358329,261100.0,308570.0,0.8461613248209482,1759298210.0,302,False,jpx_liquidity,JPX流動性
434,5393,ニチアス,ガラス・土石製品,プライム,5393.T,2026-09-08,3265.0,-0.04111600587371511,-0.05087209302325579,-0.0676756139348943,-0.1069474835886215,0.11812852862956125,3396.15,3560.016666666667,-0.03861725777718894,-0.08286946222161884,-0.1964065961112479,0.36947466022305275,264300.0,530145.0,0.49854285148402794,1758734100.0,302,False,jpx_liquidity,JPX流動性
435,4540,ツムラ,医薬品,プライム,4540.T,2026-09-08,3684.0,-0.002437043054427268,-0.030526315789473735,-0.019430396593026367,-0.01074113856068748,-0.019627379941636325,3757.15,3782.3333333333335,-0.019469544734705857,-0.025998061161540575,-0.08924598269468476,0.09853423365808675,604400.0,449975.0,1.3431857325406966,1725010475.0,302,False,jpx_liquidity,JPX流動性
436,5233,太平洋セメント,ガラス・土石製品,プライム,5233.T,2026-09-08,4150.0,-0.01495371469261808,-0.038906901343214506,-0.005034763845600532,-0.012139966674601266,0.13549660006998,4191.6,4138.033333333334,-0.009924611127016036,0.002891872950918639,-0.08388520971302427,0.27709778460989803,409200.0,413750.0,0.9890030211480363,1718459660.0,302,False,jpx_liquidity,JPX流動性
437,4369,トリケミカル研究所,化学,プライム,4369.T,2026-09-08,3055.0,-0.031695721077654504,-0.006504065040650375,-0.08395802098950522,-0.13086770981507823,-0.0016339869281045694,3196.2,3358.0833333333335,-0.044177460734622365,-0.09025485768171337,-0.26913875598086123,0.4074996100005114,387800.0,553080.0,0.7011643885152239,1703381755.0,302,False,jpx_liquidity,JPX流動性
438,6961,エンプラス,電気機器,プライム,6961.T,2026-09-08,9740.0,-0.06525911708253362,-0.024048096192384794,-0.0811320754716981,-0.18288590604026844,-0.38328464540919993,10377.5,11700.666666666666,-0.06143098048662976,-0.16756879949860404,-0.4462762933484935,0.6937068937432677,145700.0,164355.0,0.886495695293724,1692471000.0,302,False,jpx_liquidity,JPX流動性
439,6923,スタンレー電気,電気機器,プライム,6923.T,2026-09-08,3449.0,-0.061241154055525326,-0.06505828137706693,-0.03605366126327558,-0.04300776914539406,0.21862572947070258,3616.5,3577.866666666667,-0.04631549841006499,-0.03601773868972202,-0.08925270662793772,0.282140810905907,690000.0,453865.0,1.520275852951869,1677121880.0,302,False,jpx_liquidity,JPX流動性
440,7180,九州フィナンシャルグループ,銀行業,プライム,7180.T,2026-09-08,1585.5,-0.01643920595533499,-0.005956112852664619,0.07600950118764849,0.09723183391003465,0.3699977775693992,1554.8,1520.3083333333334,0.0197453048623617,0.042880556027560246,-0.021296296296296258,0.247847269855815,962900.0,1084115.0,0.8881899060524022,1656878275.0,302,False,jpx_liquidity,JPX流動性
441,9110,ＮＳユナイテッド海運,海運業,プライム,9110.T,2026-09-08,10480.0,-0.0019047619047618536,-0.0009532888465204614,0.002870813397129135,0.48441926345609065,0.5226481698921166,10465.0,8482.666666666666,0.0014333492594362784,0.2354605469977995,-0.0028544243577545148,0.025056420061987356,57400.0,160810.0,0.3569429761830732,1650417250.0,302,False,jpx_liquidity,JPX流動性
442,8388,阿波銀行,銀行業,プライム,8388.T,2026-09-08,9830.0,-0.014042126379137376,0.0061412487205732,0.1221461187214612,0.40629470672389134,0.8256373685148868,9528.0,8352.5,0.03169605373635598,0.17689314576474113,-0.03627450980392155,0.3809717633546821,76200.0,173065.0,0.4402969982376564,1647340850.0,302,False,jpx_liquidity,JPX流動性
443,6480,日本トムソン,機械,プライム,6480.T,2026-09-08,1644.0,-0.07171089779785433,-0.08919667590027702,-0.12506652474720592,-0.11470113085621969,0.8443323881133862,1769.2,1938.5833333333333,-0.07076644811214106,-0.15195804496410603,-0.3627906976744186,0.548059533960711,870900.0,1001270.0,0.869795359892936,1642381395.0,302,False,jpx_liquidity,JPX流動性
444,6465,ホシザキ,機械,プライム,6465.T,2026-09-08,5450.0,-0.0007334066740006806,-0.03539823008849563,-0.04869959853377548,0.047070124879923236,0.08956417433026798,5648.75,5533.459529622396,-0.03518477539278597,-0.015082703537562803,-0.06741957563312795,0.1620917840554146,280100.0,291170.0,0.9619809733145585,1626422730.0,302,False,jpx_liquidity,JPX流動性
445,3105,日清紡ホールディングス,電気機器,プライム,3105.T,2026-09-08,2215.0,-0.028508771929824595,-0.02722880983750553,-0.10305729904839034,0.05050984111927903,0.42169448010269583,2250.075,2281.191788736979,-0.015588369276579583,-0.02901631904155999,-0.11204650230507118,0.4581504026146934,729500.0,728505.0,1.0013658108043184,1626083240.0,302,False,jpx_liquidity,JPX流動性
446,6925,ウシオ電機,電気機器,プライム,6925.T,2026-09-08,3623.0,-0.04456751054852326,-0.06066891366346905,-0.12824831568816164,-0.11374755381604695,0.31764252943401994,3929.55,4142.033333333334,-0.07801147714114853,-0.12530882577799962,-0.24958574979287484,0.49436417731504284,239600.0,417360.0,0.5740847230208932,1604656120.0,302,False,jpx_liquidity,JPX流動性
447,8237,松屋,小売業,プライム,8237.T,2026-09-08,2237.0,0.014512471655328874,-0.017135325131810153,0.005393258426966252,0.4221233312142403,0.2304730473047305,2327.985791015625,1948.2285970052083,-0.03908348211005663,0.14822254608041763,-0.2614724331462529,1.126652249424184,221200.0,668525.0,0.33087767847126137,1585799735.0,302,False,jpx_liquidity,JPX流動性
448,8060,キヤノンマーケティングジャパン,卸売業,プライム,8060.T,2026-09-08,3560.0,-0.01439645625692132,-0.05820105820105825,-0.032082653616095747,0.053254437869822535,0.04245973645680823,3623.75,3543.0,-0.01759227319765433,0.004798193621224911,-0.07556478836665803,0.23908279224039994,212500.0,440560.0,0.48234065734519704,1581017805.0,302,False,jpx_liquidity,JPX流動性
449,3445,ＲＳ　Ｔｅｃｈｎｏｌｏｇｉｅｓ,金属製品,プライム,3445.T,2026-09-08,5530.0,-0.059523809523809534,-0.0212389380530974,-0.1915204678362573,-0.1621212121212121,0.32773109243697474,5843.0,6661.833333333333,-0.05356837241143253,-0.16989817617772884,-0.3455621301775148,0.6587603243666451,166000.0,268880.0,0.6173757810175543,1573342650.0,302,False,jpx_liquidity,JPX流動性
450,2767,円谷フィールズホールディングス,卸売業,プライム,2767.T,2026-09-08,2480.0,0.012244897959183598,-0.032006245120999255,0.0008071025020177647,0.8181818181818181,0.7384362086815535,2489.8,1934.15,-0.003936059121214641,0.2822169945454074,-0.050535987748851485,0.31562562713668557,441200.0,649710.0,0.679072201443721,1569703790.0,302,False,jpx_liquidity,JPX流動性
451,5715,古河機械金属,非鉄金属,プライム,5715.T,2026-09-08,4180.0,-0.01992966002344665,-0.07624309392265194,0.043695380774032566,0.12214765100671143,-0.12843876976519497,4263.0,3897.3333333333335,-0.019469856908280514,0.0725282244269585,-0.14690774686379993,0.5071801179025761,245500.0,374790.0,0.655033485418501,1569335700.0,302,False,jpx_liquidity,JPX流動性
452,1861,熊谷組,建設業,プライム,1861.T,2026-09-08,1300.0,0.0030864197530864335,-0.004594180704441064,0.006971340046475705,-0.04270986745213545,-0.2004144486406535,1293.9,1384.8833333333334,0.004714429244918383,-0.06129276834390385,-0.22205030389755753,0.17947470500315585,835600.0,1298915.0,0.6433061439740091,1562608340.0,302,False,jpx_liquidity,JPX流動性
453,3993,ＰＫＳＨＡ　Ｔｅｃｈｎｏｌｏｇｙ,情報・通信業,プライム,3993.T,2026-09-08,3160.0,0.009584664536741228,-0.04097116843702575,0.08965517241379306,0.20380952380952388,0.03776683087027921,3157.5,2907.1833333333334,0.0007917656373712667,0.08696275318034052,-0.0637037037037037,0.6133380508985438,304800.0,486525.0,0.6264837367041776,1543208420.0,302,False,jpx_liquidity,JPX流動性
454,4733,オービックビジネスコンサルタント,情報・通信業,プライム,4733.T,2026-09-08,8222.0,-0.00460048426150117,-0.057001949764881266,0.013810110974106005,0.40547008547008545,0.321056672362936,8344.45,7292.216666666666,-0.014674424317959955,0.1275035254483663,-0.06141552511415527,0.26046927147604887,121200.0,187975.0,0.6447665913020348,1541235845.0,302,False,jpx_liquidity,JPX流動性
455,7867,タカラトミー,その他製品,プライム,7867.T,2026-09-08,3533.0,-0.02376347057198125,-0.0616201859229748,-0.037854030501089375,0.2076568108015724,0.276543410043548,3649.9,3439.675,-0.03202827474725334,0.027131923800940427,-0.0616201859229748,0.16821449328325505,508800.0,426760.0,1.1922391976755085,1537025470.0,302,False,jpx_liquidity,JPX流動性
456,8088,岩谷産業,卸売業,プライム,8088.T,2026-09-08,2129.5,-0.0090739879013495,-0.07069605062186346,-0.03577088521621008,0.15139226818058926,0.10432967710528529,2201.525,2049.5416666666665,-0.032715958256208766,0.039012787411819794,-0.07069605062186346,0.2929207198081464,796700.0,715730.0,1.1131292526511394,1530914162.5,302,False,jpx_liquidity,JPX流動性
457,4565,ネクセラファーマ,医薬品,プライム,4565.T,2026-09-08,1234.0,0.05650684931506844,0.0968888888888888,0.33261339092872566,0.2553407934893184,0.32974137931034475,1124.95,993.2,0.09693764167296326,0.24244865082561406,-0.006441223832528209,0.5086388917639777,2152700.0,1319960.0,1.6308827540228492,1530680330.0,302,True,jpx_liquidity,JPX流動性
458,1959,クラフティア,建設業,プライム,1959.T,2026-09-08,8050.0,-0.01936898526008035,-0.042236763831052904,-0.005558987029030238,-0.08439490445859876,-0.14750407182840786,8219.25,8695.333333333334,-0.02059190315418069,-0.07421605458866831,-0.18711501565182265,0.2784637463112996,175200.0,185055.0,0.9467455621301775,1529128710.0,302,False,jpx_liquidity,JPX流動性
459,9468,ＫＡＤＯＫＡＷＡ,情報・通信業,プライム,9468.T,2026-09-08,3621.0,0.00835421888053478,-0.03594249201277955,0.01400168020162429,0.07479964381121995,0.15311989126556713,3627.45,3552.1666666666665,-0.0017781085886779957,0.019377844508046804,-0.07082371054657433,0.19785812901734767,215400.0,426820.0,0.5046623869546881,1518816705.0,302,False,jpx_liquidity,JPX流動性
460,1980,ダイダン,建設業,プライム,1980.T,2026-09-08,2800.0,-0.010250972074938192,-0.01581722319859402,0.10323089046493306,0.13222806308127777,-0.05572116241607539,2757.2,2716.0,0.01552299434208626,0.030927835051546282,-0.09749022519778205,0.4292577425773002,542100.0,553690.0,0.979067709368058,1515261015.0,302,False,jpx_liquidity,JPX流動性
461,8338,筑波銀行,銀行業,プライム,8338.T,2026-09-08,739.0,-0.04645161290322586,-0.009383378016085797,0.09970238095238093,0.08199121522693997,0.23568417377502682,735.9,674.4666666666667,0.004212528876206045,0.0956805377088068,-0.04645161290322586,0.532332264356711,1835800.0,2044460.0,0.8979388200307171,1513606090.0,302,False,jpx_liquidity,JPX流動性
462,2222,寿スピリッツ,食料品,プライム,2222.T,2026-09-08,2462.0,-0.016576792490513248,-0.10096768303815962,-0.06813020439061312,0.05101387406616853,0.3011408131910738,2677.525,2559.0416666666665,-0.08049411303349174,-0.037921096764739315,-0.11343176089305007,0.31036716839658934,1800000.0,504845.0,3.5654507819231647,1511215870.0,302,False,jpx_liquidity,JPX流動性
463,3387,クリエイト・レストランツ・ホールディングス,小売業,プライム,3387.T,2026-09-08,775.0,0.018396846254927768,0.014397905759162333,0.023778071334213946,0.08695652173913038,0.06749311294765836,768.4438598632812,754.8979532877604,0.00853170996497421,0.026628826617810297,-0.04556650246305416,0.18975867832890353,1275900.0,1992160.0,0.6404606055738495,1511213505.0,302,False,jpx_liquidity,JPX流動性
464,3635,コーエーテクモホールディングス,情報・通信業,プライム,3635.T,2026-09-08,1649.5,0.013517665130568401,-0.0509205983889528,0.0021263669501823124,0.1274777853725222,-0.09032019707086514,1679.025,1592.0166666666667,-0.017584610115989996,0.03610724343338112,-0.0924861066001943,0.22871820780385074,818800.0,898280.0,0.9115197933829096,1504010655.0,302,False,jpx_liquidity,JPX流動性
465,9449,ＧＭＯインターネットグループ,情報・通信業,プライム,9449.T,2026-09-08,3859.0,-0.018815153826595488,-0.08162779628748218,-0.08053371455801761,0.2517028867985729,0.38355280082440024,4069.15,3857.233333333333,-0.051644692380472645,0.0004580139478209677,-0.11144370250978586,0.47774475207874034,211100.0,383270.0,0.5507866517076735,1494386605.0,302,False,jpx_liquidity,JPX流動性
466,2146,ＵＴグループ,サービス業,プライム,2146.T,2026-09-08,224.0,-0.008849557522123908,-0.042735042735042694,0.013574660633484115,0.28735632183908044,0.17180783137790767,228.7,195.81666666666666,-0.020550940096195847,0.14392714273555196,-0.06276150627615062,0.27709139604789973,4161200.0,7890350.0,0.5273783799197754,1492448800.0,302,True,jpx_liquidity,JPX流動性
467,8410,セブン銀行,銀行業,プライム,8410.T,2026-09-08,337.29998779296875,0.0014845606238778064,-0.00823292637546924,0.007166300209686449,0.16470987805298276,0.28113496452511444,336.19500122070315,312.0566665649414,0.0032867430159682076,0.08089338871013685,-0.014319182464254232,0.17689165605324986,2624200.0,4860905.0,0.5398583185641357,1488764503.3869934,302,False,jpx_liquidity,JPX流動性
468,3397,トリドールホールディングス,小売業,プライム,3397.T,2026-09-08,4322.0,0.02006136417276383,-0.0036883356385430943,0.014315888289134104,0.13111750850562687,0.009064813484816359,4291.85,4092.616666666667,0.00702494262381026,0.05604808659496574,-0.0571553228621291,0.20769617826399586,370100.0,338685.0,1.0927558055420228,1481430975.0,302,True,jpx_liquidity,JPX流動性
469,7599,ＩＤＯＭ,卸売業,プライム,7599.T,2026-09-08,1231.0,-0.015199999999999991,-0.03147128245476005,-0.05161787365177195,-0.0716440422322775,-0.037529319781078985,1261.6431945800782,1315.0477315266928,-0.02428832074846443,-0.06391230486297128,-0.17933333333333334,0.17360527118715793,602600.0,1148580.0,0.5246478260112487,1470464400.0,302,False,jpx_liquidity,JPX流動性
470,9301,三菱倉庫,倉庫・運輸関連業,プライム,9301.T,2026-09-08,1536.5,-0.006144890038809803,-0.0009752925877762886,0.009195402298850519,0.07862407862407861,0.1529058898001463,1519.25,1537.45,0.011354286654599255,-0.0006179062733747687,-0.06139279169211975,0.12663630578236715,949600.0,1013065.0,0.9373534768252777,1468020227.5,302,False,jpx_liquidity,JPX流動性
471,4401,ＡＤＥＫＡ,化学,プライム,4401.T,2026-09-08,4369.0,-0.04627810521720144,-0.08502617801047119,-0.08194998949359111,0.1032828282828282,0.09598433382787719,4628.65,4312.966666666666,-0.0560962699707257,0.012991830835697105,-0.08502617801047119,0.2735687294774239,237700.0,358550.0,0.662947984939339,1467317805.0,302,False,jpx_liquidity,JPX流動性
472,2670,エービーシー・マート,小売業,プライム,2670.T,2026-09-08,2710.5,0.004819277108433662,0.0038888888888888307,-0.03985122210414449,-0.010043827611395217,0.06252450019600153,2742.18310546875,2741.2277018229165,-0.01155397150743298,-0.011209467131272133,-0.08149779735682816,0.13236603316639656,662200.0,521405.0,1.270030015055475,1466432665.0,302,False,jpx_liquidity,JPX流動性
473,7459,メディパルホールディングス,卸売業,プライム,7459.T,2026-09-08,2932.0,0.001366120218579292,-0.00017050298380216766,0.043787824848700696,0.11144806671720997,0.06128318224332441,2887.0,2789.4,0.015587114651887779,0.05112210511221038,-0.04308093994778073,0.10520780669183992,344800.0,505980.0,0.6814498596782481,1452813330.0,302,False,jpx_liquidity,JPX流動性
474,4373,シンプレクス・ホールディングス,情報・通信業,プライム,4373.T,2026-09-08,1140.0,-0.0034965034965035446,-0.0836012861736335,0.0242587601078168,0.1515151515151516,0.414780212001608,1177.5,1079.3666666666666,-0.031847133757961776,0.056174917389827383,-0.09451945988880062,0.4154838823957124,1064300.0,1202370.0,0.8851684589602202,1447880595.0,302,False,jpx_liquidity,JPX流動性
475,2593,伊藤園,食料品,プライム,2593.T,2026-09-08,3200.0,0.022690955576861516,0.06276984390567919,0.07256577844813128,0.12815089018156178,0.13278643753737862,3042.425,2980.483333333333,0.05179256678471944,0.07365136527073357,-0.02230369691414602,0.36184285890971546,470700.0,450505.0,1.0448274713932142,1431381017.5,302,True,jpx_liquidity,JPX流動性
476,5707,東邦亜鉛,非鉄金属,プライム,5707.T,2026-09-08,995.0,-0.018737672583826415,-0.09298085688240654,-0.00995024875621886,0.15832363213038425,-0.28673835125448033,1097.0,929.9666666666667,-0.09298085688240654,0.06993082189325772,-0.28877769835596856,0.7130871396012115,706000.0,1259820.0,0.5603975171056182,1425420080.0,302,False,jpx_liquidity,JPX流動性
477,8418,山口フィナンシャルグループ,銀行業,プライム,8418.T,2026-09-08,3144.0,-0.026625386996903977,-0.03410138248847927,0.048699132755170016,0.0767123287671232,0.2733112180073465,3166.9,3041.2166666666667,-0.007231046133442831,0.03379678089361171,-0.03410138248847927,0.29585583577734426,423300.0,452640.0,0.9351802757158006,1415613715.0,302,False,jpx_liquidity,JPX流動性
478,5032,ＡＮＹＣＯＬＯＲ,情報・通信業,プライム,5032.T,2026-09-08,2943.0,-0.0016960651289009698,-0.015719063545150513,0.06168831168831179,0.2993377483443709,-0.16963050038007,2901.65,2578.7166666666667,0.014250512639360391,0.14126535809155705,-0.13473087246086868,0.24537581431121788,372500.0,490860.0,0.7588721835146478,1413157640.0,302,False,jpx_liquidity,JPX流動性
479,6432,竹内製作所,機械,プライム,6432.T,2026-09-08,7240.0,-0.04986876640419946,-0.0535947712418301,-0.05851755526657998,-0.01897018970189701,0.10703363914373099,7477.267138671875,7418.589046223959,-0.03173179910140522,-0.024073182260292425,-0.08701134930643128,0.37200392366088864,288300.0,182020.0,1.5838918800131854,1408185900.0,302,False,jpx_liquidity,JPX流動性
480,9065,山九,陸運業,プライム,9065.T,2026-09-08,8000.0,-0.013928263281153708,-0.046256556986170705,-0.05123339658444026,-0.06683774641315754,-0.0997456935436315,8336.6,8655.633333333333,-0.040376172540364186,-0.07574643103335399,-0.15540540540540537,0.1982987008666424,111500.0,181370.0,0.6147653967028726,1406517195.0,302,False,jpx_liquidity,JPX流動性
481,2331,ＡＬＳＯＫ,サービス業,プライム,2331.T,2026-09-08,1196.5,0.0046179680940385825,-0.019262295081967196,0.046348928727590666,0.11044083526682136,-0.01411319726873006,1188.85,1138.7583333333334,0.006434789923035034,0.05070581261754392,-0.08279034112686856,0.13629911081421858,945500.0,1195620.0,0.7908030979742727,1388280222.5,302,False,jpx_liquidity,JPX流動性
482,1860,戸田建設,建設業,プライム,1860.T,2026-09-08,1513.5,0.0046465316959840575,-0.03475765306122447,0.035934291581108724,-0.010784313725490158,0.026795277994156264,1510.275,1541.3666666666666,0.0021353726970252396,-0.018079193789061643,-0.07346189164370986,0.18644736706836945,938800.0,926280.0,1.0135164313166645,1379496960.0,302,False,jpx_liquidity,JPX流動性
483,7337,ひろぎんホールディングス,銀行業,プライム,7337.T,2026-09-08,2335.5,-0.025250417362270405,-0.03531598513011147,0.046605422361640114,0.12202738409800618,0.29761651233332853,2351.75,2241.2916666666665,-0.006909748059955367,0.04203305385659317,-0.03531598513011147,0.2677563294720843,431900.0,581740.0,0.7424278887475505,1366905740.0,302,False,jpx_liquidity,JPX流動性
484,4413,ボードルア,情報・通信業,プライム,4413.T,2026-09-08,2964.0,0.0003374957813027102,0.0006752194463199857,0.06312769010043051,0.20880913539967372,0.47023809523809534,2949.75,2855.483333333333,0.004830917874396157,0.03800290668830164,-0.07950310559006213,0.26177777992430457,194100.0,458495.0,0.4233415849682112,1365417940.0,302,False,jpx_liquidity,JPX流動性
485,8361,大垣共立銀行,銀行業,プライム,8361.T,2026-09-08,7950.0,-0.02930402930402931,-0.030487804878048808,0.08904109589041087,0.07869742198100416,0.34081668299562695,8062.0,7721.0,-0.013892334408335372,0.0296593705478565,-0.03985507246376807,0.3565799722825136,160600.0,170450.0,0.9422117923144617,1361813500.0,302,False,jpx_liquidity,JPX流動性
486,2121,ＭＩＸＩ,情報・通信業,プライム,2121.T,2026-09-08,3525.0,-0.008438818565400852,-0.05748663101604279,0.05697151424287861,0.3217097862767153,0.36309180458801094,3528.25,3093.7,-0.000921136540777967,0.13941235413905684,-0.05748663101604279,0.26471463288898184,191900.0,396675.0,0.48377134934140037,1359904975.0,302,False,jpx_liquidity,JPX流動性
487,3941,レンゴー,パルプ・紙,プライム,3941.T,2026-09-08,1515.5,-0.026653821451509296,-0.07138480392156865,-0.04954531201003454,0.09541019154318753,0.14322821752373804,1585.475,1500.35,-0.044135038395433535,0.010097643883093976,-0.07393828292086768,0.2494381773026989,949800.0,861955.0,1.101913672987569,1359410192.5,302,False,jpx_liquidity,JPX流動性
488,5463,丸一鋼管,鉄鋼,プライム,5463.T,2026-09-08,1728.5,-0.02289429055963821,-0.035704323570432406,-0.011438375750643437,0.06928549334982992,0.22200797574533881,1751.975,1775.7083333333333,-0.013399163800853264,-0.026585634840556538,-0.10671834625322996,0.2126222980825815,455100.0,803415.0,0.566456936950393,1352682317.5,302,False,jpx_liquidity,JPX流動性
489,6707,サンケン電気,電気機器,プライム,6707.T,2026-09-08,6771.0,-0.035470085470085455,-0.04593490207129769,-0.22404308961723585,-0.17133765756945296,-0.009073613346992526,7528.0,8984.083333333334,-0.10055791710945805,-0.24633379402461764,-0.42078699743370407,0.40282335760139915,110200.0,178645.0,0.6168658512692771,1348455300.0,302,False,jpx_liquidity,JPX流動性
490,2809,キユーピー,食料品,プライム,2809.T,2026-09-08,4677.0,0.006455777921239525,-0.019291256028517556,0.019176291130965417,0.11782982791587004,0.09827580315715578,4712.1,4529.533333333334,-0.007448908130133103,0.03255670194133309,-0.03467492260061922,0.14104410461202077,209100.0,284380.0,0.7352837752303256,1336729515.0,302,False,jpx_liquidity,JPX流動性
491,4516,日本新薬,医薬品,プライム,4516.T,2026-09-08,3387.0,-0.01080607476635509,-0.04564666103127646,-0.05812013348164624,-0.14100938371798122,-0.3737967622853292,3567.95,3795.3166666666666,-0.05071539679647974,-0.1075843473754935,-0.37056309236201446,0.17909068596466632,294700.0,371035.0,0.7942646920101877,1324989950.0,302,False,jpx_liquidity,JPX流動性
492,7278,エクセディ,輸送用機器,プライム,7278.T,2026-09-08,5910.0,-0.029556650246305383,-0.05891719745222934,-0.021523178807947074,-0.005050505050505083,0.06985429921055508,6149.0,6009.666666666667,-0.03886810863555046,-0.016584391813189936,-0.05891719745222934,0.19243597244681757,380900.0,203325.0,1.8733554653879256,1323774200.0,302,False,jpx_liquidity,JPX流動性
493,4784,ＧＭＯインターネット,サービス業,プライム,4784.T,2026-09-08,529.0,-0.04166666666666663,-0.06371681415929209,-0.025782688766114226,0.15502183406113534,-0.268964473681658,562.95,522.6666666666666,-0.060307309707789414,0.012117346938775642,-0.3370927318295739,0.6372794836308491,1758300.0,2289550.0,0.7679675045314581,1318935645.0,302,False,jpx_liquidity,JPX流動性
494,2607,不二製油,食料品,プライム,2607.T,2026-09-08,4396.0,-0.01457072405290294,-0.07061310782241015,-0.013686336100516061,0.17508687516706756,0.40244298715261806,4547.95,4134.033333333334,-0.03341065754900552,0.06336830052974896,-0.07061310782241015,0.2164863673591154,229400.0,328960.0,0.6973492217898832,1317174115.0,302,False,jpx_liquidity,JPX流動性
495,7988,ニフコ,化学,プライム,7988.T,2026-09-08,4929.0,-0.022023809523809557,-0.04772024729520863,-0.03955572876071711,0.15352211560964202,0.08495841845683971,5066.2,4999.7,-0.027081441711736542,-0.014140848450907018,-0.07627436281859068,0.2704507903426425,438200.0,249355.0,1.7573339215175152,1312280005.0,302,False,jpx_liquidity,JPX流動性
496,4202,ダイセル,化学,プライム,4202.T,2026-09-08,1395.0,-0.033598891582958035,-0.08223684210526316,-0.0625,0.07390300230946889,0.03019102342004598,1466.325,1430.7833333333333,-0.04864201319625594,-0.025009610120330317,-0.08223684210526316,0.2893904461786031,859200.0,903130.0,0.9513580547650947,1311795182.5,302,False,jpx_liquidity,JPX流動性
497,9364,上組,倉庫・運輸関連業,プライム,9364.T,2026-09-08,4850.0,-0.004719885081058917,-0.009799918334013835,-0.036742800397219444,0.0163453478625315,-0.10940082979009746,4890.7,4997.366666666667,-0.00832191710798047,-0.029488864135111204,-0.13439228984472606,0.09102337508976091,200100.0,267400.0,0.7483171278982798,1299690475.0,302,False,jpx_liquidity,JPX流動性
498,6999,ＫＯＡ,電気機器,プライム,6999.T,2026-09-08,2109.0,-0.07459412022817025,-0.08661758336942404,-0.1426829268292683,-0.16143141153081508,0.27992613038943426,2308.8,2518.75,-0.08653846153846156,-0.16267990074441685,-0.3130293159609121,0.5605840841882709,561900.0,572205.0,0.9819907201090519,1298400730.0,302,False,jpx_liquidity,JPX流動性
499,9418,Ｕ－ＮＥＸＴ　ＨＯＬＤＩＮＧＳ,情報・通信業,プライム,9418.T,2026-09-08,1740.0,0.005199306759098743,0.010452961672473782,0.011040092969204052,0.08818011257035652,-0.004576659038901587,1736.6466186523437,1693.7488728841147,0.001930952049564727,0.027306956690178685,-0.03064066852367686,0.17197791142222094,509500.0,751620.0,0.6778691359995742,1296207630.0,302,False,jpx_liquidity,JPX流動性
500,6258,平田機工,機械,プライム,6258.T,2026-09-08,3585.0,-0.016460905349794275,0.022824536376604865,-0.07244501940491588,0.3426966292134832,0.4176162873879672,3535.25,3189.45,0.014072554981967356,0.12401824766025493,-0.07244501940491588,0.5078886667563696,438000.0,385790.0,1.1353326939526684,1295061300.0,302,False,jpx_liquidity,JPX流動性
501,6632,ＪＶＣケンウッド,電気機器,プライム,6632.T,2026-09-08,955.7999877929688,-0.037365329548649684,-0.09574267947685078,-0.05366337842280322,-0.1133580818247043,-0.19114803497419497,1016.0399993896484,1073.7099985758464,-0.059289015819128044,-0.10981550971796095,-0.25791926413589383,0.26710103286840076,1602300.0,1249520.0,1.2823324156476086,1280104222.3062134,302,False,jpx_liquidity,JPX流動性
502,6966,三井ハイテック,電気機器,プライム,6966.T,2026-09-08,903.0,-0.0544502617801047,-0.0444444444444444,-0.06618407445708374,0.11757425742574257,0.4087363494539782,938.05,972.7273590087891,-0.03736474601567075,-0.07168232533301155,-0.3159090909090909,0.37514963345457475,2132400.0,1321115.0,1.614091127570272,1279155355.0,302,False,jpx_liquidity,JPX流動性
503,2585,ライフドリンク　カンパニー,食料品,プライム,2585.T,2026-09-08,1491.0,-0.009302325581395321,-0.053333333333333344,-0.015191545574636756,-0.0847145488029466,0.5619065935695995,1579.75,1542.9666666666667,-0.0561797752808989,-0.033679707921968505,-0.17578772802653397,0.8221771970044918,645100.0,777875.0,0.8293106218865499,1278909755.0,302,False,jpx_liquidity,JPX流動性
504,9404,日本テレビホールディングス,情報・通信業,プライム,9404.T,2026-09-08,2994.0,0.0050352467270895485,-0.02729044834307992,0.03419689119170988,0.05739007593148515,-0.053320827688424166,2984.325,2900.575,0.0032419391319644664,0.032209130948174236,-0.07047500776156468,0.16540007406009138,343500.0,432085.0,0.794982468727218,1274811590.0,302,False,jpx_liquidity,JPX流動性
505,6055,ジャパンマテリアル,サービス業,プライム,6055.T,2026-09-08,2196.0,-0.018766756032171594,0.03292568203198498,0.0009115770282588365,-0.03131892368769296,0.2414911089406233,2149.85,2332.616666666667,0.02146661394981053,-0.05856798873939861,-0.1920529801324503,0.4616713164075628,829000.0,586365.0,1.4137951617166782,1265903785.0,302,False,jpx_liquidity,JPX流動性
506,9072,ニッコンホールディングス,陸運業,プライム,9072.T,2026-09-08,5112.0,-0.0015625000000000222,-0.06919155134741439,-0.045912653975363926,-0.1408403361344538,0.31622308960109846,5369.35,5499.466666666666,-0.047929451423356695,-0.07045531687921247,-0.21426375653243157,0.3573707830967887,126200.0,238945.0,0.5281550147523488,1262664425.0,302,False,jpx_liquidity,JPX流動性
507,3116,トヨタ紡織,輸送用機器,プライム,3116.T,2026-09-08,2201.0,-0.043874891398783644,-0.06260647359454852,-0.013667936365673317,0.020398701900788074,-0.16903296309890115,2257.275,2229.358333333333,-0.02493050248640516,-0.012720401610328724,-0.17271857681801395,0.2851934176209638,617700.0,557070.0,1.1088373094943185,1256751040.0,302,False,jpx_liquidity,JPX流動性
508,4626,太陽ホールディングス,化学,プライム,4626.T,2026-09-08,4710.0,-0.0025412960609910717,-0.008421052631578996,-0.02423865755127408,-0.0982194141298105,-0.07647058823529407,4764.5,4877.216666666666,-0.011438765872599399,-0.034285265161482004,-0.12696941612604262,0.07632982965312678,205600.0,259295.0,0.7929192618446171,1235992340.0,302,False,jpx_liquidity,JPX流動性
509,4480,メドレー,情報・通信業,プライム,4480.T,2026-09-08,2470.0,0.017717346518335342,-0.05617118838364543,0.1886429258902791,0.21197252208047113,0.3194444444444444,2649.1,2246.0833333333335,-0.06760786682269448,0.09969205654287094,-0.1652585332882731,0.909242844713878,288500.0,447660.0,0.6444623151498905,1235190135.0,302,False,jpx_liquidity,JPX流動性
510,2685,アンドエスティＨＤ,小売業,プライム,2685.T,2026-09-08,3205.0,-0.012326656394452962,-0.04754829123328386,-0.06966618287373005,-0.0683139534883721,0.08754665761791647,3394.498254394531,3427.416084798177,-0.05582511469823437,-0.06489322547812981,-0.11218836565096957,0.1702068795463097,222900.0,357415.0,0.6236447826756012,1235105050.0,302,False,jpx_liquidity,JPX流動性
511,1719,安藤・間,建設業,プライム,1719.T,2026-09-08,1911.0,0.004731861198738141,-0.024502297090352232,0.02741935483870961,0.09638554216867479,0.012511753416332816,1905.9,1839.4166666666667,0.0026759011490633533,0.038916323109681406,-0.07502420135527588,0.15807833151955103,596400.0,655800.0,0.909423604757548,1234167947.5,302,False,jpx_liquidity,JPX流動性
512,8343,秋田銀行,銀行業,プライム,8343.T,2026-09-08,9000.0,-0.025974025974025983,0.018099547511312153,0.139240506329114,0.4173228346456692,0.8356435732307954,8702.5,7609.5,0.0341855788566503,0.18273211117681853,-0.025974025974025983,0.3820764773306417,136700.0,138310.0,0.9883594823223194,1231133650.0,302,False,jpx_liquidity,JPX流動性
513,6266,タツモ,機械,プライム,6266.T,2026-09-08,3475.0,-0.05442176870748294,0.00870827285921627,-0.004297994269340966,-0.060810810810810856,0.4687235841081996,3609.75,4210.416666666667,-0.03732945494840367,-0.17466600692726375,-0.35288640595903165,0.6135503887284641,207100.0,346545.0,0.5976135855372318,1224803725.0,302,False,jpx_liquidity,JPX流動性
514,8698,マネックスグループ,証券、商品先物取引業,プライム,8698.T,2026-09-08,725.0,-0.0095628415300546,-0.024226110363391617,0.04617604617604609,0.1399371069182389,0.03226613806594347,720.75,698.6833333333333,0.00589663544918495,0.03766608620977552,-0.05598958333333337,0.2897876544928605,1050200.0,1732605.0,0.6061393104602607,1222792320.0,302,False,jpx_liquidity,JPX流動性
515,8012,長瀬産業,卸売業,プライム,8012.T,2026-09-08,1112.5,-0.024550635686102606,-0.061973018549747017,-0.1128389154704944,-0.03804582792909639,0.017506252232940334,1187.925,1186.825,-0.06349306563966572,-0.06262507109304238,-0.1257367387033399,0.207640212070173,776000.0,1025325.0,0.7568331992295126,1222408060.0,302,False,jpx_liquidity,JPX流動性
516,6875,メガチップス,電気機器,プライム,6875.T,2026-09-08,10530.0,-0.0572963294538944,-0.02859778597785978,-0.07306338028169013,-0.06149732620320858,0.2402982360345498,10944.5,10411.5,-0.03787290419845579,0.011381645296066889,-0.1967963386727689,0.4072177049141004,99300.0,113355.0,0.8760089982797407,1221979300.0,302,False,jpx_liquidity,JPX流動性
517,6005,三浦工業,機械,プライム,6005.T,2026-09-08,3184.0,-0.012100527458889232,-0.01698054955233097,0.047713063507732745,0.021167415009621493,0.04660959413100274,3173.5,3179.2,0.0033086497557901495,0.0015098137896327746,-0.07576197387518147,0.29117922874445595,278400.0,436205.0,0.6382320239337009,1215997720.0,302,False,jpx_liquidity,JPX流動性
518,1951,エクシオグループ,建設業,プライム,1951.T,2026-09-08,2606.5,-0.005911517925247911,-0.029959062151097893,0.00987989151491675,-0.03462962962962968,-0.025403516561722017,2615.175,2664.366666666667,-0.003317177626736334,-0.021718732406700858,-0.12884358288770048,0.19697146515220904,286200.0,517805.0,0.5527177219223453,1209345215.0,302,False,jpx_liquidity,JPX流動性
519,8282,ケーズホールディングス,小売業,プライム,8282.T,2026-09-08,1863.5,-0.007985094490284839,-0.05141257317383563,-0.04165595268706612,-0.08651960784313728,0.17007043818838197,1930.05,1900.3083333333334,-0.03448097199554412,-0.019369663694926764,-0.12859480944587331,0.17122690098035306,498900.0,642365.0,0.7766612439967931,1199188415.0,302,False,jpx_liquidity,JPX流動性
520,3291,飯田グループホールディングス,不動産業,プライム,3291.T,2026-09-08,2255.0,-0.017429193899782147,-0.05628792634442348,-0.017000871839581544,0.039649608114338486,-0.07229272404332399,2328.925,2256.825,-0.03174211277735439,-0.000808658181294386,-0.09090909090909094,0.16483660061071637,350500.0,553350.0,0.6334146561850547,1197844962.5,302,False,jpx_liquidity,JPX流動性
521,8020,兼松,卸売業,プライム,8020.T,2026-09-08,2251.0,-0.012719298245614019,-0.025330158042866424,0.02527897973126847,0.07858169621466216,0.04654678344584551,2218.025,2138.425,0.014866829724642372,0.05264388510235318,-0.04416135881104033,0.2290782987139189,349800.0,555830.0,0.6293291114189591,1196505865.0,302,False,jpx_liquidity,JPX流動性
522,1961,三機工業,建設業,プライム,1961.T,2026-09-08,2420.0,-0.022222222222222254,-0.01944894651539708,0.021097046413502074,-0.020242914979757054,0.09971723579153391,2424.25,2572.55,-0.0017531195215014783,-0.05929913898660866,-0.22560000000000002,0.3314501986536924,276300.0,528250.0,0.523047799337435,1193463310.0,302,False,jpx_liquidity,JPX流動性
523,3186,ネクステージ,小売業,プライム,3186.T,2026-09-08,3050.0,-0.06441717791411039,-0.08955223880597019,-0.13229018492176392,-0.14685314685314688,-0.0286624203821656,3400.0,3585.4166666666665,-0.1029411764705882,-0.14933178384660073,-0.27981109799291615,0.4138885569563446,562000.0,345335.0,1.6274052731405737,1189906575.0,302,False,jpx_liquidity,JPX流動性
524,6235,オプトラン,機械,プライム,6235.T,2026-09-08,2450.0,-0.05332302936630606,-0.07790741437711701,-0.23794712286158637,-0.3544137022397892,-0.14035087719298245,2766.8,3254.62431640625,-0.11450050599971096,-0.2472249446273156,-0.49170124481327804,0.48548564339476247,257400.0,492535.0,0.522602454647893,1189754150.0,302,False,jpx_liquidity,JPX流動性
525,1414,ショーボンドホールディングス,建設業,プライム,1414.T,2026-09-08,1267.0,0.009159697331740269,-0.01706749418153608,-0.03393061380099127,-0.001969279243796751,-0.09596860506600069,1269.3,1271.4545776367188,-0.0018120223745371478,-0.003503528726129246,-0.1289102784462014,0.13034965863754902,1002900.0,940265.0,1.0666141991885267,1187926575.0,302,False,jpx_liquidity,JPX流動性
526,2175,エス・エム・エス,サービス業,プライム,2175.T,2026-09-08,2532.0,-0.014018691588784993,0.02220427937020597,0.10374891020052313,0.2547076313181367,0.5553248887071616,2401.35,2306.1,0.05440689612093208,0.0979575907376089,-0.014018691588784993,0.24824550982165308,411300.0,491485.0,0.8368515824491083,1186581245.0,302,False,jpx_liquidity,JPX流動性
527,5901,東洋製罐グループホールディングス,金属製品,プライム,5901.T,2026-09-08,4508.0,-0.004856512141280356,-0.013566739606126865,0.043277019208516565,0.14619883040935666,0.21105818563299006,4457.75,4221.783333333334,0.01127250294431037,0.06779520502789094,-0.01442938347179712,0.1820167870986255,234700.0,261120.0,0.8988204656862745,1180652180.0,302,False,jpx_liquidity,JPX流動性
528,6136,オーエスジー,機械,プライム,6136.T,2026-09-08,3425.0,-0.060871949547573356,-0.07432432432432434,-0.11976355692624008,0.015717674970344042,0.34707370016433203,3715.25,3749.1666666666665,-0.07812394859026983,-0.08646365859079796,-0.16483784442818827,0.34226557660849816,483500.0,308975.0,1.5648515252043045,1178647045.0,302,False,jpx_liquidity,JPX流動性
529,7380,十六フィナンシャルグループ,銀行業,プライム,7380.T,2026-09-08,2572.0,-0.026495079485238437,-0.03308270676691727,0.09446808510638305,0.17068730086481576,0.4409791353779404,2576.7,2450.483333333333,-0.0018240384988550407,0.04958885662012258,-0.03453453453453459,0.35240900211797177,218300.0,470735.0,0.46374287019235877,1176458110.0,302,False,jpx_liquidity,JPX流動性
530,7004,カナデビア,機械,プライム,7004.T,2026-09-08,1142.0,-0.042749371332774566,-0.04912572855953368,-0.08931419457735246,-0.11197511664074655,0.16793151557715125,1193.95,1245.6166666666666,-0.043511034800452264,-0.08318503552457279,-0.21403991741225048,0.4161160869597685,1150000.0,996715.0,1.1537902008096597,1174548130.0,302,False,jpx_liquidity,JPX流動性
531,8086,ニプロ,精密機器,プライム,8086.T,2026-09-08,1460.0,0.002403020940610956,-0.059884095299420514,-0.1262716935966487,-0.13532721350310928,-0.011520846062623491,1549.975,1585.8,-0.058049323376183404,-0.07932904527683182,-0.16547585024292655,0.21230613215550445,767900.0,761560.0,1.0083250170702243,1165621785.0,302,False,jpx_liquidity,JPX流動性
532,3687,フィックスターズ,情報・通信業,プライム,3687.T,2026-09-08,2235.0,0.00494604316546754,0.018687329079307258,0.018223234624145768,0.010397830018083143,0.5060646900269541,2197.15,2269.5333333333333,0.017226862071319626,-0.015216050289339922,-0.3851444291609354,0.5095234701145666,656900.0,532870.0,1.232758458911179,1161739505.0,302,False,jpx_liquidity,JPX流動性
533,6490,ＰＩＬＬＡＲ,機械,プライム,6490.T,2026-09-08,9160.0,-0.06815869786368256,-0.0653061224489796,-0.0867397806580259,-0.009729729729729741,0.24113854306374316,9953.5,10063.0,-0.07972070126086306,-0.08973467156911463,-0.1893805309734513,0.5252359683770232,74200.0,124150.0,0.5976641159887233,1160660250.0,302,False,jpx_liquidity,JPX流動性
534,3401,帝人,繊維製品,プライム,3401.T,2026-09-08,1622.0,-0.0481220657276995,-0.11123287671232873,-0.0807594219325588,-0.010070186145865079,0.05581530504317489,1746.1,1695.3916666666667,-0.07107267624992841,-0.043288915540656725,-0.11123287671232873,0.2896460671883383,675200.0,674605.0,1.0008819976134182,1158085200.0,302,False,jpx_liquidity,JPX流動性
535,6523,ＰＨＣホールディングス,電気機器,プライム,6523.T,2026-09-08,1290.0,-0.06386066763425258,-0.18867924528301883,-0.017517136329017524,0.20560747663551404,0.3357110079987724,1461.45,1203.3833333333334,-0.11731499538129941,0.07197761865850438,-0.1927409261576971,0.508329766719496,717100.0,825805.0,0.8683648076725135,1156149145.0,302,False,jpx_liquidity,JPX流動性
536,8111,ゴールドウイン,繊維製品,プライム,8111.T,2026-09-08,2107.5,0.0016634980988592396,-0.009167842031029605,-0.007067137809187329,-0.02924919391985259,-0.08385358162612933,2134.55,2206.05,-0.012672460237520888,-0.044672604882029066,-0.13128606760098926,0.1733369632504475,501500.0,549200.0,0.9131463947560088,1147372890.0,302,False,jpx_liquidity,JPX流動性
537,2157,コシダカホールディングス,サービス業,プライム,2157.T,2026-09-08,999.0,-0.003988035892322994,-0.021547502448579836,-0.020588235294117685,0.02883625128733258,-0.07069767441860464,1024.7877532958985,1009.3125844319661,-0.025163994410511314,-0.010217433717791158,-0.12445223488168278,0.18865823572329612,657800.0,1119350.0,0.5876624826908474,1146235150.0,302,False,jpx_liquidity,JPX流動性
538,5384,フジミインコーポレーテッド,ガラス・土石製品,プライム,5384.T,2026-09-08,3285.0,-0.03665689149560114,-0.057388809182209455,-0.16624365482233505,-0.20747889022919175,0.1528189159713882,3641.5,4037.3333333333335,-0.09789921735548535,-0.18634412153236468,-0.35461689587426326,0.3776781883665729,278100.0,316075.0,0.8798544649213004,1145305850.0,302,False,jpx_liquidity,JPX流動性
539,9008,京王電鉄,陸運業,プライム,9008.T,2026-09-08,785.4000244140625,0.016699060730178017,-0.0012716174579789907,0.04330504403522828,0.06178181891693746,0.03147085744782352,776.7500061035156,767.5850016276041,0.011136167676314201,0.02320918562593466,-0.06588958632638264,0.11067857933496675,1279300.0,1530595.0,0.8358187502245858,1144906503.4927368,302,False,jpx_liquidity,JPX流動性
540,6849,日本光電工業,電気機器,プライム,6849.T,2026-09-08,1490.0,-0.008319467554076532,-0.02646194054230644,-0.01650165016501648,0.10288675055514429,-0.0015494450643933622,1501.7,1496.2166666666667,-0.007791170007325099,-0.004154924086306577,-0.10186859553948158,0.24393690380464636,475900.0,797600.0,0.5966649949849548,1143460597.5,302,False,jpx_liquidity,JPX流動性
541,2726,パルグループホールディングス,小売業,プライム,2726.T,2026-09-08,1544.0,0.02319416832339294,0.02251655629139071,0.028647568287808234,0.08426966292134841,0.020489094514210215,1508.55,1472.6333333333334,0.02349938682841146,0.04846193893026096,-0.02648171500630514,0.3194160708488684,1566600.0,700625.0,2.2360035682426407,1142195305.0,302,True,jpx_liquidity,JPX流動性
542,4967,小林製薬,化学,プライム,4967.T,2026-09-08,5913.0,0.04580827732578707,0.031037489102005322,0.0526971693074596,0.07100163013946759,0.04896221394358702,5647.95,5561.3332112630205,0.046928531591108325,0.06323425973195973,-0.033349681216282456,0.18761189076771911,433800.0,192620.0,2.252102585401308,1133153010.0,302,True,jpx_liquidity,JPX流動性
543,4681,リゾートトラスト,サービス業,プライム,4681.T,2026-09-08,1795.0,-0.0002784739626845445,-0.050264550264550234,0.024835854981444472,0.04390811282349527,-0.03141780784426529,1848.95,1779.8416666666667,-0.029178723059033573,0.008516675172417054,-0.058730991085474527,0.36940676601235933,451600.0,598745.0,0.7542442943156101,1127043397.5,302,False,jpx_liquidity,JPX流動性
544,5202,日本板硝子,ガラス・土石製品,プライム,5202.T,2026-09-08,493.0,0.0,0.00203252032520318,0.022821576763485396,0.04670912951167727,0.0,488.45,482.8833333333333,0.009315180673559187,0.02095054015807829,0.0,0.06986934010537726,2652400.0,2275495.0,1.1656364878850536,1126151200.0,302,False,jpx_liquidity,JPX流動性
545,6264,マルマエ,機械,プライム,6264.T,2026-09-08,1933.0,-0.04731394775751607,-0.010240655401945742,-0.05845104724792982,-0.1650107991360691,0.1437869822485207,2038.245703125,2239.748567708333,-0.051635434807314584,-0.13695669778782016,-0.3774557165861514,0.49497959645231043,409100.0,546400.0,0.748718887262079,1122540930.0,302,False,jpx_liquidity,JPX流動性
546,4587,ペプチドリーム,医薬品,プライム,4587.T,2026-09-08,1096.0,0.006890215893431417,-0.0018214936247723523,0.10461599124764964,0.1753351206434317,-0.20723327305605788,1075.725,1016.2166676839192,0.018847753840433246,0.0785101591552484,-0.1851301115241636,0.37186874815020937,829800.0,1046250.0,0.7931182795698924,1117700162.5,302,False,jpx_liquidity,JPX流動性
547,6544,ジャパンエレベーターサービスホールディングス,サービス業,プライム,6544.T,2026-09-08,1473.0,0.0010193679918450993,-0.020611702127659615,0.004432321854756172,-0.08905380333951762,-0.15038104586470347,1525.475,1643.1333333333334,-0.03439912158507996,-0.10354201322676193,-0.2212529738302934,0.21415750374263667,508700.0,788170.0,0.6454191354656991,1113135695.0,302,False,jpx_liquidity,JPX流動性
548,4483,ＪＭＤＣ,情報・通信業,プライム,4483.T,2026-09-08,3500.0,-0.02506963788300831,0.010101010101010166,0.020408163265306145,0.3318112633181127,0.021528703168028684,3452.75,3193.45,0.013684744044602182,0.0959933614116395,-0.06291834002677377,0.3436502584118438,261600.0,326530.0,0.8011515021590665,1112925600.0,302,False,jpx_liquidity,JPX流動性
549,2433,博報堂ＤＹホールディングス,サービス業,プライム,2433.T,2026-09-08,1301.5,0.0019245573518091863,-0.05517241379310345,0.0445425361155698,0.13321723987810197,0.27462527601779074,1317.5,1241.5583333333334,-0.012144212523719111,0.0482793800801411,-0.06535008976660683,0.2884962943035936,690900.0,842010.0,0.8205365731998432,1111841382.5,302,False,jpx_liquidity,JPX流動性
550,3543,コメダホールディングス,卸売業,プライム,3543.T,2026-09-08,2878.0,0.008762705923589298,-0.018082565677243312,0.008409250175192673,0.05036496350364961,-0.017076502732240484,2913.8859008789063,2846.628633626302,-0.012315479088622627,0.011020533554366052,-0.09067930489731435,0.12371579888654842,186200.0,380465.0,0.48940112756758175,1110928775.0,302,False,jpx_liquidity,JPX流動性
551,9744,メイテックグループホールディングス,サービス業,プライム,9744.T,2026-09-08,3298.0,-0.014050822122571027,-0.03426061493411425,-0.007821901323706415,0.08237610764686587,0.028722438002044104,3355.4,3243.85,-0.017106753293198995,0.016693126994158147,-0.0365176745544844,0.11187622519100754,293600.0,331300.0,0.8862058557198913,1108635455.0,302,False,jpx_liquidity,JPX流動性
552,8628,松井証券,証券、商品先物取引業,プライム,8628.T,2026-09-08,1206.0,0.013445378151260456,-0.004950495049504955,0.09936189608021873,0.26680672268907557,0.3205346162169269,1146.9,1065.7166666666667,0.05153021187549034,0.13163286051639744,-0.004950495049504955,0.24227210017220738,1297200.0,914935.0,1.4178056364659783,1093431070.0,302,False,jpx_liquidity,JPX流動性
553,8242,エイチ・ツー・オー　リテイリング,小売業,プライム,8242.T,2026-09-08,2855.0,-0.002445842068483528,-0.05306799336650081,0.012411347517730542,0.08679101636848108,0.26867028554541594,2928.275,2841.141666666667,-0.02502326454994841,0.004877734009508972,-0.0627051871306632,0.1773286495538422,223700.0,385000.0,0.581038961038961,1090952655.0,302,False,jpx_liquidity,JPX流動性
554,6472,ＮＴＮ,機械,プライム,6472.T,2026-09-08,370.0,-0.07175114316503106,-0.038461507958600816,-0.03846150795860093,-0.1010690123582102,0.1271874413415175,379.7850006103516,392.9816650390625,-0.025764578892336742,-0.058480247511746075,-0.22820190923929562,0.39008327126004155,4372200.0,2811210.0,1.5552733520441375,1090465972.638855,302,True,jpx_liquidity,JPX流動性
555,5947,リンナイ,金属製品,プライム,5947.T,2026-09-08,3491.0,-0.006545247581104197,-0.05341648590021697,-0.03643389456251722,0.002296870513924798,-0.07450611238271732,3594.45,3580.8333333333335,-0.02878048101934927,-0.025087270188503652,-0.07669928590320019,0.1478759678550432,246100.0,308820.0,0.7969043455734732,1087607560.0,302,False,jpx_liquidity,JPX流動性
556,7456,松田産業,卸売業,プライム,7456.T,2026-09-08,7210.0,-0.02170963364993217,0.011220196353436185,0.052554744525547425,0.19173553719008263,0.009139545419473816,6966.5,6176.0,0.034952989305964355,0.16742227979274604,-0.07207207207207211,0.5310230736434237,136700.0,160425.0,0.8521115786192925,1086375900.0,302,False,jpx_liquidity,JPX流動性
557,3097,物語コーポレーション,小売業,プライム,3097.T,2026-09-08,5890.0,0.017271157167530138,0.024347826086956514,0.08272058823529416,0.2452431289640591,0.2020408163265306,5716.5,5229.591951497396,0.030350739088603085,0.12628290211313886,0.0,0.35609671751146177,201300.0,193440.0,1.0406327543424319,1080305950.0,302,False,jpx_liquidity,JPX流動性
558,9722,藤田観光,サービス業,プライム,9722.T,2026-09-08,2817.0,-0.02761477390403866,-0.06721854304635766,0.1992337164750957,0.6033010813887307,0.345272206303725,2685.85,2180.633333333333,0.04882997933615063,0.2918265335758725,-0.07182866556836898,0.40853486410900364,189200.0,415785.0,0.4550428707144317,1076227175.0,302,False,jpx_liquidity,JPX流動性
559,3660,アイスタイル,情報・通信業,プライム,3660.T,2026-09-08,508.0,-0.021194605009633882,-0.046904315196998114,0.15192743764172345,0.3692722371967656,0.12638580931263865,518.8,440.5830591837565,-0.02081727062451799,0.15301755119941074,-0.09285714285714286,0.8162803665792028,902700.0,2030330.0,0.4446075268552403,1075478470.0,302,False,jpx_liquidity,JPX流動性
560,8570,イオンフィナンシャルサービス,その他金融業,プライム,8570.T,2026-09-08,1600.0,-0.010207237859573115,-0.04449089280382201,-0.014171287738755423,0.05995362702881746,0.023017902813299296,1650.260675048828,1567.995225016276,-0.030456203561501582,0.02041127069337323,-0.058229242200458,0.177755651049669,471400.0,647270.0,0.7282895854898265,1068265970.0,302,False,jpx_liquidity,JPX流動性
561,5074,テスホールディングス,建設業,プライム,5074.T,2026-09-08,594.0,-0.03883495145631066,-0.06750392464678179,-0.2325581395348837,-0.28519855595667865,-0.12389380530973448,644.4,769.0326039632162,-0.07821229050279321,-0.22760101855393922,-0.5550561797752809,0.8742883013795615,707100.0,1655555.0,0.42710752587500866,1055263695.0,302,False,jpx_liquidity,JPX流動性
562,4206,アイカ工業,化学,プライム,4206.T,2026-09-08,4173.0,-0.007609988109393617,-0.005955216769890415,-0.007845934379457908,0.1953594958464624,0.1535885945380886,4123.1,3849.383333333333,0.012102544202177823,0.084069742772652,-0.007845934379457908,0.16035594451069224,235900.0,264685.0,0.8912480873491131,1053062185.0,302,False,jpx_liquidity,JPX流動性
563,1979,大氣社,建設業,プライム,1979.T,2026-09-08,3810.0,-0.02182284980744542,-0.06388206388206386,-0.055762081784386575,-0.155210643015521,0.11784195165055067,3955.0,4390.083333333333,-0.036662452591656125,-0.13213492530513837,-0.23262839879154074,0.2915244670550354,151400.0,283255.0,0.5345007149035321,1052456975.0,302,False,jpx_liquidity,JPX流動性
564,4023,クレハ,化学,プライム,4023.T,2026-09-08,4410.0,-0.018909899888765347,-0.05567451820128477,-0.02970297029702973,0.17131474103585664,0.011297778850720919,4516.75,4248.75,-0.02363425029058508,0.037952338923212814,-0.05567451820128477,0.21570091215839066,210100.0,258990.0,0.8112282327502992,1051471225.0,302,False,jpx_liquidity,JPX流動性
565,7717,ブイ・テクノロジー,精密機器,プライム,7717.T,2026-09-08,5640.0,-0.061564059900166335,-0.001769911504424737,0.010752688172043001,-0.07843137254901966,0.26731519170430973,5601.0,6515.083333333333,0.006963042313872458,-0.13431652191708976,-0.3987206823027718,0.5638548087674925,211000.0,194990.0,1.0821067747063953,1049144350.0,302,False,jpx_liquidity,JPX流動性
566,5232,住友大阪セメント,ガラス・土石製品,プライム,5232.T,2026-09-08,5497.0,-0.008656447249774546,-0.042000697107005935,-0.04731369150779896,-0.022060131649172754,0.40359939703550984,5635.85,5726.166666666667,-0.02463692255826544,-0.040020956428093335,-0.1373195229127433,0.3606559819482339,181200.0,188280.0,0.9623964308476737,1048875705.0,302,False,jpx_liquidity,JPX流動性
567,9076,セイノーホールディングス,陸運業,プライム,9076.T,2026-09-08,2672.5,-0.016921096192753393,-0.052304964539007126,-0.026056851311953344,-0.013473606496862356,0.09805172495943704,2770.475,2697.758333333333,-0.03536397188207796,-0.009362711634041787,-0.05465157410682697,0.17614280500770108,198800.0,395085.0,0.5031828593846893,1047153487.5,302,False,jpx_liquidity,JPX流動性
568,2531,宝ホールディングス,食料品,プライム,2531.T,2026-09-08,2435.0,-0.006122448979591799,0.11390667886550787,0.21234752302713478,0.12367328103368713,0.7732284245720187,2183.075,2163.075,0.11539915028114023,0.12571223836436562,-0.00915564598168872,0.380929363213498,372100.0,492020.0,0.7562700703223446,1045911777.5,302,False,jpx_liquidity,JPX流動性
569,9006,京浜急行電鉄,陸運業,プライム,9006.T,2026-09-08,1561.5,0.011661807580174877,-0.0022364217252396346,0.038231382978723305,0.04939516129032251,0.06832425330388325,1552.675,1533.7416666666666,0.0056837393530519975,0.018098441175991242,-0.05449591280653954,0.14018143587497037,698000.0,668465.0,1.0441833155064215,1028949427.5,302,False,jpx_liquidity,JPX流動性
570,5832,ちゅうぎんフィナンシャルグループ,銀行業,プライム,5832.T,2026-09-08,3438.0,-0.027989821882951627,-0.03589455973079081,0.03647874585468802,0.10939012584704733,0.2359768625077412,3487.3,3319.5,-0.014137011441516356,0.03569814731134202,-0.03805260212646899,0.2822973435068638,445600.0,283395.0,1.5723636620265,1025291565.0,302,False,jpx_liquidity,JPX流動性
571,8876,リログループ,サービス業,プライム,8876.T,2026-09-08,2247.5,0.0006678539626001623,-0.006629834254143652,0.038346038346038336,0.2376101321585904,0.2131168150201641,2191.925,2055.0583333333334,0.02535442590417092,0.09364292173377065,-0.019415357766143115,0.16984662770717476,464200.0,469460.0,0.9887956375410045,1022241187.5,302,False,jpx_liquidity,JPX流動性
572,3964,オークネット,情報・通信業,プライム,3964.T,2026-09-08,1325.0,-0.021418020679468297,-0.05559515324305064,-0.10108548168249665,-0.04813218390804597,0.04867431737237826,1424.7,1401.1245910644532,-0.06997964483750974,-0.05433106488168926,-0.1708385481852316,0.2800760524571314,329000.0,723920.0,0.4544701071941651,1016822010.0,302,False,jpx_liquidity,JPX流動性
573,6457,グローリー,機械,プライム,6457.T,2026-09-08,4403.0,-0.03906591008293325,-0.08632496368541187,-0.06099381531243331,0.12206931702344548,0.12268379043778088,4766.9,4411.566666666667,-0.07633892047242441,-0.0019418649459375104,-0.10598984771573605,0.3051543120184518,138300.0,221250.0,0.6250847457627119,1013626365.0,302,False,jpx_liquidity,JPX流動性
574,8022,美津濃,その他製品,プライム,8022.T,2026-09-08,4045.0,-0.012210012210012167,-0.013414634146341475,-0.061484918793503485,0.20386904761904767,0.1561734162429318,4102.5,3747.25,-0.014015843997562505,0.07945826939755829,-0.061484918793503485,0.28789000119545816,143600.0,282445.0,0.5084175680220928,1006261650.0,302,False,jpx_liquidity,JPX流動性
575,8522,名古屋銀行,銀行業,プライム,8522.T,2026-09-08,6980.0,-0.023776223776223793,-0.038567493112947604,0.08722741433021808,0.16917922948073705,0.3273624013278973,6999.0,6551.333333333333,-0.0027146735247892684,0.06543197313523974,-0.0398899587345255,0.358979602592854,74300.0,146225.0,0.5081210463327065,1000226300.0,302,False,jpx_liquidity,JPX流動性
576,6058,ベクトル,サービス業,プライム,6058.T,2026-09-08,2017.0,-0.018491484184914864,0.0,0.12493028443948684,0.37024456521739135,0.5131282820705176,1943.5,1820.9166666666667,0.03781836892204793,0.10768385886229459,-0.07815356489945158,0.5510760032738165,585800.0,490855.0,1.193427794358823,995021470.0,302,False,jpx_liquidity,JPX流動性
577,8381,山陰合同銀行,銀行業,プライム,8381.T,2026-09-08,2550.0,-0.030049448459490313,-0.03518728717366626,0.046798029556650356,0.1811023622047243,0.5356846200629533,2587.35,2438.616666666667,-0.01443561945620031,0.045674801971062884,-0.03555219364599094,0.26283334942784814,387700.0,383170.0,1.0118224286870057,993762520.0,302,False,jpx_liquidity,JPX流動性
578,9533,東邦瓦斯,電気・ガス業,プライム,9533.T,2026-09-08,1279.5,0.01146245059288531,0.010264508487958901,0.13380593708462563,-0.0003906249999999778,0.016691955450742535,1220.5,1208.0083333333334,0.04834084391642768,0.059181435006656846,-0.0553709856035437,0.1974554476103428,616300.0,842475.0,0.7315350603875486,988927930.0,302,False,jpx_liquidity,JPX流動性
579,4776,サイボウズ,情報・通信業,プライム,4776.T,2026-09-08,3000.0,0.0033444816053511683,-0.05213270142180093,0.09090909090909083,0.3083296990841693,0.39534883720930236,3029.75,2683.9666666666667,-0.00981929202079379,0.11774860591909975,-0.10313901345291476,0.5817203180305078,238400.0,320275.0,0.7443603153539926,980983100.0,302,False,jpx_liquidity,JPX流動性
580,8360,山梨中央銀行,銀行業,プライム,8360.T,2026-09-08,7000.0,-0.03978052126200271,-0.04240766073871405,0.0159651669085632,0.14379084967320255,0.47216891166606567,7258.5,6739.0,-0.03561341875043056,0.038729781866745805,-0.07773386034255603,0.3645549319299562,110100.0,133480.0,0.8248426730596344,978693700.0,302,False,jpx_liquidity,JPX流動性
581,4092,日本化学工業,化学,プライム,4092.T,2026-09-08,5100.0,-0.052044609665427455,-0.04672897196261683,-0.09252669039145911,0.10629067245119317,0.6871062956275489,5380.5,5155.166666666667,-0.05213270142180093,-0.010701238239953503,-0.16530278232405893,0.5969997921706202,113300.0,192145.0,0.5896588513882745,974318850.0,302,False,jpx_liquidity,JPX流動性
582,7240,ＮＯＫ,輸送用機器,プライム,7240.T,2026-09-08,2926.0,-0.04938271604938271,-0.05704157267160814,-0.04628422425032597,0.017208413001912115,-0.016108136605930246,3045.35,2988.85,-0.039190897597977226,-0.021028154641417274,-0.06037251123956322,0.2684026966034387,559700.0,303175.0,1.8461284736538304,967556497.5,302,False,jpx_liquidity,JPX流動性
583,2784,アルフレッサ　ホールディングス,卸売業,プライム,2784.T,2026-09-08,2284.5,-0.002837189000436502,-0.020368782161234944,0.03959044368600684,0.03581954205395599,-0.029592853262780272,2297.925,2261.1666666666665,-0.005842227226737218,0.010319156777474747,-0.1277205040091638,0.12094611388639677,583800.0,417275.0,1.399077347073273,964235245.0,302,False,jpx_liquidity,JPX流動性
584,1885,東亜建設工業,建設業,プライム,1885.T,2026-09-08,2104.0,-0.015902712815715647,-0.024118738404452666,0.048853439680957234,-0.003315963998105187,-0.3569792503429624,2091.05,2088.45,0.0061930609024174466,0.007445713328066317,-0.3766063465758315,0.3068397565430645,317300.0,464430.0,0.683203066124066,962279190.0,302,False,jpx_liquidity,JPX流動性
585,2810,ハウス食品グループ本社,食料品,プライム,2810.T,2026-09-08,3854.0,0.0039072675175826355,-0.03698150924537735,0.027733333333333388,0.09302325581395343,0.3075422719419003,3815.8,3798.5333333333333,0.010011006866187833,0.014602127136789544,-0.06205889510829887,0.2692921043388175,217400.0,246795.0,0.8808930488867278,954146915.0,302,False,jpx_liquidity,JPX流動性
586,7164,全国保証,その他金融業,プライム,7164.T,2026-09-08,3162.0,-0.0025236593059937418,-0.018926466025442124,0.022969912649627888,0.1032798325191906,0.027839445163360788,3179.35,3087.5666666666666,-0.0054570902857502546,0.024107441674673602,-0.03095311063438555,0.07628736853507795,211000.0,302145.0,0.6983402008969204,951515920.0,302,False,jpx_liquidity,JPX流動性
587,6498,キッツ,機械,プライム,6498.T,2026-09-08,1896.0,-0.024691358024691357,-0.004201680672268893,-0.0627780523974295,-0.16069057104913675,0.024864864864864833,1957.25,2244.1305135091147,-0.03129390726785031,-0.15512935251022808,-0.29049779708516343,0.3158380002500849,473400.0,487935.0,0.9702111961634234,936343690.0,302,False,jpx_liquidity,JPX流動性
588,4272,日本化薬,化学,プライム,4272.T,2026-09-08,2013.0,-0.028709288299155644,-0.04822695035460989,-0.019483682415976644,-0.0368421052631579,0.13597900327557166,2088.1,2036.3833333333334,-0.03596571045448016,-0.011482775836245684,-0.07681724375143317,0.2297457719077347,639100.0,437685.0,1.4601825513782742,927604657.5,302,False,jpx_liquidity,JPX流動性
589,7350,おきなわフィナンシャルグループ,銀行業,プライム,7350.T,2026-09-08,7640.0,-0.03535353535353536,-0.025510204081632626,0.024128686327077764,0.1808346213292118,0.4379227080887471,7776.5,7179.166666666667,-0.017552883688034426,0.06419036564132319,-0.059113300492610876,0.4219010013665342,64000.0,119210.0,0.5368677124402316,925672650.0,302,False,jpx_liquidity,JPX流動性
590,9505,北陸電力,電気・ガス業,プライム,9505.T,2026-09-08,1073.5,0.00798122065727691,0.0032710280373831058,0.15928725701943836,0.24218929048432836,0.03396290925756551,1003.9499969482422,938.0700022379557,0.0692763616347154,0.14437088643592544,-0.04077044546013908,0.27824224574867457,747600.0,923910.0,0.8091697243237977,922248319.8776245,302,False,jpx_liquidity,JPX流動性
591,3863,日本製紙,パルプ・紙,プライム,3863.T,2026-09-08,1278.0,-0.010835913312693513,-0.08714285714285719,-0.08321377331420376,0.049261083743842304,0.011082296284471216,1363.75,1353.4833333333333,-0.06287809349220896,-0.05576968070041499,-0.19622641509433958,0.34205396265315463,475900.0,691385.0,0.6883285000397752,921922805.0,302,False,jpx_liquidity,JPX流動性
592,9048,名古屋鉄道,陸運業,プライム,9048.T,2026-09-08,1878.0,0.009406073636119228,-0.007137192704202988,0.010220548682087216,0.02176278563656142,0.1036529012452001,1881.25,1869.45,-0.0017275747508305184,0.004573537671507699,-0.05841062923038354,0.08660888520519014,521600.0,513575.0,1.0156257605997177,914686012.5,302,False,jpx_liquidity,JPX流動性
593,3612,ワールド,繊維製品,プライム,3612.T,2026-09-08,1580.0,-0.009404388714733591,-0.03599755948749239,-0.014962593516209433,0.025974025974025983,0.02864583333333326,1627.0405029296876,1604.1635009765625,-0.028911697554538707,-0.0150629913732937,-0.05671641791044779,0.16468526437670078,225200.0,563065.0,0.3999538241588449,908097870.0,302,False,jpx_liquidity,JPX流動性
594,2206,江崎グリコ,食料品,プライム,2206.T,2026-09-08,5081.0,0.011949810794662508,-0.022508657175836833,-0.015882239008328525,-0.06667891256429093,-0.1767660401814647,5150.15,5194.179964192708,-0.013426793394367031,-0.021789765655587767,-0.19220985691573922,0.10423425809583567,135900.0,187820.0,0.7235651155361517,906262550.0,302,False,jpx_liquidity,JPX流動性
595,8078,阪和興業,卸売業,プライム,8078.T,2026-09-08,1914.0,-0.010341261633919352,-0.017957927142124186,0.08074534161490687,0.1225806451612903,0.22965275840588828,1871.65,1769.3,0.02262709374081684,0.08178375628779744,-0.022471910112359605,0.25718375603401,567900.0,474980.0,1.1956292896543013,901326755.0,302,False,jpx_liquidity,JPX流動性
596,8273,イズミ,小売業,プライム,8273.T,2026-09-08,1002.0,-0.0029850746268657025,-0.03838771593090207,0.0020000000000000018,0.059196617336152224,0.006024096385542244,1024.3307373046875,994.0102457682292,-0.021800319458777806,0.008037899272955507,-0.07479224376731297,0.20117688129831976,359300.0,856730.0,0.4193853372707854,900084715.0,302,False,jpx_liquidity,JPX流動性
597,4887,サワイグループホールディングス,医薬品,プライム,4887.T,2026-09-08,1595.5,0.013015873015872925,-0.009006211180124235,-0.0006263701847791792,-0.06750438340151954,-0.24073867315203623,1609.275,1647.8916666666667,-0.008559755169253336,-0.031793149832867296,-0.3066058235549761,0.1810228123638104,951800.0,600295.0,1.5855537693967132,893391740.0,302,False,jpx_liquidity,JPX流動性
598,4471,三洋化成工業,化学,プライム,4471.T,2026-09-08,5810.0,-0.05065359477124187,-0.12762762762762758,-0.0950155763239875,0.12162162162162171,0.12738594849275153,6327.5,5481.75,-0.08178585539312522,0.05988051261002414,-0.12762762762762758,0.3317428657806087,105300.0,146905.0,0.7167897620911473,893362450.0,302,False,jpx_liquidity,JPX流動性
599,4544,Ｈ．Ｕ．グループホールディングス,サービス業,プライム,4544.T,2026-09-08,3476.0,-0.002582496413199409,-0.04793207340454675,-0.016968325791855254,0.024764150943396235,0.15890263463475396,3590.7,3424.6,-0.031943632160859936,0.015009052152076263,-0.057994579945799485,0.31776035128751806,215200.0,248010.0,0.8677069473005121,891125510.0,302,False,jpx_liquidity,JPX流動性
600,8544,京葉銀行,銀行業,プライム,8544.T,2026-09-08,2781.0,-0.03370396108408613,-0.018355100600070617,0.0812597200622085,0.10182250396196513,0.4031960811438555,2778.05,2662.883333333333,0.0010618959341983647,0.04435668104122725,-0.05247018739352638,0.4023379128032095,206000.0,327855.0,0.6283265467966022,888286585.0,302,False,jpx_liquidity,JPX流動性
